Specie,CellDensity,Day,N,Condition,ID,Nitrite
PY1,10^5,1.875,1,Cat-,1,0
PY1,10^5,1.875,1,Cat-,2,0
PY1,10^5,1.875,1,Cat-,3,0
PY1,10^5,1.875,1,Cat-,4,0
PY1,10^5,1.875,1,Cat-,5,0
PY1,10^5,1.875,1,Cat-,6,0
PY1,10^5,1.875,1,Cat-,7,0
PY1,10^5,1.875,1,Cat-,8,0
PY1,10^5,1.875,1,Cat-,9,0
PY1,10^5,1.875,1,Cat-,10,0
PY1,10^5,1.875,1,Cat-,11,0
PY1,10^5,1.875,1,Cat-,12,0
PY1,10^5,1.875,1,Cat+,1,0
PY1,10^5,1.875,1,Cat+,2,0
PY1,10^5,1.875,1,Cat+,3,0
PY1,10^5,1.875,1,Cat+,4,0.007622854
PY1,10^5,1.875,1,Cat+,5,0.018064778
PY1,10^5,1.875,1,Cat+,6,0
PY1,10^5,1.875,1,Cat+,7,0
PY1,10^5,1.875,1,Cat+,8,0
PY1,10^5,1.875,1,Cat+,9,0
PY1,10^5,1.875,1,Cat+,10,0
PY1,10^5,1.875,1,Cat+,11,0
PY1,10^5,1.875,1,Cat+,12,0
PY1,10^5,1.875,2,Cat-,1,0
PY1,10^5,1.875,2,Cat-,2,0
PY1,10^5,1.875,2,Cat-,3,0
PY1,10^5,1.875,2,Cat-,4,0
PY1,10^5,1.875,2,Cat-,5,0
PY1,10^5,1.875,2,Cat-,6,0
PY1,10^5,1.875,2,Cat-,7,0
PY1,10^5,1.875,2,Cat-,8,0
PY1,10^5,1.875,2,Cat-,9,0
PY1,10^5,1.875,2,Cat-,10,0
PY1,10^5,1.875,2,Cat-,11,0
PY1,10^5,1.875,2,Cat-,12,0
PY1,10^5,1.875,2,Cat+,1,0
PY1,10^5,1.875,2,Cat+,2,0
PY1,10^5,1.875,2,Cat+,3,0.005249689
PY1,10^5,1.875,2,Cat+,4,0
PY1,10^5,1.875,2,Cat+,5,0
PY1,10^5,1.875,2,Cat+,6,0
PY1,10^5,1.875,2,Cat+,7,0
PY1,10^5,1.875,2,Cat+,8,0
PY1,10^5,1.875,2,Cat+,9,0
PY1,10^5,1.875,2,Cat+,10,0
PY1,10^5,1.875,2,Cat+,11,0
PY1,10^5,1.875,2,Cat+,12,0
PY1,10^5,1.875,3,Cat-,1,0
PY1,10^5,1.875,3,Cat-,2,0
PY1,10^5,1.875,3,Cat-,3,0
PY1,10^5,1.875,3,Cat-,4,0
PY1,10^5,1.875,3,Cat-,5,0
PY1,10^5,1.875,3,Cat-,6,0
PY1,10^5,1.875,3,Cat-,7,0
PY1,10^5,1.875,3,Cat-,8,0
PY1,10^5,1.875,3,Cat-,9,0
PY1,10^5,1.875,3,Cat-,10,0
PY1,10^5,1.875,3,Cat-,11,0
PY1,10^5,1.875,3,Cat-,12,0
PY1,10^5,1.875,3,Cat+,1,0
PY1,10^5,1.875,3,Cat+,2,0
PY1,10^5,1.875,3,Cat+,3,0
PY1,10^5,1.875,3,Cat+,4,0.008772437
PY1,10^5,1.875,3,Cat+,5,0.018965844
PY1,10^5,1.875,3,Cat+,6,0
PY1,10^5,1.875,3,Cat+,7,0
PY1,10^5,1.875,3,Cat+,8,0
PY1,10^5,1.875,3,Cat+,9,0
PY1,10^5,1.875,3,Cat+,10,0
PY1,10^5,1.875,3,Cat+,11,0
PY1,10^5,1.875,3,Cat+,12,0
PY1,10^5,8.875,1,Cat-,1,0.019785815
PY1,10^5,8.875,1,Cat-,2,0.02475613
PY1,10^5,8.875,1,Cat-,3,0.018882122
PY1,10^5,8.875,1,Cat-,4,0.021593202
PY1,10^5,8.875,1,Cat-,5,0.023400589
PY1,10^5,8.875,1,Cat-,6,0.022045049
PY1,10^5,8.875,1,Cat-,7,0.019333968
PY1,10^5,8.875,1,Cat-,8,0.019333968
PY1,10^5,8.875,1,Cat-,9,0.021141356
PY1,10^5,8.875,1,Cat-,10,0.017978428
PY1,10^5,8.875,1,Cat-,11,0.031985678
PY1,10^5,8.875,1,Cat-,12,0.027919057
PY1,10^5,8.875,1,Cat+,1,0.186065433
PY1,10^5,8.875,1,Cat+,2,0.18516174
PY1,10^5,8.875,1,Cat+,3,0.174769264
PY1,10^5,8.875,1,Cat+,4,0.188776514
PY1,10^5,8.875,1,Cat+,5,0.183354353
PY1,10^5,8.875,1,Cat+,6,0.166636021
PY1,10^5,8.875,1,Cat+,7,0.188776514
PY1,10^5,8.875,1,Cat+,8,0.175672957
PY1,10^5,8.875,1,Cat+,9,0.155791698
PY1,10^5,8.875,1,Cat+,10,0.176124804
PY1,10^5,8.875,1,Cat+,11,0.172058183
PY1,10^5,8.875,1,Cat+,12,0.176576651
PY1,10^5,8.875,2,Cat-,1,0.030630138
PY1,10^5,8.875,2,Cat-,2,0.027919057
PY1,10^5,8.875,2,Cat-,3,0.029726444
PY1,10^5,8.875,2,Cat-,4,0.023400589
PY1,10^5,8.875,2,Cat-,5,0.027015364
PY1,10^5,8.875,2,Cat-,6,0.030178291
PY1,10^5,8.875,2,Cat-,7,0.025207977
PY1,10^5,8.875,2,Cat-,8,0.0360523
PY1,10^5,8.875,2,Cat-,9,0.027467211
PY1,10^5,8.875,2,Cat-,10,0.027015364
PY1,10^5,8.875,2,Cat-,11,0.027467211
PY1,10^5,8.875,2,Cat-,12,0.027919057
PY1,10^5,8.875,2,Cat+,1,0.211368853
PY1,10^5,8.875,2,Cat+,2,0.205946692
PY1,10^5,8.875,2,Cat+,3,0.198717143
PY1,10^5,8.875,2,Cat+,4,0.224020563
PY1,10^5,8.875,2,Cat+,5,0.223568717
PY1,10^5,8.875,2,Cat+,6,0.220857636
PY1,10^5,8.875,2,Cat+,7,0.229894572
PY1,10^5,8.875,2,Cat+,8,0.219953942
PY1,10^5,8.875,2,Cat+,9,0.205042998
PY1,10^5,8.875,2,Cat+,10,0.233057499
PY1,10^5,8.875,2,Cat+,11,0.220405789
PY1,10^5,8.875,2,Cat+,12,0.214079934
PY1,10^5,8.875,3,Cat-,1,0.011382325
PY1,10^5,8.875,3,Cat-,2,0.014219231
PY1,10^5,8.875,3,Cat-,3,0.012800778
PY1,10^5,8.875,3,Cat-,4,0.01043669
PY1,10^5,8.875,3,Cat-,5,0.014692048
PY1,10^5,8.875,3,Cat-,6,0.015164866
PY1,10^5,8.875,3,Cat-,7,0.011382325
PY1,10^5,8.875,3,Cat-,8,0.014219231
PY1,10^5,8.875,3,Cat-,9,0.011382325
PY1,10^5,8.875,3,Cat-,10,0.009491055
PY1,10^5,8.875,3,Cat-,11,0.016110501
PY1,10^5,8.875,3,Cat-,12,0.011382325
PY1,10^5,8.875,3,Cat+,1,0.215166684
PY1,10^5,8.875,3,Cat+,2,0.193417077
PY1,10^5,8.875,3,Cat+,3,0.196253982
PY1,10^5,8.875,3,Cat+,4,0.218476407
PY1,10^5,8.875,3,Cat+,5,0.215166684
PY1,10^5,8.875,3,Cat+,6,0.184433544
PY1,10^5,8.875,3,Cat+,7,0.184433544
PY1,10^5,8.875,3,Cat+,8,0.173558741
PY1,10^5,8.875,3,Cat+,9,0.19483553
PY1,10^5,8.875,3,Cat+,10,0.212802596
PY1,10^5,8.875,3,Cat+,11,0.209492873
PY1,10^5,8.875,3,Cat+,12,0.197199618
PY1,10^3,8.916666667,1,Cat-,1,0
PY1,10^3,8.916666667,1,Cat-,2,0
PY1,10^3,8.916666667,1,Cat-,3,0
PY1,10^3,8.916666667,1,Cat-,4,0
PY1,10^3,8.916666667,1,Cat-,5,0
PY1,10^3,8.916666667,1,Cat-,6,0
PY1,10^3,8.916666667,1,Cat-,7,0
PY1,10^3,8.916666667,1,Cat-,8,0
PY1,10^3,8.916666667,1,Cat-,9,0
PY1,10^3,8.916666667,1,Cat-,10,0
PY1,10^3,8.916666667,1,Cat-,11,0
PY1,10^3,8.916666667,1,Cat-,12,0
PY1,10^3,8.916666667,1,Cat+,1,0
PY1,10^3,8.916666667,1,Cat+,2,0
PY1,10^3,8.916666667,1,Cat+,3,0
PY1,10^3,8.916666667,1,Cat+,4,0
PY1,10^3,8.916666667,1,Cat+,5,0
PY1,10^3,8.916666667,1,Cat+,6,0
PY1,10^3,8.916666667,1,Cat+,7,0
PY1,10^3,8.916666667,1,Cat+,8,0
PY1,10^3,8.916666667,1,Cat+,9,0
PY1,10^3,8.916666667,1,Cat+,10,0
PY1,10^3,8.916666667,1,Cat+,11,0
PY1,10^3,8.916666667,1,Cat+,12,0
PY1,10^3,8.916666667,2,Cat-,1,0
PY1,10^3,8.916666667,2,Cat-,2,0
PY1,10^3,8.916666667,2,Cat-,3,0
PY1,10^3,8.916666667,2,Cat-,4,0
PY1,10^3,8.916666667,2,Cat-,5,0
PY1,10^3,8.916666667,2,Cat-,6,0
PY1,10^3,8.916666667,2,Cat-,7,0
PY1,10^3,8.916666667,2,Cat-,8,0
PY1,10^3,8.916666667,2,Cat-,9,0
PY1,10^3,8.916666667,2,Cat-,10,0
PY1,10^3,8.916666667,2,Cat-,11,0
PY1,10^3,8.916666667,2,Cat-,12,0
PY1,10^3,8.916666667,2,Cat+,1,0
PY1,10^3,8.916666667,2,Cat+,2,0
PY1,10^3,8.916666667,2,Cat+,3,0
PY1,10^3,8.916666667,2,Cat+,4,0
PY1,10^3,8.916666667,2,Cat+,5,0
PY1,10^3,8.916666667,2,Cat+,6,0
PY1,10^3,8.916666667,2,Cat+,7,0
PY1,10^3,8.916666667,2,Cat+,8,0
PY1,10^3,8.916666667,2,Cat+,9,0
PY1,10^3,8.916666667,2,Cat+,10,0
PY1,10^3,8.916666667,2,Cat+,11,0
PY1,10^3,8.916666667,2,Cat+,12,0
PY1,10^3,8.916666667,3,Cat-,1,0
PY1,10^3,8.916666667,3,Cat-,2,0
PY1,10^3,8.916666667,3,Cat-,3,0
PY1,10^3,8.916666667,3,Cat-,4,0
PY1,10^3,8.916666667,3,Cat-,5,0
PY1,10^3,8.916666667,3,Cat-,6,0
PY1,10^3,8.916666667,3,Cat-,7,0
PY1,10^3,8.916666667,3,Cat-,8,0
PY1,10^3,8.916666667,3,Cat-,9,0
PY1,10^3,8.916666667,3,Cat-,10,0
PY1,10^3,8.916666667,3,Cat-,11,0
PY1,10^3,8.916666667,3,Cat-,12,0
PY1,10^3,8.916666667,3,Cat+,1,0
PY1,10^3,8.916666667,3,Cat+,2,0
PY1,10^3,8.916666667,3,Cat+,3,0
PY1,10^3,8.916666667,3,Cat+,4,0
PY1,10^3,8.916666667,3,Cat+,5,0
PY1,10^3,8.916666667,3,Cat+,6,0
PY1,10^3,8.916666667,3,Cat+,7,0
PY1,10^3,8.916666667,3,Cat+,8,0
PY1,10^3,8.916666667,3,Cat+,9,0
PY1,10^3,8.916666667,3,Cat+,10,0
PY1,10^3,8.916666667,3,Cat+,11,0
PY1,10^3,8.916666667,3,Cat+,12,0
PY1,10^5,12.625,1,Cat-,1,0.015028007
PY1,10^5,12.625,1,Cat-,2,0.021153852
PY1,10^5,12.625,1,Cat-,3,0.021153852
PY1,10^5,12.625,1,Cat-,4,0.020132878
PY1,10^5,12.625,1,Cat-,5,0.018601417
PY1,10^5,12.625,1,Cat-,6,0.023195801
PY1,10^5,12.625,1,Cat-,7,0.023706288
PY1,10^5,12.625,1,Cat-,8,0.021664339
PY1,10^5,12.625,1,Cat-,9,0.027790185
PY1,10^5,12.625,1,Cat-,10,0.019622391
PY1,10^5,12.625,1,Cat-,11,0.012475571
PY1,10^5,12.625,1,Cat-,12,0.02676921
PY1,10^5,12.625,1,Cat+,1,0.415760383
PY1,10^5,12.625,1,Cat+,2,0.423928176
PY1,10^5,12.625,1,Cat+,3,0.405040154
PY1,10^5,12.625,1,Cat+,4,0.440774251
PY1,10^5,12.625,1,Cat+,5,0.423928176
PY1,10^5,12.625,1,Cat+,6,0.366243134
PY1,10^5,12.625,1,Cat+,7,0.455578377
PY1,10^5,12.625,1,Cat+,8,0.465277632
PY1,10^5,12.625,1,Cat+,9,0.401466744
PY1,10^5,12.625,1,Cat+,10,0.394319924
PY1,10^5,12.625,1,Cat+,11,0.40044577
PY1,10^5,12.625,1,Cat+,12,0.374410927
PY1,10^5,12.625,2,Cat-,1,0.025748236
PY1,10^5,12.625,2,Cat-,2,0.025237749
PY1,10^5,12.625,2,Cat-,3,0.025748236
PY1,10^5,12.625,2,Cat-,4,0.023195801
PY1,10^5,12.625,2,Cat-,5,0.027279697
PY1,10^5,12.625,2,Cat-,6,0.027790185
PY1,10^5,12.625,2,Cat-,7,0.022685314
PY1,10^5,12.625,2,Cat-,8,0.025237749
PY1,10^5,12.625,2,Cat-,9,0.028811159
PY1,10^5,12.625,2,Cat-,10,0.022174826
PY1,10^5,12.625,2,Cat-,11,0.021664339
PY1,10^5,12.625,2,Cat-,12,0.024727262
PY1,10^5,12.625,2,Cat+,1,0.466298606
PY1,10^5,12.625,2,Cat+,2,0.50969001
PY1,10^5,12.625,2,Cat+,3,0.493354422
PY1,10^5,12.625,2,Cat+,4,0.494375397
PY1,10^5,12.625,2,Cat+,5,0.516326342
PY1,10^5,12.625,2,Cat+,6,0.484165654
PY1,10^5,12.625,2,Cat+,7,0.530619981
PY1,10^5,12.625,2,Cat+,8,0.542871671
PY1,10^5,12.625,2,Cat+,9,0.486207603
PY1,10^5,12.625,2,Cat+,10,0.478039809
PY1,10^5,12.625,2,Cat+,11,0.475997861
PY1,10^5,12.625,2,Cat+,12,0.471913964
PY1,10^5,12.625,3,Cat-,1,0.047435796
PY1,10^5,12.625,3,Cat-,2,0.037736861
PY1,10^5,12.625,3,Cat-,3,0.047974625
PY1,10^5,12.625,3,Cat-,4,0.086231535
PY1,10^5,12.625,3,Cat-,5,0.037198031
PY1,10^5,12.625,3,Cat-,6,0.041508669
PY1,10^5,12.625,3,Cat-,7,0.037736861
PY1,10^5,12.625,3,Cat-,8,0.03935335
PY1,10^5,12.625,3,Cat-,9,0.03935335
PY1,10^5,12.625,3,Cat-,10,0.029654415
PY1,10^5,12.625,3,Cat-,11,0.032887394
PY1,10^5,12.625,3,Cat-,12,0.032348564
PY1,10^5,12.625,3,Cat+,1,0.604046884
PY1,10^5,12.625,3,Cat+,2,0.560940508
PY1,10^5,12.625,3,Cat+,3,0.551241573
PY1,10^5,12.625,3,Cat+,4,0.581416037
PY1,10^5,12.625,3,Cat+,5,0.603508055
PY1,10^5,12.625,3,Cat+,6,0.521605939
PY1,10^5,12.625,3,Cat+,7,0.602969225
PY1,10^5,12.625,3,Cat+,8,0.559324019
PY1,10^5,12.625,3,Cat+,9,0.552858062
PY1,10^5,12.625,3,Cat+,10,0.635837837
PY1,10^5,12.625,3,Cat+,11,0.607818692
PY1,10^5,12.625,3,Cat+,12,0.563095827
PY1,10^5,15.95833333,1,Cat-,1,0.021299974
PY1,10^5,15.95833333,1,Cat-,2,0.029746547
PY1,10^5,15.95833333,1,Cat-,3,0.02924969
PY1,10^5,15.95833333,1,Cat-,4,0.028255975
PY1,10^5,15.95833333,1,Cat-,5,0.027262261
PY1,10^5,15.95833333,1,Cat-,6,0.028752833
PY1,10^5,15.95833333,1,Cat-,7,0.025274832
PY1,10^5,15.95833333,1,Cat-,8,0.031237119
PY1,10^5,15.95833333,1,Cat-,9,0.030740262
PY1,10^5,15.95833333,1,Cat-,10,0.025771689
PY1,10^5,15.95833333,1,Cat-,11,0.026268546
PY1,10^5,15.95833333,1,Cat-,12,0.031733976
PY1,10^5,15.95833333,1,Cat+,1,0.792919306
PY1,10^5,15.95833333,1,Cat+,2,0.802359594
PY1,10^5,15.95833333,1,Cat+,3,0.742239865
PY1,10^5,15.95833333,1,Cat+,4,0.84310189
PY1,10^5,15.95833333,1,Cat+,5,0.766089014
PY1,10^5,15.95833333,1,Cat+,6,0.688082423
PY1,10^5,15.95833333,1,Cat+,7,0.835152173
PY1,10^5,15.95833333,1,Cat+,8,0.842108175
PY1,10^5,15.95833333,1,Cat+,9,0.732799577
PY1,10^5,15.95833333,1,Cat+,10,0.782982161
PY1,10^5,15.95833333,1,Cat+,11,0.752673867
PY1,10^5,15.95833333,1,Cat+,12,0.724353003
PY1,10^5,15.95833333,2,Cat-,1,0.030740262
PY1,10^5,15.95833333,2,Cat-,2,0.033224548
PY1,10^5,15.95833333,2,Cat-,3,0.032230833
PY1,10^5,15.95833333,2,Cat-,4,0.029746547
PY1,10^5,15.95833333,2,Cat-,5,0.039186835
PY1,10^5,15.95833333,2,Cat-,6,0.041174264
PY1,10^5,15.95833333,2,Cat-,7,0.027759118
PY1,10^5,15.95833333,2,Cat-,8,0.014840829
PY1,10^5,15.95833333,2,Cat-,9,0.035708834
PY1,10^5,15.95833333,2,Cat-,10,0.030740262
PY1,10^5,15.95833333,2,Cat-,11,0.030243404
PY1,10^5,15.95833333,2,Cat-,12,0.029746547
PY1,10^5,15.95833333,2,Cat+,1,0.888315901
PY1,10^5,15.95833333,2,Cat+,2,0.99017164
PY1,10^5,15.95833333,2,Cat+,3,0.946448201
PY1,10^5,15.95833333,2,Cat+,4,0.890800187
PY1,10^5,15.95833333,2,Cat+,5,0.874900755
PY1,10^5,15.95833333,2,Cat+,6,0.972781636
PY1,10^5,15.95833333,2,Cat+,7,0.978743923
PY1,10^5,15.95833333,2,Cat+,8,0.909680763
PY1,10^5,15.95833333,2,Cat+,9,0.93203934
PY1,10^5,15.95833333,2,Cat+,10,1
PY1,10^5,15.95833333,2,Cat+,11,0.92657391
PY1,10^5,15.95833333,2,Cat+,12,0.914152479
PY1,10^5,15.95833333,3,Cat-,1,0.040198548
PY1,10^5,15.95833333,3,Cat-,2,0.031733167
PY1,10^5,15.95833333,3,Cat-,3,0.048165964
PY1,10^5,15.95833333,3,Cat-,4,0.068084506
PY1,10^5,15.95833333,3,Cat-,5,0.030239277
PY1,10^5,15.95833333,3,Cat-,6,0.038704657
PY1,10^5,15.95833333,3,Cat-,7,0.026753532
PY1,10^5,15.95833333,3,Cat-,8,0.031733167
PY1,10^5,15.95833333,3,Cat-,9,0.034222985
PY1,10^5,15.95833333,3,Cat-,10,0.025259641
PY1,10^5,15.95833333,3,Cat-,11,0.026255568
PY1,10^5,15.95833333,3,Cat-,12,0.028745386
PY1,10^5,15.95833333,3,Cat+,1,1
PY1,10^5,15.95833333,3,Cat+,2,0.955953508
PY1,10^5,15.95833333,3,Cat+,3,0.947488127
PY1,10^5,15.95833333,3,Cat+,4,0.998778373
PY1,10^5,15.95833333,3,Cat+,5,0.939022747
PY1,10^5,15.95833333,3,Cat+,6,0.918108278
PY1,10^5,15.95833333,3,Cat+,7,0.90565919
PY1,10^5,15.95833333,3,Cat+,8,0.894703992
PY1,10^5,15.95833333,3,Cat+,9,0.890720283
PY1,10^5,15.95833333,3,Cat+,10,1
PY1,10^5,15.95833333,3,Cat+,11,0.943504419
PY1,10^5,15.95833333,3,Cat+,12,0.93802682
PY1,10^3,16.58333333,1,Cat-,1,0
PY1,10^3,16.58333333,1,Cat-,2,0
PY1,10^3,16.58333333,1,Cat-,3,0
PY1,10^3,16.58333333,1,Cat-,4,0.020161604
PY1,10^3,16.58333333,1,Cat-,5,0
PY1,10^3,16.58333333,1,Cat-,6,0
PY1,10^3,16.58333333,1,Cat-,7,0
PY1,10^3,16.58333333,1,Cat-,8,0
PY1,10^3,16.58333333,1,Cat-,9,0
PY1,10^3,16.58333333,1,Cat-,10,0
PY1,10^3,16.58333333,1,Cat-,11,0
PY1,10^3,16.58333333,1,Cat-,12,0
PY1,10^3,16.58333333,1,Cat+,1,0
PY1,10^3,16.58333333,1,Cat+,2,0
PY1,10^3,16.58333333,1,Cat+,3,0
PY1,10^3,16.58333333,1,Cat+,4,0
PY1,10^3,16.58333333,1,Cat+,5,0
PY1,10^3,16.58333333,1,Cat+,6,0
PY1,10^3,16.58333333,1,Cat+,7,0
PY1,10^3,16.58333333,1,Cat+,8,0
PY1,10^3,16.58333333,1,Cat+,9,0
PY1,10^3,16.58333333,1,Cat+,10,0
PY1,10^3,16.58333333,1,Cat+,11,0
PY1,10^3,16.58333333,1,Cat+,12,0
PY1,10^3,16.58333333,2,Cat-,1,0
PY1,10^3,16.58333333,2,Cat-,2,0
PY1,10^3,16.58333333,2,Cat-,3,0
PY1,10^3,16.58333333,2,Cat-,4,0
PY1,10^3,16.58333333,2,Cat-,5,0
PY1,10^3,16.58333333,2,Cat-,6,0
PY1,10^3,16.58333333,2,Cat-,7,0
PY1,10^3,16.58333333,2,Cat-,8,0
PY1,10^3,16.58333333,2,Cat-,9,0
PY1,10^3,16.58333333,2,Cat-,10,0
PY1,10^3,16.58333333,2,Cat-,11,0
PY1,10^3,16.58333333,2,Cat-,12,0
PY1,10^3,16.58333333,2,Cat+,1,0
PY1,10^3,16.58333333,2,Cat+,2,0
PY1,10^3,16.58333333,2,Cat+,3,0
PY1,10^3,16.58333333,2,Cat+,4,0
PY1,10^3,16.58333333,2,Cat+,5,0
PY1,10^3,16.58333333,2,Cat+,6,0
PY1,10^3,16.58333333,2,Cat+,7,0
PY1,10^3,16.58333333,2,Cat+,8,0
PY1,10^3,16.58333333,2,Cat+,9,0
PY1,10^3,16.58333333,2,Cat+,10,0
PY1,10^3,16.58333333,2,Cat+,11,0
PY1,10^3,16.58333333,2,Cat+,12,0
PY1,10^3,16.58333333,3,Cat-,1,0
PY1,10^3,16.58333333,3,Cat-,2,0
PY1,10^3,16.58333333,3,Cat-,3,0
PY1,10^3,16.58333333,3,Cat-,4,0
PY1,10^3,16.58333333,3,Cat-,5,0
PY1,10^3,16.58333333,3,Cat-,6,0
PY1,10^3,16.58333333,3,Cat-,7,0
PY1,10^3,16.58333333,3,Cat-,8,0
PY1,10^3,16.58333333,3,Cat-,9,0
PY1,10^3,16.58333333,3,Cat-,10,0
PY1,10^3,16.58333333,3,Cat-,11,0
PY1,10^3,16.58333333,3,Cat-,12,0
PY1,10^3,16.58333333,3,Cat+,1,0
PY1,10^3,16.58333333,3,Cat+,2,0
PY1,10^3,16.58333333,3,Cat+,3,0
PY1,10^3,16.58333333,3,Cat+,4,0
PY1,10^3,16.58333333,3,Cat+,5,0
PY1,10^3,16.58333333,3,Cat+,6,0
PY1,10^3,16.58333333,3,Cat+,7,0
PY1,10^3,16.58333333,3,Cat+,8,0
PY1,10^3,16.58333333,3,Cat+,9,0
PY1,10^3,16.58333333,3,Cat+,10,0
PY1,10^3,16.58333333,3,Cat+,11,0
PY1,10^3,16.58333333,3,Cat+,12,0
PY1,10^5,25.91666667,1,Cat-,1,0.044254488
PY1,10^5,25.91666667,1,Cat-,2,0.051135421
PY1,10^5,25.91666667,1,Cat-,3,0.055149299
PY1,10^5,25.91666667,1,Cat-,4,0.084393267
PY1,10^5,25.91666667,1,Cat-,5,0.048268366
PY1,10^5,25.91666667,1,Cat-,6,0.058016355
PY1,10^5,25.91666667,1,Cat-,7,0.04540131
PY1,10^5,25.91666667,1,Cat-,8,0.051135421
PY1,10^5,25.91666667,1,Cat-,9,0.056869533
PY1,10^5,25.91666667,1,Cat-,10,0.045974721
PY1,10^5,25.91666667,1,Cat-,11,0.047121543
PY1,10^5,25.91666667,1,Cat-,12,0.049988599
PY1,10^5,25.91666667,1,Cat+,1,1
PY1,10^5,25.91666667,1,Cat+,2,1
PY1,10^5,25.91666667,1,Cat+,3,1
PY1,10^5,25.91666667,1,Cat+,4,1
PY1,10^5,25.91666667,1,Cat+,5,1
PY1,10^5,25.91666667,1,Cat+,6,1
PY1,10^5,25.91666667,1,Cat+,7,1
PY1,10^5,25.91666667,1,Cat+,8,1
PY1,10^5,25.91666667,1,Cat+,9,1
PY1,10^5,25.91666667,1,Cat+,10,1
PY1,10^5,25.91666667,1,Cat+,11,1
PY1,10^5,25.91666667,1,Cat+,12,1
PY1,10^5,25.91666667,2,Cat-,1,0.043107666
PY1,10^5,25.91666667,2,Cat-,2,0.051135421
PY1,10^5,25.91666667,2,Cat-,3,0.067764344
PY1,10^5,25.91666667,2,Cat-,4,0.052855655
PY1,10^5,25.91666667,2,Cat-,5,0.049988599
PY1,10^5,25.91666667,2,Cat-,6,0.052855655
PY1,10^5,25.91666667,2,Cat-,7,0.051708833
PY1,10^5,25.91666667,2,Cat-,8,0.052282244
PY1,10^5,25.91666667,2,Cat-,9,0.056869533
PY1,10^5,25.91666667,2,Cat-,10,0.055149299
PY1,10^5,25.91666667,2,Cat-,11,0.051135421
PY1,10^5,25.91666667,2,Cat-,12,0.055149299
PY1,10^5,25.91666667,2,Cat+,1,1
PY1,10^5,25.91666667,2,Cat+,2,1
PY1,10^5,25.91666667,2,Cat+,3,1
PY1,10^5,25.91666667,2,Cat+,4,1
PY1,10^5,25.91666667,2,Cat+,5,1
PY1,10^5,25.91666667,2,Cat+,6,1
PY1,10^5,25.91666667,2,Cat+,7,1
PY1,10^5,25.91666667,2,Cat+,8,1
PY1,10^5,25.91666667,2,Cat+,9,1
PY1,10^5,25.91666667,2,Cat+,10,1
PY1,10^5,25.91666667,2,Cat+,11,1
PY1,10^5,25.91666667,2,Cat+,12,1
PY1,10^5,25.91666667,3,Cat-,1,0.051381298
PY1,10^5,25.91666667,3,Cat-,2,0.056956113
PY1,10^5,25.91666667,3,Cat-,3,0.062530927
PY1,10^5,25.91666667,3,Cat-,4,0.057575536
PY1,10^5,25.91666667,3,Cat-,5,0.063769774
PY1,10^5,25.91666667,3,Cat-,6,0.075538827
PY1,10^5,25.91666667,3,Cat-,7,0.061911503
PY1,10^5,25.91666667,3,Cat-,8,0.062530927
PY1,10^5,25.91666667,3,Cat-,9,0.078635946
PY1,10^5,25.91666667,3,Cat-,10,0.056956113
PY1,10^5,25.91666667,3,Cat-,11,0.072441708
PY1,10^5,25.91666667,3,Cat-,12,0.06624747
PY1,10^5,25.91666667,3,Cat+,1,1
PY1,10^5,25.91666667,3,Cat+,2,1
PY1,10^5,25.91666667,3,Cat+,3,1
PY1,10^5,25.91666667,3,Cat+,4,1
PY1,10^5,25.91666667,3,Cat+,5,1
PY1,10^5,25.91666667,3,Cat+,6,1
PY1,10^5,25.91666667,3,Cat+,7,1
PY1,10^5,25.91666667,3,Cat+,8,1
PY1,10^5,25.91666667,3,Cat+,9,1
PY1,10^5,25.91666667,3,Cat+,10,1
PY1,10^5,25.91666667,3,Cat+,11,1
PY1,10^5,25.91666667,3,Cat+,12,1
PY1,10^3,29.8125,1,Cat-,1,0
PY1,10^3,29.8125,1,Cat-,2,0
PY1,10^3,29.8125,1,Cat-,3,0
PY1,10^3,29.8125,1,Cat-,4,0.016545719
PY1,10^3,29.8125,1,Cat-,5,0
PY1,10^3,29.8125,1,Cat-,6,0
PY1,10^3,29.8125,1,Cat-,7,0
PY1,10^3,29.8125,1,Cat-,8,0
PY1,10^3,29.8125,1,Cat-,9,0
PY1,10^3,29.8125,1,Cat-,10,0
PY1,10^3,29.8125,1,Cat-,11,0
PY1,10^3,29.8125,1,Cat-,12,0
PY1,10^3,29.8125,1,Cat+,1,0
PY1,10^3,29.8125,1,Cat+,2,0.305149079
PY1,10^3,29.8125,1,Cat+,3,0.070128328
PY1,10^3,29.8125,1,Cat+,4,0
PY1,10^3,29.8125,1,Cat+,5,0
PY1,10^3,29.8125,1,Cat+,6,0
PY1,10^3,29.8125,1,Cat+,7,0
PY1,10^3,29.8125,1,Cat+,8,0.735401516
PY1,10^3,29.8125,1,Cat+,9,0.555554936
PY1,10^3,29.8125,1,Cat+,10,0.177824067
PY1,10^3,29.8125,1,Cat+,11,0
PY1,10^3,29.8125,1,Cat+,12,0.039358117
PY1,10^3,29.8125,2,Cat-,1,0
PY1,10^3,29.8125,2,Cat-,2,0
PY1,10^3,29.8125,2,Cat-,3,0
PY1,10^3,29.8125,2,Cat-,4,0
PY1,10^3,29.8125,2,Cat-,5,0
PY1,10^3,29.8125,2,Cat-,6,0
PY1,10^3,29.8125,2,Cat-,7,0
PY1,10^3,29.8125,2,Cat-,8,0
PY1,10^3,29.8125,2,Cat-,9,0
PY1,10^3,29.8125,2,Cat-,10,0
PY1,10^3,29.8125,2,Cat-,11,0
PY1,10^3,29.8125,2,Cat-,12,0
PY1,10^3,29.8125,2,Cat+,1,0
PY1,10^3,29.8125,2,Cat+,2,0
PY1,10^3,29.8125,2,Cat+,3,0
PY1,10^3,29.8125,2,Cat+,4,0.270665222
PY1,10^3,29.8125,2,Cat+,5,0
PY1,10^3,29.8125,2,Cat+,6,0
PY1,10^3,29.8125,2,Cat+,7,0.159786357
PY1,10^3,29.8125,2,Cat+,8,0
PY1,10^3,29.8125,2,Cat+,9,0.00487426
PY1,10^3,29.8125,2,Cat+,10,0
PY1,10^3,29.8125,2,Cat+,11,0
PY1,10^3,29.8125,2,Cat+,12,0
PY1,10^3,29.8125,3,Cat-,1,0
PY1,10^3,29.8125,3,Cat-,2,0
PY1,10^3,29.8125,3,Cat-,3,0
PY1,10^3,29.8125,3,Cat-,4,0
PY1,10^3,29.8125,3,Cat-,5,0
PY1,10^3,29.8125,3,Cat-,6,0
PY1,10^3,29.8125,3,Cat-,7,0
PY1,10^3,29.8125,3,Cat-,8,0
PY1,10^3,29.8125,3,Cat-,9,0
PY1,10^3,29.8125,3,Cat-,10,0
PY1,10^3,29.8125,3,Cat-,11,0
PY1,10^3,29.8125,3,Cat-,12,0
PY1,10^3,29.8125,3,Cat+,1,0
PY1,10^3,29.8125,3,Cat+,2,0
PY1,10^3,29.8125,3,Cat+,3,0
PY1,10^3,29.8125,3,Cat+,4,0.307926916
PY1,10^3,29.8125,3,Cat+,5,0.217766523
PY1,10^3,29.8125,3,Cat+,6,0.000512564
PY1,10^3,29.8125,3,Cat+,7,0
PY1,10^3,29.8125,3,Cat+,8,0.20527442
PY1,10^3,29.8125,3,Cat+,9,0
PY1,10^3,29.8125,3,Cat+,10,0
PY1,10^3,29.8125,3,Cat+,11,0.025496769
PY1,10^3,29.8125,3,Cat+,12,0
PY1,10^5,29.77083333,1,Cat-,1,0.043860692
PY1,10^5,29.77083333,1,Cat-,2,0.052228262
PY1,10^5,29.77083333,1,Cat-,3,0.061193515
PY1,10^5,29.77083333,1,Cat-,4,0.05700973
PY1,10^5,29.77083333,1,Cat-,5,0.059400464
PY1,10^5,29.77083333,1,Cat-,6,0.07733097
PY1,10^5,29.77083333,1,Cat-,7,0.055216679
PY1,10^5,29.77083333,1,Cat-,8,0.059998148
PY1,10^5,29.77083333,1,Cat-,9,0.079124021
PY1,10^5,29.77083333,1,Cat-,10,0.057607413
PY1,10^5,29.77083333,1,Cat-,11,0.052825945
PY1,10^5,29.77083333,1,Cat-,12,0.072549502
PY1,10^5,29.77083333,2,Cat-,1,0.057607413
PY1,10^5,29.77083333,2,Cat-,2,0.060595831
PY1,10^5,29.77083333,2,Cat-,3,0.082112438
PY1,10^5,29.77083333,2,Cat-,4,0.061791198
PY1,10^5,29.77083333,2,Cat-,5,0.064779616
PY1,10^5,29.77083333,2,Cat-,6,0.078526337
PY1,10^5,29.77083333,2,Cat-,7,0.060595831
PY1,10^5,29.77083333,2,Cat-,8,0.062986565
PY1,10^5,29.77083333,2,Cat-,9,0.080319388
PY1,10^5,29.77083333,2,Cat-,10,0.069561084
PY1,10^5,29.77083333,2,Cat-,11,0.065974983
PY1,10^5,29.77083333,2,Cat-,12,0.079721704
PY1,10^5,29.77083333,3,Cat-,1,0.056412046
PY1,10^5,29.77083333,3,Cat-,2,0.065974983
PY1,10^5,29.77083333,3,Cat-,3,0.071354135
PY1,10^5,29.77083333,3,Cat-,4,0.06717035
PY1,10^5,29.77083333,3,Cat-,5,0.078526337
PY1,10^5,29.77083333,3,Cat-,6,0.080917071
PY1,10^5,29.77083333,3,Cat-,7,0.068365717
PY1,10^5,29.77083333,3,Cat-,8,0.068365717
PY1,10^5,29.77083333,3,Cat-,9,0.085100856
PY1,10^5,29.77083333,3,Cat-,10,0.06717035
PY1,10^5,29.77083333,3,Cat-,11,0.080319388
PY1,10^5,29.77083333,3,Cat-,12,0.079721704
PY1,10^3,32.66666667,1,Cat-,1,0
PY1,10^3,32.66666667,1,Cat-,2,0
PY1,10^3,32.66666667,1,Cat-,3,0
PY1,10^3,32.66666667,1,Cat-,4,0
PY1,10^3,32.66666667,1,Cat-,5,0
PY1,10^3,32.66666667,1,Cat-,6,0
PY1,10^3,32.66666667,1,Cat-,7,0
PY1,10^3,32.66666667,1,Cat-,8,0
PY1,10^3,32.66666667,1,Cat-,9,0
PY1,10^3,32.66666667,1,Cat-,10,0
PY1,10^3,32.66666667,1,Cat-,11,0
PY1,10^3,32.66666667,1,Cat-,12,0
PY1,10^3,32.66666667,1,Cat+,1,0
PY1,10^3,32.66666667,1,Cat+,2,0.734355781
PY1,10^3,32.66666667,1,Cat+,3,0.325651301
PY1,10^3,32.66666667,1,Cat+,4,0
PY1,10^3,32.66666667,1,Cat+,5,0
PY1,10^3,32.66666667,1,Cat+,6,0
PY1,10^3,32.66666667,1,Cat+,7,0
PY1,10^3,32.66666667,1,Cat+,8,1
PY1,10^3,32.66666667,1,Cat+,9,1
PY1,10^3,32.66666667,1,Cat+,10,0.495439512
PY1,10^3,32.66666667,1,Cat+,11,0
PY1,10^3,32.66666667,1,Cat+,12,0.228629466
PY1,10^3,32.66666667,2,Cat-,1,0
PY1,10^3,32.66666667,2,Cat-,2,0
PY1,10^3,32.66666667,2,Cat-,3,0
PY1,10^3,32.66666667,2,Cat-,4,0
PY1,10^3,32.66666667,2,Cat-,5,0
PY1,10^3,32.66666667,2,Cat-,6,0
PY1,10^3,32.66666667,2,Cat-,7,0
PY1,10^3,32.66666667,2,Cat-,8,0
PY1,10^3,32.66666667,2,Cat-,9,0
PY1,10^3,32.66666667,2,Cat-,10,0
PY1,10^3,32.66666667,2,Cat-,11,0
PY1,10^3,32.66666667,2,Cat-,12,0
PY1,10^3,32.66666667,2,Cat+,1,0
PY1,10^3,32.66666667,2,Cat+,2,0
PY1,10^3,32.66666667,2,Cat+,3,0
PY1,10^3,32.66666667,2,Cat+,4,0.828952071
PY1,10^3,32.66666667,2,Cat+,5,0
PY1,10^3,32.66666667,2,Cat+,6,0
PY1,10^3,32.66666667,2,Cat+,7,0.432981706
PY1,10^3,32.66666667,2,Cat+,8,2.18E-05
PY1,10^3,32.66666667,2,Cat+,9,0
PY1,10^3,32.66666667,2,Cat+,10,0.305640547
PY1,10^3,32.66666667,2,Cat+,11,0
PY1,10^3,32.66666667,2,Cat+,12,0
PY1,10^3,32.66666667,3,Cat-,1,0
PY1,10^3,32.66666667,3,Cat-,2,0
PY1,10^3,32.66666667,3,Cat-,3,0
PY1,10^3,32.66666667,3,Cat-,4,0
PY1,10^3,32.66666667,3,Cat-,5,0
PY1,10^3,32.66666667,3,Cat-,6,0
PY1,10^3,32.66666667,3,Cat-,7,0
PY1,10^3,32.66666667,3,Cat-,8,0
PY1,10^3,32.66666667,3,Cat-,9,0
PY1,10^3,32.66666667,3,Cat-,10,0
PY1,10^3,32.66666667,3,Cat-,11,0
PY1,10^3,32.66666667,3,Cat-,12,0
PY1,10^3,32.66666667,3,Cat+,1,0
PY1,10^3,32.66666667,3,Cat+,2,0
PY1,10^3,32.66666667,3,Cat+,3,0
PY1,10^3,32.66666667,3,Cat+,4,0.729937025
PY1,10^3,32.66666667,3,Cat+,5,0.52366812
PY1,10^3,32.66666667,3,Cat+,6,0.016746662
PY1,10^3,32.66666667,3,Cat+,7,0
PY1,10^3,32.66666667,3,Cat+,8,0.279895779
PY1,10^3,32.66666667,3,Cat+,9,0
PY1,10^3,32.66666667,3,Cat+,10,0
PY1,10^3,32.66666667,3,Cat+,11,0.129882031
PY1,10^3,32.66666667,3,Cat+,12,0
PY1,10^3,36.79166667,1,Cat-,1,0.009875437
PY1,10^3,36.79166667,1,Cat-,2,0
PY1,10^3,36.79166667,1,Cat-,3,0
PY1,10^3,36.79166667,1,Cat-,4,0
PY1,10^3,36.79166667,1,Cat-,5,0
PY1,10^3,36.79166667,1,Cat-,6,0
PY1,10^3,36.79166667,1,Cat-,7,0
PY1,10^3,36.79166667,1,Cat-,8,0
PY1,10^3,36.79166667,1,Cat-,9,0
PY1,10^3,36.79166667,1,Cat-,10,0
PY1,10^3,36.79166667,1,Cat-,11,0
PY1,10^3,36.79166667,1,Cat-,12,0.004192552
PY1,10^3,36.79166667,1,Cat+,1,0
PY1,10^3,36.79166667,1,Cat+,2,1
PY1,10^3,36.79166667,1,Cat+,3,1
PY1,10^3,36.79166667,1,Cat+,4,0.002929689
PY1,10^3,36.79166667,1,Cat+,5,0
PY1,10^3,36.79166667,1,Cat+,6,0.016189754
PY1,10^3,36.79166667,1,Cat+,7,0.05660138
PY1,10^3,36.79166667,1,Cat+,8,1
PY1,10^3,36.79166667,1,Cat+,9,1
PY1,10^3,36.79166667,1,Cat+,10,1
PY1,10^3,36.79166667,1,Cat+,11,0.009875437
PY1,10^3,36.79166667,1,Cat+,12,1
PY1,10^3,36.79166667,2,Cat-,1,0
PY1,10^3,36.79166667,2,Cat-,2,0
PY1,10^3,36.79166667,2,Cat-,3,0
PY1,10^3,36.79166667,2,Cat-,4,0
PY1,10^3,36.79166667,2,Cat-,5,0
PY1,10^3,36.79166667,2,Cat-,6,0
PY1,10^3,36.79166667,2,Cat-,7,0
PY1,10^3,36.79166667,2,Cat-,8,0
PY1,10^3,36.79166667,2,Cat-,9,0
PY1,10^3,36.79166667,2,Cat-,10,0
PY1,10^3,36.79166667,2,Cat-,11,0
PY1,10^3,36.79166667,2,Cat-,12,0
PY1,10^3,36.79166667,2,Cat+,1,0
PY1,10^3,36.79166667,2,Cat+,2,0
PY1,10^3,36.79166667,2,Cat+,3,0
PY1,10^3,36.79166667,2,Cat+,4,1
PY1,10^3,36.79166667,2,Cat+,5,0.025029797
PY1,10^3,36.79166667,2,Cat+,6,0
PY1,10^3,36.79166667,2,Cat+,7,1
PY1,10^3,36.79166667,2,Cat+,8,0.067967149
PY1,10^3,36.79166667,2,Cat+,9,0
PY1,10^3,36.79166667,2,Cat+,10,0.786536372
PY1,10^3,36.79166667,2,Cat+,11,0
PY1,10^3,36.79166667,2,Cat+,12,0
PY1,10^3,36.79166667,3,Cat-,1,0
PY1,10^3,36.79166667,3,Cat-,2,0
PY1,10^3,36.79166667,3,Cat-,3,0
PY1,10^3,36.79166667,3,Cat-,4,0
PY1,10^3,36.79166667,3,Cat-,5,0
PY1,10^3,36.79166667,3,Cat-,6,0
PY1,10^3,36.79166667,3,Cat-,7,0
PY1,10^3,36.79166667,3,Cat-,8,0
PY1,10^3,36.79166667,3,Cat-,9,0
PY1,10^3,36.79166667,3,Cat-,10,0
PY1,10^3,36.79166667,3,Cat-,11,0
PY1,10^3,36.79166667,3,Cat-,12,0
PY1,10^3,36.79166667,3,Cat+,1,0.000308914
PY1,10^3,36.79166667,3,Cat+,2,0.007647086
PY1,10^3,36.79166667,3,Cat+,3,0.020630006
PY1,10^3,36.79166667,3,Cat+,4,1
PY1,10^3,36.79166667,3,Cat+,5,1
PY1,10^3,36.79166667,3,Cat+,6,0.121670992
PY1,10^3,36.79166667,3,Cat+,7,0.021758956
PY1,10^3,36.79166667,3,Cat+,8,0.823313146
PY1,10^3,36.79166667,3,Cat+,9,0.038693199
PY1,10^3,36.79166667,3,Cat+,10,0.015549733
PY1,10^3,36.79166667,3,Cat+,11,0.365524098
PY1,10^3,36.79166667,3,Cat+,12,0.003131288
PY1,10^5,36.79166667,1,Cat-,1,0.055772226
PY1,10^5,36.79166667,1,Cat-,2,0.074354233
PY1,10^5,36.79166667,1,Cat-,3,0.088431511
PY1,10^5,36.79166667,1,Cat-,4,0.063655502
PY1,10^5,36.79166667,1,Cat-,5,0.073228051
PY1,10^5,36.79166667,1,Cat-,6,0.103634971
PY1,10^5,36.79166667,1,Cat-,7,0.066470958
PY1,10^5,36.79166667,1,Cat-,8,0.076043506
PY1,10^5,36.79166667,1,Cat-,9,0.104761153
PY1,10^5,36.79166667,1,Cat-,10,0.068723322
PY1,10^5,36.79166667,1,Cat-,11,0.074917324
PY1,10^5,36.79166667,1,Cat-,12,0.094625513
PY1,10^5,36.79166667,2,Cat-,1,0.072101869
PY1,10^5,36.79166667,2,Cat-,2,0.083363691
PY1,10^5,36.79166667,2,Cat-,3,0.096314786
PY1,10^5,36.79166667,2,Cat-,4,0.074354233
PY1,10^5,36.79166667,2,Cat-,5,0.084489873
PY1,10^5,36.79166667,2,Cat-,6,0.109265882
PY1,10^5,36.79166667,2,Cat-,7,0.076043506
PY1,10^5,36.79166667,2,Cat-,8,0.083363691
PY1,10^5,36.79166667,2,Cat-,9,0.112081337
PY1,10^5,36.79166667,2,Cat-,10,0.074917324
PY1,10^5,36.79166667,2,Cat-,11,0.081674417
PY1,10^5,36.79166667,2,Cat-,12,0.105324244
PY1,10^5,36.79166667,3,Cat-,1,0.069286413
PY1,10^5,36.79166667,3,Cat-,2,0.078295871
PY1,10^5,36.79166667,3,Cat-,3,0.098567151
PY1,10^5,36.79166667,3,Cat-,4,0.083363691
PY1,10^5,36.79166667,3,Cat-,5,0.074917324
PY1,10^5,36.79166667,3,Cat-,6,0.105324244
PY1,10^5,36.79166667,3,Cat-,7,0.079422053
PY1,10^5,36.79166667,3,Cat-,8,0.07773278
PY1,10^5,36.79166667,3,Cat-,9,0.106450426
PY1,10^5,36.79166667,3,Cat-,10,0.076043506
PY1,10^5,36.79166667,3,Cat-,11,0.078295871
PY1,10^5,36.79166667,3,Cat-,12,0.101382606
PY1,10^5,43.58333333,1,Cat-,1,0.031120305
PY1,10^5,43.58333333,1,Cat-,2,0.039893107
PY1,10^5,43.58333333,1,Cat-,3,0.065626659
PY1,10^5,43.58333333,1,Cat-,4,0.041062814
PY1,10^5,43.58333333,1,Cat-,5,0.054514444
PY1,10^5,43.58333333,1,Cat-,6,0.098378453
PY1,10^5,43.58333333,1,Cat-,7,0.031705159
PY1,10^5,43.58333333,1,Cat-,8,0.018253529
PY1,10^5,43.58333333,1,Cat-,9,0.087851091
PY1,10^5,43.58333333,1,Cat-,10,0.035214279
PY1,10^5,43.58333333,1,Cat-,11,0.041062814
PY1,10^5,43.58333333,1,Cat-,12,0.087851091
PY1,10^5,43.58333333,2,Cat-,1,0.062117539
PY1,10^5,43.58333333,2,Cat-,2,0.065041806
PY1,10^5,43.58333333,2,Cat-,3,0.089605651
PY1,10^5,43.58333333,2,Cat-,4,0.083757117
PY1,10^5,43.58333333,2,Cat-,5,0.060362978
PY1,10^5,43.58333333,2,Cat-,6,0.0977936
PY1,10^5,43.58333333,2,Cat-,7,0.052759883
PY1,10^5,43.58333333,2,Cat-,8,0.073229754
PY1,10^5,43.58333333,2,Cat-,9,0.105981548
PY1,10^5,43.58333333,2,Cat-,10,0.055099297
PY1,10^5,43.58333333,2,Cat-,11,0.070890341
PY1,10^5,43.58333333,2,Cat-,12,0.09954816
PY1,10^5,43.58333333,3,Cat-,1,0.043402228
PY1,10^5,43.58333333,3,Cat-,2,0.049835616
PY1,10^5,43.58333333,3,Cat-,3,0.066796366
PY1,10^5,43.58333333,3,Cat-,4,0.06738122
PY1,10^5,43.58333333,3,Cat-,5,0.076154022
PY1,10^5,43.58333333,3,Cat-,6,0.08258741
PY1,10^5,43.58333333,3,Cat-,7,0.049835616
PY1,10^5,43.58333333,3,Cat-,8,0.056853857
PY1,10^5,43.58333333,3,Cat-,9,0.091360212
PY1,10^5,43.58333333,3,Cat-,10,0.048665909
PY1,10^5,43.58333333,3,Cat-,11,0.049835616
PY1,10^5,43.58333333,3,Cat-,12,0.074984315
PY1,10^3,43.66666667,1,Cat-,1,0.022465464
PY1,10^3,43.66666667,1,Cat-,2,0
PY1,10^3,43.66666667,1,Cat-,3,0
PY1,10^3,43.66666667,1,Cat-,4,0
PY1,10^3,43.66666667,1,Cat-,5,0
PY1,10^3,43.66666667,1,Cat-,6,0
PY1,10^3,43.66666667,1,Cat-,7,0
PY1,10^3,43.66666667,1,Cat-,8,0
PY1,10^3,43.66666667,1,Cat-,9,0
PY1,10^3,43.66666667,1,Cat-,10,0
PY1,10^3,43.66666667,1,Cat-,11,0
PY1,10^3,43.66666667,1,Cat-,12,0
PY1,10^3,43.66666667,1,Cat+,1,0
PY1,10^3,43.66666667,1,Cat+,2,1
PY1,10^3,43.66666667,1,Cat+,3,1
PY1,10^3,43.66666667,1,Cat+,4,0.002429776
PY1,10^3,43.66666667,1,Cat+,5,0
PY1,10^3,43.66666667,1,Cat+,6,0
PY1,10^3,43.66666667,1,Cat+,7,0.289941906
PY1,10^3,43.66666667,1,Cat+,8,1
PY1,10^3,43.66666667,1,Cat+,9,1
PY1,10^3,43.66666667,1,Cat+,10,1
PY1,10^3,43.66666667,1,Cat+,11,0.019961003
PY1,10^3,43.66666667,1,Cat+,12,1
PY1,10^3,43.66666667,2,Cat-,1,0
PY1,10^3,43.66666667,2,Cat-,2,0
PY1,10^3,43.66666667,2,Cat-,3,0
PY1,10^3,43.66666667,2,Cat-,4,0
PY1,10^3,43.66666667,2,Cat-,5,0
PY1,10^3,43.66666667,2,Cat-,6,0
PY1,10^3,43.66666667,2,Cat-,7,0
PY1,10^3,43.66666667,2,Cat-,8,0
PY1,10^3,43.66666667,2,Cat-,9,0
PY1,10^3,43.66666667,2,Cat-,10,0
PY1,10^3,43.66666667,2,Cat-,11,0
PY1,10^3,43.66666667,2,Cat-,12,0
PY1,10^3,43.66666667,2,Cat+,1,0
PY1,10^3,43.66666667,2,Cat+,2,0
PY1,10^3,43.66666667,2,Cat+,3,0.005936021
PY1,10^3,43.66666667,2,Cat+,4,1
PY1,10^3,43.66666667,2,Cat+,5,0.19577417
PY1,10^3,43.66666667,2,Cat+,6,0
PY1,10^3,43.66666667,2,Cat+,7,1
PY1,10^3,43.66666667,2,Cat+,8,0.509833587
PY1,10^3,43.66666667,2,Cat+,9,0.004934237
PY1,10^3,43.66666667,2,Cat+,10,1
PY1,10^3,43.66666667,2,Cat+,11,0
PY1,10^3,43.66666667,2,Cat+,12,0
PY1,10^3,43.66666667,3,Cat-,1,0
PY1,10^3,43.66666667,3,Cat-,2,0
PY1,10^3,43.66666667,3,Cat-,3,0
PY1,10^3,43.66666667,3,Cat-,4,0
PY1,10^3,43.66666667,3,Cat-,5,0
PY1,10^3,43.66666667,3,Cat-,6,0
PY1,10^3,43.66666667,3,Cat-,7,0
PY1,10^3,43.66666667,3,Cat-,8,0
PY1,10^3,43.66666667,3,Cat-,9,0
PY1,10^3,43.66666667,3,Cat-,10,0
PY1,10^3,43.66666667,3,Cat-,11,0
PY1,10^3,43.66666667,3,Cat-,12,0
PY1,10^3,43.66666667,3,Cat+,1,0.019279803
PY1,10^3,43.66666667,3,Cat+,2,0.001142074
PY1,10^3,43.66666667,3,Cat+,3,0.011165556
PY1,10^3,43.66666667,3,Cat+,4,1
PY1,10^3,43.66666667,3,Cat+,5,1
PY1,10^3,43.66666667,3,Cat+,6,0.762926691
PY1,10^3,43.66666667,3,Cat+,7,0.115218843
PY1,10^3,43.66666667,3,Cat+,8,1
PY1,10^3,43.66666667,3,Cat+,9,0.294686898
PY1,10^3,43.66666667,3,Cat+,10,0.090876102
PY1,10^3,43.66666667,3,Cat+,11,1
PY1,10^3,43.66666667,3,Cat+,12,0.011165556
PY1,10^5,50.875,1,Cat-,1,0.065865338
PY1,10^5,50.875,1,Cat-,2,0.083659962
PY1,10^5,50.875,1,Cat-,3,0.115690284
PY1,10^5,50.875,1,Cat-,4,0.072983188
PY1,10^5,50.875,1,Cat-,5,0.081880499
PY1,10^5,50.875,1,Cat-,6,0.149500068
PY1,10^5,50.875,1,Cat-,7,0.077135267
PY1,10^5,50.875,1,Cat-,8,0.088998349
PY1,10^5,50.875,1,Cat-,9,0.135264369
PY1,10^5,50.875,1,Cat-,10,0.075355804
PY1,10^5,50.875,1,Cat-,11,0.084253116
PY1,10^5,50.875,1,Cat-,12,0.13823014
PY1,10^5,50.875,2,Cat-,1,0.086032578
PY1,10^5,50.875,2,Cat-,2,0.099081969
PY1,10^5,50.875,2,Cat-,3,0.130519136
PY1,10^5,50.875,2,Cat-,4,0.100861431
PY1,10^5,50.875,2,Cat-,5,0.093150427
PY1,10^5,50.875,2,Cat-,6,0.142382219
PY1,10^5,50.875,2,Cat-,7,0.082473654
PY1,10^5,50.875,2,Cat-,8,0.106792972
PY1,10^5,50.875,2,Cat-,9,0.15127953
PY1,10^5,50.875,2,Cat-,10,0.08484627
PY1,10^5,50.875,2,Cat-,11,0.10501351
PY1,10^5,50.875,2,Cat-,12,0.145941143
PY1,10^5,50.875,3,Cat-,1,0.087218886
PY1,10^5,50.875,3,Cat-,2,0.066458493
PY1,10^5,50.875,3,Cat-,3,0.095523044
PY1,10^5,50.875,3,Cat-,4,0.127553366
PY1,10^5,50.875,3,Cat-,5,0.091964119
PY1,10^5,50.875,3,Cat-,6,0.097302506
PY1,10^5,50.875,3,Cat-,7,0.078321575
PY1,10^5,50.875,3,Cat-,8,0.077135267
PY1,10^5,50.875,3,Cat-,9,0.123401287
PY1,10^5,50.875,3,Cat-,10,0.071203725
PY1,10^5,50.875,3,Cat-,11,0.080101037
PY1,10^5,50.875,3,Cat-,12,0.106792972
PY1,10^3,50.875,1,Cat-,1,0.028789446
PY1,10^3,50.875,1,Cat-,2,0
PY1,10^3,50.875,1,Cat-,3,0
PY1,10^3,50.875,1,Cat-,4,0.000378392
PY1,10^3,50.875,1,Cat-,5,0
PY1,10^3,50.875,1,Cat-,6,0
PY1,10^3,50.875,1,Cat-,7,0
PY1,10^3,50.875,1,Cat-,8,0
PY1,10^3,50.875,1,Cat-,9,0
PY1,10^3,50.875,1,Cat-,10,0
PY1,10^3,50.875,1,Cat-,11,0
PY1,10^3,50.875,1,Cat-,12,0
PY1,10^3,50.875,1,Cat+,1,0.064303264
PY1,10^3,50.875,1,Cat+,2,1
PY1,10^3,50.875,1,Cat+,3,1
PY1,10^3,50.875,1,Cat+,4,0.018954851
PY1,10^3,50.875,1,Cat+,5,0.007481156
PY1,10^3,50.875,1,Cat+,6,0.010759355
PY1,10^3,50.875,1,Cat+,7,1
PY1,10^3,50.875,1,Cat+,8,1
PY1,10^3,50.875,1,Cat+,9,1
PY1,10^3,50.875,1,Cat+,10,1
PY1,10^3,50.875,1,Cat+,11,0.062664165
PY1,10^3,50.875,1,Cat+,12,1
PY1,10^3,50.875,2,Cat-,1,0
PY1,10^3,50.875,2,Cat-,2,0
PY1,10^3,50.875,2,Cat-,3,0
PY1,10^3,50.875,2,Cat-,4,0
PY1,10^3,50.875,2,Cat-,5,0
PY1,10^3,50.875,2,Cat-,6,0
PY1,10^3,50.875,2,Cat-,7,0
PY1,10^3,50.875,2,Cat-,8,0
PY1,10^3,50.875,2,Cat-,9,0
PY1,10^3,50.875,2,Cat-,10,0
PY1,10^3,50.875,2,Cat-,11,0
PY1,10^3,50.875,2,Cat-,12,0
PY1,10^3,50.875,2,Cat+,1,0.026603981
PY1,10^3,50.875,2,Cat+,2,0
PY1,10^3,50.875,2,Cat+,3,0.114022608
PY1,10^3,50.875,2,Cat+,4,1
PY1,10^3,50.875,2,Cat+,5,0.695356483
PY1,10^3,50.875,2,Cat+,6,0.010759355
PY1,10^3,50.875,2,Cat+,7,1
PY1,10^3,50.875,2,Cat+,8,1
PY1,10^3,50.875,2,Cat+,9,0.163741953
PY1,10^3,50.875,2,Cat+,10,1
PY1,10^3,50.875,2,Cat+,11,0
PY1,10^3,50.875,2,Cat+,12,0.014037553
PY1,10^3,50.875,3,Cat-,1,0
PY1,10^3,50.875,3,Cat-,2,0
PY1,10^3,50.875,3,Cat-,3,0
PY1,10^3,50.875,3,Cat-,4,0
PY1,10^3,50.875,3,Cat-,5,0
PY1,10^3,50.875,3,Cat-,6,0
PY1,10^3,50.875,3,Cat-,7,0
PY1,10^3,50.875,3,Cat-,8,0
PY1,10^3,50.875,3,Cat-,9,0
PY1,10^3,50.875,3,Cat-,10,0
PY1,10^3,50.875,3,Cat-,11,0
PY1,10^3,50.875,3,Cat-,12,0
PY1,10^3,50.875,3,Cat+,1,0.353336767
PY1,10^3,50.875,3,Cat+,2,0.031770156
PY1,10^3,50.875,3,Cat+,3,0.077119293
PY1,10^3,50.875,3,Cat+,4,1
PY1,10^3,50.875,3,Cat+,5,1
PY1,10^3,50.875,3,Cat+,6,1
PY1,10^3,50.875,3,Cat+,7,0.981010058
PY1,10^3,50.875,3,Cat+,8,1
PY1,10^3,50.875,3,Cat+,9,1
PY1,10^3,50.875,3,Cat+,10,0.730559139
PY1,10^3,50.875,3,Cat+,11,1
PY1,10^3,50.875,3,Cat+,12,0.072481313
PY1,10^3,58.60416667,1,Cat-,1,0.040930091
PY1,10^3,58.60416667,1,Cat-,2,0
PY1,10^3,58.60416667,1,Cat-,3,0
PY1,10^3,58.60416667,1,Cat-,4,0.017872812
PY1,10^3,58.60416667,1,Cat-,5,0
PY1,10^3,58.60416667,1,Cat-,6,0
PY1,10^3,58.60416667,1,Cat-,7,0
PY1,10^3,58.60416667,1,Cat-,8,0
PY1,10^3,58.60416667,1,Cat-,9,0
PY1,10^3,58.60416667,1,Cat-,10,0
PY1,10^3,58.60416667,1,Cat-,11,0
PY1,10^3,58.60416667,1,Cat-,12,0
PY1,10^3,58.60416667,1,Cat+,1,0.789289189
PY1,10^3,58.60416667,1,Cat+,2,1
PY1,10^3,58.60416667,1,Cat+,3,1
PY1,10^3,58.60416667,1,Cat+,4,0.076518501
PY1,10^3,58.60416667,1,Cat+,5,0.031907678
PY1,10^3,58.60416667,1,Cat+,6,0.038423865
PY1,10^3,58.60416667,1,Cat+,7,1
PY1,10^3,58.60416667,1,Cat+,8,1
PY1,10^3,58.60416667,1,Cat+,9,1
PY1,10^3,58.60416667,1,Cat+,10,1
PY1,10^3,58.60416667,1,Cat+,11,0.150702792
PY1,10^3,58.60416667,1,Cat+,12,1
PY1,10^3,58.60416667,2,Cat-,1,0
PY1,10^3,58.60416667,2,Cat-,2,0
PY1,10^3,58.60416667,2,Cat-,3,0
PY1,10^3,58.60416667,2,Cat-,4,0
PY1,10^3,58.60416667,2,Cat-,5,0
PY1,10^3,58.60416667,2,Cat-,6,0
PY1,10^3,58.60416667,2,Cat-,7,0
PY1,10^3,58.60416667,2,Cat-,8,0
PY1,10^3,58.60416667,2,Cat-,9,0
PY1,10^3,58.60416667,2,Cat-,10,0
PY1,10^3,58.60416667,2,Cat-,11,0
PY1,10^3,58.60416667,2,Cat-,12,0
PY1,10^3,58.60416667,2,Cat+,1,0.15822147
PY1,10^3,58.60416667,2,Cat+,2,0.007847908
PY1,10^3,58.60416667,2,Cat+,3,0.511098098
PY1,10^3,58.60416667,2,Cat+,4,1
PY1,10^3,58.60416667,2,Cat+,5,1
PY1,10^3,58.60416667,2,Cat+,6,0.075516011
PY1,10^3,58.60416667,2,Cat+,7,1
PY1,10^3,58.60416667,2,Cat+,8,1
PY1,10^3,58.60416667,2,Cat+,9,0.999310932
PY1,10^3,58.60416667,2,Cat+,10,1
PY1,10^3,58.60416667,2,Cat+,11,0.031406432
PY1,10^3,58.60416667,2,Cat+,12,0.171755091
PY1,10^3,57.875,3,Cat-,1,0
PY1,10^3,57.875,3,Cat-,2,0
PY1,10^3,57.875,3,Cat-,3,0
PY1,10^3,57.875,3,Cat-,4,0
PY1,10^3,57.875,3,Cat-,5,0
PY1,10^3,57.875,3,Cat-,6,0
PY1,10^3,57.875,3,Cat-,7,0
PY1,10^3,57.875,3,Cat-,8,0
PY1,10^3,57.875,3,Cat-,9,0
PY1,10^3,57.875,3,Cat-,10,0
PY1,10^3,57.875,3,Cat-,11,0
PY1,10^3,57.875,3,Cat-,12,0
PY1,10^3,57.875,3,Cat+,1,0.988685784
PY1,10^3,57.875,3,Cat+,2,0.067967563
PY1,10^3,57.875,3,Cat+,3,0.210012409
PY1,10^3,57.875,3,Cat+,4,1
PY1,10^3,57.875,3,Cat+,5,1
PY1,10^3,57.875,3,Cat+,6,1
PY1,10^3,57.875,3,Cat+,7,1
PY1,10^3,57.875,3,Cat+,8,1
PY1,10^3,57.875,3,Cat+,9,1
PY1,10^3,57.875,3,Cat+,10,1
PY1,10^3,57.875,3,Cat+,11,1
PY1,10^3,57.875,3,Cat+,12,0.24552362
PY1,10^3,65.89583333,1,Cat-,1,0.046061126
PY1,10^3,65.89583333,1,Cat-,2,0
PY1,10^3,65.89583333,1,Cat-,3,0
PY1,10^3,65.89583333,1,Cat-,4,0.026068068
PY1,10^3,65.89583333,1,Cat-,5,0
PY1,10^3,65.89583333,1,Cat-,6,0
PY1,10^3,65.89583333,1,Cat-,7,0
PY1,10^3,65.89583333,1,Cat-,8,0
PY1,10^3,65.89583333,1,Cat-,9,0
PY1,10^3,65.89583333,1,Cat-,10,0
PY1,10^3,65.89583333,1,Cat-,11,0
PY1,10^3,65.89583333,1,Cat-,12,0
PY1,10^3,65.89583333,1,Cat+,1,0.967692324
PY1,10^3,65.89583333,1,Cat+,2,1
PY1,10^3,65.89583333,1,Cat+,3,1
PY1,10^3,65.89583333,1,Cat+,4,0.332303196
PY1,10^3,65.89583333,1,Cat+,5,0.06751709
PY1,10^3,65.89583333,1,Cat+,6,0.08507197
PY1,10^3,65.89583333,1,Cat+,7,1
PY1,10^3,65.89583333,1,Cat+,8,1
PY1,10^3,65.89583333,1,Cat+,9,1
PY1,10^3,65.89583333,1,Cat+,10,1
PY1,10^3,65.89583333,1,Cat+,11,0.435194298
PY1,10^3,65.89583333,1,Cat+,12,1
PY1,10^3,65.89583333,2,Cat-,1,0
PY1,10^3,65.89583333,2,Cat-,2,0
PY1,10^3,65.89583333,2,Cat-,3,0
PY1,10^3,65.89583333,2,Cat-,4,0
PY1,10^3,65.89583333,2,Cat-,5,0
PY1,10^3,65.89583333,2,Cat-,6,0
PY1,10^3,65.89583333,2,Cat-,7,0
PY1,10^3,65.89583333,2,Cat-,8,0
PY1,10^3,65.89583333,2,Cat-,9,0
PY1,10^3,65.89583333,2,Cat-,10,0
PY1,10^3,65.89583333,2,Cat-,11,0
PY1,10^3,65.89583333,2,Cat-,12,0
PY1,10^3,65.89583333,2,Cat+,1,1
PY1,10^3,65.89583333,2,Cat+,2,0.157738494
PY1,10^3,65.89583333,2,Cat+,3,0.764575336
PY1,10^3,65.89583333,2,Cat+,4,1
PY1,10^3,65.89583333,2,Cat+,5,1
PY1,10^3,65.89583333,2,Cat+,6,1
PY1,10^3,65.89583333,2,Cat+,7,1
PY1,10^3,65.89583333,2,Cat+,8,1
PY1,10^3,65.89583333,2,Cat+,9,1
PY1,10^3,65.89583333,2,Cat+,10,1
PY1,10^3,65.89583333,2,Cat+,11,1
PY1,10^3,65.89583333,2,Cat+,12,0.709787831
PY1,10^3,65.89583333,3,Cat-,1,0
PY1,10^3,65.89583333,3,Cat-,2,0
PY1,10^3,65.89583333,3,Cat-,3,0
PY1,10^3,65.89583333,3,Cat-,4,0
PY1,10^3,65.89583333,3,Cat-,5,0
PY1,10^3,65.89583333,3,Cat-,6,0
PY1,10^3,65.89583333,3,Cat-,7,0
PY1,10^3,65.89583333,3,Cat-,8,0
PY1,10^3,65.89583333,3,Cat-,9,0
PY1,10^3,65.89583333,3,Cat-,10,0
PY1,10^3,65.89583333,3,Cat-,11,0
PY1,10^3,65.89583333,3,Cat-,12,0
PY1,10^3,65.89583333,3,Cat+,1,0.988685784
PY1,10^3,65.89583333,3,Cat+,2,0.067967563
PY1,10^3,65.89583333,3,Cat+,3,0.210012409
PY1,10^3,65.89583333,3,Cat+,4,1
PY1,10^3,65.89583333,3,Cat+,5,1
PY1,10^3,65.89583333,3,Cat+,6,1
PY1,10^3,65.89583333,3,Cat+,7,1
PY1,10^3,65.89583333,3,Cat+,8,1
PY1,10^3,65.89583333,3,Cat+,9,1
PY1,10^3,65.89583333,3,Cat+,10,1
PY1,10^3,65.89583333,3,Cat+,11,1
PY1,10^3,65.89583333,3,Cat+,12,0.24552362
PY1,10^5,57.875,1,Cat-,1,0.069938743
PY1,10^5,57.875,1,Cat-,2,0.091086795
PY1,10^5,57.875,1,Cat-,3,0.126875807
PY1,10^5,57.875,1,Cat-,4,0.080241641
PY1,10^5,57.875,1,Cat-,5,0.092171311
PY1,10^5,57.875,1,Cat-,6,0.157784498
PY1,10^5,57.875,1,Cat-,7,0.087833249
PY1,10^5,57.875,1,Cat-,8,0.092171311
PY1,10^5,57.875,1,Cat-,9,0.15507321
PY1,10^5,57.875,1,Cat-,10,0.083495187
PY1,10^5,57.875,1,Cat-,11,0.09000228
PY1,10^5,57.875,1,Cat-,12,0.143685797
PY1,10^5,57.875,2,Cat-,1,0.0948826
PY1,10^5,57.875,2,Cat-,2,0.100305177
PY1,10^5,57.875,2,Cat-,3,0.151819663
PY1,10^5,57.875,2,Cat-,4,0.098678404
PY1,10^5,57.875,2,Cat-,5,0.100847435
PY1,10^5,57.875,2,Cat-,6,0.164291591
PY1,10^5,57.875,2,Cat-,7,0.081868414
PY1,10^5,57.875,2,Cat-,8,0.102474208
PY1,10^5,57.875,2,Cat-,9,0.158326756
PY1,10^5,57.875,2,Cat-,10,0.080783898
PY1,10^5,57.875,2,Cat-,11,0.104643239
PY1,10^5,57.875,2,Cat-,12,0.147481601
PY1,10^5,57.875,3,Cat-,1,0.280877007
PY1,10^5,57.875,3,Cat-,2,0.075903579
PY1,10^5,57.875,3,Cat-,3,0.125249034
PY1,10^5,57.875,3,Cat-,4,0.20062286
PY1,10^5,57.875,3,Cat-,5,0.248341542
PY1,10^5,57.875,3,Cat-,6,0.131213869
PY1,10^5,57.875,3,Cat-,7,0.076445836
PY1,10^5,57.875,3,Cat-,8,0.081868414
PY1,10^5,57.875,3,Cat-,9,0.148566117
PY1,10^5,57.875,3,Cat-,10,0.072650032
PY1,10^5,57.875,3,Cat-,11,0.080783898
PY1,10^5,57.875,3,Cat-,12,0.124164518
PY1,10^5,65.9375,1,Cat-,1,0.090153172
PY1,10^5,65.9375,1,Cat-,2,0.115678822
PY1,10^5,65.9375,1,Cat-,3,0.166730123
PY1,10^5,65.9375,1,Cat-,4,0.10155825
PY1,10^5,65.9375,1,Cat-,5,0.114592625
PY1,10^5,65.9375,1,Cat-,6,0.191169576
PY1,10^5,65.9375,1,Cat-,7,0.118394317
PY1,10^5,65.9375,1,Cat-,8,0.118394317
PY1,10^5,65.9375,1,Cat-,9,0.188454081
PY1,10^5,65.9375,1,Cat-,10,0.10155825
PY1,10^5,65.9375,1,Cat-,11,0.10644614
PY1,10^5,65.9375,1,Cat-,12,0.169988717
PY1,10^5,65.9375,2,Cat-,1,0.112963328
PY1,10^5,65.9375,2,Cat-,2,0.125454603
PY1,10^5,65.9375,2,Cat-,3,0.17324731
PY1,10^5,65.9375,2,Cat-,4,0.108075437
PY1,10^5,65.9375,2,Cat-,5,0.121652911
PY1,10^5,65.9375,2,Cat-,6,0.192798872
PY1,10^5,65.9375,2,Cat-,7,0.106989239
PY1,10^5,65.9375,2,Cat-,8,0.124911504
PY1,10^5,65.9375,2,Cat-,9,0.200402258
PY1,10^5,65.9375,2,Cat-,10,0.103730646
PY1,10^5,65.9375,2,Cat-,11,0.1270839
PY1,10^5,65.9375,2,Cat-,12,0.187367883
PY1,10^5,65.9375,3,Cat-,1,0.84669
PY1,10^5,65.9375,3,Cat-,2,0.150980254
PY1,10^5,65.9375,3,Cat-,3,0.206376346
PY1,10^5,65.9375,3,Cat-,4,0.720691045
PY1,10^5,65.9375,3,Cat-,5,0.713630759
PY1,10^5,65.9375,3,Cat-,6,0.217781424
PY1,10^5,65.9375,3,Cat-,7,0.129799395
PY1,10^5,65.9375,3,Cat-,8,0.129799395
PY1,10^5,65.9375,3,Cat-,9,0.230272699
PY1,10^5,65.9375,3,Cat-,10,0.102644448
PY1,10^5,65.9375,3,Cat-,11,0.131428692
PY1,10^5,65.9375,3,Cat-,12,0.197143664
PY1,10^1,65.95833333,1,Cat+,1,0
PY1,10^1,65.95833333,1,Cat+,2,0
PY1,10^1,65.95833333,1,Cat+,3,0
PY1,10^1,65.95833333,1,Cat+,4,0
PY1,10^1,65.95833333,1,Cat+,5,0
PY1,10^1,65.95833333,1,Cat+,6,0
PY1,10^1,65.95833333,1,Cat+,7,0
PY1,10^1,65.95833333,1,Cat+,8,0
PY1,10^1,65.95833333,1,Cat+,9,0
PY1,10^1,65.95833333,1,Cat+,10,0
PY1,10^1,65.95833333,1,Cat+,11,0
PY1,10^1,65.95833333,1,Cat+,12,0
PY1,10^1,65.95833333,2,Cat+,1,0
PY1,10^1,65.95833333,2,Cat+,2,0
PY1,10^1,65.95833333,2,Cat+,3,0
PY1,10^1,65.95833333,2,Cat+,4,0
PY1,10^1,65.95833333,2,Cat+,5,0
PY1,10^1,65.95833333,2,Cat+,6,0
PY1,10^1,65.95833333,2,Cat+,7,0
PY1,10^1,65.95833333,2,Cat+,8,0
PY1,10^1,65.95833333,2,Cat+,9,0
PY1,10^1,65.95833333,2,Cat+,10,0
PY1,10^1,65.95833333,2,Cat+,11,0
PY1,10^1,65.95833333,2,Cat+,12,0
PY1,10^1,65.95833333,3,Cat+,1,0
PY1,10^1,65.95833333,3,Cat+,2,0
PY1,10^1,65.95833333,3,Cat+,3,0
PY1,10^1,65.95833333,3,Cat+,4,0
PY1,10^1,65.95833333,3,Cat+,5,0
PY1,10^1,65.95833333,3,Cat+,6,0
PY1,10^1,65.95833333,3,Cat+,7,0
PY1,10^1,65.95833333,3,Cat+,8,0
PY1,10^1,65.95833333,3,Cat+,9,0
PY1,10^1,65.95833333,3,Cat+,10,0
PY1,10^1,65.95833333,3,Cat+,11,0
PY1,10^1,65.95833333,3,Cat+,12,0
PY1,10^3,72.77083333,1,Cat-,1,0.060319402
PY1,10^3,72.77083333,1,Cat-,2,0
PY1,10^3,72.77083333,1,Cat-,3,0.003522795
PY1,10^3,72.77083333,1,Cat-,4,0.04024474
PY1,10^3,72.77083333,1,Cat-,5,0
PY1,10^3,72.77083333,1,Cat-,6,0.003522795
PY1,10^3,72.77083333,1,Cat-,7,0
PY1,10^3,72.77083333,1,Cat-,8,0
PY1,10^3,72.77083333,1,Cat-,9,0.005970925
PY1,10^3,72.77083333,1,Cat-,10,0
PY1,10^3,72.77083333,1,Cat-,11,0
PY1,10^3,72.77083333,1,Cat-,12,0.007929428
PY1,10^3,72.77083333,1,Cat+,1,1
PY1,10^3,72.77083333,1,Cat+,2,1
PY1,10^3,72.77083333,1,Cat+,3,1
PY1,10^3,72.77083333,1,Cat+,4,0.642484627
PY1,10^3,72.77083333,1,Cat+,5,0.186153265
PY1,10^3,72.77083333,1,Cat+,6,0.267920795
PY1,10^3,72.77083333,1,Cat+,7,1
PY1,10^3,72.77083333,1,Cat+,8,1
PY1,10^3,72.77083333,1,Cat+,9,1
PY1,10^3,72.77083333,1,Cat+,10,1
PY1,10^3,72.77083333,1,Cat+,11,0.660600786
PY1,10^3,72.77083333,1,Cat+,12,1
PY1,10^3,72.77083333,2,Cat-,1,0
PY1,10^3,72.77083333,2,Cat-,2,0
PY1,10^3,72.77083333,2,Cat-,3,0
PY1,10^3,72.77083333,2,Cat-,4,0
PY1,10^3,72.77083333,2,Cat-,5,0
PY1,10^3,72.77083333,2,Cat-,6,0.002543543
PY1,10^3,72.77083333,2,Cat-,7,0
PY1,10^3,72.77083333,2,Cat-,8,0
PY1,10^3,72.77083333,2,Cat-,9,0.003033169
PY1,10^3,72.77083333,2,Cat-,10,0
PY1,10^3,72.77083333,2,Cat-,11,0
PY1,10^3,72.77083333,2,Cat-,12,0
PY1,10^3,72.77083333,2,Cat+,1,1
PY1,10^3,72.77083333,2,Cat+,2,0.100958354
PY1,10^3,72.77083333,2,Cat+,3,1
PY1,10^3,72.77083333,2,Cat+,4,1
PY1,10^3,72.77083333,2,Cat+,5,1
PY1,10^3,72.77083333,2,Cat+,6,0.632202483
PY1,10^3,72.77083333,2,Cat+,7,1
PY1,10^3,72.77083333,2,Cat+,8,1
PY1,10^3,72.77083333,2,Cat+,9,1
PY1,10^3,72.77083333,2,Cat+,10,1
PY1,10^3,72.77083333,2,Cat+,11,0.43782099
PY1,10^3,72.77083333,2,Cat+,12,0.912268512
PY1,10^3,72.77083333,3,Cat-,1,0
PY1,10^3,72.77083333,3,Cat-,2,0
PY1,10^3,72.77083333,3,Cat-,3,0.006636458
PY1,10^3,72.77083333,3,Cat-,4,0
PY1,10^3,72.77083333,3,Cat-,5,0
PY1,10^3,72.77083333,3,Cat-,6,0.018675351
PY1,10^3,72.77083333,3,Cat-,7,0
PY1,10^3,72.77083333,3,Cat-,8,0
PY1,10^3,72.77083333,3,Cat-,9,0.01434135
PY1,10^3,72.77083333,3,Cat-,10,0
PY1,10^3,72.77083333,3,Cat-,11,0
PY1,10^3,72.77083333,3,Cat-,12,0.012415127
PY1,10^3,72.77083333,3,Cat+,1,1
PY1,10^3,72.77083333,3,Cat+,2,0.464595944
PY1,10^3,72.77083333,3,Cat+,3,0.945670104
PY1,10^3,72.77083333,3,Cat+,4,1
PY1,10^3,72.77083333,3,Cat+,5,1
PY1,10^3,72.77083333,3,Cat+,6,1
PY1,10^3,72.77083333,3,Cat+,7,1
PY1,10^3,72.77083333,3,Cat+,8,1
PY1,10^3,72.77083333,3,Cat+,9,1
PY1,10^3,72.77083333,3,Cat+,10,1
PY1,10^3,72.77083333,3,Cat+,11,1
PY1,10^3,72.77083333,3,Cat+,12,0.911479648
PY1,10^5,72.77083333,1,Cat-,1,0.076759176
PY1,10^5,72.77083333,1,Cat-,2,0.101786423
PY1,10^5,72.77083333,1,Cat-,3,0.157576327
PY1,10^5,72.77083333,1,Cat-,4,0.0892728
PY1,10^5,72.77083333,1,Cat-,5,0.108564635
PY1,10^5,72.77083333,1,Cat-,6,0.182082172
PY1,10^5,72.77083333,1,Cat-,7,0.109607437
PY1,10^5,72.77083333,1,Cat-,8,0.102829225
PY1,10^5,72.77083333,1,Cat-,9,0.200331206
PY1,10^5,72.77083333,1,Cat-,10,0.092401205
PY1,10^5,72.77083333,1,Cat-,11,0.09500821
PY1,10^5,72.77083333,1,Cat-,12,0.157054926
PY1,10^5,72.77083333,2,Cat-,1,0.092922606
PY1,10^5,72.77083333,2,Cat-,2,0.117949853
PY1,10^5,72.77083333,2,Cat-,3,0.161226133
PY1,10^5,72.77083333,2,Cat-,4,0.099700819
PY1,10^5,72.77083333,2,Cat-,5,0.112214442
PY1,10^5,72.77083333,2,Cat-,6,0.194074395
PY1,10^5,72.77083333,2,Cat-,7,0.099700819
PY1,10^5,72.77083333,2,Cat-,8,0.116907051
PY1,10^5,72.77083333,2,Cat-,9,0.194595795
PY1,10^5,72.77083333,2,Cat-,10,0.089794201
PY1,10^5,72.77083333,2,Cat-,11,0.126813669
PY1,10^5,72.77083333,2,Cat-,12,0.179475167
PY1,10^5,72.77083333,3,Cat-,1,0.931335366
PY1,10^5,72.77083333,3,Cat-,2,0.314518018
PY1,10^5,72.77083333,3,Cat-,3,0.231615264
PY1,10^5,72.77083333,3,Cat-,4,0.831226379
PY1,10^5,72.77083333,3,Cat-,5,0.753537635
PY1,10^5,72.77083333,3,Cat-,6,0.262899322
PY1,10^5,72.77083333,3,Cat-,7,0.14871251
PY1,10^5,72.77083333,3,Cat-,8,0.178953766
PY1,10^5,72.77083333,3,Cat-,9,0.255599709
PY1,10^5,72.77083333,3,Cat-,10,0.125249467
PY1,10^5,72.77083333,3,Cat-,11,0.136198887
PY1,10^5,72.77083333,3,Cat-,12,0.203459612
PY1,10^3,73.89583333,2,Cat-,1,0
PY1,10^3,73.89583333,2,Cat-,2,0
PY1,10^3,73.89583333,2,Cat-,3,0
PY1,10^3,73.89583333,2,Cat-,4,0
PY1,10^3,73.89583333,2,Cat-,5,0
PY1,10^3,73.89583333,2,Cat-,6,0
PY1,10^3,73.89583333,2,Cat-,7,0
PY1,10^3,73.89583333,2,Cat-,8,0
PY1,10^3,73.89583333,2,Cat-,9,0
PY1,10^3,73.89583333,2,Cat-,10,0
PY1,10^3,73.89583333,2,Cat-,11,0
PY1,10^3,73.89583333,2,Cat-,12,0
PY1,10^3,73.89583333,2,Cat+,1,1
PY1,10^3,73.89583333,2,Cat+,2,0.1173303
PY1,10^3,73.89583333,2,Cat+,3,1
PY1,10^3,73.89583333,2,Cat+,4,1
PY1,10^3,73.89583333,2,Cat+,5,1
PY1,10^3,73.89583333,2,Cat+,6,0.690542239
PY1,10^3,73.89583333,2,Cat+,7,1
PY1,10^3,73.89583333,2,Cat+,8,1
PY1,10^3,73.89583333,2,Cat+,9,1
PY1,10^3,73.89583333,2,Cat+,10,1
PY1,10^3,73.89583333,2,Cat+,11,0.530063874
PY1,10^3,73.89583333,2,Cat+,12,1
PY1,10^5,79.58333333,1,Cat-,1,0.06374941
PY1,10^5,79.58333333,1,Cat-,2,0.077450473
PY1,10^5,79.58333333,1,Cat-,3,0.132727174
PY1,10^5,79.58333333,1,Cat-,4,0.065166761
PY1,10^5,79.58333333,1,Cat-,5,0.088316833
PY1,10^5,79.58333333,1,Cat-,6,0.167688507
PY1,10^5,79.58333333,1,Cat-,7,0.084064779
PY1,10^5,79.58333333,1,Cat-,8,0.091623986
PY1,10^5,79.58333333,1,Cat-,9,0.150680291
PY1,10^5,79.58333333,1,Cat-,10,0.077450473
PY1,10^5,79.58333333,1,Cat-,11,0.082647428
PY1,10^5,79.58333333,1,Cat-,12,0.150207841
PY1,10^5,79.58333333,2,Cat-,1,0.071781067
PY1,10^5,79.58333333,2,Cat-,2,0.087371932
PY1,10^5,79.58333333,2,Cat-,3,0.139813931
PY1,10^5,79.58333333,2,Cat-,4,0.070363716
PY1,10^5,79.58333333,2,Cat-,5,0.080285175
PY1,10^5,79.58333333,2,Cat-,6,0.177609966
PY1,10^5,79.58333333,2,Cat-,7,0.071781067
PY1,10^5,79.58333333,2,Cat-,8,0.059497356
PY1,10^5,79.58333333,2,Cat-,9,0.176192615
PY1,10^5,79.58333333,2,Cat-,10,0.072253518
PY1,10^5,79.58333333,2,Cat-,11,0.101072995
PY1,10^5,79.58333333,2,Cat-,12,0.16060175
PY1,10^5,79.58333333,3,Cat-,1,0.913687754
PY1,10^5,79.58333333,3,Cat-,2,0.496041564
PY1,10^5,79.58333333,3,Cat-,3,0.229107064
PY1,10^5,79.58333333,3,Cat-,4,0.831481378
PY1,10^5,79.58333333,3,Cat-,5,0.778566928
PY1,10^5,79.58333333,3,Cat-,6,0.265013298
PY1,10^5,79.58333333,3,Cat-,7,0.164853804
PY1,10^5,79.58333333,3,Cat-,8,0.164381354
PY1,10^5,79.58333333,3,Cat-,9,0.23524892
PY1,10^5,79.58333333,3,Cat-,10,0.116663859
PY1,10^5,79.58333333,3,Cat-,11,0.142176183
PY1,10^5,79.58333333,3,Cat-,12,0.197452885
PY1,10^3,79.58333333,1,Cat-,1,0.033772688
PY1,10^3,79.58333333,1,Cat-,2,0
PY1,10^3,79.58333333,1,Cat-,3,0
PY1,10^3,79.58333333,1,Cat-,4,0.018505291
PY1,10^3,79.58333333,1,Cat-,5,0
PY1,10^3,79.58333333,1,Cat-,6,0
PY1,10^3,79.58333333,1,Cat-,7,0
PY1,10^3,79.58333333,1,Cat-,8,0
PY1,10^3,79.58333333,1,Cat-,9,0
PY1,10^3,79.58333333,1,Cat-,10,0
PY1,10^3,79.58333333,1,Cat-,11,0
PY1,10^3,79.58333333,1,Cat-,12,0
PY1,10^3,79.58333333,1,Cat+,1,1
PY1,10^3,79.58333333,1,Cat+,2,1
PY1,10^3,79.58333333,1,Cat+,3,1
PY1,10^3,79.58333333,1,Cat+,4,0.704583951
PY1,10^3,79.58333333,1,Cat+,5,0.375857806
PY1,10^3,79.58333333,1,Cat+,6,0.449332155
PY1,10^3,79.58333333,1,Cat+,7,1
PY1,10^3,79.58333333,1,Cat+,8,1
PY1,10^3,79.58333333,1,Cat+,9,1
PY1,10^3,79.58333333,1,Cat+,10,1
PY1,10^3,79.58333333,1,Cat+,11,0.696473147
PY1,10^3,79.58333333,1,Cat+,12,1
PY1,10^3,79.58333333,2,Cat-,1,0
PY1,10^3,79.58333333,2,Cat-,2,0
PY1,10^3,79.58333333,2,Cat-,3,0
PY1,10^3,79.58333333,2,Cat-,4,0
PY1,10^3,79.58333333,2,Cat-,5,0
PY1,10^3,79.58333333,2,Cat-,6,0
PY1,10^3,79.58333333,2,Cat-,7,0
PY1,10^3,79.58333333,2,Cat-,8,0
PY1,10^3,79.58333333,2,Cat-,9,0
PY1,10^3,79.58333333,2,Cat-,10,0
PY1,10^3,79.58333333,2,Cat-,11,0
PY1,10^3,79.58333333,2,Cat-,12,0
PY1,10^3,79.58333333,2,Cat+,1,1
PY1,10^3,79.58333333,2,Cat+,2,0.306128377
PY1,10^3,79.58333333,2,Cat+,3,1
PY1,10^3,79.58333333,2,Cat+,4,1
PY1,10^3,79.58333333,2,Cat+,5,1
PY1,10^3,79.58333333,2,Cat+,6,0.801198889
PY1,10^3,79.58333333,2,Cat+,7,1
PY1,10^3,79.58333333,2,Cat+,8,1
PY1,10^3,79.58333333,2,Cat+,9,1
PY1,10^3,79.58333333,2,Cat+,10,1
PY1,10^3,79.58333333,2,Cat+,11,0.720959707
PY1,10^3,79.58333333,2,Cat+,12,1
PY1,10^3,79.58333333,3,Cat-,1,0
PY1,10^3,79.58333333,3,Cat-,2,0
PY1,10^3,79.58333333,3,Cat-,3,0
PY1,10^3,79.58333333,3,Cat-,4,0
PY1,10^3,79.58333333,3,Cat-,5,0
PY1,10^3,79.58333333,3,Cat-,6,0
PY1,10^3,79.58333333,3,Cat-,7,0
PY1,10^3,79.58333333,3,Cat-,8,0
PY1,10^3,79.58333333,3,Cat-,9,0
PY1,10^3,79.58333333,3,Cat-,10,0
PY1,10^3,79.58333333,3,Cat-,11,0
PY1,10^3,79.58333333,3,Cat-,12,0
PY1,10^3,79.58333333,3,Cat+,1,1
PY1,10^3,79.58333333,3,Cat+,2,0.739430892
PY1,10^3,79.58333333,3,Cat+,3,0.929584876
PY1,10^3,79.58333333,3,Cat+,4,1
PY1,10^3,79.58333333,3,Cat+,5,1
PY1,10^3,79.58333333,3,Cat+,6,1
PY1,10^3,79.58333333,3,Cat+,7,1
PY1,10^3,79.58333333,3,Cat+,8,1
PY1,10^3,79.58333333,3,Cat+,9,1
PY1,10^3,79.58333333,3,Cat+,10,1
PY1,10^3,79.58333333,3,Cat+,11,1
PY1,10^3,79.58333333,3,Cat+,12,0.977123372
PY1,10^3,86.83333333,1,Cat-,1,0.069375934
PY1,10^3,86.83333333,1,Cat-,2,0.011013089
PY1,10^3,86.83333333,1,Cat-,3,0.030148448
PY1,10^3,86.83333333,1,Cat-,4,0.056937951
PY1,10^3,86.83333333,1,Cat-,5,0.010534705
PY1,10^3,86.83333333,1,Cat-,6,0.032061984
PY1,10^3,86.83333333,1,Cat-,7,0.000967025
PY1,10^3,86.83333333,1,Cat-,8,0.008142785
PY1,10^3,86.83333333,1,Cat-,9,0.033497136
PY1,10^3,86.83333333,1,Cat-,10,0
PY1,10^3,86.83333333,1,Cat-,11,0.002880561
PY1,10^3,86.83333333,1,Cat-,12,0.030148448
PY1,10^3,86.83333333,1,Cat+,1,1
PY1,10^3,86.83333333,1,Cat+,2,1
PY1,10^3,86.83333333,1,Cat+,3,1
PY1,10^3,86.83333333,1,Cat+,4,0.782168067
PY1,10^3,86.83333333,1,Cat+,5,0.530538093
PY1,10^3,86.83333333,1,Cat+,6,0.583638715
PY1,10^3,86.83333333,1,Cat+,7,1
PY1,10^3,86.83333333,1,Cat+,8,1
PY1,10^3,86.83333333,1,Cat+,9,1
PY1,10^3,86.83333333,1,Cat+,10,1
PY1,10^3,86.83333333,1,Cat+,11,0.788865443
PY1,10^3,86.83333333,1,Cat+,12,1
PY1,10^3,86.83333333,2,Cat-,1,0
PY1,10^3,86.83333333,2,Cat-,2,0
PY1,10^3,86.83333333,2,Cat-,3,0
PY1,10^3,86.83333333,2,Cat-,4,0
PY1,10^3,86.83333333,2,Cat-,5,0
PY1,10^3,86.83333333,2,Cat-,6,0
PY1,10^3,86.83333333,2,Cat-,7,0
PY1,10^3,86.83333333,2,Cat-,8,
PY1,10^3,86.83333333,2,Cat-,9,0
PY1,10^3,86.83333333,2,Cat-,10,0
PY1,10^3,86.83333333,2,Cat-,11,0
PY1,10^3,86.83333333,2,Cat-,12,0
PY1,10^3,86.83333333,2,Cat+,1,1
PY1,10^3,86.83333333,2,Cat+,2,0.586987402
PY1,10^3,86.83333333,2,Cat+,3,1
PY1,10^3,86.83333333,2,Cat+,4,1
PY1,10^3,86.83333333,2,Cat+,5,1
PY1,10^3,86.83333333,2,Cat+,6,0.820917169
PY1,10^3,86.83333333,2,Cat+,7,1
PY1,10^3,86.83333333,2,Cat+,8,1
PY1,10^3,86.83333333,2,Cat+,9,1
PY1,10^3,86.83333333,2,Cat+,10,1
PY1,10^3,86.83333333,2,Cat+,11,0.784559987
PY1,10^3,86.83333333,2,Cat+,12,1
PY1,10^3,86.83333333,3,Cat-,1,0.00700996
PY1,10^3,86.83333333,3,Cat-,2,0.009043913
PY1,10^3,86.83333333,3,Cat-,3,0.024298565
PY1,10^3,86.83333333,3,Cat-,4,0.004976006
PY1,10^3,86.83333333,3,Cat-,5,0.005484495
PY1,10^3,86.83333333,3,Cat-,6,0.042604146
PY1,10^3,86.83333333,3,Cat-,7,0
PY1,10^3,86.83333333,3,Cat-,8,0.004467518
PY1,10^3,86.83333333,3,Cat-,9,0.034976821
PY1,10^3,86.83333333,3,Cat-,10,0.000399611
PY1,10^3,86.83333333,3,Cat-,11,0.002942053
PY1,10^3,86.83333333,3,Cat-,12,0.041078681
PY1,10^3,86.83333333,3,Cat+,1,1
PY1,10^3,86.83333333,3,Cat+,2,0.902457997
PY1,10^3,86.83333333,3,Cat+,3,1
PY1,10^3,86.83333333,3,Cat+,4,1
PY1,10^3,86.83333333,3,Cat+,5,1
PY1,10^3,86.83333333,3,Cat+,6,1
PY1,10^3,86.83333333,3,Cat+,7,1
PY1,10^3,86.83333333,3,Cat+,8,1
PY1,10^3,86.83333333,3,Cat+,9,1
PY1,10^3,86.83333333,3,Cat+,10,1
PY1,10^3,86.83333333,3,Cat+,11,1
PY1,10^3,86.83333333,3,Cat+,12,1
PY1,10^1,87.91666667,1,Cat-,1,0
PY1,10^1,87.91666667,1,Cat-,2,0
PY1,10^1,87.91666667,1,Cat-,3,0
PY1,10^1,87.91666667,1,Cat-,4,0
PY1,10^1,87.91666667,1,Cat-,5,0
PY1,10^1,87.91666667,1,Cat-,6,0
PY1,10^1,87.91666667,1,Cat-,7,0
PY1,10^1,87.91666667,1,Cat-,8,0
PY1,10^1,87.91666667,1,Cat-,9,0
PY1,10^1,87.91666667,1,Cat-,10,0
PY1,10^1,87.91666667,1,Cat-,11,0
PY1,10^1,87.91666667,1,Cat-,12,0
PY1,10^1,87.91666667,1,Cat+,1,0
PY1,10^1,87.91666667,1,Cat+,2,0
PY1,10^1,87.91666667,1,Cat+,3,0
PY1,10^1,87.91666667,1,Cat+,4,0
PY1,10^1,87.91666667,1,Cat+,5,0
PY1,10^1,87.91666667,1,Cat+,6,0
PY1,10^1,87.91666667,1,Cat+,7,0
PY1,10^1,87.91666667,1,Cat+,8,0
PY1,10^1,87.91666667,1,Cat+,9,0
PY1,10^1,87.91666667,1,Cat+,10,0
PY1,10^1,87.91666667,1,Cat+,11,0
PY1,10^1,87.91666667,1,Cat+,12,0
PY1,10^1,87.91666667,2,Cat-,1,0
PY1,10^1,87.91666667,2,Cat-,2,0
PY1,10^1,87.91666667,2,Cat-,3,0
PY1,10^1,87.91666667,2,Cat-,4,0
PY1,10^1,87.91666667,2,Cat-,5,0
PY1,10^1,87.91666667,2,Cat-,6,0
PY1,10^1,87.91666667,2,Cat-,7,0
PY1,10^1,87.91666667,2,Cat-,8,0
PY1,10^1,87.91666667,2,Cat-,9,0
PY1,10^1,87.91666667,2,Cat-,10,0
PY1,10^1,87.91666667,2,Cat-,11,0
PY1,10^1,87.91666667,2,Cat-,12,0
PY1,10^1,87.91666667,2,Cat+,1,0
PY1,10^1,87.91666667,2,Cat+,2,0
PY1,10^1,87.91666667,2,Cat+,3,0
PY1,10^1,87.91666667,2,Cat+,4,0
PY1,10^1,87.91666667,2,Cat+,5,0
PY1,10^1,87.91666667,2,Cat+,6,0
PY1,10^1,87.91666667,2,Cat+,7,0
PY1,10^1,87.91666667,2,Cat+,8,0
PY1,10^1,87.91666667,2,Cat+,9,0
PY1,10^1,87.91666667,2,Cat+,10,0
PY1,10^1,87.91666667,2,Cat+,11,0
PY1,10^1,87.91666667,2,Cat+,12,0
PY1,10^1,87.91666667,3,Cat-,1,0
PY1,10^1,87.91666667,3,Cat-,2,0
PY1,10^1,87.91666667,3,Cat-,3,0
PY1,10^1,87.91666667,3,Cat-,4,0
PY1,10^1,87.91666667,3,Cat-,5,0
PY1,10^1,87.91666667,3,Cat-,6,0
PY1,10^1,87.91666667,3,Cat-,7,0
PY1,10^1,87.91666667,3,Cat-,8,0
PY1,10^1,87.91666667,3,Cat-,9,0
PY1,10^1,87.91666667,3,Cat-,10,0
PY1,10^1,87.91666667,3,Cat-,11,0
PY1,10^1,87.91666667,3,Cat-,12,0
PY1,10^1,87.91666667,3,Cat+,1,0
PY1,10^1,87.91666667,3,Cat+,2,0
PY1,10^1,87.91666667,3,Cat+,3,0
PY1,10^1,87.91666667,3,Cat+,4,0
PY1,10^1,87.91666667,3,Cat+,5,0
PY1,10^1,87.91666667,3,Cat+,6,0
PY1,10^1,87.91666667,3,Cat+,7,0.282259161
PY1,10^1,87.91666667,3,Cat+,8,0
PY1,10^1,87.91666667,3,Cat+,9,0
PY1,10^1,87.91666667,3,Cat+,10,0
PY1,10^1,87.91666667,3,Cat+,11,0
PY1,10^1,87.91666667,3,Cat+,12,0
PY1,10^5,86.83333333,1,Cat-,1,0.107523008
PY1,10^5,86.83333333,1,Cat-,2,0.117006079
PY1,10^5,86.83333333,1,Cat-,3,0.179482781
PY1,10^5,86.83333333,1,Cat-,4,0.098597765
PY1,10^5,86.83333333,1,Cat-,5,0.128720461
PY1,10^5,86.83333333,1,Cat-,6,0.240286
PY1,10^5,86.83333333,1,Cat-,7,0.124257839
PY1,10^5,86.83333333,1,Cat-,8,0.122584356
PY1,10^5,86.83333333,1,Cat-,9,0.223551169
PY1,10^5,86.83333333,1,Cat-,10,0.11421694
PY1,10^5,86.83333333,1,Cat-,11,0.11198563
PY1,10^5,86.83333333,1,Cat-,12,0.195101956
PY1,10^5,86.83333333,2,Cat-,1,0.098597765
PY1,10^5,86.83333333,2,Cat-,2,0.146570947
PY1,10^5,86.83333333,2,Cat-,3,0.217415064
PY1,10^5,86.83333333,2,Cat-,4,0.11923739
PY1,10^5,86.83333333,2,Cat-,5,0.130951771
PY1,10^5,86.83333333,2,Cat-,6,0.226898135
PY1,10^5,86.83333333,2,Cat-,7,0.098039937
PY1,10^5,86.83333333,2,Cat-,8,0.118679562
PY1,10^5,86.83333333,2,Cat-,9,0.240286
PY1,10^5,86.83333333,2,Cat-,10,0.095250799
PY1,10^5,86.83333333,2,Cat-,11,0.122584356
PY1,10^5,86.83333333,2,Cat-,12,0.201795889
PY1,10^5,86.83333333,3,Cat-,1,1
PY1,10^5,86.83333333,3,Cat-,2,0.649731528
PY1,10^5,86.83333333,3,Cat-,3,0.330096259
PY1,10^5,86.83333333,3,Cat-,4,1
PY1,10^5,86.83333333,3,Cat-,5,0.916930994
PY1,10^5,86.83333333,3,Cat-,6,0.365797231
PY1,10^5,86.83333333,3,Cat-,7,0.221877686
PY1,10^5,86.83333333,3,Cat-,8,0.244190794
PY1,10^5,86.83333333,3,Cat-,9,0.332327569
PY1,10^5,86.83333333,3,Cat-,10,0.182271919
PY1,10^5,86.83333333,3,Cat-,11,0.200122406
PY1,10^5,86.83333333,3,Cat-,12,0.271524351
PY1,10^3,92.70833333,1,Cat+,1,1
PY1,10^3,92.70833333,1,Cat+,2,1
PY1,10^3,92.70833333,1,Cat+,3,1
PY1,10^3,92.70833333,1,Cat+,4,0.926196827
PY1,10^3,92.70833333,1,Cat+,5,0.590184904
PY1,10^3,92.70833333,1,Cat+,6,0.646599277
PY1,10^3,92.70833333,1,Cat+,7,1
PY1,10^3,92.70833333,1,Cat+,8,1
PY1,10^3,92.70833333,1,Cat+,9,1
PY1,10^3,92.70833333,1,Cat+,10,1
PY1,10^3,92.70833333,1,Cat+,11,0.905412584
PY1,10^3,92.70833333,1,Cat+,12,1
PY1,10^3,92.70833333,2,Cat+,1,1
PY1,10^3,92.70833333,2,Cat+,2,0.704498238
PY1,10^3,92.70833333,2,Cat+,3,1
PY1,10^3,92.70833333,2,Cat+,4,1
PY1,10^3,92.70833333,2,Cat+,5,1
PY1,10^3,92.70833333,2,Cat+,6,0.93361977
PY1,10^3,92.70833333,2,Cat+,7,1
PY1,10^3,92.70833333,2,Cat+,8,1
PY1,10^3,92.70833333,2,Cat+,9,1
PY1,10^3,92.70833333,2,Cat+,10,1
PY1,10^3,92.70833333,2,Cat+,11,0.956878328
PY1,10^3,92.70833333,2,Cat+,12,1
PY1,10^3,92.70833333,3,Cat+,1,1
PY1,10^3,92.70833333,3,Cat+,2,0.964301271
PY1,10^3,92.70833333,3,Cat+,3,1
PY1,10^3,92.70833333,3,Cat+,4,1
PY1,10^3,92.70833333,3,Cat+,5,1
PY1,10^3,92.70833333,3,Cat+,6,1
PY1,10^3,92.70833333,3,Cat+,7,1
PY1,10^3,92.70833333,3,Cat+,8,1
PY1,10^3,92.70833333,3,Cat+,9,1
PY1,10^3,92.70833333,3,Cat+,10,1
PY1,10^3,92.70833333,3,Cat+,11,1
PY1,10^3,92.70833333,3,Cat+,12,1
PY1,10^3,107.75,1,Cat-,1,0.091852065
PY1,10^3,107.75,1,Cat-,2,0.035036611
PY1,10^3,107.75,1,Cat-,3,0.07555255
PY1,10^3,107.75,1,Cat-,4,0.07555255
PY1,10^3,107.75,1,Cat-,5,0.039693615
PY1,10^3,107.75,1,Cat-,6,0.087195061
PY1,10^3,107.75,1,Cat-,7,0.0233941
PY1,10^3,107.75,1,Cat-,8,0.047144822
PY1,10^3,107.75,1,Cat-,9,0.08672936
PY1,10^3,107.75,1,Cat-,10,0.025722602
PY1,10^3,107.75,1,Cat-,11,0.040625016
PY1,10^3,107.75,1,Cat-,12,0.109082982
PY1,10^3,107.75,1,Cat+,1,1
PY1,10^3,107.75,1,Cat+,2,1
PY1,10^3,107.75,1,Cat+,3,1
PY1,10^3,107.75,1,Cat+,4,0.902636539
PY1,10^3,107.75,1,Cat+,5,0.619490669
PY1,10^3,107.75,1,Cat+,6,0.69493414
PY1,10^3,107.75,1,Cat+,7,1
PY1,10^3,107.75,1,Cat+,8,1
PY1,10^3,107.75,1,Cat+,9,1
PY1,10^3,107.75,1,Cat+,10,1
PY1,10^3,107.75,1,Cat+,11,1
PY1,10^3,107.75,1,Cat+,12,1
PY1,10^3,107.75,2,Cat-,1,0
PY1,10^3,107.75,2,Cat-,2,0
PY1,10^3,107.75,2,Cat-,3,0
PY1,10^3,107.75,2,Cat-,4,0
PY1,10^3,107.75,2,Cat-,5,0
PY1,10^3,107.75,2,Cat-,6,0.029913906
PY1,10^3,107.75,2,Cat-,7,0
PY1,10^3,107.75,2,Cat-,8,
PY1,10^3,107.75,2,Cat-,9,0.027585404
PY1,10^3,107.75,2,Cat-,10,0
PY1,10^3,107.75,2,Cat-,11,
PY1,10^3,107.75,2,Cat-,12,0.018737095
PY1,10^3,107.75,2,Cat+,1,1
PY1,10^3,107.75,2,Cat+,2,0.869571807
PY1,10^3,107.75,2,Cat+,3,1
PY1,10^3,107.75,2,Cat+,4,1
PY1,10^3,107.75,2,Cat+,5,1
PY1,10^3,107.75,2,Cat+,6,1
PY1,10^3,107.75,2,Cat+,7,1
PY1,10^3,107.75,2,Cat+,8,1
PY1,10^3,107.75,2,Cat+,9,1
PY1,10^3,107.75,2,Cat+,10,1
PY1,10^3,107.75,2,Cat+,11,1
PY1,10^3,107.75,2,Cat+,12,1
PY1,10^3,107.75,3,Cat-,1,0
PY1,10^3,107.75,3,Cat-,2,0
PY1,10^3,107.75,3,Cat-,3,0.019457932
PY1,10^3,107.75,3,Cat-,4,0
PY1,10^3,107.75,3,Cat-,5,0
PY1,10^3,107.75,3,Cat-,6,0.04082143
PY1,10^3,107.75,3,Cat-,7,0
PY1,10^3,107.75,3,Cat-,8,0
PY1,10^3,107.75,3,Cat-,9,0.035089759
PY1,10^3,107.75,3,Cat-,10,0
PY1,10^3,107.75,3,Cat-,11,0
PY1,10^3,107.75,3,Cat-,12,0.035089759
PY1,10^3,107.75,3,Cat+,1,1
PY1,10^3,107.75,3,Cat+,2,1
PY1,10^3,107.75,3,Cat+,3,1
PY1,10^3,107.75,3,Cat+,4,1
PY1,10^3,107.75,3,Cat+,5,1
PY1,10^3,107.75,3,Cat+,6,1
PY1,10^3,107.75,3,Cat+,7,1
PY1,10^3,107.75,3,Cat+,8,1
PY1,10^3,107.75,3,Cat+,9,1
PY1,10^3,107.75,3,Cat+,10,1
PY1,10^3,107.75,3,Cat+,11,1
PY1,10^3,107.75,3,Cat+,12,1
PY1,10^3,115.7916667,1,Cat-,1,0.102046938
PY1,10^3,115.7916667,1,Cat-,2,0.045865423
PY1,10^3,115.7916667,1,Cat-,3,0.10306842
PY1,10^3,115.7916667,1,Cat-,4,0.100003974
PY1,10^3,115.7916667,1,Cat-,5,0.045865423
PY1,10^3,115.7916667,1,Cat-,6,0.105111384
PY1,10^3,115.7916667,1,Cat-,7,0.034118378
PY1,10^3,115.7916667,1,Cat-,8,0.061187654
PY1,10^3,115.7916667,1,Cat-,9,0.118390651
PY1,10^3,115.7916667,1,Cat-,10,0.03462912
PY1,10^3,115.7916667,1,Cat-,11,0.047397646
PY1,10^3,115.7916667,1,Cat-,12,0.134223624
PY1,10^3,115.7916667,1,Cat+,1,1
PY1,10^3,115.7916667,1,Cat+,2,1
PY1,10^3,115.7916667,1,Cat+,3,1
PY1,10^3,115.7916667,1,Cat+,4,1
PY1,10^3,115.7916667,1,Cat+,5,0.834449601
PY1,10^3,115.7916667,1,Cat+,6,0.86815851
PY1,10^3,115.7916667,1,Cat+,7,1
PY1,10^3,115.7916667,1,Cat+,8,1
PY1,10^3,115.7916667,1,Cat+,9,1
PY1,10^3,115.7916667,1,Cat+,10,1
PY1,10^3,115.7916667,1,Cat+,11,1
PY1,10^3,115.7916667,1,Cat+,12,1
PY1,10^3,115.7916667,2,Cat-,1,0.102046938
PY1,10^3,115.7916667,2,Cat-,2,0.045865423
PY1,10^3,115.7916667,2,Cat-,3,0.10306842
PY1,10^3,115.7916667,2,Cat-,4,0.100003974
PY1,10^3,115.7916667,2,Cat-,5,0.045865423
PY1,10^3,115.7916667,2,Cat-,6,0.105111384
PY1,10^3,115.7916667,2,Cat-,7,0.034118378
PY1,10^3,115.7916667,2,Cat-,8,
PY1,10^3,115.7916667,2,Cat-,9,0.118390651
PY1,10^3,115.7916667,2,Cat-,10,0.03462912
PY1,10^3,115.7916667,2,Cat-,11,
PY1,10^3,115.7916667,2,Cat-,12,0.134223624
PY1,10^3,115.7916667,2,Cat+,1,1
PY1,10^3,115.7916667,2,Cat+,2,1
PY1,10^3,115.7916667,2,Cat+,3,1
PY1,10^3,115.7916667,2,Cat+,4,1
PY1,10^3,115.7916667,2,Cat+,5,0.834449601
PY1,10^3,115.7916667,2,Cat+,6,0.86815851
PY1,10^3,115.7916667,2,Cat+,7,1
PY1,10^3,115.7916667,2,Cat+,8,1
PY1,10^3,115.7916667,2,Cat+,9,1
PY1,10^3,115.7916667,2,Cat+,10,1
PY1,10^3,115.7916667,2,Cat+,11,1
PY1,10^3,115.7916667,2,Cat+,12,1
PY1,10^3,115.7916667,3,Cat-,1,0
PY1,10^3,115.7916667,3,Cat-,2,0
PY1,10^3,115.7916667,3,Cat-,3,0.032639135
PY1,10^3,115.7916667,3,Cat-,4,0
PY1,10^3,115.7916667,3,Cat-,5,0
PY1,10^3,115.7916667,3,Cat-,6,0.071692757
PY1,10^3,115.7916667,3,Cat-,7,0
PY1,10^3,115.7916667,3,Cat-,8,0
PY1,10^3,115.7916667,3,Cat-,9,0.058674883
PY1,10^3,115.7916667,3,Cat-,10,0
PY1,10^3,115.7916667,3,Cat-,11,0
PY1,10^3,115.7916667,3,Cat-,12,0.057047649
PY1,10^3,115.7916667,3,Cat+,1,1
PY1,10^3,115.7916667,3,Cat+,2,1
PY1,10^3,115.7916667,3,Cat+,3,1
PY1,10^3,115.7916667,3,Cat+,4,1
PY1,10^3,115.7916667,3,Cat+,5,1
PY1,10^3,115.7916667,3,Cat+,6,1
PY1,10^3,115.7916667,3,Cat+,7,1
PY1,10^3,115.7916667,3,Cat+,8,1
PY1,10^3,115.7916667,3,Cat+,9,1
PY1,10^3,115.7916667,3,Cat+,10,1
PY1,10^3,115.7916667,3,Cat+,11,1
PY1,10^3,115.7916667,3,Cat+,12,1
PY1,10^5,92.70833333,1,Cat-,1,0.090076242
PY1,10^5,92.70833333,1,Cat-,2,0.09915692
PY1,10^5,92.70833333,1,Cat-,3,0.169890617
PY1,10^5,92.70833333,1,Cat-,4,0.089598312
PY1,10^5,92.70833333,1,Cat-,5,0.115884483
PY1,10^5,92.70833333,1,Cat-,6,0.206691256
PY1,10^5,92.70833333,1,Cat-,7,0.107281736
PY1,10^5,92.70833333,1,Cat-,8,0.103458293
PY1,10^5,92.70833333,1,Cat-,9,0.21147056
PY1,10^5,92.70833333,1,Cat-,10,0.093421755
PY1,10^5,92.70833333,1,Cat-,11,0.101546571
PY1,10^5,92.70833333,1,Cat-,12,0.178971294
PY1,10^5,92.70833333,2,Cat-,1,0.082907286
PY1,10^5,92.70833333,2,Cat-,2,0.116840344
PY1,10^5,92.70833333,2,Cat-,3,0.179927155
PY1,10^5,92.70833333,2,Cat-,4,0.088164521
PY1,10^5,92.70833333,2,Cat-,5,0.098201059
PY1,10^5,92.70833333,2,Cat-,6,0.212426421
PY1,10^5,92.70833333,2,Cat-,7,0.089120381
PY1,10^5,92.70833333,2,Cat-,8,0.092943825
PY1,10^5,92.70833333,2,Cat-,9,0.220551238
PY1,10^5,92.70833333,2,Cat-,10,0.08720866
PY1,10^5,92.70833333,2,Cat-,11,0.107281736
PY1,10^5,92.70833333,2,Cat-,12,0.184228528
PY1,10^5,92.70833333,3,Cat-,1,1
PY1,10^5,92.70833333,3,Cat-,2,0.626792066
PY1,10^5,92.70833333,3,Cat-,3,0.327607644
PY1,10^5,92.70833333,3,Cat-,4,0.958953684
PY1,10^5,92.70833333,3,Cat-,5,0.852375208
PY1,10^5,92.70833333,3,Cat-,6,0.362018632
PY1,10^5,92.70833333,3,Cat-,7,0.227242263
PY1,10^5,92.70833333,3,Cat-,8,0.242536035
PY1,10^5,92.70833333,3,Cat-,9,0.307534568
PY1,10^5,92.70833333,3,Cat-,10,0.182316807
PY1,10^5,92.70833333,3,Cat-,11,0.199522301
PY1,10^5,92.70833333,3,Cat-,12,0.259741529
PY1,10^5,107.75,1,Cat-,1,0.095151114
PY1,10^5,107.75,1,Cat-,2,0.109899197
PY1,10^5,107.75,1,Cat-,3,0.191267929
PY1,10^5,107.75,1,Cat-,4,0.088539905
PY1,10^5,107.75,1,Cat-,5,0.115493297
PY1,10^5,107.75,1,Cat-,6,0.231952295
PY1,10^5,107.75,1,Cat-,7,0.099728106
PY1,10^5,107.75,1,Cat-,8,0.113967634
PY1,10^5,107.75,1,Cat-,9,0.22686675
PY1,10^5,107.75,1,Cat-,10,0.09464256
PY1,10^5,107.75,1,Cat-,11,0.105830761
PY1,10^5,107.75,1,Cat-,12,0.198896248
PY1,10^5,107.75,2,Cat-,1,0.094134005
PY1,10^5,107.75,2,Cat-,2,0.149057899
PY1,10^5,107.75,2,Cat-,3,0.23246085
PY1,10^5,107.75,2,Cat-,4,0.095151114
PY1,10^5,107.75,2,Cat-,5,0.119561734
PY1,10^5,107.75,2,Cat-,6,0.246191823
PY1,10^5,107.75,2,Cat-,7,0.089557014
PY1,10^5,107.75,2,Cat-,8,0.116001852
PY1,10^5,107.75,2,Cat-,9,0.267042561
PY1,10^5,107.75,2,Cat-,10,0.085488577
PY1,10^5,107.75,2,Cat-,11,0.11803607
PY1,10^5,107.75,2,Cat-,12,0.219238431
PY1,10^5,107.75,3,Cat-,1,1
PY1,10^5,107.75,3,Cat-,2,0.773054364
PY1,10^5,107.75,3,Cat-,3,0.399266751
PY1,10^5,107.75,3,Cat-,4,1
PY1,10^5,107.75,3,Cat-,5,0.996309822
PY1,10^5,107.75,3,Cat-,6,0.444019553
PY1,10^5,107.75,3,Cat-,7,0.282807753
PY1,10^5,107.75,3,Cat-,8,0.304167045
PY1,10^5,107.75,3,Cat-,9,0.404860851
PY1,10^5,107.75,3,Cat-,10,0.231443741
PY1,10^5,107.75,3,Cat-,11,0.256362915
PY1,10^5,107.75,3,Cat-,12,0.338748756
PY1,10^5,115.7916667,1,Cat-,1,0.122510315
PY1,10^5,115.7916667,1,Cat-,2,0.119847099
PY1,10^5,115.7916667,1,Cat-,3,0.228506308
PY1,10^5,115.7916667,1,Cat-,4,0.115053311
PY1,10^5,115.7916667,1,Cat-,5,0.119847099
PY1,10^5,115.7916667,1,Cat-,6,0.276444195
PY1,10^5,115.7916667,1,Cat-,7,0.133695822
PY1,10^5,115.7916667,1,Cat-,8,0.147011902
PY1,10^5,115.7916667,1,Cat-,9,0.273248336
PY1,10^5,115.7916667,1,Cat-,10,0.120379743
PY1,10^5,115.7916667,1,Cat-,11,0.137424324
PY1,10^5,115.7916667,1,Cat-,12,0.24555089
PY1,10^5,115.7916667,2,Cat-,1,0.121977672
PY1,10^5,115.7916667,2,Cat-,2,0.155534192
PY1,10^5,115.7916667,2,Cat-,3,0.225843092
PY1,10^5,115.7916667,2,Cat-,4,0.131565249
PY1,10^5,115.7916667,2,Cat-,5,0.157132122
PY1,10^5,115.7916667,2,Cat-,6,0.319588292
PY1,10^5,115.7916667,2,Cat-,7,0.132097893
PY1,10^5,115.7916667,2,Cat-,8,0.148609831
PY1,10^5,115.7916667,2,Cat-,9,0.338230804
PY1,10^5,115.7916667,2,Cat-,10,0.134228465
PY1,10^5,115.7916667,2,Cat-,11,0.153936263
PY1,10^5,115.7916667,2,Cat-,12,0.288162345
PY1,10^5,115.7916667,3,Cat-,1,1
PY1,10^5,115.7916667,3,Cat-,2,0.86501491
PY1,10^5,115.7916667,3,Cat-,3,0.494827899
PY1,10^5,115.7916667,3,Cat-,4,1
PY1,10^5,115.7916667,3,Cat-,5,1
PY1,10^5,115.7916667,3,Cat-,6,0.510274551
PY1,10^5,115.7916667,3,Cat-,7,0.350481597
PY1,10^5,115.7916667,3,Cat-,8,0.36433032
PY1,10^5,115.7916667,3,Cat-,9,0.480979176
PY1,10^5,115.7916667,3,Cat-,10,0.260997542
PY1,10^5,115.7916667,3,Cat-,11,0.31745772
PY1,10^5,115.7916667,3,Cat-,12,0.398419483
PY1,10^1,109.7916667,1,Cat+,1,0
PY1,10^1,109.7916667,1,Cat+,2,0
PY1,10^1,109.7916667,1,Cat+,3,0
PY1,10^1,109.7916667,1,Cat+,4,0
PY1,10^1,109.7916667,1,Cat+,5,0
PY1,10^1,109.7916667,1,Cat+,6,0
PY1,10^1,109.7916667,1,Cat+,7,0.071926001
PY1,10^1,109.7916667,1,Cat+,8,0
PY1,10^1,109.7916667,1,Cat+,9,0
PY1,10^1,109.7916667,1,Cat+,10,0
PY1,10^1,109.7916667,1,Cat+,11,0
PY1,10^1,109.7916667,1,Cat+,12,0
PY1,10^1,109.7916667,2,Cat+,1,0
PY1,10^1,109.7916667,2,Cat+,2,0
PY1,10^1,109.7916667,2,Cat+,3,0
PY1,10^1,109.7916667,2,Cat+,4,0
PY1,10^1,109.7916667,2,Cat+,5,0
PY1,10^1,109.7916667,2,Cat+,6,0
PY1,10^1,109.7916667,2,Cat+,7,0
PY1,10^1,109.7916667,2,Cat+,8,0
PY1,10^1,109.7916667,2,Cat+,9,0
PY1,10^1,109.7916667,2,Cat+,10,0
PY1,10^1,109.7916667,2,Cat+,11,0
PY1,10^1,109.7916667,2,Cat+,12,0
PY1,10^1,109.7916667,3,Cat+,1,0
PY1,10^1,109.7916667,3,Cat+,2,0
PY1,10^1,109.7916667,3,Cat+,3,0
PY1,10^1,109.7916667,3,Cat+,4,0
PY1,10^1,109.7916667,3,Cat+,5,0
PY1,10^1,109.7916667,3,Cat+,6,0
PY1,10^1,109.7916667,3,Cat+,7,1
PY1,10^1,109.7916667,3,Cat+,8,0
PY1,10^1,109.7916667,3,Cat+,9,0
PY1,10^1,109.7916667,3,Cat+,10,0
PY1,10^1,109.7916667,3,Cat+,11,0
PY1,10^1,109.7916667,3,Cat+,12,0
PY1,10^5,128.6666667,1,Cat-,1,0.085828282
PY1,10^5,128.6666667,1,Cat-,2,0.097105487
PY1,10^5,128.6666667,1,Cat-,3,0.19469668
PY1,10^5,128.6666667,1,Cat-,4,0.077587248
PY1,10^5,128.6666667,1,Cat-,5,0.091900623
PY1,10^5,128.6666667,1,Cat-,6,0.222022214
PY1,10^5,128.6666667,1,Cat-,7,0.093635577
PY1,10^5,128.6666667,1,Cat-,8,0.104912782
PY1,10^5,128.6666667,1,Cat-,9,0.22332343
PY1,10^5,128.6666667,1,Cat-,10,0.081924634
PY1,10^5,128.6666667,1,Cat-,11,0.098406702
PY1,10^5,128.6666667,1,Cat-,12,0.200769021
PY1,10^5,128.6666667,2,Cat-,1,0.087563236
PY1,10^5,128.6666667,2,Cat-,2,0.122262327
PY1,10^5,128.6666667,2,Cat-,3,0.203805191
PY1,10^5,128.6666667,2,Cat-,4,0.086695759
PY1,10^5,128.6666667,2,Cat-,5,0.10231035
PY1,10^5,128.6666667,2,Cat-,6,0.230696987
PY1,10^5,128.6666667,2,Cat-,7,0.092334362
PY1,10^5,128.6666667,2,Cat-,8,0.110117646
PY1,10^5,128.6666667,2,Cat-,9,0.246311578
PY1,10^5,128.6666667,2,Cat-,10,0.090165668
PY1,10^5,128.6666667,2,Cat-,11,0.107515214
PY1,10^5,128.6666667,2,Cat-,12,0.228962032
PY1,10^5,128.6666667,3,Cat-,1,0.963281545
PY1,10^5,128.6666667,3,Cat-,2,0.682652646
PY1,10^5,128.6666667,3,Cat-,3,0.405493657
PY1,10^5,128.6666667,3,Cat-,4,0.906895522
PY1,10^5,128.6666667,3,Cat-,5,0.836629863
PY1,10^5,128.6666667,3,Cat-,6,0.443662657
PY1,10^5,128.6666667,3,Cat-,7,0.302263862
PY1,10^5,128.6666667,3,Cat-,8,0.314408544
PY1,10^5,128.6666667,3,Cat-,9,0.416337123
PY1,10^5,128.6666667,3,Cat-,10,0.227660816
PY1,10^5,128.6666667,3,Cat-,11,0.259323737
PY1,10^5,128.6666667,3,Cat-,12,0.333926782
PY1,10^3,128.6666667,1,Cat-,1,0.123634617
PY1,10^3,128.6666667,1,Cat-,2,0.065953485
PY1,10^3,128.6666667,1,Cat-,3,0.139578995
PY1,10^3,128.6666667,1,Cat-,4,0.097842241
PY1,10^3,128.6666667,1,Cat-,5,0.015306638
PY1,10^3,128.6666667,1,Cat-,6,0.065484533
PY1,10^3,128.6666667,1,Cat-,7,0.033126825
PY1,10^3,128.6666667,1,Cat-,8,0.057981296
PY1,10^3,128.6666667,1,Cat-,9,0.114724524
PY1,10^3,128.6666667,1,Cat-,10,0.036878443
PY1,10^3,128.6666667,1,Cat-,11,0.053760726
PY1,10^3,128.6666667,1,Cat-,12,0.136765282
PY1,10^3,128.6666667,2,Cat-,1,0
PY1,10^3,128.6666667,2,Cat-,2,0
PY1,10^3,128.6666667,2,Cat-,3,0.022809874
PY1,10^3,128.6666667,2,Cat-,4,0
PY1,10^3,128.6666667,2,Cat-,5,0
PY1,10^3,128.6666667,2,Cat-,6,0.075332531
PY1,10^3,128.6666667,2,Cat-,7,0
PY1,10^3,128.6666667,2,Cat-,8,
PY1,10^3,128.6666667,2,Cat-,9,0.012961876
PY1,10^3,128.6666667,2,Cat-,10,0
PY1,10^3,128.6666667,2,Cat-,11,
PY1,10^3,128.6666667,2,Cat-,12,0.058450249
PY1,10^3,128.6666667,3,Cat-,1,0
PY1,10^3,128.6666667,3,Cat-,2,0
PY1,10^3,128.6666667,3,Cat-,3,0.018589304
PY1,10^3,128.6666667,3,Cat-,4,0
PY1,10^3,128.6666667,3,Cat-,5,0
PY1,10^3,128.6666667,3,Cat-,6,0.053291773
PY1,10^3,128.6666667,3,Cat-,7,0
PY1,10^3,128.6666667,3,Cat-,8,0
PY1,10^3,128.6666667,3,Cat-,9,0.040161109
PY1,10^3,128.6666667,3,Cat-,10,0
PY1,10^3,128.6666667,3,Cat-,11,0
PY1,10^3,128.6666667,3,Cat-,12,0.037347395
PY1,10^1,130.6875,1,Cat-,1,0
PY1,10^1,130.6875,1,Cat-,2,0
PY1,10^1,130.6875,1,Cat-,3,0
PY1,10^1,130.6875,1,Cat-,4,0
PY1,10^1,130.6875,1,Cat-,5,0
PY1,10^1,130.6875,1,Cat-,6,0
PY1,10^1,130.6875,1,Cat-,7,0
PY1,10^1,130.6875,1,Cat-,8,0
PY1,10^1,130.6875,1,Cat-,9,0
PY1,10^1,130.6875,1,Cat-,10,0
PY1,10^1,130.6875,1,Cat-,11,0
PY1,10^1,130.6875,1,Cat-,12,0
PY1,10^1,130.6875,1,Cat+,1,0
PY1,10^1,130.6875,1,Cat+,2,0
PY1,10^1,130.6875,1,Cat+,3,0
PY1,10^1,130.6875,1,Cat+,4,0
PY1,10^1,130.6875,1,Cat+,5,0
PY1,10^1,130.6875,1,Cat+,6,0
PY1,10^1,130.6875,1,Cat+,7,1
PY1,10^1,130.6875,1,Cat+,8,0
PY1,10^1,130.6875,1,Cat+,9,0
PY1,10^1,130.6875,1,Cat+,10,0
PY1,10^1,130.6875,1,Cat+,11,0
PY1,10^1,130.6875,1,Cat+,12,0
PY1,10^1,130.6875,2,Cat-,1,0
PY1,10^1,130.6875,2,Cat-,2,0
PY1,10^1,130.6875,2,Cat-,3,0
PY1,10^1,130.6875,2,Cat-,4,0
PY1,10^1,130.6875,2,Cat-,5,0
PY1,10^1,130.6875,2,Cat-,6,0
PY1,10^1,130.6875,2,Cat-,7,0
PY1,10^1,130.6875,2,Cat-,8,0
PY1,10^1,130.6875,2,Cat-,9,0
PY1,10^1,130.6875,2,Cat-,10,0
PY1,10^1,130.6875,2,Cat-,11,0
PY1,10^1,130.6875,2,Cat-,12,0
PY1,10^1,130.6875,2,Cat+,1,0
PY1,10^1,130.6875,2,Cat+,2,0
PY1,10^1,130.6875,2,Cat+,3,0
PY1,10^1,130.6875,2,Cat+,4,0
PY1,10^1,130.6875,2,Cat+,5,0
PY1,10^1,130.6875,2,Cat+,6,0
PY1,10^1,130.6875,2,Cat+,7,0
PY1,10^1,130.6875,2,Cat+,8,0
PY1,10^1,130.6875,2,Cat+,9,0
PY1,10^1,130.6875,2,Cat+,10,0
PY1,10^1,130.6875,2,Cat+,11,0
PY1,10^1,130.6875,2,Cat+,12,0
PY1,10^1,130.6875,3,Cat-,1,0
PY1,10^1,130.6875,3,Cat-,2,0
PY1,10^1,130.6875,3,Cat-,3,0
PY1,10^1,130.6875,3,Cat-,4,0
PY1,10^1,130.6875,3,Cat-,5,0
PY1,10^1,130.6875,3,Cat-,6,0
PY1,10^1,130.6875,3,Cat-,7,0
PY1,10^1,130.6875,3,Cat-,8,0
PY1,10^1,130.6875,3,Cat-,9,0
PY1,10^1,130.6875,3,Cat-,10,0
PY1,10^1,130.6875,3,Cat-,11,0
PY1,10^1,130.6875,3,Cat-,12,0
PY1,10^1,130.6875,3,Cat+,1,0
PY1,10^1,130.6875,3,Cat+,2,0
PY1,10^1,130.6875,3,Cat+,3,0
PY1,10^1,130.6875,3,Cat+,4,0
PY1,10^1,130.6875,3,Cat+,5,0.111171033
PY1,10^1,130.6875,3,Cat+,6,0
PY1,10^1,130.6875,3,Cat+,7,1
PY1,10^1,130.6875,3,Cat+,8,0
PY1,10^1,130.6875,3,Cat+,9,0
PY1,10^1,130.6875,3,Cat+,10,0
PY1,10^1,130.6875,3,Cat+,11,0
PY1,10^1,130.6875,3,Cat+,12,0
PY1,10^1,135.8333333,1,Cat+,1,0
PY1,10^1,135.8333333,1,Cat+,2,0
PY1,10^1,135.8333333,1,Cat+,3,0
PY1,10^1,135.8333333,1,Cat+,4,0
PY1,10^1,135.8333333,1,Cat+,5,0
PY1,10^1,135.8333333,1,Cat+,6,0
PY1,10^1,135.8333333,1,Cat+,7,1
PY1,10^1,135.8333333,1,Cat+,8,0
PY1,10^1,135.8333333,1,Cat+,9,0
PY1,10^1,135.8333333,1,Cat+,10,0
PY1,10^1,135.8333333,1,Cat+,11,0
PY1,10^1,135.8333333,1,Cat+,12,0
PY1,10^1,135.8333333,2,Cat+,1,0
PY1,10^1,135.8333333,2,Cat+,2,0
PY1,10^1,135.8333333,2,Cat+,3,0
PY1,10^1,135.8333333,2,Cat+,4,0
PY1,10^1,135.8333333,2,Cat+,5,0
PY1,10^1,135.8333333,2,Cat+,6,0
PY1,10^1,135.8333333,2,Cat+,7,0
PY1,10^1,135.8333333,2,Cat+,8,0
PY1,10^1,135.8333333,2,Cat+,9,0
PY1,10^1,135.8333333,2,Cat+,10,0
PY1,10^1,135.8333333,2,Cat+,11,0
PY1,10^1,135.8333333,2,Cat+,12,0
PY1,10^1,135.8333333,3,Cat+,1,0
PY1,10^1,135.8333333,3,Cat+,2,0
PY1,10^1,135.8333333,3,Cat+,3,0
PY1,10^1,135.8333333,3,Cat+,4,0
PY1,10^1,135.8333333,3,Cat+,5,0.469986674
PY1,10^1,135.8333333,3,Cat+,6,0
PY1,10^1,135.8333333,3,Cat+,7,1
PY1,10^1,135.8333333,3,Cat+,8,0
PY1,10^1,135.8333333,3,Cat+,9,0
PY1,10^1,135.8333333,3,Cat+,10,0
PY1,10^1,135.8333333,3,Cat+,11,0
PY1,10^1,135.8333333,3,Cat+,12,0
PY1,10^1,145.7083333,1,Cat+,1,0
PY1,10^1,145.7083333,1,Cat+,2,0
PY1,10^1,145.7083333,1,Cat+,3,0
PY1,10^1,145.7083333,1,Cat+,4,0
PY1,10^1,145.7083333,1,Cat+,5,0
PY1,10^1,145.7083333,1,Cat+,6,0
PY1,10^1,145.7083333,1,Cat+,7,1
PY1,10^1,145.7083333,1,Cat+,8,0
PY1,10^1,145.7083333,1,Cat+,9,0
PY1,10^1,145.7083333,1,Cat+,10,0
PY1,10^1,145.7083333,1,Cat+,11,0
PY1,10^1,145.7083333,1,Cat+,12,0
PY1,10^1,145.7083333,2,Cat+,1,0
PY1,10^1,145.7083333,2,Cat+,2,0
PY1,10^1,145.7083333,2,Cat+,3,0
PY1,10^1,145.7083333,2,Cat+,4,0
PY1,10^1,145.7083333,2,Cat+,5,0
PY1,10^1,145.7083333,2,Cat+,6,0
PY1,10^1,145.7083333,2,Cat+,7,0
PY1,10^1,145.7083333,2,Cat+,8,0
PY1,10^1,145.7083333,2,Cat+,9,0
PY1,10^1,145.7083333,2,Cat+,10,0
PY1,10^1,145.7083333,2,Cat+,11,0
PY1,10^1,145.7083333,2,Cat+,12,0
PY1,10^1,145.7083333,3,Cat+,1,0
PY1,10^1,145.7083333,3,Cat+,2,0
PY1,10^1,145.7083333,3,Cat+,3,0
PY1,10^1,145.7083333,3,Cat+,4,0.015991745
PY1,10^1,145.7083333,3,Cat+,5,1
PY1,10^1,145.7083333,3,Cat+,6,0
PY1,10^1,145.7083333,3,Cat+,7,1
PY1,10^1,145.7083333,3,Cat+,8,0
PY1,10^1,145.7083333,3,Cat+,9,0
PY1,10^1,145.7083333,3,Cat+,10,0
PY1,10^1,145.7083333,3,Cat+,11,0
PY1,10^1,145.7083333,3,Cat+,12,0
PY1,10^3,145.8333333,1,Cat-,1,0.144323582
PY1,10^3,145.8333333,1,Cat-,2,0.094911561
PY1,10^3,145.8333333,1,Cat-,3,0.167499131
PY1,10^3,145.8333333,1,Cat-,4,0.150882699
PY1,10^3,145.8333333,1,Cat-,5,0.106280699
PY1,10^3,145.8333333,1,Cat-,6,0.199857446
PY1,10^3,145.8333333,1,Cat-,7,0.079606953
PY1,10^3,145.8333333,1,Cat-,8,0.11896166
PY1,10^3,145.8333333,1,Cat-,9,0.18673921
PY1,10^3,145.8333333,1,Cat-,10,0.080044227
PY1,10^3,145.8333333,1,Cat-,11,0.102782502
PY1,10^3,145.8333333,1,Cat-,12,0.192861053
PY1,10^3,145.8333333,2,Cat-,1,0
PY1,10^3,145.8333333,2,Cat-,2,0
PY1,10^3,145.8333333,2,Cat-,3,0.054245031
PY1,10^3,145.8333333,2,Cat-,4,0
PY1,10^3,145.8333333,2,Cat-,5,0
PY1,10^3,145.8333333,2,Cat-,6,0.120710758
PY1,10^3,145.8333333,2,Cat-,7,0
PY1,10^3,145.8333333,2,Cat-,8,
PY1,10^3,145.8333333,2,Cat-,9,0
PY1,10^3,145.8333333,2,Cat-,10,0
PY1,10^3,145.8333333,2,Cat-,11,
PY1,10^3,145.8333333,2,Cat-,12,0.099721581
PY1,10^3,145.8333333,3,Cat-,1,0
PY1,10^3,145.8333333,3,Cat-,2,0
PY1,10^3,145.8333333,3,Cat-,3,0.045062266
PY1,10^3,145.8333333,3,Cat-,4,0
PY1,10^3,145.8333333,3,Cat-,5,0
PY1,10^3,145.8333333,3,Cat-,6,0.098847032
PY1,10^3,145.8333333,3,Cat-,7,0
PY1,10^3,145.8333333,3,Cat-,8,0
PY1,10^3,145.8333333,3,Cat-,9,0.073047835
PY1,10^3,145.8333333,3,Cat-,10,0
PY1,10^3,145.8333333,3,Cat-,11,0
PY1,10^3,145.8333333,3,Cat-,12,0.060804149
PY1,10^5,145.8333333,1,Cat-,1,0.086406481
PY1,10^5,145.8333333,1,Cat-,2,0.105938913
PY1,10^5,145.8333333,1,Cat-,3,0.231764115
PY1,10^5,145.8333333,1,Cat-,4,0.087769209
PY1,10^5,145.8333333,1,Cat-,5,0.118203464
PY1,10^5,145.8333333,1,Cat-,6,0.26583231
PY1,10^5,145.8333333,1,Cat-,7,0.095945576
PY1,10^5,145.8333333,1,Cat-,8,0.109118612
PY1,10^5,145.8333333,1,Cat-,9,0.247208364
PY1,10^5,145.8333333,1,Cat-,10,0.080047085
PY1,10^5,145.8333333,1,Cat-,11,0.104121943
PY1,10^5,145.8333333,1,Cat-,12,0.231309872
PY1,10^5,145.8333333,2,Cat-,1,0.099579517
PY1,10^5,145.8333333,2,Cat-,2,0.137281653
PY1,10^5,145.8333333,2,Cat-,3,0.239031997
PY1,10^5,145.8333333,2,Cat-,4,0.096399819
PY1,10^5,145.8333333,2,Cat-,5,0.130013771
PY1,10^5,145.8333333,2,Cat-,6,0.280368074
PY1,10^5,145.8333333,2,Cat-,7,0.107755884
PY1,10^5,145.8333333,2,Cat-,8,0.120020434
PY1,10^5,145.8333333,2,Cat-,9,0.308531115
PY1,10^5,145.8333333,2,Cat-,10,0.083681026
PY1,10^5,145.8333333,2,Cat-,11,0.109572854
PY1,10^5,145.8333333,2,Cat-,12,0.249025334
PY1,10^5,145.8333333,3,Cat-,1,0.968091378
PY1,10^5,145.8333333,3,Cat-,2,0.72598007
PY1,10^5,145.8333333,3,Cat-,3,0.481597548
PY1,10^5,145.8333333,3,Cat-,4,0.914036508
PY1,10^5,145.8333333,3,Cat-,5,0.81319465
PY1,10^5,145.8333333,3,Cat-,6,0.49931301
PY1,10^5,145.8333333,3,Cat-,7,0.32851779
PY1,10^5,145.8333333,3,Cat-,8,0.376667506
PY1,10^5,145.8333333,3,Cat-,9,0.471149968
PY1,10^5,145.8333333,3,Cat-,10,0.26583231
PY1,10^5,145.8333333,3,Cat-,11,0.306714145
PY1,10^5,145.8333333,3,Cat-,12,0.399833879
PY1,10^1,166.7916667,1,Cat+,1,0
PY1,10^1,166.7916667,1,Cat+,2,0
PY1,10^1,166.7916667,1,Cat+,3,0
PY1,10^1,166.7916667,1,Cat+,4,0
PY1,10^1,166.7916667,1,Cat+,5,0
PY1,10^1,166.7916667,1,Cat+,6,0
PY1,10^1,166.7916667,1,Cat+,7,1
PY1,10^1,166.7916667,1,Cat+,8,0
PY1,10^1,166.7916667,1,Cat+,9,0
PY1,10^1,166.7916667,1,Cat+,10,0.02828906
PY1,10^1,166.7916667,1,Cat+,11,0
PY1,10^1,166.7916667,1,Cat+,12,0
PY1,10^1,166.7916667,2,Cat+,1,0
PY1,10^1,166.7916667,2,Cat+,2,0
PY1,10^1,166.7916667,2,Cat+,3,0
PY1,10^1,166.7916667,2,Cat+,4,0
PY1,10^1,166.7916667,2,Cat+,5,0
PY1,10^1,166.7916667,2,Cat+,6,0
PY1,10^1,166.7916667,2,Cat+,7,0
PY1,10^1,166.7916667,2,Cat+,8,0
PY1,10^1,166.7916667,2,Cat+,9,0
PY1,10^1,166.7916667,2,Cat+,10,0
PY1,10^1,166.7916667,2,Cat+,11,0
PY1,10^1,166.7916667,2,Cat+,12,0
PY1,10^1,166.7916667,3,Cat+,1,0
PY1,10^1,166.7916667,3,Cat+,2,0
PY1,10^1,166.7916667,3,Cat+,3,0
PY1,10^1,166.7916667,3,Cat+,4,1
PY1,10^1,166.7916667,3,Cat+,5,1
PY1,10^1,166.7916667,3,Cat+,6,0.078435215
PY1,10^1,166.7916667,3,Cat+,7,1
PY1,10^1,166.7916667,3,Cat+,8,0.073792052
PY1,10^1,166.7916667,3,Cat+,9,0
PY1,10^1,166.7916667,3,Cat+,10,0
PY1,10^1,166.7916667,3,Cat+,11,0.114651883
PY1,10^1,166.7916667,3,Cat+,12,0
PY1,10^3,166.7916667,1,Cat-,1,0.211022561
PY1,10^3,166.7916667,1,Cat-,2,0.155365523
PY1,10^3,166.7916667,1,Cat-,3,0.274979334
PY1,10^3,166.7916667,1,Cat-,4,0.194911313
PY1,10^3,166.7916667,1,Cat-,5,0.156830182
PY1,10^3,166.7916667,1,Cat-,6,0.287184825
PY1,10^3,166.7916667,1,Cat-,7,0.114355074
PY1,10^3,166.7916667,1,Cat-,8,0.17245321
PY1,10^3,166.7916667,1,Cat-,9,0.275955773
PY1,10^3,166.7916667,1,Cat-,10,0.11923727
PY1,10^3,166.7916667,1,Cat-,11,0.15927128
PY1,10^3,166.7916667,1,Cat-,12,0.278396871
PY1,10^3,166.7916667,2,Cat-,1,0.006458534
PY1,10^3,166.7916667,2,Cat-,2,0.006458534
PY1,10^3,166.7916667,2,Cat-,3,0.106543559
PY1,10^3,166.7916667,2,Cat-,4,0
PY1,10^3,166.7916667,2,Cat-,5,0.006946754
PY1,10^3,166.7916667,2,Cat-,6,0.19930529
PY1,10^3,166.7916667,2,Cat-,7,0
PY1,10^3,166.7916667,2,Cat-,8,
PY1,10^3,166.7916667,2,Cat-,9,
PY1,10^3,166.7916667,2,Cat-,10,0.000599898
PY1,10^3,166.7916667,2,Cat-,11,
PY1,10^3,166.7916667,2,Cat-,12,0.184170481
PY1,10^3,166.7916667,3,Cat-,1,0
PY1,10^3,166.7916667,3,Cat-,2,0
PY1,10^3,166.7916667,3,Cat-,3,0.087991213
PY1,10^3,166.7916667,3,Cat-,4,0
PY1,10^3,166.7916667,3,Cat-,5,0
PY1,10^3,166.7916667,3,Cat-,6,0.167571014
PY1,10^3,166.7916667,3,Cat-,7,0.000599898
PY1,10^3,166.7916667,3,Cat-,8,0.004505655
PY1,10^3,166.7916667,3,Cat-,9,0.128025223
PY1,10^3,166.7916667,3,Cat-,10,0
PY1,10^3,166.7916667,3,Cat-,11,0
PY1,10^3,166.7916667,3,Cat-,12,0.109961097
PY1,10^5,166.7916667,1,Cat-,1,0.119640439
PY1,10^5,166.7916667,1,Cat-,2,0.147899473
PY1,10^5,166.7916667,1,Cat-,3,0.279326408
PY1,10^5,166.7916667,1,Cat-,4,0.115603434
PY1,10^5,166.7916667,1,Cat-,5,0.15283359
PY1,10^5,166.7916667,1,Cat-,6,0.337190144
PY1,10^5,166.7916667,1,Cat-,7,0.133097122
PY1,10^5,166.7916667,1,Cat-,8,0.141619688
PY1,10^5,166.7916667,1,Cat-,9,0.327770466
PY1,10^5,166.7916667,1,Cat-,10,0.107977981
PY1,10^5,166.7916667,1,Cat-,11,0.139825463
PY1,10^5,166.7916667,1,Cat-,12,0.284260525
PY1,10^5,166.7916667,2,Cat-,1,0.127714449
PY1,10^5,166.7916667,2,Cat-,2,0.175709951
PY1,10^5,166.7916667,2,Cat-,3,0.298165764
PY1,10^5,166.7916667,2,Cat-,4,0.13444279
PY1,10^5,166.7916667,2,Cat-,5,0.190512302
PY1,10^5,166.7916667,2,Cat-,6,0.370383294
PY1,10^5,166.7916667,2,Cat-,7,0.128611561
PY1,10^5,166.7916667,2,Cat-,8,0.186475297
PY1,10^5,166.7916667,2,Cat-,9,0.406267782
PY1,10^5,166.7916667,2,Cat-,10,0.135339902
PY1,10^5,166.7916667,2,Cat-,11,0.166290273
PY1,10^5,166.7916667,2,Cat-,12,0.343918485
PY1,10^5,166.7916667,3,Cat-,1,0.94812354
PY1,10^5,166.7916667,3,Cat-,2,0.736853621
PY1,10^5,166.7916667,3,Cat-,3,0.60273535
PY1,10^5,166.7916667,3,Cat-,4,0.924798624
PY1,10^5,166.7916667,3,Cat-,5,0.874111785
PY1,10^5,166.7916667,3,Cat-,6,0.620677593
PY1,10^5,166.7916667,3,Cat-,7,0.469065634
PY1,10^5,166.7916667,3,Cat-,8,0.500016005
PY1,10^5,166.7916667,3,Cat-,9,0.578513321
PY1,10^5,166.7916667,3,Cat-,10,0.347058378
PY1,10^5,166.7916667,3,Cat-,11,0.418827352
PY1,10^5,166.7916667,3,Cat-,12,0.525583702
PY1,10^5,207.8125,1,Cat-,1,0.110383825
PY1,10^5,207.8125,1,Cat-,2,0.134893241
PY1,10^5,207.8125,1,Cat-,3,0.286274928
PY1,10^5,207.8125,1,Cat-,4,0.10966296
PY1,10^5,207.8125,1,Cat-,5,0.143543623
PY1,10^5,207.8125,1,Cat-,6,0.332770732
PY1,10^5,207.8125,1,Cat-,7,0.126963724
PY1,10^5,207.8125,1,Cat-,8,0.143904056
PY1,10^5,207.8125,1,Cat-,9,0.347188036
PY1,10^5,207.8125,1,Cat-,10,0.08875787
PY1,10^5,207.8125,1,Cat-,11,0.130207618
PY1,10^5,207.8125,1,Cat-,12,0.290239687
PY1,10^5,207.8125,2,Cat-,1,0.115790314
PY1,10^5,207.8125,2,Cat-,2,0.178505584
PY1,10^5,207.8125,2,Cat-,3,0.338537654
PY1,10^5,207.8125,2,Cat-,4,0.125521994
PY1,10^5,207.8125,2,Cat-,5,0.181028613
PY1,10^5,207.8125,2,Cat-,6,0.40485725
PY1,10^5,207.8125,2,Cat-,7,0.12083637
PY1,10^5,207.8125,2,Cat-,8,0.178145152
PY1,10^5,207.8125,2,Cat-,9,0.399811194
PY1,10^5,207.8125,2,Cat-,10,0.125161561
PY1,10^5,207.8125,2,Cat-,11,0.16949477
PY1,10^5,207.8125,2,Cat-,12,0.341781547
PY1,10^3,207.8125,1,Cat-,1,0.026049396
PY1,10^3,207.8125,1,Cat-,2,0.040310057
PY1,10^3,207.8125,1,Cat-,3,0.170197703
PY1,10^3,207.8125,1,Cat-,4,0
PY1,10^3,207.8125,1,Cat-,5,0.033757861
PY1,10^3,207.8125,1,Cat-,6,0.244198972
PY1,10^3,207.8125,1,Cat-,7,0.009090772
PY1,10^3,207.8125,1,Cat-,8,0
PY1,10^3,207.8125,1,Cat-,9,0
PY1,10^3,207.8125,1,Cat-,10,0.031059899
PY1,10^3,207.8125,1,Cat-,11,0.717113337
PY1,10^3,207.8125,1,Cat-,12,0.246896935
PY1,10^3,207.8125,2,Cat-,1,0.193708523
PY1,10^3,207.8125,2,Cat-,2,0.155937041
PY1,10^3,207.8125,2,Cat-,3,0.271564025
PY1,10^3,207.8125,2,Cat-,4,0.199875295
PY1,10^3,207.8125,2,Cat-,5,0.16403093
PY1,10^3,207.8125,2,Cat-,6,0.308950083
PY1,10^3,207.8125,2,Cat-,7,0.120478099
PY1,10^3,207.8125,2,Cat-,8,
PY1,10^3,207.8125,2,Cat-,9,
PY1,10^3,207.8125,2,Cat-,10,0.11469675
PY1,10^3,207.8125,2,Cat-,11,
PY1,10^3,207.8125,2,Cat-,12,0.285439263
PY1,10^3,207.8125,3,Cat-,1,0.195250216
PY1,10^3,207.8125,3,Cat-,2,0.152468232
PY1,10^3,207.8125,3,Cat-,3,0.275803681
PY1,10^3,207.8125,3,Cat-,4,0.187156327
PY1,10^3,207.8125,3,Cat-,5,0.168656009
PY1,10^3,207.8125,3,Cat-,6,0.295074845
PY1,10^3,207.8125,3,Cat-,7,0.120478099
PY1,10^3,207.8125,3,Cat-,8,0.173666512
PY1,10^3,207.8125,3,Cat-,9,0.285439263
PY1,10^3,207.8125,3,Cat-,10,0.115082174
PY1,10^3,207.8125,3,Cat-,11,0.159405851
PY1,10^3,207.8125,3,Cat-,12,0.302012464
PY1,10^1,207.8125,1,Cat+,1,0
PY1,10^1,207.8125,1,Cat+,2,0
PY1,10^1,207.8125,1,Cat+,3,0
PY1,10^1,207.8125,1,Cat+,4,0.001687856
PY1,10^1,207.8125,1,Cat+,5,0
PY1,10^1,207.8125,1,Cat+,6,0
PY1,10^1,207.8125,1,Cat+,7,1
PY1,10^1,207.8125,1,Cat+,8,0.001687856
PY1,10^1,207.8125,1,Cat+,9,0
PY1,10^1,207.8125,1,Cat+,10,1
PY1,10^1,207.8125,1,Cat+,11,0
PY1,10^1,207.8125,1,Cat+,12,0
PY1,10^1,207.8125,2,Cat+,1,0
PY1,10^1,207.8125,2,Cat+,2,0.129737365
PY1,10^1,207.8125,2,Cat+,3,0
PY1,10^1,207.8125,2,Cat+,4,0
PY1,10^1,207.8125,2,Cat+,5,0
PY1,10^1,207.8125,2,Cat+,6,1
PY1,10^1,207.8125,2,Cat+,7,0
PY1,10^1,207.8125,2,Cat+,8,0
PY1,10^1,207.8125,2,Cat+,9,1
PY1,10^1,207.8125,2,Cat+,10,1
PY1,10^1,207.8125,2,Cat+,11,0
PY1,10^1,207.8125,2,Cat+,12,0
PY1,10^1,207.8125,3,Cat+,1,0.007840385
PY1,10^1,207.8125,3,Cat+,2,0.017069178
PY1,10^1,207.8125,3,Cat+,3,0.140119757
PY1,10^1,207.8125,3,Cat+,4,1
PY1,10^1,207.8125,3,Cat+,5,1
PY1,10^1,207.8125,3,Cat+,6,1
PY1,10^1,207.8125,3,Cat+,7,1
PY1,10^1,207.8125,3,Cat+,8,1
PY1,10^1,207.8125,3,Cat+,9,0.020529976
PY1,10^1,207.8125,3,Cat+,10,0.702307092
PY1,10^1,207.8125,3,Cat+,11,1
PY1,10^1,207.8125,3,Cat+,12,0.000149723
PY1,10^1,229.8541667,1,Cat-,1,0
PY1,10^1,229.8541667,1,Cat-,2,0
PY1,10^1,229.8541667,1,Cat-,3,0
PY1,10^1,229.8541667,1,Cat-,4,0
PY1,10^1,229.8541667,1,Cat-,5,0
PY1,10^1,229.8541667,1,Cat-,6,0
PY1,10^1,229.8541667,1,Cat-,7,0
PY1,10^1,229.8541667,1,Cat-,8,0
PY1,10^1,229.8541667,1,Cat-,9,0.010127154
PY1,10^1,229.8541667,1,Cat-,10,0
PY1,10^1,229.8541667,1,Cat-,11,0
PY1,10^1,229.8541667,1,Cat-,12,0
PY1,10^1,229.8541667,1,Cat+,1,0
PY1,10^1,229.8541667,1,Cat+,2,0
PY1,10^1,229.8541667,1,Cat+,3,0
PY1,10^1,229.8541667,1,Cat+,4,0.008641021
PY1,10^1,229.8541667,1,Cat+,5,0
PY1,10^1,229.8541667,1,Cat+,6,0
PY1,10^1,229.8541667,1,Cat+,7,1
PY1,10^1,229.8541667,1,Cat+,8,0.011613286
PY1,10^1,229.8541667,1,Cat+,9,0
PY1,10^1,229.8541667,1,Cat+,10,1
PY1,10^1,229.8541667,1,Cat+,11,0.004182623
PY1,10^1,229.8541667,1,Cat+,12,0
PY1,10^1,229.8541667,2,Cat-,1,0
PY1,10^1,229.8541667,2,Cat-,2,0
PY1,10^1,229.8541667,2,Cat-,3,0
PY1,10^1,229.8541667,2,Cat-,4,0
PY1,10^1,229.8541667,2,Cat-,5,0
PY1,10^1,229.8541667,2,Cat-,6,0
PY1,10^1,229.8541667,2,Cat-,7,0
PY1,10^1,229.8541667,2,Cat-,8,0
PY1,10^1,229.8541667,2,Cat-,9,0
PY1,10^1,229.8541667,2,Cat-,10,0
PY1,10^1,229.8541667,2,Cat-,11,0
PY1,10^1,229.8541667,2,Cat-,12,0
PY1,10^1,229.8541667,2,Cat+,1,0
PY1,10^1,229.8541667,2,Cat+,2,1
PY1,10^1,229.8541667,2,Cat+,3,0
PY1,10^1,229.8541667,2,Cat+,4,0
PY1,10^1,229.8541667,2,Cat+,5,0
PY1,10^1,229.8541667,2,Cat+,6,1
PY1,10^1,229.8541667,2,Cat+,7,0
PY1,10^1,229.8541667,2,Cat+,8,0
PY1,10^1,229.8541667,2,Cat+,9,1
PY1,10^1,229.8541667,2,Cat+,10,1
PY1,10^1,229.8541667,2,Cat+,11,0
PY1,10^1,229.8541667,2,Cat+,12,0
PY1,10^1,229.8541667,3,Cat-,1,0
PY1,10^1,229.8541667,3,Cat-,2,0
PY1,10^1,229.8541667,3,Cat-,3,0.002750028
PY1,10^1,229.8541667,3,Cat-,4,0
PY1,10^1,229.8541667,3,Cat-,5,0
PY1,10^1,229.8541667,3,Cat-,6,0.030999965
PY1,10^1,229.8541667,3,Cat-,7,0
PY1,10^1,229.8541667,3,Cat-,8,0
PY1,10^1,229.8541667,3,Cat-,9,0.060003234
PY1,10^1,229.8541667,3,Cat-,10,0
PY1,10^1,229.8541667,3,Cat-,11,0
PY1,10^1,229.8541667,3,Cat-,12,0.014426669
PY1,10^1,229.8541667,3,Cat+,1,0.029493302
PY1,10^1,229.8541667,3,Cat+,2,0.050963254
PY1,10^1,229.8541667,3,Cat+,3,0.757965012
PY1,10^1,229.8541667,3,Cat+,4,1
PY1,10^1,229.8541667,3,Cat+,5,1
PY1,10^1,229.8541667,3,Cat+,6,1
PY1,10^1,229.8541667,3,Cat+,7,1
PY1,10^1,229.8541667,3,Cat+,8,1
PY1,10^1,229.8541667,3,Cat+,9,0.065276556
PY1,10^1,229.8541667,3,Cat+,10,1
PY1,10^1,229.8541667,3,Cat+,11,1
PY1,10^1,229.8541667,3,Cat+,12,0.023466649
PY1,10^5,229.8541667,1,Cat-,1,0.132079418
PY1,10^5,229.8541667,1,Cat-,2,0.153164804
PY1,10^5,229.8541667,1,Cat-,3,0.255347824
PY1,10^5,229.8541667,1,Cat-,4,0.117076356
PY1,10^5,229.8541667,1,Cat-,5,0.170600795
PY1,10^5,229.8541667,1,Cat-,6,0.426463835
PY1,10^5,229.8541667,1,Cat-,7,0.139783694
PY1,10^5,229.8541667,1,Cat-,8,0.168167866
PY1,10^5,229.8541667,1,Cat-,9,0.43214067
PY1,10^5,229.8541667,1,Cat-,10,0.115859891
PY1,10^5,229.8541667,1,Cat-,11,0.147487969
PY1,10^5,229.8541667,1,Cat-,12,0.367668049
PY1,10^5,229.8541667,2,Cat-,1,0.119914773
PY1,10^5,229.8541667,2,Cat-,2,0.202228873
PY1,10^5,229.8541667,2,Cat-,3,0.404972962
PY1,10^5,229.8541667,2,Cat-,4,0.1361343
PY1,10^5,229.8541667,2,Cat-,5,0.205472778
PY1,10^5,229.8541667,2,Cat-,6,0.464174236
PY1,10^5,229.8541667,2,Cat-,7,0.126808072
PY1,10^5,229.8541667,2,Cat-,8,0.19614655
PY1,10^5,229.8541667,2,Cat-,9,0.473094976
PY1,10^5,229.8541667,2,Cat-,10,0.125186119
PY1,10^5,229.8541667,2,Cat-,11,0.164518473
PY1,10^5,229.8541667,2,Cat-,12,0.391591852
PY1,10^5,229.8541667,3,Cat-,1,0.615421326
PY1,10^5,229.8541667,3,Cat-,2,0.649076844
PY1,10^5,229.8541667,3,Cat-,3,0.647049404
PY1,10^5,229.8541667,3,Cat-,4,0.751665353
PY1,10^5,229.8541667,3,Cat-,5,0.725308622
PY1,10^5,229.8541667,3,Cat-,6,0.68557078
PY1,10^5,229.8541667,3,Cat-,7,0.490125479
PY1,10^5,229.8541667,3,Cat-,8,0.548921265
PY1,10^5,229.8541667,3,Cat-,9,0.664890883
PY1,10^5,229.8541667,3,Cat-,10,0.410649796
PY1,10^5,229.8541667,3,Cat-,11,0.456875448
PY1,10^5,229.8541667,3,Cat-,12,0.578521902
PY1,10^1,269.0208333,1,Cat-,1,0
PY1,10^1,269.0208333,1,Cat-,2,0
PY1,10^1,269.0208333,1,Cat-,3,0
PY1,10^1,269.0208333,1,Cat-,4,0
PY1,10^1,269.0208333,1,Cat-,5,0
PY1,10^1,269.0208333,1,Cat-,6,0
PY1,10^1,269.0208333,1,Cat-,7,0
PY1,10^1,269.0208333,1,Cat-,8,0
PY1,10^1,269.0208333,1,Cat-,9,0.022226613
PY1,10^1,269.0208333,1,Cat-,10,0
PY1,10^1,269.0208333,1,Cat-,11,0
PY1,10^1,269.0208333,1,Cat-,12,0.012188839
PY1,10^1,269.0208333,1,Cat+,1,0
PY1,10^1,269.0208333,1,Cat+,2,0
PY1,10^1,269.0208333,1,Cat+,3,0
PY1,10^1,269.0208333,1,Cat+,4,0.017876911
PY1,10^1,269.0208333,1,Cat+,5,0
PY1,10^1,269.0208333,1,Cat+,6,0
PY1,10^1,269.0208333,1,Cat+,7,1
PY1,10^1,269.0208333,1,Cat+,8,0.020553651
PY1,10^1,269.0208333,1,Cat+,9,0
PY1,10^1,269.0208333,1,Cat+,10,1
PY1,10^1,269.0208333,1,Cat+,11,0.0095121
PY1,10^1,269.0208333,1,Cat+,12,0
PY1,10^1,269.0208333,2,Cat-,1,0
PY1,10^1,269.0208333,2,Cat-,2,0
PY1,10^1,269.0208333,2,Cat-,3,0
PY1,10^1,269.0208333,2,Cat-,4,0
PY1,10^1,269.0208333,2,Cat-,5,0
PY1,10^1,269.0208333,2,Cat-,6,0
PY1,10^1,269.0208333,2,Cat-,7,0
PY1,10^1,269.0208333,2,Cat-,8,0
PY1,10^1,269.0208333,2,Cat-,9,0
PY1,10^1,269.0208333,2,Cat-,10,0
PY1,10^1,269.0208333,2,Cat-,11,0
PY1,10^1,269.0208333,2,Cat-,12,0
PY1,10^1,269.0208333,2,Cat+,1,0
PY1,10^1,269.0208333,2,Cat+,2,1
PY1,10^1,269.0208333,2,Cat+,3,0.015534764
PY1,10^1,269.0208333,2,Cat+,4,0
PY1,10^1,269.0208333,2,Cat+,5,0.016538541
PY1,10^1,269.0208333,2,Cat+,6,1
PY1,10^1,269.0208333,2,Cat+,7,0
PY1,10^1,269.0208333,2,Cat+,8,0.008508322
PY1,10^1,269.0208333,2,Cat+,9,1
PY1,10^1,269.0208333,2,Cat+,10,1
PY1,10^1,269.0208333,2,Cat+,11,0.002485658
PY1,10^1,269.0208333,2,Cat+,12,0.003489435
PY1,10^1,269.0208333,3,Cat-,1,0
PY1,10^1,269.0208333,3,Cat-,2,0
PY1,10^1,269.0208333,3,Cat-,3,0.009372207
PY1,10^1,269.0208333,3,Cat-,4,0
PY1,10^1,269.0208333,3,Cat-,5,0
PY1,10^1,269.0208333,3,Cat-,6,0.057791691
PY1,10^1,269.0208333,3,Cat-,7,0
PY1,10^1,269.0208333,3,Cat-,8,0
PY1,10^1,269.0208333,3,Cat-,9,0.087933622
PY1,10^1,269.0208333,3,Cat-,10,0
PY1,10^1,269.0208333,3,Cat-,11,0
PY1,10^1,269.0208333,3,Cat-,12,0.036628208
PY1,10^1,269.0208333,3,Cat+,1,0.067411456
PY1,10^1,269.0208333,3,Cat+,2,0.101080634
PY1,10^1,269.0208333,3,Cat+,3,0.864569318
PY1,10^1,269.0208333,3,Cat+,4,1
PY1,10^1,269.0208333,3,Cat+,5,1
PY1,10^1,269.0208333,3,Cat+,6,1
PY1,10^1,269.0208333,3,Cat+,7,1
PY1,10^1,269.0208333,3,Cat+,8,1
PY1,10^1,269.0208333,3,Cat+,9,0.111341717
PY1,10^1,269.0208333,3,Cat+,10,1
PY1,10^1,269.0208333,3,Cat+,11,1
PY1,10^1,269.0208333,3,Cat+,12,0.057471032
PY1,10^5,269.75,1,Cat-,1,0.105135204
PY1,10^5,269.75,1,Cat-,2,0.137715327
PY1,10^5,269.75,1,Cat-,3,0.31723845
PY1,10^5,269.75,1,Cat-,4,0.09881865
PY1,10^5,269.75,1,Cat-,5,0.147688834
PY1,10^5,269.75,1,Cat-,6,0.392372201
PY1,10^5,269.75,1,Cat-,7,0.116770962
PY1,10^5,269.75,1,Cat-,8,0.155667639
PY1,10^5,269.75,1,Cat-,9,0.397358955
PY1,10^5,269.75,1,Cat-,10,0.126412019
PY1,10^5,269.75,1,Cat-,11,0.134723275
PY1,10^5,269.75,1,Cat-,12,0.339512615
PY1,10^5,269.75,2,Cat-,1,0.11344646
PY1,10^5,269.75,2,Cat-,2,0.189910013
PY1,10^5,269.75,2,Cat-,3,0.383728495
PY1,10^5,269.75,2,Cat-,4,0.111784209
PY1,10^5,269.75,2,Cat-,5,0.182263657
PY1,10^5,269.75,2,Cat-,6,0.439580133
PY1,10^5,269.75,2,Cat-,7,0.094496797
PY1,10^5,269.75,2,Cat-,8,0.169962999
PY1,10^5,269.75,2,Cat-,9,0.389712599
PY1,10^5,269.75,2,Cat-,10,0.097821299
PY1,10^5,269.75,2,Cat-,11,0.153340487
PY1,10^5,269.75,2,Cat-,12,0.336853013
PY1,10^5,269.75,3,Cat-,1,0.482798663
PY1,10^5,269.75,3,Cat-,2,0.451880792
PY1,10^5,269.75,3,Cat-,3,0.533995998
PY1,10^5,269.75,3,Cat-,4,0.471495355
PY1,10^5,269.75,3,Cat-,5,0.514381435
PY1,10^5,269.75,3,Cat-,6,0.547294007
PY1,10^5,269.75,3,Cat-,7,0.373090088
PY1,10^5,269.75,3,Cat-,8,0.432266228
PY1,10^5,269.75,3,Cat-,9,0.5366556
PY1,10^5,269.75,3,Cat-,10,0.31790335
PY1,10^5,269.75,3,Cat-,11,0.377079491
PY1,10^5,269.75,3,Cat-,12,0.480803962
PY1,10^3,269.75,1,Cat-,1,0.165602622
PY1,10^3,269.75,1,Cat-,2,0.168170218
PY1,10^3,269.75,1,Cat-,3,0.318374586
PY1,10^3,269.75,1,Cat-,4,0.175231107
PY1,10^3,269.75,1,Cat-,5,0.168491168
PY1,10^3,269.75,1,Cat-,6,0.319337434
PY1,10^3,269.75,1,Cat-,7,0.114250702
PY1,10^3,269.75,1,Cat-,8,0.184859592
PY1,10^3,269.75,1,Cat-,9,0.329607818
PY1,10^3,269.75,1,Cat-,10,0.116176399
PY1,10^3,269.75,1,Cat-,11,0.169133067
PY1,10^3,269.75,1,Cat-,12,0.319979333
PY1,10^3,269.75,2,Cat-,1,0.034013326
PY1,10^3,269.75,2,Cat-,2,0.054875044
PY1,10^3,269.75,2,Cat-,3,0.211177452
PY1,10^3,269.75,2,Cat-,4,0.016361103
PY1,10^3,269.75,2,Cat-,5,0.060010236
PY1,10^3,269.75,2,Cat-,6,0.292056726
PY1,10^3,269.75,2,Cat-,7,0.030161932
PY1,10^3,269.75,2,Cat-,8,
PY1,10^3,269.75,2,Cat-,9,
PY1,10^3,269.75,2,Cat-,10,0.05102365
PY1,10^3,269.75,2,Cat-,11,
PY1,10^3,269.75,2,Cat-,12,0.269590261
PY1,10^3,269.75,3,Cat-,1,0.00544882
PY1,10^3,269.75,3,Cat-,2,0.026952437
PY1,10^3,269.75,3,Cat-,3,0.155011289
PY1,10^3,269.75,3,Cat-,4,0.01860775
PY1,10^3,269.75,3,Cat-,5,0.033371427
PY1,10^3,269.75,3,Cat-,6,0.235890563
PY1,10^3,269.75,3,Cat-,7,0.014756356
PY1,10^3,269.75,3,Cat-,8,0.046851306
PY1,10^3,269.75,3,Cat-,9,0.224657331
PY1,10^3,269.75,3,Cat-,10,0
PY1,10^3,269.75,3,Cat-,11,0.021817245
PY1,10^3,269.75,3,Cat-,12,0.191278583
europaea,10^1,0,1,normal,1,0
europaea,10^1,0,1,normal,2,0
europaea,10^1,0,1,normal,3,0
europaea,10^1,0,1,normal,4,0
europaea,10^1,0,1,normal,5,0
europaea,10^1,0,1,normal,6,0
europaea,10^1,0,1,normal,7,0
europaea,10^1,0,1,normal,8,0
europaea,10^1,0,1,normal,9,0
europaea,10^1,0,1,normal,10,0
europaea,10^1,0,1,normal,11,0
europaea,10^1,0,1,normal,12,0
europaea,10^1,0,2,normal,1,0
europaea,10^1,0,2,normal,2,0
europaea,10^1,0,2,normal,3,0
europaea,10^1,0,2,normal,4,0
europaea,10^1,0,2,normal,5,0
europaea,10^1,0,2,normal,6,0
europaea,10^1,0,2,normal,7,0
europaea,10^1,0,2,normal,8,0
europaea,10^1,0,2,normal,9,0
europaea,10^1,0,2,normal,10,0
europaea,10^1,0,2,normal,11,0
europaea,10^1,0,2,normal,12,0
europaea,10^1,0,3,normal,1,0
europaea,10^1,0,3,normal,2,0
europaea,10^1,0,3,normal,3,0
europaea,10^1,0,3,normal,4,0
europaea,10^1,0,3,normal,5,0
europaea,10^1,0,3,normal,6,0
europaea,10^1,0,3,normal,7,0
europaea,10^1,0,3,normal,8,0
europaea,10^1,0,3,normal,9,0
europaea,10^1,0,3,normal,10,0
europaea,10^1,0,3,normal,11,0
europaea,10^1,0,3,normal,12,0
europaea,10^3,0,1,normal,1,0
europaea,10^3,0,1,normal,2,0
europaea,10^3,0,1,normal,3,0
europaea,10^3,0,1,normal,4,0
europaea,10^3,0,1,normal,5,0
europaea,10^3,0,1,normal,6,0
europaea,10^3,0,1,normal,7,0
europaea,10^3,0,1,normal,8,0
europaea,10^3,0,1,normal,9,0
europaea,10^3,0,1,normal,10,0
europaea,10^3,0,1,normal,11,0
europaea,10^3,0,1,normal,12,0
europaea,10^3,0,2,normal,1,0
europaea,10^3,0,2,normal,2,0
europaea,10^3,0,2,normal,3,0
europaea,10^3,0,2,normal,4,0
europaea,10^3,0,2,normal,5,0
europaea,10^3,0,2,normal,6,0
europaea,10^3,0,2,normal,7,0
europaea,10^3,0,2,normal,8,0
europaea,10^3,0,2,normal,9,0
europaea,10^3,0,2,normal,10,0
europaea,10^3,0,2,normal,11,0
europaea,10^3,0,2,normal,12,0
europaea,10^3,0,3,normal,1,0
europaea,10^3,0,3,normal,2,0
europaea,10^3,0,3,normal,3,0
europaea,10^3,0,3,normal,4,0
europaea,10^3,0,3,normal,5,0
europaea,10^3,0,3,normal,6,0
europaea,10^3,0,3,normal,7,0
europaea,10^3,0,3,normal,8,0
europaea,10^3,0,3,normal,9,0
europaea,10^3,0,3,normal,10,0
europaea,10^3,0,3,normal,11,0
europaea,10^3,0,3,normal,12,0
europaea,10^5,0,1,normal,1,0
europaea,10^5,0,1,normal,2,0
europaea,10^5,0,1,normal,3,0
europaea,10^5,0,1,normal,4,0
europaea,10^5,0,1,normal,5,0
europaea,10^5,0,1,normal,6,0
europaea,10^5,0,1,normal,7,0
europaea,10^5,0,1,normal,8,0
europaea,10^5,0,1,normal,9,0
europaea,10^5,0,1,normal,10,0
europaea,10^5,0,1,normal,11,0
europaea,10^5,0,1,normal,12,0
europaea,10^5,0,2,normal,1,0
europaea,10^5,0,2,normal,2,0
europaea,10^5,0,2,normal,3,0
europaea,10^5,0,2,normal,4,0
europaea,10^5,0,2,normal,5,0
europaea,10^5,0,2,normal,6,0
europaea,10^5,0,2,normal,7,0
europaea,10^5,0,2,normal,8,0
europaea,10^5,0,2,normal,9,0
europaea,10^5,0,2,normal,10,0
europaea,10^5,0,2,normal,11,0
europaea,10^5,0,2,normal,12,0
europaea,10^5,0,3,normal,1,0
europaea,10^5,0,3,normal,2,0
europaea,10^5,0,3,normal,3,0
europaea,10^5,0,3,normal,4,0
europaea,10^5,0,3,normal,5,0
europaea,10^5,0,3,normal,6,0
europaea,10^5,0,3,normal,7,0
europaea,10^5,0,3,normal,8,0
europaea,10^5,0,3,normal,9,0
europaea,10^5,0,3,normal,10,0
europaea,10^5,0,3,normal,11,0
europaea,10^5,0,3,normal,12,0
europaea,10^1,0,1,O2_permeation,1,0
europaea,10^1,0,1,O2_permeation,2,0
europaea,10^1,0,1,O2_permeation,3,0
europaea,10^1,0,1,O2_permeation,4,0
europaea,10^1,0,1,O2_permeation,5,0
europaea,10^1,0,1,O2_permeation,6,0
europaea,10^1,0,1,O2_permeation,7,0
europaea,10^1,0,1,O2_permeation,8,0
europaea,10^1,0,1,O2_permeation,9,0
europaea,10^1,0,1,O2_permeation,10,0
europaea,10^1,0,1,O2_permeation,11,0
europaea,10^1,0,1,O2_permeation,12,0
europaea,10^1,0,2,O2_permeation,1,0
europaea,10^1,0,2,O2_permeation,2,0
europaea,10^1,0,2,O2_permeation,3,0
europaea,10^1,0,2,O2_permeation,4,0
europaea,10^1,0,2,O2_permeation,5,0
europaea,10^1,0,2,O2_permeation,6,0
europaea,10^1,0,2,O2_permeation,7,0
europaea,10^1,0,2,O2_permeation,8,0
europaea,10^1,0,2,O2_permeation,9,0
europaea,10^1,0,2,O2_permeation,10,0
europaea,10^1,0,2,O2_permeation,11,0
europaea,10^1,0,2,O2_permeation,12,0
europaea,10^1,0,3,O2_permeation,1,0
europaea,10^1,0,3,O2_permeation,2,0
europaea,10^1,0,3,O2_permeation,3,0
europaea,10^1,0,3,O2_permeation,4,0
europaea,10^1,0,3,O2_permeation,5,0
europaea,10^1,0,3,O2_permeation,6,0
europaea,10^1,0,3,O2_permeation,7,0
europaea,10^1,0,3,O2_permeation,8,0
europaea,10^1,0,3,O2_permeation,9,0
europaea,10^1,0,3,O2_permeation,10,0
europaea,10^1,0,3,O2_permeation,11,0
europaea,10^1,0,3,O2_permeation,12,0
europaea,10^3,0,1,O2_permeation,1,0
europaea,10^3,0,1,O2_permeation,2,0
europaea,10^3,0,1,O2_permeation,3,0
europaea,10^3,0,1,O2_permeation,4,0
europaea,10^3,0,1,O2_permeation,5,0
europaea,10^3,0,1,O2_permeation,6,0
europaea,10^3,0,1,O2_permeation,7,0
europaea,10^3,0,1,O2_permeation,8,0
europaea,10^3,0,1,O2_permeation,9,0
europaea,10^3,0,1,O2_permeation,10,0
europaea,10^3,0,1,O2_permeation,11,0
europaea,10^3,0,1,O2_permeation,12,0
europaea,10^3,0,2,O2_permeation,1,0
europaea,10^3,0,2,O2_permeation,2,0
europaea,10^3,0,2,O2_permeation,3,0
europaea,10^3,0,2,O2_permeation,4,0
europaea,10^3,0,2,O2_permeation,5,0
europaea,10^3,0,2,O2_permeation,6,0
europaea,10^3,0,2,O2_permeation,7,0
europaea,10^3,0,2,O2_permeation,8,0
europaea,10^3,0,2,O2_permeation,9,0
europaea,10^3,0,2,O2_permeation,10,0
europaea,10^3,0,2,O2_permeation,11,0
europaea,10^3,0,2,O2_permeation,12,0
europaea,10^3,0,3,O2_permeation,1,0
europaea,10^3,0,3,O2_permeation,2,0
europaea,10^3,0,3,O2_permeation,3,0
europaea,10^3,0,3,O2_permeation,4,0
europaea,10^3,0,3,O2_permeation,5,0
europaea,10^3,0,3,O2_permeation,6,0
europaea,10^3,0,3,O2_permeation,7,0
europaea,10^3,0,3,O2_permeation,8,0
europaea,10^3,0,3,O2_permeation,9,0
europaea,10^3,0,3,O2_permeation,10,0
europaea,10^3,0,3,O2_permeation,11,0
europaea,10^3,0,3,O2_permeation,12,0
europaea,10^5,0,1,O2_permeation,1,0
europaea,10^5,0,1,O2_permeation,2,0
europaea,10^5,0,1,O2_permeation,3,0
europaea,10^5,0,1,O2_permeation,4,0
europaea,10^5,0,1,O2_permeation,5,0
europaea,10^5,0,1,O2_permeation,6,0
europaea,10^5,0,1,O2_permeation,7,0
europaea,10^5,0,1,O2_permeation,8,0
europaea,10^5,0,1,O2_permeation,9,0
europaea,10^5,0,1,O2_permeation,10,0
europaea,10^5,0,1,O2_permeation,11,0
europaea,10^5,0,1,O2_permeation,12,0
europaea,10^5,0,2,O2_permeation,1,0
europaea,10^5,0,2,O2_permeation,2,0
europaea,10^5,0,2,O2_permeation,3,0
europaea,10^5,0,2,O2_permeation,4,0
europaea,10^5,0,2,O2_permeation,5,0
europaea,10^5,0,2,O2_permeation,6,0
europaea,10^5,0,2,O2_permeation,7,0
europaea,10^5,0,2,O2_permeation,8,0
europaea,10^5,0,2,O2_permeation,9,0
europaea,10^5,0,2,O2_permeation,10,0
europaea,10^5,0,2,O2_permeation,11,0
europaea,10^5,0,2,O2_permeation,12,0
europaea,10^5,0,3,O2_permeation,1,0
europaea,10^5,0,3,O2_permeation,2,0
europaea,10^5,0,3,O2_permeation,3,0
europaea,10^5,0,3,O2_permeation,4,0
europaea,10^5,0,3,O2_permeation,5,0
europaea,10^5,0,3,O2_permeation,6,0
europaea,10^5,0,3,O2_permeation,7,0
europaea,10^5,0,3,O2_permeation,8,0
europaea,10^5,0,3,O2_permeation,9,0
europaea,10^5,0,3,O2_permeation,10,0
europaea,10^5,0,3,O2_permeation,11,0
europaea,10^5,0,3,O2_permeation,12,0
europaea,10^5,6.083333333,1,normal,1,1
europaea,10^5,6.083333333,1,normal,2,1
europaea,10^5,6.083333333,1,normal,3,1
europaea,10^5,6.083333333,1,normal,4,0.868110196
europaea,10^5,6.083333333,1,normal,5,0.841718284
europaea,10^5,6.083333333,1,normal,6,0.828325373
europaea,10^5,6.083333333,1,normal,7,0.974071755
europaea,10^5,6.083333333,1,normal,8,0.862989377
europaea,10^5,6.083333333,1,normal,9,0.86180765
europaea,10^5,6.083333333,1,normal,10,1
europaea,10^5,6.083333333,1,normal,11,1
europaea,10^5,6.083333333,1,normal,12,1
europaea,10^3,6.083333333,1,normal,1,0.11928892
europaea,10^3,6.083333333,1,normal,2,0.122046284
europaea,10^3,6.083333333,1,normal,3,0.236279935
europaea,10^3,6.083333333,1,normal,4,0.127954922
europaea,10^3,6.083333333,1,normal,5,0.116531556
europaea,10^3,6.083333333,1,normal,6,0.245733755
europaea,10^3,6.083333333,1,normal,7,0.098017827
europaea,10^3,6.083333333,1,normal,8,0.118895011
europaea,10^3,6.083333333,1,normal,9,0.246127664
europaea,10^3,6.083333333,1,normal,10,0.088564008
europaea,10^3,6.083333333,1,normal,11,0.088170098
europaea,10^3,6.083333333,1,normal,12,0.264247484
europaea,10^5,6.083333333,2,normal,1,1
europaea,10^5,6.083333333,2,normal,2,1
europaea,10^5,6.083333333,2,normal,3,1
europaea,10^5,6.083333333,2,normal,4,1
europaea,10^5,6.083333333,2,normal,5,0.941377296
europaea,10^5,6.083333333,2,normal,6,0.926802658
europaea,10^5,6.083333333,2,normal,7,1
europaea,10^5,6.083333333,2,normal,8,0.894108199
europaea,10^5,6.083333333,2,normal,9,0.900804655
europaea,10^5,6.083333333,2,normal,10,1
europaea,10^5,6.083333333,2,normal,11,1
europaea,10^5,6.083333333,2,normal,12,1
europaea,10^3,6.083333333,2,normal,1,0.282367305
europaea,10^3,6.083333333,2,normal,2,0.242976391
europaea,10^3,6.083333333,2,normal,3,0.227613934
europaea,10^3,6.083333333,2,normal,4,0.244945936
europaea,10^3,6.083333333,2,normal,5,0.240612936
europaea,10^3,6.083333333,2,normal,6,0.231159116
europaea,10^3,6.083333333,2,normal,7,0.244158118
europaea,10^3,6.083333333,2,normal,8,0.199252476
europaea,10^3,6.083333333,2,normal,9,0.243764209
europaea,10^3,6.083333333,2,normal,10,0.178375292
europaea,10^3,6.083333333,2,normal,11,0.195313385
europaea,10^3,6.083333333,2,normal,12,0.225250479
europaea,10^5,6.083333333,3,normal,1,1
europaea,10^5,6.083333333,3,normal,2,1
europaea,10^5,6.083333333,3,normal,3,1
europaea,10^5,6.083333333,3,normal,4,0.997645153
europaea,10^5,6.083333333,3,normal,5,0.994710598
europaea,10^5,6.083333333,3,normal,6,0.987741031
europaea,10^5,6.083333333,3,normal,7,1
europaea,10^5,6.083333333,3,normal,8,1
europaea,10^5,6.083333333,3,normal,9,0.971600982
europaea,10^5,6.083333333,3,normal,10,1
europaea,10^5,6.083333333,3,normal,11,1
europaea,10^5,6.083333333,3,normal,12,1
europaea,10^3,6.083333333,3,normal,1,0.267674719
europaea,10^3,6.083333333,3,normal,2,0.287849782
europaea,10^3,6.083333333,3,normal,3,0.261438791
europaea,10^3,6.083333333,3,normal,4,0.242731006
europaea,10^3,6.083333333,3,normal,5,0.244565103
europaea,10^3,6.083333333,3,normal,6,0.241263729
europaea,10^3,6.083333333,3,normal,7,0.247499657
europaea,10^3,6.083333333,3,normal,8,0.301422096
europaea,10^3,6.083333333,3,normal,9,0.25116785
europaea,10^3,6.083333333,3,normal,10,0.210084087
europaea,10^3,6.083333333,3,normal,11,0.238695994
europaea,10^3,6.083333333,3,normal,12,0.230992788
europaea,10^5,6.083333333,1,O2_permeation,1,1
europaea,10^5,6.083333333,1,O2_permeation,2,1
europaea,10^5,6.083333333,1,O2_permeation,3,1
europaea,10^5,6.083333333,1,O2_permeation,4,1
europaea,10^5,6.083333333,1,O2_permeation,5,1
europaea,10^5,6.083333333,1,O2_permeation,6,1
europaea,10^5,6.083333333,1,O2_permeation,7,1
europaea,10^5,6.083333333,1,O2_permeation,8,1
europaea,10^5,6.083333333,1,O2_permeation,9,0.974183615
europaea,10^5,6.083333333,1,O2_permeation,10,1
europaea,10^5,6.083333333,1,O2_permeation,11,1
europaea,10^5,6.083333333,1,O2_permeation,12,1
europaea,10^3,6.083333333,1,O2_permeation,1,0.162373348
europaea,10^3,6.083333333,1,O2_permeation,2,0.173333543
europaea,10^3,6.083333333,1,O2_permeation,3,0.189962803
europaea,10^3,6.083333333,1,O2_permeation,4,0.2239772
europaea,10^3,6.083333333,1,O2_permeation,5,0.227000702
europaea,10^3,6.083333333,1,O2_permeation,6,0.261015098
europaea,10^3,6.083333333,1,O2_permeation,7,0.209993503
europaea,10^3,6.083333333,1,O2_permeation,8,0.236827083
europaea,10^3,6.083333333,1,O2_permeation,9,0.266684165
europaea,10^3,6.083333333,1,O2_permeation,10,0.21566257
europaea,10^3,6.083333333,1,O2_permeation,11,0.21226113
europaea,10^3,6.083333333,1,O2_permeation,12,0.238338834
europaea,10^5,6.083333333,2,O2_permeation,1,1
europaea,10^5,6.083333333,2,O2_permeation,2,1
europaea,10^5,6.083333333,2,O2_permeation,3,0.967758674
europaea,10^5,6.083333333,2,O2_permeation,4,1
europaea,10^5,6.083333333,2,O2_permeation,5,1
europaea,10^5,6.083333333,2,O2_permeation,6,0.91824883
europaea,10^5,6.083333333,2,O2_permeation,7,1
europaea,10^5,6.083333333,2,O2_permeation,8,1
europaea,10^5,6.083333333,2,O2_permeation,9,0.974561553
europaea,10^5,6.083333333,2,O2_permeation,10,1
europaea,10^5,6.083333333,2,O2_permeation,11,1
europaea,10^5,6.083333333,2,O2_permeation,12,1
europaea,10^3,6.083333333,2,O2_permeation,1,0.218308134
europaea,10^3,6.083333333,2,O2_permeation,2,0.195631869
europaea,10^3,6.083333333,2,O2_permeation,3,0.239850585
europaea,10^3,6.083333333,2,O2_permeation,4,0.21226113
europaea,10^3,6.083333333,2,O2_permeation,5,0.205458251
europaea,10^3,6.083333333,2,O2_permeation,6,0.246275527
europaea,10^3,6.083333333,2,O2_permeation,7,0.177490858
europaea,10^3,6.083333333,2,O2_permeation,8,0.18882899
europaea,10^3,6.083333333,2,O2_permeation,9,0.213394943
europaea,10^3,6.083333333,2,O2_permeation,10,0.160861597
europaea,10^3,6.083333333,2,O2_permeation,11,0.201678873
europaea,10^3,6.083333333,2,O2_permeation,12,0.198277433
europaea,10^5,6.083333333,3,O2_permeation,1,1
europaea,10^5,6.083333333,3,O2_permeation,2,1
europaea,10^5,6.083333333,3,O2_permeation,3,1
europaea,10^5,6.083333333,3,O2_permeation,4,1
europaea,10^5,6.083333333,3,O2_permeation,5,1
europaea,10^5,6.083333333,3,O2_permeation,6,1
europaea,10^5,6.083333333,3,O2_permeation,7,1
europaea,10^5,6.083333333,3,O2_permeation,8,1
europaea,10^5,6.083333333,3,O2_permeation,9,1
europaea,10^5,6.083333333,3,O2_permeation,10,1
europaea,10^5,6.083333333,3,O2_permeation,11,1
europaea,10^5,6.083333333,3,O2_permeation,12,1
europaea,10^3,6.083333333,3,O2_permeation,1,0.249992217
europaea,10^3,6.083333333,3,O2_permeation,2,0.282387498
europaea,10^3,6.083333333,3,O2_permeation,3,0.292934798
europaea,10^3,6.083333333,3,O2_permeation,4,0.2541358
europaea,10^3,6.083333333,3,O2_permeation,5,0.283140876
europaea,10^3,6.083333333,3,O2_permeation,6,0.271463508
europaea,10^3,6.083333333,3,O2_permeation,7,0.228144238
europaea,10^3,6.083333333,3,O2_permeation,8,0.228144238
europaea,10^3,6.083333333,3,O2_permeation,9,0.241705053
europaea,10^3,6.083333333,3,O2_permeation,10,0.180681385
europaea,10^3,6.083333333,3,O2_permeation,11,0.242081742
europaea,10^3,6.083333333,3,O2_permeation,12,0.272593576
europaea,10^5,7.875,1,normal,1,1
europaea,10^5,7.875,1,normal,2,1
europaea,10^5,7.875,1,normal,3,1
europaea,10^5,7.875,1,normal,4,1
europaea,10^5,7.875,1,normal,5,1
europaea,10^5,7.875,1,normal,6,1
europaea,10^5,7.875,1,normal,7,1
europaea,10^5,7.875,1,normal,8,1
europaea,10^5,7.875,1,normal,9,1
europaea,10^5,7.875,1,normal,10,1
europaea,10^5,7.875,1,normal,11,1
europaea,10^5,7.875,1,normal,12,1
europaea,10^3,7.875,1,normal,1,0.497275884
europaea,10^3,7.875,1,normal,2,0.498822813
europaea,10^3,7.875,1,normal,3,0.7138459
europaea,10^3,7.875,1,normal,4,0.467884239
europaea,10^3,7.875,1,normal,5,0.482966794
europaea,10^3,7.875,1,normal,6,0.65158202
europaea,10^3,7.875,1,normal,7,0.46092306
europaea,10^3,7.875,1,normal,8,0.489541241
europaea,10^3,7.875,1,normal,9,0.676719611
europaea,10^3,7.875,1,normal,10,0.488381044
europaea,10^3,7.875,1,normal,11,0.493408562
europaea,10^3,7.875,1,normal,12,0.786164815
europaea,10^5,7.875,2,normal,1,1
europaea,10^5,7.875,2,normal,2,1
europaea,10^5,7.875,2,normal,3,1
europaea,10^5,7.875,2,normal,4,1
europaea,10^5,7.875,2,normal,5,1
europaea,10^5,7.875,2,normal,6,1
europaea,10^5,7.875,2,normal,7,1
europaea,10^5,7.875,2,normal,8,1
europaea,10^5,7.875,2,normal,9,1
europaea,10^5,7.875,2,normal,10,1
europaea,10^5,7.875,2,normal,11,1
europaea,10^5,7.875,2,normal,12,1
europaea,10^3,7.875,2,normal,1,0.888648841
europaea,10^3,7.875,2,normal,2,0.836439998
europaea,10^3,7.875,2,normal,3,0.983398222
europaea,10^3,7.875,2,normal,4,0.644620841
europaea,10^3,7.875,2,normal,5,0.675946147
europaea,10^3,7.875,2,normal,6,0.681360397
europaea,10^3,7.875,2,normal,7,0.590478337
europaea,10^3,7.875,2,normal,8,0.627217893
europaea,10^3,7.875,2,normal,9,0.622963839
europaea,10^3,7.875,2,normal,10,0.761027224
europaea,10^3,7.875,2,normal,11,0.785391351
europaea,10^3,7.875,2,normal,12,0.899477341
europaea,10^5,7.875,3,normal,1,1
europaea,10^5,7.875,3,normal,2,1
europaea,10^5,7.875,3,normal,3,1
europaea,10^5,7.875,3,normal,4,1
europaea,10^5,7.875,3,normal,5,1
europaea,10^5,7.875,3,normal,6,1
europaea,10^5,7.875,3,normal,7,1
europaea,10^5,7.875,3,normal,8,1
europaea,10^5,7.875,3,normal,9,1
europaea,10^5,7.875,3,normal,10,1
europaea,10^5,7.875,3,normal,11,1
europaea,10^5,7.875,3,normal,12,1
europaea,10^3,7.875,3,normal,1,0.798629319
europaea,10^3,7.875,3,normal,2,0.682559119
europaea,10^3,7.875,3,normal,3,0.819423655
europaea,10^3,7.875,3,normal,4,0.610724142
europaea,10^3,7.875,3,normal,5,0.617529561
europaea,10^3,7.875,3,normal,6,0.609211827
europaea,10^3,7.875,3,normal,7,0.621688428
europaea,10^3,7.875,3,normal,8,0.737758628
europaea,10^3,7.875,3,normal,9,0.651934734
europaea,10^3,7.875,3,normal,10,0.875379321
europaea,10^3,7.875,3,normal,11,0.944567746
europaea,10^3,7.875,3,normal,12,0.896929814
europaea,10^5,7.875,1,O2_permeation,1,1
europaea,10^5,7.875,1,O2_permeation,2,1
europaea,10^5,7.875,1,O2_permeation,3,1
europaea,10^5,7.875,1,O2_permeation,4,1
europaea,10^5,7.875,1,O2_permeation,5,1
europaea,10^5,7.875,1,O2_permeation,6,1
europaea,10^5,7.875,1,O2_permeation,7,1
europaea,10^5,7.875,1,O2_permeation,8,1
europaea,10^5,7.875,1,O2_permeation,9,1
europaea,10^5,7.875,1,O2_permeation,10,1
europaea,10^5,7.875,1,O2_permeation,11,1
europaea,10^5,7.875,1,O2_permeation,12,1
europaea,10^3,7.875,1,O2_permeation,1,0.797386481
europaea,10^3,7.875,1,O2_permeation,2,0.806050601
europaea,10^3,7.875,1,O2_permeation,3,0.879507272
europaea,10^3,7.875,1,O2_permeation,4,0.645952729
europaea,10^3,7.875,1,O2_permeation,5,0.64632943
europaea,10^3,7.875,1,O2_permeation,6,0.980463106
europaea,10^3,7.875,1,O2_permeation,7,0.622597275
europaea,10^3,7.875,1,O2_permeation,8,0.651603242
europaea,10^3,7.875,1,O2_permeation,9,0.993647637
europaea,10^3,7.875,1,O2_permeation,10,0.62485748
europaea,10^3,7.875,1,O2_permeation,11,0.675712098
europaea,10^3,7.875,1,O2_permeation,12,0.823755542
europaea,10^5,7.875,2,O2_permeation,1,1
europaea,10^5,7.875,2,O2_permeation,2,1
europaea,10^5,7.875,2,O2_permeation,3,1
europaea,10^5,7.875,2,O2_permeation,4,1
europaea,10^5,7.875,2,O2_permeation,5,1
europaea,10^5,7.875,2,O2_permeation,6,1
europaea,10^5,7.875,2,O2_permeation,7,1
europaea,10^5,7.875,2,O2_permeation,8,1
europaea,10^5,7.875,2,O2_permeation,9,1
europaea,10^5,7.875,2,O2_permeation,10,1
europaea,10^5,7.875,2,O2_permeation,11,1
europaea,10^5,7.875,2,O2_permeation,12,1
europaea,10^3,7.875,2,O2_permeation,1,0.651226541
europaea,10^3,7.875,2,O2_permeation,2,0.639925515
europaea,10^3,7.875,2,O2_permeation,3,0.931868693
europaea,10^3,7.875,2,O2_permeation,4,0.611672949
europaea,10^3,7.875,2,O2_permeation,5,0.599995222
europaea,10^3,7.875,2,O2_permeation,6,0.88327428
europaea,10^3,7.875,2,O2_permeation,7,0.561948434
europaea,10^3,7.875,2,O2_permeation,8,0.606399137
europaea,10^3,7.875,2,O2_permeation,9,0.859542125
europaea,10^3,7.875,2,O2_permeation,10,0.587187392
europaea,10^3,7.875,2,O2_permeation,11,0.628247788
europaea,10^3,7.875,2,O2_permeation,12,0.747285264
europaea,10^5,7.875,3,O2_permeation,1,1
europaea,10^5,7.875,3,O2_permeation,2,1
europaea,10^5,7.875,3,O2_permeation,3,1
europaea,10^5,7.875,3,O2_permeation,4,1
europaea,10^5,7.875,3,O2_permeation,5,1
europaea,10^5,7.875,3,O2_permeation,6,1
europaea,10^5,7.875,3,O2_permeation,7,1
europaea,10^5,7.875,3,O2_permeation,8,1
europaea,10^5,7.875,3,O2_permeation,9,1
europaea,10^5,7.875,3,O2_permeation,10,1
europaea,10^5,7.875,3,O2_permeation,11,1
europaea,10^5,7.875,3,O2_permeation,12,1
europaea,10^3,7.875,3,O2_permeation,1,0.66562115
europaea,10^3,7.875,3,O2_permeation,2,0.709639443
europaea,10^3,7.875,3,O2_permeation,3,1
europaea,10^3,7.875,3,O2_permeation,4,0.711840358
europaea,10^3,7.875,3,O2_permeation,5,0.724312208
europaea,10^3,7.875,3,O2_permeation,6,0.937067293
europaea,10^3,7.875,3,O2_permeation,7,0.664153873
europaea,10^3,7.875,3,O2_permeation,8,0.715875368
europaea,10^3,7.875,3,O2_permeation,9,0.930831368
europaea,10^3,7.875,3,O2_permeation,10,0.780435532
europaea,10^3,7.875,3,O2_permeation,11,0.890114447
europaea,10^3,7.875,3,O2_permeation,12,1
europaea,10^5,10.04166667,1,O2_permeation,1,1
europaea,10^5,10.04166667,1,O2_permeation,2,1
europaea,10^5,10.04166667,1,O2_permeation,3,1
europaea,10^5,10.04166667,1,O2_permeation,4,1
europaea,10^5,10.04166667,1,O2_permeation,5,1
europaea,10^5,10.04166667,1,O2_permeation,6,1
europaea,10^5,10.04166667,1,O2_permeation,7,1
europaea,10^5,10.04166667,1,O2_permeation,8,1
europaea,10^5,10.04166667,1,O2_permeation,9,1
europaea,10^5,10.04166667,1,O2_permeation,10,1
europaea,10^5,10.04166667,1,O2_permeation,11,1
europaea,10^5,10.04166667,1,O2_permeation,12,1
europaea,10^3,10.04166667,1,O2_permeation,1,1
europaea,10^3,10.04166667,1,O2_permeation,2,1
europaea,10^3,10.04166667,1,O2_permeation,3,1
europaea,10^3,10.04166667,1,O2_permeation,4,1
europaea,10^3,10.04166667,1,O2_permeation,5,1
europaea,10^3,10.04166667,1,O2_permeation,6,1
europaea,10^3,10.04166667,1,O2_permeation,7,1
europaea,10^3,10.04166667,1,O2_permeation,8,1
europaea,10^3,10.04166667,1,O2_permeation,9,1
europaea,10^3,10.04166667,1,O2_permeation,10,1
europaea,10^3,10.04166667,1,O2_permeation,11,1
europaea,10^3,10.04166667,1,O2_permeation,12,1
europaea,10^5,10.04166667,2,O2_permeation,1,1
europaea,10^5,10.04166667,2,O2_permeation,2,1
europaea,10^5,10.04166667,2,O2_permeation,3,1
europaea,10^5,10.04166667,2,O2_permeation,4,1
europaea,10^5,10.04166667,2,O2_permeation,5,1
europaea,10^5,10.04166667,2,O2_permeation,6,1
europaea,10^5,10.04166667,2,O2_permeation,7,1
europaea,10^5,10.04166667,2,O2_permeation,8,1
europaea,10^5,10.04166667,2,O2_permeation,9,1
europaea,10^5,10.04166667,2,O2_permeation,10,1
europaea,10^5,10.04166667,2,O2_permeation,11,1
europaea,10^5,10.04166667,2,O2_permeation,12,1
europaea,10^3,10.04166667,2,O2_permeation,1,1
europaea,10^3,10.04166667,2,O2_permeation,2,1
europaea,10^3,10.04166667,2,O2_permeation,3,1
europaea,10^3,10.04166667,2,O2_permeation,4,1
europaea,10^3,10.04166667,2,O2_permeation,5,1
europaea,10^3,10.04166667,2,O2_permeation,6,1
europaea,10^3,10.04166667,2,O2_permeation,7,1
europaea,10^3,10.04166667,2,O2_permeation,8,1
europaea,10^3,10.04166667,2,O2_permeation,9,1
europaea,10^3,10.04166667,2,O2_permeation,10,1
europaea,10^3,10.04166667,2,O2_permeation,11,1
europaea,10^3,10.04166667,2,O2_permeation,12,1
europaea,10^5,10.04166667,3,O2_permeation,1,1
europaea,10^5,10.04166667,3,O2_permeation,2,1
europaea,10^5,10.04166667,3,O2_permeation,3,1
europaea,10^5,10.04166667,3,O2_permeation,4,1
europaea,10^5,10.04166667,3,O2_permeation,5,1
europaea,10^5,10.04166667,3,O2_permeation,6,1
europaea,10^5,10.04166667,3,O2_permeation,7,1
europaea,10^5,10.04166667,3,O2_permeation,8,1
europaea,10^5,10.04166667,3,O2_permeation,9,1
europaea,10^5,10.04166667,3,O2_permeation,10,1
europaea,10^5,10.04166667,3,O2_permeation,11,1
europaea,10^5,10.04166667,3,O2_permeation,12,1
europaea,10^3,10.04166667,3,O2_permeation,1,1
europaea,10^3,10.04166667,3,O2_permeation,2,1
europaea,10^3,10.04166667,3,O2_permeation,3,1
europaea,10^3,10.04166667,3,O2_permeation,4,1
europaea,10^3,10.04166667,3,O2_permeation,5,1
europaea,10^3,10.04166667,3,O2_permeation,6,1
europaea,10^3,10.04166667,3,O2_permeation,7,1
europaea,10^3,10.04166667,3,O2_permeation,8,1
europaea,10^3,10.04166667,3,O2_permeation,9,1
europaea,10^3,10.04166667,3,O2_permeation,10,1
europaea,10^3,10.04166667,3,O2_permeation,11,1
europaea,10^3,10.04166667,3,O2_permeation,12,1
europaea,10^3,0,1,O2_permeation_10x_dilution,1,0
europaea,10^3,0,1,O2_permeation_10x_dilution,2,0
europaea,10^3,0,1,O2_permeation_10x_dilution,3,0
europaea,10^3,0,1,O2_permeation_10x_dilution,4,0
europaea,10^3,0,1,O2_permeation_10x_dilution,5,0
europaea,10^3,0,1,O2_permeation_10x_dilution,6,0
europaea,10^3,0,1,O2_permeation_10x_dilution,7,0
europaea,10^3,0,1,O2_permeation_10x_dilution,8,0
europaea,10^3,0,1,O2_permeation_10x_dilution,9,0
europaea,10^3,0,1,O2_permeation_10x_dilution,10,0
europaea,10^3,0,1,O2_permeation_10x_dilution,11,0
europaea,10^3,0,1,O2_permeation_10x_dilution,12,0
europaea,10^3,0,2,O2_permeation_10x_dilution,1,0
europaea,10^3,0,2,O2_permeation_10x_dilution,2,0
europaea,10^3,0,2,O2_permeation_10x_dilution,3,0
europaea,10^3,0,2,O2_permeation_10x_dilution,4,0
europaea,10^3,0,2,O2_permeation_10x_dilution,5,0
europaea,10^3,0,2,O2_permeation_10x_dilution,6,0
europaea,10^3,0,2,O2_permeation_10x_dilution,7,0
europaea,10^3,0,2,O2_permeation_10x_dilution,8,0
europaea,10^3,0,2,O2_permeation_10x_dilution,9,0
europaea,10^3,0,2,O2_permeation_10x_dilution,10,0
europaea,10^3,0,2,O2_permeation_10x_dilution,11,0
europaea,10^3,0,2,O2_permeation_10x_dilution,12,0
europaea,10^3,0,3,O2_permeation_10x_dilution,1,0
europaea,10^3,0,3,O2_permeation_10x_dilution,2,0
europaea,10^3,0,3,O2_permeation_10x_dilution,3,0
europaea,10^3,0,3,O2_permeation_10x_dilution,4,0
europaea,10^3,0,3,O2_permeation_10x_dilution,5,0
europaea,10^3,0,3,O2_permeation_10x_dilution,6,0
europaea,10^3,0,3,O2_permeation_10x_dilution,7,0
europaea,10^3,0,3,O2_permeation_10x_dilution,8,0
europaea,10^3,0,3,O2_permeation_10x_dilution,9,0
europaea,10^3,0,3,O2_permeation_10x_dilution,10,0
europaea,10^3,0,3,O2_permeation_10x_dilution,11,0
europaea,10^3,0,3,O2_permeation_10x_dilution,12,0
europaea,10^5,0,1,O2_permeation_10x_dilution,1,0
europaea,10^5,0,1,O2_permeation_10x_dilution,2,0
europaea,10^5,0,1,O2_permeation_10x_dilution,3,0
europaea,10^5,0,1,O2_permeation_10x_dilution,4,0
europaea,10^5,0,1,O2_permeation_10x_dilution,5,0
europaea,10^5,0,1,O2_permeation_10x_dilution,6,0
europaea,10^5,0,1,O2_permeation_10x_dilution,7,0
europaea,10^5,0,1,O2_permeation_10x_dilution,8,0
europaea,10^5,0,1,O2_permeation_10x_dilution,9,0
europaea,10^5,0,1,O2_permeation_10x_dilution,10,0
europaea,10^5,0,1,O2_permeation_10x_dilution,11,0
europaea,10^5,0,1,O2_permeation_10x_dilution,12,0
europaea,10^5,0,2,O2_permeation_10x_dilution,1,0
europaea,10^5,0,2,O2_permeation_10x_dilution,2,0
europaea,10^5,0,2,O2_permeation_10x_dilution,3,0
europaea,10^5,0,2,O2_permeation_10x_dilution,4,0
europaea,10^5,0,2,O2_permeation_10x_dilution,5,0
europaea,10^5,0,2,O2_permeation_10x_dilution,6,0
europaea,10^5,0,2,O2_permeation_10x_dilution,7,0
europaea,10^5,0,2,O2_permeation_10x_dilution,8,0
europaea,10^5,0,2,O2_permeation_10x_dilution,9,0
europaea,10^5,0,2,O2_permeation_10x_dilution,10,0
europaea,10^5,0,2,O2_permeation_10x_dilution,11,0
europaea,10^5,0,2,O2_permeation_10x_dilution,12,0
europaea,10^5,0,3,O2_permeation_10x_dilution,1,0
europaea,10^5,0,3,O2_permeation_10x_dilution,2,0
europaea,10^5,0,3,O2_permeation_10x_dilution,3,0
europaea,10^5,0,3,O2_permeation_10x_dilution,4,0
europaea,10^5,0,3,O2_permeation_10x_dilution,5,0
europaea,10^5,0,3,O2_permeation_10x_dilution,6,0
europaea,10^5,0,3,O2_permeation_10x_dilution,7,0
europaea,10^5,0,3,O2_permeation_10x_dilution,8,0
europaea,10^5,0,3,O2_permeation_10x_dilution,9,0
europaea,10^5,0,3,O2_permeation_10x_dilution,10,0
europaea,10^5,0,3,O2_permeation_10x_dilution,11,0
europaea,10^5,0,3,O2_permeation_10x_dilution,12,0
europaea,10^5,10.04166667,1,O2_permeation_10x_dilution,1,0.357475776
europaea,10^5,10.04166667,1,O2_permeation_10x_dilution,2,0.376099063
europaea,10^5,10.04166667,1,O2_permeation_10x_dilution,3,0.386445334
europaea,10^5,10.04166667,1,O2_permeation_10x_dilution,4,0.322643331
europaea,10^5,10.04166667,1,O2_permeation_10x_dilution,5,0.330920348
europaea,10^5,10.04166667,1,O2_permeation_10x_dilution,6,0.275740238
europaea,10^5,10.04166667,1,O2_permeation_10x_dilution,7,0.351268014
europaea,10^5,10.04166667,1,O2_permeation_10x_dilution,8,0.276774865
europaea,10^5,10.04166667,1,O2_permeation_10x_dilution,9,0.262979837
europaea,10^5,10.04166667,1,O2_permeation_10x_dilution,10,0.37471956
europaea,10^5,10.04166667,1,O2_permeation_10x_dilution,11,0.310917558
europaea,10^5,10.04166667,1,O2_permeation_10x_dilution,12,0.286431384
europaea,10^3,10.04166667,1,O2_permeation_10x_dilution,1,0.164000515
europaea,10^3,10.04166667,1,O2_permeation_10x_dilution,2,0.178830169
europaea,10^3,10.04166667,1,O2_permeation_10x_dilution,3,0.198488084
europaea,10^3,10.04166667,1,O2_permeation_10x_dilution,4,0.126409065
europaea,10^3,10.04166667,1,O2_permeation_10x_dilution,5,0.137100211
europaea,10^3,10.04166667,1,O2_permeation_10x_dilution,6,0.222629382
europaea,10^3,10.04166667,1,O2_permeation_10x_dilution,7,0.141928471
europaea,10^3,10.04166667,1,O2_permeation_10x_dilution,8,0.15399912
europaea,10^3,10.04166667,1,O2_permeation_10x_dilution,9,0.216766495
europaea,10^3,10.04166667,1,O2_permeation_10x_dilution,10,0.180209672
europaea,10^3,10.04166667,1,O2_permeation_10x_dilution,11,0.193659824
europaea,10^3,10.04166667,1,O2_permeation_10x_dilution,12,0.218835749
europaea,10^5,10.04166667,2,O2_permeation_10x_dilution,1,0.3443705
europaea,10^5,10.04166667,2,O2_permeation_10x_dilution,2,0.274360735
europaea,10^5,10.04166667,2,O2_permeation_10x_dilution,3,0.251943815
europaea,10^5,10.04166667,2,O2_permeation_10x_dilution,4,0.352302641
europaea,10^5,10.04166667,2,O2_permeation_10x_dilution,5,0.280568498
europaea,10^5,10.04166667,2,O2_permeation_10x_dilution,6,0.261600335
europaea,10^5,10.04166667,2,O2_permeation_10x_dilution,7,0.347474381
europaea,10^5,10.04166667,2,O2_permeation_10x_dilution,8,0.319884326
europaea,10^5,10.04166667,2,O2_permeation_10x_dilution,9,0.228492269
europaea,10^5,10.04166667,2,O2_permeation_10x_dilution,10,0.355751398
europaea,10^5,10.04166667,2,O2_permeation_10x_dilution,11,0.258151578
europaea,10^5,10.04166667,2,O2_permeation_10x_dilution,12,0.257806702
europaea,10^3,10.04166667,2,O2_permeation_10x_dilution,1,0.125374438
europaea,10^3,10.04166667,2,O2_permeation_10x_dilution,2,0.144342601
europaea,10^3,10.04166667,2,O2_permeation_10x_dilution,3,0.215386992
europaea,10^3,10.04166667,2,O2_permeation_10x_dilution,4,0.116062794
europaea,10^3,10.04166667,2,O2_permeation_10x_dilution,5,0.125719313
europaea,10^3,10.04166667,2,O2_permeation_10x_dilution,6,0.202626592
europaea,10^3,10.04166667,2,O2_permeation_10x_dilution,7,0.118132048
europaea,10^3,10.04166667,2,O2_permeation_10x_dilution,8,0.11640767
europaea,10^3,10.04166667,2,O2_permeation_10x_dilution,9,0.200902213
europaea,10^3,10.04166667,2,O2_permeation_10x_dilution,10,0.113303789
europaea,10^3,10.04166667,2,O2_permeation_10x_dilution,11,0.127443692
europaea,10^3,10.04166667,2,O2_permeation_10x_dilution,12,0.181244299
europaea,10^5,10.04166667,3,O2_permeation_10x_dilution,1,0.382291416
europaea,10^5,10.04166667,3,O2_permeation_10x_dilution,2,0.319035008
europaea,10^5,10.04166667,3,O2_permeation_10x_dilution,3,0.317258142
europaea,10^5,10.04166667,3,O2_permeation_10x_dilution,4,0.369853358
europaea,10^5,10.04166667,3,O2_permeation_10x_dilution,5,0.302687846
europaea,10^5,10.04166667,3,O2_permeation_10x_dilution,6,0.2834977
europaea,10^5,10.04166667,3,O2_permeation_10x_dilution,7,0.380514551
europaea,10^5,10.04166667,3,O2_permeation_10x_dilution,8,0.300910981
europaea,10^5,10.04166667,3,O2_permeation_10x_dilution,9,0.284208446
europaea,10^5,10.04166667,3,O2_permeation_10x_dilution,10,0.439151109
europaea,10^5,10.04166667,3,O2_permeation_10x_dilution,11,0.359192166
europaea,10^5,10.04166667,3,O2_permeation_10x_dilution,12,0.331117692
europaea,10^3,10.04166667,3,O2_permeation_10x_dilution,1,0.191100698
europaea,10^3,10.04166667,3,O2_permeation_10x_dilution,2,0.196786668
europaea,10^3,10.04166667,3,O2_permeation_10x_dilution,3,0.247960391
europaea,10^3,10.04166667,3,O2_permeation_10x_dilution,4,0.155208017
europaea,10^3,10.04166667,3,O2_permeation_10x_dilution,5,0.176885775
europaea,10^3,10.04166667,3,O2_permeation_10x_dilution,6,0.223795022
europaea,10^3,10.04166667,3,O2_permeation_10x_dilution,7,0.131753394
europaea,10^3,10.04166667,3,O2_permeation_10x_dilution,8,0.181860998
europaea,10^3,10.04166667,3,O2_permeation_10x_dilution,9,0.23516696
europaea,10^3,10.04166667,3,O2_permeation_10x_dilution,10,0.162670852
europaea,10^3,10.04166667,3,O2_permeation_10x_dilution,11,0.192166818
europaea,10^3,10.04166667,3,O2_permeation_10x_dilution,12,0.238720691
europaea,10^1,11.25,1,O2_permeation,1,0.785324523
europaea,10^1,11.25,1,O2_permeation,2,0.678356011
europaea,10^1,11.25,1,O2_permeation,3,0.531923389
europaea,10^1,11.25,1,O2_permeation,4,0.568618088
europaea,10^1,11.25,1,O2_permeation,5,0.669009248
europaea,10^1,11.25,1,O2_permeation,6,0.515653097
europaea,10^1,11.25,1,O2_permeation,7,0.785324523
europaea,10^1,11.25,1,O2_permeation,8,0.440878992
europaea,10^1,11.25,1,O2_permeation,9,0.469611634
europaea,10^1,11.25,1,O2_permeation,10,0.726474533
europaea,10^1,11.25,1,O2_permeation,11,0.377874885
europaea,10^1,11.25,1,O2_permeation,12,0.443302227
europaea,10^1,11.25,2,O2_permeation,1,0.779439524
europaea,10^1,11.25,2,O2_permeation,2,0.591119555
europaea,10^1,11.25,2,O2_permeation,3,0.292023134
europaea,10^1,11.25,2,O2_permeation,4,0.661047191
europaea,10^1,11.25,2,O2_permeation,5,0.631622196
europaea,10^1,11.25,2,O2_permeation,6,0.752091587
europaea,10^1,11.25,2,O2_permeation,7,0.520845743
europaea,10^1,11.25,2,O2_permeation,8,0.522576625
europaea,10^1,11.25,2,O2_permeation,9,0.382029002
europaea,10^1,11.25,2,O2_permeation,10,0.28475343
europaea,10^1,11.25,2,O2_permeation,11,0.514268392
europaea,10^1,11.25,2,O2_permeation,12,0.631622196
europaea,10^1,11.25,3,O2_permeation,1,0.619506021
europaea,10^1,11.25,3,O2_permeation,2,0.554771032
europaea,10^1,11.25,3,O2_permeation,3,0.56169456
europaea,10^1,11.25,3,O2_permeation,4,0.611543964
europaea,10^1,11.25,3,O2_permeation,5,0.383067531
europaea,10^1,11.25,3,O2_permeation,6,0.488997513
europaea,10^1,11.25,3,O2_permeation,7,0.664855131
europaea,10^1,11.25,3,O2_permeation,8,0.496267218
europaea,10^1,11.25,3,O2_permeation,9,0.498690453
europaea,10^1,11.25,3,O2_permeation,10,0.708819536
europaea,10^1,11.25,3,O2_permeation,11,0.583849851
europaea,10^1,11.25,3,O2_permeation,12,0.54819368
europaea,10^1,11.25,1,normal,1,0.082399232
europaea,10^1,11.25,1,normal,2,0
europaea,10^1,11.25,1,normal,3,0.02757937
europaea,10^1,11.25,1,normal,4,0.178986609
europaea,10^1,11.25,1,normal,5,0.014527022
europaea,10^1,11.25,1,normal,6,0.246112971
europaea,10^1,11.25,1,normal,7,0.12267505
europaea,10^1,11.25,1,normal,8,0.211431018
europaea,10^1,11.25,1,normal,9,0.069719808
europaea,10^1,11.25,1,normal,10,0
europaea,10^1,11.25,1,normal,11,0
europaea,10^1,11.25,1,normal,12,0.068601036
europaea,10^1,11.25,2,normal,1,0.135354474
europaea,10^1,11.25,2,normal,2,0.013781173
europaea,10^1,11.25,2,normal,3,0.013781173
europaea,10^1,11.25,2,normal,4,0.165188412
europaea,10^1,11.25,2,normal,5,0.199124518
europaea,10^1,11.25,2,normal,6,0.055175763
europaea,10^1,11.25,2,normal,7,0.030562764
europaea,10^1,11.25,2,normal,8,0.077178293
europaea,10^1,11.25,2,normal,9,0.095451581
europaea,10^1,11.25,2,normal,10,0.092468187
europaea,10^1,11.25,2,normal,11,0.016391643
europaea,10^1,11.25,2,normal,12,0
europaea,10^1,11.25,3,normal,1,0.006695613
europaea,10^1,11.25,3,normal,2,0.068228111
europaea,10^1,11.25,3,normal,3,0
europaea,10^1,11.25,3,normal,4,0.103282989
europaea,10^1,11.25,3,normal,5,0.128268913
europaea,10^1,11.25,3,normal,6,0.268115501
europaea,10^1,11.25,3,normal,7,0
europaea,10^1,11.25,3,normal,8,0.15176314
europaea,10^1,11.25,3,normal,9,0.085382626
europaea,10^1,11.25,3,normal,10,0.051073597
europaea,10^1,11.25,3,normal,11,0.035410779
europaea,10^1,11.25,3,normal,12,0.000728825
europaea,10^5,11.20833333,1,normal,1,1
europaea,10^5,11.20833333,1,normal,2,1
europaea,10^5,11.20833333,1,normal,3,1
europaea,10^5,11.20833333,1,normal,4,1
europaea,10^5,11.20833333,1,normal,5,1
europaea,10^5,11.20833333,1,normal,6,1
europaea,10^5,11.20833333,1,normal,7,1
europaea,10^5,11.20833333,1,normal,8,1
europaea,10^5,11.20833333,1,normal,9,1
europaea,10^5,11.20833333,1,normal,10,1
europaea,10^5,11.20833333,1,normal,11,1
europaea,10^5,11.20833333,1,normal,12,1
europaea,10^3,11.20833333,1,normal,1,1
europaea,10^3,11.20833333,1,normal,2,1
europaea,10^3,11.20833333,1,normal,3,1
europaea,10^3,11.20833333,1,normal,4,1
europaea,10^3,11.20833333,1,normal,5,1
europaea,10^3,11.20833333,1,normal,6,1
europaea,10^3,11.20833333,1,normal,7,0.998758866
europaea,10^3,11.20833333,1,normal,8,1
europaea,10^3,11.20833333,1,normal,9,1
europaea,10^3,11.20833333,1,normal,10,1
europaea,10^3,11.20833333,1,normal,11,1
europaea,10^3,11.20833333,1,normal,12,1
europaea,10^5,11.20833333,2,normal,1,0.933262563
europaea,10^5,11.20833333,2,normal,2,1
europaea,10^5,11.20833333,2,normal,3,1
europaea,10^5,11.20833333,2,normal,4,1
europaea,10^5,11.20833333,2,normal,5,1
europaea,10^5,11.20833333,2,normal,6,1
europaea,10^5,11.20833333,2,normal,7,1
europaea,10^5,11.20833333,2,normal,8,1
europaea,10^5,11.20833333,2,normal,9,1
europaea,10^5,11.20833333,2,normal,10,1
europaea,10^5,11.20833333,2,normal,11,1
europaea,10^5,11.20833333,2,normal,12,1
europaea,10^3,11.20833333,2,normal,1,1
europaea,10^3,11.20833333,2,normal,2,1
europaea,10^3,11.20833333,2,normal,3,1
europaea,10^3,11.20833333,2,normal,4,1
europaea,10^3,11.20833333,2,normal,5,1
europaea,10^3,11.20833333,2,normal,6,1
europaea,10^3,11.20833333,2,normal,7,1
europaea,10^3,11.20833333,2,normal,8,1
europaea,10^3,11.20833333,2,normal,9,1
europaea,10^3,11.20833333,2,normal,10,1
europaea,10^3,11.20833333,2,normal,11,1
europaea,10^3,11.20833333,2,normal,12,1
europaea,10^5,11.20833333,3,normal,1,1
europaea,10^5,11.20833333,3,normal,2,1
europaea,10^5,11.20833333,3,normal,3,1
europaea,10^5,11.20833333,3,normal,4,1
europaea,10^5,11.20833333,3,normal,5,1
europaea,10^5,11.20833333,3,normal,6,1
europaea,10^5,11.20833333,3,normal,7,1
europaea,10^5,11.20833333,3,normal,8,1
europaea,10^5,11.20833333,3,normal,9,1
europaea,10^5,11.20833333,3,normal,10,1
europaea,10^5,11.20833333,3,normal,11,1
europaea,10^5,11.20833333,3,normal,12,1
europaea,10^3,11.20833333,3,normal,1,1
europaea,10^3,11.20833333,3,normal,2,1
europaea,10^3,11.20833333,3,normal,3,1
europaea,10^3,11.20833333,3,normal,4,1
europaea,10^3,11.20833333,3,normal,5,1
europaea,10^3,11.20833333,3,normal,6,1
europaea,10^3,11.20833333,3,normal,7,1
europaea,10^3,11.20833333,3,normal,8,1
europaea,10^3,11.20833333,3,normal,9,1
europaea,10^3,11.20833333,3,normal,10,1
europaea,10^3,11.20833333,3,normal,11,1
europaea,10^3,11.20833333,3,normal,12,1
europaea,10^3,0,1,normal_10x_dilution,1,0
europaea,10^3,0,1,normal_10x_dilution,2,0
europaea,10^3,0,1,normal_10x_dilution,3,0
europaea,10^3,0,1,normal_10x_dilution,4,0
europaea,10^3,0,1,normal_10x_dilution,5,0
europaea,10^3,0,1,normal_10x_dilution,6,0
europaea,10^3,0,1,normal_10x_dilution,7,0
europaea,10^3,0,1,normal_10x_dilution,8,0
europaea,10^3,0,1,normal_10x_dilution,9,0
europaea,10^3,0,1,normal_10x_dilution,10,0
europaea,10^3,0,1,normal_10x_dilution,11,0
europaea,10^3,0,1,normal_10x_dilution,12,0
europaea,10^3,0,2,normal_10x_dilution,1,0
europaea,10^3,0,2,normal_10x_dilution,2,0
europaea,10^3,0,2,normal_10x_dilution,3,0
europaea,10^3,0,2,normal_10x_dilution,4,0
europaea,10^3,0,2,normal_10x_dilution,5,0
europaea,10^3,0,2,normal_10x_dilution,6,0
europaea,10^3,0,2,normal_10x_dilution,7,0
europaea,10^3,0,2,normal_10x_dilution,8,0
europaea,10^3,0,2,normal_10x_dilution,9,0
europaea,10^3,0,2,normal_10x_dilution,10,0
europaea,10^3,0,2,normal_10x_dilution,11,0
europaea,10^3,0,2,normal_10x_dilution,12,0
europaea,10^3,0,3,normal_10x_dilution,1,0
europaea,10^3,0,3,normal_10x_dilution,2,0
europaea,10^3,0,3,normal_10x_dilution,3,0
europaea,10^3,0,3,normal_10x_dilution,4,0
europaea,10^3,0,3,normal_10x_dilution,5,0
europaea,10^3,0,3,normal_10x_dilution,6,0
europaea,10^3,0,3,normal_10x_dilution,7,0
europaea,10^3,0,3,normal_10x_dilution,8,0
europaea,10^3,0,3,normal_10x_dilution,9,0
europaea,10^3,0,3,normal_10x_dilution,10,0
europaea,10^3,0,3,normal_10x_dilution,11,0
europaea,10^3,0,3,normal_10x_dilution,12,0
europaea,10^5,0,1,normal_10x_dilution,1,0
europaea,10^5,0,1,normal_10x_dilution,2,0
europaea,10^5,0,1,normal_10x_dilution,3,0
europaea,10^5,0,1,normal_10x_dilution,4,0
europaea,10^5,0,1,normal_10x_dilution,5,0
europaea,10^5,0,1,normal_10x_dilution,6,0
europaea,10^5,0,1,normal_10x_dilution,7,0
europaea,10^5,0,1,normal_10x_dilution,8,0
europaea,10^5,0,1,normal_10x_dilution,9,0
europaea,10^5,0,1,normal_10x_dilution,10,0
europaea,10^5,0,1,normal_10x_dilution,11,0
europaea,10^5,0,1,normal_10x_dilution,12,0
europaea,10^5,0,2,normal_10x_dilution,1,0
europaea,10^5,0,2,normal_10x_dilution,2,0
europaea,10^5,0,2,normal_10x_dilution,3,0
europaea,10^5,0,2,normal_10x_dilution,4,0
europaea,10^5,0,2,normal_10x_dilution,5,0
europaea,10^5,0,2,normal_10x_dilution,6,0
europaea,10^5,0,2,normal_10x_dilution,7,0
europaea,10^5,0,2,normal_10x_dilution,8,0
europaea,10^5,0,2,normal_10x_dilution,9,0
europaea,10^5,0,2,normal_10x_dilution,10,0
europaea,10^5,0,2,normal_10x_dilution,11,0
europaea,10^5,0,2,normal_10x_dilution,12,0
europaea,10^5,0,3,normal_10x_dilution,1,0
europaea,10^5,0,3,normal_10x_dilution,2,0
europaea,10^5,0,3,normal_10x_dilution,3,0
europaea,10^5,0,3,normal_10x_dilution,4,0
europaea,10^5,0,3,normal_10x_dilution,5,0
europaea,10^5,0,3,normal_10x_dilution,6,0
europaea,10^5,0,3,normal_10x_dilution,7,0
europaea,10^5,0,3,normal_10x_dilution,8,0
europaea,10^5,0,3,normal_10x_dilution,9,0
europaea,10^5,0,3,normal_10x_dilution,10,0
europaea,10^5,0,3,normal_10x_dilution,11,0
europaea,10^5,0,3,normal_10x_dilution,12,0
europaea,10^5,11.20833333,1,normal_10x_dilution,1,0.301408994
europaea,10^5,11.20833333,1,normal_10x_dilution,2,0.334673069
europaea,10^5,11.20833333,1,normal_10x_dilution,3,0.32582624
europaea,10^5,11.20833333,1,normal_10x_dilution,4,0.29645477
europaea,10^5,11.20833333,1,normal_10x_dilution,5,0.257528724
europaea,10^5,11.20833333,1,normal_10x_dilution,6,0.249389642
europaea,10^5,11.20833333,1,normal_10x_dilution,7,0.234880843
europaea,10^5,11.20833333,1,normal_10x_dilution,8,0.256820978
europaea,10^5,11.20833333,1,normal_10x_dilution,9,0.23452697
europaea,10^5,11.20833333,1,normal_10x_dilution,10,0.351658979
europaea,10^5,11.20833333,1,normal_10x_dilution,11,0.362275174
europaea,10^5,11.20833333,1,normal_10x_dilution,12,0.310609695
europaea,10^3,11.20833333,1,normal_10x_dilution,1,0.177199522
europaea,10^3,11.20833333,1,normal_10x_dilution,2,0.192416067
europaea,10^3,11.20833333,1,normal_10x_dilution,3,0.285838575
europaea,10^3,11.20833333,1,normal_10x_dilution,4,0.119164327
europaea,10^3,11.20833333,1,normal_10x_dilution,5,0.124472424
europaea,10^3,11.20833333,1,normal_10x_dilution,6,0.243727672
europaea,10^3,11.20833333,1,normal_10x_dilution,7,0.120579819
europaea,10^3,11.20833333,1,normal_10x_dilution,8,0.123410804
europaea,10^3,11.20833333,1,normal_10x_dilution,9,0.225326269
europaea,10^3,11.20833333,1,normal_10x_dilution,10,0.158798118
europaea,10^3,11.20833333,1,normal_10x_dilution,11,0.181092126
europaea,10^3,11.20833333,1,normal_10x_dilution,12,0.251866754
europaea,10^5,11.20833333,2,normal_10x_dilution,1,0.41818713
europaea,10^5,11.20833333,2,normal_10x_dilution,2,0.384569181
europaea,10^5,11.20833333,2,normal_10x_dilution,3,0.359090315
europaea,10^5,11.20833333,2,normal_10x_dilution,4,0.357674823
europaea,10^5,11.20833333,2,normal_10x_dilution,5,0.291146673
europaea,10^5,11.20833333,2,normal_10x_dilution,6,0.257528724
europaea,10^5,11.20833333,2,normal_10x_dilution,7,0.345289263
europaea,10^5,11.20833333,2,normal_10x_dilution,8,0.258944217
europaea,10^5,11.20833333,2,normal_10x_dilution,9,0.242312179
europaea,10^5,11.20833333,2,normal_10x_dilution,10,0.439419518
europaea,10^5,11.20833333,2,normal_10x_dilution,11,0.383861435
europaea,10^5,11.20833333,2,normal_10x_dilution,12,0.369352636
europaea,10^3,11.20833333,2,normal_10x_dilution,1,0.247974149
europaea,10^3,11.20833333,2,normal_10x_dilution,2,0.262482948
europaea,10^3,11.20833333,2,normal_10x_dilution,3,0.296808643
europaea,10^3,11.20833333,2,normal_10x_dilution,4,0.147828051
europaea,10^3,11.20833333,2,normal_10x_dilution,5,0.162690723
europaea,10^3,11.20833333,2,normal_10x_dilution,6,0.207986485
europaea,10^3,11.20833333,2,normal_10x_dilution,7,0.132965379
europaea,10^3,11.20833333,2,normal_10x_dilution,8,0.135796364
europaea,10^3,11.20833333,2,normal_10x_dilution,9,0.209401977
europaea,10^3,11.20833333,2,normal_10x_dilution,10,0.212940709
europaea,10^3,11.20833333,2,normal_10x_dilution,11,0.22320303
europaea,10^3,11.20833333,2,normal_10x_dilution,12,0.262129075
europaea,10^5,11.20833333,3,normal_10x_dilution,1,0.476170269
europaea,10^5,11.20833333,3,normal_10x_dilution,2,0.381113425
europaea,10^5,11.20833333,3,normal_10x_dilution,3,0.403542568
europaea,10^5,11.20833333,3,normal_10x_dilution,4,0.416715239
europaea,10^5,11.20833333,3,normal_10x_dilution,5,0.305993597
europaea,10^5,11.20833333,3,normal_10x_dilution,6,0.300653325
europaea,10^5,11.20833333,3,normal_10x_dilution,7,0.391081933
europaea,10^5,11.20833333,3,normal_10x_dilution,8,0.296381108
europaea,10^5,11.20833333,3,normal_10x_dilution,9,0.258643185
europaea,10^5,11.20833333,3,normal_10x_dilution,10,0.459437416
europaea,10^5,11.20833333,3,normal_10x_dilution,11,0.429887911
europaea,10^5,11.20833333,3,normal_10x_dilution,12,0.433448092
europaea,10^3,11.20833333,3,normal_10x_dilution,1,0.247962641
europaea,10^3,11.20833333,3,normal_10x_dilution,2,0.250098749
europaea,10^3,11.20833333,3,normal_10x_dilution,3,0.281072328
europaea,10^3,11.20833333,3,normal_10x_dilution,4,0.150769688
europaea,10^3,11.20833333,3,normal_10x_dilution,5,0.145785434
europaea,10^3,11.20833333,3,normal_10x_dilution,6,0.214852953
europaea,10^3,11.20833333,3,normal_10x_dilution,7,0.143649325
europaea,10^3,11.20833333,3,normal_10x_dilution,8,0.144005343
europaea,10^3,11.20833333,3,normal_10x_dilution,9,0.25187884
europaea,10^3,11.20833333,3,normal_10x_dilution,10,0.261847348
europaea,10^3,11.20833333,3,normal_10x_dilution,11,0.273951965
europaea,10^3,11.20833333,3,normal_10x_dilution,12,0.2864126
europaea,10^1,13.16666667,1,normal,1,0.46182673
europaea,10^1,13.16666667,1,normal,2,0.060050867
europaea,10^1,13.16666667,1,normal,3,0.270233897
europaea,10^1,13.16666667,1,normal,4,0.592337492
europaea,10^1,13.16666667,1,normal,5,0.20156399
europaea,10^1,13.16666667,1,normal,6,0.615859781
europaea,10^1,13.16666667,1,normal,7,0.539602039
europaea,10^1,13.16666667,1,normal,8,0.56805642
europaea,10^1,13.16666667,1,normal,9,0.404538576
europaea,10^1,13.16666667,1,normal,10,0.022111692
europaea,10^1,13.16666667,1,normal,11,0.098369434
europaea,10^1,13.16666667,1,normal,12,0.446271669
europaea,10^1,13.16666667,2,normal,1,0.539602039
europaea,10^1,13.16666667,2,normal,2,0.194734938
europaea,10^1,13.16666667,2,normal,3,0.211807567
europaea,10^1,13.16666667,2,normal,4,0.520632452
europaea,10^1,13.16666667,2,normal,5,0.586267224
europaea,10^1,13.16666667,2,normal,6,0.396950741
europaea,10^1,13.16666667,2,normal,7,0.378739937
europaea,10^1,13.16666667,2,normal,8,0.450444978
europaea,10^1,13.16666667,2,normal,9,0.544913524
europaea,10^1,13.16666667,2,normal,10,0.465620648
europaea,10^1,13.16666667,2,normal,11,0.221292361
europaea,10^1,13.16666667,2,normal,12,0.115062671
europaea,10^1,13.16666667,3,normal,1,0.138205568
europaea,10^1,13.16666667,3,normal,2,0.4770024
europaea,10^1,13.16666667,3,normal,3,0.083952548
europaea,10^1,13.16666667,3,normal,4,0.485728411
europaea,10^1,13.16666667,3,normal,5,0.495592596
europaea,10^1,13.16666667,3,normal,6,0.631414843
europaea,10^1,13.16666667,3,normal,7,0.01945595
europaea,10^1,13.16666667,3,normal,8,0.50507739
europaea,10^1,13.16666667,3,normal,9,0.419334854
europaea,10^1,13.16666667,3,normal,10,0.35332069
europaea,10^1,13.16666667,3,normal,11,0.271751464
europaea,10^1,13.16666667,3,normal,12,0.152243063
europaea,10^1,13.16666667,1,O2_permeation,1,1
europaea,10^1,13.16666667,1,O2_permeation,2,1
europaea,10^1,13.16666667,1,O2_permeation,3,1
europaea,10^1,13.16666667,1,O2_permeation,4,1
europaea,10^1,13.16666667,1,O2_permeation,5,1
europaea,10^1,13.16666667,1,O2_permeation,6,1
europaea,10^1,13.16666667,1,O2_permeation,7,1
europaea,10^1,13.16666667,1,O2_permeation,8,1
europaea,10^1,13.16666667,1,O2_permeation,9,1
europaea,10^1,13.16666667,1,O2_permeation,10,1
europaea,10^1,13.16666667,1,O2_permeation,11,1
europaea,10^1,13.16666667,1,O2_permeation,12,1
europaea,10^1,13.16666667,2,O2_permeation,1,1
europaea,10^1,13.16666667,2,O2_permeation,2,1
europaea,10^1,13.16666667,2,O2_permeation,3,0.952783493
europaea,10^1,13.16666667,2,O2_permeation,4,1
europaea,10^1,13.16666667,2,O2_permeation,5,1
europaea,10^1,13.16666667,2,O2_permeation,6,1
europaea,10^1,13.16666667,2,O2_permeation,7,1
europaea,10^1,13.16666667,2,O2_permeation,8,1
europaea,10^1,13.16666667,2,O2_permeation,9,0.957367893
europaea,10^1,13.16666667,2,O2_permeation,10,1
europaea,10^1,13.16666667,2,O2_permeation,11,1
europaea,10^1,13.16666667,2,O2_permeation,12,1
europaea,10^1,13.16666667,3,O2_permeation,1,1
europaea,10^1,13.16666667,3,O2_permeation,2,1
europaea,10^1,13.16666667,3,O2_permeation,3,1
europaea,10^1,13.16666667,3,O2_permeation,4,1
europaea,10^1,13.16666667,3,O2_permeation,5,1
europaea,10^1,13.16666667,3,O2_permeation,6,1
europaea,10^1,13.16666667,3,O2_permeation,7,1
europaea,10^1,13.16666667,3,O2_permeation,8,1
europaea,10^1,13.16666667,3,O2_permeation,9,1
europaea,10^1,13.16666667,3,O2_permeation,10,1
europaea,10^1,13.16666667,3,O2_permeation,11,1
europaea,10^1,13.16666667,3,O2_permeation,12,1
europaea,10^5,13.20833333,1,normal_10x_dilution,1,0.535827236
europaea,10^5,13.20833333,1,normal_10x_dilution,2,0.460317258
europaea,10^5,13.20833333,1,normal_10x_dilution,3,0.45504912
europaea,10^5,13.20833333,1,normal_10x_dilution,4,0.453995492
europaea,10^5,13.20833333,1,normal_10x_dilution,5,0.342662174
europaea,10^5,13.20833333,1,normal_10x_dilution,6,0.353900869
europaea,10^5,13.20833333,1,normal_10x_dilution,7,0.415713689
europaea,10^5,13.20833333,1,normal_10x_dilution,8,0.335286781
europaea,10^5,13.20833333,1,normal_10x_dilution,9,0.292088049
europaea,10^5,13.20833333,1,normal_10x_dilution,10,0.522481287
europaea,10^5,13.20833333,1,normal_10x_dilution,11,0.486306739
europaea,10^5,13.20833333,1,normal_10x_dilution,12,0.436435032
europaea,10^3,13.20833333,1,normal_10x_dilution,1,0.294546513
europaea,10^3,13.20833333,1,normal_10x_dilution,2,0.314214229
europaea,10^3,13.20833333,1,normal_10x_dilution,3,0.385860906
europaea,10^3,13.20833333,1,normal_10x_dilution,4,0.255913501
europaea,10^3,13.20833333,1,normal_10x_dilution,5,0.244674806
europaea,10^3,13.20833333,1,normal_10x_dilution,6,0.376027049
europaea,10^3,13.20833333,1,normal_10x_dilution,7,0.175135384
europaea,10^3,13.20833333,1,normal_10x_dilution,8,0.186725288
europaea,10^3,13.20833333,1,normal_10x_dilution,9,0.330721061
europaea,10^3,13.20833333,1,normal_10x_dilution,10,0.286468702
europaea,10^3,13.20833333,1,normal_10x_dilution,11,0.302624325
europaea,10^3,13.20833333,1,normal_10x_dilution,12,0.396045973
europaea,10^5,13.20833333,2,normal_10x_dilution,1,0.544607466
europaea,10^5,13.20833333,2,normal_10x_dilution,2,0.507028082
europaea,10^5,13.20833333,2,normal_10x_dilution,3,0.486657948
europaea,10^5,13.20833333,2,normal_10x_dilution,4,0.489818831
europaea,10^5,13.20833333,2,normal_10x_dilution,5,0.364085936
europaea,10^5,13.20833333,2,normal_10x_dilution,6,0.34476943
europaea,10^5,13.20833333,2,normal_10x_dilution,7,0.443459216
europaea,10^5,13.20833333,2,normal_10x_dilution,8,0.338447664
europaea,10^5,13.20833333,2,normal_10x_dilution,9,0.292088049
europaea,10^5,13.20833333,2,normal_10x_dilution,10,0.556548579
europaea,10^5,13.20833333,2,normal_10x_dilution,11,0.497545433
europaea,10^5,13.20833333,2,normal_10x_dilution,12,0.480687391
europaea,10^3,13.20833333,2,normal_10x_dilution,1,0.341959756
europaea,10^3,13.20833333,2,normal_10x_dilution,2,0.361276262
europaea,10^3,13.20833333,2,normal_10x_dilution,3,0.420981827
europaea,10^3,13.20833333,2,normal_10x_dilution,4,0.255913501
europaea,10^3,13.20833333,2,normal_10x_dilution,5,0.266449777
europaea,10^3,13.20833333,2,normal_10x_dilution,6,0.323696877
europaea,10^3,13.20833333,2,normal_10x_dilution,7,0.180052313
europaea,10^3,13.20833333,2,normal_10x_dilution,8,0.187076497
europaea,10^3,13.20833333,2,normal_10x_dilution,9,0.310350928
europaea,10^3,13.20833333,2,normal_10x_dilution,10,0.334233153
europaea,10^3,13.20833333,2,normal_10x_dilution,11,0.305082789
europaea,10^3,13.20833333,2,normal_10x_dilution,12,0.385860906
europaea,10^5,13.20833333,3,normal_10x_dilution,1,0.558700259
europaea,10^5,13.20833333,3,normal_10x_dilution,2,0.485260095
europaea,10^5,13.20833333,3,normal_10x_dilution,3,0.466560053
europaea,10^5,13.20833333,3,normal_10x_dilution,4,0.472000065
europaea,10^5,13.20833333,3,normal_10x_dilution,5,0.396519896
europaea,10^5,13.20833333,3,normal_10x_dilution,6,0.368979835
europaea,10^5,13.20833333,3,normal_10x_dilution,7,0.499200126
europaea,10^5,13.20833333,3,normal_10x_dilution,8,0.38053986
europaea,10^5,13.20833333,3,normal_10x_dilution,9,0.331579751
europaea,10^5,13.20833333,3,normal_10x_dilution,10,0.587600324
europaea,10^5,13.20833333,3,normal_10x_dilution,11,0.555300252
europaea,10^5,13.20833333,3,normal_10x_dilution,12,0.531160198
europaea,10^3,13.20833333,3,normal_10x_dilution,1,0.30437969
europaea,10^3,13.20833333,3,normal_10x_dilution,2,0.327159741
europaea,10^3,13.20833333,3,normal_10x_dilution,3,0.330559749
europaea,10^3,13.20833333,3,normal_10x_dilution,4,0.251679572
europaea,10^3,13.20833333,3,normal_10x_dilution,5,0.238759543
europaea,10^3,13.20833333,3,normal_10x_dilution,6,0.296899673
europaea,10^3,13.20833333,3,normal_10x_dilution,7,0.226859516
europaea,10^3,13.20833333,3,normal_10x_dilution,8,0.221419504
europaea,10^3,13.20833333,3,normal_10x_dilution,9,0.318999723
europaea,10^3,13.20833333,3,normal_10x_dilution,10,0.339739769
europaea,10^3,13.20833333,3,normal_10x_dilution,11,0.337699765
europaea,10^3,13.20833333,3,normal_10x_dilution,12,0.371699841
europaea,10^1,15.83333333,1,normal,1,1
europaea,10^1,15.83333333,1,normal,2,0.501162127
europaea,10^1,15.83333333,1,normal,3,1
europaea,10^1,15.83333333,1,normal,4,1
europaea,10^1,15.83333333,1,normal,5,0.708025016
europaea,10^1,15.83333333,1,normal,6,1
europaea,10^1,15.83333333,1,normal,7,1
europaea,10^1,15.83333333,1,normal,8,1
europaea,10^1,15.83333333,1,normal,9,0.885186309
europaea,10^1,15.83333333,1,normal,10,0.330640016
europaea,10^1,15.83333333,1,normal,11,0.781754864
europaea,10^1,15.83333333,1,normal,12,1
europaea,10^1,15.83333333,2,normal,1,1
europaea,10^1,15.83333333,2,normal,2,0.890777197
europaea,10^1,15.83333333,2,normal,3,0.941444628
europaea,10^1,15.83333333,2,normal,4,1
europaea,10^1,15.83333333,2,normal,5,1
europaea,10^1,15.83333333,2,normal,6,0.836266031
europaea,10^1,15.83333333,2,normal,7,0.838013183
europaea,10^1,15.83333333,2,normal,8,0.998052378
europaea,10^1,15.83333333,2,normal,9,1
europaea,10^1,15.83333333,2,normal,10,1
europaea,10^1,15.83333333,2,normal,11,0.935154878
europaea,10^1,15.83333333,2,normal,12,0.645826377
europaea,10^1,15.83333333,3,normal,1,0.736678322
europaea,10^1,15.83333333,3,normal,2,1
europaea,10^1,15.83333333,3,normal,3,0.537153474
europaea,10^1,15.83333333,3,normal,4,1
europaea,10^1,15.83333333,3,normal,5,1
europaea,10^1,15.83333333,3,normal,6,1
europaea,10^1,15.83333333,3,normal,7,0.290106071
europaea,10^1,15.83333333,3,normal,8,0.972543948
europaea,10^1,15.83333333,3,normal,9,0.871907947
europaea,10^1,15.83333333,3,normal,10,1
europaea,10^1,15.83333333,3,normal,11,0.752053267
europaea,10^1,15.83333333,3,normal,12,0.661900183
europaea,10^1,15.83333333,1,O2_permeation_10x_dilution,1,0.321764128
europaea,10^1,15.83333333,1,O2_permeation_10x_dilution,2,0.227133244
europaea,10^1,15.83333333,1,O2_permeation_10x_dilution,3,0.194918476
europaea,10^1,15.83333333,1,O2_permeation_10x_dilution,4,0.28384466
europaea,10^1,15.83333333,1,O2_permeation_10x_dilution,5,0.25733459
europaea,10^1,15.83333333,1,O2_permeation_10x_dilution,6,0.236864789
europaea,10^1,15.83333333,1,O2_permeation_10x_dilution,7,0.32948225
europaea,10^1,15.83333333,1,O2_permeation_10x_dilution,8,0.2174017
europaea,10^1,15.83333333,1,O2_permeation_10x_dilution,9,0.227133244
europaea,10^1,15.83333333,1,O2_permeation_10x_dilution,10,0.359012454
europaea,10^1,15.83333333,1,O2_permeation_10x_dilution,11,0.267737276
europaea,10^1,15.83333333,1,O2_permeation_10x_dilution,12,0.2902205
europaea,10^1,15.83333333,2,O2_permeation_10x_dilution,1,0.214717136
europaea,10^1,15.83333333,2,O2_permeation_10x_dilution,2,0.235858078
europaea,10^1,15.83333333,2,O2_permeation_10x_dilution,3,0.249280898
europaea,10^1,15.83333333,2,O2_permeation_10x_dilution,4,0.238878212
europaea,10^1,15.83333333,2,O2_permeation_10x_dilution,5,0.334851378
europaea,10^1,15.83333333,2,O2_permeation_10x_dilution,6,0.289213789
europaea,10^1,15.83333333,2,O2_permeation_10x_dilution,7,0.228811097
europaea,10^1,15.83333333,2,O2_permeation_10x_dilution,8,0.236193648
europaea,10^1,15.83333333,2,O2_permeation_10x_dilution,9,0.225119821
europaea,10^1,15.83333333,2,O2_permeation_10x_dilution,10,0.253978885
europaea,10^1,15.83333333,2,O2_permeation_10x_dilution,11,0.312368154
europaea,10^1,15.83333333,2,O2_permeation_10x_dilution,12,0.328811109
europaea,10^1,15.83333333,3,O2_permeation_10x_dilution,1,0.320086275
europaea,10^1,15.83333333,3,O2_permeation_10x_dilution,2,0.300287615
europaea,10^1,15.83333333,3,O2_permeation_10x_dilution,3,0.353307756
europaea,10^1,15.83333333,3,O2_permeation_10x_dilution,4,0.280153385
europaea,10^1,15.83333333,3,O2_permeation_10x_dilution,5,0.242569488
europaea,10^1,15.83333333,3,O2_permeation_10x_dilution,6,0.236864789
europaea,10^1,15.83333333,3,O2_permeation_10x_dilution,7,0.29659634
europaea,10^1,15.83333333,3,O2_permeation_10x_dilution,8,0.239213783
europaea,10^1,15.83333333,3,O2_permeation_10x_dilution,9,0.198274181
europaea,10^1,15.83333333,3,O2_permeation_10x_dilution,10,0.316059429
europaea,10^1,15.83333333,3,O2_permeation_10x_dilution,11,0.238878212
europaea,10^1,15.83333333,3,O2_permeation_10x_dilution,12,0.248609757
europaea,10^5,15.89583333,1,normal_10x_dilution,1,0.605145809
europaea,10^5,15.89583333,1,normal_10x_dilution,2,0.544598182
europaea,10^5,15.89583333,1,normal_10x_dilution,3,0.557644356
europaea,10^5,15.89583333,1,normal_10x_dilution,4,0.541587527
europaea,10^5,15.89583333,1,normal_10x_dilution,5,0.453274967
europaea,10^5,15.89583333,1,normal_10x_dilution,6,0.446919138
europaea,10^5,15.89583333,1,normal_10x_dilution,7,0.503452558
europaea,10^5,15.89583333,1,normal_10x_dilution,8,0.398748651
europaea,10^5,15.89583333,1,normal_10x_dilution,9,0.35593044
europaea,10^5,15.89583333,1,normal_10x_dilution,10,0.572697633
europaea,10^5,15.89583333,1,normal_10x_dilution,11,0.607821947
europaea,10^5,15.89583333,1,normal_10x_dilution,12,0.522520042
europaea,10^3,15.89583333,1,normal_10x_dilution,1,0.392392823
europaea,10^3,15.89583333,1,normal_10x_dilution,2,0.409787721
europaea,10^3,15.89583333,1,normal_10x_dilution,3,0.517167766
europaea,10^3,15.89583333,1,normal_10x_dilution,4,0.368307579
europaea,10^3,15.89583333,1,normal_10x_dilution,5,0.355261405
europaea,10^3,15.89583333,1,normal_10x_dilution,6,0.493082522
europaea,10^3,15.89583333,1,normal_10x_dilution,7,0.248215878
europaea,10^3,15.89583333,1,normal_10x_dilution,8,0.266948845
europaea,10^3,15.89583333,1,normal_10x_dilution,9,0.421161308
europaea,10^3,15.89583333,1,normal_10x_dilution,10,0.39272734
europaea,10^3,15.89583333,1,normal_10x_dilution,11,0.427851654
europaea,10^3,15.89583333,1,normal_10x_dilution,12,0.487395728
europaea,10^5,15.89583333,2,normal_10x_dilution,1,0.675394436
europaea,10^5,15.89583333,2,normal_10x_dilution,2,0.608156464
europaea,10^5,15.89583333,2,normal_10x_dilution,3,0.594775773
europaea,10^5,15.89583333,2,normal_10x_dilution,4,0.60748743
europaea,10^5,15.89583333,2,normal_10x_dilution,5,0.491075418
europaea,10^5,15.89583333,2,normal_10x_dilution,6,0.462306933
europaea,10^5,15.89583333,2,normal_10x_dilution,7,0.544598182
europaea,10^5,15.89583333,2,normal_10x_dilution,8,0.405104479
europaea,10^5,15.89583333,2,normal_10x_dilution,9,0.36328982
europaea,10^5,15.89583333,2,normal_10x_dilution,10,0.680077678
europaea,10^5,15.89583333,2,normal_10x_dilution,11,0.59878998
europaea,10^5,15.89583333,2,normal_10x_dilution,12,0.620199086
europaea,10^3,15.89583333,2,normal_10x_dilution,1,0.439559758
europaea,10^3,15.89583333,2,normal_10x_dilution,2,0.4810399
europaea,10^3,15.89583333,2,normal_10x_dilution,3,0.50311804
europaea,10^3,15.89583333,2,normal_10x_dilution,4,0.330841644
europaea,10^3,15.89583333,2,normal_10x_dilution,5,0.365965958
europaea,10^3,15.89583333,2,normal_10x_dilution,6,0.42216486
europaea,10^3,15.89583333,2,normal_10x_dilution,7,0.220450944
europaea,10^3,15.89583333,2,normal_10x_dilution,8,0.266614328
europaea,10^3,15.89583333,2,normal_10x_dilution,9,0.370314683
europaea,10^3,15.89583333,2,normal_10x_dilution,10,0.416478066
europaea,10^3,15.89583333,2,normal_10x_dilution,11,0.428855206
europaea,10^3,15.89583333,2,normal_10x_dilution,12,0.41480548
europaea,10^5,15.89583333,3,normal_10x_dilution,1,0.656957726
europaea,10^5,15.89583333,3,normal_10x_dilution,2,0.628846043
europaea,10^5,15.89583333,3,normal_10x_dilution,3,0.6414963
europaea,10^5,15.89583333,3,normal_10x_dilution,4,0.630954419
europaea,10^5,15.89583333,3,normal_10x_dilution,5,0.516047917
europaea,10^5,15.89583333,3,normal_10x_dilution,6,0.48828763
europaea,10^5,15.89583333,3,normal_10x_dilution,7,0.547322163
europaea,10^5,15.89583333,3,normal_10x_dilution,8,0.482313897
europaea,10^5,15.89583333,3,normal_10x_dilution,9,0.425739136
europaea,10^5,15.89583333,3,normal_10x_dilution,10,0.691745933
europaea,10^5,15.89583333,3,normal_10x_dilution,11,0.635873964
europaea,10^5,15.89583333,3,normal_10x_dilution,12,0.635171172
europaea,10^3,15.89583333,3,normal_10x_dilution,1,0.455959195
europaea,10^3,15.89583333,3,normal_10x_dilution,2,0.446822898
europaea,10^3,15.89583333,3,normal_10x_dilution,3,0.481962501
europaea,10^3,15.89583333,3,normal_10x_dilution,4,0.364596226
europaea,10^3,15.89583333,3,normal_10x_dilution,5,0.336133148
europaea,10^3,15.89583333,3,normal_10x_dilution,6,0.419062612
europaea,10^3,15.89583333,3,normal_10x_dilution,7,0.297479584
europaea,10^3,15.89583333,3,normal_10x_dilution,8,0.258826021
europaea,10^3,15.89583333,3,normal_10x_dilution,9,0.391302325
europaea,10^3,15.89583333,3,normal_10x_dilution,10,0.463689908
europaea,10^3,15.89583333,3,normal_10x_dilution,11,0.461230135
europaea,10^3,15.89583333,3,normal_10x_dilution,12,0.413088879
europaea,10^5,15.89583333,1,O2_permeation_10x_dilution,1,0.588357358
europaea,10^5,15.89583333,1,O2_permeation_10x_dilution,2,0.559609331
europaea,10^5,15.89583333,1,O2_permeation_10x_dilution,3,0.571298089
europaea,10^5,15.89583333,1,O2_permeation_10x_dilution,4,0.502429191
europaea,10^5,15.89583333,1,O2_permeation_10x_dilution,5,0.572561739
europaea,10^5,15.89583333,1,O2_permeation_10x_dilution,6,0.487265397
europaea,10^5,15.89583333,1,O2_permeation_10x_dilution,7,0.510011088
europaea,10^5,15.89583333,1,O2_permeation_10x_dilution,8,0.489476784
europaea,10^5,15.89583333,1,O2_permeation_10x_dilution,9,0.499270067
europaea,10^5,15.89583333,1,O2_permeation_10x_dilution,10,0.608891662
europaea,10^5,15.89583333,1,O2_permeation_10x_dilution,11,0.574457213
europaea,10^5,15.89583333,1,O2_permeation_10x_dilution,12,0.578564074
europaea,10^3,15.89583333,1,O2_permeation_10x_dilution,1,0.32678191
europaea,10^3,15.89583333,1,O2_permeation_10x_dilution,2,0.3520549
europaea,10^3,15.89583333,1,O2_permeation_10x_dilution,3,0.481894887
europaea,10^3,15.89583333,1,O2_permeation_10x_dilution,4,0.334679719
europaea,10^3,15.89583333,1,O2_permeation_10x_dilution,5,0.353002637
europaea,10^3,15.89583333,1,O2_permeation_10x_dilution,6,0.446196788
europaea,10^3,15.89583333,1,O2_permeation_10x_dilution,7,0.350159425
europaea,10^3,15.89583333,1,O2_permeation_10x_dilution,8,0.373221029
europaea,10^3,15.89583333,1,O2_permeation_10x_dilution,9,0.469258391
europaea,10^3,15.89583333,1,O2_permeation_10x_dilution,10,0.452199123
europaea,10^3,15.89583333,1,O2_permeation_10x_dilution,11,0.486633572
europaea,10^3,15.89583333,1,O2_permeation_10x_dilution,12,0.501165542
europaea,10^5,15.89583333,2,O2_permeation_10x_dilution,1,0.553922908
europaea,10^5,15.89583333,2,O2_permeation_10x_dilution,2,0.527702181
europaea,10^5,15.89583333,2,O2_permeation_10x_dilution,3,0.440826278
europaea,10^5,15.89583333,2,O2_permeation_10x_dilution,4,0.530545393
europaea,10^5,15.89583333,2,O2_permeation_10x_dilution,5,0.511906562
europaea,10^5,15.89583333,2,O2_permeation_10x_dilution,6,0.431980731
europaea,10^5,15.89583333,2,O2_permeation_10x_dilution,7,0.587725533
europaea,10^5,15.89583333,2,O2_permeation_10x_dilution,8,0.552659259
europaea,10^5,15.89583333,2,O2_permeation_10x_dilution,9,0.424082922
europaea,10^5,15.89583333,2,O2_permeation_10x_dilution,10,0.548236486
europaea,10^5,15.89583333,2,O2_permeation_10x_dilution,11,0.481578974
europaea,10^5,15.89583333,2,O2_permeation_10x_dilution,12,0.437035329
europaea,10^3,15.89583333,2,O2_permeation_10x_dilution,1,0.314145414
europaea,10^3,15.89583333,2,O2_permeation_10x_dilution,2,0.342577528
europaea,10^3,15.89583333,2,O2_permeation_10x_dilution,3,0.548236486
europaea,10^3,15.89583333,2,O2_permeation_10x_dilution,4,0.313829502
europaea,10^3,15.89583333,2,O2_permeation_10x_dilution,5,0.336259281
europaea,10^3,15.89583333,2,O2_permeation_10x_dilution,6,0.502429191
europaea,10^3,15.89583333,2,O2_permeation_10x_dilution,7,0.322990961
europaea,10^3,15.89583333,2,O2_permeation_10x_dilution,8,0.338154755
europaea,10^3,15.89583333,2,O2_permeation_10x_dilution,9,0.490424521
europaea,10^3,15.89583333,2,O2_permeation_10x_dilution,10,0.340682054
europaea,10^3,15.89583333,2,O2_permeation_10x_dilution,11,0.338154755
europaea,10^3,15.89583333,2,O2_permeation_10x_dilution,12,0.468310654
europaea,10^5,15.89583333,3,O2_permeation_10x_dilution,1,0.624368675
europaea,10^5,15.89583333,3,O2_permeation_10x_dilution,2,0.530839347
europaea,10^5,15.89583333,3,O2_permeation_10x_dilution,3,0.600057802
europaea,10^5,15.89583333,3,O2_permeation_10x_dilution,4,0.573383373
europaea,10^5,15.89583333,3,O2_permeation_10x_dilution,5,0.475802234
europaea,10^5,15.89583333,3,O2_permeation_10x_dilution,6,0.507879079
europaea,10^5,15.89583333,3,O2_permeation_10x_dilution,7,0.573721024
europaea,10^5,15.89583333,3,O2_permeation_10x_dilution,8,0.476477536
europaea,10^5,15.89583333,3,O2_permeation_10x_dilution,9,0.417726261
europaea,10^5,15.89583333,3,O2_permeation_10x_dilution,10,0.635848809
europaea,10^5,15.89583333,3,O2_permeation_10x_dilution,11,0.445751294
europaea,10^5,15.89583333,3,O2_permeation_10x_dilution,12,0.495723643
europaea,10^3,15.89583333,3,O2_permeation_10x_dilution,1,0.468373911
europaea,10^3,15.89583333,3,O2_permeation_10x_dilution,2,0.473438676
europaea,10^3,15.89583333,3,O2_permeation_10x_dilution,3,0.532189951
europaea,10^3,15.89583333,3,O2_permeation_10x_dilution,4,0.387337671
europaea,10^3,15.89583333,3,O2_permeation_10x_dilution,5,0.402869617
europaea,10^3,15.89583333,3,O2_permeation_10x_dilution,6,0.506190824
europaea,10^3,15.89583333,3,O2_permeation_10x_dilution,7,0.298535457
europaea,10^3,15.89583333,3,O2_permeation_10x_dilution,8,0.377208141
europaea,10^3,15.89583333,3,O2_permeation_10x_dilution,9,0.446088945
europaea,10^3,15.89583333,3,O2_permeation_10x_dilution,10,0.322508678
europaea,10^3,15.89583333,3,O2_permeation_10x_dilution,11,0.355260826
europaea,10^3,15.89583333,3,O2_permeation_10x_dilution,12,0.517333307
europaea,10^1,0,1,O2_permeation_10x_dilution,1,0
europaea,10^1,0,1,O2_permeation_10x_dilution,2,0
europaea,10^1,0,1,O2_permeation_10x_dilution,3,0
europaea,10^1,0,1,O2_permeation_10x_dilution,4,0
europaea,10^1,0,1,O2_permeation_10x_dilution,5,0
europaea,10^1,0,1,O2_permeation_10x_dilution,6,0
europaea,10^1,0,1,O2_permeation_10x_dilution,7,0
europaea,10^1,0,1,O2_permeation_10x_dilution,8,0
europaea,10^1,0,1,O2_permeation_10x_dilution,9,0
europaea,10^1,0,1,O2_permeation_10x_dilution,10,0
europaea,10^1,0,1,O2_permeation_10x_dilution,11,0
europaea,10^1,0,1,O2_permeation_10x_dilution,12,0
europaea,10^1,0,2,O2_permeation_10x_dilution,1,0
europaea,10^1,0,2,O2_permeation_10x_dilution,2,0
europaea,10^1,0,2,O2_permeation_10x_dilution,3,0
europaea,10^1,0,2,O2_permeation_10x_dilution,4,0
europaea,10^1,0,2,O2_permeation_10x_dilution,5,0
europaea,10^1,0,2,O2_permeation_10x_dilution,6,0
europaea,10^1,0,2,O2_permeation_10x_dilution,7,0
europaea,10^1,0,2,O2_permeation_10x_dilution,8,0
europaea,10^1,0,2,O2_permeation_10x_dilution,9,0
europaea,10^1,0,2,O2_permeation_10x_dilution,10,0
europaea,10^1,0,2,O2_permeation_10x_dilution,11,0
europaea,10^1,0,2,O2_permeation_10x_dilution,12,0
europaea,10^1,0,3,O2_permeation_10x_dilution,1,0
europaea,10^1,0,3,O2_permeation_10x_dilution,2,0
europaea,10^1,0,3,O2_permeation_10x_dilution,3,0
europaea,10^1,0,3,O2_permeation_10x_dilution,4,0
europaea,10^1,0,3,O2_permeation_10x_dilution,5,0
europaea,10^1,0,3,O2_permeation_10x_dilution,6,0
europaea,10^1,0,3,O2_permeation_10x_dilution,7,0
europaea,10^1,0,3,O2_permeation_10x_dilution,8,0
europaea,10^1,0,3,O2_permeation_10x_dilution,9,0
europaea,10^1,0,3,O2_permeation_10x_dilution,10,0
europaea,10^1,0,3,O2_permeation_10x_dilution,11,0
europaea,10^1,0,3,O2_permeation_10x_dilution,12,0
europaea,10^1,19.16666667,1,normal,1,1
europaea,10^1,19.16666667,1,normal,2,1
europaea,10^1,19.16666667,1,normal,3,1
europaea,10^1,19.16666667,1,normal,4,1
europaea,10^1,19.16666667,1,normal,5,1
europaea,10^1,19.16666667,1,normal,6,1
europaea,10^1,19.16666667,1,normal,7,1
europaea,10^1,19.16666667,1,normal,8,1
europaea,10^1,19.16666667,1,normal,9,1
europaea,10^1,19.16666667,1,normal,10,1
europaea,10^1,19.16666667,1,normal,11,1
europaea,10^1,19.16666667,1,normal,12,1
europaea,10^1,19.16666667,2,normal,1,1
europaea,10^1,19.16666667,2,normal,2,1
europaea,10^1,19.16666667,2,normal,3,1
europaea,10^1,19.16666667,2,normal,4,1
europaea,10^1,19.16666667,2,normal,5,1
europaea,10^1,19.16666667,2,normal,6,1
europaea,10^1,19.16666667,2,normal,7,1
europaea,10^1,19.16666667,2,normal,8,1
europaea,10^1,19.16666667,2,normal,9,1
europaea,10^1,19.16666667,2,normal,10,1
europaea,10^1,19.16666667,2,normal,11,1
europaea,10^1,19.16666667,2,normal,12,1
europaea,10^1,19.16666667,3,normal,1,1
europaea,10^1,19.16666667,3,normal,2,1
europaea,10^1,19.16666667,3,normal,3,1
europaea,10^1,19.16666667,3,normal,4,1
europaea,10^1,19.16666667,3,normal,5,1
europaea,10^1,19.16666667,3,normal,6,1
europaea,10^1,19.16666667,3,normal,7,1
europaea,10^1,19.16666667,3,normal,8,1
europaea,10^1,19.16666667,3,normal,9,1
europaea,10^1,19.16666667,3,normal,10,1
europaea,10^1,19.16666667,3,normal,11,1
europaea,10^1,19.16666667,3,normal,12,1