Spot.ID,Frame,Area,Quality,Source.spot.ID,IF_Divided,Time,generation_count,track
3586,0,0.91109475,219,NA,N,0,0,1
3442,1,0.96933825,233,3586,N,1.66666666666667,0,1
3099,2,0.99846,240,3442,N,3.33333333333333,0,1
3305,3,1.08582525,261,3099,N,5,0,1
3074,4,0.99846,240,3305,N,6.66666666666667,0,1
3899,5,1.098306,264,3074,N,8.33333333333333,0,1
3409,6,1.05254325,253,3899,N,10,0,1
3690,7,1.12742775,271,3409,N,11.6666666666667,0,1
5300,8,1.2896775,310,3690,N,13.3333333333333,0,1
5972,9,1.49769,360,5300,N,15,0,1
4800,10,1.5060105,362,5972,N,16.6666666666667,0,1
5198,11,0.59491575,143,4800,Y,18.3333333333333,1,1
4844,12,0.7072425,170,5198,N,20,1,1
5358,13,0.8736525,210,4844,N,21.6666666666667,1,1
5536,14,0.72804375,175,5358,N,23.3333333333333,1,1
5650,15,0.732204,176,5536,N,25,1,1
9600,17,0.77796675,187,5650,N,28.3333333333333,1,1
8228,18,0.75300525,181,9600,N,30,1,1
6447,19,0.898614,216,8228,N,31.6666666666667,1,1
7457,20,0.94437675,227,6447,N,33.3333333333333,1,1
6560,21,0.97765875,235,7457,N,35,1,1
6941,22,1.08582525,261,6560,N,36.6666666666667,1,1
8029,23,0.981819,236,6941,N,38.3333333333333,1,1
10101,24,1.114947,268,8029,N,40,1,1
11162,25,1.26055575,303,10101,N,41.6666666666667,1,1
9133,26,1.21895325,293,11162,N,43.3333333333333,1,1
10827,27,1.36040175,327,9133,N,45,1,1
3589,0,0.71140275,171,NA,N,0,0,2
3599,1,0.71972325,173,3589,N,1.66666666666667,0,2
3105,2,0.8070885,194,3599,N,3.33333333333333,0,2
3309,3,0.78628725,189,3105,N,5,0,2
3078,4,0.7571655,182,3309,N,6.66666666666667,0,2
3908,5,0.86117175,207,3078,N,8.33333333333333,0,2
3412,6,0.81124875,195,3908,N,10,0,2
3692,7,0.85285125,205,3412,N,11.6666666666667,0,2
5306,8,0.881973,212,3692,N,13.3333333333333,0,2
5973,9,0.83205,200,5306,N,15,0,2
4806,10,0.95269725,229,5973,N,16.6666666666667,0,2
5204,11,0.85285125,205,4806,N,18.3333333333333,0,2
4849,12,0.848691,204,5204,N,20,0,2
5364,13,1.0400625,250,4849,N,21.6666666666667,0,2
5540,14,0.798768,192,5364,N,23.3333333333333,0,2
5568,15,0.85285125,205,5540,N,25,0,2
7517,16,0.8736525,210,5568,N,26.6666666666667,0,2
9604,17,0.86117175,207,7517,N,28.3333333333333,0,2
8231,18,0.798768,192,9604,N,30,0,2
6450,19,0.85285125,205,8231,N,31.6666666666667,0,2
7461,20,0.81124875,195,6450,N,33.3333333333333,0,2
6564,21,0.9734985,234,7461,N,35,0,2
6943,22,1.06918425,257,6564,N,36.6666666666667,0,2
8034,23,0.9402165,226,6943,N,38.3333333333333,0,2
10107,24,0.89445375,215,8034,N,40,0,2
11166,25,0.9734985,234,10107,N,41.6666666666667,0,2
9166,26,0.92773575,223,11166,N,43.3333333333333,0,2
10831,27,1.00262025,241,9166,N,45,0,2
9088,28,1.0067805,242,10831,N,46.6666666666667,0,2
10633,29,1.0234215,246,9088,N,48.3333333333333,0,2
9259,30,1.04422275,251,10633,N,50,0,2
11449,31,1.21895325,293,9259,N,51.6666666666667,0,2
12660,32,1.231434,296,11449,N,53.3333333333333,0,2
12086,33,1.24391475,299,12660,N,55,0,2
12158,34,1.30215825,313,12086,N,56.6666666666667,0,2
13552,35,1.3063185,314,12158,N,58.3333333333333,0,2
14302,36,1.5060105,362,13552,N,60,0,2
13016,37,1.6391385,394,14302,N,61.6666666666667,0,2
3592,0,0.68644125,165,NA,N,0,0,3
3602,1,0.6573195,158,3592,N,1.66666666666667,0,3
3109,2,0.66147975,159,3602,N,3.33333333333333,0,3
3313,3,0.66980025,161,3109,N,5,0,3
3082,4,0.7072425,170,3313,N,6.66666666666667,0,3
3911,5,0.71140275,171,3082,N,8.33333333333333,0,3
3415,6,0.72804375,175,3911,N,10,0,3
3694,7,0.61155675,147,3415,N,11.6666666666667,0,3
5310,8,0.63651825,153,3694,N,13.3333333333333,0,3
5974,9,0.63651825,153,5310,N,15,0,3
4810,10,0.73636425,177,5974,N,16.6666666666667,0,3
5212,11,0.6406785,154,4810,N,18.3333333333333,0,3
4852,12,0.7405245,178,5212,N,20,0,3
5369,13,0.9069345,218,4852,N,21.6666666666667,0,3
5227,14,0.61155675,147,5369,N,23.3333333333333,0,3
5275,15,0.7072425,170,5227,N,25,0,3
7364,16,0.7405245,178,5275,N,26.6666666666667,0,3
9290,17,0.83205,200,7364,N,28.3333333333333,0,3
8063,18,0.865332,208,9290,N,30,0,3
6614,19,0.61155675,147,8063,N,31.6666666666667,0,3
7600,20,0.765486,184,6614,N,33.3333333333333,0,3
6802,21,0.89445375,215,7600,N,35,0,3
7023,22,1.0733445,258,6802,N,36.6666666666667,0,3
8195,23,0.931896,224,7023,N,38.3333333333333,0,3
9845,24,0.82788975,199,8195,N,40,0,3
10915,25,0.8736525,210,9845,N,41.6666666666667,0,3
8433,26,0.9235755,222,10915,N,43.3333333333333,0,3
3595,0,0.76964625,185,NA,N,0,0,4
3670,1,0.9069345,218,3595,N,1.66666666666667,0,4
3114,2,0.765486,184,3670,N,3.33333333333333,0,4
3318,3,0.9402165,226,3114,N,5,0,4
3086,4,1.0234215,246,3318,N,6.66666666666667,0,4
3914,5,0.94437675,227,3086,N,8.33333333333333,0,4
3416,6,0.83205,200,3914,N,10,0,4
3751,7,1.00262025,241,3416,N,11.6666666666667,0,4
5318,8,1.02758175,247,3751,N,13.3333333333333,0,4
5975,9,1.12742775,271,5318,N,15,0,4
4815,10,1.0899855,262,5975,N,16.6666666666667,0,4
5219,11,1.1399085,274,4815,N,18.3333333333333,0,4
4860,12,1.231434,296,5219,N,20,0,4
5374,13,1.198152,288,4860,N,21.6666666666667,0,4
5543,14,1.28551725,309,5374,N,23.3333333333333,0,4
5571,15,1.57673475,379,5543,N,25,0,4
7519,16,1.5226515,366,5571,N,26.6666666666667,0,4
9606,17,1.3895235,334,7519,N,28.3333333333333,0,4
8234,18,1.5060105,362,9606,N,30,0,4
6452,19,1.86795225,449,8234,N,31.6666666666667,0,4
7463,20,1.9885995,478,6452,N,33.3333333333333,0,4
6566,21,1.780587,428,7463,N,35,0,4
6944,22,1.547613,372,6566,N,36.6666666666667,0,4
8036,23,1.75978575,423,6944,N,38.3333333333333,0,4
10110,24,1.897074,456,8036,N,40,0,4
11167,25,1.7889075,430,10110,N,41.6666666666667,0,4
9194,26,1.8388305,442,11167,N,43.3333333333333,0,4
10832,27,1.88459325,453,9194,N,45,0,4
13275,37,1.7722665,426,10832,N,61.6666666666667,0,4
3600,0,1.10246625,265,NA,N,0,0,5
3673,1,1.0899855,262,3600,N,1.66666666666667,0,5
3120,2,1.14406875,275,3673,N,3.33333333333333,0,5
3321,3,1.015101,244,3120,N,5,0,5
3091,4,1.114947,268,3321,N,6.66666666666667,0,5
3918,5,1.4061645,338,3091,N,8.33333333333333,0,5
3420,6,1.35208125,325,3918,N,10,0,5
3754,7,1.34376075,323,3420,N,11.6666666666667,0,5
5327,8,1.364562,328,3754,N,13.3333333333333,0,5
5977,9,1.3895235,334,5327,N,15,0,5
4825,10,1.6557795,398,5977,N,16.6666666666667,0,5
5233,11,1.4727285,354,4825,N,18.3333333333333,0,5
4865,12,0.62819775,151,5233,Y,20,1,5
5547,14,0.7738065,186,4865,N,23.3333333333333,1,5
5574,15,0.75300525,181,5547,N,25,1,5
6420,19,0.85285125,205,5574,N,31.6666666666667,1,5
7424,20,0.815409,196,6420,N,33.3333333333333,1,5
6525,21,1.03590225,249,7424,N,35,1,5
6924,22,1.131588,272,6525,N,36.6666666666667,1,5
7985,23,1.01926125,245,6924,N,38.3333333333333,1,5
10064,24,1.01926125,245,7985,N,40,1,5
11139,25,1.11910725,269,10064,N,41.6666666666667,1,5
9032,26,1.031742,248,11139,N,43.3333333333333,1,5
10802,27,1.08582525,261,9032,N,45,1,5
9033,28,1.45192725,349,10802,N,46.6666666666667,1,5
10588,29,1.45192725,349,9033,N,48.3333333333333,1,5
9168,30,1.73482425,417,10588,N,50,1,5
11419,31,0.865332,208,9168,Y,51.6666666666667,2,5
12627,32,0.9235755,222,11419,N,53.3333333333333,2,5
12023,33,0.965178,232,12627,N,55,2,5
12079,34,1.03590225,249,12023,N,56.6666666666667,2,5
13506,35,0.965178,232,12079,N,58.3333333333333,2,5
14275,36,0.9402165,226,13506,N,60,2,5
12990,37,1.01094075,243,14275,N,61.6666666666667,2,5
3601,0,0.61987725,149,NA,N,0,0,6
3704,1,0.55331325,133,3601,N,1.66666666666667,0,6
3123,2,0.5907555,142,3704,N,3.33333333333333,0,6
3323,3,0.57827475,139,3123,N,5,0,6
3095,4,0.6739605,162,3323,N,6.66666666666667,0,6
3922,5,0.66147975,159,3095,N,8.33333333333333,0,6
3423,6,0.6906015,166,3922,N,10,0,6
3757,7,0.848691,204,3423,N,11.6666666666667,0,6
5333,8,0.76132575,183,3757,N,13.3333333333333,0,6
5978,9,0.7571655,182,5333,N,15,0,6
4828,10,0.74468475,179,5978,N,16.6666666666667,0,6
5311,11,0.715563,172,4828,N,18.3333333333333,0,6
4877,12,0.71140275,171,5311,N,20,0,6
5378,13,1.1066265,266,4877,N,21.6666666666667,0,6
5567,14,0.74468475,179,5378,N,23.3333333333333,0,6
5583,15,0.7904475,190,5567,N,25,0,6
7524,16,0.898614,216,5583,N,26.6666666666667,0,6
9609,17,0.92773575,223,7524,N,28.3333333333333,0,6
8237,18,0.88613325,213,9609,N,30,0,6
6459,19,0.8070885,194,8237,N,31.6666666666667,0,6
7471,20,0.84453075,203,6459,N,33.3333333333333,0,6
6573,21,0.948537,228,7471,N,35,0,6
6948,22,0.981819,236,6573,N,36.6666666666667,0,6
8040,23,0.931896,224,6948,N,38.3333333333333,0,6
10116,24,0.97765875,235,8040,N,40,0,6
11170,25,1.01926125,245,10116,N,41.6666666666667,0,6
9205,26,0.981819,236,11170,N,43.3333333333333,0,6
10836,27,0.96933825,233,9205,N,45,0,6
9103,28,1.3063185,314,10836,N,46.6666666666667,0,6
10641,29,1.17735075,283,9103,N,48.3333333333333,0,6
9270,30,1.37704275,331,10641,N,50,0,6
11461,31,1.33128,320,9270,N,51.6666666666667,0,6
12664,32,1.347921,324,11461,N,53.3333333333333,0,6
12093,33,1.41032475,339,12664,N,55,0,6
12168,34,1.79306775,431,12093,N,56.6666666666667,0,6
14746,35,NA,-1,12168,Y,58.3333333333333,1,6
3609,0,1.20231225,289,NA,N,0,0,7
3710,1,1.065024,256,3609,N,1.66666666666667,0,7
3135,2,1.18567125,285,3710,N,3.33333333333333,0,7
3331,3,1.18567125,285,3135,N,5,0,7
3106,4,1.21895325,293,3331,N,6.66666666666667,0,7
3931,5,1.4727285,354,3106,N,8.33333333333333,0,7
3433,6,1.36872225,329,3931,N,10,0,7
3763,7,1.564254,376,3433,N,11.6666666666667,0,7
5360,8,0.8237295,198,3763,Y,13.3333333333333,1,7
5982,9,0.86949225,209,5360,N,15,1,7
4843,10,0.86949225,209,5982,N,16.6666666666667,1,7
5322,11,0.87781275,211,4843,N,18.3333333333333,1,7
4889,12,0.97765875,235,5322,N,20,1,7
5384,13,1.15238925,277,4889,N,21.6666666666667,1,7
5576,14,0.87781275,211,5384,N,23.3333333333333,1,7
5594,15,1.0733445,258,5576,N,25,1,7
7531,16,0.9901395,238,5594,N,26.6666666666667,1,7
9616,17,1.17735075,283,7531,N,28.3333333333333,1,7
8242,18,1.081665,260,9616,N,30,1,7
6468,19,1.20231225,289,8242,N,31.6666666666667,1,7
7481,20,1.4228055,342,6468,N,33.3333333333333,1,7
6580,21,1.5060105,362,7481,N,35,1,7
6953,22,1.71818325,413,6580,N,36.6666666666667,1,7
8051,23,1.44360675,347,6953,N,38.3333333333333,1,7
10137,24,1.46856825,353,8051,N,40,1,7
11177,25,0.70308225,169,10137,Y,41.6666666666667,2,7
9399,26,0.9402165,226,11177,N,43.3333333333333,2,7
10843,27,0.7738065,186,9399,N,45,2,7
3615,0,0.815409,196,NA,N,0,0,8
3713,1,0.865332,208,3615,N,1.66666666666667,0,8
3138,2,0.88613325,213,3713,N,3.33333333333333,0,8
3335,3,0.89445375,215,3138,N,5,0,8
3112,4,0.9734985,234,3335,N,6.66666666666667,0,8
3934,5,1.03590225,249,3112,N,8.33333333333333,0,8
3438,6,1.0733445,258,3934,N,10,0,8
3768,7,1.08582525,261,3438,N,11.6666666666667,0,8
5371,8,0.86117175,207,3768,N,13.3333333333333,0,8
5983,9,1.114947,268,5371,N,15,0,8
4853,10,1.281357,308,5983,N,16.6666666666667,0,8
5334,11,1.181511,284,4853,N,18.3333333333333,0,8
4901,12,1.26055575,303,5334,N,20,0,8
5422,13,1.41864525,341,4901,N,21.6666666666667,0,8
5615,14,1.37704275,331,5422,N,23.3333333333333,0,8
5606,15,1.20231225,289,5615,N,25,0,8
3617,0,0.66564,160,NA,N,0,0,9
3716,1,0.75300525,181,3617,N,1.66666666666667,0,9
3141,2,0.63651825,153,3716,N,3.33333333333333,0,9
3341,3,0.6573195,158,3141,N,5,0,9
3117,4,0.7072425,170,3341,N,6.66666666666667,0,9
3937,5,0.76964625,185,3117,N,8.33333333333333,0,9
3443,6,0.72804375,175,3937,N,10,0,9
3770,7,0.7238835,174,3443,N,11.6666666666667,0,9
5397,8,0.80292825,193,3770,N,13.3333333333333,0,9
5984,9,0.8570115,206,5397,N,15,0,9
4857,10,0.70308225,169,5984,N,16.6666666666667,0,9
5338,11,0.7738065,186,4857,N,18.3333333333333,0,9
4906,12,0.85285125,205,5338,N,20,0,9
5426,13,0.87781275,211,4906,N,21.6666666666667,0,9
5619,14,0.83621025,201,5426,N,23.3333333333333,0,9
5609,15,0.7904475,190,5619,N,25,0,9
7539,16,0.748845,180,5609,N,26.6666666666667,0,9
9621,17,0.748845,180,7539,N,28.3333333333333,0,9
8248,18,0.76964625,185,9621,N,30,0,9
6474,19,0.8403705,202,8248,N,31.6666666666667,0,9
7488,20,0.848691,204,6474,N,33.3333333333333,0,9
6584,21,0.898614,216,7488,N,35,0,9
6956,22,0.91109475,219,6584,N,36.6666666666667,0,9
8055,23,0.848691,204,6956,N,38.3333333333333,0,9
10181,24,0.915255,220,8055,N,40,0,9
11182,25,0.848691,204,10181,N,41.6666666666667,0,9
9409,26,0.86117175,207,11182,N,43.3333333333333,0,9
10848,27,0.91109475,219,9409,N,45,0,9
9120,28,0.84453075,203,10848,N,46.6666666666667,0,9
10656,29,0.9235755,222,9120,N,48.3333333333333,0,9
9309,30,0.96101775,231,10656,N,50,0,9
12676,32,0.98597925,237,9309,N,53.3333333333333,0,9
12115,33,0.94437675,227,12676,N,55,0,9
12207,34,0.92773575,223,12115,N,56.6666666666667,0,9
14053,35,0.93605625,225,12207,N,58.3333333333333,0,9
14643,36,0.96101775,231,14053,N,60,0,9
13610,37,0.9568575,230,14643,N,61.6666666666667,0,9
3619,0,0.698922,168,NA,N,0,0,10
3718,1,0.7238835,174,3619,N,1.66666666666667,0,10
3144,2,0.815409,196,3718,N,3.33333333333333,0,10
3344,3,0.648999,156,3144,N,5,0,10
3122,4,0.66980025,161,3344,N,6.66666666666667,0,10
3940,5,0.75300525,181,3122,N,8.33333333333333,0,10
3447,6,0.74468475,179,3940,N,10,0,10
3771,7,0.76964625,185,3447,N,11.6666666666667,0,10
5400,8,0.82788975,199,3771,N,13.3333333333333,0,10
5985,9,0.71972325,173,5400,N,15,0,10
4862,10,0.83621025,201,5985,N,16.6666666666667,0,10
5345,11,0.698922,168,4862,N,18.3333333333333,0,10
4909,12,0.80292825,193,5345,N,20,0,10
5429,13,0.80292825,193,4909,N,21.6666666666667,0,10
5623,14,0.682281,164,5429,N,23.3333333333333,0,10
5612,15,0.67812075,163,5623,N,25,0,10
7541,16,0.74468475,179,5612,N,26.6666666666667,0,10
9622,17,0.7072425,170,7541,N,28.3333333333333,0,10
8250,18,0.765486,184,9622,N,30,0,10
6476,19,0.76132575,183,8250,N,31.6666666666667,0,10
7490,20,0.68644125,165,6476,N,33.3333333333333,0,10
6586,21,0.8403705,202,7490,N,35,0,10
6957,22,0.848691,204,6586,N,36.6666666666667,0,10
8056,23,0.648999,156,6957,N,38.3333333333333,0,10
10185,24,0.67812075,163,8056,N,40,0,10
11183,25,0.63651825,153,10185,N,41.6666666666667,0,10
9410,26,0.61155675,147,11183,N,43.3333333333333,0,10
10849,27,0.565794,136,9410,N,45,0,10
9122,28,0.815409,196,10849,N,46.6666666666667,0,10
10657,29,0.67812075,163,9122,N,48.3333333333333,0,10
8486,30,0.682281,164,10657,N,50,0,10
12452,32,0.64483875,155,8486,N,53.3333333333333,0,10
11670,33,0.39522375,95,12452,N,55,0,10
11722,34,0.54499275,131,11670,N,56.6666666666667,0,10
13226,35,0.66147975,159,11722,N,58.3333333333333,0,10
14040,36,0.632358,152,13226,N,60,0,10
12843,37,0.682281,164,14040,N,61.6666666666667,0,10
3621,0,0.8070885,194,NA,N,0,0,11
3722,1,0.898614,216,3621,N,1.66666666666667,0,11
3147,2,0.798768,192,3722,N,3.33333333333333,0,11
3349,3,0.89445375,215,3147,N,5,0,11
3127,4,1.00262025,241,3349,N,6.66666666666667,0,11
3944,5,1.0899855,262,3127,N,8.33333333333333,0,11
3452,6,1.0400625,250,3944,N,10,0,11
3772,7,1.07750475,259,3452,N,11.6666666666667,0,11
5401,8,1.1066265,266,3772,N,13.3333333333333,0,11
5986,9,1.20231225,289,5401,N,15,0,11
4867,10,1.16487,280,5986,N,16.6666666666667,0,11
5350,11,1.16487,280,4867,N,18.3333333333333,0,11
4912,12,1.30215825,313,5350,N,20,0,11
5434,13,1.54345275,371,4912,N,21.6666666666667,0,11
5630,14,1.53513225,369,5434,N,23.3333333333333,0,11
5617,15,1.580895,380,5630,N,25,0,11
7544,16,1.763946,424,5617,N,26.6666666666667,0,11
9624,17,0.8403705,202,7544,Y,28.3333333333333,1,11
8251,18,0.815409,196,9624,N,30,1,11
6478,19,0.948537,228,8251,N,31.6666666666667,1,11
7492,20,0.7738065,186,6478,N,33.3333333333333,1,11
6587,21,0.88613325,213,7492,N,35,1,11
6958,22,0.94437675,227,6587,N,36.6666666666667,1,11
8058,23,0.86117175,207,6958,N,38.3333333333333,1,11
10191,24,0.8736525,210,8058,N,40,1,11
11184,25,0.99429975,239,10191,N,41.6666666666667,1,11
9412,26,1.06918425,257,11184,N,43.3333333333333,1,11
10850,27,1.11078675,267,9412,N,45,1,11
9125,28,1.231434,296,10850,N,46.6666666666667,1,11
10658,29,1.23559425,297,9125,N,48.3333333333333,1,11
9311,30,1.22727375,295,10658,N,50,1,11
12713,32,1.39368375,335,9311,N,53.3333333333333,1,11
12167,33,0.90277425,217,12713,Y,55,2,11
12315,34,0.79460775,191,12167,N,56.6666666666667,2,11
13646,35,0.798768,192,12315,N,58.3333333333333,2,11
14350,36,0.9235755,222,13646,N,60,2,11
3623,0,1.01926125,245,NA,N,0,0,12
3725,1,0.95269725,229,3623,N,1.66666666666667,0,12
3150,2,0.84453075,203,3725,N,3.33333333333333,0,12
3355,3,0.9069345,218,3150,N,5,0,12
3131,4,0.965178,232,3355,N,6.66666666666667,0,12
3947,5,1.16070975,279,3131,N,8.33333333333333,0,12
3457,6,1.06086375,255,3947,N,10,0,12
3776,7,1.1066265,266,3457,N,11.6666666666667,0,12
5404,8,1.21895325,293,3776,N,13.3333333333333,0,12
5987,9,1.06086375,255,5404,N,15,0,12
4871,10,1.281357,308,5987,N,16.6666666666667,0,12
5357,11,1.1898315,286,4871,N,18.3333333333333,0,12
4916,12,1.2563955,302,5357,N,20,0,12
5437,13,1.78474725,429,4916,N,21.6666666666667,0,12
4643,14,0.61987725,149,5437,Y,23.3333333333333,1,12
5097,15,0.83621025,201,4643,N,25,1,12
7277,16,0.89445375,215,5097,N,26.6666666666667,1,12
9158,17,0.8902935,214,7277,N,28.3333333333333,1,12
8002,18,0.88613325,213,9158,N,30,1,12
6250,19,0.8570115,206,8002,N,31.6666666666667,1,12
7239,20,0.83621025,201,6250,N,33.3333333333333,1,12
6214,21,0.90277425,217,7239,N,35,1,12
6738,22,0.898614,216,6214,N,36.6666666666667,1,12
7797,23,0.99429975,239,6738,N,38.3333333333333,1,12
9942,24,1.07750475,259,7797,N,40,1,12
11011,25,1.1898315,286,9942,N,41.6666666666667,1,12
8603,26,1.10246625,265,11011,N,43.3333333333333,1,12
10336,27,1.19399175,287,8603,N,45,1,12
8813,28,1.381203,332,10336,N,46.6666666666667,1,12
10314,29,1.514331,364,8813,N,48.3333333333333,1,12
8826,30,0.815409,196,10314,Y,50,2,12
11502,31,0.85285125,205,8826,N,51.6666666666667,2,12
3625,0,1.2231135,294,NA,N,0,0,13
3727,1,1.14406875,275,3625,N,1.66666666666667,0,13
3155,2,1.2231135,294,3727,N,3.33333333333333,0,13
3362,3,1.29383775,311,3155,N,5,0,13
3134,4,1.25223525,301,3362,N,6.66666666666667,0,13
3950,5,1.47688875,355,3134,N,8.33333333333333,0,13
3462,6,1.6724205,402,3950,N,10,0,13
3782,7,1.431126,344,3462,N,11.6666666666667,0,13
5407,8,0.69476175,167,3782,Y,13.3333333333333,1,13
3627,0,0.948537,228,NA,N,0,0,14
3729,1,1.01094075,243,3627,N,1.66666666666667,0,14
3160,2,0.99429975,239,3729,N,3.33333333333333,0,14
3367,3,1.08582525,261,3160,N,5,0,14
3137,4,1.2730365,306,3367,N,6.66666666666667,0,14
3954,5,1.24391475,299,3137,N,8.33333333333333,0,14
3466,6,1.3229595,318,3954,N,10,0,14
3786,7,1.3895235,334,3466,N,11.6666666666667,0,14
5412,8,1.50185025,361,3786,N,13.3333333333333,0,14
5989,9,1.481049,356,5412,N,15,0,14
4884,10,1.680741,404,5989,N,16.6666666666667,0,14
5368,11,1.58505525,381,4884,N,18.3333333333333,0,14
4930,12,0.782127,188,5368,Y,20,1,14
5441,13,0.9901395,238,4930,N,21.6666666666667,1,14
5641,14,0.92773575,223,5441,N,23.3333333333333,1,14
5625,15,0.81124875,195,5641,N,25,1,14
7554,16,0.78628725,189,5625,N,26.6666666666667,1,14
9630,17,0.89445375,215,7554,N,28.3333333333333,1,14
8259,18,1.0234215,246,9630,N,30,1,14
6485,19,0.98597925,237,8259,N,31.6666666666667,1,14
7499,20,1.1399085,274,6485,N,33.3333333333333,1,14
6591,21,1.364562,328,7499,N,35,1,14
6962,22,1.5725745,378,6591,N,36.6666666666667,1,14
8067,23,1.3895235,334,6962,N,38.3333333333333,1,14
10210,24,1.61001675,387,8067,N,40,1,14
11189,25,1.6391385,394,10210,N,41.6666666666667,1,14
9442,26,0.848691,204,11189,Y,43.3333333333333,2,14
10855,27,0.8403705,202,9442,N,45,2,14
9136,28,0.81124875,195,10855,N,46.6666666666667,2,14
10663,29,0.87781275,211,9136,N,48.3333333333333,2,14
9326,30,0.94437675,227,10663,N,50,2,14
12683,32,1.1399085,274,9326,N,53.3333333333333,2,14
12123,33,1.00262025,241,12683,N,55,2,14
12271,34,1.1731905,282,12123,N,56.6666666666667,2,14
13599,35,1.34376075,323,12271,N,58.3333333333333,2,14
14325,36,1.3895235,334,13599,N,60,2,14
13044,37,1.41864525,341,14325,N,61.6666666666667,2,14
3629,0,0.99429975,239,NA,N,0,0,15
3731,1,1.347921,324,3629,N,1.66666666666667,0,15
3165,2,1.1898315,286,3731,N,3.33333333333333,0,15
3384,3,1.21063275,291,3165,N,5,0,15
3140,4,1.2563955,302,3384,N,6.66666666666667,0,15
3958,5,1.5392925,370,3140,N,8.33333333333333,0,15
3472,6,1.53513225,369,3958,N,10,0,15
3791,7,0.8403705,202,3472,Y,11.6666666666667,1,15
5420,8,0.7738065,186,3791,N,13.3333333333333,1,15
3631,0,0.9069345,218,NA,N,0,0,16
3733,1,1.01926125,245,3631,N,1.66666666666667,0,16
3170,2,1.03590225,249,3733,N,3.33333333333333,0,16
3390,3,1.08582525,261,3170,N,5,0,16
3143,4,1.21895325,293,3390,N,6.66666666666667,0,16
3962,5,1.26055575,303,3143,N,8.33333333333333,0,16
3633,0,0.91941525,221,NA,N,0,0,17
3774,1,0.9901395,238,3633,N,1.66666666666667,0,17
3177,2,1.065024,256,3774,N,3.33333333333333,0,17
3394,3,1.05254325,253,3177,N,5,0,17
3145,4,1.05254325,253,3394,N,6.66666666666667,0,17
3966,5,1.1565495,278,3145,N,8.33333333333333,0,17
3477,6,1.13574825,273,3966,N,10,0,17
3793,7,1.22727375,295,3477,N,11.6666666666667,0,17
5425,8,1.36040175,327,3793,N,13.3333333333333,0,17
5991,9,1.26055575,303,5425,N,15,0,17
4896,10,1.43528625,345,5991,N,16.6666666666667,0,17
5381,11,1.397844,336,4896,N,18.3333333333333,0,17
4944,12,1.48520925,357,5381,N,20,0,17
5449,13,1.57673475,379,4944,N,21.6666666666667,0,17
5659,14,1.72650375,415,5449,N,23.3333333333333,0,17
5631,15,1.7389845,418,5659,N,25,0,17
7559,16,2.00108025,481,5631,N,26.6666666666667,0,17
9635,17,1.97611875,475,7559,N,28.3333333333333,0,17
8264,18,0.8902935,214,9635,Y,30,1,17
6489,19,0.90277425,217,8264,N,31.6666666666667,1,17
7503,20,0.94437675,227,6489,N,33.3333333333333,1,17
6594,21,0.9901395,238,7503,N,35,1,17
6965,22,1.01926125,245,6594,N,36.6666666666667,1,17
8073,23,1.11910725,269,6965,N,38.3333333333333,1,17
10221,24,1.21063275,291,8073,N,40,1,17
11192,25,1.364562,328,10221,N,41.6666666666667,1,17
9454,26,1.33128,320,11192,N,43.3333333333333,1,17
10861,27,1.3728825,330,9454,N,45,1,17
2619,0,0.8570115,206,NA,N,0,0,18
2239,1,0.92773575,223,2619,N,1.66666666666667,0,18
2228,2,0.9069345,218,2239,N,3.33333333333333,0,18
2227,3,0.8237295,198,2228,N,5,0,18
2229,4,0.82788975,199,2227,N,6.66666666666667,0,18
2422,5,0.94437675,227,2229,N,8.33333333333333,0,18
2257,6,0.83205,200,2422,N,10,0,18
2236,7,0.8070885,194,2257,N,11.6666666666667,0,18
4066,8,0.88613325,213,2236,N,13.3333333333333,0,18
4053,9,0.78628725,189,4066,N,15,0,18
4157,10,0.86117175,207,4053,N,16.6666666666667,0,18
4056,11,0.76964625,185,4157,N,18.3333333333333,0,18
4222,12,0.78628725,189,4056,N,20,0,18
4291,13,0.96933825,233,4222,N,21.6666666666667,0,18
4054,14,0.7405245,178,4291,N,23.3333333333333,0,18
4194,15,0.74468475,179,4054,N,25,0,18
7077,16,0.76132575,183,4194,N,26.6666666666667,0,18
8401,17,0.80292825,193,7077,N,28.3333333333333,0,18
7800,18,0.78628725,189,8401,N,30,0,18
6100,19,0.782127,188,7800,N,31.6666666666667,0,18
7075,20,0.78628725,189,6100,N,33.3333333333333,0,18
6062,21,0.8570115,206,7075,N,35,0,18
6269,22,0.881973,212,6062,N,36.6666666666667,0,18
7217,23,0.7904475,190,6269,N,38.3333333333333,0,18
9816,24,0.83205,200,7217,N,40,0,18
10888,25,0.82788975,199,9816,N,41.6666666666667,0,18
8376,26,0.87781275,211,10888,N,43.3333333333333,0,18
10071,27,0.8736525,210,8376,N,45,0,18
8360,28,0.71140275,171,10071,N,46.6666666666667,0,18
9774,29,0.6073965,146,8360,N,48.3333333333333,0,18
8721,30,0.8237295,198,9774,N,50,0,18
12478,32,0.7904475,190,8721,N,53.3333333333333,0,18
11718,33,0.8070885,194,12478,N,55,0,18
11781,34,0.80292825,193,11718,N,56.6666666666667,0,18
13269,35,0.82788975,199,11781,N,58.3333333333333,0,18
14079,36,0.65315925,157,13269,N,60,0,18
3668,0,1.248075,300,NA,N,0,0,19
3780,1,1.25223525,301,3668,N,1.66666666666667,0,19
3181,2,1.2064725,290,3780,N,3.33333333333333,0,19
3400,3,1.19399175,287,3181,N,5,0,19
3151,4,1.33128,320,3400,N,6.66666666666667,0,19
3978,5,1.46856825,353,3151,N,8.33333333333333,0,19
3488,6,1.4560875,350,3978,N,10,0,19
3802,7,1.53513225,369,3488,N,11.6666666666667,0,19
5439,8,1.64329875,395,3802,N,13.3333333333333,0,19
5993,9,1.780587,428,5439,N,15,0,19
4907,10,1.94283675,467,5993,N,16.6666666666667,0,19
5388,11,0.948537,228,4907,Y,18.3333333333333,1,19
4951,12,0.8570115,206,5388,N,20,1,19
5456,13,1.2064725,290,4951,N,21.6666666666667,1,19
5665,14,0.815409,196,5456,N,23.3333333333333,1,19
5639,15,0.80292825,193,5665,N,25,1,19
7563,16,0.86117175,207,5639,N,26.6666666666667,1,19
9637,17,0.93605625,225,7563,N,28.3333333333333,1,19
8271,18,1.07750475,259,9637,N,30,1,19
6494,19,1.1232675,270,8271,N,31.6666666666667,1,19
7509,20,1.21063275,291,6494,N,33.3333333333333,1,19
6968,22,1.13574825,273,7509,N,36.6666666666667,1,19
8081,23,0.49506975,119,6968,Y,38.3333333333333,2,19
10242,24,0.5574735,134,8081,N,40,2,19
11196,25,0.6739605,162,10242,N,41.6666666666667,2,19
9470,26,0.715563,172,11196,N,43.3333333333333,2,19
10865,27,0.682281,164,9470,N,45,2,19
9143,28,0.6739605,162,10865,N,46.6666666666667,2,19
10668,29,0.748845,180,9143,N,48.3333333333333,2,19
9340,30,0.7238835,174,10668,N,50,2,19
11479,31,0.85285125,205,9340,N,51.6666666666667,2,19
12686,32,0.83205,200,11479,N,53.3333333333333,2,19
12128,33,0.865332,208,12686,N,55,2,19
12276,34,0.948537,228,12128,N,56.6666666666667,2,19
14065,35,0.8736525,210,12276,N,58.3333333333333,2,19
14650,36,0.94437675,227,14065,N,60,2,19
13627,37,1.08582525,261,14650,N,61.6666666666667,2,19
2647,0,0.70308225,169,NA,N,0,0,20
2264,1,0.77796675,187,2647,N,1.66666666666667,0,20
2276,2,0.82788975,199,2264,N,3.33333333333333,0,20
2232,3,0.73636425,177,2276,N,5,0,20
2233,4,0.8237295,198,2232,N,6.66666666666667,0,20
2563,5,0.8736525,210,2233,N,8.33333333333333,0,20
2262,6,0.80292825,193,2563,N,10,0,20
2273,7,0.88613325,213,2262,N,11.6666666666667,0,20
4068,8,0.965178,232,2273,N,13.3333333333333,0,20
4075,9,0.93605625,225,4068,N,15,0,20
4162,10,0.95269725,229,4075,N,16.6666666666667,0,20
4058,11,1.0400625,250,4162,N,18.3333333333333,0,20
4230,12,1.06918425,257,4058,N,20,0,20
4299,13,1.114947,268,4230,N,21.6666666666667,0,20
4346,14,1.20231225,289,4299,N,23.3333333333333,0,20
4208,15,1.231434,296,4346,N,25,0,20
7083,16,1.2397545,298,4208,N,26.6666666666667,0,20
8406,17,1.33128,320,7083,N,28.3333333333333,0,20
7803,18,1.4394465,346,8406,N,30,0,20
6104,19,1.431126,344,7803,N,31.6666666666667,0,20
7078,20,1.4727285,354,6104,N,33.3333333333333,0,20
6065,21,1.6724205,402,7078,N,35,0,20
6275,22,0.69476175,167,6065,Y,36.6666666666667,1,20
7240,23,0.715563,172,6275,N,38.3333333333333,1,20
9819,24,0.748845,180,7240,N,40,1,20
10891,25,0.8736525,210,9819,N,41.6666666666667,1,20
8379,26,0.91941525,221,10891,N,43.3333333333333,1,20
10082,27,0.92773575,223,8379,N,45,1,20
8463,28,0.782127,188,10082,N,46.6666666666667,1,20
9777,29,1.16070975,279,8463,N,48.3333333333333,1,20
12415,32,1.23559425,297,9777,N,53.3333333333333,1,20
11620,33,1.39368375,335,12415,N,55,1,20
13422,35,1.63497825,393,11620,N,58.3333333333333,1,20
14233,36,0.81956925,197,13422,Y,60,2,20
12947,37,0.7238835,174,14233,N,61.6666666666667,2,20
3672,0,0.9069345,218,NA,N,0,0,21
3784,1,0.8736525,210,3672,N,1.66666666666667,0,21
3188,2,0.981819,236,3784,N,3.33333333333333,0,21
3404,3,0.981819,236,3188,N,5,0,21
3154,4,0.9568575,230,3404,N,6.66666666666667,0,21
3982,5,0.98597925,237,3154,N,8.33333333333333,0,21
3493,6,1.015101,244,3982,N,10,0,21
3806,7,0.981819,236,3493,N,11.6666666666667,0,21
5446,8,1.065024,256,3806,N,13.3333333333333,0,21
5994,9,1.21895325,293,5446,N,15,0,21
5398,11,1.49352975,359,5994,N,18.3333333333333,0,21
4966,12,1.45192725,349,5398,N,20,0,21
5472,13,1.84299075,443,4966,N,21.6666666666667,0,21
4387,14,0.898614,216,5472,Y,23.3333333333333,1,21
4242,15,0.9402165,226,4387,N,25,1,21
7098,16,0.91941525,221,4242,N,26.6666666666667,1,21
8427,17,0.931896,224,7098,N,28.3333333333333,1,21
7815,18,0.948537,228,8427,N,30,1,21
6124,19,0.948537,228,7815,N,31.6666666666667,1,21
7091,20,0.95269725,229,6124,N,33.3333333333333,1,21
6072,21,0.9568575,230,7091,N,35,1,21
6294,22,0.91941525,221,6072,N,36.6666666666667,1,21
7427,23,1.1731905,282,6294,N,38.3333333333333,1,21
9828,24,0.96101775,231,7427,N,40,1,21
10899,25,1.12742775,271,9828,N,41.6666666666667,1,21
8390,26,0.9568575,230,10899,N,43.3333333333333,1,21
10317,27,1.08582525,261,8390,N,45,1,21
10278,29,1.031742,248,10317,N,48.3333333333333,1,21
8785,30,1.048383,252,10278,N,50,1,21
12509,32,1.4560875,350,8785,N,53.3333333333333,1,21
11778,33,0.549153,132,12509,Y,55,2,21
13915,35,0.70308225,169,11778,N,58.3333333333333,2,21
14546,36,0.698922,168,13915,N,60,2,21
13409,37,0.81124875,195,14546,N,61.6666666666667,2,21
2656,0,1.2064725,290,NA,N,0,0,22
2277,1,1.131588,272,2656,N,1.66666666666667,0,22
2308,2,1.1399085,274,2277,N,3.33333333333333,0,22
2245,3,1.15238925,277,2308,N,5,0,22
2240,4,1.1898315,286,2245,N,6.66666666666667,0,22
2575,5,1.40200425,337,2240,N,8.33333333333333,0,22
2280,6,1.39368375,335,2575,N,10,0,22
2307,7,1.4727285,354,2280,N,11.6666666666667,0,22
4071,8,1.614177,388,2307,N,13.3333333333333,0,22
4080,9,1.68490125,405,4071,N,15,0,22
4173,10,1.5559335,374,4080,N,16.6666666666667,0,22
4061,11,1.797228,432,4173,N,18.3333333333333,0,22
4273,12,1.90955475,459,4061,N,20,0,22
4319,13,2.246535,540,4273,N,21.6666666666667,0,22
4365,14,0.76132575,183,4319,Y,23.3333333333333,1,22
4224,15,0.88613325,213,4365,N,25,1,22
7090,16,0.9901395,238,4224,N,26.6666666666667,1,22
2659,0,0.72804375,175,NA,N,0,0,23
2278,1,0.71972325,173,2659,N,1.66666666666667,0,23
2322,2,0.69476175,167,2278,N,3.33333333333333,0,23
2247,3,0.6573195,158,2322,N,5,0,23
2241,4,0.70308225,169,2247,N,6.66666666666667,0,23
2578,5,0.77796675,187,2241,N,8.33333333333333,0,23
2282,6,0.765486,184,2578,N,10,0,23
2312,7,0.83621025,201,2282,N,11.6666666666667,0,23
4072,8,0.87781275,211,2312,N,13.3333333333333,0,23
4082,9,0.88613325,213,4072,N,15,0,23
4176,10,0.9734985,234,4082,N,16.6666666666667,0,23
4062,11,1.0567035,254,4176,N,18.3333333333333,0,23
4278,12,1.01926125,245,4062,N,20,0,23
4322,13,1.33128,320,4278,N,21.6666666666667,0,23
4379,14,1.3229595,318,4322,N,23.3333333333333,0,23
4233,15,1.364562,328,4379,N,25,0,23
7095,16,1.464408,352,4233,N,26.6666666666667,0,23
8421,17,1.33128,320,7095,N,28.3333333333333,0,23
7811,18,0.70308225,169,8421,Y,30,1,23
6115,19,0.7238835,174,7811,N,31.6666666666667,1,23
7088,20,0.76964625,185,6115,N,33.3333333333333,1,23
6071,21,1.031742,248,7088,N,35,1,23
6292,22,1.0400625,250,6071,N,36.6666666666667,1,23
7283,23,0.865332,208,6292,N,38.3333333333333,1,23
9827,24,0.89445375,215,7283,N,40,1,23
10898,25,0.9901395,238,9827,N,41.6666666666667,1,23
8388,26,0.8570115,206,10898,N,43.3333333333333,1,23
10096,27,0.94437675,227,8388,N,45,1,23
8470,28,0.91941525,221,10096,N,46.6666666666667,1,23
9779,29,1.11910725,269,8470,N,48.3333333333333,1,23
8370,30,1.1565495,278,9779,N,50,1,23
12417,32,1.37704275,331,8370,N,53.3333333333333,1,23
11625,33,1.59337575,383,12417,N,55,1,23
11613,34,1.41864525,341,11625,N,56.6666666666667,1,23
13791,35,0.6739605,162,11613,Y,58.3333333333333,2,23
14430,36,0.77796675,187,13791,N,60,2,23
13161,37,0.83621025,201,14430,N,61.6666666666667,2,23
2782,0,1.13574825,273,NA,N,0,0,24
2414,1,1.14406875,275,2782,N,1.66666666666667,0,24
2413,2,1.131588,272,2414,N,3.33333333333333,0,24
2337,3,1.21063275,291,2413,N,5,0,24
2340,4,1.314639,316,2337,N,6.66666666666667,0,24
2693,5,1.431126,344,2340,N,8.33333333333333,0,24
2329,6,1.40200425,337,2693,N,10,0,24
2419,7,1.74314475,419,2329,N,11.6666666666667,0,24
4129,8,1.564254,376,2419,N,13.3333333333333,0,24
4110,9,1.64329875,395,4129,N,15,0,24
4256,10,1.6391385,394,4110,N,16.6666666666667,0,24
4257,11,1.863792,448,4256,N,18.3333333333333,0,24
4401,12,1.98443925,477,4257,N,20,0,24
4475,13,1.78474725,429,4401,N,21.6666666666667,0,24
4472,14,2.06764425,497,4475,N,23.3333333333333,0,24
4793,15,1.8887535,454,4472,N,25,0,24
7149,16,0.9568575,230,4793,Y,26.6666666666667,1,24
8622,17,1.23559425,297,7149,N,28.3333333333333,1,24
7863,18,1.2231135,294,8622,N,30,1,24
6185,19,1.381203,332,7863,N,31.6666666666667,1,24
6096,21,1.4727285,354,6185,N,35,1,24
6669,22,1.4727285,354,6096,N,36.6666666666667,1,24
7730,23,1.51849125,365,6669,N,38.3333333333333,1,24
9866,24,1.61001675,387,7730,N,40,1,24
10937,25,1.447767,348,9866,N,41.6666666666667,1,24
8453,26,1.75978575,423,10937,N,43.3333333333333,1,24
10171,27,1.15238925,277,8453,Y,45,2,24
2666,0,0.482589,116,NA,N,0,0,25
2281,1,0.52003125,125,2666,N,1.66666666666667,0,25
2339,2,0.54499275,131,2281,N,3.33333333333333,0,25
2251,3,0.42018525,101,2339,N,5,0,25
2243,4,0.37858275,91,2251,N,6.66666666666667,0,25
2587,5,0.52835175,127,2243,N,8.33333333333333,0,25
2285,6,0.482589,116,2587,N,10,0,25
2330,7,0.51171075,123,2285,N,11.6666666666667,0,25
4074,8,0.5408325,130,2330,N,13.3333333333333,0,25
4085,9,0.4742685,114,4074,N,15,0,25
4182,10,0.5408325,130,4085,N,16.6666666666667,0,25
4064,11,0.39522375,95,4182,N,18.3333333333333,0,25
4288,12,0.37026225,89,4064,N,20,0,25
4329,13,0.432666,104,4288,N,21.6666666666667,0,25
4391,14,0.32865975,79,4329,N,23.3333333333333,0,25
4243,15,0.39522375,95,4391,N,25,0,25
7100,16,0.43682625,105,4243,N,26.6666666666667,0,25
8461,17,0.4077045,98,7100,N,28.3333333333333,0,25
7816,18,0.416025,100,8461,N,30,0,25
6125,19,0.37026225,89,7816,N,31.6666666666667,0,25
7092,20,0.33282,80,6125,N,33.3333333333333,0,25
6296,22,0.42018525,101,7092,N,36.6666666666667,0,25
7431,23,0.432666,104,6296,N,38.3333333333333,0,25
9829,24,0.40354425,97,7431,N,40,0,25
10900,25,0.35362125,85,9829,N,41.6666666666667,0,25
8392,26,0.41186475,99,10900,N,43.3333333333333,0,25
10098,27,0.2912175,70,8392,N,45,0,25
3698,0,1.49769,360,NA,N,0,0,26
3789,1,1.4893695,358,3698,N,1.66666666666667,0,26
3195,2,1.6391385,394,3789,N,3.33333333333333,0,26
3407,3,0.8237295,198,3195,Y,5,1,26
3159,4,0.798768,192,3407,N,6.66666666666667,1,26
2677,0,0.7904475,190,NA,N,0,0,27
2288,1,0.69476175,167,2677,N,1.66666666666667,0,27
2351,2,0.86117175,207,2288,N,3.33333333333333,0,27
2298,3,0.83205,200,2351,N,5,0,27
2248,4,0.86117175,207,2298,N,6.66666666666667,0,27
2606,5,0.9402165,226,2248,N,8.33333333333333,0,27
2293,6,0.93605625,225,2606,N,10,0,27
2355,7,0.98597925,237,2293,N,11.6666666666667,0,27
4081,8,1.04422275,251,2355,N,13.3333333333333,0,27
4090,9,1.02758175,247,4081,N,15,0,27
4195,10,1.148229,276,4090,N,16.6666666666667,0,27
4189,11,1.16487,280,4195,N,18.3333333333333,0,27
4311,12,1.19399175,287,4189,N,20,0,27
4351,13,1.4560875,350,4311,N,21.6666666666667,0,27
4412,14,1.17735075,283,4351,N,23.3333333333333,0,27
4261,15,1.42696575,343,4412,N,25,0,27
7113,16,1.53513225,369,4261,N,26.6666666666667,0,27
8511,17,1.614177,388,7113,N,28.3333333333333,0,27
7825,18,1.74314475,419,8511,N,30,0,27
6139,19,1.5226515,366,7825,N,31.6666666666667,0,27
7104,20,0.85285125,205,6139,Y,33.3333333333333,1,27
6076,21,0.9568575,230,7104,N,35,1,27
6308,22,1.1066265,266,6076,N,36.6666666666667,1,27
7705,23,0.9568575,230,6308,N,38.3333333333333,1,27
9836,24,1.048383,252,7705,N,40,1,27
10908,25,1.0567035,254,9836,N,41.6666666666667,1,27
8416,26,1.16903025,281,10908,N,43.3333333333333,1,27
10115,27,1.181511,284,8416,N,45,1,27
8484,28,1.20231225,289,10115,N,46.6666666666667,1,27
9787,29,1.26055575,303,8484,N,48.3333333333333,1,27
8396,30,1.547613,372,9787,N,50,1,27
14822,31,NA,-1,8396,Y,51.6666666666667,2,27
3701,0,1.3229595,318,NA,N,0,0,28
3796,1,1.31879925,317,3701,N,1.66666666666667,0,28
3199,2,1.37704275,331,3796,N,3.33333333333333,0,28
3414,3,1.347921,324,3199,N,5,0,28
3191,4,0.78628725,189,3414,Y,6.66666666666667,1,28
3994,5,0.87781275,211,3191,N,8.33333333333333,1,28
3523,6,0.76132575,183,3994,N,10,1,28
3833,7,0.8570115,206,3523,N,11.6666666666667,1,28
5477,8,0.96101775,231,3833,N,13.3333333333333,1,28
6000,9,0.931896,224,5477,N,15,1,28
4933,10,0.96101775,231,6000,N,16.6666666666667,1,28
5444,11,0.91941525,221,4933,N,18.3333333333333,1,28
4997,12,0.9235755,222,5444,N,20,1,28
5558,13,1.09414575,263,4997,N,21.6666666666667,1,28
5696,14,0.89445375,215,5558,N,23.3333333333333,1,28
5675,15,0.93605625,225,5696,N,25,1,28
7584,16,0.981819,236,5675,N,26.6666666666667,1,28
9659,17,0.96933825,233,7584,N,28.3333333333333,1,28
8286,18,0.97765875,235,9659,N,30,1,28
6527,19,1.00262025,241,8286,N,31.6666666666667,1,28
7534,20,1.031742,248,6527,N,33.3333333333333,1,28
6727,21,1.231434,296,7534,N,35,1,28
6984,22,1.21063275,291,6727,N,36.6666666666667,1,28
8124,23,1.364562,328,6984,N,38.3333333333333,1,28
10310,24,1.52681175,367,8124,N,40,1,28
11215,25,1.40200425,337,10310,N,41.6666666666667,1,28
9529,26,1.43528625,345,11215,N,43.3333333333333,1,28
10883,27,0.915255,220,9529,Y,45,2,28
9182,28,0.96933825,233,10883,N,46.6666666666667,2,28
3703,0,0.86117175,207,NA,N,0,0,29
3799,1,0.848691,204,3703,N,1.66666666666667,0,29
3202,2,0.9734985,234,3799,N,3.33333333333333,0,29
3417,3,0.9235755,222,3202,N,5,0,29
3169,4,0.881973,212,3417,N,6.66666666666667,0,29
3988,5,0.965178,232,3169,N,8.33333333333333,0,29
3503,6,0.89445375,215,3988,N,10,0,29
3812,7,0.99846,240,3503,N,11.6666666666667,0,29
5461,8,1.065024,256,3812,N,13.3333333333333,0,29
5996,9,1.1232675,270,5461,N,15,0,29
4914,10,1.198152,288,5996,N,16.6666666666667,0,29
5411,11,1.09414575,263,4914,N,18.3333333333333,0,29
4976,12,1.09414575,263,5411,N,20,0,29
5486,13,1.11910725,269,4976,N,21.6666666666667,0,29
5681,14,1.1731905,282,5486,N,23.3333333333333,0,29
5657,15,1.3895235,334,5681,N,25,0,29
7574,16,1.55177325,373,5657,N,26.6666666666667,0,29
9649,17,1.647459,396,7574,N,28.3333333333333,0,29
8281,18,1.63497825,393,9649,N,30,0,29
6515,19,0.9069345,218,8281,Y,31.6666666666667,1,29
7525,20,0.81124875,195,6515,N,33.3333333333333,1,29
6605,21,0.83205,200,7525,N,35,1,29
6977,22,0.86117175,207,6605,N,36.6666666666667,1,29
8108,23,0.87781275,211,6977,N,38.3333333333333,1,29
10280,24,0.8902935,214,8108,N,40,1,29
11207,25,0.931896,224,10280,N,41.6666666666667,1,29
9509,26,0.865332,208,11207,N,43.3333333333333,1,29
10874,27,1.01926125,245,9509,N,45,1,29
3706,0,1.47688875,355,NA,N,0,0,30
3803,1,1.5725745,378,3706,N,1.66666666666667,0,30
3205,2,1.59337575,383,3803,N,3.33333333333333,0,30
3424,3,1.65161925,397,3205,N,5,0,30
3174,4,0.73636425,177,3424,Y,6.66666666666667,1,30
3990,5,0.782127,188,3174,N,8.33333333333333,1,30
3709,0,0.99429975,239,NA,N,0,0,31
3807,1,1.0400625,250,3709,N,1.66666666666667,0,31
3209,2,1.07750475,259,3807,N,3.33333333333333,0,31
3429,3,1.10246625,265,3209,N,5,0,31
3183,4,1.11078675,267,3429,N,6.66666666666667,0,31
3992,5,1.3229595,318,3183,N,8.33333333333333,0,31
3513,6,1.47688875,355,3992,N,10,0,31
3825,7,1.47688875,355,3513,N,11.6666666666667,0,31
5469,8,1.59337575,383,3825,N,13.3333333333333,0,31
5998,9,1.52681175,367,5469,N,15,0,31
4924,10,1.7223435,414,5998,N,16.6666666666667,0,31
5428,11,1.3895235,334,4924,N,18.3333333333333,0,31
4989,12,1.68490125,405,5428,N,20,0,31
5552,13,0.915255,220,4989,Y,21.6666666666667,1,31
5691,14,0.85285125,205,5552,N,23.3333333333333,1,31
5668,15,0.8736525,210,5691,N,25,1,31
7580,16,0.898614,216,5668,N,26.6666666666667,1,31
9655,17,0.81956925,197,7580,N,28.3333333333333,1,31
8284,18,0.798768,192,9655,N,30,1,31
6520,19,1.03590225,249,8284,N,31.6666666666667,1,31
7530,20,1.1232675,270,6520,N,33.3333333333333,1,31
6710,21,1.114947,268,7530,N,35,1,31
6980,22,1.2064725,290,6710,N,36.6666666666667,1,31
8116,23,1.5559335,374,6980,N,38.3333333333333,1,31
10298,24,1.56841425,377,8116,N,40,1,31
11211,25,1.55177325,373,10298,N,41.6666666666667,1,31
9517,26,0.73636425,177,11211,Y,43.3333333333333,2,31
10877,27,0.91109475,219,9517,N,45,2,31
3712,0,0.71140275,171,NA,N,0,0,32
3811,1,0.79460775,191,3712,N,1.66666666666667,0,32
3211,2,0.848691,204,3811,N,3.33333333333333,0,32
3434,3,0.80292825,193,3211,N,5,0,32
3186,4,0.80292825,193,3434,N,6.66666666666667,0,32
3993,5,0.83205,200,3186,N,8.33333333333333,0,32
3518,6,0.81956925,197,3993,N,10,0,32
3829,7,0.8902935,214,3518,N,11.6666666666667,0,32
5473,8,0.86117175,207,3829,N,13.3333333333333,0,32
5999,9,0.9734985,234,5473,N,15,0,32
4929,10,0.95269725,229,5999,N,16.6666666666667,0,32
5438,11,1.065024,256,4929,N,18.3333333333333,0,32
4994,12,1.098306,264,5438,N,20,0,32
5555,13,1.16487,280,4994,N,21.6666666666667,0,32
5694,14,1.19399175,287,5555,N,23.3333333333333,0,32
5671,15,1.198152,288,5694,N,25,0,32
7582,16,1.19399175,287,5671,N,26.6666666666667,0,32
9657,17,1.1731905,282,7582,N,28.3333333333333,0,32
8285,18,1.447767,348,9657,N,30,0,32
6524,19,1.46024775,351,8285,N,31.6666666666667,0,32
7532,20,1.564254,376,6524,N,33.3333333333333,0,32
6721,21,0.748845,180,7532,Y,35,1,32
6981,22,0.86117175,207,6721,N,36.6666666666667,1,32
8118,23,0.8403705,202,6981,N,38.3333333333333,1,32
10303,24,0.86117175,207,8118,N,40,1,32
11212,25,0.99429975,239,10303,N,41.6666666666667,1,32
9523,26,1.0567035,254,11212,N,43.3333333333333,1,32
10880,27,1.0899855,262,9523,N,45,1,32
3717,0,0.71140275,171,NA,N,0,0,33
3817,1,0.6739605,162,3717,N,1.66666666666667,0,33
3215,2,0.782127,188,3817,N,3.33333333333333,0,33
3444,3,0.6906015,166,3215,N,5,0,33
3198,4,0.7571655,182,3444,N,6.66666666666667,0,33
3996,5,0.85285125,205,3198,N,8.33333333333333,0,33
3539,6,0.85285125,205,3996,N,10,0,33
3840,7,0.881973,212,3539,N,11.6666666666667,0,33
5497,8,0.965178,232,3840,N,13.3333333333333,0,33
6003,9,0.981819,236,5497,N,15,0,33
4949,10,1.01094075,243,6003,N,16.6666666666667,0,33
5467,11,1.0067805,242,4949,N,18.3333333333333,0,33
5018,12,1.06086375,255,5467,N,20,0,33
5569,13,1.2730365,306,5018,N,21.6666666666667,0,33
5704,14,1.2231135,294,5569,N,23.3333333333333,0,33
5689,15,1.2231135,294,5704,N,25,0,33
7592,16,1.36872225,329,5689,N,26.6666666666667,0,33
9666,17,1.597536,384,7592,N,28.3333333333333,0,33
8291,18,1.51017075,363,9666,N,30,0,33
6544,19,1.647459,396,8291,N,31.6666666666667,0,33
7545,20,0.91941525,221,6544,Y,33.3333333333333,1,33
6741,21,0.881973,212,7545,N,35,1,33
6990,22,1.01926125,245,6741,N,36.6666666666667,1,33
8137,23,1.031742,248,6990,N,38.3333333333333,1,33
2696,0,0.78628725,189,NA,N,0,0,34
2290,1,0.7738065,186,2696,N,1.66666666666667,0,34
2352,2,0.7904475,190,2290,N,3.33333333333333,0,34
2302,3,0.8070885,194,2352,N,5,0,34
2250,4,0.83621025,201,2302,N,6.66666666666667,0,34
2613,5,0.865332,208,2250,N,8.33333333333333,0,34
2295,6,0.9235755,222,2613,N,10,0,34
2357,7,0.798768,192,2295,N,11.6666666666667,0,34
4083,8,0.86949225,209,2357,N,13.3333333333333,0,34
4091,9,0.815409,196,4083,N,15,0,34
4199,10,0.881973,212,4091,N,16.6666666666667,0,34
4193,11,0.91941525,221,4199,N,18.3333333333333,0,34
4316,12,0.9402165,226,4193,N,20,0,34
4355,13,1.11910725,269,4316,N,21.6666666666667,0,34
4421,14,1.031742,248,4355,N,23.3333333333333,0,34
4264,15,1.02758175,247,4421,N,25,0,34
7116,16,1.0400625,250,4264,N,26.6666666666667,0,34
8514,17,1.05254325,253,7116,N,28.3333333333333,0,34
7826,18,1.148229,276,8514,N,30,0,34
6141,19,1.1731905,282,7826,N,31.6666666666667,0,34
7105,20,1.33128,320,6141,N,33.3333333333333,0,34
6077,21,1.39368375,335,7105,N,35,0,34
6310,22,1.52681175,367,6077,N,36.6666666666667,0,34
7706,23,1.56841425,377,6310,N,38.3333333333333,0,34
9837,24,1.6224975,390,7706,N,40,0,34
10909,25,1.597536,384,9837,N,41.6666666666667,0,34
8420,26,1.61001675,387,10909,N,43.3333333333333,0,34
10117,27,1.963638,472,8420,N,45,0,34
3720,0,0.9235755,222,NA,N,0,0,35
3821,1,0.86949225,209,3720,N,1.66666666666667,0,35
3218,2,1.02758175,247,3821,N,3.33333333333333,0,35
3449,3,1.0567035,254,3218,N,5,0,35
3200,4,1.05254325,253,3449,N,6.66666666666667,0,35
3997,5,1.16070975,279,3200,N,8.33333333333333,0,35
3544,6,1.13574825,273,3997,N,10,0,35
3857,7,1.148229,276,3544,N,11.6666666666667,0,35
5506,8,1.2231135,294,3857,N,13.3333333333333,0,35
6005,9,1.37704275,331,5506,N,15,0,35
4963,10,1.580895,380,6005,N,16.6666666666667,0,35
5484,11,1.381203,332,4963,N,18.3333333333333,0,35
5024,12,1.49769,360,5484,N,20,0,35
5572,13,1.67658075,403,5024,N,21.6666666666667,0,35
5716,14,1.6890615,406,5572,N,23.3333333333333,0,35
5692,15,1.83467025,441,5716,N,25,0,35
7595,16,1.5892155,382,5692,N,26.6666666666667,0,35
9671,17,0.90277425,217,7595,Y,28.3333333333333,1,35
8294,18,0.83205,200,9671,N,30,1,35
3724,0,0.81124875,195,NA,N,0,0,36
3824,1,0.8237295,198,3724,N,1.66666666666667,0,36
3223,2,0.7904475,190,3824,N,3.33333333333333,0,36
3454,3,0.8070885,194,3223,N,5,0,36
3203,4,0.7738065,186,3454,N,6.66666666666667,0,36
3998,5,0.8237295,198,3203,N,8.33333333333333,0,36
3546,6,0.80292825,193,3998,N,10,0,36
3859,7,0.82788975,199,3546,N,11.6666666666667,0,36
5510,8,0.86949225,209,3859,N,13.3333333333333,0,36
6006,9,0.8570115,206,5510,N,15,0,36
4967,10,0.798768,192,6006,N,16.6666666666667,0,36
5487,11,0.85285125,205,4967,N,18.3333333333333,0,36
5027,12,0.94437675,227,5487,N,20,0,36
5575,13,1.06918425,257,5027,N,21.6666666666667,0,36
5721,14,1.03590225,249,5575,N,23.3333333333333,0,36
5782,15,0.981819,236,5721,N,25,0,36
7597,16,0.99429975,239,5782,N,26.6666666666667,0,36
9672,17,1.148229,276,7597,N,28.3333333333333,0,36
8295,18,1.098306,264,9672,N,30,0,36
6547,19,1.11910725,269,8295,N,31.6666666666667,0,36
7551,20,0.66980025,161,6547,Y,33.3333333333333,1,36
7072,22,0.80292825,193,7551,N,36.6666666666667,1,36
8280,23,0.71140275,171,7072,N,38.3333333333333,1,36
2701,0,1.18567125,285,NA,N,0,0,37
2294,1,1.4061645,338,2701,N,1.66666666666667,0,37
2354,2,1.4560875,350,2294,N,3.33333333333333,0,37
2305,3,1.397844,336,2354,N,5,0,37
2252,4,1.4061645,338,2305,N,6.66666666666667,0,37
2615,5,1.72650375,415,2252,N,8.33333333333333,0,37
2297,6,0.765486,184,2615,Y,10,1,37
3728,0,0.6739605,162,NA,N,0,0,38
3831,1,0.798768,192,3728,N,1.66666666666667,0,38
3231,2,0.8902935,214,3831,N,3.33333333333333,0,38
3468,3,0.798768,192,3231,N,5,0,38
3210,4,0.86117175,207,3468,N,6.66666666666667,0,38
4000,5,0.8902935,214,3210,N,8.33333333333333,0,38
3561,6,0.94437675,227,4000,N,10,0,38
3865,7,1.10246625,265,3561,N,11.6666666666667,0,38
5516,8,0.96933825,233,3865,N,13.3333333333333,0,38
6008,9,1.13574825,273,5516,N,15,0,38
4979,10,1.15238925,277,6008,N,16.6666666666667,0,38
5493,11,1.3063185,314,4979,N,18.3333333333333,0,38
5035,12,1.36872225,329,5493,N,20,0,38
5582,13,1.44360675,347,5035,N,21.6666666666667,0,38
5730,14,1.61001675,387,5582,N,23.3333333333333,0,38
5785,15,0.732204,176,5730,Y,25,1,38
7601,16,0.83205,200,5785,N,26.6666666666667,1,38
9675,17,0.8902935,214,7601,N,28.3333333333333,1,38
8297,18,0.8902935,214,9675,N,30,1,38
6551,19,0.9568575,230,8297,N,31.6666666666667,1,38
7557,20,0.965178,232,6551,N,33.3333333333333,1,38
6751,21,0.8736525,210,7557,N,35,1,38
6997,22,0.89445375,215,6751,N,36.6666666666667,1,38
8153,23,1.0067805,242,6997,N,38.3333333333333,1,38
10375,24,0.98597925,237,8153,N,40,1,38
11230,25,0.9402165,226,10375,N,41.6666666666667,1,38
9572,26,1.06918425,257,11230,N,43.3333333333333,1,38
11317,27,1.14406875,275,9572,N,45,1,38
9224,28,1.2896775,310,11317,N,46.6666666666667,1,38
10695,29,1.23559425,297,9224,N,48.3333333333333,1,38
9401,30,1.597536,384,10695,N,50,1,38
12626,32,1.5226515,366,9401,N,53.3333333333333,1,38
12173,33,0.8237295,198,12626,Y,55,2,38
12318,34,0.8736525,210,12173,N,56.6666666666667,2,38
14101,35,0.86117175,207,12318,N,58.3333333333333,2,38
14673,36,0.881973,212,14101,N,60,2,38
13670,37,0.881973,212,14673,N,61.6666666666667,2,38
3730,0,0.8403705,202,NA,N,0,0,39
3835,1,0.948537,228,3730,N,1.66666666666667,0,39
3315,2,0.898614,216,3835,N,3.33333333333333,0,39
3473,3,1.048383,252,3315,N,5,0,39
3217,4,1.11910725,269,3473,N,6.66666666666667,0,39
4002,5,1.264716,304,3217,N,8.33333333333333,0,39
3569,6,1.29383775,311,4002,N,10,0,39
3872,7,1.30215825,313,3569,N,11.6666666666667,0,39
5528,8,1.40200425,337,3872,N,13.3333333333333,0,39
6010,9,1.5725745,378,5528,N,15,0,39
4990,10,1.39368375,335,6010,N,16.6666666666667,0,39
5505,11,1.597536,384,4990,N,18.3333333333333,0,39
5046,12,1.6391385,394,5505,N,20,0,39
5589,13,1.3895235,334,5046,N,21.6666666666667,0,39
5735,14,1.763946,424,5589,N,23.3333333333333,0,39
5789,15,0.91941525,221,5735,Y,25,1,39
7606,16,0.83621025,201,5789,N,26.6666666666667,1,39
2707,0,0.898614,216,NA,N,0,0,40
2296,1,0.90277425,217,2707,N,1.66666666666667,0,40
2356,2,0.96101775,231,2296,N,3.33333333333333,0,40
2309,3,0.92773575,223,2356,N,5,0,40
2253,4,0.965178,232,2309,N,6.66666666666667,0,40
2621,5,0.865332,208,2253,N,8.33333333333333,0,40
2303,6,0.948537,228,2621,N,10,0,40
2361,7,0.98597925,237,2303,N,11.6666666666667,0,40
4096,8,1.06918425,257,2361,N,13.3333333333333,0,40
4094,9,1.0567035,254,4096,N,15,0,40
4210,10,1.14406875,275,4094,N,16.6666666666667,0,40
4204,11,1.1399085,274,4210,N,18.3333333333333,0,40
4327,12,1.16903025,281,4204,N,20,0,40
4368,13,1.2730365,306,4327,N,21.6666666666667,0,40
4430,14,1.31879925,317,4368,N,23.3333333333333,0,40
4276,15,1.32711975,319,4430,N,25,0,40
7123,16,1.41864525,341,4276,N,26.6666666666667,0,40
8522,17,1.5392925,370,7123,N,28.3333333333333,0,40
7832,18,1.780587,428,8522,N,30,0,40
6148,19,1.66826025,401,7832,N,31.6666666666667,0,40
7110,20,1.85963175,447,6148,N,33.3333333333333,0,40
6080,21,0.89445375,215,7110,Y,35,1,40
6319,22,0.9069345,218,6080,N,36.6666666666667,1,40
7711,23,0.91109475,219,6319,N,38.3333333333333,1,40
9843,24,0.93605625,225,7711,N,40,1,40
10913,25,0.9568575,230,9843,N,41.6666666666667,1,40
8431,26,0.96101775,231,10913,N,43.3333333333333,1,40
10125,27,0.96933825,233,8431,N,45,1,40
8489,28,1.131588,272,10125,N,46.6666666666667,1,40
9792,29,1.14406875,275,8489,N,48.3333333333333,1,40
8419,30,1.16903025,281,9792,N,50,1,40
12435,32,1.26055575,303,8419,N,53.3333333333333,1,40
11650,33,1.414485,340,12435,N,55,1,40
11669,34,1.3895235,334,11650,N,56.6666666666667,1,40
13224,35,0.765486,184,11669,Y,58.3333333333333,2,40
14017,36,0.7738065,186,13224,N,60,2,40
12842,37,0.7904475,190,14017,N,61.6666666666667,2,40
3734,0,0.698922,168,NA,N,0,0,41
3843,1,0.83621025,201,3734,N,1.66666666666667,0,41
3324,2,0.9568575,230,3843,N,3.33333333333333,0,41
3483,3,0.82788975,199,3324,N,5,0,41
3224,4,0.97765875,235,3483,N,6.66666666666667,0,41
4003,5,0.99429975,239,3224,N,8.33333333333333,0,41
3572,6,0.90277425,217,4003,N,10,0,41
3874,7,1.01926125,245,3572,N,11.6666666666667,0,41
5537,8,0.9069345,218,3874,N,13.3333333333333,0,41
6011,9,1.01094075,243,5537,N,15,0,41
4998,10,1.24391475,299,6011,N,16.6666666666667,0,41
3735,0,0.7904475,190,NA,N,0,0,42
3844,1,0.76132575,183,3735,N,1.66666666666667,0,42
3328,2,0.8736525,210,3844,N,3.33333333333333,0,42
3486,3,0.765486,184,3328,N,5,0,42
3228,4,0.815409,196,3486,N,6.66666666666667,0,42
4004,5,0.91941525,221,3228,N,8.33333333333333,0,42
3575,6,0.815409,196,4004,N,10,0,42
3877,7,0.81956925,197,3575,N,11.6666666666667,0,42
5545,8,0.88613325,213,3877,N,13.3333333333333,0,42
6012,9,0.81956925,197,5545,N,15,0,42
5003,10,0.9568575,230,6012,N,16.6666666666667,0,42
5508,11,0.848691,204,5003,N,18.3333333333333,0,42
5052,12,0.89445375,215,5508,N,20,0,42
5593,13,1.281357,308,5052,N,21.6666666666667,0,42
5740,14,0.7738065,186,5593,N,23.3333333333333,0,42
5795,15,0.9069345,218,5740,N,25,0,42
7609,16,0.99846,240,5795,N,26.6666666666667,0,42
9680,17,1.048383,252,7609,N,28.3333333333333,0,42
8300,18,0.9402165,226,9680,N,30,0,42
6557,19,0.96933825,233,8300,N,31.6666666666667,0,42
7562,20,0.8736525,210,6557,N,33.3333333333333,0,42
6756,21,1.11078675,267,7562,N,35,0,42
7000,22,1.264716,304,6756,N,36.6666666666667,0,42
8158,23,1.07750475,259,7000,N,38.3333333333333,0,42
10381,24,1.16903025,281,8158,N,40,0,42
11232,25,1.19399175,287,10381,N,41.6666666666667,0,42
9576,26,1.3063185,314,11232,N,43.3333333333333,0,42
11319,27,1.30215825,313,9576,N,45,0,42
9231,28,1.3063185,314,11319,N,46.6666666666667,0,42
10696,29,1.530972,368,9231,N,48.3333333333333,0,42
9403,30,1.48520925,357,10696,N,50,0,42
11506,31,1.4893695,358,9403,N,51.6666666666667,0,42
12716,32,0.75300525,181,11506,Y,53.3333333333333,1,42
12178,33,0.71972325,173,12716,N,55,1,42
12320,34,0.78628725,189,12178,N,56.6666666666667,1,42
14109,35,0.81956925,197,12320,N,58.3333333333333,1,42
14676,36,0.915255,220,14109,N,60,1,42
13676,37,0.87781275,211,14676,N,61.6666666666667,1,42
2712,0,0.965178,232,NA,N,0,0,43
2344,1,0.89445375,215,2712,N,1.66666666666667,0,43
2358,2,0.92773575,223,2344,N,3.33333333333333,0,43
2311,3,1.0567035,254,2358,N,5,0,43
2254,4,0.96101775,231,2311,N,6.66666666666667,0,43
2638,5,1.07750475,259,2254,N,8.33333333333333,0,43
2306,6,1.264716,304,2638,N,10,0,43
2364,7,1.1565495,278,2306,N,11.6666666666667,0,43
4098,8,1.31047875,315,2364,N,13.3333333333333,0,43
4095,9,1.46856825,353,4098,N,15,0,43
4214,10,1.2730365,306,4095,N,16.6666666666667,0,43
4211,11,1.49352975,359,4214,N,18.3333333333333,0,43
4340,12,1.61001675,387,4211,N,20,0,43
4372,13,1.80970875,435,4340,N,21.6666666666667,0,43
4434,14,1.57673475,379,4372,N,23.3333333333333,0,43
4281,15,1.630818,392,4434,N,25,0,43
7125,16,1.71818325,413,4281,N,26.6666666666667,0,43
8525,17,0.815409,196,7125,Y,28.3333333333333,1,43
3736,0,0.86117175,207,NA,N,0,0,44
3846,1,0.78628725,189,3736,N,1.66666666666667,0,44
3333,2,0.83205,200,3846,N,3.33333333333333,0,44
3490,3,0.765486,184,3333,N,5,0,44
3233,4,0.81124875,195,3490,N,6.66666666666667,0,44
4005,5,1.01094075,243,3233,N,8.33333333333333,0,44
3577,6,0.8237295,198,4005,N,10,0,44
3880,7,0.7738065,186,3577,N,11.6666666666667,0,44
5695,8,0.91941525,221,3880,N,13.3333333333333,0,44
6013,9,0.80292825,193,5695,N,15,0,44
5009,10,0.965178,232,6013,N,16.6666666666667,0,44
5513,11,0.81956925,197,5009,N,18.3333333333333,0,44
5054,12,0.8403705,202,5513,N,20,0,44
5596,13,1.114947,268,5054,N,21.6666666666667,0,44
5744,14,0.74468475,179,5596,N,23.3333333333333,0,44
5798,15,0.7571655,182,5744,N,25,0,44
7611,16,0.8570115,206,5798,N,26.6666666666667,0,44
9682,17,0.87781275,211,7611,N,28.3333333333333,0,44
8301,18,0.84453075,203,9682,N,30,0,44
6558,19,0.765486,184,8301,N,31.6666666666667,0,44
7566,20,0.79460775,191,6558,N,33.3333333333333,0,44
6758,21,1.06086375,255,7566,N,35,0,44
7001,22,1.048383,252,6758,N,36.6666666666667,0,44
8160,23,0.7738065,186,7001,N,38.3333333333333,0,44
10383,24,0.91109475,219,8160,N,40,0,44
11233,25,0.74468475,179,10383,N,41.6666666666667,0,44
9578,26,0.82788975,199,11233,N,43.3333333333333,0,44
11320,27,0.798768,192,9578,N,45,0,44
9233,28,0.748845,180,11320,N,46.6666666666667,0,44
10697,29,0.732204,176,9233,N,48.3333333333333,0,44
9405,30,0.75300525,181,10697,N,50,0,44
11507,31,0.66147975,159,9405,N,51.6666666666667,0,44
12717,32,0.68644125,165,11507,N,53.3333333333333,0,44
12180,33,0.72804375,175,12717,N,55,0,44
12321,34,0.70308225,169,12180,N,56.6666666666667,0,44
14110,35,0.70308225,169,12321,N,58.3333333333333,0,44
14677,36,0.698922,168,14110,N,60,0,44
13678,37,0.698922,168,14677,N,61.6666666666667,0,44
3738,0,1.01094075,243,NA,N,0,0,45
3850,1,0.931896,224,3738,N,1.66666666666667,0,45
3347,2,0.94437675,227,3850,N,3.33333333333333,0,45
3501,3,1.00262025,241,3347,N,5,0,45
3239,4,1.01094075,243,3501,N,6.66666666666667,0,45
4006,5,1.27719675,307,3239,N,8.33333333333333,0,45
3579,6,1.264716,304,4006,N,10,0,45
3887,7,1.41032475,339,3579,N,11.6666666666667,0,45
5697,8,1.42696575,343,3887,N,13.3333333333333,0,45
6014,9,1.547613,372,5697,N,15,0,45
5080,10,0.8237295,198,6014,Y,16.6666666666667,1,45
5562,11,0.7904475,190,5080,N,18.3333333333333,1,45
5128,12,0.8570115,206,5562,N,20,1,45
5646,13,1.06918425,257,5128,N,21.6666666666667,1,45
5779,14,0.9069345,218,5646,N,23.3333333333333,1,45
5828,15,0.95269725,229,5779,N,25,1,45
7641,16,0.9568575,230,5828,N,26.6666666666667,1,45
9701,17,1.02758175,247,7641,N,28.3333333333333,1,45
8316,18,1.065024,256,9701,N,30,1,45
6610,19,0.9568575,230,8316,N,31.6666666666667,1,45
7593,20,1.02758175,247,6610,N,33.3333333333333,1,45
6794,21,1.31879925,317,7593,N,35,1,45
7019,22,1.281357,308,6794,N,36.6666666666667,1,45
8191,23,1.53513225,369,7019,N,38.3333333333333,1,45
10472,24,1.547613,372,8191,N,40,1,45
11251,25,1.614177,388,10472,N,41.6666666666667,1,45
11340,27,1.41032475,339,11251,N,45,1,45
9279,28,0.7405245,178,11340,Y,46.6666666666667,2,45
10717,29,0.715563,172,9279,N,48.3333333333333,2,45
9447,30,0.78628725,189,10717,N,50,2,45
11533,31,0.7405245,178,9447,N,51.6666666666667,2,45
12745,32,0.8570115,206,11533,N,53.3333333333333,2,45
12218,33,0.98597925,237,12745,N,55,2,45
12349,34,1.01926125,245,12218,N,56.6666666666667,2,45
13685,35,1.114947,268,12349,N,58.3333333333333,2,45
14373,36,1.148229,276,13685,N,60,2,45
3739,0,0.682281,164,NA,N,0,0,46
3853,1,0.7072425,170,3739,N,1.66666666666667,0,46
3351,2,0.74468475,179,3853,N,3.33333333333333,0,46
3504,3,0.6739605,162,3351,N,5,0,46
3242,4,0.6739605,162,3504,N,6.66666666666667,0,46
4007,5,0.74468475,179,3242,N,8.33333333333333,0,46
5699,8,0.62819775,151,4007,N,13.3333333333333,0,46
6015,9,0.632358,152,5699,N,15,0,46
5014,10,0.76132575,183,6015,N,16.6666666666667,0,46
5517,11,0.565794,136,5014,N,18.3333333333333,0,46
5059,12,0.67812075,163,5517,N,20,0,46
5598,13,0.87781275,211,5059,N,21.6666666666667,0,46
5745,14,0.615717,148,5598,N,23.3333333333333,0,46
5800,15,0.71140275,171,5745,N,25,0,46
7613,16,0.75300525,181,5800,N,26.6666666666667,0,46
9684,17,0.75300525,181,7613,N,28.3333333333333,0,46
8302,18,0.71140275,171,9684,N,30,0,46
6561,19,0.682281,164,8302,N,31.6666666666667,0,46
7567,20,0.62819775,151,6561,N,33.3333333333333,0,46
6760,21,0.8403705,202,7567,N,35,0,46
7002,22,0.88613325,213,6760,N,36.6666666666667,0,46
8162,23,0.632358,152,7002,N,38.3333333333333,0,46
10385,24,0.69476175,167,8162,N,40,0,46
11234,25,0.62819775,151,10385,N,41.6666666666667,0,46
9580,26,0.6739605,162,11234,N,43.3333333333333,0,46
11321,27,0.66147975,159,9580,N,45,0,46
9236,28,0.66980025,161,11321,N,46.6666666666667,0,46
10699,29,0.68644125,165,9236,N,48.3333333333333,0,46
9406,30,0.6739605,162,10699,N,50,0,46
12719,32,0.62819775,151,9406,N,53.3333333333333,0,46
12182,33,0.62819775,151,12719,N,55,0,46
12322,34,0.682281,164,12182,N,56.6666666666667,0,46
14678,36,0.69476175,167,12322,N,60,0,46
13680,37,0.66980025,161,14678,N,61.6666666666667,0,46
3740,0,1.630818,392,NA,N,0,0,47
3858,1,0.70308225,169,3740,Y,1.66666666666667,1,47
3357,2,0.881973,212,3858,N,3.33333333333333,1,47
3511,3,0.798768,192,3357,N,5,1,47
3246,4,0.865332,208,3511,N,6.66666666666667,1,47
4008,5,0.8902935,214,3246,N,8.33333333333333,1,47
3581,6,1.06086375,255,4008,N,10,1,47
3890,7,1.00262025,241,3581,N,11.6666666666667,1,47
5701,8,0.9901395,238,3890,N,13.3333333333333,1,47
6016,9,1.08582525,261,5701,N,15,1,47
5020,10,1.1066265,266,6016,N,16.6666666666667,1,47
5520,11,1.05254325,253,5020,N,18.3333333333333,1,47
5064,12,1.181511,284,5520,N,20,1,47
5602,13,1.37704275,331,5064,N,21.6666666666667,1,47
5747,14,1.2896775,310,5602,N,23.3333333333333,1,47
5803,15,1.31879925,317,5747,N,25,1,47
7615,16,1.36872225,329,5803,N,26.6666666666667,1,47
9686,17,1.4727285,354,7615,N,28.3333333333333,1,47
8303,18,1.50185025,361,9686,N,30,1,47
6563,19,1.6058565,386,8303,N,31.6666666666667,1,47
7569,20,1.69322175,407,6563,N,33.3333333333333,1,47
6762,21,1.94283675,467,7569,N,35,1,47
7003,22,2.063484,496,6762,N,36.6666666666667,1,47
8165,23,0.931896,224,7003,Y,38.3333333333333,2,47
10391,24,0.91941525,221,8165,N,40,2,47
11236,25,0.96933825,233,10391,N,41.6666666666667,2,47
9582,26,1.06086375,255,11236,N,43.3333333333333,2,47
11323,27,1.0067805,242,9582,N,45,2,47
9241,28,1.5060105,362,11323,N,46.6666666666667,2,47
10700,29,1.38536325,333,9241,N,48.3333333333333,2,47
9408,30,1.51849125,365,10700,N,50,2,47
11511,31,1.847151,444,9408,N,51.6666666666667,2,47
12720,32,0.83621025,201,11511,Y,53.3333333333333,3,47
3741,0,1.16070975,279,NA,N,0,0,48
3861,1,1.297998,312,3741,N,1.66666666666667,0,48
3363,2,1.2397545,298,3861,N,3.33333333333333,0,48
3516,3,1.297998,312,3363,N,5,0,48
3249,4,1.4061645,338,3516,N,6.66666666666667,0,48
4009,5,1.5559335,374,3249,N,8.33333333333333,0,48
3583,6,1.64329875,395,4009,N,10,0,48
3898,7,1.33128,320,3583,N,11.6666666666667,0,48
5706,8,1.61833725,389,3898,N,13.3333333333333,0,48
6019,9,0.748845,180,5706,Y,15,1,48
5034,10,0.81956925,197,6019,N,16.6666666666667,1,48
5531,11,1.05254325,253,5034,N,18.3333333333333,1,48
5073,12,0.98597925,237,5531,N,20,1,48
5610,13,1.25223525,301,5073,N,21.6666666666667,1,48
5752,14,1.01094075,243,5610,N,23.3333333333333,1,48
5806,15,1.06918425,257,5752,N,25,1,48
7620,16,1.3396005,322,5806,N,26.6666666666667,1,48
9690,17,1.214793,292,7620,N,28.3333333333333,1,48
8305,18,1.13574825,273,9690,N,30,1,48
6567,19,1.20231225,289,8305,N,31.6666666666667,1,48
7573,20,1.31047875,315,6567,N,33.3333333333333,1,48
6766,21,1.60169625,385,7573,N,35,1,48
7006,22,1.9885995,478,6766,N,36.6666666666667,1,48
8171,23,1.7057025,410,7006,N,38.3333333333333,1,48
10400,24,1.630818,392,8171,N,40,1,48
14877,25,NA,-1,10400,Y,41.6666666666667,2,48
3745,0,0.9402165,226,NA,N,0,0,49
3866,1,1.01926125,245,3745,N,1.66666666666667,0,49
3374,2,1.0067805,242,3866,N,3.33333333333333,0,49
3527,3,1.0567035,254,3374,N,5,0,49
3257,4,1.14406875,275,3527,N,6.66666666666667,0,49
4010,5,1.0733445,258,3257,N,8.33333333333333,0,49
3585,6,1.24391475,299,4010,N,10,0,49
3903,7,1.2563955,302,3585,N,11.6666666666667,0,49
5708,8,1.2896775,310,3903,N,13.3333333333333,0,49
6020,9,1.46024775,351,5708,N,15,0,49
5039,10,1.47688875,355,6020,N,16.6666666666667,0,49
5535,11,1.647459,396,5039,N,18.3333333333333,0,49
5079,12,1.69322175,407,5535,N,20,0,49
5613,13,0.965178,232,5079,Y,21.6666666666667,1,49
5754,14,0.765486,184,5613,N,23.3333333333333,1,49
3746,0,0.7738065,186,NA,N,0,0,50
3869,1,0.76132575,183,3746,N,1.66666666666667,0,50
3379,2,0.8237295,198,3869,N,3.33333333333333,0,50
3532,3,0.81124875,195,3379,N,5,0,50
3260,4,0.815409,196,3532,N,6.66666666666667,0,50
4011,5,0.865332,208,3260,N,8.33333333333333,0,50
3587,6,0.81956925,197,4011,N,10,0,50
3905,7,0.881973,212,3587,N,11.6666666666667,0,50
5709,8,0.90277425,217,3905,N,13.3333333333333,0,50
6021,9,0.9901395,238,5709,N,15,0,50
5044,10,1.0400625,250,6021,N,16.6666666666667,0,50
5539,11,1.01926125,245,5044,N,18.3333333333333,0,50
5086,12,1.07750475,259,5539,N,20,0,50
5620,13,1.264716,304,5086,N,21.6666666666667,0,50
5759,14,1.2397545,298,5620,N,23.3333333333333,0,50
5811,15,1.35208125,325,5759,N,25,0,50
7625,16,1.38536325,333,5811,N,26.6666666666667,0,50
9694,17,1.34376075,323,7625,N,28.3333333333333,0,50
8308,18,1.41032475,339,9694,N,30,0,50
6572,19,1.4228055,342,8308,N,31.6666666666667,0,50
7577,20,1.614177,388,6572,N,33.3333333333333,0,50
6779,21,1.59337575,383,7577,N,35,0,50
7009,22,1.69322175,407,6779,N,36.6666666666667,0,50
8177,23,1.71818325,413,7009,N,38.3333333333333,0,50
10407,24,1.95947775,471,8177,N,40,0,50
11241,25,1.82634975,439,10407,N,41.6666666666667,0,50
9586,26,1.99275975,479,11241,N,43.3333333333333,0,50
11329,27,2.196612,528,9586,N,45,0,50
9257,28,2.2548555,542,11329,N,46.6666666666667,0,50
10707,29,2.35886175,567,9257,N,48.3333333333333,0,50
9423,30,2.39214375,575,10707,N,50,0,50
11525,31,2.4379065,586,9423,N,51.6666666666667,0,50
12732,32,2.60847675,627,11525,N,53.3333333333333,0,50
12197,33,2.5044705,602,12732,N,55,0,50
12333,34,1.16070975,279,12197,Y,56.6666666666667,1,50
13665,35,1.297998,312,12333,N,58.3333333333333,1,50
14358,36,1.33544025,321,13665,N,60,1,50
13080,37,1.2730365,306,14358,N,61.6666666666667,1,50
2723,0,1.38536325,333,NA,N,0,0,51
2369,1,1.5559335,374,2723,N,1.66666666666667,0,51
2365,2,1.347921,324,2369,N,3.33333333333333,0,51
2316,3,1.3063185,314,2365,N,5,0,51
2258,4,1.6224975,390,2316,N,6.66666666666667,0,51
2653,5,1.863792,448,2258,N,8.33333333333333,0,51
2315,6,0.86949225,209,2653,Y,10,1,51
2376,7,0.7738065,186,2315,N,11.6666666666667,1,51
4107,8,0.7738065,186,2376,N,13.3333333333333,1,51
4100,9,0.84453075,203,4107,N,15,1,51
4228,10,0.9402165,226,4100,N,16.6666666666667,1,51
4220,11,0.95269725,229,4228,N,18.3333333333333,1,51
4348,12,0.90277425,217,4220,N,20,1,51
4381,13,0.93605625,225,4348,N,21.6666666666667,1,51
4440,14,0.92773575,223,4381,N,23.3333333333333,1,51
4289,15,0.9069345,218,4440,N,25,1,51
7129,16,0.91941525,221,4289,N,26.6666666666667,1,51
8529,17,0.88613325,213,7129,N,28.3333333333333,1,51
7839,18,0.93605625,225,8529,N,30,1,51
6155,19,1.07750475,259,7839,N,31.6666666666667,1,51
7117,20,0.91109475,219,6155,N,33.3333333333333,1,51
6083,21,1.22727375,295,7117,N,35,1,51
6328,22,1.26055575,303,6083,N,36.6666666666667,1,51
7715,23,1.3562415,326,6328,N,38.3333333333333,1,51
9848,24,1.52681175,367,7715,N,40,1,51
10919,25,0.76132575,183,9848,Y,41.6666666666667,2,51
8437,26,0.81124875,195,10919,N,43.3333333333333,2,51
10134,27,0.79460775,191,8437,N,45,2,51
8492,28,0.85285125,205,10134,N,46.6666666666667,2,51
9794,29,0.865332,208,8492,N,48.3333333333333,2,51
8424,30,0.898614,216,9794,N,50,2,51
11431,31,0.9235755,222,8424,N,51.6666666666667,2,51
12438,32,0.86117175,207,11431,N,53.3333333333333,2,51
11654,33,0.9402165,226,12438,N,55,2,51
11689,34,1.11078675,267,11654,N,56.6666666666667,2,51
13207,35,1.07750475,259,11689,N,58.3333333333333,2,51
13994,36,1.1898315,286,13207,N,60,2,51
12833,37,1.198152,288,13994,N,61.6666666666667,2,51
3747,0,0.7904475,190,NA,N,0,0,52
3871,1,0.94437675,227,3747,N,1.66666666666667,0,52
3382,2,0.9402165,226,3871,N,3.33333333333333,0,52
3537,3,0.898614,216,3382,N,5,0,52
3264,4,0.98597925,237,3537,N,6.66666666666667,0,52
4012,5,1.015101,244,3264,N,8.33333333333333,0,52
3590,6,0.97765875,235,4012,N,10,0,52
3907,7,1.10246625,265,3590,N,11.6666666666667,0,52
5712,8,1.06086375,255,3907,N,13.3333333333333,0,52
6022,9,1.0400625,250,5712,N,15,0,52
5050,10,1.1565495,278,6022,N,16.6666666666667,0,52
5541,11,1.23559425,297,5050,N,18.3333333333333,0,52
5091,12,1.47688875,355,5541,N,20,0,52
5626,13,1.41032475,339,5091,N,21.6666666666667,0,52
5761,14,1.514331,364,5626,N,23.3333333333333,0,52
5812,15,1.59337575,383,5761,N,25,0,52
7627,16,0.7405245,178,5812,Y,26.6666666666667,1,52
9695,17,0.72804375,175,7627,N,28.3333333333333,1,52
8309,18,0.85285125,205,9695,N,30,1,52
6574,19,0.8237295,198,8309,N,31.6666666666667,1,52
7581,20,0.8902935,214,6574,N,33.3333333333333,1,52
6781,21,0.83621025,201,7581,N,35,1,52
7012,22,0.90277425,217,6781,N,36.6666666666667,1,52
8180,23,0.95269725,229,7012,N,38.3333333333333,1,52
10439,24,0.98597925,237,8180,N,40,1,52
11245,25,1.11910725,269,10439,N,41.6666666666667,1,52
9598,26,1.06918425,257,11245,N,43.3333333333333,1,52
11332,27,1.04422275,251,9598,N,45,1,52
13179,35,1.763946,424,11332,N,58.3333333333333,1,52
13971,36,1.02758175,247,13179,Y,60,2,52
12819,37,1.05254325,253,13971,N,61.6666666666667,2,52
3748,0,0.931896,224,NA,N,0,0,53
3873,1,0.948537,228,3748,N,1.66666666666667,0,53
3388,2,0.91109475,219,3873,N,3.33333333333333,0,53
3541,3,1.0234215,246,3388,N,5,0,53
3268,4,0.8570115,206,3541,N,6.66666666666667,0,53
4013,5,1.01926125,245,3268,N,8.33333333333333,0,53
3593,6,0.8736525,210,4013,N,10,0,53
3910,7,0.981819,236,3593,N,11.6666666666667,0,53
5714,8,0.9069345,218,3910,N,13.3333333333333,0,53
6023,9,0.89445375,215,5714,N,15,0,53
5056,10,0.898614,216,6023,N,16.6666666666667,0,53
5544,11,0.90277425,217,5056,N,18.3333333333333,0,53
5099,12,0.9568575,230,5544,N,20,0,53
5628,13,1.1565495,278,5099,N,21.6666666666667,0,53
5764,14,0.81956925,197,5628,N,23.3333333333333,0,53
5814,15,0.81956925,197,5764,N,25,0,53
7631,16,0.93605625,225,5814,N,26.6666666666667,0,53
9696,17,0.948537,228,7631,N,28.3333333333333,0,53
8311,18,0.865332,208,9696,N,30,0,53
6581,19,0.93605625,225,8311,N,31.6666666666667,0,53
7585,20,0.798768,192,6581,N,33.3333333333333,0,53
3749,0,0.73636425,177,NA,N,0,0,54
3876,1,0.75300525,181,3749,N,1.66666666666667,0,54
3393,2,0.88613325,213,3876,N,3.33333333333333,0,54
3545,3,0.81124875,195,3393,N,5,0,54
3273,4,0.682281,164,3545,N,6.66666666666667,0,54
4014,5,0.83205,200,3273,N,8.33333333333333,0,54
3596,6,0.8237295,198,4014,N,10,0,54
3913,7,1.01094075,243,3596,N,11.6666666666667,0,54
5715,8,1.10246625,265,3913,N,13.3333333333333,0,54
6024,9,1.1066265,266,5715,N,15,0,54
5062,10,1.148229,276,6024,N,16.6666666666667,0,54
5550,11,1.3728825,330,5062,N,18.3333333333333,0,54
5105,12,1.29383775,311,5550,N,20,0,54
5632,13,1.42696575,343,5105,N,21.6666666666667,0,54
5767,14,1.49352975,359,5632,N,23.3333333333333,0,54
5815,15,1.51017075,363,5767,N,25,0,54
7633,16,1.564254,376,5815,N,26.6666666666667,0,54
9697,17,0.782127,188,7633,Y,28.3333333333333,1,54
8312,18,0.77796675,187,9697,N,30,1,54
2726,0,1.065024,256,NA,N,0,0,55
2374,1,1.1399085,274,2726,N,1.66666666666667,0,55
2370,2,1.12742775,271,2374,N,3.33333333333333,0,55
2318,3,1.015101,244,2370,N,5,0,55
2260,4,1.04422275,251,2318,N,6.66666666666667,0,55
2663,5,1.17735075,283,2260,N,8.33333333333333,0,55
2317,6,1.11078675,267,2663,N,10,0,55
2381,7,1.26887625,305,2317,N,11.6666666666667,0,55
4115,8,1.24391475,299,2381,N,13.3333333333333,0,55
4101,9,1.4061645,338,4115,N,15,0,55
4232,10,1.31047875,315,4101,N,16.6666666666667,0,55
4235,11,1.41032475,339,4232,N,18.3333333333333,0,55
4356,12,1.50185025,361,4235,N,20,0,55
4388,13,1.8055485,434,4356,N,21.6666666666667,0,55
4445,14,1.69322175,407,4388,N,23.3333333333333,0,55
4675,15,1.81802925,437,4445,N,25,0,55
7131,16,2.02604175,487,4675,N,26.6666666666667,0,55
14920,17,NA,-1,7131,Y,28.3333333333333,1,55
3750,0,0.8403705,202,NA,N,0,0,56
3879,1,0.98597925,237,3750,N,1.66666666666667,0,56
3398,2,0.9901395,238,3879,N,3.33333333333333,0,56
3550,3,1.031742,248,3398,N,5,0,56
3278,4,1.0733445,258,3550,N,6.66666666666667,0,56
4015,5,1.14406875,275,3278,N,8.33333333333333,0,56
3606,6,1.2064725,290,4015,N,10,0,56
3915,7,1.24391475,299,3606,N,11.6666666666667,0,56
5717,8,1.30215825,313,3915,N,13.3333333333333,0,56
6025,9,1.314639,316,5717,N,15,0,56
5067,10,1.364562,328,6025,N,16.6666666666667,0,56
5554,11,1.397844,336,5067,N,18.3333333333333,0,56
5110,12,1.4394465,346,5554,N,20,0,56
5637,13,1.89291375,455,5110,N,21.6666666666667,0,56
5769,14,0.881973,212,5637,Y,23.3333333333333,1,56
3752,0,0.73636425,177,NA,N,0,0,57
3881,1,0.88613325,213,3752,N,1.66666666666667,0,57
3403,2,0.8070885,194,3881,N,3.33333333333333,0,57
3555,3,0.83205,200,3403,N,5,0,57
3283,4,0.8403705,202,3555,N,6.66666666666667,0,57
4016,5,0.9069345,218,3283,N,8.33333333333333,0,57
3610,6,0.765486,184,4016,N,10,0,57
3919,7,0.88613325,213,3610,N,11.6666666666667,0,57
5718,8,0.81124875,195,3919,N,13.3333333333333,0,57
6026,9,0.89445375,215,5718,N,15,0,57
5072,10,0.83205,200,6026,N,16.6666666666667,0,57
5557,11,1.0400625,250,5072,N,18.3333333333333,0,57
5116,12,1.0234215,246,5557,N,20,0,57
5640,13,1.0567035,254,5116,N,21.6666666666667,0,57
5774,14,1.29383775,311,5640,N,23.3333333333333,0,57
5817,15,1.21895325,293,5774,N,25,0,57
7634,16,1.21895325,293,5817,N,26.6666666666667,0,57
9699,17,1.26055575,303,7634,N,28.3333333333333,0,57
8314,18,1.30215825,313,9699,N,30,0,57
6608,19,1.4727285,354,8314,N,31.6666666666667,0,57
7589,20,1.630818,392,6608,N,33.3333333333333,0,57
6789,21,1.7223435,414,7589,N,35,0,57
7016,22,0.72804375,175,6789,Y,36.6666666666667,1,57
8187,23,0.76132575,183,7016,N,38.3333333333333,1,57
10449,24,0.77796675,187,8187,N,40,1,57
11248,25,0.9069345,218,10449,N,41.6666666666667,1,57
9610,26,0.94437675,227,11248,N,43.3333333333333,1,57
10801,27,1.015101,244,9610,N,45,1,57
3753,0,1.414485,340,NA,N,0,0,58
3886,1,1.447767,348,3753,N,1.66666666666667,0,58
3413,2,1.61001675,387,3886,N,3.33333333333333,0,58
3588,3,1.68490125,405,3413,N,5,0,58
3299,4,1.53513225,369,3588,N,6.66666666666667,0,58
4018,5,1.697382,408,3299,N,8.33333333333333,0,58
3643,6,1.8887535,454,4018,N,10,0,58
3926,7,0.99846,240,3643,Y,11.6666666666667,1,58
5720,8,1.0400625,250,3926,N,13.3333333333333,1,58
6028,9,1.14406875,275,5720,N,15,1,58
5089,10,1.20231225,289,6028,N,16.6666666666667,1,58
5566,11,1.1232675,270,5089,N,18.3333333333333,1,58
5139,12,1.1399085,274,5566,N,20,1,58
5651,13,1.33128,320,5139,N,21.6666666666667,1,58
5818,14,1.0899855,262,5651,N,23.3333333333333,1,58
5830,15,1.2064725,290,5818,N,25,1,58
7644,16,1.2896775,310,5830,N,26.6666666666667,1,58
9703,17,1.1731905,282,7644,N,28.3333333333333,1,58
8317,18,1.44360675,347,9703,N,30,1,58
6611,19,1.53513225,369,8317,N,31.6666666666667,1,58
7594,20,1.6391385,394,6611,N,33.3333333333333,1,58
6796,21,1.70154225,409,7594,N,35,1,58
7020,22,1.81802925,437,6796,N,36.6666666666667,1,58
8192,23,1.7389845,418,7020,N,38.3333333333333,1,58
10482,24,0.81956925,197,8192,Y,40,2,58
11253,25,0.91941525,221,10482,N,41.6666666666667,2,58
9623,26,0.99846,240,11253,N,43.3333333333333,2,58
11342,27,1.081665,260,9623,N,45,2,58
9281,28,1.05254325,253,11342,N,46.6666666666667,2,58
10718,29,1.0567035,254,9281,N,48.3333333333333,2,58
9450,30,1.098306,264,10718,N,50,2,58
11535,31,1.0733445,258,9450,N,51.6666666666667,2,58
12746,32,1.198152,288,11535,N,53.3333333333333,2,58
12219,33,1.31879925,317,12746,N,55,2,58
12350,34,1.4228055,342,12219,N,56.6666666666667,2,58
13687,35,1.53513225,369,12350,N,58.3333333333333,2,58
14374,36,0.66147975,159,13687,Y,60,3,58
13093,37,0.64483875,155,14374,N,61.6666666666667,3,58
3243,0,1.61833725,389,NA,N,0,0,59
3092,1,0.7405245,178,3243,Y,1.66666666666667,1,59
2698,2,0.77796675,187,3092,N,3.33333333333333,1,59
2528,3,0.9568575,230,2698,N,5,1,59
2531,4,1.01094075,243,2528,N,6.66666666666667,1,59
2954,5,1.114947,268,2531,N,8.33333333333333,1,59
2614,6,1.0733445,258,2954,N,10,1,59
2818,7,1.065024,256,2614,N,11.6666666666667,1,59
4697,8,1.08582525,261,2818,N,13.3333333333333,1,59
5766,9,1.098306,264,4697,N,15,1,59
4449,10,1.1565495,278,5766,N,16.6666666666667,1,59
4433,11,1.15238925,277,4449,N,18.3333333333333,1,59
4546,12,1.2064725,290,4433,N,20,1,59
4812,13,1.3229595,318,4546,N,21.6666666666667,1,59
4653,14,1.37704275,331,4812,N,23.3333333333333,1,59
5121,15,1.39368375,335,4653,N,25,1,59
7287,16,1.431126,344,5121,N,26.6666666666667,1,59
9176,17,1.5725745,378,7287,N,28.3333333333333,1,59
8009,18,1.7722665,426,9176,N,30,1,59
6254,19,1.8721125,450,8009,N,31.6666666666667,1,59
7252,20,1.90955475,459,6254,N,33.3333333333333,1,59
6256,21,1.04422275,251,7252,Y,35,2,59
6747,22,1.08582525,261,6256,N,36.6666666666667,2,59
7808,23,0.96101775,231,6747,N,38.3333333333333,2,59
9947,24,0.99429975,239,7808,N,40,2,59
11018,25,1.05254325,253,9947,N,41.6666666666667,2,59
8612,26,1.0400625,250,11018,N,43.3333333333333,2,59
10361,27,1.08582525,261,8612,N,45,2,59
3755,0,0.85285125,205,NA,N,0,0,60
3891,1,0.9069345,218,3755,N,1.66666666666667,0,60
3418,2,0.86949225,209,3891,N,3.33333333333333,0,60
3594,3,0.86949225,209,3418,N,5,0,60
3304,4,0.82788975,199,3594,N,6.66666666666667,0,60
4020,5,0.9069345,218,3304,N,8.33333333333333,0,60
3647,6,0.92773575,223,4020,N,10,0,60
3932,7,0.96933825,233,3647,N,11.6666666666667,0,60
5723,8,1.04422275,251,3932,N,13.3333333333333,0,60
6030,9,1.148229,276,5723,N,15,0,60
5095,10,1.031742,248,6030,N,16.6666666666667,0,60
5570,11,1.231434,296,5095,N,18.3333333333333,0,60
5149,12,1.32711975,319,5570,N,20,0,60
5655,13,1.12742775,271,5149,N,21.6666666666667,0,60
5821,14,1.2896775,310,5655,N,23.3333333333333,0,60
5836,15,1.43528625,345,5821,N,25,0,60
7648,16,1.597536,384,5836,N,26.6666666666667,0,60
9707,17,1.5725745,378,7648,N,28.3333333333333,0,60
8319,18,1.5392925,370,9707,N,30,0,60
6616,19,0.7904475,190,8319,Y,31.6666666666667,1,60
7603,20,0.848691,204,6616,N,33.3333333333333,1,60
6807,21,0.8070885,194,7603,N,35,1,60
7026,22,0.86949225,209,6807,N,36.6666666666667,1,60
8197,23,0.89445375,215,7026,N,38.3333333333333,1,60
10497,24,0.848691,204,8197,N,40,1,60
11258,25,0.7571655,182,10497,N,41.6666666666667,1,60
9633,26,1.0733445,258,11258,N,43.3333333333333,1,60
11347,27,1.07750475,259,9633,N,45,1,60
14004,35,1.61833725,389,11347,N,58.3333333333333,1,60
14598,36,1.50185025,361,14004,N,60,1,60
14942,37,NA,-1,14598,Y,61.6666666666667,2,60
3756,0,0.6573195,158,NA,N,0,0,61
3894,1,0.748845,180,3756,N,1.66666666666667,0,61
3421,2,0.82788975,199,3894,N,3.33333333333333,0,61
3597,3,0.85285125,205,3421,N,5,0,61
3310,4,0.96101775,231,3597,N,6.66666666666667,0,61
4021,5,0.96101775,231,3310,N,8.33333333333333,0,61
3649,6,0.8237295,198,4021,N,10,0,61
3935,7,0.881973,212,3649,N,11.6666666666667,0,61
5726,8,0.98597925,237,3935,N,13.3333333333333,0,61
6031,9,1.01094075,243,5726,N,15,0,61
5103,10,1.048383,252,6031,N,16.6666666666667,0,61
5573,11,1.19399175,287,5103,N,18.3333333333333,0,61
5156,12,1.24391475,299,5573,N,20,0,61
5658,13,1.30215825,313,5156,N,21.6666666666667,0,61
5824,14,1.34376075,323,5658,N,23.3333333333333,0,61
5842,15,1.530972,368,5824,N,25,0,61
7650,16,1.41032475,339,5842,N,26.6666666666667,0,61
9708,17,1.4560875,350,7650,N,28.3333333333333,0,61
8320,18,1.431126,344,9708,N,30,0,61
6618,19,0.82788975,199,8320,Y,31.6666666666667,1,61
6810,21,0.915255,220,6618,N,35,1,61
7028,22,0.9568575,230,6810,N,36.6666666666667,1,61
8199,23,1.03590225,249,7028,N,38.3333333333333,1,61
10503,24,1.00262025,241,8199,N,40,1,61
11260,25,1.02758175,247,10503,N,41.6666666666667,1,61
9638,26,1.0234215,246,11260,N,43.3333333333333,1,61
11349,27,1.06918425,257,9638,N,45,1,61
3758,0,1.3728825,330,NA,N,0,0,62
3897,1,1.4893695,358,3758,N,1.66666666666667,0,62
3427,2,1.33544025,321,3897,N,3.33333333333333,0,62
3604,3,1.67658075,403,3427,N,5,0,62
3316,4,1.86795225,449,3604,N,6.66666666666667,0,62
4022,5,1.763946,424,3316,N,8.33333333333333,0,62
3651,6,1.60169625,385,4022,N,10,0,62
3939,7,1.88459325,453,3651,N,11.6666666666667,0,62
5727,8,1.93451625,465,3939,N,13.3333333333333,0,62
6032,9,1.9386765,466,5727,N,15,0,62
5111,10,1.980279,476,6032,N,16.6666666666667,0,62
5578,11,1.9053945,458,5111,N,18.3333333333333,0,62
5164,12,1.92619575,463,5578,N,20,0,62
5663,13,1.95947775,471,5164,N,21.6666666666667,0,62
5827,14,1.83467025,441,5663,N,23.3333333333333,0,62
5847,15,2.18413125,525,5827,N,25,0,62
7652,16,1.99692,480,5847,N,26.6666666666667,0,62
9712,17,2.2714965,546,7652,N,28.3333333333333,0,62
3247,0,1.14406875,275,NA,N,0,0,63
3097,1,1.16487,280,3247,N,1.66666666666667,0,63
2713,2,1.19399175,287,3097,N,3.33333333333333,0,63
2556,3,1.21063275,291,2713,N,5,0,63
2534,4,1.21895325,293,2556,N,6.66666666666667,0,63
2964,5,1.42696575,343,2534,N,8.33333333333333,0,63
2623,6,1.447767,348,2964,N,10,0,63
2823,7,1.3728825,330,2623,N,11.6666666666667,0,63
4703,8,1.55177325,373,2823,N,13.3333333333333,0,63
5770,9,1.680741,404,4703,N,15,0,63
4457,10,1.65993975,399,5770,N,16.6666666666667,0,63
4438,11,1.6641,400,4457,N,18.3333333333333,0,63
4550,12,1.90955475,459,4438,N,20,0,63
4822,13,1.0567035,254,4550,Y,21.6666666666667,1,63
5127,15,1.0400625,250,4822,N,25,1,63
7289,16,0.97765875,235,5127,N,26.6666666666667,1,63
9180,17,1.2064725,290,7289,N,28.3333333333333,1,63
8011,18,1.214793,292,9180,N,30,1,63
6255,19,1.248075,300,8011,N,31.6666666666667,1,63
7255,20,1.3229595,318,6255,N,33.3333333333333,1,63
6258,21,1.51849125,365,7255,N,35,1,63
6752,22,1.6224975,390,6258,N,36.6666666666667,1,63
7814,23,1.6557795,398,6752,N,38.3333333333333,1,63
9950,24,1.75146525,421,7814,N,40,1,63
11020,25,0.91941525,221,9950,Y,41.6666666666667,2,63
8616,26,0.9901395,238,11020,N,43.3333333333333,2,63
10376,27,1.11910725,269,8616,N,45,2,63
8830,28,0.86949225,209,10376,N,46.6666666666667,2,63
10332,29,0.965178,232,8830,N,48.3333333333333,2,63
8853,30,1.08582525,261,10332,N,50,2,63
11508,31,1.06086375,255,8853,N,51.6666666666667,2,63
12519,32,0.9901395,238,11508,N,53.3333333333333,2,63
11834,33,1.18567125,285,12519,N,55,2,63
11828,34,1.27719675,307,11834,N,56.6666666666667,2,63
13883,35,1.364562,328,11828,N,58.3333333333333,2,63
14516,36,1.4560875,350,13883,N,60,2,63
13343,37,1.58505525,381,14516,N,61.6666666666667,2,63
3761,0,1.1565495,278,NA,N,0,0,64
3900,1,1.30215825,313,3761,N,1.66666666666667,0,64
3430,2,1.3063185,314,3900,N,3.33333333333333,0,64
3612,3,1.42696575,343,3430,N,5,0,64
3451,4,1.47688875,355,3612,N,6.66666666666667,0,64
4023,5,1.75978575,423,3451,N,8.33333333333333,0,64
3654,6,0.73636425,177,4023,Y,10,1,64
3250,0,1.0567035,254,NA,N,0,0,65
3101,1,0.965178,232,3250,N,1.66666666666667,0,65
2715,2,0.99429975,239,3101,N,3.33333333333333,0,65
2559,3,1.05254325,253,2715,N,5,0,65
2537,4,1.04422275,251,2559,N,6.66666666666667,0,65
2982,5,1.33544025,321,2537,N,8.33333333333333,0,65
2629,6,1.1066265,266,2982,N,10,0,65
2828,7,1.41864525,341,2629,N,11.6666666666667,0,65
4709,8,1.3562415,326,2828,N,13.3333333333333,0,65
5772,9,1.28551725,309,4709,N,15,0,65
4461,10,1.630818,392,5772,N,16.6666666666667,0,65
4442,11,1.61001675,387,4461,N,18.3333333333333,0,65
4554,12,1.73482425,417,4442,N,20,0,65
4829,13,2.1217275,510,4554,N,21.6666666666667,0,65
4657,14,0.86949225,209,4829,Y,23.3333333333333,1,65
5140,15,1.06086375,255,4657,N,25,1,65
7292,16,0.9235755,222,5140,N,26.6666666666667,1,65
9193,17,0.99429975,239,7292,N,28.3333333333333,1,65
8014,18,0.981819,236,9193,N,30,1,65
6263,19,0.97765875,235,8014,N,31.6666666666667,1,65
7261,20,0.96933825,233,6263,N,33.3333333333333,1,65
6260,21,1.1731905,282,7261,N,35,1,65
6757,22,1.248075,300,6260,N,36.6666666666667,1,65
7820,23,1.31047875,315,6757,N,38.3333333333333,1,65
9952,24,1.44360675,347,7820,N,40,1,65
11023,25,1.4727285,354,9952,N,41.6666666666667,1,65
8619,26,1.6724205,402,11023,N,43.3333333333333,1,65
10382,27,0.66564,160,8619,Y,45,2,65
3765,0,0.7072425,170,NA,N,0,0,66
3904,1,0.898614,216,3765,N,1.66666666666667,0,66
3446,2,1.031742,248,3904,N,3.33333333333333,0,66
3620,3,0.85285125,205,3446,N,5,0,66
3469,4,0.89445375,215,3620,N,6.66666666666667,0,66
4027,5,0.92773575,223,3469,N,8.33333333333333,0,66
3677,6,0.915255,220,4027,N,10,0,66
3951,7,0.86117175,207,3677,N,11.6666666666667,0,66
5843,8,0.981819,236,3951,N,13.3333333333333,0,66
6036,9,1.0567035,254,5843,N,15,0,66
5138,10,1.0067805,242,6036,N,16.6666666666667,0,66
5591,11,1.214793,292,5138,N,18.3333333333333,0,66
5197,12,1.0899855,262,5591,N,20,0,66
5682,13,1.364562,328,5197,N,21.6666666666667,0,66
5835,14,1.1399085,274,5682,N,23.3333333333333,0,66
5861,15,1.19399175,287,5835,N,25,0,66
7662,16,1.49769,360,5861,N,26.6666666666667,0,66
9722,17,0.74468475,179,7662,Y,28.3333333333333,1,66
8326,18,0.815409,196,9722,N,30,1,66
6624,19,0.84453075,203,8326,N,31.6666666666667,1,66
7619,20,0.782127,188,6624,N,33.3333333333333,1,66
6821,21,0.7405245,178,7619,N,35,1,66
7033,22,0.75300525,181,6821,N,36.6666666666667,1,66
8205,23,0.97765875,235,7033,N,38.3333333333333,1,66
10519,24,0.9568575,230,8205,N,40,1,66
11267,25,1.0733445,258,10519,N,41.6666666666667,1,66
9652,26,0.965178,232,11267,N,43.3333333333333,1,66
11355,27,1.08582525,261,9652,N,45,1,66
3254,0,1.065024,256,NA,N,0,0,67
3107,1,0.88613325,213,3254,N,1.66666666666667,0,67
2720,2,0.94437675,227,3107,N,3.33333333333333,0,67
2561,3,0.94437675,227,2720,N,5,0,67
2540,4,0.96933825,233,2561,N,6.66666666666667,0,67
2990,5,1.22727375,295,2540,N,8.33333333333333,0,67
2631,6,1.1731905,282,2990,N,10,0,67
2832,7,1.21063275,291,2631,N,11.6666666666667,0,67
4714,8,1.29383775,311,2832,N,13.3333333333333,0,67
5775,9,1.281357,308,4714,N,15,0,67
4487,10,1.43528625,345,5775,N,16.6666666666667,0,67
4444,11,1.34376075,323,4487,N,18.3333333333333,0,67
4558,12,1.57673475,379,4444,N,20,0,67
4834,13,1.86795225,449,4558,N,21.6666666666667,0,67
4660,14,1.56841425,377,4834,N,23.3333333333333,0,67
5150,15,0.70308225,169,4660,Y,25,1,67
7295,16,0.648999,156,5150,N,26.6666666666667,1,67
3767,0,1.0067805,242,NA,N,0,0,68
3906,1,1.0067805,242,3767,N,1.66666666666667,0,68
3450,2,1.0234215,246,3906,N,3.33333333333333,0,68
3622,3,1.0733445,258,3450,N,5,0,68
3474,4,1.17735075,283,3622,N,6.66666666666667,0,68
4029,5,1.2397545,298,3474,N,8.33333333333333,0,68
3679,6,1.18567125,285,4029,N,10,0,68
3956,7,1.46856825,353,3679,N,11.6666666666667,0,68
5848,8,1.49352975,359,3956,N,13.3333333333333,0,68
6038,9,1.54345275,371,5848,N,15,0,68
5153,10,1.53513225,369,6038,N,16.6666666666667,0,68
5599,11,1.6557795,398,5153,N,18.3333333333333,0,68
4830,12,0.77796675,187,5599,Y,20,1,68
5331,13,0.881973,212,4830,N,21.6666666666667,1,68
5526,14,0.81956925,197,5331,N,23.3333333333333,1,68
5553,15,0.98597925,237,5526,N,25,1,68
7511,16,1.10246625,265,5553,N,26.6666666666667,1,68
9594,17,1.031742,248,7511,N,28.3333333333333,1,68
8220,18,1.14406875,275,9594,N,30,1,68
6439,19,1.148229,276,8220,N,31.6666666666667,1,68
7447,20,1.38536325,333,6439,N,33.3333333333333,1,68
6546,21,1.36872225,329,7447,N,35,1,68
6935,22,1.57673475,379,6546,N,36.6666666666667,1,68
8010,23,1.5725745,378,6935,N,38.3333333333333,1,68
10087,24,1.614177,388,8010,N,40,1,68
11152,25,1.630818,392,10087,N,41.6666666666667,1,68
9079,26,0.82788975,199,11152,Y,43.3333333333333,2,68
10816,27,0.91109475,219,9079,N,45,2,68
9065,28,1.05254325,253,10816,N,46.6666666666667,2,68
10613,29,0.97765875,235,9065,N,48.3333333333333,2,68
9221,30,0.948537,228,10613,N,50,2,68
11435,31,0.92773575,223,9221,N,51.6666666666667,2,68
12646,32,1.10246625,265,11435,N,53.3333333333333,2,68
12057,33,1.1565495,278,12646,N,55,2,68
12129,34,1.248075,300,12057,N,56.6666666666667,2,68
14027,35,1.2730365,306,12129,N,58.3333333333333,2,68
14619,36,1.52681175,367,14027,N,60,2,68
13561,37,1.24391475,299,14619,N,61.6666666666667,2,68
3258,0,0.59491575,143,NA,N,0,0,69
3111,1,0.615717,148,3258,N,1.66666666666667,0,69
2722,2,0.60323625,145,3111,N,3.33333333333333,0,69
2564,3,0.66147975,159,2722,N,5,0,69
2543,4,0.6739605,162,2564,N,6.66666666666667,0,69
2996,5,0.698922,168,2543,N,8.33333333333333,0,69
2635,6,0.715563,172,2996,N,10,0,69
2834,7,0.682281,164,2635,N,11.6666666666667,0,69
4725,8,0.7072425,170,2834,N,13.3333333333333,0,69
5777,9,0.81124875,195,4725,N,15,0,69
4492,10,0.7571655,182,5777,N,16.6666666666667,0,69
4448,11,0.8237295,198,4492,N,18.3333333333333,0,69
4562,12,0.94437675,227,4448,N,20,0,69
4839,13,1.01094075,243,4562,N,21.6666666666667,0,69
4662,14,0.9235755,222,4839,N,23.3333333333333,0,69
5163,15,0.9235755,222,4662,N,25,0,69
7299,16,0.95269725,229,5163,N,26.6666666666667,0,69
9208,17,0.99846,240,7299,N,28.3333333333333,0,69
8019,18,1.048383,252,9208,N,30,0,69
6270,19,1.06086375,255,8019,N,31.6666666666667,0,69
7267,20,1.11910725,269,6270,N,33.3333333333333,0,69
6267,21,1.065024,256,7267,N,35,0,69
6763,22,1.19399175,287,6267,N,36.6666666666667,0,69
7828,23,1.4228055,342,6763,N,38.3333333333333,0,69
9955,24,1.5725745,378,7828,N,40,0,69
11026,25,1.51017075,363,9955,N,41.6666666666667,0,69
8631,26,0.71140275,171,11026,Y,43.3333333333333,1,69
3773,0,1.31879925,317,NA,N,0,0,70
3909,1,1.41032475,339,3773,N,1.66666666666667,0,70
3456,2,1.381203,332,3909,N,3.33333333333333,0,70
3624,3,1.45192725,349,3456,N,5,0,70
3482,4,1.514331,364,3624,N,6.66666666666667,0,70
4031,5,1.52681175,367,3482,N,8.33333333333333,0,70
3681,6,0.715563,172,4031,Y,10,1,70
2750,0,1.3562415,326,NA,N,0,0,71
2389,1,1.21895325,293,2750,N,1.66666666666667,0,71
2382,2,1.4893695,358,2389,N,3.33333333333333,0,71
2324,3,1.297998,312,2382,N,5,0,71
2263,4,1.3229595,318,2324,N,6.66666666666667,0,71
2674,5,1.45192725,349,2263,N,8.33333333333333,0,71
2321,6,1.4560875,350,2674,N,10,0,71
2393,7,0.73636425,177,2321,Y,11.6666666666667,1,71
3262,0,0.77796675,187,NA,N,0,0,72
3115,1,0.80292825,193,3262,N,1.66666666666667,0,72
2724,2,0.85285125,205,3115,N,3.33333333333333,0,72
2567,3,0.8570115,206,2724,N,5,0,72
2545,4,0.9069345,218,2567,N,6.66666666666667,0,72
3003,5,0.97765875,235,2545,N,8.33333333333333,0,72
2636,6,1.04422275,251,3003,N,10,0,72
2837,7,0.931896,224,2636,N,11.6666666666667,0,72
4735,8,1.1066265,266,2837,N,13.3333333333333,0,72
5780,9,1.297998,312,4735,N,15,0,72
4497,10,1.2397545,298,5780,N,16.6666666666667,0,72
4454,11,1.4394465,346,4497,N,18.3333333333333,0,72
4566,12,1.51849125,365,4454,N,20,0,72
4846,13,1.59337575,383,4566,N,21.6666666666667,0,72
4673,14,1.61833725,389,4846,N,23.3333333333333,0,72
5169,15,1.49769,360,4673,N,25,0,72
7301,16,0.67812075,163,5169,Y,26.6666666666667,1,72
9211,17,0.698922,168,7301,N,28.3333333333333,1,72
3775,0,0.881973,212,NA,N,0,0,73
3912,1,0.9568575,230,3775,N,1.66666666666667,0,73
3460,2,0.92773575,223,3912,N,3.33333333333333,0,73
3626,3,0.931896,224,3460,N,5,0,73
3487,4,1.01926125,245,3626,N,6.66666666666667,0,73
4032,5,1.031742,248,3487,N,8.33333333333333,0,73
3683,6,0.99846,240,4032,N,10,0,73
3964,7,1.0234215,246,3683,N,11.6666666666667,0,73
5856,8,1.08582525,261,3964,N,13.3333333333333,0,73
6041,9,1.18567125,285,5856,N,15,0,73
5173,10,1.2231135,294,6041,N,16.6666666666667,0,73
5608,11,1.297998,312,5173,N,18.3333333333333,0,73
5229,12,1.33544025,321,5608,N,20,0,73
5693,13,1.4727285,354,5229,N,21.6666666666667,0,73
5845,14,1.46856825,353,5693,N,23.3333333333333,0,73
5874,15,1.47688875,355,5845,N,25,0,73
7669,16,1.547613,372,5874,N,26.6666666666667,0,73
9732,17,1.65993975,399,7669,N,28.3333333333333,0,73
8332,18,1.6724205,402,9732,N,30,0,73
6630,19,0.76964625,185,8332,Y,31.6666666666667,1,73
7628,20,0.698922,168,6630,N,33.3333333333333,1,73
6836,21,0.83621025,201,7628,N,35,1,73
7039,22,1.11078675,267,6836,N,36.6666666666667,1,73
8215,23,1.081665,260,7039,N,38.3333333333333,1,73
10535,24,1.06918425,257,8215,N,40,1,73
11272,25,1.08582525,261,10535,N,41.6666666666667,1,73
9667,26,1.248075,300,11272,N,43.3333333333333,1,73
11360,27,1.23559425,297,9667,N,45,1,73
9316,28,1.3895235,334,11360,N,46.6666666666667,1,73
10736,29,1.36040175,327,9316,N,48.3333333333333,1,73
9292,30,1.50185025,361,10736,N,50,1,73
12673,32,1.547613,372,9292,N,53.3333333333333,1,73
12110,33,1.74314475,419,12673,N,55,1,73
12193,34,0.87781275,211,12110,Y,56.6666666666667,2,73
14048,35,0.9235755,222,12193,N,58.3333333333333,2,73
14641,36,1.05254325,253,14048,N,60,2,73
13606,37,1.01094075,243,14641,N,61.6666666666667,2,73
3265,0,0.59491575,143,NA,N,0,0,74
3119,1,0.53667225,129,3265,N,1.66666666666667,0,74
2728,2,0.66564,160,3119,N,3.33333333333333,0,74
2571,3,0.66980025,161,2728,N,5,0,74
2549,4,0.6906015,166,2571,N,6.66666666666667,0,74
3010,5,0.82788975,199,2549,N,8.33333333333333,0,74
3778,0,1.13574825,273,NA,N,0,0,75
3916,1,1.27719675,307,3778,N,1.66666666666667,0,75
3471,2,1.4893695,358,3916,N,3.33333333333333,0,75
3628,3,1.297998,312,3471,N,5,0,75
3492,4,1.1066265,266,3628,N,6.66666666666667,0,75
4033,5,1.41864525,341,3492,N,8.33333333333333,0,75
3684,6,1.4394465,346,4033,N,10,0,75
3967,7,1.381203,332,3684,N,11.6666666666667,0,75
5858,8,1.26055575,303,3967,N,13.3333333333333,0,75
6042,9,0.83205,200,5858,Y,15,1,75
5178,10,0.9235755,222,6042,N,16.6666666666667,1,75
5611,11,0.7738065,186,5178,N,18.3333333333333,1,75
5234,12,0.81124875,195,5611,N,20,1,75
5702,13,1.031742,248,5234,N,21.6666666666667,1,75
5849,14,0.95269725,229,5702,N,23.3333333333333,1,75
5878,15,1.17735075,283,5849,N,25,1,75
7670,16,1.347921,324,5878,N,26.6666666666667,1,75
9734,17,1.37704275,331,7670,N,28.3333333333333,1,75
8333,18,1.41864525,341,9734,N,30,1,75
6632,19,1.31879925,317,8333,N,31.6666666666667,1,75
7632,20,1.464408,352,6632,N,33.3333333333333,1,75
6840,21,1.73482425,417,7632,N,35,1,75
7041,22,0.8070885,194,6840,Y,36.6666666666667,2,75
8216,23,0.83621025,201,7041,N,38.3333333333333,2,75
10540,24,0.8403705,202,8216,N,40,2,75
11273,25,0.92773575,223,10540,N,41.6666666666667,2,75
9670,26,0.8736525,210,11273,N,43.3333333333333,2,75
11361,27,1.0733445,258,9670,N,45,2,75
9318,28,1.1399085,274,11361,N,46.6666666666667,2,75
10737,29,1.05254325,253,9318,N,48.3333333333333,2,75
9505,30,1.1399085,274,10737,N,50,2,75
11557,31,1.08582525,261,9505,N,51.6666666666667,2,75
12766,32,1.098306,264,11557,N,53.3333333333333,2,75
12240,33,1.2231135,294,12766,N,55,2,75
12369,34,1.18567125,285,12240,N,56.6666666666667,2,75
13716,35,1.41032475,339,12369,N,58.3333333333333,2,75
14392,36,1.35208125,325,13716,N,60,2,75
13110,37,1.481049,356,14392,N,61.6666666666667,2,75
2757,0,0.7571655,182,NA,N,0,0,76
2394,1,0.732204,176,2757,N,1.66666666666667,0,76
2386,2,0.69476175,167,2394,N,3.33333333333333,0,76
2327,3,0.7571655,182,2386,N,5,0,76
2265,4,0.8736525,210,2327,N,6.66666666666667,0,76
2680,5,0.948537,228,2265,N,8.33333333333333,0,76
2325,6,0.848691,204,2680,N,10,0,76
2404,7,0.88613325,213,2325,N,11.6666666666667,0,76
4121,8,0.915255,220,2404,N,13.3333333333333,0,76
4106,9,0.9734985,234,4121,N,15,0,76
4248,10,0.99429975,239,4106,N,16.6666666666667,0,76
4249,11,1.0733445,258,4248,N,18.3333333333333,0,76
4382,12,1.25223525,301,4249,N,20,0,76
4468,13,1.281357,308,4382,N,21.6666666666667,0,76
4456,14,1.32711975,319,4468,N,23.3333333333333,0,76
4700,15,1.414485,340,4456,N,25,0,76
7140,16,0.6406785,154,4700,Y,26.6666666666667,1,76
8543,17,0.7072425,170,7140,N,28.3333333333333,1,76
7855,18,0.67812075,163,8543,N,30,1,76
6173,19,0.72804375,175,7855,N,31.6666666666667,1,76
7128,20,0.865332,208,6173,N,33.3333333333333,1,76
6090,21,0.8736525,210,7128,N,35,1,76
6663,22,0.92773575,223,6090,N,36.6666666666667,1,76
7723,23,1.0400625,250,6663,N,38.3333333333333,1,76
9858,24,1.01926125,245,7723,N,40,1,76
10929,25,1.05254325,253,9858,N,41.6666666666667,1,76
8445,26,0.96933825,233,10929,N,43.3333333333333,1,76
10154,27,1.04422275,251,8445,N,45,1,76
8501,28,0.99846,240,10154,N,46.6666666666667,1,76
9803,29,1.25223525,301,8501,N,48.3333333333333,1,76
8474,30,1.21895325,293,9803,N,50,1,76
11439,31,1.05254325,253,8474,N,51.6666666666667,1,76
12447,32,1.32711975,319,11439,N,53.3333333333333,1,76
11660,33,1.49352975,359,12447,N,55,1,76
11702,34,0.61155675,147,11660,Y,56.6666666666667,2,76
13822,35,0.66147975,159,11702,N,58.3333333333333,2,76
3269,0,0.88613325,213,NA,N,0,0,77
3124,1,0.881973,212,3269,N,1.66666666666667,0,77
2734,2,0.8237295,198,3124,N,3.33333333333333,0,77
2574,3,0.75300525,181,2734,N,5,0,77
2618,4,0.7405245,178,2574,N,6.66666666666667,0,77
3016,5,0.93605625,225,2618,N,8.33333333333333,0,77
2637,6,0.8403705,202,3016,N,10,0,77
2842,7,0.798768,192,2637,N,11.6666666666667,0,77
4748,8,0.915255,220,2842,N,13.3333333333333,0,77
5781,9,0.96101775,231,4748,N,15,0,77
4506,10,1.081665,260,5781,N,16.6666666666667,0,77
4671,11,0.99846,240,4506,N,18.3333333333333,0,77
4574,12,1.21063275,291,4671,N,20,0,77
4858,13,1.23559425,297,4574,N,21.6666666666667,0,77
5137,14,1.20231225,289,4858,N,23.3333333333333,0,77
5180,15,1.2064725,290,5137,N,25,0,77
7307,16,1.3396005,322,5180,N,26.6666666666667,0,77
9222,17,1.730664,416,7307,N,28.3333333333333,0,77
8026,18,1.56009375,375,9222,N,30,0,77
6279,19,1.67658075,403,8026,N,31.6666666666667,0,77
7276,20,0.7405245,178,6279,Y,33.3333333333333,1,77
3781,0,0.8902935,214,NA,N,0,0,78
3917,1,0.682281,164,3781,N,1.66666666666667,0,78
3475,2,0.898614,216,3917,N,3.33333333333333,0,78
3630,3,0.96933825,233,3475,N,5,0,78
3497,4,1.02758175,247,3630,N,6.66666666666667,0,78
4034,5,0.9901395,238,3497,N,8.33333333333333,0,78
3686,6,1.01094075,243,4034,N,10,0,78
3969,7,1.06918425,257,3686,N,11.6666666666667,0,78
5860,8,1.1399085,274,3969,N,13.3333333333333,0,78
6044,9,1.24391475,299,5860,N,15,0,78
5192,10,1.32711975,319,6044,N,16.6666666666667,0,78
5618,11,1.4228055,342,5192,N,18.3333333333333,0,78
5255,12,1.397844,336,5618,N,20,0,78
5710,13,1.65993975,399,5255,N,21.6666666666667,0,78
5859,14,1.431126,344,5710,N,23.3333333333333,0,78
5889,15,1.43528625,345,5859,N,25,0,78
7674,16,1.697382,408,5889,N,26.6666666666667,0,78
9738,17,1.6724205,402,7674,N,28.3333333333333,0,78
8335,18,1.5892155,382,9738,N,30,0,78
6635,19,0.83205,200,8335,Y,31.6666666666667,1,78
7638,20,0.9069345,218,6635,N,33.3333333333333,1,78
6847,21,1.015101,244,7638,N,35,1,78
7044,22,1.12742775,271,6847,N,36.6666666666667,1,78
8223,23,1.131588,272,7044,N,38.3333333333333,1,78
10547,24,1.3229595,318,8223,N,40,1,78
11276,25,1.364562,328,10547,N,41.6666666666667,1,78
9679,26,1.3895235,334,11276,N,43.3333333333333,1,78
11363,27,1.3229595,318,9679,N,45,1,78
9321,28,1.4727285,354,11363,N,46.6666666666667,1,78
10739,29,1.680741,404,9321,N,48.3333333333333,1,78
9511,30,1.730664,416,10739,N,50,1,78
12610,32,0.72804375,175,9511,Y,53.3333333333333,2,78
3785,0,1.02758175,247,NA,N,0,0,79
3920,1,1.06086375,255,3785,N,1.66666666666667,0,79
3479,2,1.19399175,287,3920,N,3.33333333333333,0,79
3632,3,1.0567035,254,3479,N,5,0,79
3502,4,1.0067805,242,3632,N,6.66666666666667,0,79
4035,5,1.23559425,297,3502,N,8.33333333333333,0,79
3687,6,1.081665,260,4035,N,10,0,79
3970,7,1.198152,288,3687,N,11.6666666666667,0,79
5864,8,1.24391475,299,3970,N,13.3333333333333,0,79
6045,9,1.25223525,301,5864,N,15,0,79
5201,10,1.381203,332,6045,N,16.6666666666667,0,79
5621,11,1.35208125,325,5201,N,18.3333333333333,0,79
5260,12,1.41864525,341,5621,N,20,0,79
5713,13,1.647459,396,5260,N,21.6666666666667,0,79
5862,14,1.43528625,345,5713,N,23.3333333333333,0,79
5896,15,1.59337575,383,5862,N,25,0,79
7677,16,1.697382,408,5896,N,26.6666666666667,0,79
9740,17,1.880433,452,7677,N,28.3333333333333,0,79
8336,18,1.863792,448,9740,N,30,0,79
6636,19,1.447767,348,8336,N,31.6666666666667,0,79
7642,20,0.8902935,214,6636,Y,33.3333333333333,1,79
6851,21,1.08582525,261,7642,N,35,1,79
7046,22,1.10246625,265,6851,N,36.6666666666667,1,79
8225,23,1.01094075,243,7046,N,38.3333333333333,1,79
10549,24,1.00262025,241,8225,N,40,1,79
11278,25,0.90277425,217,10549,N,41.6666666666667,1,79
9685,26,1.16487,280,11278,N,43.3333333333333,1,79
11366,27,1.0899855,262,9685,N,45,1,79
9327,28,1.07750475,259,11366,N,46.6666666666667,1,79
10741,29,1.21895325,293,9327,N,48.3333333333333,1,79
9516,30,1.248075,300,10741,N,50,1,79
11564,31,1.3396005,322,9516,N,51.6666666666667,1,79
12770,32,0.7904475,190,11564,Y,53.3333333333333,2,79
12246,33,0.948537,228,12770,N,55,2,79
12375,34,0.85285125,205,12246,N,56.6666666666667,2,79
13728,35,0.8736525,210,12375,N,58.3333333333333,2,79
14398,36,0.8237295,198,13728,N,60,2,79
13117,37,0.86949225,209,14398,N,61.6666666666667,2,79
3274,0,0.7904475,190,NA,N,0,0,80
3128,1,0.79460775,191,3274,N,1.66666666666667,0,80
2739,2,0.815409,196,3128,N,3.33333333333333,0,80
2576,3,0.9568575,230,2739,N,5,0,80
2627,4,0.8736525,210,2576,N,6.66666666666667,0,80
3020,5,1.03590225,249,2627,N,8.33333333333333,0,80
2639,6,1.03590225,249,3020,N,10,0,80
2847,7,1.02758175,247,2639,N,11.6666666666667,0,80
4753,8,1.198152,288,2847,N,13.3333333333333,0,80
5783,9,1.214793,292,4753,N,15,0,80
4508,10,1.20231225,289,5783,N,16.6666666666667,0,80
4674,11,1.214793,292,4508,N,18.3333333333333,0,80
4577,12,1.214793,292,4674,N,20,0,80
4864,13,1.347921,324,4577,N,21.6666666666667,0,80
5144,14,1.3562415,326,4864,N,23.3333333333333,0,80
5185,15,1.381203,332,5144,N,25,0,80
7309,16,1.51017075,363,5185,N,26.6666666666667,0,80
9230,17,1.630818,392,7309,N,28.3333333333333,0,80
8030,18,1.5392925,370,9230,N,30,0,80
6287,19,0.86949225,209,8030,Y,31.6666666666667,1,80
7284,20,0.865332,208,6287,N,33.3333333333333,1,80
6368,21,0.96101775,231,7284,N,35,1,80
6772,22,1.24391475,299,6368,N,36.6666666666667,1,80
7838,23,1.03590225,249,6772,N,38.3333333333333,1,80
9961,24,0.99429975,239,7838,N,40,1,80
11033,25,1.15238925,277,9961,N,41.6666666666667,1,80
8652,26,1.1565495,278,11033,N,43.3333333333333,1,80
10413,27,1.114947,268,8652,N,45,1,80
9203,28,0.416025,100,10413,Y,46.6666666666667,2,80
10686,29,0.6073965,146,9203,N,48.3333333333333,2,80
2763,0,1.381203,332,NA,N,0,0,81
2400,1,1.547613,372,2763,N,1.66666666666667,0,81
2392,2,0.732204,176,2400,Y,3.33333333333333,1,81
3280,0,1.114947,268,NA,N,0,0,82
3132,1,1.08582525,261,3280,N,1.66666666666667,0,82
2743,2,1.13574825,273,3132,N,3.33333333333333,0,82
2581,3,1.20231225,289,2743,N,5,0,82
2634,4,1.24391475,299,2581,N,6.66666666666667,0,82
3042,5,1.30215825,313,2634,N,8.33333333333333,0,82
2648,6,1.4061645,338,3042,N,10,0,82
2852,7,1.50185025,361,2648,N,11.6666666666667,0,82
4756,8,0.64483875,155,2852,Y,13.3333333333333,1,82
5787,9,0.71972325,173,4756,N,15,1,82
3794,0,1.530972,368,NA,N,0,0,83
3928,1,1.5392925,370,3794,N,1.66666666666667,0,83
3489,2,0.7571655,182,3928,Y,3.33333333333333,1,83
3635,3,0.77796675,187,3489,N,5,1,83
3506,4,0.848691,204,3635,N,6.66666666666667,1,83
4036,5,0.8902935,214,3506,N,8.33333333333333,1,83
3284,0,1.13574825,273,NA,N,0,0,84
3136,1,1.14406875,275,3284,N,1.66666666666667,0,84
2748,2,1.2896775,310,3136,N,3.33333333333333,0,84
2590,3,1.414485,340,2748,N,5,0,84
3053,5,1.75978575,423,2590,N,8.33333333333333,0,84
2652,6,1.6391385,394,3053,N,10,0,84
2859,7,1.7889075,430,2652,N,11.6666666666667,0,84
4766,8,1.6557795,398,2859,N,13.3333333333333,0,84
5792,9,0.76964625,185,4766,Y,15,1,84
4513,10,0.798768,192,5792,N,16.6666666666667,1,84
4695,11,0.86117175,207,4513,N,18.3333333333333,1,84
4584,12,1.01926125,245,4695,N,20,1,84
4876,13,0.97765875,235,4584,N,21.6666666666667,1,84
5167,14,0.90277425,217,4876,N,23.3333333333333,1,84
5215,15,1.00262025,241,5167,N,25,1,84
7318,16,1.04422275,251,5215,N,26.6666666666667,1,84
9249,17,1.015101,244,7318,N,28.3333333333333,1,84
8037,18,1.35208125,325,9249,N,30,1,84
6295,19,1.2064725,290,8037,N,31.6666666666667,1,84
7293,20,1.198152,288,6295,N,33.3333333333333,1,84
6373,21,1.22727375,295,7293,N,35,1,84
6780,22,1.16070975,279,6373,N,36.6666666666667,1,84
7851,23,1.31879925,317,6780,N,38.3333333333333,1,84
9968,24,1.680741,404,7851,N,40,1,84
11041,25,0.682281,164,9968,Y,41.6666666666667,2,84
8688,26,0.715563,172,11041,N,43.3333333333333,2,84
3798,0,1.01926125,245,NA,N,0,0,85
3930,1,0.99429975,239,3798,N,1.66666666666667,0,85
3500,2,1.1232675,270,3930,N,3.33333333333333,0,85
3637,3,1.13574825,273,3500,N,5,0,85
3517,4,1.148229,276,3637,N,6.66666666666667,0,85
4038,5,1.2563955,302,3517,N,8.33333333333333,0,85
3691,6,1.12742775,271,4038,N,10,0,85
3972,7,1.43528625,345,3691,N,11.6666666666667,0,85
5891,8,1.297998,312,3972,N,13.3333333333333,0,85
6047,9,1.3895235,334,5891,N,15,0,85
5217,10,1.481049,356,6047,N,16.6666666666667,0,85
5629,11,1.564254,376,5217,N,18.3333333333333,0,85
5272,12,1.37704275,331,5629,N,20,0,85
5728,13,1.81802925,437,5272,N,21.6666666666667,0,85
5867,14,1.63497825,393,5728,N,23.3333333333333,0,85
5910,15,0.8403705,202,5867,Y,25,1,85
7682,16,0.82788975,199,5910,N,26.6666666666667,1,85
9746,17,1.0899855,262,7682,N,28.3333333333333,1,85
8339,18,1.06086375,255,9746,N,30,1,85
6638,19,1.1731905,282,8339,N,31.6666666666667,1,85
7647,20,1.16070975,279,6638,N,33.3333333333333,1,85
6856,21,1.397844,336,7647,N,35,1,85
7049,22,1.65161925,397,6856,N,36.6666666666667,1,85
8232,23,1.34376075,323,7049,N,38.3333333333333,1,85
10555,24,1.70986275,411,8232,N,40,1,85
11281,25,1.530972,368,10555,N,41.6666666666667,1,85
9691,26,1.53513225,369,11281,N,43.3333333333333,1,85
11368,27,1.57673475,379,9691,N,45,1,85
9330,28,0.81124875,195,11368,Y,46.6666666666667,2,85
3289,0,0.88613325,213,NA,N,0,0,86
3146,1,0.848691,204,3289,N,1.66666666666667,0,86
2754,2,0.95269725,229,3146,N,3.33333333333333,0,86
2593,3,0.97765875,235,2754,N,5,0,86
2642,4,0.91941525,221,2593,N,6.66666666666667,0,86
3058,5,0.97765875,235,2642,N,8.33333333333333,0,86
2661,6,0.965178,232,3058,N,10,0,86
2865,7,1.09414575,263,2661,N,11.6666666666667,0,86
4771,8,1.16070975,279,2865,N,13.3333333333333,0,86
5794,9,1.07750475,259,4771,N,15,0,86
4519,10,1.1898315,286,5794,N,16.6666666666667,0,86
4706,11,1.297998,312,4519,N,18.3333333333333,0,86
4590,12,1.39368375,335,4706,N,20,0,86
4888,13,1.50185025,361,4590,N,21.6666666666667,0,86
5177,14,1.46856825,353,4888,N,23.3333333333333,0,86
5237,15,1.614177,388,5177,N,25,0,86
7325,16,0.765486,184,5237,Y,26.6666666666667,1,86
9261,17,0.77796675,187,7325,N,28.3333333333333,1,86
8043,18,0.91109475,219,9261,N,30,1,86
6301,19,0.948537,228,8043,N,31.6666666666667,1,86
7302,20,0.8237295,198,6301,N,33.3333333333333,1,86
6380,21,1.1399085,274,7302,N,35,1,86
6788,22,1.11910725,269,6380,N,36.6666666666667,1,86
7857,23,0.97765875,235,6788,N,38.3333333333333,1,86
9972,24,1.03590225,249,7857,N,40,1,86
11045,25,1.1066265,266,9972,N,41.6666666666667,1,86
8695,26,1.17735075,283,11045,N,43.3333333333333,1,86
10443,27,1.347921,324,8695,N,45,1,86
8869,28,1.37704275,331,10443,N,46.6666666666667,1,86
10398,29,1.51849125,365,8869,N,48.3333333333333,1,86
8940,30,1.464408,352,10398,N,50,1,86
11531,31,1.381203,332,8940,N,51.6666666666667,1,86
12548,32,1.61833725,389,11531,N,53.3333333333333,1,86
11867,33,0.8070885,194,12548,Y,55,2,86
11917,34,0.85285125,205,11867,N,56.6666666666667,2,86
13902,35,0.91109475,219,11917,N,58.3333333333333,2,86
3801,0,0.9069345,218,NA,N,0,0,87
3933,1,0.9901395,238,3801,N,1.66666666666667,0,87
3505,2,0.981819,236,3933,N,3.33333333333333,0,87
3639,3,1.03590225,249,3505,N,5,0,87
3522,4,1.07750475,259,3639,N,6.66666666666667,0,87
4039,5,1.0567035,254,3522,N,8.33333333333333,0,87
3693,6,1.214793,292,4039,N,10,0,87
3973,7,1.364562,328,3693,N,11.6666666666667,0,87
5893,8,1.28551725,309,3973,N,13.3333333333333,0,87
6048,9,1.42696575,343,5893,N,15,0,87
5226,10,1.397844,336,6048,N,16.6666666666667,0,87
5633,11,1.46024775,351,5226,N,18.3333333333333,0,87
5282,12,1.43528625,345,5633,N,20,0,87
5731,13,1.547613,372,5282,N,21.6666666666667,0,87
5870,14,0.8736525,210,5731,Y,23.3333333333333,1,87
5913,15,0.91109475,219,5870,N,25,1,87
7683,16,0.9235755,222,5913,N,26.6666666666667,1,87
9748,17,0.98597925,237,7683,N,28.3333333333333,1,87
8340,18,1.1399085,274,9748,N,30,1,87
6639,19,1.12742775,271,8340,N,31.6666666666667,1,87
7649,20,1.12742775,271,6639,N,33.3333333333333,1,87
6858,21,1.0567035,254,7649,N,35,1,87
7050,22,1.2896775,310,6858,N,36.6666666666667,1,87
8233,23,1.3063185,314,7050,N,38.3333333333333,1,87
10557,24,1.25223525,301,8233,N,40,1,87
9693,26,1.36040175,327,10557,N,43.3333333333333,1,87
10767,27,1.381203,332,9693,N,45,1,87
9153,30,0.86949225,209,10767,Y,50,2,87
3293,0,0.71140275,171,NA,N,0,0,88
3149,1,0.74468475,179,3293,N,1.66666666666667,0,88
2760,2,0.83205,200,3149,N,3.33333333333333,0,88
2597,3,0.782127,188,2760,N,5,0,88
2644,4,0.748845,180,2597,N,6.66666666666667,0,88
3061,5,0.9235755,222,2644,N,8.33333333333333,0,88
2665,6,0.83205,200,3061,N,10,0,88
2869,7,0.86949225,209,2665,N,11.6666666666667,0,88
4794,8,0.95269725,229,2869,N,13.3333333333333,0,88
5796,9,0.8403705,202,4794,N,15,0,88
4523,10,1.02758175,247,5796,N,16.6666666666667,0,88
4710,11,0.9568575,230,4523,N,18.3333333333333,0,88
4593,12,1.24391475,299,4710,N,20,0,88
4897,13,1.20231225,289,4593,N,21.6666666666667,0,88
5183,14,1.231434,296,4897,N,23.3333333333333,0,88
5243,15,1.3396005,322,5183,N,25,0,88
7327,16,1.2563955,302,5243,N,26.6666666666667,0,88
9265,17,1.6224975,390,7327,N,28.3333333333333,0,88
8045,18,1.5060105,362,9265,N,30,0,88
6303,19,1.73482425,417,8045,N,31.6666666666667,0,88
7304,20,1.381203,332,6303,N,33.3333333333333,0,88
6383,21,0.83205,200,7304,Y,35,1,88
6792,22,0.8570115,206,6383,N,36.6666666666667,1,88
7860,23,1.06086375,255,6792,N,38.3333333333333,1,88
9973,24,0.9734985,234,7860,N,40,1,88
11046,25,1.0733445,258,9973,N,41.6666666666667,1,88
8697,26,1.1232675,270,11046,N,43.3333333333333,1,88
10447,27,1.18567125,285,8697,N,45,1,88
3805,0,1.00262025,241,NA,N,0,0,89
3936,1,0.91109475,219,3805,N,1.66666666666667,0,89
3510,2,0.81956925,197,3936,N,3.33333333333333,0,89
3640,3,0.8902935,214,3510,N,5,0,89
3526,4,1.0234215,246,3640,N,6.66666666666667,0,89
4040,5,1.0067805,242,3526,N,8.33333333333333,0,89
3695,6,0.86949225,209,4040,N,10,0,89
3974,7,0.9568575,230,3695,N,11.6666666666667,0,89
5897,8,0.80292825,193,3974,N,13.3333333333333,0,89
6049,9,0.96933825,233,5897,N,15,0,89
5232,10,0.88613325,213,6049,N,16.6666666666667,0,89
5636,11,0.96101775,231,5232,N,18.3333333333333,0,89
5287,12,0.88613325,213,5636,N,20,0,89
3297,0,0.92773575,223,NA,N,0,0,90
3152,1,0.91109475,219,3297,N,1.66666666666667,0,90
2766,2,0.915255,220,3152,N,3.33333333333333,0,90
2600,3,0.89445375,215,2766,N,5,0,90
2645,4,0.96933825,233,2600,N,6.66666666666667,0,90
3065,5,0.94437675,227,2645,N,8.33333333333333,0,90
2668,6,0.92773575,223,3065,N,10,0,90
2874,7,1.031742,248,2668,N,11.6666666666667,0,90
4804,8,1.12742775,271,2874,N,13.3333333333333,0,90
5797,9,1.23559425,297,4804,N,15,0,90
4526,10,1.381203,332,5797,N,16.6666666666667,0,90
4715,11,1.46856825,353,4526,N,18.3333333333333,0,90
4596,12,1.33544025,321,4715,N,20,0,90
4904,13,1.5060105,362,4596,N,21.6666666666667,0,90
5187,14,0.72804375,175,4904,Y,23.3333333333333,1,90
5249,15,0.9069345,218,5187,N,25,1,90
7329,16,0.84453075,203,5249,N,26.6666666666667,1,90
9268,17,0.85285125,205,7329,N,28.3333333333333,1,90
8047,18,0.8237295,198,9268,N,30,1,90
6305,19,0.76132575,183,8047,N,31.6666666666667,1,90
7306,20,0.99429975,239,6305,N,33.3333333333333,1,90
6384,21,0.931896,224,7306,N,35,1,90
6793,22,0.981819,236,6384,N,36.6666666666667,1,90
7862,23,0.9901395,238,6793,N,38.3333333333333,1,90
9975,24,1.19399175,287,7862,N,40,1,90
11047,25,1.26055575,303,9975,N,41.6666666666667,1,90
8699,26,1.34376075,323,11047,N,43.3333333333333,1,90
10450,27,1.50185025,361,8699,N,45,1,90
3810,0,1.148229,276,NA,N,0,0,91
3938,1,1.2730365,306,3810,N,1.66666666666667,0,91
3515,2,1.27719675,307,3938,N,3.33333333333333,0,91
3641,3,1.431126,344,3515,N,5,0,91
3533,4,1.264716,304,3641,N,6.66666666666667,0,91
4041,5,1.41864525,341,3533,N,8.33333333333333,0,91
3696,6,1.49769,360,4041,N,10,0,91
3975,7,1.49769,360,3696,N,11.6666666666667,0,91
5899,8,1.5892155,382,3975,N,13.3333333333333,0,91
6050,9,1.47688875,355,5899,N,15,0,91
5239,10,0.8736525,210,6050,Y,16.6666666666667,1,91
5642,11,0.76964625,185,5239,N,18.3333333333333,1,91
5292,12,0.915255,220,5642,N,20,1,91
5734,13,1.1399085,274,5292,N,21.6666666666667,1,91
5873,14,1.04422275,251,5734,N,23.3333333333333,1,91
5918,15,0.9901395,238,5873,N,25,1,91
7685,16,1.13574825,273,5918,N,26.6666666666667,1,91
9752,17,1.06918425,257,7685,N,28.3333333333333,1,91
8342,18,1.12742775,271,9752,N,30,1,91
6641,19,0.981819,236,8342,N,31.6666666666667,1,91
7653,20,1.21895325,293,6641,N,33.3333333333333,1,91
6863,21,1.42696575,343,7653,N,35,1,91
7052,22,1.7556255,422,6863,N,36.6666666666667,1,91
8239,23,1.62665775,391,7052,N,38.3333333333333,1,91
10562,24,1.56841425,377,8239,N,40,1,91
11283,25,0.63651825,153,10562,Y,41.6666666666667,2,91
9705,26,0.8570115,206,11283,N,43.3333333333333,2,91
11370,27,0.77796675,187,9705,N,45,2,91
2788,0,0.87781275,211,NA,N,0,0,92
2420,1,0.865332,208,2788,N,1.66666666666667,0,92
2423,2,0.90277425,217,2420,N,3.33333333333333,0,92
2343,3,0.948537,228,2423,N,5,0,92
2342,4,0.98597925,237,2343,N,6.66666666666667,0,92
2702,5,0.931896,224,2342,N,8.33333333333333,0,92
2333,6,0.99846,240,2702,N,10,0,92
2440,7,1.0567035,254,2333,N,11.6666666666667,0,92
4131,8,1.24391475,299,2440,N,13.3333333333333,0,92
4111,9,1.364562,328,4131,N,15,0,92
4260,10,1.25223525,301,4111,N,16.6666666666667,0,92
4263,11,1.32711975,319,4260,N,18.3333333333333,0,92
4410,12,1.41864525,341,4263,N,20,0,92
4483,13,1.5060105,362,4410,N,21.6666666666667,0,92
4479,14,1.4394465,346,4483,N,23.3333333333333,0,92
4798,15,1.614177,388,4479,N,25,0,92
7153,16,0.76132575,183,4798,Y,26.6666666666667,1,92
8630,17,0.85285125,205,7153,N,28.3333333333333,1,92
7867,18,0.9734985,234,8630,N,30,1,92
6188,19,1.01094075,243,7867,N,31.6666666666667,1,92
7145,20,1.02758175,247,6188,N,33.3333333333333,1,92
6098,21,1.07750475,259,7145,N,35,1,92
6671,22,1.09414575,263,6098,N,36.6666666666667,1,92
7733,23,1.06086375,255,6671,N,38.3333333333333,1,92
9869,24,1.0733445,258,7733,N,40,1,92
10939,25,1.1731905,282,9869,N,41.6666666666667,1,92
8455,26,1.297998,312,10939,N,43.3333333333333,1,92
10463,27,1.364562,328,8455,N,45,1,92
9811,29,1.23559425,297,10463,N,48.3333333333333,1,92
8896,30,0.7571655,182,9811,Y,50,2,92
3813,0,0.90277425,217,NA,N,0,0,93
3941,1,0.931896,224,3813,N,1.66666666666667,0,93
3520,2,0.97765875,235,3941,N,3.33333333333333,0,93
3644,3,0.92773575,223,3520,N,5,0,93
3538,4,0.9734985,234,3644,N,6.66666666666667,0,93
4042,5,1.03590225,249,3538,N,8.33333333333333,0,93
3697,6,1.16487,280,4042,N,10,0,93
3976,7,1.11078675,267,3697,N,11.6666666666667,0,93
5903,8,1.131588,272,3976,N,13.3333333333333,0,93
6051,9,1.12742775,271,5903,N,15,0,93
5254,10,1.27719675,307,6051,N,16.6666666666667,0,93
5649,11,1.27719675,307,5254,N,18.3333333333333,0,93
5305,12,1.21895325,293,5649,N,20,0,93
5742,13,1.64329875,395,5305,N,21.6666666666667,0,93
5880,14,1.30215825,313,5742,N,23.3333333333333,0,93
5925,15,1.3895235,334,5880,N,25,0,93
7687,16,1.50185025,361,5925,N,26.6666666666667,0,93
9755,17,1.92619575,463,7687,N,28.3333333333333,0,93
8344,18,1.71818325,413,9755,N,30,0,93
6643,19,1.65993975,399,8344,N,31.6666666666667,0,93
7657,20,0.91941525,221,6643,Y,33.3333333333333,1,93
6867,21,1.02758175,247,7657,N,35,1,93
7054,22,1.31047875,315,6867,N,36.6666666666667,1,93
2792,0,1.0400625,250,NA,N,0,0,94
2432,1,1.0733445,258,2792,N,1.66666666666667,0,94
2441,2,1.2064725,290,2432,N,3.33333333333333,0,94
2348,3,1.21895325,293,2441,N,5,0,94
2346,4,1.2397545,298,2348,N,6.66666666666667,0,94
2711,5,1.46856825,353,2346,N,8.33333333333333,0,94
2336,6,1.43528625,345,2711,N,10,0,94
2476,7,1.55177325,373,2336,N,11.6666666666667,0,94
4133,8,1.62665775,391,2476,N,13.3333333333333,0,94
4112,9,1.63497825,393,4133,N,15,0,94
4262,10,0.73636425,177,4112,Y,16.6666666666667,1,94
4266,11,0.9069345,218,4262,N,18.3333333333333,1,94
4414,12,0.97765875,235,4266,N,20,1,94
4488,13,0.9734985,234,4414,N,21.6666666666667,1,94
4481,14,1.065024,256,4488,N,23.3333333333333,1,94
4803,15,1.04422275,251,4481,N,25,1,94
7155,16,1.06918425,257,4803,N,26.6666666666667,1,94
8632,17,1.11078675,267,7155,N,28.3333333333333,1,94
7869,18,1.22727375,295,8632,N,30,1,94
6189,19,1.364562,328,7869,N,31.6666666666667,1,94
7148,20,1.35208125,325,6189,N,33.3333333333333,1,94
6099,21,1.730664,416,7148,N,35,1,94
6672,22,1.863792,448,6099,N,36.6666666666667,1,94
7732,23,0.765486,184,6672,Y,38.3333333333333,2,94
9868,24,0.79460775,191,7732,N,40,2,94
10968,25,0.80292825,193,9868,N,41.6666666666667,2,94
3307,0,1.48520925,357,NA,N,0,0,95
3161,1,1.47688875,355,3307,N,1.66666666666667,0,95
2774,2,0.682281,164,3161,Y,3.33333333333333,1,95
2604,3,0.74468475,179,2774,N,5,1,95
2646,4,0.7238835,174,2604,N,6.66666666666667,1,95
3819,0,0.9235755,222,NA,N,0,0,96
3943,1,1.0400625,250,3819,N,1.66666666666667,0,96
3525,2,0.981819,236,3943,N,3.33333333333333,0,96
3646,3,0.965178,232,3525,N,5,0,96
3540,4,1.09414575,263,3646,N,6.66666666666667,0,96
4043,5,1.18567125,285,3540,N,8.33333333333333,0,96
3699,6,1.41864525,341,4043,N,10,0,96
3977,7,1.41032475,339,3699,N,11.6666666666667,0,96
5905,8,1.43528625,345,3977,N,13.3333333333333,0,96
6052,9,1.45192725,349,5905,N,15,0,96
5262,10,1.51017075,363,6052,N,16.6666666666667,0,96
5653,11,1.52681175,367,5262,N,18.3333333333333,0,96
5314,12,1.54345275,371,5653,N,20,0,96
5746,13,1.86795225,449,5314,N,21.6666666666667,0,96
5881,14,0.8070885,194,5746,Y,23.3333333333333,1,96
5927,15,0.90277425,217,5881,N,25,1,96
7688,16,0.98597925,237,5927,N,26.6666666666667,1,96
9756,17,0.9901395,238,7688,N,28.3333333333333,1,96
8345,18,0.9568575,230,9756,N,30,1,96
6644,19,0.92773575,223,8345,N,31.6666666666667,1,96
7661,20,0.965178,232,6644,N,33.3333333333333,1,96
6871,21,1.0733445,258,7661,N,35,1,96
7056,22,1.16903025,281,6871,N,36.6666666666667,1,96
8245,23,1.2064725,290,7056,N,38.3333333333333,1,96
10568,24,1.19399175,287,8245,N,40,1,96
11287,25,1.31879925,317,10568,N,41.6666666666667,1,96
9713,26,1.26055575,303,11287,N,43.3333333333333,1,96
11375,27,1.34376075,323,9713,N,45,1,96
9343,28,1.3063185,314,11375,N,46.6666666666667,1,96
10747,29,1.49769,360,9343,N,48.3333333333333,1,96
9534,30,1.70154225,409,10747,N,50,1,96
11572,31,1.39368375,335,9534,N,51.6666666666667,1,96
12780,32,0.80292825,193,11572,Y,53.3333333333333,2,96
12258,33,0.931896,224,12780,N,55,2,96
12384,34,0.9235755,222,12258,N,56.6666666666667,2,96
13738,35,0.9402165,226,12384,N,58.3333333333333,2,96
14403,36,1.1066265,266,13738,N,60,2,96
13120,37,1.16070975,279,14403,N,61.6666666666667,2,96
3822,0,1.048383,252,NA,N,0,0,97
3946,1,0.89445375,215,3822,N,1.66666666666667,0,97
3531,2,1.1232675,270,3946,N,3.33333333333333,0,97
3648,3,1.06086375,255,3531,N,5,0,97
3548,4,1.131588,272,3648,N,6.66666666666667,0,97
4044,5,1.231434,296,3548,N,8.33333333333333,0,97
3700,6,1.24391475,299,4044,N,10,0,97
3979,7,1.2563955,302,3700,N,11.6666666666667,0,97
5909,8,1.2563955,302,3979,N,13.3333333333333,0,97
6053,9,1.26055575,303,5909,N,15,0,97
5268,10,1.564254,376,6053,N,16.6666666666667,0,97
5656,11,1.630818,392,5268,N,18.3333333333333,0,97
5324,12,1.614177,388,5656,N,20,0,97
5749,13,1.90955475,459,5324,N,21.6666666666667,0,97
5888,14,0.95269725,229,5749,Y,23.3333333333333,1,97
5930,15,0.89445375,215,5888,N,25,1,97
7690,16,1.00262025,241,5930,N,26.6666666666667,1,97
9758,17,0.8902935,214,7690,N,28.3333333333333,1,97
8347,18,0.9402165,226,9758,N,30,1,97
6647,19,1.00262025,241,8347,N,31.6666666666667,1,97
7667,20,1.06086375,255,6647,N,33.3333333333333,1,97
6877,21,1.1232675,270,7667,N,35,1,97
7059,22,1.22727375,295,6877,N,36.6666666666667,1,97
8249,23,1.264716,304,7059,N,38.3333333333333,1,97
10573,24,1.45192725,349,8249,N,40,1,97
11290,25,1.630818,392,10573,N,41.6666666666667,1,97
9720,26,1.481049,356,11290,N,43.3333333333333,1,97
11378,27,1.980279,476,9720,N,45,1,97
9345,28,1.59337575,383,11378,N,46.6666666666667,1,97
10749,29,1.780587,428,9345,N,48.3333333333333,1,97
9537,30,0.88613325,213,10749,Y,50,2,97
11575,31,0.8902935,214,9537,N,51.6666666666667,2,97
12783,32,1.02758175,247,11575,N,53.3333333333333,2,97
12264,33,1.10246625,265,12783,N,55,2,97
12387,34,1.2397545,298,12264,N,56.6666666666667,2,97
13744,35,1.2064725,290,12387,N,58.3333333333333,2,97
14407,36,1.1232675,270,13744,N,60,2,97
13124,37,1.16487,280,14407,N,61.6666666666667,2,97
2799,0,0.848691,204,NA,N,0,0,98
2434,1,0.93605625,225,2799,N,1.66666666666667,0,98
2445,2,0.931896,224,2434,N,3.33333333333333,0,98
2372,3,1.015101,244,2445,N,5,0,98
2349,4,1.20231225,289,2372,N,6.66666666666667,0,98
2732,5,1.21063275,291,2349,N,8.33333333333333,0,98
2345,6,1.231434,296,2732,N,10,0,98
2484,7,1.148229,276,2345,N,11.6666666666667,0,98
4135,8,1.21895325,293,2484,N,13.3333333333333,0,98
4113,9,1.514331,364,4135,N,15,0,98
4270,10,1.44360675,347,4113,N,16.6666666666667,0,98
4275,11,0.86949225,209,4270,Y,18.3333333333333,1,98
4423,12,0.732204,176,4275,N,20,1,98
4524,13,0.90277425,217,4423,N,21.6666666666667,1,98
4486,14,0.8736525,210,4524,N,23.3333333333333,1,98
4813,15,0.91109475,219,4486,N,25,1,98
7158,16,0.91109475,219,4813,N,26.6666666666667,1,98
8636,17,0.981819,236,7158,N,28.3333333333333,1,98
7873,18,1.0234215,246,8636,N,30,1,98
6192,19,1.15238925,277,7873,N,31.6666666666667,1,98
7152,20,1.1232675,270,6192,N,33.3333333333333,1,98
6103,21,1.281357,308,7152,N,35,1,98
6674,22,1.20231225,289,6103,N,36.6666666666667,1,98
7736,23,1.381203,332,6674,N,38.3333333333333,1,98
9874,24,0.67812075,163,7736,Y,40,2,98
3311,0,0.9069345,218,NA,N,0,0,99
3166,1,0.91109475,219,3311,N,1.66666666666667,0,99
2783,2,0.88613325,213,3166,N,3.33333333333333,0,99
2624,3,0.8570115,206,2783,N,5,0,99
2689,4,0.9069345,218,2624,N,6.66666666666667,0,99
3072,5,0.89445375,215,2689,N,8.33333333333333,0,99
2678,6,0.93605625,225,3072,N,10,0,99
2885,7,0.9734985,234,2678,N,11.6666666666667,0,99
4824,8,0.915255,220,2885,N,13.3333333333333,0,99
5801,9,0.9402165,226,4824,N,15,0,99
4533,10,0.91109475,219,5801,N,16.6666666666667,0,99
4729,11,0.898614,216,4533,N,18.3333333333333,0,99
4598,12,0.9402165,226,4729,N,20,0,99
4911,13,0.915255,220,4598,N,21.6666666666667,0,99
5205,14,0.9402165,226,4911,N,23.3333333333333,0,99
5258,15,0.9235755,222,5205,N,25,0,99
7333,16,0.90277425,217,5258,N,26.6666666666667,0,99
9275,17,0.9402165,226,7333,N,28.3333333333333,0,99
8050,18,0.91941525,221,9275,N,30,0,99
6309,19,0.91109475,219,8050,N,31.6666666666667,0,99
7310,20,0.89445375,215,6309,N,33.3333333333333,0,99
6385,21,0.92773575,223,7310,N,35,0,99
6795,22,1.015101,244,6385,N,36.6666666666667,0,99
7864,23,0.96933825,233,6795,N,38.3333333333333,0,99
9976,24,0.94437675,227,7864,N,40,0,99
11048,25,0.93605625,225,9976,N,41.6666666666667,0,99
8701,26,0.898614,216,11048,N,43.3333333333333,0,99
10452,27,0.8902935,214,8701,N,45,0,99
3826,0,0.91941525,221,NA,N,0,0,100
3949,1,0.90277425,217,3826,N,1.66666666666667,0,100
3536,2,0.931896,224,3949,N,3.33333333333333,0,100
3650,3,1.01926125,245,3536,N,5,0,100
3553,4,0.99846,240,3650,N,6.66666666666667,0,100
4045,5,0.96101775,231,3553,N,8.33333333333333,0,100
3705,6,1.01926125,245,4045,N,10,0,100
3980,7,1.03590225,249,3705,N,11.6666666666667,0,100
5912,8,1.065024,256,3980,N,13.3333333333333,0,100
6054,9,1.18567125,285,5912,N,15,0,100
5276,10,1.131588,272,6054,N,16.6666666666667,0,100
5660,11,1.40200425,337,5276,N,18.3333333333333,0,100
5330,12,1.46024775,351,5660,N,20,0,100
5751,13,1.3396005,322,5330,N,21.6666666666667,0,100
5892,14,1.4560875,350,5751,N,23.3333333333333,0,100
5933,15,1.564254,376,5892,N,25,0,100
7694,16,1.46856825,353,5933,N,26.6666666666667,0,100
9760,17,1.6641,400,7694,N,28.3333333333333,0,100
8349,18,1.90123425,457,9760,N,30,0,100
6648,19,1.880433,452,8349,N,31.6666666666667,0,100
7671,20,1.8221895,438,6648,N,33.3333333333333,0,100
6879,21,1.67658075,403,7671,N,35,0,100
7060,22,0.865332,208,6879,Y,36.6666666666667,1,100
8254,23,0.848691,204,7060,N,38.3333333333333,1,100
10581,24,0.72804375,175,8254,N,40,1,100
11293,25,0.865332,208,10581,N,41.6666666666667,1,100
9729,26,1.0567035,254,11293,N,43.3333333333333,1,100
11382,27,1.06918425,257,9729,N,45,1,100
2805,0,0.81956925,197,NA,N,0,0,101
2436,1,0.881973,212,2805,N,1.66666666666667,0,101
2446,2,0.8570115,206,2436,N,3.33333333333333,0,101
2378,3,0.8570115,206,2446,N,5,0,101
2363,4,0.95269725,229,2378,N,6.66666666666667,0,101
2737,5,0.92773575,223,2363,N,8.33333333333333,0,101
2350,6,0.9901395,238,2737,N,10,0,101
2488,7,1.114947,268,2350,N,11.6666666666667,0,101
4137,8,1.01094075,243,2488,N,13.3333333333333,0,101
4114,9,1.13574825,273,4137,N,15,0,101
4274,10,1.214793,292,4114,N,16.6666666666667,0,101
4279,11,1.214793,292,4274,N,18.3333333333333,0,101
4424,12,1.21063275,291,4279,N,20,0,101
4527,13,1.36040175,327,4424,N,21.6666666666667,0,101
4489,14,1.35208125,325,4527,N,23.3333333333333,0,101
4818,15,1.414485,340,4489,N,25,0,101
7160,16,1.5392925,370,4818,N,26.6666666666667,0,101
8638,17,1.68490125,405,7160,N,28.3333333333333,0,101
7875,18,0.79460775,191,8638,Y,30,1,101
6193,19,0.72804375,175,7875,N,31.6666666666667,1,101
7154,20,0.87781275,211,6193,N,33.3333333333333,1,101
6105,21,0.865332,208,7154,N,35,1,101
6675,22,0.715563,172,6105,N,36.6666666666667,1,101
7737,23,0.7571655,182,6675,N,38.3333333333333,1,101
9875,24,0.782127,188,7737,N,40,1,101
10943,25,0.86949225,209,9875,N,41.6666666666667,1,101
8459,26,0.915255,220,10943,N,43.3333333333333,1,101
10183,27,0.915255,220,8459,N,45,1,101
3319,0,0.92773575,223,NA,N,0,0,102
3176,1,1.07750475,259,3319,N,1.66666666666667,0,102
2791,2,1.148229,276,3176,N,3.33333333333333,0,102
2625,3,1.06086375,255,2791,N,5,0,102
2700,4,1.1898315,286,2625,N,6.66666666666667,0,102
3076,5,1.414485,340,2700,N,8.33333333333333,0,102
2682,6,1.5226515,366,3076,N,10,0,102
2890,7,1.42696575,343,2682,N,11.6666666666667,0,102
4836,8,1.7389845,418,2890,N,13.3333333333333,0,102
5804,9,0.8570115,206,4836,Y,15,1,102
4543,10,0.8570115,206,5804,N,16.6666666666667,1,102
4734,11,0.7904475,190,4543,N,18.3333333333333,1,102
4602,12,0.91109475,219,4734,N,20,1,102
4917,13,1.0899855,262,4602,N,21.6666666666667,1,102
5216,14,0.8902935,214,4917,N,23.3333333333333,1,102
5266,15,0.91941525,221,5216,N,25,1,102
7357,16,0.97765875,235,5266,N,26.6666666666667,1,102
9284,17,0.9901395,238,7357,N,28.3333333333333,1,102
8059,18,1.0400625,250,9284,N,30,1,102
6312,19,1.031742,248,8059,N,31.6666666666667,1,102
7314,20,1.264716,304,6312,N,33.3333333333333,1,102
6388,21,1.2730365,306,7314,N,35,1,102
6799,22,1.39368375,335,6388,N,36.6666666666667,1,102
7870,23,1.4061645,338,6799,N,38.3333333333333,1,102
9978,24,1.530972,368,7870,N,40,1,102
11050,25,1.49352975,359,9978,N,41.6666666666667,1,102
8712,26,1.56009375,375,11050,N,43.3333333333333,1,102
10458,27,0.6240375,150,8712,Y,45,2,102
8876,28,0.6906015,166,10458,N,46.6666666666667,2,102
10414,29,0.75300525,181,8876,N,48.3333333333333,2,102
8960,30,0.82788975,199,10414,N,50,2,102
11537,31,0.77796675,187,8960,N,51.6666666666667,2,102
12554,32,0.931896,224,11537,N,53.3333333333333,2,102
11875,33,1.081665,260,12554,N,55,2,102
11922,34,0.931896,224,11875,N,56.6666666666667,2,102
13392,35,1.17735075,283,11922,N,58.3333333333333,2,102
14214,36,1.10246625,265,13392,N,60,2,102
12928,37,1.07750475,259,14214,N,61.6666666666667,2,102
3322,0,0.815409,196,NA,N,0,0,103
3179,1,0.8403705,202,3322,N,1.66666666666667,0,103
2794,2,0.9901395,238,3179,N,3.33333333333333,0,103
2786,3,0.88613325,213,2794,N,5,0,103
2706,4,0.85285125,205,2786,N,6.66666666666667,0,103
3080,5,0.898614,216,2706,N,8.33333333333333,0,103
2687,6,0.82788975,199,3080,N,10,0,103
2895,7,0.8237295,198,2687,N,11.6666666666667,0,103
4847,8,0.87781275,211,2895,N,13.3333333333333,0,103
5807,9,0.91109475,219,4847,N,15,0,103
4548,10,0.89445375,215,5807,N,16.6666666666667,0,103
4739,11,0.80292825,193,4548,N,18.3333333333333,0,103
4604,12,0.815409,196,4739,N,20,0,103
4921,13,0.99846,240,4604,N,21.6666666666667,0,103
5222,14,0.8070885,194,4921,N,23.3333333333333,0,103
5270,15,0.82788975,199,5222,N,25,0,103
7362,16,0.82788975,199,5270,N,26.6666666666667,0,103
9287,17,0.90277425,217,7362,N,28.3333333333333,0,103
8061,18,0.81956925,197,9287,N,30,0,103
6314,19,0.84453075,203,8061,N,31.6666666666667,0,103
7315,20,0.82788975,199,6314,N,33.3333333333333,0,103
6392,21,0.9235755,222,7315,N,35,0,103
6801,22,0.948537,228,6392,N,36.6666666666667,0,103
7872,23,0.81956925,197,6801,N,38.3333333333333,0,103
9979,24,0.82788975,199,7872,N,40,0,103
11051,25,0.82788975,199,9979,N,41.6666666666667,0,103
8716,26,0.81124875,195,11051,N,43.3333333333333,0,103
11387,27,0.84453075,203,8716,N,45,0,103
10754,29,0.7405245,178,11387,N,48.3333333333333,0,103
9550,30,0.6406785,154,10754,N,50,0,103
12788,32,0.67812075,163,9550,N,53.3333333333333,0,103
12277,33,0.5907555,142,12788,N,55,0,103
14215,35,0.77796675,187,12277,N,58.3333333333333,0,103
14727,36,0.8570115,206,14215,N,60,0,103
13818,37,0.815409,196,14727,N,61.6666666666667,0,103
3325,0,1.11910725,269,NA,N,0,0,104
3187,1,1.06086375,255,3325,N,1.66666666666667,0,104
2798,2,1.17735075,283,3187,N,3.33333333333333,0,104
2790,3,1.248075,300,2798,N,5,0,104
2710,4,1.05254325,253,2790,N,6.66666666666667,0,104
3083,5,1.0400625,250,2710,N,8.33333333333333,0,104
2694,6,1.1731905,282,3083,N,10,0,104
2900,7,1.1066265,266,2694,N,11.6666666666667,0,104
4854,8,1.1565495,278,2900,N,13.3333333333333,0,104
5809,9,1.16903025,281,4854,N,15,0,104
4553,10,1.1066265,266,5809,N,16.6666666666667,0,104
4750,11,1.13574825,273,4553,N,18.3333333333333,0,104
4608,12,1.1898315,286,4750,N,20,0,104
4926,13,1.065024,256,4608,N,21.6666666666667,0,104
5236,14,1.11078675,267,4926,N,23.3333333333333,0,104
5280,15,1.18567125,285,5236,N,25,0,104
7366,16,1.198152,288,5280,N,26.6666666666667,0,104
9293,17,1.131588,272,7366,N,28.3333333333333,0,104
8064,18,1.24391475,299,9293,N,30,0,104
6316,19,1.2064725,290,8064,N,31.6666666666667,0,104
7317,20,1.02758175,247,6316,N,33.3333333333333,0,104
6394,21,1.16903025,281,7317,N,35,0,104
6804,22,0.90277425,217,6394,N,36.6666666666667,0,104
7874,23,1.16487,280,6804,N,38.3333333333333,0,104
9980,24,1.16487,280,7874,N,40,0,104
11052,25,1.0234215,246,9980,N,41.6666666666667,0,104
8720,26,1.14406875,275,11052,N,43.3333333333333,0,104
10468,27,1.08582525,261,8720,N,45,0,104
13937,35,0.9235755,222,10468,N,58.3333333333333,0,104
14570,36,1.01094075,243,13937,N,60,0,104
13457,37,0.93605625,225,14570,N,61.6666666666667,0,104
2815,0,1.048383,252,NA,N,0,0,105
2439,1,1.2563955,302,2815,N,1.66666666666667,0,105
2453,2,1.1399085,274,2439,N,3.33333333333333,0,105
2385,3,1.14406875,275,2453,N,5,0,105
2379,4,1.19399175,287,2385,N,6.66666666666667,0,105
2741,5,1.2231135,294,2379,N,8.33333333333333,0,105
2366,6,1.35208125,325,2741,N,10,0,105
2494,7,1.33128,320,2366,N,11.6666666666667,0,105
4139,8,1.32711975,319,2494,N,13.3333333333333,0,105
4116,9,1.547613,372,4139,N,15,0,105
4277,10,1.1898315,286,4116,N,16.6666666666667,0,105
4282,11,1.36872225,329,4277,N,18.3333333333333,0,105
4426,12,0.84453075,203,4282,Y,20,1,105
3839,0,1.03590225,249,NA,N,0,0,106
3955,1,1.05254325,253,3839,N,1.66666666666667,0,106
3547,2,1.1232675,270,3955,N,3.33333333333333,0,106
3652,3,1.0567035,254,3547,N,5,0,106
3558,4,1.2064725,290,3652,N,6.66666666666667,0,106
4046,5,1.3229595,318,3558,N,8.33333333333333,0,106
3708,6,1.364562,328,4046,N,10,0,106
3981,7,1.44360675,347,3708,N,11.6666666666667,0,106
5914,8,1.65161925,397,3981,N,13.3333333333333,0,106
6055,9,1.70154225,409,5914,N,15,0,106
5284,10,1.61001675,387,6055,N,16.6666666666667,0,106
5666,11,1.65161925,397,5284,N,18.3333333333333,0,106
5336,12,0.74468475,179,5666,Y,20,1,106
5753,13,0.86117175,207,5336,N,21.6666666666667,1,106
5898,14,0.881973,212,5753,N,23.3333333333333,1,106
5937,15,0.92773575,223,5898,N,25,1,106
7696,16,0.898614,216,5937,N,26.6666666666667,1,106
9762,17,0.9901395,238,7696,N,28.3333333333333,1,106
8351,18,1.0400625,250,9762,N,30,1,106
6650,19,1.1066265,266,8351,N,31.6666666666667,1,106
7675,20,1.29383775,311,6650,N,33.3333333333333,1,106
6884,21,1.37704275,331,7675,N,35,1,106
6776,22,1.131588,272,6884,N,36.6666666666667,1,106
7848,23,1.21895325,293,6776,N,38.3333333333333,1,106
9965,24,1.36872225,329,7848,N,40,1,106
11037,25,1.51849125,365,9965,N,41.6666666666667,1,106
8669,26,0.7571655,182,11037,Y,43.3333333333333,2,106
10424,27,0.76132575,183,8669,N,45,2,106
10377,29,0.86949225,209,10424,N,48.3333333333333,2,106
8921,30,0.97765875,235,10377,N,50,2,106
12540,32,1.1399085,274,8921,N,53.3333333333333,2,106
11859,33,1.2896775,310,12540,N,55,2,106
11898,34,1.12742775,271,11859,N,56.6666666666667,2,106
13896,35,1.24391475,299,11898,N,58.3333333333333,2,106
3329,0,0.84453075,203,NA,N,0,0,107
3192,1,0.81124875,195,3329,N,1.66666666666667,0,107
2803,2,0.8403705,202,3192,N,3.33333333333333,0,107
2795,3,0.898614,216,2803,N,5,0,107
2719,4,0.8570115,206,2795,N,6.66666666666667,0,107
3088,5,0.90277425,217,2719,N,8.33333333333333,0,107
2703,6,0.86949225,209,3088,N,10,0,107
2909,7,1.0067805,242,2703,N,11.6666666666667,0,107
4869,8,1.0067805,242,2909,N,13.3333333333333,0,107
5813,9,1.0733445,258,4869,N,15,0,107
4565,10,1.13574825,273,5813,N,16.6666666666667,0,107
4762,11,1.16070975,279,4565,N,18.3333333333333,0,107
4614,12,1.16070975,279,4762,N,20,0,107
4936,13,1.264716,304,4614,N,21.6666666666667,0,107
5248,14,1.3063185,314,4936,N,23.3333333333333,0,107
5295,15,1.23559425,297,5248,N,25,0,107
7372,16,1.3396005,322,5295,N,26.6666666666667,0,107
9302,17,1.381203,332,7372,N,28.3333333333333,0,107
8070,18,1.464408,352,9302,N,30,0,107
6322,19,1.54345275,371,8070,N,31.6666666666667,0,107
7324,20,1.630818,392,6322,N,33.3333333333333,0,107
6400,21,1.71818325,413,7324,N,35,0,107
6811,22,0.898614,216,6400,Y,36.6666666666667,1,107
7880,23,0.77796675,187,6811,N,38.3333333333333,1,107
9983,24,0.8902935,214,7880,N,40,1,107
11055,25,0.965178,232,9983,N,41.6666666666667,1,107
8731,26,0.9235755,222,11055,N,43.3333333333333,1,107
10475,27,0.90277425,217,8731,N,45,1,107
8887,28,1.18567125,285,10475,N,46.6666666666667,1,107
10427,29,1.32711975,319,8887,N,48.3333333333333,1,107
8977,30,1.49352975,359,10427,N,50,1,107
12747,32,0.58659525,141,8977,Y,53.3333333333333,2,107
12220,33,0.81124875,195,12747,N,55,2,107
12352,34,0.7571655,182,12220,N,56.6666666666667,2,107
14159,35,0.75300525,181,12352,N,58.3333333333333,2,107
14701,36,0.798768,192,14159,N,60,2,107
13727,37,0.7571655,182,14701,N,61.6666666666667,2,107
2820,0,0.76964625,185,NA,N,0,0,108
2620,1,0.881973,212,2820,N,1.66666666666667,0,108
2456,2,0.881973,212,2620,N,3.33333333333333,0,108
2391,3,0.78628725,189,2456,N,5,0,108
2383,4,0.8736525,210,2391,N,6.66666666666667,0,108
2745,5,0.80292825,193,2383,N,8.33333333333333,0,108
2368,6,0.765486,184,2745,N,10,0,108
2499,7,0.9402165,226,2368,N,11.6666666666667,0,108
4141,8,0.9069345,218,2499,N,13.3333333333333,0,108
4118,9,0.95269725,229,4141,N,15,0,108
4280,10,0.97765875,235,4118,N,16.6666666666667,0,108
4286,11,0.91941525,221,4280,N,18.3333333333333,0,108
4432,12,0.99846,240,4286,N,20,0,108
4534,13,1.0067805,242,4432,N,21.6666666666667,0,108
4494,14,0.915255,220,4534,N,23.3333333333333,0,108
4831,15,0.98597925,237,4494,N,25,0,108
7167,16,0.9901395,238,4831,N,26.6666666666667,0,108
8641,17,0.96101775,231,7167,N,28.3333333333333,0,108
7881,18,1.114947,268,8641,N,30,0,108
6197,19,1.1399085,274,7881,N,31.6666666666667,0,108
7161,20,1.248075,300,6197,N,33.3333333333333,0,108
6111,21,1.4560875,350,7161,N,35,0,108
6678,22,1.6058565,386,6111,N,36.6666666666667,0,108
7741,23,0.60323625,145,6678,Y,38.3333333333333,1,108
9878,24,0.61987725,149,7741,N,40,1,108
10946,25,0.6240375,150,9878,N,41.6666666666667,1,108
8498,26,0.58659525,141,10946,N,43.3333333333333,1,108
10190,27,0.69476175,167,8498,N,45,1,108
8517,28,0.7072425,170,10190,N,46.6666666666667,1,108
10123,29,0.74468475,179,8517,N,48.3333333333333,1,108
8653,30,0.8237295,198,10123,N,50,1,108
11450,31,0.89445375,215,8653,N,51.6666666666667,1,108
12457,32,0.85285125,205,11450,N,53.3333333333333,1,108
11678,33,0.9734985,234,12457,N,55,1,108
11733,34,1.21063275,291,11678,N,56.6666666666667,1,108
13231,35,1.31879925,317,11733,N,58.3333333333333,1,108
14044,36,1.55177325,373,13231,N,60,1,108
12845,37,1.4893695,358,14044,N,61.6666666666667,1,108
3332,0,0.848691,204,NA,N,0,0,109
3197,1,0.848691,204,3332,N,1.66666666666667,0,109
2808,2,0.8070885,194,3197,N,3.33333333333333,0,109
2801,3,0.90277425,217,2808,N,5,0,109
2730,4,0.95269725,229,2801,N,6.66666666666667,0,109
3093,5,1.0067805,242,2730,N,8.33333333333333,0,109
2708,6,0.93605625,225,3093,N,10,0,109
2913,7,1.114947,268,2708,N,11.6666666666667,0,109
4878,8,1.114947,268,2913,N,13.3333333333333,0,109
5816,9,1.065024,256,4878,N,15,0,109
4570,10,1.16070975,279,5816,N,16.6666666666667,0,109
4768,11,1.23559425,297,4570,N,18.3333333333333,0,109
4619,12,1.1399085,274,4768,N,20,0,109
4942,13,1.314639,316,4619,N,21.6666666666667,0,109
5251,14,1.23559425,297,4942,N,23.3333333333333,0,109
5301,15,1.30215825,313,5251,N,25,0,109
7375,16,1.2730365,306,5301,N,26.6666666666667,0,109
9305,17,1.2563955,302,7375,N,28.3333333333333,0,109
8072,18,1.31879925,317,9305,N,30,0,109
6324,19,1.2896775,310,8072,N,31.6666666666667,0,109
7328,20,1.35208125,325,6324,N,33.3333333333333,0,109
6404,21,1.3063185,314,7328,N,35,0,109
6818,22,1.4228055,342,6404,N,36.6666666666667,0,109
7885,23,1.26887625,305,6818,N,38.3333333333333,0,109
9987,24,1.17735075,283,7885,N,40,0,109
11059,25,1.297998,312,9987,N,41.6666666666667,0,109
8746,26,1.2563955,302,11059,N,43.3333333333333,0,109
10486,27,1.26887625,305,8746,N,45,0,109
8894,28,1.41032475,339,10486,N,46.6666666666667,0,109
10433,29,1.3728825,330,8894,N,48.3333333333333,0,109
9508,30,1.2563955,302,10433,N,50,0,109
12767,32,1.231434,296,9508,N,53.3333333333333,0,109
12241,33,1.264716,304,12767,N,55,0,109
12370,34,1.048383,252,12241,N,56.6666666666667,0,109
13719,35,1.18567125,285,12370,N,58.3333333333333,0,109
14393,36,1.264716,304,13719,N,60,0,109
13111,37,1.16487,280,14393,N,61.6666666666667,0,109
3845,0,1.4228055,342,NA,N,0,0,110
3957,1,1.580895,380,3845,N,1.66666666666667,0,110
3554,2,1.70986275,411,3957,N,3.33333333333333,0,110
3655,3,1.6557795,398,3554,N,5,0,110
3564,4,1.61001675,387,3655,N,6.66666666666667,0,110
4048,5,0.7738065,186,3564,Y,8.33333333333333,1,110
3714,6,0.9235755,222,4048,N,10,1,110
3984,7,1.0567035,254,3714,N,11.6666666666667,1,110
5922,8,0.96933825,233,3984,N,13.3333333333333,1,110
6057,9,1.03590225,249,5922,N,15,1,110
4419,10,1.13574825,273,6057,N,16.6666666666667,1,110
4416,11,1.1066265,266,4419,N,18.3333333333333,1,110
4529,12,1.1731905,282,4416,N,20,1,110
4792,13,1.3562415,326,4529,N,21.6666666666667,1,110
4632,14,1.4061645,338,4792,N,23.3333333333333,1,110
7270,16,1.65161925,397,4632,N,26.6666666666667,1,110
8822,17,1.69322175,407,7270,N,28.3333333333333,1,110
7996,18,1.8388305,442,8822,N,30,1,110
6246,19,1.8388305,442,7996,N,31.6666666666667,1,110
7230,20,1.98443925,477,6246,N,33.3333333333333,1,110
6195,21,1.6224975,390,7230,N,35,1,110
6730,22,1.96779825,473,6195,N,36.6666666666667,1,110
7793,23,0.92773575,223,6730,Y,38.3333333333333,2,110
9936,24,1.065024,256,7793,N,40,2,110
11008,25,1.10246625,265,9936,N,41.6666666666667,2,110
8599,26,1.131588,272,11008,N,43.3333333333333,2,110
10324,27,1.2730365,306,8599,N,45,2,110
3847,0,0.98597925,237,NA,N,0,0,111
3960,1,1.0733445,258,3847,N,1.66666666666667,0,111
3559,2,1.16903025,281,3960,N,3.33333333333333,0,111
3657,3,1.1399085,274,3559,N,5,0,111
3568,4,1.1565495,278,3657,N,6.66666666666667,0,111
4049,5,1.23559425,297,3568,N,8.33333333333333,0,111
3719,6,1.2896775,310,4049,N,10,0,111
3986,7,1.39368375,335,3719,N,11.6666666666667,0,111
5924,8,1.547613,372,3986,N,13.3333333333333,0,111
6058,9,1.56841425,377,5924,N,15,0,111
5298,10,1.54345275,371,6058,N,16.6666666666667,0,111
5674,11,1.59337575,383,5298,N,18.3333333333333,0,111
5347,12,1.70154225,409,5674,N,20,0,111
5763,13,0.94437675,227,5347,Y,21.6666666666667,1,111
5904,14,0.7405245,178,5763,N,23.3333333333333,1,111
5939,15,0.798768,192,5904,N,25,1,111
7698,16,0.81124875,195,5939,N,26.6666666666667,1,111
9763,17,0.8736525,210,7698,N,28.3333333333333,1,111
8352,18,0.86117175,207,9763,N,30,1,111
6651,19,0.915255,220,8352,N,31.6666666666667,1,111
7676,20,1.0067805,242,6651,N,33.3333333333333,1,111
6886,21,1.03590225,249,7676,N,35,1,111
7065,22,1.1066265,266,6886,N,36.6666666666667,1,111
8262,23,1.214793,292,7065,N,38.3333333333333,1,111
10592,24,1.22727375,295,8262,N,40,1,111
11297,25,1.31879925,317,10592,N,41.6666666666667,1,111
9739,26,1.314639,316,11297,N,43.3333333333333,1,111
11388,27,1.41864525,341,9739,N,45,1,111
9360,28,1.69322175,407,11388,N,46.6666666666667,1,111
10757,29,0.83205,200,9360,Y,48.3333333333333,2,111
9554,30,0.90277425,217,10757,N,50,2,111
11582,31,0.9734985,234,9554,N,51.6666666666667,2,111
12790,32,1.14406875,275,11582,N,53.3333333333333,2,111
12281,33,1.10246625,265,12790,N,55,2,111
12397,34,1.0400625,250,12281,N,56.6666666666667,2,111
13759,35,0.8070885,194,12397,N,58.3333333333333,2,111
14415,36,0.95269725,229,13759,N,60,2,111
13132,37,0.78628725,189,14415,N,61.6666666666667,2,111
3336,0,0.6240375,150,NA,N,0,0,112
3201,1,0.61155675,147,3336,N,1.66666666666667,0,112
2812,2,0.648999,156,3201,N,3.33333333333333,0,112
2806,3,0.56163375,135,2812,N,5,0,112
2735,4,0.615717,148,2806,N,6.66666666666667,0,112
3098,5,0.78628725,189,2735,N,8.33333333333333,0,112
2714,6,0.615717,148,3098,N,10,0,112
2916,7,0.782127,188,2714,N,11.6666666666667,0,112
4881,8,0.6406785,154,2916,N,13.3333333333333,0,112
5819,9,0.6240375,150,4881,N,15,0,112
4575,10,0.73636425,177,5819,N,16.6666666666667,0,112
4776,11,0.55331325,133,4575,N,18.3333333333333,0,112
4621,12,0.60323625,145,4776,N,20,0,112
4947,13,0.87781275,211,4621,N,21.6666666666667,0,112
5257,14,0.56163375,135,4947,N,23.3333333333333,0,112
5308,15,0.615717,148,5257,N,25,0,112
7377,16,0.66980025,161,5308,N,26.6666666666667,0,112
9308,17,0.782127,188,7377,N,28.3333333333333,0,112
8074,18,0.582435,140,9308,N,30,0,112
6326,19,0.56995425,137,8074,N,31.6666666666667,0,112
7330,20,0.532512,128,6326,N,33.3333333333333,0,112
6408,21,0.798768,192,7330,N,35,0,112
6822,22,0.915255,220,6408,N,36.6666666666667,0,112
7889,23,0.58659525,141,6822,N,38.3333333333333,0,112
9989,24,0.66564,160,7889,N,40,0,112
11061,25,0.5241915,126,9989,N,41.6666666666667,0,112
8749,26,0.61155675,147,11061,N,43.3333333333333,0,112
10492,27,0.60323625,145,8749,N,45,0,112
8900,28,0.49923,120,10492,N,46.6666666666667,0,112
10438,29,0.56995425,137,8900,N,48.3333333333333,0,112
8989,30,0.5241915,126,10438,N,50,0,112
12566,32,0.60323625,145,8989,N,53.3333333333333,0,112
11887,33,0.46178775,111,12566,N,55,0,112
11942,34,0.47842875,115,11887,N,56.6666666666667,0,112
13406,35,0.47842875,115,11942,N,58.3333333333333,0,112
14223,36,0.5574735,134,13406,N,60,0,112
12936,37,0.52835175,127,14223,N,61.6666666666667,0,112
2825,0,0.7571655,182,NA,N,0,0,113
2643,1,0.698922,168,2825,N,1.66666666666667,0,113
2459,2,0.682281,164,2643,N,3.33333333333333,0,113
2396,3,0.68644125,165,2459,N,5,0,113
2388,4,0.682281,164,2396,N,6.66666666666667,0,113
2753,5,0.848691,204,2388,N,8.33333333333333,0,113
2373,6,0.68644125,165,2753,N,10,0,113
2502,7,0.7571655,182,2373,N,11.6666666666667,0,113
4143,8,0.78628725,189,2502,N,13.3333333333333,0,113
4120,9,0.8403705,202,4143,N,15,0,113
4283,10,0.915255,220,4120,N,16.6666666666667,0,113
4290,11,0.865332,208,4283,N,18.3333333333333,0,113
4436,12,0.86949225,209,4290,N,20,0,113
4538,13,1.07750475,259,4436,N,21.6666666666667,0,113
4496,14,0.96933825,233,4538,N,23.3333333333333,0,113
4841,15,0.99429975,239,4496,N,25,0,113
7170,16,1.0567035,254,4841,N,26.6666666666667,0,113
8646,17,1.1731905,282,7170,N,28.3333333333333,0,113
7883,18,1.181511,284,8646,N,30,0,113
6199,19,1.26887625,305,7883,N,31.6666666666667,0,113
7165,20,1.41032475,339,6199,N,33.3333333333333,0,113
6116,21,1.50185025,361,7165,N,35,0,113
6680,22,0.815409,196,6116,Y,36.6666666666667,1,113
7744,23,0.80292825,193,6680,N,38.3333333333333,1,113
9881,24,0.81956925,197,7744,N,40,1,113
10949,25,0.82788975,199,9881,N,41.6666666666667,1,113
8504,26,0.8902935,214,10949,N,43.3333333333333,1,113
10198,27,0.865332,208,8504,N,45,1,113
8530,28,0.9235755,222,10198,N,46.6666666666667,1,113
10133,29,0.9568575,230,8530,N,48.3333333333333,1,113
8663,30,1.06918425,257,10133,N,50,1,113
11452,31,1.16070975,279,8663,N,51.6666666666667,1,113
12459,32,1.34376075,323,11452,N,53.3333333333333,1,113
11680,33,1.26055575,303,12459,N,55,1,113
11739,34,1.297998,312,11680,N,56.6666666666667,1,113
13832,35,0.64483875,155,11739,Y,58.3333333333333,2,113
14465,36,0.61155675,147,13832,N,60,2,113
13225,37,0.5907555,142,14465,N,61.6666666666667,2,113
3849,0,0.782127,188,NA,N,0,0,114
3963,1,0.698922,168,3849,N,1.66666666666667,0,114
3563,2,0.80292825,193,3963,N,3.33333333333333,0,114
3658,3,0.58659525,141,3563,N,5,0,114
3571,4,0.62819775,151,3658,N,6.66666666666667,0,114
4050,5,0.85285125,205,3571,N,8.33333333333333,0,114
3721,6,0.66564,160,4050,N,10,0,114
3987,7,0.782127,188,3721,N,11.6666666666667,0,114
5926,8,0.89445375,215,3987,N,13.3333333333333,0,114
6059,9,0.798768,192,5926,N,15,0,114
5303,10,0.948537,228,6059,N,16.6666666666667,0,114
5677,11,0.7571655,182,5303,N,18.3333333333333,0,114
5353,12,0.70308225,169,5677,N,20,0,114
5773,13,0.96101775,231,5353,N,21.6666666666667,0,114
5908,14,0.75300525,181,5773,N,23.3333333333333,0,114
5941,15,0.78628725,189,5908,N,25,0,114
7700,16,0.82788975,199,5941,N,26.6666666666667,0,114
9766,17,0.83205,200,7700,N,28.3333333333333,0,114
8355,18,0.81956925,197,9766,N,30,0,114
6654,19,0.82788975,199,8355,N,31.6666666666667,0,114
7692,20,0.6906015,166,6654,N,33.3333333333333,0,114
6894,21,1.08582525,261,7692,N,35,0,114
7069,22,1.21895325,293,6894,N,36.6666666666667,0,114
8270,23,0.715563,172,7069,N,38.3333333333333,0,114
10604,24,0.798768,192,8270,N,40,0,114
11302,25,0.70308225,169,10604,N,41.6666666666667,0,114
9747,26,0.7571655,182,11302,N,43.3333333333333,0,114
11392,27,0.76132575,183,9747,N,45,0,114
9369,28,0.49506975,119,11392,N,46.6666666666667,0,114
10761,29,0.5574735,134,9369,N,48.3333333333333,0,114
3851,0,0.532512,128,NA,N,0,0,115
3965,1,0.50339025,121,3851,N,1.66666666666667,0,115
3565,2,0.6073965,146,3965,N,3.33333333333333,0,115
3660,3,0.56163375,135,3565,N,5,0,115
3574,4,0.53667225,129,3660,N,6.66666666666667,0,115
4051,5,0.54499275,131,3574,N,8.33333333333333,0,115
3723,6,0.482589,116,4051,N,10,0,115
3989,7,0.482589,116,3723,N,11.6666666666667,0,115
5929,8,0.44514675,107,3989,N,13.3333333333333,0,115
6060,9,0.449307,108,5929,N,15,0,115
5309,10,0.549153,132,6060,N,16.6666666666667,0,115
5680,11,0.48674925,117,5309,N,18.3333333333333,0,115
5359,12,0.48674925,117,5680,N,20,0,115
5778,13,0.6240375,150,5359,N,21.6666666666667,0,115
5911,14,0.432666,104,5778,N,23.3333333333333,0,115
5943,15,0.4742685,114,5911,N,25,0,115
7701,16,0.46178775,111,5943,N,26.6666666666667,0,115
9767,17,0.49923,120,7701,N,28.3333333333333,0,115
8356,18,0.515871,124,9767,N,30,0,115
6655,19,0.52835175,127,8356,N,31.6666666666667,0,115
7693,20,0.42018525,101,6655,N,33.3333333333333,0,115
6895,21,0.58659525,141,7693,N,35,0,115
7070,22,0.61155675,147,6895,N,36.6666666666667,0,115
8272,23,0.5241915,126,7070,N,38.3333333333333,0,115
10605,24,0.54499275,131,8272,N,40,0,115
11303,25,0.5241915,126,10605,N,41.6666666666667,0,115
9749,26,0.5075505,122,11303,N,43.3333333333333,0,115
11393,27,0.5075505,122,9749,N,45,0,115
3340,0,0.7904475,190,NA,N,0,0,116
3204,1,0.84453075,203,3340,N,1.66666666666667,0,116
2816,2,0.8070885,194,3204,N,3.33333333333333,0,116
2811,3,0.9402165,226,2816,N,5,0,116
2740,4,0.91941525,221,2811,N,6.66666666666667,0,116
3102,5,0.965178,232,2740,N,8.33333333333333,0,116
2717,6,1.06918425,257,3102,N,10,0,116
2921,7,1.08582525,261,2717,N,11.6666666666667,0,116
4886,8,1.09414575,263,2921,N,13.3333333333333,0,116
5820,9,1.297998,312,4886,N,15,0,116
4583,10,1.281357,308,5820,N,16.6666666666667,0,116
4799,11,1.30215825,313,4583,N,18.3333333333333,0,116
4624,12,1.49352975,359,4799,N,20,0,116
4954,13,1.9053945,458,4624,N,21.6666666666667,0,116
5263,14,1.45192725,349,4954,N,23.3333333333333,0,116
5316,15,1.464408,352,5263,N,25,0,116
7380,16,1.813869,436,5316,N,26.6666666666667,0,116
9312,17,1.96779825,473,7380,N,28.3333333333333,0,116
15023,18,NA,-1,9312,Y,30,1,116
3343,0,0.915255,220,NA,N,0,0,117
3208,1,1.031742,248,3343,N,1.66666666666667,0,117
2822,2,0.9402165,226,3208,N,3.33333333333333,0,117
2817,3,0.96933825,233,2822,N,5,0,117
2749,4,1.031742,248,2817,N,6.66666666666667,0,117
2721,6,1.1232675,270,2749,N,10,0,117
2930,7,1.065024,256,2721,N,11.6666666666667,0,117
4898,8,1.1731905,282,2930,N,13.3333333333333,0,117
5825,9,1.2231135,294,4898,N,15,0,117
4587,10,1.3728825,330,5825,N,16.6666666666667,0,117
4820,11,1.40200425,337,4587,N,18.3333333333333,0,117
4631,12,1.41032475,339,4820,N,20,0,117
4964,13,1.397844,336,4631,N,21.6666666666667,0,117
5273,14,1.4560875,350,4964,N,23.3333333333333,0,117
5328,15,1.630818,392,5273,N,25,0,117
7384,16,1.69322175,407,5328,N,26.6666666666667,0,117
9319,17,2.046843,492,7384,N,28.3333333333333,0,117
8080,18,2.06764425,497,9319,N,30,0,117
6331,19,2.00108025,481,8080,N,31.6666666666667,0,117
7335,20,0.9402165,226,6331,Y,33.3333333333333,1,117
6415,21,0.99429975,239,7335,N,35,1,117
6830,22,1.065024,256,6415,N,36.6666666666667,1,117
7899,23,1.0567035,254,6830,N,38.3333333333333,1,117
9993,24,1.10246625,265,7899,N,40,1,117
11067,25,1.16903025,281,9993,N,41.6666666666667,1,117
8793,26,1.07750475,259,11067,N,43.3333333333333,1,117
10521,27,1.27719675,307,8793,N,45,1,117
2839,0,1.41032475,339,NA,N,0,0,118
2654,1,1.630818,392,2839,N,1.66666666666667,0,118
2462,2,1.49769,360,2654,N,3.33333333333333,0,118
2401,3,1.49352975,359,2462,N,5,0,118
2397,4,1.62665775,391,2401,N,6.66666666666667,0,118
2765,5,0.81124875,195,2397,Y,8.33333333333333,1,118
2384,6,0.73636425,177,2765,N,10,1,118
2507,7,0.815409,196,2384,N,11.6666666666667,1,118
4145,8,0.99846,240,2507,N,13.3333333333333,1,118
4122,9,0.881973,212,4145,N,15,1,118
4287,10,0.9734985,234,4122,N,16.6666666666667,1,118
4294,11,1.06086375,255,4287,N,18.3333333333333,1,118
4441,12,1.1066265,266,4294,N,20,1,118
4544,13,1.36872225,329,4441,N,21.6666666666667,1,118
4500,14,1.21063275,291,4544,N,23.3333333333333,1,118
4855,15,1.28551725,309,4500,N,25,1,118
7173,16,1.2730365,306,4855,N,26.6666666666667,1,118
8648,17,1.397844,336,7173,N,28.3333333333333,1,118
7886,18,1.381203,332,8648,N,30,1,118
6200,19,1.40200425,337,7886,N,31.6666666666667,1,118
7166,20,1.65161925,397,6200,N,33.3333333333333,1,118
6117,21,1.7389845,418,7166,N,35,1,118
6682,22,2.09260575,503,6117,N,36.6666666666667,1,118
7745,23,1.78474725,429,6682,N,38.3333333333333,1,118
9882,24,1.8221895,438,7745,N,40,1,118
10950,25,0.8570115,206,9882,Y,41.6666666666667,2,118
8505,26,0.865332,208,10950,N,43.3333333333333,2,118
10199,27,0.948537,228,8505,N,45,2,118
8532,28,0.9568575,230,10199,N,46.6666666666667,2,118
10136,29,1.12742775,271,8532,N,48.3333333333333,2,118
3353,0,1.15238925,277,NA,N,0,0,119
3212,1,1.1898315,286,3353,N,1.66666666666667,0,119
2827,2,1.14406875,275,3212,N,3.33333333333333,0,119
2821,3,1.231434,296,2827,N,5,0,119
2755,4,1.3063185,314,2821,N,6.66666666666667,0,119
3110,5,1.2064725,290,2755,N,8.33333333333333,0,119
2725,6,1.29383775,311,3110,N,10,0,119
2942,7,1.381203,332,2725,N,11.6666666666667,0,119
4927,8,1.50185025,361,2942,N,13.3333333333333,0,119
5831,9,1.5892155,382,4927,N,15,0,119
4589,10,0.76964625,185,5831,Y,16.6666666666667,1,119
4832,11,0.79460775,191,4589,N,18.3333333333333,1,119
4638,12,0.89445375,215,4832,N,20,1,119
4975,13,1.0067805,242,4638,N,21.6666666666667,1,119
2843,0,0.9402165,226,NA,N,0,0,120
2670,1,0.981819,236,2843,N,1.66666666666667,0,120
2465,2,1.031742,248,2670,N,3.33333333333333,0,120
2416,3,1.181511,284,2465,N,5,0,120
2405,4,1.098306,264,2416,N,6.66666666666667,0,120
2772,5,1.214793,292,2405,N,8.33333333333333,0,120
2395,6,1.39368375,335,2772,N,10,0,120
2512,7,1.431126,344,2395,N,11.6666666666667,0,120
4148,8,1.547613,372,2512,N,13.3333333333333,0,120
4126,9,1.54345275,371,4148,N,15,0,120
4296,10,1.50185025,361,4126,N,16.6666666666667,0,120
4304,11,1.56009375,375,4296,N,18.3333333333333,0,120
4446,12,1.614177,388,4304,N,20,0,120
4557,13,1.6391385,394,4446,N,21.6666666666667,0,120
4515,14,0.76132575,183,4557,Y,23.3333333333333,1,120
4879,15,0.88613325,213,4515,N,25,1,120
7181,16,0.9235755,222,4879,N,26.6666666666667,1,120
8659,17,1.0067805,242,7181,N,28.3333333333333,1,120
7891,18,1.00262025,241,8659,N,30,1,120
6204,19,1.10246625,265,7891,N,31.6666666666667,1,120
7171,20,1.14406875,275,6204,N,33.3333333333333,1,120
6121,21,1.314639,316,7171,N,35,1,120
6686,22,1.1399085,274,6121,N,36.6666666666667,1,120
7749,23,1.1898315,286,6686,N,38.3333333333333,1,120
9886,24,1.2563955,302,7749,N,40,1,120
10956,25,1.36040175,327,9886,N,41.6666666666667,1,120
8513,26,1.23559425,297,10956,N,43.3333333333333,1,120
10208,27,1.4061645,338,8513,N,45,1,120
2850,0,1.31047875,315,NA,N,0,0,121
2676,1,1.447767,348,2850,N,1.66666666666667,0,121
2470,2,1.33544025,321,2676,N,3.33333333333333,0,121
2421,3,1.57673475,379,2470,N,5,0,121
2415,4,1.431126,344,2421,N,6.66666666666667,0,121
2780,5,1.70986275,411,2415,N,8.33333333333333,0,121
2403,6,1.7556255,422,2780,N,10,0,121
2515,7,1.00262025,241,2403,Y,11.6666666666667,1,121
4127,9,0.915255,220,2515,N,15,1,121
3366,0,1.198152,288,NA,N,0,0,122
3219,1,1.0567035,254,3366,N,1.66666666666667,0,122
2836,2,1.31047875,315,3219,N,3.33333333333333,0,122
2831,3,1.40200425,337,2836,N,5,0,122
2767,4,1.37704275,331,2831,N,6.66666666666667,0,122
3126,5,1.50185025,361,2767,N,8.33333333333333,0,122
2742,6,1.77642675,427,3126,N,10,0,122
15029,7,NA,-1,2742,Y,11.6666666666667,1,122
3370,0,0.815409,196,NA,N,0,0,123
3222,1,0.765486,184,3370,N,1.66666666666667,0,123
2841,2,0.9069345,218,3222,N,3.33333333333333,0,123
2838,3,0.85285125,205,2841,N,5,0,123
2773,4,0.99846,240,2838,N,6.66666666666667,0,123
3129,5,1.10246625,265,2773,N,8.33333333333333,0,123
2746,6,1.1565495,278,3129,N,10,0,123
2966,7,1.15238925,277,2746,N,11.6666666666667,0,123
4955,8,1.314639,316,2966,N,13.3333333333333,0,123
5838,9,1.26887625,305,4955,N,15,0,123
4601,10,1.5725745,378,5838,N,16.6666666666667,0,123
4850,11,1.4560875,350,4601,N,18.3333333333333,0,123
4648,12,1.56009375,375,4850,N,20,0,123
4993,13,0.77796675,187,4648,Y,21.6666666666667,1,123
2861,0,0.72804375,175,NA,N,0,0,124
2686,1,0.74468475,179,2861,N,1.66666666666667,0,124
2472,2,0.68644125,165,2686,N,3.33333333333333,0,124
2424,3,0.71140275,171,2472,N,5,0,124
2418,4,0.7405245,178,2424,N,6.66666666666667,0,124
2785,5,0.85285125,205,2418,N,8.33333333333333,0,124
2407,6,0.798768,192,2785,N,10,0,124
2522,7,0.8403705,202,2407,N,11.6666666666667,0,124
4150,8,0.8237295,198,2522,N,13.3333333333333,0,124
4130,9,0.84453075,203,4150,N,15,0,124
4302,10,0.96101775,231,4130,N,16.6666666666667,0,124
4309,11,0.99429975,239,4302,N,18.3333333333333,0,124
4458,12,0.9235755,222,4309,N,20,0,124
4617,13,1.06918425,257,4458,N,21.6666666666667,0,124
4540,14,1.0067805,242,4617,N,23.3333333333333,0,124
4899,15,1.14406875,275,4540,N,25,0,124
7188,16,1.21895325,293,4899,N,26.6666666666667,0,124
8703,17,1.42696575,343,7188,N,28.3333333333333,0,124
7898,18,1.36872225,329,8703,N,30,0,124
6208,19,1.51017075,363,7898,N,31.6666666666667,0,124
7175,20,1.49352975,359,6208,N,33.3333333333333,0,124
6128,21,1.65161925,397,7175,N,35,0,124
6691,22,0.89445375,215,6128,Y,36.6666666666667,1,124
7754,23,0.77796675,187,6691,N,38.3333333333333,1,124
9892,24,0.76964625,185,7754,N,40,1,124
10960,25,0.80292825,193,9892,N,41.6666666666667,1,124
8526,26,1.16487,280,10960,N,43.3333333333333,1,124
3375,0,0.9235755,222,NA,N,0,0,125
3226,1,0.99846,240,3375,N,1.66666666666667,0,125
2845,2,0.9901395,238,3226,N,3.33333333333333,0,125
2844,3,0.90277425,217,2845,N,5,0,125
2779,4,0.99846,240,2844,N,6.66666666666667,0,125
3133,5,1.21063275,291,2779,N,8.33333333333333,0,125
2751,6,0.9734985,234,3133,N,10,0,125
2970,7,1.0899855,262,2751,N,11.6666666666667,0,125
4974,8,1.06086375,255,2970,N,13.3333333333333,0,125
5844,9,1.131588,272,4974,N,15,0,125
4605,10,1.31047875,315,5844,N,16.6666666666667,0,125
4856,11,1.19399175,287,4605,N,18.3333333333333,0,125
4651,12,1.26887625,305,4856,N,20,0,125
5006,13,1.5060105,362,4651,N,21.6666666666667,0,125
5312,14,1.297998,312,5006,N,23.3333333333333,0,125
5373,15,1.31047875,315,5312,N,25,0,125
7399,16,1.75146525,421,5373,N,26.6666666666667,0,125
9352,17,0.815409,196,7399,Y,28.3333333333333,1,125
8091,18,0.8070885,194,9352,N,30,1,125
2866,0,1.01926125,245,NA,N,0,0,126
2691,1,1.00262025,241,2866,N,1.66666666666667,0,126
2474,2,1.1066265,266,2691,N,3.33333333333333,0,126
2425,3,1.031742,248,2474,N,5,0,126
2444,4,1.22727375,295,2425,N,6.66666666666667,0,126
2789,5,1.248075,300,2444,N,8.33333333333333,0,126
2417,6,1.481049,356,2789,N,10,0,126
2527,7,1.4394465,346,2417,N,11.6666666666667,0,126
4152,8,1.4560875,350,2527,N,13.3333333333333,0,126
4132,9,1.65993975,399,4152,N,15,0,126
4307,10,1.78474725,429,4132,N,16.6666666666667,0,126
4314,11,1.77642675,427,4307,N,18.3333333333333,0,126
4462,12,1.61833725,389,4314,N,20,0,126
4668,13,2.229894,536,4462,N,21.6666666666667,0,126
4649,14,0.782127,188,4668,Y,23.3333333333333,1,126
5104,15,0.7238835,174,4649,N,25,1,126
7279,16,0.7738065,186,5104,N,26.6666666666667,1,126
9161,17,0.8070885,194,7279,N,28.3333333333333,1,126
8004,18,0.83205,200,9161,N,30,1,126
6251,19,0.8736525,210,8004,N,31.6666666666667,1,126
7242,20,0.9901395,238,6251,N,33.3333333333333,1,126
6219,21,1.031742,248,7242,N,35,1,126
6740,22,1.0899855,262,6219,N,36.6666666666667,1,126
7798,23,1.09414575,263,6740,N,38.3333333333333,1,126
9943,24,1.24391475,299,7798,N,40,1,126
11012,25,1.447767,348,9943,N,41.6666666666667,1,126
8605,26,1.5060105,362,11012,N,43.3333333333333,1,126
10341,27,1.3728825,330,8605,N,45,1,126
10752,29,0.7072425,170,10341,Y,48.3333333333333,2,126
8482,30,0.72804375,175,10752,N,50,2,126
11665,33,0.83621025,201,8482,N,55,2,126
11717,34,0.77796675,187,11665,N,56.6666666666667,2,126
13828,35,0.8570115,206,11717,N,58.3333333333333,2,126
14459,36,0.93605625,225,13828,N,60,2,126
3380,0,0.71972325,173,NA,N,0,0,127
3236,1,0.732204,176,3380,N,1.66666666666667,0,127
2849,2,0.76964625,185,3236,N,3.33333333333333,0,127
2848,3,0.91109475,219,2849,N,5,0,127
2784,4,0.85285125,205,2848,N,6.66666666666667,0,127
3139,5,0.91109475,219,2784,N,8.33333333333333,0,127
2756,6,0.8070885,194,3139,N,10,0,127
2974,7,0.881973,212,2756,N,11.6666666666667,0,127
4985,8,0.9568575,230,2974,N,13.3333333333333,0,127
5869,9,0.98597925,237,4985,N,15,0,127
4607,10,0.86949225,209,5869,N,16.6666666666667,0,127
4861,11,1.065024,256,4607,N,18.3333333333333,0,127
4652,12,1.0400625,250,4861,N,20,0,127
5013,13,1.06086375,255,4652,N,21.6666666666667,0,127
5315,14,1.081665,260,5013,N,23.3333333333333,0,127
5375,15,1.2064725,290,5315,N,25,0,127
7402,16,1.2064725,290,5375,N,26.6666666666667,0,127
9358,17,1.231434,296,7402,N,28.3333333333333,0,127
8095,18,1.26887625,305,9358,N,30,0,127
6339,19,1.2730365,306,8095,N,31.6666666666667,0,127
7345,20,1.3728825,330,6339,N,33.3333333333333,0,127
6437,21,1.44360675,347,7345,N,35,0,127
6850,22,1.57673475,379,6437,N,36.6666666666667,0,127
7917,23,1.4560875,350,6850,N,38.3333333333333,0,127
10005,24,1.52681175,367,7917,N,40,0,127
11079,25,1.3229595,318,10005,N,41.6666666666667,0,127
8849,26,0.80292825,193,11079,Y,43.3333333333333,1,127
10144,27,0.8070885,194,8849,N,45,1,127
9798,29,0.87781275,211,10144,N,48.3333333333333,1,127
9118,30,0.84453075,203,9798,N,50,1,127
12611,32,0.99429975,239,9118,N,53.3333333333333,1,127
11989,33,1.25223525,301,12611,N,55,1,127
12047,34,1.198152,288,11989,N,56.6666666666667,1,127
13983,35,1.347921,324,12047,N,58.3333333333333,1,127
14588,36,1.431126,344,13983,N,60,1,127
12960,37,0.99429975,239,14588,Y,61.6666666666667,2,127
2870,0,0.76964625,185,NA,N,0,0,128
2692,1,0.7238835,174,2870,N,1.66666666666667,0,128
2478,2,0.66980025,161,2692,N,3.33333333333333,0,128
2426,3,0.66564,160,2478,N,5,0,128
2447,4,0.65315925,157,2426,N,6.66666666666667,0,128
2796,5,0.71972325,173,2447,N,8.33333333333333,0,128
2443,6,0.66147975,159,2796,N,10,0,128
2529,7,0.6406785,154,2443,N,11.6666666666667,0,128
4154,8,0.648999,156,2529,N,13.3333333333333,0,128
4134,9,0.66564,160,4154,N,15,0,128
4310,10,0.732204,176,4134,N,16.6666666666667,0,128
4317,11,0.6739605,162,4310,N,18.3333333333333,0,128
4464,12,0.682281,164,4317,N,20,0,128
4672,13,0.92773575,223,4464,N,21.6666666666667,0,128
4542,14,0.6406785,154,4672,N,23.3333333333333,0,128
4903,15,0.63651825,153,4542,N,25,0,128
7190,16,0.6573195,158,4903,N,26.6666666666667,0,128
8707,17,0.78628725,189,7190,N,28.3333333333333,0,128
7900,18,0.72804375,175,8707,N,30,0,128
6209,19,0.7072425,170,7900,N,31.6666666666667,0,128
7176,20,0.69476175,167,6209,N,33.3333333333333,0,128
6129,21,0.815409,196,7176,N,35,0,128
6692,22,0.83621025,201,6129,N,36.6666666666667,0,128
7756,23,0.7738065,186,6692,N,38.3333333333333,0,128
9894,24,0.7571655,182,7756,N,40,0,128
10962,25,0.632358,152,9894,N,41.6666666666667,0,128
8535,26,0.7904475,190,10962,N,43.3333333333333,0,128
10225,27,0.66147975,159,8535,N,45,0,128
8560,28,0.41186475,99,10225,N,46.6666666666667,0,128
10162,29,0.4243455,102,8560,N,48.3333333333333,0,128
8696,30,0.46178775,111,10162,N,50,0,128
12470,32,0.42018525,101,8696,N,53.3333333333333,0,128
11703,33,0.42018525,101,12470,N,55,0,128
11764,34,0.42018525,101,11703,N,56.6666666666667,0,128
13256,35,0.49923,120,11764,N,58.3333333333333,0,128
14070,36,0.5574735,134,13256,N,60,0,128
12857,37,0.63651825,153,14070,N,61.6666666666667,0,128
3383,0,0.881973,212,NA,N,0,0,129
3240,1,1.0400625,250,3383,N,1.66666666666667,0,129
2853,2,0.96101775,231,3240,N,3.33333333333333,0,129
2875,3,0.981819,236,2853,N,5,0,129
2854,4,1.03590225,249,2875,N,6.66666666666667,0,129
3142,5,1.26887625,305,2854,N,8.33333333333333,0,129
2762,6,1.181511,284,3142,N,10,0,129
2980,7,1.46024775,351,2762,N,11.6666666666667,0,129
5000,8,1.4228055,342,2980,N,13.3333333333333,0,129
5872,9,1.5226515,366,5000,N,15,0,129
4610,10,1.7057025,410,5872,N,16.6666666666667,0,129
4866,11,1.6641,400,4610,N,18.3333333333333,0,129
4654,12,1.6058565,386,4866,N,20,0,129
5025,13,1.70986275,411,4654,N,21.6666666666667,0,129
5329,14,1.78474725,429,5025,N,23.3333333333333,0,129
5590,15,0.95269725,229,5329,Y,25,1,129
7529,16,0.9069345,218,5590,N,26.6666666666667,1,129
9614,17,0.9734985,234,7529,N,28.3333333333333,1,129
8240,18,0.95269725,229,9614,N,30,1,129
6466,19,0.96101775,231,8240,N,31.6666666666667,1,129
7478,20,1.0567035,254,6466,N,33.3333333333333,1,129
6579,21,1.0400625,250,7478,N,35,1,129
6952,22,1.06918425,257,6579,N,36.6666666666667,1,129
8048,23,1.214793,292,6952,N,38.3333333333333,1,129
10135,24,1.24391475,299,8048,N,40,1,129
11176,25,1.264716,304,10135,N,41.6666666666667,1,129
9397,26,1.3562415,326,11176,N,43.3333333333333,1,129
10842,27,1.36040175,327,9397,N,45,1,129
3387,0,0.9901395,238,NA,N,0,0,130
3245,1,1.0067805,242,3387,N,1.66666666666667,0,130
2857,2,1.07750475,259,3245,N,3.33333333333333,0,130
2881,3,1.12742775,271,2857,N,5,0,130
2860,4,1.12742775,271,2881,N,6.66666666666667,0,130
3158,5,1.29383775,311,2860,N,8.33333333333333,0,130
2941,6,1.2730365,306,3158,N,10,0,130
2993,7,1.46024775,351,2941,N,11.6666666666667,0,130
5022,8,1.381203,332,2993,N,13.3333333333333,0,130
5877,9,1.48520925,357,5022,N,15,0,130
4618,10,0.91109475,219,5877,Y,16.6666666666667,1,130
4890,11,0.7072425,170,4618,N,18.3333333333333,1,130
4659,12,0.6906015,166,4890,N,20,1,130
5037,13,0.97765875,235,4659,N,21.6666666666667,1,130
5346,14,0.80292825,193,5037,N,23.3333333333333,1,130
3392,0,0.782127,188,NA,N,0,0,131
3252,1,0.915255,220,3392,N,1.66666666666667,0,131
2862,2,0.8902935,214,3252,N,3.33333333333333,0,131
2887,3,0.83621025,201,2862,N,5,0,131
2864,4,0.848691,204,2887,N,6.66666666666667,0,131
3163,5,0.9901395,238,2864,N,8.33333333333333,0,131
2948,6,1.0067805,242,3163,N,10,0,131
3005,7,1.048383,252,2948,N,11.6666666666667,0,131
5028,8,0.97765875,235,3005,N,13.3333333333333,0,131
5879,9,0.948537,228,5028,N,15,0,131
4620,10,1.21895325,293,5879,N,16.6666666666667,0,131
4895,11,1.24391475,299,4620,N,18.3333333333333,0,131
4661,12,1.44360675,347,4895,N,20,0,131
5043,13,1.29383775,311,4661,N,21.6666666666667,0,131
5351,14,1.49352975,359,5043,N,23.3333333333333,0,131
5394,15,1.46024775,351,5351,N,25,0,131
7409,16,1.547613,372,5394,N,26.6666666666667,0,131
9376,17,1.76810625,425,7409,N,28.3333333333333,0,131
8103,18,0.90277425,217,9376,Y,30,1,131
6346,19,0.948537,228,8103,N,31.6666666666667,1,131
7351,20,0.9568575,230,6346,N,33.3333333333333,1,131
6445,21,1.031742,248,7351,N,35,1,131
6859,22,0.91109475,219,6445,N,36.6666666666667,1,131
8790,26,1.231434,296,6859,N,43.3333333333333,1,131
10512,27,1.264716,304,8790,N,45,1,131
2883,0,0.71140275,171,NA,N,0,0,132
2705,1,0.798768,192,2883,N,1.66666666666667,0,132
2485,2,0.7072425,170,2705,N,3.33333333333333,0,132
2427,3,0.765486,184,2485,N,5,0,132
2450,4,0.68644125,165,2427,N,6.66666666666667,0,132
2800,5,0.78628725,189,2450,N,8.33333333333333,0,132
2513,6,0.73636425,177,2800,N,10,0,132
2532,7,0.80292825,193,2513,N,11.6666666666667,0,132
4156,8,0.7904475,190,2532,N,13.3333333333333,0,132
4136,9,0.82788975,199,4156,N,15,0,132
4313,10,0.765486,184,4136,N,16.6666666666667,0,132
4323,11,0.7238835,174,4313,N,18.3333333333333,0,132
4467,12,0.73636425,177,4323,N,20,0,132
4676,13,0.91941525,221,4467,N,21.6666666666667,0,132
4545,14,0.68644125,165,4676,N,23.3333333333333,0,132
4922,15,0.69476175,167,4545,N,25,0,132
7192,16,0.68644125,165,4922,N,26.6666666666667,0,132
8709,17,0.72804375,175,7192,N,28.3333333333333,0,132
7902,18,0.72804375,175,8709,N,30,0,132
6210,19,0.6573195,158,7902,N,31.6666666666667,0,132
7177,20,0.6406785,154,6210,N,33.3333333333333,0,132
6130,21,0.782127,188,7177,N,35,0,132
6693,22,0.9402165,226,6130,N,36.6666666666667,0,132
7757,23,0.7405245,178,6693,N,38.3333333333333,0,132
9895,24,0.7738065,186,7757,N,40,0,132
10963,25,0.66564,160,9895,N,41.6666666666667,0,132
8537,26,0.6906015,166,10963,N,43.3333333333333,0,132
10227,27,0.52835175,127,8537,N,45,0,132
8562,28,0.6073965,146,10227,N,46.6666666666667,0,132
10164,29,0.66147975,159,8562,N,48.3333333333333,0,132
8700,30,0.66980025,161,10164,N,50,0,132
12471,32,0.6073965,146,8700,N,53.3333333333333,0,132
11705,33,0.8070885,194,12471,N,55,0,132
11766,34,0.81956925,197,11705,N,56.6666666666667,0,132
13258,35,0.8237295,198,11766,N,58.3333333333333,0,132
14071,36,0.75300525,181,13258,N,60,0,132
12858,37,0.7238835,174,14071,N,61.6666666666667,0,132
3397,0,1.11910725,269,NA,N,0,0,133
3256,1,1.05254325,253,3397,N,1.66666666666667,0,133
2893,3,0.981819,236,3256,N,5,0,133
2872,4,1.11078675,267,2893,N,6.66666666666667,0,133
3167,5,1.31879925,317,2872,N,8.33333333333333,0,133
2955,6,1.28551725,309,3167,N,10,0,133
3011,7,1.41032475,339,2955,N,11.6666666666667,0,133
5036,8,1.297998,312,3011,N,13.3333333333333,0,133
5882,9,1.248075,300,5036,N,15,0,133
4623,10,1.36040175,327,5882,N,16.6666666666667,0,133
4900,11,1.16070975,279,4623,N,18.3333333333333,0,133
4663,12,1.18567125,285,4900,N,20,0,133
5048,13,0.9235755,222,4663,N,21.6666666666667,0,133
5356,14,1.148229,276,5048,N,23.3333333333333,0,133
5395,15,1.21895325,293,5356,N,25,0,133
7411,16,1.04422275,251,5395,N,26.6666666666667,0,133
9378,17,0.8570115,206,7411,N,28.3333333333333,0,133
8104,18,0.88613325,213,9378,N,30,0,133
6347,19,1.01094075,243,8104,N,31.6666666666667,0,133
7352,20,1.21063275,291,6347,N,33.3333333333333,0,133
6448,21,1.08582525,261,7352,N,35,0,133
6860,22,0.915255,220,6448,N,36.6666666666667,0,133
7923,23,0.8570115,206,6860,N,38.3333333333333,0,133
10011,24,0.7904475,190,7923,N,40,0,133
11085,25,0.8570115,206,10011,N,41.6666666666667,0,133
8564,28,0.79460775,191,11085,N,46.6666666666667,0,133
10168,29,0.86117175,207,8564,N,48.3333333333333,0,133
8702,30,1.07750475,259,10168,N,50,0,133
11468,31,0.87781275,211,8702,N,51.6666666666667,0,133
12472,32,1.03590225,249,11468,N,53.3333333333333,0,133
11707,33,1.031742,248,12472,N,55,0,133
11768,34,0.9568575,230,11707,N,56.6666666666667,0,133
13261,35,0.99846,240,11768,N,58.3333333333333,0,133
14073,36,0.9069345,218,13261,N,60,0,133
12860,37,0.881973,212,14073,N,61.6666666666667,0,133
2892,0,0.83205,200,NA,N,0,0,134
2709,1,0.83621025,201,2892,N,1.66666666666667,0,134
2487,2,0.798768,192,2709,N,3.33333333333333,0,134
2428,3,0.79460775,191,2487,N,5,0,134
2452,4,0.8570115,206,2428,N,6.66666666666667,0,134
2802,5,0.848691,204,2452,N,8.33333333333333,0,134
2516,6,0.8237295,198,2802,N,10,0,134
2535,7,0.8403705,202,2516,N,11.6666666666667,0,134
4158,8,0.86949225,209,2535,N,13.3333333333333,0,134
4138,9,0.8237295,198,4158,N,15,0,134
4315,10,0.85285125,205,4138,N,16.6666666666667,0,134
4325,11,0.85285125,205,4315,N,18.3333333333333,0,134
4470,12,0.898614,216,4325,N,20,0,134
4680,13,1.031742,248,4470,N,21.6666666666667,0,134
4547,14,0.87781275,211,4680,N,23.3333333333333,0,134
4928,15,0.84453075,203,4547,N,25,0,134
7194,16,0.86117175,207,4928,N,26.6666666666667,0,134
8714,17,0.95269725,229,7194,N,28.3333333333333,0,134
7904,18,0.931896,224,8714,N,30,0,134
6212,19,1.00262025,241,7904,N,31.6666666666667,0,134
7178,20,1.04422275,251,6212,N,33.3333333333333,0,134
6131,21,1.02758175,247,7178,N,35,0,134
6694,22,1.031742,248,6131,N,36.6666666666667,0,134
7758,23,1.11910725,269,6694,N,38.3333333333333,0,134
9896,24,1.17735075,283,7758,N,40,0,134
10964,25,1.214793,292,9896,N,41.6666666666667,0,134
8540,26,1.281357,308,10964,N,43.3333333333333,0,134
10229,27,1.27719675,307,8540,N,45,0,134
2899,0,0.96933825,233,NA,N,0,0,135
2716,1,1.08582525,261,2899,N,1.66666666666667,0,135
2491,2,1.14406875,275,2716,N,3.33333333333333,0,135
2429,3,1.06918425,257,2491,N,5,0,135
2455,4,1.1565495,278,2429,N,6.66666666666667,0,135
2807,5,1.031742,248,2455,N,8.33333333333333,0,135
2519,6,1.198152,288,2807,N,10,0,135
2541,7,1.23559425,297,2519,N,11.6666666666667,0,135
4161,8,1.697382,408,2541,N,13.3333333333333,0,135
4140,9,1.51849125,365,4161,N,15,0,135
4320,10,1.880433,452,4140,N,16.6666666666667,0,135
5304,11,0.66980025,161,4320,Y,18.3333333333333,1,135
4873,12,0.732204,176,5304,N,20,1,135
5377,13,1.131588,272,4873,N,21.6666666666667,1,135
5563,14,1.11910725,269,5377,N,23.3333333333333,1,135
5581,15,1.0234215,246,5563,N,25,1,135
7521,16,1.11078675,267,5581,N,26.6666666666667,1,135
9607,17,1.09414575,263,7521,N,28.3333333333333,1,135
8236,18,1.09414575,263,9607,N,30,1,135
6457,19,1.08582525,261,8236,N,31.6666666666667,1,135
7469,20,1.148229,276,6457,N,33.3333333333333,1,135
6571,21,1.27719675,307,7469,N,35,1,135
6947,22,1.6557795,398,6571,N,36.6666666666667,1,135
8038,23,1.381203,332,6947,N,38.3333333333333,1,135
10114,24,1.72650375,415,8038,N,40,1,135
11169,25,1.5392925,370,10114,N,41.6666666666667,1,135
9202,26,1.70986275,411,11169,N,43.3333333333333,1,135
10834,27,0.59491575,143,9202,Y,45,2,135
9098,28,0.81956925,197,10834,N,46.6666666666667,2,135
2903,0,0.77796675,187,NA,N,0,0,136
2727,1,0.86117175,207,2903,N,1.66666666666667,0,136
2495,2,0.915255,220,2727,N,3.33333333333333,0,136
2430,3,0.85285125,205,2495,N,5,0,136
2458,4,0.8070885,194,2430,N,6.66666666666667,0,136
2814,5,0.965178,232,2458,N,8.33333333333333,0,136
2523,6,0.87781275,211,2814,N,10,0,136
2548,7,0.79460775,191,2523,N,11.6666666666667,0,136
4163,8,0.931896,224,2548,N,13.3333333333333,0,136
4142,9,0.965178,232,4163,N,15,0,136
4324,10,0.93605625,225,4142,N,16.6666666666667,0,136
4328,11,0.80292825,193,4324,N,18.3333333333333,0,136
4471,12,0.7904475,190,4328,N,20,0,136
4683,13,1.0234215,246,4471,N,21.6666666666667,0,136
4549,14,0.748845,180,4683,N,23.3333333333333,0,136
4937,15,0.84453075,203,4549,N,25,0,136
7196,16,0.848691,204,4937,N,26.6666666666667,0,136
8717,17,0.9235755,222,7196,N,28.3333333333333,0,136
7906,18,0.848691,204,8717,N,30,0,136
6213,19,0.81956925,197,7906,N,31.6666666666667,0,136
7182,20,0.765486,184,6213,N,33.3333333333333,0,136
6133,21,1.06918425,257,7182,N,35,0,136
6695,22,1.12742775,271,6133,N,36.6666666666667,0,136
7759,23,0.76132575,183,6695,N,38.3333333333333,0,136
9897,24,0.81956925,197,7759,N,40,0,136
10965,25,0.815409,196,9897,N,41.6666666666667,0,136
8544,26,0.78628725,189,10965,N,43.3333333333333,0,136
10232,27,0.815409,196,8544,N,45,0,136
8570,28,0.615717,148,10232,N,46.6666666666667,0,136
10170,29,0.56995425,137,8570,N,48.3333333333333,0,136
8705,30,0.65315925,157,10170,N,50,0,136
11469,31,0.615717,148,8705,N,51.6666666666667,0,136
12474,32,0.56163375,135,11469,N,53.3333333333333,0,136
11710,33,0.565794,136,12474,N,55,0,136
11743,34,1.015101,244,11710,N,56.6666666666667,0,136
13243,35,1.1066265,266,11743,N,58.3333333333333,0,136
14055,36,1.1066265,266,13243,N,60,0,136
12850,37,1.11910725,269,14055,N,61.6666666666667,0,136
3425,0,0.798768,192,NA,N,0,0,137
3259,1,0.80292825,193,3425,N,1.66666666666667,0,137
2867,2,0.77796675,187,3259,N,3.33333333333333,0,137
2898,3,0.7571655,182,2867,N,5,0,137
2879,4,0.76132575,183,2898,N,6.66666666666667,0,137
3173,5,0.8902935,214,2879,N,8.33333333333333,0,137
2961,6,0.88613325,213,3173,N,10,0,137
3019,7,0.981819,236,2961,N,11.6666666666667,0,137
5041,8,0.981819,236,3019,N,13.3333333333333,0,137
5886,9,0.9402165,226,5041,N,15,0,137
4625,10,0.9901395,238,5886,N,16.6666666666667,0,137
4905,11,0.9901395,238,4625,N,18.3333333333333,0,137
4664,12,0.931896,224,4905,N,20,0,137
5053,13,1.08582525,261,4664,N,21.6666666666667,0,137
5363,14,1.0067805,242,5053,N,23.3333333333333,0,137
5399,15,1.22727375,295,5363,N,25,0,137
7413,16,1.281357,308,5399,N,26.6666666666667,0,137
9380,17,1.28551725,309,7413,N,28.3333333333333,0,137
8105,18,1.24391475,299,9380,N,30,0,137
6348,19,1.4394465,346,8105,N,31.6666666666667,0,137
7353,20,1.59337575,383,6348,N,33.3333333333333,0,137
6451,21,1.69322175,407,7353,N,35,0,137
6865,22,0.89445375,215,6451,Y,36.6666666666667,1,137
7925,23,0.81956925,197,6865,N,38.3333333333333,1,137
10013,24,0.77796675,187,7925,N,40,1,137
11087,25,0.7571655,182,10013,N,41.6666666666667,1,137
8878,26,0.90277425,217,11087,N,43.3333333333333,1,137
10622,27,0.83621025,201,8878,N,45,1,137
9776,29,1.065024,256,10622,N,48.3333333333333,1,137
12414,32,1.248075,300,9776,N,53.3333333333333,1,137
11618,33,1.33128,320,12414,N,55,1,137
11607,34,1.42696575,343,11618,N,56.6666666666667,1,137
13162,35,1.56841425,377,11607,N,58.3333333333333,1,137
13961,36,1.63497825,393,13162,N,60,1,137
12808,37,1.61833725,389,13961,N,61.6666666666667,1,137
2914,0,0.67812075,163,NA,N,0,0,138
2731,1,0.74468475,179,2914,N,1.66666666666667,0,138
2498,2,0.6739605,162,2731,N,3.33333333333333,0,138
2431,3,0.78628725,189,2498,N,5,0,138
2464,4,0.7738065,186,2431,N,6.66666666666667,0,138
2824,5,0.898614,216,2464,N,8.33333333333333,0,138
2530,6,0.8902935,214,2824,N,10,0,138
2560,7,0.87781275,211,2530,N,11.6666666666667,0,138
4170,8,0.898614,216,2560,N,13.3333333333333,0,138
4149,9,0.981819,236,4170,N,15,0,138
4337,10,1.065024,256,4149,N,16.6666666666667,0,138
4339,11,1.02758175,247,4337,N,18.3333333333333,0,138
4476,12,1.12742775,271,4339,N,20,0,138
4702,13,1.27719675,307,4476,N,21.6666666666667,0,138
4556,14,1.16903025,281,4702,N,23.3333333333333,0,138
4962,15,1.2231135,294,4556,N,25,0,138
7203,16,1.31879925,317,4962,N,26.6666666666667,0,138
8733,17,1.56009375,375,7203,N,28.3333333333333,0,138
7914,18,1.564254,376,8733,N,30,0,138
6218,19,1.6724205,402,7914,N,31.6666666666667,0,138
7191,20,0.6906015,166,6218,Y,33.3333333333333,1,138
6140,21,0.732204,176,7191,N,35,1,138
6698,22,0.898614,216,6140,N,36.6666666666667,1,138
7762,23,0.948537,228,6698,N,38.3333333333333,1,138
9901,24,0.931896,224,7762,N,40,1,138
10972,25,0.948537,228,9901,N,41.6666666666667,1,138
8556,26,0.9402165,226,10972,N,43.3333333333333,1,138
10250,27,1.081665,260,8556,N,45,1,138
8625,28,0.915255,220,10250,N,46.6666666666667,1,138
10182,29,1.1066265,266,8625,N,48.3333333333333,1,138
8725,30,1.0899855,262,10182,N,50,1,138
12479,32,1.148229,276,8725,N,53.3333333333333,1,138
11723,33,1.1565495,278,12479,N,55,1,138
11784,34,1.23559425,297,11723,N,56.6666666666667,1,138
13271,35,1.29383775,311,11784,N,58.3333333333333,1,138
14082,36,1.54345275,371,13271,N,60,1,138
12864,37,0.6573195,158,14082,Y,61.6666666666667,2,138
3432,0,0.66980025,161,NA,N,0,0,139
3263,1,0.732204,176,3432,N,1.66666666666667,0,139
2871,2,0.81956925,197,3263,N,3.33333333333333,0,139
2905,3,0.6739605,162,2871,N,5,0,139
2884,4,0.732204,176,2905,N,6.66666666666667,0,139
3180,5,0.78628725,189,2884,N,8.33333333333333,0,139
2967,6,0.79460775,191,3180,N,10,0,139
3026,7,0.95269725,229,2967,N,11.6666666666667,0,139
5045,8,0.865332,208,3026,N,13.3333333333333,0,139
5890,9,0.87781275,211,5045,N,15,0,139
4628,10,0.948537,228,5890,N,16.6666666666667,0,139
4915,11,0.94437675,227,4628,N,18.3333333333333,0,139
4665,12,1.0067805,242,4915,N,20,0,139
5058,13,1.27719675,307,4665,N,21.6666666666667,0,139
5366,14,1.0234215,246,5058,N,23.3333333333333,0,139
5402,15,1.1066265,266,5366,N,25,0,139
7415,16,1.16487,280,5402,N,26.6666666666667,0,139
9382,17,1.2397545,298,7415,N,28.3333333333333,0,139
8106,18,1.347921,324,9382,N,30,0,139
6349,19,1.46024775,351,8106,N,31.6666666666667,0,139
7354,20,1.6224975,390,6349,N,33.3333333333333,0,139
6453,21,1.49769,360,7354,N,35,0,139
6868,22,1.83051,440,6453,N,36.6666666666667,0,139
7926,23,1.297998,312,6868,N,38.3333333333333,0,139
10014,24,0.8403705,202,7926,Y,40,1,139
11088,25,0.85285125,205,10014,N,41.6666666666667,1,139
8881,26,0.9568575,230,11088,N,43.3333333333333,1,139
10624,27,1.02758175,247,8881,N,45,1,139
8956,28,1.04422275,251,10624,N,46.6666666666667,1,139
10490,29,1.13574825,273,8956,N,48.3333333333333,1,139
8407,30,1.0567035,254,10490,N,50,1,139
12430,32,1.3063185,314,8407,N,53.3333333333333,1,139
11646,33,1.27719675,307,12430,N,55,1,139
11634,34,1.3728825,330,11646,N,56.6666666666667,1,139
13187,35,1.55177325,373,11634,N,58.3333333333333,1,139
13975,36,1.66826025,401,13187,N,60,1,139
12823,37,1.77642675,427,13975,N,61.6666666666667,1,139
3437,0,0.765486,184,NA,N,0,0,140
3266,1,0.7072425,170,3437,N,1.66666666666667,0,140
2876,2,0.68644125,165,3266,N,3.33333333333333,0,140
2928,3,0.732204,176,2876,N,5,0,140
2889,4,0.7738065,186,2928,N,6.66666666666667,0,140
3184,5,0.765486,184,2889,N,8.33333333333333,0,140
2971,6,0.748845,180,3184,N,10,0,140
3028,7,0.7072425,170,2971,N,11.6666666666667,0,140
5049,8,0.78628725,189,3028,N,13.3333333333333,0,140
5894,9,0.80292825,193,5049,N,15,0,140
4630,10,0.78628725,189,5894,N,16.6666666666667,0,140
4919,11,0.71140275,171,4630,N,18.3333333333333,0,140
4666,12,0.7571655,182,4919,N,20,0,140
5063,13,0.85285125,205,4666,N,21.6666666666667,0,140
5370,14,0.7738065,186,5063,N,23.3333333333333,0,140
5405,15,0.782127,188,5370,N,25,0,140
7419,16,0.72804375,175,5405,N,26.6666666666667,0,140
9385,17,0.82788975,199,7419,N,28.3333333333333,0,140
8109,18,0.75300525,181,9385,N,30,0,140
6351,19,0.72804375,175,8109,N,31.6666666666667,0,140
7356,20,0.79460775,191,6351,N,33.3333333333333,0,140
6456,21,0.83205,200,7356,N,35,0,140
6872,22,0.78628725,189,6456,N,36.6666666666667,0,140
7928,23,0.815409,196,6872,N,38.3333333333333,0,140
10017,24,0.81956925,197,7928,N,40,0,140
11091,25,0.815409,196,10017,N,41.6666666666667,0,140
8889,26,0.8403705,202,11091,N,43.3333333333333,0,140
10628,27,0.8570115,206,8889,N,45,0,140
13211,35,0.9069345,218,10628,N,58.3333333333333,0,140
13996,36,0.815409,196,13211,N,60,0,140
12835,37,0.74468475,179,13996,N,61.6666666666667,0,140
2927,0,0.8736525,210,NA,N,0,0,141
2747,1,0.8237295,198,2927,N,1.66666666666667,0,141
2544,2,0.81956925,197,2747,N,3.33333333333333,0,141
2433,3,0.81124875,195,2544,N,5,0,141
2467,4,0.83621025,201,2433,N,6.66666666666667,0,141
2829,5,0.848691,204,2467,N,8.33333333333333,0,141
2533,6,0.86949225,209,2829,N,10,0,141
2566,7,0.81124875,195,2533,N,11.6666666666667,0,141
4172,8,0.848691,204,2566,N,13.3333333333333,0,141
4151,9,0.79460775,191,4172,N,15,0,141
4341,10,0.9069345,218,4151,N,16.6666666666667,0,141
4342,11,0.8403705,202,4341,N,18.3333333333333,0,141
4478,12,0.8403705,202,4342,N,20,0,141
4708,13,0.94437675,227,4478,N,21.6666666666667,0,141
4559,14,0.81124875,195,4708,N,23.3333333333333,0,141
4968,15,0.86949225,209,4559,N,25,0,141
7205,16,0.81124875,195,4968,N,26.6666666666667,0,141
8737,17,0.83621025,201,7205,N,28.3333333333333,0,141
7916,18,0.77796675,187,8737,N,30,0,141
6220,19,0.81956925,197,7916,N,31.6666666666667,0,141
7195,20,0.91941525,221,6220,N,33.3333333333333,0,141
6143,21,0.88613325,213,7195,N,35,0,141
6699,22,0.92773575,223,6143,N,36.6666666666667,0,141
7763,23,0.97765875,235,6699,N,38.3333333333333,0,141
9903,24,0.84453075,203,7763,N,40,0,141
10974,25,0.88613325,213,9903,N,41.6666666666667,0,141
8559,26,0.8736525,210,10974,N,43.3333333333333,0,141
10257,27,0.9235755,222,8559,N,45,0,141
3445,0,0.8570115,206,NA,N,0,0,142
3275,1,0.9734985,234,3445,N,1.66666666666667,0,142
2888,2,0.99846,240,3275,N,3.33333333333333,0,142
2939,3,1.06086375,255,2888,N,5,0,142
2902,4,0.99429975,239,2939,N,6.66666666666667,0,142
3193,5,1.0899855,262,2902,N,8.33333333333333,0,142
2987,6,1.21063275,291,3193,N,10,0,142
3031,7,1.32711975,319,2987,N,11.6666666666667,0,142
5060,8,1.40200425,337,3031,N,13.3333333333333,0,142
5915,9,1.56009375,375,5060,N,15,0,142
4636,10,1.47688875,355,5915,N,16.6666666666667,0,142
4931,11,1.80970875,435,4636,N,18.3333333333333,0,142
4677,12,1.880433,452,4931,N,20,0,142
5076,13,2.02604175,487,4677,N,21.6666666666667,0,142
5379,14,1.80970875,435,5076,N,23.3333333333333,0,142
5415,15,0.91941525,221,5379,Y,25,1,142
7423,16,0.90277425,217,5415,N,26.6666666666667,1,142
9390,17,0.85285125,205,7423,N,28.3333333333333,1,142
8114,18,0.93605625,225,9390,N,30,1,142
6353,19,1.00262025,241,8114,N,31.6666666666667,1,142
7359,20,0.96933825,233,6353,N,33.3333333333333,1,142
6460,21,1.13574825,273,7359,N,35,1,142
6876,22,1.41032475,339,6460,N,36.6666666666667,1,142
7930,23,1.46024775,351,6876,N,38.3333333333333,1,142
10019,24,1.51849125,365,7930,N,40,1,142
11093,25,1.7389845,418,10019,N,41.6666666666667,1,142
8899,26,1.4727285,354,11093,N,43.3333333333333,1,142
10637,27,1.78474725,429,8899,N,45,1,142
3448,0,0.532512,128,NA,N,0,0,143
3279,1,0.66147975,159,3448,N,1.66666666666667,0,143
2894,2,0.68644125,165,3279,N,3.33333333333333,0,143
2944,3,0.6573195,158,2894,N,5,0,143
2918,4,0.81124875,195,2944,N,6.66666666666667,0,143
3605,5,0.9402165,226,2918,N,8.33333333333333,0,143
2995,6,0.94437675,227,3605,N,10,0,143
3033,7,0.94437675,227,2995,N,11.6666666666667,0,143
3453,0,0.79460775,191,NA,N,0,0,144
3285,1,0.8902935,214,3453,N,1.66666666666667,0,144
2901,2,0.88613325,213,3285,N,3.33333333333333,0,144
2949,3,0.93605625,225,2901,N,5,0,144
2923,4,0.9901395,238,2949,N,6.66666666666667,0,144
3608,5,1.01094075,243,2923,N,8.33333333333333,0,144
3001,6,1.0400625,250,3608,N,10,0,144
3035,7,0.965178,232,3001,N,11.6666666666667,0,144
5065,8,1.114947,268,3035,N,13.3333333333333,0,144
5917,9,1.098306,264,5065,N,15,0,144
4640,10,1.16070975,279,5917,N,16.6666666666667,0,144
4946,11,1.01094075,243,4640,N,18.3333333333333,0,144
4681,12,1.07750475,259,4946,N,20,0,144
5082,13,1.5060105,362,4681,N,21.6666666666667,0,144
5383,14,1.43528625,345,5082,N,23.3333333333333,0,144
5423,15,1.35208125,325,5383,N,25,0,144
7429,16,1.414485,340,5423,N,26.6666666666667,0,144
9440,17,1.43528625,345,7429,N,28.3333333333333,0,144
8117,18,1.41032475,339,9440,N,30,0,144
6355,19,1.61833725,389,8117,N,31.6666666666667,0,144
7363,20,0.7571655,182,6355,Y,33.3333333333333,1,144
6467,21,0.80292825,193,7363,N,35,1,144
6883,22,0.948537,228,6467,N,36.6666666666667,1,144
7933,23,0.9568575,230,6883,N,38.3333333333333,1,144
10022,24,0.9069345,218,7933,N,40,1,144
11096,25,0.86117175,207,10022,N,41.6666666666667,1,144
8909,26,0.88613325,213,11096,N,43.3333333333333,1,144
10642,27,0.881973,212,8909,N,45,1,144
10346,29,0.96933825,233,10642,N,48.3333333333333,1,144
9078,30,0.98597925,237,10346,N,50,1,144
12595,32,1.18567125,285,9078,N,53.3333333333333,1,144
11965,33,1.22727375,295,12595,N,55,1,144
12015,34,1.41032475,339,11965,N,56.6666666666667,1,144
13472,35,0.615717,148,12015,Y,58.3333333333333,2,144
14258,36,0.7738065,186,13472,N,60,2,144
12972,37,0.83205,200,14258,N,61.6666666666667,2,144
2947,0,1.131588,272,NA,N,0,0,145
2758,1,1.16070975,279,2947,N,1.66666666666667,0,145
2557,2,1.20231225,289,2758,N,3.33333333333333,0,145
2449,3,1.23559425,297,2557,N,5,0,145
2477,4,1.5392925,370,2449,N,6.66666666666667,0,145
2846,5,1.68490125,405,2477,N,8.33333333333333,0,145
2546,6,1.33128,320,2846,N,10,0,145
2588,7,1.3229595,318,2546,N,11.6666666666667,0,145
4187,8,1.6557795,398,2588,N,13.3333333333333,0,145
4166,9,1.70986275,411,4187,N,15,0,145
4366,10,1.74314475,419,4166,N,16.6666666666667,0,145
4359,11,1.7389845,418,4366,N,18.3333333333333,0,145
4490,12,1.847151,444,4359,N,20,0,145
4722,13,2.1050865,506,4490,N,21.6666666666667,0,145
4568,14,0.81124875,195,4722,Y,23.3333333333333,1,145
4987,15,0.78628725,189,4568,N,25,1,145
7212,16,0.9901395,238,4987,N,26.6666666666667,1,145
8747,17,0.99846,240,7212,N,28.3333333333333,1,145
7955,18,1.09414575,263,8747,N,30,1,145
6226,19,1.081665,260,7955,N,31.6666666666667,1,145
7202,20,1.4394465,346,6226,N,33.3333333333333,1,145
6151,21,1.42696575,343,7202,N,35,1,145
6703,22,1.564254,376,6151,N,36.6666666666667,1,145
7767,23,1.5060105,362,6703,N,38.3333333333333,1,145
9907,24,1.38536325,333,7767,N,40,1,145
10979,25,0.6739605,162,9907,Y,41.6666666666667,2,145
8567,26,0.71972325,173,10979,N,43.3333333333333,2,145
10266,27,0.75300525,181,8567,N,45,2,145
8668,28,0.8237295,198,10266,N,46.6666666666667,2,145
10205,29,0.8570115,206,8668,N,48.3333333333333,2,145
8742,30,0.88613325,213,10205,N,50,2,145
12486,32,1.031742,248,8742,N,53.3333333333333,2,145
11736,33,1.17735075,283,12486,N,55,2,145
11792,34,1.2563955,302,11736,N,56.6666666666667,2,145
13281,35,1.281357,308,11792,N,58.3333333333333,2,145
14099,36,1.2563955,302,13281,N,60,2,145
12870,37,1.381203,332,14099,N,61.6666666666667,2,145
3461,0,0.88613325,213,NA,N,0,0,146
3298,1,0.86949225,209,3461,N,1.66666666666667,0,146
2910,2,0.90277425,217,3298,N,3.33333333333333,0,146
2962,3,0.881973,212,2910,N,5,0,146
2935,4,0.8237295,198,2962,N,6.66666666666667,0,146
3777,5,0.95269725,229,2935,N,8.33333333333333,0,146
3022,6,0.948537,228,3777,N,10,0,146
3096,7,0.86117175,207,3022,N,11.6666666666667,0,146
5074,8,1.0067805,242,3096,N,13.3333333333333,0,146
5923,9,0.91109475,219,5074,N,15,0,146
4644,10,1.031742,248,5923,N,16.6666666666667,0,146
4958,11,0.96933825,233,4644,N,18.3333333333333,0,146
4688,12,0.96101775,231,4958,N,20,0,146
5094,13,1.2064725,290,4688,N,21.6666666666667,0,146
5389,14,0.865332,208,5094,N,23.3333333333333,0,146
5432,15,0.915255,220,5389,N,25,0,146
7436,16,1.04422275,251,5432,N,26.6666666666667,0,146
9446,17,0.99429975,239,7436,N,28.3333333333333,0,146
8121,18,0.9734985,234,9446,N,30,0,146
6358,19,0.92773575,223,8121,N,31.6666666666667,0,146
7367,20,0.948537,228,6358,N,33.3333333333333,0,146
6471,21,1.2730365,306,7367,N,35,0,146
6887,22,1.24391475,299,6471,N,36.6666666666667,0,146
10024,24,0.9069345,218,6887,N,40,0,146
11098,25,0.94437675,227,10024,N,41.6666666666667,0,146
8914,26,1.0234215,246,11098,N,43.3333333333333,0,146
10646,27,1.214793,292,8914,N,45,0,146
8971,28,1.16903025,281,10646,N,46.6666666666667,0,146
10514,29,1.26887625,305,8971,N,48.3333333333333,0,146
9084,30,1.4061645,338,10514,N,50,0,146
11584,31,1.5060105,362,9084,N,51.6666666666667,0,146
12597,32,1.6058565,386,11584,N,53.3333333333333,0,146
11968,33,1.48520925,357,12597,N,55,0,146
12020,34,1.015101,244,11968,Y,56.6666666666667,1,146
13474,35,0.8902935,214,12020,N,58.3333333333333,1,146
14259,36,0.71140275,171,13474,N,60,1,146
3465,0,0.6573195,158,NA,N,0,0,147
3303,1,0.748845,180,3465,N,1.66666666666667,0,147
2911,2,0.88613325,213,3303,N,3.33333333333333,0,147
2991,3,0.76132575,183,2911,N,5,0,147
2938,4,0.8403705,202,2991,N,6.66666666666667,0,147
3783,5,0.8070885,194,2938,N,8.33333333333333,0,147
3025,6,0.8237295,198,3783,N,10,0,147
3103,7,0.86117175,207,3025,N,11.6666666666667,0,147
5085,8,0.815409,196,3103,N,13.3333333333333,0,147
5928,9,0.8403705,202,5085,N,15,0,147
4646,10,0.77796675,187,5928,N,16.6666666666667,0,147
4961,11,0.8070885,194,4646,N,18.3333333333333,0,147
4692,12,0.76132575,183,4961,N,20,0,147
5100,13,0.8736525,210,4692,N,21.6666666666667,0,147
5393,14,0.7738065,186,5100,N,23.3333333333333,0,147
5435,15,0.74468475,179,5393,N,25,0,147
7439,16,0.732204,176,5435,N,26.6666666666667,0,147
9449,17,0.7738065,186,7439,N,28.3333333333333,0,147
8123,18,0.8070885,194,9449,N,30,0,147
6359,19,0.782127,188,8123,N,31.6666666666667,0,147
7368,20,0.73636425,177,6359,N,33.3333333333333,0,147
6473,21,0.9069345,218,7368,N,35,0,147
6889,22,0.92773575,223,6473,N,36.6666666666667,0,147
7935,23,0.865332,208,6889,N,38.3333333333333,0,147
10025,24,0.8403705,202,7935,N,40,0,147
11099,25,0.86949225,209,10025,N,41.6666666666667,0,147
8917,26,0.76964625,185,11099,N,43.3333333333333,0,147
10765,27,0.8403705,202,8917,N,45,0,147
12852,37,0.75300525,181,10765,N,61.6666666666667,0,147
2957,0,1.364562,328,NA,N,0,0,148
2775,1,1.47688875,355,2957,N,1.66666666666667,0,148
2611,2,1.5060105,362,2775,N,3.33333333333333,0,148
2451,3,0.7238835,174,2611,Y,5,1,148
2480,4,0.8070885,194,2451,N,6.66666666666667,1,148
2851,5,0.798768,192,2480,N,8.33333333333333,1,148
2550,6,0.848691,204,2851,N,10,1,148
2591,7,0.85285125,205,2550,N,11.6666666666667,1,148
3476,0,1.3229595,318,NA,N,0,0,149
3314,1,0.80292825,193,3476,Y,1.66666666666667,1,149
2919,2,0.74468475,179,3314,N,3.33333333333333,1,149
2997,3,0.815409,196,2919,N,5,1,149
2945,4,0.78628725,189,2997,N,6.66666666666667,1,149
3787,5,0.948537,228,2945,N,8.33333333333333,1,149
3206,6,0.931896,224,3787,N,10,1,149
3108,7,0.9235755,222,3206,N,11.6666666666667,1,149
5090,8,0.86117175,207,3108,N,13.3333333333333,1,149
5932,9,1.03590225,249,5090,N,15,1,149
4647,10,0.8902935,214,5932,N,16.6666666666667,1,149
4965,11,0.98597925,237,4647,N,18.3333333333333,1,149
4698,12,1.031742,248,4965,N,20,1,149
5106,13,1.248075,300,4698,N,21.6666666666667,1,149
5396,14,1.31047875,315,5106,N,23.3333333333333,1,149
5442,15,1.24391475,299,5396,N,25,1,149
7441,16,1.4893695,358,5442,N,26.6666666666667,1,149
9452,17,1.364562,328,7441,N,28.3333333333333,1,149
8125,18,1.3562415,326,9452,N,30,1,149
6360,19,1.55177325,373,8125,N,31.6666666666667,1,149
7371,20,0.765486,184,6360,Y,33.3333333333333,2,149
6477,21,0.898614,216,7371,N,35,2,149
6893,22,0.9235755,222,6477,N,36.6666666666667,2,149
3480,0,1.02758175,247,NA,N,0,0,150
3317,1,0.97765875,235,3480,N,1.66666666666667,0,150
2925,2,1.03590225,249,3317,N,3.33333333333333,0,150
3002,3,0.95269725,229,2925,N,5,0,150
2952,4,0.9235755,222,3002,N,6.66666666666667,0,150
3792,5,1.03590225,249,2952,N,8.33333333333333,0,150
3214,6,0.99429975,239,3792,N,10,0,150
3113,7,1.00262025,241,3214,N,11.6666666666667,0,150
5096,8,1.048383,252,3113,N,13.3333333333333,0,150
5935,9,1.03590225,249,5096,N,15,0,150
4667,10,1.2231135,294,5935,N,16.6666666666667,0,150
4972,11,1.0733445,258,4667,N,18.3333333333333,0,150
4705,12,1.214793,292,4972,N,20,0,150
5112,13,1.6641,400,4705,N,21.6666666666667,0,150
5406,14,1.3229595,318,5112,N,23.3333333333333,0,150
5447,15,1.42696575,343,5406,N,25,0,150
7443,16,1.7556255,422,5447,N,26.6666666666667,0,150
9455,17,1.81802925,437,7443,N,28.3333333333333,0,150
8129,18,0.94437675,227,9455,Y,30,1,150
6362,19,1.05254325,253,8129,N,31.6666666666667,1,150
7374,20,0.881973,212,6362,N,33.3333333333333,1,150
6482,21,1.26887625,305,7374,N,35,1,150
6897,22,1.26055575,303,6482,N,36.6666666666667,1,150
7938,23,1.2730365,306,6897,N,38.3333333333333,1,150
10028,24,1.06918425,257,7938,N,40,1,150
11102,25,1.0234215,246,10028,N,41.6666666666667,1,150
8927,26,1.15238925,277,11102,N,43.3333333333333,1,150
10769,27,1.198152,288,8927,N,45,1,150
8976,28,1.264716,304,10769,N,46.6666666666667,1,150
10528,29,1.2896775,310,8976,N,48.3333333333333,1,150
9092,30,1.45192725,349,10528,N,50,1,150
11397,31,1.65993975,399,9092,N,51.6666666666667,1,150
12600,32,0.8070885,194,11397,Y,53.3333333333333,2,150
11974,33,0.85285125,205,12600,N,55,2,150
12028,34,0.94437675,227,11974,N,56.6666666666667,2,150
13942,35,0.90277425,217,12028,N,58.3333333333333,2,150
14577,36,0.91941525,221,13942,N,60,2,150
13475,37,1.07750475,259,14577,N,61.6666666666667,2,150
2972,0,1.15238925,277,NA,N,0,0,151
3030,1,1.16070975,279,2972,N,1.66666666666667,0,151
2616,2,1.2397545,298,3030,N,3.33333333333333,0,151
2460,3,1.21895325,293,2616,N,5,0,151
2489,4,1.4228055,342,2460,N,6.66666666666667,0,151
2868,5,1.48520925,357,2489,N,8.33333333333333,0,151
2562,6,1.7057025,410,2868,N,10,0,151
2617,7,1.70154225,409,2562,N,11.6666666666667,0,151
4202,8,0.84453075,203,2617,Y,13.3333333333333,1,151
3484,0,0.91941525,221,NA,N,0,0,152
3326,1,0.8736525,210,3484,N,1.66666666666667,0,152
2931,2,1.081665,260,3326,N,3.33333333333333,0,152
3009,3,0.85285125,205,2931,N,5,0,152
2959,4,0.898614,216,3009,N,6.66666666666667,0,152
3795,5,0.9734985,234,2959,N,8.33333333333333,0,152
3230,6,0.92773575,223,3795,N,10,0,152
3118,7,0.865332,208,3230,N,11.6666666666667,0,152
5101,8,0.9235755,222,3118,N,13.3333333333333,0,152
5942,9,0.85285125,205,5101,N,15,0,152
4670,10,0.931896,224,5942,N,16.6666666666667,0,152
4978,11,0.83205,200,4670,N,18.3333333333333,0,152
4711,12,0.881973,212,4978,N,20,0,152
5118,13,1.114947,268,4711,N,21.6666666666667,0,152
5409,14,0.798768,192,5118,N,23.3333333333333,0,152
5450,15,0.95269725,229,5409,N,25,0,152
7446,16,0.965178,232,5450,N,26.6666666666667,0,152
9458,17,0.9568575,230,7446,N,28.3333333333333,0,152
8131,18,0.9235755,222,9458,N,30,0,152
6363,19,0.7904475,190,8131,N,31.6666666666667,0,152
7378,20,0.71972325,173,6363,N,33.3333333333333,0,152
6484,21,0.96933825,233,7378,N,35,0,152
6899,22,1.0567035,254,6484,N,36.6666666666667,0,152
7939,23,0.8570115,206,6899,N,38.3333333333333,0,152
10030,24,0.81124875,195,7939,N,40,0,152
11105,25,0.81956925,197,10030,N,41.6666666666667,0,152
8933,26,0.91941525,221,11105,N,43.3333333333333,0,152
10771,27,0.86117175,207,8933,N,45,0,152
8979,28,0.70308225,169,10771,N,46.6666666666667,0,152
10533,29,0.72804375,175,8979,N,48.3333333333333,0,152
9094,30,0.6573195,158,10533,N,50,0,152
11398,31,0.63651825,153,9094,N,51.6666666666667,0,152
12601,32,0.61987725,149,11398,N,53.3333333333333,0,152
11976,33,0.66147975,159,12601,N,55,0,152
12032,34,0.66564,160,11976,N,56.6666666666667,0,152
13944,35,0.632358,152,12032,N,58.3333333333333,0,152
14580,36,0.75300525,181,13944,N,60,0,152
13480,37,0.68644125,165,14580,N,61.6666666666667,0,152
2976,0,0.67812075,163,NA,N,0,0,153
3032,1,0.61155675,147,2976,N,1.66666666666667,0,153
2622,2,0.71972325,173,3032,N,3.33333333333333,0,153
2463,3,0.67812075,163,2622,N,5,0,153
2492,4,0.69476175,167,2463,N,6.66666666666667,0,153
2873,5,0.748845,180,2492,N,8.33333333333333,0,153
2565,6,0.7738065,186,2873,N,10,0,153
2626,7,0.682281,164,2565,N,11.6666666666667,0,153
4205,8,0.66980025,161,2626,N,13.3333333333333,0,153
4180,9,0.69476175,167,4205,N,15,0,153
4386,10,0.78628725,189,4180,N,16.6666666666667,0,153
4380,11,0.7072425,170,4386,N,18.3333333333333,0,153
4505,12,0.748845,180,4380,N,20,0,153
4746,13,0.881973,212,4505,N,21.6666666666667,0,153
4591,14,0.698922,168,4746,N,23.3333333333333,0,153
5015,15,0.77796675,187,4591,N,25,0,153
7243,16,0.7072425,170,5015,N,26.6666666666667,0,153
8783,17,0.75300525,181,7243,N,28.3333333333333,0,153
7969,18,0.782127,188,8783,N,30,0,153
6233,19,0.72804375,175,7969,N,31.6666666666667,0,153
7216,20,0.6240375,150,6233,N,33.3333333333333,0,153
6164,21,0.8070885,194,7216,N,35,0,153
6711,22,0.89445375,215,6164,N,36.6666666666667,0,153
7776,23,0.599076,144,6711,N,38.3333333333333,0,153
9918,24,0.648999,156,7776,N,40,0,153
10989,25,0.565794,136,9918,N,41.6666666666667,0,153
8580,26,0.5907555,142,10989,N,43.3333333333333,0,153
10286,27,0.57827475,139,8580,N,45,0,153
8710,28,0.54499275,131,10286,N,46.6666666666667,0,153
10233,29,0.60323625,145,8710,N,48.3333333333333,0,153
8763,30,0.5907555,142,10233,N,50,0,153
11484,31,0.40354425,97,8763,N,51.6666666666667,0,153
12495,32,0.515871,124,11484,N,53.3333333333333,0,153
11753,33,0.5075505,122,12495,N,55,0,153
11804,34,0.49923,120,11753,N,56.6666666666667,0,153
13860,35,0.52003125,125,11804,N,58.3333333333333,0,153
14492,36,0.48674925,117,13860,N,60,0,153
13285,37,0.49923,120,14492,N,61.6666666666667,0,153
2979,0,0.881973,212,NA,N,0,0,154
3034,1,0.87781275,211,2979,N,1.66666666666667,0,154
2649,2,0.8403705,202,3034,N,3.33333333333333,0,154
2466,3,0.848691,204,2649,N,5,0,154
2496,4,0.87781275,211,2466,N,6.66666666666667,0,154
2878,5,1.06086375,255,2496,N,8.33333333333333,0,154
2570,6,1.031742,248,2878,N,10,0,154
2628,7,1.07750475,259,2570,N,11.6666666666667,0,154
4209,8,1.14406875,275,2628,N,13.3333333333333,0,154
5736,9,1.1898315,286,4209,N,15,0,154
4392,10,1.39368375,335,5736,N,16.6666666666667,0,154
4385,11,1.40200425,337,4392,N,18.3333333333333,0,154
4507,12,1.43528625,345,4385,N,20,0,154
4752,13,1.697382,408,4507,N,21.6666666666667,0,154
4600,14,1.6224975,390,4752,N,23.3333333333333,0,154
5021,15,1.59337575,383,4600,N,25,0,154
7246,16,1.78474725,429,5021,N,26.6666666666667,0,154
8791,17,1.9885995,478,7246,N,28.3333333333333,0,154
7971,18,1.70154225,409,8791,N,30,0,154
6234,19,1.963638,472,7971,N,31.6666666666667,0,154
7219,20,1.97611875,475,6234,N,33.3333333333333,0,154
6167,21,1.1565495,278,7219,Y,35,1,154
6714,22,1.22727375,295,6167,N,36.6666666666667,1,154
7778,23,1.098306,264,6714,N,38.3333333333333,1,154
9920,24,1.198152,288,7778,N,40,1,154
10992,25,1.15238925,277,9920,N,41.6666666666667,1,154
8584,26,1.39368375,335,10992,N,43.3333333333333,1,154
10294,27,1.36872225,329,8584,N,45,1,154
8726,28,1.248075,300,10294,N,46.6666666666667,1,154
10246,29,1.30215825,313,8726,N,48.3333333333333,1,154
8767,30,1.36040175,327,10246,N,50,1,154
11488,31,1.58505525,381,8767,N,51.6666666666667,1,154
12498,32,0.89445375,215,11488,Y,53.3333333333333,2,154
11759,33,0.91109475,219,12498,N,55,2,154
11808,34,0.881973,212,11759,N,56.6666666666667,2,154
13862,35,1.0067805,242,11808,N,58.3333333333333,2,154
14494,36,1.25223525,301,13862,N,60,2,154
13289,37,1.2397545,298,14494,N,61.6666666666667,2,154
3491,0,1.21895325,293,NA,N,0,0,155
3330,1,1.131588,272,3491,N,1.66666666666667,0,155
2936,2,1.3063185,314,3330,N,3.33333333333333,0,155
3013,3,1.29383775,311,2936,N,5,0,155
2965,4,1.31047875,315,3013,N,6.66666666666667,0,155
3800,5,1.530972,368,2965,N,8.33333333333333,0,155
3235,6,1.49352975,359,3800,N,10,0,155
3125,7,1.83467025,441,3235,N,11.6666666666667,0,155
5108,8,1.63497825,393,3125,N,13.3333333333333,0,155
5944,9,1.73482425,417,5108,N,15,0,155
4679,10,1.87627275,451,5944,N,16.6666666666667,0,155
4986,11,0.81124875,195,4679,Y,18.3333333333333,1,155
4719,12,0.848691,204,4986,N,20,1,155
5134,13,1.03590225,249,4719,N,21.6666666666667,1,155
5417,14,0.89445375,215,5134,N,23.3333333333333,1,155
5458,15,0.87781275,211,5417,N,25,1,155
7450,16,0.94437675,227,5458,N,26.6666666666667,1,155
9464,17,0.96933825,233,7450,N,28.3333333333333,1,155
8136,18,0.93605625,225,9464,N,30,1,155
6365,19,0.90277425,217,8136,N,31.6666666666667,1,155
7381,20,0.981819,236,6365,N,33.3333333333333,1,155
6488,21,1.0567035,254,7381,N,35,1,155
6901,22,1.17735075,283,6488,N,36.6666666666667,1,155
7942,23,0.948537,228,6901,N,38.3333333333333,1,155
10033,24,1.04422275,251,7942,N,40,1,155
11108,25,0.9402165,226,10033,N,41.6666666666667,1,155
8938,26,1.3229595,318,11108,N,43.3333333333333,1,155
10773,27,1.56009375,375,8938,N,45,1,155
8981,28,0.865332,208,10773,Y,46.6666666666667,2,155
10538,29,0.915255,220,8981,N,48.3333333333333,2,155
9099,30,0.96101775,231,10538,N,50,2,155
11400,31,0.9402165,226,9099,N,51.6666666666667,2,155
12603,32,0.931896,224,11400,N,53.3333333333333,2,155
11979,33,0.96933825,233,12603,N,55,2,155
12036,34,1.07750475,259,11979,N,56.6666666666667,2,155
13946,35,0.9901395,238,12036,N,58.3333333333333,2,155
14582,36,0.865332,208,13946,N,60,2,155
13484,37,0.94437675,227,14582,N,61.6666666666667,2,155
3496,0,0.898614,216,NA,N,0,0,156
3334,1,0.84453075,203,3496,N,1.66666666666667,0,156
2943,2,0.9568575,230,3334,N,3.33333333333333,0,156
3021,3,0.931896,224,2943,N,5,0,156
2973,4,0.881973,212,3021,N,6.66666666666667,0,156
3804,5,1.12742775,271,2973,N,8.33333333333333,0,156
3272,6,1.0733445,258,3804,N,10,0,156
3156,7,1.02758175,247,3272,N,11.6666666666667,0,156
5114,8,1.25223525,301,3156,N,13.3333333333333,0,156
5945,9,1.1565495,278,5114,N,15,0,156
4682,10,1.3728825,330,5945,N,16.6666666666667,0,156
4992,11,1.2730365,306,4682,N,18.3333333333333,0,156
4723,12,1.33544025,321,4992,N,20,0,156
5143,13,1.747305,420,4723,N,21.6666666666667,0,156
5421,14,1.26055575,303,5143,N,23.3333333333333,0,156
5464,15,1.614177,388,5421,N,25,0,156
7454,16,0.76132575,183,5464,Y,26.6666666666667,1,156
9469,17,0.81956925,197,7454,N,28.3333333333333,1,156
8138,18,0.97765875,235,9469,N,30,1,156
6367,19,1.00262025,241,8138,N,31.6666666666667,1,156
7383,20,0.94437675,227,6367,N,33.3333333333333,1,156
6491,21,1.06918425,257,7383,N,35,1,156
6903,22,1.21063275,291,6491,N,36.6666666666667,1,156
7944,23,0.9901395,238,6903,N,38.3333333333333,1,156
10035,24,1.06086375,255,7944,N,40,1,156
11110,25,1.1731905,282,10035,N,41.6666666666667,1,156
8943,26,1.1399085,274,11110,N,43.3333333333333,1,156
10775,27,1.264716,304,8943,N,45,1,156
8982,28,1.2231135,294,10775,N,46.6666666666667,1,156
10539,29,1.364562,328,8982,N,48.3333333333333,1,156
9101,30,1.57673475,379,10539,N,50,1,156
11402,31,1.231434,296,9101,N,51.6666666666667,1,156
12604,32,0.76132575,183,11402,Y,53.3333333333333,2,156
11980,33,0.782127,188,12604,N,55,2,156
12038,34,0.8070885,194,11980,N,56.6666666666667,2,156
13947,35,0.782127,188,12038,N,58.3333333333333,2,156
14583,36,0.83621025,201,13947,N,60,2,156
13486,37,0.84453075,203,14583,N,61.6666666666667,2,156
2985,0,0.815409,196,NA,N,0,0,157
3036,1,0.94437675,227,2985,N,1.66666666666667,0,157
2650,2,1.01926125,245,3036,N,3.33333333333333,0,157
2469,3,0.95269725,229,2650,N,5,0,157
2503,4,0.898614,216,2469,N,6.66666666666667,0,157
2891,5,0.94437675,227,2503,N,8.33333333333333,0,157
2577,6,0.931896,224,2891,N,10,0,157
2633,7,0.915255,220,2577,N,11.6666666666667,0,157
4217,8,0.898614,216,2633,N,13.3333333333333,0,157
5738,9,0.931896,224,4217,N,15,0,157
4397,10,0.9901395,238,5738,N,16.6666666666667,0,157
4390,11,0.91109475,219,4397,N,18.3333333333333,0,157
4509,12,0.8736525,210,4390,N,20,0,157
4763,13,0.96933825,233,4509,N,21.6666666666667,0,157
4606,14,0.82788975,199,4763,N,23.3333333333333,0,157
5038,15,0.815409,196,4606,N,25,0,157
7251,16,0.82788975,199,5038,N,26.6666666666667,0,157
8798,17,0.86117175,207,7251,N,28.3333333333333,0,157
7974,18,0.83621025,201,8798,N,30,0,157
6236,19,0.815409,196,7974,N,31.6666666666667,0,157
7221,20,0.81956925,197,6236,N,33.3333333333333,0,157
6172,21,1.1066265,266,7221,N,35,0,157
6716,22,1.20231225,289,6172,N,36.6666666666667,0,157
7782,23,1.031742,248,6716,N,38.3333333333333,0,157
9924,24,0.98597925,237,7782,N,40,0,157
10995,25,0.815409,196,9924,N,41.6666666666667,0,157
8587,26,0.9069345,218,10995,N,43.3333333333333,0,157
10300,27,0.83621025,201,8587,N,45,0,157
8734,28,0.8403705,202,10300,N,46.6666666666667,0,157
10254,29,0.8570115,206,8734,N,48.3333333333333,0,157
8770,30,0.782127,188,10254,N,50,0,157
11491,31,0.8070885,194,8770,N,51.6666666666667,0,157
12501,32,0.86117175,207,11491,N,53.3333333333333,0,157
11765,33,0.865332,208,12501,N,55,0,157
11810,34,0.86117175,207,11765,N,56.6666666666667,0,157
13866,35,0.898614,216,11810,N,58.3333333333333,0,157
14498,36,0.8736525,210,13866,N,60,0,157
13297,37,0.865332,208,14498,N,61.6666666666667,0,157
2992,0,1.35208125,325,NA,N,0,0,158
3046,1,1.34376075,323,2992,N,1.66666666666667,0,158
2658,2,1.4061645,338,3046,N,3.33333333333333,0,158
2475,3,1.54345275,371,2658,N,5,0,158
2504,4,1.4893695,358,2475,N,6.66666666666667,0,158
2897,5,0.69476175,167,2504,Y,8.33333333333333,1,158
3507,0,1.04422275,251,NA,N,0,0,159
3346,1,0.96933825,233,3507,N,1.66666666666667,0,159
2960,2,1.14406875,275,3346,N,3.33333333333333,0,159
3040,3,1.16487,280,2960,N,5,0,159
2983,4,1.22727375,295,3040,N,6.66666666666667,0,159
3815,5,1.19399175,287,2983,N,8.33333333333333,0,159
3282,6,1.43528625,345,3815,N,10,0,159
3168,7,1.66826025,401,3282,N,11.6666666666667,0,159
5130,8,0.815409,196,3168,Y,13.3333333333333,1,159
5948,9,0.8570115,206,5130,N,15,1,159
4696,10,0.7072425,170,5948,N,16.6666666666667,1,159
5004,11,0.8237295,198,4696,N,18.3333333333333,1,159
4737,12,0.931896,224,5004,N,20,1,159
5162,13,0.86949225,209,4737,N,21.6666666666667,1,159
5433,14,0.7904475,190,5162,N,23.3333333333333,1,159
5475,15,0.8570115,206,5433,N,25,1,159
7460,16,0.881973,212,5475,N,26.6666666666667,1,159
9477,17,0.86949225,209,7460,N,28.3333333333333,1,159
8146,18,1.04422275,251,9477,N,30,1,159
6382,19,1.114947,268,8146,N,31.6666666666667,1,159
7391,20,1.0067805,242,6382,N,33.3333333333333,1,159
6502,21,1.36872225,329,7391,N,35,1,159
6912,22,1.447767,348,6502,N,36.6666666666667,1,159
7959,23,1.3063185,314,6912,N,38.3333333333333,1,159
10045,24,0.82788975,199,7959,Y,40,2,159
2999,0,0.71140275,171,NA,N,0,0,160
3055,1,0.6906015,166,2999,N,1.66666666666667,0,160
2660,2,0.75300525,181,3055,N,3.33333333333333,0,160
2479,3,0.65315925,157,2660,N,5,0,160
2506,4,0.66564,160,2479,N,6.66666666666667,0,160
2907,5,0.748845,180,2506,N,8.33333333333333,0,160
2583,6,0.79460775,191,2907,N,10,0,160
2781,7,0.748845,180,2583,N,11.6666666666667,0,160
4227,8,0.7072425,170,2781,N,13.3333333333333,0,160
5741,9,0.698922,168,4227,N,15,0,160
4404,10,0.73636425,177,5741,N,16.6666666666667,0,160
4398,11,0.83621025,201,4404,N,18.3333333333333,0,160
4514,12,0.848691,204,4398,N,20,0,160
4773,13,0.931896,224,4514,N,21.6666666666667,0,160
4611,14,0.7405245,178,4773,N,23.3333333333333,0,160
5047,15,0.81124875,195,4611,N,25,0,160
7257,16,0.75300525,181,5047,N,26.6666666666667,0,160
8806,17,0.7738065,186,7257,N,28.3333333333333,0,160
7977,18,0.7904475,190,8806,N,30,0,160
6238,19,0.70308225,169,7977,N,31.6666666666667,0,160
7223,20,0.7571655,182,6238,N,33.3333333333333,0,160
6176,21,0.78628725,189,7223,N,35,0,160
6718,22,0.82788975,199,6176,N,36.6666666666667,0,160
7784,23,0.87781275,211,6718,N,38.3333333333333,0,160
9926,24,0.92773575,223,7784,N,40,0,160
10998,25,0.93605625,225,9926,N,41.6666666666667,0,160
8589,26,0.898614,216,10998,N,43.3333333333333,0,160
10307,27,1.0899855,262,8589,N,45,0,160
8743,28,1.1898315,286,10307,N,46.6666666666667,0,160
10262,29,1.131588,272,8743,N,48.3333333333333,0,160
8771,30,1.05254325,253,10262,N,50,0,160
12502,32,1.2231135,294,8771,N,53.3333333333333,0,160
11767,33,1.18567125,285,12502,N,55,0,160
11811,34,1.23559425,297,11767,N,56.6666666666667,0,160
13868,35,1.2397545,298,11811,N,58.3333333333333,0,160
14500,36,1.314639,316,13868,N,60,0,160
13302,37,1.30215825,313,14500,N,61.6666666666667,0,160
3512,0,1.33128,320,NA,N,0,0,161
3352,1,1.43528625,345,3512,N,1.66666666666667,0,161
2969,2,1.45192725,349,3352,N,3.33333333333333,0,161
3225,3,0.599076,144,2969,Y,5,1,161
2994,4,0.599076,144,3225,N,6.66666666666667,1,161
3820,5,0.66980025,161,2994,N,8.33333333333333,1,161
3286,6,0.815409,196,3820,N,10,1,161
3172,7,0.8237295,198,3286,N,11.6666666666667,1,161
5136,8,0.85285125,205,3172,N,13.3333333333333,1,161
5949,9,0.95269725,229,5136,N,15,1,161
4707,10,0.96933825,233,5949,N,16.6666666666667,1,161
5016,11,0.9901395,238,4707,N,18.3333333333333,1,161
4745,12,1.00262025,241,5016,N,20,1,161
5174,13,1.22727375,295,4745,N,21.6666666666667,1,161
5440,14,1.13574825,273,5174,N,23.3333333333333,1,161
5483,15,1.1066265,266,5440,N,25,1,161
7464,16,1.18567125,285,5483,N,26.6666666666667,1,161
9484,17,1.231434,296,7464,N,28.3333333333333,1,161
8148,18,1.35208125,325,9484,N,30,1,161
6387,19,1.52681175,367,8148,N,31.6666666666667,1,161
7393,20,1.56841425,377,6387,N,33.3333333333333,1,161
6497,21,1.7057025,410,7393,N,35,1,161
6908,22,1.730664,416,6497,N,36.6666666666667,1,161
7948,23,0.8070885,194,6908,Y,38.3333333333333,2,161
10040,24,0.7738065,186,7948,N,40,2,161
3006,0,0.8403705,202,NA,N,0,0,162
3057,1,0.748845,180,3006,N,1.66666666666667,0,162
2664,2,0.881973,212,3057,N,3.33333333333333,0,162
2483,3,0.61155675,147,2664,N,5,0,162
2508,4,0.88613325,213,2483,N,6.66666666666667,0,162
2912,5,0.88613325,213,2508,N,8.33333333333333,0,162
2586,6,0.91941525,221,2912,N,10,0,162
2787,7,0.9402165,226,2586,N,11.6666666666667,0,162
4231,8,0.96101775,231,2787,N,13.3333333333333,0,162
5743,9,1.05254325,253,4231,N,15,0,162
4408,10,1.1898315,286,5743,N,16.6666666666667,0,162
4402,11,0.92773575,223,4408,N,18.3333333333333,0,162
4516,12,1.08582525,261,4402,N,20,0,162
4778,13,1.264716,304,4516,N,21.6666666666667,0,162
4622,14,1.29383775,311,4778,N,23.3333333333333,0,162
5057,15,1.264716,304,4622,N,25,0,162
7262,16,1.52681175,367,5057,N,26.6666666666667,0,162
8814,17,1.5060105,362,7262,N,28.3333333333333,0,162
7990,18,0.798768,192,8814,Y,30,1,162
6243,19,0.7571655,182,7990,N,31.6666666666667,1,162
7227,20,0.97765875,235,6243,N,33.3333333333333,1,162
6184,21,1.0067805,242,7227,N,35,1,162
6724,22,1.23559425,297,6184,N,36.6666666666667,1,162
7788,23,0.96101775,231,6724,N,38.3333333333333,1,162
9930,24,0.91109475,219,7788,N,40,1,162
11003,25,1.08582525,261,9930,N,41.6666666666667,1,162
8594,26,1.198152,288,11003,N,43.3333333333333,1,162
10313,27,1.1731905,282,8594,N,45,1,162
8795,28,1.18567125,285,10313,N,46.6666666666667,1,162
10268,29,1.25223525,301,8795,N,48.3333333333333,1,162
8778,30,1.34376075,323,10268,N,50,1,162
11496,31,1.6058565,386,8778,N,51.6666666666667,1,162
12505,32,0.6573195,158,11496,Y,53.3333333333333,2,162
3519,0,0.732204,176,NA,N,0,0,163
3360,1,0.80292825,193,3519,N,1.66666666666667,0,163
2978,2,0.74468475,179,3360,N,3.33333333333333,0,163
3234,3,0.7571655,182,2978,N,5,0,163
3007,4,0.85285125,205,3234,N,6.66666666666667,0,163
3828,5,0.82788975,199,3007,N,8.33333333333333,0,163
3296,6,0.8070885,194,3828,N,10,0,163
3182,7,0.81956925,197,3296,N,11.6666666666667,0,163
5148,8,0.91109475,219,3182,N,13.3333333333333,0,163
5951,9,1.02758175,247,5148,N,15,0,163
4718,10,1.05254325,253,5951,N,16.6666666666667,0,163
5078,11,1.16070975,279,4718,N,18.3333333333333,0,163
4754,12,1.26055575,303,5078,N,20,0,163
5186,13,1.31047875,315,4754,N,21.6666666666667,0,163
5448,14,1.29383775,311,5186,N,23.3333333333333,0,163
5489,15,1.38536325,333,5448,N,25,0,163
9642,17,0.6073965,146,5489,Y,28.3333333333333,1,163
8275,18,0.65315925,157,9642,N,30,1,163
3012,0,1.64329875,395,NA,N,0,0,164
3064,1,1.913715,460,3012,N,1.66666666666667,0,164
2671,2,1.863792,448,3064,N,3.33333333333333,0,164
2490,3,1.8721125,450,2671,N,5,0,164
3213,4,0.88613325,213,2490,Y,6.66666666666667,1,164
4001,5,1.081665,260,3213,N,8.33333333333333,1,164
3566,6,1.0234215,246,4001,N,10,1,164
3867,7,1.0234215,246,3566,N,11.6666666666667,1,164
5519,8,1.01926125,245,3867,N,13.3333333333333,1,164
6009,9,1.015101,244,5519,N,15,1,164
4984,10,1.1232675,270,6009,N,16.6666666666667,1,164
5498,11,1.1232675,270,4984,N,18.3333333333333,1,164
5040,12,1.098306,264,5498,N,20,1,164
5586,13,1.41032475,339,5040,N,21.6666666666667,1,164
5733,14,1.08582525,261,5586,N,23.3333333333333,1,164
5788,15,1.32711975,319,5733,N,25,1,164
7604,16,1.314639,316,5788,N,26.6666666666667,1,164
9677,17,1.680741,404,7604,N,28.3333333333333,1,164
8298,18,1.7389845,418,9677,N,30,1,164
6553,19,1.50185025,361,8298,N,31.6666666666667,1,164
7558,20,1.7223435,414,6553,N,33.3333333333333,1,164
6753,21,1.93451625,465,7558,N,35,1,164
6998,22,1.82634975,439,6753,N,36.6666666666667,1,164
15111,23,NA,-1,6998,Y,38.3333333333333,2,164
3524,0,0.89445375,215,NA,N,0,0,165
3365,1,0.931896,224,3524,N,1.66666666666667,0,165
2984,2,1.00262025,241,3365,N,3.33333333333333,0,165
3237,3,0.9734985,234,2984,N,5,0,165
3014,4,0.948537,228,3237,N,6.66666666666667,0,165
3832,5,1.065024,256,3014,N,8.33333333333333,0,165
3300,6,0.94437675,227,3832,N,10,0,165
3185,7,1.01094075,243,3300,N,11.6666666666667,0,165
5154,8,1.06918425,257,3185,N,13.3333333333333,0,165
5952,9,0.98597925,237,5154,N,15,0,165
4720,10,1.1232675,270,5952,N,16.6666666666667,0,165
5084,11,1.1066265,266,4720,N,18.3333333333333,0,165
4759,12,1.02758175,247,5084,N,20,0,165
5195,13,1.2231135,294,4759,N,21.6666666666667,0,165
5452,14,1.2231135,294,5195,N,23.3333333333333,0,165
3018,0,1.04422275,251,NA,N,0,0,166
3068,1,1.09414575,263,3018,N,1.66666666666667,0,166
2675,2,1.11910725,269,3068,N,3.33333333333333,0,166
2493,3,1.21063275,291,2675,N,5,0,166
2511,4,1.21063275,291,2493,N,6.66666666666667,0,166
2917,5,1.214793,292,2511,N,8.33333333333333,0,166
2589,6,1.3562415,326,2917,N,10,0,166
2793,7,1.347921,324,2589,N,11.6666666666667,0,166
4236,8,1.4893695,358,2793,N,13.3333333333333,0,166
5748,9,1.69322175,407,4236,N,15,0,166
4411,10,1.61001675,387,5748,N,16.6666666666667,0,166
4406,11,0.898614,216,4411,Y,18.3333333333333,1,166
4518,12,0.82788975,199,4406,N,20,1,166
4781,13,0.97765875,235,4518,N,21.6666666666667,1,166
4626,14,1.04422275,251,4781,N,23.3333333333333,1,166
5061,15,1.0234215,246,4626,N,25,1,166
7264,16,1.14406875,275,5061,N,26.6666666666667,1,166
8816,17,1.24391475,299,7264,N,28.3333333333333,1,166
7992,18,1.18567125,285,8816,N,30,1,166
6244,19,1.26887625,305,7992,N,31.6666666666667,1,166
7228,20,1.3229595,318,6244,N,33.3333333333333,1,166
6187,21,1.4560875,350,7228,N,35,1,166
6725,22,1.51017075,363,6187,N,36.6666666666667,1,166
7789,23,1.47688875,355,6725,N,38.3333333333333,1,166
9931,24,1.5559335,374,7789,N,40,1,166
11004,25,1.7057025,410,9931,N,41.6666666666667,1,166
8595,26,1.6890615,406,11004,N,43.3333333333333,1,166
10315,27,1.946997,468,8595,N,45,1,166
10272,29,1.880433,452,10315,N,48.3333333333333,1,166
8780,30,1.031742,248,10272,Y,50,2,166
12508,32,1.12742775,271,8780,N,53.3333333333333,2,166
11775,33,1.065024,256,12508,N,55,2,166
11817,34,1.16070975,279,11775,N,56.6666666666667,2,166
13872,35,1.231434,296,11817,N,58.3333333333333,2,166
14505,36,1.2064725,290,13872,N,60,2,166
13312,37,1.5559335,374,14505,N,61.6666666666667,2,166
3535,0,0.87781275,211,NA,N,0,0,167
3373,1,0.965178,232,3535,N,1.66666666666667,0,167
2998,2,0.9568575,230,3373,N,3.33333333333333,0,167
3244,3,1.02758175,247,2998,N,5,0,167
3024,4,1.0567035,254,3244,N,6.66666666666667,0,167
3852,5,1.06086375,255,3024,N,8.33333333333333,0,167
3312,6,1.28551725,309,3852,N,10,0,167
3194,7,1.281357,308,3312,N,11.6666666666667,0,167
5196,8,1.297998,312,3194,N,13.3333333333333,0,167
5955,9,1.3562415,326,5196,N,15,0,167
4733,10,1.43528625,345,5955,N,16.6666666666667,0,167
5098,11,1.314639,316,4733,N,18.3333333333333,0,167
4774,12,1.43528625,345,5098,N,20,0,167
5218,13,1.4394465,346,4774,N,21.6666666666667,0,167
5463,14,1.597536,384,5218,N,23.3333333333333,0,167
5500,15,1.74314475,419,5463,N,25,0,167
7475,16,1.86795225,449,5500,N,26.6666666666667,0,167
9500,17,0.81956925,197,7475,Y,28.3333333333333,1,167
8159,18,0.92773575,223,9500,N,30,1,167
6397,19,0.98597925,237,8159,N,31.6666666666667,1,167
7403,20,0.948537,228,6397,N,33.3333333333333,1,167
6504,21,1.01094075,243,7403,N,35,1,167
6914,22,1.0733445,258,6504,N,36.6666666666667,1,167
7963,23,1.248075,300,6914,N,38.3333333333333,1,167
10048,24,1.347921,324,7963,N,40,1,167
11123,25,1.28551725,309,10048,N,41.6666666666667,1,167
8993,26,1.37704275,331,11123,N,43.3333333333333,1,167
10786,27,1.3728825,330,8993,N,45,1,167
3027,0,1.031742,248,NA,N,0,0,168
3075,1,1.07750475,259,3027,N,1.66666666666667,0,168
2683,2,1.00262025,241,3075,N,3.33333333333333,0,168
2501,3,1.2064725,290,2683,N,5,0,168
2517,4,1.32711975,319,2501,N,6.66666666666667,0,168
2926,5,1.297998,312,2517,N,8.33333333333333,0,168
2601,6,1.347921,324,2926,N,10,0,168
2804,7,1.397844,336,2601,N,11.6666666666667,0,168
4246,8,1.59337575,383,2804,N,13.3333333333333,0,168
5762,9,1.67658075,403,4246,N,15,0,168
4435,10,1.63497825,393,5762,N,16.6666666666667,0,168
4422,11,1.7057025,410,4435,N,18.3333333333333,0,168
4539,12,0.94437675,227,4422,Y,20,1,168
4802,13,0.8902935,214,4539,N,21.6666666666667,1,168
4639,14,0.8736525,210,4802,N,23.3333333333333,1,168
5093,15,1.04422275,251,4639,N,25,1,168
7275,16,0.9901395,238,5093,N,26.6666666666667,1,168
9154,17,1.048383,252,7275,N,28.3333333333333,1,168
3549,0,1.381203,332,NA,N,0,0,169
3385,1,1.66826025,401,3549,N,1.66666666666667,0,169
3023,2,1.697382,408,3385,N,3.33333333333333,0,169
3251,3,1.62665775,391,3023,N,5,0,169
3048,4,1.64329875,395,3251,N,6.66666666666667,0,169
3864,5,1.597536,384,3048,N,8.33333333333333,0,169
3345,6,0.915255,220,3864,Y,10,1,169
3638,7,0.881973,212,3345,N,11.6666666666667,1,169
5213,8,0.9901395,238,3638,N,13.3333333333333,1,169
5958,9,1.04422275,251,5213,N,15,1,169
4740,10,1.03590225,249,5958,N,16.6666666666667,1,169
5107,11,1.0400625,250,4740,N,18.3333333333333,1,169
4780,12,1.06918425,257,5107,N,20,1,169
5230,13,1.23559425,297,4780,N,21.6666666666667,1,169
5471,14,1.198152,288,5230,N,23.3333333333333,1,169
5509,15,1.29383775,311,5471,N,25,1,169
7479,16,1.364562,328,5509,N,26.6666666666667,1,169
9504,17,1.431126,344,7479,N,28.3333333333333,1,169
8163,18,1.5559335,374,9504,N,30,1,169
6401,19,1.614177,388,8163,N,31.6666666666667,1,169
7408,20,1.83051,440,6401,N,33.3333333333333,1,169
6507,21,1.97611875,475,7408,N,35,1,169
6916,22,1.9053945,458,6507,N,36.6666666666667,1,169
7967,23,0.9901395,238,6916,Y,38.3333333333333,2,169
10050,24,0.87781275,211,7967,N,40,2,169
11125,25,1.06918425,257,10050,N,41.6666666666667,2,169
8999,26,0.965178,232,11125,N,43.3333333333333,2,169
10787,27,1.11078675,267,8999,N,45,2,169
3552,0,0.9734985,234,NA,N,0,0,170
3389,1,0.9734985,234,3552,N,1.66666666666667,0,170
3039,2,1.01926125,245,3389,N,3.33333333333333,0,170
3255,3,1.08582525,261,3039,N,5,0,170
3049,4,1.1066265,266,3255,N,6.66666666666667,0,170
3868,5,1.314639,316,3049,N,8.33333333333333,0,170
3350,6,1.397844,336,3868,N,10,0,170
3653,7,1.42696575,343,3350,N,11.6666666666667,0,170
5220,8,1.26055575,303,3653,N,13.3333333333333,0,170
5959,9,1.65993975,399,5220,N,15,0,170
4747,10,1.680741,404,5959,N,16.6666666666667,0,170
5125,11,0.77796675,187,4747,Y,18.3333333333333,1,170
4789,12,0.79460775,191,5125,N,20,1,170
5253,13,0.915255,220,4789,N,21.6666666666667,1,170
5482,14,0.848691,204,5253,N,23.3333333333333,1,170
5522,15,0.98597925,237,5482,N,25,1,170
7487,16,1.0733445,258,5522,N,26.6666666666667,1,170
9563,17,0.96933825,233,7487,N,28.3333333333333,1,170
8172,18,0.98597925,237,9563,N,30,1,170
6410,19,0.9901395,238,8172,N,31.6666666666667,1,170
7414,20,1.04422275,251,6410,N,33.3333333333333,1,170
6514,21,1.09414575,263,7414,N,35,1,170
6919,22,1.26887625,305,6514,N,36.6666666666667,1,170
7976,23,1.3728825,330,6919,N,38.3333333333333,1,170
10054,24,1.36872225,329,7976,N,40,1,170
11129,25,1.5226515,366,10054,N,41.6666666666667,1,170
9011,26,1.514331,364,11129,N,43.3333333333333,1,170
10791,27,0.582435,140,9011,Y,45,2,170
3043,0,0.83621025,201,NA,N,0,0,171
3079,1,0.8570115,206,3043,N,1.66666666666667,0,171
2688,2,0.848691,204,3079,N,3.33333333333333,0,171
2510,3,0.9069345,218,2688,N,5,0,171
2521,4,0.8902935,214,2510,N,6.66666666666667,0,171
2937,5,0.93605625,225,2521,N,8.33333333333333,0,171
3557,0,1.11078675,267,NA,N,0,0,172
3395,1,1.214793,292,3557,N,1.66666666666667,0,172
3044,2,1.37704275,331,3395,N,3.33333333333333,0,172
3261,3,1.281357,308,3044,N,5,0,172
3051,4,1.19399175,287,3261,N,6.66666666666667,0,172
3875,5,1.5725745,378,3051,N,8.33333333333333,0,172
3359,6,1.464408,352,3875,N,10,0,172
3659,7,0.748845,180,3359,Y,11.6666666666667,1,172
5235,8,0.748845,180,3659,N,13.3333333333333,1,172
3562,0,1.02758175,247,NA,N,0,0,173
3401,1,1.09414575,263,3562,N,1.66666666666667,0,173
3060,2,1.10246625,265,3401,N,3.33333333333333,0,173
3267,3,1.11910725,269,3060,N,5,0,173
3052,4,1.21895325,293,3267,N,6.66666666666667,0,173
3878,5,1.4727285,354,3052,N,8.33333333333333,0,173
3364,6,1.5226515,366,3878,N,10,0,173
3662,7,1.59337575,383,3364,N,11.6666666666667,0,173
5250,8,0.7571655,182,3662,Y,13.3333333333333,1,173
5963,9,0.75300525,181,5250,N,15,1,173
4765,10,0.76964625,185,5963,N,16.6666666666667,1,173
5147,11,0.77796675,187,4765,N,18.3333333333333,1,173
4805,12,0.76964625,185,5147,N,20,1,173
5277,13,0.91109475,219,4805,N,21.6666666666667,1,173
5503,14,0.81124875,195,5277,N,23.3333333333333,1,173
5534,15,0.782127,188,5503,N,25,1,173
7496,16,0.78628725,189,5534,N,26.6666666666667,1,173
9573,17,0.848691,204,7496,N,28.3333333333333,1,173
8181,18,0.9235755,222,9573,N,30,1,173
6418,19,1.03590225,249,8181,N,31.6666666666667,1,173
7421,20,1.06086375,255,6418,N,33.3333333333333,1,173
6523,21,1.03590225,249,7421,N,35,1,173
6923,22,1.364562,328,6523,N,36.6666666666667,1,173
7984,23,1.26055575,303,6923,N,38.3333333333333,1,173
10062,24,1.13574825,273,7984,N,40,1,173
11136,25,0.77796675,187,10062,Y,41.6666666666667,2,173
9025,26,0.8070885,194,11136,N,43.3333333333333,2,173
10799,27,0.96101775,231,9025,N,45,2,173
9027,28,0.9235755,222,10799,N,46.6666666666667,2,173
10580,29,0.87781275,211,9027,N,48.3333333333333,2,173
9159,30,0.89445375,215,10580,N,50,2,173
11417,31,0.81956925,197,9159,N,51.6666666666667,2,173
12624,32,0.81124875,195,11417,N,53.3333333333333,2,173
12019,33,0.99429975,239,12624,N,55,2,173
12078,34,1.13574825,273,12019,N,56.6666666666667,2,173
14010,35,1.16487,280,12078,N,58.3333333333333,2,173
14605,36,1.214793,292,14010,N,60,2,173
13523,37,0.64483875,155,14605,Y,61.6666666666667,3,173
3567,0,0.80292825,193,NA,N,0,0,174
3408,1,0.782127,188,3567,N,1.66666666666667,0,174
3063,2,0.91109475,219,3408,N,3.33333333333333,0,174
3270,3,0.965178,232,3063,N,5,0,174
3054,4,0.95269725,229,3270,N,6.66666666666667,0,174
3882,5,1.131588,272,3054,N,8.33333333333333,0,174
3372,6,1.08582525,261,3882,N,10,0,174
3663,7,1.114947,268,3372,N,11.6666666666667,0,174
5256,8,1.29383775,311,3663,N,13.3333333333333,0,174
5964,9,1.31047875,315,5256,N,15,0,174
4772,10,1.35208125,325,5964,N,16.6666666666667,0,174
5155,11,1.2730365,306,4772,N,18.3333333333333,0,174
4811,12,1.3562415,326,5155,N,20,0,174
5299,13,1.797228,432,4811,N,21.6666666666667,0,174
5507,14,1.414485,340,5299,N,23.3333333333333,0,174
5538,15,1.580895,380,5507,N,25,0,174
7501,16,1.714023,412,5538,N,26.6666666666667,0,174
9577,17,0.9069345,218,7501,Y,28.3333333333333,1,174
8186,18,0.9402165,226,9577,N,30,1,174
6426,19,0.93605625,225,8186,N,31.6666666666667,1,174
7430,20,0.915255,220,6426,N,33.3333333333333,1,174
6529,21,0.98597925,237,7430,N,35,1,174
6927,22,1.1232675,270,6529,N,36.6666666666667,1,174
7991,23,1.05254325,253,6927,N,38.3333333333333,1,174
10070,24,1.11078675,267,7991,N,40,1,174
11142,25,1.16070975,279,10070,N,41.6666666666667,1,174
9041,26,1.3396005,322,11142,N,43.3333333333333,1,174
10805,27,1.38536325,333,9041,N,45,1,174
9044,28,1.381203,332,10805,N,46.6666666666667,1,174
10598,29,0.81956925,197,9044,Y,48.3333333333333,2,174
9188,30,0.7571655,182,10598,N,50,2,174
11426,31,0.8403705,202,9188,N,51.6666666666667,2,174
12638,32,0.9402165,226,11426,N,53.3333333333333,2,174
12043,33,0.765486,184,12638,N,55,2,174
12097,34,0.94437675,227,12043,N,56.6666666666667,2,174
14022,35,1.01926125,245,12097,N,58.3333333333333,2,174
14614,36,1.2397545,298,14022,N,60,2,174
13548,37,1.1731905,282,14614,N,61.6666666666667,2,174
3570,0,0.99429975,239,NA,N,0,0,175
3411,1,1.19399175,287,3570,N,1.66666666666667,0,175
3067,2,1.181511,284,3411,N,3.33333333333333,0,175
3276,3,1.3728825,330,3067,N,5,0,175
3056,4,1.56841425,377,3276,N,6.66666666666667,0,175
3885,5,1.51849125,365,3056,N,8.33333333333333,0,175
3377,6,0.682281,164,3885,Y,10,1,175
3665,7,0.765486,184,3377,N,11.6666666666667,1,175
5279,8,0.682281,164,3665,N,13.3333333333333,1,175
5966,9,0.86117175,207,5279,N,15,1,175
4779,10,0.83205,200,5966,N,16.6666666666667,1,175
5166,11,0.8570115,206,4779,N,18.3333333333333,1,175
4823,12,0.931896,224,5166,N,20,1,175
5313,13,0.9235755,222,4823,N,21.6666666666667,1,175
5515,14,0.91109475,219,5313,N,23.3333333333333,1,175
5546,15,0.915255,220,5515,N,25,1,175
7506,16,0.89445375,215,5546,N,26.6666666666667,1,175
9589,17,1.03590225,249,7506,N,28.3333333333333,1,175
8214,18,1.0567035,254,9589,N,30,1,175
6433,19,1.01926125,245,8214,N,31.6666666666667,1,175
7442,20,1.14406875,275,6433,N,33.3333333333333,1,175
6540,21,1.42696575,343,7442,N,35,1,175
6933,22,1.2563955,302,6540,N,36.6666666666667,1,175
8003,23,1.22727375,295,6933,N,38.3333333333333,1,175
10081,24,1.464408,352,8003,N,40,1,175
11149,25,1.514331,364,10081,N,41.6666666666667,1,175
9063,26,1.5060105,362,11149,N,43.3333333333333,1,175
10813,27,1.61833725,389,9063,N,45,1,175
15136,29,NA,-1,10813,Y,48.3333333333333,2,175
3580,0,1.1232675,270,NA,N,0,0,176
3431,1,1.347921,324,3580,N,1.66666666666667,0,176
3090,2,1.3063185,314,3431,N,3.33333333333333,0,176
3295,3,1.3229595,318,3090,N,5,0,176
3066,4,1.41032475,339,3295,N,6.66666666666667,0,176
3895,5,1.597536,384,3066,N,8.33333333333333,0,176
3402,6,0.7738065,186,3895,Y,10,1,176
5480,11,0.79460775,191,3402,N,18.3333333333333,1,176
5711,14,0.80292825,193,5480,N,23.3333333333333,1,176
9668,17,0.84453075,203,5711,N,28.3333333333333,1,176
8292,18,0.8403705,202,9668,N,30,1,176
7548,20,0.898614,216,8292,N,33.3333333333333,1,176
13260,35,0.81124875,195,7548,N,58.3333333333333,1,176
12859,37,0.96933825,233,13260,N,61.6666666666667,1,176
3582,0,0.881973,212,NA,N,0,0,177
3436,1,0.848691,204,3582,N,1.66666666666667,0,177
3094,2,1.05254325,253,3436,N,3.33333333333333,0,177
3301,3,0.9734985,234,3094,N,5,0,177
3070,4,0.931896,224,3301,N,6.66666666666667,0,177
3896,5,1.0567035,254,3070,N,8.33333333333333,0,177
3405,6,1.06086375,255,3896,N,10,0,177
3688,7,1.16070975,279,3405,N,11.6666666666667,0,177
5296,8,1.30215825,313,3688,N,13.3333333333333,0,177
5971,9,1.2231135,294,5296,N,15,0,177
4795,10,1.36040175,327,5971,N,16.6666666666667,0,177
5188,11,1.33544025,321,4795,N,18.3333333333333,0,177
4840,12,1.41864525,341,5188,N,20,0,177
5352,13,1.73482425,417,4840,N,21.6666666666667,0,177
2651,0,1.564254,376,NA,N,0,0,178
2268,1,0.76132575,183,2651,Y,1.66666666666667,1,178
2300,2,0.91109475,219,2268,N,3.33333333333333,1,178
2234,3,0.86117175,207,2300,N,5,1,178
2235,4,0.9069345,218,2234,N,6.66666666666667,1,178
2662,0,0.71972325,173,NA,N,0,0,179
2279,1,0.9734985,234,2662,N,1.66666666666667,0,179
2332,2,0.9402165,226,2279,N,3.33333333333333,0,179
2249,3,1.031742,248,2332,N,5,0,179
2242,4,1.0400625,250,2249,N,6.66666666666667,0,179
2584,5,0.90277425,217,2242,N,8.33333333333333,0,179
2284,6,0.931896,224,2584,N,10,0,179
2323,7,0.9235755,222,2284,N,11.6666666666667,0,179
4073,8,0.8736525,210,2323,N,13.3333333333333,0,179
4084,9,1.0234215,246,4073,N,15,0,179
4179,10,0.89445375,215,4084,N,16.6666666666667,0,179
4063,11,0.91941525,221,4179,N,18.3333333333333,0,179
4285,12,1.1232675,270,4063,N,20,0,179
4326,13,1.13574825,273,4285,N,21.6666666666667,0,179
4384,14,1.2563955,302,4326,N,23.3333333333333,0,179
4237,15,1.281357,308,4384,N,25,0,179
7097,16,1.3728825,330,4237,N,26.6666666666667,0,179
8425,17,1.381203,332,7097,N,28.3333333333333,0,179
7813,18,1.47688875,355,8425,N,30,0,179
6182,19,0.6906015,166,7813,Y,31.6666666666667,1,179
7138,20,0.8070885,194,6182,N,33.3333333333333,1,179
6095,21,0.83205,200,7138,N,35,1,179
6668,22,0.80292825,193,6095,N,36.6666666666667,1,179
3715,0,0.75300525,181,NA,N,0,0,180
3814,1,0.81124875,195,3715,N,1.66666666666667,0,180
3726,0,1.35208125,325,NA,N,0,0,181
3827,1,1.11910725,269,3726,N,1.66666666666667,0,181
3227,2,1.2397545,298,3827,N,3.33333333333333,0,181
3464,3,1.35208125,325,3227,N,5,0,181
3207,4,1.63497825,393,3464,N,6.66666666666667,0,181
3999,5,1.347921,324,3207,N,8.33333333333333,0,181
3551,6,0.748845,180,3999,Y,10,1,181
3862,7,0.94437675,227,3551,N,11.6666666666667,1,181
6007,9,0.8403705,202,3862,N,15,1,181
4971,10,0.86949225,209,6007,N,16.6666666666667,1,181
5490,11,0.8070885,194,4971,N,18.3333333333333,1,181
5579,13,1.23559425,297,5490,N,21.6666666666667,1,181
5724,14,1.048383,252,5579,N,23.3333333333333,1,181
5784,15,1.0733445,258,5724,N,25,1,181
7599,16,1.0899855,262,5784,N,26.6666666666667,1,181
9674,17,1.33544025,321,7599,N,28.3333333333333,1,181
8296,18,1.26055575,303,9674,N,30,1,181
6549,19,1.31047875,315,8296,N,31.6666666666667,1,181
7555,20,1.381203,332,6549,N,33.3333333333333,1,181
6749,21,1.364562,328,7555,N,35,1,181
6996,22,1.414485,340,6749,N,36.6666666666667,1,181
8151,23,1.57673475,379,6996,N,38.3333333333333,1,181
10373,24,1.647459,396,8151,N,40,1,181
11228,25,0.70308225,169,10373,Y,41.6666666666667,2,181
9568,26,0.632358,152,11228,N,43.3333333333333,2,181
11316,27,0.865332,208,9568,N,45,2,181
2718,0,1.16070975,279,NA,N,0,0,182
2362,1,1.2397545,298,2718,N,1.66666666666667,0,182
2360,2,1.114947,268,2362,N,3.33333333333333,0,182
2314,3,1.1898315,286,2360,N,5,0,182
2255,4,1.181511,284,2314,N,6.66666666666667,0,182
2640,5,1.297998,312,2255,N,8.33333333333333,0,182
2310,6,1.297998,312,2640,N,10,0,182
2367,7,1.6058565,386,2310,N,11.6666666666667,0,182
4102,8,1.51849125,365,2367,N,13.3333333333333,0,182
4097,9,1.75146525,421,4102,N,15,0,182
4221,10,1.6724205,402,4097,N,16.6666666666667,0,182
5031,12,0.8237295,198,4221,Y,20,1,182
3238,0,1.381203,332,NA,N,0,0,183
3085,1,1.49769,360,3238,N,1.66666666666667,0,183
2695,2,1.57673475,379,3085,N,3.33333333333333,0,183
2525,4,1.580895,380,2695,N,6.66666666666667,0,183
2946,5,1.62665775,391,2525,N,8.33333333333333,0,183
2612,6,0.7405245,178,2946,Y,10,1,183
2813,7,0.76132575,183,2612,N,11.6666666666667,1,183
3530,0,0.565794,136,NA,N,0,0,184
3369,1,0.61155675,147,3530,N,1.66666666666667,0,184
2989,2,0.765486,184,3369,N,3.33333333333333,0,184
3241,3,0.53667225,129,2989,N,5,0,184
3017,4,0.61155675,147,3241,N,6.66666666666667,0,184
3842,5,0.78628725,189,3017,N,8.33333333333333,0,184
3306,6,0.80292825,193,3842,N,10,0,184
3189,7,0.81124875,195,3306,N,11.6666666666667,0,184
5190,8,0.765486,184,3189,N,13.3333333333333,0,184
5954,9,0.8070885,194,5190,N,15,0,184
4728,10,0.865332,208,5954,N,16.6666666666667,0,184
5092,11,0.78628725,189,4728,N,18.3333333333333,0,184
4769,12,0.8070885,194,5092,N,20,0,184
5210,13,1.12742775,271,4769,N,21.6666666666667,0,184
5459,14,0.815409,196,5210,N,23.3333333333333,0,184
5495,15,0.81956925,197,5459,N,25,0,184
7470,16,0.84453075,203,5495,N,26.6666666666667,0,184
9492,17,0.83205,200,7470,N,28.3333333333333,0,184
8154,18,0.89445375,215,9492,N,30,0,184
6391,19,0.8736525,210,8154,N,31.6666666666667,0,184
7397,20,0.83621025,201,6391,N,33.3333333333333,0,184
6500,21,1.02758175,247,7397,N,35,0,184
6910,22,1.131588,272,6500,N,36.6666666666667,0,184
7954,23,0.948537,228,6910,N,38.3333333333333,0,184
10043,24,1.03590225,249,7954,N,40,0,184
11118,25,1.00262025,241,10043,N,41.6666666666667,0,184
8966,26,0.99429975,239,11118,N,43.3333333333333,0,184
10782,27,0.96933825,233,8966,N,45,0,184
8997,28,0.948537,228,10782,N,46.6666666666667,0,184
10552,29,0.9901395,238,8997,N,48.3333333333333,0,184
9124,30,0.79460775,191,10552,N,50,0,184
11407,31,0.81956925,197,9124,N,51.6666666666667,0,184
12614,32,0.81956925,197,11407,N,53.3333333333333,0,184
11997,33,0.80292825,193,12614,N,55,0,184
12056,34,0.7238835,174,11997,N,56.6666666666667,0,184
14469,36,0.75300525,181,12056,N,60,0,184
13232,37,0.765486,184,14469,N,61.6666666666667,0,184
3586,0,0.91109475,219,NA,N,0,0,185
3442,1,0.96933825,233,3586,N,1.66666666666667,0,185
3099,2,0.99846,240,3442,N,3.33333333333333,0,185
3305,3,1.08582525,261,3099,N,5,0,185
3074,4,0.99846,240,3305,N,6.66666666666667,0,185
3899,5,1.098306,264,3074,N,8.33333333333333,0,185
3409,6,1.05254325,253,3899,N,10,0,185
3690,7,1.12742775,271,3409,N,11.6666666666667,0,185
5300,8,1.2896775,310,3690,N,13.3333333333333,0,185
5972,9,1.49769,360,5300,N,15,0,185
4800,10,1.5060105,362,5972,N,16.6666666666667,0,185
5194,11,0.69476175,167,4800,Y,18.3333333333333,1,185
4960,12,0.70308225,169,5194,N,20,1,185
3600,0,1.10246625,265,NA,N,0,0,186
3673,1,1.0899855,262,3600,N,1.66666666666667,0,186
3120,2,1.14406875,275,3673,N,3.33333333333333,0,186
3321,3,1.015101,244,3120,N,5,0,186
3091,4,1.114947,268,3321,N,6.66666666666667,0,186
3918,5,1.4061645,338,3091,N,8.33333333333333,0,186
3420,6,1.35208125,325,3918,N,10,0,186
3754,7,1.34376075,323,3420,N,11.6666666666667,0,186
5327,8,1.364562,328,3754,N,13.3333333333333,0,186
5977,9,1.3895235,334,5327,N,15,0,186
4825,10,1.6557795,398,5977,N,16.6666666666667,0,186
5233,11,1.4727285,354,4825,N,18.3333333333333,0,186
4870,12,0.7072425,170,5233,Y,20,1,186
5549,14,0.782127,188,4870,N,23.3333333333333,1,186
5577,15,0.93605625,225,5549,N,25,1,186
6422,19,0.9402165,226,5577,N,31.6666666666667,1,186
7426,20,0.93605625,225,6422,N,33.3333333333333,1,186
6526,21,1.098306,264,7426,N,35,1,186
6925,22,1.198152,288,6526,N,36.6666666666667,1,186
7986,23,1.1066265,266,6925,N,38.3333333333333,1,186
10066,24,1.131588,272,7986,N,40,1,186
11140,25,1.17735075,283,10066,N,41.6666666666667,1,186
9035,26,1.2064725,290,11140,N,43.3333333333333,1,186
10803,27,1.2896775,310,9035,N,45,1,186
9036,28,1.51849125,365,10803,N,46.6666666666667,1,186
10591,29,1.5725745,378,9036,N,48.3333333333333,1,186
9171,30,1.730664,416,10591,N,50,1,186
11421,31,1.77642675,427,9171,N,51.6666666666667,1,186
12630,32,0.698922,168,11421,Y,53.3333333333333,2,186
12029,33,0.9901395,238,12630,N,55,2,186
12083,34,0.898614,216,12029,N,56.6666666666667,2,186
13512,35,0.898614,216,12083,N,58.3333333333333,2,186
14278,36,0.9402165,226,13512,N,60,2,186
12993,37,0.91941525,221,14278,N,61.6666666666667,2,186
3600,0,1.10246625,265,NA,N,0,0,187
3673,1,1.0899855,262,3600,N,1.66666666666667,0,187
3120,2,1.14406875,275,3673,N,3.33333333333333,0,187
3321,3,1.015101,244,3120,N,5,0,187
3091,4,1.114947,268,3321,N,6.66666666666667,0,187
3918,5,1.4061645,338,3091,N,8.33333333333333,0,187
3420,6,1.35208125,325,3918,N,10,0,187
3754,7,1.34376075,323,3420,N,11.6666666666667,0,187
5327,8,1.364562,328,3754,N,13.3333333333333,0,187
5977,9,1.3895235,334,5327,N,15,0,187
4825,10,1.6557795,398,5977,N,16.6666666666667,0,187
5233,11,1.4727285,354,4825,N,18.3333333333333,0,187
4865,12,0.62819775,151,5233,Y,20,1,187
5547,14,0.7738065,186,4865,N,23.3333333333333,1,187
5574,15,0.75300525,181,5547,N,25,1,187
6420,19,0.85285125,205,5574,N,31.6666666666667,1,187
7424,20,0.815409,196,6420,N,33.3333333333333,1,187
6525,21,1.03590225,249,7424,N,35,1,187
6924,22,1.131588,272,6525,N,36.6666666666667,1,187
7985,23,1.01926125,245,6924,N,38.3333333333333,1,187
10064,24,1.01926125,245,7985,N,40,1,187
11139,25,1.11910725,269,10064,N,41.6666666666667,1,187
9032,26,1.031742,248,11139,N,43.3333333333333,1,187
10802,27,1.08582525,261,9032,N,45,1,187
9033,28,1.45192725,349,10802,N,46.6666666666667,1,187
10588,29,1.45192725,349,9033,N,48.3333333333333,1,187
9168,30,1.73482425,417,10588,N,50,1,187
11420,31,0.66564,160,9168,Y,51.6666666666667,2,187
12629,32,0.682281,164,11420,N,53.3333333333333,2,187
12025,33,0.732204,176,12629,N,55,2,187
12080,34,0.8237295,198,12025,N,56.6666666666667,2,187
13508,35,0.87781275,211,12080,N,58.3333333333333,2,187
14276,36,0.8902935,214,13508,N,60,2,187
12991,37,0.88613325,213,14276,N,61.6666666666667,2,187
3601,0,0.61987725,149,NA,N,0,0,188
3704,1,0.55331325,133,3601,N,1.66666666666667,0,188
3123,2,0.5907555,142,3704,N,3.33333333333333,0,188
3323,3,0.57827475,139,3123,N,5,0,188
3095,4,0.6739605,162,3323,N,6.66666666666667,0,188
3922,5,0.66147975,159,3095,N,8.33333333333333,0,188
3423,6,0.6906015,166,3922,N,10,0,188
3757,7,0.848691,204,3423,N,11.6666666666667,0,188
5333,8,0.76132575,183,3757,N,13.3333333333333,0,188
5978,9,0.7571655,182,5333,N,15,0,188
4828,10,0.74468475,179,5978,N,16.6666666666667,0,188
5311,11,0.715563,172,4828,N,18.3333333333333,0,188
4877,12,0.71140275,171,5311,N,20,0,188
5378,13,1.1066265,266,4877,N,21.6666666666667,0,188
5567,14,0.74468475,179,5378,N,23.3333333333333,0,188
5583,15,0.7904475,190,5567,N,25,0,188
7524,16,0.898614,216,5583,N,26.6666666666667,0,188
9609,17,0.92773575,223,7524,N,28.3333333333333,0,188
8237,18,0.88613325,213,9609,N,30,0,188
6459,19,0.8070885,194,8237,N,31.6666666666667,0,188
7471,20,0.84453075,203,6459,N,33.3333333333333,0,188
6573,21,0.948537,228,7471,N,35,0,188
6948,22,0.981819,236,6573,N,36.6666666666667,0,188
8040,23,0.931896,224,6948,N,38.3333333333333,0,188
10116,24,0.97765875,235,8040,N,40,0,188
11170,25,1.01926125,245,10116,N,41.6666666666667,0,188
9205,26,0.981819,236,11170,N,43.3333333333333,0,188
10836,27,0.96933825,233,9205,N,45,0,188
9103,28,1.3063185,314,10836,N,46.6666666666667,0,188
10641,29,1.17735075,283,9103,N,48.3333333333333,0,188
9270,30,1.37704275,331,10641,N,50,0,188
11461,31,1.33128,320,9270,N,51.6666666666667,0,188
12664,32,1.347921,324,11461,N,53.3333333333333,0,188
12093,33,1.41032475,339,12664,N,55,0,188
12168,34,1.79306775,431,12093,N,56.6666666666667,0,188
13485,35,0.86949225,209,12168,Y,58.3333333333333,1,188
14266,36,1.04422275,251,13485,N,60,1,188
12979,37,0.97765875,235,14266,N,61.6666666666667,1,188
3609,0,1.20231225,289,NA,N,0,0,189
3710,1,1.065024,256,3609,N,1.66666666666667,0,189
3135,2,1.18567125,285,3710,N,3.33333333333333,0,189
3331,3,1.18567125,285,3135,N,5,0,189
3106,4,1.21895325,293,3331,N,6.66666666666667,0,189
3931,5,1.4727285,354,3106,N,8.33333333333333,0,189
3433,6,1.36872225,329,3931,N,10,0,189
3763,7,1.564254,376,3433,N,11.6666666666667,0,189
5355,8,0.82788975,199,3763,Y,13.3333333333333,1,189
5981,9,0.865332,208,5355,N,15,1,189
4838,10,0.96933825,233,5981,N,16.6666666666667,1,189
3609,0,1.20231225,289,NA,N,0,0,190
3710,1,1.065024,256,3609,N,1.66666666666667,0,190
3135,2,1.18567125,285,3710,N,3.33333333333333,0,190
3331,3,1.18567125,285,3135,N,5,0,190
3106,4,1.21895325,293,3331,N,6.66666666666667,0,190
3931,5,1.4727285,354,3106,N,8.33333333333333,0,190
3433,6,1.36872225,329,3931,N,10,0,190
3763,7,1.564254,376,3433,N,11.6666666666667,0,190
5360,8,0.8237295,198,3763,Y,13.3333333333333,1,190
5982,9,0.86949225,209,5360,N,15,1,190
4843,10,0.86949225,209,5982,N,16.6666666666667,1,190
5322,11,0.87781275,211,4843,N,18.3333333333333,1,190
4889,12,0.97765875,235,5322,N,20,1,190
5384,13,1.15238925,277,4889,N,21.6666666666667,1,190
5576,14,0.87781275,211,5384,N,23.3333333333333,1,190
5594,15,1.0733445,258,5576,N,25,1,190
7531,16,0.9901395,238,5594,N,26.6666666666667,1,190
9616,17,1.17735075,283,7531,N,28.3333333333333,1,190
8242,18,1.081665,260,9616,N,30,1,190
6468,19,1.20231225,289,8242,N,31.6666666666667,1,190
7481,20,1.4228055,342,6468,N,33.3333333333333,1,190
6580,21,1.5060105,362,7481,N,35,1,190
6953,22,1.71818325,413,6580,N,36.6666666666667,1,190
8051,23,1.44360675,347,6953,N,38.3333333333333,1,190
10137,24,1.46856825,353,8051,N,40,1,190
11178,25,0.6573195,158,10137,Y,41.6666666666667,2,190
9400,26,0.74468475,179,11178,N,43.3333333333333,2,190
10844,27,0.81124875,195,9400,N,45,2,190
9116,28,0.79460775,191,10844,N,46.6666666666667,2,190
10652,29,0.9568575,230,9116,N,48.3333333333333,2,190
9288,30,0.86949225,209,10652,N,50,2,190
12672,32,1.16903025,281,9288,N,53.3333333333333,2,190
12108,33,1.3063185,314,12672,N,55,2,190
13829,35,1.4228055,342,12108,N,58.3333333333333,2,190
14461,36,1.4394465,346,13829,N,60,2,190
13028,37,0.74468475,179,14461,Y,61.6666666666667,3,190
3621,0,0.8070885,194,NA,N,0,0,191
3722,1,0.898614,216,3621,N,1.66666666666667,0,191
3147,2,0.798768,192,3722,N,3.33333333333333,0,191
3349,3,0.89445375,215,3147,N,5,0,191
3127,4,1.00262025,241,3349,N,6.66666666666667,0,191
3944,5,1.0899855,262,3127,N,8.33333333333333,0,191
3452,6,1.0400625,250,3944,N,10,0,191
3772,7,1.07750475,259,3452,N,11.6666666666667,0,191
5401,8,1.1066265,266,3772,N,13.3333333333333,0,191
5986,9,1.20231225,289,5401,N,15,0,191
4867,10,1.16487,280,5986,N,16.6666666666667,0,191
5350,11,1.16487,280,4867,N,18.3333333333333,0,191
4912,12,1.30215825,313,5350,N,20,0,191
5434,13,1.54345275,371,4912,N,21.6666666666667,0,191
5630,14,1.53513225,369,5434,N,23.3333333333333,0,191
5617,15,1.580895,380,5630,N,25,0,191
7544,16,1.763946,424,5617,N,26.6666666666667,0,191
9626,17,0.9402165,226,7544,Y,28.3333333333333,1,191
8253,18,0.83621025,201,9626,N,30,1,191
6479,19,0.86117175,207,8253,N,31.6666666666667,1,191
7494,20,0.93605625,225,6479,N,33.3333333333333,1,191
6588,21,0.865332,208,7494,N,35,1,191
6959,22,0.99429975,239,6588,N,36.6666666666667,1,191
8060,23,1.0234215,246,6959,N,38.3333333333333,1,191
11185,25,0.96101775,231,8060,N,41.6666666666667,1,191
9414,26,0.948537,228,11185,N,43.3333333333333,1,191
10851,27,1.0567035,254,9414,N,45,1,191
9127,28,1.21063275,291,10851,N,46.6666666666667,1,191
10659,29,1.26887625,305,9127,N,48.3333333333333,1,191
9315,30,1.4893695,358,10659,N,50,1,191
11477,31,1.5392925,370,9315,N,51.6666666666667,1,191
12679,32,1.5559335,374,11477,N,53.3333333333333,1,191
12119,33,1.77642675,427,12679,N,55,1,191
12255,34,1.80138825,433,12119,N,56.6666666666667,1,191
13589,35,0.83621025,201,12255,Y,58.3333333333333,2,191
3621,0,0.8070885,194,NA,N,0,0,192
3722,1,0.898614,216,3621,N,1.66666666666667,0,192
3147,2,0.798768,192,3722,N,3.33333333333333,0,192
3349,3,0.89445375,215,3147,N,5,0,192
3127,4,1.00262025,241,3349,N,6.66666666666667,0,192
3944,5,1.0899855,262,3127,N,8.33333333333333,0,192
3452,6,1.0400625,250,3944,N,10,0,192
3772,7,1.07750475,259,3452,N,11.6666666666667,0,192
5401,8,1.1066265,266,3772,N,13.3333333333333,0,192
5986,9,1.20231225,289,5401,N,15,0,192
4867,10,1.16487,280,5986,N,16.6666666666667,0,192
5350,11,1.16487,280,4867,N,18.3333333333333,0,192
4912,12,1.30215825,313,5350,N,20,0,192
5434,13,1.54345275,371,4912,N,21.6666666666667,0,192
5630,14,1.53513225,369,5434,N,23.3333333333333,0,192
5617,15,1.580895,380,5630,N,25,0,192
7544,16,1.763946,424,5617,N,26.6666666666667,0,192
9624,17,0.8403705,202,7544,Y,28.3333333333333,1,192
8251,18,0.815409,196,9624,N,30,1,192
6478,19,0.948537,228,8251,N,31.6666666666667,1,192
7492,20,0.7738065,186,6478,N,33.3333333333333,1,192
6587,21,0.88613325,213,7492,N,35,1,192
6958,22,0.94437675,227,6587,N,36.6666666666667,1,192
8058,23,0.86117175,207,6958,N,38.3333333333333,1,192
10191,24,0.8736525,210,8058,N,40,1,192
11184,25,0.99429975,239,10191,N,41.6666666666667,1,192
9412,26,1.06918425,257,11184,N,43.3333333333333,1,192
10850,27,1.11078675,267,9412,N,45,1,192
9125,28,1.231434,296,10850,N,46.6666666666667,1,192
10658,29,1.23559425,297,9125,N,48.3333333333333,1,192
9311,30,1.22727375,295,10658,N,50,1,192
12713,32,1.39368375,335,9311,N,53.3333333333333,1,192
12169,33,0.9235755,222,12713,Y,55,2,192
12316,34,0.915255,220,12169,N,56.6666666666667,2,192
13648,35,0.69476175,167,12316,N,58.3333333333333,2,192
14351,36,1.0067805,242,13648,N,60,2,192
3623,0,1.01926125,245,NA,N,0,0,193
3725,1,0.95269725,229,3623,N,1.66666666666667,0,193
3150,2,0.84453075,203,3725,N,3.33333333333333,0,193
3355,3,0.9069345,218,3150,N,5,0,193
3131,4,0.965178,232,3355,N,6.66666666666667,0,193
3947,5,1.16070975,279,3131,N,8.33333333333333,0,193
3457,6,1.06086375,255,3947,N,10,0,193
3776,7,1.1066265,266,3457,N,11.6666666666667,0,193
5404,8,1.21895325,293,3776,N,13.3333333333333,0,193
5987,9,1.06086375,255,5404,N,15,0,193
4871,10,1.281357,308,5987,N,16.6666666666667,0,193
5357,11,1.1898315,286,4871,N,18.3333333333333,0,193
4916,12,1.2563955,302,5357,N,20,0,193
5437,13,1.78474725,429,4916,N,21.6666666666667,0,193
5289,14,0.64483875,155,5437,Y,23.3333333333333,1,193
5354,15,0.71972325,173,5289,N,25,1,193
7392,16,0.70308225,169,5354,N,26.6666666666667,1,193
9334,17,0.94437675,227,7392,N,28.3333333333333,1,193
8087,18,0.865332,208,9334,N,30,1,193
6335,19,0.84453075,203,8087,N,31.6666666666667,1,193
7341,20,0.8237295,198,6335,N,33.3333333333333,1,193
6427,21,1.114947,268,7341,N,35,1,193
6842,22,1.2064725,290,6427,N,36.6666666666667,1,193
7910,23,1.06918425,257,6842,N,38.3333333333333,1,193
10001,24,1.04422275,251,7910,N,40,1,193
11075,25,0.98597925,237,10001,N,41.6666666666667,1,193
8839,26,1.214793,292,11075,N,43.3333333333333,1,193
10589,27,1.26887625,305,8839,N,45,1,193
8939,28,1.4228055,342,10589,N,46.6666666666667,1,193
10469,29,1.5559335,374,8939,N,48.3333333333333,1,193
9029,30,0.80292825,193,10469,Y,50,2,193
11560,31,0.8403705,202,9029,N,51.6666666666667,2,193
3623,0,1.01926125,245,NA,N,0,0,194
3725,1,0.95269725,229,3623,N,1.66666666666667,0,194
3150,2,0.84453075,203,3725,N,3.33333333333333,0,194
3355,3,0.9069345,218,3150,N,5,0,194
3131,4,0.965178,232,3355,N,6.66666666666667,0,194
3947,5,1.16070975,279,3131,N,8.33333333333333,0,194
3457,6,1.06086375,255,3947,N,10,0,194
3776,7,1.1066265,266,3457,N,11.6666666666667,0,194
5404,8,1.21895325,293,3776,N,13.3333333333333,0,194
5987,9,1.06086375,255,5404,N,15,0,194
4871,10,1.281357,308,5987,N,16.6666666666667,0,194
5357,11,1.1898315,286,4871,N,18.3333333333333,0,194
4916,12,1.2563955,302,5357,N,20,0,194
5437,13,1.78474725,429,4916,N,21.6666666666667,0,194
4643,14,0.61987725,149,5437,Y,23.3333333333333,1,194
5097,15,0.83621025,201,4643,N,25,1,194
7277,16,0.89445375,215,5097,N,26.6666666666667,1,194
9158,17,0.8902935,214,7277,N,28.3333333333333,1,194
8002,18,0.88613325,213,9158,N,30,1,194
6250,19,0.8570115,206,8002,N,31.6666666666667,1,194
7239,20,0.83621025,201,6250,N,33.3333333333333,1,194
6214,21,0.90277425,217,7239,N,35,1,194
6738,22,0.898614,216,6214,N,36.6666666666667,1,194
7797,23,0.99429975,239,6738,N,38.3333333333333,1,194
9942,24,1.07750475,259,7797,N,40,1,194
11011,25,1.1898315,286,9942,N,41.6666666666667,1,194
8603,26,1.10246625,265,11011,N,43.3333333333333,1,194
10336,27,1.19399175,287,8603,N,45,1,194
8813,28,1.381203,332,10336,N,46.6666666666667,1,194
10314,29,1.514331,364,8813,N,48.3333333333333,1,194
8824,30,0.7405245,178,10314,Y,50,2,194
11501,31,0.915255,220,8824,N,51.6666666666667,2,194
12515,32,0.898614,216,11501,N,53.3333333333333,2,194
11786,33,0.848691,204,12515,N,55,2,194
11822,34,0.90277425,217,11786,N,56.6666666666667,2,194
13877,35,0.8902935,214,11822,N,58.3333333333333,2,194
14510,36,0.8403705,202,13877,N,60,2,194
13326,37,0.8736525,210,14510,N,61.6666666666667,2,194
3625,0,1.2231135,294,NA,N,0,0,195
3727,1,1.14406875,275,3625,N,1.66666666666667,0,195
3155,2,1.2231135,294,3727,N,3.33333333333333,0,195
3362,3,1.29383775,311,3155,N,5,0,195
3134,4,1.25223525,301,3362,N,6.66666666666667,0,195
3950,5,1.47688875,355,3134,N,8.33333333333333,0,195
3462,6,1.6724205,402,3950,N,10,0,195
3782,7,1.431126,344,3462,N,11.6666666666667,0,195
5408,8,0.79460775,191,3782,Y,13.3333333333333,1,195
5988,9,0.9402165,226,5408,N,15,1,195
4875,10,1.0234215,246,5988,N,16.6666666666667,1,195
5362,11,0.98597925,237,4875,N,18.3333333333333,1,195
4920,12,1.0899855,262,5362,N,20,1,195
5634,14,1.048383,252,4920,N,23.3333333333333,1,195
5622,15,1.21063275,291,5634,N,25,1,195
7550,16,1.13574825,273,5622,N,26.6666666666667,1,195
9628,17,1.17735075,283,7550,N,28.3333333333333,1,195
8257,18,1.22727375,295,9628,N,30,1,195
6483,19,1.2397545,298,8257,N,31.6666666666667,1,195
7497,20,1.32711975,319,6483,N,33.3333333333333,1,195
6590,21,1.61001675,387,7497,N,35,1,195
6961,22,1.7223435,414,6590,N,36.6666666666667,1,195
8065,23,1.65161925,397,6961,N,38.3333333333333,1,195
10203,24,1.9053945,458,8065,N,40,1,195
11187,25,1.5559335,374,10203,N,41.6666666666667,1,195
9418,26,1.91787525,461,11187,N,43.3333333333333,1,195
10856,27,0.99846,240,9418,Y,45,2,195
9139,28,1.05254325,253,10856,N,46.6666666666667,2,195
10664,29,1.06918425,257,9139,N,48.3333333333333,2,195
9329,30,1.1232675,270,10664,N,50,2,195
12684,32,1.18567125,285,9329,N,53.3333333333333,2,195
12124,33,1.16070975,279,12684,N,55,2,195
12273,34,1.181511,284,12124,N,56.6666666666667,2,195
14063,35,1.34376075,323,12273,N,58.3333333333333,2,195
14649,36,1.447767,348,14063,N,60,2,195
13625,37,1.51849125,365,14649,N,61.6666666666667,2,195
3627,0,0.948537,228,NA,N,0,0,196
3729,1,1.01094075,243,3627,N,1.66666666666667,0,196
3160,2,0.99429975,239,3729,N,3.33333333333333,0,196
3367,3,1.08582525,261,3160,N,5,0,196
3137,4,1.2730365,306,3367,N,6.66666666666667,0,196
3954,5,1.24391475,299,3137,N,8.33333333333333,0,196
3466,6,1.3229595,318,3954,N,10,0,196
3786,7,1.3895235,334,3466,N,11.6666666666667,0,196
5412,8,1.50185025,361,3786,N,13.3333333333333,0,196
5989,9,1.481049,356,5412,N,15,0,196
4884,10,1.680741,404,5989,N,16.6666666666667,0,196
5368,11,1.58505525,381,4884,N,18.3333333333333,0,196
4925,12,0.682281,164,5368,Y,20,1,196
3627,0,0.948537,228,NA,N,0,0,197
3729,1,1.01094075,243,3627,N,1.66666666666667,0,197
3160,2,0.99429975,239,3729,N,3.33333333333333,0,197
3367,3,1.08582525,261,3160,N,5,0,197
3137,4,1.2730365,306,3367,N,6.66666666666667,0,197
3954,5,1.24391475,299,3137,N,8.33333333333333,0,197
3466,6,1.3229595,318,3954,N,10,0,197
3786,7,1.3895235,334,3466,N,11.6666666666667,0,197
5412,8,1.50185025,361,3786,N,13.3333333333333,0,197
5989,9,1.481049,356,5412,N,15,0,197
4884,10,1.680741,404,5989,N,16.6666666666667,0,197
5368,11,1.58505525,381,4884,N,18.3333333333333,0,197
4930,12,0.782127,188,5368,Y,20,1,197
5441,13,0.9901395,238,4930,N,21.6666666666667,1,197
5641,14,0.92773575,223,5441,N,23.3333333333333,1,197
5625,15,0.81124875,195,5641,N,25,1,197
7554,16,0.78628725,189,5625,N,26.6666666666667,1,197
9630,17,0.89445375,215,7554,N,28.3333333333333,1,197
8259,18,1.0234215,246,9630,N,30,1,197
6485,19,0.98597925,237,8259,N,31.6666666666667,1,197
7499,20,1.1399085,274,6485,N,33.3333333333333,1,197
6591,21,1.364562,328,7499,N,35,1,197
6962,22,1.5725745,378,6591,N,36.6666666666667,1,197
8067,23,1.3895235,334,6962,N,38.3333333333333,1,197
10210,24,1.61001675,387,8067,N,40,1,197
11189,25,1.6391385,394,10210,N,41.6666666666667,1,197
9439,26,0.77796675,187,11189,Y,43.3333333333333,2,197
3629,0,0.99429975,239,NA,N,0,0,198
3731,1,1.347921,324,3629,N,1.66666666666667,0,198
3165,2,1.1898315,286,3731,N,3.33333333333333,0,198
3384,3,1.21063275,291,3165,N,5,0,198
3140,4,1.2563955,302,3384,N,6.66666666666667,0,198
3958,5,1.5392925,370,3140,N,8.33333333333333,0,198
3472,6,1.53513225,369,3958,N,10,0,198
3788,7,0.7072425,170,3472,Y,11.6666666666667,1,198
5416,8,0.76964625,185,3788,N,13.3333333333333,1,198
5990,9,0.815409,196,5416,N,15,1,198
4891,10,0.84453075,203,5990,N,16.6666666666667,1,198
5372,11,0.865332,208,4891,N,18.3333333333333,1,198
4934,12,0.8736525,210,5372,N,20,1,198
5445,13,0.9402165,226,4934,N,21.6666666666667,1,198
5648,14,0.86117175,207,5445,N,23.3333333333333,1,198
5627,15,0.94437675,227,5648,N,25,1,198
7556,16,1.01094075,243,5627,N,26.6666666666667,1,198
9632,17,1.11078675,267,7556,N,28.3333333333333,1,198
8261,18,1.0067805,242,9632,N,30,1,198
6487,19,1.131588,272,8261,N,31.6666666666667,1,198
7500,20,1.1399085,274,6487,N,33.3333333333333,1,198
6592,21,1.22727375,295,7500,N,35,1,198
6963,22,1.3562415,326,6592,N,36.6666666666667,1,198
8069,23,1.13574825,273,6963,N,38.3333333333333,1,198
10213,24,1.4061645,338,8069,N,40,1,198
11190,25,1.47688875,355,10213,N,41.6666666666667,1,198
9448,26,0.8070885,194,11190,Y,43.3333333333333,2,198
10858,27,0.9235755,222,9448,N,45,2,198
14180,35,0.98597925,237,10858,N,58.3333333333333,2,198
14714,36,1.13574825,273,14180,N,60,2,198
13762,37,1.20231225,289,14714,N,61.6666666666667,2,198
3633,0,0.91941525,221,NA,N,0,0,199
3774,1,0.9901395,238,3633,N,1.66666666666667,0,199
3177,2,1.065024,256,3774,N,3.33333333333333,0,199
3394,3,1.05254325,253,3177,N,5,0,199
3145,4,1.05254325,253,3394,N,6.66666666666667,0,199
3966,5,1.1565495,278,3145,N,8.33333333333333,0,199
3477,6,1.13574825,273,3966,N,10,0,199
3793,7,1.22727375,295,3477,N,11.6666666666667,0,199
5425,8,1.36040175,327,3793,N,13.3333333333333,0,199
5991,9,1.26055575,303,5425,N,15,0,199
4896,10,1.43528625,345,5991,N,16.6666666666667,0,199
5381,11,1.397844,336,4896,N,18.3333333333333,0,199
4944,12,1.48520925,357,5381,N,20,0,199
5449,13,1.57673475,379,4944,N,21.6666666666667,0,199
5659,14,1.72650375,415,5449,N,23.3333333333333,0,199
5631,15,1.7389845,418,5659,N,25,0,199
7559,16,2.00108025,481,5631,N,26.6666666666667,0,199
9635,17,1.97611875,475,7559,N,28.3333333333333,0,199
8267,18,0.898614,216,9635,Y,30,1,199
6490,19,0.931896,224,8267,N,31.6666666666667,1,199
7505,20,1.048383,252,6490,N,33.3333333333333,1,199
6595,21,1.16070975,279,7505,N,35,1,199
6966,22,1.16070975,279,6595,N,36.6666666666667,1,199
8075,23,1.1066265,266,6966,N,38.3333333333333,1,199
10224,24,1.0899855,262,8075,N,40,1,199
11193,25,1.18567125,285,10224,N,41.6666666666667,1,199
9457,26,1.16487,280,11193,N,43.3333333333333,1,199
10862,27,1.28551725,309,9457,N,45,1,199
3668,0,1.248075,300,NA,N,0,0,200
3780,1,1.25223525,301,3668,N,1.66666666666667,0,200
3181,2,1.2064725,290,3780,N,3.33333333333333,0,200
3400,3,1.19399175,287,3181,N,5,0,200
3151,4,1.33128,320,3400,N,6.66666666666667,0,200
3978,5,1.46856825,353,3151,N,8.33333333333333,0,200
3488,6,1.4560875,350,3978,N,10,0,200
3802,7,1.53513225,369,3488,N,11.6666666666667,0,200
5439,8,1.64329875,395,3802,N,13.3333333333333,0,200
5993,9,1.780587,428,5439,N,15,0,200
4907,10,1.94283675,467,5993,N,16.6666666666667,0,200
5392,11,0.7238835,174,4907,Y,18.3333333333333,1,200
4956,12,0.8237295,198,5392,N,20,1,200
5460,13,1.14406875,275,4956,N,21.6666666666667,1,200
5669,14,1.0234215,246,5460,N,23.3333333333333,1,200
5643,15,1.0400625,250,5669,N,25,1,200
7565,16,1.14406875,275,5643,N,26.6666666666667,1,200
9639,17,1.114947,268,7565,N,28.3333333333333,1,200
8273,18,1.131588,272,9639,N,30,1,200
6498,19,1.31879925,317,8273,N,31.6666666666667,1,200
8084,23,1.281357,308,6498,N,38.3333333333333,1,200
10245,24,1.381203,332,8084,N,40,1,200
11197,25,1.447767,348,10245,N,41.6666666666667,1,200
9472,26,0.52835175,127,11197,Y,43.3333333333333,2,200
10866,27,0.532512,128,9472,N,45,2,200
9145,28,0.81124875,195,10866,N,46.6666666666667,2,200
10669,29,0.698922,168,9145,N,48.3333333333333,2,200
9342,30,0.76132575,183,10669,N,50,2,200
11480,31,0.6573195,158,9342,N,51.6666666666667,2,200
12687,32,0.8570115,206,11480,N,53.3333333333333,2,200
12130,33,0.82788975,199,12687,N,55,2,200
12278,34,0.86949225,209,12130,N,56.6666666666667,2,200
14067,35,0.9069345,218,12278,N,58.3333333333333,2,200
14651,36,0.965178,232,14067,N,60,2,200
13629,37,1.30215825,313,14651,N,61.6666666666667,2,200
3668,0,1.248075,300,NA,N,0,0,201
3780,1,1.25223525,301,3668,N,1.66666666666667,0,201
3181,2,1.2064725,290,3780,N,3.33333333333333,0,201
3400,3,1.19399175,287,3181,N,5,0,201
3151,4,1.33128,320,3400,N,6.66666666666667,0,201
3978,5,1.46856825,353,3151,N,8.33333333333333,0,201
3488,6,1.4560875,350,3978,N,10,0,201
3802,7,1.53513225,369,3488,N,11.6666666666667,0,201
5439,8,1.64329875,395,3802,N,13.3333333333333,0,201
5993,9,1.780587,428,5439,N,15,0,201
4907,10,1.94283675,467,5993,N,16.6666666666667,0,201
5388,11,0.948537,228,4907,Y,18.3333333333333,1,201
4951,12,0.8570115,206,5388,N,20,1,201
5456,13,1.2064725,290,4951,N,21.6666666666667,1,201
5665,14,0.815409,196,5456,N,23.3333333333333,1,201
5639,15,0.80292825,193,5665,N,25,1,201
7563,16,0.86117175,207,5639,N,26.6666666666667,1,201
9637,17,0.93605625,225,7563,N,28.3333333333333,1,201
8271,18,1.07750475,259,9637,N,30,1,201
6494,19,1.1232675,270,8271,N,31.6666666666667,1,201
7509,20,1.21063275,291,6494,N,33.3333333333333,1,201
6968,22,1.13574825,273,7509,N,36.6666666666667,1,201
8079,23,0.7072425,170,6968,Y,38.3333333333333,2,201
10240,24,0.77796675,187,8079,N,40,2,201
2647,0,0.70308225,169,NA,N,0,0,202
2264,1,0.77796675,187,2647,N,1.66666666666667,0,202
2276,2,0.82788975,199,2264,N,3.33333333333333,0,202
2232,3,0.73636425,177,2276,N,5,0,202
2233,4,0.8237295,198,2232,N,6.66666666666667,0,202
2563,5,0.8736525,210,2233,N,8.33333333333333,0,202
2262,6,0.80292825,193,2563,N,10,0,202
2273,7,0.88613325,213,2262,N,11.6666666666667,0,202
4068,8,0.965178,232,2273,N,13.3333333333333,0,202
4075,9,0.93605625,225,4068,N,15,0,202
4162,10,0.95269725,229,4075,N,16.6666666666667,0,202
4058,11,1.0400625,250,4162,N,18.3333333333333,0,202
4230,12,1.06918425,257,4058,N,20,0,202
4299,13,1.114947,268,4230,N,21.6666666666667,0,202
4346,14,1.20231225,289,4299,N,23.3333333333333,0,202
4208,15,1.231434,296,4346,N,25,0,202
7083,16,1.2397545,298,4208,N,26.6666666666667,0,202
8406,17,1.33128,320,7083,N,28.3333333333333,0,202
7803,18,1.4394465,346,8406,N,30,0,202
6104,19,1.431126,344,7803,N,31.6666666666667,0,202
7078,20,1.4727285,354,6104,N,33.3333333333333,0,202
6065,21,1.6724205,402,7078,N,35,0,202
6277,22,0.915255,220,6065,Y,36.6666666666667,1,202
7244,23,0.8070885,194,6277,N,38.3333333333333,1,202
9820,24,0.99846,240,7244,N,40,1,202
2647,0,0.70308225,169,NA,N,0,0,203
2264,1,0.77796675,187,2647,N,1.66666666666667,0,203
2276,2,0.82788975,199,2264,N,3.33333333333333,0,203
2232,3,0.73636425,177,2276,N,5,0,203
2233,4,0.8237295,198,2232,N,6.66666666666667,0,203
2563,5,0.8736525,210,2233,N,8.33333333333333,0,203
2262,6,0.80292825,193,2563,N,10,0,203
2273,7,0.88613325,213,2262,N,11.6666666666667,0,203
4068,8,0.965178,232,2273,N,13.3333333333333,0,203
4075,9,0.93605625,225,4068,N,15,0,203
4162,10,0.95269725,229,4075,N,16.6666666666667,0,203
4058,11,1.0400625,250,4162,N,18.3333333333333,0,203
4230,12,1.06918425,257,4058,N,20,0,203
4299,13,1.114947,268,4230,N,21.6666666666667,0,203
4346,14,1.20231225,289,4299,N,23.3333333333333,0,203
4208,15,1.231434,296,4346,N,25,0,203
7083,16,1.2397545,298,4208,N,26.6666666666667,0,203
8406,17,1.33128,320,7083,N,28.3333333333333,0,203
7803,18,1.4394465,346,8406,N,30,0,203
6104,19,1.431126,344,7803,N,31.6666666666667,0,203
7078,20,1.4727285,354,6104,N,33.3333333333333,0,203
6065,21,1.6724205,402,7078,N,35,0,203
6275,22,0.69476175,167,6065,Y,36.6666666666667,1,203
7240,23,0.715563,172,6275,N,38.3333333333333,1,203
9819,24,0.748845,180,7240,N,40,1,203
10891,25,0.8736525,210,9819,N,41.6666666666667,1,203
8379,26,0.91941525,221,10891,N,43.3333333333333,1,203
10082,27,0.92773575,223,8379,N,45,1,203
8463,28,0.782127,188,10082,N,46.6666666666667,1,203
9777,29,1.16070975,279,8463,N,48.3333333333333,1,203
12415,32,1.23559425,297,9777,N,53.3333333333333,1,203
11620,33,1.39368375,335,12415,N,55,1,203
13422,35,1.63497825,393,11620,N,58.3333333333333,1,203
14232,36,0.865332,208,13422,Y,60,2,203
12946,37,0.8403705,202,14232,N,61.6666666666667,2,203
3672,0,0.9069345,218,NA,N,0,0,204
3784,1,0.8736525,210,3672,N,1.66666666666667,0,204
3188,2,0.981819,236,3784,N,3.33333333333333,0,204
3404,3,0.981819,236,3188,N,5,0,204
3154,4,0.9568575,230,3404,N,6.66666666666667,0,204
3982,5,0.98597925,237,3154,N,8.33333333333333,0,204
3493,6,1.015101,244,3982,N,10,0,204
3806,7,0.981819,236,3493,N,11.6666666666667,0,204
5446,8,1.065024,256,3806,N,13.3333333333333,0,204
5994,9,1.21895325,293,5446,N,15,0,204
5398,11,1.49352975,359,5994,N,18.3333333333333,0,204
4966,12,1.45192725,349,5398,N,20,0,204
5472,13,1.84299075,443,4966,N,21.6666666666667,0,204
14786,14,NA,-1,5472,Y,23.3333333333333,1,204
3672,0,0.9069345,218,NA,N,0,0,205
3784,1,0.8736525,210,3672,N,1.66666666666667,0,205
3188,2,0.981819,236,3784,N,3.33333333333333,0,205
3404,3,0.981819,236,3188,N,5,0,205
3154,4,0.9568575,230,3404,N,6.66666666666667,0,205
3982,5,0.98597925,237,3154,N,8.33333333333333,0,205
3493,6,1.015101,244,3982,N,10,0,205
3806,7,0.981819,236,3493,N,11.6666666666667,0,205
5446,8,1.065024,256,3806,N,13.3333333333333,0,205
5994,9,1.21895325,293,5446,N,15,0,205
5398,11,1.49352975,359,5994,N,18.3333333333333,0,205
4966,12,1.45192725,349,5398,N,20,0,205
5472,13,1.84299075,443,4966,N,21.6666666666667,0,205
4387,14,0.898614,216,5472,Y,23.3333333333333,1,205
4242,15,0.9402165,226,4387,N,25,1,205
7098,16,0.91941525,221,4242,N,26.6666666666667,1,205
8427,17,0.931896,224,7098,N,28.3333333333333,1,205
7815,18,0.948537,228,8427,N,30,1,205
6124,19,0.948537,228,7815,N,31.6666666666667,1,205
7091,20,0.95269725,229,6124,N,33.3333333333333,1,205
6072,21,0.9568575,230,7091,N,35,1,205
6294,22,0.91941525,221,6072,N,36.6666666666667,1,205
7427,23,1.1731905,282,6294,N,38.3333333333333,1,205
9828,24,0.96101775,231,7427,N,40,1,205
10899,25,1.12742775,271,9828,N,41.6666666666667,1,205
8390,26,0.9568575,230,10899,N,43.3333333333333,1,205
10317,27,1.08582525,261,8390,N,45,1,205
10278,29,1.031742,248,10317,N,48.3333333333333,1,205
8785,30,1.048383,252,10278,N,50,1,205
12509,32,1.4560875,350,8785,N,53.3333333333333,1,205
11776,33,0.72804375,175,12509,Y,55,2,205
2656,0,1.2064725,290,NA,N,0,0,206
2277,1,1.131588,272,2656,N,1.66666666666667,0,206
2308,2,1.1399085,274,2277,N,3.33333333333333,0,206
2245,3,1.15238925,277,2308,N,5,0,206
2240,4,1.1898315,286,2245,N,6.66666666666667,0,206
2575,5,1.40200425,337,2240,N,8.33333333333333,0,206
2280,6,1.39368375,335,2575,N,10,0,206
2307,7,1.4727285,354,2280,N,11.6666666666667,0,206
4071,8,1.614177,388,2307,N,13.3333333333333,0,206
4080,9,1.68490125,405,4071,N,15,0,206
4173,10,1.5559335,374,4080,N,16.6666666666667,0,206
4061,11,1.797228,432,4173,N,18.3333333333333,0,206
4273,12,1.90955475,459,4061,N,20,0,206
4319,13,2.246535,540,4273,N,21.6666666666667,0,206
4373,14,1.0067805,242,4319,Y,23.3333333333333,1,206
4229,15,0.94437675,227,4373,N,25,1,206
7093,16,1.0234215,246,4229,N,26.6666666666667,1,206
8418,17,1.347921,324,7093,N,28.3333333333333,1,206
7807,18,1.35208125,325,8418,N,30,1,206
6112,19,1.36872225,329,7807,N,31.6666666666667,1,206
7084,20,1.44360675,347,6112,N,33.3333333333333,1,206
6069,21,1.6058565,386,7084,N,35,1,206
6288,22,1.7889075,430,6069,N,36.6666666666667,1,206
7260,23,1.697382,408,6288,N,38.3333333333333,1,206
9825,24,1.70986275,411,7260,N,40,1,206
10896,25,0.89445375,215,9825,Y,41.6666666666667,2,206
8384,26,0.89445375,215,10896,N,43.3333333333333,2,206
10092,27,0.86117175,207,8384,N,45,2,206
8467,28,1.015101,244,10092,N,46.6666666666667,2,206
9778,29,1.0067805,242,8467,N,48.3333333333333,2,206
8369,30,1.131588,272,9778,N,50,2,206
11406,31,1.231434,296,8369,N,51.6666666666667,2,206
12416,32,1.314639,316,11406,N,53.3333333333333,2,206
11622,33,1.33544025,321,12416,N,55,2,206
11610,34,1.43528625,345,11622,N,56.6666666666667,2,206
13166,35,1.49769,360,11610,N,58.3333333333333,2,206
13962,36,1.5725745,378,13166,N,60,2,206
12809,37,1.697382,408,13962,N,61.6666666666667,2,206
2659,0,0.72804375,175,NA,N,0,0,207
2278,1,0.71972325,173,2659,N,1.66666666666667,0,207
2322,2,0.69476175,167,2278,N,3.33333333333333,0,207
2247,3,0.6573195,158,2322,N,5,0,207
2241,4,0.70308225,169,2247,N,6.66666666666667,0,207
2578,5,0.77796675,187,2241,N,8.33333333333333,0,207
2282,6,0.765486,184,2578,N,10,0,207
2312,7,0.83621025,201,2282,N,11.6666666666667,0,207
4072,8,0.87781275,211,2312,N,13.3333333333333,0,207
4082,9,0.88613325,213,4072,N,15,0,207
4176,10,0.9734985,234,4082,N,16.6666666666667,0,207
4062,11,1.0567035,254,4176,N,18.3333333333333,0,207
4278,12,1.01926125,245,4062,N,20,0,207
4322,13,1.33128,320,4278,N,21.6666666666667,0,207
4379,14,1.3229595,318,4322,N,23.3333333333333,0,207
4233,15,1.364562,328,4379,N,25,0,207
7095,16,1.464408,352,4233,N,26.6666666666667,0,207
8421,17,1.33128,320,7095,N,28.3333333333333,0,207
7809,18,0.7072425,170,8421,Y,30,1,207
6113,19,0.632358,152,7809,N,31.6666666666667,1,207
7086,20,0.71972325,173,6113,N,33.3333333333333,1,207
6070,21,0.80292825,193,7086,N,35,1,207
6290,22,0.98597925,237,6070,N,36.6666666666667,1,207
7268,23,0.898614,216,6290,N,38.3333333333333,1,207
9826,24,0.96933825,233,7268,N,40,1,207
2659,0,0.72804375,175,NA,N,0,0,208
2278,1,0.71972325,173,2659,N,1.66666666666667,0,208
2322,2,0.69476175,167,2278,N,3.33333333333333,0,208
2247,3,0.6573195,158,2322,N,5,0,208
2241,4,0.70308225,169,2247,N,6.66666666666667,0,208
2578,5,0.77796675,187,2241,N,8.33333333333333,0,208
2282,6,0.765486,184,2578,N,10,0,208
2312,7,0.83621025,201,2282,N,11.6666666666667,0,208
4072,8,0.87781275,211,2312,N,13.3333333333333,0,208
4082,9,0.88613325,213,4072,N,15,0,208
4176,10,0.9734985,234,4082,N,16.6666666666667,0,208
4062,11,1.0567035,254,4176,N,18.3333333333333,0,208
4278,12,1.01926125,245,4062,N,20,0,208
4322,13,1.33128,320,4278,N,21.6666666666667,0,208
4379,14,1.3229595,318,4322,N,23.3333333333333,0,208
4233,15,1.364562,328,4379,N,25,0,208
7095,16,1.464408,352,4233,N,26.6666666666667,0,208
8421,17,1.33128,320,7095,N,28.3333333333333,0,208
7811,18,0.70308225,169,8421,Y,30,1,208
6115,19,0.7238835,174,7811,N,31.6666666666667,1,208
7088,20,0.76964625,185,6115,N,33.3333333333333,1,208
6071,21,1.031742,248,7088,N,35,1,208
6292,22,1.0400625,250,6071,N,36.6666666666667,1,208
7283,23,0.865332,208,6292,N,38.3333333333333,1,208
9827,24,0.89445375,215,7283,N,40,1,208
10898,25,0.9901395,238,9827,N,41.6666666666667,1,208
8388,26,0.8570115,206,10898,N,43.3333333333333,1,208
10096,27,0.94437675,227,8388,N,45,1,208
8470,28,0.91941525,221,10096,N,46.6666666666667,1,208
9779,29,1.11910725,269,8470,N,48.3333333333333,1,208
8370,30,1.1565495,278,9779,N,50,1,208
12417,32,1.37704275,331,8370,N,53.3333333333333,1,208
11625,33,1.59337575,383,12417,N,55,1,208
11613,34,1.41864525,341,11625,N,56.6666666666667,1,208
13792,35,0.84453075,203,11613,Y,58.3333333333333,2,208
14431,36,0.7571655,182,13792,N,60,2,208
13163,37,0.865332,208,14431,N,61.6666666666667,2,208
2782,0,1.13574825,273,NA,N,0,0,209
2414,1,1.14406875,275,2782,N,1.66666666666667,0,209
2413,2,1.131588,272,2414,N,3.33333333333333,0,209
2337,3,1.21063275,291,2413,N,5,0,209
2340,4,1.314639,316,2337,N,6.66666666666667,0,209
2693,5,1.431126,344,2340,N,8.33333333333333,0,209
2329,6,1.40200425,337,2693,N,10,0,209
2419,7,1.74314475,419,2329,N,11.6666666666667,0,209
4129,8,1.564254,376,2419,N,13.3333333333333,0,209
4110,9,1.64329875,395,4129,N,15,0,209
4256,10,1.6391385,394,4110,N,16.6666666666667,0,209
4257,11,1.863792,448,4256,N,18.3333333333333,0,209
4401,12,1.98443925,477,4257,N,20,0,209
4475,13,1.78474725,429,4401,N,21.6666666666667,0,209
4472,14,2.06764425,497,4475,N,23.3333333333333,0,209
4793,15,1.8887535,454,4472,N,25,0,209
7147,16,0.84453075,203,4793,Y,26.6666666666667,1,209
2782,0,1.13574825,273,NA,N,0,0,210
2414,1,1.14406875,275,2782,N,1.66666666666667,0,210
2413,2,1.131588,272,2414,N,3.33333333333333,0,210
2337,3,1.21063275,291,2413,N,5,0,210
2340,4,1.314639,316,2337,N,6.66666666666667,0,210
2693,5,1.431126,344,2340,N,8.33333333333333,0,210
2329,6,1.40200425,337,2693,N,10,0,210
2419,7,1.74314475,419,2329,N,11.6666666666667,0,210
4129,8,1.564254,376,2419,N,13.3333333333333,0,210
4110,9,1.64329875,395,4129,N,15,0,210
4256,10,1.6391385,394,4110,N,16.6666666666667,0,210
4257,11,1.863792,448,4256,N,18.3333333333333,0,210
4401,12,1.98443925,477,4257,N,20,0,210
4475,13,1.78474725,429,4401,N,21.6666666666667,0,210
4472,14,2.06764425,497,4475,N,23.3333333333333,0,210
4793,15,1.8887535,454,4472,N,25,0,210
7149,16,0.9568575,230,4793,Y,26.6666666666667,1,210
8622,17,1.23559425,297,7149,N,28.3333333333333,1,210
7863,18,1.2231135,294,8622,N,30,1,210
6185,19,1.381203,332,7863,N,31.6666666666667,1,210
6096,21,1.4727285,354,6185,N,35,1,210
6669,22,1.4727285,354,6096,N,36.6666666666667,1,210
7730,23,1.51849125,365,6669,N,38.3333333333333,1,210
9866,24,1.61001675,387,7730,N,40,1,210
10937,25,1.447767,348,9866,N,41.6666666666667,1,210
8453,26,1.75978575,423,10937,N,43.3333333333333,1,210
10172,27,0.865332,208,8453,Y,45,2,210
3698,0,1.49769,360,NA,N,0,0,211
3789,1,1.4893695,358,3698,N,1.66666666666667,0,211
3195,2,1.6391385,394,3789,N,3.33333333333333,0,211
3410,3,0.732204,176,3195,Y,5,1,211
3164,4,0.7904475,190,3410,N,6.66666666666667,1,211
3985,5,0.91941525,221,3164,N,8.33333333333333,1,211
3498,6,0.948537,228,3985,N,10,1,211
3809,7,0.99846,240,3498,N,11.6666666666667,1,211
5453,8,1.0067805,242,3809,N,13.3333333333333,1,211
5995,9,1.01926125,245,5453,N,15,1,211
4910,10,1.22727375,295,5995,N,16.6666666666667,1,211
5403,11,1.07750475,259,4910,N,18.3333333333333,1,211
4970,12,1.18567125,285,5403,N,20,1,211
5481,13,1.31879925,317,4970,N,21.6666666666667,1,211
5676,14,1.31879925,317,5481,N,23.3333333333333,1,211
5654,15,1.35208125,325,5676,N,25,1,211
7570,16,1.5392925,370,5654,N,26.6666666666667,1,211
9644,17,1.46024775,351,7570,N,28.3333333333333,1,211
8277,18,0.83205,200,9644,Y,30,2,211
6509,19,0.87781275,211,8277,N,31.6666666666667,2,211
7520,20,0.83621025,201,6509,N,33.3333333333333,2,211
6602,21,0.8570115,206,7520,N,35,2,211
6973,22,0.90277425,217,6602,N,36.6666666666667,2,211
8092,23,0.94437675,227,6973,N,38.3333333333333,2,211
10260,24,0.981819,236,8092,N,40,2,211
11202,25,0.96101775,231,10260,N,41.6666666666667,2,211
9485,26,1.01094075,243,11202,N,43.3333333333333,2,211
10870,27,1.02758175,247,9485,N,45,2,211
9160,28,1.1898315,286,10870,N,46.6666666666667,2,211
10674,29,1.2231135,294,9160,N,48.3333333333333,2,211
9353,30,1.38536325,333,10674,N,50,2,211
11482,31,1.4727285,354,9353,N,51.6666666666667,2,211
12690,32,1.4893695,358,11482,N,53.3333333333333,2,211
11586,33,0.7571655,182,12690,Y,55,3,211
11587,34,0.7405245,178,11586,N,56.6666666666667,3,211
13134,35,0.80292825,193,11587,N,58.3333333333333,3,211
13949,36,0.7904475,190,13134,N,60,3,211
12797,37,0.915255,220,13949,N,61.6666666666667,3,211
2677,0,0.7904475,190,NA,N,0,0,212
2288,1,0.69476175,167,2677,N,1.66666666666667,0,212
2351,2,0.86117175,207,2288,N,3.33333333333333,0,212
2298,3,0.83205,200,2351,N,5,0,212
2248,4,0.86117175,207,2298,N,6.66666666666667,0,212
2606,5,0.9402165,226,2248,N,8.33333333333333,0,212
2293,6,0.93605625,225,2606,N,10,0,212
2355,7,0.98597925,237,2293,N,11.6666666666667,0,212
4081,8,1.04422275,251,2355,N,13.3333333333333,0,212
4090,9,1.02758175,247,4081,N,15,0,212
4195,10,1.148229,276,4090,N,16.6666666666667,0,212
4189,11,1.16487,280,4195,N,18.3333333333333,0,212
4311,12,1.19399175,287,4189,N,20,0,212
4351,13,1.4560875,350,4311,N,21.6666666666667,0,212
4412,14,1.17735075,283,4351,N,23.3333333333333,0,212
4261,15,1.42696575,343,4412,N,25,0,212
7113,16,1.53513225,369,4261,N,26.6666666666667,0,212
8511,17,1.614177,388,7113,N,28.3333333333333,0,212
7825,18,1.74314475,419,8511,N,30,0,212
6139,19,1.5226515,366,7825,N,31.6666666666667,0,212
7103,20,0.84453075,203,6139,Y,33.3333333333333,1,212
6306,22,1.10246625,265,7103,N,36.6666666666667,1,212
7704,23,1.065024,256,6306,N,38.3333333333333,1,212
2677,0,0.7904475,190,NA,N,0,0,213
2288,1,0.69476175,167,2677,N,1.66666666666667,0,213
2351,2,0.86117175,207,2288,N,3.33333333333333,0,213
2298,3,0.83205,200,2351,N,5,0,213
2248,4,0.86117175,207,2298,N,6.66666666666667,0,213
2606,5,0.9402165,226,2248,N,8.33333333333333,0,213
2293,6,0.93605625,225,2606,N,10,0,213
2355,7,0.98597925,237,2293,N,11.6666666666667,0,213
4081,8,1.04422275,251,2355,N,13.3333333333333,0,213
4090,9,1.02758175,247,4081,N,15,0,213
4195,10,1.148229,276,4090,N,16.6666666666667,0,213
4189,11,1.16487,280,4195,N,18.3333333333333,0,213
4311,12,1.19399175,287,4189,N,20,0,213
4351,13,1.4560875,350,4311,N,21.6666666666667,0,213
4412,14,1.17735075,283,4351,N,23.3333333333333,0,213
4261,15,1.42696575,343,4412,N,25,0,213
7113,16,1.53513225,369,4261,N,26.6666666666667,0,213
8511,17,1.614177,388,7113,N,28.3333333333333,0,213
7825,18,1.74314475,419,8511,N,30,0,213
6139,19,1.5226515,366,7825,N,31.6666666666667,0,213
7104,20,0.85285125,205,6139,Y,33.3333333333333,1,213
6076,21,0.9568575,230,7104,N,35,1,213
6308,22,1.1066265,266,6076,N,36.6666666666667,1,213
7705,23,0.9568575,230,6308,N,38.3333333333333,1,213
9836,24,1.048383,252,7705,N,40,1,213
10908,25,1.0567035,254,9836,N,41.6666666666667,1,213
8416,26,1.16903025,281,10908,N,43.3333333333333,1,213
10115,27,1.181511,284,8416,N,45,1,213
8484,28,1.20231225,289,10115,N,46.6666666666667,1,213
9787,29,1.26055575,303,8484,N,48.3333333333333,1,213
8396,30,1.547613,372,9787,N,50,1,213
11540,31,0.815409,196,8396,Y,51.6666666666667,2,213
12558,32,0.86117175,207,11540,N,53.3333333333333,2,213
11878,33,0.915255,220,12558,N,55,2,213
11926,34,0.9901395,238,11878,N,56.6666666666667,2,213
13396,35,0.82788975,199,11926,N,58.3333333333333,2,213
14218,36,0.91941525,221,13396,N,60,2,213
12930,37,0.92773575,223,14218,N,61.6666666666667,2,213
3701,0,1.3229595,318,NA,N,0,0,214
3796,1,1.31879925,317,3701,N,1.66666666666667,0,214
3199,2,1.37704275,331,3796,N,3.33333333333333,0,214
3414,3,1.347921,324,3199,N,5,0,214
3050,4,0.748845,180,3414,Y,6.66666666666667,1,214
3870,5,0.715563,172,3050,N,8.33333333333333,1,214
3354,6,0.7405245,178,3870,N,10,1,214
3656,7,0.79460775,191,3354,N,11.6666666666667,1,214
5231,8,0.89445375,215,3656,N,13.3333333333333,1,214
5960,9,0.84453075,203,5231,N,15,1,214
4751,10,0.76964625,185,5960,N,16.6666666666667,1,214
5131,11,0.86949225,209,4751,N,18.3333333333333,1,214
4791,12,0.9568575,230,5131,N,20,1,214
5259,13,1.01094075,243,4791,N,21.6666666666667,1,214
5492,14,1.04422275,251,5259,N,23.3333333333333,1,214
5525,15,1.131588,272,5492,N,25,1,214
7489,16,1.15238925,277,5525,N,26.6666666666667,1,214
9566,17,1.16903025,281,7489,N,28.3333333333333,1,214
8173,18,1.22727375,295,9566,N,30,1,214
6412,19,1.481049,356,8173,N,31.6666666666667,1,214
7416,20,1.414485,340,6412,N,33.3333333333333,1,214
6517,21,1.8887535,454,7416,N,35,1,214
6920,22,1.730664,416,6517,N,36.6666666666667,1,214
7981,23,0.682281,164,6920,Y,38.3333333333333,2,214
10057,24,0.6739605,162,7981,N,40,2,214
11131,25,0.64483875,155,10057,N,41.6666666666667,2,214
9016,26,0.698922,168,11131,N,43.3333333333333,2,214
10795,27,0.87781275,211,9016,N,45,2,214
9015,28,0.915255,220,10795,N,46.6666666666667,2,214
10570,29,0.92773575,223,9015,N,48.3333333333333,2,214
9150,30,1.01926125,245,10570,N,50,2,214
13493,35,1.4727285,354,9150,N,58.3333333333333,2,214
14269,36,1.33128,320,13493,N,60,2,214
12983,37,1.36040175,327,14269,N,61.6666666666667,2,214
3701,0,1.3229595,318,NA,N,0,0,215
3796,1,1.31879925,317,3701,N,1.66666666666667,0,215
3199,2,1.37704275,331,3796,N,3.33333333333333,0,215
3414,3,1.347921,324,3199,N,5,0,215
3191,4,0.78628725,189,3414,Y,6.66666666666667,1,215
3994,5,0.87781275,211,3191,N,8.33333333333333,1,215
3523,6,0.76132575,183,3994,N,10,1,215
3833,7,0.8570115,206,3523,N,11.6666666666667,1,215
5477,8,0.96101775,231,3833,N,13.3333333333333,1,215
6000,9,0.931896,224,5477,N,15,1,215
4933,10,0.96101775,231,6000,N,16.6666666666667,1,215
5444,11,0.91941525,221,4933,N,18.3333333333333,1,215
4997,12,0.9235755,222,5444,N,20,1,215
5558,13,1.09414575,263,4997,N,21.6666666666667,1,215
5696,14,0.89445375,215,5558,N,23.3333333333333,1,215
5675,15,0.93605625,225,5696,N,25,1,215
7584,16,0.981819,236,5675,N,26.6666666666667,1,215
9659,17,0.96933825,233,7584,N,28.3333333333333,1,215
8286,18,0.97765875,235,9659,N,30,1,215
6527,19,1.00262025,241,8286,N,31.6666666666667,1,215
7534,20,1.031742,248,6527,N,33.3333333333333,1,215
6727,21,1.231434,296,7534,N,35,1,215
6984,22,1.21063275,291,6727,N,36.6666666666667,1,215
8124,23,1.364562,328,6984,N,38.3333333333333,1,215
10310,24,1.52681175,367,8124,N,40,1,215
11215,25,1.40200425,337,10310,N,41.6666666666667,1,215
9529,26,1.43528625,345,11215,N,43.3333333333333,1,215
10882,27,0.59491575,143,9529,Y,45,2,215
9179,28,0.70308225,169,10882,N,46.6666666666667,2,215
10680,29,0.948537,228,9179,N,48.3333333333333,2,215
9367,30,0.815409,196,10680,N,50,2,215
11497,31,1.00262025,241,9367,N,51.6666666666667,2,215
12700,32,1.06086375,255,11497,N,53.3333333333333,2,215
12152,33,1.114947,268,12700,N,55,2,215
12301,34,1.0733445,258,12152,N,56.6666666666667,2,215
14088,35,1.07750475,259,12301,N,58.3333333333333,2,215
14662,36,1.09414575,263,14088,N,60,2,215
13647,37,0.9901395,238,14662,N,61.6666666666667,2,215
3703,0,0.86117175,207,NA,N,0,0,216
3799,1,0.848691,204,3703,N,1.66666666666667,0,216
3202,2,0.9734985,234,3799,N,3.33333333333333,0,216
3417,3,0.9235755,222,3202,N,5,0,216
3169,4,0.881973,212,3417,N,6.66666666666667,0,216
3988,5,0.965178,232,3169,N,8.33333333333333,0,216
3503,6,0.89445375,215,3988,N,10,0,216
3812,7,0.99846,240,3503,N,11.6666666666667,0,216
5461,8,1.065024,256,3812,N,13.3333333333333,0,216
5996,9,1.1232675,270,5461,N,15,0,216
4914,10,1.198152,288,5996,N,16.6666666666667,0,216
5411,11,1.09414575,263,4914,N,18.3333333333333,0,216
4976,12,1.09414575,263,5411,N,20,0,216
5486,13,1.11910725,269,4976,N,21.6666666666667,0,216
5681,14,1.1731905,282,5486,N,23.3333333333333,0,216
5657,15,1.3895235,334,5681,N,25,0,216
7574,16,1.55177325,373,5657,N,26.6666666666667,0,216
9649,17,1.647459,396,7574,N,28.3333333333333,0,216
8281,18,1.63497825,393,9649,N,30,0,216
6513,19,0.898614,216,8281,Y,31.6666666666667,1,216
7523,20,0.79460775,191,6513,N,33.3333333333333,1,216
6604,21,0.86117175,207,7523,N,35,1,216
6976,22,0.848691,204,6604,N,36.6666666666667,1,216
8101,23,0.85285125,205,6976,N,38.3333333333333,1,216
10274,24,0.8570115,206,8101,N,40,1,216
11206,25,1.06918425,257,10274,N,41.6666666666667,1,216
9499,26,0.86117175,207,11206,N,43.3333333333333,1,216
10873,27,0.97765875,235,9499,N,45,1,216
3706,0,1.47688875,355,NA,N,0,0,217
3803,1,1.5725745,378,3706,N,1.66666666666667,0,217
3205,2,1.59337575,383,3803,N,3.33333333333333,0,217
3424,3,1.65161925,397,3205,N,5,0,217
3178,4,0.99429975,239,3424,Y,6.66666666666667,1,217
3991,5,1.00262025,241,3178,N,8.33333333333333,1,217
3508,6,0.94437675,227,3991,N,10,1,217
3818,7,1.00262025,241,3508,N,11.6666666666667,1,217
5466,8,0.96933825,233,3818,N,13.3333333333333,1,217
5997,9,1.015101,244,5466,N,15,1,217
4918,10,1.13574825,273,5997,N,16.6666666666667,1,217
5418,11,1.065024,256,4918,N,18.3333333333333,1,217
4981,12,1.1399085,274,5418,N,20,1,217
5501,13,1.39368375,335,4981,N,21.6666666666667,1,217
5684,14,1.248075,300,5501,N,23.3333333333333,1,217
5661,15,1.1399085,274,5684,N,25,1,217
7576,16,1.33544025,321,5661,N,26.6666666666667,1,217
9651,17,1.30215825,313,7576,N,28.3333333333333,1,217
8282,18,1.347921,324,9651,N,30,1,217
6516,19,1.34376075,323,8282,N,31.6666666666667,1,217
7526,20,1.314639,316,6516,N,33.3333333333333,1,217
6606,21,1.7057025,410,7526,N,35,1,217
6978,22,1.89291375,455,6606,N,36.6666666666667,1,217
8111,23,0.848691,204,6978,Y,38.3333333333333,2,217
10289,24,0.81956925,197,8111,N,40,2,217
11209,25,0.84453075,203,10289,N,41.6666666666667,2,217
9515,26,0.898614,216,11209,N,43.3333333333333,2,217
10876,27,0.91109475,219,9515,N,45,2,217
9167,28,1.015101,244,10876,N,46.6666666666667,2,217
10676,29,1.16487,280,9167,N,48.3333333333333,2,217
9362,30,1.297998,312,10676,N,50,2,217
11493,31,1.31047875,315,9362,N,51.6666666666667,2,217
12693,32,1.51017075,363,11493,N,53.3333333333333,2,217
12141,33,1.547613,372,12693,N,55,2,217
12295,34,1.49352975,359,12141,N,56.6666666666667,2,217
13611,35,1.381203,332,12295,N,58.3333333333333,2,217
14331,36,1.481049,356,13611,N,60,2,217
13050,37,1.6890615,406,14331,N,61.6666666666667,2,217
3709,0,0.99429975,239,NA,N,0,0,218
3807,1,1.0400625,250,3709,N,1.66666666666667,0,218
3209,2,1.07750475,259,3807,N,3.33333333333333,0,218
3429,3,1.10246625,265,3209,N,5,0,218
3183,4,1.11078675,267,3429,N,6.66666666666667,0,218
3992,5,1.3229595,318,3183,N,8.33333333333333,0,218
3513,6,1.47688875,355,3992,N,10,0,218
3825,7,1.47688875,355,3513,N,11.6666666666667,0,218
5469,8,1.59337575,383,3825,N,13.3333333333333,0,218
5998,9,1.52681175,367,5469,N,15,0,218
4924,10,1.7223435,414,5998,N,16.6666666666667,0,218
5428,11,1.3895235,334,4924,N,18.3333333333333,0,218
4989,12,1.68490125,405,5428,N,20,0,218
5511,13,0.9901395,238,4989,Y,21.6666666666667,1,218
5688,14,0.96933825,233,5511,N,23.3333333333333,1,218
5664,15,0.97765875,235,5688,N,25,1,218
7578,16,1.00262025,241,5664,N,26.6666666666667,1,218
9653,17,0.99429975,239,7578,N,28.3333333333333,1,218
8283,18,0.9734985,234,9653,N,30,1,218
6518,19,0.9901395,238,8283,N,31.6666666666667,1,218
7528,20,1.1399085,274,6518,N,33.3333333333333,1,218
6607,21,1.3063185,314,7528,N,35,1,218
6979,22,1.3895235,334,6607,N,36.6666666666667,1,218
8113,23,1.52681175,367,6979,N,38.3333333333333,1,218
10293,24,1.3396005,322,8113,N,40,1,218
11210,25,1.597536,384,10293,N,41.6666666666667,1,218
9521,26,1.381203,332,11210,N,43.3333333333333,1,218
10879,27,1.63497825,393,9521,N,45,1,218
8994,28,0.815409,196,10879,Y,46.6666666666667,2,218
11559,31,0.97765875,235,8994,N,51.6666666666667,2,218
11934,33,0.90277425,217,11559,N,55,2,218
11984,34,0.8902935,214,11934,N,56.6666666666667,2,218
13924,35,0.96101775,231,11984,N,58.3333333333333,2,218
14557,36,0.9734985,234,13924,N,60,2,218
13430,37,0.99846,240,14557,N,61.6666666666667,2,218
3709,0,0.99429975,239,NA,N,0,0,219
3807,1,1.0400625,250,3709,N,1.66666666666667,0,219
3209,2,1.07750475,259,3807,N,3.33333333333333,0,219
3429,3,1.10246625,265,3209,N,5,0,219
3183,4,1.11078675,267,3429,N,6.66666666666667,0,219
3992,5,1.3229595,318,3183,N,8.33333333333333,0,219
3513,6,1.47688875,355,3992,N,10,0,219
3825,7,1.47688875,355,3513,N,11.6666666666667,0,219
5469,8,1.59337575,383,3825,N,13.3333333333333,0,219
5998,9,1.52681175,367,5469,N,15,0,219
4924,10,1.7223435,414,5998,N,16.6666666666667,0,219
5428,11,1.3895235,334,4924,N,18.3333333333333,0,219
4989,12,1.68490125,405,5428,N,20,0,219
5552,13,0.915255,220,4989,Y,21.6666666666667,1,219
5691,14,0.85285125,205,5552,N,23.3333333333333,1,219
5668,15,0.8736525,210,5691,N,25,1,219
7580,16,0.898614,216,5668,N,26.6666666666667,1,219
9655,17,0.81956925,197,7580,N,28.3333333333333,1,219
8284,18,0.798768,192,9655,N,30,1,219
6520,19,1.03590225,249,8284,N,31.6666666666667,1,219
7530,20,1.1232675,270,6520,N,33.3333333333333,1,219
6710,21,1.114947,268,7530,N,35,1,219
6980,22,1.2064725,290,6710,N,36.6666666666667,1,219
8116,23,1.5559335,374,6980,N,38.3333333333333,1,219
10298,24,1.56841425,377,8116,N,40,1,219
11211,25,1.55177325,373,10298,N,41.6666666666667,1,219
9519,26,0.61155675,147,11211,Y,43.3333333333333,2,219
10878,27,0.66980025,161,9519,N,45,2,219
9172,28,0.815409,196,10878,N,46.6666666666667,2,219
13988,35,1.14406875,275,9172,N,58.3333333333333,2,219
14591,36,1.21063275,291,13988,N,60,2,219
13498,37,0.9568575,230,14591,N,61.6666666666667,2,219
3712,0,0.71140275,171,NA,N,0,0,220
3811,1,0.79460775,191,3712,N,1.66666666666667,0,220
3211,2,0.848691,204,3811,N,3.33333333333333,0,220
3434,3,0.80292825,193,3211,N,5,0,220
3186,4,0.80292825,193,3434,N,6.66666666666667,0,220
3993,5,0.83205,200,3186,N,8.33333333333333,0,220
3518,6,0.81956925,197,3993,N,10,0,220
3829,7,0.8902935,214,3518,N,11.6666666666667,0,220
5473,8,0.86117175,207,3829,N,13.3333333333333,0,220
5999,9,0.9734985,234,5473,N,15,0,220
4929,10,0.95269725,229,5999,N,16.6666666666667,0,220
5438,11,1.065024,256,4929,N,18.3333333333333,0,220
4994,12,1.098306,264,5438,N,20,0,220
5555,13,1.16487,280,4994,N,21.6666666666667,0,220
5694,14,1.19399175,287,5555,N,23.3333333333333,0,220
5671,15,1.198152,288,5694,N,25,0,220
7582,16,1.19399175,287,5671,N,26.6666666666667,0,220
9657,17,1.1731905,282,7582,N,28.3333333333333,0,220
8285,18,1.447767,348,9657,N,30,0,220
6524,19,1.46024775,351,8285,N,31.6666666666667,0,220
7532,20,1.564254,376,6524,N,33.3333333333333,0,220
6723,21,0.715563,172,7532,Y,35,1,220
6982,22,0.7571655,182,6723,N,36.6666666666667,1,220
8119,23,0.7072425,170,6982,N,38.3333333333333,1,220
10306,24,0.82788975,199,8119,N,40,1,220
11213,25,0.82788975,199,10306,N,41.6666666666667,1,220
3717,0,0.71140275,171,NA,N,0,0,221
3817,1,0.6739605,162,3717,N,1.66666666666667,0,221
3215,2,0.782127,188,3817,N,3.33333333333333,0,221
3444,3,0.6906015,166,3215,N,5,0,221
3198,4,0.7571655,182,3444,N,6.66666666666667,0,221
3996,5,0.85285125,205,3198,N,8.33333333333333,0,221
3539,6,0.85285125,205,3996,N,10,0,221
3840,7,0.881973,212,3539,N,11.6666666666667,0,221
5497,8,0.965178,232,3840,N,13.3333333333333,0,221
6003,9,0.981819,236,5497,N,15,0,221
4949,10,1.01094075,243,6003,N,16.6666666666667,0,221
5467,11,1.0067805,242,4949,N,18.3333333333333,0,221
5018,12,1.06086375,255,5467,N,20,0,221
5569,13,1.2730365,306,5018,N,21.6666666666667,0,221
5704,14,1.2231135,294,5569,N,23.3333333333333,0,221
5689,15,1.2231135,294,5704,N,25,0,221
7592,16,1.36872225,329,5689,N,26.6666666666667,0,221
9666,17,1.597536,384,7592,N,28.3333333333333,0,221
8291,18,1.51017075,363,9666,N,30,0,221
6544,19,1.647459,396,8291,N,31.6666666666667,0,221
7546,20,0.86117175,207,6544,Y,33.3333333333333,1,221
6742,21,0.8403705,202,7546,N,35,1,221
6991,22,0.88613325,213,6742,N,36.6666666666667,1,221
8139,23,0.98597925,237,6991,N,38.3333333333333,1,221
10354,24,1.0733445,258,8139,N,40,1,221
11222,25,1.098306,264,10354,N,41.6666666666667,1,221
9555,26,1.1232675,270,11222,N,43.3333333333333,1,221
11310,27,1.15238925,277,9555,N,45,1,221
3720,0,0.9235755,222,NA,N,0,0,222
3821,1,0.86949225,209,3720,N,1.66666666666667,0,222
3218,2,1.02758175,247,3821,N,3.33333333333333,0,222
3449,3,1.0567035,254,3218,N,5,0,222
3200,4,1.05254325,253,3449,N,6.66666666666667,0,222
3997,5,1.16070975,279,3200,N,8.33333333333333,0,222
3544,6,1.13574825,273,3997,N,10,0,222
3857,7,1.148229,276,3544,N,11.6666666666667,0,222
5506,8,1.2231135,294,3857,N,13.3333333333333,0,222
6005,9,1.37704275,331,5506,N,15,0,222
4963,10,1.580895,380,6005,N,16.6666666666667,0,222
5484,11,1.381203,332,4963,N,18.3333333333333,0,222
5024,12,1.49769,360,5484,N,20,0,222
5572,13,1.67658075,403,5024,N,21.6666666666667,0,222
5716,14,1.6890615,406,5572,N,23.3333333333333,0,222
5692,15,1.83467025,441,5716,N,25,0,222
7595,16,1.5892155,382,5692,N,26.6666666666667,0,222
9669,17,0.87781275,211,7595,Y,28.3333333333333,1,222
8293,18,0.75300525,181,9669,N,30,1,222
6545,19,0.93605625,225,8293,N,31.6666666666667,1,222
7549,20,0.93605625,225,6545,N,33.3333333333333,1,222
6746,21,1.16070975,279,7549,N,35,1,222
6994,22,1.3562415,326,6746,N,36.6666666666667,1,222
8147,23,1.20231225,289,6994,N,38.3333333333333,1,222
10366,24,1.16070975,279,8147,N,40,1,222
11226,25,1.17735075,283,10366,N,41.6666666666667,1,222
9565,26,1.28551725,309,11226,N,43.3333333333333,1,222
11314,27,1.447767,348,9565,N,45,1,222
9219,28,1.6724205,402,11314,N,46.6666666666667,1,222
10692,29,0.85285125,205,9219,Y,48.3333333333333,2,222
9393,30,0.898614,216,10692,N,50,2,222
11504,31,0.89445375,215,9393,N,51.6666666666667,2,222
12712,32,1.01094075,243,11504,N,53.3333333333333,2,222
12166,33,0.965178,232,12712,N,55,2,222
12314,34,0.965178,232,12166,N,56.6666666666667,2,222
13644,35,1.0567035,254,12314,N,58.3333333333333,2,222
14349,36,1.18567125,285,13644,N,60,2,222
13069,37,1.1066265,266,14349,N,61.6666666666667,2,222
3724,0,0.81124875,195,NA,N,0,0,223
3824,1,0.8237295,198,3724,N,1.66666666666667,0,223
3223,2,0.7904475,190,3824,N,3.33333333333333,0,223
3454,3,0.8070885,194,3223,N,5,0,223
3203,4,0.7738065,186,3454,N,6.66666666666667,0,223
3998,5,0.8237295,198,3203,N,8.33333333333333,0,223
3546,6,0.80292825,193,3998,N,10,0,223
3859,7,0.82788975,199,3546,N,11.6666666666667,0,223
5510,8,0.86949225,209,3859,N,13.3333333333333,0,223
6006,9,0.8570115,206,5510,N,15,0,223
4967,10,0.798768,192,6006,N,16.6666666666667,0,223
5487,11,0.85285125,205,4967,N,18.3333333333333,0,223
5027,12,0.94437675,227,5487,N,20,0,223
5575,13,1.06918425,257,5027,N,21.6666666666667,0,223
5721,14,1.03590225,249,5575,N,23.3333333333333,0,223
5782,15,0.981819,236,5721,N,25,0,223
7597,16,0.99429975,239,5782,N,26.6666666666667,0,223
9672,17,1.148229,276,7597,N,28.3333333333333,0,223
8295,18,1.098306,264,9672,N,30,0,223
6547,19,1.11910725,269,8295,N,31.6666666666667,0,223
7553,20,0.64483875,155,6547,Y,33.3333333333333,1,223
6995,22,0.6573195,158,7553,N,36.6666666666667,1,223
8149,23,0.83205,200,6995,N,38.3333333333333,1,223
10370,24,0.782127,188,8149,N,40,1,223
11227,25,0.78628725,189,10370,N,41.6666666666667,1,223
9567,26,0.70308225,169,11227,N,43.3333333333333,1,223
11315,27,0.9568575,230,9567,N,45,1,223
10694,29,1.00262025,241,11315,N,48.3333333333333,1,223
9396,30,0.915255,220,10694,N,50,1,223
13483,35,1.20231225,289,9396,N,58.3333333333333,1,223
14265,36,1.4727285,354,13483,N,60,1,223
12806,37,0.5741145,138,14265,Y,61.6666666666667,2,223
2701,0,1.18567125,285,NA,N,0,0,224
2294,1,1.4061645,338,2701,N,1.66666666666667,0,224
2354,2,1.4560875,350,2294,N,3.33333333333333,0,224
2305,3,1.397844,336,2354,N,5,0,224
2252,4,1.4061645,338,2305,N,6.66666666666667,0,224
2615,5,1.72650375,415,2252,N,8.33333333333333,0,224
2299,6,0.7904475,190,2615,Y,10,1,224
2359,7,0.84453075,203,2299,N,11.6666666666667,1,224
4086,8,0.97765875,235,2359,N,13.3333333333333,1,224
4092,9,0.83205,200,4086,N,15,1,224
4203,10,1.0567035,254,4092,N,16.6666666666667,1,224
4197,11,0.76132575,183,4203,N,18.3333333333333,1,224
4318,12,0.76964625,185,4197,N,20,1,224
4357,13,1.03590225,249,4318,N,21.6666666666667,1,224
4425,14,1.01094075,243,4357,N,23.3333333333333,1,224
4269,15,1.0067805,242,4425,N,25,1,224
7118,16,1.148229,276,4269,N,26.6666666666667,1,224
8516,17,1.26055575,303,7118,N,28.3333333333333,1,224
7827,18,1.16070975,279,8516,N,30,1,224
6144,19,1.381203,332,7827,N,31.6666666666667,1,224
7107,20,1.30215825,313,6144,N,33.3333333333333,1,224
6078,21,1.71818325,413,7107,N,35,1,224
6313,22,1.897074,456,6078,N,36.6666666666667,1,224
7708,23,1.64329875,395,6313,N,38.3333333333333,1,224
9840,24,0.798768,192,7708,Y,40,2,224
10910,25,0.881973,212,9840,N,41.6666666666667,2,224
8428,26,0.95269725,229,10910,N,43.3333333333333,2,224
10120,27,0.97765875,235,8428,N,45,2,224
8488,28,0.99429975,239,10120,N,46.6666666666667,2,224
9789,29,0.95269725,229,8488,N,48.3333333333333,2,224
8402,30,1.081665,260,9789,N,50,2,224
11415,31,1.1898315,286,8402,N,51.6666666666667,2,224
12428,32,1.31047875,315,11415,N,53.3333333333333,2,224
11642,33,1.52681175,367,12428,N,55,2,224
11630,34,1.61001675,387,11642,N,56.6666666666667,2,224
13181,35,1.55177325,373,11630,N,58.3333333333333,2,224
13972,36,0.68644125,165,13181,Y,60,3,224
12820,37,0.76132575,183,13972,N,61.6666666666667,3,224
3728,0,0.6739605,162,NA,N,0,0,225
3831,1,0.798768,192,3728,N,1.66666666666667,0,225
3231,2,0.8902935,214,3831,N,3.33333333333333,0,225
3468,3,0.798768,192,3231,N,5,0,225
3210,4,0.86117175,207,3468,N,6.66666666666667,0,225
4000,5,0.8902935,214,3210,N,8.33333333333333,0,225
3561,6,0.94437675,227,4000,N,10,0,225
3865,7,1.10246625,265,3561,N,11.6666666666667,0,225
5516,8,0.96933825,233,3865,N,13.3333333333333,0,225
6008,9,1.13574825,273,5516,N,15,0,225
4979,10,1.15238925,277,6008,N,16.6666666666667,0,225
5493,11,1.3063185,314,4979,N,18.3333333333333,0,225
5035,12,1.36872225,329,5493,N,20,0,225
5582,13,1.44360675,347,5035,N,21.6666666666667,0,225
5730,14,1.61001675,387,5582,N,23.3333333333333,0,225
5786,15,0.73636425,177,5730,Y,25,1,225
3728,0,0.6739605,162,NA,N,0,0,226
3831,1,0.798768,192,3728,N,1.66666666666667,0,226
3231,2,0.8902935,214,3831,N,3.33333333333333,0,226
3468,3,0.798768,192,3231,N,5,0,226
3210,4,0.86117175,207,3468,N,6.66666666666667,0,226
4000,5,0.8902935,214,3210,N,8.33333333333333,0,226
3561,6,0.94437675,227,4000,N,10,0,226
3865,7,1.10246625,265,3561,N,11.6666666666667,0,226
5516,8,0.96933825,233,3865,N,13.3333333333333,0,226
6008,9,1.13574825,273,5516,N,15,0,226
4979,10,1.15238925,277,6008,N,16.6666666666667,0,226
5493,11,1.3063185,314,4979,N,18.3333333333333,0,226
5035,12,1.36872225,329,5493,N,20,0,226
5582,13,1.44360675,347,5035,N,21.6666666666667,0,226
5730,14,1.61001675,387,5582,N,23.3333333333333,0,226
5785,15,0.732204,176,5730,Y,25,1,226
7601,16,0.83205,200,5785,N,26.6666666666667,1,226
9675,17,0.8902935,214,7601,N,28.3333333333333,1,226
8297,18,0.8902935,214,9675,N,30,1,226
6551,19,0.9568575,230,8297,N,31.6666666666667,1,226
7557,20,0.965178,232,6551,N,33.3333333333333,1,226
6751,21,0.8736525,210,7557,N,35,1,226
6997,22,0.89445375,215,6751,N,36.6666666666667,1,226
8153,23,1.0067805,242,6997,N,38.3333333333333,1,226
10375,24,0.98597925,237,8153,N,40,1,226
11230,25,0.9402165,226,10375,N,41.6666666666667,1,226
9572,26,1.06918425,257,11230,N,43.3333333333333,1,226
11317,27,1.14406875,275,9572,N,45,1,226
9224,28,1.2896775,310,11317,N,46.6666666666667,1,226
10695,29,1.23559425,297,9224,N,48.3333333333333,1,226
9401,30,1.597536,384,10695,N,50,1,226
12626,32,1.5226515,366,9401,N,53.3333333333333,1,226
13824,35,0.9069345,218,12626,Y,58.3333333333333,2,226
14456,36,0.86117175,207,13824,N,60,2,226
13204,37,0.80292825,193,14456,N,61.6666666666667,2,226
3730,0,0.8403705,202,NA,N,0,0,227
3835,1,0.948537,228,3730,N,1.66666666666667,0,227
3315,2,0.898614,216,3835,N,3.33333333333333,0,227
3473,3,1.048383,252,3315,N,5,0,227
3217,4,1.11910725,269,3473,N,6.66666666666667,0,227
4002,5,1.264716,304,3217,N,8.33333333333333,0,227
3569,6,1.29383775,311,4002,N,10,0,227
3872,7,1.30215825,313,3569,N,11.6666666666667,0,227
5528,8,1.40200425,337,3872,N,13.3333333333333,0,227
6010,9,1.5725745,378,5528,N,15,0,227
4990,10,1.39368375,335,6010,N,16.6666666666667,0,227
5505,11,1.597536,384,4990,N,18.3333333333333,0,227
5046,12,1.6391385,394,5505,N,20,0,227
5589,13,1.3895235,334,5046,N,21.6666666666667,0,227
5735,14,1.763946,424,5589,N,23.3333333333333,0,227
5791,15,0.86949225,209,5735,Y,25,1,227
7607,16,0.84453075,203,5791,N,26.6666666666667,1,227
9678,17,0.96933825,233,7607,N,28.3333333333333,1,227
8299,18,0.965178,232,9678,N,30,1,227
6555,19,1.00262025,241,8299,N,31.6666666666667,1,227
7560,20,1.03590225,249,6555,N,33.3333333333333,1,227
6754,21,1.231434,296,7560,N,35,1,227
6999,22,1.20231225,289,6754,N,36.6666666666667,1,227
8156,23,1.31879925,317,6999,N,38.3333333333333,1,227
10378,24,1.36040175,327,8156,N,40,1,227
11231,25,1.36872225,329,10378,N,41.6666666666667,1,227
9574,26,1.747305,420,11231,N,43.3333333333333,1,227
11318,27,1.57673475,379,9574,N,45,1,227
2707,0,0.898614,216,NA,N,0,0,228
2296,1,0.90277425,217,2707,N,1.66666666666667,0,228
2356,2,0.96101775,231,2296,N,3.33333333333333,0,228
2309,3,0.92773575,223,2356,N,5,0,228
2253,4,0.965178,232,2309,N,6.66666666666667,0,228
2621,5,0.865332,208,2253,N,8.33333333333333,0,228
2303,6,0.948537,228,2621,N,10,0,228
2361,7,0.98597925,237,2303,N,11.6666666666667,0,228
4096,8,1.06918425,257,2361,N,13.3333333333333,0,228
4094,9,1.0567035,254,4096,N,15,0,228
4210,10,1.14406875,275,4094,N,16.6666666666667,0,228
4204,11,1.1399085,274,4210,N,18.3333333333333,0,228
4327,12,1.16903025,281,4204,N,20,0,228
4368,13,1.2730365,306,4327,N,21.6666666666667,0,228
4430,14,1.31879925,317,4368,N,23.3333333333333,0,228
4276,15,1.32711975,319,4430,N,25,0,228
7123,16,1.41864525,341,4276,N,26.6666666666667,0,228
8522,17,1.5392925,370,7123,N,28.3333333333333,0,228
7832,18,1.780587,428,8522,N,30,0,228
6148,19,1.66826025,401,7832,N,31.6666666666667,0,228
7110,20,1.85963175,447,6148,N,33.3333333333333,0,228
6081,21,0.732204,176,7110,Y,35,1,228
6321,22,0.965178,232,6081,N,36.6666666666667,1,228
7712,23,1.0234215,246,6321,N,38.3333333333333,1,228
9844,24,0.95269725,229,7712,N,40,1,228
10914,25,1.06918425,257,9844,N,41.6666666666667,1,228
8432,26,1.04422275,251,10914,N,43.3333333333333,1,228
10128,27,1.0067805,242,8432,N,45,1,228
9793,29,1.0899855,262,10128,N,48.3333333333333,1,228
9432,30,1.16487,280,9793,N,50,1,228
12738,32,1.16903025,281,9432,N,53.3333333333333,1,228
12210,33,1.30215825,313,12738,N,55,1,228
12340,34,1.3728825,330,12210,N,56.6666666666667,1,228
14146,35,0.69476175,167,12340,Y,58.3333333333333,2,228
2707,0,0.898614,216,NA,N,0,0,229
2296,1,0.90277425,217,2707,N,1.66666666666667,0,229
2356,2,0.96101775,231,2296,N,3.33333333333333,0,229
2309,3,0.92773575,223,2356,N,5,0,229
2253,4,0.965178,232,2309,N,6.66666666666667,0,229
2621,5,0.865332,208,2253,N,8.33333333333333,0,229
2303,6,0.948537,228,2621,N,10,0,229
2361,7,0.98597925,237,2303,N,11.6666666666667,0,229
4096,8,1.06918425,257,2361,N,13.3333333333333,0,229
4094,9,1.0567035,254,4096,N,15,0,229
4210,10,1.14406875,275,4094,N,16.6666666666667,0,229
4204,11,1.1399085,274,4210,N,18.3333333333333,0,229
4327,12,1.16903025,281,4204,N,20,0,229
4368,13,1.2730365,306,4327,N,21.6666666666667,0,229
4430,14,1.31879925,317,4368,N,23.3333333333333,0,229
4276,15,1.32711975,319,4430,N,25,0,229
7123,16,1.41864525,341,4276,N,26.6666666666667,0,229
8522,17,1.5392925,370,7123,N,28.3333333333333,0,229
7832,18,1.780587,428,8522,N,30,0,229
6148,19,1.66826025,401,7832,N,31.6666666666667,0,229
7110,20,1.85963175,447,6148,N,33.3333333333333,0,229
6080,21,0.89445375,215,7110,Y,35,1,229
6319,22,0.9069345,218,6080,N,36.6666666666667,1,229
7711,23,0.91109475,219,6319,N,38.3333333333333,1,229
9843,24,0.93605625,225,7711,N,40,1,229
10913,25,0.9568575,230,9843,N,41.6666666666667,1,229
8431,26,0.96101775,231,10913,N,43.3333333333333,1,229
10125,27,0.96933825,233,8431,N,45,1,229
8489,28,1.131588,272,10125,N,46.6666666666667,1,229
9792,29,1.14406875,275,8489,N,48.3333333333333,1,229
8419,30,1.16903025,281,9792,N,50,1,229
12435,32,1.26055575,303,8419,N,53.3333333333333,1,229
11650,33,1.414485,340,12435,N,55,1,229
11669,34,1.3895235,334,11650,N,56.6666666666667,1,229
13931,35,0.58659525,141,11669,Y,58.3333333333333,2,229
14564,36,0.648999,156,13931,N,60,2,229
13440,37,0.59491575,143,14564,N,61.6666666666667,2,229
3735,0,0.7904475,190,NA,N,0,0,230
3844,1,0.76132575,183,3735,N,1.66666666666667,0,230
3328,2,0.8736525,210,3844,N,3.33333333333333,0,230
3486,3,0.765486,184,3328,N,5,0,230
3228,4,0.815409,196,3486,N,6.66666666666667,0,230
4004,5,0.91941525,221,3228,N,8.33333333333333,0,230
3575,6,0.815409,196,4004,N,10,0,230
3877,7,0.81956925,197,3575,N,11.6666666666667,0,230
5545,8,0.88613325,213,3877,N,13.3333333333333,0,230
6012,9,0.81956925,197,5545,N,15,0,230
5003,10,0.9568575,230,6012,N,16.6666666666667,0,230
5508,11,0.848691,204,5003,N,18.3333333333333,0,230
5052,12,0.89445375,215,5508,N,20,0,230
5593,13,1.281357,308,5052,N,21.6666666666667,0,230
5740,14,0.7738065,186,5593,N,23.3333333333333,0,230
5795,15,0.9069345,218,5740,N,25,0,230
7609,16,0.99846,240,5795,N,26.6666666666667,0,230
9680,17,1.048383,252,7609,N,28.3333333333333,0,230
8300,18,0.9402165,226,9680,N,30,0,230
6557,19,0.96933825,233,8300,N,31.6666666666667,0,230
7562,20,0.8736525,210,6557,N,33.3333333333333,0,230
6756,21,1.11078675,267,7562,N,35,0,230
7000,22,1.264716,304,6756,N,36.6666666666667,0,230
8158,23,1.07750475,259,7000,N,38.3333333333333,0,230
10381,24,1.16903025,281,8158,N,40,0,230
11232,25,1.19399175,287,10381,N,41.6666666666667,0,230
9576,26,1.3063185,314,11232,N,43.3333333333333,0,230
11319,27,1.30215825,313,9576,N,45,0,230
9231,28,1.3063185,314,11319,N,46.6666666666667,0,230
10696,29,1.530972,368,9231,N,48.3333333333333,0,230
9403,30,1.48520925,357,10696,N,50,0,230
11506,31,1.4893695,358,9403,N,51.6666666666667,0,230
12715,32,0.74468475,179,11506,Y,53.3333333333333,1,230
12176,33,0.8736525,210,12715,N,55,1,230
12319,34,0.88613325,213,12176,N,56.6666666666667,1,230
14107,35,0.8902935,214,12319,N,58.3333333333333,1,230
2712,0,0.965178,232,NA,N,0,0,231
2344,1,0.89445375,215,2712,N,1.66666666666667,0,231
2358,2,0.92773575,223,2344,N,3.33333333333333,0,231
2311,3,1.0567035,254,2358,N,5,0,231
2254,4,0.96101775,231,2311,N,6.66666666666667,0,231
2638,5,1.07750475,259,2254,N,8.33333333333333,0,231
2306,6,1.264716,304,2638,N,10,0,231
2364,7,1.1565495,278,2306,N,11.6666666666667,0,231
4098,8,1.31047875,315,2364,N,13.3333333333333,0,231
4095,9,1.46856825,353,4098,N,15,0,231
4214,10,1.2730365,306,4095,N,16.6666666666667,0,231
4211,11,1.49352975,359,4214,N,18.3333333333333,0,231
4340,12,1.61001675,387,4211,N,20,0,231
4372,13,1.80970875,435,4340,N,21.6666666666667,0,231
4434,14,1.57673475,379,4372,N,23.3333333333333,0,231
4281,15,1.630818,392,4434,N,25,0,231
7125,16,1.71818325,413,4281,N,26.6666666666667,0,231
8524,17,0.7571655,182,7125,Y,28.3333333333333,1,231
7834,18,0.915255,220,8524,N,30,1,231
6150,19,0.8736525,210,7834,N,31.6666666666667,1,231
7112,20,1.0567035,254,6150,N,33.3333333333333,1,231
6082,21,1.031742,248,7112,N,35,1,231
6323,22,1.04422275,251,6082,N,36.6666666666667,1,231
7713,23,1.22727375,295,6323,N,38.3333333333333,1,231
9846,24,1.26887625,305,7713,N,40,1,231
10916,25,1.414485,340,9846,N,41.6666666666667,1,231
8434,26,1.297998,312,10916,N,43.3333333333333,1,231
10131,27,1.347921,324,8434,N,45,1,231
8385,30,1.42696575,343,10131,N,50,1,231
14864,32,NA,-1,8385,Y,53.3333333333333,2,231
3738,0,1.01094075,243,NA,N,0,0,232
3850,1,0.931896,224,3738,N,1.66666666666667,0,232
3347,2,0.94437675,227,3850,N,3.33333333333333,0,232
3501,3,1.00262025,241,3347,N,5,0,232
3239,4,1.01094075,243,3501,N,6.66666666666667,0,232
4006,5,1.27719675,307,3239,N,8.33333333333333,0,232
3579,6,1.264716,304,4006,N,10,0,232
3887,7,1.41032475,339,3579,N,11.6666666666667,0,232
5697,8,1.42696575,343,3887,N,13.3333333333333,0,232
6014,9,1.547613,372,5697,N,15,0,232
5023,10,0.76964625,185,6014,Y,16.6666666666667,1,232
5523,11,0.6573195,158,5023,N,18.3333333333333,1,232
4452,12,0.99846,240,5523,N,20,1,232
4572,13,1.1898315,286,4452,N,21.6666666666667,1,232
4528,14,0.9568575,230,4572,N,23.3333333333333,1,232
4893,15,0.965178,232,4528,N,25,1,232
7186,16,0.965178,232,4893,N,26.6666666666667,1,232
8675,17,0.94437675,227,7186,N,28.3333333333333,1,232
7895,18,0.90277425,217,8675,N,30,1,232
6206,19,0.9235755,222,7895,N,31.6666666666667,1,232
7174,20,0.97765875,235,6206,N,33.3333333333333,1,232
6123,21,1.19399175,287,7174,N,35,1,232
6688,22,1.1066265,266,6123,N,36.6666666666667,1,232
7751,23,1.03590225,249,6688,N,38.3333333333333,1,232
9888,24,1.05254325,253,7751,N,40,1,232
10958,25,1.16070975,279,9888,N,41.6666666666667,1,232
8520,26,1.2563955,302,10958,N,43.3333333333333,1,232
10216,27,1.32711975,319,8520,N,45,1,232
8547,28,1.5725745,378,10216,N,46.6666666666667,1,232
10149,29,1.70154225,409,8547,N,48.3333333333333,1,232
8685,30,1.647459,396,10149,N,50,1,232
12465,32,1.83051,440,8685,N,53.3333333333333,1,232
11694,33,1.880433,452,12465,N,55,1,232
11754,34,0.93605625,225,11694,Y,56.6666666666667,2,232
13838,35,0.83621025,201,11754,N,58.3333333333333,2,232
3738,0,1.01094075,243,NA,N,0,0,233
3850,1,0.931896,224,3738,N,1.66666666666667,0,233
3347,2,0.94437675,227,3850,N,3.33333333333333,0,233
3501,3,1.00262025,241,3347,N,5,0,233
3239,4,1.01094075,243,3501,N,6.66666666666667,0,233
4006,5,1.27719675,307,3239,N,8.33333333333333,0,233
3579,6,1.264716,304,4006,N,10,0,233
3887,7,1.41032475,339,3579,N,11.6666666666667,0,233
5697,8,1.42696575,343,3887,N,13.3333333333333,0,233
6014,9,1.547613,372,5697,N,15,0,233
5080,10,0.8237295,198,6014,Y,16.6666666666667,1,233
5562,11,0.7904475,190,5080,N,18.3333333333333,1,233
5128,12,0.8570115,206,5562,N,20,1,233
5646,13,1.06918425,257,5128,N,21.6666666666667,1,233
5779,14,0.9069345,218,5646,N,23.3333333333333,1,233
5828,15,0.95269725,229,5779,N,25,1,233
7641,16,0.9568575,230,5828,N,26.6666666666667,1,233
9701,17,1.02758175,247,7641,N,28.3333333333333,1,233
8316,18,1.065024,256,9701,N,30,1,233
6610,19,0.9568575,230,8316,N,31.6666666666667,1,233
7593,20,1.02758175,247,6610,N,33.3333333333333,1,233
6794,21,1.31879925,317,7593,N,35,1,233
7019,22,1.281357,308,6794,N,36.6666666666667,1,233
8191,23,1.53513225,369,7019,N,38.3333333333333,1,233
10472,24,1.547613,372,8191,N,40,1,233
11251,25,1.614177,388,10472,N,41.6666666666667,1,233
11340,27,1.41032475,339,11251,N,45,1,233
9274,28,0.8237295,198,11340,Y,46.6666666666667,2,233
10715,29,0.7072425,170,9274,N,48.3333333333333,2,233
9441,30,0.815409,196,10715,N,50,2,233
3740,0,1.630818,392,NA,N,0,0,234
3855,1,0.82788975,199,3740,Y,1.66666666666667,1,234
3740,0,1.630818,392,NA,N,0,0,235
3858,1,0.70308225,169,3740,Y,1.66666666666667,1,235
3357,2,0.881973,212,3858,N,3.33333333333333,1,235
3511,3,0.798768,192,3357,N,5,1,235
3246,4,0.865332,208,3511,N,6.66666666666667,1,235
4008,5,0.8902935,214,3246,N,8.33333333333333,1,235
3581,6,1.06086375,255,4008,N,10,1,235
3890,7,1.00262025,241,3581,N,11.6666666666667,1,235
5701,8,0.9901395,238,3890,N,13.3333333333333,1,235
6016,9,1.08582525,261,5701,N,15,1,235
5020,10,1.1066265,266,6016,N,16.6666666666667,1,235
5520,11,1.05254325,253,5020,N,18.3333333333333,1,235
5064,12,1.181511,284,5520,N,20,1,235
5602,13,1.37704275,331,5064,N,21.6666666666667,1,235
5747,14,1.2896775,310,5602,N,23.3333333333333,1,235
5803,15,1.31879925,317,5747,N,25,1,235
7615,16,1.36872225,329,5803,N,26.6666666666667,1,235
9686,17,1.4727285,354,7615,N,28.3333333333333,1,235
8303,18,1.50185025,361,9686,N,30,1,235
6563,19,1.6058565,386,8303,N,31.6666666666667,1,235
7569,20,1.69322175,407,6563,N,33.3333333333333,1,235
6762,21,1.94283675,467,7569,N,35,1,235
7003,22,2.063484,496,6762,N,36.6666666666667,1,235
8164,23,0.881973,212,7003,Y,38.3333333333333,2,235
10388,24,0.92773575,223,8164,N,40,2,235
11235,25,0.90277425,217,10388,N,41.6666666666667,2,235
9581,26,0.9568575,230,11235,N,43.3333333333333,2,235
11322,27,0.99846,240,9581,N,45,2,235
9239,28,1.08582525,261,11322,N,46.6666666666667,2,235
3740,0,1.630818,392,NA,N,0,0,236
3858,1,0.70308225,169,3740,Y,1.66666666666667,1,236
3357,2,0.881973,212,3858,N,3.33333333333333,1,236
3511,3,0.798768,192,3357,N,5,1,236
3246,4,0.865332,208,3511,N,6.66666666666667,1,236
4008,5,0.8902935,214,3246,N,8.33333333333333,1,236
3581,6,1.06086375,255,4008,N,10,1,236
3890,7,1.00262025,241,3581,N,11.6666666666667,1,236
5701,8,0.9901395,238,3890,N,13.3333333333333,1,236
6016,9,1.08582525,261,5701,N,15,1,236
5020,10,1.1066265,266,6016,N,16.6666666666667,1,236
5520,11,1.05254325,253,5020,N,18.3333333333333,1,236
5064,12,1.181511,284,5520,N,20,1,236
5602,13,1.37704275,331,5064,N,21.6666666666667,1,236
5747,14,1.2896775,310,5602,N,23.3333333333333,1,236
5803,15,1.31879925,317,5747,N,25,1,236
7615,16,1.36872225,329,5803,N,26.6666666666667,1,236
9686,17,1.4727285,354,7615,N,28.3333333333333,1,236
8303,18,1.50185025,361,9686,N,30,1,236
6563,19,1.6058565,386,8303,N,31.6666666666667,1,236
7569,20,1.69322175,407,6563,N,33.3333333333333,1,236
6762,21,1.94283675,467,7569,N,35,1,236
7003,22,2.063484,496,6762,N,36.6666666666667,1,236
8165,23,0.931896,224,7003,Y,38.3333333333333,2,236
10391,24,0.91941525,221,8165,N,40,2,236
11236,25,0.96933825,233,10391,N,41.6666666666667,2,236
9582,26,1.06086375,255,11236,N,43.3333333333333,2,236
11323,27,1.0067805,242,9582,N,45,2,236
9241,28,1.5060105,362,11323,N,46.6666666666667,2,236
10700,29,1.38536325,333,9241,N,48.3333333333333,2,236
9408,30,1.51849125,365,10700,N,50,2,236
11511,31,1.847151,444,9408,N,51.6666666666667,2,236
12721,32,0.84453075,203,11511,Y,53.3333333333333,3,236
12184,33,1.015101,244,12721,N,55,3,236
12323,34,1.1232675,270,12184,N,56.6666666666667,3,236
14112,35,1.10246625,265,12323,N,58.3333333333333,3,236
14679,36,1.14406875,275,14112,N,60,3,236
13682,37,1.06918425,257,14679,N,61.6666666666667,3,236
3741,0,1.16070975,279,NA,N,0,0,237
3861,1,1.297998,312,3741,N,1.66666666666667,0,237
3363,2,1.2397545,298,3861,N,3.33333333333333,0,237
3516,3,1.297998,312,3363,N,5,0,237
3249,4,1.4061645,338,3516,N,6.66666666666667,0,237
4009,5,1.5559335,374,3249,N,8.33333333333333,0,237
3583,6,1.64329875,395,4009,N,10,0,237
3898,7,1.33128,320,3583,N,11.6666666666667,0,237
5706,8,1.61833725,389,3898,N,13.3333333333333,0,237
6018,9,0.85285125,205,5706,Y,15,1,237
5030,10,0.99846,240,6018,N,16.6666666666667,1,237
3741,0,1.16070975,279,NA,N,0,0,238
3861,1,1.297998,312,3741,N,1.66666666666667,0,238
3363,2,1.2397545,298,3861,N,3.33333333333333,0,238
3516,3,1.297998,312,3363,N,5,0,238
3249,4,1.4061645,338,3516,N,6.66666666666667,0,238
4009,5,1.5559335,374,3249,N,8.33333333333333,0,238
3583,6,1.64329875,395,4009,N,10,0,238
3898,7,1.33128,320,3583,N,11.6666666666667,0,238
5706,8,1.61833725,389,3898,N,13.3333333333333,0,238
6019,9,0.748845,180,5706,Y,15,1,238
5034,10,0.81956925,197,6019,N,16.6666666666667,1,238
5531,11,1.05254325,253,5034,N,18.3333333333333,1,238
5073,12,0.98597925,237,5531,N,20,1,238
5610,13,1.25223525,301,5073,N,21.6666666666667,1,238
5752,14,1.01094075,243,5610,N,23.3333333333333,1,238
5806,15,1.06918425,257,5752,N,25,1,238
7620,16,1.3396005,322,5806,N,26.6666666666667,1,238
9690,17,1.214793,292,7620,N,28.3333333333333,1,238
8305,18,1.13574825,273,9690,N,30,1,238
6567,19,1.20231225,289,8305,N,31.6666666666667,1,238
7573,20,1.31047875,315,6567,N,33.3333333333333,1,238
6766,21,1.60169625,385,7573,N,35,1,238
7006,22,1.9885995,478,6766,N,36.6666666666667,1,238
8171,23,1.7057025,410,7006,N,38.3333333333333,1,238
10400,24,1.630818,392,8171,N,40,1,238
11220,25,0.70308225,169,10400,Y,41.6666666666667,2,238
9549,26,0.9069345,218,11220,N,43.3333333333333,2,238
11308,27,0.83621025,201,9549,N,45,2,238
9192,28,0.94437675,227,11308,N,46.6666666666667,2,238
10683,29,1.09414575,263,9192,N,48.3333333333333,2,238
9379,30,1.04422275,251,10683,N,50,2,238
11500,31,0.99846,240,9379,N,51.6666666666667,2,238
12705,32,1.01926125,245,11500,N,53.3333333333333,2,238
12161,33,1.28551725,309,12705,N,55,2,238
12308,34,1.3063185,314,12161,N,56.6666666666667,2,238
13626,35,1.4727285,354,12308,N,58.3333333333333,2,238
14339,36,1.42696575,343,13626,N,60,2,238
13060,37,1.530972,368,14339,N,61.6666666666667,2,238
3745,0,0.9402165,226,NA,N,0,0,239
3866,1,1.01926125,245,3745,N,1.66666666666667,0,239
3374,2,1.0067805,242,3866,N,3.33333333333333,0,239
3527,3,1.0567035,254,3374,N,5,0,239
3257,4,1.14406875,275,3527,N,6.66666666666667,0,239
4010,5,1.0733445,258,3257,N,8.33333333333333,0,239
3585,6,1.24391475,299,4010,N,10,0,239
3903,7,1.2563955,302,3585,N,11.6666666666667,0,239
5708,8,1.2896775,310,3903,N,13.3333333333333,0,239
6020,9,1.46024775,351,5708,N,15,0,239
5039,10,1.47688875,355,6020,N,16.6666666666667,0,239
5535,11,1.647459,396,5039,N,18.3333333333333,0,239
5079,12,1.69322175,407,5535,N,20,0,239
5616,13,0.99429975,239,5079,Y,21.6666666666667,1,239
5757,14,0.86117175,207,5616,N,23.3333333333333,1,239
5808,15,1.0400625,250,5757,N,25,1,239
7622,16,1.081665,260,5808,N,26.6666666666667,1,239
9692,17,1.05254325,253,7622,N,28.3333333333333,1,239
8307,18,1.114947,268,9692,N,30,1,239
6570,19,1.0733445,258,8307,N,31.6666666666667,1,239
7575,20,1.11078675,267,6570,N,33.3333333333333,1,239
6777,21,1.24391475,299,7575,N,35,1,239
7008,22,1.34376075,323,6777,N,36.6666666666667,1,239
8176,23,1.431126,344,7008,N,38.3333333333333,1,239
10405,24,1.52681175,367,8176,N,40,1,239
11240,25,1.59337575,383,10405,N,41.6666666666667,1,239
9585,26,1.54345275,371,11240,N,43.3333333333333,1,239
11327,27,0.82788975,199,9585,Y,45,2,239
10706,29,0.8902935,214,11327,N,48.3333333333333,2,239
9419,30,0.91109475,219,10706,N,50,2,239
3746,0,0.7738065,186,NA,N,0,0,240
3869,1,0.76132575,183,3746,N,1.66666666666667,0,240
3379,2,0.8237295,198,3869,N,3.33333333333333,0,240
3532,3,0.81124875,195,3379,N,5,0,240
3260,4,0.815409,196,3532,N,6.66666666666667,0,240
4011,5,0.865332,208,3260,N,8.33333333333333,0,240
3587,6,0.81956925,197,4011,N,10,0,240
3905,7,0.881973,212,3587,N,11.6666666666667,0,240
5709,8,0.90277425,217,3905,N,13.3333333333333,0,240
6021,9,0.9901395,238,5709,N,15,0,240
5044,10,1.0400625,250,6021,N,16.6666666666667,0,240
5539,11,1.01926125,245,5044,N,18.3333333333333,0,240
5086,12,1.07750475,259,5539,N,20,0,240
5620,13,1.264716,304,5086,N,21.6666666666667,0,240
5759,14,1.2397545,298,5620,N,23.3333333333333,0,240
5811,15,1.35208125,325,5759,N,25,0,240
7625,16,1.38536325,333,5811,N,26.6666666666667,0,240
9694,17,1.34376075,323,7625,N,28.3333333333333,0,240
8308,18,1.41032475,339,9694,N,30,0,240
6572,19,1.4228055,342,8308,N,31.6666666666667,0,240
7577,20,1.614177,388,6572,N,33.3333333333333,0,240
6779,21,1.59337575,383,7577,N,35,0,240
7009,22,1.69322175,407,6779,N,36.6666666666667,0,240
8177,23,1.71818325,413,7009,N,38.3333333333333,0,240
10407,24,1.95947775,471,8177,N,40,0,240
11241,25,1.82634975,439,10407,N,41.6666666666667,0,240
9586,26,1.99275975,479,11241,N,43.3333333333333,0,240
11329,27,2.196612,528,9586,N,45,0,240
9257,28,2.2548555,542,11329,N,46.6666666666667,0,240
10707,29,2.35886175,567,9257,N,48.3333333333333,0,240
9423,30,2.39214375,575,10707,N,50,0,240
11525,31,2.4379065,586,9423,N,51.6666666666667,0,240
12732,32,2.60847675,627,11525,N,53.3333333333333,0,240
12197,33,2.5044705,602,12732,N,55,0,240
12332,34,1.2563955,302,12197,Y,56.6666666666667,1,240
13662,35,1.20231225,289,12332,N,58.3333333333333,1,240
14357,36,1.2896775,310,13662,N,60,1,240
13079,37,1.25223525,301,14357,N,61.6666666666667,1,240
2723,0,1.38536325,333,NA,N,0,0,241
2369,1,1.5559335,374,2723,N,1.66666666666667,0,241
2365,2,1.347921,324,2369,N,3.33333333333333,0,241
2316,3,1.3063185,314,2365,N,5,0,241
2258,4,1.6224975,390,2316,N,6.66666666666667,0,241
2653,5,1.863792,448,2258,N,8.33333333333333,0,241
2313,6,0.7571655,182,2653,Y,10,1,241
2371,7,0.83205,200,2313,N,11.6666666666667,1,241
4104,8,0.898614,216,2371,N,13.3333333333333,1,241
4099,9,0.75300525,181,4104,N,15,1,241
4223,10,0.848691,204,4099,N,16.6666666666667,1,241
4215,11,0.9235755,222,4223,N,18.3333333333333,1,241
4345,12,0.8902935,214,4215,N,20,1,241
4377,13,1.06086375,255,4345,N,21.6666666666667,1,241
4437,14,0.86949225,209,4377,N,23.3333333333333,1,241
4284,15,0.898614,216,4437,N,25,1,241
7127,16,0.84453075,203,4284,N,26.6666666666667,1,241
8527,17,0.94437675,227,7127,N,28.3333333333333,1,241
7836,18,0.9235755,222,8527,N,30,1,241
6152,19,0.965178,232,7836,N,31.6666666666667,1,241
7115,20,0.948537,228,6152,N,33.3333333333333,1,241
7721,23,1.1399085,274,7115,N,38.3333333333333,1,241
9856,24,1.32711975,319,7721,N,40,1,241
10927,25,1.131588,272,9856,N,41.6666666666667,1,241
8443,26,1.36872225,329,10927,N,43.3333333333333,1,241
10151,27,1.3562415,326,8443,N,45,1,241
8497,28,1.58505525,381,10151,N,46.6666666666667,1,241
9800,29,0.80292825,193,8497,Y,48.3333333333333,2,241
2723,0,1.38536325,333,NA,N,0,0,242
2369,1,1.5559335,374,2723,N,1.66666666666667,0,242
2365,2,1.347921,324,2369,N,3.33333333333333,0,242
2316,3,1.3063185,314,2365,N,5,0,242
2258,4,1.6224975,390,2316,N,6.66666666666667,0,242
2653,5,1.863792,448,2258,N,8.33333333333333,0,242
2315,6,0.86949225,209,2653,Y,10,1,242
2376,7,0.7738065,186,2315,N,11.6666666666667,1,242
4107,8,0.7738065,186,2376,N,13.3333333333333,1,242
4100,9,0.84453075,203,4107,N,15,1,242
4228,10,0.9402165,226,4100,N,16.6666666666667,1,242
4220,11,0.95269725,229,4228,N,18.3333333333333,1,242
4348,12,0.90277425,217,4220,N,20,1,242
4381,13,0.93605625,225,4348,N,21.6666666666667,1,242
4440,14,0.92773575,223,4381,N,23.3333333333333,1,242
4289,15,0.9069345,218,4440,N,25,1,242
7129,16,0.91941525,221,4289,N,26.6666666666667,1,242
8529,17,0.88613325,213,7129,N,28.3333333333333,1,242
7839,18,0.93605625,225,8529,N,30,1,242
6155,19,1.07750475,259,7839,N,31.6666666666667,1,242
7117,20,0.91109475,219,6155,N,33.3333333333333,1,242
6083,21,1.22727375,295,7117,N,35,1,242
6328,22,1.26055575,303,6083,N,36.6666666666667,1,242
7715,23,1.3562415,326,6328,N,38.3333333333333,1,242
9848,24,1.52681175,367,7715,N,40,1,242
10918,25,0.6906015,166,9848,Y,41.6666666666667,2,242
9119,28,0.765486,184,10918,N,46.6666666666667,2,242
10655,29,0.76964625,185,9119,N,48.3333333333333,2,242
9300,30,0.8070885,194,10655,N,50,2,242
12113,33,0.98597925,237,9300,N,55,2,242
12202,34,1.03590225,249,12113,N,56.6666666666667,2,242
13579,35,1.1565495,278,12202,N,58.3333333333333,2,242
14316,36,1.214793,292,13579,N,60,2,242
13034,37,1.32711975,319,14316,N,61.6666666666667,2,242
3747,0,0.7904475,190,NA,N,0,0,243
3871,1,0.94437675,227,3747,N,1.66666666666667,0,243
3382,2,0.9402165,226,3871,N,3.33333333333333,0,243
3537,3,0.898614,216,3382,N,5,0,243
3264,4,0.98597925,237,3537,N,6.66666666666667,0,243
4012,5,1.015101,244,3264,N,8.33333333333333,0,243
3590,6,0.97765875,235,4012,N,10,0,243
3907,7,1.10246625,265,3590,N,11.6666666666667,0,243
5712,8,1.06086375,255,3907,N,13.3333333333333,0,243
6022,9,1.0400625,250,5712,N,15,0,243
5050,10,1.1565495,278,6022,N,16.6666666666667,0,243
5541,11,1.23559425,297,5050,N,18.3333333333333,0,243
5091,12,1.47688875,355,5541,N,20,0,243
5626,13,1.41032475,339,5091,N,21.6666666666667,0,243
5761,14,1.514331,364,5626,N,23.3333333333333,0,243
5812,15,1.59337575,383,5761,N,25,0,243
7629,16,0.71972325,173,5812,Y,26.6666666666667,1,243
8310,18,0.83621025,201,7629,N,30,1,243
6577,19,0.9734985,234,8310,N,31.6666666666667,1,243
7583,20,0.95269725,229,6577,N,33.3333333333333,1,243
6783,21,0.865332,208,7583,N,35,1,243
7011,22,0.8902935,214,6783,N,36.6666666666667,1,243
8178,23,0.96101775,231,7011,N,38.3333333333333,1,243
10435,24,0.9235755,222,8178,N,40,1,243
11244,25,0.9235755,222,10435,N,41.6666666666667,1,243
9596,26,0.98597925,237,11244,N,43.3333333333333,1,243
11331,27,1.048383,252,9596,N,45,1,243
3747,0,0.7904475,190,NA,N,0,0,244
3871,1,0.94437675,227,3747,N,1.66666666666667,0,244
3382,2,0.9402165,226,3871,N,3.33333333333333,0,244
3537,3,0.898614,216,3382,N,5,0,244
3264,4,0.98597925,237,3537,N,6.66666666666667,0,244
4012,5,1.015101,244,3264,N,8.33333333333333,0,244
3590,6,0.97765875,235,4012,N,10,0,244
3907,7,1.10246625,265,3590,N,11.6666666666667,0,244
5712,8,1.06086375,255,3907,N,13.3333333333333,0,244
6022,9,1.0400625,250,5712,N,15,0,244
5050,10,1.1565495,278,6022,N,16.6666666666667,0,244
5541,11,1.23559425,297,5050,N,18.3333333333333,0,244
5091,12,1.47688875,355,5541,N,20,0,244
5626,13,1.41032475,339,5091,N,21.6666666666667,0,244
5761,14,1.514331,364,5626,N,23.3333333333333,0,244
5812,15,1.59337575,383,5761,N,25,0,244
7627,16,0.7405245,178,5812,Y,26.6666666666667,1,244
9695,17,0.72804375,175,7627,N,28.3333333333333,1,244
8309,18,0.85285125,205,9695,N,30,1,244
6574,19,0.8237295,198,8309,N,31.6666666666667,1,244
7581,20,0.8902935,214,6574,N,33.3333333333333,1,244
6781,21,0.83621025,201,7581,N,35,1,244
7012,22,0.90277425,217,6781,N,36.6666666666667,1,244
8180,23,0.95269725,229,7012,N,38.3333333333333,1,244
10439,24,0.98597925,237,8180,N,40,1,244
11245,25,1.11910725,269,10439,N,41.6666666666667,1,244
9598,26,1.06918425,257,11245,N,43.3333333333333,1,244
11332,27,1.04422275,251,9598,N,45,1,244
13179,35,1.763946,424,11332,N,58.3333333333333,1,244
13970,36,0.97765875,235,13179,Y,60,2,244
12818,37,1.0234215,246,13970,N,61.6666666666667,2,244
3749,0,0.73636425,177,NA,N,0,0,245
3876,1,0.75300525,181,3749,N,1.66666666666667,0,245
3393,2,0.88613325,213,3876,N,3.33333333333333,0,245
3545,3,0.81124875,195,3393,N,5,0,245
3273,4,0.682281,164,3545,N,6.66666666666667,0,245
4014,5,0.83205,200,3273,N,8.33333333333333,0,245
3596,6,0.8237295,198,4014,N,10,0,245
3913,7,1.01094075,243,3596,N,11.6666666666667,0,245
5715,8,1.10246625,265,3913,N,13.3333333333333,0,245
6024,9,1.1066265,266,5715,N,15,0,245
5062,10,1.148229,276,6024,N,16.6666666666667,0,245
5550,11,1.3728825,330,5062,N,18.3333333333333,0,245
5105,12,1.29383775,311,5550,N,20,0,245
5632,13,1.42696575,343,5105,N,21.6666666666667,0,245
5767,14,1.49352975,359,5632,N,23.3333333333333,0,245
5815,15,1.51017075,363,5767,N,25,0,245
7633,16,1.564254,376,5815,N,26.6666666666667,0,245
9698,17,0.72804375,175,7633,Y,28.3333333333333,1,245
8313,18,0.72804375,175,9698,N,30,1,245
6585,19,0.9069345,218,8313,N,31.6666666666667,1,245
2726,0,1.065024,256,NA,N,0,0,246
2374,1,1.1399085,274,2726,N,1.66666666666667,0,246
2370,2,1.12742775,271,2374,N,3.33333333333333,0,246
2318,3,1.015101,244,2370,N,5,0,246
2260,4,1.04422275,251,2318,N,6.66666666666667,0,246
2663,5,1.17735075,283,2260,N,8.33333333333333,0,246
2317,6,1.11078675,267,2663,N,10,0,246
2381,7,1.26887625,305,2317,N,11.6666666666667,0,246
4115,8,1.24391475,299,2381,N,13.3333333333333,0,246
4101,9,1.4061645,338,4115,N,15,0,246
4232,10,1.31047875,315,4101,N,16.6666666666667,0,246
4235,11,1.41032475,339,4232,N,18.3333333333333,0,246
4356,12,1.50185025,361,4235,N,20,0,246
4388,13,1.8055485,434,4356,N,21.6666666666667,0,246
4445,14,1.69322175,407,4388,N,23.3333333333333,0,246
4675,15,1.81802925,437,4445,N,25,0,246
7131,16,2.02604175,487,4675,N,26.6666666666667,0,246
9588,17,1.05254325,253,7131,Y,28.3333333333333,1,246
8212,18,0.99846,240,9588,N,30,1,246
6432,19,0.981819,236,8212,N,31.6666666666667,1,246
7440,20,0.96101775,231,6432,N,33.3333333333333,1,246
6538,21,1.42696575,343,7440,N,35,1,246
6932,22,1.50185025,361,6538,N,36.6666666666667,1,246
8001,23,1.21063275,291,6932,N,38.3333333333333,1,246
10079,24,1.397844,336,8001,N,40,1,246
11148,25,1.514331,364,10079,N,41.6666666666667,1,246
9060,26,1.60169625,385,11148,N,43.3333333333333,1,246
10812,27,1.56841425,377,9060,N,45,1,246
9062,28,1.763946,424,10812,N,46.6666666666667,1,246
10610,29,0.81124875,195,9062,Y,48.3333333333333,2,246
9206,30,0.91941525,221,10610,N,50,2,246
3750,0,0.8403705,202,NA,N,0,0,247
3879,1,0.98597925,237,3750,N,1.66666666666667,0,247
3398,2,0.9901395,238,3879,N,3.33333333333333,0,247
3550,3,1.031742,248,3398,N,5,0,247
3278,4,1.0733445,258,3550,N,6.66666666666667,0,247
4015,5,1.14406875,275,3278,N,8.33333333333333,0,247
3606,6,1.2064725,290,4015,N,10,0,247
3915,7,1.24391475,299,3606,N,11.6666666666667,0,247
5717,8,1.30215825,313,3915,N,13.3333333333333,0,247
6025,9,1.314639,316,5717,N,15,0,247
5067,10,1.364562,328,6025,N,16.6666666666667,0,247
5554,11,1.397844,336,5067,N,18.3333333333333,0,247
5110,12,1.4394465,346,5554,N,20,0,247
5637,13,1.89291375,455,5110,N,21.6666666666667,0,247
5771,14,0.898614,216,5637,Y,23.3333333333333,1,247
3752,0,0.73636425,177,NA,N,0,0,248
3881,1,0.88613325,213,3752,N,1.66666666666667,0,248
3403,2,0.8070885,194,3881,N,3.33333333333333,0,248
3555,3,0.83205,200,3403,N,5,0,248
3283,4,0.8403705,202,3555,N,6.66666666666667,0,248
4016,5,0.9069345,218,3283,N,8.33333333333333,0,248
3610,6,0.765486,184,4016,N,10,0,248
3919,7,0.88613325,213,3610,N,11.6666666666667,0,248
5718,8,0.81124875,195,3919,N,13.3333333333333,0,248
6026,9,0.89445375,215,5718,N,15,0,248
5072,10,0.83205,200,6026,N,16.6666666666667,0,248
5557,11,1.0400625,250,5072,N,18.3333333333333,0,248
5116,12,1.0234215,246,5557,N,20,0,248
5640,13,1.0567035,254,5116,N,21.6666666666667,0,248
5774,14,1.29383775,311,5640,N,23.3333333333333,0,248
5817,15,1.21895325,293,5774,N,25,0,248
7634,16,1.21895325,293,5817,N,26.6666666666667,0,248
9699,17,1.26055575,303,7634,N,28.3333333333333,0,248
8314,18,1.30215825,313,9699,N,30,0,248
6608,19,1.4727285,354,8314,N,31.6666666666667,0,248
7589,20,1.630818,392,6608,N,33.3333333333333,0,248
6789,21,1.7223435,414,7589,N,35,0,248
7017,22,0.89445375,215,6789,Y,36.6666666666667,1,248
8189,23,0.7571655,182,7017,N,38.3333333333333,1,248
10063,24,0.79460775,191,8189,N,40,1,248
3753,0,1.414485,340,NA,N,0,0,249
3886,1,1.447767,348,3753,N,1.66666666666667,0,249
3413,2,1.61001675,387,3886,N,3.33333333333333,0,249
3588,3,1.68490125,405,3413,N,5,0,249
3299,4,1.53513225,369,3588,N,6.66666666666667,0,249
4018,5,1.697382,408,3299,N,8.33333333333333,0,249
3643,6,1.8887535,454,4018,N,10,0,249
3924,7,0.9568575,230,3643,Y,11.6666666666667,1,249
3753,0,1.414485,340,NA,N,0,0,250
3886,1,1.447767,348,3753,N,1.66666666666667,0,250
3413,2,1.61001675,387,3886,N,3.33333333333333,0,250
3588,3,1.68490125,405,3413,N,5,0,250
3299,4,1.53513225,369,3588,N,6.66666666666667,0,250
4018,5,1.697382,408,3299,N,8.33333333333333,0,250
3643,6,1.8887535,454,4018,N,10,0,250
3926,7,0.99846,240,3643,Y,11.6666666666667,1,250
5720,8,1.0400625,250,3926,N,13.3333333333333,1,250
6028,9,1.14406875,275,5720,N,15,1,250
5089,10,1.20231225,289,6028,N,16.6666666666667,1,250
5566,11,1.1232675,270,5089,N,18.3333333333333,1,250
5139,12,1.1399085,274,5566,N,20,1,250
5651,13,1.33128,320,5139,N,21.6666666666667,1,250
5818,14,1.0899855,262,5651,N,23.3333333333333,1,250
5830,15,1.2064725,290,5818,N,25,1,250
7644,16,1.2896775,310,5830,N,26.6666666666667,1,250
9703,17,1.1731905,282,7644,N,28.3333333333333,1,250
8317,18,1.44360675,347,9703,N,30,1,250
6611,19,1.53513225,369,8317,N,31.6666666666667,1,250
7594,20,1.6391385,394,6611,N,33.3333333333333,1,250
6796,21,1.70154225,409,7594,N,35,1,250
7020,22,1.81802925,437,6796,N,36.6666666666667,1,250
8192,23,1.7389845,418,7020,N,38.3333333333333,1,250
10477,24,0.848691,204,8192,Y,40,2,250
11252,25,0.88613325,213,10477,N,41.6666666666667,2,250
9620,26,0.9901395,238,11252,N,43.3333333333333,2,250
11341,27,0.9734985,234,9620,N,45,2,250
9276,28,0.96933825,233,11341,N,46.6666666666667,2,250
10716,29,0.9235755,222,9276,N,48.3333333333333,2,250
9444,30,0.965178,232,10716,N,50,2,250
11534,31,0.89445375,215,9444,N,51.6666666666667,2,250
12744,32,1.00262025,241,11534,N,53.3333333333333,2,250
12217,33,0.99846,240,12744,N,55,2,250
12348,34,0.9901395,238,12217,N,56.6666666666667,2,250
13683,35,1.081665,260,12348,N,58.3333333333333,2,250
14372,36,1.06086375,255,13683,N,60,2,250
3753,0,1.414485,340,NA,N,0,0,251
3886,1,1.447767,348,3753,N,1.66666666666667,0,251
3413,2,1.61001675,387,3886,N,3.33333333333333,0,251
3588,3,1.68490125,405,3413,N,5,0,251
3299,4,1.53513225,369,3588,N,6.66666666666667,0,251
4018,5,1.697382,408,3299,N,8.33333333333333,0,251
3643,6,1.8887535,454,4018,N,10,0,251
3926,7,0.99846,240,3643,Y,11.6666666666667,1,251
5720,8,1.0400625,250,3926,N,13.3333333333333,1,251
6028,9,1.14406875,275,5720,N,15,1,251
5089,10,1.20231225,289,6028,N,16.6666666666667,1,251
5566,11,1.1232675,270,5089,N,18.3333333333333,1,251
5139,12,1.1399085,274,5566,N,20,1,251
5651,13,1.33128,320,5139,N,21.6666666666667,1,251
5818,14,1.0899855,262,5651,N,23.3333333333333,1,251
5830,15,1.2064725,290,5818,N,25,1,251
7644,16,1.2896775,310,5830,N,26.6666666666667,1,251
9703,17,1.1731905,282,7644,N,28.3333333333333,1,251
8317,18,1.44360675,347,9703,N,30,1,251
6611,19,1.53513225,369,8317,N,31.6666666666667,1,251
7594,20,1.6391385,394,6611,N,33.3333333333333,1,251
6796,21,1.70154225,409,7594,N,35,1,251
7020,22,1.81802925,437,6796,N,36.6666666666667,1,251
8192,23,1.7389845,418,7020,N,38.3333333333333,1,251
10482,24,0.81956925,197,8192,Y,40,2,251
11253,25,0.91941525,221,10482,N,41.6666666666667,2,251
9623,26,0.99846,240,11253,N,43.3333333333333,2,251
11342,27,1.081665,260,9623,N,45,2,251
9281,28,1.05254325,253,11342,N,46.6666666666667,2,251
10718,29,1.0567035,254,9281,N,48.3333333333333,2,251
9450,30,1.098306,264,10718,N,50,2,251
11535,31,1.0733445,258,9450,N,51.6666666666667,2,251
12746,32,1.198152,288,11535,N,53.3333333333333,2,251
12219,33,1.31879925,317,12746,N,55,2,251
12350,34,1.4228055,342,12219,N,56.6666666666667,2,251
13687,35,1.53513225,369,12350,N,58.3333333333333,2,251
14375,36,0.8736525,210,13687,Y,60,3,251
13094,37,0.8736525,210,14375,N,61.6666666666667,3,251
3243,0,1.61833725,389,NA,N,0,0,252
3087,1,0.91941525,221,3243,Y,1.66666666666667,1,252
2704,2,0.94437675,227,3087,N,3.33333333333333,1,252
2524,3,0.97765875,235,2704,N,5,1,252
3243,0,1.61833725,389,NA,N,0,0,253
3092,1,0.7405245,178,3243,Y,1.66666666666667,1,253
2698,2,0.77796675,187,3092,N,3.33333333333333,1,253
2528,3,0.9568575,230,2698,N,5,1,253
2531,4,1.01094075,243,2528,N,6.66666666666667,1,253
2954,5,1.114947,268,2531,N,8.33333333333333,1,253
2614,6,1.0733445,258,2954,N,10,1,253
2818,7,1.065024,256,2614,N,11.6666666666667,1,253
4697,8,1.08582525,261,2818,N,13.3333333333333,1,253
5766,9,1.098306,264,4697,N,15,1,253
4449,10,1.1565495,278,5766,N,16.6666666666667,1,253
4433,11,1.15238925,277,4449,N,18.3333333333333,1,253
4546,12,1.2064725,290,4433,N,20,1,253
4812,13,1.3229595,318,4546,N,21.6666666666667,1,253
4653,14,1.37704275,331,4812,N,23.3333333333333,1,253
5121,15,1.39368375,335,4653,N,25,1,253
7287,16,1.431126,344,5121,N,26.6666666666667,1,253
9176,17,1.5725745,378,7287,N,28.3333333333333,1,253
8009,18,1.7722665,426,9176,N,30,1,253
6254,19,1.8721125,450,8009,N,31.6666666666667,1,253
7252,20,1.90955475,459,6254,N,33.3333333333333,1,253
6257,21,1.1232675,270,7252,Y,35,2,253
6748,22,1.14406875,275,6257,N,36.6666666666667,2,253
7810,23,0.981819,236,6748,N,38.3333333333333,2,253
9948,24,1.048383,252,7810,N,40,2,253
11019,25,1.23559425,297,9948,N,41.6666666666667,2,253
8613,26,1.18567125,285,11019,N,43.3333333333333,2,253
10363,27,1.23559425,297,8613,N,45,2,253
3755,0,0.85285125,205,NA,N,0,0,254
3891,1,0.9069345,218,3755,N,1.66666666666667,0,254
3418,2,0.86949225,209,3891,N,3.33333333333333,0,254
3594,3,0.86949225,209,3418,N,5,0,254
3304,4,0.82788975,199,3594,N,6.66666666666667,0,254
4020,5,0.9069345,218,3304,N,8.33333333333333,0,254
3647,6,0.92773575,223,4020,N,10,0,254
3932,7,0.96933825,233,3647,N,11.6666666666667,0,254
5723,8,1.04422275,251,3932,N,13.3333333333333,0,254
6030,9,1.148229,276,5723,N,15,0,254
5095,10,1.031742,248,6030,N,16.6666666666667,0,254
5570,11,1.231434,296,5095,N,18.3333333333333,0,254
5149,12,1.32711975,319,5570,N,20,0,254
5655,13,1.12742775,271,5149,N,21.6666666666667,0,254
5821,14,1.2896775,310,5655,N,23.3333333333333,0,254
5836,15,1.43528625,345,5821,N,25,0,254
7648,16,1.597536,384,5836,N,26.6666666666667,0,254
9707,17,1.5725745,378,7648,N,28.3333333333333,0,254
8319,18,1.5392925,370,9707,N,30,0,254
6615,19,0.78628725,189,8319,Y,31.6666666666667,1,254
7602,20,0.8570115,206,6615,N,33.3333333333333,1,254
6805,21,1.0067805,242,7602,N,35,1,254
7025,22,0.91941525,221,6805,N,36.6666666666667,1,254
8196,23,0.92773575,223,7025,N,38.3333333333333,1,254
10494,24,0.91109475,219,8196,N,40,1,254
11257,25,0.90277425,217,10494,N,41.6666666666667,1,254
9631,26,1.0400625,250,11257,N,43.3333333333333,1,254
11346,27,0.81956925,197,9631,N,45,1,254
3755,0,0.85285125,205,NA,N,0,0,255
3891,1,0.9069345,218,3755,N,1.66666666666667,0,255
3418,2,0.86949225,209,3891,N,3.33333333333333,0,255
3594,3,0.86949225,209,3418,N,5,0,255
3304,4,0.82788975,199,3594,N,6.66666666666667,0,255
4020,5,0.9069345,218,3304,N,8.33333333333333,0,255
3647,6,0.92773575,223,4020,N,10,0,255
3932,7,0.96933825,233,3647,N,11.6666666666667,0,255
5723,8,1.04422275,251,3932,N,13.3333333333333,0,255
6030,9,1.148229,276,5723,N,15,0,255
5095,10,1.031742,248,6030,N,16.6666666666667,0,255
5570,11,1.231434,296,5095,N,18.3333333333333,0,255
5149,12,1.32711975,319,5570,N,20,0,255
5655,13,1.12742775,271,5149,N,21.6666666666667,0,255
5821,14,1.2896775,310,5655,N,23.3333333333333,0,255
5836,15,1.43528625,345,5821,N,25,0,255
7648,16,1.597536,384,5836,N,26.6666666666667,0,255
9707,17,1.5725745,378,7648,N,28.3333333333333,0,255
8319,18,1.5392925,370,9707,N,30,0,255
6616,19,0.7904475,190,8319,Y,31.6666666666667,1,255
7603,20,0.848691,204,6616,N,33.3333333333333,1,255
6807,21,0.8070885,194,7603,N,35,1,255
7026,22,0.86949225,209,6807,N,36.6666666666667,1,255
8197,23,0.89445375,215,7026,N,38.3333333333333,1,255
10497,24,0.848691,204,8197,N,40,1,255
11258,25,0.7571655,182,10497,N,41.6666666666667,1,255
9633,26,1.0733445,258,11258,N,43.3333333333333,1,255
11347,27,1.07750475,259,9633,N,45,1,255
14004,35,1.61833725,389,11347,N,58.3333333333333,1,255
14598,36,1.50185025,361,14004,N,60,1,255
14937,37,NA,-1,14598,Y,61.6666666666667,2,255
3756,0,0.6573195,158,NA,N,0,0,256
3894,1,0.748845,180,3756,N,1.66666666666667,0,256
3421,2,0.82788975,199,3894,N,3.33333333333333,0,256
3597,3,0.85285125,205,3421,N,5,0,256
3310,4,0.96101775,231,3597,N,6.66666666666667,0,256
4021,5,0.96101775,231,3310,N,8.33333333333333,0,256
3649,6,0.8237295,198,4021,N,10,0,256
3935,7,0.881973,212,3649,N,11.6666666666667,0,256
5726,8,0.98597925,237,3935,N,13.3333333333333,0,256
6031,9,1.01094075,243,5726,N,15,0,256
5103,10,1.048383,252,6031,N,16.6666666666667,0,256
5573,11,1.19399175,287,5103,N,18.3333333333333,0,256
5156,12,1.24391475,299,5573,N,20,0,256
5658,13,1.30215825,313,5156,N,21.6666666666667,0,256
5824,14,1.34376075,323,5658,N,23.3333333333333,0,256
5842,15,1.530972,368,5824,N,25,0,256
7650,16,1.41032475,339,5842,N,26.6666666666667,0,256
9708,17,1.4560875,350,7650,N,28.3333333333333,0,256
8320,18,1.431126,344,9708,N,30,0,256
6617,19,0.70308225,169,8320,Y,31.6666666666667,1,256
7605,20,0.75300525,181,6617,N,33.3333333333333,1,256
6808,21,0.80292825,193,7605,N,35,1,256
7027,22,0.86117175,207,6808,N,36.6666666666667,1,256
8198,23,0.91941525,221,7027,N,38.3333333333333,1,256
10500,24,0.77796675,187,8198,N,40,1,256
11259,25,0.83621025,201,10500,N,41.6666666666667,1,256
9634,26,0.815409,196,11259,N,43.3333333333333,1,256
11348,27,0.94437675,227,9634,N,45,1,256
3247,0,1.14406875,275,NA,N,0,0,257
3097,1,1.16487,280,3247,N,1.66666666666667,0,257
2713,2,1.19399175,287,3097,N,3.33333333333333,0,257
2556,3,1.21063275,291,2713,N,5,0,257
2534,4,1.21895325,293,2556,N,6.66666666666667,0,257
2964,5,1.42696575,343,2534,N,8.33333333333333,0,257
2623,6,1.447767,348,2964,N,10,0,257
2823,7,1.3728825,330,2623,N,11.6666666666667,0,257
4703,8,1.55177325,373,2823,N,13.3333333333333,0,257
5770,9,1.680741,404,4703,N,15,0,257
4457,10,1.65993975,399,5770,N,16.6666666666667,0,257
4438,11,1.6641,400,4457,N,18.3333333333333,0,257
4550,12,1.90955475,459,4438,N,20,0,257
4817,13,1.19399175,287,4550,Y,21.6666666666667,1,257
5133,15,0.965178,232,4817,N,25,1,257
7290,16,0.89445375,215,5133,N,26.6666666666667,1,257
9185,17,0.8902935,214,7290,N,28.3333333333333,1,257
8012,18,0.93605625,225,9185,N,30,1,257
6261,19,0.931896,224,8012,N,31.6666666666667,1,257
7258,20,1.23559425,297,6261,N,33.3333333333333,1,257
6259,21,1.26887625,305,7258,N,35,1,257
6755,22,1.5060105,362,6259,N,36.6666666666667,1,257
7818,23,1.30215825,313,6755,N,38.3333333333333,1,257
9951,24,1.564254,376,7818,N,40,1,257
11022,25,1.6058565,386,9951,N,41.6666666666667,1,257
8615,26,0.7238835,174,11022,Y,43.3333333333333,2,257
10379,27,0.8403705,202,8615,N,45,2,257
8833,28,0.94437675,227,10379,N,46.6666666666667,2,257
10334,29,1.015101,244,8833,N,48.3333333333333,2,257
8855,30,0.99429975,239,10334,N,50,2,257
11509,31,0.981819,236,8855,N,51.6666666666667,2,257
12520,32,1.12742775,271,11509,N,53.3333333333333,2,257
11837,33,1.20231225,289,12520,N,55,2,257
11827,34,1.4394465,346,11837,N,56.6666666666667,2,257
13882,35,1.431126,344,11827,N,58.3333333333333,2,257
14515,36,1.41864525,341,13882,N,60,2,257
13340,37,0.73636425,177,14515,Y,61.6666666666667,3,257
3247,0,1.14406875,275,NA,N,0,0,258
3097,1,1.16487,280,3247,N,1.66666666666667,0,258
2713,2,1.19399175,287,3097,N,3.33333333333333,0,258
2556,3,1.21063275,291,2713,N,5,0,258
2534,4,1.21895325,293,2556,N,6.66666666666667,0,258
2964,5,1.42696575,343,2534,N,8.33333333333333,0,258
2623,6,1.447767,348,2964,N,10,0,258
2823,7,1.3728825,330,2623,N,11.6666666666667,0,258
4703,8,1.55177325,373,2823,N,13.3333333333333,0,258
5770,9,1.680741,404,4703,N,15,0,258
4457,10,1.65993975,399,5770,N,16.6666666666667,0,258
4438,11,1.6641,400,4457,N,18.3333333333333,0,258
4550,12,1.90955475,459,4438,N,20,0,258
4822,13,1.0567035,254,4550,Y,21.6666666666667,1,258
5127,15,1.0400625,250,4822,N,25,1,258
7289,16,0.97765875,235,5127,N,26.6666666666667,1,258
9180,17,1.2064725,290,7289,N,28.3333333333333,1,258
8011,18,1.214793,292,9180,N,30,1,258
6255,19,1.248075,300,8011,N,31.6666666666667,1,258
7255,20,1.3229595,318,6255,N,33.3333333333333,1,258
6258,21,1.51849125,365,7255,N,35,1,258
6752,22,1.6224975,390,6258,N,36.6666666666667,1,258
7814,23,1.6557795,398,6752,N,38.3333333333333,1,258
9950,24,1.75146525,421,7814,N,40,1,258
11021,25,0.848691,204,9950,Y,41.6666666666667,2,258
8617,26,0.815409,196,11021,N,43.3333333333333,2,258
3761,0,1.1565495,278,NA,N,0,0,259
3900,1,1.30215825,313,3761,N,1.66666666666667,0,259
3430,2,1.3063185,314,3900,N,3.33333333333333,0,259
3612,3,1.42696575,343,3430,N,5,0,259
3451,4,1.47688875,355,3612,N,6.66666666666667,0,259
4023,5,1.75978575,423,3451,N,8.33333333333333,0,259
3666,6,0.69476175,167,4023,Y,10,1,259
3942,7,0.94437675,227,3666,N,11.6666666666667,1,259
5729,8,0.948537,228,3942,N,13.3333333333333,1,259
6033,9,0.95269725,229,5729,N,15,1,259
5117,10,1.00262025,241,6033,N,16.6666666666667,1,259
5580,11,1.0567035,254,5117,N,18.3333333333333,1,259
5172,12,1.05254325,253,5580,N,20,1,259
5667,13,1.26055575,303,5172,N,21.6666666666667,1,259
5829,14,1.10246625,265,5667,N,23.3333333333333,1,259
5850,15,1.26055575,303,5829,N,25,1,259
7654,16,1.36040175,327,5850,N,26.6666666666667,1,259
9714,17,1.35208125,325,7654,N,28.3333333333333,1,259
8321,18,1.4727285,354,9714,N,30,1,259
6619,19,1.50185025,361,8321,N,31.6666666666667,1,259
7608,20,1.61833725,389,6619,N,33.3333333333333,1,259
6812,21,1.4727285,354,7608,N,35,1,259
7029,22,2.14252875,515,6812,N,36.6666666666667,1,259
8201,23,1.99275975,479,7029,N,38.3333333333333,1,259
10510,24,1.03590225,249,8201,Y,40,2,259
11264,25,1.0067805,242,10510,N,41.6666666666667,2,259
9647,26,1.05254325,253,11264,N,43.3333333333333,2,259
11352,27,1.131588,272,9647,N,45,2,259
9296,28,1.05254325,253,11352,N,46.6666666666667,2,259
10726,29,1.04422275,251,9296,N,48.3333333333333,2,259
9476,30,1.11910725,269,10726,N,50,2,259
11549,31,1.1898315,286,9476,N,51.6666666666667,2,259
12757,32,1.37704275,331,11549,N,53.3333333333333,2,259
12230,33,1.397844,336,12757,N,55,2,259
12360,34,1.597536,384,12230,N,56.6666666666667,2,259
14172,35,1.62665775,391,12360,N,58.3333333333333,2,259
14707,36,0.8070885,194,14172,Y,60,3,259
13745,37,0.86949225,209,14707,N,61.6666666666667,3,259
3250,0,1.0567035,254,NA,N,0,0,260
3101,1,0.965178,232,3250,N,1.66666666666667,0,260
2715,2,0.99429975,239,3101,N,3.33333333333333,0,260
2559,3,1.05254325,253,2715,N,5,0,260
2537,4,1.04422275,251,2559,N,6.66666666666667,0,260
2982,5,1.33544025,321,2537,N,8.33333333333333,0,260
2629,6,1.1066265,266,2982,N,10,0,260
2828,7,1.41864525,341,2629,N,11.6666666666667,0,260
4709,8,1.3562415,326,2828,N,13.3333333333333,0,260
5772,9,1.28551725,309,4709,N,15,0,260
4461,10,1.630818,392,5772,N,16.6666666666667,0,260
4442,11,1.61001675,387,4461,N,18.3333333333333,0,260
4554,12,1.73482425,417,4442,N,20,0,260
4829,13,2.1217275,510,4554,N,21.6666666666667,0,260
4655,14,0.765486,184,4829,Y,23.3333333333333,1,260
5145,15,0.89445375,215,4655,N,25,1,260
7294,16,1.04422275,251,5145,N,26.6666666666667,1,260
9196,17,0.99429975,239,7294,N,28.3333333333333,1,260
8016,18,0.89445375,215,9196,N,30,1,260
6265,19,0.98597925,237,8016,N,31.6666666666667,1,260
7263,20,1.01926125,245,6265,N,33.3333333333333,1,260
6262,21,1.14406875,275,7263,N,35,1,260
6759,22,1.3229595,318,6262,N,36.6666666666667,1,260
7822,23,1.12742775,271,6759,N,38.3333333333333,1,260
9953,24,1.347921,324,7822,N,40,1,260
11024,25,1.447767,348,9953,N,41.6666666666667,1,260
8623,26,1.51849125,365,11024,N,43.3333333333333,1,260
10386,27,1.4560875,350,8623,N,45,1,260
8842,28,0.7738065,186,10386,Y,46.6666666666667,2,260
10338,29,0.83621025,201,8842,N,48.3333333333333,2,260
8863,30,0.6906015,166,10338,N,50,2,260
11513,31,0.8902935,214,8863,N,51.6666666666667,2,260
12524,32,0.98597925,237,11513,N,53.3333333333333,2,260
11842,33,0.83205,200,12524,N,55,2,260
3250,0,1.0567035,254,NA,N,0,0,261
3101,1,0.965178,232,3250,N,1.66666666666667,0,261
2715,2,0.99429975,239,3101,N,3.33333333333333,0,261
2559,3,1.05254325,253,2715,N,5,0,261
2537,4,1.04422275,251,2559,N,6.66666666666667,0,261
2982,5,1.33544025,321,2537,N,8.33333333333333,0,261
2629,6,1.1066265,266,2982,N,10,0,261
2828,7,1.41864525,341,2629,N,11.6666666666667,0,261
4709,8,1.3562415,326,2828,N,13.3333333333333,0,261
5772,9,1.28551725,309,4709,N,15,0,261
4461,10,1.630818,392,5772,N,16.6666666666667,0,261
4442,11,1.61001675,387,4461,N,18.3333333333333,0,261
4554,12,1.73482425,417,4442,N,20,0,261
4829,13,2.1217275,510,4554,N,21.6666666666667,0,261
4657,14,0.86949225,209,4829,Y,23.3333333333333,1,261
5140,15,1.06086375,255,4657,N,25,1,261
7292,16,0.9235755,222,5140,N,26.6666666666667,1,261
9193,17,0.99429975,239,7292,N,28.3333333333333,1,261
8014,18,0.981819,236,9193,N,30,1,261
6263,19,0.97765875,235,8014,N,31.6666666666667,1,261
7261,20,0.96933825,233,6263,N,33.3333333333333,1,261
6260,21,1.1731905,282,7261,N,35,1,261
6757,22,1.248075,300,6260,N,36.6666666666667,1,261
7820,23,1.31047875,315,6757,N,38.3333333333333,1,261
9952,24,1.44360675,347,7820,N,40,1,261
11023,25,1.4727285,354,9952,N,41.6666666666667,1,261
8619,26,1.6724205,402,11023,N,43.3333333333333,1,261
10389,27,0.8237295,198,8619,Y,45,2,261
3765,0,0.7072425,170,NA,N,0,0,262
3904,1,0.898614,216,3765,N,1.66666666666667,0,262
3446,2,1.031742,248,3904,N,3.33333333333333,0,262
3620,3,0.85285125,205,3446,N,5,0,262
3469,4,0.89445375,215,3620,N,6.66666666666667,0,262
4027,5,0.92773575,223,3469,N,8.33333333333333,0,262
3677,6,0.915255,220,4027,N,10,0,262
3951,7,0.86117175,207,3677,N,11.6666666666667,0,262
5843,8,0.981819,236,3951,N,13.3333333333333,0,262
6036,9,1.0567035,254,5843,N,15,0,262
5138,10,1.0067805,242,6036,N,16.6666666666667,0,262
5591,11,1.214793,292,5138,N,18.3333333333333,0,262
5197,12,1.0899855,262,5591,N,20,0,262
5682,13,1.364562,328,5197,N,21.6666666666667,0,262
5835,14,1.1399085,274,5682,N,23.3333333333333,0,262
5861,15,1.19399175,287,5835,N,25,0,262
7662,16,1.49769,360,5861,N,26.6666666666667,0,262
9724,17,0.6406785,154,7662,Y,28.3333333333333,1,262
8327,18,0.70308225,169,9724,N,30,1,262
6625,19,0.7738065,186,8327,N,31.6666666666667,1,262
7617,20,0.715563,172,6625,N,33.3333333333333,1,262
6819,21,0.81956925,197,7617,N,35,1,262
7032,22,0.8403705,202,6819,N,36.6666666666667,1,262
8204,23,0.97765875,235,7032,N,38.3333333333333,1,262
9838,24,0.85285125,205,8204,N,40,1,262
8423,26,0.96101775,231,9838,N,43.3333333333333,1,262
10119,27,0.9568575,230,8423,N,45,1,262
3254,0,1.065024,256,NA,N,0,0,263
3107,1,0.88613325,213,3254,N,1.66666666666667,0,263
2720,2,0.94437675,227,3107,N,3.33333333333333,0,263
2561,3,0.94437675,227,2720,N,5,0,263
2540,4,0.96933825,233,2561,N,6.66666666666667,0,263
2990,5,1.22727375,295,2540,N,8.33333333333333,0,263
2631,6,1.1731905,282,2990,N,10,0,263
2832,7,1.21063275,291,2631,N,11.6666666666667,0,263
4714,8,1.29383775,311,2832,N,13.3333333333333,0,263
5775,9,1.281357,308,4714,N,15,0,263
4487,10,1.43528625,345,5775,N,16.6666666666667,0,263
4444,11,1.34376075,323,4487,N,18.3333333333333,0,263
4558,12,1.57673475,379,4444,N,20,0,263
4834,13,1.86795225,449,4558,N,21.6666666666667,0,263
4660,14,1.56841425,377,4834,N,23.3333333333333,0,263
5157,15,0.732204,176,4660,Y,25,1,263
7297,16,0.715563,172,5157,N,26.6666666666667,1,263
9204,17,0.8403705,202,7297,N,28.3333333333333,1,263
8018,18,0.84453075,203,9204,N,30,1,263
6268,19,0.9069345,218,8018,N,31.6666666666667,1,263
7265,20,0.96101775,231,6268,N,33.3333333333333,1,263
6264,21,1.214793,292,7265,N,35,1,263
6761,22,1.3396005,322,6264,N,36.6666666666667,1,263
7823,23,1.36040175,327,6761,N,38.3333333333333,1,263
9954,24,1.297998,312,7823,N,40,1,263
11025,25,1.3562415,326,9954,N,41.6666666666667,1,263
8629,26,1.5226515,366,11025,N,43.3333333333333,1,263
10393,27,1.564254,376,8629,N,45,1,263
8848,28,1.414485,340,10393,N,46.6666666666667,1,263
10343,29,1.4394465,346,8848,N,48.3333333333333,1,263
8877,30,1.697382,408,10343,N,50,1,263
11515,31,1.78474725,429,8877,N,51.6666666666667,1,263
12526,32,0.815409,196,11515,Y,53.3333333333333,2,263
3767,0,1.0067805,242,NA,N,0,0,264
3906,1,1.0067805,242,3767,N,1.66666666666667,0,264
3450,2,1.0234215,246,3906,N,3.33333333333333,0,264
3622,3,1.0733445,258,3450,N,5,0,264
3474,4,1.17735075,283,3622,N,6.66666666666667,0,264
4029,5,1.2397545,298,3474,N,8.33333333333333,0,264
3679,6,1.18567125,285,4029,N,10,0,264
3956,7,1.46856825,353,3679,N,11.6666666666667,0,264
5848,8,1.49352975,359,3956,N,13.3333333333333,0,264
6038,9,1.54345275,371,5848,N,15,0,264
5153,10,1.53513225,369,6038,N,16.6666666666667,0,264
5599,11,1.6557795,398,5153,N,18.3333333333333,0,264
4455,12,0.86117175,207,5599,Y,20,1,264
4578,13,0.9568575,230,4455,N,21.6666666666667,1,264
4536,14,0.88613325,213,4578,N,23.3333333333333,1,264
3767,0,1.0067805,242,NA,N,0,0,265
3906,1,1.0067805,242,3767,N,1.66666666666667,0,265
3450,2,1.0234215,246,3906,N,3.33333333333333,0,265
3622,3,1.0733445,258,3450,N,5,0,265
3474,4,1.17735075,283,3622,N,6.66666666666667,0,265
4029,5,1.2397545,298,3474,N,8.33333333333333,0,265
3679,6,1.18567125,285,4029,N,10,0,265
3956,7,1.46856825,353,3679,N,11.6666666666667,0,265
5848,8,1.49352975,359,3956,N,13.3333333333333,0,265
6038,9,1.54345275,371,5848,N,15,0,265
5153,10,1.53513225,369,6038,N,16.6666666666667,0,265
5599,11,1.6557795,398,5153,N,18.3333333333333,0,265
4830,12,0.77796675,187,5599,Y,20,1,265
5331,13,0.881973,212,4830,N,21.6666666666667,1,265
5526,14,0.81956925,197,5331,N,23.3333333333333,1,265
5553,15,0.98597925,237,5526,N,25,1,265
7511,16,1.10246625,265,5553,N,26.6666666666667,1,265
9594,17,1.031742,248,7511,N,28.3333333333333,1,265
8220,18,1.14406875,275,9594,N,30,1,265
6439,19,1.148229,276,8220,N,31.6666666666667,1,265
7447,20,1.38536325,333,6439,N,33.3333333333333,1,265
6546,21,1.36872225,329,7447,N,35,1,265
6935,22,1.57673475,379,6546,N,36.6666666666667,1,265
8010,23,1.5725745,378,6935,N,38.3333333333333,1,265
10087,24,1.614177,388,8010,N,40,1,265
11152,25,1.630818,392,10087,N,41.6666666666667,1,265
9082,26,0.72804375,175,11152,Y,43.3333333333333,2,265
10817,27,0.8403705,202,9082,N,45,2,265
9067,28,0.89445375,215,10817,N,46.6666666666667,2,265
3258,0,0.59491575,143,NA,N,0,0,266
3111,1,0.615717,148,3258,N,1.66666666666667,0,266
2722,2,0.60323625,145,3111,N,3.33333333333333,0,266
2564,3,0.66147975,159,2722,N,5,0,266
2543,4,0.6739605,162,2564,N,6.66666666666667,0,266
2996,5,0.698922,168,2543,N,8.33333333333333,0,266
2635,6,0.715563,172,2996,N,10,0,266
2834,7,0.682281,164,2635,N,11.6666666666667,0,266
4725,8,0.7072425,170,2834,N,13.3333333333333,0,266
5777,9,0.81124875,195,4725,N,15,0,266
4492,10,0.7571655,182,5777,N,16.6666666666667,0,266
4448,11,0.8237295,198,4492,N,18.3333333333333,0,266
4562,12,0.94437675,227,4448,N,20,0,266
4839,13,1.01094075,243,4562,N,21.6666666666667,0,266
4662,14,0.9235755,222,4839,N,23.3333333333333,0,266
5163,15,0.9235755,222,4662,N,25,0,266
7299,16,0.95269725,229,5163,N,26.6666666666667,0,266
9208,17,0.99846,240,7299,N,28.3333333333333,0,266
8019,18,1.048383,252,9208,N,30,0,266
6270,19,1.06086375,255,8019,N,31.6666666666667,0,266
7267,20,1.11910725,269,6270,N,33.3333333333333,0,266
6267,21,1.065024,256,7267,N,35,0,266
6763,22,1.19399175,287,6267,N,36.6666666666667,0,266
7828,23,1.4228055,342,6763,N,38.3333333333333,0,266
9955,24,1.5725745,378,7828,N,40,0,266
11026,25,1.51017075,363,9955,N,41.6666666666667,0,266
8633,26,0.63651825,153,11026,Y,43.3333333333333,1,266
10396,27,0.69476175,167,8633,N,45,1,266
10350,29,0.67812075,163,10396,N,48.3333333333333,1,266
8880,30,0.81124875,195,10350,N,50,1,266
12527,32,0.898614,216,8880,N,53.3333333333333,1,266
11847,33,0.9568575,230,12527,N,55,1,266
11836,34,1.0733445,258,11847,N,56.6666666666667,1,266
13346,35,1.11910725,269,11836,N,58.3333333333333,1,266
14165,36,1.14406875,275,13346,N,60,1,266
12905,37,1.2397545,298,14165,N,61.6666666666667,1,266
3773,0,1.31879925,317,NA,N,0,0,267
3909,1,1.41032475,339,3773,N,1.66666666666667,0,267
3456,2,1.381203,332,3909,N,3.33333333333333,0,267
3624,3,1.45192725,349,3456,N,5,0,267
3482,4,1.514331,364,3624,N,6.66666666666667,0,267
4031,5,1.52681175,367,3482,N,8.33333333333333,0,267
3682,6,0.63651825,153,4031,Y,10,1,267
3961,7,0.7904475,190,3682,N,11.6666666666667,1,267
5854,8,0.88613325,213,3961,N,13.3333333333333,1,267
6040,9,0.81956925,197,5854,N,15,1,267
5165,10,0.76964625,185,6040,N,16.6666666666667,1,267
5605,11,0.82788975,199,5165,N,18.3333333333333,1,267
5223,12,0.87781275,211,5605,N,20,1,267
5690,13,1.16903025,281,5223,N,21.6666666666667,1,267
5841,14,0.99846,240,5690,N,23.3333333333333,1,267
5868,15,0.948537,228,5841,N,25,1,267
7668,16,0.97765875,235,5868,N,26.6666666666667,1,267
9730,17,1.0400625,250,7668,N,28.3333333333333,1,267
8331,18,1.13574825,273,9730,N,30,1,267
6629,19,1.23559425,297,8331,N,31.6666666666667,1,267
7626,20,1.2397545,298,6629,N,33.3333333333333,1,267
6834,21,1.51017075,363,7626,N,35,1,267
7038,22,1.530972,368,6834,N,36.6666666666667,1,267
8213,23,1.75978575,423,7038,N,38.3333333333333,1,267
10530,24,1.64329875,395,8213,N,40,1,267
11270,25,0.865332,208,10530,Y,41.6666666666667,2,267
2750,0,1.3562415,326,NA,N,0,0,268
2389,1,1.21895325,293,2750,N,1.66666666666667,0,268
2382,2,1.4893695,358,2389,N,3.33333333333333,0,268
2324,3,1.297998,312,2382,N,5,0,268
2263,4,1.3229595,318,2324,N,6.66666666666667,0,268
2674,5,1.45192725,349,2263,N,8.33333333333333,0,268
2321,6,1.4560875,350,2674,N,10,0,268
2399,7,0.782127,188,2321,Y,11.6666666666667,1,268
4119,8,0.698922,168,2399,N,13.3333333333333,1,268
4105,9,0.682281,164,4119,N,15,1,268
4244,10,0.8570115,206,4105,N,16.6666666666667,1,268
4245,11,0.75300525,181,4244,N,18.3333333333333,1,268
4375,12,0.85285125,205,4245,N,20,1,268
4463,13,0.94437675,227,4375,N,21.6666666666667,1,268
4453,14,0.865332,208,4463,N,23.3333333333333,1,268
4693,15,0.848691,204,4453,N,25,1,268
7137,16,0.898614,216,4693,N,26.6666666666667,1,268
8538,17,1.06086375,255,7137,N,28.3333333333333,1,268
7846,18,1.0234215,246,8538,N,30,1,268
6169,19,0.98597925,237,7846,N,31.6666666666667,1,268
7124,20,1.0899855,262,6169,N,33.3333333333333,1,268
6087,21,1.17735075,283,7124,N,35,1,268
6660,22,1.20231225,289,6087,N,36.6666666666667,1,268
7720,23,1.1399085,274,6660,N,38.3333333333333,1,268
9855,24,1.397844,336,7720,N,40,1,268
10926,25,1.41864525,341,9855,N,41.6666666666667,1,268
8442,26,1.45192725,349,10926,N,43.3333333333333,1,268
10150,27,1.48520925,357,8442,N,45,1,268
3262,0,0.77796675,187,NA,N,0,0,269
3115,1,0.80292825,193,3262,N,1.66666666666667,0,269
2724,2,0.85285125,205,3115,N,3.33333333333333,0,269
2567,3,0.8570115,206,2724,N,5,0,269
2545,4,0.9069345,218,2567,N,6.66666666666667,0,269
3003,5,0.97765875,235,2545,N,8.33333333333333,0,269
2636,6,1.04422275,251,3003,N,10,0,269
2837,7,0.931896,224,2636,N,11.6666666666667,0,269
4735,8,1.1066265,266,2837,N,13.3333333333333,0,269
5780,9,1.297998,312,4735,N,15,0,269
4497,10,1.2397545,298,5780,N,16.6666666666667,0,269
4454,11,1.4394465,346,4497,N,18.3333333333333,0,269
4566,12,1.51849125,365,4454,N,20,0,269
4846,13,1.59337575,383,4566,N,21.6666666666667,0,269
4673,14,1.61833725,389,4846,N,23.3333333333333,0,269
5169,15,1.49769,360,4673,N,25,0,269
7303,16,0.798768,192,5169,Y,26.6666666666667,1,269
9215,17,0.82788975,199,7303,N,28.3333333333333,1,269
8021,18,1.03590225,249,9215,N,30,1,269
6273,19,1.11910725,269,8021,N,31.6666666666667,1,269
7269,20,1.015101,244,6273,N,33.3333333333333,1,269
6272,21,1.0899855,262,7269,N,35,1,269
6764,22,1.15238925,277,6272,N,36.6666666666667,1,269
7830,23,1.17735075,283,6764,N,38.3333333333333,1,269
9956,24,1.314639,316,7830,N,40,1,269
11027,25,1.3229595,318,9956,N,41.6666666666667,1,269
8635,26,1.24391475,299,11027,N,43.3333333333333,1,269
10399,27,1.5892155,382,8635,N,45,1,269
3775,0,0.881973,212,NA,N,0,0,270
3912,1,0.9568575,230,3775,N,1.66666666666667,0,270
3460,2,0.92773575,223,3912,N,3.33333333333333,0,270
3626,3,0.931896,224,3460,N,5,0,270
3487,4,1.01926125,245,3626,N,6.66666666666667,0,270
4032,5,1.031742,248,3487,N,8.33333333333333,0,270
3683,6,0.99846,240,4032,N,10,0,270
3964,7,1.0234215,246,3683,N,11.6666666666667,0,270
5856,8,1.08582525,261,3964,N,13.3333333333333,0,270
6041,9,1.18567125,285,5856,N,15,0,270
5173,10,1.2231135,294,6041,N,16.6666666666667,0,270
5608,11,1.297998,312,5173,N,18.3333333333333,0,270
5229,12,1.33544025,321,5608,N,20,0,270
5693,13,1.4727285,354,5229,N,21.6666666666667,0,270
5845,14,1.46856825,353,5693,N,23.3333333333333,0,270
5874,15,1.47688875,355,5845,N,25,0,270
7669,16,1.547613,372,5874,N,26.6666666666667,0,270
9732,17,1.65993975,399,7669,N,28.3333333333333,0,270
8332,18,1.6724205,402,9732,N,30,0,270
6631,19,0.80292825,193,8332,Y,31.6666666666667,1,270
7630,20,0.765486,184,6631,N,33.3333333333333,1,270
6838,21,0.931896,224,7630,N,35,1,270
3775,0,0.881973,212,NA,N,0,0,271
3912,1,0.9568575,230,3775,N,1.66666666666667,0,271
3460,2,0.92773575,223,3912,N,3.33333333333333,0,271
3626,3,0.931896,224,3460,N,5,0,271
3487,4,1.01926125,245,3626,N,6.66666666666667,0,271
4032,5,1.031742,248,3487,N,8.33333333333333,0,271
3683,6,0.99846,240,4032,N,10,0,271
3964,7,1.0234215,246,3683,N,11.6666666666667,0,271
5856,8,1.08582525,261,3964,N,13.3333333333333,0,271
6041,9,1.18567125,285,5856,N,15,0,271
5173,10,1.2231135,294,6041,N,16.6666666666667,0,271
5608,11,1.297998,312,5173,N,18.3333333333333,0,271
5229,12,1.33544025,321,5608,N,20,0,271
5693,13,1.4727285,354,5229,N,21.6666666666667,0,271
5845,14,1.46856825,353,5693,N,23.3333333333333,0,271
5874,15,1.47688875,355,5845,N,25,0,271
7669,16,1.547613,372,5874,N,26.6666666666667,0,271
9732,17,1.65993975,399,7669,N,28.3333333333333,0,271
8332,18,1.6724205,402,9732,N,30,0,271
6630,19,0.76964625,185,8332,Y,31.6666666666667,1,271
7628,20,0.698922,168,6630,N,33.3333333333333,1,271
6836,21,0.83621025,201,7628,N,35,1,271
7039,22,1.11078675,267,6836,N,36.6666666666667,1,271
8215,23,1.081665,260,7039,N,38.3333333333333,1,271
10535,24,1.06918425,257,8215,N,40,1,271
11272,25,1.08582525,261,10535,N,41.6666666666667,1,271
9667,26,1.248075,300,11272,N,43.3333333333333,1,271
11360,27,1.23559425,297,9667,N,45,1,271
9316,28,1.3895235,334,11360,N,46.6666666666667,1,271
10736,29,1.36040175,327,9316,N,48.3333333333333,1,271
9292,30,1.50185025,361,10736,N,50,1,271
12673,32,1.547613,372,9292,N,53.3333333333333,1,271
12110,33,1.74314475,419,12673,N,55,1,271
12191,34,0.8570115,206,12110,Y,56.6666666666667,2,271
3778,0,1.13574825,273,NA,N,0,0,272
3916,1,1.27719675,307,3778,N,1.66666666666667,0,272
3471,2,1.4893695,358,3916,N,3.33333333333333,0,272
3628,3,1.297998,312,3471,N,5,0,272
3492,4,1.1066265,266,3628,N,6.66666666666667,0,272
4033,5,1.41864525,341,3492,N,8.33333333333333,0,272
3684,6,1.4394465,346,4033,N,10,0,272
3967,7,1.381203,332,3684,N,11.6666666666667,0,272
5858,8,1.26055575,303,3967,N,13.3333333333333,0,272
6043,9,0.7738065,186,5858,Y,15,1,272
5184,10,0.91109475,219,6043,N,16.6666666666667,1,272
5614,11,0.848691,204,5184,N,18.3333333333333,1,272
5240,12,0.84453075,203,5614,N,20,1,272
5705,13,0.96933825,233,5240,N,21.6666666666667,1,272
5852,14,0.8070885,194,5705,N,23.3333333333333,1,272
5884,15,0.90277425,217,5852,N,25,1,272
7672,16,0.8902935,214,5884,N,26.6666666666667,1,272
9736,17,0.898614,216,7672,N,28.3333333333333,1,272
8334,18,0.931896,224,9736,N,30,1,272
6633,19,0.93605625,225,8334,N,31.6666666666667,1,272
7635,20,1.15238925,277,6633,N,33.3333333333333,1,272
6844,21,1.381203,332,7635,N,35,1,272
7042,22,1.580895,380,6844,N,36.6666666666667,1,272
8219,23,1.3396005,322,7042,N,38.3333333333333,1,272
10543,24,1.4228055,342,8219,N,40,1,272
11274,25,0.7405245,178,10543,Y,41.6666666666667,2,272
9673,26,0.7904475,190,11274,N,43.3333333333333,2,272
3778,0,1.13574825,273,NA,N,0,0,273
3916,1,1.27719675,307,3778,N,1.66666666666667,0,273
3471,2,1.4893695,358,3916,N,3.33333333333333,0,273
3628,3,1.297998,312,3471,N,5,0,273
3492,4,1.1066265,266,3628,N,6.66666666666667,0,273
4033,5,1.41864525,341,3492,N,8.33333333333333,0,273
3684,6,1.4394465,346,4033,N,10,0,273
3967,7,1.381203,332,3684,N,11.6666666666667,0,273
5858,8,1.26055575,303,3967,N,13.3333333333333,0,273
6042,9,0.83205,200,5858,Y,15,1,273
5178,10,0.9235755,222,6042,N,16.6666666666667,1,273
5611,11,0.7738065,186,5178,N,18.3333333333333,1,273
5234,12,0.81124875,195,5611,N,20,1,273
5702,13,1.031742,248,5234,N,21.6666666666667,1,273
5849,14,0.95269725,229,5702,N,23.3333333333333,1,273
5878,15,1.17735075,283,5849,N,25,1,273
7670,16,1.347921,324,5878,N,26.6666666666667,1,273
9734,17,1.37704275,331,7670,N,28.3333333333333,1,273
8333,18,1.41864525,341,9734,N,30,1,273
6632,19,1.31879925,317,8333,N,31.6666666666667,1,273
7632,20,1.464408,352,6632,N,33.3333333333333,1,273
6840,21,1.73482425,417,7632,N,35,1,273
7040,22,1.031742,248,6840,Y,36.6666666666667,2,273
2757,0,0.7571655,182,NA,N,0,0,274
2394,1,0.732204,176,2757,N,1.66666666666667,0,274
2386,2,0.69476175,167,2394,N,3.33333333333333,0,274
2327,3,0.7571655,182,2386,N,5,0,274
2265,4,0.8736525,210,2327,N,6.66666666666667,0,274
2680,5,0.948537,228,2265,N,8.33333333333333,0,274
2325,6,0.848691,204,2680,N,10,0,274
2404,7,0.88613325,213,2325,N,11.6666666666667,0,274
4121,8,0.915255,220,2404,N,13.3333333333333,0,274
4106,9,0.9734985,234,4121,N,15,0,274
4248,10,0.99429975,239,4106,N,16.6666666666667,0,274
4249,11,1.0733445,258,4248,N,18.3333333333333,0,274
4382,12,1.25223525,301,4249,N,20,0,274
4468,13,1.281357,308,4382,N,21.6666666666667,0,274
4456,14,1.32711975,319,4468,N,23.3333333333333,0,274
4700,15,1.414485,340,4456,N,25,0,274
7139,16,0.7571655,182,4700,Y,26.6666666666667,1,274
8541,17,0.86949225,209,7139,N,28.3333333333333,1,274
7847,18,0.70308225,169,8541,N,30,1,274
6171,19,0.73636425,177,7847,N,31.6666666666667,1,274
7126,20,0.782127,188,6171,N,33.3333333333333,1,274
6089,21,0.732204,176,7126,N,35,1,274
6662,22,0.9235755,222,6089,N,36.6666666666667,1,274
7722,23,0.86117175,207,6662,N,38.3333333333333,1,274
9857,24,0.96101775,231,7722,N,40,1,274
10928,25,0.9235755,222,9857,N,41.6666666666667,1,274
8444,26,0.91109475,219,10928,N,43.3333333333333,1,274
10152,27,1.048383,252,8444,N,45,1,274
8499,28,0.9901395,238,10152,N,46.6666666666667,1,274
9802,29,1.098306,264,8499,N,48.3333333333333,1,274
8473,30,1.28551725,309,9802,N,50,1,274
11438,31,1.16487,280,8473,N,51.6666666666667,1,274
12446,32,1.35208125,325,11438,N,53.3333333333333,1,274
2757,0,0.7571655,182,NA,N,0,0,275
2394,1,0.732204,176,2757,N,1.66666666666667,0,275
2386,2,0.69476175,167,2394,N,3.33333333333333,0,275
2327,3,0.7571655,182,2386,N,5,0,275
2265,4,0.8736525,210,2327,N,6.66666666666667,0,275
2680,5,0.948537,228,2265,N,8.33333333333333,0,275
2325,6,0.848691,204,2680,N,10,0,275
2404,7,0.88613325,213,2325,N,11.6666666666667,0,275
4121,8,0.915255,220,2404,N,13.3333333333333,0,275
4106,9,0.9734985,234,4121,N,15,0,275
4248,10,0.99429975,239,4106,N,16.6666666666667,0,275
4249,11,1.0733445,258,4248,N,18.3333333333333,0,275
4382,12,1.25223525,301,4249,N,20,0,275
4468,13,1.281357,308,4382,N,21.6666666666667,0,275
4456,14,1.32711975,319,4468,N,23.3333333333333,0,275
4700,15,1.414485,340,4456,N,25,0,275
7140,16,0.6406785,154,4700,Y,26.6666666666667,1,275
8543,17,0.7072425,170,7140,N,28.3333333333333,1,275
7855,18,0.67812075,163,8543,N,30,1,275
6173,19,0.72804375,175,7855,N,31.6666666666667,1,275
7128,20,0.865332,208,6173,N,33.3333333333333,1,275
6090,21,0.8736525,210,7128,N,35,1,275
6663,22,0.92773575,223,6090,N,36.6666666666667,1,275
7723,23,1.0400625,250,6663,N,38.3333333333333,1,275
9858,24,1.01926125,245,7723,N,40,1,275
10929,25,1.05254325,253,9858,N,41.6666666666667,1,275
8445,26,0.96933825,233,10929,N,43.3333333333333,1,275
10154,27,1.04422275,251,8445,N,45,1,275
8501,28,0.99846,240,10154,N,46.6666666666667,1,275
9803,29,1.25223525,301,8501,N,48.3333333333333,1,275
8474,30,1.21895325,293,9803,N,50,1,275
11439,31,1.05254325,253,8474,N,51.6666666666667,1,275
12447,32,1.32711975,319,11439,N,53.3333333333333,1,275
11660,33,1.49352975,359,12447,N,55,1,275
11704,34,0.75300525,181,11660,Y,56.6666666666667,2,275
13823,35,0.782127,188,11704,N,58.3333333333333,2,275
14455,36,0.931896,224,13823,N,60,2,275
13202,37,0.93605625,225,14455,N,61.6666666666667,2,275
3269,0,0.88613325,213,NA,N,0,0,276
3124,1,0.881973,212,3269,N,1.66666666666667,0,276
2734,2,0.8237295,198,3124,N,3.33333333333333,0,276
2574,3,0.75300525,181,2734,N,5,0,276
2618,4,0.7405245,178,2574,N,6.66666666666667,0,276
3016,5,0.93605625,225,2618,N,8.33333333333333,0,276
2637,6,0.8403705,202,3016,N,10,0,276
2842,7,0.798768,192,2637,N,11.6666666666667,0,276
4748,8,0.915255,220,2842,N,13.3333333333333,0,276
5781,9,0.96101775,231,4748,N,15,0,276
4506,10,1.081665,260,5781,N,16.6666666666667,0,276
4671,11,0.99846,240,4506,N,18.3333333333333,0,276
4574,12,1.21063275,291,4671,N,20,0,276
4858,13,1.23559425,297,4574,N,21.6666666666667,0,276
5137,14,1.20231225,289,4858,N,23.3333333333333,0,276
5180,15,1.2064725,290,5137,N,25,0,276
7307,16,1.3396005,322,5180,N,26.6666666666667,0,276
9222,17,1.730664,416,7307,N,28.3333333333333,0,276
8026,18,1.56009375,375,9222,N,30,0,276
6279,19,1.67658075,403,8026,N,31.6666666666667,0,276
7274,20,0.71140275,171,6279,Y,33.3333333333333,1,276
6283,21,0.87781275,211,7274,N,35,1,276
6769,22,0.88613325,213,6283,N,36.6666666666667,1,276
7833,23,0.915255,220,6769,N,38.3333333333333,1,276
9958,24,1.0733445,258,7833,N,40,1,276
11030,25,1.06918425,257,9958,N,41.6666666666667,1,276
8644,26,1.18567125,285,11030,N,43.3333333333333,1,276
10406,27,1.2231135,294,8644,N,45,1,276
8857,28,1.4394465,346,10406,N,46.6666666666667,1,276
10357,29,1.481049,356,8857,N,48.3333333333333,1,276
8891,30,0.76132575,183,10357,Y,50,2,276
11519,31,0.70308225,169,8891,N,51.6666666666667,2,276
12529,32,0.83621025,201,11519,N,53.3333333333333,2,276
3781,0,0.8902935,214,NA,N,0,0,277
3917,1,0.682281,164,3781,N,1.66666666666667,0,277
3475,2,0.898614,216,3917,N,3.33333333333333,0,277
3630,3,0.96933825,233,3475,N,5,0,277
3497,4,1.02758175,247,3630,N,6.66666666666667,0,277
4034,5,0.9901395,238,3497,N,8.33333333333333,0,277
3686,6,1.01094075,243,4034,N,10,0,277
3969,7,1.06918425,257,3686,N,11.6666666666667,0,277
5860,8,1.1399085,274,3969,N,13.3333333333333,0,277
6044,9,1.24391475,299,5860,N,15,0,277
5192,10,1.32711975,319,6044,N,16.6666666666667,0,277
5618,11,1.4228055,342,5192,N,18.3333333333333,0,277
5255,12,1.397844,336,5618,N,20,0,277
5710,13,1.65993975,399,5255,N,21.6666666666667,0,277
5859,14,1.431126,344,5710,N,23.3333333333333,0,277
5889,15,1.43528625,345,5859,N,25,0,277
7674,16,1.697382,408,5889,N,26.6666666666667,0,277
9738,17,1.6724205,402,7674,N,28.3333333333333,0,277
8335,18,1.5892155,382,9738,N,30,0,277
6634,19,0.83205,200,8335,Y,31.6666666666667,1,277
7636,20,0.91941525,221,6634,N,33.3333333333333,1,277
6846,21,0.981819,236,7636,N,35,1,277
7043,22,1.1565495,278,6846,N,36.6666666666667,1,277
8221,23,0.97765875,235,7043,N,38.3333333333333,1,277
10545,24,1.065024,256,8221,N,40,1,277
11275,25,1.01094075,243,10545,N,41.6666666666667,1,277
9676,26,1.10246625,265,11275,N,43.3333333333333,1,277
11362,27,1.16070975,279,9676,N,45,1,277
3781,0,0.8902935,214,NA,N,0,0,278
3917,1,0.682281,164,3781,N,1.66666666666667,0,278
3475,2,0.898614,216,3917,N,3.33333333333333,0,278
3630,3,0.96933825,233,3475,N,5,0,278
3497,4,1.02758175,247,3630,N,6.66666666666667,0,278
4034,5,0.9901395,238,3497,N,8.33333333333333,0,278
3686,6,1.01094075,243,4034,N,10,0,278
3969,7,1.06918425,257,3686,N,11.6666666666667,0,278
5860,8,1.1399085,274,3969,N,13.3333333333333,0,278
6044,9,1.24391475,299,5860,N,15,0,278
5192,10,1.32711975,319,6044,N,16.6666666666667,0,278
5618,11,1.4228055,342,5192,N,18.3333333333333,0,278
5255,12,1.397844,336,5618,N,20,0,278
5710,13,1.65993975,399,5255,N,21.6666666666667,0,278
5859,14,1.431126,344,5710,N,23.3333333333333,0,278
5889,15,1.43528625,345,5859,N,25,0,278
7674,16,1.697382,408,5889,N,26.6666666666667,0,278
9738,17,1.6724205,402,7674,N,28.3333333333333,0,278
8335,18,1.5892155,382,9738,N,30,0,278
6635,19,0.83205,200,8335,Y,31.6666666666667,1,278
7638,20,0.9069345,218,6635,N,33.3333333333333,1,278
6847,21,1.015101,244,7638,N,35,1,278
7044,22,1.12742775,271,6847,N,36.6666666666667,1,278
8223,23,1.131588,272,7044,N,38.3333333333333,1,278
10547,24,1.3229595,318,8223,N,40,1,278
11276,25,1.364562,328,10547,N,41.6666666666667,1,278
9679,26,1.3895235,334,11276,N,43.3333333333333,1,278
11363,27,1.3229595,318,9679,N,45,1,278
9321,28,1.4727285,354,11363,N,46.6666666666667,1,278
10739,29,1.680741,404,9321,N,48.3333333333333,1,278
9511,30,1.730664,416,10739,N,50,1,278
12572,32,0.915255,220,9511,Y,53.3333333333333,2,278
11906,33,1.04422275,251,12572,N,55,2,278
11954,34,1.1066265,266,11906,N,56.6666666666667,2,278
13918,35,0.9402165,226,11954,N,58.3333333333333,2,278
14550,36,1.0899855,262,13918,N,60,2,278
13419,37,1.098306,264,14550,N,61.6666666666667,2,278
3785,0,1.02758175,247,NA,N,0,0,279
3920,1,1.06086375,255,3785,N,1.66666666666667,0,279
3479,2,1.19399175,287,3920,N,3.33333333333333,0,279
3632,3,1.0567035,254,3479,N,5,0,279
3502,4,1.0067805,242,3632,N,6.66666666666667,0,279
4035,5,1.23559425,297,3502,N,8.33333333333333,0,279
3687,6,1.081665,260,4035,N,10,0,279
3970,7,1.198152,288,3687,N,11.6666666666667,0,279
5864,8,1.24391475,299,3970,N,13.3333333333333,0,279
6045,9,1.25223525,301,5864,N,15,0,279
5201,10,1.381203,332,6045,N,16.6666666666667,0,279
5621,11,1.35208125,325,5201,N,18.3333333333333,0,279
5260,12,1.41864525,341,5621,N,20,0,279
5713,13,1.647459,396,5260,N,21.6666666666667,0,279
5862,14,1.43528625,345,5713,N,23.3333333333333,0,279
5896,15,1.59337575,383,5862,N,25,0,279
7677,16,1.697382,408,5896,N,26.6666666666667,0,279
9740,17,1.880433,452,7677,N,28.3333333333333,0,279
8336,18,1.863792,448,9740,N,30,0,279
6636,19,1.447767,348,8336,N,31.6666666666667,0,279
7640,20,0.82788975,199,6636,Y,33.3333333333333,1,279
6849,21,1.0400625,250,7640,N,35,1,279
7045,22,1.15238925,277,6849,N,36.6666666666667,1,279
8227,23,0.93605625,225,7045,N,38.3333333333333,1,279
10551,24,0.95269725,229,8227,N,40,1,279
11277,25,0.898614,216,10551,N,41.6666666666667,1,279
9683,26,1.01094075,243,11277,N,43.3333333333333,1,279
11365,27,1.02758175,247,9683,N,45,1,279
9324,28,1.19399175,287,11365,N,46.6666666666667,1,279
10740,29,1.15238925,277,9324,N,48.3333333333333,1,279
9514,30,1.3063185,314,10740,N,50,1,279
11563,31,1.41864525,341,9514,N,51.6666666666667,1,279
12769,32,1.40200425,337,11563,N,53.3333333333333,1,279
12245,33,0.931896,224,12769,Y,55,2,279
12374,34,0.981819,236,12245,N,56.6666666666667,2,279
13726,35,0.931896,224,12374,N,58.3333333333333,2,279
14397,36,1.048383,252,13726,N,60,2,279
13116,37,1.15238925,277,14397,N,61.6666666666667,2,279
3785,0,1.02758175,247,NA,N,0,0,280
3920,1,1.06086375,255,3785,N,1.66666666666667,0,280
3479,2,1.19399175,287,3920,N,3.33333333333333,0,280
3632,3,1.0567035,254,3479,N,5,0,280
3502,4,1.0067805,242,3632,N,6.66666666666667,0,280
4035,5,1.23559425,297,3502,N,8.33333333333333,0,280
3687,6,1.081665,260,4035,N,10,0,280
3970,7,1.198152,288,3687,N,11.6666666666667,0,280
5864,8,1.24391475,299,3970,N,13.3333333333333,0,280
6045,9,1.25223525,301,5864,N,15,0,280
5201,10,1.381203,332,6045,N,16.6666666666667,0,280
5621,11,1.35208125,325,5201,N,18.3333333333333,0,280
5260,12,1.41864525,341,5621,N,20,0,280
5713,13,1.647459,396,5260,N,21.6666666666667,0,280
5862,14,1.43528625,345,5713,N,23.3333333333333,0,280
5896,15,1.59337575,383,5862,N,25,0,280
7677,16,1.697382,408,5896,N,26.6666666666667,0,280
9740,17,1.880433,452,7677,N,28.3333333333333,0,280
8336,18,1.863792,448,9740,N,30,0,280
6636,19,1.447767,348,8336,N,31.6666666666667,0,280
7642,20,0.8902935,214,6636,Y,33.3333333333333,1,280
6851,21,1.08582525,261,7642,N,35,1,280
7046,22,1.10246625,265,6851,N,36.6666666666667,1,280
8225,23,1.01094075,243,7046,N,38.3333333333333,1,280
10549,24,1.00262025,241,8225,N,40,1,280
11278,25,0.90277425,217,10549,N,41.6666666666667,1,280
9685,26,1.16487,280,11278,N,43.3333333333333,1,280
11366,27,1.0899855,262,9685,N,45,1,280
9327,28,1.07750475,259,11366,N,46.6666666666667,1,280
10741,29,1.21895325,293,9327,N,48.3333333333333,1,280
9516,30,1.248075,300,10741,N,50,1,280
11564,31,1.3396005,322,9516,N,51.6666666666667,1,280
12771,32,0.5741145,138,11564,Y,53.3333333333333,2,280
3274,0,0.7904475,190,NA,N,0,0,281
3128,1,0.79460775,191,3274,N,1.66666666666667,0,281
2739,2,0.815409,196,3128,N,3.33333333333333,0,281
2576,3,0.9568575,230,2739,N,5,0,281
2627,4,0.8736525,210,2576,N,6.66666666666667,0,281
3020,5,1.03590225,249,2627,N,8.33333333333333,0,281
2639,6,1.03590225,249,3020,N,10,0,281
2847,7,1.02758175,247,2639,N,11.6666666666667,0,281
4753,8,1.198152,288,2847,N,13.3333333333333,0,281
5783,9,1.214793,292,4753,N,15,0,281
4508,10,1.20231225,289,5783,N,16.6666666666667,0,281
4674,11,1.214793,292,4508,N,18.3333333333333,0,281
4577,12,1.214793,292,4674,N,20,0,281
4864,13,1.347921,324,4577,N,21.6666666666667,0,281
5144,14,1.3562415,326,4864,N,23.3333333333333,0,281
5185,15,1.381203,332,5144,N,25,0,281
7309,16,1.51017075,363,5185,N,26.6666666666667,0,281
9230,17,1.630818,392,7309,N,28.3333333333333,0,281
8030,18,1.5392925,370,9230,N,30,0,281
6289,19,0.94437675,227,8030,Y,31.6666666666667,1,281
7286,20,0.931896,224,6289,N,33.3333333333333,1,281
6425,21,1.081665,260,7286,N,35,1,281
6839,22,1.015101,244,6425,N,36.6666666666667,1,281
7908,23,1.04422275,251,6839,N,38.3333333333333,1,281
9999,24,0.948537,228,7908,N,40,1,281
11200,25,0.8736525,210,9999,N,41.6666666666667,1,281
9551,26,0.94437675,227,11200,N,43.3333333333333,1,281
3274,0,0.7904475,190,NA,N,0,0,282
3128,1,0.79460775,191,3274,N,1.66666666666667,0,282
2739,2,0.815409,196,3128,N,3.33333333333333,0,282
2576,3,0.9568575,230,2739,N,5,0,282
2627,4,0.8736525,210,2576,N,6.66666666666667,0,282
3020,5,1.03590225,249,2627,N,8.33333333333333,0,282
2639,6,1.03590225,249,3020,N,10,0,282
2847,7,1.02758175,247,2639,N,11.6666666666667,0,282
4753,8,1.198152,288,2847,N,13.3333333333333,0,282
5783,9,1.214793,292,4753,N,15,0,282
4508,10,1.20231225,289,5783,N,16.6666666666667,0,282
4674,11,1.214793,292,4508,N,18.3333333333333,0,282
4577,12,1.214793,292,4674,N,20,0,282
4864,13,1.347921,324,4577,N,21.6666666666667,0,282
5144,14,1.3562415,326,4864,N,23.3333333333333,0,282
5185,15,1.381203,332,5144,N,25,0,282
7309,16,1.51017075,363,5185,N,26.6666666666667,0,282
9230,17,1.630818,392,7309,N,28.3333333333333,0,282
8030,18,1.5392925,370,9230,N,30,0,282
6287,19,0.86949225,209,8030,Y,31.6666666666667,1,282
7284,20,0.865332,208,6287,N,33.3333333333333,1,282
6368,21,0.96101775,231,7284,N,35,1,282
6772,22,1.24391475,299,6368,N,36.6666666666667,1,282
7838,23,1.03590225,249,6772,N,38.3333333333333,1,282
9961,24,0.99429975,239,7838,N,40,1,282
11033,25,1.15238925,277,9961,N,41.6666666666667,1,282
8652,26,1.1565495,278,11033,N,43.3333333333333,1,282
10413,27,1.114947,268,8652,N,45,1,282
9254,28,0.6240375,150,10413,Y,46.6666666666667,2,282
10705,29,0.65315925,157,9254,N,48.3333333333333,2,282
9227,30,0.75300525,181,10705,N,50,2,282
2763,0,1.381203,332,NA,N,0,0,283
2400,1,1.547613,372,2763,N,1.66666666666667,0,283
2398,2,0.765486,184,2400,Y,3.33333333333333,1,283
2328,3,0.80292825,193,2398,N,5,1,283
2267,4,0.782127,188,2328,N,6.66666666666667,1,283
2684,5,0.881973,212,2267,N,8.33333333333333,1,283
2326,6,0.865332,208,2684,N,10,1,283
2410,7,0.915255,220,2326,N,11.6666666666667,1,283
4123,8,0.94437675,227,2410,N,13.3333333333333,1,283
4108,9,0.95269725,229,4123,N,15,1,283
4250,10,0.99846,240,4108,N,16.6666666666667,1,283
4251,11,1.0234215,246,4250,N,18.3333333333333,1,283
4389,12,1.031742,248,4251,N,20,1,283
4469,13,1.33544025,321,4389,N,21.6666666666667,1,283
4465,14,1.264716,304,4469,N,23.3333333333333,1,283
4704,15,1.08582525,261,4465,N,25,1,283
7142,16,1.13574825,273,4704,N,26.6666666666667,1,283
8552,17,1.181511,284,7142,N,28.3333333333333,1,283
7856,18,1.264716,304,8552,N,30,1,283
6175,19,1.41864525,341,7856,N,31.6666666666667,1,283
7130,20,1.51849125,365,6175,N,33.3333333333333,1,283
6091,21,1.547613,372,7130,N,35,1,283
6664,22,1.6724205,402,6091,N,36.6666666666667,1,283
7725,23,1.75146525,421,6664,N,38.3333333333333,1,283
9860,24,1.75978575,423,7725,N,40,1,283
10931,25,1.97611875,475,9860,N,41.6666666666667,1,283
8447,26,1.7223435,414,10931,N,43.3333333333333,1,283
10776,27,0.81956925,197,8447,Y,45,2,283
8985,28,0.898614,216,10776,N,46.6666666666667,2,283
10541,29,0.9901395,238,8985,N,48.3333333333333,2,283
9357,30,1.05254325,253,10541,N,50,2,283
12606,32,1.16903025,281,9357,N,53.3333333333333,2,283
11982,33,1.16487,280,12606,N,55,2,283
12040,34,1.24391475,299,11982,N,56.6666666666667,2,283
13479,35,1.580895,380,12040,N,58.3333333333333,2,283
14264,36,1.28551725,309,13479,N,60,2,283
12976,37,1.614177,388,14264,N,61.6666666666667,2,283
3280,0,1.114947,268,NA,N,0,0,284
3132,1,1.08582525,261,3280,N,1.66666666666667,0,284
2743,2,1.13574825,273,3132,N,3.33333333333333,0,284
2581,3,1.20231225,289,2743,N,5,0,284
2634,4,1.24391475,299,2581,N,6.66666666666667,0,284
3042,5,1.30215825,313,2634,N,8.33333333333333,0,284
2648,6,1.4061645,338,3042,N,10,0,284
2852,7,1.50185025,361,2648,N,11.6666666666667,0,284
4761,8,0.77796675,187,2852,Y,13.3333333333333,1,284
5790,9,0.782127,188,4761,N,15,1,284
4510,10,0.9235755,222,5790,N,16.6666666666667,1,284
4689,11,1.0234215,246,4510,N,18.3333333333333,1,284
4580,12,0.93605625,225,4689,N,20,1,284
4868,13,1.0400625,250,4580,N,21.6666666666667,1,284
5152,14,0.9901395,238,4868,N,23.3333333333333,1,284
5191,15,1.131588,272,5152,N,25,1,284
7311,16,1.081665,260,5191,N,26.6666666666667,1,284
9234,17,1.297998,312,7311,N,28.3333333333333,1,284
8032,18,1.2563955,302,9234,N,30,1,284
6291,19,1.16903025,281,8032,N,31.6666666666667,1,284
7288,20,1.51017075,363,6291,N,33.3333333333333,1,284
6370,21,0.76132575,183,7288,Y,35,2,284
6774,22,0.881973,212,6370,N,36.6666666666667,2,284
7842,23,0.815409,196,6774,N,38.3333333333333,2,284
9963,24,0.90277425,217,7842,N,40,2,284
11035,25,0.92773575,223,9963,N,41.6666666666667,2,284
8665,26,0.92773575,223,11035,N,43.3333333333333,2,284
10420,27,0.91109475,219,8665,N,45,2,284
10374,29,1.00262025,241,10420,N,48.3333333333333,2,284
8918,30,1.02758175,247,10374,N,50,2,284
12233,33,1.33544025,321,8918,N,55,2,284
12362,34,1.414485,340,12233,N,56.6666666666667,2,284
13694,35,1.4560875,350,12362,N,58.3333333333333,2,284
14380,36,0.67812075,163,13694,Y,60,3,284
3794,0,1.530972,368,NA,N,0,0,285
3928,1,1.5392925,370,3794,N,1.66666666666667,0,285
3494,2,0.765486,184,3928,Y,3.33333333333333,1,285
3634,3,0.68644125,165,3494,N,5,1,285
3509,4,0.732204,176,3634,N,6.66666666666667,1,285
4037,5,0.7571655,182,3509,N,8.33333333333333,1,285
3689,6,0.76964625,185,4037,N,10,1,285
3971,7,0.78628725,189,3689,N,11.6666666666667,1,285
5887,8,0.84453075,203,3971,N,13.3333333333333,1,285
6046,9,0.78628725,189,5887,N,15,1,285
5208,10,0.96101775,231,6046,N,16.6666666666667,1,285
5624,11,0.9235755,222,5208,N,18.3333333333333,1,285
5265,12,0.94437675,227,5624,N,20,1,285
5725,13,0.99429975,239,5265,N,21.6666666666667,1,285
5865,14,0.98597925,237,5725,N,23.3333333333333,1,285
5900,15,0.97765875,235,5865,N,25,1,285
7679,16,1.015101,244,5900,N,26.6666666666667,1,285
9742,17,0.96933825,233,7679,N,28.3333333333333,1,285
8337,18,1.06918425,257,9742,N,30,1,285
6637,19,1.114947,268,8337,N,31.6666666666667,1,285
7643,20,1.20231225,289,6637,N,33.3333333333333,1,285
6854,21,1.13574825,273,7643,N,35,1,285
7048,22,1.22727375,295,6854,N,36.6666666666667,1,285
3284,0,1.13574825,273,NA,N,0,0,286
3136,1,1.14406875,275,3284,N,1.66666666666667,0,286
2748,2,1.2896775,310,3136,N,3.33333333333333,0,286
2590,3,1.414485,340,2748,N,5,0,286
3053,5,1.75978575,423,2590,N,8.33333333333333,0,286
2652,6,1.6391385,394,3053,N,10,0,286
2859,7,1.7889075,430,2652,N,11.6666666666667,0,286
4766,8,1.6557795,398,2859,N,13.3333333333333,0,286
5793,9,0.86117175,207,4766,Y,15,1,286
4517,10,0.898614,216,5793,N,16.6666666666667,1,286
4699,11,0.91941525,221,4517,N,18.3333333333333,1,286
4586,12,0.865332,208,4699,N,20,1,286
4882,13,0.9901395,238,4586,N,21.6666666666667,1,286
5170,14,0.99846,240,4882,N,23.3333333333333,1,286
5221,15,1.07750475,259,5170,N,25,1,286
7320,16,1.12742775,271,5221,N,26.6666666666667,1,286
9253,17,1.25223525,301,7320,N,28.3333333333333,1,286
8039,18,1.464408,352,9253,N,30,1,286
6298,19,1.397844,336,8039,N,31.6666666666667,1,286
7296,20,1.6224975,390,6298,N,33.3333333333333,1,286
6375,21,1.38536325,333,7296,N,35,1,286
6782,22,1.5559335,374,6375,N,36.6666666666667,1,286
7852,23,0.78628725,189,6782,Y,38.3333333333333,2,286
9969,24,0.782127,188,7852,N,40,2,286
11042,25,0.81956925,197,9969,N,41.6666666666667,2,286
8686,26,0.81956925,197,11042,N,43.3333333333333,2,286
10434,27,0.86117175,207,8686,N,45,2,286
3284,0,1.13574825,273,NA,N,0,0,287
3136,1,1.14406875,275,3284,N,1.66666666666667,0,287
2748,2,1.2896775,310,3136,N,3.33333333333333,0,287
2590,3,1.414485,340,2748,N,5,0,287
3053,5,1.75978575,423,2590,N,8.33333333333333,0,287
2652,6,1.6391385,394,3053,N,10,0,287
2859,7,1.7889075,430,2652,N,11.6666666666667,0,287
4766,8,1.6557795,398,2859,N,13.3333333333333,0,287
5792,9,0.76964625,185,4766,Y,15,1,287
4513,10,0.798768,192,5792,N,16.6666666666667,1,287
4695,11,0.86117175,207,4513,N,18.3333333333333,1,287
4584,12,1.01926125,245,4695,N,20,1,287
4876,13,0.97765875,235,4584,N,21.6666666666667,1,287
5167,14,0.90277425,217,4876,N,23.3333333333333,1,287
5215,15,1.00262025,241,5167,N,25,1,287
7318,16,1.04422275,251,5215,N,26.6666666666667,1,287
9249,17,1.015101,244,7318,N,28.3333333333333,1,287
8037,18,1.35208125,325,9249,N,30,1,287
6295,19,1.2064725,290,8037,N,31.6666666666667,1,287
7293,20,1.198152,288,6295,N,33.3333333333333,1,287
6373,21,1.22727375,295,7293,N,35,1,287
6780,22,1.16070975,279,6373,N,36.6666666666667,1,287
7851,23,1.31879925,317,6780,N,38.3333333333333,1,287
9968,24,1.680741,404,7851,N,40,1,287
11040,25,0.81124875,195,9968,Y,41.6666666666667,2,287
8683,26,0.77796675,187,11040,N,43.3333333333333,2,287
10432,27,0.77796675,187,8683,N,45,2,287
10390,29,0.6906015,166,10432,N,48.3333333333333,2,287
8931,30,1.0234215,246,10390,N,50,2,287
12544,32,0.99429975,239,8931,N,53.3333333333333,2,287
11863,33,0.99846,240,12544,N,55,2,287
11904,34,0.981819,236,11863,N,56.6666666666667,2,287
13379,35,1.098306,264,11904,N,58.3333333333333,2,287
14203,36,1.231434,296,13379,N,60,2,287
12921,37,1.43528625,345,14203,N,61.6666666666667,2,287
3798,0,1.01926125,245,NA,N,0,0,288
3930,1,0.99429975,239,3798,N,1.66666666666667,0,288
3500,2,1.1232675,270,3930,N,3.33333333333333,0,288
3637,3,1.13574825,273,3500,N,5,0,288
3517,4,1.148229,276,3637,N,6.66666666666667,0,288
4038,5,1.2563955,302,3517,N,8.33333333333333,0,288
3691,6,1.12742775,271,4038,N,10,0,288
3972,7,1.43528625,345,3691,N,11.6666666666667,0,288
5891,8,1.297998,312,3972,N,13.3333333333333,0,288
6047,9,1.3895235,334,5891,N,15,0,288
5217,10,1.481049,356,6047,N,16.6666666666667,0,288
5629,11,1.564254,376,5217,N,18.3333333333333,0,288
5272,12,1.37704275,331,5629,N,20,0,288
5728,13,1.81802925,437,5272,N,21.6666666666667,0,288
5867,14,1.63497825,393,5728,N,23.3333333333333,0,288
5907,15,0.715563,172,5867,Y,25,1,288
7681,16,0.8736525,210,5907,N,26.6666666666667,1,288
9744,17,1.01926125,245,7681,N,28.3333333333333,1,288
8338,18,0.94437675,227,9744,N,30,1,288
3798,0,1.01926125,245,NA,N,0,0,289
3930,1,0.99429975,239,3798,N,1.66666666666667,0,289
3500,2,1.1232675,270,3930,N,3.33333333333333,0,289
3637,3,1.13574825,273,3500,N,5,0,289
3517,4,1.148229,276,3637,N,6.66666666666667,0,289
4038,5,1.2563955,302,3517,N,8.33333333333333,0,289
3691,6,1.12742775,271,4038,N,10,0,289
3972,7,1.43528625,345,3691,N,11.6666666666667,0,289
5891,8,1.297998,312,3972,N,13.3333333333333,0,289
6047,9,1.3895235,334,5891,N,15,0,289
5217,10,1.481049,356,6047,N,16.6666666666667,0,289
5629,11,1.564254,376,5217,N,18.3333333333333,0,289
5272,12,1.37704275,331,5629,N,20,0,289
5728,13,1.81802925,437,5272,N,21.6666666666667,0,289
5867,14,1.63497825,393,5728,N,23.3333333333333,0,289
5910,15,0.8403705,202,5867,Y,25,1,289
7682,16,0.82788975,199,5910,N,26.6666666666667,1,289
9746,17,1.0899855,262,7682,N,28.3333333333333,1,289
8339,18,1.06086375,255,9746,N,30,1,289
6638,19,1.1731905,282,8339,N,31.6666666666667,1,289
7647,20,1.16070975,279,6638,N,33.3333333333333,1,289
6856,21,1.397844,336,7647,N,35,1,289
7049,22,1.65161925,397,6856,N,36.6666666666667,1,289
8232,23,1.34376075,323,7049,N,38.3333333333333,1,289
10555,24,1.70986275,411,8232,N,40,1,289
11281,25,1.530972,368,10555,N,41.6666666666667,1,289
9691,26,1.53513225,369,11281,N,43.3333333333333,1,289
11368,27,1.57673475,379,9691,N,45,1,289
9333,28,0.87781275,211,11368,Y,46.6666666666667,2,289
10742,29,0.8902935,214,9333,N,48.3333333333333,2,289
9522,30,1.0567035,254,10742,N,50,2,289
11568,31,1.16070975,279,9522,N,51.6666666666667,2,289
12774,32,1.26055575,303,11568,N,53.3333333333333,2,289
12249,33,1.2896775,310,12774,N,55,2,289
12378,34,1.564254,376,12249,N,56.6666666666667,2,289
13736,35,1.59337575,383,12378,N,58.3333333333333,2,289
14402,36,1.50185025,361,13736,N,60,2,289
13119,37,0.81124875,195,14402,Y,61.6666666666667,3,289
3289,0,0.88613325,213,NA,N,0,0,290
3146,1,0.848691,204,3289,N,1.66666666666667,0,290
2754,2,0.95269725,229,3146,N,3.33333333333333,0,290
2593,3,0.97765875,235,2754,N,5,0,290
2642,4,0.91941525,221,2593,N,6.66666666666667,0,290
3058,5,0.97765875,235,2642,N,8.33333333333333,0,290
2661,6,0.965178,232,3058,N,10,0,290
2865,7,1.09414575,263,2661,N,11.6666666666667,0,290
4771,8,1.16070975,279,2865,N,13.3333333333333,0,290
5794,9,1.07750475,259,4771,N,15,0,290
4519,10,1.1898315,286,5794,N,16.6666666666667,0,290
4706,11,1.297998,312,4519,N,18.3333333333333,0,290
4590,12,1.39368375,335,4706,N,20,0,290
4888,13,1.50185025,361,4590,N,21.6666666666667,0,290
5177,14,1.46856825,353,4888,N,23.3333333333333,0,290
5237,15,1.614177,388,5177,N,25,0,290
7323,16,0.6406785,154,5237,Y,26.6666666666667,1,290
9258,17,0.7238835,174,7323,N,28.3333333333333,1,290
8289,18,0.99429975,239,9258,N,30,1,290
6536,19,0.79460775,191,8289,N,31.6666666666667,1,290
7540,20,0.8736525,210,6536,N,33.3333333333333,1,290
6733,21,0.99846,240,7540,N,35,1,290
6987,22,1.048383,252,6733,N,36.6666666666667,1,290
8130,23,1.04422275,251,6987,N,38.3333333333333,1,290
10339,24,1.1731905,282,8130,N,40,1,290
11218,25,1.10246625,265,10339,N,41.6666666666667,1,290
9543,26,1.181511,284,11218,N,43.3333333333333,1,290
11306,27,1.49352975,359,9543,N,45,1,290
9187,28,1.364562,328,11306,N,46.6666666666667,1,290
10681,29,1.3562415,326,9187,N,48.3333333333333,1,290
9374,30,1.5892155,382,10681,N,50,1,290
11498,31,1.65161925,397,9374,N,51.6666666666667,1,290
12702,32,0.9568575,230,11498,Y,53.3333333333333,2,290
12154,33,0.96933825,233,12702,N,55,2,290
12305,34,0.97765875,235,12154,N,56.6666666666667,2,290
14091,35,0.9402165,226,12305,N,58.3333333333333,2,290
14665,36,1.01094075,243,14091,N,60,2,290
13653,37,0.86117175,207,14665,N,61.6666666666667,2,290
3289,0,0.88613325,213,NA,N,0,0,291
3146,1,0.848691,204,3289,N,1.66666666666667,0,291
2754,2,0.95269725,229,3146,N,3.33333333333333,0,291
2593,3,0.97765875,235,2754,N,5,0,291
2642,4,0.91941525,221,2593,N,6.66666666666667,0,291
3058,5,0.97765875,235,2642,N,8.33333333333333,0,291
2661,6,0.965178,232,3058,N,10,0,291
2865,7,1.09414575,263,2661,N,11.6666666666667,0,291
4771,8,1.16070975,279,2865,N,13.3333333333333,0,291
5794,9,1.07750475,259,4771,N,15,0,291
4519,10,1.1898315,286,5794,N,16.6666666666667,0,291
4706,11,1.297998,312,4519,N,18.3333333333333,0,291
4590,12,1.39368375,335,4706,N,20,0,291
4888,13,1.50185025,361,4590,N,21.6666666666667,0,291
5177,14,1.46856825,353,4888,N,23.3333333333333,0,291
5237,15,1.614177,388,5177,N,25,0,291
7325,16,0.765486,184,5237,Y,26.6666666666667,1,291
9261,17,0.77796675,187,7325,N,28.3333333333333,1,291
8043,18,0.91109475,219,9261,N,30,1,291
6301,19,0.948537,228,8043,N,31.6666666666667,1,291
7302,20,0.8237295,198,6301,N,33.3333333333333,1,291
6380,21,1.1399085,274,7302,N,35,1,291
6788,22,1.11910725,269,6380,N,36.6666666666667,1,291
7857,23,0.97765875,235,6788,N,38.3333333333333,1,291
9972,24,1.03590225,249,7857,N,40,1,291
11045,25,1.1066265,266,9972,N,41.6666666666667,1,291
8695,26,1.17735075,283,11045,N,43.3333333333333,1,291
10443,27,1.347921,324,8695,N,45,1,291
8869,28,1.37704275,331,10443,N,46.6666666666667,1,291
10398,29,1.51849125,365,8869,N,48.3333333333333,1,291
8940,30,1.464408,352,10398,N,50,1,291
11531,31,1.381203,332,8940,N,51.6666666666667,1,291
12548,32,1.61833725,389,11531,N,53.3333333333333,1,291
11866,33,0.7571655,182,12548,Y,55,2,291
11914,34,0.81124875,195,11866,N,56.6666666666667,2,291
13901,35,0.8403705,202,11914,N,58.3333333333333,2,291
14532,36,0.8902935,214,13901,N,60,2,291
13378,37,1.015101,244,14532,N,61.6666666666667,2,291
3801,0,0.9069345,218,NA,N,0,0,292
3933,1,0.9901395,238,3801,N,1.66666666666667,0,292
3505,2,0.981819,236,3933,N,3.33333333333333,0,292
3639,3,1.03590225,249,3505,N,5,0,292
3522,4,1.07750475,259,3639,N,6.66666666666667,0,292
4039,5,1.0567035,254,3522,N,8.33333333333333,0,292
3693,6,1.214793,292,4039,N,10,0,292
3973,7,1.364562,328,3693,N,11.6666666666667,0,292
5893,8,1.28551725,309,3973,N,13.3333333333333,0,292
6048,9,1.42696575,343,5893,N,15,0,292
5226,10,1.397844,336,6048,N,16.6666666666667,0,292
5633,11,1.46024775,351,5226,N,18.3333333333333,0,292
5282,12,1.43528625,345,5633,N,20,0,292
5731,13,1.547613,372,5282,N,21.6666666666667,0,292
5871,14,0.64483875,155,5731,Y,23.3333333333333,1,292
5916,15,0.78628725,189,5871,N,25,1,292
7684,16,0.798768,192,5916,N,26.6666666666667,1,292
9750,17,0.848691,204,7684,N,28.3333333333333,1,292
8341,18,0.86949225,209,9750,N,30,1,292
6640,19,0.96101775,231,8341,N,31.6666666666667,1,292
7651,20,1.098306,264,6640,N,33.3333333333333,1,292
6861,21,0.9402165,226,7651,N,35,1,292
7051,22,0.881973,212,6861,N,36.6666666666667,1,292
8235,23,0.99846,240,7051,N,38.3333333333333,1,292
10559,24,1.181511,284,8235,N,40,1,292
11282,25,1.10246625,265,10559,N,41.6666666666667,1,292
9702,26,1.19399175,287,11282,N,43.3333333333333,1,292
11369,27,1.32711975,319,9702,N,45,1,292
10743,29,1.82634975,439,11369,N,48.3333333333333,1,292
9526,30,1.80138825,433,10743,N,50,1,292
3801,0,0.9069345,218,NA,N,0,0,293
3933,1,0.9901395,238,3801,N,1.66666666666667,0,293
3505,2,0.981819,236,3933,N,3.33333333333333,0,293
3639,3,1.03590225,249,3505,N,5,0,293
3522,4,1.07750475,259,3639,N,6.66666666666667,0,293
4039,5,1.0567035,254,3522,N,8.33333333333333,0,293
3693,6,1.214793,292,4039,N,10,0,293
3973,7,1.364562,328,3693,N,11.6666666666667,0,293
5893,8,1.28551725,309,3973,N,13.3333333333333,0,293
6048,9,1.42696575,343,5893,N,15,0,293
5226,10,1.397844,336,6048,N,16.6666666666667,0,293
5633,11,1.46024775,351,5226,N,18.3333333333333,0,293
5282,12,1.43528625,345,5633,N,20,0,293
5731,13,1.547613,372,5282,N,21.6666666666667,0,293
5870,14,0.8736525,210,5731,Y,23.3333333333333,1,293
5913,15,0.91109475,219,5870,N,25,1,293
7683,16,0.9235755,222,5913,N,26.6666666666667,1,293
9748,17,0.98597925,237,7683,N,28.3333333333333,1,293
8340,18,1.1399085,274,9748,N,30,1,293
6639,19,1.12742775,271,8340,N,31.6666666666667,1,293
7649,20,1.12742775,271,6639,N,33.3333333333333,1,293
6858,21,1.0567035,254,7649,N,35,1,293
7050,22,1.2896775,310,6858,N,36.6666666666667,1,293
8233,23,1.3063185,314,7050,N,38.3333333333333,1,293
10557,24,1.25223525,301,8233,N,40,1,293
9693,26,1.36040175,327,10557,N,43.3333333333333,1,293
10767,27,1.381203,332,9693,N,45,1,293
9524,30,1.031742,248,10767,Y,50,2,293
3293,0,0.71140275,171,NA,N,0,0,294
3149,1,0.74468475,179,3293,N,1.66666666666667,0,294
2760,2,0.83205,200,3149,N,3.33333333333333,0,294
2597,3,0.782127,188,2760,N,5,0,294
2644,4,0.748845,180,2597,N,6.66666666666667,0,294
3061,5,0.9235755,222,2644,N,8.33333333333333,0,294
2665,6,0.83205,200,3061,N,10,0,294
2869,7,0.86949225,209,2665,N,11.6666666666667,0,294
4794,8,0.95269725,229,2869,N,13.3333333333333,0,294
5796,9,0.8403705,202,4794,N,15,0,294
4523,10,1.02758175,247,5796,N,16.6666666666667,0,294
4710,11,0.9568575,230,4523,N,18.3333333333333,0,294
4593,12,1.24391475,299,4710,N,20,0,294
4897,13,1.20231225,289,4593,N,21.6666666666667,0,294
5183,14,1.231434,296,4897,N,23.3333333333333,0,294
5243,15,1.3396005,322,5183,N,25,0,294
7327,16,1.2563955,302,5243,N,26.6666666666667,0,294
9265,17,1.6224975,390,7327,N,28.3333333333333,0,294
8045,18,1.5060105,362,9265,N,30,0,294
6303,19,1.73482425,417,8045,N,31.6666666666667,0,294
7304,20,1.381203,332,6303,N,33.3333333333333,0,294
6381,21,0.8570115,206,7304,Y,35,1,294
6790,22,0.948537,228,6381,N,36.6666666666667,1,294
3297,0,0.92773575,223,NA,N,0,0,295
3152,1,0.91109475,219,3297,N,1.66666666666667,0,295
2766,2,0.915255,220,3152,N,3.33333333333333,0,295
2600,3,0.89445375,215,2766,N,5,0,295
2645,4,0.96933825,233,2600,N,6.66666666666667,0,295
3065,5,0.94437675,227,2645,N,8.33333333333333,0,295
2668,6,0.92773575,223,3065,N,10,0,295
2874,7,1.031742,248,2668,N,11.6666666666667,0,295
4804,8,1.12742775,271,2874,N,13.3333333333333,0,295
5797,9,1.23559425,297,4804,N,15,0,295
4526,10,1.381203,332,5797,N,16.6666666666667,0,295
4715,11,1.46856825,353,4526,N,18.3333333333333,0,295
4596,12,1.33544025,321,4715,N,20,0,295
4904,13,1.5060105,362,4596,N,21.6666666666667,0,295
5193,14,0.7405245,178,4904,Y,23.3333333333333,1,295
3810,0,1.148229,276,NA,N,0,0,296
3938,1,1.2730365,306,3810,N,1.66666666666667,0,296
3515,2,1.27719675,307,3938,N,3.33333333333333,0,296
3641,3,1.431126,344,3515,N,5,0,296
3533,4,1.264716,304,3641,N,6.66666666666667,0,296
4041,5,1.41864525,341,3533,N,8.33333333333333,0,296
3696,6,1.49769,360,4041,N,10,0,296
3975,7,1.49769,360,3696,N,11.6666666666667,0,296
5899,8,1.5892155,382,3975,N,13.3333333333333,0,296
6050,9,1.47688875,355,5899,N,15,0,296
5245,10,0.9901395,238,6050,Y,16.6666666666667,1,296
5645,11,0.89445375,215,5245,N,18.3333333333333,1,296
5297,12,0.92773575,223,5645,N,20,1,296
5737,13,1.3229595,318,5297,N,21.6666666666667,1,296
5876,14,1.00262025,241,5737,N,23.3333333333333,1,296
5921,15,1.0400625,250,5876,N,25,1,296
7686,16,1.09414575,263,5921,N,26.6666666666667,1,296
9754,17,1.13574825,273,7686,N,28.3333333333333,1,296
8343,18,1.2064725,290,9754,N,30,1,296
6642,19,1.06086375,255,8343,N,31.6666666666667,1,296
7655,20,1.42696575,343,6642,N,33.3333333333333,1,296
6866,21,1.66826025,401,7655,N,35,1,296
7053,22,1.8887535,454,6866,N,36.6666666666667,1,296
8241,23,1.68490125,405,7053,N,38.3333333333333,1,296
10564,24,1.780587,428,8241,N,40,1,296
11285,25,1.56009375,375,10564,N,41.6666666666667,1,296
9709,26,1.90123425,457,11285,N,43.3333333333333,1,296
11372,27,0.83621025,201,9709,Y,45,2,296
9337,28,0.682281,164,11372,N,46.6666666666667,2,296
3810,0,1.148229,276,NA,N,0,0,297
3938,1,1.2730365,306,3810,N,1.66666666666667,0,297
3515,2,1.27719675,307,3938,N,3.33333333333333,0,297
3641,3,1.431126,344,3515,N,5,0,297
3533,4,1.264716,304,3641,N,6.66666666666667,0,297
4041,5,1.41864525,341,3533,N,8.33333333333333,0,297
3696,6,1.49769,360,4041,N,10,0,297
3975,7,1.49769,360,3696,N,11.6666666666667,0,297
5899,8,1.5892155,382,3975,N,13.3333333333333,0,297
6050,9,1.47688875,355,5899,N,15,0,297
5239,10,0.8736525,210,6050,Y,16.6666666666667,1,297
5642,11,0.76964625,185,5239,N,18.3333333333333,1,297
5292,12,0.915255,220,5642,N,20,1,297
5734,13,1.1399085,274,5292,N,21.6666666666667,1,297
5873,14,1.04422275,251,5734,N,23.3333333333333,1,297
5918,15,0.9901395,238,5873,N,25,1,297
7685,16,1.13574825,273,5918,N,26.6666666666667,1,297
9752,17,1.06918425,257,7685,N,28.3333333333333,1,297
8342,18,1.12742775,271,9752,N,30,1,297
6641,19,0.981819,236,8342,N,31.6666666666667,1,297
7653,20,1.21895325,293,6641,N,33.3333333333333,1,297
6863,21,1.42696575,343,7653,N,35,1,297
7052,22,1.7556255,422,6863,N,36.6666666666667,1,297
8239,23,1.62665775,391,7052,N,38.3333333333333,1,297
10562,24,1.56841425,377,8239,N,40,1,297
11284,25,0.68644125,165,10562,Y,41.6666666666667,2,297
9706,26,0.78628725,189,11284,N,43.3333333333333,2,297
11371,27,0.80292825,193,9706,N,45,2,297
9336,28,0.7238835,174,11371,N,46.6666666666667,2,297
10744,29,0.83205,200,9336,N,48.3333333333333,2,297
9528,30,0.93605625,225,10744,N,50,2,297
11569,31,1.0733445,258,9528,N,51.6666666666667,2,297
12777,32,1.098306,264,11569,N,53.3333333333333,2,297
12253,33,1.26887625,305,12777,N,55,2,297
12381,34,1.34376075,323,12253,N,56.6666666666667,2,297
14202,35,1.34376075,323,12381,N,58.3333333333333,2,297
14722,36,1.29383775,311,14202,N,60,2,297
13773,37,0.60323625,145,14722,Y,61.6666666666667,3,297
2788,0,0.87781275,211,NA,N,0,0,298
2420,1,0.865332,208,2788,N,1.66666666666667,0,298
2423,2,0.90277425,217,2420,N,3.33333333333333,0,298
2343,3,0.948537,228,2423,N,5,0,298
2342,4,0.98597925,237,2343,N,6.66666666666667,0,298
2702,5,0.931896,224,2342,N,8.33333333333333,0,298
2333,6,0.99846,240,2702,N,10,0,298
2440,7,1.0567035,254,2333,N,11.6666666666667,0,298
4131,8,1.24391475,299,2440,N,13.3333333333333,0,298
4111,9,1.364562,328,4131,N,15,0,298
4260,10,1.25223525,301,4111,N,16.6666666666667,0,298
4263,11,1.32711975,319,4260,N,18.3333333333333,0,298
4410,12,1.41864525,341,4263,N,20,0,298
4483,13,1.5060105,362,4410,N,21.6666666666667,0,298
4479,14,1.4394465,346,4483,N,23.3333333333333,0,298
4798,15,1.614177,388,4479,N,25,0,298
7151,16,0.85285125,205,4798,Y,26.6666666666667,1,298
8626,17,0.9069345,218,7151,N,28.3333333333333,1,298
7865,18,0.98597925,237,8626,N,30,1,298
6186,19,0.91941525,221,7865,N,31.6666666666667,1,298
7143,20,0.981819,236,6186,N,33.3333333333333,1,298
6097,21,0.94437675,227,7143,N,35,1,298
6670,22,1.13574825,273,6097,N,36.6666666666667,1,298
7731,23,1.198152,288,6670,N,38.3333333333333,1,298
9867,24,1.3063185,314,7731,N,40,1,298
10938,25,1.4893695,358,9867,N,41.6666666666667,1,298
8454,26,1.50185025,361,10938,N,43.3333333333333,1,298
10175,27,1.4893695,358,8454,N,45,1,298
9195,28,0.8902935,214,10175,Y,46.6666666666667,2,298
10684,29,1.081665,260,9195,N,48.3333333333333,2,298
2788,0,0.87781275,211,NA,N,0,0,299
2420,1,0.865332,208,2788,N,1.66666666666667,0,299
2423,2,0.90277425,217,2420,N,3.33333333333333,0,299
2343,3,0.948537,228,2423,N,5,0,299
2342,4,0.98597925,237,2343,N,6.66666666666667,0,299
2702,5,0.931896,224,2342,N,8.33333333333333,0,299
2333,6,0.99846,240,2702,N,10,0,299
2440,7,1.0567035,254,2333,N,11.6666666666667,0,299
4131,8,1.24391475,299,2440,N,13.3333333333333,0,299
4111,9,1.364562,328,4131,N,15,0,299
4260,10,1.25223525,301,4111,N,16.6666666666667,0,299
4263,11,1.32711975,319,4260,N,18.3333333333333,0,299
4410,12,1.41864525,341,4263,N,20,0,299
4483,13,1.5060105,362,4410,N,21.6666666666667,0,299
4479,14,1.4394465,346,4483,N,23.3333333333333,0,299
4798,15,1.614177,388,4479,N,25,0,299
7153,16,0.76132575,183,4798,Y,26.6666666666667,1,299
8630,17,0.85285125,205,7153,N,28.3333333333333,1,299
7867,18,0.9734985,234,8630,N,30,1,299
6188,19,1.01094075,243,7867,N,31.6666666666667,1,299
7145,20,1.02758175,247,6188,N,33.3333333333333,1,299
6098,21,1.07750475,259,7145,N,35,1,299
6671,22,1.09414575,263,6098,N,36.6666666666667,1,299
7733,23,1.06086375,255,6671,N,38.3333333333333,1,299
9869,24,1.0733445,258,7733,N,40,1,299
10939,25,1.1731905,282,9869,N,41.6666666666667,1,299
8455,26,1.297998,312,10939,N,43.3333333333333,1,299
10463,27,1.364562,328,8455,N,45,1,299
9811,29,1.23559425,297,10463,N,48.3333333333333,1,299
9359,30,0.90277425,217,9811,Y,50,2,299
3813,0,0.90277425,217,NA,N,0,0,300
3941,1,0.931896,224,3813,N,1.66666666666667,0,300
3520,2,0.97765875,235,3941,N,3.33333333333333,0,300
3644,3,0.92773575,223,3520,N,5,0,300
3538,4,0.9734985,234,3644,N,6.66666666666667,0,300
4042,5,1.03590225,249,3538,N,8.33333333333333,0,300
3697,6,1.16487,280,4042,N,10,0,300
3976,7,1.11078675,267,3697,N,11.6666666666667,0,300
5903,8,1.131588,272,3976,N,13.3333333333333,0,300
6051,9,1.12742775,271,5903,N,15,0,300
5254,10,1.27719675,307,6051,N,16.6666666666667,0,300
5649,11,1.27719675,307,5254,N,18.3333333333333,0,300
5305,12,1.21895325,293,5649,N,20,0,300
5742,13,1.64329875,395,5305,N,21.6666666666667,0,300
5880,14,1.30215825,313,5742,N,23.3333333333333,0,300
5925,15,1.3895235,334,5880,N,25,0,300
7687,16,1.50185025,361,5925,N,26.6666666666667,0,300
9755,17,1.92619575,463,7687,N,28.3333333333333,0,300
8344,18,1.71818325,413,9755,N,30,0,300
6643,19,1.65993975,399,8344,N,31.6666666666667,0,300
7659,20,0.7405245,178,6643,Y,33.3333333333333,1,300
6869,21,1.02758175,247,7659,N,35,1,300
7055,22,1.20231225,289,6869,N,36.6666666666667,1,300
8243,23,1.00262025,241,7055,N,38.3333333333333,1,300
10566,24,1.03590225,249,8243,N,40,1,300
11286,25,0.965178,232,10566,N,41.6666666666667,1,300
9711,26,1.10246625,265,11286,N,43.3333333333333,1,300
11374,27,1.01926125,245,9711,N,45,1,300
9341,28,0.99846,240,11374,N,46.6666666666667,1,300
10746,29,1.12742775,271,9341,N,48.3333333333333,1,300
9532,30,1.21063275,291,10746,N,50,1,300
11571,31,1.1066265,266,9532,N,51.6666666666667,1,300
12779,32,1.281357,308,11571,N,53.3333333333333,1,300
12256,33,1.364562,328,12779,N,55,1,300
12383,34,1.39368375,335,12256,N,56.6666666666667,1,300
14206,35,1.3728825,330,12383,N,58.3333333333333,1,300
14724,36,1.36872225,329,14206,N,60,1,300
13777,37,1.547613,372,14724,N,61.6666666666667,1,300
2792,0,1.0400625,250,NA,N,0,0,301
2432,1,1.0733445,258,2792,N,1.66666666666667,0,301
2441,2,1.2064725,290,2432,N,3.33333333333333,0,301
2348,3,1.21895325,293,2441,N,5,0,301
2346,4,1.2397545,298,2348,N,6.66666666666667,0,301
2711,5,1.46856825,353,2346,N,8.33333333333333,0,301
2336,6,1.43528625,345,2711,N,10,0,301
2476,7,1.55177325,373,2336,N,11.6666666666667,0,301
4133,8,1.62665775,391,2476,N,13.3333333333333,0,301
4112,9,1.63497825,393,4133,N,15,0,301
4265,10,0.881973,212,4112,Y,16.6666666666667,1,301
4268,11,0.90277425,217,4265,N,18.3333333333333,1,301
4418,12,0.93605625,225,4268,N,20,1,301
4498,13,0.94437675,227,4418,N,21.6666666666667,1,301
2792,0,1.0400625,250,NA,N,0,0,302
2432,1,1.0733445,258,2792,N,1.66666666666667,0,302
2441,2,1.2064725,290,2432,N,3.33333333333333,0,302
2348,3,1.21895325,293,2441,N,5,0,302
2346,4,1.2397545,298,2348,N,6.66666666666667,0,302
2711,5,1.46856825,353,2346,N,8.33333333333333,0,302
2336,6,1.43528625,345,2711,N,10,0,302
2476,7,1.55177325,373,2336,N,11.6666666666667,0,302
4133,8,1.62665775,391,2476,N,13.3333333333333,0,302
4112,9,1.63497825,393,4133,N,15,0,302
4262,10,0.73636425,177,4112,Y,16.6666666666667,1,302
4266,11,0.9069345,218,4262,N,18.3333333333333,1,302
4414,12,0.97765875,235,4266,N,20,1,302
4488,13,0.9734985,234,4414,N,21.6666666666667,1,302
4481,14,1.065024,256,4488,N,23.3333333333333,1,302
4803,15,1.04422275,251,4481,N,25,1,302
7155,16,1.06918425,257,4803,N,26.6666666666667,1,302
8632,17,1.11078675,267,7155,N,28.3333333333333,1,302
7869,18,1.22727375,295,8632,N,30,1,302
6189,19,1.364562,328,7869,N,31.6666666666667,1,302
7148,20,1.35208125,325,6189,N,33.3333333333333,1,302
6099,21,1.730664,416,7148,N,35,1,302
6672,22,1.863792,448,6099,N,36.6666666666667,1,302
7734,23,0.9069345,218,6672,Y,38.3333333333333,2,302
9870,24,0.915255,220,7734,N,40,2,302
10940,25,0.915255,220,9870,N,41.6666666666667,2,302
8456,26,1.04422275,251,10940,N,43.3333333333333,2,302
10238,27,1.00262025,241,8456,N,45,2,302
3307,0,1.48520925,357,NA,N,0,0,303
3161,1,1.47688875,355,3307,N,1.66666666666667,0,303
2778,2,0.732204,176,3161,Y,3.33333333333333,1,303
2607,3,0.67812075,163,2778,N,5,1,303
2685,4,0.77796675,187,2607,N,6.66666666666667,1,303
3069,5,0.93605625,225,2685,N,8.33333333333333,1,303
2672,6,0.931896,224,3069,N,10,1,303
2880,7,0.9901395,238,2672,N,11.6666666666667,1,303
4814,8,1.05254325,253,2880,N,13.3333333333333,1,303
5799,9,1.048383,252,4814,N,15,1,303
4530,10,1.11078675,267,5799,N,16.6666666666667,1,303
4721,11,0.99846,240,4530,N,18.3333333333333,1,303
4597,12,0.99846,240,4721,N,20,1,303
4908,13,1.30215825,313,4597,N,21.6666666666667,1,303
5199,14,1.17735075,283,4908,N,23.3333333333333,1,303
5252,15,1.1232675,270,5199,N,25,1,303
7331,16,1.24391475,299,5252,N,26.6666666666667,1,303
9272,17,1.35208125,325,7331,N,28.3333333333333,1,303
8049,18,1.3396005,322,9272,N,30,1,303
6307,19,1.40200425,337,8049,N,31.6666666666667,1,303
7308,20,1.2397545,298,6307,N,33.3333333333333,1,303
3819,0,0.9235755,222,NA,N,0,0,304
3943,1,1.0400625,250,3819,N,1.66666666666667,0,304
3525,2,0.981819,236,3943,N,3.33333333333333,0,304
3646,3,0.965178,232,3525,N,5,0,304
3540,4,1.09414575,263,3646,N,6.66666666666667,0,304
4043,5,1.18567125,285,3540,N,8.33333333333333,0,304
3699,6,1.41864525,341,4043,N,10,0,304
3977,7,1.41032475,339,3699,N,11.6666666666667,0,304
5905,8,1.43528625,345,3977,N,13.3333333333333,0,304
6052,9,1.45192725,349,5905,N,15,0,304
5262,10,1.51017075,363,6052,N,16.6666666666667,0,304
5653,11,1.52681175,367,5262,N,18.3333333333333,0,304
5314,12,1.54345275,371,5653,N,20,0,304
5746,13,1.86795225,449,5314,N,21.6666666666667,0,304
5883,14,0.88613325,213,5746,Y,23.3333333333333,1,304
3819,0,0.9235755,222,NA,N,0,0,305
3943,1,1.0400625,250,3819,N,1.66666666666667,0,305
3525,2,0.981819,236,3943,N,3.33333333333333,0,305
3646,3,0.965178,232,3525,N,5,0,305
3540,4,1.09414575,263,3646,N,6.66666666666667,0,305
4043,5,1.18567125,285,3540,N,8.33333333333333,0,305
3699,6,1.41864525,341,4043,N,10,0,305
3977,7,1.41032475,339,3699,N,11.6666666666667,0,305
5905,8,1.43528625,345,3977,N,13.3333333333333,0,305
6052,9,1.45192725,349,5905,N,15,0,305
5262,10,1.51017075,363,6052,N,16.6666666666667,0,305
5653,11,1.52681175,367,5262,N,18.3333333333333,0,305
5314,12,1.54345275,371,5653,N,20,0,305
5746,13,1.86795225,449,5314,N,21.6666666666667,0,305
5881,14,0.8070885,194,5746,Y,23.3333333333333,1,305
5927,15,0.90277425,217,5881,N,25,1,305
7688,16,0.98597925,237,5927,N,26.6666666666667,1,305
9756,17,0.9901395,238,7688,N,28.3333333333333,1,305
8345,18,0.9568575,230,9756,N,30,1,305
6644,19,0.92773575,223,8345,N,31.6666666666667,1,305
7661,20,0.965178,232,6644,N,33.3333333333333,1,305
6871,21,1.0733445,258,7661,N,35,1,305
7056,22,1.16903025,281,6871,N,36.6666666666667,1,305
8245,23,1.2064725,290,7056,N,38.3333333333333,1,305
10568,24,1.19399175,287,8245,N,40,1,305
11287,25,1.31879925,317,10568,N,41.6666666666667,1,305
9713,26,1.26055575,303,11287,N,43.3333333333333,1,305
11375,27,1.34376075,323,9713,N,45,1,305
9343,28,1.3063185,314,11375,N,46.6666666666667,1,305
10747,29,1.49769,360,9343,N,48.3333333333333,1,305
9534,30,1.70154225,409,10747,N,50,1,305
11572,31,1.39368375,335,9534,N,51.6666666666667,1,305
12781,32,0.86949225,209,11572,Y,53.3333333333333,2,305
12260,33,0.965178,232,12781,N,55,2,305
12385,34,0.9568575,230,12260,N,56.6666666666667,2,305
13739,35,1.0899855,262,12385,N,58.3333333333333,2,305
14404,36,1.08582525,261,13739,N,60,2,305
13121,37,0.99846,240,14404,N,61.6666666666667,2,305
3822,0,1.048383,252,NA,N,0,0,306
3946,1,0.89445375,215,3822,N,1.66666666666667,0,306
3531,2,1.1232675,270,3946,N,3.33333333333333,0,306
3648,3,1.06086375,255,3531,N,5,0,306
3548,4,1.131588,272,3648,N,6.66666666666667,0,306
4044,5,1.231434,296,3548,N,8.33333333333333,0,306
3700,6,1.24391475,299,4044,N,10,0,306
3979,7,1.2563955,302,3700,N,11.6666666666667,0,306
5909,8,1.2563955,302,3979,N,13.3333333333333,0,306
6053,9,1.26055575,303,5909,N,15,0,306
5268,10,1.564254,376,6053,N,16.6666666666667,0,306
5656,11,1.630818,392,5268,N,18.3333333333333,0,306
5324,12,1.614177,388,5656,N,20,0,306
5749,13,1.90955475,459,5324,N,21.6666666666667,0,306
5885,14,0.78628725,189,5749,Y,23.3333333333333,1,306
5931,15,0.81124875,195,5885,N,25,1,306
7691,16,0.85285125,205,5931,N,26.6666666666667,1,306
9759,17,0.881973,212,7691,N,28.3333333333333,1,306
8348,18,0.91941525,221,9759,N,30,1,306
6646,19,0.9734985,234,8348,N,31.6666666666667,1,306
7665,20,0.9568575,230,6646,N,33.3333333333333,1,306
6875,21,1.00262025,241,7665,N,35,1,306
7058,22,1.2231135,294,6875,N,36.6666666666667,1,306
8252,23,1.56841425,377,7058,N,38.3333333333333,1,306
10576,24,1.26055575,303,8252,N,40,1,306
11289,25,0.6739605,162,10576,Y,41.6666666666667,2,306
9717,26,0.70308225,169,11289,N,43.3333333333333,2,306
3822,0,1.048383,252,NA,N,0,0,307
3946,1,0.89445375,215,3822,N,1.66666666666667,0,307
3531,2,1.1232675,270,3946,N,3.33333333333333,0,307
3648,3,1.06086375,255,3531,N,5,0,307
3548,4,1.131588,272,3648,N,6.66666666666667,0,307
4044,5,1.231434,296,3548,N,8.33333333333333,0,307
3700,6,1.24391475,299,4044,N,10,0,307
3979,7,1.2563955,302,3700,N,11.6666666666667,0,307
5909,8,1.2563955,302,3979,N,13.3333333333333,0,307
6053,9,1.26055575,303,5909,N,15,0,307
5268,10,1.564254,376,6053,N,16.6666666666667,0,307
5656,11,1.630818,392,5268,N,18.3333333333333,0,307
5324,12,1.614177,388,5656,N,20,0,307
5749,13,1.90955475,459,5324,N,21.6666666666667,0,307
5888,14,0.95269725,229,5749,Y,23.3333333333333,1,307
5930,15,0.89445375,215,5888,N,25,1,307
7690,16,1.00262025,241,5930,N,26.6666666666667,1,307
9758,17,0.8902935,214,7690,N,28.3333333333333,1,307
8347,18,0.9402165,226,9758,N,30,1,307
6647,19,1.00262025,241,8347,N,31.6666666666667,1,307
7667,20,1.06086375,255,6647,N,33.3333333333333,1,307
6877,21,1.1232675,270,7667,N,35,1,307
7059,22,1.22727375,295,6877,N,36.6666666666667,1,307
8249,23,1.264716,304,7059,N,38.3333333333333,1,307
10573,24,1.45192725,349,8249,N,40,1,307
11290,25,1.630818,392,10573,N,41.6666666666667,1,307
9720,26,1.481049,356,11290,N,43.3333333333333,1,307
11378,27,1.980279,476,9720,N,45,1,307
9345,28,1.59337575,383,11378,N,46.6666666666667,1,307
10749,29,1.780587,428,9345,N,48.3333333333333,1,307
9538,30,0.97765875,235,10749,Y,50,2,307
12784,32,0.95269725,229,9538,N,53.3333333333333,2,307
12265,33,0.96101775,231,12784,N,55,2,307
12388,34,0.948537,228,12265,N,56.6666666666667,2,307
13746,35,0.85285125,205,12388,N,58.3333333333333,2,307
14408,36,0.92773575,223,13746,N,60,2,307
13125,37,0.815409,196,14408,N,61.6666666666667,2,307
2799,0,0.848691,204,NA,N,0,0,308
2434,1,0.93605625,225,2799,N,1.66666666666667,0,308
2445,2,0.931896,224,2434,N,3.33333333333333,0,308
2372,3,1.015101,244,2445,N,5,0,308
2349,4,1.20231225,289,2372,N,6.66666666666667,0,308
2732,5,1.21063275,291,2349,N,8.33333333333333,0,308
2345,6,1.231434,296,2732,N,10,0,308
2484,7,1.148229,276,2345,N,11.6666666666667,0,308
4135,8,1.21895325,293,2484,N,13.3333333333333,0,308
4113,9,1.514331,364,4135,N,15,0,308
4270,10,1.44360675,347,4113,N,16.6666666666667,0,308
4272,11,0.748845,180,4270,Y,18.3333333333333,1,308
4420,12,0.68644125,165,4272,N,20,1,308
4520,13,0.61155675,147,4420,N,21.6666666666667,1,308
4484,14,0.68644125,165,4520,N,23.3333333333333,1,308
4808,15,0.7072425,170,4484,N,25,1,308
7156,16,0.67812075,163,4808,N,26.6666666666667,1,308
8634,17,0.78628725,189,7156,N,28.3333333333333,1,308
7871,18,0.86117175,207,8634,N,30,1,308
6190,19,0.87781275,211,7871,N,31.6666666666667,1,308
7150,20,0.97765875,235,6190,N,33.3333333333333,1,308
6101,21,1.048383,252,7150,N,35,1,308
6673,22,1.1898315,286,6101,N,36.6666666666667,1,308
7735,23,1.31047875,315,6673,N,38.3333333333333,1,308
9871,24,0.5741145,138,7735,Y,40,2,308
9753,26,0.63651825,153,9871,N,43.3333333333333,2,308
2799,0,0.848691,204,NA,N,0,0,309
2434,1,0.93605625,225,2799,N,1.66666666666667,0,309
2445,2,0.931896,224,2434,N,3.33333333333333,0,309
2372,3,1.015101,244,2445,N,5,0,309
2349,4,1.20231225,289,2372,N,6.66666666666667,0,309
2732,5,1.21063275,291,2349,N,8.33333333333333,0,309
2345,6,1.231434,296,2732,N,10,0,309
2484,7,1.148229,276,2345,N,11.6666666666667,0,309
4135,8,1.21895325,293,2484,N,13.3333333333333,0,309
4113,9,1.514331,364,4135,N,15,0,309
4270,10,1.44360675,347,4113,N,16.6666666666667,0,309
4275,11,0.86949225,209,4270,Y,18.3333333333333,1,309
4423,12,0.732204,176,4275,N,20,1,309
4524,13,0.90277425,217,4423,N,21.6666666666667,1,309
4486,14,0.8736525,210,4524,N,23.3333333333333,1,309
4813,15,0.91109475,219,4486,N,25,1,309
7158,16,0.91109475,219,4813,N,26.6666666666667,1,309
8636,17,0.981819,236,7158,N,28.3333333333333,1,309
7873,18,1.0234215,246,8636,N,30,1,309
6192,19,1.15238925,277,7873,N,31.6666666666667,1,309
7152,20,1.1232675,270,6192,N,33.3333333333333,1,309
6103,21,1.281357,308,7152,N,35,1,309
6674,22,1.20231225,289,6103,N,36.6666666666667,1,309
7736,23,1.381203,332,6674,N,38.3333333333333,1,309
9873,24,0.58659525,141,7736,Y,40,2,309
10942,25,0.682281,164,9873,N,41.6666666666667,2,309
8458,26,0.67812075,163,10942,N,43.3333333333333,2,309
10178,27,0.7238835,174,8458,N,45,2,309
3826,0,0.91941525,221,NA,N,0,0,310
3949,1,0.90277425,217,3826,N,1.66666666666667,0,310
3536,2,0.931896,224,3949,N,3.33333333333333,0,310
3650,3,1.01926125,245,3536,N,5,0,310
3553,4,0.99846,240,3650,N,6.66666666666667,0,310
4045,5,0.96101775,231,3553,N,8.33333333333333,0,310
3705,6,1.01926125,245,4045,N,10,0,310
3980,7,1.03590225,249,3705,N,11.6666666666667,0,310
5912,8,1.065024,256,3980,N,13.3333333333333,0,310
6054,9,1.18567125,285,5912,N,15,0,310
5276,10,1.131588,272,6054,N,16.6666666666667,0,310
5660,11,1.40200425,337,5276,N,18.3333333333333,0,310
5330,12,1.46024775,351,5660,N,20,0,310
5751,13,1.3396005,322,5330,N,21.6666666666667,0,310
5892,14,1.4560875,350,5751,N,23.3333333333333,0,310
5933,15,1.564254,376,5892,N,25,0,310
7694,16,1.46856825,353,5933,N,26.6666666666667,0,310
9760,17,1.6641,400,7694,N,28.3333333333333,0,310
8349,18,1.90123425,457,9760,N,30,0,310
6648,19,1.880433,452,8349,N,31.6666666666667,0,310
7671,20,1.8221895,438,6648,N,33.3333333333333,0,310
6879,21,1.67658075,403,7671,N,35,0,310
7061,22,0.9402165,226,6879,Y,36.6666666666667,1,310
8256,23,0.898614,216,7061,N,38.3333333333333,1,310
10584,24,0.87781275,211,8256,N,40,1,310
11294,25,0.95269725,229,10584,N,41.6666666666667,1,310
9731,26,1.015101,244,11294,N,43.3333333333333,1,310
11383,27,1.19399175,287,9731,N,45,1,310
2805,0,0.81956925,197,NA,N,0,0,311
2436,1,0.881973,212,2805,N,1.66666666666667,0,311
2446,2,0.8570115,206,2436,N,3.33333333333333,0,311
2378,3,0.8570115,206,2446,N,5,0,311
2363,4,0.95269725,229,2378,N,6.66666666666667,0,311
2737,5,0.92773575,223,2363,N,8.33333333333333,0,311
2350,6,0.9901395,238,2737,N,10,0,311
2488,7,1.114947,268,2350,N,11.6666666666667,0,311
4137,8,1.01094075,243,2488,N,13.3333333333333,0,311
4114,9,1.13574825,273,4137,N,15,0,311
4274,10,1.214793,292,4114,N,16.6666666666667,0,311
4279,11,1.214793,292,4274,N,18.3333333333333,0,311
4424,12,1.21063275,291,4279,N,20,0,311
4527,13,1.36040175,327,4424,N,21.6666666666667,0,311
4489,14,1.35208125,325,4527,N,23.3333333333333,0,311
4818,15,1.414485,340,4489,N,25,0,311
7160,16,1.5392925,370,4818,N,26.6666666666667,0,311
8638,17,1.68490125,405,7160,N,28.3333333333333,0,311
7877,18,0.82788975,199,8638,Y,30,1,311
6194,19,0.86117175,207,7877,N,31.6666666666667,1,311
7157,20,0.99846,240,6194,N,33.3333333333333,1,311
6107,21,0.948537,228,7157,N,35,1,311
6676,22,0.93605625,225,6107,N,36.6666666666667,1,311
7738,23,0.9069345,218,6676,N,38.3333333333333,1,311
9876,24,1.081665,260,7738,N,40,1,311
10944,25,1.114947,268,9876,N,41.6666666666667,1,311
8460,26,1.031742,248,10944,N,43.3333333333333,1,311
10186,27,1.15238925,277,8460,N,45,1,311
3319,0,0.92773575,223,NA,N,0,0,312
3176,1,1.07750475,259,3319,N,1.66666666666667,0,312
2791,2,1.148229,276,3176,N,3.33333333333333,0,312
2625,3,1.06086375,255,2791,N,5,0,312
2700,4,1.1898315,286,2625,N,6.66666666666667,0,312
3076,5,1.414485,340,2700,N,8.33333333333333,0,312
2682,6,1.5226515,366,3076,N,10,0,312
2890,7,1.42696575,343,2682,N,11.6666666666667,0,312
4836,8,1.7389845,418,2890,N,13.3333333333333,0,312
5802,9,0.61987725,149,4836,Y,15,1,312
4537,10,0.715563,172,5802,N,16.6666666666667,1,312
4730,11,0.698922,168,4537,N,18.3333333333333,1,312
4599,12,0.7571655,182,4730,N,20,1,312
4913,13,1.01094075,243,4599,N,21.6666666666667,1,312
5211,14,0.76132575,183,4913,N,23.3333333333333,1,312
5261,15,0.79460775,191,5211,N,25,1,312
7346,16,0.848691,204,5261,N,26.6666666666667,1,312
9278,17,0.865332,208,7346,N,28.3333333333333,1,312
8057,18,0.865332,208,9278,N,30,1,312
6311,19,0.79460775,191,8057,N,31.6666666666667,1,312
7312,20,1.01926125,245,6311,N,33.3333333333333,1,312
6386,21,1.1066265,266,7312,N,35,1,312
6797,22,1.16487,280,6386,N,36.6666666666667,1,312
7868,23,1.131588,272,6797,N,38.3333333333333,1,312
9977,24,1.26887625,305,7868,N,40,1,312
11049,25,1.24391475,299,9977,N,41.6666666666667,1,312
8706,26,1.30215825,313,11049,N,43.3333333333333,1,312
10456,27,1.248075,300,8706,N,45,1,312
8874,28,1.41864525,341,10456,N,46.6666666666667,1,312
10412,29,1.6058565,386,8874,N,48.3333333333333,1,312
8957,30,1.41032475,339,10412,N,50,1,312
11536,31,1.69322175,407,8957,N,51.6666666666667,1,312
12553,32,0.9235755,222,11536,Y,53.3333333333333,2,312
11874,33,0.91941525,221,12553,N,55,2,312
11921,34,1.11078675,267,11874,N,56.6666666666667,2,312
13390,35,1.10246625,265,11921,N,58.3333333333333,2,312
14212,36,1.1565495,278,13390,N,60,2,312
12927,37,1.16070975,279,14212,N,61.6666666666667,2,312
3319,0,0.92773575,223,NA,N,0,0,313
3176,1,1.07750475,259,3319,N,1.66666666666667,0,313
2791,2,1.148229,276,3176,N,3.33333333333333,0,313
2625,3,1.06086375,255,2791,N,5,0,313
2700,4,1.1898315,286,2625,N,6.66666666666667,0,313
3076,5,1.414485,340,2700,N,8.33333333333333,0,313
2682,6,1.5226515,366,3076,N,10,0,313
2890,7,1.42696575,343,2682,N,11.6666666666667,0,313
4836,8,1.7389845,418,2890,N,13.3333333333333,0,313
5804,9,0.8570115,206,4836,Y,15,1,313
4543,10,0.8570115,206,5804,N,16.6666666666667,1,313
4734,11,0.7904475,190,4543,N,18.3333333333333,1,313
4602,12,0.91109475,219,4734,N,20,1,313
4917,13,1.0899855,262,4602,N,21.6666666666667,1,313
5216,14,0.8902935,214,4917,N,23.3333333333333,1,313
5266,15,0.91941525,221,5216,N,25,1,313
7357,16,0.97765875,235,5266,N,26.6666666666667,1,313
9284,17,0.9901395,238,7357,N,28.3333333333333,1,313
8059,18,1.0400625,250,9284,N,30,1,313
6312,19,1.031742,248,8059,N,31.6666666666667,1,313
7314,20,1.264716,304,6312,N,33.3333333333333,1,313
6388,21,1.2730365,306,7314,N,35,1,313
6799,22,1.39368375,335,6388,N,36.6666666666667,1,313
7870,23,1.4061645,338,6799,N,38.3333333333333,1,313
9978,24,1.530972,368,7870,N,40,1,313
11050,25,1.49352975,359,9978,N,41.6666666666667,1,313
8712,26,1.56009375,375,11050,N,43.3333333333333,1,313
10460,27,0.81124875,195,8712,Y,45,2,313
8879,28,0.95269725,229,10460,N,46.6666666666667,2,313
10417,29,1.06086375,255,8879,N,48.3333333333333,2,313
8964,30,1.06918425,257,10417,N,50,2,313
11538,31,1.05254325,253,8964,N,51.6666666666667,2,313
12555,32,1.214793,292,11538,N,53.3333333333333,2,313
11876,33,1.2064725,290,12555,N,55,2,313
11923,34,1.16070975,279,11876,N,56.6666666666667,2,313
13394,35,1.31879925,317,11923,N,58.3333333333333,2,313
14216,36,1.31879925,317,13394,N,60,2,313
12929,37,1.39368375,335,14216,N,61.6666666666667,2,313
2815,0,1.048383,252,NA,N,0,0,314
2439,1,1.2563955,302,2815,N,1.66666666666667,0,314
2453,2,1.1399085,274,2439,N,3.33333333333333,0,314
2385,3,1.14406875,275,2453,N,5,0,314
2379,4,1.19399175,287,2385,N,6.66666666666667,0,314
2741,5,1.2231135,294,2379,N,8.33333333333333,0,314
2366,6,1.35208125,325,2741,N,10,0,314
2494,7,1.33128,320,2366,N,11.6666666666667,0,314
4139,8,1.32711975,319,2494,N,13.3333333333333,0,314
4116,9,1.547613,372,4139,N,15,0,314
4277,10,1.1898315,286,4116,N,16.6666666666667,0,314
4282,11,1.36872225,329,4277,N,18.3333333333333,0,314
4428,12,0.80292825,193,4282,Y,20,1,314
4531,13,0.981819,236,4428,N,21.6666666666667,1,314
4491,14,0.815409,196,4531,N,23.3333333333333,1,314
4826,15,0.84453075,203,4491,N,25,1,314
7164,16,0.9069345,218,4826,N,26.6666666666667,1,314
8640,17,1.065024,256,7164,N,28.3333333333333,1,314
7879,18,1.148229,276,8640,N,30,1,314
6196,19,1.34376075,323,7879,N,31.6666666666667,1,314
7159,20,1.2730365,306,6196,N,33.3333333333333,1,314
6109,21,1.73482425,417,7159,N,35,1,314
6677,22,1.83467025,441,6109,N,36.6666666666667,1,314
7740,23,0.6739605,162,6677,Y,38.3333333333333,2,314
9877,24,0.8403705,202,7740,N,40,2,314
10945,25,0.798768,192,9877,N,41.6666666666667,2,314
8496,26,0.83621025,201,10945,N,43.3333333333333,2,314
10188,27,0.77796675,187,8496,N,45,2,314
3839,0,1.03590225,249,NA,N,0,0,315
3955,1,1.05254325,253,3839,N,1.66666666666667,0,315
3547,2,1.1232675,270,3955,N,3.33333333333333,0,315
3652,3,1.0567035,254,3547,N,5,0,315
3558,4,1.2064725,290,3652,N,6.66666666666667,0,315
4046,5,1.3229595,318,3558,N,8.33333333333333,0,315
3708,6,1.364562,328,4046,N,10,0,315
3981,7,1.44360675,347,3708,N,11.6666666666667,0,315
5914,8,1.65161925,397,3981,N,13.3333333333333,0,315
6055,9,1.70154225,409,5914,N,15,0,315
5284,10,1.61001675,387,6055,N,16.6666666666667,0,315
5666,11,1.65161925,397,5284,N,18.3333333333333,0,315
5341,12,0.881973,212,5666,Y,20,1,315
5756,13,0.915255,220,5341,N,21.6666666666667,1,315
3839,0,1.03590225,249,NA,N,0,0,316
3955,1,1.05254325,253,3839,N,1.66666666666667,0,316
3547,2,1.1232675,270,3955,N,3.33333333333333,0,316
3652,3,1.0567035,254,3547,N,5,0,316
3558,4,1.2064725,290,3652,N,6.66666666666667,0,316
4046,5,1.3229595,318,3558,N,8.33333333333333,0,316
3708,6,1.364562,328,4046,N,10,0,316
3981,7,1.44360675,347,3708,N,11.6666666666667,0,316
5914,8,1.65161925,397,3981,N,13.3333333333333,0,316
6055,9,1.70154225,409,5914,N,15,0,316
5284,10,1.61001675,387,6055,N,16.6666666666667,0,316
5666,11,1.65161925,397,5284,N,18.3333333333333,0,316
5336,12,0.74468475,179,5666,Y,20,1,316
5753,13,0.86117175,207,5336,N,21.6666666666667,1,316
5898,14,0.881973,212,5753,N,23.3333333333333,1,316
5937,15,0.92773575,223,5898,N,25,1,316
7696,16,0.898614,216,5937,N,26.6666666666667,1,316
9762,17,0.9901395,238,7696,N,28.3333333333333,1,316
8351,18,1.0400625,250,9762,N,30,1,316
6650,19,1.1066265,266,8351,N,31.6666666666667,1,316
7675,20,1.29383775,311,6650,N,33.3333333333333,1,316
6884,21,1.37704275,331,7675,N,35,1,316
6776,22,1.131588,272,6884,N,36.6666666666667,1,316
7848,23,1.21895325,293,6776,N,38.3333333333333,1,316
9965,24,1.36872225,329,7848,N,40,1,316
11037,25,1.51849125,365,9965,N,41.6666666666667,1,316
8671,26,0.55331325,133,11037,Y,43.3333333333333,2,316
10426,27,0.67812075,163,8671,N,45,2,316
10380,29,0.94437675,227,10426,N,48.3333333333333,2,316
8923,30,0.89445375,215,10380,N,50,2,316
12541,32,0.69476175,167,8923,N,53.3333333333333,2,316
11860,33,0.8736525,210,12541,N,55,2,316
11899,34,0.92773575,223,11860,N,56.6666666666667,2,316
3329,0,0.84453075,203,NA,N,0,0,317
3192,1,0.81124875,195,3329,N,1.66666666666667,0,317
2803,2,0.8403705,202,3192,N,3.33333333333333,0,317
2795,3,0.898614,216,2803,N,5,0,317
2719,4,0.8570115,206,2795,N,6.66666666666667,0,317
3088,5,0.90277425,217,2719,N,8.33333333333333,0,317
2703,6,0.86949225,209,3088,N,10,0,317
2909,7,1.0067805,242,2703,N,11.6666666666667,0,317
4869,8,1.0067805,242,2909,N,13.3333333333333,0,317
5813,9,1.0733445,258,4869,N,15,0,317
4565,10,1.13574825,273,5813,N,16.6666666666667,0,317
4762,11,1.16070975,279,4565,N,18.3333333333333,0,317
4614,12,1.16070975,279,4762,N,20,0,317
4936,13,1.264716,304,4614,N,21.6666666666667,0,317
5248,14,1.3063185,314,4936,N,23.3333333333333,0,317
5295,15,1.23559425,297,5248,N,25,0,317
7372,16,1.3396005,322,5295,N,26.6666666666667,0,317
9302,17,1.381203,332,7372,N,28.3333333333333,0,317
8070,18,1.464408,352,9302,N,30,0,317
6322,19,1.54345275,371,8070,N,31.6666666666667,0,317
7324,20,1.630818,392,6322,N,33.3333333333333,0,317
6400,21,1.71818325,413,7324,N,35,0,317
6813,22,1.07750475,259,6400,Y,36.6666666666667,1,317
7882,23,1.015101,244,6813,N,38.3333333333333,1,317
9984,24,1.0234215,246,7882,N,40,1,317
11056,25,1.11910725,269,9984,N,41.6666666666667,1,317
8735,26,1.12742775,271,11056,N,43.3333333333333,1,317
10478,27,1.2231135,294,8735,N,45,1,317
8890,28,1.4061645,338,10478,N,46.6666666666667,1,317
10431,29,1.6557795,398,8890,N,48.3333333333333,1,317
8983,30,1.59337575,383,10431,N,50,1,317
11544,31,1.3229595,318,8983,N,51.6666666666667,1,317
12564,32,0.8237295,198,11544,Y,53.3333333333333,2,317
11884,33,0.9069345,218,12564,N,55,2,317
11935,34,1.0234215,246,11884,N,56.6666666666667,2,317
13403,35,0.948537,228,11935,N,58.3333333333333,2,317
14221,36,1.00262025,241,13403,N,60,2,317
12933,37,1.16487,280,14221,N,61.6666666666667,2,317
3329,0,0.84453075,203,NA,N,0,0,318
3192,1,0.81124875,195,3329,N,1.66666666666667,0,318
2803,2,0.8403705,202,3192,N,3.33333333333333,0,318
2795,3,0.898614,216,2803,N,5,0,318
2719,4,0.8570115,206,2795,N,6.66666666666667,0,318
3088,5,0.90277425,217,2719,N,8.33333333333333,0,318
2703,6,0.86949225,209,3088,N,10,0,318
2909,7,1.0067805,242,2703,N,11.6666666666667,0,318
4869,8,1.0067805,242,2909,N,13.3333333333333,0,318
5813,9,1.0733445,258,4869,N,15,0,318
4565,10,1.13574825,273,5813,N,16.6666666666667,0,318
4762,11,1.16070975,279,4565,N,18.3333333333333,0,318
4614,12,1.16070975,279,4762,N,20,0,318
4936,13,1.264716,304,4614,N,21.6666666666667,0,318
5248,14,1.3063185,314,4936,N,23.3333333333333,0,318
5295,15,1.23559425,297,5248,N,25,0,318
7372,16,1.3396005,322,5295,N,26.6666666666667,0,318
9302,17,1.381203,332,7372,N,28.3333333333333,0,318
8070,18,1.464408,352,9302,N,30,0,318
6322,19,1.54345275,371,8070,N,31.6666666666667,0,318
7324,20,1.630818,392,6322,N,33.3333333333333,0,318
6400,21,1.71818325,413,7324,N,35,0,318
6811,22,0.898614,216,6400,Y,36.6666666666667,1,318
7880,23,0.77796675,187,6811,N,38.3333333333333,1,318
9983,24,0.8902935,214,7880,N,40,1,318
11055,25,0.965178,232,9983,N,41.6666666666667,1,318
8731,26,0.9235755,222,11055,N,43.3333333333333,1,318
10475,27,0.90277425,217,8731,N,45,1,318
8887,28,1.18567125,285,10475,N,46.6666666666667,1,318
10427,29,1.32711975,319,8887,N,48.3333333333333,1,318
8977,30,1.49352975,359,10427,N,50,1,318
11558,31,0.815409,196,8977,Y,51.6666666666667,2,318
12580,32,0.9402165,226,11558,N,53.3333333333333,2,318
11933,33,0.90277425,217,12580,N,55,2,318
11983,34,0.9069345,218,11933,N,56.6666666666667,2,318
13923,35,0.8736525,210,11983,N,58.3333333333333,2,318
14556,36,0.93605625,225,13923,N,60,2,318
13429,37,1.0899855,262,14556,N,61.6666666666667,2,318
2820,0,0.76964625,185,NA,N,0,0,319
2620,1,0.881973,212,2820,N,1.66666666666667,0,319
2456,2,0.881973,212,2620,N,3.33333333333333,0,319
2391,3,0.78628725,189,2456,N,5,0,319
2383,4,0.8736525,210,2391,N,6.66666666666667,0,319
2745,5,0.80292825,193,2383,N,8.33333333333333,0,319
2368,6,0.765486,184,2745,N,10,0,319
2499,7,0.9402165,226,2368,N,11.6666666666667,0,319
4141,8,0.9069345,218,2499,N,13.3333333333333,0,319
4118,9,0.95269725,229,4141,N,15,0,319
4280,10,0.97765875,235,4118,N,16.6666666666667,0,319
4286,11,0.91941525,221,4280,N,18.3333333333333,0,319
4432,12,0.99846,240,4286,N,20,0,319
4534,13,1.0067805,242,4432,N,21.6666666666667,0,319
4494,14,0.915255,220,4534,N,23.3333333333333,0,319
4831,15,0.98597925,237,4494,N,25,0,319
7167,16,0.9901395,238,4831,N,26.6666666666667,0,319
8641,17,0.96101775,231,7167,N,28.3333333333333,0,319
7881,18,1.114947,268,8641,N,30,0,319
6197,19,1.1399085,274,7881,N,31.6666666666667,0,319
7161,20,1.248075,300,6197,N,33.3333333333333,0,319
6111,21,1.4560875,350,7161,N,35,0,319
6678,22,1.6058565,386,6111,N,36.6666666666667,0,319
7742,23,0.77796675,187,6678,Y,38.3333333333333,1,319
9879,24,0.83205,200,7742,N,40,1,319
10947,25,0.732204,176,9879,N,41.6666666666667,1,319
8500,26,0.8403705,202,10947,N,43.3333333333333,1,319
10193,27,0.7904475,190,8500,N,45,1,319
8518,28,0.9734985,234,10193,N,46.6666666666667,1,319
10126,29,1.03590225,249,8518,N,48.3333333333333,1,319
8654,30,1.08582525,261,10126,N,50,1,319
11451,31,1.0067805,242,8654,N,51.6666666666667,1,319
12458,32,1.11078675,267,11451,N,53.3333333333333,1,319
11679,33,1.3728825,330,12458,N,55,1,319
11737,34,0.76964625,185,11679,Y,56.6666666666667,2,319
13235,35,0.798768,192,11737,N,58.3333333333333,2,319
3845,0,1.4228055,342,NA,N,0,0,320
3957,1,1.580895,380,3845,N,1.66666666666667,0,320
3554,2,1.70986275,411,3957,N,3.33333333333333,0,320
3655,3,1.6557795,398,3554,N,5,0,320
3564,4,1.61001675,387,3655,N,6.66666666666667,0,320
4047,5,0.84453075,203,3564,Y,8.33333333333333,1,320
3711,6,0.8237295,198,4047,N,10,1,320
3983,7,0.83205,200,3711,N,11.6666666666667,1,320
5919,8,0.97765875,235,3983,N,13.3333333333333,1,320
6056,9,1.04422275,251,5919,N,15,1,320
5291,10,1.28551725,309,6056,N,16.6666666666667,1,320
5670,11,1.37704275,331,5291,N,18.3333333333333,1,320
3845,0,1.4228055,342,NA,N,0,0,321
3957,1,1.580895,380,3845,N,1.66666666666667,0,321
3554,2,1.70986275,411,3957,N,3.33333333333333,0,321
3655,3,1.6557795,398,3554,N,5,0,321
3564,4,1.61001675,387,3655,N,6.66666666666667,0,321
4048,5,0.7738065,186,3564,Y,8.33333333333333,1,321
3714,6,0.9235755,222,4048,N,10,1,321
3984,7,1.0567035,254,3714,N,11.6666666666667,1,321
5922,8,0.96933825,233,3984,N,13.3333333333333,1,321
6057,9,1.03590225,249,5922,N,15,1,321
4419,10,1.13574825,273,6057,N,16.6666666666667,1,321
4416,11,1.1066265,266,4419,N,18.3333333333333,1,321
4529,12,1.1731905,282,4416,N,20,1,321
4792,13,1.3562415,326,4529,N,21.6666666666667,1,321
4632,14,1.4061645,338,4792,N,23.3333333333333,1,321
7270,16,1.65161925,397,4632,N,26.6666666666667,1,321
8822,17,1.69322175,407,7270,N,28.3333333333333,1,321
7996,18,1.8388305,442,8822,N,30,1,321
6246,19,1.8388305,442,7996,N,31.6666666666667,1,321
7230,20,1.98443925,477,6246,N,33.3333333333333,1,321
6195,21,1.6224975,390,7230,N,35,1,321
6730,22,1.96779825,473,6195,N,36.6666666666667,1,321
7792,23,0.698922,168,6730,Y,38.3333333333333,2,321
9935,24,0.865332,208,7792,N,40,2,321
11007,25,0.9235755,222,9935,N,41.6666666666667,2,321
8598,26,0.931896,224,11007,N,43.3333333333333,2,321
10323,27,1.00262025,241,8598,N,45,2,321
3847,0,0.98597925,237,NA,N,0,0,322
3960,1,1.0733445,258,3847,N,1.66666666666667,0,322
3559,2,1.16903025,281,3960,N,3.33333333333333,0,322
3657,3,1.1399085,274,3559,N,5,0,322
3568,4,1.1565495,278,3657,N,6.66666666666667,0,322
4049,5,1.23559425,297,3568,N,8.33333333333333,0,322
3719,6,1.2896775,310,4049,N,10,0,322
3986,7,1.39368375,335,3719,N,11.6666666666667,0,322
5924,8,1.547613,372,3986,N,13.3333333333333,0,322
6058,9,1.56841425,377,5924,N,15,0,322
5298,10,1.54345275,371,6058,N,16.6666666666667,0,322
5674,11,1.59337575,383,5298,N,18.3333333333333,0,322
5347,12,1.70154225,409,5674,N,20,0,322
5760,13,1.01926125,245,5347,Y,21.6666666666667,1,322
5901,14,0.8070885,194,5760,N,23.3333333333333,1,322
5938,15,0.86117175,207,5901,N,25,1,322
7697,16,0.96933825,233,5938,N,26.6666666666667,1,322
9764,17,1.031742,248,7697,N,28.3333333333333,1,322
8353,18,1.098306,264,9764,N,30,1,322
6652,19,1.1066265,266,8353,N,31.6666666666667,1,322
7678,20,1.21063275,291,6652,N,33.3333333333333,1,322
6888,21,1.081665,260,7678,N,35,1,322
7066,22,1.4893695,358,6888,N,36.6666666666667,1,322
8265,23,1.42696575,343,7066,N,38.3333333333333,1,322
10594,24,1.481049,356,8265,N,40,1,322
11298,25,1.6391385,394,10594,N,41.6666666666667,1,322
9741,26,1.5060105,362,11298,N,43.3333333333333,1,322
11389,27,1.730664,416,9741,N,45,1,322
9363,28,0.815409,196,11389,Y,46.6666666666667,2,322
10758,29,0.86949225,209,9363,N,48.3333333333333,2,322
9556,30,0.99429975,239,10758,N,50,2,322
11583,31,1.0567035,254,9556,N,51.6666666666667,2,322
12791,32,1.131588,272,11583,N,53.3333333333333,2,322
12283,33,1.131588,272,12791,N,55,2,322
12398,34,1.198152,288,12283,N,56.6666666666667,2,322
13760,35,1.065024,256,12398,N,58.3333333333333,2,322
14416,36,1.1066265,266,13760,N,60,2,322
13133,37,1.24391475,299,14416,N,61.6666666666667,2,322
3847,0,0.98597925,237,NA,N,0,0,323
3960,1,1.0733445,258,3847,N,1.66666666666667,0,323
3559,2,1.16903025,281,3960,N,3.33333333333333,0,323
3657,3,1.1399085,274,3559,N,5,0,323
3568,4,1.1565495,278,3657,N,6.66666666666667,0,323
4049,5,1.23559425,297,3568,N,8.33333333333333,0,323
3719,6,1.2896775,310,4049,N,10,0,323
3986,7,1.39368375,335,3719,N,11.6666666666667,0,323
5924,8,1.547613,372,3986,N,13.3333333333333,0,323
6058,9,1.56841425,377,5924,N,15,0,323
5298,10,1.54345275,371,6058,N,16.6666666666667,0,323
5674,11,1.59337575,383,5298,N,18.3333333333333,0,323
5347,12,1.70154225,409,5674,N,20,0,323
5763,13,0.94437675,227,5347,Y,21.6666666666667,1,323
5904,14,0.7405245,178,5763,N,23.3333333333333,1,323
5939,15,0.798768,192,5904,N,25,1,323
7698,16,0.81124875,195,5939,N,26.6666666666667,1,323
9763,17,0.8736525,210,7698,N,28.3333333333333,1,323
8352,18,0.86117175,207,9763,N,30,1,323
6651,19,0.915255,220,8352,N,31.6666666666667,1,323
7676,20,1.0067805,242,6651,N,33.3333333333333,1,323
6886,21,1.03590225,249,7676,N,35,1,323
7065,22,1.1066265,266,6886,N,36.6666666666667,1,323
8262,23,1.214793,292,7065,N,38.3333333333333,1,323
10592,24,1.22727375,295,8262,N,40,1,323
11297,25,1.31879925,317,10592,N,41.6666666666667,1,323
9739,26,1.314639,316,11297,N,43.3333333333333,1,323
11388,27,1.41864525,341,9739,N,45,1,323
9360,28,1.69322175,407,11388,N,46.6666666666667,1,323
10756,29,0.91109475,219,9360,Y,48.3333333333333,2,323
9552,30,0.8902935,214,10756,N,50,2,323
11581,31,0.90277425,217,9552,N,51.6666666666667,2,323
12789,32,0.865332,208,11581,N,53.3333333333333,2,323
12279,33,0.8736525,210,12789,N,55,2,323
12396,34,1.01094075,243,12279,N,56.6666666666667,2,323
13757,35,0.96933825,233,12396,N,58.3333333333333,2,323
14414,36,0.96101775,231,13757,N,60,2,323
13131,37,0.9402165,226,14414,N,61.6666666666667,2,323
2825,0,0.7571655,182,NA,N,0,0,324
2643,1,0.698922,168,2825,N,1.66666666666667,0,324
2459,2,0.682281,164,2643,N,3.33333333333333,0,324
2396,3,0.68644125,165,2459,N,5,0,324
2388,4,0.682281,164,2396,N,6.66666666666667,0,324
2753,5,0.848691,204,2388,N,8.33333333333333,0,324
2373,6,0.68644125,165,2753,N,10,0,324
2502,7,0.7571655,182,2373,N,11.6666666666667,0,324
4143,8,0.78628725,189,2502,N,13.3333333333333,0,324
4120,9,0.8403705,202,4143,N,15,0,324
4283,10,0.915255,220,4120,N,16.6666666666667,0,324
4290,11,0.865332,208,4283,N,18.3333333333333,0,324
4436,12,0.86949225,209,4290,N,20,0,324
4538,13,1.07750475,259,4436,N,21.6666666666667,0,324
4496,14,0.96933825,233,4538,N,23.3333333333333,0,324
4841,15,0.99429975,239,4496,N,25,0,324
7170,16,1.0567035,254,4841,N,26.6666666666667,0,324
8646,17,1.1731905,282,7170,N,28.3333333333333,0,324
7883,18,1.181511,284,8646,N,30,0,324
6199,19,1.26887625,305,7883,N,31.6666666666667,0,324
7165,20,1.41032475,339,6199,N,33.3333333333333,0,324
6116,21,1.50185025,361,7165,N,35,0,324
6681,22,0.898614,216,6116,Y,36.6666666666667,1,324
2825,0,0.7571655,182,NA,N,0,0,325
2643,1,0.698922,168,2825,N,1.66666666666667,0,325
2459,2,0.682281,164,2643,N,3.33333333333333,0,325
2396,3,0.68644125,165,2459,N,5,0,325
2388,4,0.682281,164,2396,N,6.66666666666667,0,325
2753,5,0.848691,204,2388,N,8.33333333333333,0,325
2373,6,0.68644125,165,2753,N,10,0,325
2502,7,0.7571655,182,2373,N,11.6666666666667,0,325
4143,8,0.78628725,189,2502,N,13.3333333333333,0,325
4120,9,0.8403705,202,4143,N,15,0,325
4283,10,0.915255,220,4120,N,16.6666666666667,0,325
4290,11,0.865332,208,4283,N,18.3333333333333,0,325
4436,12,0.86949225,209,4290,N,20,0,325
4538,13,1.07750475,259,4436,N,21.6666666666667,0,325
4496,14,0.96933825,233,4538,N,23.3333333333333,0,325
4841,15,0.99429975,239,4496,N,25,0,325
7170,16,1.0567035,254,4841,N,26.6666666666667,0,325
8646,17,1.1731905,282,7170,N,28.3333333333333,0,325
7883,18,1.181511,284,8646,N,30,0,325
6199,19,1.26887625,305,7883,N,31.6666666666667,0,325
7165,20,1.41032475,339,6199,N,33.3333333333333,0,325
6116,21,1.50185025,361,7165,N,35,0,325
6680,22,0.815409,196,6116,Y,36.6666666666667,1,325
7744,23,0.80292825,193,6680,N,38.3333333333333,1,325
9881,24,0.81956925,197,7744,N,40,1,325
10949,25,0.82788975,199,9881,N,41.6666666666667,1,325
8504,26,0.8902935,214,10949,N,43.3333333333333,1,325
10198,27,0.865332,208,8504,N,45,1,325
8530,28,0.9235755,222,10198,N,46.6666666666667,1,325
10133,29,0.9568575,230,8530,N,48.3333333333333,1,325
8663,30,1.06918425,257,10133,N,50,1,325
11452,31,1.16070975,279,8663,N,51.6666666666667,1,325
12459,32,1.34376075,323,11452,N,53.3333333333333,1,325
11680,33,1.26055575,303,12459,N,55,1,325
11739,34,1.297998,312,11680,N,56.6666666666667,1,325
13833,35,0.69476175,167,11739,Y,58.3333333333333,2,325
14466,36,0.70308225,169,13833,N,60,2,325
13227,37,0.63651825,153,14466,N,61.6666666666667,2,325
3340,0,0.7904475,190,NA,N,0,0,326
3204,1,0.84453075,203,3340,N,1.66666666666667,0,326
2816,2,0.8070885,194,3204,N,3.33333333333333,0,326
2811,3,0.9402165,226,2816,N,5,0,326
2740,4,0.91941525,221,2811,N,6.66666666666667,0,326
3102,5,0.965178,232,2740,N,8.33333333333333,0,326
2717,6,1.06918425,257,3102,N,10,0,326
2921,7,1.08582525,261,2717,N,11.6666666666667,0,326
4886,8,1.09414575,263,2921,N,13.3333333333333,0,326
5820,9,1.297998,312,4886,N,15,0,326
4583,10,1.281357,308,5820,N,16.6666666666667,0,326
4799,11,1.30215825,313,4583,N,18.3333333333333,0,326
4624,12,1.49352975,359,4799,N,20,0,326
4954,13,1.9053945,458,4624,N,21.6666666666667,0,326
5263,14,1.45192725,349,4954,N,23.3333333333333,0,326
5316,15,1.464408,352,5263,N,25,0,326
7380,16,1.813869,436,5316,N,26.6666666666667,0,326
9312,17,1.96779825,473,7380,N,28.3333333333333,0,326
8329,18,0.96101775,231,9312,Y,30,1,326
6627,19,0.86949225,209,8329,N,31.6666666666667,1,326
7623,20,0.9235755,222,6627,N,33.3333333333333,1,326
6829,21,0.96101775,231,7623,N,35,1,326
7037,22,1.347921,324,6829,N,36.6666666666667,1,326
8211,23,1.06086375,255,7037,N,38.3333333333333,1,326
10525,24,1.3229595,318,8211,N,40,1,326
11269,25,1.4061645,338,10525,N,41.6666666666667,1,326
9658,26,1.5226515,366,11269,N,43.3333333333333,1,326
11357,27,1.5060105,362,9658,N,45,1,326
9307,28,1.5060105,362,11357,N,46.6666666666667,1,326
10733,29,0.70308225,169,9307,Y,48.3333333333333,2,326
9493,30,0.8070885,194,10733,N,50,2,326
11556,31,0.74468475,179,9493,N,51.6666666666667,2,326
12763,32,0.79460775,191,11556,N,53.3333333333333,2,326
12238,33,0.74468475,179,12763,N,55,2,326
12366,34,0.7238835,174,12238,N,56.6666666666667,2,326
13705,35,0.86949225,209,12366,N,58.3333333333333,2,326
14386,36,1.03590225,249,13705,N,60,2,326
13105,37,0.9069345,218,14386,N,61.6666666666667,2,326
3343,0,0.915255,220,NA,N,0,0,327
3208,1,1.031742,248,3343,N,1.66666666666667,0,327
2822,2,0.9402165,226,3208,N,3.33333333333333,0,327
2817,3,0.96933825,233,2822,N,5,0,327
2749,4,1.031742,248,2817,N,6.66666666666667,0,327
2721,6,1.1232675,270,2749,N,10,0,327
2930,7,1.065024,256,2721,N,11.6666666666667,0,327
4898,8,1.1731905,282,2930,N,13.3333333333333,0,327
5825,9,1.2231135,294,4898,N,15,0,327
4587,10,1.3728825,330,5825,N,16.6666666666667,0,327
4820,11,1.40200425,337,4587,N,18.3333333333333,0,327
4631,12,1.41032475,339,4820,N,20,0,327
4964,13,1.397844,336,4631,N,21.6666666666667,0,327
5273,14,1.4560875,350,4964,N,23.3333333333333,0,327
5328,15,1.630818,392,5273,N,25,0,327
7384,16,1.69322175,407,5328,N,26.6666666666667,0,327
9319,17,2.046843,492,7384,N,28.3333333333333,0,327
8080,18,2.06764425,497,9319,N,30,0,327
6331,19,2.00108025,481,8080,N,31.6666666666667,0,327
7336,20,0.9568575,230,6331,Y,33.3333333333333,1,327
6417,21,0.93605625,225,7336,N,35,1,327
6831,22,0.915255,220,6417,N,36.6666666666667,1,327
7901,23,1.0067805,242,6831,N,38.3333333333333,1,327
9994,24,1.1066265,266,7901,N,40,1,327
11068,25,1.14406875,275,9994,N,41.6666666666667,1,327
8797,26,1.1232675,270,11068,N,43.3333333333333,1,327
10524,27,1.1565495,278,8797,N,45,1,327
2839,0,1.41032475,339,NA,N,0,0,328
2654,1,1.630818,392,2839,N,1.66666666666667,0,328
2462,2,1.49769,360,2654,N,3.33333333333333,0,328
2401,3,1.49352975,359,2462,N,5,0,328
2397,4,1.62665775,391,2401,N,6.66666666666667,0,328
2759,5,0.89445375,215,2397,Y,8.33333333333333,1,328
2380,6,0.82788975,199,2759,N,10,1,328
2505,7,0.8237295,198,2380,N,11.6666666666667,1,328
2839,0,1.41032475,339,NA,N,0,0,329
2654,1,1.630818,392,2839,N,1.66666666666667,0,329
2462,2,1.49769,360,2654,N,3.33333333333333,0,329
2401,3,1.49352975,359,2462,N,5,0,329
2397,4,1.62665775,391,2401,N,6.66666666666667,0,329
2765,5,0.81124875,195,2397,Y,8.33333333333333,1,329
2384,6,0.73636425,177,2765,N,10,1,329
2507,7,0.815409,196,2384,N,11.6666666666667,1,329
4145,8,0.99846,240,2507,N,13.3333333333333,1,329
4122,9,0.881973,212,4145,N,15,1,329
4287,10,0.9734985,234,4122,N,16.6666666666667,1,329
4294,11,1.06086375,255,4287,N,18.3333333333333,1,329
4441,12,1.1066265,266,4294,N,20,1,329
4544,13,1.36872225,329,4441,N,21.6666666666667,1,329
4500,14,1.21063275,291,4544,N,23.3333333333333,1,329
4855,15,1.28551725,309,4500,N,25,1,329
7173,16,1.2730365,306,4855,N,26.6666666666667,1,329
8648,17,1.397844,336,7173,N,28.3333333333333,1,329
7886,18,1.381203,332,8648,N,30,1,329
6200,19,1.40200425,337,7886,N,31.6666666666667,1,329
7166,20,1.65161925,397,6200,N,33.3333333333333,1,329
6117,21,1.7389845,418,7166,N,35,1,329
6682,22,2.09260575,503,6117,N,36.6666666666667,1,329
7745,23,1.78474725,429,6682,N,38.3333333333333,1,329
9882,24,1.8221895,438,7745,N,40,1,329
10951,25,0.86949225,209,9882,Y,41.6666666666667,2,329
8506,26,0.80292825,193,10951,N,43.3333333333333,2,329
10200,27,0.82788975,199,8506,N,45,2,329
8536,28,1.06918425,257,10200,N,46.6666666666667,2,329
10138,29,1.015101,244,8536,N,48.3333333333333,2,329
8666,30,1.11078675,267,10138,N,50,2,329
11454,31,1.19399175,287,8666,N,51.6666666666667,2,329
12461,32,1.2730365,306,11454,N,53.3333333333333,2,329
11681,33,1.33544025,321,12461,N,55,2,329
11741,34,1.18567125,285,11681,N,56.6666666666667,2,329
13241,35,0.75300525,181,11741,Y,58.3333333333333,3,329
14052,36,0.7904475,190,13241,N,60,3,329
12849,37,0.8070885,194,14052,N,61.6666666666667,3,329
3353,0,1.15238925,277,NA,N,0,0,330
3212,1,1.1898315,286,3353,N,1.66666666666667,0,330
2827,2,1.14406875,275,3212,N,3.33333333333333,0,330
2821,3,1.231434,296,2827,N,5,0,330
2755,4,1.3063185,314,2821,N,6.66666666666667,0,330
3110,5,1.2064725,290,2755,N,8.33333333333333,0,330
2725,6,1.29383775,311,3110,N,10,0,330
2942,7,1.381203,332,2725,N,11.6666666666667,0,330
4927,8,1.50185025,361,2942,N,13.3333333333333,0,330
5831,9,1.5892155,382,4927,N,15,0,330
4592,10,0.765486,184,5831,Y,16.6666666666667,1,330
4837,11,0.698922,168,4592,N,18.3333333333333,1,330
4641,12,0.78628725,189,4837,N,20,1,330
4980,13,0.931896,224,4641,N,21.6666666666667,1,330
5278,14,0.931896,224,4980,N,23.3333333333333,1,330
5342,15,0.92773575,223,5278,N,25,1,330
7386,16,0.9734985,234,5342,N,26.6666666666667,1,330
9322,17,1.031742,248,7386,N,28.3333333333333,1,330
8082,18,0.981819,236,9322,N,30,1,330
6332,19,1.0567035,254,8082,N,31.6666666666667,1,330
7338,20,1.16487,280,6332,N,33.3333333333333,1,330
6419,21,1.36040175,327,7338,N,35,1,330
6833,22,1.564254,376,6419,N,36.6666666666667,1,330
7903,23,1.58505525,381,6833,N,38.3333333333333,1,330
9996,24,1.514331,364,7903,N,40,1,330
11069,25,1.597536,384,9996,N,41.6666666666667,1,330
8805,26,0.72804375,175,11069,Y,43.3333333333333,2,330
10534,27,0.76964625,185,8805,N,45,2,330
2843,0,0.9402165,226,NA,N,0,0,331
2670,1,0.981819,236,2843,N,1.66666666666667,0,331
2465,2,1.031742,248,2670,N,3.33333333333333,0,331
2416,3,1.181511,284,2465,N,5,0,331
2405,4,1.098306,264,2416,N,6.66666666666667,0,331
2772,5,1.214793,292,2405,N,8.33333333333333,0,331
2395,6,1.39368375,335,2772,N,10,0,331
2512,7,1.431126,344,2395,N,11.6666666666667,0,331
4148,8,1.547613,372,2512,N,13.3333333333333,0,331
4126,9,1.54345275,371,4148,N,15,0,331
4296,10,1.50185025,361,4126,N,16.6666666666667,0,331
4304,11,1.56009375,375,4296,N,18.3333333333333,0,331
4446,12,1.614177,388,4304,N,20,0,331
4557,13,1.6391385,394,4446,N,21.6666666666667,0,331
4512,14,0.7904475,190,4557,Y,23.3333333333333,1,331
4874,15,0.8237295,198,4512,N,25,1,331
7180,16,0.7904475,190,4874,N,26.6666666666667,1,331
8655,17,0.77796675,187,7180,N,28.3333333333333,1,331
7890,18,0.81124875,195,8655,N,30,1,331
6203,19,0.94437675,227,7890,N,31.6666666666667,1,331
7169,20,1.01094075,243,6203,N,33.3333333333333,1,331
6120,21,0.9568575,230,7169,N,35,1,331
6685,22,0.86117175,207,6120,N,36.6666666666667,1,331
7748,23,0.81124875,195,6685,N,38.3333333333333,1,331
9885,24,0.99429975,239,7748,N,40,1,331
10955,25,1.09414575,263,9885,N,41.6666666666667,1,331
8510,26,1.08582525,261,10955,N,43.3333333333333,1,331
10206,27,1.09414575,263,8510,N,45,1,331
2850,0,1.31047875,315,NA,N,0,0,332
2676,1,1.447767,348,2850,N,1.66666666666667,0,332
2470,2,1.33544025,321,2676,N,3.33333333333333,0,332
2421,3,1.57673475,379,2470,N,5,0,332
2415,4,1.431126,344,2421,N,6.66666666666667,0,332
2780,5,1.70986275,411,2415,N,8.33333333333333,0,332
2403,6,1.7556255,422,2780,N,10,0,332
2518,7,0.698922,168,2403,Y,11.6666666666667,1,332
4128,9,0.815409,196,2518,N,15,1,332
4300,10,1.11078675,267,4128,N,16.6666666666667,1,332
4306,11,1.065024,256,4300,N,18.3333333333333,1,332
4450,12,1.065024,256,4306,N,20,1,332
4564,13,1.4727285,354,4450,N,21.6666666666667,1,332
4521,14,1.16487,280,4564,N,23.3333333333333,1,332
4885,15,1.31047875,315,4521,N,25,1,332
7183,16,1.214793,292,4885,N,26.6666666666667,1,332
8672,17,1.33128,320,7183,N,28.3333333333333,1,332
7893,18,1.2231135,294,8672,N,30,1,332
6205,19,1.3396005,322,7893,N,31.6666666666667,1,332
7172,20,1.31047875,315,6205,N,33.3333333333333,1,332
6122,21,1.33128,320,7172,N,35,1,332
6687,22,1.26055575,303,6122,N,36.6666666666667,1,332
7750,23,1.21063275,291,6687,N,38.3333333333333,1,332
9887,24,1.18567125,285,7750,N,40,1,332
10957,25,1.198152,288,9887,N,41.6666666666667,1,332
8515,26,1.264716,304,10957,N,43.3333333333333,1,332
10212,27,1.297998,312,8515,N,45,1,332
8545,28,1.19399175,287,10212,N,46.6666666666667,1,332
10147,29,1.10246625,265,8545,N,48.3333333333333,1,332
8681,30,1.11078675,267,10147,N,50,1,332
11459,31,1.10246625,265,8681,N,51.6666666666667,1,332
12464,32,1.16903025,281,11459,N,53.3333333333333,1,332
11686,33,1.1232675,270,12464,N,55,1,332
11750,34,1.17735075,283,11686,N,56.6666666666667,1,332
13247,35,1.281357,308,11750,N,58.3333333333333,1,332
14059,36,1.264716,304,13247,N,60,1,332
12851,37,1.26055575,303,14059,N,61.6666666666667,1,332
3366,0,1.198152,288,NA,N,0,0,333
3219,1,1.0567035,254,3366,N,1.66666666666667,0,333
2836,2,1.31047875,315,3219,N,3.33333333333333,0,333
2831,3,1.40200425,337,2836,N,5,0,333
2767,4,1.37704275,331,2831,N,6.66666666666667,0,333
3126,5,1.50185025,361,2767,N,8.33333333333333,0,333
2742,6,1.77642675,427,3126,N,10,0,333
2568,7,0.7904475,190,2742,Y,11.6666666666667,1,333
4175,8,0.76132575,183,2568,N,13.3333333333333,1,333
4153,9,0.90277425,217,4175,N,15,1,333
4349,10,0.8403705,202,4153,N,16.6666666666667,1,333
4347,11,0.79460775,191,4349,N,18.3333333333333,1,333
4480,12,0.81124875,195,4347,N,20,1,333
4713,13,1.15238925,277,4480,N,21.6666666666667,1,333
4561,14,0.9069345,218,4713,N,23.3333333333333,1,333
4973,15,0.91941525,221,4561,N,25,1,333
7206,16,0.981819,236,4973,N,26.6666666666667,1,333
8739,17,1.07750475,259,7206,N,28.3333333333333,1,333
7950,18,0.9568575,230,8739,N,30,1,333
6222,19,1.0400625,250,7950,N,31.6666666666667,1,333
7197,20,1.14406875,275,6222,N,33.3333333333333,1,333
6145,21,1.22727375,295,7197,N,35,1,333
6700,22,1.481049,356,6145,N,36.6666666666667,1,333
7764,23,1.2563955,302,6700,N,38.3333333333333,1,333
9904,24,1.16487,280,7764,N,40,1,333
10975,25,1.381203,332,9904,N,41.6666666666667,1,333
8561,26,1.447767,348,10975,N,43.3333333333333,1,333
10259,27,0.698922,168,8561,Y,45,2,333
8658,28,0.8736525,210,10259,N,46.6666666666667,2,333
3370,0,0.815409,196,NA,N,0,0,334
3222,1,0.765486,184,3370,N,1.66666666666667,0,334
2841,2,0.9069345,218,3222,N,3.33333333333333,0,334
2838,3,0.85285125,205,2841,N,5,0,334
2773,4,0.99846,240,2838,N,6.66666666666667,0,334
3129,5,1.10246625,265,2773,N,8.33333333333333,0,334
2746,6,1.1565495,278,3129,N,10,0,334
2966,7,1.15238925,277,2746,N,11.6666666666667,0,334
4955,8,1.314639,316,2966,N,13.3333333333333,0,334
5838,9,1.26887625,305,4955,N,15,0,334
4601,10,1.5725745,378,5838,N,16.6666666666667,0,334
4850,11,1.4560875,350,4601,N,18.3333333333333,0,334
4648,12,1.56009375,375,4850,N,20,0,334
4999,13,0.715563,172,4648,Y,21.6666666666667,1,334
5302,14,0.7405245,178,4999,N,23.3333333333333,1,334
5365,15,0.96101775,231,5302,N,25,1,334
7396,16,0.9069345,218,5365,N,26.6666666666667,1,334
9350,17,0.89445375,215,7396,N,28.3333333333333,1,334
8089,18,0.91109475,219,9350,N,30,1,334
6337,19,0.94437675,227,8089,N,31.6666666666667,1,334
7343,20,0.9901395,238,6337,N,33.3333333333333,1,334
6431,21,1.06086375,255,7343,N,35,1,334
6845,22,1.10246625,265,6431,N,36.6666666666667,1,334
7913,23,1.21895325,293,6845,N,38.3333333333333,1,334
10003,24,1.27719675,307,7913,N,40,1,334
11077,25,1.27719675,307,10003,N,41.6666666666667,1,334
8844,26,1.3229595,318,11077,N,43.3333333333333,1,334
10599,27,1.41864525,341,8844,N,45,1,334
2861,0,0.72804375,175,NA,N,0,0,335
2686,1,0.74468475,179,2861,N,1.66666666666667,0,335
2472,2,0.68644125,165,2686,N,3.33333333333333,0,335
2424,3,0.71140275,171,2472,N,5,0,335
2418,4,0.7405245,178,2424,N,6.66666666666667,0,335
2785,5,0.85285125,205,2418,N,8.33333333333333,0,335
2407,6,0.798768,192,2785,N,10,0,335
2522,7,0.8403705,202,2407,N,11.6666666666667,0,335
4150,8,0.8237295,198,2522,N,13.3333333333333,0,335
4130,9,0.84453075,203,4150,N,15,0,335
4302,10,0.96101775,231,4130,N,16.6666666666667,0,335
4309,11,0.99429975,239,4302,N,18.3333333333333,0,335
4458,12,0.9235755,222,4309,N,20,0,335
4617,13,1.06918425,257,4458,N,21.6666666666667,0,335
4540,14,1.0067805,242,4617,N,23.3333333333333,0,335
4899,15,1.14406875,275,4540,N,25,0,335
7188,16,1.21895325,293,4899,N,26.6666666666667,0,335
8703,17,1.42696575,343,7188,N,28.3333333333333,0,335
7898,18,1.36872225,329,8703,N,30,0,335
6208,19,1.51017075,363,7898,N,31.6666666666667,0,335
7175,20,1.49352975,359,6208,N,33.3333333333333,0,335
6128,21,1.65161925,397,7175,N,35,0,335
6690,22,0.8736525,210,6128,Y,36.6666666666667,1,335
7755,23,0.80292825,193,6690,N,38.3333333333333,1,335
9893,24,0.765486,184,7755,N,40,1,335
10961,25,0.96101775,231,9893,N,41.6666666666667,1,335
8528,26,0.94437675,227,10961,N,43.3333333333333,1,335
10222,27,0.91941525,221,8528,N,45,1,335
8558,28,1.04422275,251,10222,N,46.6666666666667,1,335
10160,29,1.09414575,263,8558,N,48.3333333333333,1,335
8694,30,1.12742775,271,10160,N,50,1,335
11463,31,1.1066265,266,8694,N,51.6666666666667,1,335
12469,32,1.198152,288,11463,N,53.3333333333333,1,335
11701,33,1.46856825,353,12469,N,55,1,335
11761,34,1.41864525,341,11701,N,56.6666666666667,1,335
13254,35,0.67812075,163,11761,Y,58.3333333333333,2,335
14066,36,0.84453075,203,13254,N,60,2,335
12856,37,0.70308225,169,14066,N,61.6666666666667,2,335
3375,0,0.9235755,222,NA,N,0,0,336
3226,1,0.99846,240,3375,N,1.66666666666667,0,336
2845,2,0.9901395,238,3226,N,3.33333333333333,0,336
2844,3,0.90277425,217,2845,N,5,0,336
2779,4,0.99846,240,2844,N,6.66666666666667,0,336
3133,5,1.21063275,291,2779,N,8.33333333333333,0,336
2751,6,0.9734985,234,3133,N,10,0,336
2970,7,1.0899855,262,2751,N,11.6666666666667,0,336
4974,8,1.06086375,255,2970,N,13.3333333333333,0,336
5844,9,1.131588,272,4974,N,15,0,336
4605,10,1.31047875,315,5844,N,16.6666666666667,0,336
4856,11,1.19399175,287,4605,N,18.3333333333333,0,336
4651,12,1.26887625,305,4856,N,20,0,336
5006,13,1.5060105,362,4651,N,21.6666666666667,0,336
5312,14,1.297998,312,5006,N,23.3333333333333,0,336
5373,15,1.31047875,315,5312,N,25,0,336
7399,16,1.75146525,421,5373,N,26.6666666666667,0,336
9355,17,0.898614,216,7399,Y,28.3333333333333,1,336
8093,18,0.7904475,190,9355,N,30,1,336
6338,19,0.90277425,217,8093,N,31.6666666666667,1,336
7344,20,0.91941525,221,6338,N,33.3333333333333,1,336
6435,21,1.181511,284,7344,N,35,1,336
6848,22,1.264716,304,6435,N,36.6666666666667,1,336
7915,23,1.12742775,271,6848,N,38.3333333333333,1,336
10004,24,1.26055575,303,7915,N,40,1,336
11078,25,1.36040175,327,10004,N,41.6666666666667,1,336
8847,26,1.40200425,337,11078,N,43.3333333333333,1,336
10602,27,1.314639,316,8847,N,45,1,336
8944,28,1.54345275,371,10602,N,46.6666666666667,1,336
10474,29,1.4061645,338,8944,N,48.3333333333333,1,336
9037,30,0.80292825,193,10474,Y,50,2,336
11562,31,0.87781275,211,9037,N,51.6666666666667,2,336
12582,32,0.96933825,233,11562,N,53.3333333333333,2,336
11937,33,0.9402165,226,12582,N,55,2,336
11990,34,0.9901395,238,11937,N,56.6666666666667,2,336
13926,35,1.12742775,271,11990,N,58.3333333333333,2,336
14559,36,1.02758175,247,13926,N,60,2,336
13434,37,1.0234215,246,14559,N,61.6666666666667,2,336
2866,0,1.01926125,245,NA,N,0,0,337
2691,1,1.00262025,241,2866,N,1.66666666666667,0,337
2474,2,1.1066265,266,2691,N,3.33333333333333,0,337
2425,3,1.031742,248,2474,N,5,0,337
2444,4,1.22727375,295,2425,N,6.66666666666667,0,337
2789,5,1.248075,300,2444,N,8.33333333333333,0,337
2417,6,1.481049,356,2789,N,10,0,337
2527,7,1.4394465,346,2417,N,11.6666666666667,0,337
4152,8,1.4560875,350,2527,N,13.3333333333333,0,337
4132,9,1.65993975,399,4152,N,15,0,337
4307,10,1.78474725,429,4132,N,16.6666666666667,0,337
4314,11,1.77642675,427,4307,N,18.3333333333333,0,337
4462,12,1.61833725,389,4314,N,20,0,337
4668,13,2.229894,536,4462,N,21.6666666666667,0,337
5895,14,0.8237295,198,4668,Y,23.3333333333333,1,337
5934,15,0.83205,200,5895,N,25,1,337
7695,16,0.96933825,233,5934,N,26.6666666666667,1,337
9761,17,1.05254325,253,7695,N,28.3333333333333,1,337
8350,18,1.0400625,250,9761,N,30,1,337
6649,19,0.97765875,235,8350,N,31.6666666666667,1,337
7673,20,1.11910725,269,6649,N,33.3333333333333,1,337
6882,21,1.16070975,279,7673,N,35,1,337
7063,22,1.33544025,321,6882,N,36.6666666666667,1,337
8260,23,1.33128,320,7063,N,38.3333333333333,1,337
10590,24,1.52681175,367,8260,N,40,1,337
11296,25,1.49769,360,10590,N,41.6666666666667,1,337
9737,26,1.431126,344,11296,N,43.3333333333333,1,337
11386,27,1.49769,360,9737,N,45,1,337
10753,29,0.9734985,234,11386,Y,48.3333333333333,2,337
9548,30,0.86949225,209,10753,N,50,2,337
11580,31,1.0567035,254,9548,N,51.6666666666667,2,337
12787,32,1.29383775,311,11580,N,53.3333333333333,2,337
12272,33,1.11078675,267,12787,N,55,2,337
12394,34,1.2397545,298,12272,N,56.6666666666667,2,337
14213,35,1.17735075,283,12394,N,58.3333333333333,2,337
14726,36,1.447767,348,14213,N,60,2,337
13812,37,0.72804375,175,14726,Y,61.6666666666667,3,337
2866,0,1.01926125,245,NA,N,0,0,338
2691,1,1.00262025,241,2866,N,1.66666666666667,0,338
2474,2,1.1066265,266,2691,N,3.33333333333333,0,338
2425,3,1.031742,248,2474,N,5,0,338
2444,4,1.22727375,295,2425,N,6.66666666666667,0,338
2789,5,1.248075,300,2444,N,8.33333333333333,0,338
2417,6,1.481049,356,2789,N,10,0,338
2527,7,1.4394465,346,2417,N,11.6666666666667,0,338
4152,8,1.4560875,350,2527,N,13.3333333333333,0,338
4132,9,1.65993975,399,4152,N,15,0,338
4307,10,1.78474725,429,4132,N,16.6666666666667,0,338
4314,11,1.77642675,427,4307,N,18.3333333333333,0,338
4462,12,1.61833725,389,4314,N,20,0,338
4668,13,2.229894,536,4462,N,21.6666666666667,0,338
4649,14,0.782127,188,4668,Y,23.3333333333333,1,338
5104,15,0.7238835,174,4649,N,25,1,338
7279,16,0.7738065,186,5104,N,26.6666666666667,1,338
9161,17,0.8070885,194,7279,N,28.3333333333333,1,338
8004,18,0.83205,200,9161,N,30,1,338
6251,19,0.8736525,210,8004,N,31.6666666666667,1,338
7242,20,0.9901395,238,6251,N,33.3333333333333,1,338
6219,21,1.031742,248,7242,N,35,1,338
6740,22,1.0899855,262,6219,N,36.6666666666667,1,338
7798,23,1.09414575,263,6740,N,38.3333333333333,1,338
9943,24,1.24391475,299,7798,N,40,1,338
11012,25,1.447767,348,9943,N,41.6666666666667,1,338
8605,26,1.5060105,362,11012,N,43.3333333333333,1,338
10341,27,1.3728825,330,8605,N,45,1,338
10316,29,0.85285125,205,10341,Y,48.3333333333333,2,338
8829,30,0.83621025,201,10316,N,50,2,338
12426,32,1.03590225,249,8829,N,53.3333333333333,2,338
11637,33,0.965178,232,12426,N,55,2,338
11624,34,1.0234215,246,11637,N,56.6666666666667,2,338
13801,35,1.06918425,257,11624,N,58.3333333333333,2,338
14441,36,1.015101,244,13801,N,60,2,338
13174,37,0.99846,240,14441,N,61.6666666666667,2,338
3380,0,0.71972325,173,NA,N,0,0,339
3236,1,0.732204,176,3380,N,1.66666666666667,0,339
2849,2,0.76964625,185,3236,N,3.33333333333333,0,339
2848,3,0.91109475,219,2849,N,5,0,339
2784,4,0.85285125,205,2848,N,6.66666666666667,0,339
3139,5,0.91109475,219,2784,N,8.33333333333333,0,339
2756,6,0.8070885,194,3139,N,10,0,339
2974,7,0.881973,212,2756,N,11.6666666666667,0,339
4985,8,0.9568575,230,2974,N,13.3333333333333,0,339
5869,9,0.98597925,237,4985,N,15,0,339
4607,10,0.86949225,209,5869,N,16.6666666666667,0,339
4861,11,1.065024,256,4607,N,18.3333333333333,0,339
4652,12,1.0400625,250,4861,N,20,0,339
5013,13,1.06086375,255,4652,N,21.6666666666667,0,339
5315,14,1.081665,260,5013,N,23.3333333333333,0,339
5375,15,1.2064725,290,5315,N,25,0,339
7402,16,1.2064725,290,5375,N,26.6666666666667,0,339
9358,17,1.231434,296,7402,N,28.3333333333333,0,339
8095,18,1.26887625,305,9358,N,30,0,339
6339,19,1.2730365,306,8095,N,31.6666666666667,0,339
7345,20,1.3728825,330,6339,N,33.3333333333333,0,339
6437,21,1.44360675,347,7345,N,35,0,339
6850,22,1.57673475,379,6437,N,36.6666666666667,0,339
7917,23,1.4560875,350,6850,N,38.3333333333333,0,339
10005,24,1.52681175,367,7917,N,40,0,339
11079,25,1.3229595,318,10005,N,41.6666666666667,0,339
8851,26,0.77796675,187,11079,Y,43.3333333333333,1,339
3380,0,0.71972325,173,NA,N,0,0,340
3236,1,0.732204,176,3380,N,1.66666666666667,0,340
2849,2,0.76964625,185,3236,N,3.33333333333333,0,340
2848,3,0.91109475,219,2849,N,5,0,340
2784,4,0.85285125,205,2848,N,6.66666666666667,0,340
3139,5,0.91109475,219,2784,N,8.33333333333333,0,340
2756,6,0.8070885,194,3139,N,10,0,340
2974,7,0.881973,212,2756,N,11.6666666666667,0,340
4985,8,0.9568575,230,2974,N,13.3333333333333,0,340
5869,9,0.98597925,237,4985,N,15,0,340
4607,10,0.86949225,209,5869,N,16.6666666666667,0,340
4861,11,1.065024,256,4607,N,18.3333333333333,0,340
4652,12,1.0400625,250,4861,N,20,0,340
5013,13,1.06086375,255,4652,N,21.6666666666667,0,340
5315,14,1.081665,260,5013,N,23.3333333333333,0,340
5375,15,1.2064725,290,5315,N,25,0,340
7402,16,1.2064725,290,5375,N,26.6666666666667,0,340
9358,17,1.231434,296,7402,N,28.3333333333333,0,340
8095,18,1.26887625,305,9358,N,30,0,340
6339,19,1.2730365,306,8095,N,31.6666666666667,0,340
7345,20,1.3728825,330,6339,N,33.3333333333333,0,340
6437,21,1.44360675,347,7345,N,35,0,340
6850,22,1.57673475,379,6437,N,36.6666666666667,0,340
7917,23,1.4560875,350,6850,N,38.3333333333333,0,340
10005,24,1.52681175,367,7917,N,40,0,340
11079,25,1.3229595,318,10005,N,41.6666666666667,0,340
8849,26,0.80292825,193,11079,Y,43.3333333333333,1,340
10144,27,0.8070885,194,8849,N,45,1,340
9798,29,0.87781275,211,10144,N,48.3333333333333,1,340
9118,30,0.84453075,203,9798,N,50,1,340
12611,32,0.99429975,239,9118,N,53.3333333333333,1,340
11989,33,1.25223525,301,12611,N,55,1,340
12047,34,1.198152,288,11989,N,56.6666666666667,1,340
13983,35,1.347921,324,12047,N,58.3333333333333,1,340
14588,36,1.431126,344,13983,N,60,1,340
15047,37,NA,-1,14588,Y,61.6666666666667,2,340
3383,0,0.881973,212,NA,N,0,0,341
3240,1,1.0400625,250,3383,N,1.66666666666667,0,341
2853,2,0.96101775,231,3240,N,3.33333333333333,0,341
2875,3,0.981819,236,2853,N,5,0,341
2854,4,1.03590225,249,2875,N,6.66666666666667,0,341
3142,5,1.26887625,305,2854,N,8.33333333333333,0,341
2762,6,1.181511,284,3142,N,10,0,341
2980,7,1.46024775,351,2762,N,11.6666666666667,0,341
5000,8,1.4228055,342,2980,N,13.3333333333333,0,341
5872,9,1.5226515,366,5000,N,15,0,341
4610,10,1.7057025,410,5872,N,16.6666666666667,0,341
4866,11,1.6641,400,4610,N,18.3333333333333,0,341
4654,12,1.6058565,386,4866,N,20,0,341
5025,13,1.70986275,411,4654,N,21.6666666666667,0,341
5329,14,1.78474725,429,5025,N,23.3333333333333,0,341
15055,15,NA,-1,5329,Y,25,1,341
3387,0,0.9901395,238,NA,N,0,0,342
3245,1,1.0067805,242,3387,N,1.66666666666667,0,342
2857,2,1.07750475,259,3245,N,3.33333333333333,0,342
2881,3,1.12742775,271,2857,N,5,0,342
2860,4,1.12742775,271,2881,N,6.66666666666667,0,342
3158,5,1.29383775,311,2860,N,8.33333333333333,0,342
2941,6,1.2730365,306,3158,N,10,0,342
2993,7,1.46024775,351,2941,N,11.6666666666667,0,342
5022,8,1.381203,332,2993,N,13.3333333333333,0,342
5877,9,1.48520925,357,5022,N,15,0,342
4616,10,0.77796675,187,5877,Y,16.6666666666667,1,342
4887,11,0.8070885,194,4616,N,18.3333333333333,1,342
4658,12,0.8070885,194,4887,N,20,1,342
5032,13,1.0567035,254,4658,N,21.6666666666667,1,342
5340,14,0.84453075,203,5032,N,23.3333333333333,1,342
5391,15,0.95269725,229,5340,N,25,1,342
7407,16,1.08582525,261,5391,N,26.6666666666667,1,342
9371,17,1.1399085,274,7407,N,28.3333333333333,1,342
8100,18,0.9901395,238,9371,N,30,1,342
6344,19,1.06918425,257,8100,N,31.6666666666667,1,342
7349,20,1.0733445,258,6344,N,33.3333333333333,1,342
6441,21,1.27719675,307,7349,N,35,1,342
6855,22,1.7057025,410,6441,N,36.6666666666667,1,342
7921,23,1.0567035,254,6855,N,38.3333333333333,1,342
10009,24,1.464408,352,7921,N,40,1,342
11083,25,1.26887625,305,10009,N,41.6666666666667,1,342
8865,26,1.59337575,383,11083,N,43.3333333333333,1,342
10614,27,1.49352975,359,8865,N,45,1,342
8947,28,0.76132575,183,10614,Y,46.6666666666667,2,342
3392,0,0.782127,188,NA,N,0,0,343
3252,1,0.915255,220,3392,N,1.66666666666667,0,343
2862,2,0.8902935,214,3252,N,3.33333333333333,0,343
2887,3,0.83621025,201,2862,N,5,0,343
2864,4,0.848691,204,2887,N,6.66666666666667,0,343
3163,5,0.9901395,238,2864,N,8.33333333333333,0,343
2948,6,1.0067805,242,3163,N,10,0,343
3005,7,1.048383,252,2948,N,11.6666666666667,0,343
5028,8,0.97765875,235,3005,N,13.3333333333333,0,343
5879,9,0.948537,228,5028,N,15,0,343
4620,10,1.21895325,293,5879,N,16.6666666666667,0,343
4895,11,1.24391475,299,4620,N,18.3333333333333,0,343
4661,12,1.44360675,347,4895,N,20,0,343
5043,13,1.29383775,311,4661,N,21.6666666666667,0,343
5351,14,1.49352975,359,5043,N,23.3333333333333,0,343
5394,15,1.46024775,351,5351,N,25,0,343
7409,16,1.547613,372,5394,N,26.6666666666667,0,343
9376,17,1.76810625,425,7409,N,28.3333333333333,0,343
8102,18,0.732204,176,9376,Y,30,1,343
6345,19,0.85285125,205,8102,N,31.6666666666667,1,343
7350,20,0.95269725,229,6345,N,33.3333333333333,1,343
6443,21,0.898614,216,7350,N,35,1,343
6857,22,0.88613325,213,6443,N,36.6666666666667,1,343
7922,23,0.898614,216,6857,N,38.3333333333333,1,343
10010,24,0.96933825,233,7922,N,40,1,343
11084,25,1.065024,256,10010,N,41.6666666666667,1,343
8870,26,1.26887625,305,11084,N,43.3333333333333,1,343
10616,27,1.29383775,311,8870,N,45,1,343
2899,0,0.96933825,233,NA,N,0,0,344
2716,1,1.08582525,261,2899,N,1.66666666666667,0,344
2491,2,1.14406875,275,2716,N,3.33333333333333,0,344
2429,3,1.06918425,257,2491,N,5,0,344
2455,4,1.1565495,278,2429,N,6.66666666666667,0,344
2807,5,1.031742,248,2455,N,8.33333333333333,0,344
2519,6,1.198152,288,2807,N,10,0,344
2541,7,1.23559425,297,2519,N,11.6666666666667,0,344
4161,8,1.697382,408,2541,N,13.3333333333333,0,344
4140,9,1.51849125,365,4161,N,15,0,344
4320,10,1.880433,452,4140,N,16.6666666666667,0,344
4259,11,0.7072425,170,4320,Y,18.3333333333333,1,344
4405,12,0.815409,196,4259,N,20,1,344
2899,0,0.96933825,233,NA,N,0,0,345
2716,1,1.08582525,261,2899,N,1.66666666666667,0,345
2491,2,1.14406875,275,2716,N,3.33333333333333,0,345
2429,3,1.06918425,257,2491,N,5,0,345
2455,4,1.1565495,278,2429,N,6.66666666666667,0,345
2807,5,1.031742,248,2455,N,8.33333333333333,0,345
2519,6,1.198152,288,2807,N,10,0,345
2541,7,1.23559425,297,2519,N,11.6666666666667,0,345
4161,8,1.697382,408,2541,N,13.3333333333333,0,345
4140,9,1.51849125,365,4161,N,15,0,345
4320,10,1.880433,452,4140,N,16.6666666666667,0,345
5304,11,0.66980025,161,4320,Y,18.3333333333333,1,345
4873,12,0.732204,176,5304,N,20,1,345
5377,13,1.131588,272,4873,N,21.6666666666667,1,345
5563,14,1.11910725,269,5377,N,23.3333333333333,1,345
5581,15,1.0234215,246,5563,N,25,1,345
7521,16,1.11078675,267,5581,N,26.6666666666667,1,345
9607,17,1.09414575,263,7521,N,28.3333333333333,1,345
8236,18,1.09414575,263,9607,N,30,1,345
6457,19,1.08582525,261,8236,N,31.6666666666667,1,345
7469,20,1.148229,276,6457,N,33.3333333333333,1,345
6571,21,1.27719675,307,7469,N,35,1,345
6947,22,1.6557795,398,6571,N,36.6666666666667,1,345
8038,23,1.381203,332,6947,N,38.3333333333333,1,345
10114,24,1.72650375,415,8038,N,40,1,345
11169,25,1.5392925,370,10114,N,41.6666666666667,1,345
9202,26,1.70986275,411,11169,N,43.3333333333333,1,345
10835,27,0.915255,220,9202,Y,45,2,345
9100,28,1.03590225,249,10835,N,46.6666666666667,2,345
10638,29,1.0400625,250,9100,N,48.3333333333333,2,345
9267,30,0.93605625,225,10638,N,50,2,345
11460,31,1.09414575,263,9267,N,51.6666666666667,2,345
12663,32,1.16487,280,11460,N,53.3333333333333,2,345
12091,33,1.3229595,318,12663,N,55,2,345
12165,34,1.53513225,369,12091,N,56.6666666666667,2,345
14039,35,1.40200425,337,12165,N,58.3333333333333,2,345
14635,36,1.46856825,353,14039,N,60,2,345
13593,37,0.6073965,146,14635,Y,61.6666666666667,3,345
3425,0,0.798768,192,NA,N,0,0,346
3259,1,0.80292825,193,3425,N,1.66666666666667,0,346
2867,2,0.77796675,187,3259,N,3.33333333333333,0,346
2898,3,0.7571655,182,2867,N,5,0,346
2879,4,0.76132575,183,2898,N,6.66666666666667,0,346
3173,5,0.8902935,214,2879,N,8.33333333333333,0,346
2961,6,0.88613325,213,3173,N,10,0,346
3019,7,0.981819,236,2961,N,11.6666666666667,0,346
5041,8,0.981819,236,3019,N,13.3333333333333,0,346
5886,9,0.9402165,226,5041,N,15,0,346
4625,10,0.9901395,238,5886,N,16.6666666666667,0,346
4905,11,0.9901395,238,4625,N,18.3333333333333,0,346
4664,12,0.931896,224,4905,N,20,0,346
5053,13,1.08582525,261,4664,N,21.6666666666667,0,346
5363,14,1.0067805,242,5053,N,23.3333333333333,0,346
5399,15,1.22727375,295,5363,N,25,0,346
7413,16,1.281357,308,5399,N,26.6666666666667,0,346
9380,17,1.28551725,309,7413,N,28.3333333333333,0,346
8105,18,1.24391475,299,9380,N,30,0,346
6348,19,1.4394465,346,8105,N,31.6666666666667,0,346
7353,20,1.59337575,383,6348,N,33.3333333333333,0,346
6451,21,1.69322175,407,7353,N,35,0,346
6864,22,0.9069345,218,6451,Y,36.6666666666667,1,346
7924,23,0.898614,216,6864,N,38.3333333333333,1,346
10012,24,1.00262025,241,7924,N,40,1,346
11086,25,0.898614,216,10012,N,41.6666666666667,1,346
8875,26,0.96933825,233,11086,N,43.3333333333333,1,346
10620,27,0.88613325,213,8875,N,45,1,346
8952,28,1.18567125,285,10620,N,46.6666666666667,1,346
10487,29,1.18567125,285,8952,N,48.3333333333333,1,346
2914,0,0.67812075,163,NA,N,0,0,347
2731,1,0.74468475,179,2914,N,1.66666666666667,0,347
2498,2,0.6739605,162,2731,N,3.33333333333333,0,347
2431,3,0.78628725,189,2498,N,5,0,347
2464,4,0.7738065,186,2431,N,6.66666666666667,0,347
2824,5,0.898614,216,2464,N,8.33333333333333,0,347
2530,6,0.8902935,214,2824,N,10,0,347
2560,7,0.87781275,211,2530,N,11.6666666666667,0,347
4170,8,0.898614,216,2560,N,13.3333333333333,0,347
4149,9,0.981819,236,4170,N,15,0,347
4337,10,1.065024,256,4149,N,16.6666666666667,0,347
4339,11,1.02758175,247,4337,N,18.3333333333333,0,347
4476,12,1.12742775,271,4339,N,20,0,347
4702,13,1.27719675,307,4476,N,21.6666666666667,0,347
4556,14,1.16903025,281,4702,N,23.3333333333333,0,347
4962,15,1.2231135,294,4556,N,25,0,347
7203,16,1.31879925,317,4962,N,26.6666666666667,0,347
8733,17,1.56009375,375,7203,N,28.3333333333333,0,347
7914,18,1.564254,376,8733,N,30,0,347
6218,19,1.6724205,402,7914,N,31.6666666666667,0,347
7193,20,0.81124875,195,6218,Y,33.3333333333333,1,347
6142,21,0.96101775,231,7193,N,35,1,347
2914,0,0.67812075,163,NA,N,0,0,348
2731,1,0.74468475,179,2914,N,1.66666666666667,0,348
2498,2,0.6739605,162,2731,N,3.33333333333333,0,348
2431,3,0.78628725,189,2498,N,5,0,348
2464,4,0.7738065,186,2431,N,6.66666666666667,0,348
2824,5,0.898614,216,2464,N,8.33333333333333,0,348
2530,6,0.8902935,214,2824,N,10,0,348
2560,7,0.87781275,211,2530,N,11.6666666666667,0,348
4170,8,0.898614,216,2560,N,13.3333333333333,0,348
4149,9,0.981819,236,4170,N,15,0,348
4337,10,1.065024,256,4149,N,16.6666666666667,0,348
4339,11,1.02758175,247,4337,N,18.3333333333333,0,348
4476,12,1.12742775,271,4339,N,20,0,348
4702,13,1.27719675,307,4476,N,21.6666666666667,0,348
4556,14,1.16903025,281,4702,N,23.3333333333333,0,348
4962,15,1.2231135,294,4556,N,25,0,348
7203,16,1.31879925,317,4962,N,26.6666666666667,0,348
8733,17,1.56009375,375,7203,N,28.3333333333333,0,348
7914,18,1.564254,376,8733,N,30,0,348
6218,19,1.6724205,402,7914,N,31.6666666666667,0,348
7191,20,0.6906015,166,6218,Y,33.3333333333333,1,348
6140,21,0.732204,176,7191,N,35,1,348
6698,22,0.898614,216,6140,N,36.6666666666667,1,348
7762,23,0.948537,228,6698,N,38.3333333333333,1,348
9901,24,0.931896,224,7762,N,40,1,348
10972,25,0.948537,228,9901,N,41.6666666666667,1,348
8556,26,0.9402165,226,10972,N,43.3333333333333,1,348
10250,27,1.081665,260,8556,N,45,1,348
8625,28,0.915255,220,10250,N,46.6666666666667,1,348
10182,29,1.1066265,266,8625,N,48.3333333333333,1,348
8725,30,1.0899855,262,10182,N,50,1,348
12479,32,1.148229,276,8725,N,53.3333333333333,1,348
11723,33,1.1565495,278,12479,N,55,1,348
11784,34,1.23559425,297,11723,N,56.6666666666667,1,348
13271,35,1.29383775,311,11784,N,58.3333333333333,1,348
14082,36,1.54345275,371,13271,N,60,1,348
12865,37,0.63651825,153,14082,Y,61.6666666666667,2,348
3432,0,0.66980025,161,NA,N,0,0,349
3263,1,0.732204,176,3432,N,1.66666666666667,0,349
2871,2,0.81956925,197,3263,N,3.33333333333333,0,349
2905,3,0.6739605,162,2871,N,5,0,349
2884,4,0.732204,176,2905,N,6.66666666666667,0,349
3180,5,0.78628725,189,2884,N,8.33333333333333,0,349
2967,6,0.79460775,191,3180,N,10,0,349
3026,7,0.95269725,229,2967,N,11.6666666666667,0,349
5045,8,0.865332,208,3026,N,13.3333333333333,0,349
5890,9,0.87781275,211,5045,N,15,0,349
4628,10,0.948537,228,5890,N,16.6666666666667,0,349
4915,11,0.94437675,227,4628,N,18.3333333333333,0,349
4665,12,1.0067805,242,4915,N,20,0,349
5058,13,1.27719675,307,4665,N,21.6666666666667,0,349
5366,14,1.0234215,246,5058,N,23.3333333333333,0,349
5402,15,1.1066265,266,5366,N,25,0,349
7415,16,1.16487,280,5402,N,26.6666666666667,0,349
9382,17,1.2397545,298,7415,N,28.3333333333333,0,349
8106,18,1.347921,324,9382,N,30,0,349
6349,19,1.46024775,351,8106,N,31.6666666666667,0,349
7354,20,1.6224975,390,6349,N,33.3333333333333,0,349
6453,21,1.49769,360,7354,N,35,0,349
6868,22,1.83051,440,6453,N,36.6666666666667,0,349
7926,23,1.297998,312,6868,N,38.3333333333333,0,349
10015,24,0.7904475,190,7926,Y,40,1,349
11089,25,0.9402165,226,10015,N,41.6666666666667,1,349
3445,0,0.8570115,206,NA,N,0,0,350
3275,1,0.9734985,234,3445,N,1.66666666666667,0,350
2888,2,0.99846,240,3275,N,3.33333333333333,0,350
2939,3,1.06086375,255,2888,N,5,0,350
2902,4,0.99429975,239,2939,N,6.66666666666667,0,350
3193,5,1.0899855,262,2902,N,8.33333333333333,0,350
2987,6,1.21063275,291,3193,N,10,0,350
3031,7,1.32711975,319,2987,N,11.6666666666667,0,350
5060,8,1.40200425,337,3031,N,13.3333333333333,0,350
5915,9,1.56009375,375,5060,N,15,0,350
4636,10,1.47688875,355,5915,N,16.6666666666667,0,350
4931,11,1.80970875,435,4636,N,18.3333333333333,0,350
4677,12,1.880433,452,4931,N,20,0,350
5076,13,2.02604175,487,4677,N,21.6666666666667,0,350
5379,14,1.80970875,435,5076,N,23.3333333333333,0,350
5419,15,0.85285125,205,5379,Y,25,1,350
7425,16,0.85285125,205,5419,N,26.6666666666667,1,350
9392,17,0.94437675,227,7425,N,28.3333333333333,1,350
8115,18,1.0234215,246,9392,N,30,1,350
6354,19,1.01926125,245,8115,N,31.6666666666667,1,350
7360,20,1.24391475,299,6354,N,33.3333333333333,1,350
6462,21,1.231434,296,7360,N,35,1,350
6878,22,1.4061645,338,6462,N,36.6666666666667,1,350
7931,23,1.6391385,394,6878,N,38.3333333333333,1,350
10020,24,1.6058565,386,7931,N,40,1,350
11094,25,1.780587,428,10020,N,41.6666666666667,1,350
8902,26,1.697382,408,11094,N,43.3333333333333,1,350
10634,27,0.865332,208,8902,Y,45,2,350
3453,0,0.79460775,191,NA,N,0,0,351
3285,1,0.8902935,214,3453,N,1.66666666666667,0,351
2901,2,0.88613325,213,3285,N,3.33333333333333,0,351
2949,3,0.93605625,225,2901,N,5,0,351
2923,4,0.9901395,238,2949,N,6.66666666666667,0,351
3608,5,1.01094075,243,2923,N,8.33333333333333,0,351
3001,6,1.0400625,250,3608,N,10,0,351
3035,7,0.965178,232,3001,N,11.6666666666667,0,351
5065,8,1.114947,268,3035,N,13.3333333333333,0,351
5917,9,1.098306,264,5065,N,15,0,351
4640,10,1.16070975,279,5917,N,16.6666666666667,0,351
4946,11,1.01094075,243,4640,N,18.3333333333333,0,351
4681,12,1.07750475,259,4946,N,20,0,351
5082,13,1.5060105,362,4681,N,21.6666666666667,0,351
5383,14,1.43528625,345,5082,N,23.3333333333333,0,351
5423,15,1.35208125,325,5383,N,25,0,351
7429,16,1.414485,340,5423,N,26.6666666666667,0,351
9440,17,1.43528625,345,7429,N,28.3333333333333,0,351
8117,18,1.41032475,339,9440,N,30,0,351
6355,19,1.61833725,389,8117,N,31.6666666666667,0,351
7361,20,0.7738065,186,6355,Y,33.3333333333333,1,351
6464,21,0.8902935,214,7361,N,35,1,351
6881,22,0.881973,212,6464,N,36.6666666666667,1,351
7932,23,0.92773575,223,6881,N,38.3333333333333,1,351
10021,24,0.93605625,225,7932,N,40,1,351
11095,25,0.96101775,231,10021,N,41.6666666666667,1,351
8905,26,1.01094075,243,11095,N,43.3333333333333,1,351
10640,27,0.97765875,235,8905,N,45,1,351
8968,28,1.24391475,299,10640,N,46.6666666666667,1,351
10511,29,0.8570115,206,8968,N,48.3333333333333,1,351
9075,30,1.198152,288,10511,N,50,1,351
12594,32,1.3063185,314,9075,N,53.3333333333333,1,351
11963,33,1.61001675,387,12594,N,55,1,351
12013,34,0.73636425,177,11963,Y,56.6666666666667,2,351
13469,35,0.815409,196,12013,N,58.3333333333333,2,351
14257,36,0.81124875,195,13469,N,60,2,351
12971,37,0.765486,184,14257,N,61.6666666666667,2,351
3453,0,0.79460775,191,NA,N,0,0,352
3285,1,0.8902935,214,3453,N,1.66666666666667,0,352
2901,2,0.88613325,213,3285,N,3.33333333333333,0,352
2949,3,0.93605625,225,2901,N,5,0,352
2923,4,0.9901395,238,2949,N,6.66666666666667,0,352
3608,5,1.01094075,243,2923,N,8.33333333333333,0,352
3001,6,1.0400625,250,3608,N,10,0,352
3035,7,0.965178,232,3001,N,11.6666666666667,0,352
5065,8,1.114947,268,3035,N,13.3333333333333,0,352
5917,9,1.098306,264,5065,N,15,0,352
4640,10,1.16070975,279,5917,N,16.6666666666667,0,352
4946,11,1.01094075,243,4640,N,18.3333333333333,0,352
4681,12,1.07750475,259,4946,N,20,0,352
5082,13,1.5060105,362,4681,N,21.6666666666667,0,352
5383,14,1.43528625,345,5082,N,23.3333333333333,0,352
5423,15,1.35208125,325,5383,N,25,0,352
7429,16,1.414485,340,5423,N,26.6666666666667,0,352
9440,17,1.43528625,345,7429,N,28.3333333333333,0,352
8117,18,1.41032475,339,9440,N,30,0,352
6355,19,1.61833725,389,8117,N,31.6666666666667,0,352
7363,20,0.7571655,182,6355,Y,33.3333333333333,1,352
6467,21,0.80292825,193,7363,N,35,1,352
6883,22,0.948537,228,6467,N,36.6666666666667,1,352
7933,23,0.9568575,230,6883,N,38.3333333333333,1,352
10022,24,0.9069345,218,7933,N,40,1,352
11096,25,0.86117175,207,10022,N,41.6666666666667,1,352
8909,26,0.88613325,213,11096,N,43.3333333333333,1,352
10642,27,0.881973,212,8909,N,45,1,352
10346,29,0.96933825,233,10642,N,48.3333333333333,1,352
9078,30,0.98597925,237,10346,N,50,1,352
12595,32,1.18567125,285,9078,N,53.3333333333333,1,352
11965,33,1.22727375,295,12595,N,55,1,352
12015,34,1.41032475,339,11965,N,56.6666666666667,1,352
13471,35,0.7238835,174,12015,Y,58.3333333333333,2,352
14256,36,0.765486,184,13471,N,60,2,352
12970,37,0.8403705,202,14256,N,61.6666666666667,2,352
2947,0,1.131588,272,NA,N,0,0,353
2758,1,1.16070975,279,2947,N,1.66666666666667,0,353
2557,2,1.20231225,289,2758,N,3.33333333333333,0,353
2449,3,1.23559425,297,2557,N,5,0,353
2477,4,1.5392925,370,2449,N,6.66666666666667,0,353
2846,5,1.68490125,405,2477,N,8.33333333333333,0,353
2546,6,1.33128,320,2846,N,10,0,353
2588,7,1.3229595,318,2546,N,11.6666666666667,0,353
4187,8,1.6557795,398,2588,N,13.3333333333333,0,353
4166,9,1.70986275,411,4187,N,15,0,353
4366,10,1.74314475,419,4166,N,16.6666666666667,0,353
4359,11,1.7389845,418,4366,N,18.3333333333333,0,353
4490,12,1.847151,444,4359,N,20,0,353
4722,13,2.1050865,506,4490,N,21.6666666666667,0,353
4567,14,0.81956925,197,4722,Y,23.3333333333333,1,353
4982,15,0.87781275,211,4567,N,25,1,353
7210,16,1.1066265,266,4982,N,26.6666666666667,1,353
8745,17,1.15238925,277,7210,N,28.3333333333333,1,353
7953,18,1.19399175,287,8745,N,30,1,353
6225,19,1.26887625,305,7953,N,31.6666666666667,1,353
7201,20,1.45192725,349,6225,N,33.3333333333333,1,353
6149,21,1.54345275,371,7201,N,35,1,353
6702,22,1.6391385,394,6149,N,36.6666666666667,1,353
7766,23,1.46024775,351,6702,N,38.3333333333333,1,353
9906,24,1.7223435,414,7766,N,40,1,353
10977,25,0.72804375,175,9906,Y,41.6666666666667,2,353
8563,26,0.915255,220,10977,N,43.3333333333333,2,353
10261,27,0.865332,208,8563,N,45,2,353
8661,28,0.9235755,222,10261,N,46.6666666666667,2,353
10192,29,1.04422275,251,8661,N,48.3333333333333,2,353
8736,30,1.181511,284,10192,N,50,2,353
11474,31,1.40200425,337,8736,N,51.6666666666667,2,353
12484,32,1.2064725,290,11474,N,53.3333333333333,2,353
2947,0,1.131588,272,NA,N,0,0,354
2758,1,1.16070975,279,2947,N,1.66666666666667,0,354
2557,2,1.20231225,289,2758,N,3.33333333333333,0,354
2449,3,1.23559425,297,2557,N,5,0,354
2477,4,1.5392925,370,2449,N,6.66666666666667,0,354
2846,5,1.68490125,405,2477,N,8.33333333333333,0,354
2546,6,1.33128,320,2846,N,10,0,354
2588,7,1.3229595,318,2546,N,11.6666666666667,0,354
4187,8,1.6557795,398,2588,N,13.3333333333333,0,354
4166,9,1.70986275,411,4187,N,15,0,354
4366,10,1.74314475,419,4166,N,16.6666666666667,0,354
4359,11,1.7389845,418,4366,N,18.3333333333333,0,354
4490,12,1.847151,444,4359,N,20,0,354
4722,13,2.1050865,506,4490,N,21.6666666666667,0,354
4568,14,0.81124875,195,4722,Y,23.3333333333333,1,354
4987,15,0.78628725,189,4568,N,25,1,354
7212,16,0.9901395,238,4987,N,26.6666666666667,1,354
8747,17,0.99846,240,7212,N,28.3333333333333,1,354
7955,18,1.09414575,263,8747,N,30,1,354
6226,19,1.081665,260,7955,N,31.6666666666667,1,354
7202,20,1.4394465,346,6226,N,33.3333333333333,1,354
6151,21,1.42696575,343,7202,N,35,1,354
6703,22,1.564254,376,6151,N,36.6666666666667,1,354
7767,23,1.5060105,362,6703,N,38.3333333333333,1,354
9907,24,1.38536325,333,7767,N,40,1,354
10980,25,0.9235755,222,9907,Y,41.6666666666667,2,354
8569,26,0.9235755,222,10980,N,43.3333333333333,2,354
10269,27,1.04422275,251,8569,N,45,2,354
8674,28,1.03590225,249,10269,N,46.6666666666667,2,354
10207,29,1.098306,264,8674,N,48.3333333333333,2,354
8755,30,1.1232675,270,10207,N,50,2,354
3461,0,0.88613325,213,NA,N,0,0,355
3298,1,0.86949225,209,3461,N,1.66666666666667,0,355
2910,2,0.90277425,217,3298,N,3.33333333333333,0,355
2962,3,0.881973,212,2910,N,5,0,355
2935,4,0.8237295,198,2962,N,6.66666666666667,0,355
3777,5,0.95269725,229,2935,N,8.33333333333333,0,355
3022,6,0.948537,228,3777,N,10,0,355
3096,7,0.86117175,207,3022,N,11.6666666666667,0,355
5074,8,1.0067805,242,3096,N,13.3333333333333,0,355
5923,9,0.91109475,219,5074,N,15,0,355
4644,10,1.031742,248,5923,N,16.6666666666667,0,355
4958,11,0.96933825,233,4644,N,18.3333333333333,0,355
4688,12,0.96101775,231,4958,N,20,0,355
5094,13,1.2064725,290,4688,N,21.6666666666667,0,355
5389,14,0.865332,208,5094,N,23.3333333333333,0,355
5432,15,0.915255,220,5389,N,25,0,355
7436,16,1.04422275,251,5432,N,26.6666666666667,0,355
9446,17,0.99429975,239,7436,N,28.3333333333333,0,355
8121,18,0.9734985,234,9446,N,30,0,355
6358,19,0.92773575,223,8121,N,31.6666666666667,0,355
7367,20,0.948537,228,6358,N,33.3333333333333,0,355
6471,21,1.2730365,306,7367,N,35,0,355
6887,22,1.24391475,299,6471,N,36.6666666666667,0,355
10024,24,0.9069345,218,6887,N,40,0,355
11098,25,0.94437675,227,10024,N,41.6666666666667,0,355
8914,26,1.0234215,246,11098,N,43.3333333333333,0,355
10646,27,1.214793,292,8914,N,45,0,355
8971,28,1.16903025,281,10646,N,46.6666666666667,0,355
10514,29,1.26887625,305,8971,N,48.3333333333333,0,355
9084,30,1.4061645,338,10514,N,50,0,355
11584,31,1.5060105,362,9084,N,51.6666666666667,0,355
12597,32,1.6058565,386,11584,N,53.3333333333333,0,355
11968,33,1.48520925,357,12597,N,55,0,355
12022,34,0.75300525,181,11968,Y,56.6666666666667,1,355
13476,35,0.82788975,199,12022,N,58.3333333333333,1,355
14260,36,0.83205,200,13476,N,60,1,355
12973,37,0.89445375,215,14260,N,61.6666666666667,1,355
2957,0,1.364562,328,NA,N,0,0,356
2775,1,1.47688875,355,2957,N,1.66666666666667,0,356
2611,2,1.5060105,362,2775,N,3.33333333333333,0,356
2454,3,0.72804375,175,2611,Y,5,1,356
2482,4,0.80292825,193,2454,N,6.66666666666667,1,356
2855,5,0.7405245,178,2482,N,8.33333333333333,1,356
2553,6,0.898614,216,2855,N,10,1,356
2596,7,0.8403705,202,2553,N,11.6666666666667,1,356
4190,8,0.8736525,210,2596,N,13.3333333333333,1,356
4169,9,0.96101775,231,4190,N,15,1,356
4369,10,1.065024,256,4169,N,16.6666666666667,1,356
4364,11,1.081665,260,4369,N,18.3333333333333,1,356
4493,12,1.03590225,249,4364,N,20,1,356
4726,13,1.35208125,325,4493,N,21.6666666666667,1,356
4571,14,1.01926125,245,4726,N,23.3333333333333,1,356
4991,15,1.114947,268,4571,N,25,1,356
7214,16,1.2397545,298,4991,N,26.6666666666667,1,356
8772,17,1.4560875,350,7214,N,28.3333333333333,1,356
7958,18,1.33128,320,8772,N,30,1,356
6228,19,1.148229,276,7958,N,31.6666666666667,1,356
7207,20,1.414485,340,6228,N,33.3333333333333,1,356
6154,21,1.56009375,375,7207,N,35,1,356
6705,22,1.7556255,422,6154,N,36.6666666666667,1,356
7769,23,1.564254,376,6705,N,38.3333333333333,1,356
9909,24,0.8237295,198,7769,Y,40,2,356
10982,25,0.88613325,213,9909,N,41.6666666666667,2,356
8574,26,0.9069345,218,10982,N,43.3333333333333,2,356
10275,27,0.89445375,215,8574,N,45,2,356
8682,28,0.8237295,198,10275,N,46.6666666666667,2,356
10214,29,0.81124875,195,8682,N,48.3333333333333,2,356
8757,30,0.782127,188,10214,N,50,2,356
12489,32,0.7904475,190,8757,N,53.3333333333333,2,356
11742,33,0.798768,192,12489,N,55,2,356
11796,34,1.04422275,251,11742,N,56.6666666666667,2,356
13288,35,1.32711975,319,11796,N,58.3333333333333,2,356
14103,36,1.347921,324,13288,N,60,2,356
12872,37,1.16903025,281,14103,N,61.6666666666667,2,356
3476,0,1.3229595,318,NA,N,0,0,357
3308,1,0.73636425,177,3476,Y,1.66666666666667,1,357
2915,2,0.75300525,181,3308,N,3.33333333333333,1,357
3476,0,1.3229595,318,NA,N,0,0,358
3314,1,0.80292825,193,3476,Y,1.66666666666667,1,358
2919,2,0.74468475,179,3314,N,3.33333333333333,1,358
2997,3,0.815409,196,2919,N,5,1,358
2945,4,0.78628725,189,2997,N,6.66666666666667,1,358
3787,5,0.948537,228,2945,N,8.33333333333333,1,358
3206,6,0.931896,224,3787,N,10,1,358
3108,7,0.9235755,222,3206,N,11.6666666666667,1,358
5090,8,0.86117175,207,3108,N,13.3333333333333,1,358
5932,9,1.03590225,249,5090,N,15,1,358
4647,10,0.8902935,214,5932,N,16.6666666666667,1,358
4965,11,0.98597925,237,4647,N,18.3333333333333,1,358
4698,12,1.031742,248,4965,N,20,1,358
5106,13,1.248075,300,4698,N,21.6666666666667,1,358
5396,14,1.31047875,315,5106,N,23.3333333333333,1,358
5442,15,1.24391475,299,5396,N,25,1,358
7441,16,1.4893695,358,5442,N,26.6666666666667,1,358
9452,17,1.364562,328,7441,N,28.3333333333333,1,358
8125,18,1.3562415,326,9452,N,30,1,358
6360,19,1.55177325,373,8125,N,31.6666666666667,1,358
7369,20,0.7904475,190,6360,Y,33.3333333333333,2,358
6475,21,0.76132575,183,7369,N,35,2,358
6891,22,0.9568575,230,6475,N,36.6666666666667,2,358
3480,0,1.02758175,247,NA,N,0,0,359
3317,1,0.97765875,235,3480,N,1.66666666666667,0,359
2925,2,1.03590225,249,3317,N,3.33333333333333,0,359
3002,3,0.95269725,229,2925,N,5,0,359
2952,4,0.9235755,222,3002,N,6.66666666666667,0,359
3792,5,1.03590225,249,2952,N,8.33333333333333,0,359
3214,6,0.99429975,239,3792,N,10,0,359
3113,7,1.00262025,241,3214,N,11.6666666666667,0,359
5096,8,1.048383,252,3113,N,13.3333333333333,0,359
5935,9,1.03590225,249,5096,N,15,0,359
4667,10,1.2231135,294,5935,N,16.6666666666667,0,359
4972,11,1.0733445,258,4667,N,18.3333333333333,0,359
4705,12,1.214793,292,4972,N,20,0,359
5112,13,1.6641,400,4705,N,21.6666666666667,0,359
5406,14,1.3229595,318,5112,N,23.3333333333333,0,359
5447,15,1.42696575,343,5406,N,25,0,359
7443,16,1.7556255,422,5447,N,26.6666666666667,0,359
9455,17,1.81802925,437,7443,N,28.3333333333333,0,359
8127,18,1.048383,252,9455,Y,30,1,359
6361,19,0.91941525,221,8127,N,31.6666666666667,1,359
7373,20,0.81956925,197,6361,N,33.3333333333333,1,359
6480,21,1.2231135,294,7373,N,35,1,359
6896,22,1.264716,304,6480,N,36.6666666666667,1,359
7937,23,1.16903025,281,6896,N,38.3333333333333,1,359
10027,24,1.07750475,259,7937,N,40,1,359
11101,25,1.11078675,267,10027,N,41.6666666666667,1,359
8924,26,1.3562415,326,11101,N,43.3333333333333,1,359
10768,27,1.45192725,349,8924,N,45,1,359
8975,28,1.24391475,299,10768,N,46.6666666666667,1,359
10526,29,1.35208125,325,8975,N,48.3333333333333,1,359
9090,30,1.297998,312,10526,N,50,1,359
11512,31,0.815409,196,9090,Y,51.6666666666667,2,359
12522,32,0.881973,212,11512,N,53.3333333333333,2,359
11840,33,0.83621025,201,12522,N,55,2,359
11830,34,0.898614,216,11840,N,56.6666666666667,2,359
13336,35,1.015101,244,11830,N,58.3333333333333,2,359
14156,36,1.015101,244,13336,N,60,2,359
12901,37,1.07750475,259,14156,N,61.6666666666667,2,359
3480,0,1.02758175,247,NA,N,0,0,360
3317,1,0.97765875,235,3480,N,1.66666666666667,0,360
2925,2,1.03590225,249,3317,N,3.33333333333333,0,360
3002,3,0.95269725,229,2925,N,5,0,360
2952,4,0.9235755,222,3002,N,6.66666666666667,0,360
3792,5,1.03590225,249,2952,N,8.33333333333333,0,360
3214,6,0.99429975,239,3792,N,10,0,360
3113,7,1.00262025,241,3214,N,11.6666666666667,0,360
5096,8,1.048383,252,3113,N,13.3333333333333,0,360
5935,9,1.03590225,249,5096,N,15,0,360
4667,10,1.2231135,294,5935,N,16.6666666666667,0,360
4972,11,1.0733445,258,4667,N,18.3333333333333,0,360
4705,12,1.214793,292,4972,N,20,0,360
5112,13,1.6641,400,4705,N,21.6666666666667,0,360
5406,14,1.3229595,318,5112,N,23.3333333333333,0,360
5447,15,1.42696575,343,5406,N,25,0,360
7443,16,1.7556255,422,5447,N,26.6666666666667,0,360
9455,17,1.81802925,437,7443,N,28.3333333333333,0,360
8129,18,0.94437675,227,9455,Y,30,1,360
6362,19,1.05254325,253,8129,N,31.6666666666667,1,360
7374,20,0.881973,212,6362,N,33.3333333333333,1,360
6482,21,1.26887625,305,7374,N,35,1,360
6897,22,1.26055575,303,6482,N,36.6666666666667,1,360
7938,23,1.2730365,306,6897,N,38.3333333333333,1,360
10028,24,1.06918425,257,7938,N,40,1,360
11102,25,1.0234215,246,10028,N,41.6666666666667,1,360
8927,26,1.15238925,277,11102,N,43.3333333333333,1,360
10769,27,1.198152,288,8927,N,45,1,360
8976,28,1.264716,304,10769,N,46.6666666666667,1,360
10528,29,1.2896775,310,8976,N,48.3333333333333,1,360
9092,30,1.45192725,349,10528,N,50,1,360
11397,31,1.65993975,399,9092,N,51.6666666666667,1,360
12599,32,0.71140275,171,11397,Y,53.3333333333333,2,360
2972,0,1.15238925,277,NA,N,0,0,361
3030,1,1.16070975,279,2972,N,1.66666666666667,0,361
2616,2,1.2397545,298,3030,N,3.33333333333333,0,361
2460,3,1.21895325,293,2616,N,5,0,361
2489,4,1.4228055,342,2460,N,6.66666666666667,0,361
2868,5,1.48520925,357,2489,N,8.33333333333333,0,361
2562,6,1.7057025,410,2868,N,10,0,361
2617,7,1.70154225,409,2562,N,11.6666666666667,0,361
4200,8,0.71972325,173,2617,Y,13.3333333333333,1,361
4177,9,0.84453075,203,4200,N,15,1,361
4383,10,0.8736525,210,4177,N,16.6666666666667,1,361
4376,11,0.881973,212,4383,N,18.3333333333333,1,361
4503,12,0.83205,200,4376,N,20,1,361
4742,13,1.04422275,251,4503,N,21.6666666666667,1,361
4588,14,0.931896,224,4742,N,23.3333333333333,1,361
5010,15,0.92773575,223,4588,N,25,1,361
7241,16,0.99429975,239,5010,N,26.6666666666667,1,361
8782,17,1.0899855,262,7241,N,28.3333333333333,1,361
7968,18,1.21895325,293,8782,N,30,1,361
6232,19,1.31879925,317,7968,N,31.6666666666667,1,361
7213,20,1.45192725,349,6232,N,33.3333333333333,1,361
6162,21,1.65161925,397,7213,N,35,1,361
6709,22,1.9553175,470,6162,N,36.6666666666667,1,361
7775,23,1.5392925,370,6709,N,38.3333333333333,1,361
9916,24,0.86949225,209,7775,Y,40,2,361
10987,25,0.91941525,221,9916,N,41.6666666666667,2,361
2979,0,0.881973,212,NA,N,0,0,362
3034,1,0.87781275,211,2979,N,1.66666666666667,0,362
2649,2,0.8403705,202,3034,N,3.33333333333333,0,362
2466,3,0.848691,204,2649,N,5,0,362
2496,4,0.87781275,211,2466,N,6.66666666666667,0,362
2878,5,1.06086375,255,2496,N,8.33333333333333,0,362
2570,6,1.031742,248,2878,N,10,0,362
2628,7,1.07750475,259,2570,N,11.6666666666667,0,362
4209,8,1.14406875,275,2628,N,13.3333333333333,0,362
5736,9,1.1898315,286,4209,N,15,0,362
4392,10,1.39368375,335,5736,N,16.6666666666667,0,362
4385,11,1.40200425,337,4392,N,18.3333333333333,0,362
4507,12,1.43528625,345,4385,N,20,0,362
4752,13,1.697382,408,4507,N,21.6666666666667,0,362
4600,14,1.6224975,390,4752,N,23.3333333333333,0,362
5021,15,1.59337575,383,4600,N,25,0,362
7246,16,1.78474725,429,5021,N,26.6666666666667,0,362
8791,17,1.9885995,478,7246,N,28.3333333333333,0,362
7971,18,1.70154225,409,8791,N,30,0,362
6234,19,1.963638,472,7971,N,31.6666666666667,0,362
7219,20,1.97611875,475,6234,N,33.3333333333333,0,362
6168,21,1.048383,252,7219,Y,35,1,362
6713,22,1.06086375,255,6168,N,36.6666666666667,1,362
7779,23,1.01094075,243,6713,N,38.3333333333333,1,362
9921,24,1.12742775,271,7779,N,40,1,362
10991,25,1.05254325,253,9921,N,41.6666666666667,1,362
8583,26,1.16070975,279,10991,N,43.3333333333333,1,362
10291,27,1.11078675,267,8583,N,45,1,362
8722,28,1.214793,292,10291,N,46.6666666666667,1,362
10243,29,1.0567035,254,8722,N,48.3333333333333,1,362
8766,30,1.07750475,259,10243,N,50,1,362
2979,0,0.881973,212,NA,N,0,0,363
3034,1,0.87781275,211,2979,N,1.66666666666667,0,363
2649,2,0.8403705,202,3034,N,3.33333333333333,0,363
2466,3,0.848691,204,2649,N,5,0,363
2496,4,0.87781275,211,2466,N,6.66666666666667,0,363
2878,5,1.06086375,255,2496,N,8.33333333333333,0,363
2570,6,1.031742,248,2878,N,10,0,363
2628,7,1.07750475,259,2570,N,11.6666666666667,0,363
4209,8,1.14406875,275,2628,N,13.3333333333333,0,363
5736,9,1.1898315,286,4209,N,15,0,363
4392,10,1.39368375,335,5736,N,16.6666666666667,0,363
4385,11,1.40200425,337,4392,N,18.3333333333333,0,363
4507,12,1.43528625,345,4385,N,20,0,363
4752,13,1.697382,408,4507,N,21.6666666666667,0,363
4600,14,1.6224975,390,4752,N,23.3333333333333,0,363
5021,15,1.59337575,383,4600,N,25,0,363
7246,16,1.78474725,429,5021,N,26.6666666666667,0,363
8791,17,1.9885995,478,7246,N,28.3333333333333,0,363
7971,18,1.70154225,409,8791,N,30,0,363
6234,19,1.963638,472,7971,N,31.6666666666667,0,363
7219,20,1.97611875,475,6234,N,33.3333333333333,0,363
6167,21,1.1565495,278,7219,Y,35,1,363
6714,22,1.22727375,295,6167,N,36.6666666666667,1,363
7778,23,1.098306,264,6714,N,38.3333333333333,1,363
9920,24,1.198152,288,7778,N,40,1,363
10992,25,1.15238925,277,9920,N,41.6666666666667,1,363
8584,26,1.39368375,335,10992,N,43.3333333333333,1,363
10294,27,1.36872225,329,8584,N,45,1,363
8726,28,1.248075,300,10294,N,46.6666666666667,1,363
10246,29,1.30215825,313,8726,N,48.3333333333333,1,363
8767,30,1.36040175,327,10246,N,50,1,363
11488,31,1.58505525,381,8767,N,51.6666666666667,1,363
12499,32,0.65315925,157,11488,Y,53.3333333333333,2,363
3491,0,1.21895325,293,NA,N,0,0,364
3330,1,1.131588,272,3491,N,1.66666666666667,0,364
2936,2,1.3063185,314,3330,N,3.33333333333333,0,364
3013,3,1.29383775,311,2936,N,5,0,364
2965,4,1.31047875,315,3013,N,6.66666666666667,0,364
3800,5,1.530972,368,2965,N,8.33333333333333,0,364
3235,6,1.49352975,359,3800,N,10,0,364
3125,7,1.83467025,441,3235,N,11.6666666666667,0,364
5108,8,1.63497825,393,3125,N,13.3333333333333,0,364
5944,9,1.73482425,417,5108,N,15,0,364
4679,10,1.87627275,451,5944,N,16.6666666666667,0,364
4983,11,0.815409,196,4679,Y,18.3333333333333,1,364
4716,12,0.87781275,211,4983,N,20,1,364
5126,13,1.01094075,243,4716,N,21.6666666666667,1,364
5414,14,0.9402165,226,5126,N,23.3333333333333,1,364
5455,15,1.015101,244,5414,N,25,1,364
7448,16,1.16903025,281,5455,N,26.6666666666667,1,364
9460,17,1.1066265,266,7448,N,28.3333333333333,1,364
8134,18,1.33544025,321,9460,N,30,1,364
6364,19,1.3229595,318,8134,N,31.6666666666667,1,364
7379,20,1.347921,324,6364,N,33.3333333333333,1,364
6486,21,1.36040175,327,7379,N,35,1,364
6900,22,1.45192725,349,6486,N,36.6666666666667,1,364
7941,23,0.71140275,171,6900,Y,38.3333333333333,2,364
10032,24,0.6240375,150,7941,N,40,2,364
11107,25,0.70308225,169,10032,N,41.6666666666667,2,364
3491,0,1.21895325,293,NA,N,0,0,365
3330,1,1.131588,272,3491,N,1.66666666666667,0,365
2936,2,1.3063185,314,3330,N,3.33333333333333,0,365
3013,3,1.29383775,311,2936,N,5,0,365
2965,4,1.31047875,315,3013,N,6.66666666666667,0,365
3800,5,1.530972,368,2965,N,8.33333333333333,0,365
3235,6,1.49352975,359,3800,N,10,0,365
3125,7,1.83467025,441,3235,N,11.6666666666667,0,365
5108,8,1.63497825,393,3125,N,13.3333333333333,0,365
5944,9,1.73482425,417,5108,N,15,0,365
4679,10,1.87627275,451,5944,N,16.6666666666667,0,365
4986,11,0.81124875,195,4679,Y,18.3333333333333,1,365
4719,12,0.848691,204,4986,N,20,1,365
5134,13,1.03590225,249,4719,N,21.6666666666667,1,365
5417,14,0.89445375,215,5134,N,23.3333333333333,1,365
5458,15,0.87781275,211,5417,N,25,1,365
7450,16,0.94437675,227,5458,N,26.6666666666667,1,365
9464,17,0.96933825,233,7450,N,28.3333333333333,1,365
8136,18,0.93605625,225,9464,N,30,1,365
6365,19,0.90277425,217,8136,N,31.6666666666667,1,365
7381,20,0.981819,236,6365,N,33.3333333333333,1,365
6488,21,1.0567035,254,7381,N,35,1,365
6901,22,1.17735075,283,6488,N,36.6666666666667,1,365
7942,23,0.948537,228,6901,N,38.3333333333333,1,365
10033,24,1.04422275,251,7942,N,40,1,365
11108,25,0.9402165,226,10033,N,41.6666666666667,1,365
8938,26,1.3229595,318,11108,N,43.3333333333333,1,365
10773,27,1.56009375,375,8938,N,45,1,365
9080,28,0.7571655,182,10773,Y,46.6666666666667,2,365
10627,29,0.81956925,197,9080,N,48.3333333333333,2,365
3496,0,0.898614,216,NA,N,0,0,366
3334,1,0.84453075,203,3496,N,1.66666666666667,0,366
2943,2,0.9568575,230,3334,N,3.33333333333333,0,366
3021,3,0.931896,224,2943,N,5,0,366
2973,4,0.881973,212,3021,N,6.66666666666667,0,366
3804,5,1.12742775,271,2973,N,8.33333333333333,0,366
3272,6,1.0733445,258,3804,N,10,0,366
3156,7,1.02758175,247,3272,N,11.6666666666667,0,366
5114,8,1.25223525,301,3156,N,13.3333333333333,0,366
5945,9,1.1565495,278,5114,N,15,0,366
4682,10,1.3728825,330,5945,N,16.6666666666667,0,366
4992,11,1.2730365,306,4682,N,18.3333333333333,0,366
4723,12,1.33544025,321,4992,N,20,0,366
5143,13,1.747305,420,4723,N,21.6666666666667,0,366
5421,14,1.26055575,303,5143,N,23.3333333333333,0,366
5464,15,1.614177,388,5421,N,25,0,366
7452,16,0.782127,188,5464,Y,26.6666666666667,1,366
9467,17,0.83621025,201,7452,N,28.3333333333333,1,366
3496,0,0.898614,216,NA,N,0,0,367
3334,1,0.84453075,203,3496,N,1.66666666666667,0,367
2943,2,0.9568575,230,3334,N,3.33333333333333,0,367
3021,3,0.931896,224,2943,N,5,0,367
2973,4,0.881973,212,3021,N,6.66666666666667,0,367
3804,5,1.12742775,271,2973,N,8.33333333333333,0,367
3272,6,1.0733445,258,3804,N,10,0,367
3156,7,1.02758175,247,3272,N,11.6666666666667,0,367
5114,8,1.25223525,301,3156,N,13.3333333333333,0,367
5945,9,1.1565495,278,5114,N,15,0,367
4682,10,1.3728825,330,5945,N,16.6666666666667,0,367
4992,11,1.2730365,306,4682,N,18.3333333333333,0,367
4723,12,1.33544025,321,4992,N,20,0,367
5143,13,1.747305,420,4723,N,21.6666666666667,0,367
5421,14,1.26055575,303,5143,N,23.3333333333333,0,367
5464,15,1.614177,388,5421,N,25,0,367
7454,16,0.76132575,183,5464,Y,26.6666666666667,1,367
9469,17,0.81956925,197,7454,N,28.3333333333333,1,367
8138,18,0.97765875,235,9469,N,30,1,367
6367,19,1.00262025,241,8138,N,31.6666666666667,1,367
7383,20,0.94437675,227,6367,N,33.3333333333333,1,367
6491,21,1.06918425,257,7383,N,35,1,367
6903,22,1.21063275,291,6491,N,36.6666666666667,1,367
7944,23,0.9901395,238,6903,N,38.3333333333333,1,367
10035,24,1.06086375,255,7944,N,40,1,367
11110,25,1.1731905,282,10035,N,41.6666666666667,1,367
8943,26,1.1399085,274,11110,N,43.3333333333333,1,367
10775,27,1.264716,304,8943,N,45,1,367
8982,28,1.2231135,294,10775,N,46.6666666666667,1,367
10539,29,1.364562,328,8982,N,48.3333333333333,1,367
9101,30,1.57673475,379,10539,N,50,1,367
11402,31,1.231434,296,9101,N,51.6666666666667,1,367
12605,32,0.72804375,175,11402,Y,53.3333333333333,2,367
2992,0,1.35208125,325,NA,N,0,0,368
3046,1,1.34376075,323,2992,N,1.66666666666667,0,368
2658,2,1.4061645,338,3046,N,3.33333333333333,0,368
2475,3,1.54345275,371,2658,N,5,0,368
2504,4,1.4893695,358,2475,N,6.66666666666667,0,368
2904,5,0.71972325,173,2504,Y,8.33333333333333,1,368
2580,6,0.8570115,206,2904,N,10,1,368
2777,7,0.87781275,211,2580,N,11.6666666666667,1,368
4225,8,0.85285125,205,2777,N,13.3333333333333,1,368
5739,9,0.848691,204,4225,N,15,1,368
4400,10,0.865332,208,5739,N,16.6666666666667,1,368
4396,11,0.90277425,217,4400,N,18.3333333333333,1,368
4511,12,0.9901395,238,4396,N,20,1,368
4770,13,1.12742775,271,4511,N,21.6666666666667,1,368
4609,14,1.04422275,251,4770,N,23.3333333333333,1,368
5042,15,1.2231135,294,4609,N,25,1,368
7254,16,1.21063275,291,5042,N,26.6666666666667,1,368
8803,17,1.21063275,291,7254,N,28.3333333333333,1,368
7975,18,1.21895325,293,8803,N,30,1,368
6237,19,1.431126,344,7975,N,31.6666666666667,1,368
7222,20,1.42696575,343,6237,N,33.3333333333333,1,368
6174,21,1.5392925,370,7222,N,35,1,368
6717,22,1.64329875,395,6174,N,36.6666666666667,1,368
7783,23,1.75146525,421,6717,N,38.3333333333333,1,368
9925,24,1.8721125,450,7783,N,40,1,368
10996,25,1.946997,468,9925,N,41.6666666666667,1,368
8588,26,2.080125,500,10996,N,43.3333333333333,1,368
10304,27,0.86949225,209,8588,Y,45,2,368
3507,0,1.04422275,251,NA,N,0,0,369
3346,1,0.96933825,233,3507,N,1.66666666666667,0,369
2960,2,1.14406875,275,3346,N,3.33333333333333,0,369
3040,3,1.16487,280,2960,N,5,0,369
2983,4,1.22727375,295,3040,N,6.66666666666667,0,369
3815,5,1.19399175,287,2983,N,8.33333333333333,0,369
3282,6,1.43528625,345,3815,N,10,0,369
3168,7,1.66826025,401,3282,N,11.6666666666667,0,369
5124,8,0.698922,168,3168,Y,13.3333333333333,1,369
5947,9,0.82788975,199,5124,N,15,1,369
4701,10,0.9235755,222,5947,N,16.6666666666667,1,369
5011,11,0.94437675,227,4701,N,18.3333333333333,1,369
4743,12,0.881973,212,5011,N,20,1,369
5168,13,1.0067805,242,4743,N,21.6666666666667,1,369
5436,14,0.86949225,209,5168,N,23.3333333333333,1,369
5478,15,0.90277425,217,5436,N,25,1,369
7462,16,0.92773575,223,5478,N,26.6666666666667,1,369
9480,17,0.91109475,219,7462,N,28.3333333333333,1,369
8144,18,0.97765875,235,9480,N,30,1,369
6379,19,1.02758175,247,8144,N,31.6666666666667,1,369
7389,20,1.10246625,265,6379,N,33.3333333333333,1,369
6496,21,1.31047875,315,7389,N,35,1,369
6907,22,1.3728825,330,6496,N,36.6666666666667,1,369
7947,23,1.31047875,315,6907,N,38.3333333333333,1,369
10039,24,1.33544025,321,7947,N,40,1,369
11113,25,1.4893695,358,10039,N,41.6666666666667,1,369
8958,26,1.464408,352,11113,N,43.3333333333333,1,369
10780,27,1.597536,384,8958,N,45,1,369
8990,28,1.447767,348,10780,N,46.6666666666667,1,369
10544,29,1.56009375,375,8990,N,48.3333333333333,1,369
9105,30,0.8237295,198,10544,Y,50,2,369
12607,32,1.081665,260,9105,N,53.3333333333333,2,369
11985,33,1.18567125,285,12607,N,55,2,369
12042,34,1.26055575,303,11985,N,56.6666666666667,2,369
13948,35,1.2231135,294,12042,N,58.3333333333333,2,369
14584,36,1.3895235,334,13948,N,60,2,369
13489,37,1.2231135,294,14584,N,61.6666666666667,2,369
3507,0,1.04422275,251,NA,N,0,0,370
3346,1,0.96933825,233,3507,N,1.66666666666667,0,370
2960,2,1.14406875,275,3346,N,3.33333333333333,0,370
3040,3,1.16487,280,2960,N,5,0,370
2983,4,1.22727375,295,3040,N,6.66666666666667,0,370
3815,5,1.19399175,287,2983,N,8.33333333333333,0,370
3282,6,1.43528625,345,3815,N,10,0,370
3168,7,1.66826025,401,3282,N,11.6666666666667,0,370
5130,8,0.815409,196,3168,Y,13.3333333333333,1,370
5948,9,0.8570115,206,5130,N,15,1,370
4696,10,0.7072425,170,5948,N,16.6666666666667,1,370
5004,11,0.8237295,198,4696,N,18.3333333333333,1,370
4737,12,0.931896,224,5004,N,20,1,370
5162,13,0.86949225,209,4737,N,21.6666666666667,1,370
5433,14,0.7904475,190,5162,N,23.3333333333333,1,370
5475,15,0.8570115,206,5433,N,25,1,370
7460,16,0.881973,212,5475,N,26.6666666666667,1,370
9477,17,0.86949225,209,7460,N,28.3333333333333,1,370
8146,18,1.04422275,251,9477,N,30,1,370
6382,19,1.114947,268,8146,N,31.6666666666667,1,370
7391,20,1.0067805,242,6382,N,33.3333333333333,1,370
6502,21,1.36872225,329,7391,N,35,1,370
6912,22,1.447767,348,6502,N,36.6666666666667,1,370
7959,23,1.3063185,314,6912,N,38.3333333333333,1,370
10046,24,0.68644125,165,7959,Y,40,2,370
11121,25,0.798768,192,10046,N,41.6666666666667,2,370
8984,26,0.84453075,203,11121,N,43.3333333333333,2,370
10784,27,0.76964625,185,8984,N,45,2,370
9000,28,0.8237295,198,10784,N,46.6666666666667,2,370
10554,29,0.898614,216,9000,N,48.3333333333333,2,370
8834,30,0.99429975,239,10554,N,50,2,370
12615,32,0.8570115,206,8834,N,53.3333333333333,2,370
11999,33,0.99846,240,12615,N,55,2,370
12058,34,0.9402165,226,11999,N,56.6666666666667,2,370
13491,35,1.31047875,315,12058,N,58.3333333333333,2,370
14268,36,1.36872225,329,13491,N,60,2,370
12982,37,1.30215825,313,14268,N,61.6666666666667,2,370
3512,0,1.33128,320,NA,N,0,0,371
3352,1,1.43528625,345,3512,N,1.66666666666667,0,371
2969,2,1.45192725,349,3352,N,3.33333333333333,0,371
3221,3,0.815409,196,2969,Y,5,1,371
2988,4,0.748845,180,3221,N,6.66666666666667,1,371
3816,5,0.7904475,190,2988,N,8.33333333333333,1,371
3512,0,1.33128,320,NA,N,0,0,372
3352,1,1.43528625,345,3512,N,1.66666666666667,0,372
2969,2,1.45192725,349,3352,N,3.33333333333333,0,372
3225,3,0.599076,144,2969,Y,5,1,372
2994,4,0.599076,144,3225,N,6.66666666666667,1,372
3820,5,0.66980025,161,2994,N,8.33333333333333,1,372
3286,6,0.815409,196,3820,N,10,1,372
3172,7,0.8237295,198,3286,N,11.6666666666667,1,372
5136,8,0.85285125,205,3172,N,13.3333333333333,1,372
5949,9,0.95269725,229,5136,N,15,1,372
4707,10,0.96933825,233,5949,N,16.6666666666667,1,372
5016,11,0.9901395,238,4707,N,18.3333333333333,1,372
4745,12,1.00262025,241,5016,N,20,1,372
5174,13,1.22727375,295,4745,N,21.6666666666667,1,372
5440,14,1.13574825,273,5174,N,23.3333333333333,1,372
5483,15,1.1066265,266,5440,N,25,1,372
7464,16,1.18567125,285,5483,N,26.6666666666667,1,372
9484,17,1.231434,296,7464,N,28.3333333333333,1,372
8148,18,1.35208125,325,9484,N,30,1,372
6387,19,1.52681175,367,8148,N,31.6666666666667,1,372
7393,20,1.56841425,377,6387,N,33.3333333333333,1,372
6497,21,1.7057025,410,7393,N,35,1,372
6908,22,1.730664,416,6497,N,36.6666666666667,1,372
7949,23,0.62819775,151,6908,Y,38.3333333333333,2,372
10041,24,0.782127,188,7949,N,40,2,372
11114,25,1.015101,244,10041,N,41.6666666666667,2,372
8961,26,0.97765875,235,11114,N,43.3333333333333,2,372
10327,27,1.015101,244,8961,N,45,2,372
3006,0,0.8403705,202,NA,N,0,0,373
3057,1,0.748845,180,3006,N,1.66666666666667,0,373
2664,2,0.881973,212,3057,N,3.33333333333333,0,373
2483,3,0.61155675,147,2664,N,5,0,373
2508,4,0.88613325,213,2483,N,6.66666666666667,0,373
2912,5,0.88613325,213,2508,N,8.33333333333333,0,373
2586,6,0.91941525,221,2912,N,10,0,373
2787,7,0.9402165,226,2586,N,11.6666666666667,0,373
4231,8,0.96101775,231,2787,N,13.3333333333333,0,373
5743,9,1.05254325,253,4231,N,15,0,373
4408,10,1.1898315,286,5743,N,16.6666666666667,0,373
4402,11,0.92773575,223,4408,N,18.3333333333333,0,373
4516,12,1.08582525,261,4402,N,20,0,373
4778,13,1.264716,304,4516,N,21.6666666666667,0,373
4622,14,1.29383775,311,4778,N,23.3333333333333,0,373
5057,15,1.264716,304,4622,N,25,0,373
7262,16,1.52681175,367,5057,N,26.6666666666667,0,373
8814,17,1.5060105,362,7262,N,28.3333333333333,0,373
7988,18,0.63651825,153,8814,Y,30,1,373
6242,19,0.74468475,179,7988,N,31.6666666666667,1,373
3006,0,0.8403705,202,NA,N,0,0,374
3057,1,0.748845,180,3006,N,1.66666666666667,0,374
2664,2,0.881973,212,3057,N,3.33333333333333,0,374
2483,3,0.61155675,147,2664,N,5,0,374
2508,4,0.88613325,213,2483,N,6.66666666666667,0,374
2912,5,0.88613325,213,2508,N,8.33333333333333,0,374
2586,6,0.91941525,221,2912,N,10,0,374
2787,7,0.9402165,226,2586,N,11.6666666666667,0,374
4231,8,0.96101775,231,2787,N,13.3333333333333,0,374
5743,9,1.05254325,253,4231,N,15,0,374
4408,10,1.1898315,286,5743,N,16.6666666666667,0,374
4402,11,0.92773575,223,4408,N,18.3333333333333,0,374
4516,12,1.08582525,261,4402,N,20,0,374
4778,13,1.264716,304,4516,N,21.6666666666667,0,374
4622,14,1.29383775,311,4778,N,23.3333333333333,0,374
5057,15,1.264716,304,4622,N,25,0,374
7262,16,1.52681175,367,5057,N,26.6666666666667,0,374
8814,17,1.5060105,362,7262,N,28.3333333333333,0,374
7990,18,0.798768,192,8814,Y,30,1,374
6243,19,0.7571655,182,7990,N,31.6666666666667,1,374
7227,20,0.97765875,235,6243,N,33.3333333333333,1,374
6184,21,1.0067805,242,7227,N,35,1,374
6724,22,1.23559425,297,6184,N,36.6666666666667,1,374
7788,23,0.96101775,231,6724,N,38.3333333333333,1,374
9930,24,0.91109475,219,7788,N,40,1,374
11003,25,1.08582525,261,9930,N,41.6666666666667,1,374
8594,26,1.198152,288,11003,N,43.3333333333333,1,374
10313,27,1.1731905,282,8594,N,45,1,374
8795,28,1.18567125,285,10313,N,46.6666666666667,1,374
10268,29,1.25223525,301,8795,N,48.3333333333333,1,374
8778,30,1.34376075,323,10268,N,50,1,374
11496,31,1.6058565,386,8778,N,51.6666666666667,1,374
12506,32,0.90277425,217,11496,Y,53.3333333333333,2,374
11773,33,0.898614,216,12506,N,55,2,374
11815,34,0.97765875,235,11773,N,56.6666666666667,2,374
13309,35,0.9235755,222,11815,N,58.3333333333333,2,374
14132,36,0.83621025,201,13309,N,60,2,374
12887,37,0.99429975,239,14132,N,61.6666666666667,2,374
3519,0,0.732204,176,NA,N,0,0,375
3360,1,0.80292825,193,3519,N,1.66666666666667,0,375
2978,2,0.74468475,179,3360,N,3.33333333333333,0,375
3234,3,0.7571655,182,2978,N,5,0,375
3007,4,0.85285125,205,3234,N,6.66666666666667,0,375
3828,5,0.82788975,199,3007,N,8.33333333333333,0,375
3296,6,0.8070885,194,3828,N,10,0,375
3182,7,0.81956925,197,3296,N,11.6666666666667,0,375
5148,8,0.91109475,219,3182,N,13.3333333333333,0,375
5951,9,1.02758175,247,5148,N,15,0,375
4718,10,1.05254325,253,5951,N,16.6666666666667,0,375
5078,11,1.16070975,279,4718,N,18.3333333333333,0,375
4754,12,1.26055575,303,5078,N,20,0,375
5186,13,1.31047875,315,4754,N,21.6666666666667,0,375
5448,14,1.29383775,311,5186,N,23.3333333333333,0,375
5489,15,1.38536325,333,5448,N,25,0,375
9602,17,0.66147975,159,5489,Y,28.3333333333333,1,375
8230,18,0.69476175,167,9602,N,30,1,375
6449,19,0.87781275,211,8230,N,31.6666666666667,1,375
7459,20,0.84453075,203,6449,N,33.3333333333333,1,375
6562,21,0.86117175,207,7459,N,35,1,375
6942,22,0.84453075,203,6562,N,36.6666666666667,1,375
8031,23,0.8902935,214,6942,N,38.3333333333333,1,375
10103,24,0.91109475,219,8031,N,40,1,375
11163,25,0.931896,224,10103,N,41.6666666666667,1,375
9138,26,0.98597925,237,11163,N,43.3333333333333,1,375
10828,27,1.08582525,261,9138,N,45,1,375
3012,0,1.64329875,395,NA,N,0,0,376
3064,1,1.913715,460,3012,N,1.66666666666667,0,376
2671,2,1.863792,448,3064,N,3.33333333333333,0,376
2490,3,1.8721125,450,2671,N,5,0,376
15105,4,NA,-1,2490,Y,6.66666666666667,1,376
3012,0,1.64329875,395,NA,N,0,0,377
3064,1,1.913715,460,3012,N,1.66666666666667,0,377
2671,2,1.863792,448,3064,N,3.33333333333333,0,377
2490,3,1.8721125,450,2671,N,5,0,377
3213,4,0.88613325,213,2490,Y,6.66666666666667,1,377
4001,5,1.081665,260,3213,N,8.33333333333333,1,377
3566,6,1.0234215,246,4001,N,10,1,377
3867,7,1.0234215,246,3566,N,11.6666666666667,1,377
5519,8,1.01926125,245,3867,N,13.3333333333333,1,377
6009,9,1.015101,244,5519,N,15,1,377
4984,10,1.1232675,270,6009,N,16.6666666666667,1,377
5498,11,1.1232675,270,4984,N,18.3333333333333,1,377
5040,12,1.098306,264,5498,N,20,1,377
5586,13,1.41032475,339,5040,N,21.6666666666667,1,377
5733,14,1.08582525,261,5586,N,23.3333333333333,1,377
5788,15,1.32711975,319,5733,N,25,1,377
7604,16,1.314639,316,5788,N,26.6666666666667,1,377
9677,17,1.680741,404,7604,N,28.3333333333333,1,377
8298,18,1.7389845,418,9677,N,30,1,377
6553,19,1.50185025,361,8298,N,31.6666666666667,1,377
7558,20,1.7223435,414,6553,N,33.3333333333333,1,377
6753,21,1.93451625,465,7558,N,35,1,377
6998,22,1.82634975,439,6753,N,36.6666666666667,1,377
8027,23,0.8570115,206,6998,Y,38.3333333333333,2,377
10097,24,1.0899855,262,8027,N,40,2,377
11161,25,0.981819,236,10097,N,41.6666666666667,2,377
9130,26,0.99429975,239,11161,N,43.3333333333333,2,377
10826,27,1.04422275,251,9130,N,45,2,377
9077,28,1.198152,288,10826,N,46.6666666666667,2,377
10625,29,1.17735075,283,9077,N,48.3333333333333,2,377
9247,30,1.26055575,303,10625,N,50,2,377
11446,31,1.4893695,358,9247,N,51.6666666666667,2,377
12657,32,1.27719675,307,11446,N,53.3333333333333,2,377
12072,33,1.6058565,386,12657,N,55,2,377
12149,34,0.798768,192,12072,Y,56.6666666666667,3,377
14033,35,0.81124875,195,12149,N,58.3333333333333,3,377
14628,36,0.8570115,206,14033,N,60,3,377
13580,37,0.981819,236,14628,N,61.6666666666667,3,377
3018,0,1.04422275,251,NA,N,0,0,378
3068,1,1.09414575,263,3018,N,1.66666666666667,0,378
2675,2,1.11910725,269,3068,N,3.33333333333333,0,378
2493,3,1.21063275,291,2675,N,5,0,378
2511,4,1.21063275,291,2493,N,6.66666666666667,0,378
2917,5,1.214793,292,2511,N,8.33333333333333,0,378
2589,6,1.3562415,326,2917,N,10,0,378
2793,7,1.347921,324,2589,N,11.6666666666667,0,378
4236,8,1.4893695,358,2793,N,13.3333333333333,0,378
5748,9,1.69322175,407,4236,N,15,0,378
4411,10,1.61001675,387,5748,N,16.6666666666667,0,378
4409,11,0.74468475,179,4411,Y,18.3333333333333,1,378
4522,12,0.9069345,218,4409,N,20,1,378
4785,13,1.03590225,249,4522,N,21.6666666666667,1,378
3018,0,1.04422275,251,NA,N,0,0,379
3068,1,1.09414575,263,3018,N,1.66666666666667,0,379
2675,2,1.11910725,269,3068,N,3.33333333333333,0,379
2493,3,1.21063275,291,2675,N,5,0,379
2511,4,1.21063275,291,2493,N,6.66666666666667,0,379
2917,5,1.214793,292,2511,N,8.33333333333333,0,379
2589,6,1.3562415,326,2917,N,10,0,379
2793,7,1.347921,324,2589,N,11.6666666666667,0,379
4236,8,1.4893695,358,2793,N,13.3333333333333,0,379
5748,9,1.69322175,407,4236,N,15,0,379
4411,10,1.61001675,387,5748,N,16.6666666666667,0,379
4406,11,0.898614,216,4411,Y,18.3333333333333,1,379
4518,12,0.82788975,199,4406,N,20,1,379
4781,13,0.97765875,235,4518,N,21.6666666666667,1,379
4626,14,1.04422275,251,4781,N,23.3333333333333,1,379
5061,15,1.0234215,246,4626,N,25,1,379
7264,16,1.14406875,275,5061,N,26.6666666666667,1,379
8816,17,1.24391475,299,7264,N,28.3333333333333,1,379
7992,18,1.18567125,285,8816,N,30,1,379
6244,19,1.26887625,305,7992,N,31.6666666666667,1,379
7228,20,1.3229595,318,6244,N,33.3333333333333,1,379
6187,21,1.4560875,350,7228,N,35,1,379
6725,22,1.51017075,363,6187,N,36.6666666666667,1,379
7789,23,1.47688875,355,6725,N,38.3333333333333,1,379
9931,24,1.5559335,374,7789,N,40,1,379
11004,25,1.7057025,410,9931,N,41.6666666666667,1,379
8595,26,1.6890615,406,11004,N,43.3333333333333,1,379
10315,27,1.946997,468,8595,N,45,1,379
10272,29,1.880433,452,10315,N,48.3333333333333,1,379
8781,30,0.75300525,181,10272,Y,50,2,379
3535,0,0.87781275,211,NA,N,0,0,380
3373,1,0.965178,232,3535,N,1.66666666666667,0,380
2998,2,0.9568575,230,3373,N,3.33333333333333,0,380
3244,3,1.02758175,247,2998,N,5,0,380
3024,4,1.0567035,254,3244,N,6.66666666666667,0,380
3852,5,1.06086375,255,3024,N,8.33333333333333,0,380
3312,6,1.28551725,309,3852,N,10,0,380
3194,7,1.281357,308,3312,N,11.6666666666667,0,380
5196,8,1.297998,312,3194,N,13.3333333333333,0,380
5955,9,1.3562415,326,5196,N,15,0,380
4733,10,1.43528625,345,5955,N,16.6666666666667,0,380
5098,11,1.314639,316,4733,N,18.3333333333333,0,380
4774,12,1.43528625,345,5098,N,20,0,380
5218,13,1.4394465,346,4774,N,21.6666666666667,0,380
5463,14,1.597536,384,5218,N,23.3333333333333,0,380
5500,15,1.74314475,419,5463,N,25,0,380
7475,16,1.86795225,449,5500,N,26.6666666666667,0,380
9497,17,0.96933825,233,7475,Y,28.3333333333333,1,380
8157,18,0.91941525,221,9497,N,30,1,380
6395,19,0.96933825,233,8157,N,31.6666666666667,1,380
7401,20,1.04422275,251,6395,N,33.3333333333333,1,380
6503,21,0.981819,236,7401,N,35,1,380
6913,22,0.99846,240,6503,N,36.6666666666667,1,380
7961,23,1.1898315,286,6913,N,38.3333333333333,1,380
10047,24,1.2064725,290,7961,N,40,1,380
11122,25,1.16903025,281,10047,N,41.6666666666667,1,380
8988,26,1.347921,324,11122,N,43.3333333333333,1,380
10785,27,1.33544025,321,8988,N,45,1,380
3027,0,1.031742,248,NA,N,0,0,381
3075,1,1.07750475,259,3027,N,1.66666666666667,0,381
2683,2,1.00262025,241,3075,N,3.33333333333333,0,381
2501,3,1.2064725,290,2683,N,5,0,381
2517,4,1.32711975,319,2501,N,6.66666666666667,0,381
2926,5,1.297998,312,2517,N,8.33333333333333,0,381
2601,6,1.347921,324,2926,N,10,0,381
2804,7,1.397844,336,2601,N,11.6666666666667,0,381
4246,8,1.59337575,383,2804,N,13.3333333333333,0,381
5762,9,1.67658075,403,4246,N,15,0,381
4435,10,1.63497825,393,5762,N,16.6666666666667,0,381
4422,11,1.7057025,410,4435,N,18.3333333333333,0,381
4535,12,0.83621025,201,4422,Y,20,1,381
4797,13,0.81956925,197,4535,N,21.6666666666667,1,381
4637,14,0.90277425,217,4797,N,23.3333333333333,1,381
5083,15,0.9069345,218,4637,N,25,1,381
7273,16,0.95269725,229,5083,N,26.6666666666667,1,381
9151,17,0.9069345,218,7273,N,28.3333333333333,1,381
7998,18,1.1066265,266,9151,N,30,1,381
6248,19,1.03590225,249,7998,N,31.6666666666667,1,381
7234,20,1.07750475,259,6248,N,33.3333333333333,1,381
6202,21,1.2064725,290,7234,N,35,1,381
6735,22,1.21063275,291,6202,N,36.6666666666667,1,381
7795,23,1.26055575,303,6735,N,38.3333333333333,1,381
9940,24,1.50185025,361,7795,N,40,1,381
11010,25,1.53513225,369,9940,N,41.6666666666667,1,381
8602,26,1.43528625,345,11010,N,43.3333333333333,1,381
15122,28,NA,-1,8602,Y,46.6666666666667,2,381
3549,0,1.381203,332,NA,N,0,0,382
3385,1,1.66826025,401,3549,N,1.66666666666667,0,382
3023,2,1.697382,408,3385,N,3.33333333333333,0,382
3251,3,1.62665775,391,3023,N,5,0,382
3048,4,1.64329875,395,3251,N,6.66666666666667,0,382
3864,5,1.597536,384,3048,N,8.33333333333333,0,382
3342,6,0.8070885,194,3864,Y,10,1,382
3611,7,0.865332,208,3342,N,11.6666666666667,1,382
5209,8,1.04422275,251,3611,N,13.3333333333333,1,382
5957,9,1.0067805,242,5209,N,15,1,382
3549,0,1.381203,332,NA,N,0,0,383
3385,1,1.66826025,401,3549,N,1.66666666666667,0,383
3023,2,1.697382,408,3385,N,3.33333333333333,0,383
3251,3,1.62665775,391,3023,N,5,0,383
3048,4,1.64329875,395,3251,N,6.66666666666667,0,383
3864,5,1.597536,384,3048,N,8.33333333333333,0,383
3345,6,0.915255,220,3864,Y,10,1,383
3638,7,0.881973,212,3345,N,11.6666666666667,1,383
5213,8,0.9901395,238,3638,N,13.3333333333333,1,383
5958,9,1.04422275,251,5213,N,15,1,383
4740,10,1.03590225,249,5958,N,16.6666666666667,1,383
5107,11,1.0400625,250,4740,N,18.3333333333333,1,383
4780,12,1.06918425,257,5107,N,20,1,383
5230,13,1.23559425,297,4780,N,21.6666666666667,1,383
5471,14,1.198152,288,5230,N,23.3333333333333,1,383
5509,15,1.29383775,311,5471,N,25,1,383
7479,16,1.364562,328,5509,N,26.6666666666667,1,383
9504,17,1.431126,344,7479,N,28.3333333333333,1,383
8163,18,1.5559335,374,9504,N,30,1,383
6401,19,1.614177,388,8163,N,31.6666666666667,1,383
7408,20,1.83051,440,6401,N,33.3333333333333,1,383
6507,21,1.97611875,475,7408,N,35,1,383
6916,22,1.9053945,458,6507,N,36.6666666666667,1,383
7965,23,0.9069345,218,6916,Y,38.3333333333333,2,383
10049,24,0.93605625,225,7965,N,40,2,383
11124,25,0.96933825,233,10049,N,41.6666666666667,2,383
8995,26,0.9901395,238,11124,N,43.3333333333333,2,383
3552,0,0.9734985,234,NA,N,0,0,384
3389,1,0.9734985,234,3552,N,1.66666666666667,0,384
3039,2,1.01926125,245,3389,N,3.33333333333333,0,384
3255,3,1.08582525,261,3039,N,5,0,384
3049,4,1.1066265,266,3255,N,6.66666666666667,0,384
3868,5,1.314639,316,3049,N,8.33333333333333,0,384
3350,6,1.397844,336,3868,N,10,0,384
3653,7,1.42696575,343,3350,N,11.6666666666667,0,384
5220,8,1.26055575,303,3653,N,13.3333333333333,0,384
5959,9,1.65993975,399,5220,N,15,0,384
4747,10,1.680741,404,5959,N,16.6666666666667,0,384
5119,11,0.85285125,205,4747,Y,18.3333333333333,1,384
4786,12,0.87781275,211,5119,N,20,1,384
5244,13,0.99429975,239,4786,N,21.6666666666667,1,384
5479,14,0.93605625,225,5244,N,23.3333333333333,1,384
5518,15,1.05254325,253,5479,N,25,1,384
7484,16,0.9568575,230,5518,N,26.6666666666667,1,384
9513,17,0.98597925,237,7484,N,28.3333333333333,1,384
8170,18,1.01094075,243,9513,N,30,1,384
6407,19,1.09414575,263,8170,N,31.6666666666667,1,384
7412,20,1.1232675,270,6407,N,33.3333333333333,1,384
6512,21,1.1898315,286,7412,N,35,1,384
6918,22,1.14406875,275,6512,N,36.6666666666667,1,384
7973,23,1.5060105,362,6918,N,38.3333333333333,1,384
10052,24,1.530972,368,7973,N,40,1,384
11128,25,1.3895235,334,10052,N,41.6666666666667,1,384
9007,26,0.732204,176,11128,Y,43.3333333333333,2,384
10790,27,0.7072425,170,9007,N,45,2,384
3552,0,0.9734985,234,NA,N,0,0,385
3389,1,0.9734985,234,3552,N,1.66666666666667,0,385
3039,2,1.01926125,245,3389,N,3.33333333333333,0,385
3255,3,1.08582525,261,3039,N,5,0,385
3049,4,1.1066265,266,3255,N,6.66666666666667,0,385
3868,5,1.314639,316,3049,N,8.33333333333333,0,385
3350,6,1.397844,336,3868,N,10,0,385
3653,7,1.42696575,343,3350,N,11.6666666666667,0,385
5220,8,1.26055575,303,3653,N,13.3333333333333,0,385
5959,9,1.65993975,399,5220,N,15,0,385
4747,10,1.680741,404,5959,N,16.6666666666667,0,385
5125,11,0.77796675,187,4747,Y,18.3333333333333,1,385
4789,12,0.79460775,191,5125,N,20,1,385
5253,13,0.915255,220,4789,N,21.6666666666667,1,385
5482,14,0.848691,204,5253,N,23.3333333333333,1,385
5522,15,0.98597925,237,5482,N,25,1,385
7487,16,1.0733445,258,5522,N,26.6666666666667,1,385
9563,17,0.96933825,233,7487,N,28.3333333333333,1,385
8172,18,0.98597925,237,9563,N,30,1,385
6410,19,0.9901395,238,8172,N,31.6666666666667,1,385
7414,20,1.04422275,251,6410,N,33.3333333333333,1,385
6514,21,1.09414575,263,7414,N,35,1,385
6919,22,1.26887625,305,6514,N,36.6666666666667,1,385
7976,23,1.3728825,330,6919,N,38.3333333333333,1,385
10054,24,1.36872225,329,7976,N,40,1,385
11129,25,1.5226515,366,10054,N,41.6666666666667,1,385
9011,26,1.514331,364,11129,N,43.3333333333333,1,385
10792,27,0.81956925,197,9011,Y,45,2,385
3557,0,1.11078675,267,NA,N,0,0,386
3395,1,1.214793,292,3557,N,1.66666666666667,0,386
3044,2,1.37704275,331,3395,N,3.33333333333333,0,386
3261,3,1.281357,308,3044,N,5,0,386
3051,4,1.19399175,287,3261,N,6.66666666666667,0,386
3875,5,1.5725745,378,3051,N,8.33333333333333,0,386
3359,6,1.464408,352,3875,N,10,0,386
3661,7,0.648999,156,3359,Y,11.6666666666667,1,386
5241,8,0.61155675,147,3661,N,13.3333333333333,1,386
5961,9,0.76964625,185,5241,N,15,1,386
4755,10,0.83621025,201,5961,N,16.6666666666667,1,386
5135,11,0.76132575,183,4755,N,18.3333333333333,1,386
4796,12,0.83205,200,5135,N,20,1,386
5264,13,1.065024,256,4796,N,21.6666666666667,1,386
5496,14,0.7405245,178,5264,N,23.3333333333333,1,386
5529,15,0.7738065,186,5496,N,25,1,386
7491,16,0.815409,196,5529,N,26.6666666666667,1,386
9569,17,0.83621025,201,7491,N,28.3333333333333,1,386
8175,18,0.8570115,206,9569,N,30,1,386
6414,19,0.782127,188,8175,N,31.6666666666667,1,386
7418,20,0.79460775,191,6414,N,33.3333333333333,1,386
6521,21,0.9901395,238,7418,N,35,1,386
6921,22,1.0400625,250,6521,N,36.6666666666667,1,386
7982,23,0.84453075,203,6921,N,38.3333333333333,1,386
10060,24,0.848691,204,7982,N,40,1,386
11133,25,0.898614,216,10060,N,41.6666666666667,1,386
9020,26,0.86949225,209,11133,N,43.3333333333333,1,386
10797,27,0.815409,196,9020,N,45,1,386
9024,28,0.7904475,190,10797,N,46.6666666666667,1,386
10577,29,0.7238835,174,9024,N,48.3333333333333,1,386
9156,30,0.68644125,165,10577,N,50,1,386
11416,31,0.8736525,210,9156,N,51.6666666666667,1,386
12623,32,0.7405245,178,11416,N,53.3333333333333,1,386
12016,33,0.76132575,183,12623,N,55,1,386
12074,34,0.732204,176,12016,N,56.6666666666667,1,386
14007,35,0.7738065,186,12074,N,58.3333333333333,1,386
14602,36,0.682281,164,14007,N,60,1,386
13520,37,0.67812075,163,14602,N,61.6666666666667,1,386
3562,0,1.02758175,247,NA,N,0,0,387
3401,1,1.09414575,263,3562,N,1.66666666666667,0,387
3060,2,1.10246625,265,3401,N,3.33333333333333,0,387
3267,3,1.11910725,269,3060,N,5,0,387
3052,4,1.21895325,293,3267,N,6.66666666666667,0,387
3878,5,1.4727285,354,3052,N,8.33333333333333,0,387
3364,6,1.5226515,366,3878,N,10,0,387
3662,7,1.59337575,383,3364,N,11.6666666666667,0,387
5247,8,0.782127,188,3662,Y,13.3333333333333,1,387
5962,9,0.80292825,193,5247,N,15,1,387
4760,10,0.7238835,174,5962,N,16.6666666666667,1,387
5141,11,0.765486,184,4760,N,18.3333333333333,1,387
4801,12,0.7405245,178,5141,N,20,1,387
5271,13,0.83621025,201,4801,N,21.6666666666667,1,387
5499,14,0.7738065,186,5271,N,23.3333333333333,1,387
5532,15,0.8403705,202,5499,N,25,1,387
7493,16,0.85285125,205,5532,N,26.6666666666667,1,387
9571,17,0.96933825,233,7493,N,28.3333333333333,1,387
8179,18,0.9901395,238,9571,N,30,1,387
6416,19,1.05254325,253,8179,N,31.6666666666667,1,387
7420,20,1.15238925,277,6416,N,33.3333333333333,1,387
6522,21,1.0733445,258,7420,N,35,1,387
6922,22,1.2231135,294,6522,N,36.6666666666667,1,387
7983,23,1.3562415,326,6922,N,38.3333333333333,1,387
10061,24,1.3229595,318,7983,N,40,1,387
11134,25,0.62819775,151,10061,Y,41.6666666666667,2,387
3562,0,1.02758175,247,NA,N,0,0,388
3401,1,1.09414575,263,3562,N,1.66666666666667,0,388
3060,2,1.10246625,265,3401,N,3.33333333333333,0,388
3267,3,1.11910725,269,3060,N,5,0,388
3052,4,1.21895325,293,3267,N,6.66666666666667,0,388
3878,5,1.4727285,354,3052,N,8.33333333333333,0,388
3364,6,1.5226515,366,3878,N,10,0,388
3662,7,1.59337575,383,3364,N,11.6666666666667,0,388
5250,8,0.7571655,182,3662,Y,13.3333333333333,1,388
5963,9,0.75300525,181,5250,N,15,1,388
4765,10,0.76964625,185,5963,N,16.6666666666667,1,388
5147,11,0.77796675,187,4765,N,18.3333333333333,1,388
4805,12,0.76964625,185,5147,N,20,1,388
5277,13,0.91109475,219,4805,N,21.6666666666667,1,388
5503,14,0.81124875,195,5277,N,23.3333333333333,1,388
5534,15,0.782127,188,5503,N,25,1,388
7496,16,0.78628725,189,5534,N,26.6666666666667,1,388
9573,17,0.848691,204,7496,N,28.3333333333333,1,388
8181,18,0.9235755,222,9573,N,30,1,388
6418,19,1.03590225,249,8181,N,31.6666666666667,1,388
7421,20,1.06086375,255,6418,N,33.3333333333333,1,388
6523,21,1.03590225,249,7421,N,35,1,388
6923,22,1.364562,328,6523,N,36.6666666666667,1,388
7984,23,1.26055575,303,6923,N,38.3333333333333,1,388
10062,24,1.13574825,273,7984,N,40,1,388
11137,25,0.72804375,175,10062,Y,41.6666666666667,2,388
9028,26,0.71972325,173,11137,N,43.3333333333333,2,388
10800,27,0.615717,148,9028,N,45,2,388
9030,28,0.81956925,197,10800,N,46.6666666666667,2,388
10583,29,0.7738065,186,9030,N,48.3333333333333,2,388
9163,30,0.87781275,211,10583,N,50,2,388
12625,32,0.82788975,199,9163,N,53.3333333333333,2,388
12017,33,0.87781275,211,12625,N,55,2,388
12076,34,0.93605625,225,12017,N,56.6666666666667,2,388
14009,35,0.981819,236,12076,N,58.3333333333333,2,388
14604,36,1.031742,248,14009,N,60,2,388
13525,37,1.09414575,263,14604,N,61.6666666666667,2,388
3562,0,1.02758175,247,NA,N,0,0,389
3401,1,1.09414575,263,3562,N,1.66666666666667,0,389
3060,2,1.10246625,265,3401,N,3.33333333333333,0,389
3267,3,1.11910725,269,3060,N,5,0,389
3052,4,1.21895325,293,3267,N,6.66666666666667,0,389
3878,5,1.4727285,354,3052,N,8.33333333333333,0,389
3364,6,1.5226515,366,3878,N,10,0,389
3662,7,1.59337575,383,3364,N,11.6666666666667,0,389
5250,8,0.7571655,182,3662,Y,13.3333333333333,1,389
5963,9,0.75300525,181,5250,N,15,1,389
4765,10,0.76964625,185,5963,N,16.6666666666667,1,389
5147,11,0.77796675,187,4765,N,18.3333333333333,1,389
4805,12,0.76964625,185,5147,N,20,1,389
5277,13,0.91109475,219,4805,N,21.6666666666667,1,389
5503,14,0.81124875,195,5277,N,23.3333333333333,1,389
5534,15,0.782127,188,5503,N,25,1,389
7496,16,0.78628725,189,5534,N,26.6666666666667,1,389
9573,17,0.848691,204,7496,N,28.3333333333333,1,389
8181,18,0.9235755,222,9573,N,30,1,389
6418,19,1.03590225,249,8181,N,31.6666666666667,1,389
7421,20,1.06086375,255,6418,N,33.3333333333333,1,389
6523,21,1.03590225,249,7421,N,35,1,389
6923,22,1.364562,328,6523,N,36.6666666666667,1,389
7984,23,1.26055575,303,6923,N,38.3333333333333,1,389
10062,24,1.13574825,273,7984,N,40,1,389
11136,25,0.77796675,187,10062,Y,41.6666666666667,2,389
9025,26,0.8070885,194,11136,N,43.3333333333333,2,389
10799,27,0.96101775,231,9025,N,45,2,389
9027,28,0.9235755,222,10799,N,46.6666666666667,2,389
10580,29,0.87781275,211,9027,N,48.3333333333333,2,389
9159,30,0.89445375,215,10580,N,50,2,389
11417,31,0.81956925,197,9159,N,51.6666666666667,2,389
12624,32,0.81124875,195,11417,N,53.3333333333333,2,389
12019,33,0.99429975,239,12624,N,55,2,389
12078,34,1.13574825,273,12019,N,56.6666666666667,2,389
14010,35,1.16487,280,12078,N,58.3333333333333,2,389
14605,36,1.214793,292,14010,N,60,2,389
13527,37,0.66564,160,14605,Y,61.6666666666667,3,389
3567,0,0.80292825,193,NA,N,0,0,390
3408,1,0.782127,188,3567,N,1.66666666666667,0,390
3063,2,0.91109475,219,3408,N,3.33333333333333,0,390
3270,3,0.965178,232,3063,N,5,0,390
3054,4,0.95269725,229,3270,N,6.66666666666667,0,390
3882,5,1.131588,272,3054,N,8.33333333333333,0,390
3372,6,1.08582525,261,3882,N,10,0,390
3663,7,1.114947,268,3372,N,11.6666666666667,0,390
5256,8,1.29383775,311,3663,N,13.3333333333333,0,390
5964,9,1.31047875,315,5256,N,15,0,390
4772,10,1.35208125,325,5964,N,16.6666666666667,0,390
5155,11,1.2730365,306,4772,N,18.3333333333333,0,390
4811,12,1.3562415,326,5155,N,20,0,390
5299,13,1.797228,432,4811,N,21.6666666666667,0,390
5507,14,1.414485,340,5299,N,23.3333333333333,0,390
5538,15,1.580895,380,5507,N,25,0,390
7501,16,1.714023,412,5538,N,26.6666666666667,0,390
9579,17,1.0067805,242,7501,Y,28.3333333333333,1,390
8188,18,0.8736525,210,9579,N,30,1,390
6428,19,0.83621025,201,8188,N,31.6666666666667,1,390
7433,20,0.8237295,198,6428,N,33.3333333333333,1,390
6530,21,1.081665,260,7433,N,35,1,390
6928,22,1.16070975,279,6530,N,36.6666666666667,1,390
7993,23,1.20231225,289,6928,N,38.3333333333333,1,390
10072,24,1.38536325,333,7993,N,40,1,390
11143,25,1.3728825,330,10072,N,41.6666666666667,1,390
9043,26,1.281357,308,11143,N,43.3333333333333,1,390
10806,27,1.48520925,357,9043,N,45,1,390
9039,28,0.64483875,155,10806,Y,46.6666666666667,2,390
10595,29,0.80292825,193,9039,N,48.3333333333333,2,390
9186,30,0.881973,212,10595,N,50,2,390
11425,31,0.881973,212,9186,N,51.6666666666667,2,390
12637,32,0.87781275,211,11425,N,53.3333333333333,2,390
12041,33,0.7571655,182,12637,N,55,2,390
12094,34,1.01926125,245,12041,N,56.6666666666667,2,390
14021,35,0.9734985,234,12094,N,58.3333333333333,2,390
14613,36,0.9568575,230,14021,N,60,2,390
13546,37,0.89445375,215,14613,N,61.6666666666667,2,390
3567,0,0.80292825,193,NA,N,0,0,391
3408,1,0.782127,188,3567,N,1.66666666666667,0,391
3063,2,0.91109475,219,3408,N,3.33333333333333,0,391
3270,3,0.965178,232,3063,N,5,0,391
3054,4,0.95269725,229,3270,N,6.66666666666667,0,391
3882,5,1.131588,272,3054,N,8.33333333333333,0,391
3372,6,1.08582525,261,3882,N,10,0,391
3663,7,1.114947,268,3372,N,11.6666666666667,0,391
5256,8,1.29383775,311,3663,N,13.3333333333333,0,391
5964,9,1.31047875,315,5256,N,15,0,391
4772,10,1.35208125,325,5964,N,16.6666666666667,0,391
5155,11,1.2730365,306,4772,N,18.3333333333333,0,391
4811,12,1.3562415,326,5155,N,20,0,391
5299,13,1.797228,432,4811,N,21.6666666666667,0,391
5507,14,1.414485,340,5299,N,23.3333333333333,0,391
5538,15,1.580895,380,5507,N,25,0,391
7501,16,1.714023,412,5538,N,26.6666666666667,0,391
9577,17,0.9069345,218,7501,Y,28.3333333333333,1,391
8186,18,0.9402165,226,9577,N,30,1,391
6426,19,0.93605625,225,8186,N,31.6666666666667,1,391
7430,20,0.915255,220,6426,N,33.3333333333333,1,391
6529,21,0.98597925,237,7430,N,35,1,391
6927,22,1.1232675,270,6529,N,36.6666666666667,1,391
7991,23,1.05254325,253,6927,N,38.3333333333333,1,391
10070,24,1.11078675,267,7991,N,40,1,391
11142,25,1.16070975,279,10070,N,41.6666666666667,1,391
9041,26,1.3396005,322,11142,N,43.3333333333333,1,391
10805,27,1.38536325,333,9041,N,45,1,391
9044,28,1.381203,332,10805,N,46.6666666666667,1,391
10593,29,0.682281,164,9044,Y,48.3333333333333,2,391
9183,30,0.7571655,182,10593,N,50,2,391
11424,31,0.88613325,213,9183,N,51.6666666666667,2,391
12636,32,0.89445375,215,11424,N,53.3333333333333,2,391
12039,33,0.85285125,205,12636,N,55,2,391
12092,34,1.015101,244,12039,N,56.6666666666667,2,391
14020,35,1.06086375,255,12092,N,58.3333333333333,2,391
14612,36,0.981819,236,14020,N,60,2,391
13544,37,1.11910725,269,14612,N,61.6666666666667,2,391
3570,0,0.99429975,239,NA,N,0,0,392
3411,1,1.19399175,287,3570,N,1.66666666666667,0,392
3067,2,1.181511,284,3411,N,3.33333333333333,0,392
3276,3,1.3728825,330,3067,N,5,0,392
3056,4,1.56841425,377,3276,N,6.66666666666667,0,392
3885,5,1.51849125,365,3056,N,8.33333333333333,0,392
3381,6,0.7405245,178,3885,Y,10,1,392
3667,7,0.748845,180,3381,N,11.6666666666667,1,392
5283,8,0.84453075,203,3667,N,13.3333333333333,1,392
5967,9,0.848691,204,5283,N,15,1,392
4782,10,0.8902935,214,5967,N,16.6666666666667,1,392
5171,11,1.0067805,242,4782,N,18.3333333333333,1,392
4827,12,0.981819,236,5171,N,20,1,392
5319,13,0.948537,228,4827,N,21.6666666666667,1,392
5521,14,0.9402165,226,5319,N,23.3333333333333,1,392
5548,15,0.91109475,219,5521,N,25,1,392
7508,16,0.96101775,231,5548,N,26.6666666666667,1,392
9591,17,1.03590225,249,7508,N,28.3333333333333,1,392
8217,18,1.12742775,271,9591,N,30,1,392
6434,19,1.1232675,270,8217,N,31.6666666666667,1,392
7444,20,1.1399085,274,6434,N,33.3333333333333,1,392
6542,21,1.2896775,310,7444,N,35,1,392
6934,22,1.27719675,307,6542,N,36.6666666666667,1,392
8006,23,1.297998,312,6934,N,38.3333333333333,1,392
10083,24,1.39368375,335,8006,N,40,1,392
11150,25,1.3562415,326,10083,N,41.6666666666667,1,392
9066,26,1.6557795,398,11150,N,43.3333333333333,1,392
10814,27,1.6557795,398,9066,N,45,1,392
15144,30,NA,-1,10814,Y,50,2,392
3570,0,0.99429975,239,NA,N,0,0,393
3411,1,1.19399175,287,3570,N,1.66666666666667,0,393
3067,2,1.181511,284,3411,N,3.33333333333333,0,393
3276,3,1.3728825,330,3067,N,5,0,393
3056,4,1.56841425,377,3276,N,6.66666666666667,0,393
3885,5,1.51849125,365,3056,N,8.33333333333333,0,393
3377,6,0.682281,164,3885,Y,10,1,393
3665,7,0.765486,184,3377,N,11.6666666666667,1,393
5279,8,0.682281,164,3665,N,13.3333333333333,1,393
5966,9,0.86117175,207,5279,N,15,1,393
4779,10,0.83205,200,5966,N,16.6666666666667,1,393
5166,11,0.8570115,206,4779,N,18.3333333333333,1,393
4823,12,0.931896,224,5166,N,20,1,393
5313,13,0.9235755,222,4823,N,21.6666666666667,1,393
5515,14,0.91109475,219,5313,N,23.3333333333333,1,393
5546,15,0.915255,220,5515,N,25,1,393
7506,16,0.89445375,215,5546,N,26.6666666666667,1,393
9589,17,1.03590225,249,7506,N,28.3333333333333,1,393
8214,18,1.0567035,254,9589,N,30,1,393
6433,19,1.01926125,245,8214,N,31.6666666666667,1,393
7442,20,1.14406875,275,6433,N,33.3333333333333,1,393
6540,21,1.42696575,343,7442,N,35,1,393
6933,22,1.2563955,302,6540,N,36.6666666666667,1,393
8003,23,1.22727375,295,6933,N,38.3333333333333,1,393
10081,24,1.464408,352,8003,N,40,1,393
11149,25,1.514331,364,10081,N,41.6666666666667,1,393
9063,26,1.5060105,362,11149,N,43.3333333333333,1,393
10813,27,1.61833725,389,9063,N,45,1,393
15131,29,NA,-1,10813,Y,48.3333333333333,2,393
3580,0,1.1232675,270,NA,N,0,0,394
3431,1,1.347921,324,3580,N,1.66666666666667,0,394
3090,2,1.3063185,314,3431,N,3.33333333333333,0,394
3295,3,1.3229595,318,3090,N,5,0,394
3066,4,1.41032475,339,3295,N,6.66666666666667,0,394
3895,5,1.597536,384,3066,N,8.33333333333333,0,394
3399,6,0.61987725,149,3895,Y,10,1,394
5474,11,0.84453075,203,3399,N,18.3333333333333,1,394
4579,14,0.8070885,194,5474,N,23.3333333333333,1,394
9595,17,0.68644125,165,4579,N,28.3333333333333,1,394
8222,18,0.7405245,178,9595,N,30,1,394
7278,20,0.72804375,175,8222,N,33.3333333333333,1,394
13817,35,0.89445375,215,7278,N,58.3333333333333,1,394
13268,37,0.8902935,214,13817,N,61.6666666666667,1,394
2651,0,1.564254,376,NA,N,0,0,395
2272,1,0.732204,176,2651,Y,1.66666666666667,1,395
2304,2,0.79460775,191,2272,N,3.33333333333333,1,395
2238,3,0.76132575,183,2304,N,5,1,395
2237,4,0.7904475,190,2238,N,6.66666666666667,1,395
2569,5,0.76132575,183,2237,N,8.33333333333333,1,395
2274,6,0.84453075,203,2569,N,10,1,395
2301,7,0.8070885,194,2274,N,11.6666666666667,1,395
4070,8,0.90277425,217,2301,N,13.3333333333333,1,395
4077,9,0.8736525,210,4070,N,15,1,395
4168,10,0.8070885,194,4077,N,16.6666666666667,1,395
4060,11,0.84453075,203,4168,N,18.3333333333333,1,395
4267,12,0.79460775,191,4060,N,20,1,395
4312,13,0.79460775,191,4267,N,21.6666666666667,1,395
4361,14,0.74468475,179,4312,N,23.3333333333333,1,395
4219,15,0.7738065,186,4361,N,25,1,395
7089,16,0.67812075,163,4219,N,26.6666666666667,1,395
8415,17,0.83621025,201,7089,N,28.3333333333333,1,395
7806,18,0.69476175,167,8415,N,30,1,395
6110,19,0.7738065,186,7806,N,31.6666666666667,1,395
7082,20,0.77796675,187,6110,N,33.3333333333333,1,395
6068,21,0.80292825,193,7082,N,35,1,395
6285,22,0.81956925,197,6068,N,36.6666666666667,1,395
7256,23,0.74468475,179,6285,N,38.3333333333333,1,395
9824,24,0.75300525,181,7256,N,40,1,395
10895,25,0.815409,196,9824,N,41.6666666666667,1,395
8383,26,0.67812075,163,10895,N,43.3333333333333,1,395
10090,27,0.83621025,201,8383,N,45,1,395
2662,0,0.71972325,173,NA,N,0,0,396
2279,1,0.9734985,234,2662,N,1.66666666666667,0,396
2332,2,0.9402165,226,2279,N,3.33333333333333,0,396
2249,3,1.031742,248,2332,N,5,0,396
2242,4,1.0400625,250,2249,N,6.66666666666667,0,396
2584,5,0.90277425,217,2242,N,8.33333333333333,0,396
2284,6,0.931896,224,2584,N,10,0,396
2323,7,0.9235755,222,2284,N,11.6666666666667,0,396
4073,8,0.8736525,210,2323,N,13.3333333333333,0,396
4084,9,1.0234215,246,4073,N,15,0,396
4179,10,0.89445375,215,4084,N,16.6666666666667,0,396
4063,11,0.91941525,221,4179,N,18.3333333333333,0,396
4285,12,1.1232675,270,4063,N,20,0,396
4326,13,1.13574825,273,4285,N,21.6666666666667,0,396
4384,14,1.2563955,302,4326,N,23.3333333333333,0,396
4237,15,1.281357,308,4384,N,25,0,396
7097,16,1.3728825,330,4237,N,26.6666666666667,0,396
8425,17,1.381203,332,7097,N,28.3333333333333,0,396
7813,18,1.47688875,355,8425,N,30,0,396
6613,19,0.881973,212,7813,Y,31.6666666666667,1,396
7598,20,0.83621025,201,6613,N,33.3333333333333,1,396
6800,21,0.765486,184,7598,N,35,1,396
7022,22,0.732204,176,6800,N,36.6666666666667,1,396
8194,23,0.8070885,194,7022,N,38.3333333333333,1,396
10488,24,0.92773575,223,8194,N,40,1,396
11255,25,0.91941525,221,10488,N,41.6666666666667,1,396
9627,26,0.86949225,209,11255,N,43.3333333333333,1,396
11344,27,1.181511,284,9627,N,45,1,396
3726,0,1.35208125,325,NA,N,0,0,397
3827,1,1.11910725,269,3726,N,1.66666666666667,0,397
3227,2,1.2397545,298,3827,N,3.33333333333333,0,397
3464,3,1.35208125,325,3227,N,5,0,397
3207,4,1.63497825,393,3464,N,6.66666666666667,0,397
3999,5,1.347921,324,3207,N,8.33333333333333,0,397
3556,6,0.71972325,173,3999,Y,10,1,397
3726,0,1.35208125,325,NA,N,0,0,398
3827,1,1.11910725,269,3726,N,1.66666666666667,0,398
3227,2,1.2397545,298,3827,N,3.33333333333333,0,398
3464,3,1.35208125,325,3227,N,5,0,398
3207,4,1.63497825,393,3464,N,6.66666666666667,0,398
3999,5,1.347921,324,3207,N,8.33333333333333,0,398
3551,6,0.748845,180,3999,Y,10,1,398
3862,7,0.94437675,227,3551,N,11.6666666666667,1,398
6007,9,0.8403705,202,3862,N,15,1,398
4971,10,0.86949225,209,6007,N,16.6666666666667,1,398
5490,11,0.8070885,194,4971,N,18.3333333333333,1,398
5579,13,1.23559425,297,5490,N,21.6666666666667,1,398
5724,14,1.048383,252,5579,N,23.3333333333333,1,398
5784,15,1.0733445,258,5724,N,25,1,398
7599,16,1.0899855,262,5784,N,26.6666666666667,1,398
9674,17,1.33544025,321,7599,N,28.3333333333333,1,398
8296,18,1.26055575,303,9674,N,30,1,398
6549,19,1.31047875,315,8296,N,31.6666666666667,1,398
7555,20,1.381203,332,6549,N,33.3333333333333,1,398
6749,21,1.364562,328,7555,N,35,1,398
6996,22,1.414485,340,6749,N,36.6666666666667,1,398
8151,23,1.57673475,379,6996,N,38.3333333333333,1,398
10373,24,1.647459,396,8151,N,40,1,398
11229,25,0.93605625,225,10373,Y,41.6666666666667,2,398
9570,26,0.7571655,182,11229,N,43.3333333333333,2,398
10325,27,0.83205,200,9570,N,45,2,398
8812,30,0.9901395,238,10325,N,50,2,398
12481,32,1.1399085,274,8812,N,53.3333333333333,2,398
11728,33,1.08582525,261,12481,N,55,2,398
11788,34,1.248075,300,11728,N,56.6666666666667,2,398
13273,35,1.364562,328,11788,N,58.3333333333333,2,398
14084,36,1.431126,344,13273,N,60,2,398
12866,37,1.62665775,391,14084,N,61.6666666666667,2,398
2718,0,1.16070975,279,NA,N,0,0,399
2362,1,1.2397545,298,2718,N,1.66666666666667,0,399
2360,2,1.114947,268,2362,N,3.33333333333333,0,399
2314,3,1.1898315,286,2360,N,5,0,399
2255,4,1.181511,284,2314,N,6.66666666666667,0,399
2640,5,1.297998,312,2255,N,8.33333333333333,0,399
2310,6,1.297998,312,2640,N,10,0,399
2367,7,1.6058565,386,2310,N,11.6666666666667,0,399
4102,8,1.51849125,365,2367,N,13.3333333333333,0,399
4097,9,1.75146525,421,4102,N,15,0,399
4221,10,1.6724205,402,4097,N,16.6666666666667,0,399
4501,12,0.83621025,201,4221,Y,20,1,399
4738,13,1.0733445,258,4501,N,21.6666666666667,1,399
4582,14,0.965178,232,4738,N,23.3333333333333,1,399
5005,15,0.99846,240,4582,N,25,1,399
7238,16,1.081665,260,5005,N,26.6666666666667,1,399
8779,17,1.17735075,283,7238,N,28.3333333333333,1,399
7966,18,1.05254325,253,8779,N,30,1,399
6231,19,1.148229,276,7966,N,31.6666666666667,1,399
7211,20,1.39368375,335,6231,N,33.3333333333333,1,399
6160,21,1.5392925,370,7211,N,35,1,399
6708,22,1.464408,352,6160,N,36.6666666666667,1,399
7773,23,0.682281,164,6708,Y,38.3333333333333,2,399
9914,24,0.865332,208,7773,N,40,2,399
3238,0,1.381203,332,NA,N,0,0,400
3085,1,1.49769,360,3238,N,1.66666666666667,0,400
2695,2,1.57673475,379,3085,N,3.33333333333333,0,400
2525,4,1.580895,380,2695,N,6.66666666666667,0,400
2946,5,1.62665775,391,2525,N,8.33333333333333,0,400
2608,6,0.9069345,218,2946,Y,10,1,400
2809,7,0.8070885,194,2608,N,11.6666666666667,1,400
4691,8,0.98597925,237,2809,N,13.3333333333333,1,400
5765,9,0.865332,208,4691,N,15,1,400
4439,10,0.96933825,233,5765,N,16.6666666666667,1,400
4429,11,0.798768,192,4439,N,18.3333333333333,1,400
4541,12,0.8902935,214,4429,N,20,1,400
4807,13,1.0733445,258,4541,N,21.6666666666667,1,400
4650,14,1.02758175,247,4807,N,23.3333333333333,1,400
5109,15,1.09414575,263,4650,N,25,1,400
7281,16,0.981819,236,5109,N,26.6666666666667,1,400
9165,17,1.01926125,245,7281,N,28.3333333333333,1,400
8005,18,1.17735075,283,9165,N,30,1,400
6252,19,1.2397545,298,8005,N,31.6666666666667,1,400
7245,20,1.2397545,298,6252,N,33.3333333333333,1,400
6221,21,1.46024775,351,7245,N,35,1,400
6743,22,1.50185025,361,6221,N,36.6666666666667,1,400
7799,23,1.50185025,361,6743,N,38.3333333333333,1,400
9945,24,1.38536325,333,7799,N,40,1,400
11015,25,1.481049,356,9945,N,41.6666666666667,1,400
10253,27,0.848691,204,11015,Y,45,2,400
10187,29,0.88613325,213,10253,N,48.3333333333333,2,400
8729,30,0.96933825,233,10187,N,50,2,400
12480,32,1.031742,248,8729,N,53.3333333333333,2,400
11726,33,1.098306,264,12480,N,55,2,400
11787,34,1.4061645,338,11726,N,56.6666666666667,2,400
13849,35,1.44360675,347,11787,N,58.3333333333333,2,400
14484,36,1.481049,356,13849,N,60,2,400
13264,37,1.6557795,398,14484,N,61.6666666666667,2,400
3600,0,1.10246625,265,NA,N,0,0,401
3673,1,1.0899855,262,3600,N,1.66666666666667,0,401
3120,2,1.14406875,275,3673,N,3.33333333333333,0,401
3321,3,1.015101,244,3120,N,5,0,401
3091,4,1.114947,268,3321,N,6.66666666666667,0,401
3918,5,1.4061645,338,3091,N,8.33333333333333,0,401
3420,6,1.35208125,325,3918,N,10,0,401
3754,7,1.34376075,323,3420,N,11.6666666666667,0,401
5327,8,1.364562,328,3754,N,13.3333333333333,0,401
5977,9,1.3895235,334,5327,N,15,0,401
4825,10,1.6557795,398,5977,N,16.6666666666667,0,401
5233,11,1.4727285,354,4825,N,18.3333333333333,0,401
4870,12,0.7072425,170,5233,Y,20,1,401
5549,14,0.782127,188,4870,N,23.3333333333333,1,401
5577,15,0.93605625,225,5549,N,25,1,401
6422,19,0.9402165,226,5577,N,31.6666666666667,1,401
7426,20,0.93605625,225,6422,N,33.3333333333333,1,401
6526,21,1.098306,264,7426,N,35,1,401
6925,22,1.198152,288,6526,N,36.6666666666667,1,401
7986,23,1.1066265,266,6925,N,38.3333333333333,1,401
10066,24,1.131588,272,7986,N,40,1,401
11140,25,1.17735075,283,10066,N,41.6666666666667,1,401
9035,26,1.2064725,290,11140,N,43.3333333333333,1,401
10803,27,1.2896775,310,9035,N,45,1,401
9036,28,1.51849125,365,10803,N,46.6666666666667,1,401
10591,29,1.5725745,378,9036,N,48.3333333333333,1,401
9171,30,1.730664,416,10591,N,50,1,401
11421,31,1.77642675,427,9171,N,51.6666666666667,1,401
12628,32,0.95269725,229,11421,Y,53.3333333333333,2,401
12027,33,1.09414575,263,12628,N,55,2,401
12081,34,1.1066265,266,12027,N,56.6666666666667,2,401
13510,35,1.048383,252,12081,N,58.3333333333333,2,401
14277,36,1.16487,280,13510,N,60,2,401
12992,37,1.1898315,286,14277,N,61.6666666666667,2,401
3609,0,1.20231225,289,NA,N,0,0,402
3710,1,1.065024,256,3609,N,1.66666666666667,0,402
3135,2,1.18567125,285,3710,N,3.33333333333333,0,402
3331,3,1.18567125,285,3135,N,5,0,402
3106,4,1.21895325,293,3331,N,6.66666666666667,0,402
3931,5,1.4727285,354,3106,N,8.33333333333333,0,402
3433,6,1.36872225,329,3931,N,10,0,402
3763,7,1.564254,376,3433,N,11.6666666666667,0,402
5360,8,0.8237295,198,3763,Y,13.3333333333333,1,402
5982,9,0.86949225,209,5360,N,15,1,402
4843,10,0.86949225,209,5982,N,16.6666666666667,1,402
5322,11,0.87781275,211,4843,N,18.3333333333333,1,402
4889,12,0.97765875,235,5322,N,20,1,402
5384,13,1.15238925,277,4889,N,21.6666666666667,1,402
5576,14,0.87781275,211,5384,N,23.3333333333333,1,402
5594,15,1.0733445,258,5576,N,25,1,402
7531,16,0.9901395,238,5594,N,26.6666666666667,1,402
9616,17,1.17735075,283,7531,N,28.3333333333333,1,402
8242,18,1.081665,260,9616,N,30,1,402
6468,19,1.20231225,289,8242,N,31.6666666666667,1,402
7481,20,1.4228055,342,6468,N,33.3333333333333,1,402
6580,21,1.5060105,362,7481,N,35,1,402
6953,22,1.71818325,413,6580,N,36.6666666666667,1,402
8051,23,1.44360675,347,6953,N,38.3333333333333,1,402
10137,24,1.46856825,353,8051,N,40,1,402
11178,25,0.6573195,158,10137,Y,41.6666666666667,2,402
9400,26,0.74468475,179,11178,N,43.3333333333333,2,402
10844,27,0.81124875,195,9400,N,45,2,402
9116,28,0.79460775,191,10844,N,46.6666666666667,2,402
10652,29,0.9568575,230,9116,N,48.3333333333333,2,402
9288,30,0.86949225,209,10652,N,50,2,402
12672,32,1.16903025,281,9288,N,53.3333333333333,2,402
12108,33,1.3063185,314,12672,N,55,2,402
13829,35,1.4228055,342,12108,N,58.3333333333333,2,402
14461,36,1.4394465,346,13829,N,60,2,402
12815,37,0.81956925,197,14461,Y,61.6666666666667,3,402
3621,0,0.8070885,194,NA,N,0,0,403
3722,1,0.898614,216,3621,N,1.66666666666667,0,403
3147,2,0.798768,192,3722,N,3.33333333333333,0,403
3349,3,0.89445375,215,3147,N,5,0,403
3127,4,1.00262025,241,3349,N,6.66666666666667,0,403
3944,5,1.0899855,262,3127,N,8.33333333333333,0,403
3452,6,1.0400625,250,3944,N,10,0,403
3772,7,1.07750475,259,3452,N,11.6666666666667,0,403
5401,8,1.1066265,266,3772,N,13.3333333333333,0,403
5986,9,1.20231225,289,5401,N,15,0,403
4867,10,1.16487,280,5986,N,16.6666666666667,0,403
5350,11,1.16487,280,4867,N,18.3333333333333,0,403
4912,12,1.30215825,313,5350,N,20,0,403
5434,13,1.54345275,371,4912,N,21.6666666666667,0,403
5630,14,1.53513225,369,5434,N,23.3333333333333,0,403
5617,15,1.580895,380,5630,N,25,0,403
7544,16,1.763946,424,5617,N,26.6666666666667,0,403
9626,17,0.9402165,226,7544,Y,28.3333333333333,1,403
8253,18,0.83621025,201,9626,N,30,1,403
6479,19,0.86117175,207,8253,N,31.6666666666667,1,403
7494,20,0.93605625,225,6479,N,33.3333333333333,1,403
6588,21,0.865332,208,7494,N,35,1,403
6959,22,0.99429975,239,6588,N,36.6666666666667,1,403
8060,23,1.0234215,246,6959,N,38.3333333333333,1,403
11185,25,0.96101775,231,8060,N,41.6666666666667,1,403
9414,26,0.948537,228,11185,N,43.3333333333333,1,403
10851,27,1.0567035,254,9414,N,45,1,403
9127,28,1.21063275,291,10851,N,46.6666666666667,1,403
10659,29,1.26887625,305,9127,N,48.3333333333333,1,403
9315,30,1.4893695,358,10659,N,50,1,403
11477,31,1.5392925,370,9315,N,51.6666666666667,1,403
12679,32,1.5559335,374,11477,N,53.3333333333333,1,403
12119,33,1.77642675,427,12679,N,55,1,403
12255,34,1.80138825,433,12119,N,56.6666666666667,1,403
13591,35,0.94437675,227,12255,Y,58.3333333333333,2,403
14321,36,1.11078675,267,13591,N,60,2,403
13040,37,1.05254325,253,14321,N,61.6666666666667,2,403
3623,0,1.01926125,245,NA,N,0,0,404
3725,1,0.95269725,229,3623,N,1.66666666666667,0,404
3150,2,0.84453075,203,3725,N,3.33333333333333,0,404
3355,3,0.9069345,218,3150,N,5,0,404
3131,4,0.965178,232,3355,N,6.66666666666667,0,404
3947,5,1.16070975,279,3131,N,8.33333333333333,0,404
3457,6,1.06086375,255,3947,N,10,0,404
3776,7,1.1066265,266,3457,N,11.6666666666667,0,404
5404,8,1.21895325,293,3776,N,13.3333333333333,0,404
5987,9,1.06086375,255,5404,N,15,0,404
4871,10,1.281357,308,5987,N,16.6666666666667,0,404
5357,11,1.1898315,286,4871,N,18.3333333333333,0,404
4916,12,1.2563955,302,5357,N,20,0,404
5437,13,1.78474725,429,4916,N,21.6666666666667,0,404
5289,14,0.64483875,155,5437,Y,23.3333333333333,1,404
5354,15,0.71972325,173,5289,N,25,1,404
7392,16,0.70308225,169,5354,N,26.6666666666667,1,404
9334,17,0.94437675,227,7392,N,28.3333333333333,1,404
8087,18,0.865332,208,9334,N,30,1,404
6335,19,0.84453075,203,8087,N,31.6666666666667,1,404
7341,20,0.8237295,198,6335,N,33.3333333333333,1,404
6427,21,1.114947,268,7341,N,35,1,404
6842,22,1.2064725,290,6427,N,36.6666666666667,1,404
7910,23,1.06918425,257,6842,N,38.3333333333333,1,404
10001,24,1.04422275,251,7910,N,40,1,404
11075,25,0.98597925,237,10001,N,41.6666666666667,1,404
8839,26,1.214793,292,11075,N,43.3333333333333,1,404
10589,27,1.26887625,305,8839,N,45,1,404
8939,28,1.4228055,342,10589,N,46.6666666666667,1,404
10469,29,1.5559335,374,8939,N,48.3333333333333,1,404
9031,30,0.8736525,210,10469,Y,50,2,404
11561,31,0.92773575,223,9031,N,51.6666666666667,2,404
12581,32,0.90277425,217,11561,N,53.3333333333333,2,404
11936,33,1.04422275,251,12581,N,55,2,404
11986,34,0.9069345,218,11936,N,56.6666666666667,2,404
13447,35,0.898614,216,11986,N,58.3333333333333,2,404
14246,36,1.04422275,251,13447,N,60,2,404
12958,37,0.981819,236,14246,N,61.6666666666667,2,404
3625,0,1.2231135,294,NA,N,0,0,405
3727,1,1.14406875,275,3625,N,1.66666666666667,0,405
3155,2,1.2231135,294,3727,N,3.33333333333333,0,405
3362,3,1.29383775,311,3155,N,5,0,405
3134,4,1.25223525,301,3362,N,6.66666666666667,0,405
3950,5,1.47688875,355,3134,N,8.33333333333333,0,405
3462,6,1.6724205,402,3950,N,10,0,405
3782,7,1.431126,344,3462,N,11.6666666666667,0,405
5408,8,0.79460775,191,3782,Y,13.3333333333333,1,405
5988,9,0.9402165,226,5408,N,15,1,405
4875,10,1.0234215,246,5988,N,16.6666666666667,1,405
5362,11,0.98597925,237,4875,N,18.3333333333333,1,405
4920,12,1.0899855,262,5362,N,20,1,405
5634,14,1.048383,252,4920,N,23.3333333333333,1,405
5622,15,1.21063275,291,5634,N,25,1,405
7550,16,1.13574825,273,5622,N,26.6666666666667,1,405
9628,17,1.17735075,283,7550,N,28.3333333333333,1,405
8257,18,1.22727375,295,9628,N,30,1,405
6483,19,1.2397545,298,8257,N,31.6666666666667,1,405
7497,20,1.32711975,319,6483,N,33.3333333333333,1,405
6590,21,1.61001675,387,7497,N,35,1,405
6961,22,1.7223435,414,6590,N,36.6666666666667,1,405
8065,23,1.65161925,397,6961,N,38.3333333333333,1,405
10203,24,1.9053945,458,8065,N,40,1,405
11187,25,1.5559335,374,10203,N,41.6666666666667,1,405
9418,26,1.91787525,461,11187,N,43.3333333333333,1,405
14771,27,NA,-1,9418,Y,45,2,405
3629,0,0.99429975,239,NA,N,0,0,406
3731,1,1.347921,324,3629,N,1.66666666666667,0,406
3165,2,1.1898315,286,3731,N,3.33333333333333,0,406
3384,3,1.21063275,291,3165,N,5,0,406
3140,4,1.2563955,302,3384,N,6.66666666666667,0,406
3958,5,1.5392925,370,3140,N,8.33333333333333,0,406
3472,6,1.53513225,369,3958,N,10,0,406
3788,7,0.7072425,170,3472,Y,11.6666666666667,1,406
5416,8,0.76964625,185,3788,N,13.3333333333333,1,406
5990,9,0.815409,196,5416,N,15,1,406
4891,10,0.84453075,203,5990,N,16.6666666666667,1,406
5372,11,0.865332,208,4891,N,18.3333333333333,1,406
4934,12,0.8736525,210,5372,N,20,1,406
5445,13,0.9402165,226,4934,N,21.6666666666667,1,406
5648,14,0.86117175,207,5445,N,23.3333333333333,1,406
5627,15,0.94437675,227,5648,N,25,1,406
7556,16,1.01094075,243,5627,N,26.6666666666667,1,406
9632,17,1.11078675,267,7556,N,28.3333333333333,1,406
8261,18,1.0067805,242,9632,N,30,1,406
6487,19,1.131588,272,8261,N,31.6666666666667,1,406
7500,20,1.1399085,274,6487,N,33.3333333333333,1,406
6592,21,1.22727375,295,7500,N,35,1,406
6963,22,1.3562415,326,6592,N,36.6666666666667,1,406
8069,23,1.13574825,273,6963,N,38.3333333333333,1,406
10213,24,1.4061645,338,8069,N,40,1,406
11190,25,1.47688875,355,10213,N,41.6666666666667,1,406
9445,26,0.6406785,154,11190,Y,43.3333333333333,2,406
10857,27,0.79460775,191,9445,N,45,2,406
3668,0,1.248075,300,NA,N,0,0,407
3780,1,1.25223525,301,3668,N,1.66666666666667,0,407
3181,2,1.2064725,290,3780,N,3.33333333333333,0,407
3400,3,1.19399175,287,3181,N,5,0,407
3151,4,1.33128,320,3400,N,6.66666666666667,0,407
3978,5,1.46856825,353,3151,N,8.33333333333333,0,407
3488,6,1.4560875,350,3978,N,10,0,407
3802,7,1.53513225,369,3488,N,11.6666666666667,0,407
5439,8,1.64329875,395,3802,N,13.3333333333333,0,407
5993,9,1.780587,428,5439,N,15,0,407
4907,10,1.94283675,467,5993,N,16.6666666666667,0,407
5392,11,0.7238835,174,4907,Y,18.3333333333333,1,407
4956,12,0.8237295,198,5392,N,20,1,407
5460,13,1.14406875,275,4956,N,21.6666666666667,1,407
5669,14,1.0234215,246,5460,N,23.3333333333333,1,407
5643,15,1.0400625,250,5669,N,25,1,407
7565,16,1.14406875,275,5643,N,26.6666666666667,1,407
9639,17,1.114947,268,7565,N,28.3333333333333,1,407
8273,18,1.131588,272,9639,N,30,1,407
6498,19,1.31879925,317,8273,N,31.6666666666667,1,407
8084,23,1.281357,308,6498,N,38.3333333333333,1,407
10245,24,1.381203,332,8084,N,40,1,407
11197,25,1.447767,348,10245,N,41.6666666666667,1,407
9474,26,0.94437675,227,11197,Y,43.3333333333333,2,407
10867,27,0.8403705,202,9474,N,45,2,407
9146,28,0.7904475,190,10867,N,46.6666666666667,2,407
10670,29,0.91941525,221,9146,N,48.3333333333333,2,407
9344,30,0.915255,220,10670,N,50,2,407
11481,31,0.99846,240,9344,N,51.6666666666667,2,407
12688,32,0.99429975,239,11481,N,53.3333333333333,2,407
12132,33,0.91941525,221,12688,N,55,2,407
12280,34,1.065024,256,12132,N,56.6666666666667,2,407
14069,35,0.9901395,238,12280,N,58.3333333333333,2,407
14652,36,1.03590225,249,14069,N,60,2,407
13631,37,1.131588,272,14652,N,61.6666666666667,2,407
2656,0,1.2064725,290,NA,N,0,0,408
2277,1,1.131588,272,2656,N,1.66666666666667,0,408
2308,2,1.1399085,274,2277,N,3.33333333333333,0,408
2245,3,1.15238925,277,2308,N,5,0,408
2240,4,1.1898315,286,2245,N,6.66666666666667,0,408
2575,5,1.40200425,337,2240,N,8.33333333333333,0,408
2280,6,1.39368375,335,2575,N,10,0,408
2307,7,1.4727285,354,2280,N,11.6666666666667,0,408
4071,8,1.614177,388,2307,N,13.3333333333333,0,408
4080,9,1.68490125,405,4071,N,15,0,408
4173,10,1.5559335,374,4080,N,16.6666666666667,0,408
4061,11,1.797228,432,4173,N,18.3333333333333,0,408
4273,12,1.90955475,459,4061,N,20,0,408
4319,13,2.246535,540,4273,N,21.6666666666667,0,408
4373,14,1.0067805,242,4319,Y,23.3333333333333,1,408
4229,15,0.94437675,227,4373,N,25,1,408
7093,16,1.0234215,246,4229,N,26.6666666666667,1,408
8418,17,1.347921,324,7093,N,28.3333333333333,1,408
7807,18,1.35208125,325,8418,N,30,1,408
6112,19,1.36872225,329,7807,N,31.6666666666667,1,408
7084,20,1.44360675,347,6112,N,33.3333333333333,1,408
6069,21,1.6058565,386,7084,N,35,1,408
6288,22,1.7889075,430,6069,N,36.6666666666667,1,408
7260,23,1.697382,408,6288,N,38.3333333333333,1,408
9825,24,1.70986275,411,7260,N,40,1,408
10897,25,0.76964625,185,9825,Y,41.6666666666667,2,408
8386,26,0.82788975,199,10897,N,43.3333333333333,2,408
10094,27,0.93605625,225,8386,N,45,2,408
3698,0,1.49769,360,NA,N,0,0,409
3789,1,1.4893695,358,3698,N,1.66666666666667,0,409
3195,2,1.6391385,394,3789,N,3.33333333333333,0,409
3410,3,0.732204,176,3195,Y,5,1,409
3164,4,0.7904475,190,3410,N,6.66666666666667,1,409
3985,5,0.91941525,221,3164,N,8.33333333333333,1,409
3498,6,0.948537,228,3985,N,10,1,409
3809,7,0.99846,240,3498,N,11.6666666666667,1,409
5453,8,1.0067805,242,3809,N,13.3333333333333,1,409
5995,9,1.01926125,245,5453,N,15,1,409
4910,10,1.22727375,295,5995,N,16.6666666666667,1,409
5403,11,1.07750475,259,4910,N,18.3333333333333,1,409
4970,12,1.18567125,285,5403,N,20,1,409
5481,13,1.31879925,317,4970,N,21.6666666666667,1,409
5676,14,1.31879925,317,5481,N,23.3333333333333,1,409
5654,15,1.35208125,325,5676,N,25,1,409
7570,16,1.5392925,370,5654,N,26.6666666666667,1,409
9644,17,1.46024775,351,7570,N,28.3333333333333,1,409
8276,18,0.67812075,163,9644,Y,30,2,409
6508,19,0.73636425,177,8276,N,31.6666666666667,2,409
7518,20,0.76132575,183,6508,N,33.3333333333333,2,409
6601,21,0.798768,192,7518,N,35,2,409
6972,22,1.0733445,258,6601,N,36.6666666666667,2,409
8090,23,0.6906015,166,6972,N,38.3333333333333,2,409
10255,24,0.6906015,166,8090,N,40,2,409
11201,25,0.6739605,162,10255,N,41.6666666666667,2,409
9481,26,0.77796675,187,11201,N,43.3333333333333,2,409
10869,27,0.84453075,203,9481,N,45,2,409
9155,28,0.81124875,195,10869,N,46.6666666666667,2,409
10673,29,0.7405245,178,9155,N,48.3333333333333,2,409
9349,30,0.91941525,221,10673,N,50,2,409
12698,32,0.89445375,215,9349,N,53.3333333333333,2,409
12150,33,0.8070885,194,12698,N,55,2,409
12300,34,1.015101,244,12150,N,56.6666666666667,2,409
13615,35,1.4061645,338,12300,N,58.3333333333333,2,409
14333,36,1.4061645,338,13615,N,60,2,409
13055,37,0.715563,172,14333,Y,61.6666666666667,3,409
3698,0,1.49769,360,NA,N,0,0,410
3789,1,1.4893695,358,3698,N,1.66666666666667,0,410
3195,2,1.6391385,394,3789,N,3.33333333333333,0,410
3410,3,0.732204,176,3195,Y,5,1,410
3164,4,0.7904475,190,3410,N,6.66666666666667,1,410
3985,5,0.91941525,221,3164,N,8.33333333333333,1,410
3498,6,0.948537,228,3985,N,10,1,410
3809,7,0.99846,240,3498,N,11.6666666666667,1,410
5453,8,1.0067805,242,3809,N,13.3333333333333,1,410
5995,9,1.01926125,245,5453,N,15,1,410
4910,10,1.22727375,295,5995,N,16.6666666666667,1,410
5403,11,1.07750475,259,4910,N,18.3333333333333,1,410
4970,12,1.18567125,285,5403,N,20,1,410
5481,13,1.31879925,317,4970,N,21.6666666666667,1,410
5676,14,1.31879925,317,5481,N,23.3333333333333,1,410
5654,15,1.35208125,325,5676,N,25,1,410
7570,16,1.5392925,370,5654,N,26.6666666666667,1,410
9644,17,1.46024775,351,7570,N,28.3333333333333,1,410
8277,18,0.83205,200,9644,Y,30,2,410
6509,19,0.87781275,211,8277,N,31.6666666666667,2,410
7520,20,0.83621025,201,6509,N,33.3333333333333,2,410
6602,21,0.8570115,206,7520,N,35,2,410
6973,22,0.90277425,217,6602,N,36.6666666666667,2,410
8092,23,0.94437675,227,6973,N,38.3333333333333,2,410
10260,24,0.981819,236,8092,N,40,2,410
11202,25,0.96101775,231,10260,N,41.6666666666667,2,410
9485,26,1.01094075,243,11202,N,43.3333333333333,2,410
10870,27,1.02758175,247,9485,N,45,2,410
9160,28,1.1898315,286,10870,N,46.6666666666667,2,410
10674,29,1.2231135,294,9160,N,48.3333333333333,2,410
9353,30,1.38536325,333,10674,N,50,2,410
11482,31,1.4727285,354,9353,N,51.6666666666667,2,410
12690,32,1.4893695,358,11482,N,53.3333333333333,2,410
14811,33,NA,-1,12690,Y,55,3,410
3701,0,1.3229595,318,NA,N,0,0,411
3796,1,1.31879925,317,3701,N,1.66666666666667,0,411
3199,2,1.37704275,331,3796,N,3.33333333333333,0,411
3414,3,1.347921,324,3199,N,5,0,411
3050,4,0.748845,180,3414,Y,6.66666666666667,1,411
3870,5,0.715563,172,3050,N,8.33333333333333,1,411
3354,6,0.7405245,178,3870,N,10,1,411
3656,7,0.79460775,191,3354,N,11.6666666666667,1,411
5231,8,0.89445375,215,3656,N,13.3333333333333,1,411
5960,9,0.84453075,203,5231,N,15,1,411
4751,10,0.76964625,185,5960,N,16.6666666666667,1,411
5131,11,0.86949225,209,4751,N,18.3333333333333,1,411
4791,12,0.9568575,230,5131,N,20,1,411
5259,13,1.01094075,243,4791,N,21.6666666666667,1,411
5492,14,1.04422275,251,5259,N,23.3333333333333,1,411
5525,15,1.131588,272,5492,N,25,1,411
7489,16,1.15238925,277,5525,N,26.6666666666667,1,411
9566,17,1.16903025,281,7489,N,28.3333333333333,1,411
8173,18,1.22727375,295,9566,N,30,1,411
6412,19,1.481049,356,8173,N,31.6666666666667,1,411
7416,20,1.414485,340,6412,N,33.3333333333333,1,411
6517,21,1.8887535,454,7416,N,35,1,411
6920,22,1.730664,416,6517,N,36.6666666666667,1,411
7980,23,0.83205,200,6920,Y,38.3333333333333,2,411
10055,24,0.98597925,237,7980,N,40,2,411
11130,25,0.85285125,205,10055,N,41.6666666666667,2,411
9014,26,0.96101775,231,11130,N,43.3333333333333,2,411
10794,27,0.9402165,226,9014,N,45,2,411
9012,28,1.04422275,251,10794,N,46.6666666666667,2,411
10567,29,1.06086375,255,9012,N,48.3333333333333,2,411
9147,30,1.2064725,290,10567,N,50,2,411
11414,31,1.2563955,302,9147,N,51.6666666666667,2,411
12622,32,1.16487,280,11414,N,53.3333333333333,2,411
12014,33,1.28551725,309,12622,N,55,2,411
12073,34,1.4560875,350,12014,N,56.6666666666667,2,411
14006,35,1.54345275,371,12073,N,58.3333333333333,2,411
14601,36,0.66980025,161,14006,Y,60,3,411
13518,37,0.72804375,175,14601,N,61.6666666666667,3,411
3706,0,1.47688875,355,NA,N,0,0,412
3803,1,1.5725745,378,3706,N,1.66666666666667,0,412
3205,2,1.59337575,383,3803,N,3.33333333333333,0,412
3424,3,1.65161925,397,3205,N,5,0,412
3178,4,0.99429975,239,3424,Y,6.66666666666667,1,412
3991,5,1.00262025,241,3178,N,8.33333333333333,1,412
3508,6,0.94437675,227,3991,N,10,1,412
3818,7,1.00262025,241,3508,N,11.6666666666667,1,412
5466,8,0.96933825,233,3818,N,13.3333333333333,1,412
5997,9,1.015101,244,5466,N,15,1,412
4918,10,1.13574825,273,5997,N,16.6666666666667,1,412
5418,11,1.065024,256,4918,N,18.3333333333333,1,412
4981,12,1.1399085,274,5418,N,20,1,412
5501,13,1.39368375,335,4981,N,21.6666666666667,1,412
5684,14,1.248075,300,5501,N,23.3333333333333,1,412
5661,15,1.1399085,274,5684,N,25,1,412
7576,16,1.33544025,321,5661,N,26.6666666666667,1,412
9651,17,1.30215825,313,7576,N,28.3333333333333,1,412
8282,18,1.347921,324,9651,N,30,1,412
6516,19,1.34376075,323,8282,N,31.6666666666667,1,412
7526,20,1.314639,316,6516,N,33.3333333333333,1,412
6606,21,1.7057025,410,7526,N,35,1,412
6978,22,1.89291375,455,6606,N,36.6666666666667,1,412
8110,23,0.782127,188,6978,Y,38.3333333333333,2,412
10283,24,0.815409,196,8110,N,40,2,412
11208,25,0.87781275,211,10283,N,41.6666666666667,2,412
9512,26,0.9901395,238,11208,N,43.3333333333333,2,412
10875,27,0.91941525,221,9512,N,45,2,412
9164,28,0.965178,232,10875,N,46.6666666666667,2,412
3709,0,0.99429975,239,NA,N,0,0,413
3807,1,1.0400625,250,3709,N,1.66666666666667,0,413
3209,2,1.07750475,259,3807,N,3.33333333333333,0,413
3429,3,1.10246625,265,3209,N,5,0,413
3183,4,1.11078675,267,3429,N,6.66666666666667,0,413
3992,5,1.3229595,318,3183,N,8.33333333333333,0,413
3513,6,1.47688875,355,3992,N,10,0,413
3825,7,1.47688875,355,3513,N,11.6666666666667,0,413
5469,8,1.59337575,383,3825,N,13.3333333333333,0,413
5998,9,1.52681175,367,5469,N,15,0,413
4924,10,1.7223435,414,5998,N,16.6666666666667,0,413
5428,11,1.3895235,334,4924,N,18.3333333333333,0,413
4989,12,1.68490125,405,5428,N,20,0,413
5511,13,0.9901395,238,4989,Y,21.6666666666667,1,413
5688,14,0.96933825,233,5511,N,23.3333333333333,1,413
5664,15,0.97765875,235,5688,N,25,1,413
7578,16,1.00262025,241,5664,N,26.6666666666667,1,413
9653,17,0.99429975,239,7578,N,28.3333333333333,1,413
8283,18,0.9734985,234,9653,N,30,1,413
6518,19,0.9901395,238,8283,N,31.6666666666667,1,413
7528,20,1.1399085,274,6518,N,33.3333333333333,1,413
6607,21,1.3063185,314,7528,N,35,1,413
6979,22,1.3895235,334,6607,N,36.6666666666667,1,413
8113,23,1.52681175,367,6979,N,38.3333333333333,1,413
10293,24,1.3396005,322,8113,N,40,1,413
11210,25,1.597536,384,10293,N,41.6666666666667,1,413
9521,26,1.381203,332,11210,N,43.3333333333333,1,413
10879,27,1.63497825,393,9521,N,45,1,413
9170,28,0.798768,192,10879,Y,46.6666666666667,2,413
10677,29,0.8570115,206,9170,N,48.3333333333333,2,413
9366,30,0.9402165,226,10677,N,50,2,413
12694,32,0.965178,232,9366,N,53.3333333333333,2,413
12143,33,0.9901395,238,12694,N,55,2,413
12296,34,0.96933825,233,12143,N,56.6666666666667,2,413
14083,35,1.231434,296,12296,N,58.3333333333333,2,413
14659,36,1.26055575,303,14083,N,60,2,413
13642,37,1.231434,296,14659,N,61.6666666666667,2,413
3720,0,0.9235755,222,NA,N,0,0,414
3821,1,0.86949225,209,3720,N,1.66666666666667,0,414
3218,2,1.02758175,247,3821,N,3.33333333333333,0,414
3449,3,1.0567035,254,3218,N,5,0,414
3200,4,1.05254325,253,3449,N,6.66666666666667,0,414
3997,5,1.16070975,279,3200,N,8.33333333333333,0,414
3544,6,1.13574825,273,3997,N,10,0,414
3857,7,1.148229,276,3544,N,11.6666666666667,0,414
5506,8,1.2231135,294,3857,N,13.3333333333333,0,414
6005,9,1.37704275,331,5506,N,15,0,414
4963,10,1.580895,380,6005,N,16.6666666666667,0,414
5484,11,1.381203,332,4963,N,18.3333333333333,0,414
5024,12,1.49769,360,5484,N,20,0,414
5572,13,1.67658075,403,5024,N,21.6666666666667,0,414
5716,14,1.6890615,406,5572,N,23.3333333333333,0,414
5692,15,1.83467025,441,5716,N,25,0,414
7595,16,1.5892155,382,5692,N,26.6666666666667,0,414
9669,17,0.87781275,211,7595,Y,28.3333333333333,1,414
8293,18,0.75300525,181,9669,N,30,1,414
6545,19,0.93605625,225,8293,N,31.6666666666667,1,414
7549,20,0.93605625,225,6545,N,33.3333333333333,1,414
6746,21,1.16070975,279,7549,N,35,1,414
6994,22,1.3562415,326,6746,N,36.6666666666667,1,414
8147,23,1.20231225,289,6994,N,38.3333333333333,1,414
10366,24,1.16070975,279,8147,N,40,1,414
11226,25,1.17735075,283,10366,N,41.6666666666667,1,414
9565,26,1.28551725,309,11226,N,43.3333333333333,1,414
11314,27,1.447767,348,9565,N,45,1,414
9219,28,1.6724205,402,11314,N,46.6666666666667,1,414
10693,29,0.79460775,191,9219,Y,48.3333333333333,2,414
9394,30,0.765486,184,10693,N,50,2,414
3724,0,0.81124875,195,NA,N,0,0,415
3824,1,0.8237295,198,3724,N,1.66666666666667,0,415
3223,2,0.7904475,190,3824,N,3.33333333333333,0,415
3454,3,0.8070885,194,3223,N,5,0,415
3203,4,0.7738065,186,3454,N,6.66666666666667,0,415
3998,5,0.8237295,198,3203,N,8.33333333333333,0,415
3546,6,0.80292825,193,3998,N,10,0,415
3859,7,0.82788975,199,3546,N,11.6666666666667,0,415
5510,8,0.86949225,209,3859,N,13.3333333333333,0,415
6006,9,0.8570115,206,5510,N,15,0,415
4967,10,0.798768,192,6006,N,16.6666666666667,0,415
5487,11,0.85285125,205,4967,N,18.3333333333333,0,415
5027,12,0.94437675,227,5487,N,20,0,415
5575,13,1.06918425,257,5027,N,21.6666666666667,0,415
5721,14,1.03590225,249,5575,N,23.3333333333333,0,415
5782,15,0.981819,236,5721,N,25,0,415
7597,16,0.99429975,239,5782,N,26.6666666666667,0,415
9672,17,1.148229,276,7597,N,28.3333333333333,0,415
8295,18,1.098306,264,9672,N,30,0,415
6547,19,1.11910725,269,8295,N,31.6666666666667,0,415
7553,20,0.64483875,155,6547,Y,33.3333333333333,1,415
6995,22,0.6573195,158,7553,N,36.6666666666667,1,415
8149,23,0.83205,200,6995,N,38.3333333333333,1,415
10370,24,0.782127,188,8149,N,40,1,415
11227,25,0.78628725,189,10370,N,41.6666666666667,1,415
9567,26,0.70308225,169,11227,N,43.3333333333333,1,415
11315,27,0.9568575,230,9567,N,45,1,415
10694,29,1.00262025,241,11315,N,48.3333333333333,1,415
9396,30,0.915255,220,10694,N,50,1,415
13483,35,1.20231225,289,9396,N,58.3333333333333,1,415
14265,36,1.4727285,354,13483,N,60,1,415
14841,37,NA,-1,14265,Y,61.6666666666667,2,415
2701,0,1.18567125,285,NA,N,0,0,416
2294,1,1.4061645,338,2701,N,1.66666666666667,0,416
2354,2,1.4560875,350,2294,N,3.33333333333333,0,416
2305,3,1.397844,336,2354,N,5,0,416
2252,4,1.4061645,338,2305,N,6.66666666666667,0,416
2615,5,1.72650375,415,2252,N,8.33333333333333,0,416
2299,6,0.7904475,190,2615,Y,10,1,416
2359,7,0.84453075,203,2299,N,11.6666666666667,1,416
4086,8,0.97765875,235,2359,N,13.3333333333333,1,416
4092,9,0.83205,200,4086,N,15,1,416
4203,10,1.0567035,254,4092,N,16.6666666666667,1,416
4197,11,0.76132575,183,4203,N,18.3333333333333,1,416
4318,12,0.76964625,185,4197,N,20,1,416
4357,13,1.03590225,249,4318,N,21.6666666666667,1,416
4425,14,1.01094075,243,4357,N,23.3333333333333,1,416
4269,15,1.0067805,242,4425,N,25,1,416
7118,16,1.148229,276,4269,N,26.6666666666667,1,416
8516,17,1.26055575,303,7118,N,28.3333333333333,1,416
7827,18,1.16070975,279,8516,N,30,1,416
6144,19,1.381203,332,7827,N,31.6666666666667,1,416
7107,20,1.30215825,313,6144,N,33.3333333333333,1,416
6078,21,1.71818325,413,7107,N,35,1,416
6313,22,1.897074,456,6078,N,36.6666666666667,1,416
7708,23,1.64329875,395,6313,N,38.3333333333333,1,416
9839,24,0.7405245,178,7708,Y,40,2,416
2701,0,1.18567125,285,NA,N,0,0,417
2294,1,1.4061645,338,2701,N,1.66666666666667,0,417
2354,2,1.4560875,350,2294,N,3.33333333333333,0,417
2305,3,1.397844,336,2354,N,5,0,417
2252,4,1.4061645,338,2305,N,6.66666666666667,0,417
2615,5,1.72650375,415,2252,N,8.33333333333333,0,417
2299,6,0.7904475,190,2615,Y,10,1,417
2359,7,0.84453075,203,2299,N,11.6666666666667,1,417
4086,8,0.97765875,235,2359,N,13.3333333333333,1,417
4092,9,0.83205,200,4086,N,15,1,417
4203,10,1.0567035,254,4092,N,16.6666666666667,1,417
4197,11,0.76132575,183,4203,N,18.3333333333333,1,417
4318,12,0.76964625,185,4197,N,20,1,417
4357,13,1.03590225,249,4318,N,21.6666666666667,1,417
4425,14,1.01094075,243,4357,N,23.3333333333333,1,417
4269,15,1.0067805,242,4425,N,25,1,417
7118,16,1.148229,276,4269,N,26.6666666666667,1,417
8516,17,1.26055575,303,7118,N,28.3333333333333,1,417
7827,18,1.16070975,279,8516,N,30,1,417
6144,19,1.381203,332,7827,N,31.6666666666667,1,417
7107,20,1.30215825,313,6144,N,33.3333333333333,1,417
6078,21,1.71818325,413,7107,N,35,1,417
6313,22,1.897074,456,6078,N,36.6666666666667,1,417
7708,23,1.64329875,395,6313,N,38.3333333333333,1,417
9840,24,0.798768,192,7708,Y,40,2,417
10910,25,0.881973,212,9840,N,41.6666666666667,2,417
8428,26,0.95269725,229,10910,N,43.3333333333333,2,417
10120,27,0.97765875,235,8428,N,45,2,417
8488,28,0.99429975,239,10120,N,46.6666666666667,2,417
9789,29,0.95269725,229,8488,N,48.3333333333333,2,417
8402,30,1.081665,260,9789,N,50,2,417
11415,31,1.1898315,286,8402,N,51.6666666666667,2,417
12428,32,1.31047875,315,11415,N,53.3333333333333,2,417
11642,33,1.52681175,367,12428,N,55,2,417
11630,34,1.61001675,387,11642,N,56.6666666666667,2,417
13181,35,1.55177325,373,11630,N,58.3333333333333,2,417
13973,36,0.77796675,187,13181,Y,60,3,417
12821,37,0.79460775,191,13973,N,61.6666666666667,3,417
2707,0,0.898614,216,NA,N,0,0,418
2296,1,0.90277425,217,2707,N,1.66666666666667,0,418
2356,2,0.96101775,231,2296,N,3.33333333333333,0,418
2309,3,0.92773575,223,2356,N,5,0,418
2253,4,0.965178,232,2309,N,6.66666666666667,0,418
2621,5,0.865332,208,2253,N,8.33333333333333,0,418
2303,6,0.948537,228,2621,N,10,0,418
2361,7,0.98597925,237,2303,N,11.6666666666667,0,418
4096,8,1.06918425,257,2361,N,13.3333333333333,0,418
4094,9,1.0567035,254,4096,N,15,0,418
4210,10,1.14406875,275,4094,N,16.6666666666667,0,418
4204,11,1.1399085,274,4210,N,18.3333333333333,0,418
4327,12,1.16903025,281,4204,N,20,0,418
4368,13,1.2730365,306,4327,N,21.6666666666667,0,418
4430,14,1.31879925,317,4368,N,23.3333333333333,0,418
4276,15,1.32711975,319,4430,N,25,0,418
7123,16,1.41864525,341,4276,N,26.6666666666667,0,418
8522,17,1.5392925,370,7123,N,28.3333333333333,0,418
7832,18,1.780587,428,8522,N,30,0,418
6148,19,1.66826025,401,7832,N,31.6666666666667,0,418
7110,20,1.85963175,447,6148,N,33.3333333333333,0,418
6081,21,0.732204,176,7110,Y,35,1,418
6321,22,0.965178,232,6081,N,36.6666666666667,1,418
7712,23,1.0234215,246,6321,N,38.3333333333333,1,418
9844,24,0.95269725,229,7712,N,40,1,418
10914,25,1.06918425,257,9844,N,41.6666666666667,1,418
8432,26,1.04422275,251,10914,N,43.3333333333333,1,418
10128,27,1.0067805,242,8432,N,45,1,418
9793,29,1.0899855,262,10128,N,48.3333333333333,1,418
9432,30,1.16487,280,9793,N,50,1,418
12738,32,1.16903025,281,9432,N,53.3333333333333,1,418
12210,33,1.30215825,313,12738,N,55,1,418
12340,34,1.3728825,330,12210,N,56.6666666666667,1,418
14150,35,0.85285125,205,12340,Y,58.3333333333333,2,418
14695,36,0.981819,236,14150,N,60,2,418
13717,37,0.9069345,218,14695,N,61.6666666666667,2,418
2712,0,0.965178,232,NA,N,0,0,419
2344,1,0.89445375,215,2712,N,1.66666666666667,0,419
2358,2,0.92773575,223,2344,N,3.33333333333333,0,419
2311,3,1.0567035,254,2358,N,5,0,419
2254,4,0.96101775,231,2311,N,6.66666666666667,0,419
2638,5,1.07750475,259,2254,N,8.33333333333333,0,419
2306,6,1.264716,304,2638,N,10,0,419
2364,7,1.1565495,278,2306,N,11.6666666666667,0,419
4098,8,1.31047875,315,2364,N,13.3333333333333,0,419
4095,9,1.46856825,353,4098,N,15,0,419
4214,10,1.2730365,306,4095,N,16.6666666666667,0,419
4211,11,1.49352975,359,4214,N,18.3333333333333,0,419
4340,12,1.61001675,387,4211,N,20,0,419
4372,13,1.80970875,435,4340,N,21.6666666666667,0,419
4434,14,1.57673475,379,4372,N,23.3333333333333,0,419
4281,15,1.630818,392,4434,N,25,0,419
7125,16,1.71818325,413,4281,N,26.6666666666667,0,419
8524,17,0.7571655,182,7125,Y,28.3333333333333,1,419
7834,18,0.915255,220,8524,N,30,1,419
6150,19,0.8736525,210,7834,N,31.6666666666667,1,419
7112,20,1.0567035,254,6150,N,33.3333333333333,1,419
6082,21,1.031742,248,7112,N,35,1,419
6323,22,1.04422275,251,6082,N,36.6666666666667,1,419
7713,23,1.22727375,295,6323,N,38.3333333333333,1,419
9846,24,1.26887625,305,7713,N,40,1,419
10916,25,1.414485,340,9846,N,41.6666666666667,1,419
8434,26,1.297998,312,10916,N,43.3333333333333,1,419
10131,27,1.347921,324,8434,N,45,1,419
8385,30,1.42696575,343,10131,N,50,1,419
12437,32,0.931896,224,8385,Y,53.3333333333333,2,419
11653,33,0.95269725,229,12437,N,55,2,419
11687,34,0.84453075,203,11653,N,56.6666666666667,2,419
13203,35,1.19399175,287,11687,N,58.3333333333333,2,419
13986,36,1.29383775,311,13203,N,60,2,419
12832,37,1.1731905,282,13986,N,61.6666666666667,2,419
3738,0,1.01094075,243,NA,N,0,0,420
3850,1,0.931896,224,3738,N,1.66666666666667,0,420
3347,2,0.94437675,227,3850,N,3.33333333333333,0,420
3501,3,1.00262025,241,3347,N,5,0,420
3239,4,1.01094075,243,3501,N,6.66666666666667,0,420
4006,5,1.27719675,307,3239,N,8.33333333333333,0,420
3579,6,1.264716,304,4006,N,10,0,420
3887,7,1.41032475,339,3579,N,11.6666666666667,0,420
5697,8,1.42696575,343,3887,N,13.3333333333333,0,420
6014,9,1.547613,372,5697,N,15,0,420
5023,10,0.76964625,185,6014,Y,16.6666666666667,1,420
5523,11,0.6573195,158,5023,N,18.3333333333333,1,420
4452,12,0.99846,240,5523,N,20,1,420
4572,13,1.1898315,286,4452,N,21.6666666666667,1,420
4528,14,0.9568575,230,4572,N,23.3333333333333,1,420
4893,15,0.965178,232,4528,N,25,1,420
7186,16,0.965178,232,4893,N,26.6666666666667,1,420
8675,17,0.94437675,227,7186,N,28.3333333333333,1,420
7895,18,0.90277425,217,8675,N,30,1,420
6206,19,0.9235755,222,7895,N,31.6666666666667,1,420
7174,20,0.97765875,235,6206,N,33.3333333333333,1,420
6123,21,1.19399175,287,7174,N,35,1,420
6688,22,1.1066265,266,6123,N,36.6666666666667,1,420
7751,23,1.03590225,249,6688,N,38.3333333333333,1,420
9888,24,1.05254325,253,7751,N,40,1,420
10958,25,1.16070975,279,9888,N,41.6666666666667,1,420
8520,26,1.2563955,302,10958,N,43.3333333333333,1,420
10216,27,1.32711975,319,8520,N,45,1,420
8547,28,1.5725745,378,10216,N,46.6666666666667,1,420
10149,29,1.70154225,409,8547,N,48.3333333333333,1,420
8685,30,1.647459,396,10149,N,50,1,420
12465,32,1.83051,440,8685,N,53.3333333333333,1,420
11694,33,1.880433,452,12465,N,55,1,420
11752,34,0.76132575,183,11694,Y,56.6666666666667,2,420
13837,35,0.8403705,202,11752,N,58.3333333333333,2,420
14471,36,1.015101,244,13837,N,60,2,420
13236,37,1.031742,248,14471,N,61.6666666666667,2,420
3745,0,0.9402165,226,NA,N,0,0,421
3866,1,1.01926125,245,3745,N,1.66666666666667,0,421
3374,2,1.0067805,242,3866,N,3.33333333333333,0,421
3527,3,1.0567035,254,3374,N,5,0,421
3257,4,1.14406875,275,3527,N,6.66666666666667,0,421
4010,5,1.0733445,258,3257,N,8.33333333333333,0,421
3585,6,1.24391475,299,4010,N,10,0,421
3903,7,1.2563955,302,3585,N,11.6666666666667,0,421
5708,8,1.2896775,310,3903,N,13.3333333333333,0,421
6020,9,1.46024775,351,5708,N,15,0,421
5039,10,1.47688875,355,6020,N,16.6666666666667,0,421
5535,11,1.647459,396,5039,N,18.3333333333333,0,421
5079,12,1.69322175,407,5535,N,20,0,421
5616,13,0.99429975,239,5079,Y,21.6666666666667,1,421
5757,14,0.86117175,207,5616,N,23.3333333333333,1,421
5808,15,1.0400625,250,5757,N,25,1,421
7622,16,1.081665,260,5808,N,26.6666666666667,1,421
9692,17,1.05254325,253,7622,N,28.3333333333333,1,421
8307,18,1.114947,268,9692,N,30,1,421
6570,19,1.0733445,258,8307,N,31.6666666666667,1,421
7575,20,1.11078675,267,6570,N,33.3333333333333,1,421
6777,21,1.24391475,299,7575,N,35,1,421
7008,22,1.34376075,323,6777,N,36.6666666666667,1,421
8176,23,1.431126,344,7008,N,38.3333333333333,1,421
10405,24,1.52681175,367,8176,N,40,1,421
11240,25,1.59337575,383,10405,N,41.6666666666667,1,421
9585,26,1.54345275,371,11240,N,43.3333333333333,1,421
11328,27,0.7571655,182,9585,Y,45,2,421
9420,30,0.732204,176,11328,N,50,2,421
12728,32,0.948537,228,9420,N,53.3333333333333,2,421
14129,35,0.95269725,229,12728,N,58.3333333333333,2,421
14687,36,0.99429975,239,14129,N,60,2,421
13699,37,1.0400625,250,14687,N,61.6666666666667,2,421
2723,0,1.38536325,333,NA,N,0,0,422
2369,1,1.5559335,374,2723,N,1.66666666666667,0,422
2365,2,1.347921,324,2369,N,3.33333333333333,0,422
2316,3,1.3063185,314,2365,N,5,0,422
2258,4,1.6224975,390,2316,N,6.66666666666667,0,422
2653,5,1.863792,448,2258,N,8.33333333333333,0,422
2313,6,0.7571655,182,2653,Y,10,1,422
2371,7,0.83205,200,2313,N,11.6666666666667,1,422
4104,8,0.898614,216,2371,N,13.3333333333333,1,422
4099,9,0.75300525,181,4104,N,15,1,422
4223,10,0.848691,204,4099,N,16.6666666666667,1,422
4215,11,0.9235755,222,4223,N,18.3333333333333,1,422
4345,12,0.8902935,214,4215,N,20,1,422
4377,13,1.06086375,255,4345,N,21.6666666666667,1,422
4437,14,0.86949225,209,4377,N,23.3333333333333,1,422
4284,15,0.898614,216,4437,N,25,1,422
7127,16,0.84453075,203,4284,N,26.6666666666667,1,422
8527,17,0.94437675,227,7127,N,28.3333333333333,1,422
7836,18,0.9235755,222,8527,N,30,1,422
6152,19,0.965178,232,7836,N,31.6666666666667,1,422
7115,20,0.948537,228,6152,N,33.3333333333333,1,422
7721,23,1.1399085,274,7115,N,38.3333333333333,1,422
9856,24,1.32711975,319,7721,N,40,1,422
10927,25,1.131588,272,9856,N,41.6666666666667,1,422
8443,26,1.36872225,329,10927,N,43.3333333333333,1,422
10151,27,1.3562415,326,8443,N,45,1,422
8497,28,1.58505525,381,10151,N,46.6666666666667,1,422
9801,29,0.698922,168,8497,Y,48.3333333333333,2,422
8472,30,0.80292825,193,9801,N,50,2,422
11437,31,0.92773575,223,8472,N,51.6666666666667,2,422
12444,32,0.91109475,219,11437,N,53.3333333333333,2,422
11659,33,1.05254325,253,12444,N,55,2,422
11700,34,1.048383,252,11659,N,56.6666666666667,2,422
13821,35,0.9734985,234,11700,N,58.3333333333333,2,422
14454,36,1.06086375,255,13821,N,60,2,422
13200,37,1.14406875,275,14454,N,61.6666666666667,2,422
2726,0,1.065024,256,NA,N,0,0,423
2374,1,1.1399085,274,2726,N,1.66666666666667,0,423
2370,2,1.12742775,271,2374,N,3.33333333333333,0,423
2318,3,1.015101,244,2370,N,5,0,423
2260,4,1.04422275,251,2318,N,6.66666666666667,0,423
2663,5,1.17735075,283,2260,N,8.33333333333333,0,423
2317,6,1.11078675,267,2663,N,10,0,423
2381,7,1.26887625,305,2317,N,11.6666666666667,0,423
4115,8,1.24391475,299,2381,N,13.3333333333333,0,423
4101,9,1.4061645,338,4115,N,15,0,423
4232,10,1.31047875,315,4101,N,16.6666666666667,0,423
4235,11,1.41032475,339,4232,N,18.3333333333333,0,423
4356,12,1.50185025,361,4235,N,20,0,423
4388,13,1.8055485,434,4356,N,21.6666666666667,0,423
4445,14,1.69322175,407,4388,N,23.3333333333333,0,423
4675,15,1.81802925,437,4445,N,25,0,423
7131,16,2.02604175,487,4675,N,26.6666666666667,0,423
9588,17,1.05254325,253,7131,Y,28.3333333333333,1,423
8212,18,0.99846,240,9588,N,30,1,423
6432,19,0.981819,236,8212,N,31.6666666666667,1,423
7440,20,0.96101775,231,6432,N,33.3333333333333,1,423
6538,21,1.42696575,343,7440,N,35,1,423
6932,22,1.50185025,361,6538,N,36.6666666666667,1,423
8001,23,1.21063275,291,6932,N,38.3333333333333,1,423
10079,24,1.397844,336,8001,N,40,1,423
11148,25,1.514331,364,10079,N,41.6666666666667,1,423
9060,26,1.60169625,385,11148,N,43.3333333333333,1,423
10812,27,1.56841425,377,9060,N,45,1,423
9062,28,1.763946,424,10812,N,46.6666666666667,1,423
10612,29,0.898614,216,9062,Y,48.3333333333333,2,423
9210,30,0.92773575,223,10612,N,50,2,423
11432,31,1.02758175,247,9210,N,51.6666666666667,2,423
12643,32,1.16903025,281,11432,N,53.3333333333333,2,423
12050,33,1.031742,248,12643,N,55,2,423
12109,34,1.07750475,259,12050,N,56.6666666666667,2,423
14025,35,1.18567125,285,12109,N,58.3333333333333,2,423
14617,36,1.248075,300,14025,N,60,2,423
13555,37,1.364562,328,14617,N,61.6666666666667,2,423
3247,0,1.14406875,275,NA,N,0,0,424
3097,1,1.16487,280,3247,N,1.66666666666667,0,424
2713,2,1.19399175,287,3097,N,3.33333333333333,0,424
2556,3,1.21063275,291,2713,N,5,0,424
2534,4,1.21895325,293,2556,N,6.66666666666667,0,424
2964,5,1.42696575,343,2534,N,8.33333333333333,0,424
2623,6,1.447767,348,2964,N,10,0,424
2823,7,1.3728825,330,2623,N,11.6666666666667,0,424
4703,8,1.55177325,373,2823,N,13.3333333333333,0,424
5770,9,1.680741,404,4703,N,15,0,424
4457,10,1.65993975,399,5770,N,16.6666666666667,0,424
4438,11,1.6641,400,4457,N,18.3333333333333,0,424
4550,12,1.90955475,459,4438,N,20,0,424
4817,13,1.19399175,287,4550,Y,21.6666666666667,1,424
5133,15,0.965178,232,4817,N,25,1,424
7290,16,0.89445375,215,5133,N,26.6666666666667,1,424
9185,17,0.8902935,214,7290,N,28.3333333333333,1,424
8012,18,0.93605625,225,9185,N,30,1,424
6261,19,0.931896,224,8012,N,31.6666666666667,1,424
7258,20,1.23559425,297,6261,N,33.3333333333333,1,424
6259,21,1.26887625,305,7258,N,35,1,424
6755,22,1.5060105,362,6259,N,36.6666666666667,1,424
7818,23,1.30215825,313,6755,N,38.3333333333333,1,424
9951,24,1.564254,376,7818,N,40,1,424
11022,25,1.6058565,386,9951,N,41.6666666666667,1,424
8614,26,0.7072425,170,11022,Y,43.3333333333333,2,424
10372,27,0.848691,204,8614,N,45,2,424
3247,0,1.14406875,275,NA,N,0,0,425
3097,1,1.16487,280,3247,N,1.66666666666667,0,425
2713,2,1.19399175,287,3097,N,3.33333333333333,0,425
2556,3,1.21063275,291,2713,N,5,0,425
2534,4,1.21895325,293,2556,N,6.66666666666667,0,425
2964,5,1.42696575,343,2534,N,8.33333333333333,0,425
2623,6,1.447767,348,2964,N,10,0,425
2823,7,1.3728825,330,2623,N,11.6666666666667,0,425
4703,8,1.55177325,373,2823,N,13.3333333333333,0,425
5770,9,1.680741,404,4703,N,15,0,425
4457,10,1.65993975,399,5770,N,16.6666666666667,0,425
4438,11,1.6641,400,4457,N,18.3333333333333,0,425
4550,12,1.90955475,459,4438,N,20,0,425
4817,13,1.19399175,287,4550,Y,21.6666666666667,1,425
5133,15,0.965178,232,4817,N,25,1,425
7290,16,0.89445375,215,5133,N,26.6666666666667,1,425
9185,17,0.8902935,214,7290,N,28.3333333333333,1,425
8012,18,0.93605625,225,9185,N,30,1,425
6261,19,0.931896,224,8012,N,31.6666666666667,1,425
7258,20,1.23559425,297,6261,N,33.3333333333333,1,425
6259,21,1.26887625,305,7258,N,35,1,425
6755,22,1.5060105,362,6259,N,36.6666666666667,1,425
7818,23,1.30215825,313,6755,N,38.3333333333333,1,425
9951,24,1.564254,376,7818,N,40,1,425
11022,25,1.6058565,386,9951,N,41.6666666666667,1,425
8615,26,0.7238835,174,11022,Y,43.3333333333333,2,425
10379,27,0.8403705,202,8615,N,45,2,425
8833,28,0.94437675,227,10379,N,46.6666666666667,2,425
10334,29,1.015101,244,8833,N,48.3333333333333,2,425
8855,30,0.99429975,239,10334,N,50,2,425
11509,31,0.981819,236,8855,N,51.6666666666667,2,425
12520,32,1.12742775,271,11509,N,53.3333333333333,2,425
11837,33,1.20231225,289,12520,N,55,2,425
11827,34,1.4394465,346,11837,N,56.6666666666667,2,425
13882,35,1.431126,344,11827,N,58.3333333333333,2,425
14515,36,1.41864525,341,13882,N,60,2,425
13339,37,0.63651825,153,14515,Y,61.6666666666667,3,425
3761,0,1.1565495,278,NA,N,0,0,426
3900,1,1.30215825,313,3761,N,1.66666666666667,0,426
3430,2,1.3063185,314,3900,N,3.33333333333333,0,426
3612,3,1.42696575,343,3430,N,5,0,426
3451,4,1.47688875,355,3612,N,6.66666666666667,0,426
4023,5,1.75978575,423,3451,N,8.33333333333333,0,426
3666,6,0.69476175,167,4023,Y,10,1,426
3942,7,0.94437675,227,3666,N,11.6666666666667,1,426
5729,8,0.948537,228,3942,N,13.3333333333333,1,426
6033,9,0.95269725,229,5729,N,15,1,426
5117,10,1.00262025,241,6033,N,16.6666666666667,1,426
5580,11,1.0567035,254,5117,N,18.3333333333333,1,426
5172,12,1.05254325,253,5580,N,20,1,426
5667,13,1.26055575,303,5172,N,21.6666666666667,1,426
5829,14,1.10246625,265,5667,N,23.3333333333333,1,426
5850,15,1.26055575,303,5829,N,25,1,426
7654,16,1.36040175,327,5850,N,26.6666666666667,1,426
9714,17,1.35208125,325,7654,N,28.3333333333333,1,426
8321,18,1.4727285,354,9714,N,30,1,426
6619,19,1.50185025,361,8321,N,31.6666666666667,1,426
7608,20,1.61833725,389,6619,N,33.3333333333333,1,426
6812,21,1.4727285,354,7608,N,35,1,426
7029,22,2.14252875,515,6812,N,36.6666666666667,1,426
8201,23,1.99275975,479,7029,N,38.3333333333333,1,426
10507,24,0.90277425,217,8201,Y,40,2,426
11263,25,1.015101,244,10507,N,41.6666666666667,2,426
9645,26,0.965178,232,11263,N,43.3333333333333,2,426
3761,0,1.1565495,278,NA,N,0,0,427
3900,1,1.30215825,313,3761,N,1.66666666666667,0,427
3430,2,1.3063185,314,3900,N,3.33333333333333,0,427
3612,3,1.42696575,343,3430,N,5,0,427
3451,4,1.47688875,355,3612,N,6.66666666666667,0,427
4023,5,1.75978575,423,3451,N,8.33333333333333,0,427
3666,6,0.69476175,167,4023,Y,10,1,427
3942,7,0.94437675,227,3666,N,11.6666666666667,1,427
5729,8,0.948537,228,3942,N,13.3333333333333,1,427
6033,9,0.95269725,229,5729,N,15,1,427
5117,10,1.00262025,241,6033,N,16.6666666666667,1,427
5580,11,1.0567035,254,5117,N,18.3333333333333,1,427
5172,12,1.05254325,253,5580,N,20,1,427
5667,13,1.26055575,303,5172,N,21.6666666666667,1,427
5829,14,1.10246625,265,5667,N,23.3333333333333,1,427
5850,15,1.26055575,303,5829,N,25,1,427
7654,16,1.36040175,327,5850,N,26.6666666666667,1,427
9714,17,1.35208125,325,7654,N,28.3333333333333,1,427
8321,18,1.4727285,354,9714,N,30,1,427
6619,19,1.50185025,361,8321,N,31.6666666666667,1,427
7608,20,1.61833725,389,6619,N,33.3333333333333,1,427
6812,21,1.4727285,354,7608,N,35,1,427
7029,22,2.14252875,515,6812,N,36.6666666666667,1,427
8201,23,1.99275975,479,7029,N,38.3333333333333,1,427
10510,24,1.03590225,249,8201,Y,40,2,427
11264,25,1.0067805,242,10510,N,41.6666666666667,2,427
9647,26,1.05254325,253,11264,N,43.3333333333333,2,427
11352,27,1.131588,272,9647,N,45,2,427
9296,28,1.05254325,253,11352,N,46.6666666666667,2,427
10726,29,1.04422275,251,9296,N,48.3333333333333,2,427
9476,30,1.11910725,269,10726,N,50,2,427
11549,31,1.1898315,286,9476,N,51.6666666666667,2,427
12757,32,1.37704275,331,11549,N,53.3333333333333,2,427
12230,33,1.397844,336,12757,N,55,2,427
12360,34,1.597536,384,12230,N,56.6666666666667,2,427
14172,35,1.62665775,391,12360,N,58.3333333333333,2,427
14706,36,0.72804375,175,14172,Y,60,3,427
13743,37,0.5741145,138,14706,N,61.6666666666667,3,427
3250,0,1.0567035,254,NA,N,0,0,428
3101,1,0.965178,232,3250,N,1.66666666666667,0,428
2715,2,0.99429975,239,3101,N,3.33333333333333,0,428
2559,3,1.05254325,253,2715,N,5,0,428
2537,4,1.04422275,251,2559,N,6.66666666666667,0,428
2982,5,1.33544025,321,2537,N,8.33333333333333,0,428
2629,6,1.1066265,266,2982,N,10,0,428
2828,7,1.41864525,341,2629,N,11.6666666666667,0,428
4709,8,1.3562415,326,2828,N,13.3333333333333,0,428
5772,9,1.28551725,309,4709,N,15,0,428
4461,10,1.630818,392,5772,N,16.6666666666667,0,428
4442,11,1.61001675,387,4461,N,18.3333333333333,0,428
4554,12,1.73482425,417,4442,N,20,0,428
4829,13,2.1217275,510,4554,N,21.6666666666667,0,428
4655,14,0.765486,184,4829,Y,23.3333333333333,1,428
5145,15,0.89445375,215,4655,N,25,1,428
7294,16,1.04422275,251,5145,N,26.6666666666667,1,428
9196,17,0.99429975,239,7294,N,28.3333333333333,1,428
8016,18,0.89445375,215,9196,N,30,1,428
6265,19,0.98597925,237,8016,N,31.6666666666667,1,428
7263,20,1.01926125,245,6265,N,33.3333333333333,1,428
6262,21,1.14406875,275,7263,N,35,1,428
6759,22,1.3229595,318,6262,N,36.6666666666667,1,428
7822,23,1.12742775,271,6759,N,38.3333333333333,1,428
9953,24,1.347921,324,7822,N,40,1,428
11024,25,1.447767,348,9953,N,41.6666666666667,1,428
8623,26,1.51849125,365,11024,N,43.3333333333333,1,428
10386,27,1.4560875,350,8623,N,45,1,428
8838,28,0.75300525,181,10386,Y,46.6666666666667,2,428
3254,0,1.065024,256,NA,N,0,0,429
3107,1,0.88613325,213,3254,N,1.66666666666667,0,429
2720,2,0.94437675,227,3107,N,3.33333333333333,0,429
2561,3,0.94437675,227,2720,N,5,0,429
2540,4,0.96933825,233,2561,N,6.66666666666667,0,429
2990,5,1.22727375,295,2540,N,8.33333333333333,0,429
2631,6,1.1731905,282,2990,N,10,0,429
2832,7,1.21063275,291,2631,N,11.6666666666667,0,429
4714,8,1.29383775,311,2832,N,13.3333333333333,0,429
5775,9,1.281357,308,4714,N,15,0,429
4487,10,1.43528625,345,5775,N,16.6666666666667,0,429
4444,11,1.34376075,323,4487,N,18.3333333333333,0,429
4558,12,1.57673475,379,4444,N,20,0,429
4834,13,1.86795225,449,4558,N,21.6666666666667,0,429
4660,14,1.56841425,377,4834,N,23.3333333333333,0,429
5157,15,0.732204,176,4660,Y,25,1,429
7297,16,0.715563,172,5157,N,26.6666666666667,1,429
9204,17,0.8403705,202,7297,N,28.3333333333333,1,429
8018,18,0.84453075,203,9204,N,30,1,429
6268,19,0.9069345,218,8018,N,31.6666666666667,1,429
7265,20,0.96101775,231,6268,N,33.3333333333333,1,429
6264,21,1.214793,292,7265,N,35,1,429
6761,22,1.3396005,322,6264,N,36.6666666666667,1,429
7823,23,1.36040175,327,6761,N,38.3333333333333,1,429
9954,24,1.297998,312,7823,N,40,1,429
11025,25,1.3562415,326,9954,N,41.6666666666667,1,429
8629,26,1.5226515,366,11025,N,43.3333333333333,1,429
10393,27,1.564254,376,8629,N,45,1,429
8848,28,1.414485,340,10393,N,46.6666666666667,1,429
10343,29,1.4394465,346,8848,N,48.3333333333333,1,429
8877,30,1.697382,408,10343,N,50,1,429
11515,31,1.78474725,429,8877,N,51.6666666666667,1,429
12525,32,0.9235755,222,11515,Y,53.3333333333333,2,429
3773,0,1.31879925,317,NA,N,0,0,430
3909,1,1.41032475,339,3773,N,1.66666666666667,0,430
3456,2,1.381203,332,3909,N,3.33333333333333,0,430
3624,3,1.45192725,349,3456,N,5,0,430
3482,4,1.514331,364,3624,N,6.66666666666667,0,430
4031,5,1.52681175,367,3482,N,8.33333333333333,0,430
3682,6,0.63651825,153,4031,Y,10,1,430
3961,7,0.7904475,190,3682,N,11.6666666666667,1,430
5854,8,0.88613325,213,3961,N,13.3333333333333,1,430
6040,9,0.81956925,197,5854,N,15,1,430
5165,10,0.76964625,185,6040,N,16.6666666666667,1,430
5605,11,0.82788975,199,5165,N,18.3333333333333,1,430
5223,12,0.87781275,211,5605,N,20,1,430
5690,13,1.16903025,281,5223,N,21.6666666666667,1,430
5841,14,0.99846,240,5690,N,23.3333333333333,1,430
5868,15,0.948537,228,5841,N,25,1,430
7668,16,0.97765875,235,5868,N,26.6666666666667,1,430
9730,17,1.0400625,250,7668,N,28.3333333333333,1,430
8331,18,1.13574825,273,9730,N,30,1,430
6629,19,1.23559425,297,8331,N,31.6666666666667,1,430
7626,20,1.2397545,298,6629,N,33.3333333333333,1,430
6834,21,1.51017075,363,7626,N,35,1,430
7038,22,1.530972,368,6834,N,36.6666666666667,1,430
8213,23,1.75978575,423,7038,N,38.3333333333333,1,430
10530,24,1.64329875,395,8213,N,40,1,430
11271,25,0.79460775,191,10530,Y,41.6666666666667,2,430
9665,26,0.83205,200,11271,N,43.3333333333333,2,430
11359,27,0.8736525,210,9665,N,45,2,430
10735,29,0.84453075,203,11359,N,48.3333333333333,2,430
9503,30,0.881973,212,10735,N,50,2,430
12765,32,0.898614,216,9503,N,53.3333333333333,2,430
12239,33,0.96101775,231,12765,N,55,2,430
12367,34,1.06086375,255,12239,N,56.6666666666667,2,430
13712,35,1.16487,280,12367,N,58.3333333333333,2,430
14390,36,1.18567125,285,13712,N,60,2,430
13108,37,1.2064725,290,14390,N,61.6666666666667,2,430
3778,0,1.13574825,273,NA,N,0,0,431
3916,1,1.27719675,307,3778,N,1.66666666666667,0,431
3471,2,1.4893695,358,3916,N,3.33333333333333,0,431
3628,3,1.297998,312,3471,N,5,0,431
3492,4,1.1066265,266,3628,N,6.66666666666667,0,431
4033,5,1.41864525,341,3492,N,8.33333333333333,0,431
3684,6,1.4394465,346,4033,N,10,0,431
3967,7,1.381203,332,3684,N,11.6666666666667,0,431
5858,8,1.26055575,303,3967,N,13.3333333333333,0,431
6043,9,0.7738065,186,5858,Y,15,1,431
5184,10,0.91109475,219,6043,N,16.6666666666667,1,431
5614,11,0.848691,204,5184,N,18.3333333333333,1,431
5240,12,0.84453075,203,5614,N,20,1,431
5705,13,0.96933825,233,5240,N,21.6666666666667,1,431
5852,14,0.8070885,194,5705,N,23.3333333333333,1,431
5884,15,0.90277425,217,5852,N,25,1,431
7672,16,0.8902935,214,5884,N,26.6666666666667,1,431
9736,17,0.898614,216,7672,N,28.3333333333333,1,431
8334,18,0.931896,224,9736,N,30,1,431
6633,19,0.93605625,225,8334,N,31.6666666666667,1,431
7635,20,1.15238925,277,6633,N,33.3333333333333,1,431
6844,21,1.381203,332,7635,N,35,1,431
7042,22,1.580895,380,6844,N,36.6666666666667,1,431
8219,23,1.3396005,322,7042,N,38.3333333333333,1,431
10543,24,1.4228055,342,8219,N,40,1,431
11188,25,0.81956925,197,10543,Y,41.6666666666667,2,431
9435,26,0.80292825,193,11188,N,43.3333333333333,2,431
10854,27,0.96101775,231,9435,N,45,2,431
9134,28,0.98597925,237,10854,N,46.6666666666667,2,431
10662,29,0.915255,220,9134,N,48.3333333333333,2,431
9320,30,0.915255,220,10662,N,50,2,431
11478,31,0.97765875,235,9320,N,51.6666666666667,2,431
12681,32,0.9568575,230,11478,N,53.3333333333333,2,431
12121,33,1.26055575,303,12681,N,55,2,431
12267,34,1.1066265,266,12121,N,56.6666666666667,2,431
14060,35,1.264716,304,12267,N,58.3333333333333,2,431
14648,36,1.28551725,309,14060,N,60,2,431
13623,37,1.22727375,295,14648,N,61.6666666666667,2,431
3269,0,0.88613325,213,NA,N,0,0,432
3124,1,0.881973,212,3269,N,1.66666666666667,0,432
2734,2,0.8237295,198,3124,N,3.33333333333333,0,432
2574,3,0.75300525,181,2734,N,5,0,432
2618,4,0.7405245,178,2574,N,6.66666666666667,0,432
3016,5,0.93605625,225,2618,N,8.33333333333333,0,432
2637,6,0.8403705,202,3016,N,10,0,432
2842,7,0.798768,192,2637,N,11.6666666666667,0,432
4748,8,0.915255,220,2842,N,13.3333333333333,0,432
5781,9,0.96101775,231,4748,N,15,0,432
4506,10,1.081665,260,5781,N,16.6666666666667,0,432
4671,11,0.99846,240,4506,N,18.3333333333333,0,432
4574,12,1.21063275,291,4671,N,20,0,432
4858,13,1.23559425,297,4574,N,21.6666666666667,0,432
5137,14,1.20231225,289,4858,N,23.3333333333333,0,432
5180,15,1.2064725,290,5137,N,25,0,432
7307,16,1.3396005,322,5180,N,26.6666666666667,0,432
9222,17,1.730664,416,7307,N,28.3333333333333,0,432
8026,18,1.56009375,375,9222,N,30,0,432
6279,19,1.67658075,403,8026,N,31.6666666666667,0,432
7274,20,0.71140275,171,6279,Y,33.3333333333333,1,432
6283,21,0.87781275,211,7274,N,35,1,432
6769,22,0.88613325,213,6283,N,36.6666666666667,1,432
7833,23,0.915255,220,6769,N,38.3333333333333,1,432
9958,24,1.0733445,258,7833,N,40,1,432
11030,25,1.06918425,257,9958,N,41.6666666666667,1,432
8644,26,1.18567125,285,11030,N,43.3333333333333,1,432
10406,27,1.2231135,294,8644,N,45,1,432
8857,28,1.4394465,346,10406,N,46.6666666666667,1,432
10357,29,1.481049,356,8857,N,48.3333333333333,1,432
8893,30,0.71140275,171,10357,Y,50,2,432
11520,31,0.86117175,207,8893,N,51.6666666666667,2,432
12530,32,0.71972325,173,11520,N,53.3333333333333,2,432
11849,33,0.9901395,238,12530,N,55,2,432
11889,34,0.97765875,235,11849,N,56.6666666666667,2,432
13888,35,0.98597925,237,11889,N,58.3333333333333,2,432
14520,36,0.8736525,210,13888,N,60,2,432
13349,37,0.83621025,201,14520,N,61.6666666666667,2,432
3785,0,1.02758175,247,NA,N,0,0,433
3920,1,1.06086375,255,3785,N,1.66666666666667,0,433
3479,2,1.19399175,287,3920,N,3.33333333333333,0,433
3632,3,1.0567035,254,3479,N,5,0,433
3502,4,1.0067805,242,3632,N,6.66666666666667,0,433
4035,5,1.23559425,297,3502,N,8.33333333333333,0,433
3687,6,1.081665,260,4035,N,10,0,433
3970,7,1.198152,288,3687,N,11.6666666666667,0,433
5864,8,1.24391475,299,3970,N,13.3333333333333,0,433
6045,9,1.25223525,301,5864,N,15,0,433
5201,10,1.381203,332,6045,N,16.6666666666667,0,433
5621,11,1.35208125,325,5201,N,18.3333333333333,0,433
5260,12,1.41864525,341,5621,N,20,0,433
5713,13,1.647459,396,5260,N,21.6666666666667,0,433
5862,14,1.43528625,345,5713,N,23.3333333333333,0,433
5896,15,1.59337575,383,5862,N,25,0,433
7677,16,1.697382,408,5896,N,26.6666666666667,0,433
9740,17,1.880433,452,7677,N,28.3333333333333,0,433
8336,18,1.863792,448,9740,N,30,0,433
6636,19,1.447767,348,8336,N,31.6666666666667,0,433
7640,20,0.82788975,199,6636,Y,33.3333333333333,1,433
6849,21,1.0400625,250,7640,N,35,1,433
7045,22,1.15238925,277,6849,N,36.6666666666667,1,433
8227,23,0.93605625,225,7045,N,38.3333333333333,1,433
10551,24,0.95269725,229,8227,N,40,1,433
11277,25,0.898614,216,10551,N,41.6666666666667,1,433
9683,26,1.01094075,243,11277,N,43.3333333333333,1,433
11365,27,1.02758175,247,9683,N,45,1,433
9324,28,1.19399175,287,11365,N,46.6666666666667,1,433
10740,29,1.15238925,277,9324,N,48.3333333333333,1,433
9514,30,1.3063185,314,10740,N,50,1,433
11563,31,1.41864525,341,9514,N,51.6666666666667,1,433
12769,32,1.40200425,337,11563,N,53.3333333333333,1,433
12244,33,0.515871,124,12769,Y,55,2,433
12373,34,0.60323625,145,12244,N,56.6666666666667,2,433
13724,35,0.632358,152,12373,N,58.3333333333333,2,433
14396,36,0.6073965,146,13724,N,60,2,433
13115,37,0.61155675,147,14396,N,61.6666666666667,2,433
2763,0,1.381203,332,NA,N,0,0,434
2400,1,1.547613,372,2763,N,1.66666666666667,0,434
2398,2,0.765486,184,2400,Y,3.33333333333333,1,434
2328,3,0.80292825,193,2398,N,5,1,434
2267,4,0.782127,188,2328,N,6.66666666666667,1,434
2684,5,0.881973,212,2267,N,8.33333333333333,1,434
2326,6,0.865332,208,2684,N,10,1,434
2410,7,0.915255,220,2326,N,11.6666666666667,1,434
4123,8,0.94437675,227,2410,N,13.3333333333333,1,434
4108,9,0.95269725,229,4123,N,15,1,434
4250,10,0.99846,240,4108,N,16.6666666666667,1,434
4251,11,1.0234215,246,4250,N,18.3333333333333,1,434
4389,12,1.031742,248,4251,N,20,1,434
4469,13,1.33544025,321,4389,N,21.6666666666667,1,434
4465,14,1.264716,304,4469,N,23.3333333333333,1,434
4704,15,1.08582525,261,4465,N,25,1,434
7142,16,1.13574825,273,4704,N,26.6666666666667,1,434
8552,17,1.181511,284,7142,N,28.3333333333333,1,434
7856,18,1.264716,304,8552,N,30,1,434
6175,19,1.41864525,341,7856,N,31.6666666666667,1,434
7130,20,1.51849125,365,6175,N,33.3333333333333,1,434
6091,21,1.547613,372,7130,N,35,1,434
6664,22,1.6724205,402,6091,N,36.6666666666667,1,434
7725,23,1.75146525,421,6664,N,38.3333333333333,1,434
9860,24,1.75978575,423,7725,N,40,1,434
10931,25,1.97611875,475,9860,N,41.6666666666667,1,434
8447,26,1.7223435,414,10931,N,43.3333333333333,1,434
10270,27,0.77796675,187,8447,Y,45,2,434
8678,28,0.87781275,211,10270,N,46.6666666666667,2,434
10209,29,1.0234215,246,8678,N,48.3333333333333,2,434
8756,30,1.0899855,262,10209,N,50,2,434
12487,32,0.9901395,238,8756,N,53.3333333333333,2,434
11738,33,1.1066265,266,12487,N,55,2,434
11793,34,1.11078675,267,11738,N,56.6666666666667,2,434
13851,35,1.4394465,346,11793,N,58.3333333333333,2,434
3280,0,1.114947,268,NA,N,0,0,435
3132,1,1.08582525,261,3280,N,1.66666666666667,0,435
2743,2,1.13574825,273,3132,N,3.33333333333333,0,435
2581,3,1.20231225,289,2743,N,5,0,435
2634,4,1.24391475,299,2581,N,6.66666666666667,0,435
3042,5,1.30215825,313,2634,N,8.33333333333333,0,435
2648,6,1.4061645,338,3042,N,10,0,435
2852,7,1.50185025,361,2648,N,11.6666666666667,0,435
4761,8,0.77796675,187,2852,Y,13.3333333333333,1,435
5790,9,0.782127,188,4761,N,15,1,435
4510,10,0.9235755,222,5790,N,16.6666666666667,1,435
4689,11,1.0234215,246,4510,N,18.3333333333333,1,435
4580,12,0.93605625,225,4689,N,20,1,435
4868,13,1.0400625,250,4580,N,21.6666666666667,1,435
5152,14,0.9901395,238,4868,N,23.3333333333333,1,435
5191,15,1.131588,272,5152,N,25,1,435
7311,16,1.081665,260,5191,N,26.6666666666667,1,435
9234,17,1.297998,312,7311,N,28.3333333333333,1,435
8032,18,1.2563955,302,9234,N,30,1,435
6291,19,1.16903025,281,8032,N,31.6666666666667,1,435
7288,20,1.51017075,363,6291,N,33.3333333333333,1,435
6369,21,0.748845,180,7288,Y,35,2,435
6773,22,0.99429975,239,6369,N,36.6666666666667,2,435
7840,23,0.732204,176,6773,N,38.3333333333333,2,435
9962,24,0.981819,236,7840,N,40,2,435
11034,25,0.848691,204,9962,N,41.6666666666667,2,435
8662,26,0.881973,212,11034,N,43.3333333333333,2,435
10418,27,0.9402165,226,8662,N,45,2,435
8866,28,1.12742775,271,10418,N,46.6666666666667,2,435
10371,29,1.06086375,255,8866,N,48.3333333333333,2,435
8916,30,0.9901395,238,10371,N,50,2,435
12537,32,1.015101,244,8916,N,53.3333333333333,2,435
11856,33,1.19399175,287,12537,N,55,2,435
3280,0,1.114947,268,NA,N,0,0,436
3132,1,1.08582525,261,3280,N,1.66666666666667,0,436
2743,2,1.13574825,273,3132,N,3.33333333333333,0,436
2581,3,1.20231225,289,2743,N,5,0,436
2634,4,1.24391475,299,2581,N,6.66666666666667,0,436
3042,5,1.30215825,313,2634,N,8.33333333333333,0,436
2648,6,1.4061645,338,3042,N,10,0,436
2852,7,1.50185025,361,2648,N,11.6666666666667,0,436
4761,8,0.77796675,187,2852,Y,13.3333333333333,1,436
5790,9,0.782127,188,4761,N,15,1,436
4510,10,0.9235755,222,5790,N,16.6666666666667,1,436
4689,11,1.0234215,246,4510,N,18.3333333333333,1,436
4580,12,0.93605625,225,4689,N,20,1,436
4868,13,1.0400625,250,4580,N,21.6666666666667,1,436
5152,14,0.9901395,238,4868,N,23.3333333333333,1,436
5191,15,1.131588,272,5152,N,25,1,436
7311,16,1.081665,260,5191,N,26.6666666666667,1,436
9234,17,1.297998,312,7311,N,28.3333333333333,1,436
8032,18,1.2563955,302,9234,N,30,1,436
6291,19,1.16903025,281,8032,N,31.6666666666667,1,436
7288,20,1.51017075,363,6291,N,33.3333333333333,1,436
6370,21,0.76132575,183,7288,Y,35,2,436
6774,22,0.881973,212,6370,N,36.6666666666667,2,436
7842,23,0.815409,196,6774,N,38.3333333333333,2,436
9963,24,0.90277425,217,7842,N,40,2,436
11035,25,0.92773575,223,9963,N,41.6666666666667,2,436
8665,26,0.92773575,223,11035,N,43.3333333333333,2,436
10420,27,0.91109475,219,8665,N,45,2,436
10374,29,1.00262025,241,10420,N,48.3333333333333,2,436
8918,30,1.02758175,247,10374,N,50,2,436
12233,33,1.33544025,321,8918,N,55,2,436
12362,34,1.414485,340,12233,N,56.6666666666667,2,436
13694,35,1.4560875,350,12362,N,58.3333333333333,2,436
14379,36,0.6906015,166,13694,Y,60,3,436
13097,37,0.83205,200,14379,N,61.6666666666667,3,436
3284,0,1.13574825,273,NA,N,0,0,437
3136,1,1.14406875,275,3284,N,1.66666666666667,0,437
2748,2,1.2896775,310,3136,N,3.33333333333333,0,437
2590,3,1.414485,340,2748,N,5,0,437
3053,5,1.75978575,423,2590,N,8.33333333333333,0,437
2652,6,1.6391385,394,3053,N,10,0,437
2859,7,1.7889075,430,2652,N,11.6666666666667,0,437
4766,8,1.6557795,398,2859,N,13.3333333333333,0,437
5793,9,0.86117175,207,4766,Y,15,1,437
4517,10,0.898614,216,5793,N,16.6666666666667,1,437
4699,11,0.91941525,221,4517,N,18.3333333333333,1,437
4586,12,0.865332,208,4699,N,20,1,437
4882,13,0.9901395,238,4586,N,21.6666666666667,1,437
5170,14,0.99846,240,4882,N,23.3333333333333,1,437
5221,15,1.07750475,259,5170,N,25,1,437
7320,16,1.12742775,271,5221,N,26.6666666666667,1,437
9253,17,1.25223525,301,7320,N,28.3333333333333,1,437
8039,18,1.464408,352,9253,N,30,1,437
6298,19,1.397844,336,8039,N,31.6666666666667,1,437
7296,20,1.6224975,390,6298,N,33.3333333333333,1,437
6375,21,1.38536325,333,7296,N,35,1,437
6782,22,1.5559335,374,6375,N,36.6666666666667,1,437
7850,23,0.72804375,175,6782,Y,38.3333333333333,2,437
9967,24,0.76132575,183,7850,N,40,2,437
11039,25,0.748845,180,9967,N,41.6666666666667,2,437
8680,26,0.898614,216,11039,N,43.3333333333333,2,437
10430,27,0.83621025,201,8680,N,45,2,437
3798,0,1.01926125,245,NA,N,0,0,438
3930,1,0.99429975,239,3798,N,1.66666666666667,0,438
3500,2,1.1232675,270,3930,N,3.33333333333333,0,438
3637,3,1.13574825,273,3500,N,5,0,438
3517,4,1.148229,276,3637,N,6.66666666666667,0,438
4038,5,1.2563955,302,3517,N,8.33333333333333,0,438
3691,6,1.12742775,271,4038,N,10,0,438
3972,7,1.43528625,345,3691,N,11.6666666666667,0,438
5891,8,1.297998,312,3972,N,13.3333333333333,0,438
6047,9,1.3895235,334,5891,N,15,0,438
5217,10,1.481049,356,6047,N,16.6666666666667,0,438
5629,11,1.564254,376,5217,N,18.3333333333333,0,438
5272,12,1.37704275,331,5629,N,20,0,438
5728,13,1.81802925,437,5272,N,21.6666666666667,0,438
5867,14,1.63497825,393,5728,N,23.3333333333333,0,438
5910,15,0.8403705,202,5867,Y,25,1,438
7682,16,0.82788975,199,5910,N,26.6666666666667,1,438
9746,17,1.0899855,262,7682,N,28.3333333333333,1,438
8339,18,1.06086375,255,9746,N,30,1,438
6638,19,1.1731905,282,8339,N,31.6666666666667,1,438
7647,20,1.16070975,279,6638,N,33.3333333333333,1,438
6856,21,1.397844,336,7647,N,35,1,438
7049,22,1.65161925,397,6856,N,36.6666666666667,1,438
8232,23,1.34376075,323,7049,N,38.3333333333333,1,438
10555,24,1.70986275,411,8232,N,40,1,438
11281,25,1.530972,368,10555,N,41.6666666666667,1,438
9691,26,1.53513225,369,11281,N,43.3333333333333,1,438
11368,27,1.57673475,379,9691,N,45,1,438
9333,28,0.87781275,211,11368,Y,46.6666666666667,2,438
10742,29,0.8902935,214,9333,N,48.3333333333333,2,438
9522,30,1.0567035,254,10742,N,50,2,438
11568,31,1.16070975,279,9522,N,51.6666666666667,2,438
12774,32,1.26055575,303,11568,N,53.3333333333333,2,438
12249,33,1.2896775,310,12774,N,55,2,438
12378,34,1.564254,376,12249,N,56.6666666666667,2,438
13736,35,1.59337575,383,12378,N,58.3333333333333,2,438
14402,36,1.50185025,361,13736,N,60,2,438
13118,37,0.6240375,150,14402,Y,61.6666666666667,3,438
3289,0,0.88613325,213,NA,N,0,0,439
3146,1,0.848691,204,3289,N,1.66666666666667,0,439
2754,2,0.95269725,229,3146,N,3.33333333333333,0,439
2593,3,0.97765875,235,2754,N,5,0,439
2642,4,0.91941525,221,2593,N,6.66666666666667,0,439
3058,5,0.97765875,235,2642,N,8.33333333333333,0,439
2661,6,0.965178,232,3058,N,10,0,439
2865,7,1.09414575,263,2661,N,11.6666666666667,0,439
4771,8,1.16070975,279,2865,N,13.3333333333333,0,439
5794,9,1.07750475,259,4771,N,15,0,439
4519,10,1.1898315,286,5794,N,16.6666666666667,0,439
4706,11,1.297998,312,4519,N,18.3333333333333,0,439
4590,12,1.39368375,335,4706,N,20,0,439
4888,13,1.50185025,361,4590,N,21.6666666666667,0,439
5177,14,1.46856825,353,4888,N,23.3333333333333,0,439
5237,15,1.614177,388,5177,N,25,0,439
7323,16,0.6406785,154,5237,Y,26.6666666666667,1,439
9258,17,0.7238835,174,7323,N,28.3333333333333,1,439
8289,18,0.99429975,239,9258,N,30,1,439
6536,19,0.79460775,191,8289,N,31.6666666666667,1,439
7540,20,0.8736525,210,6536,N,33.3333333333333,1,439
6733,21,0.99846,240,7540,N,35,1,439
6987,22,1.048383,252,6733,N,36.6666666666667,1,439
8130,23,1.04422275,251,6987,N,38.3333333333333,1,439
10339,24,1.1731905,282,8130,N,40,1,439
11218,25,1.10246625,265,10339,N,41.6666666666667,1,439
9543,26,1.181511,284,11218,N,43.3333333333333,1,439
11306,27,1.49352975,359,9543,N,45,1,439
9187,28,1.364562,328,11306,N,46.6666666666667,1,439
10681,29,1.3562415,326,9187,N,48.3333333333333,1,439
9374,30,1.5892155,382,10681,N,50,1,439
11498,31,1.65161925,397,9374,N,51.6666666666667,1,439
12635,32,0.77796675,187,11498,Y,53.3333333333333,2,439
3810,0,1.148229,276,NA,N,0,0,440
3938,1,1.2730365,306,3810,N,1.66666666666667,0,440
3515,2,1.27719675,307,3938,N,3.33333333333333,0,440
3641,3,1.431126,344,3515,N,5,0,440
3533,4,1.264716,304,3641,N,6.66666666666667,0,440
4041,5,1.41864525,341,3533,N,8.33333333333333,0,440
3696,6,1.49769,360,4041,N,10,0,440
3975,7,1.49769,360,3696,N,11.6666666666667,0,440
5899,8,1.5892155,382,3975,N,13.3333333333333,0,440
6050,9,1.47688875,355,5899,N,15,0,440
5245,10,0.9901395,238,6050,Y,16.6666666666667,1,440
5645,11,0.89445375,215,5245,N,18.3333333333333,1,440
5297,12,0.92773575,223,5645,N,20,1,440
5737,13,1.3229595,318,5297,N,21.6666666666667,1,440
5876,14,1.00262025,241,5737,N,23.3333333333333,1,440
5921,15,1.0400625,250,5876,N,25,1,440
7686,16,1.09414575,263,5921,N,26.6666666666667,1,440
9754,17,1.13574825,273,7686,N,28.3333333333333,1,440
8343,18,1.2064725,290,9754,N,30,1,440
6642,19,1.06086375,255,8343,N,31.6666666666667,1,440
7655,20,1.42696575,343,6642,N,33.3333333333333,1,440
6866,21,1.66826025,401,7655,N,35,1,440
7053,22,1.8887535,454,6866,N,36.6666666666667,1,440
8241,23,1.68490125,405,7053,N,38.3333333333333,1,440
10564,24,1.780587,428,8241,N,40,1,440
11285,25,1.56009375,375,10564,N,41.6666666666667,1,440
9709,26,1.90123425,457,11285,N,43.3333333333333,1,440
11373,27,0.931896,224,9709,Y,45,2,440
9339,28,0.91109475,219,11373,N,46.6666666666667,2,440
10745,29,1.0067805,242,9339,N,48.3333333333333,2,440
9530,30,1.0567035,254,10745,N,50,2,440
11570,31,1.16487,280,9530,N,51.6666666666667,2,440
12778,32,1.16903025,281,11570,N,53.3333333333333,2,440
12254,33,1.22727375,295,12778,N,55,2,440
12382,34,1.3895235,334,12254,N,56.6666666666667,2,440
14204,35,1.56841425,377,12382,N,58.3333333333333,2,440
14723,36,1.33544025,321,14204,N,60,2,440
13775,37,1.41864525,341,14723,N,61.6666666666667,2,440
3810,0,1.148229,276,NA,N,0,0,441
3938,1,1.2730365,306,3810,N,1.66666666666667,0,441
3515,2,1.27719675,307,3938,N,3.33333333333333,0,441
3641,3,1.431126,344,3515,N,5,0,441
3533,4,1.264716,304,3641,N,6.66666666666667,0,441
4041,5,1.41864525,341,3533,N,8.33333333333333,0,441
3696,6,1.49769,360,4041,N,10,0,441
3975,7,1.49769,360,3696,N,11.6666666666667,0,441
5899,8,1.5892155,382,3975,N,13.3333333333333,0,441
6050,9,1.47688875,355,5899,N,15,0,441
5239,10,0.8736525,210,6050,Y,16.6666666666667,1,441
5642,11,0.76964625,185,5239,N,18.3333333333333,1,441
5292,12,0.915255,220,5642,N,20,1,441
5734,13,1.1399085,274,5292,N,21.6666666666667,1,441
5873,14,1.04422275,251,5734,N,23.3333333333333,1,441
5918,15,0.9901395,238,5873,N,25,1,441
7685,16,1.13574825,273,5918,N,26.6666666666667,1,441
9752,17,1.06918425,257,7685,N,28.3333333333333,1,441
8342,18,1.12742775,271,9752,N,30,1,441
6641,19,0.981819,236,8342,N,31.6666666666667,1,441
7653,20,1.21895325,293,6641,N,33.3333333333333,1,441
6863,21,1.42696575,343,7653,N,35,1,441
7052,22,1.7556255,422,6863,N,36.6666666666667,1,441
8239,23,1.62665775,391,7052,N,38.3333333333333,1,441
10562,24,1.56841425,377,8239,N,40,1,441
11284,25,0.68644125,165,10562,Y,41.6666666666667,2,441
9706,26,0.78628725,189,11284,N,43.3333333333333,2,441
11371,27,0.80292825,193,9706,N,45,2,441
9336,28,0.7238835,174,11371,N,46.6666666666667,2,441
10744,29,0.83205,200,9336,N,48.3333333333333,2,441
9528,30,0.93605625,225,10744,N,50,2,441
11569,31,1.0733445,258,9528,N,51.6666666666667,2,441
12777,32,1.098306,264,11569,N,53.3333333333333,2,441
12253,33,1.26887625,305,12777,N,55,2,441
12381,34,1.34376075,323,12253,N,56.6666666666667,2,441
14202,35,1.34376075,323,12381,N,58.3333333333333,2,441
14722,36,1.29383775,311,14202,N,60,2,441
13774,37,0.70308225,169,14722,Y,61.6666666666667,3,441
2788,0,0.87781275,211,NA,N,0,0,442
2420,1,0.865332,208,2788,N,1.66666666666667,0,442
2423,2,0.90277425,217,2420,N,3.33333333333333,0,442
2343,3,0.948537,228,2423,N,5,0,442
2342,4,0.98597925,237,2343,N,6.66666666666667,0,442
2702,5,0.931896,224,2342,N,8.33333333333333,0,442
2333,6,0.99846,240,2702,N,10,0,442
2440,7,1.0567035,254,2333,N,11.6666666666667,0,442
4131,8,1.24391475,299,2440,N,13.3333333333333,0,442
4111,9,1.364562,328,4131,N,15,0,442
4260,10,1.25223525,301,4111,N,16.6666666666667,0,442
4263,11,1.32711975,319,4260,N,18.3333333333333,0,442
4410,12,1.41864525,341,4263,N,20,0,442
4483,13,1.5060105,362,4410,N,21.6666666666667,0,442
4479,14,1.4394465,346,4483,N,23.3333333333333,0,442
4798,15,1.614177,388,4479,N,25,0,442
7151,16,0.85285125,205,4798,Y,26.6666666666667,1,442
8626,17,0.9069345,218,7151,N,28.3333333333333,1,442
7865,18,0.98597925,237,8626,N,30,1,442
6186,19,0.91941525,221,7865,N,31.6666666666667,1,442
7143,20,0.981819,236,6186,N,33.3333333333333,1,442
6097,21,0.94437675,227,7143,N,35,1,442
6670,22,1.13574825,273,6097,N,36.6666666666667,1,442
7731,23,1.198152,288,6670,N,38.3333333333333,1,442
9867,24,1.3063185,314,7731,N,40,1,442
10938,25,1.4893695,358,9867,N,41.6666666666667,1,442
8454,26,1.50185025,361,10938,N,43.3333333333333,1,442
10175,27,1.4893695,358,8454,N,45,1,442
10675,29,0.66564,160,10175,Y,48.3333333333333,2,442
3822,0,1.048383,252,NA,N,0,0,443
3946,1,0.89445375,215,3822,N,1.66666666666667,0,443
3531,2,1.1232675,270,3946,N,3.33333333333333,0,443
3648,3,1.06086375,255,3531,N,5,0,443
3548,4,1.131588,272,3648,N,6.66666666666667,0,443
4044,5,1.231434,296,3548,N,8.33333333333333,0,443
3700,6,1.24391475,299,4044,N,10,0,443
3979,7,1.2563955,302,3700,N,11.6666666666667,0,443
5909,8,1.2563955,302,3979,N,13.3333333333333,0,443
6053,9,1.26055575,303,5909,N,15,0,443
5268,10,1.564254,376,6053,N,16.6666666666667,0,443
5656,11,1.630818,392,5268,N,18.3333333333333,0,443
5324,12,1.614177,388,5656,N,20,0,443
5749,13,1.90955475,459,5324,N,21.6666666666667,0,443
5885,14,0.78628725,189,5749,Y,23.3333333333333,1,443
5931,15,0.81124875,195,5885,N,25,1,443
7691,16,0.85285125,205,5931,N,26.6666666666667,1,443
9759,17,0.881973,212,7691,N,28.3333333333333,1,443
8348,18,0.91941525,221,9759,N,30,1,443
6646,19,0.9734985,234,8348,N,31.6666666666667,1,443
7665,20,0.9568575,230,6646,N,33.3333333333333,1,443
6875,21,1.00262025,241,7665,N,35,1,443
7058,22,1.2231135,294,6875,N,36.6666666666667,1,443
8252,23,1.56841425,377,7058,N,38.3333333333333,1,443
10576,24,1.26055575,303,8252,N,40,1,443
11291,25,0.86117175,207,10576,Y,41.6666666666667,2,443
9723,26,0.72804375,175,11291,N,43.3333333333333,2,443
11379,27,0.7571655,182,9723,N,45,2,443
9348,28,0.881973,212,11379,N,46.6666666666667,2,443
10750,29,0.84453075,203,9348,N,48.3333333333333,2,443
9539,30,0.8902935,214,10750,N,50,2,443
12785,32,0.94437675,227,9539,N,53.3333333333333,2,443
12266,33,1.0899855,262,12785,N,55,2,443
12389,34,1.098306,264,12266,N,56.6666666666667,2,443
13747,35,1.10246625,265,12389,N,58.3333333333333,2,443
14409,36,1.1565495,278,13747,N,60,2,443
13126,37,1.231434,296,14409,N,61.6666666666667,2,443
2799,0,0.848691,204,NA,N,0,0,444
2434,1,0.93605625,225,2799,N,1.66666666666667,0,444
2445,2,0.931896,224,2434,N,3.33333333333333,0,444
2372,3,1.015101,244,2445,N,5,0,444
2349,4,1.20231225,289,2372,N,6.66666666666667,0,444
2732,5,1.21063275,291,2349,N,8.33333333333333,0,444
2345,6,1.231434,296,2732,N,10,0,444
2484,7,1.148229,276,2345,N,11.6666666666667,0,444
4135,8,1.21895325,293,2484,N,13.3333333333333,0,444
4113,9,1.514331,364,4135,N,15,0,444
4270,10,1.44360675,347,4113,N,16.6666666666667,0,444
4272,11,0.748845,180,4270,Y,18.3333333333333,1,444
4420,12,0.68644125,165,4272,N,20,1,444
4520,13,0.61155675,147,4420,N,21.6666666666667,1,444
4484,14,0.68644125,165,4520,N,23.3333333333333,1,444
4808,15,0.7072425,170,4484,N,25,1,444
7156,16,0.67812075,163,4808,N,26.6666666666667,1,444
8634,17,0.78628725,189,7156,N,28.3333333333333,1,444
7871,18,0.86117175,207,8634,N,30,1,444
6190,19,0.87781275,211,7871,N,31.6666666666667,1,444
7150,20,0.97765875,235,6190,N,33.3333333333333,1,444
6101,21,1.048383,252,7150,N,35,1,444
6673,22,1.1898315,286,6101,N,36.6666666666667,1,444
7735,23,1.31047875,315,6673,N,38.3333333333333,1,444
9872,24,0.57827475,139,7735,Y,40,2,444
10941,25,0.698922,168,9872,N,41.6666666666667,2,444
8457,26,0.648999,156,10941,N,43.3333333333333,2,444
10176,27,0.6739605,162,8457,N,45,2,444
3319,0,0.92773575,223,NA,N,0,0,445
3176,1,1.07750475,259,3319,N,1.66666666666667,0,445
2791,2,1.148229,276,3176,N,3.33333333333333,0,445
2625,3,1.06086375,255,2791,N,5,0,445
2700,4,1.1898315,286,2625,N,6.66666666666667,0,445
3076,5,1.414485,340,2700,N,8.33333333333333,0,445
2682,6,1.5226515,366,3076,N,10,0,445
2890,7,1.42696575,343,2682,N,11.6666666666667,0,445
4836,8,1.7389845,418,2890,N,13.3333333333333,0,445
5802,9,0.61987725,149,4836,Y,15,1,445
4537,10,0.715563,172,5802,N,16.6666666666667,1,445
4730,11,0.698922,168,4537,N,18.3333333333333,1,445
4599,12,0.7571655,182,4730,N,20,1,445
4913,13,1.01094075,243,4599,N,21.6666666666667,1,445
5211,14,0.76132575,183,4913,N,23.3333333333333,1,445
5261,15,0.79460775,191,5211,N,25,1,445
7346,16,0.848691,204,5261,N,26.6666666666667,1,445
9278,17,0.865332,208,7346,N,28.3333333333333,1,445
8057,18,0.865332,208,9278,N,30,1,445
6311,19,0.79460775,191,8057,N,31.6666666666667,1,445
7312,20,1.01926125,245,6311,N,33.3333333333333,1,445
6386,21,1.1066265,266,7312,N,35,1,445
6797,22,1.16487,280,6386,N,36.6666666666667,1,445
7868,23,1.131588,272,6797,N,38.3333333333333,1,445
9977,24,1.26887625,305,7868,N,40,1,445
11049,25,1.24391475,299,9977,N,41.6666666666667,1,445
8706,26,1.30215825,313,11049,N,43.3333333333333,1,445
10456,27,1.248075,300,8706,N,45,1,445
8874,28,1.41864525,341,10456,N,46.6666666666667,1,445
10412,29,1.6058565,386,8874,N,48.3333333333333,1,445
8957,30,1.41032475,339,10412,N,50,1,445
11536,31,1.69322175,407,8957,N,51.6666666666667,1,445
12552,32,0.99429975,239,11536,Y,53.3333333333333,2,445
11873,33,0.87781275,211,12552,N,55,2,445
2815,0,1.048383,252,NA,N,0,0,446
2439,1,1.2563955,302,2815,N,1.66666666666667,0,446
2453,2,1.1399085,274,2439,N,3.33333333333333,0,446
2385,3,1.14406875,275,2453,N,5,0,446
2379,4,1.19399175,287,2385,N,6.66666666666667,0,446
2741,5,1.2231135,294,2379,N,8.33333333333333,0,446
2366,6,1.35208125,325,2741,N,10,0,446
2494,7,1.33128,320,2366,N,11.6666666666667,0,446
4139,8,1.32711975,319,2494,N,13.3333333333333,0,446
4116,9,1.547613,372,4139,N,15,0,446
4277,10,1.1898315,286,4116,N,16.6666666666667,0,446
4282,11,1.36872225,329,4277,N,18.3333333333333,0,446
4428,12,0.80292825,193,4282,Y,20,1,446
4531,13,0.981819,236,4428,N,21.6666666666667,1,446
4491,14,0.815409,196,4531,N,23.3333333333333,1,446
4826,15,0.84453075,203,4491,N,25,1,446
7164,16,0.9069345,218,4826,N,26.6666666666667,1,446
8640,17,1.065024,256,7164,N,28.3333333333333,1,446
7879,18,1.148229,276,8640,N,30,1,446
6196,19,1.34376075,323,7879,N,31.6666666666667,1,446
7159,20,1.2730365,306,6196,N,33.3333333333333,1,446
6109,21,1.73482425,417,7159,N,35,1,446
6677,22,1.83467025,441,6109,N,36.6666666666667,1,446
7739,23,0.748845,180,6677,Y,38.3333333333333,2,446
3329,0,0.84453075,203,NA,N,0,0,447
3192,1,0.81124875,195,3329,N,1.66666666666667,0,447
2803,2,0.8403705,202,3192,N,3.33333333333333,0,447
2795,3,0.898614,216,2803,N,5,0,447
2719,4,0.8570115,206,2795,N,6.66666666666667,0,447
3088,5,0.90277425,217,2719,N,8.33333333333333,0,447
2703,6,0.86949225,209,3088,N,10,0,447
2909,7,1.0067805,242,2703,N,11.6666666666667,0,447
4869,8,1.0067805,242,2909,N,13.3333333333333,0,447
5813,9,1.0733445,258,4869,N,15,0,447
4565,10,1.13574825,273,5813,N,16.6666666666667,0,447
4762,11,1.16070975,279,4565,N,18.3333333333333,0,447
4614,12,1.16070975,279,4762,N,20,0,447
4936,13,1.264716,304,4614,N,21.6666666666667,0,447
5248,14,1.3063185,314,4936,N,23.3333333333333,0,447
5295,15,1.23559425,297,5248,N,25,0,447
7372,16,1.3396005,322,5295,N,26.6666666666667,0,447
9302,17,1.381203,332,7372,N,28.3333333333333,0,447
8070,18,1.464408,352,9302,N,30,0,447
6322,19,1.54345275,371,8070,N,31.6666666666667,0,447
7324,20,1.630818,392,6322,N,33.3333333333333,0,447
6400,21,1.71818325,413,7324,N,35,0,447
6813,22,1.07750475,259,6400,Y,36.6666666666667,1,447
7882,23,1.015101,244,6813,N,38.3333333333333,1,447
9984,24,1.0234215,246,7882,N,40,1,447
11056,25,1.11910725,269,9984,N,41.6666666666667,1,447
8735,26,1.12742775,271,11056,N,43.3333333333333,1,447
10478,27,1.2231135,294,8735,N,45,1,447
8890,28,1.4061645,338,10478,N,46.6666666666667,1,447
10431,29,1.6557795,398,8890,N,48.3333333333333,1,447
8983,30,1.59337575,383,10431,N,50,1,447
11544,31,1.3229595,318,8983,N,51.6666666666667,1,447
12563,32,0.85285125,205,11544,Y,53.3333333333333,2,447
11883,33,0.99846,240,12563,N,55,2,447
2820,0,0.76964625,185,NA,N,0,0,448
2620,1,0.881973,212,2820,N,1.66666666666667,0,448
2456,2,0.881973,212,2620,N,3.33333333333333,0,448
2391,3,0.78628725,189,2456,N,5,0,448
2383,4,0.8736525,210,2391,N,6.66666666666667,0,448
2745,5,0.80292825,193,2383,N,8.33333333333333,0,448
2368,6,0.765486,184,2745,N,10,0,448
2499,7,0.9402165,226,2368,N,11.6666666666667,0,448
4141,8,0.9069345,218,2499,N,13.3333333333333,0,448
4118,9,0.95269725,229,4141,N,15,0,448
4280,10,0.97765875,235,4118,N,16.6666666666667,0,448
4286,11,0.91941525,221,4280,N,18.3333333333333,0,448
4432,12,0.99846,240,4286,N,20,0,448
4534,13,1.0067805,242,4432,N,21.6666666666667,0,448
4494,14,0.915255,220,4534,N,23.3333333333333,0,448
4831,15,0.98597925,237,4494,N,25,0,448
7167,16,0.9901395,238,4831,N,26.6666666666667,0,448
8641,17,0.96101775,231,7167,N,28.3333333333333,0,448
7881,18,1.114947,268,8641,N,30,0,448
6197,19,1.1399085,274,7881,N,31.6666666666667,0,448
7161,20,1.248075,300,6197,N,33.3333333333333,0,448
6111,21,1.4560875,350,7161,N,35,0,448
6678,22,1.6058565,386,6111,N,36.6666666666667,0,448
7742,23,0.77796675,187,6678,Y,38.3333333333333,1,448
9879,24,0.83205,200,7742,N,40,1,448
10947,25,0.732204,176,9879,N,41.6666666666667,1,448
8500,26,0.8403705,202,10947,N,43.3333333333333,1,448
10193,27,0.7904475,190,8500,N,45,1,448
8518,28,0.9734985,234,10193,N,46.6666666666667,1,448
10126,29,1.03590225,249,8518,N,48.3333333333333,1,448
8654,30,1.08582525,261,10126,N,50,1,448
11451,31,1.0067805,242,8654,N,51.6666666666667,1,448
12458,32,1.11078675,267,11451,N,53.3333333333333,1,448
11679,33,1.3728825,330,12458,N,55,1,448
11735,34,0.61987725,149,11679,Y,56.6666666666667,2,448
13233,35,0.65315925,157,11735,N,58.3333333333333,2,448
14046,36,0.715563,172,13233,N,60,2,448
12846,37,0.73636425,177,14046,N,61.6666666666667,2,448
3847,0,0.98597925,237,NA,N,0,0,449
3960,1,1.0733445,258,3847,N,1.66666666666667,0,449
3559,2,1.16903025,281,3960,N,3.33333333333333,0,449
3657,3,1.1399085,274,3559,N,5,0,449
3568,4,1.1565495,278,3657,N,6.66666666666667,0,449
4049,5,1.23559425,297,3568,N,8.33333333333333,0,449
3719,6,1.2896775,310,4049,N,10,0,449
3986,7,1.39368375,335,3719,N,11.6666666666667,0,449
5924,8,1.547613,372,3986,N,13.3333333333333,0,449
6058,9,1.56841425,377,5924,N,15,0,449
5298,10,1.54345275,371,6058,N,16.6666666666667,0,449
5674,11,1.59337575,383,5298,N,18.3333333333333,0,449
5347,12,1.70154225,409,5674,N,20,0,449
5760,13,1.01926125,245,5347,Y,21.6666666666667,1,449
5901,14,0.8070885,194,5760,N,23.3333333333333,1,449
5938,15,0.86117175,207,5901,N,25,1,449
7697,16,0.96933825,233,5938,N,26.6666666666667,1,449
9764,17,1.031742,248,7697,N,28.3333333333333,1,449
8353,18,1.098306,264,9764,N,30,1,449
6652,19,1.1066265,266,8353,N,31.6666666666667,1,449
7678,20,1.21063275,291,6652,N,33.3333333333333,1,449
6888,21,1.081665,260,7678,N,35,1,449
7066,22,1.4893695,358,6888,N,36.6666666666667,1,449
8265,23,1.42696575,343,7066,N,38.3333333333333,1,449
10594,24,1.481049,356,8265,N,40,1,449
11298,25,1.6391385,394,10594,N,41.6666666666667,1,449
9741,26,1.5060105,362,11298,N,43.3333333333333,1,449
11389,27,1.730664,416,9741,N,45,1,449
9356,28,0.815409,196,11389,Y,46.6666666666667,2,449
10755,29,0.92773575,223,9356,N,48.3333333333333,2,449
3340,0,0.7904475,190,NA,N,0,0,450
3204,1,0.84453075,203,3340,N,1.66666666666667,0,450
2816,2,0.8070885,194,3204,N,3.33333333333333,0,450
2811,3,0.9402165,226,2816,N,5,0,450
2740,4,0.91941525,221,2811,N,6.66666666666667,0,450
3102,5,0.965178,232,2740,N,8.33333333333333,0,450
2717,6,1.06918425,257,3102,N,10,0,450
2921,7,1.08582525,261,2717,N,11.6666666666667,0,450
4886,8,1.09414575,263,2921,N,13.3333333333333,0,450
5820,9,1.297998,312,4886,N,15,0,450
4583,10,1.281357,308,5820,N,16.6666666666667,0,450
4799,11,1.30215825,313,4583,N,18.3333333333333,0,450
4624,12,1.49352975,359,4799,N,20,0,450
4954,13,1.9053945,458,4624,N,21.6666666666667,0,450
5263,14,1.45192725,349,4954,N,23.3333333333333,0,450
5316,15,1.464408,352,5263,N,25,0,450
7380,16,1.813869,436,5316,N,26.6666666666667,0,450
9312,17,1.96779825,473,7380,N,28.3333333333333,0,450
8329,18,0.96101775,231,9312,Y,30,1,450
6627,19,0.86949225,209,8329,N,31.6666666666667,1,450
7623,20,0.9235755,222,6627,N,33.3333333333333,1,450
6829,21,0.96101775,231,7623,N,35,1,450
7037,22,1.347921,324,6829,N,36.6666666666667,1,450
8211,23,1.06086375,255,7037,N,38.3333333333333,1,450
10525,24,1.3229595,318,8211,N,40,1,450
11269,25,1.4061645,338,10525,N,41.6666666666667,1,450
9658,26,1.5226515,366,11269,N,43.3333333333333,1,450
11357,27,1.5060105,362,9658,N,45,1,450
9307,28,1.5060105,362,11357,N,46.6666666666667,1,450
10732,29,0.8403705,202,9307,Y,48.3333333333333,2,450
9491,30,0.9402165,226,10732,N,50,2,450
2839,0,1.41032475,339,NA,N,0,0,451
2654,1,1.630818,392,2839,N,1.66666666666667,0,451
2462,2,1.49769,360,2654,N,3.33333333333333,0,451
2401,3,1.49352975,359,2462,N,5,0,451
2397,4,1.62665775,391,2401,N,6.66666666666667,0,451
2765,5,0.81124875,195,2397,Y,8.33333333333333,1,451
2384,6,0.73636425,177,2765,N,10,1,451
2507,7,0.815409,196,2384,N,11.6666666666667,1,451
4145,8,0.99846,240,2507,N,13.3333333333333,1,451
4122,9,0.881973,212,4145,N,15,1,451
4287,10,0.9734985,234,4122,N,16.6666666666667,1,451
4294,11,1.06086375,255,4287,N,18.3333333333333,1,451
4441,12,1.1066265,266,4294,N,20,1,451
4544,13,1.36872225,329,4441,N,21.6666666666667,1,451
4500,14,1.21063275,291,4544,N,23.3333333333333,1,451
4855,15,1.28551725,309,4500,N,25,1,451
7173,16,1.2730365,306,4855,N,26.6666666666667,1,451
8648,17,1.397844,336,7173,N,28.3333333333333,1,451
7886,18,1.381203,332,8648,N,30,1,451
6200,19,1.40200425,337,7886,N,31.6666666666667,1,451
7166,20,1.65161925,397,6200,N,33.3333333333333,1,451
6117,21,1.7389845,418,7166,N,35,1,451
6682,22,2.09260575,503,6117,N,36.6666666666667,1,451
7745,23,1.78474725,429,6682,N,38.3333333333333,1,451
9882,24,1.8221895,438,7745,N,40,1,451
10951,25,0.86949225,209,9882,Y,41.6666666666667,2,451
8506,26,0.80292825,193,10951,N,43.3333333333333,2,451
10200,27,0.82788975,199,8506,N,45,2,451
8536,28,1.06918425,257,10200,N,46.6666666666667,2,451
10138,29,1.015101,244,8536,N,48.3333333333333,2,451
8666,30,1.11078675,267,10138,N,50,2,451
11454,31,1.19399175,287,8666,N,51.6666666666667,2,451
12461,32,1.2730365,306,11454,N,53.3333333333333,2,451
11681,33,1.33544025,321,12461,N,55,2,451
11741,34,1.18567125,285,11681,N,56.6666666666667,2,451
13239,35,0.66564,160,11741,Y,58.3333333333333,3,451
14050,36,0.71972325,173,13239,N,60,3,451
12848,37,0.7072425,170,14050,N,61.6666666666667,3,451
3353,0,1.15238925,277,NA,N,0,0,452
3212,1,1.1898315,286,3353,N,1.66666666666667,0,452
2827,2,1.14406875,275,3212,N,3.33333333333333,0,452
2821,3,1.231434,296,2827,N,5,0,452
2755,4,1.3063185,314,2821,N,6.66666666666667,0,452
3110,5,1.2064725,290,2755,N,8.33333333333333,0,452
2725,6,1.29383775,311,3110,N,10,0,452
2942,7,1.381203,332,2725,N,11.6666666666667,0,452
4927,8,1.50185025,361,2942,N,13.3333333333333,0,452
5831,9,1.5892155,382,4927,N,15,0,452
4592,10,0.765486,184,5831,Y,16.6666666666667,1,452
4837,11,0.698922,168,4592,N,18.3333333333333,1,452
4641,12,0.78628725,189,4837,N,20,1,452
4980,13,0.931896,224,4641,N,21.6666666666667,1,452
5278,14,0.931896,224,4980,N,23.3333333333333,1,452
5342,15,0.92773575,223,5278,N,25,1,452
7386,16,0.9734985,234,5342,N,26.6666666666667,1,452
9322,17,1.031742,248,7386,N,28.3333333333333,1,452
8082,18,0.981819,236,9322,N,30,1,452
6332,19,1.0567035,254,8082,N,31.6666666666667,1,452
7338,20,1.16487,280,6332,N,33.3333333333333,1,452
6419,21,1.36040175,327,7338,N,35,1,452
6833,22,1.564254,376,6419,N,36.6666666666667,1,452
7903,23,1.58505525,381,6833,N,38.3333333333333,1,452
9996,24,1.514331,364,7903,N,40,1,452
11069,25,1.597536,384,9996,N,41.6666666666667,1,452
8808,26,0.83205,200,11069,Y,43.3333333333333,2,452
10537,27,0.79460775,191,8808,N,45,2,452
3366,0,1.198152,288,NA,N,0,0,453
3219,1,1.0567035,254,3366,N,1.66666666666667,0,453
2836,2,1.31047875,315,3219,N,3.33333333333333,0,453
2831,3,1.40200425,337,2836,N,5,0,453
2767,4,1.37704275,331,2831,N,6.66666666666667,0,453
3126,5,1.50185025,361,2767,N,8.33333333333333,0,453
2742,6,1.77642675,427,3126,N,10,0,453
2568,7,0.7904475,190,2742,Y,11.6666666666667,1,453
4175,8,0.76132575,183,2568,N,13.3333333333333,1,453
4153,9,0.90277425,217,4175,N,15,1,453
4349,10,0.8403705,202,4153,N,16.6666666666667,1,453
4347,11,0.79460775,191,4349,N,18.3333333333333,1,453
4480,12,0.81124875,195,4347,N,20,1,453
4713,13,1.15238925,277,4480,N,21.6666666666667,1,453
4561,14,0.9069345,218,4713,N,23.3333333333333,1,453
4973,15,0.91941525,221,4561,N,25,1,453
7206,16,0.981819,236,4973,N,26.6666666666667,1,453
8739,17,1.07750475,259,7206,N,28.3333333333333,1,453
7950,18,0.9568575,230,8739,N,30,1,453
6222,19,1.0400625,250,7950,N,31.6666666666667,1,453
7197,20,1.14406875,275,6222,N,33.3333333333333,1,453
6145,21,1.22727375,295,7197,N,35,1,453
6700,22,1.481049,356,6145,N,36.6666666666667,1,453
7764,23,1.2563955,302,6700,N,38.3333333333333,1,453
9904,24,1.16487,280,7764,N,40,1,453
10975,25,1.381203,332,9904,N,41.6666666666667,1,453
8561,26,1.447767,348,10975,N,43.3333333333333,1,453
10258,27,0.6573195,158,8561,Y,45,2,453
8628,28,0.48674925,117,10258,N,46.6666666666667,2,453
2861,0,0.72804375,175,NA,N,0,0,454
2686,1,0.74468475,179,2861,N,1.66666666666667,0,454
2472,2,0.68644125,165,2686,N,3.33333333333333,0,454
2424,3,0.71140275,171,2472,N,5,0,454
2418,4,0.7405245,178,2424,N,6.66666666666667,0,454
2785,5,0.85285125,205,2418,N,8.33333333333333,0,454
2407,6,0.798768,192,2785,N,10,0,454
2522,7,0.8403705,202,2407,N,11.6666666666667,0,454
4150,8,0.8237295,198,2522,N,13.3333333333333,0,454
4130,9,0.84453075,203,4150,N,15,0,454
4302,10,0.96101775,231,4130,N,16.6666666666667,0,454
4309,11,0.99429975,239,4302,N,18.3333333333333,0,454
4458,12,0.9235755,222,4309,N,20,0,454
4617,13,1.06918425,257,4458,N,21.6666666666667,0,454
4540,14,1.0067805,242,4617,N,23.3333333333333,0,454
4899,15,1.14406875,275,4540,N,25,0,454
7188,16,1.21895325,293,4899,N,26.6666666666667,0,454
8703,17,1.42696575,343,7188,N,28.3333333333333,0,454
7898,18,1.36872225,329,8703,N,30,0,454
6208,19,1.51017075,363,7898,N,31.6666666666667,0,454
7175,20,1.49352975,359,6208,N,33.3333333333333,0,454
6128,21,1.65161925,397,7175,N,35,0,454
6690,22,0.8736525,210,6128,Y,36.6666666666667,1,454
7755,23,0.80292825,193,6690,N,38.3333333333333,1,454
9893,24,0.765486,184,7755,N,40,1,454
10961,25,0.96101775,231,9893,N,41.6666666666667,1,454
8528,26,0.94437675,227,10961,N,43.3333333333333,1,454
10222,27,0.91941525,221,8528,N,45,1,454
8558,28,1.04422275,251,10222,N,46.6666666666667,1,454
10160,29,1.09414575,263,8558,N,48.3333333333333,1,454
8694,30,1.12742775,271,10160,N,50,1,454
11463,31,1.1066265,266,8694,N,51.6666666666667,1,454
12469,32,1.198152,288,11463,N,53.3333333333333,1,454
11701,33,1.46856825,353,12469,N,55,1,454
11761,34,1.41864525,341,11701,N,56.6666666666667,1,454
13252,35,0.698922,168,11761,Y,58.3333333333333,2,454
14064,36,0.76964625,185,13252,N,60,2,454
12855,37,0.75300525,181,14064,N,61.6666666666667,2,454
3375,0,0.9235755,222,NA,N,0,0,455
3226,1,0.99846,240,3375,N,1.66666666666667,0,455
2845,2,0.9901395,238,3226,N,3.33333333333333,0,455
2844,3,0.90277425,217,2845,N,5,0,455
2779,4,0.99846,240,2844,N,6.66666666666667,0,455
3133,5,1.21063275,291,2779,N,8.33333333333333,0,455
2751,6,0.9734985,234,3133,N,10,0,455
2970,7,1.0899855,262,2751,N,11.6666666666667,0,455
4974,8,1.06086375,255,2970,N,13.3333333333333,0,455
5844,9,1.131588,272,4974,N,15,0,455
4605,10,1.31047875,315,5844,N,16.6666666666667,0,455
4856,11,1.19399175,287,4605,N,18.3333333333333,0,455
4651,12,1.26887625,305,4856,N,20,0,455
5006,13,1.5060105,362,4651,N,21.6666666666667,0,455
5312,14,1.297998,312,5006,N,23.3333333333333,0,455
5373,15,1.31047875,315,5312,N,25,0,455
7399,16,1.75146525,421,5373,N,26.6666666666667,0,455
9355,17,0.898614,216,7399,Y,28.3333333333333,1,455
8093,18,0.7904475,190,9355,N,30,1,455
6338,19,0.90277425,217,8093,N,31.6666666666667,1,455
7344,20,0.91941525,221,6338,N,33.3333333333333,1,455
6435,21,1.181511,284,7344,N,35,1,455
6848,22,1.264716,304,6435,N,36.6666666666667,1,455
7915,23,1.12742775,271,6848,N,38.3333333333333,1,455
10004,24,1.26055575,303,7915,N,40,1,455
11078,25,1.36040175,327,10004,N,41.6666666666667,1,455
8847,26,1.40200425,337,11078,N,43.3333333333333,1,455
10602,27,1.314639,316,8847,N,45,1,455
8944,28,1.54345275,371,10602,N,46.6666666666667,1,455
10474,29,1.4061645,338,8944,N,48.3333333333333,1,455
9034,30,0.632358,152,10474,Y,50,2,455
2866,0,1.01926125,245,NA,N,0,0,456
2691,1,1.00262025,241,2866,N,1.66666666666667,0,456
2474,2,1.1066265,266,2691,N,3.33333333333333,0,456
2425,3,1.031742,248,2474,N,5,0,456
2444,4,1.22727375,295,2425,N,6.66666666666667,0,456
2789,5,1.248075,300,2444,N,8.33333333333333,0,456
2417,6,1.481049,356,2789,N,10,0,456
2527,7,1.4394465,346,2417,N,11.6666666666667,0,456
4152,8,1.4560875,350,2527,N,13.3333333333333,0,456
4132,9,1.65993975,399,4152,N,15,0,456
4307,10,1.78474725,429,4132,N,16.6666666666667,0,456
4314,11,1.77642675,427,4307,N,18.3333333333333,0,456
4462,12,1.61833725,389,4314,N,20,0,456
4668,13,2.229894,536,4462,N,21.6666666666667,0,456
5895,14,0.8237295,198,4668,Y,23.3333333333333,1,456
5934,15,0.83205,200,5895,N,25,1,456
7695,16,0.96933825,233,5934,N,26.6666666666667,1,456
9761,17,1.05254325,253,7695,N,28.3333333333333,1,456
8350,18,1.0400625,250,9761,N,30,1,456
6649,19,0.97765875,235,8350,N,31.6666666666667,1,456
7673,20,1.11910725,269,6649,N,33.3333333333333,1,456
6882,21,1.16070975,279,7673,N,35,1,456
7063,22,1.33544025,321,6882,N,36.6666666666667,1,456
8260,23,1.33128,320,7063,N,38.3333333333333,1,456
10590,24,1.52681175,367,8260,N,40,1,456
11296,25,1.49769,360,10590,N,41.6666666666667,1,456
9737,26,1.431126,344,11296,N,43.3333333333333,1,456
11386,27,1.49769,360,9737,N,45,1,456
10318,29,0.73636425,177,11386,Y,48.3333333333333,2,456
8831,30,0.85285125,205,10318,N,50,2,456
12425,32,0.981819,236,8831,N,53.3333333333333,2,456
11635,33,0.9069345,218,12425,N,55,2,456
11623,34,0.915255,220,11635,N,56.6666666666667,2,456
13800,35,1.05254325,253,11623,N,58.3333333333333,2,456
14440,36,0.99846,240,13800,N,60,2,456
13172,37,0.9734985,234,14440,N,61.6666666666667,2,456
2866,0,1.01926125,245,NA,N,0,0,457
2691,1,1.00262025,241,2866,N,1.66666666666667,0,457
2474,2,1.1066265,266,2691,N,3.33333333333333,0,457
2425,3,1.031742,248,2474,N,5,0,457
2444,4,1.22727375,295,2425,N,6.66666666666667,0,457
2789,5,1.248075,300,2444,N,8.33333333333333,0,457
2417,6,1.481049,356,2789,N,10,0,457
2527,7,1.4394465,346,2417,N,11.6666666666667,0,457
4152,8,1.4560875,350,2527,N,13.3333333333333,0,457
4132,9,1.65993975,399,4152,N,15,0,457
4307,10,1.78474725,429,4132,N,16.6666666666667,0,457
4314,11,1.77642675,427,4307,N,18.3333333333333,0,457
4462,12,1.61833725,389,4314,N,20,0,457
4668,13,2.229894,536,4462,N,21.6666666666667,0,457
5895,14,0.8237295,198,4668,Y,23.3333333333333,1,457
5934,15,0.83205,200,5895,N,25,1,457
7695,16,0.96933825,233,5934,N,26.6666666666667,1,457
9761,17,1.05254325,253,7695,N,28.3333333333333,1,457
8350,18,1.0400625,250,9761,N,30,1,457
6649,19,0.97765875,235,8350,N,31.6666666666667,1,457
7673,20,1.11910725,269,6649,N,33.3333333333333,1,457
6882,21,1.16070975,279,7673,N,35,1,457
7063,22,1.33544025,321,6882,N,36.6666666666667,1,457
8260,23,1.33128,320,7063,N,38.3333333333333,1,457
10590,24,1.52681175,367,8260,N,40,1,457
11296,25,1.49769,360,10590,N,41.6666666666667,1,457
9737,26,1.431126,344,11296,N,43.3333333333333,1,457
11386,27,1.49769,360,9737,N,45,1,457
10753,29,0.9734985,234,11386,Y,48.3333333333333,2,457
9548,30,0.86949225,209,10753,N,50,2,457
11580,31,1.0567035,254,9548,N,51.6666666666667,2,457
12787,32,1.29383775,311,11580,N,53.3333333333333,2,457
12272,33,1.11078675,267,12787,N,55,2,457
12394,34,1.2397545,298,12272,N,56.6666666666667,2,457
14213,35,1.17735075,283,12394,N,58.3333333333333,2,457
14726,36,1.447767,348,14213,N,60,2,457
13816,37,0.7072425,170,14726,Y,61.6666666666667,3,457
3387,0,0.9901395,238,NA,N,0,0,458
3245,1,1.0067805,242,3387,N,1.66666666666667,0,458
2857,2,1.07750475,259,3245,N,3.33333333333333,0,458
2881,3,1.12742775,271,2857,N,5,0,458
2860,4,1.12742775,271,2881,N,6.66666666666667,0,458
3158,5,1.29383775,311,2860,N,8.33333333333333,0,458
2941,6,1.2730365,306,3158,N,10,0,458
2993,7,1.46024775,351,2941,N,11.6666666666667,0,458
5022,8,1.381203,332,2993,N,13.3333333333333,0,458
5877,9,1.48520925,357,5022,N,15,0,458
4616,10,0.77796675,187,5877,Y,16.6666666666667,1,458
4887,11,0.8070885,194,4616,N,18.3333333333333,1,458
4658,12,0.8070885,194,4887,N,20,1,458
5032,13,1.0567035,254,4658,N,21.6666666666667,1,458
5340,14,0.84453075,203,5032,N,23.3333333333333,1,458
5391,15,0.95269725,229,5340,N,25,1,458
7407,16,1.08582525,261,5391,N,26.6666666666667,1,458
9371,17,1.1399085,274,7407,N,28.3333333333333,1,458
8100,18,0.9901395,238,9371,N,30,1,458
6344,19,1.06918425,257,8100,N,31.6666666666667,1,458
7349,20,1.0733445,258,6344,N,33.3333333333333,1,458
6441,21,1.27719675,307,7349,N,35,1,458
6855,22,1.7057025,410,6441,N,36.6666666666667,1,458
7921,23,1.0567035,254,6855,N,38.3333333333333,1,458
10009,24,1.464408,352,7921,N,40,1,458
11083,25,1.26887625,305,10009,N,41.6666666666667,1,458
8865,26,1.59337575,383,11083,N,43.3333333333333,1,458
10614,27,1.49352975,359,8865,N,45,1,458
8949,28,0.6406785,154,10614,Y,46.6666666666667,2,458
10484,29,0.881973,212,8949,N,48.3333333333333,2,458
9054,30,0.92773575,223,10484,N,50,2,458
11574,31,0.88613325,213,9054,N,51.6666666666667,2,458
12586,32,0.9069345,218,11574,N,53.3333333333333,2,458
11952,33,0.88613325,213,12586,N,55,2,458
12001,34,1.065024,256,11952,N,56.6666666666667,2,458
13932,35,1.01094075,243,12001,N,58.3333333333333,2,458
14565,36,1.08582525,261,13932,N,60,2,458
13442,37,0.9901395,238,14565,N,61.6666666666667,2,458
2899,0,0.96933825,233,NA,N,0,0,459
2716,1,1.08582525,261,2899,N,1.66666666666667,0,459
2491,2,1.14406875,275,2716,N,3.33333333333333,0,459
2429,3,1.06918425,257,2491,N,5,0,459
2455,4,1.1565495,278,2429,N,6.66666666666667,0,459
2807,5,1.031742,248,2455,N,8.33333333333333,0,459
2519,6,1.198152,288,2807,N,10,0,459
2541,7,1.23559425,297,2519,N,11.6666666666667,0,459
4161,8,1.697382,408,2541,N,13.3333333333333,0,459
4140,9,1.51849125,365,4161,N,15,0,459
4320,10,1.880433,452,4140,N,16.6666666666667,0,459
5304,11,0.66980025,161,4320,Y,18.3333333333333,1,459
4873,12,0.732204,176,5304,N,20,1,459
5377,13,1.131588,272,4873,N,21.6666666666667,1,459
5563,14,1.11910725,269,5377,N,23.3333333333333,1,459
5581,15,1.0234215,246,5563,N,25,1,459
7521,16,1.11078675,267,5581,N,26.6666666666667,1,459
9607,17,1.09414575,263,7521,N,28.3333333333333,1,459
8236,18,1.09414575,263,9607,N,30,1,459
6457,19,1.08582525,261,8236,N,31.6666666666667,1,459
7469,20,1.148229,276,6457,N,33.3333333333333,1,459
6571,21,1.27719675,307,7469,N,35,1,459
6947,22,1.6557795,398,6571,N,36.6666666666667,1,459
8038,23,1.381203,332,6947,N,38.3333333333333,1,459
10114,24,1.72650375,415,8038,N,40,1,459
11169,25,1.5392925,370,10114,N,41.6666666666667,1,459
9202,26,1.70986275,411,11169,N,43.3333333333333,1,459
10835,27,0.915255,220,9202,Y,45,2,459
9100,28,1.03590225,249,10835,N,46.6666666666667,2,459
10638,29,1.0400625,250,9100,N,48.3333333333333,2,459
9267,30,0.93605625,225,10638,N,50,2,459
11460,31,1.09414575,263,9267,N,51.6666666666667,2,459
12663,32,1.16487,280,11460,N,53.3333333333333,2,459
12091,33,1.3229595,318,12663,N,55,2,459
12165,34,1.53513225,369,12091,N,56.6666666666667,2,459
14039,35,1.40200425,337,12165,N,58.3333333333333,2,459
14635,36,1.46856825,353,14039,N,60,2,459
13592,37,0.63651825,153,14635,Y,61.6666666666667,3,459
3445,0,0.8570115,206,NA,N,0,0,460
3275,1,0.9734985,234,3445,N,1.66666666666667,0,460
2888,2,0.99846,240,3275,N,3.33333333333333,0,460
2939,3,1.06086375,255,2888,N,5,0,460
2902,4,0.99429975,239,2939,N,6.66666666666667,0,460
3193,5,1.0899855,262,2902,N,8.33333333333333,0,460
2987,6,1.21063275,291,3193,N,10,0,460
3031,7,1.32711975,319,2987,N,11.6666666666667,0,460
5060,8,1.40200425,337,3031,N,13.3333333333333,0,460
5915,9,1.56009375,375,5060,N,15,0,460
4636,10,1.47688875,355,5915,N,16.6666666666667,0,460
4931,11,1.80970875,435,4636,N,18.3333333333333,0,460
4677,12,1.880433,452,4931,N,20,0,460
5076,13,2.02604175,487,4677,N,21.6666666666667,0,460
5379,14,1.80970875,435,5076,N,23.3333333333333,0,460
5419,15,0.85285125,205,5379,Y,25,1,460
7425,16,0.85285125,205,5419,N,26.6666666666667,1,460
9392,17,0.94437675,227,7425,N,28.3333333333333,1,460
8115,18,1.0234215,246,9392,N,30,1,460
6354,19,1.01926125,245,8115,N,31.6666666666667,1,460
7360,20,1.24391475,299,6354,N,33.3333333333333,1,460
6462,21,1.231434,296,7360,N,35,1,460
6878,22,1.4061645,338,6462,N,36.6666666666667,1,460
7931,23,1.6391385,394,6878,N,38.3333333333333,1,460
10020,24,1.6058565,386,7931,N,40,1,460
11094,25,1.780587,428,10020,N,41.6666666666667,1,460
8902,26,1.697382,408,11094,N,43.3333333333333,1,460
10639,27,0.8403705,202,8902,Y,45,2,460
3453,0,0.79460775,191,NA,N,0,0,461
3285,1,0.8902935,214,3453,N,1.66666666666667,0,461
2901,2,0.88613325,213,3285,N,3.33333333333333,0,461
2949,3,0.93605625,225,2901,N,5,0,461
2923,4,0.9901395,238,2949,N,6.66666666666667,0,461
3608,5,1.01094075,243,2923,N,8.33333333333333,0,461
3001,6,1.0400625,250,3608,N,10,0,461
3035,7,0.965178,232,3001,N,11.6666666666667,0,461
5065,8,1.114947,268,3035,N,13.3333333333333,0,461
5917,9,1.098306,264,5065,N,15,0,461
4640,10,1.16070975,279,5917,N,16.6666666666667,0,461
4946,11,1.01094075,243,4640,N,18.3333333333333,0,461
4681,12,1.07750475,259,4946,N,20,0,461
5082,13,1.5060105,362,4681,N,21.6666666666667,0,461
5383,14,1.43528625,345,5082,N,23.3333333333333,0,461
5423,15,1.35208125,325,5383,N,25,0,461
7429,16,1.414485,340,5423,N,26.6666666666667,0,461
9440,17,1.43528625,345,7429,N,28.3333333333333,0,461
8117,18,1.41032475,339,9440,N,30,0,461
6355,19,1.61833725,389,8117,N,31.6666666666667,0,461
7361,20,0.7738065,186,6355,Y,33.3333333333333,1,461
6464,21,0.8902935,214,7361,N,35,1,461
6881,22,0.881973,212,6464,N,36.6666666666667,1,461
7932,23,0.92773575,223,6881,N,38.3333333333333,1,461
10021,24,0.93605625,225,7932,N,40,1,461
11095,25,0.96101775,231,10021,N,41.6666666666667,1,461
8905,26,1.01094075,243,11095,N,43.3333333333333,1,461
10640,27,0.97765875,235,8905,N,45,1,461
8968,28,1.24391475,299,10640,N,46.6666666666667,1,461
10511,29,0.8570115,206,8968,N,48.3333333333333,1,461
9075,30,1.198152,288,10511,N,50,1,461
12594,32,1.3063185,314,9075,N,53.3333333333333,1,461
11963,33,1.61001675,387,12594,N,55,1,461
12011,34,0.82788975,199,11963,Y,56.6666666666667,2,461
13467,35,0.87781275,211,12011,N,58.3333333333333,2,461
14255,36,0.7571655,182,13467,N,60,2,461
12969,37,0.89445375,215,14255,N,61.6666666666667,2,461
2947,0,1.131588,272,NA,N,0,0,462
2758,1,1.16070975,279,2947,N,1.66666666666667,0,462
2557,2,1.20231225,289,2758,N,3.33333333333333,0,462
2449,3,1.23559425,297,2557,N,5,0,462
2477,4,1.5392925,370,2449,N,6.66666666666667,0,462
2846,5,1.68490125,405,2477,N,8.33333333333333,0,462
2546,6,1.33128,320,2846,N,10,0,462
2588,7,1.3229595,318,2546,N,11.6666666666667,0,462
4187,8,1.6557795,398,2588,N,13.3333333333333,0,462
4166,9,1.70986275,411,4187,N,15,0,462
4366,10,1.74314475,419,4166,N,16.6666666666667,0,462
4359,11,1.7389845,418,4366,N,18.3333333333333,0,462
4490,12,1.847151,444,4359,N,20,0,462
4722,13,2.1050865,506,4490,N,21.6666666666667,0,462
4567,14,0.81956925,197,4722,Y,23.3333333333333,1,462
4982,15,0.87781275,211,4567,N,25,1,462
7210,16,1.1066265,266,4982,N,26.6666666666667,1,462
8745,17,1.15238925,277,7210,N,28.3333333333333,1,462
7953,18,1.19399175,287,8745,N,30,1,462
6225,19,1.26887625,305,7953,N,31.6666666666667,1,462
7201,20,1.45192725,349,6225,N,33.3333333333333,1,462
6149,21,1.54345275,371,7201,N,35,1,462
6702,22,1.6391385,394,6149,N,36.6666666666667,1,462
7766,23,1.46024775,351,6702,N,38.3333333333333,1,462
9906,24,1.7223435,414,7766,N,40,1,462
10978,25,0.88613325,213,9906,Y,41.6666666666667,2,462
8565,26,0.848691,204,10978,N,43.3333333333333,2,462
10264,27,0.99429975,239,8565,N,45,2,462
8664,28,0.9235755,222,10264,N,46.6666666666667,2,462
10202,29,0.93605625,225,8664,N,48.3333333333333,2,462
8741,30,1.098306,264,10202,N,50,2,462
11475,31,1.048383,252,8741,N,51.6666666666667,2,462
12485,32,1.10246625,265,11475,N,53.3333333333333,2,462
11734,33,1.30215825,313,12485,N,55,2,462
11791,34,1.49769,360,11734,N,56.6666666666667,2,462
13279,35,1.50185025,361,11791,N,58.3333333333333,2,462
14097,36,0.7571655,182,13279,Y,60,3,462
12868,37,0.865332,208,14097,N,61.6666666666667,3,462
2957,0,1.364562,328,NA,N,0,0,463
2775,1,1.47688875,355,2957,N,1.66666666666667,0,463
2611,2,1.5060105,362,2775,N,3.33333333333333,0,463
2454,3,0.72804375,175,2611,Y,5,1,463
2482,4,0.80292825,193,2454,N,6.66666666666667,1,463
2855,5,0.7405245,178,2482,N,8.33333333333333,1,463
2553,6,0.898614,216,2855,N,10,1,463
2596,7,0.8403705,202,2553,N,11.6666666666667,1,463
4190,8,0.8736525,210,2596,N,13.3333333333333,1,463
4169,9,0.96101775,231,4190,N,15,1,463
4369,10,1.065024,256,4169,N,16.6666666666667,1,463
4364,11,1.081665,260,4369,N,18.3333333333333,1,463
4493,12,1.03590225,249,4364,N,20,1,463
4726,13,1.35208125,325,4493,N,21.6666666666667,1,463
4571,14,1.01926125,245,4726,N,23.3333333333333,1,463
4991,15,1.114947,268,4571,N,25,1,463
7214,16,1.2397545,298,4991,N,26.6666666666667,1,463
8772,17,1.4560875,350,7214,N,28.3333333333333,1,463
7958,18,1.33128,320,8772,N,30,1,463
6228,19,1.148229,276,7958,N,31.6666666666667,1,463
7207,20,1.414485,340,6228,N,33.3333333333333,1,463
6154,21,1.56009375,375,7207,N,35,1,463
6705,22,1.7556255,422,6154,N,36.6666666666667,1,463
7769,23,1.564254,376,6705,N,38.3333333333333,1,463
9910,24,0.79460775,191,7769,Y,40,2,463
10983,25,0.815409,196,9910,N,41.6666666666667,2,463
8575,26,0.76132575,183,10983,N,43.3333333333333,2,463
10276,27,0.848691,204,8575,N,45,2,463
8684,28,0.9901395,238,10276,N,46.6666666666667,2,463
10217,29,0.8902935,214,8684,N,48.3333333333333,2,463
8758,30,0.8736525,210,10217,N,50,2,463
12490,32,0.87781275,211,8758,N,53.3333333333333,2,463
11744,33,1.11910725,269,12490,N,55,2,463
11797,34,1.13574825,273,11744,N,56.6666666666667,2,463
13290,35,1.21895325,293,11797,N,58.3333333333333,2,463
14104,36,1.347921,324,13290,N,60,2,463
12873,37,1.297998,312,14104,N,61.6666666666667,2,463
3480,0,1.02758175,247,NA,N,0,0,464
3317,1,0.97765875,235,3480,N,1.66666666666667,0,464
2925,2,1.03590225,249,3317,N,3.33333333333333,0,464
3002,3,0.95269725,229,2925,N,5,0,464
2952,4,0.9235755,222,3002,N,6.66666666666667,0,464
3792,5,1.03590225,249,2952,N,8.33333333333333,0,464
3214,6,0.99429975,239,3792,N,10,0,464
3113,7,1.00262025,241,3214,N,11.6666666666667,0,464
5096,8,1.048383,252,3113,N,13.3333333333333,0,464
5935,9,1.03590225,249,5096,N,15,0,464
4667,10,1.2231135,294,5935,N,16.6666666666667,0,464
4972,11,1.0733445,258,4667,N,18.3333333333333,0,464
4705,12,1.214793,292,4972,N,20,0,464
5112,13,1.6641,400,4705,N,21.6666666666667,0,464
5406,14,1.3229595,318,5112,N,23.3333333333333,0,464
5447,15,1.42696575,343,5406,N,25,0,464
7443,16,1.7556255,422,5447,N,26.6666666666667,0,464
9455,17,1.81802925,437,7443,N,28.3333333333333,0,464
8127,18,1.048383,252,9455,Y,30,1,464
6361,19,0.91941525,221,8127,N,31.6666666666667,1,464
7373,20,0.81956925,197,6361,N,33.3333333333333,1,464
6480,21,1.2231135,294,7373,N,35,1,464
6896,22,1.264716,304,6480,N,36.6666666666667,1,464
7937,23,1.16903025,281,6896,N,38.3333333333333,1,464
10027,24,1.07750475,259,7937,N,40,1,464
11101,25,1.11078675,267,10027,N,41.6666666666667,1,464
8924,26,1.3562415,326,11101,N,43.3333333333333,1,464
10768,27,1.45192725,349,8924,N,45,1,464
8975,28,1.24391475,299,10768,N,46.6666666666667,1,464
10526,29,1.35208125,325,8975,N,48.3333333333333,1,464
9090,30,1.297998,312,10526,N,50,1,464
15084,31,NA,-1,9090,Y,51.6666666666667,2,464
2972,0,1.15238925,277,NA,N,0,0,465
3030,1,1.16070975,279,2972,N,1.66666666666667,0,465
2616,2,1.2397545,298,3030,N,3.33333333333333,0,465
2460,3,1.21895325,293,2616,N,5,0,465
2489,4,1.4228055,342,2460,N,6.66666666666667,0,465
2868,5,1.48520925,357,2489,N,8.33333333333333,0,465
2562,6,1.7057025,410,2868,N,10,0,465
2617,7,1.70154225,409,2562,N,11.6666666666667,0,465
4200,8,0.71972325,173,2617,Y,13.3333333333333,1,465
4177,9,0.84453075,203,4200,N,15,1,465
4383,10,0.8736525,210,4177,N,16.6666666666667,1,465
4376,11,0.881973,212,4383,N,18.3333333333333,1,465
4503,12,0.83205,200,4376,N,20,1,465
4742,13,1.04422275,251,4503,N,21.6666666666667,1,465
4588,14,0.931896,224,4742,N,23.3333333333333,1,465
5010,15,0.92773575,223,4588,N,25,1,465
7241,16,0.99429975,239,5010,N,26.6666666666667,1,465
8782,17,1.0899855,262,7241,N,28.3333333333333,1,465
7968,18,1.21895325,293,8782,N,30,1,465
6232,19,1.31879925,317,7968,N,31.6666666666667,1,465
7213,20,1.45192725,349,6232,N,33.3333333333333,1,465
6162,21,1.65161925,397,7213,N,35,1,465
6709,22,1.9553175,470,6162,N,36.6666666666667,1,465
7775,23,1.5392925,370,6709,N,38.3333333333333,1,465
9917,24,0.76132575,183,7775,Y,40,2,465
10988,25,0.78628725,189,9917,N,41.6666666666667,2,465
8579,26,0.86117175,207,10988,N,43.3333333333333,2,465
10282,27,0.931896,224,8579,N,45,2,465
8704,28,0.981819,236,10282,N,46.6666666666667,2,465
10226,29,1.01094075,243,8704,N,48.3333333333333,2,465
8761,30,1.0400625,250,10226,N,50,2,465
12493,32,1.114947,268,8761,N,53.3333333333333,2,465
11749,33,1.18567125,285,12493,N,55,2,465
11801,34,1.0567035,254,11749,N,56.6666666666667,2,465
13857,35,1.30215825,313,11801,N,58.3333333333333,2,465
14489,36,0.5907555,142,13857,Y,60,3,465
13278,37,0.68644125,165,14489,N,61.6666666666667,3,465
3491,0,1.21895325,293,NA,N,0,0,466
3330,1,1.131588,272,3491,N,1.66666666666667,0,466
2936,2,1.3063185,314,3330,N,3.33333333333333,0,466
3013,3,1.29383775,311,2936,N,5,0,466
2965,4,1.31047875,315,3013,N,6.66666666666667,0,466
3800,5,1.530972,368,2965,N,8.33333333333333,0,466
3235,6,1.49352975,359,3800,N,10,0,466
3125,7,1.83467025,441,3235,N,11.6666666666667,0,466
5108,8,1.63497825,393,3125,N,13.3333333333333,0,466
5944,9,1.73482425,417,5108,N,15,0,466
4679,10,1.87627275,451,5944,N,16.6666666666667,0,466
4983,11,0.815409,196,4679,Y,18.3333333333333,1,466
4716,12,0.87781275,211,4983,N,20,1,466
5126,13,1.01094075,243,4716,N,21.6666666666667,1,466
5414,14,0.9402165,226,5126,N,23.3333333333333,1,466
5455,15,1.015101,244,5414,N,25,1,466
7448,16,1.16903025,281,5455,N,26.6666666666667,1,466
9460,17,1.1066265,266,7448,N,28.3333333333333,1,466
8134,18,1.33544025,321,9460,N,30,1,466
6364,19,1.3229595,318,8134,N,31.6666666666667,1,466
7379,20,1.347921,324,6364,N,33.3333333333333,1,466
6486,21,1.36040175,327,7379,N,35,1,466
6900,22,1.45192725,349,6486,N,36.6666666666667,1,466
7940,23,0.67812075,163,6900,Y,38.3333333333333,2,466
10031,24,0.682281,164,7940,N,40,2,466
11106,25,0.715563,172,10031,N,41.6666666666667,2,466
8936,26,0.848691,204,11106,N,43.3333333333333,2,466
10772,27,0.782127,188,8936,N,45,2,466
8980,28,1.01094075,243,10772,N,46.6666666666667,2,466
10536,29,1.02758175,247,8980,N,48.3333333333333,2,466
9096,30,1.0067805,242,10536,N,50,2,466
11399,31,1.0067805,242,9096,N,51.6666666666667,2,466
12602,32,1.031742,248,11399,N,53.3333333333333,2,466
11978,33,1.16903025,281,12602,N,55,2,466
12034,34,1.25223525,301,11978,N,56.6666666666667,2,466
13945,35,1.24391475,299,12034,N,58.3333333333333,2,466
14581,36,1.36040175,327,13945,N,60,2,466
13482,37,1.198152,288,14581,N,61.6666666666667,2,466
2992,0,1.35208125,325,NA,N,0,0,467
3046,1,1.34376075,323,2992,N,1.66666666666667,0,467
2658,2,1.4061645,338,3046,N,3.33333333333333,0,467
2475,3,1.54345275,371,2658,N,5,0,467
2504,4,1.4893695,358,2475,N,6.66666666666667,0,467
2904,5,0.71972325,173,2504,Y,8.33333333333333,1,467
2580,6,0.8570115,206,2904,N,10,1,467
2777,7,0.87781275,211,2580,N,11.6666666666667,1,467
4225,8,0.85285125,205,2777,N,13.3333333333333,1,467
5739,9,0.848691,204,4225,N,15,1,467
4400,10,0.865332,208,5739,N,16.6666666666667,1,467
4396,11,0.90277425,217,4400,N,18.3333333333333,1,467
4511,12,0.9901395,238,4396,N,20,1,467
4770,13,1.12742775,271,4511,N,21.6666666666667,1,467
4609,14,1.04422275,251,4770,N,23.3333333333333,1,467
5042,15,1.2231135,294,4609,N,25,1,467
7254,16,1.21063275,291,5042,N,26.6666666666667,1,467
8803,17,1.21063275,291,7254,N,28.3333333333333,1,467
7975,18,1.21895325,293,8803,N,30,1,467
6237,19,1.431126,344,7975,N,31.6666666666667,1,467
7222,20,1.42696575,343,6237,N,33.3333333333333,1,467
6174,21,1.5392925,370,7222,N,35,1,467
6717,22,1.64329875,395,6174,N,36.6666666666667,1,467
7783,23,1.75146525,421,6717,N,38.3333333333333,1,467
9925,24,1.8721125,450,7783,N,40,1,467
10996,25,1.946997,468,9925,N,41.6666666666667,1,467
8588,26,2.080125,500,10996,N,43.3333333333333,1,467
10302,27,0.965178,232,8588,Y,45,2,467
3507,0,1.04422275,251,NA,N,0,0,468
3346,1,0.96933825,233,3507,N,1.66666666666667,0,468
2960,2,1.14406875,275,3346,N,3.33333333333333,0,468
3040,3,1.16487,280,2960,N,5,0,468
2983,4,1.22727375,295,3040,N,6.66666666666667,0,468
3815,5,1.19399175,287,2983,N,8.33333333333333,0,468
3282,6,1.43528625,345,3815,N,10,0,468
3168,7,1.66826025,401,3282,N,11.6666666666667,0,468
5124,8,0.698922,168,3168,Y,13.3333333333333,1,468
5947,9,0.82788975,199,5124,N,15,1,468
4701,10,0.9235755,222,5947,N,16.6666666666667,1,468
5011,11,0.94437675,227,4701,N,18.3333333333333,1,468
4743,12,0.881973,212,5011,N,20,1,468
5168,13,1.0067805,242,4743,N,21.6666666666667,1,468
5436,14,0.86949225,209,5168,N,23.3333333333333,1,468
5478,15,0.90277425,217,5436,N,25,1,468
7462,16,0.92773575,223,5478,N,26.6666666666667,1,468
9480,17,0.91109475,219,7462,N,28.3333333333333,1,468
8144,18,0.97765875,235,9480,N,30,1,468
6379,19,1.02758175,247,8144,N,31.6666666666667,1,468
7389,20,1.10246625,265,6379,N,33.3333333333333,1,468
6496,21,1.31047875,315,7389,N,35,1,468
6907,22,1.3728825,330,6496,N,36.6666666666667,1,468
7947,23,1.31047875,315,6907,N,38.3333333333333,1,468
10039,24,1.33544025,321,7947,N,40,1,468
11113,25,1.4893695,358,10039,N,41.6666666666667,1,468
8958,26,1.464408,352,11113,N,43.3333333333333,1,468
10780,27,1.597536,384,8958,N,45,1,468
8990,28,1.447767,348,10780,N,46.6666666666667,1,468
10544,29,1.56009375,375,8990,N,48.3333333333333,1,468
9104,30,0.67812075,163,10544,Y,50,2,468
3012,0,1.64329875,395,NA,N,0,0,469
3064,1,1.913715,460,3012,N,1.66666666666667,0,469
2671,2,1.863792,448,3064,N,3.33333333333333,0,469
2490,3,1.8721125,450,2671,N,5,0,469
3213,4,0.88613325,213,2490,Y,6.66666666666667,1,469
4001,5,1.081665,260,3213,N,8.33333333333333,1,469
3566,6,1.0234215,246,4001,N,10,1,469
3867,7,1.0234215,246,3566,N,11.6666666666667,1,469
5519,8,1.01926125,245,3867,N,13.3333333333333,1,469
6009,9,1.015101,244,5519,N,15,1,469
4984,10,1.1232675,270,6009,N,16.6666666666667,1,469
5498,11,1.1232675,270,4984,N,18.3333333333333,1,469
5040,12,1.098306,264,5498,N,20,1,469
5586,13,1.41032475,339,5040,N,21.6666666666667,1,469
5733,14,1.08582525,261,5586,N,23.3333333333333,1,469
5788,15,1.32711975,319,5733,N,25,1,469
7604,16,1.314639,316,5788,N,26.6666666666667,1,469
9677,17,1.680741,404,7604,N,28.3333333333333,1,469
8298,18,1.7389845,418,9677,N,30,1,469
6553,19,1.50185025,361,8298,N,31.6666666666667,1,469
7558,20,1.7223435,414,6553,N,33.3333333333333,1,469
6753,21,1.93451625,465,7558,N,35,1,469
6998,22,1.82634975,439,6753,N,36.6666666666667,1,469
8027,23,0.8570115,206,6998,Y,38.3333333333333,2,469
10097,24,1.0899855,262,8027,N,40,2,469
11161,25,0.981819,236,10097,N,41.6666666666667,2,469
9130,26,0.99429975,239,11161,N,43.3333333333333,2,469
10826,27,1.04422275,251,9130,N,45,2,469
9077,28,1.198152,288,10826,N,46.6666666666667,2,469
10625,29,1.17735075,283,9077,N,48.3333333333333,2,469
9247,30,1.26055575,303,10625,N,50,2,469
11446,31,1.4893695,358,9247,N,51.6666666666667,2,469
12657,32,1.27719675,307,11446,N,53.3333333333333,2,469
12072,33,1.6058565,386,12657,N,55,2,469
12146,34,0.7571655,182,12072,Y,56.6666666666667,3,469
14032,35,0.76132575,183,12146,N,58.3333333333333,3,469
3027,0,1.031742,248,NA,N,0,0,470
3075,1,1.07750475,259,3027,N,1.66666666666667,0,470
2683,2,1.00262025,241,3075,N,3.33333333333333,0,470
2501,3,1.2064725,290,2683,N,5,0,470
2517,4,1.32711975,319,2501,N,6.66666666666667,0,470
2926,5,1.297998,312,2517,N,8.33333333333333,0,470
2601,6,1.347921,324,2926,N,10,0,470
2804,7,1.397844,336,2601,N,11.6666666666667,0,470
4246,8,1.59337575,383,2804,N,13.3333333333333,0,470
5762,9,1.67658075,403,4246,N,15,0,470
4435,10,1.63497825,393,5762,N,16.6666666666667,0,470
4422,11,1.7057025,410,4435,N,18.3333333333333,0,470
4535,12,0.83621025,201,4422,Y,20,1,470
4797,13,0.81956925,197,4535,N,21.6666666666667,1,470
4637,14,0.90277425,217,4797,N,23.3333333333333,1,470
5083,15,0.9069345,218,4637,N,25,1,470
7273,16,0.95269725,229,5083,N,26.6666666666667,1,470
9151,17,0.9069345,218,7273,N,28.3333333333333,1,470
7998,18,1.1066265,266,9151,N,30,1,470
6248,19,1.03590225,249,7998,N,31.6666666666667,1,470
7234,20,1.07750475,259,6248,N,33.3333333333333,1,470
6202,21,1.2064725,290,7234,N,35,1,470
6735,22,1.21063275,291,6202,N,36.6666666666667,1,470
7795,23,1.26055575,303,6735,N,38.3333333333333,1,470
9940,24,1.50185025,361,7795,N,40,1,470
11010,25,1.53513225,369,9940,N,41.6666666666667,1,470
8602,26,1.43528625,345,11010,N,43.3333333333333,1,470
15118,28,NA,-1,8602,Y,46.6666666666667,2,470
3552,0,0.9734985,234,NA,N,0,0,471
3389,1,0.9734985,234,3552,N,1.66666666666667,0,471
3039,2,1.01926125,245,3389,N,3.33333333333333,0,471
3255,3,1.08582525,261,3039,N,5,0,471
3049,4,1.1066265,266,3255,N,6.66666666666667,0,471
3868,5,1.314639,316,3049,N,8.33333333333333,0,471
3350,6,1.397844,336,3868,N,10,0,471
3653,7,1.42696575,343,3350,N,11.6666666666667,0,471
5220,8,1.26055575,303,3653,N,13.3333333333333,0,471
5959,9,1.65993975,399,5220,N,15,0,471
4747,10,1.680741,404,5959,N,16.6666666666667,0,471
5119,11,0.85285125,205,4747,Y,18.3333333333333,1,471
4786,12,0.87781275,211,5119,N,20,1,471
5244,13,0.99429975,239,4786,N,21.6666666666667,1,471
5479,14,0.93605625,225,5244,N,23.3333333333333,1,471
5518,15,1.05254325,253,5479,N,25,1,471
7484,16,0.9568575,230,5518,N,26.6666666666667,1,471
9513,17,0.98597925,237,7484,N,28.3333333333333,1,471
8170,18,1.01094075,243,9513,N,30,1,471
6407,19,1.09414575,263,8170,N,31.6666666666667,1,471
7412,20,1.1232675,270,6407,N,33.3333333333333,1,471
6512,21,1.1898315,286,7412,N,35,1,471
6918,22,1.14406875,275,6512,N,36.6666666666667,1,471
7973,23,1.5060105,362,6918,N,38.3333333333333,1,471
10052,24,1.530972,368,7973,N,40,1,471
11128,25,1.3895235,334,10052,N,41.6666666666667,1,471
9004,26,0.7238835,174,11128,Y,43.3333333333333,2,471
10789,27,0.8736525,210,9004,N,45,2,471
9006,28,0.85285125,205,10789,N,46.6666666666667,2,471
10561,29,0.7405245,178,9006,N,48.3333333333333,2,471
9140,30,0.83621025,201,10561,N,50,2,471
12620,32,1.098306,264,9140,N,53.3333333333333,2,471
12010,33,1.131588,272,12620,N,55,2,471
12069,34,1.11910725,269,12010,N,56.6666666666667,2,471
14000,35,1.18567125,285,12069,N,58.3333333333333,2,471
14596,36,1.0733445,258,14000,N,60,2,471
13511,37,1.25223525,301,14596,N,61.6666666666667,2,471
3562,0,1.02758175,247,NA,N,0,0,472
3401,1,1.09414575,263,3562,N,1.66666666666667,0,472
3060,2,1.10246625,265,3401,N,3.33333333333333,0,472
3267,3,1.11910725,269,3060,N,5,0,472
3052,4,1.21895325,293,3267,N,6.66666666666667,0,472
3878,5,1.4727285,354,3052,N,8.33333333333333,0,472
3364,6,1.5226515,366,3878,N,10,0,472
3662,7,1.59337575,383,3364,N,11.6666666666667,0,472
5247,8,0.782127,188,3662,Y,13.3333333333333,1,472
5962,9,0.80292825,193,5247,N,15,1,472
4760,10,0.7238835,174,5962,N,16.6666666666667,1,472
5141,11,0.765486,184,4760,N,18.3333333333333,1,472
4801,12,0.7405245,178,5141,N,20,1,472
5271,13,0.83621025,201,4801,N,21.6666666666667,1,472
5499,14,0.7738065,186,5271,N,23.3333333333333,1,472
5532,15,0.8403705,202,5499,N,25,1,472
7493,16,0.85285125,205,5532,N,26.6666666666667,1,472
9571,17,0.96933825,233,7493,N,28.3333333333333,1,472
8179,18,0.9901395,238,9571,N,30,1,472
6416,19,1.05254325,253,8179,N,31.6666666666667,1,472
7420,20,1.15238925,277,6416,N,33.3333333333333,1,472
6522,21,1.0733445,258,7420,N,35,1,472
6922,22,1.2231135,294,6522,N,36.6666666666667,1,472
7983,23,1.3562415,326,6922,N,38.3333333333333,1,472
10061,24,1.3229595,318,7983,N,40,1,472
11135,25,0.64483875,155,10061,Y,41.6666666666667,2,472
9022,26,0.71972325,173,11135,N,43.3333333333333,2,472
10798,27,0.81956925,197,9022,N,45,2,472
3567,0,0.80292825,193,NA,N,0,0,473
3408,1,0.782127,188,3567,N,1.66666666666667,0,473
3063,2,0.91109475,219,3408,N,3.33333333333333,0,473
3270,3,0.965178,232,3063,N,5,0,473
3054,4,0.95269725,229,3270,N,6.66666666666667,0,473
3882,5,1.131588,272,3054,N,8.33333333333333,0,473
3372,6,1.08582525,261,3882,N,10,0,473
3663,7,1.114947,268,3372,N,11.6666666666667,0,473
5256,8,1.29383775,311,3663,N,13.3333333333333,0,473
5964,9,1.31047875,315,5256,N,15,0,473
4772,10,1.35208125,325,5964,N,16.6666666666667,0,473
5155,11,1.2730365,306,4772,N,18.3333333333333,0,473
4811,12,1.3562415,326,5155,N,20,0,473
5299,13,1.797228,432,4811,N,21.6666666666667,0,473
5507,14,1.414485,340,5299,N,23.3333333333333,0,473
5538,15,1.580895,380,5507,N,25,0,473
7501,16,1.714023,412,5538,N,26.6666666666667,0,473
9579,17,1.0067805,242,7501,Y,28.3333333333333,1,473
8188,18,0.8736525,210,9579,N,30,1,473
6428,19,0.83621025,201,8188,N,31.6666666666667,1,473
7433,20,0.8237295,198,6428,N,33.3333333333333,1,473
6530,21,1.081665,260,7433,N,35,1,473
6928,22,1.16070975,279,6530,N,36.6666666666667,1,473
7993,23,1.20231225,289,6928,N,38.3333333333333,1,473
10072,24,1.38536325,333,7993,N,40,1,473
11143,25,1.3728825,330,10072,N,41.6666666666667,1,473
9043,26,1.281357,308,11143,N,43.3333333333333,1,473
10806,27,1.48520925,357,9043,N,45,1,473
9046,28,0.698922,168,10806,Y,46.6666666666667,2,473
10600,29,0.73636425,177,9046,N,48.3333333333333,2,473
9189,30,0.7238835,174,10600,N,50,2,473
11427,31,0.71972325,173,9189,N,51.6666666666667,2,473
12639,32,0.8570115,206,11427,N,53.3333333333333,2,473
12044,33,0.84453075,203,12639,N,55,2,473
12099,34,0.84453075,203,12044,N,56.6666666666667,2,473
14023,35,0.82788975,199,12099,N,58.3333333333333,2,473
14615,36,0.80292825,193,14023,N,60,2,473
13550,37,0.83205,200,14615,N,61.6666666666667,2,473
3570,0,0.99429975,239,NA,N,0,0,474
3411,1,1.19399175,287,3570,N,1.66666666666667,0,474
3067,2,1.181511,284,3411,N,3.33333333333333,0,474
3276,3,1.3728825,330,3067,N,5,0,474
3056,4,1.56841425,377,3276,N,6.66666666666667,0,474
3885,5,1.51849125,365,3056,N,8.33333333333333,0,474
3381,6,0.7405245,178,3885,Y,10,1,474
3667,7,0.748845,180,3381,N,11.6666666666667,1,474
5283,8,0.84453075,203,3667,N,13.3333333333333,1,474
5967,9,0.848691,204,5283,N,15,1,474
4782,10,0.8902935,214,5967,N,16.6666666666667,1,474
5171,11,1.0067805,242,4782,N,18.3333333333333,1,474
4827,12,0.981819,236,5171,N,20,1,474
5319,13,0.948537,228,4827,N,21.6666666666667,1,474
5521,14,0.9402165,226,5319,N,23.3333333333333,1,474
5548,15,0.91109475,219,5521,N,25,1,474
7508,16,0.96101775,231,5548,N,26.6666666666667,1,474
9591,17,1.03590225,249,7508,N,28.3333333333333,1,474
8217,18,1.12742775,271,9591,N,30,1,474
6434,19,1.1232675,270,8217,N,31.6666666666667,1,474
7444,20,1.1399085,274,6434,N,33.3333333333333,1,474
6542,21,1.2896775,310,7444,N,35,1,474
6934,22,1.27719675,307,6542,N,36.6666666666667,1,474
8006,23,1.297998,312,6934,N,38.3333333333333,1,474
10083,24,1.39368375,335,8006,N,40,1,474
11150,25,1.3562415,326,10083,N,41.6666666666667,1,474
9066,26,1.6557795,398,11150,N,43.3333333333333,1,474
10814,27,1.6557795,398,9066,N,45,1,474
15149,30,NA,-1,10814,Y,50,2,474
2718,0,1.16070975,279,NA,N,0,0,475
2362,1,1.2397545,298,2718,N,1.66666666666667,0,475
2360,2,1.114947,268,2362,N,3.33333333333333,0,475
2314,3,1.1898315,286,2360,N,5,0,475
2255,4,1.181511,284,2314,N,6.66666666666667,0,475
2640,5,1.297998,312,2255,N,8.33333333333333,0,475
2310,6,1.297998,312,2640,N,10,0,475
2367,7,1.6058565,386,2310,N,11.6666666666667,0,475
4102,8,1.51849125,365,2367,N,13.3333333333333,0,475
4097,9,1.75146525,421,4102,N,15,0,475
4221,10,1.6724205,402,4097,N,16.6666666666667,0,475
4501,12,0.83621025,201,4221,Y,20,1,475
4738,13,1.0733445,258,4501,N,21.6666666666667,1,475
4582,14,0.965178,232,4738,N,23.3333333333333,1,475
5005,15,0.99846,240,4582,N,25,1,475
7238,16,1.081665,260,5005,N,26.6666666666667,1,475
8779,17,1.17735075,283,7238,N,28.3333333333333,1,475
7966,18,1.05254325,253,8779,N,30,1,475
6231,19,1.148229,276,7966,N,31.6666666666667,1,475
7211,20,1.39368375,335,6231,N,33.3333333333333,1,475
6160,21,1.5392925,370,7211,N,35,1,475
6708,22,1.464408,352,6160,N,36.6666666666667,1,475
7774,23,0.715563,172,6708,Y,38.3333333333333,2,475
9915,24,0.86949225,209,7774,N,40,2,475
10986,25,1.0567035,254,9915,N,41.6666666666667,2,475
8578,26,0.9901395,238,10986,N,43.3333333333333,2,475
10281,27,0.99429975,239,8578,N,45,2,475
8687,28,0.96101775,231,10281,N,46.6666666666667,2,475
10223,29,1.0067805,242,8687,N,48.3333333333333,2,475
9398,30,1.16487,280,10223,N,50,2,475
12714,32,1.56009375,375,9398,N,53.3333333333333,2,475
12171,33,1.27719675,307,12714,N,55,2,475
12317,34,1.6224975,390,12171,N,56.6666666666667,2,475
15176,35,NA,-1,12317,Y,58.3333333333333,3,475
3238,0,1.381203,332,NA,N,0,0,476
3085,1,1.49769,360,3238,N,1.66666666666667,0,476
2695,2,1.57673475,379,3085,N,3.33333333333333,0,476
2525,4,1.580895,380,2695,N,6.66666666666667,0,476
2946,5,1.62665775,391,2525,N,8.33333333333333,0,476
2608,6,0.9069345,218,2946,Y,10,1,476
2809,7,0.8070885,194,2608,N,11.6666666666667,1,476
4691,8,0.98597925,237,2809,N,13.3333333333333,1,476
5765,9,0.865332,208,4691,N,15,1,476
4439,10,0.96933825,233,5765,N,16.6666666666667,1,476
4429,11,0.798768,192,4439,N,18.3333333333333,1,476
4541,12,0.8902935,214,4429,N,20,1,476
4807,13,1.0733445,258,4541,N,21.6666666666667,1,476
4650,14,1.02758175,247,4807,N,23.3333333333333,1,476
5109,15,1.09414575,263,4650,N,25,1,476
7281,16,0.981819,236,5109,N,26.6666666666667,1,476
9165,17,1.01926125,245,7281,N,28.3333333333333,1,476
8005,18,1.17735075,283,9165,N,30,1,476
6252,19,1.2397545,298,8005,N,31.6666666666667,1,476
7245,20,1.2397545,298,6252,N,33.3333333333333,1,476
6221,21,1.46024775,351,7245,N,35,1,476
6743,22,1.50185025,361,6221,N,36.6666666666667,1,476
7799,23,1.50185025,361,6743,N,38.3333333333333,1,476
9945,24,1.38536325,333,7799,N,40,1,476
11015,25,1.481049,356,9945,N,41.6666666666667,1,476
10102,27,0.798768,192,11015,Y,45,2,476
3698,0,1.49769,360,NA,N,0,0,477
3789,1,1.4893695,358,3698,N,1.66666666666667,0,477
3195,2,1.6391385,394,3789,N,3.33333333333333,0,477
3410,3,0.732204,176,3195,Y,5,1,477
3164,4,0.7904475,190,3410,N,6.66666666666667,1,477
3985,5,0.91941525,221,3164,N,8.33333333333333,1,477
3498,6,0.948537,228,3985,N,10,1,477
3809,7,0.99846,240,3498,N,11.6666666666667,1,477
5453,8,1.0067805,242,3809,N,13.3333333333333,1,477
5995,9,1.01926125,245,5453,N,15,1,477
4910,10,1.22727375,295,5995,N,16.6666666666667,1,477
5403,11,1.07750475,259,4910,N,18.3333333333333,1,477
4970,12,1.18567125,285,5403,N,20,1,477
5481,13,1.31879925,317,4970,N,21.6666666666667,1,477
5676,14,1.31879925,317,5481,N,23.3333333333333,1,477
5654,15,1.35208125,325,5676,N,25,1,477
7570,16,1.5392925,370,5654,N,26.6666666666667,1,477
9644,17,1.46024775,351,7570,N,28.3333333333333,1,477
8276,18,0.67812075,163,9644,Y,30,2,477
6508,19,0.73636425,177,8276,N,31.6666666666667,2,477
7518,20,0.76132575,183,6508,N,33.3333333333333,2,477
6601,21,0.798768,192,7518,N,35,2,477
6972,22,1.0733445,258,6601,N,36.6666666666667,2,477
8090,23,0.6906015,166,6972,N,38.3333333333333,2,477
10255,24,0.6906015,166,8090,N,40,2,477
11201,25,0.6739605,162,10255,N,41.6666666666667,2,477
9481,26,0.77796675,187,11201,N,43.3333333333333,2,477
10869,27,0.84453075,203,9481,N,45,2,477
9155,28,0.81124875,195,10869,N,46.6666666666667,2,477
10673,29,0.7405245,178,9155,N,48.3333333333333,2,477
9349,30,0.91941525,221,10673,N,50,2,477
12698,32,0.89445375,215,9349,N,53.3333333333333,2,477
12150,33,0.8070885,194,12698,N,55,2,477
12300,34,1.015101,244,12150,N,56.6666666666667,2,477
13615,35,1.4061645,338,12300,N,58.3333333333333,2,477
14333,36,1.4061645,338,13615,N,60,2,477
13054,37,0.67812075,163,14333,Y,61.6666666666667,3,477
3701,0,1.3229595,318,NA,N,0,0,478
3796,1,1.31879925,317,3701,N,1.66666666666667,0,478
3199,2,1.37704275,331,3796,N,3.33333333333333,0,478
3414,3,1.347921,324,3199,N,5,0,478
3050,4,0.748845,180,3414,Y,6.66666666666667,1,478
3870,5,0.715563,172,3050,N,8.33333333333333,1,478
3354,6,0.7405245,178,3870,N,10,1,478
3656,7,0.79460775,191,3354,N,11.6666666666667,1,478
5231,8,0.89445375,215,3656,N,13.3333333333333,1,478
5960,9,0.84453075,203,5231,N,15,1,478
4751,10,0.76964625,185,5960,N,16.6666666666667,1,478
5131,11,0.86949225,209,4751,N,18.3333333333333,1,478
4791,12,0.9568575,230,5131,N,20,1,478
5259,13,1.01094075,243,4791,N,21.6666666666667,1,478
5492,14,1.04422275,251,5259,N,23.3333333333333,1,478
5525,15,1.131588,272,5492,N,25,1,478
7489,16,1.15238925,277,5525,N,26.6666666666667,1,478
9566,17,1.16903025,281,7489,N,28.3333333333333,1,478
8173,18,1.22727375,295,9566,N,30,1,478
6412,19,1.481049,356,8173,N,31.6666666666667,1,478
7416,20,1.414485,340,6412,N,33.3333333333333,1,478
6517,21,1.8887535,454,7416,N,35,1,478
6920,22,1.730664,416,6517,N,36.6666666666667,1,478
7980,23,0.83205,200,6920,Y,38.3333333333333,2,478
10055,24,0.98597925,237,7980,N,40,2,478
11130,25,0.85285125,205,10055,N,41.6666666666667,2,478
9014,26,0.96101775,231,11130,N,43.3333333333333,2,478
10794,27,0.9402165,226,9014,N,45,2,478
9012,28,1.04422275,251,10794,N,46.6666666666667,2,478
10567,29,1.06086375,255,9012,N,48.3333333333333,2,478
9147,30,1.2064725,290,10567,N,50,2,478
11414,31,1.2563955,302,9147,N,51.6666666666667,2,478
12622,32,1.16487,280,11414,N,53.3333333333333,2,478
12014,33,1.28551725,309,12622,N,55,2,478
12073,34,1.4560875,350,12014,N,56.6666666666667,2,478
14006,35,1.54345275,371,12073,N,58.3333333333333,2,478
14600,36,0.78628725,189,14006,Y,60,3,478
13517,37,0.6906015,166,14600,N,61.6666666666667,3,478
2947,0,1.131588,272,NA,N,0,0,479
2758,1,1.16070975,279,2947,N,1.66666666666667,0,479
2557,2,1.20231225,289,2758,N,3.33333333333333,0,479
2449,3,1.23559425,297,2557,N,5,0,479
2477,4,1.5392925,370,2449,N,6.66666666666667,0,479
2846,5,1.68490125,405,2477,N,8.33333333333333,0,479
2546,6,1.33128,320,2846,N,10,0,479
2588,7,1.3229595,318,2546,N,11.6666666666667,0,479
4187,8,1.6557795,398,2588,N,13.3333333333333,0,479
4166,9,1.70986275,411,4187,N,15,0,479
4366,10,1.74314475,419,4166,N,16.6666666666667,0,479
4359,11,1.7389845,418,4366,N,18.3333333333333,0,479
4490,12,1.847151,444,4359,N,20,0,479
4722,13,2.1050865,506,4490,N,21.6666666666667,0,479
4567,14,0.81956925,197,4722,Y,23.3333333333333,1,479
4982,15,0.87781275,211,4567,N,25,1,479
7210,16,1.1066265,266,4982,N,26.6666666666667,1,479
8745,17,1.15238925,277,7210,N,28.3333333333333,1,479
7953,18,1.19399175,287,8745,N,30,1,479
6225,19,1.26887625,305,7953,N,31.6666666666667,1,479
7201,20,1.45192725,349,6225,N,33.3333333333333,1,479
6149,21,1.54345275,371,7201,N,35,1,479
6702,22,1.6391385,394,6149,N,36.6666666666667,1,479
7766,23,1.46024775,351,6702,N,38.3333333333333,1,479
9906,24,1.7223435,414,7766,N,40,1,479
10978,25,0.88613325,213,9906,Y,41.6666666666667,2,479
8565,26,0.848691,204,10978,N,43.3333333333333,2,479
10264,27,0.99429975,239,8565,N,45,2,479
8664,28,0.9235755,222,10264,N,46.6666666666667,2,479
10202,29,0.93605625,225,8664,N,48.3333333333333,2,479
8741,30,1.098306,264,10202,N,50,2,479
11475,31,1.048383,252,8741,N,51.6666666666667,2,479
12485,32,1.10246625,265,11475,N,53.3333333333333,2,479
11734,33,1.30215825,313,12485,N,55,2,479
11791,34,1.49769,360,11734,N,56.6666666666667,2,479
13279,35,1.50185025,361,11791,N,58.3333333333333,2,479
14096,36,0.6739605,162,13279,Y,60,3,479
12869,37,0.7405245,178,14096,N,61.6666666666667,3,479
2972,0,1.15238925,277,NA,N,0,0,480
3030,1,1.16070975,279,2972,N,1.66666666666667,0,480
2616,2,1.2397545,298,3030,N,3.33333333333333,0,480
2460,3,1.21895325,293,2616,N,5,0,480
2489,4,1.4228055,342,2460,N,6.66666666666667,0,480
2868,5,1.48520925,357,2489,N,8.33333333333333,0,480
2562,6,1.7057025,410,2868,N,10,0,480
2617,7,1.70154225,409,2562,N,11.6666666666667,0,480
4200,8,0.71972325,173,2617,Y,13.3333333333333,1,480
4177,9,0.84453075,203,4200,N,15,1,480
4383,10,0.8736525,210,4177,N,16.6666666666667,1,480
4376,11,0.881973,212,4383,N,18.3333333333333,1,480
4503,12,0.83205,200,4376,N,20,1,480
4742,13,1.04422275,251,4503,N,21.6666666666667,1,480
4588,14,0.931896,224,4742,N,23.3333333333333,1,480
5010,15,0.92773575,223,4588,N,25,1,480
7241,16,0.99429975,239,5010,N,26.6666666666667,1,480
8782,17,1.0899855,262,7241,N,28.3333333333333,1,480
7968,18,1.21895325,293,8782,N,30,1,480
6232,19,1.31879925,317,7968,N,31.6666666666667,1,480
7213,20,1.45192725,349,6232,N,33.3333333333333,1,480
6162,21,1.65161925,397,7213,N,35,1,480
6709,22,1.9553175,470,6162,N,36.6666666666667,1,480
7775,23,1.5392925,370,6709,N,38.3333333333333,1,480
9917,24,0.76132575,183,7775,Y,40,2,480
10988,25,0.78628725,189,9917,N,41.6666666666667,2,480
8579,26,0.86117175,207,10988,N,43.3333333333333,2,480
10282,27,0.931896,224,8579,N,45,2,480
8704,28,0.981819,236,10282,N,46.6666666666667,2,480
10226,29,1.01094075,243,8704,N,48.3333333333333,2,480
8761,30,1.0400625,250,10226,N,50,2,480
12493,32,1.114947,268,8761,N,53.3333333333333,2,480
11749,33,1.18567125,285,12493,N,55,2,480
11801,34,1.0567035,254,11749,N,56.6666666666667,2,480
13857,35,1.30215825,313,11801,N,58.3333333333333,2,480
14490,36,0.6573195,158,13857,Y,60,3,480
13280,37,0.75300525,181,14490,N,61.6666666666667,3,480
2718,0,1.16070975,279,NA,N,0,0,481
2362,1,1.2397545,298,2718,N,1.66666666666667,0,481
2360,2,1.114947,268,2362,N,3.33333333333333,0,481
2314,3,1.1898315,286,2360,N,5,0,481
2255,4,1.181511,284,2314,N,6.66666666666667,0,481
2640,5,1.297998,312,2255,N,8.33333333333333,0,481
2310,6,1.297998,312,2640,N,10,0,481
2367,7,1.6058565,386,2310,N,11.6666666666667,0,481
4102,8,1.51849125,365,2367,N,13.3333333333333,0,481
4097,9,1.75146525,421,4102,N,15,0,481
4221,10,1.6724205,402,4097,N,16.6666666666667,0,481
4501,12,0.83621025,201,4221,Y,20,1,481
4738,13,1.0733445,258,4501,N,21.6666666666667,1,481
4582,14,0.965178,232,4738,N,23.3333333333333,1,481
5005,15,0.99846,240,4582,N,25,1,481
7238,16,1.081665,260,5005,N,26.6666666666667,1,481
8779,17,1.17735075,283,7238,N,28.3333333333333,1,481
7966,18,1.05254325,253,8779,N,30,1,481
6231,19,1.148229,276,7966,N,31.6666666666667,1,481
7211,20,1.39368375,335,6231,N,33.3333333333333,1,481
6160,21,1.5392925,370,7211,N,35,1,481
6708,22,1.464408,352,6160,N,36.6666666666667,1,481
7774,23,0.715563,172,6708,Y,38.3333333333333,2,481
9915,24,0.86949225,209,7774,N,40,2,481
10986,25,1.0567035,254,9915,N,41.6666666666667,2,481
8578,26,0.9901395,238,10986,N,43.3333333333333,2,481
10281,27,0.99429975,239,8578,N,45,2,481
8687,28,0.96101775,231,10281,N,46.6666666666667,2,481
10223,29,1.0067805,242,8687,N,48.3333333333333,2,481
9398,30,1.16487,280,10223,N,50,2,481
12714,32,1.56009375,375,9398,N,53.3333333333333,2,481
12171,33,1.27719675,307,12714,N,55,2,481
12317,34,1.6224975,390,12171,N,56.6666666666667,2,481
13201,35,0.782127,188,12317,Y,58.3333333333333,3,481
13984,36,0.93605625,225,13201,N,60,3,481
12831,37,0.8403705,202,13984,N,61.6666666666667,3,481
