Spot.ID,Frame,Area,Quality,Source.spot.ID,IF_Divided,Time,generation_count,track
2367,0,0.71972325,173,NA,N,0,0,1
2561,1,0.78628725,189,2367,N,1.66666666666667,0,1
2452,2,0.76964625,185,2561,N,3.33333333333333,0,1
2405,3,0.79460775,191,2452,N,5,0,1
2492,4,0.81956925,197,2405,N,6.66666666666667,0,1
2773,5,0.82788975,199,2492,N,8.33333333333333,0,1
2472,6,0.92773575,223,2773,N,10,0,1
2441,7,0.715563,172,2472,N,11.6666666666667,0,1
4163,8,0.75300525,181,2441,N,13.3333333333333,0,1
5573,9,0.965178,232,4163,N,15,0,1
4687,10,0.948537,228,5573,N,16.6666666666667,0,1
4940,11,0.98597925,237,4687,N,18.3333333333333,0,1
4167,12,1.04422275,251,4940,N,20,0,1
4546,13,1.16487,280,4167,N,21.6666666666667,0,1
4944,14,1.10246625,265,4546,N,23.3333333333333,0,1
4146,15,1.1399085,274,4944,N,25,0,1
6340,16,1.34376075,323,4146,N,26.6666666666667,0,1
6433,17,1.37704275,331,6340,N,28.3333333333333,0,1
2377,0,0.71140275,171,NA,N,0,0,2
2566,1,0.74468475,179,2377,N,1.66666666666667,0,2
2457,2,0.83621025,201,2566,N,3.33333333333333,0,2
2505,3,0.948537,228,2457,N,5,0,2
2496,4,0.89445375,215,2505,N,6.66666666666667,0,2
3060,5,0.91941525,221,2496,N,8.33333333333333,0,2
2476,6,0.94437675,227,3060,N,10,0,2
2446,7,0.981819,236,2476,N,11.6666666666667,0,2
4166,8,0.981819,236,2446,N,13.3333333333333,0,2
5578,9,1.02758175,247,4166,N,15,0,2
4692,10,1.0067805,242,5578,N,16.6666666666667,0,2
4953,11,0.948537,228,4692,N,18.3333333333333,0,2
4170,12,0.98597925,237,4953,N,20,0,2
4549,13,1.0567035,254,4170,N,21.6666666666667,0,2
4948,14,1.11910725,269,4549,N,23.3333333333333,0,2
4149,15,1.10246625,265,4948,N,25,0,2
6341,16,1.14406875,275,4149,N,26.6666666666667,0,2
6436,17,1.1399085,274,6341,N,28.3333333333333,0,2
6859,18,1.22727375,295,6436,N,30,0,2
6860,19,1.38536325,333,6859,N,31.6666666666667,0,2
6049,20,1.11910725,269,6860,N,33.3333333333333,0,2
7042,21,1.26055575,303,6049,N,35,0,2
7487,22,1.34376075,323,7042,N,36.6666666666667,0,2
7751,23,1.1399085,274,7487,N,38.3333333333333,0,2
10657,24,1.231434,296,7751,N,40,0,2
8453,25,1.048383,252,10657,N,41.6666666666667,0,2
8932,26,1.4061645,338,8453,N,43.3333333333333,0,2
9435,27,1.24391475,299,8932,N,45,0,2
8408,28,0.82788975,199,9435,N,46.6666666666667,0,2
10306,29,0.965178,232,8408,N,48.3333333333333,0,2
11066,34,1.5226515,366,10306,N,56.6666666666667,0,2
11944,35,1.33544025,321,11066,N,58.3333333333333,0,2
12417,36,1.4394465,346,11944,N,60,0,2
12532,37,0.57827475,139,12417,Y,61.6666666666667,1,2
3407,0,0.7405245,178,NA,N,0,0,3
3593,1,0.7072425,170,3407,N,1.66666666666667,0,3
3581,2,0.7904475,190,3593,N,3.33333333333333,0,3
3391,3,0.9402165,226,3581,N,5,0,3
3766,4,0.881973,212,3391,N,6.66666666666667,0,3
4024,5,0.9568575,230,3766,N,8.33333333333333,0,3
3648,6,1.01094075,243,4024,N,10,0,3
3862,7,0.948537,228,3648,N,11.6666666666667,0,3
5654,8,1.0067805,242,3862,N,13.3333333333333,0,3
5971,9,1.0567035,254,5654,N,15,0,3
5400,10,1.0733445,258,5971,N,16.6666666666667,0,3
5707,11,1.04422275,251,5400,N,18.3333333333333,0,3
4999,12,1.10246625,265,5707,N,20,0,3
5335,13,1.1565495,278,4999,N,21.6666666666667,0,3
5807,14,1.1731905,282,5335,N,23.3333333333333,0,3
4640,15,1.17735075,283,5807,N,25,0,3
6680,16,1.1232675,270,4640,N,26.6666666666667,0,3
6790,17,1.314639,316,6680,N,28.3333333333333,0,3
7407,18,1.29383775,311,6790,N,30,0,3
7445,19,1.131588,272,7407,N,31.6666666666667,0,3
6249,20,1.2563955,302,7445,N,33.3333333333333,0,3
8189,21,1.364562,328,6249,N,35,0,3
7930,22,1.56841425,377,8189,N,36.6666666666667,0,3
8179,23,1.464408,352,7930,N,38.3333333333333,0,3
10892,24,0.66147975,159,8179,Y,40,1,3
9166,25,0.68644125,165,10892,N,41.6666666666667,1,3
9986,26,0.66980025,161,9166,N,43.3333333333333,1,3
10153,27,0.7571655,182,9986,N,45,1,3
8882,28,0.848691,204,10153,N,46.6666666666667,1,3
10548,29,0.8570115,206,8882,N,48.3333333333333,1,3
9446,30,0.948537,228,10548,N,50,1,3
10124,31,0.93605625,225,9446,N,51.6666666666667,1,3
11507,32,0.91941525,221,10124,N,53.3333333333333,1,3
12092,33,1.065024,256,11507,N,55,1,3
11676,34,1.16487,280,12092,N,56.6666666666667,1,3
12601,35,1.36040175,327,11676,N,58.3333333333333,1,3
13053,36,1.12742775,271,12601,N,60,1,3
13098,37,0.6906015,166,13053,Y,61.6666666666667,2,3
2397,0,0.67812075,163,NA,N,0,0,4
2570,1,0.71972325,173,2397,N,1.66666666666667,0,4
2461,2,0.70308225,169,2570,N,3.33333333333333,0,4
2511,3,0.7072425,170,2461,N,5,0,4
2500,4,0.6240375,150,2511,N,6.66666666666667,0,4
3167,5,0.715563,172,2500,N,8.33333333333333,0,4
2481,6,0.78628725,189,3167,N,10,0,4
2450,7,0.748845,180,2481,N,11.6666666666667,0,4
4169,8,0.80292825,193,2450,N,13.3333333333333,0,4
5584,9,0.91109475,219,4169,N,15,0,4
4696,10,1.03590225,249,5584,N,16.6666666666667,0,4
4960,11,0.9734985,234,4696,N,18.3333333333333,0,4
4173,12,1.0234215,246,4960,N,20,0,4
4554,13,1.181511,284,4173,N,21.6666666666667,0,4
2404,0,0.6906015,166,NA,N,0,0,5
2574,1,0.67812075,163,2404,N,1.66666666666667,0,5
2466,2,0.94437675,227,2574,N,3.33333333333333,0,5
2514,3,0.79460775,191,2466,N,5,0,5
2506,4,0.8403705,202,2514,N,6.66666666666667,0,5
3175,5,0.898614,216,2506,N,8.33333333333333,0,5
2487,6,0.99429975,239,3175,N,10,0,5
2454,7,0.91941525,221,2487,N,11.6666666666667,0,5
4172,8,1.065024,256,2454,N,13.3333333333333,0,5
5589,9,1.15238925,277,4172,N,15,0,5
4700,10,1.16070975,279,5589,N,16.6666666666667,0,5
4964,11,1.07750475,259,4700,N,18.3333333333333,0,5
4177,12,1.198152,288,4964,N,20,0,5
4558,13,1.24391475,299,4177,N,21.6666666666667,0,5
4950,14,0.582435,140,4558,Y,23.3333333333333,1,5
3417,0,0.82788975,199,NA,N,0,0,6
3601,1,0.848691,204,3417,N,1.66666666666667,0,6
3590,2,0.93605625,225,3601,N,3.33333333333333,0,6
3402,3,0.898614,216,3590,N,5,0,6
3779,4,0.98597925,237,3402,N,6.66666666666667,0,6
4026,5,0.9734985,234,3779,N,8.33333333333333,0,6
3657,6,1.198152,288,4026,N,10,0,6
3864,7,1.0400625,250,3657,N,11.6666666666667,0,6
5664,8,1.1399085,274,3864,N,13.3333333333333,0,6
5973,9,1.27719675,307,5664,N,15,0,6
5406,10,1.18567125,285,5973,N,16.6666666666667,0,6
5715,11,1.29383775,311,5406,N,18.3333333333333,0,6
5006,12,1.3063185,314,5715,N,20,0,6
5343,13,1.61001675,387,5006,N,21.6666666666667,0,6
5814,14,1.49352975,359,5343,N,23.3333333333333,0,6
4648,15,1.46856825,353,5814,N,25,0,6
6686,16,0.815409,196,4648,Y,26.6666666666667,1,6
6793,17,0.8403705,202,6686,N,28.3333333333333,1,6
7418,18,0.981819,236,6793,N,30,1,6
7456,19,0.915255,220,7418,N,31.6666666666667,1,6
6252,20,0.931896,224,7456,N,33.3333333333333,1,6
8196,21,0.9069345,218,6252,N,35,1,6
7937,22,1.02758175,247,8196,N,36.6666666666667,1,6
8187,23,0.9734985,234,7937,N,38.3333333333333,1,6
10896,24,0.98597925,237,8187,N,40,1,6
9182,25,0.99846,240,10896,N,41.6666666666667,1,6
9994,26,1.098306,264,9182,N,43.3333333333333,1,6
10158,27,1.15238925,277,9994,N,45,1,6
8896,28,1.314639,316,10158,N,46.6666666666667,1,6
11144,34,1.82634975,439,8896,N,56.6666666666667,1,6
12024,35,1.8221895,438,11144,N,58.3333333333333,1,6
12492,36,0.7904475,190,12024,Y,60,2,6
12632,37,0.99429975,239,12492,N,61.6666666666667,2,6
2445,0,1.5892155,382,NA,N,0,0,7
2579,1,1.547613,372,2445,N,1.66666666666667,0,7
2470,2,1.73482425,417,2579,N,3.33333333333333,0,7
2515,3,0.798768,192,2470,Y,5,1,7
2524,4,0.76132575,183,2515,N,6.66666666666667,1,7
3177,5,0.90277425,217,2524,N,8.33333333333333,1,7
2493,6,0.9235755,222,3177,N,10,1,7
2459,7,0.8736525,210,2493,N,11.6666666666667,1,7
4175,8,0.9402165,226,2459,N,13.3333333333333,1,7
5596,9,1.0899855,262,4175,N,15,1,7
4704,10,1.01926125,245,5596,N,16.6666666666667,1,7
2451,0,0.95269725,229,NA,N,0,0,8
2585,1,1.31047875,315,2451,N,1.66666666666667,0,8
2475,2,1.3396005,322,2585,N,3.33333333333333,0,8
2517,3,1.51017075,363,2475,N,5,0,8
2529,4,0.73636425,177,2517,Y,6.66666666666667,1,8
3293,5,0.71140275,171,2529,N,8.33333333333333,1,8
2750,6,0.898614,216,3293,N,10,1,8
2468,7,0.7238835,174,2750,N,11.6666666666667,1,8
4181,8,0.74468475,179,2468,N,13.3333333333333,1,8
5609,9,0.87781275,211,4181,N,15,1,8
4710,10,0.81956925,197,5609,N,16.6666666666667,1,8
4978,11,0.8736525,210,4710,N,18.3333333333333,1,8
4187,12,0.96933825,233,4978,N,20,1,8
4571,13,0.96101775,231,4187,N,21.6666666666667,1,8
4969,14,1.05254325,253,4571,N,23.3333333333333,1,8
4165,15,0.981819,236,4969,N,25,1,8
6346,16,0.98597925,237,4165,N,26.6666666666667,1,8
6445,17,1.131588,272,6346,N,28.3333333333333,1,8
6869,18,1.11910725,269,6445,N,30,1,8
6870,19,1.30215825,313,6869,N,31.6666666666667,1,8
6054,20,1.3562415,326,6870,N,33.3333333333333,1,8
7060,21,1.414485,340,6054,N,35,1,8
7508,22,1.5392925,370,7060,N,36.6666666666667,1,8
7782,23,1.3396005,322,7508,N,38.3333333333333,1,8
10665,24,1.314639,316,7782,N,40,1,8
8471,25,1.36040175,327,10665,N,41.6666666666667,1,8
8985,26,0.682281,164,8471,Y,43.3333333333333,2,8
9477,27,0.71972325,173,8985,N,45,2,8
8427,28,0.6906015,166,9477,N,46.6666666666667,2,8
10316,29,0.78628725,189,8427,N,48.3333333333333,2,8
8944,30,0.8070885,194,10316,N,50,2,8
9164,31,0.81124875,195,8944,N,51.6666666666667,2,8
11111,32,0.865332,208,9164,N,53.3333333333333,2,8
11506,33,1.0567035,254,11111,N,55,2,8
11006,34,0.93605625,225,11506,N,56.6666666666667,2,8
12285,36,1.21063275,291,11006,N,60,2,8
12357,37,0.5574735,134,12285,Y,61.6666666666667,3,8
3426,0,0.70308225,169,NA,N,0,0,9
3609,1,0.68644125,165,3426,N,1.66666666666667,0,9
3596,2,0.7904475,190,3609,N,3.33333333333333,0,9
3405,3,0.94437675,227,3596,N,5,0,9
3781,4,0.82788975,199,3405,N,6.66666666666667,0,9
4027,5,0.90277425,217,3781,N,8.33333333333333,0,9
3663,6,1.15238925,277,4027,N,10,0,9
3865,7,0.87781275,211,3663,N,11.6666666666667,0,9
5668,8,0.981819,236,3865,N,13.3333333333333,0,9
5974,9,1.07750475,259,5668,N,15,0,9
5411,10,1.06918425,257,5974,N,16.6666666666667,0,9
5719,11,1.0567035,254,5411,N,18.3333333333333,0,9
5011,12,1.1565495,278,5719,N,20,0,9
5348,13,1.31047875,315,5011,N,21.6666666666667,0,9
5816,14,1.347921,324,5348,N,23.3333333333333,0,9
4654,15,1.43528625,345,5816,N,25,0,9
6688,16,1.46024775,351,4654,N,26.6666666666667,0,9
7582,17,1.5892155,382,6688,N,28.3333333333333,0,9
7423,18,1.50185025,361,7582,N,30,0,9
7461,19,1.43528625,345,7423,N,31.6666666666667,0,9
6253,20,1.680741,404,7461,N,33.3333333333333,0,9
8198,21,1.77642675,427,6253,N,35,0,9
7939,22,1.83051,440,8198,N,36.6666666666667,0,9
8190,23,1.9553175,470,7939,N,38.3333333333333,0,9
10897,24,1.83051,440,8190,N,40,0,9
9190,25,2.03436225,489,10897,N,41.6666666666667,0,9
9996,26,2.146689,516,9190,N,43.3333333333333,0,9
10162,27,1.0899855,262,9996,Y,45,1,9
8899,28,1.06918425,257,10162,N,46.6666666666667,1,9
10551,29,1.0899855,262,8899,N,48.3333333333333,1,9
9479,30,1.11910725,269,10551,N,50,1,9
10133,31,1.1565495,278,9479,N,51.6666666666667,1,9
11515,32,1.23559425,297,10133,N,53.3333333333333,1,9
12103,33,1.30215825,313,11515,N,55,1,9
11689,34,1.40200425,337,12103,N,56.6666666666667,1,9
12609,35,1.55177325,373,11689,N,58.3333333333333,1,9
13058,36,1.55177325,373,12609,N,60,1,9
13107,37,1.464408,352,13058,N,61.6666666666667,1,9
2456,0,0.782127,188,NA,N,0,0,10
2587,1,0.7738065,186,2456,N,1.66666666666667,0,10
2480,2,0.74468475,179,2587,N,3.33333333333333,0,10
2518,3,0.798768,192,2480,N,5,0,10
2535,4,0.7405245,178,2518,N,6.66666666666667,0,10
3298,5,0.782127,188,2535,N,8.33333333333333,0,10
2759,6,0.7904475,190,3298,N,10,0,10
2477,7,0.7238835,174,2759,N,11.6666666666667,0,10
4186,8,0.7405245,178,2477,N,13.3333333333333,0,10
5615,9,0.73636425,177,4186,N,15,0,10
4717,10,0.732204,176,5615,N,16.6666666666667,0,10
4985,11,0.6906015,166,4717,N,18.3333333333333,0,10
4192,12,0.74468475,179,4985,N,20,0,10
4580,13,0.70308225,169,4192,N,21.6666666666667,0,10
4979,14,0.7238835,174,4580,N,23.3333333333333,0,10
4171,15,0.79460775,191,4979,N,25,0,10
6348,16,0.732204,176,4171,N,26.6666666666667,0,10
6449,17,0.79460775,191,6348,N,28.3333333333333,0,10
6873,18,0.77796675,187,6449,N,30,0,10
6874,19,0.7738065,186,6873,N,31.6666666666667,0,10
6056,20,0.83621025,201,6874,N,33.3333333333333,0,10
7068,21,0.86117175,207,6056,N,35,0,10
7514,22,0.82788975,199,7068,N,36.6666666666667,0,10
7786,23,0.86117175,207,7514,N,38.3333333333333,0,10
10667,24,0.898614,216,7786,N,40,0,10
8475,25,0.8736525,210,10667,N,41.6666666666667,0,10
8995,26,0.89445375,215,8475,N,43.3333333333333,0,10
9486,27,0.881973,212,8995,N,45,0,10
8430,28,0.8237295,198,9486,N,46.6666666666667,0,10
10318,29,0.92773575,223,8430,N,48.3333333333333,0,10
8952,30,0.7405245,178,10318,N,50,0,10
9172,31,0.915255,220,8952,N,51.6666666666667,0,10
11116,32,0.881973,212,9172,N,53.3333333333333,0,10
11510,33,1.24391475,299,11116,N,55,0,10
11008,34,1.4893695,358,11510,N,56.6666666666667,0,10
11861,35,1.381203,332,11008,N,58.3333333333333,0,10
12290,36,1.5060105,362,11861,N,60,0,10
12370,37,1.50185025,361,12290,N,61.6666666666667,0,10
3431,0,0.81124875,195,NA,N,0,0,11
3615,1,0.8403705,202,3431,N,1.66666666666667,0,11
3603,2,0.91941525,221,3615,N,3.33333333333333,0,11
3411,3,1.05254325,253,3603,N,5,0,11
3784,4,0.8570115,206,3411,N,6.66666666666667,0,11
4028,5,1.16903025,281,3784,N,8.33333333333333,0,11
3668,6,1.46856825,353,4028,N,10,0,11
3867,7,1.0899855,262,3668,N,11.6666666666667,0,11
5672,8,1.24391475,299,3867,N,13.3333333333333,0,11
5975,9,1.41864525,341,5672,N,15,0,11
5416,10,1.314639,316,5975,N,16.6666666666667,0,11
5724,11,1.43528625,345,5416,N,18.3333333333333,0,11
5016,12,1.597536,384,5724,N,20,0,11
5353,13,1.630818,392,5016,N,21.6666666666667,0,11
5821,14,1.5892155,382,5353,N,23.3333333333333,0,11
4658,15,1.63497825,393,5821,N,25,0,11
6690,16,1.6224975,390,4658,N,26.6666666666667,0,11
7587,17,1.81802925,437,6690,N,28.3333333333333,0,11
7428,18,1.74314475,419,7587,N,30,0,11
7468,19,1.913715,460,7428,N,31.6666666666667,0,11
6255,20,1.8721125,450,7468,N,33.3333333333333,0,11
8203,21,0.94437675,227,6255,Y,35,1,11
7943,22,1.09414575,263,8203,N,36.6666666666667,1,11
8193,23,1.031742,248,7943,N,38.3333333333333,1,11
10899,24,1.1399085,274,8193,N,40,1,11
9198,25,1.10246625,265,10899,N,41.6666666666667,1,11
10000,26,1.16070975,279,9198,N,43.3333333333333,1,11
10169,27,1.22727375,295,10000,N,45,1,11
8915,28,1.2397545,298,10169,N,46.6666666666667,1,11
10555,29,1.347921,324,8915,N,48.3333333333333,1,11
9491,30,1.34376075,323,10555,N,50,1,11
10141,31,1.41864525,341,9491,N,51.6666666666667,1,11
11525,32,1.65993975,399,10141,N,53.3333333333333,1,11
12117,33,1.6058565,386,11525,N,55,1,11
11710,34,0.915255,220,12117,Y,56.6666666666667,2,11
12625,35,0.9402165,226,11710,N,58.3333333333333,2,11
13071,36,0.865332,208,12625,N,60,2,11
13118,37,1.031742,248,13071,N,61.6666666666667,2,11
2460,0,1.02758175,247,NA,N,0,0,12
2593,1,1.0733445,258,2460,N,1.66666666666667,0,12
2485,2,0.9734985,234,2593,N,3.33333333333333,0,12
2519,3,1.1232675,270,2485,N,5,0,12
2540,4,0.965178,232,2519,N,6.66666666666667,0,12
3330,5,0.99846,240,2540,N,8.33333333333333,0,12
2763,6,1.23559425,297,3330,N,10,0,12
2483,7,1.0067805,242,2763,N,11.6666666666667,0,12
4188,8,1.12742775,271,2483,N,13.3333333333333,0,12
5618,9,1.15238925,277,4188,N,15,0,12
4721,10,1.01926125,245,5618,N,16.6666666666667,0,12
5008,11,0.99846,240,4721,N,18.3333333333333,0,12
4195,12,1.11078675,267,5008,N,20,0,12
4584,13,1.05254325,253,4195,N,21.6666666666667,0,12
4984,14,1.0899855,262,4584,N,23.3333333333333,0,12
4174,15,1.015101,244,4984,N,25,0,12
6349,16,1.07750475,259,4174,N,26.6666666666667,0,12
6450,17,1.065024,256,6349,N,28.3333333333333,0,12
6875,18,1.11910725,269,6450,N,30,0,12
6876,19,1.131588,272,6875,N,31.6666666666667,0,12
6057,20,1.05254325,253,6876,N,33.3333333333333,0,12
7070,21,1.02758175,247,6057,N,35,0,12
7517,22,1.065024,256,7070,N,36.6666666666667,0,12
7788,23,0.97765875,235,7517,N,38.3333333333333,0,12
10668,24,0.98597925,237,7788,N,40,0,12
8479,25,1.0234215,246,10668,N,41.6666666666667,0,12
9000,26,1.03590225,249,8479,N,43.3333333333333,0,12
9489,27,1.1399085,274,9000,N,45,0,12
8431,28,0.95269725,229,9489,N,46.6666666666667,0,12
10319,29,1.02758175,247,8431,N,48.3333333333333,0,12
11514,33,0.915255,220,10319,N,55,0,12
11010,34,1.031742,248,11514,N,56.6666666666667,0,12
11865,35,1.16070975,279,11010,N,58.3333333333333,0,12
12296,36,1.04422275,251,11865,N,60,0,12
12375,37,1.065024,256,12296,N,61.6666666666667,0,12
2945,0,0.9901395,238,NA,N,0,0,13
3106,1,1.1731905,282,2945,N,1.66666666666667,0,13
3087,2,1.08582525,261,3106,N,3.33333333333333,0,13
2921,3,1.3728825,330,3087,N,5,0,13
3206,4,1.32711975,319,2921,N,6.66666666666667,0,13
3959,5,1.41032475,339,3206,N,8.33333333333333,0,13
3297,6,1.56841425,377,3959,N,10,0,13
3326,7,1.4727285,354,3297,N,11.6666666666667,0,13
4408,8,1.61001675,387,3326,N,13.3333333333333,0,13
5910,9,1.86795225,449,4408,N,15,0,13
5155,10,1.83467025,441,5910,N,16.6666666666667,0,13
5387,11,1.74314475,419,5155,N,18.3333333333333,0,13
4682,12,0.91109475,219,5387,Y,20,1,13
5007,13,1.0899855,262,4682,N,21.6666666666667,1,13
2465,0,0.98597925,237,NA,N,0,0,14
2597,1,1.01926125,245,2465,N,1.66666666666667,0,14
2490,2,1.01926125,245,2597,N,3.33333333333333,0,14
2520,3,1.0234215,246,2490,N,5,0,14
2544,4,1.12742775,271,2520,N,6.66666666666667,0,14
3674,5,1.1898315,286,2544,N,8.33333333333333,0,14
2768,6,1.31047875,315,3674,N,10,0,14
2489,7,1.33544025,321,2768,N,11.6666666666667,0,14
4193,8,1.364562,328,2489,N,13.3333333333333,0,14
5622,9,1.547613,372,4193,N,15,0,14
4727,10,1.514331,364,5622,N,16.6666666666667,0,14
5014,11,1.6557795,398,4727,N,18.3333333333333,0,14
4199,12,1.51849125,365,5014,N,20,0,14
4594,13,0.798768,192,4199,Y,21.6666666666667,1,14
4990,14,0.91109475,219,4594,N,23.3333333333333,1,14
4179,15,0.90277425,217,4990,N,25,1,14
6351,16,1.05254325,253,4179,N,26.6666666666667,1,14
6452,17,0.98597925,237,6351,N,28.3333333333333,1,14
6879,18,1.04422275,251,6452,N,30,1,14
6880,19,1.098306,264,6879,N,31.6666666666667,1,14
6059,20,1.1066265,266,6880,N,33.3333333333333,1,14
7076,21,1.181511,284,6059,N,35,1,14
7523,22,1.2730365,306,7076,N,36.6666666666667,1,14
7791,23,1.21895325,293,7523,N,38.3333333333333,1,14
10670,24,1.25223525,301,7791,N,40,1,14
8484,25,1.3063185,314,10670,N,41.6666666666667,1,14
9014,26,1.41864525,341,8484,N,43.3333333333333,1,14
9501,27,1.4560875,350,9014,N,45,1,14
3438,0,1.22727375,295,NA,N,0,0,15
3623,1,1.381203,332,3438,N,1.66666666666667,0,15
3611,2,1.2563955,302,3623,N,3.33333333333333,0,15
3424,3,1.5392925,370,3611,N,5,0,15
3789,4,1.481049,356,3424,N,6.66666666666667,0,15
4030,5,0.7571655,182,3789,Y,8.33333333333333,1,15
2951,0,0.78628725,189,NA,N,0,0,16
3113,1,0.76964625,185,2951,N,1.66666666666667,0,16
3094,2,0.765486,184,3113,N,3.33333333333333,0,16
2926,3,0.79460775,191,3094,N,5,0,16
3211,4,0.90277425,217,2926,N,6.66666666666667,0,16
3960,5,0.931896,224,3211,N,8.33333333333333,0,16
3299,6,0.9235755,222,3960,N,10,0,16
3329,7,0.815409,196,3299,N,11.6666666666667,0,16
4409,8,0.90277425,217,3329,N,13.3333333333333,0,16
5911,9,0.8902935,214,4409,N,15,0,16
5159,10,0.91109475,219,5911,N,16.6666666666667,0,16
5391,11,0.96101775,231,5159,N,18.3333333333333,0,16
4686,12,0.99846,240,5391,N,20,0,16
5017,13,1.031742,248,4686,N,21.6666666666667,0,16
5460,14,1.02758175,247,5017,N,23.3333333333333,0,16
4407,15,1.1232675,270,5460,N,25,0,16
6530,16,1.198152,288,4407,N,26.6666666666667,0,16
6653,17,1.21895325,293,6530,N,28.3333333333333,0,16
7160,18,1.36040175,327,6653,N,30,0,16
7177,19,1.36872225,329,7160,N,31.6666666666667,0,16
6171,20,1.564254,376,7177,N,33.3333333333333,0,16
7531,21,1.6890615,406,6171,N,35,0,16
7776,22,1.7223435,414,7531,N,36.6666666666667,0,16
8040,23,1.7889075,430,7776,N,38.3333333333333,0,16
10799,24,1.85131125,445,8040,N,40,0,16
8791,25,0.798768,192,10799,Y,41.6666666666667,1,16
9660,26,0.88613325,213,8791,N,43.3333333333333,1,16
2471,0,1.29383775,311,NA,N,0,0,17
2604,1,1.347921,324,2471,N,1.66666666666667,0,17
2499,2,1.414485,340,2604,N,3.33333333333333,0,17
2523,3,1.42696575,343,2499,N,5,0,17
2555,4,1.54345275,371,2523,N,6.66666666666667,0,17
3690,5,1.6557795,398,2555,N,8.33333333333333,0,17
2780,6,1.7556255,422,3690,N,10,0,17
2503,7,0.8237295,198,2780,Y,11.6666666666667,1,17
4198,8,0.782127,188,2503,N,13.3333333333333,1,17
5629,9,0.71972325,173,4198,N,15,1,17
4735,10,0.76132575,183,5629,N,16.6666666666667,1,17
5021,11,0.74468475,179,4735,N,18.3333333333333,1,17
4205,12,0.89445375,215,5021,N,20,1,17
4610,13,1.031742,248,4205,N,21.6666666666667,1,17
5000,14,0.9734985,234,4610,N,23.3333333333333,1,17
4185,15,0.86949225,209,5000,N,25,1,17
6353,16,0.948537,228,4185,N,26.6666666666667,1,17
6453,17,1.01094075,243,6353,N,28.3333333333333,1,17
6884,18,1.09414575,263,6453,N,30,1,17
6881,19,1.181511,284,6884,N,31.6666666666667,1,17
6060,20,1.06086375,255,6881,N,33.3333333333333,1,17
7080,21,1.11910725,269,6060,N,35,1,17
7525,22,1.098306,264,7080,N,36.6666666666667,1,17
7794,23,0.9235755,222,7525,N,38.3333333333333,1,17
10671,24,1.081665,260,7794,N,40,1,17
8488,25,1.09414575,263,10671,N,41.6666666666667,1,17
9020,26,1.16070975,279,8488,N,43.3333333333333,1,17
9507,27,1.18567125,285,9020,N,45,1,17
8434,28,1.3562415,326,9507,N,46.6666666666667,1,17
10321,29,1.3396005,322,8434,N,48.3333333333333,1,17
9007,30,0.74468475,179,10321,Y,50,2,17
9184,31,0.7738065,186,9007,N,51.6666666666667,2,17
11119,32,0.79460775,191,9184,N,53.3333333333333,2,17
11519,33,0.732204,176,11119,N,55,2,17
11015,34,0.8070885,194,11519,N,56.6666666666667,2,17
11878,35,1.015101,244,11015,N,58.3333333333333,2,17
12305,36,1.20231225,289,11878,N,60,2,17
2955,0,0.85285125,205,NA,N,0,0,18
3116,1,0.8736525,210,2955,N,1.66666666666667,0,18
3099,2,0.86949225,209,3116,N,3.33333333333333,0,18
2930,3,0.9069345,218,3099,N,5,0,18
3216,4,0.898614,216,2930,N,6.66666666666667,0,18
3961,5,0.94437675,227,3216,N,8.33333333333333,0,18
3301,6,1.08582525,261,3961,N,10,0,18
3502,7,1.031742,248,3301,N,11.6666666666667,0,18
4411,8,1.098306,264,3502,N,13.3333333333333,0,18
5912,9,1.1232675,270,4411,N,15,0,18
5163,10,1.1731905,282,5912,N,16.6666666666667,0,18
5395,11,1.3396005,322,5163,N,18.3333333333333,0,18
4690,12,1.33544025,321,5395,N,20,0,18
5024,13,1.464408,352,4690,N,21.6666666666667,0,18
5470,14,1.597536,384,5024,N,23.3333333333333,0,18
4410,15,1.7389845,418,5470,N,25,0,18
6532,16,1.58505525,381,4410,N,26.6666666666667,0,18
6655,17,1.7057025,410,6532,N,28.3333333333333,0,18
7166,18,0.748845,180,6655,Y,30,1,18
7183,19,0.83205,200,7166,N,31.6666666666667,1,18
6173,20,0.782127,188,7183,N,33.3333333333333,1,18
7536,21,0.85285125,205,6173,N,35,1,18
7781,22,0.82788975,199,7536,N,36.6666666666667,1,18
8042,23,0.9235755,222,7781,N,38.3333333333333,1,18
10801,24,0.87781275,211,8042,N,40,1,18
8800,25,0.9402165,226,10801,N,41.6666666666667,1,18
9671,26,0.87781275,211,8800,N,43.3333333333333,1,18
9969,27,1.02758175,247,9671,N,45,1,18
10444,29,1.05254325,253,9969,N,48.3333333333333,1,18
11173,34,1.29383775,311,10444,N,56.6666666666667,1,18
12055,35,1.297998,312,11173,N,58.3333333333333,1,18
12569,36,0.682281,164,12055,Y,60,2,18
12722,37,0.78628725,189,12569,N,61.6666666666667,2,18
3443,0,1.07750475,259,NA,N,0,0,19
3628,1,1.31879925,317,3443,N,1.66666666666667,0,19
3616,2,1.38536325,333,3628,N,3.33333333333333,0,19
3429,3,1.4228055,342,3616,N,5,0,19
3792,4,1.3728825,330,3429,N,6.66666666666667,0,19
4031,5,1.70154225,409,3792,N,8.33333333333333,0,19
3679,6,1.95115725,469,4031,N,10,0,19
3870,7,0.7904475,190,3679,Y,11.6666666666667,1,19
5684,8,0.92773575,223,3870,N,13.3333333333333,1,19
5978,9,0.99846,240,5684,N,15,1,19
5427,10,1.05254325,253,5978,N,16.6666666666667,1,19
5736,11,1.03590225,249,5427,N,18.3333333333333,1,19
5032,12,1.19399175,287,5736,N,20,1,19
5380,13,1.30215825,313,5032,N,21.6666666666667,1,19
5829,14,1.2231135,294,5380,N,23.3333333333333,1,19
4670,15,1.23559425,297,5829,N,25,1,19
6697,16,1.26055575,303,4670,N,26.6666666666667,1,19
7606,17,1.38536325,333,6697,N,28.3333333333333,1,19
7446,18,1.4061645,338,7606,N,30,1,19
7489,19,1.3895235,334,7446,N,31.6666666666667,1,19
6259,20,1.47688875,355,7489,N,33.3333333333333,1,19
8262,21,1.64329875,395,6259,N,35,1,19
7952,22,1.90955475,459,8262,N,36.6666666666667,1,19
8202,23,1.51017075,363,7952,N,38.3333333333333,1,19
10904,24,0.83205,200,8202,Y,40,2,19
9211,25,0.765486,184,10904,N,41.6666666666667,2,19
10013,26,0.71140275,171,9211,N,43.3333333333333,2,19
10182,27,0.87781275,211,10013,N,45,2,19
8933,28,0.8403705,202,10182,N,46.6666666666667,2,19
10564,29,0.96101775,231,8933,N,48.3333333333333,2,19
9514,30,0.9235755,222,10564,N,50,2,19
10157,31,1.2064725,290,9514,N,51.6666666666667,2,19
11535,32,1.214793,292,10157,N,53.3333333333333,2,19
12144,33,1.26887625,305,11535,N,55,2,19
11729,34,1.61001675,387,12144,N,56.6666666666667,2,19
12646,35,1.7057025,410,11729,N,58.3333333333333,2,19
13084,36,0.948537,228,12646,Y,60,3,19
13128,37,0.71972325,173,13084,N,61.6666666666667,3,19
3445,0,0.51171075,123,NA,N,0,0,20
3631,1,0.5241915,126,3445,N,1.66666666666667,0,20
3620,2,0.515871,124,3631,N,3.33333333333333,0,20
3432,3,0.599076,144,3620,N,5,0,20
3797,4,0.56163375,135,3432,N,6.66666666666667,0,20
4032,5,0.5907555,142,3797,N,8.33333333333333,0,20
3683,6,0.565794,136,4032,N,10,0,20
3871,7,0.57827475,139,3683,N,11.6666666666667,0,20
5687,8,0.55331325,133,3871,N,13.3333333333333,0,20
5979,9,0.5907555,142,5687,N,15,0,20
5432,10,0.549153,132,5979,N,16.6666666666667,0,20
5738,11,0.5741145,138,5432,N,18.3333333333333,0,20
5037,12,0.6240375,150,5738,N,20,0,20
5383,13,0.74468475,179,5037,N,21.6666666666667,0,20
5832,14,0.57827475,139,5383,N,23.3333333333333,0,20
4673,15,0.582435,140,5832,N,25,0,20
6698,16,0.582435,140,4673,N,26.6666666666667,0,20
7609,17,0.58659525,141,6698,N,28.3333333333333,0,20
7447,18,0.54499275,131,7609,N,30,0,20
7493,19,0.49506975,119,7447,N,31.6666666666667,0,20
6260,20,0.5907555,142,7493,N,33.3333333333333,0,20
8263,21,0.52835175,127,6260,N,35,0,20
7954,22,0.5907555,142,8263,N,36.6666666666667,0,20
8204,23,0.52835175,127,7954,N,38.3333333333333,0,20
10906,24,0.5241915,126,8204,N,40,0,20
9217,25,0.4909095,118,10906,N,41.6666666666667,0,20
10017,26,0.52003125,125,9217,N,43.3333333333333,0,20
10185,27,0.515871,124,10017,N,45,0,20
8941,28,0.45346725,109,10185,N,46.6666666666667,0,20
10565,29,0.45346725,109,8941,N,48.3333333333333,0,20
11386,34,0.5574735,134,10565,N,56.6666666666667,0,20
12334,35,0.3744225,90,11386,N,58.3333333333333,0,20
12802,36,0.43682625,105,12334,N,60,0,20
12893,37,0.43682625,105,12802,N,61.6666666666667,0,20
2960,0,0.84453075,203,NA,N,0,0,21
3120,1,0.732204,176,2960,N,1.66666666666667,0,21
3174,2,0.798768,192,3120,N,3.33333333333333,0,21
2935,3,0.732204,176,3174,N,5,0,21
3221,4,0.87781275,211,2935,N,6.66666666666667,0,21
3962,5,1.0733445,258,3221,N,8.33333333333333,0,21
3303,6,1.048383,252,3962,N,10,0,21
3508,7,1.13574825,273,3303,N,11.6666666666667,0,21
4414,8,1.2231135,294,3508,N,13.3333333333333,0,21
5913,9,1.19399175,287,4414,N,15,0,21
5170,10,1.24391475,299,5913,N,16.6666666666667,0,21
2479,0,0.6573195,158,NA,N,0,0,22
2609,1,0.6573195,158,2479,N,1.66666666666667,0,22
2502,2,0.582435,140,2609,N,3.33333333333333,0,22
2525,3,0.66564,160,2502,N,5,0,22
2559,4,0.59491575,143,2525,N,6.66666666666667,0,22
3695,5,0.61155675,147,2559,N,8.33333333333333,0,22
2783,6,0.71972325,173,3695,N,10,0,22
2564,7,0.6240375,150,2783,N,11.6666666666667,0,22
4203,8,0.61987725,149,2564,N,13.3333333333333,0,22
5635,9,0.65315925,157,4203,N,15,0,22
4742,10,0.62819775,151,5635,N,16.6666666666667,0,22
5030,11,0.64483875,155,4742,N,18.3333333333333,0,22
4214,12,0.76964625,185,5030,N,20,0,22
4618,13,0.7238835,174,4214,N,21.6666666666667,0,22
5012,14,0.66147975,159,4618,N,23.3333333333333,0,22
4191,15,0.815409,196,5012,N,25,0,22
6355,16,0.8070885,194,4191,N,26.6666666666667,0,22
6456,17,0.72804375,175,6355,N,28.3333333333333,0,22
6888,18,0.66564,160,6456,N,30,0,22
6885,19,0.648999,156,6888,N,31.6666666666667,0,22
6062,20,0.7238835,174,6885,N,33.3333333333333,0,22
7087,21,0.72804375,175,6062,N,35,0,22
7530,22,0.74468475,179,7087,N,36.6666666666667,0,22
7800,23,0.70308225,169,7530,N,38.3333333333333,0,22
10673,24,0.76132575,183,7800,N,40,0,22
8494,25,0.7405245,178,10673,N,41.6666666666667,0,22
9036,26,0.75300525,181,8494,N,43.3333333333333,0,22
9519,27,0.81956925,197,9036,N,45,0,22
8439,28,0.8237295,198,9519,N,46.6666666666667,0,22
10324,29,0.86949225,209,8439,N,48.3333333333333,0,22
11524,33,0.8070885,194,10324,N,55,0,22
11018,34,1.0733445,258,11524,N,56.6666666666667,0,22
11884,35,1.02758175,247,11018,N,58.3333333333333,0,22
12315,36,0.7904475,190,11884,N,60,0,22
12399,37,0.9734985,234,12315,N,61.6666666666667,0,22
2966,0,0.948537,228,NA,N,0,0,23
3124,1,0.931896,224,2966,N,1.66666666666667,0,23
3182,2,1.05254325,253,3124,N,3.33333333333333,0,23
3070,3,1.015101,244,3182,N,5,0,23
3226,4,1.0733445,258,3070,N,6.66666666666667,0,23
3963,5,1.13574825,273,3226,N,8.33333333333333,0,23
3306,6,1.33544025,321,3963,N,10,0,23
3516,7,1.22727375,295,3306,N,11.6666666666667,0,23
4415,8,1.3396005,322,3516,N,13.3333333333333,0,23
5915,9,1.32711975,319,4415,N,15,0,23
5179,10,1.44360675,347,5915,N,16.6666666666667,0,23
5403,11,1.464408,352,5179,N,18.3333333333333,0,23
4698,12,1.530972,368,5403,N,20,0,23
5035,13,1.61001675,387,4698,N,21.6666666666667,0,23
5485,14,1.56841425,377,5035,N,23.3333333333333,0,23
4413,15,1.514331,364,5485,N,25,0,23
6536,16,1.697382,408,4413,N,26.6666666666667,0,23
6659,17,1.6641,400,6536,N,28.3333333333333,0,23
7175,18,1.647459,396,6659,N,30,0,23
7190,19,1.70154225,409,7175,N,31.6666666666667,0,23
6176,20,1.880433,452,7190,N,33.3333333333333,0,23
7546,21,2.07596475,499,6176,N,35,0,23
7790,22,2.179971,524,7546,N,36.6666666666667,0,23
8046,23,2.23405425,537,7790,N,38.3333333333333,0,23
10805,24,2.30893875,555,8046,N,40,0,23
8814,25,1.05254325,253,10805,Y,41.6666666666667,1,23
9691,26,1.06918425,257,8814,N,43.3333333333333,1,23
9979,27,1.2896775,310,9691,N,45,1,23
8671,28,1.20231225,289,9979,N,46.6666666666667,1,23
10450,29,1.2231135,294,8671,N,48.3333333333333,1,23
8748,30,1.264716,304,10450,N,50,1,23
9714,31,1.31879925,317,8748,N,51.6666666666667,1,23
11323,32,1.397844,336,9714,N,53.3333333333333,1,23
11866,33,1.447767,348,11323,N,55,1,23
11350,34,1.5226515,366,11866,N,56.6666666666667,1,23
12241,35,1.6641,400,11350,N,58.3333333333333,1,23
12749,36,1.55177325,373,12241,N,60,1,23
12858,37,1.83051,440,12749,N,61.6666666666667,1,23
3450,0,0.89445375,215,NA,N,0,0,24
3636,1,1.031742,248,3450,N,1.66666666666667,0,24
3624,2,1.02758175,247,3636,N,3.33333333333333,0,24
3436,3,0.99846,240,3624,N,5,0,24
3801,4,0.9069345,218,3436,N,6.66666666666667,0,24
4033,5,1.24391475,299,3801,N,8.33333333333333,0,24
3686,6,1.15238925,277,4033,N,10,0,24
3872,7,1.33128,320,3686,N,11.6666666666667,0,24
5691,8,1.314639,316,3872,N,13.3333333333333,0,24
5980,9,1.431126,344,5691,N,15,0,24
5438,10,1.564254,376,5980,N,16.6666666666667,0,24
5742,11,0.765486,184,5438,Y,18.3333333333333,1,24
5042,12,0.8736525,210,5742,N,20,1,24
5386,13,1.09414575,263,5042,N,21.6666666666667,1,24
5835,14,0.981819,236,5386,N,23.3333333333333,1,24
4677,15,1.01926125,245,5835,N,25,1,24
6700,16,1.0567035,254,4677,N,26.6666666666667,1,24
7612,17,1.11078675,267,6700,N,28.3333333333333,1,24
7451,18,0.981819,236,7612,N,30,1,24
7496,19,1.065024,256,7451,N,31.6666666666667,1,24
6261,20,1.11078675,267,7496,N,33.3333333333333,1,24
8264,21,1.114947,268,6261,N,35,1,24
7956,22,1.32711975,319,8264,N,36.6666666666667,1,24
8206,23,1.16070975,279,7956,N,38.3333333333333,1,24
10907,24,1.397844,336,8206,N,40,1,24
9219,25,1.3396005,322,10907,N,41.6666666666667,1,24
10019,26,1.447767,348,9219,N,43.3333333333333,1,24
10186,27,1.2397545,298,10019,N,45,1,24
8946,28,1.3895235,334,10186,N,46.6666666666667,1,24
10566,29,1.46024775,351,8946,N,48.3333333333333,1,24
9521,30,0.67812075,163,10566,Y,50,2,24
10159,31,0.71972325,173,9521,N,51.6666666666667,2,24
11537,32,0.71140275,171,10159,N,53.3333333333333,2,24
12147,33,0.81124875,195,11537,N,55,2,24
11732,34,0.8403705,202,12147,N,56.6666666666667,2,24
12649,35,0.7238835,174,11732,N,58.3333333333333,2,24
13086,36,0.68644125,165,12649,N,60,2,24
13132,37,0.66564,160,13086,N,61.6666666666667,2,24
2486,0,0.3910635,94,NA,N,0,0,25
2618,1,0.3244995,78,2486,N,1.66666666666667,0,25
2510,2,0.40354425,97,2618,N,3.33333333333333,0,25
2531,3,0.45346725,109,2510,N,5,0,25
2560,4,0.37858275,91,2531,N,6.66666666666667,0,25
3701,5,0.432666,104,2560,N,8.33333333333333,0,25
2788,6,0.515871,124,3701,N,10,0,25
2568,7,0.416025,100,2788,N,11.6666666666667,0,25
4204,8,0.416025,100,2568,N,13.3333333333333,0,25
5638,9,0.482589,116,4204,N,15,0,25
4745,10,0.39522375,95,5638,N,16.6666666666667,0,25
5033,11,0.4077045,98,4745,N,18.3333333333333,0,25
4216,12,0.4077045,98,5033,N,20,0,25
4622,13,0.44514675,107,4216,N,21.6666666666667,0,25
5015,14,0.47842875,115,4622,N,23.3333333333333,0,25
4194,15,0.4409865,106,5015,N,25,0,25
6356,16,0.366102,88,4194,N,26.6666666666667,0,25
6457,17,0.4909095,118,6356,N,28.3333333333333,0,25
6889,18,0.41186475,99,6457,N,30,0,25
6886,19,0.39522375,95,6889,N,31.6666666666667,0,25
6063,20,0.49506975,119,6886,N,33.3333333333333,0,25
7090,21,0.4243455,102,6063,N,35,0,25
7532,22,0.51171075,123,7090,N,36.6666666666667,0,25
7801,23,0.42018525,101,7532,N,38.3333333333333,0,25
10674,24,0.4909095,118,7801,N,40,0,25
8496,25,0.382743,92,10674,N,41.6666666666667,0,25
9041,26,0.4576275,110,8496,N,43.3333333333333,0,25
9523,27,0.37026225,89,9041,N,45,0,25
10325,29,0.366102,88,9523,N,48.3333333333333,0,25
9027,30,0.3078585,74,10325,N,50,0,25
9199,31,0.31201875,75,9027,N,51.6666666666667,0,25
11124,32,0.33282,80,9199,N,53.3333333333333,0,25
11526,33,0.33698025,81,11124,N,55,0,25
11019,34,0.4409865,106,11526,N,56.6666666666667,0,25
11886,35,0.3411405,82,11019,N,58.3333333333333,0,25
12316,36,0.4077045,98,11886,N,60,0,25
2978,0,1.31879925,317,NA,N,0,0,26
3133,1,1.3895235,334,2978,N,1.66666666666667,0,26
3190,2,1.50185025,361,3133,N,3.33333333333333,0,26
3075,3,1.514331,364,3190,N,5,0,26
3232,4,1.59337575,383,3075,N,6.66666666666667,0,26
3964,5,1.78474725,429,3232,N,8.33333333333333,0,26
3309,6,1.48520925,357,3964,N,10,0,26
3520,7,0.76132575,183,3309,Y,11.6666666666667,1,26
4417,8,0.81124875,195,3520,N,13.3333333333333,1,26
2491,0,1.09414575,263,NA,N,0,0,27
2623,1,1.0733445,258,2491,N,1.66666666666667,0,27
2522,2,1.14406875,275,2623,N,3.33333333333333,0,27
2534,3,1.41032475,339,2522,N,5,0,27
2565,4,1.1731905,282,2534,N,6.66666666666667,0,27
3707,5,1.397844,336,2565,N,8.33333333333333,0,27
2792,6,1.53513225,369,3707,N,10,0,27
2573,7,1.414485,340,2792,N,11.6666666666667,0,27
4209,8,1.564254,376,2573,N,13.3333333333333,0,27
5644,9,1.62665775,391,4209,N,15,0,27
4749,10,1.69322175,407,5644,N,16.6666666666667,0,27
5041,11,1.66826025,401,4749,N,18.3333333333333,0,27
4220,12,1.84299075,443,5041,N,20,0,27
4630,13,2.096766,504,4220,N,21.6666666666667,0,27
5022,14,1.9386765,466,4630,N,23.3333333333333,0,27
4197,15,2.013561,484,5022,N,25,0,27
6357,16,2.05100325,493,4197,N,26.6666666666667,0,27
6460,17,2.2548555,542,6357,N,28.3333333333333,0,27
6892,18,2.14252875,515,6460,N,30,0,27
6890,19,2.196612,528,6892,N,31.6666666666667,0,27
6064,20,0.981819,236,6890,Y,33.3333333333333,1,27
7093,21,1.11910725,269,6064,N,35,1,27
7535,22,1.26887625,305,7093,N,36.6666666666667,1,27
7805,23,1.16487,280,7535,N,38.3333333333333,1,27
10675,24,1.16070975,279,7805,N,40,1,27
8498,25,0.99429975,239,10675,N,41.6666666666667,1,27
9046,26,1.131588,272,8498,N,43.3333333333333,1,27
9526,27,1.26055575,303,9046,N,45,1,27
8441,28,1.4727285,354,9526,N,46.6666666666667,1,27
10326,29,1.547613,372,8441,N,48.3333333333333,1,27
9032,30,1.4560875,350,10326,N,50,1,27
9207,31,1.7389845,418,9032,N,51.6666666666667,1,27
2494,0,0.9235755,222,NA,N,0,0,28
2625,1,0.90277425,217,2494,N,1.66666666666667,0,28
2527,2,1.0567035,254,2625,N,3.33333333333333,0,28
2538,3,1.114947,268,2527,N,5,0,28
2571,4,1.11910725,269,2538,N,6.66666666666667,0,28
3712,5,1.198152,288,2571,N,8.33333333333333,0,28
2796,6,1.31047875,315,3712,N,10,0,28
2578,7,1.22727375,295,2796,N,11.6666666666667,0,28
4212,8,1.2397545,298,2578,N,13.3333333333333,0,28
5648,9,1.364562,328,4212,N,15,0,28
4756,10,1.2730365,306,5648,N,16.6666666666667,0,28
5046,11,1.47688875,355,4756,N,18.3333333333333,0,28
4222,12,1.41864525,341,5046,N,20,0,28
4634,13,1.447767,348,4222,N,21.6666666666667,0,28
5029,14,1.43528625,345,4634,N,23.3333333333333,0,28
4201,15,1.61833725,389,5029,N,25,0,28
6358,16,1.5559335,374,4201,N,26.6666666666667,0,28
6462,17,1.47688875,355,6358,N,28.3333333333333,0,28
6895,18,1.930356,464,6462,N,30,0,28
6891,19,0.9734985,234,6895,Y,31.6666666666667,1,28
6066,20,0.99429975,239,6891,N,33.3333333333333,1,28
7100,21,0.9402165,226,6066,N,35,1,28
7541,22,1.1066265,266,7100,N,36.6666666666667,1,28
7809,23,0.97765875,235,7541,N,38.3333333333333,1,28
10677,24,0.97765875,235,7809,N,40,1,28
8502,25,0.9901395,238,10677,N,41.6666666666667,1,28
9060,26,0.99429975,239,8502,N,43.3333333333333,1,28
9534,27,0.99429975,239,9060,N,45,1,28
8445,28,1.1399085,274,9534,N,46.6666666666667,1,28
10328,29,1.24391475,299,8445,N,48.3333333333333,1,28
9047,30,1.27719675,307,10328,N,50,1,28
9305,31,1.4061645,338,9047,N,51.6666666666667,1,28
11134,32,1.50185025,361,9305,N,53.3333333333333,1,28
11531,33,1.86795225,449,11134,N,55,1,28
11021,34,1.41864525,341,11531,N,56.6666666666667,1,28
11891,35,1.530972,368,11021,N,58.3333333333333,1,28
12325,36,1.7389845,418,11891,N,60,1,28
12407,37,0.865332,208,12325,Y,61.6666666666667,2,28
2984,0,0.8902935,214,NA,N,0,0,29
3140,1,0.87781275,211,2984,N,1.66666666666667,0,29
3231,2,0.95269725,229,3140,N,3.33333333333333,0,29
3080,3,1.031742,248,3231,N,5,0,29
3237,4,0.97765875,235,3080,N,6.66666666666667,0,29
3965,5,1.0067805,242,3237,N,8.33333333333333,0,29
3312,6,1.07750475,259,3965,N,10,0,29
3532,7,1.03590225,249,3312,N,11.6666666666667,0,29
4421,8,1.11910725,269,3532,N,13.3333333333333,0,29
5917,9,1.21063275,291,4421,N,15,0,29
5188,10,1.30215825,313,5917,N,16.6666666666667,0,29
5413,11,1.33128,320,5188,N,18.3333333333333,0,29
4712,12,1.381203,332,5413,N,20,0,29
5045,13,1.4560875,350,4712,N,21.6666666666667,0,29
5497,14,1.54345275,371,5045,N,23.3333333333333,0,29
4418,15,1.64329875,395,5497,N,25,0,29
6540,16,1.7057025,410,4418,N,26.6666666666667,0,29
6664,17,1.80970875,435,6540,N,28.3333333333333,0,29
7182,18,1.780587,428,6664,N,30,0,29
7196,19,0.6573195,158,7182,Y,31.6666666666667,1,29
6177,20,0.7405245,178,7196,N,33.3333333333333,1,29
7549,21,0.715563,172,6177,N,35,1,29
7792,22,0.7904475,190,7549,N,36.6666666666667,1,29
8048,23,0.8237295,198,7792,N,38.3333333333333,1,29
10807,24,0.815409,196,8048,N,40,1,29
8820,25,1.02758175,247,10807,N,41.6666666666667,1,29
2497,0,0.8070885,194,NA,N,0,0,30
2631,1,0.965178,232,2497,N,1.66666666666667,0,30
2530,2,0.9235755,222,2631,N,3.33333333333333,0,30
2541,3,0.99429975,239,2530,N,5,0,30
2577,4,0.915255,220,2541,N,6.66666666666667,0,30
3715,5,0.948537,228,2577,N,8.33333333333333,0,30
2802,6,1.2563955,302,3715,N,10,0,30
2582,7,1.01926125,245,2802,N,11.6666666666667,0,30
4215,8,1.04422275,251,2582,N,13.3333333333333,0,30
5652,9,1.28551725,309,4215,N,15,0,30
4759,10,1.11078675,267,5652,N,16.6666666666667,0,30
5051,11,1.24391475,299,4759,N,18.3333333333333,0,30
4225,12,1.22727375,295,5051,N,20,0,30
4638,13,1.297998,312,4225,N,21.6666666666667,0,30
5034,14,1.38536325,333,4638,N,23.3333333333333,0,30
4206,15,1.54345275,371,5034,N,25,0,30
6359,16,1.580895,380,4206,N,26.6666666666667,0,30
6464,17,1.65161925,397,6359,N,28.3333333333333,0,30
6897,18,0.68644125,165,6464,Y,30,1,30
3456,0,1.64329875,395,NA,N,0,0,31
3656,1,1.61001675,387,3456,N,1.66666666666667,0,31
3629,2,1.41032475,339,3656,N,3.33333333333333,0,31
3449,3,1.90955475,459,3629,N,5,0,31
3810,4,0.75300525,181,3449,Y,6.66666666666667,1,31
4035,5,0.8403705,202,3810,N,8.33333333333333,1,31
3698,6,1.065024,256,4035,N,10,1,31
3874,7,0.76132575,183,3698,N,11.6666666666667,1,31
5699,8,0.9069345,218,3874,N,13.3333333333333,1,31
5982,9,0.8403705,202,5699,N,15,1,31
5453,10,0.8570115,206,5982,N,16.6666666666667,1,31
5754,11,0.848691,204,5453,N,18.3333333333333,1,31
5058,12,0.948537,228,5754,N,20,1,31
5398,13,1.015101,244,5058,N,21.6666666666667,1,31
5843,14,0.96933825,233,5398,N,23.3333333333333,1,31
4688,15,1.03590225,249,5843,N,25,1,31
6706,16,1.181511,284,4688,N,26.6666666666667,1,31
7621,17,1.248075,300,6706,N,28.3333333333333,1,31
7459,18,1.28551725,309,7621,N,30,1,31
7507,19,1.381203,332,7459,N,31.6666666666667,1,31
6263,20,1.55177325,373,7507,N,33.3333333333333,1,31
8266,21,1.464408,352,6263,N,35,1,31
7960,22,1.7223435,414,8266,N,36.6666666666667,1,31
8212,23,1.62665775,391,7960,N,38.3333333333333,1,31
10911,24,0.96101775,231,8212,Y,40,2,31
9230,25,0.83205,200,10911,N,41.6666666666667,2,31
10025,26,0.9235755,222,9230,N,43.3333333333333,2,31
10192,27,1.01094075,243,10025,N,45,2,31
8958,28,1.01926125,245,10192,N,46.6666666666667,2,31
10569,29,1.02758175,247,8958,N,48.3333333333333,2,31
9532,30,1.1066265,266,10569,N,50,2,31
10166,31,1.02758175,247,9532,N,51.6666666666667,2,31
11544,32,1.281357,308,10166,N,53.3333333333333,2,31
12161,33,1.297998,312,11544,N,55,2,31
11743,34,1.36040175,327,12161,N,56.6666666666667,2,31
12663,35,1.41032475,339,11743,N,58.3333333333333,2,31
13095,36,1.481049,356,12663,N,60,2,31
13138,37,0.79460775,191,13095,Y,61.6666666666667,3,31
2990,0,0.90277425,217,NA,N,0,0,32
3145,1,0.87781275,211,2990,N,1.66666666666667,0,32
3235,2,0.88613325,213,3145,N,3.33333333333333,0,32
3086,3,0.965178,232,3235,N,5,0,32
3241,4,0.8570115,206,3086,N,6.66666666666667,0,32
3966,5,0.9069345,218,3241,N,8.33333333333333,0,32
3315,6,1.081665,260,3966,N,10,0,32
3538,7,0.881973,212,3315,N,11.6666666666667,0,32
4422,8,0.915255,220,3538,N,13.3333333333333,0,32
5918,9,1.048383,252,4422,N,15,0,32
5190,10,0.915255,220,5918,N,16.6666666666667,0,32
5418,11,0.90277425,217,5190,N,18.3333333333333,0,32
4716,12,1.08582525,261,5418,N,20,0,32
5050,13,1.1565495,278,4716,N,21.6666666666667,0,32
5502,14,0.85285125,205,5050,N,23.3333333333333,0,32
4420,15,0.92773575,223,5502,N,25,0,32
6542,16,0.98597925,237,4420,N,26.6666666666667,0,32
6666,17,1.06086375,255,6542,N,28.3333333333333,0,32
7184,18,0.8736525,210,6666,N,30,0,32
7201,19,0.81124875,195,7184,N,31.6666666666667,0,32
6179,20,1.065024,256,7201,N,33.3333333333333,0,32
7555,21,0.965178,232,6179,N,35,0,32
7795,22,1.1066265,266,7555,N,36.6666666666667,0,32
8051,23,0.81956925,197,7795,N,38.3333333333333,0,32
10809,24,0.91941525,221,8051,N,40,0,32
8825,25,0.81124875,195,10809,N,41.6666666666667,0,32
9725,26,0.9734985,234,8825,N,43.3333333333333,0,32
9984,27,0.6906015,166,9725,N,45,0,32
8675,28,0.63651825,153,9984,N,46.6666666666667,0,32
10452,29,0.65315925,157,8675,N,48.3333333333333,0,32
8784,30,0.682281,164,10452,N,50,0,32
9720,31,0.66147975,159,8784,N,51.6666666666667,0,32
11327,32,0.63651825,153,9720,N,53.3333333333333,0,32
11874,33,0.66147975,159,11327,N,55,0,32
11360,34,0.9235755,222,11874,N,56.6666666666667,0,32
12258,35,0.7904475,190,11360,N,58.3333333333333,0,32
12761,36,0.7238835,174,12258,N,60,0,32
12867,37,0.715563,172,12761,N,61.6666666666667,0,32
2995,0,0.71140275,171,NA,N,0,0,33
3148,1,0.865332,208,2995,N,1.66666666666667,0,33
3243,2,1.01094075,243,3148,N,3.33333333333333,0,33
3091,3,0.8736525,210,3243,N,5,0,33
3246,4,0.915255,220,3091,N,6.66666666666667,0,33
3967,5,0.9901395,238,3246,N,8.33333333333333,0,33
3318,6,1.12742775,271,3967,N,10,0,33
3543,7,1.098306,264,3318,N,11.6666666666667,0,33
4424,8,1.181511,284,3543,N,13.3333333333333,0,33
5919,9,1.11078675,267,4424,N,15,0,33
5194,10,1.25223525,301,5919,N,16.6666666666667,0,33
5423,11,1.431126,344,5194,N,18.3333333333333,0,33
4720,12,1.31047875,315,5423,N,20,0,33
5055,13,1.38536325,333,4720,N,21.6666666666667,0,33
5510,14,1.3895235,334,5055,N,23.3333333333333,0,33
4423,15,1.51017075,363,5510,N,25,0,33
6544,16,1.48520925,357,4423,N,26.6666666666667,0,33
6668,17,1.7223435,414,6544,N,28.3333333333333,0,33
7188,18,1.86795225,449,6668,N,30,0,33
7209,19,1.06086375,255,7188,Y,31.6666666666667,1,33
6181,20,0.981819,236,7209,N,33.3333333333333,1,33
7558,21,1.0567035,254,6181,N,35,1,33
7797,22,1.0400625,250,7558,N,36.6666666666667,1,33
8052,23,1.131588,272,7797,N,38.3333333333333,1,33
10810,24,1.1731905,282,8052,N,40,1,33
8827,25,1.17735075,283,10810,N,41.6666666666667,1,33
9729,26,1.33544025,321,8827,N,43.3333333333333,1,33
9987,27,1.36872225,329,9729,N,45,1,33
8677,28,1.39368375,335,9987,N,46.6666666666667,1,33
10454,29,1.33128,320,8677,N,48.3333333333333,1,33
8787,30,1.514331,364,10454,N,50,1,33
9723,31,1.56841425,377,8787,N,51.6666666666667,1,33
11333,32,0.85285125,205,9723,Y,53.3333333333333,2,33
11885,33,0.8902935,214,11333,N,55,2,33
11366,34,1.06918425,257,11885,N,56.6666666666667,2,33
12267,35,1.048383,252,11366,N,58.3333333333333,2,33
12768,36,1.0733445,258,12267,N,60,2,33
12872,37,1.12742775,271,12768,N,61.6666666666667,2,33
3461,0,1.065024,256,NA,N,0,0,34
3661,1,1.214793,292,3461,N,1.66666666666667,0,34
3635,2,1.414485,340,3661,N,3.33333333333333,0,34
3454,3,1.530972,368,3635,N,5,0,34
3820,4,1.564254,376,3454,N,6.66666666666667,0,34
4037,5,1.51849125,365,3820,N,8.33333333333333,0,34
3713,6,1.82634975,439,4037,N,10,0,34
3876,7,1.67658075,403,3713,N,11.6666666666667,0,34
5708,8,1.89291375,455,3876,N,13.3333333333333,0,34
5985,9,1.86795225,449,5708,N,15,0,34
5472,10,0.86949225,209,5985,Y,16.6666666666667,1,34
2501,0,0.9568575,230,NA,N,0,0,35
2638,1,0.95269725,229,2501,N,1.66666666666667,0,35
2536,2,0.9568575,230,2638,N,3.33333333333333,0,35
2547,3,1.0733445,258,2536,N,5,0,35
2591,4,1.1066265,266,2547,N,6.66666666666667,0,35
3726,5,1.19399175,287,2591,N,8.33333333333333,0,35
2809,6,1.33128,320,3726,N,10,0,35
2589,7,1.14406875,275,2809,N,11.6666666666667,0,35
4218,8,1.3562415,326,2589,N,13.3333333333333,0,35
5656,9,1.364562,328,4218,N,15,0,35
4765,10,1.56841425,377,5656,N,16.6666666666667,0,35
5056,11,1.597536,384,4765,N,18.3333333333333,0,35
4228,12,1.65993975,399,5056,N,20,0,35
4641,13,0.798768,192,4228,Y,21.6666666666667,1,35
5038,14,0.79460775,191,4641,N,23.3333333333333,1,35
4207,15,0.93605625,225,5038,N,25,1,35
6360,16,0.95269725,229,4207,N,26.6666666666667,1,35
6466,17,0.89445375,215,6360,N,28.3333333333333,1,35
3466,0,0.95269725,229,NA,N,0,0,36
3666,1,1.098306,264,3466,N,1.66666666666667,0,36
3640,2,1.1565495,278,3666,N,3.33333333333333,0,36
3458,3,1.21063275,291,3640,N,5,0,36
3821,4,1.21063275,291,3458,N,6.66666666666667,0,36
4038,5,1.25223525,301,3821,N,8.33333333333333,0,36
3717,6,1.464408,352,4038,N,10,0,36
3883,7,1.62665775,391,3717,N,11.6666666666667,0,36
5713,8,1.564254,376,3883,N,13.3333333333333,0,36
5986,9,1.5559335,374,5713,N,15,0,36
5486,10,0.96933825,233,5986,Y,16.6666666666667,1,36
5774,11,0.9069345,218,5486,N,18.3333333333333,1,36
5080,12,0.7904475,190,5774,N,20,1,36
5417,13,0.8070885,194,5080,N,21.6666666666667,1,36
5859,14,0.9235755,222,5417,N,23.3333333333333,1,36
4705,15,0.76964625,185,5859,N,25,1,36
7480,18,1.148229,276,4705,N,30,1,36
7527,19,1.15238925,277,7480,N,31.6666666666667,1,36
6269,20,1.264716,304,7527,N,33.3333333333333,1,36
8274,21,1.42696575,343,6269,N,35,1,36
7975,22,1.281357,308,8274,N,36.6666666666667,1,36
8047,23,0.61987725,149,7975,Y,38.3333333333333,2,36
10806,24,0.632358,152,8047,N,40,2,36
8816,25,0.582435,140,10806,N,41.6666666666667,2,36
9695,26,0.56995425,137,8816,N,43.3333333333333,2,36
9980,27,0.56163375,135,9695,N,45,2,36
11127,34,0.931896,224,9980,N,56.6666666666667,2,36
2513,0,0.47010825,113,NA,N,0,0,37
2644,1,0.42018525,101,2513,N,1.66666666666667,0,37
2542,2,0.47842875,115,2644,N,3.33333333333333,0,37
2552,3,0.632358,152,2542,N,5,0,37
2601,4,0.4742685,114,2552,N,6.66666666666667,0,37
3730,5,0.48674925,117,2601,N,8.33333333333333,0,37
2592,7,0.47842875,115,3730,N,11.6666666666667,0,37
4226,8,0.5075505,122,2592,N,13.3333333333333,0,37
5666,9,0.532512,128,4226,N,15,0,37
4771,10,0.482589,116,5666,N,16.6666666666667,0,37
5068,11,0.482589,116,4771,N,18.3333333333333,0,37
4237,12,0.6240375,150,5068,N,20,0,37
5057,14,0.5075505,122,4237,N,23.3333333333333,0,37
4219,15,0.45346725,109,5057,N,25,0,37
6365,16,0.449307,108,4219,N,26.6666666666667,0,37
6476,17,0.5075505,122,6365,N,28.3333333333333,0,37
6909,18,0.46178775,111,6476,N,30,0,37
6904,19,0.432666,104,6909,N,31.6666666666667,0,37
6072,20,0.4909095,118,6904,N,33.3333333333333,0,37
7121,21,0.47010825,113,6072,N,35,0,37
7560,22,0.59491575,143,7121,N,36.6666666666667,0,37
7822,23,0.4243455,102,7560,N,38.3333333333333,0,37
10683,24,0.46178775,111,7822,N,40,0,37
8516,25,0.39522375,95,10683,N,41.6666666666667,0,37
9093,26,0.43682625,105,8516,N,43.3333333333333,0,37
9560,27,0.366102,88,9093,N,45,0,37
8463,28,0.4077045,98,9560,N,46.6666666666667,0,37
10337,29,0.382743,92,8463,N,48.3333333333333,0,37
11862,34,0.46178775,111,10337,N,56.6666666666667,0,37
12790,35,0.366102,88,11862,N,58.3333333333333,0,37
13184,36,0.399384,96,12790,N,60,0,37
13210,37,0.3910635,94,13184,N,61.6666666666667,0,37
3003,0,0.8070885,194,NA,N,0,0,38
3159,1,0.881973,212,3003,N,1.66666666666667,0,38
3248,2,0.86949225,209,3159,N,3.33333333333333,0,38
3097,3,0.77796675,187,3248,N,5,0,38
3250,4,1.0899855,262,3097,N,6.66666666666667,0,38
3968,5,0.87781275,211,3250,N,8.33333333333333,0,38
3320,6,0.89445375,215,3968,N,10,0,38
3548,7,0.73636425,177,3320,N,11.6666666666667,0,38
4426,8,0.91109475,219,3548,N,13.3333333333333,0,38
5920,9,0.9402165,226,4426,N,15,0,38
5198,10,0.981819,236,5920,N,16.6666666666667,0,38
5430,11,1.0234215,246,5198,N,18.3333333333333,0,38
4725,12,1.03590225,249,5430,N,20,0,38
5060,13,1.04422275,251,4725,N,21.6666666666667,0,38
5516,14,0.91109475,219,5060,N,23.3333333333333,0,38
4425,15,1.15238925,277,5516,N,25,0,38
6546,16,1.09414575,263,4425,N,26.6666666666667,0,38
6953,18,1.4727285,354,6546,N,30,0,38
6952,19,0.532512,128,6953,Y,31.6666666666667,1,38
6090,20,0.54499275,131,6952,N,33.3333333333333,1,38
7181,21,0.7238835,174,6090,N,35,1,38
7620,22,0.91941525,221,7181,N,36.6666666666667,1,38
7866,23,0.70308225,169,7620,N,38.3333333333333,1,38
10705,24,0.698922,168,7866,N,40,1,38
8561,25,0.88613325,213,10705,N,41.6666666666667,1,38
9202,26,0.965178,232,8561,N,43.3333333333333,1,38
9659,27,0.848691,204,9202,N,45,1,38
8501,28,0.7904475,190,9659,N,46.6666666666667,1,38
10261,29,0.8570115,206,8501,N,48.3333333333333,1,38
11620,33,1.0400625,250,10261,N,55,1,38
11072,34,1.24391475,299,11620,N,56.6666666666667,1,38
11951,35,1.18567125,285,11072,N,58.3333333333333,1,38
12423,36,1.24391475,299,11951,N,60,1,38
12540,37,1.33544025,321,12423,N,61.6666666666667,1,38
3476,0,0.981819,236,NA,N,0,0,39
3671,1,1.03590225,249,3476,N,1.66666666666667,0,39
3659,2,1.098306,264,3671,N,3.33333333333333,0,39
3462,3,1.19399175,287,3659,N,5,0,39
3823,4,1.314639,316,3462,N,6.66666666666667,0,39
4039,5,1.32711975,319,3823,N,8.33333333333333,0,39
3725,6,1.3229595,318,4039,N,10,0,39
3886,7,1.364562,328,3725,N,11.6666666666667,0,39
5717,8,1.414485,340,3886,N,13.3333333333333,0,39
5987,9,1.46856825,353,5717,N,15,0,39
5496,10,1.39368375,335,5987,N,16.6666666666667,0,39
5778,11,1.564254,376,5496,N,18.3333333333333,0,39
5085,12,1.7057025,410,5778,N,20,0,39
5422,13,1.52681175,367,5085,N,21.6666666666667,0,39
5861,14,1.86795225,449,5422,N,23.3333333333333,0,39
4711,15,1.72650375,415,5861,N,25,0,39
6719,16,1.99692,480,4711,N,26.6666666666667,0,39
7641,17,0.96101775,231,6719,Y,28.3333333333333,1,39
7484,18,1.04422275,251,7641,N,30,1,39
7529,19,1.0567035,254,7484,N,31.6666666666667,1,39
6270,20,1.09414575,263,7529,N,33.3333333333333,1,39
8275,21,1.07750475,259,6270,N,35,1,39
7977,22,1.1731905,282,8275,N,36.6666666666667,1,39
8225,23,1.16903025,281,7977,N,38.3333333333333,1,39
10918,24,1.148229,276,8225,N,40,1,39
9257,25,1.264716,304,10918,N,41.6666666666667,1,39
10041,26,1.3562415,326,9257,N,43.3333333333333,1,39
10206,27,1.3728825,330,10041,N,45,1,39
2537,0,1.0400625,250,NA,N,0,0,40
2649,1,1.1399085,274,2537,N,1.66666666666667,0,40
2548,2,1.065024,256,2649,N,3.33333333333333,0,40
2556,3,1.16487,280,2548,N,5,0,40
2606,4,1.131588,272,2556,N,6.66666666666667,0,40
3737,5,1.11910725,269,2606,N,8.33333333333333,0,40
2814,6,1.16070975,279,3737,N,10,0,40
2598,7,1.36040175,327,2814,N,11.6666666666667,0,40
4229,8,1.33128,320,2598,N,13.3333333333333,0,40
5671,9,1.35208125,325,4229,N,15,0,40
4775,10,1.39368375,335,5671,N,16.6666666666667,0,40
5075,11,1.464408,352,4775,N,18.3333333333333,0,40
4241,12,1.530972,368,5075,N,20,0,40
4653,13,1.530972,368,4241,N,21.6666666666667,0,40
5064,14,1.73482425,417,4653,N,23.3333333333333,0,40
4223,15,1.7889075,430,5064,N,25,0,40
6367,16,1.71818325,413,4223,N,26.6666666666667,0,40
6478,17,0.79460775,191,6367,Y,28.3333333333333,1,40
6914,18,0.7738065,186,6478,N,30,1,40
6910,19,0.80292825,193,6914,N,31.6666666666667,1,40
6074,20,0.8070885,194,6910,N,33.3333333333333,1,40
7127,21,0.7904475,190,6074,N,35,1,40
7569,22,0.8570115,206,7127,N,36.6666666666667,1,40
7830,23,0.99846,240,7569,N,38.3333333333333,1,40
10686,24,1.08582525,261,7830,N,40,1,40
8523,25,1.03590225,249,10686,N,41.6666666666667,1,40
9110,26,1.081665,260,8523,N,43.3333333333333,1,40
9573,27,0.98597925,237,9110,N,45,1,40
8469,28,0.9901395,238,9573,N,46.6666666666667,1,40
10340,29,1.0567035,254,8469,N,48.3333333333333,1,40
9118,30,1.1232675,270,10340,N,50,1,40
9355,31,0.99846,240,9118,N,51.6666666666667,1,40
11143,32,1.098306,264,9355,N,53.3333333333333,1,40
11548,33,1.597536,384,11143,N,55,1,40
11029,34,1.51017075,363,11548,N,56.6666666666667,1,40
11908,35,0.64483875,155,11029,Y,58.3333333333333,2,40
12361,36,0.648999,156,11908,N,60,2,40
12470,37,0.8902935,214,12361,N,61.6666666666667,2,40
3014,0,0.83205,200,NA,N,0,0,41
3163,1,0.748845,180,3014,N,1.66666666666667,0,41
3252,2,0.915255,220,3163,N,3.33333333333333,0,41
3101,3,0.88613325,213,3252,N,5,0,41
3253,4,0.89445375,215,3101,N,6.66666666666667,0,41
3969,5,0.965178,232,3253,N,8.33333333333333,0,41
3346,6,1.1399085,274,3969,N,10,0,41
3553,7,1.065024,256,3346,N,11.6666666666667,0,41
4428,8,1.181511,284,3553,N,13.3333333333333,0,41
5921,9,1.18567125,285,4428,N,15,0,41
5202,10,1.1731905,282,5921,N,16.6666666666667,0,41
5434,11,1.26055575,303,5202,N,18.3333333333333,0,41
4729,12,1.61001675,387,5434,N,20,0,41
5066,13,1.9053945,458,4729,N,21.6666666666667,0,41
5522,14,1.530972,368,5066,N,23.3333333333333,0,41
4427,15,1.63497825,393,5522,N,25,0,41
6548,16,1.75146525,421,4427,N,26.6666666666667,0,41
6672,17,1.85963175,447,6548,N,28.3333333333333,0,41
7191,18,1.51849125,365,6672,N,30,0,41
7211,19,0.7904475,190,7191,Y,31.6666666666667,1,41
3482,0,0.9402165,226,NA,N,0,0,42
3676,1,0.98597925,237,3482,N,1.66666666666667,0,42
3665,2,1.0067805,242,3676,N,3.33333333333333,0,42
3467,3,1.11910725,269,3665,N,5,0,42
3825,4,1.098306,264,3467,N,6.66666666666667,0,42
4040,5,1.1066265,266,3825,N,8.33333333333333,0,42
3731,6,1.24391475,299,4040,N,10,0,42
3889,7,1.181511,284,3731,N,11.6666666666667,0,42
5721,8,1.214793,292,3889,N,13.3333333333333,0,42
5988,9,1.381203,332,5721,N,15,0,42
5501,10,1.4560875,350,5988,N,16.6666666666667,0,42
5782,11,1.447767,348,5501,N,18.3333333333333,0,42
5090,12,1.6391385,394,5782,N,20,0,42
5429,13,1.55177325,373,5090,N,21.6666666666667,0,42
5863,14,1.630818,392,5429,N,23.3333333333333,0,42
4715,15,1.81802925,437,5863,N,25,0,42
6599,16,0.9402165,226,4715,Y,26.6666666666667,1,42
6728,17,0.9568575,230,6599,N,28.3333333333333,1,42
7277,18,1.01926125,245,6728,N,30,1,42
7310,19,0.981819,236,7277,N,31.6666666666667,1,42
6207,20,1.10246625,265,7310,N,33.3333333333333,1,42
8092,21,1.181511,284,6207,N,35,1,42
7845,22,1.231434,296,8092,N,36.6666666666667,1,42
8102,23,1.181511,284,7845,N,38.3333333333333,1,42
10843,24,1.231434,296,8102,N,40,1,42
8931,25,1.3728825,330,10843,N,41.6666666666667,1,42
9843,26,1.4061645,338,8931,N,43.3333333333333,1,42
10053,27,1.45192725,349,9843,N,45,1,42
8737,28,1.464408,352,10053,N,46.6666666666667,1,42
10494,29,1.08582525,261,8737,N,48.3333333333333,1,42
9223,30,0.7738065,186,10494,Y,50,2,42
9454,31,0.698922,168,9223,N,51.6666666666667,2,42
2543,0,1.28551725,309,NA,N,0,0,43
2654,1,1.580895,380,2543,N,1.66666666666667,0,43
2554,2,1.48520925,357,2654,N,3.33333333333333,0,43
2563,3,1.7389845,418,2554,N,5,0,43
2616,4,1.70154225,409,2563,N,6.66666666666667,0,43
3749,5,1.88459325,453,2616,N,8.33333333333333,0,43
2825,6,2.17581075,523,3749,N,10,0,43
2310,7,1.11910725,269,2825,Y,11.6666666666667,1,43
4076,8,1.16070975,279,2310,N,13.3333333333333,1,43
5441,9,1.33544025,321,4076,N,15,1,43
4582,10,1.198152,288,5441,N,16.6666666666667,1,43
4607,11,1.1565495,278,4582,N,18.3333333333333,1,43
4088,12,1.3396005,322,4607,N,20,1,43
4471,13,1.297998,312,4088,N,21.6666666666667,1,43
4817,14,1.214793,292,4471,N,23.3333333333333,1,43
4075,15,1.46856825,353,4817,N,25,1,43
6316,16,1.36872225,329,4075,N,26.6666666666667,1,43
6383,17,1.464408,352,6316,N,28.3333333333333,1,43
6809,18,1.614177,388,6383,N,30,1,43
6292,19,1.80970875,435,6809,N,31.6666666666667,1,43
6020,20,1.7223435,414,6292,N,33.3333333333333,1,43
6934,21,0.85285125,205,6020,Y,35,2,43
7268,22,1.0400625,250,6934,N,36.6666666666667,2,43
7630,23,0.94437675,227,7268,N,38.3333333333333,2,43
10617,24,0.948537,228,7630,N,40,2,43
8376,25,0.8902935,214,10617,N,41.6666666666667,2,43
9267,27,0.9734985,234,8376,N,45,2,43
8351,28,0.981819,236,9267,N,46.6666666666667,2,43
10265,29,0.93605625,225,8351,N,48.3333333333333,2,43
8760,30,1.2231135,294,10265,N,50,2,43
8984,31,1.24391475,299,8760,N,51.6666666666667,2,43
11044,32,1.34376075,323,8984,N,53.3333333333333,2,43
11213,33,0.71972325,173,11044,Y,55,3,43
3020,0,0.72804375,175,NA,N,0,0,44
3166,1,0.70308225,169,3020,N,1.66666666666667,0,44
3257,2,0.7072425,170,3166,N,3.33333333333333,0,44
3110,3,0.8237295,198,3257,N,5,0,44
3258,4,1.00262025,241,3110,N,6.66666666666667,0,44
3970,5,0.83621025,201,3258,N,8.33333333333333,0,44
3352,6,0.89445375,215,3970,N,10,0,44
3560,7,1.11910725,269,3352,N,11.6666666666667,0,44
4430,8,1.1399085,274,3560,N,13.3333333333333,0,44
5922,9,1.048383,252,4430,N,15,0,44
5205,10,1.19399175,287,5922,N,16.6666666666667,0,44
5437,11,1.33128,320,5205,N,18.3333333333333,0,44
4733,12,1.314639,316,5437,N,20,0,44
5070,13,1.2231135,294,4733,N,21.6666666666667,0,44
5528,14,1.4727285,354,5070,N,23.3333333333333,0,44
4429,15,1.43528625,345,5528,N,25,0,44
6551,16,1.597536,384,4429,N,26.6666666666667,0,44
6675,17,1.74314475,419,6551,N,28.3333333333333,0,44
7194,18,1.7223435,414,6675,N,30,0,44
7219,19,0.86117175,207,7194,Y,31.6666666666667,1,44
6184,20,0.8237295,198,7219,N,33.3333333333333,1,44
7567,21,0.8570115,206,6184,N,35,1,44
7802,22,0.865332,208,7567,N,36.6666666666667,1,44
8055,23,0.83205,200,7802,N,38.3333333333333,1,44
10813,24,0.9069345,218,8055,N,40,1,44
8837,25,0.90277425,217,10813,N,41.6666666666667,1,44
9743,26,1.12742775,271,8837,N,43.3333333333333,1,44
9993,27,1.11910725,269,9743,N,45,1,44
8683,28,1.01094075,243,9993,N,46.6666666666667,1,44
10457,29,1.10246625,265,8683,N,48.3333333333333,1,44
3486,0,0.64483875,155,NA,N,0,0,45
3678,1,0.71140275,171,3486,N,1.66666666666667,0,45
3669,2,0.72804375,175,3678,N,3.33333333333333,0,45
3471,3,0.898614,216,3669,N,5,0,45
3827,4,0.73636425,177,3471,N,6.66666666666667,0,45
4041,5,0.71972325,173,3827,N,8.33333333333333,0,45
3736,6,1.01094075,243,4041,N,10,0,45
3902,7,0.8403705,202,3736,N,11.6666666666667,0,45
5725,8,0.865332,208,3902,N,13.3333333333333,0,45
5989,9,0.9901395,238,5725,N,15,0,45
5506,10,0.86117175,207,5989,N,16.6666666666667,0,45
5790,11,0.981819,236,5506,N,18.3333333333333,0,45
5095,12,1.048383,252,5790,N,20,0,45
5433,13,1.065024,256,5095,N,21.6666666666667,0,45
5865,14,1.05254325,253,5433,N,23.3333333333333,0,45
4719,15,1.11078675,267,5865,N,25,0,45
6721,16,1.148229,276,4719,N,26.6666666666667,0,45
7645,17,1.131588,272,6721,N,28.3333333333333,0,45
7492,18,1.18567125,285,7645,N,30,0,45
7537,19,1.264716,304,7492,N,31.6666666666667,0,45
6274,20,1.29383775,311,7537,N,33.3333333333333,0,45
8278,21,1.22727375,295,6274,N,35,0,45
7981,22,1.264716,304,8278,N,36.6666666666667,0,45
8229,23,1.248075,300,7981,N,38.3333333333333,0,45
10920,24,1.27719675,307,8229,N,40,0,45
9266,25,1.49352975,359,10920,N,41.6666666666667,0,45
10046,26,1.44360675,347,9266,N,43.3333333333333,0,45
10210,27,1.63497825,393,10046,N,45,0,45
9009,28,1.52681175,367,10210,N,46.6666666666667,0,45
10578,29,1.8887535,454,9009,N,48.3333333333333,0,45
9592,30,1.697382,408,10578,N,50,0,45
10187,31,1.62665775,391,9592,N,51.6666666666667,0,45
11572,32,0.86949225,209,10187,Y,53.3333333333333,1,45
3491,0,1.048383,252,NA,N,0,0,46
3684,1,1.06918425,257,3491,N,1.66666666666667,0,46
3677,2,1.098306,264,3684,N,3.33333333333333,0,46
3477,3,1.33128,320,3677,N,5,0,46
3830,4,1.33544025,321,3477,N,6.66666666666667,0,46
4042,5,1.31047875,315,3830,N,8.33333333333333,0,46
3742,6,1.65161925,397,4042,N,10,0,46
3904,7,1.5226515,366,3742,N,11.6666666666667,0,46
5729,8,1.51849125,365,3904,N,13.3333333333333,0,46
5990,9,1.79306775,431,5729,N,15,0,46
5512,10,1.65993975,399,5990,N,16.6666666666667,0,46
5794,11,0.8902935,214,5512,Y,18.3333333333333,1,46
2546,0,0.6739605,162,NA,N,0,0,47
2661,1,0.7405245,178,2546,N,1.66666666666667,0,47
2558,2,0.74468475,179,2661,N,3.33333333333333,0,47
2569,3,0.865332,208,2558,N,5,0,47
2620,4,0.80292825,193,2569,N,6.66666666666667,0,47
3754,5,0.898614,216,2620,N,8.33333333333333,0,47
2830,6,1.05254325,253,3754,N,10,0,47
2610,7,1.05254325,253,2830,N,11.6666666666667,0,47
4091,8,1.1232675,270,2610,N,13.3333333333333,0,47
4587,10,1.12742775,271,4091,N,16.6666666666667,0,47
5087,11,1.2064725,290,4587,N,18.3333333333333,0,47
5073,14,1.214793,292,5087,N,23.3333333333333,0,47
6370,16,0.848691,204,5073,Y,26.6666666666667,1,47
6484,17,0.8237295,198,6370,N,28.3333333333333,1,47
6923,18,0.765486,184,6484,N,30,1,47
6918,19,0.898614,216,6923,N,31.6666666666667,1,47
6077,20,0.865332,208,6918,N,33.3333333333333,1,47
7139,21,1.0234215,246,6077,N,35,1,47
7580,22,1.05254325,253,7139,N,36.6666666666667,1,47
7839,23,1.198152,288,7580,N,38.3333333333333,1,47
10690,24,1.25223525,301,7839,N,40,1,47
8531,25,1.31879925,317,10690,N,41.6666666666667,1,47
9130,26,1.16070975,279,8531,N,43.3333333333333,1,47
9590,27,1.314639,316,9130,N,45,1,47
3500,0,0.71140275,171,NA,N,0,0,48
3688,1,0.7571655,182,3500,N,1.66666666666667,0,48
3680,2,0.7571655,182,3688,N,3.33333333333333,0,48
3481,3,0.7405245,178,3680,N,5,0,48
3833,4,0.77796675,187,3481,N,6.66666666666667,0,48
4043,5,0.782127,188,3833,N,8.33333333333333,0,48
3748,6,0.782127,188,4043,N,10,0,48
3905,7,0.76132575,183,3748,N,11.6666666666667,0,48
5733,8,0.79460775,191,3905,N,13.3333333333333,0,48
5991,9,0.77796675,187,5733,N,15,0,48
5518,10,0.798768,192,5991,N,16.6666666666667,0,48
5801,11,0.798768,192,5518,N,18.3333333333333,0,48
5100,12,0.898614,216,5801,N,20,0,48
5440,13,0.88613325,213,5100,N,21.6666666666667,0,48
5869,14,0.81956925,197,5440,N,23.3333333333333,0,48
4724,15,0.83205,200,5869,N,25,0,48
6725,16,0.698922,168,4724,N,26.6666666666667,0,48
7649,17,0.84453075,203,6725,N,28.3333333333333,0,48
7500,18,0.815409,196,7649,N,30,0,48
7542,19,0.848691,204,7500,N,31.6666666666667,0,48
6277,20,0.898614,216,7542,N,33.3333333333333,0,48
2551,0,1.36872225,329,NA,N,0,0,49
2668,1,1.447767,348,2551,N,1.66666666666667,0,49
2713,2,1.464408,352,2668,N,3.33333333333333,0,49
2575,3,1.51849125,365,2713,N,5,0,49
2629,4,1.64329875,395,2575,N,6.66666666666667,0,49
3760,5,0.7238835,174,2629,Y,8.33333333333333,1,49
2836,6,0.9901395,238,3760,N,10,1,49
3035,0,0.9734985,234,NA,N,0,0,50
3181,1,0.965178,232,3035,N,1.66666666666667,0,50
3264,2,1.12742775,271,3181,N,3.33333333333333,0,50
3114,3,1.16070975,279,3264,N,5,0,50
3267,4,1.1565495,278,3114,N,6.66666666666667,0,50
3971,5,1.31879925,317,3267,N,8.33333333333333,0,50
2562,0,0.765486,184,NA,N,0,0,51
2671,1,0.89445375,215,2562,N,1.66666666666667,0,51
2717,2,0.87781275,211,2671,N,3.33333333333333,0,51
2580,3,0.881973,212,2717,N,5,0,51
2634,4,0.9402165,226,2580,N,6.66666666666667,0,51
3770,5,0.99846,240,2634,N,8.33333333333333,0,51
2845,6,1.0733445,258,3770,N,10,0,51
2622,7,1.06086375,255,2845,N,11.6666666666667,0,51
4238,8,1.13574825,273,2622,N,13.3333333333333,0,51
5682,9,1.031742,248,4238,N,15,0,51
4791,10,1.1232675,270,5682,N,16.6666666666667,0,51
5096,11,1.248075,300,4791,N,18.3333333333333,0,51
4249,12,1.1565495,278,5096,N,20,0,51
4665,13,1.3895235,334,4249,N,21.6666666666667,0,51
5083,14,1.381203,332,4665,N,23.3333333333333,0,51
4233,15,1.4394465,346,5083,N,25,0,51
6374,16,1.49769,360,4233,N,26.6666666666667,0,51
6489,17,1.597536,384,6374,N,28.3333333333333,0,51
6929,18,1.51849125,365,6489,N,30,0,51
6925,19,1.56841425,377,6929,N,31.6666666666667,0,51
6080,20,1.65161925,397,6925,N,33.3333333333333,0,51
7152,21,1.7889075,430,6080,N,35,0,51
7589,22,1.75146525,421,7152,N,36.6666666666667,0,51
7847,23,1.7889075,430,7589,N,38.3333333333333,0,51
10694,24,1.863792,448,7847,N,40,0,51
8540,25,2.01772125,485,10694,N,41.6666666666667,0,51
9156,26,1.90955475,459,8540,N,43.3333333333333,0,51
9610,27,2.096766,504,9156,N,45,0,51
8482,28,2.080125,500,9610,N,46.6666666666667,0,51
10349,29,1.98443925,477,8482,N,48.3333333333333,0,51
13328,30,NA,-1,10349,Y,50,1,51
3505,0,1.18567125,285,NA,N,0,0,52
3696,1,1.39368375,335,3505,N,1.66666666666667,0,52
3687,2,1.33128,320,3696,N,3.33333333333333,0,52
3488,3,1.364562,328,3687,N,5,0,52
3835,4,1.39368375,335,3488,N,6.66666666666667,0,52
4044,5,1.36872225,329,3835,N,8.33333333333333,0,52
3751,6,1.49352975,359,4044,N,10,0,52
3907,7,1.5892155,382,3751,N,11.6666666666667,0,52
5740,8,1.614177,388,3907,N,13.3333333333333,0,52
5992,9,1.6641,400,5740,N,15,0,52
5525,10,1.63497825,393,5992,N,16.6666666666667,0,52
5808,11,1.8721125,450,5525,N,18.3333333333333,0,52
5105,12,1.464408,352,5808,N,20,0,52
5448,13,1.69322175,407,5105,N,21.6666666666667,0,52
5871,14,1.8721125,450,5448,N,23.3333333333333,0,52
4728,15,0.9235755,222,5871,Y,25,1,52
6727,16,0.87781275,211,4728,N,26.6666666666667,1,52
7651,17,0.83205,200,6727,N,28.3333333333333,1,52
7503,18,0.94437675,227,7651,N,30,1,52
7545,19,0.96101775,231,7503,N,31.6666666666667,1,52
6279,20,0.98597925,237,7545,N,33.3333333333333,1,52
8281,21,1.07750475,259,6279,N,35,1,52
7986,22,1.148229,276,8281,N,36.6666666666667,1,52
8233,23,1.198152,288,7986,N,38.3333333333333,1,52
10922,24,1.31879925,317,8233,N,40,1,52
9274,25,1.38536325,333,10922,N,41.6666666666667,1,52
10051,26,1.24391475,299,9274,N,43.3333333333333,1,52
10214,27,1.597536,384,10051,N,45,1,52
9024,28,1.447767,348,10214,N,46.6666666666667,1,52
10583,29,0.782127,188,9024,Y,48.3333333333333,2,52
2567,0,1.42696575,343,NA,N,0,0,53
2679,1,0.6573195,158,2567,Y,1.66666666666667,1,53
2721,2,0.82788975,199,2679,N,3.33333333333333,1,53
2581,3,0.77796675,187,2721,N,5,1,53
2642,4,0.78628725,189,2581,N,6.66666666666667,1,53
3775,5,0.8902935,214,2642,N,8.33333333333333,1,53
2850,6,0.88613325,213,3775,N,10,1,53
2626,7,0.83621025,201,2850,N,11.6666666666667,1,53
4240,8,0.8736525,210,2626,N,13.3333333333333,1,53
5690,9,0.965178,232,4240,N,15,1,53
4795,10,0.898614,216,5690,N,16.6666666666667,1,53
5101,11,0.91941525,221,4795,N,18.3333333333333,1,53
4252,12,1.11078675,267,5101,N,20,1,53
4669,13,1.11910725,269,4252,N,21.6666666666667,1,53
5088,14,1.081665,260,4669,N,23.3333333333333,1,53
4236,15,1.26887625,305,5088,N,25,1,53
6375,16,1.31047875,315,4236,N,26.6666666666667,1,53
6491,17,1.281357,308,6375,N,28.3333333333333,1,53
6932,18,1.281357,308,6491,N,30,1,53
6930,19,1.30215825,313,6932,N,31.6666666666667,1,53
6082,20,1.39368375,335,6930,N,33.3333333333333,1,53
7158,21,1.18567125,285,6082,N,35,1,53
7596,22,0.64483875,155,7158,Y,36.6666666666667,2,53
7854,23,0.69476175,167,7596,N,38.3333333333333,2,53
10697,24,0.66147975,159,7854,N,40,2,53
8546,25,0.67812075,163,10697,N,41.6666666666667,2,53
9168,26,0.682281,164,8546,N,43.3333333333333,2,53
9622,27,0.7238835,174,9168,N,45,2,53
8487,28,0.8070885,194,9622,N,46.6666666666667,2,53
10352,29,0.82788975,199,8487,N,48.3333333333333,2,53
9163,30,0.8403705,202,10352,N,50,2,53
9409,31,0.9235755,222,9163,N,51.6666666666667,2,53
11167,32,0.89445375,215,9409,N,53.3333333333333,2,53
11587,33,0.898614,216,11167,N,55,2,53
11060,34,0.93605625,225,11587,N,56.6666666666667,2,53
11933,35,1.00262025,241,11060,N,58.3333333333333,2,53
12404,36,1.32711975,319,11933,N,60,2,53
12512,37,1.264716,304,12404,N,61.6666666666667,2,53
2572,0,0.91941525,221,NA,N,0,0,54
2685,1,0.91109475,219,2572,N,1.66666666666667,0,54
2732,2,0.96933825,233,2685,N,3.33333333333333,0,54
2590,3,1.098306,264,2732,N,5,0,54
2647,4,1.098306,264,2590,N,6.66666666666667,0,54
3782,5,1.2064725,290,2647,N,8.33333333333333,0,54
2860,6,1.364562,328,3782,N,10,0,54
2639,7,1.098306,264,2860,N,11.6666666666667,0,54
4246,8,1.214793,292,2639,N,13.3333333333333,0,54
5694,9,1.2896775,310,4246,N,15,0,54
4803,10,1.31047875,315,5694,N,16.6666666666667,0,54
5111,11,1.39368375,335,4803,N,18.3333333333333,0,54
4259,12,1.50185025,361,5111,N,20,0,54
4679,13,1.6391385,394,4259,N,21.6666666666667,0,54
5099,14,1.79306775,431,4679,N,23.3333333333333,0,54
4244,15,1.8721125,450,5099,N,25,0,54
6380,16,1.847151,444,4244,N,26.6666666666667,0,54
6497,17,1.00262025,241,6380,Y,28.3333333333333,1,54
6939,18,0.99429975,239,6497,N,30,1,54
6936,19,1.15238925,277,6939,N,31.6666666666667,1,54
6084,20,1.25223525,301,6936,N,33.3333333333333,1,54
7164,21,1.3396005,322,6084,N,35,1,54
7604,22,1.381203,332,7164,N,36.6666666666667,1,54
7856,23,1.48520925,357,7604,N,38.3333333333333,1,54
10699,24,1.6890615,406,7856,N,40,1,54
8551,25,1.63497825,393,10699,N,41.6666666666667,1,54
9180,26,0.94437675,227,8551,Y,43.3333333333333,2,54
9636,27,0.798768,192,9180,N,45,2,54
8493,28,0.81124875,195,9636,N,46.6666666666667,2,54
10354,29,1.00262025,241,8493,N,48.3333333333333,2,54
9171,30,1.09414575,263,10354,N,50,2,54
9417,31,1.11910725,269,9171,N,51.6666666666667,2,54
11169,32,1.26887625,305,9417,N,53.3333333333333,2,54
11593,33,1.3063185,314,11169,N,55,2,54
11062,34,1.2730365,306,11593,N,56.6666666666667,2,54
11939,35,1.47688875,355,11062,N,58.3333333333333,2,54
12414,36,1.5392925,370,11939,N,60,2,54
13351,37,NA,-1,12414,Y,61.6666666666667,3,54
2576,0,0.8902935,214,NA,N,0,0,55
2689,1,0.97765875,235,2576,N,1.66666666666667,0,55
2737,2,0.90277425,217,2689,N,3.33333333333333,0,55
2596,3,0.9734985,234,2737,N,5,0,55
2651,4,0.91109475,219,2596,N,6.66666666666667,0,55
3786,5,0.98597925,237,2651,N,8.33333333333333,0,55
2864,6,1.114947,268,3786,N,10,0,55
2646,7,1.09414575,263,2864,N,11.6666666666667,0,55
4248,8,1.13574825,273,2646,N,13.3333333333333,0,55
5698,9,1.281357,308,4248,N,15,0,55
4807,10,1.23559425,297,5698,N,16.6666666666667,0,55
5118,11,1.29383775,311,4807,N,18.3333333333333,0,55
4265,12,1.481049,356,5118,N,20,0,55
4685,13,1.5559335,374,4265,N,21.6666666666667,0,55
5108,14,1.397844,336,4685,N,23.3333333333333,0,55
4247,15,1.53513225,369,5108,N,25,0,55
6384,16,1.5892155,382,4247,N,26.6666666666667,0,55
6501,17,1.70154225,409,6384,N,28.3333333333333,0,55
6943,18,1.75146525,421,6501,N,30,0,55
6942,19,1.78474725,429,6943,N,31.6666666666667,0,55
6086,20,1.913715,460,6942,N,33.3333333333333,0,55
7167,21,0.915255,220,6086,Y,35,1,55
7607,22,0.8902935,214,7167,N,36.6666666666667,1,55
2584,0,0.98597925,237,NA,N,0,0,56
2694,1,0.95269725,229,2584,N,1.66666666666667,0,56
2740,2,1.00262025,241,2694,N,3.33333333333333,0,56
2602,3,1.1731905,282,2740,N,5,0,56
2656,4,0.981819,236,2602,N,6.66666666666667,0,56
3791,5,1.2064725,290,2656,N,8.33333333333333,0,56
2892,6,1.37704275,331,3791,N,10,0,56
2652,7,1.21063275,291,2892,N,11.6666666666667,0,56
4251,8,1.34376075,323,2652,N,13.3333333333333,0,56
5701,9,1.347921,324,4251,N,15,0,56
4812,10,1.397844,336,5701,N,16.6666666666667,0,56
5123,11,1.347921,324,4812,N,18.3333333333333,0,56
4267,12,1.49352975,359,5123,N,20,0,56
4689,13,1.51849125,365,4267,N,21.6666666666667,0,56
5114,14,1.41864525,341,4689,N,23.3333333333333,0,56
4250,15,1.530972,368,5114,N,25,0,56
6386,16,1.43528625,345,4250,N,26.6666666666667,0,56
6503,17,1.57673475,379,6386,N,28.3333333333333,0,56
6946,18,1.397844,336,6503,N,30,0,56
6944,19,1.67658075,403,6946,N,31.6666666666667,0,56
6087,20,1.7722665,426,6944,N,33.3333333333333,0,56
7173,21,2.013561,484,6087,N,35,0,56
7615,22,2.3713425,570,7173,N,36.6666666666667,0,56
7860,23,0.98597925,237,7615,Y,38.3333333333333,1,56
10702,24,0.96101775,231,7860,N,40,1,56
8555,25,1.02758175,247,10702,N,41.6666666666667,1,56
9191,26,1.18567125,285,8555,N,43.3333333333333,1,56
9645,27,1.09414575,263,9191,N,45,1,56
8497,28,1.14406875,275,9645,N,46.6666666666667,1,56
10355,29,1.181511,284,8497,N,48.3333333333333,1,56
9193,30,1.4061645,338,10355,N,50,1,56
9420,31,1.49769,360,9193,N,51.6666666666667,1,56
11170,32,1.2231135,294,9420,N,53.3333333333333,1,56
11610,33,1.5060105,362,11170,N,55,1,56
11068,34,1.431126,344,11610,N,56.6666666666667,1,56
11947,35,0.82788975,199,11068,Y,58.3333333333333,2,56
12419,36,1.1066265,266,11947,N,60,2,56
12534,37,0.99429975,239,12419,N,61.6666666666667,2,56
3519,0,1.22727375,295,NA,N,0,0,57
3718,1,1.3728825,330,3519,N,1.66666666666667,0,57
3700,2,1.4727285,354,3718,N,3.33333333333333,0,57
3499,3,1.314639,316,3700,N,5,0,57
3840,4,0.73636425,177,3499,Y,6.66666666666667,1,57
4046,5,0.715563,172,3840,N,8.33333333333333,1,57
3759,6,0.78628725,189,4046,N,10,1,57
3910,7,0.7405245,178,3759,N,11.6666666666667,1,57
5751,8,0.72804375,175,3910,N,13.3333333333333,1,57
5995,9,0.76964625,185,5751,N,15,1,57
5545,10,0.8403705,202,5995,N,16.6666666666667,1,57
5818,11,0.85285125,205,5545,N,18.3333333333333,1,57
5115,12,0.9069345,218,5818,N,20,1,57
5465,13,0.965178,232,5115,N,21.6666666666667,1,57
5877,14,0.9734985,234,5465,N,23.3333333333333,1,57
4743,15,1.0567035,254,5877,N,25,1,57
6735,16,1.08582525,261,4743,N,26.6666666666667,1,57
7660,17,1.02758175,247,6735,N,28.3333333333333,1,57
7519,18,1.16903025,281,7660,N,30,1,57
7565,19,1.30215825,313,7519,N,31.6666666666667,1,57
6291,20,1.3396005,322,7565,N,33.3333333333333,1,57
8287,21,1.51849125,365,6291,N,35,1,57
7997,22,1.5226515,366,8287,N,36.6666666666667,1,57
8242,23,0.565794,136,7997,Y,38.3333333333333,2,57
10928,24,0.75300525,181,8242,N,40,2,57
9304,25,0.7738065,186,10928,N,41.6666666666667,2,57
10063,26,0.848691,204,9304,N,43.3333333333333,2,57
10228,27,0.86117175,207,10063,N,45,2,57
2588,0,0.77796675,187,NA,N,0,0,58
2698,1,0.71140275,171,2588,N,1.66666666666667,0,58
2743,2,0.95269725,229,2698,N,3.33333333333333,0,58
2607,3,0.94437675,227,2743,N,5,0,58
2660,4,0.9734985,234,2607,N,6.66666666666667,0,58
3796,5,1.0733445,258,2660,N,8.33333333333333,0,58
2899,6,1.24391475,299,3796,N,10,0,58
2658,7,1.19399175,287,2899,N,11.6666666666667,0,58
4254,8,1.38536325,333,2658,N,13.3333333333333,0,58
5706,9,1.41032475,339,4254,N,15,0,58
4818,10,1.6058565,386,5706,N,16.6666666666667,0,58
5129,11,1.5226515,366,4818,N,18.3333333333333,0,58
4270,12,0.71972325,173,5129,Y,20,1,58
2594,0,1.248075,300,NA,N,0,0,59
2703,1,1.41032475,339,2594,N,1.66666666666667,0,59
2748,2,1.56009375,375,2703,N,3.33333333333333,0,59
2613,3,1.63497825,393,2748,N,5,0,59
2666,4,1.81802925,437,2613,N,6.66666666666667,0,59
3799,5,0.7571655,182,2666,Y,8.33333333333333,1,59
3534,0,0.77796675,187,NA,N,0,0,60
3727,1,0.80292825,193,3534,N,1.66666666666667,0,60
3710,2,0.782127,188,3727,N,3.33333333333333,0,60
3642,3,0.82788975,199,3710,N,5,0,60
3848,4,0.765486,184,3642,N,6.66666666666667,0,60
4050,5,0.84453075,203,3848,N,8.33333333333333,0,60
3777,6,0.96933825,233,4050,N,10,0,60
3914,7,0.90277425,217,3777,N,11.6666666666667,0,60
5768,8,0.9734985,234,3914,N,13.3333333333333,0,60
5999,9,1.015101,244,5768,N,15,0,60
5563,10,0.9568575,230,5999,N,16.6666666666667,0,60
5827,11,1.0733445,258,5563,N,18.3333333333333,0,60
5132,12,1.015101,244,5827,N,20,0,60
5487,13,0.931896,224,5132,N,21.6666666666667,0,60
5885,14,1.048383,252,5487,N,23.3333333333333,0,60
4757,15,0.9568575,230,5885,N,25,0,60
6742,16,0.948537,228,4757,N,26.6666666666667,0,60
7667,17,1.06918425,257,6742,N,28.3333333333333,0,60
8213,18,1.02758175,247,7667,N,30,0,60
7574,19,1.10246625,265,8213,N,31.6666666666667,0,60
6296,20,1.24391475,299,7574,N,33.3333333333333,0,60
8293,21,1.4727285,354,6296,N,35,0,60
8011,22,1.4560875,350,8293,N,36.6666666666667,0,60
8251,23,1.61833725,389,8011,N,38.3333333333333,0,60
10935,24,1.68490125,405,8251,N,40,0,60
9331,25,1.60169625,385,10935,N,41.6666666666667,0,60
10077,26,0.75300525,181,9331,Y,43.3333333333333,1,60
10240,27,0.96101775,231,10077,N,45,1,60
9075,28,0.86949225,209,10240,N,46.6666666666667,1,60
10593,29,0.95269725,229,9075,N,48.3333333333333,1,60
11305,34,1.49769,360,10593,N,56.6666666666667,1,60
12165,35,0.73636425,177,11305,Y,58.3333333333333,2,60
12682,36,0.71972325,173,12165,N,60,2,60
12828,37,0.7904475,190,12682,N,61.6666666666667,2,60
2600,0,1.098306,264,NA,N,0,0,61
2707,1,1.12742775,271,2600,N,1.66666666666667,0,61
2752,2,1.31879925,317,2707,N,3.33333333333333,0,61
2619,3,1.580895,380,2752,N,5,0,61
2675,4,1.314639,316,2619,N,6.66666666666667,0,61
3809,5,1.6224975,390,2675,N,8.33333333333333,0,61
2910,6,1.92619575,463,3809,N,10,0,61
2669,7,1.464408,352,2910,N,11.6666666666667,0,61
4264,8,1.72650375,415,2669,N,13.3333333333333,0,61
5710,9,0.865332,208,4264,Y,15,1,61
4820,10,0.85285125,205,5710,N,16.6666666666667,1,61
3540,0,0.81124875,195,NA,N,0,0,62
3733,1,0.79460775,191,3540,N,1.66666666666667,0,62
3714,2,0.85285125,205,3733,N,3.33333333333333,0,62
3644,3,1.031742,248,3714,N,5,0,62
3877,4,0.81124875,195,3644,N,6.66666666666667,0,62
4051,5,1.03590225,249,3877,N,8.33333333333333,0,62
3783,6,1.08582525,261,4051,N,10,0,62
3915,7,0.9568575,230,3783,N,11.6666666666667,0,62
5773,8,1.0234215,246,3915,N,13.3333333333333,0,62
6000,9,1.06918425,257,5773,N,15,0,62
5568,10,1.05254325,253,6000,N,16.6666666666667,0,62
5830,11,1.03590225,249,5568,N,18.3333333333333,0,62
5137,12,1.2064725,290,5830,N,20,0,62
5494,13,1.3396005,322,5137,N,21.6666666666667,0,62
5887,14,1.248075,300,5494,N,23.3333333333333,0,62
4761,15,1.3229595,318,5887,N,25,0,62
6744,16,1.34376075,323,4761,N,26.6666666666667,0,62
7669,17,1.5060105,362,6744,N,28.3333333333333,0,62
8215,18,1.53513225,369,7669,N,30,0,62
7578,19,1.41864525,341,8215,N,31.6666666666667,0,62
6297,20,1.5226515,366,7578,N,33.3333333333333,0,62
8295,21,0.81956925,197,6297,Y,35,1,62
8015,22,1.0067805,242,8295,N,36.6666666666667,1,62
2605,0,0.97765875,235,NA,N,0,0,63
2711,1,1.16070975,279,2605,N,1.66666666666667,0,63
2756,2,1.24391475,299,2711,N,3.33333333333333,0,63
2624,3,1.2730365,306,2756,N,5,0,63
2680,4,1.3562415,326,2624,N,6.66666666666667,0,63
3812,5,1.31047875,315,2680,N,8.33333333333333,0,63
2916,6,1.35208125,325,3812,N,10,0,63
2673,7,1.40200425,337,2916,N,11.6666666666667,0,63
4268,8,1.54345275,371,2673,N,13.3333333333333,0,63
5718,9,1.6391385,394,4268,N,15,0,63
4828,10,0.6739605,162,5718,Y,16.6666666666667,1,63
5138,11,0.7238835,174,4828,N,18.3333333333333,1,63
4279,12,0.81956925,197,5138,N,20,1,63
4699,13,0.8237295,198,4279,N,21.6666666666667,1,63
3547,0,1.11078675,267,NA,N,0,0,64
3739,1,1.248075,300,3547,N,1.66666666666667,0,64
3721,2,1.347921,324,3739,N,3.33333333333333,0,64
3647,3,1.447767,348,3721,N,5,0,64
3878,4,1.5392925,370,3647,N,6.66666666666667,0,64
4052,5,1.61833725,389,3878,N,8.33333333333333,0,64
3787,6,1.0067805,242,4052,Y,10,1,64
2608,0,0.6906015,166,NA,N,0,0,65
2716,1,0.6906015,166,2608,N,1.66666666666667,0,65
2758,2,0.698922,168,2716,N,3.33333333333333,0,65
2627,3,0.748845,180,2758,N,5,0,65
2682,4,0.7238835,174,2627,N,6.66666666666667,0,65
3815,5,0.782127,188,2682,N,8.33333333333333,0,65
2920,6,0.898614,216,3815,N,10,0,65
2677,7,0.77796675,187,2920,N,11.6666666666667,0,65
4271,8,0.7904475,190,2677,N,13.3333333333333,0,65
5722,9,0.782127,188,4271,N,15,0,65
4835,10,0.881973,212,5722,N,16.6666666666667,0,65
5148,11,0.8736525,210,4835,N,18.3333333333333,0,65
4285,12,0.94437675,227,5148,N,20,0,65
4706,13,0.9734985,234,4285,N,21.6666666666667,0,65
5133,14,0.88613325,213,4706,N,23.3333333333333,0,65
4260,15,0.93605625,225,5133,N,25,0,65
6394,16,1.065024,256,4260,N,26.6666666666667,0,65
6511,17,1.09414575,263,6394,N,28.3333333333333,0,65
6960,18,1.06086375,255,6511,N,30,0,65
6961,19,1.248075,300,6960,N,31.6666666666667,0,65
6093,20,1.16487,280,6961,N,33.3333333333333,0,65
7192,21,1.3063185,314,6093,N,35,0,65
7629,22,1.3895235,334,7192,N,36.6666666666667,0,65
7874,23,1.4061645,338,7629,N,38.3333333333333,0,65
10710,24,1.4560875,350,7874,N,40,0,65
8571,25,1.40200425,337,10710,N,41.6666666666667,0,65
9222,26,1.447767,348,8571,N,43.3333333333333,0,65
9679,27,1.3728825,330,9222,N,45,0,65
8510,28,1.33128,320,9679,N,46.6666666666667,0,65
10361,29,1.52681175,367,8510,N,48.3333333333333,0,65
9210,30,1.78474725,429,10361,N,50,0,65
9447,31,1.863792,448,9210,N,51.6666666666667,0,65
11192,32,1.98443925,477,9447,N,53.3333333333333,0,65
11698,33,0.96933825,233,11192,Y,55,1,65
11145,34,1.031742,248,11698,N,56.6666666666667,1,65
12027,35,0.86117175,207,11145,N,58.3333333333333,1,65
12537,36,0.931896,224,12027,N,60,1,65
12678,37,0.865332,208,12537,N,61.6666666666667,1,65
2612,0,0.81956925,197,NA,N,0,0,66
2720,1,0.76964625,185,2612,N,1.66666666666667,0,66
2762,2,0.84453075,203,2720,N,3.33333333333333,0,66
2630,3,0.80292825,193,2762,N,5,0,66
2687,4,0.81124875,195,2630,N,6.66666666666667,0,66
3817,5,0.8070885,194,2687,N,8.33333333333333,0,66
2925,6,0.898614,216,3817,N,10,0,66
2684,7,0.98597925,237,2925,N,11.6666666666667,0,66
4274,8,1.03590225,249,2684,N,13.3333333333333,0,66
5726,9,0.99429975,239,4274,N,15,0,66
4840,10,1.1066265,266,5726,N,16.6666666666667,0,66
5152,11,1.264716,304,4840,N,18.3333333333333,0,66
4288,12,1.26055575,303,5152,N,20,0,66
4709,13,1.21895325,293,4288,N,21.6666666666667,0,66
5140,14,1.3562415,326,4709,N,23.3333333333333,0,66
4263,15,1.42696575,343,5140,N,25,0,66
6396,16,1.4893695,358,4263,N,26.6666666666667,0,66
6513,17,1.65161925,397,6396,N,28.3333333333333,0,66
6964,18,1.78474725,429,6513,N,30,0,66
6966,19,1.70154225,409,6964,N,31.6666666666667,0,66
6095,20,1.59337575,383,6966,N,33.3333333333333,0,66
7195,21,1.84299075,443,6095,N,35,0,66
7635,22,0.8570115,206,7195,Y,36.6666666666667,1,66
7880,23,0.97765875,235,7635,N,38.3333333333333,1,66
10713,24,0.948537,228,7880,N,40,1,66
8575,25,0.98597925,237,10713,N,41.6666666666667,1,66
3556,0,0.8403705,202,NA,N,0,0,67
3744,1,0.9402165,226,3556,N,1.66666666666667,0,67
3738,2,0.815409,196,3744,N,3.33333333333333,0,67
3652,3,0.83621025,201,3738,N,5,0,67
3887,4,0.8736525,210,3652,N,6.66666666666667,0,67
4054,5,1.06086375,255,3887,N,8.33333333333333,0,67
3798,6,1.11910725,269,4054,N,10,0,67
3918,7,1.0899855,262,3798,N,11.6666666666667,0,67
5784,8,1.12742775,271,3918,N,13.3333333333333,0,67
6003,9,1.12742775,271,5784,N,15,0,67
5582,10,1.0899855,262,6003,N,16.6666666666667,0,67
5839,11,1.314639,316,5582,N,18.3333333333333,0,67
5151,12,1.314639,316,5839,N,20,0,67
5511,13,1.580895,380,5151,N,21.6666666666667,0,67
5892,14,1.41032475,339,5511,N,23.3333333333333,0,67
4772,15,1.564254,376,5892,N,25,0,67
6751,16,1.5060105,362,4772,N,26.6666666666667,0,67
7695,17,1.4560875,350,6751,N,28.3333333333333,0,67
8219,18,0.648999,156,7695,Y,30,1,67
2628,0,1.02758175,247,NA,N,0,0,68
2734,1,0.99429975,239,2628,N,1.66666666666667,0,68
2771,2,1.0400625,250,2734,N,3.33333333333333,0,68
2640,3,1.098306,264,2771,N,5,0,68
2702,4,1.19399175,287,2640,N,6.66666666666667,0,68
3822,5,1.15238925,277,2702,N,8.33333333333333,0,68
2932,6,1.10246625,265,3822,N,10,0,68
2691,7,1.06918425,257,2932,N,11.6666666666667,0,68
4277,8,1.081665,260,2691,N,13.3333333333333,0,68
5730,9,1.06086375,255,4277,N,15,0,68
4842,10,0.77796675,187,5730,N,16.6666666666667,0,68
5160,11,1.00262025,241,4842,N,18.3333333333333,0,68
4292,12,1.214793,292,5160,N,20,0,68
4714,13,1.13574825,273,4292,N,21.6666666666667,0,68
5594,14,0.74468475,179,4714,N,23.3333333333333,0,68
4457,15,0.97765875,235,5594,N,25,0,68
6577,16,0.7738065,186,4457,N,26.6666666666667,0,68
6705,17,0.9235755,222,6577,N,28.3333333333333,0,68
7231,18,0.98597925,237,6705,N,30,0,68
7270,19,0.98597925,237,7231,N,31.6666666666667,0,68
6195,20,0.9734985,234,7270,N,33.3333333333333,0,68
8069,21,1.13574825,273,6195,N,35,0,68
7825,22,1.231434,296,8069,N,36.6666666666667,0,68
8078,23,0.96933825,233,7825,N,38.3333333333333,0,68
10828,24,1.131588,272,8078,N,40,0,68
8883,25,1.081665,260,10828,N,41.6666666666667,0,68
9794,26,1.04422275,251,8883,N,43.3333333333333,0,68
10028,27,1.03590225,249,9794,N,45,0,68
8717,28,1.2730365,306,10028,N,46.6666666666667,0,68
10477,29,1.031742,248,8717,N,48.3333333333333,0,68
8925,30,0.931896,224,10477,N,50,0,68
9792,31,0.91109475,219,8925,N,51.6666666666667,0,68
11368,32,0.66980025,161,9792,N,53.3333333333333,0,68
11923,33,1.01926125,245,11368,N,55,0,68
11404,34,1.02758175,247,11923,N,56.6666666666667,0,68
12365,35,0.93605625,225,11404,N,58.3333333333333,0,68
12831,36,0.74468475,179,12365,N,60,0,68
12920,37,0.82788975,199,12831,N,61.6666666666667,0,68
2632,0,0.67812075,163,NA,N,0,0,69
2738,1,0.765486,184,2632,N,1.66666666666667,0,69
2774,2,0.765486,184,2738,N,3.33333333333333,0,69
2643,3,0.81956925,197,2774,N,5,0,69
2706,4,0.948537,228,2643,N,6.66666666666667,0,69
3824,5,0.92773575,223,2706,N,8.33333333333333,0,69
2937,6,0.88613325,213,3824,N,10,0,69
2699,7,1.07750475,259,2937,N,11.6666666666667,0,69
4280,8,1.0899855,262,2699,N,13.3333333333333,0,69
5735,9,1.16070975,279,4280,N,15,0,69
4847,10,1.19399175,287,5735,N,16.6666666666667,0,69
5164,11,1.26055575,303,4847,N,18.3333333333333,0,69
4295,12,1.264716,304,5164,N,20,0,69
4718,13,1.45192725,349,4295,N,21.6666666666667,0,69
5144,14,1.3562415,326,4718,N,23.3333333333333,0,69
4266,15,1.41032475,339,5144,N,25,0,69
6398,16,1.40200425,337,4266,N,26.6666666666667,0,69
6517,17,1.5060105,362,6398,N,28.3333333333333,0,69
6967,18,1.6724205,402,6517,N,30,0,69
6970,19,1.72650375,415,6967,N,31.6666666666667,0,69
6096,20,0.91109475,219,6970,Y,33.3333333333333,1,69
2637,0,0.8902935,214,NA,N,0,0,70
2741,1,0.8237295,198,2637,N,1.66666666666667,0,70
2778,2,0.815409,196,2741,N,3.33333333333333,0,70
2648,3,0.8403705,202,2778,N,5,0,70
2709,4,0.78628725,189,2648,N,6.66666666666667,0,70
3826,5,0.765486,184,2709,N,8.33333333333333,0,70
2962,7,0.848691,204,3826,N,11.6666666666667,0,70
4283,8,0.83205,200,2962,N,13.3333333333333,0,70
5737,9,0.83621025,201,4283,N,15,0,70
4850,10,0.815409,196,5737,N,16.6666666666667,0,70
5168,11,0.83621025,201,4850,N,18.3333333333333,0,70
4297,12,0.73636425,177,5168,N,20,0,70
5149,14,0.85285125,205,4297,N,23.3333333333333,0,70
6400,16,0.7738065,186,5149,N,26.6666666666667,0,70
6969,18,0.815409,196,6400,N,30,0,70
6973,19,0.8736525,210,6969,N,31.6666666666667,0,70
6098,20,0.7904475,190,6973,N,33.3333333333333,0,70
7887,23,0.83621025,201,6098,N,38.3333333333333,0,70
10716,24,0.898614,216,7887,N,40,0,70
9235,26,0.7571655,182,10716,N,43.3333333333333,0,70
9694,27,0.81956925,197,9235,N,45,0,70
11396,34,0.84453075,203,9694,N,56.6666666666667,0,70
12344,35,0.74468475,179,11396,N,58.3333333333333,0,70
12816,36,0.90277425,217,12344,N,60,0,70
12908,37,0.8403705,202,12816,N,61.6666666666667,0,70
2645,0,1.05254325,253,NA,N,0,0,71
2744,1,1.131588,272,2645,N,1.66666666666667,0,71
2784,2,1.1565495,278,2744,N,3.33333333333333,0,71
2653,3,1.198152,288,2784,N,5,0,71
2714,4,1.25223525,301,2653,N,6.66666666666667,0,71
3829,5,1.347921,324,2714,N,8.33333333333333,0,71
2943,6,1.40200425,337,3829,N,10,0,71
2968,7,1.431126,344,2943,N,11.6666666666667,0,71
4286,8,1.4228055,342,2968,N,13.3333333333333,0,71
5741,9,1.47688875,355,4286,N,15,0,71
4856,10,1.5725745,378,5741,N,16.6666666666667,0,71
5173,11,1.514331,364,4856,N,18.3333333333333,0,71
4301,12,1.3895235,334,5173,N,20,0,71
4723,13,1.963638,472,4301,N,21.6666666666667,0,71
5158,14,0.99846,240,4723,Y,23.3333333333333,1,71
4272,15,1.015101,244,5158,N,25,1,71
6403,16,1.06086375,255,4272,N,26.6666666666667,1,71
6521,17,1.02758175,247,6403,N,28.3333333333333,1,71
6975,18,1.07750475,259,6521,N,30,1,71
6978,19,1.1232675,270,6975,N,31.6666666666667,1,71
6100,20,1.2563955,302,6978,N,33.3333333333333,1,71
7208,21,1.26887625,305,6100,N,35,1,71
7646,22,1.214793,292,7208,N,36.6666666666667,1,71
7891,23,1.32711975,319,7646,N,38.3333333333333,1,71
10718,24,1.32711975,319,7891,N,40,1,71
8583,25,1.414485,340,10718,N,41.6666666666667,1,71
9247,26,1.431126,344,8583,N,43.3333333333333,1,71
9706,27,1.514331,364,9247,N,45,1,71
8520,28,1.4560875,350,9706,N,46.6666666666667,1,71
10368,29,1.75146525,421,8520,N,48.3333333333333,1,71
9236,30,1.7556255,422,10368,N,50,1,71
9474,31,1.946997,468,9236,N,51.6666666666667,1,71
11204,32,2.0385225,490,9474,N,53.3333333333333,1,71
11648,33,1.1399085,274,11204,Y,55,2,71
11088,34,1.37704275,331,11648,N,56.6666666666667,2,71
11968,35,1.414485,340,11088,N,58.3333333333333,2,71
12443,36,1.3728825,330,11968,N,60,2,71
12575,37,1.49352975,359,12443,N,61.6666666666667,2,71
2650,0,0.91109475,219,NA,N,0,0,72
2751,1,0.96933825,233,2650,N,1.66666666666667,0,72
2789,2,1.0234215,246,2751,N,3.33333333333333,0,72
2662,3,1.015101,244,2789,N,5,0,72
2723,4,0.931896,224,2662,N,6.66666666666667,0,72
3834,5,0.94437675,227,2723,N,8.33333333333333,0,72
2958,6,1.0567035,254,3834,N,10,0,72
2985,7,0.9402165,226,2958,N,11.6666666666667,0,72
4293,8,0.965178,232,2985,N,13.3333333333333,0,72
5753,9,1.0567035,254,4293,N,15,0,72
4865,10,1.031742,248,5753,N,16.6666666666667,0,72
5182,11,1.0234215,246,4865,N,18.3333333333333,0,72
4453,12,0.92773575,223,5182,N,20,0,72
4731,13,1.081665,260,4453,N,21.6666666666667,0,72
5169,14,0.98597925,237,4731,N,23.3333333333333,0,72
4278,15,1.01926125,245,5169,N,25,0,72
6408,16,0.97765875,235,4278,N,26.6666666666667,0,72
6527,17,0.965178,232,6408,N,28.3333333333333,0,72
6982,18,0.88613325,213,6527,N,30,0,72
6984,19,0.91941525,221,6982,N,31.6666666666667,0,72
6102,20,0.915255,220,6984,N,33.3333333333333,0,72
7217,21,0.931896,224,6102,N,35,0,72
7652,22,1.048383,252,7217,N,36.6666666666667,0,72
7897,23,0.92773575,223,7652,N,38.3333333333333,0,72
10720,24,0.98597925,237,7897,N,40,0,72
8587,25,0.99846,240,10720,N,41.6666666666667,0,72
9256,26,1.05254325,253,8587,N,43.3333333333333,0,72
9713,27,0.90277425,217,9256,N,45,0,72
8524,28,0.92773575,223,9713,N,46.6666666666667,0,72
10370,29,0.7904475,190,8524,N,48.3333333333333,0,72
9248,30,0.8403705,202,10370,N,50,0,72
9478,31,0.83621025,201,9248,N,51.6666666666667,0,72
11206,32,0.881973,212,9478,N,53.3333333333333,0,72
11649,33,0.865332,208,11206,N,55,0,72
11091,34,0.91941525,221,11649,N,56.6666666666667,0,72
11971,35,0.86117175,207,11091,N,58.3333333333333,0,72
12447,36,0.96101775,231,11971,N,60,0,72
12580,37,0.90277425,217,12447,N,61.6666666666667,0,72
2230,0,0.76132575,183,NA,N,0,0,73
2246,1,0.81124875,195,2230,N,1.66666666666667,0,73
2284,2,0.881973,212,2246,N,3.33333333333333,0,73
2250,3,0.90277425,217,2284,N,5,0,73
2282,4,0.90277425,217,2250,N,6.66666666666667,0,73
2245,5,0.9568575,230,2282,N,8.33333333333333,0,73
2300,6,1.09414575,263,2245,N,10,0,73
2265,7,1.16070975,279,2300,N,11.6666666666667,0,73
4062,8,1.2231135,294,2265,N,13.3333333333333,0,73
5410,9,1.3229595,318,4062,N,15,0,73
4539,10,1.39368375,335,5410,N,16.6666666666667,0,73
4561,11,1.42696575,343,4539,N,18.3333333333333,0,73
4063,12,1.464408,352,4561,N,20,0,73
4064,13,1.464408,352,4063,N,21.6666666666667,0,73
4782,14,1.547613,372,4064,N,23.3333333333333,0,73
4061,15,1.580895,380,4782,N,25,0,73
6308,16,1.630818,392,4061,N,26.6666666666667,0,73
6366,17,1.83051,440,6308,N,28.3333333333333,0,73
6794,18,1.730664,416,6366,N,30,0,73
6271,19,1.68490125,405,6794,N,31.6666666666667,0,73
6010,20,0.8070885,194,6271,Y,33.3333333333333,1,73
6905,21,1.01094075,243,6010,N,35,1,73
7237,22,1.065024,256,6905,N,36.6666666666667,1,73
7603,23,1.11078675,267,7237,N,38.3333333333333,1,73
10609,24,1.22727375,295,7603,N,40,1,73
8361,25,1.347921,324,10609,N,41.6666666666667,1,73
8307,26,1.2730365,306,8361,N,43.3333333333333,1,73
9234,27,1.397844,336,8307,N,45,1,73
8306,28,1.49769,360,9234,N,46.6666666666667,1,73
10256,29,1.42696575,343,8306,N,48.3333333333333,1,73
13424,31,NA,-1,10256,Y,51.6666666666667,2,73
2231,0,1.015101,244,NA,N,0,0,74
2247,1,1.048383,252,2231,N,1.66666666666667,0,74
2290,2,1.17735075,283,2247,N,3.33333333333333,0,74
2253,3,1.20231225,289,2290,N,5,0,74
2286,4,1.35208125,325,2253,N,6.66666666666667,0,74
2257,5,1.33544025,321,2286,N,8.33333333333333,0,74
2304,6,1.32711975,319,2257,N,10,0,74
2266,7,1.40200425,337,2304,N,11.6666666666667,0,74
4066,8,1.5559335,374,2266,N,13.3333333333333,0,74
5415,9,1.61001675,387,4066,N,15,0,74
4545,10,1.9220355,462,5415,N,16.6666666666667,0,74
4568,11,1.946997,468,4545,N,18.3333333333333,0,74
4077,12,1.67658075,403,4568,N,20,0,74
4455,13,0.765486,184,4077,Y,21.6666666666667,1,74
4784,14,1.02758175,247,4455,N,23.3333333333333,1,74
4065,15,1.015101,244,4784,N,25,1,74
6310,16,0.9235755,222,4065,N,26.6666666666667,1,74
6371,17,1.01926125,245,6310,N,28.3333333333333,1,74
6795,18,0.98597925,237,6371,N,30,1,74
6273,19,1.031742,248,6795,N,31.6666666666667,1,74
6012,20,1.07750475,259,6273,N,33.3333333333333,1,74
6908,21,1.297998,312,6012,N,35,1,74
7240,22,1.33128,320,6908,N,36.6666666666667,1,74
7608,23,1.347921,324,7240,N,38.3333333333333,1,74
10610,24,1.41864525,341,7608,N,40,1,74
8364,25,1.3396005,322,10610,N,41.6666666666667,1,74
8308,26,1.51849125,365,8364,N,43.3333333333333,1,74
9242,27,0.7238835,174,8308,Y,45,2,74
2232,0,0.931896,224,NA,N,0,0,75
2248,1,0.97765875,235,2232,N,1.66666666666667,0,75
2293,2,1.031742,248,2248,N,3.33333333333333,0,75
2255,3,1.11910725,269,2293,N,5,0,75
2289,4,1.131588,272,2255,N,6.66666666666667,0,75
2261,5,1.1731905,282,2289,N,8.33333333333333,0,75
2306,6,1.25223525,301,2261,N,10,0,75
2267,7,1.148229,276,2306,N,11.6666666666667,0,75
4068,8,1.21063275,291,2267,N,13.3333333333333,0,75
5420,9,1.26055575,303,4068,N,15,0,75
4551,10,1.2563955,302,5420,N,16.6666666666667,0,75
4573,11,1.3229595,318,4551,N,18.3333333333333,0,75
4080,12,1.431126,344,4573,N,20,0,75
4463,13,1.614177,388,4080,N,21.6666666666667,0,75
4792,14,1.630818,392,4463,N,23.3333333333333,0,75
4067,15,1.68490125,405,4792,N,25,0,75
6311,16,1.73482425,417,4067,N,26.6666666666667,0,75
6373,17,1.84299075,443,6311,N,28.3333333333333,0,75
6796,18,1.73482425,417,6373,N,30,0,75
6278,19,0.9235755,222,6796,Y,31.6666666666667,1,75
6014,20,0.8570115,206,6278,N,33.3333333333333,1,75
6915,21,1.081665,260,6014,N,35,1,75
7248,22,1.081665,260,6915,N,36.6666666666667,1,75
7613,23,1.11078675,267,7248,N,38.3333333333333,1,75
10612,24,1.16070975,279,7613,N,40,1,75
8366,25,1.19399175,287,10612,N,41.6666666666667,1,75
8309,26,1.3895235,334,8366,N,43.3333333333333,1,75
9246,27,1.38536325,333,8309,N,45,1,75
8345,28,1.2064725,290,9246,N,46.6666666666667,1,75
10259,29,1.3895235,334,8345,N,48.3333333333333,1,75
8739,30,1.31047875,315,10259,N,50,1,75
8937,31,1.4228055,342,8739,N,51.6666666666667,1,75
11036,32,0.67812075,163,8937,Y,53.3333333333333,2,75
11195,33,0.8070885,194,11036,N,55,2,75
10950,34,0.91109475,219,11195,N,56.6666666666667,2,75
11681,35,0.98597925,237,10950,N,58.3333333333333,2,75
12029,36,1.0234215,246,11681,N,60,2,75
2233,0,0.84453075,203,NA,N,0,0,76
2249,1,0.92773575,223,2233,N,1.66666666666667,0,76
2299,2,0.898614,216,2249,N,3.33333333333333,0,76
2259,3,0.88613325,213,2299,N,5,0,76
2323,4,0.898614,216,2259,N,6.66666666666667,0,76
2279,5,0.96101775,231,2323,N,8.33333333333333,0,76
2313,6,1.1066265,266,2279,N,10,0,76
2273,7,1.04422275,251,2313,N,11.6666666666667,0,76
4072,8,1.114947,268,2273,N,13.3333333333333,0,76
5431,9,1.24391475,299,4072,N,15,0,76
4565,10,1.13574825,273,5431,N,16.6666666666667,0,76
4591,11,1.297998,312,4565,N,18.3333333333333,0,76
4084,12,1.281357,308,4591,N,20,0,76
4466,13,1.56009375,375,4084,N,21.6666666666667,0,76
4805,14,1.38536325,333,4466,N,23.3333333333333,0,76
4071,15,1.5226515,366,4805,N,25,0,76
6313,16,1.680741,404,4071,N,26.6666666666667,0,76
6378,17,1.597536,384,6313,N,28.3333333333333,0,76
6806,18,0.80292825,193,6378,Y,30,1,76
6287,19,0.83621025,201,6806,N,31.6666666666667,1,76
6018,20,0.865332,208,6287,N,33.3333333333333,1,76
6924,21,0.9235755,222,6018,N,35,1,76
7256,22,0.948537,228,6924,N,36.6666666666667,1,76
7622,23,1.0067805,242,7256,N,38.3333333333333,1,76
10615,24,0.9568575,230,7622,N,40,1,76
8370,25,0.9901395,238,10615,N,41.6666666666667,1,76
8311,26,0.86117175,207,8370,N,43.3333333333333,1,76
9255,27,1.14406875,275,8311,N,45,1,76
8348,28,1.31047875,315,9255,N,46.6666666666667,1,76
10263,29,1.31047875,315,8348,N,48.3333333333333,1,76
8755,30,1.46024775,351,10263,N,50,1,76
8961,31,1.56841425,377,8755,N,51.6666666666667,1,76
11040,32,1.61001675,387,8961,N,53.3333333333333,1,76
11205,33,0.66564,160,11040,Y,55,2,76
10956,34,0.8070885,194,11205,N,56.6666666666667,2,76
11702,35,0.92773575,223,10956,N,58.3333333333333,2,76
12068,36,0.881973,212,11702,N,60,2,76
12145,37,0.915255,220,12068,N,61.6666666666667,2,76
2234,0,1.1399085,274,NA,N,0,0,77
2251,1,1.03590225,249,2234,N,1.66666666666667,0,77
2341,2,1.081665,260,2251,N,3.33333333333333,0,77
2263,3,1.20231225,289,2341,N,5,0,77
2325,4,1.31047875,315,2263,N,6.66666666666667,0,77
2281,5,1.53513225,369,2325,N,8.33333333333333,0,77
2339,6,1.5725745,378,2281,N,10,0,77
2298,7,1.863792,448,2339,N,11.6666666666667,0,77
4074,8,1.95115725,469,2298,N,13.3333333333333,0,77
5435,9,1.99275975,479,4074,N,15,0,77
4570,10,0.82788975,199,5435,Y,16.6666666666667,1,77
4596,11,0.93605625,225,4570,N,18.3333333333333,1,77
2236,0,0.682281,164,NA,N,0,0,78
2256,1,0.71140275,171,2236,N,1.66666666666667,0,78
2356,2,0.7072425,170,2256,N,3.33333333333333,0,78
2271,3,0.92773575,223,2356,N,5,0,78
2331,4,0.77796675,187,2271,N,6.66666666666667,0,78
2288,5,0.881973,212,2331,N,8.33333333333333,0,78
2361,6,1.05254325,253,2288,N,10,0,78
2318,7,0.9402165,226,2361,N,11.6666666666667,0,78
4097,8,1.015101,244,2318,N,13.3333333333333,0,78
5445,9,1.0234215,246,4097,N,15,0,78
4592,10,0.96101775,231,5445,N,16.6666666666667,0,78
4624,11,1.06918425,257,4592,N,18.3333333333333,0,78
4090,12,1.098306,264,4624,N,20,0,78
4475,13,1.2397545,298,4090,N,21.6666666666667,0,78
4821,14,1.1399085,274,4475,N,23.3333333333333,0,78
4078,15,1.25223525,301,4821,N,25,0,78
6317,16,1.3562415,326,4078,N,26.6666666666667,0,78
6387,17,1.36872225,329,6317,N,28.3333333333333,0,78
6814,18,1.38536325,333,6387,N,30,0,78
6798,19,1.4061645,338,6814,N,31.6666666666667,0,78
6021,20,1.5226515,366,6798,N,33.3333333333333,0,78
6937,21,1.680741,404,6021,N,35,0,78
7272,22,1.9220355,462,6937,N,36.6666666666667,0,78
7634,23,1.41864525,341,7272,N,38.3333333333333,0,78
10620,24,0.7904475,190,7634,Y,40,1,78
8384,25,0.815409,196,10620,N,41.6666666666667,1,78
8319,26,0.87781275,211,8384,N,43.3333333333333,1,78
9286,27,0.782127,188,8319,N,45,1,78
8355,28,0.80292825,193,9286,N,46.6666666666667,1,78
10270,29,0.8403705,202,8355,N,48.3333333333333,1,78
8776,30,0.79460775,191,10270,N,50,1,78
9011,31,0.91109475,219,8776,N,51.6666666666667,1,78
11049,32,0.898614,216,9011,N,53.3333333333333,1,78
11226,33,0.9568575,230,11049,N,55,1,78
10965,34,0.91941525,221,11226,N,56.6666666666667,1,78
11728,35,0.981819,236,10965,N,58.3333333333333,1,78
12101,36,1.114947,268,11728,N,60,1,78
12189,37,1.20231225,289,12101,N,61.6666666666667,1,78
3564,0,1.35208125,325,NA,N,0,0,79
3795,1,1.2896775,310,3564,N,1.66666666666667,0,79
3752,2,1.5060105,362,3795,N,3.33333333333333,0,79
3658,3,1.7223435,414,3752,N,5,0,79
3891,4,1.56009375,375,3658,N,6.66666666666667,0,79
4057,5,1.83467025,441,3891,N,8.33333333333333,0,79
3814,6,0.96933825,233,4057,Y,10,1,79
3922,7,0.881973,212,3814,N,11.6666666666667,1,79
5796,8,1.1232675,270,3922,N,13.3333333333333,1,79
6006,9,1.1066265,266,5796,N,15,1,79
5591,10,1.11078675,267,6006,N,16.6666666666667,1,79
5845,11,1.1066265,266,5591,N,18.3333333333333,1,79
5161,12,1.25223525,301,5845,N,20,1,79
5524,13,1.33128,320,5161,N,21.6666666666667,1,79
5896,14,1.16487,280,5524,N,23.3333333333333,1,79
4779,15,1.347921,324,5896,N,25,1,79
6756,16,1.2730365,306,4779,N,26.6666666666667,1,79
7699,17,1.44360675,347,6756,N,28.3333333333333,1,79
8226,18,1.3728825,330,7699,N,30,1,79
7588,19,1.56841425,377,8226,N,31.6666666666667,1,79
6301,20,1.5725745,378,7588,N,33.3333333333333,1,79
8299,21,1.68490125,405,6301,N,35,1,79
8023,22,1.97611875,475,8299,N,36.6666666666667,1,79
8256,23,1.747305,420,8023,N,38.3333333333333,1,79
10940,24,1.7389845,418,8256,N,40,1,79
9366,25,0.9069345,218,10940,Y,41.6666666666667,2,79
10089,26,1.1399085,274,9366,N,43.3333333333333,2,79
10246,27,1.02758175,247,10089,N,45,2,79
9103,28,1.09414575,263,10246,N,46.6666666666667,2,79
10599,29,1.05254325,253,9103,N,48.3333333333333,2,79
9712,30,1.11078675,267,10599,N,50,2,79
10219,31,1.22727375,295,9712,N,51.6666666666667,2,79
11614,32,1.21895325,293,10219,N,53.3333333333333,2,79
12272,33,1.32711975,319,11614,N,55,2,79
11845,34,1.51017075,363,12272,N,56.6666666666667,2,79
12775,35,1.42696575,343,11845,N,58.3333333333333,2,79
12710,36,0.765486,184,12775,Y,60,3,79
12843,37,0.76132575,183,12710,N,61.6666666666667,3,79
2664,0,1.19399175,287,NA,N,0,0,80
2775,1,1.248075,300,2664,N,1.66666666666667,0,80
2804,2,1.3063185,314,2775,N,3.33333333333333,0,80
2670,3,1.214793,292,2804,N,5,0,80
2733,4,1.28551725,309,2670,N,6.66666666666667,0,80
3839,5,1.38536325,333,2733,N,8.33333333333333,0,80
2971,6,1.597536,384,3839,N,10,0,80
2998,7,1.614177,388,2971,N,11.6666666666667,0,80
4302,8,1.73482425,417,2998,N,13.3333333333333,0,80
5765,9,1.780587,428,4302,N,15,0,80
4877,10,1.83051,440,5765,N,16.6666666666667,0,80
5191,11,0.965178,232,4877,Y,18.3333333333333,1,80
4461,12,0.898614,216,5191,N,20,1,80
3578,0,1.2064725,290,NA,N,0,0,81
3800,1,1.4061645,338,3578,N,1.66666666666667,0,81
3767,2,1.38536325,333,3800,N,3.33333333333333,0,81
3667,3,1.614177,388,3767,N,5,0,81
3893,4,1.44360675,347,3667,N,6.66666666666667,0,81
4059,5,1.530972,368,3893,N,8.33333333333333,0,81
3828,6,1.81802925,437,4059,N,10,0,81
3924,7,1.37704275,331,3828,N,11.6666666666667,0,81
5805,8,1.3063185,314,3924,N,13.3333333333333,0,81
6008,9,1.464408,352,5805,N,15,0,81
5601,10,1.48520925,357,6008,N,16.6666666666667,0,81
5854,11,1.49352975,359,5601,N,18.3333333333333,0,81
5176,12,1.31047875,315,5854,N,20,0,81
5544,13,1.43528625,345,5176,N,21.6666666666667,0,81
5902,14,1.481049,356,5544,N,23.3333333333333,0,81
4796,15,1.2397545,298,5902,N,25,0,81
6760,16,1.35208125,325,4796,N,26.6666666666667,0,81
7717,17,1.46856825,353,6760,N,28.3333333333333,0,81
8234,18,1.36872225,329,7717,N,30,0,81
7601,19,1.28551725,309,8234,N,31.6666666666667,0,81
6306,20,1.364562,328,7601,N,33.3333333333333,0,81
8304,21,1.57673475,379,6306,N,35,0,81
8034,22,1.74314475,419,8304,N,36.6666666666667,0,81
8277,23,1.49352975,359,8034,N,38.3333333333333,0,81
10947,24,1.56009375,375,8277,N,40,0,81
9393,25,1.414485,340,10947,N,41.6666666666667,0,81
10102,26,1.57673475,379,9393,N,43.3333333333333,0,81
10254,27,1.41864525,341,10102,N,45,0,81
9137,28,1.26887625,305,10254,N,46.6666666666667,0,81
10607,29,1.15238925,277,9137,N,48.3333333333333,0,81
9746,30,1.33128,320,10607,N,50,0,81
10239,31,1.3063185,314,9746,N,51.6666666666667,0,81
11642,32,1.1399085,274,10239,N,53.3333333333333,0,81
12298,33,1.08582525,261,11642,N,55,0,81
11873,34,1.0733445,258,12298,N,56.6666666666667,0,81
12807,35,1.0567035,254,11873,N,58.3333333333333,0,81
2667,0,0.77796675,187,NA,N,0,0,82
2779,1,0.86949225,209,2667,N,1.66666666666667,0,82
2808,2,1.01094075,243,2779,N,3.33333333333333,0,82
2676,3,1.015101,244,2808,N,5,0,82
2866,4,1.00262025,241,2676,N,6.66666666666667,0,82
3842,5,0.931896,224,2866,N,8.33333333333333,0,82
2976,6,1.0567035,254,3842,N,10,0,82
3004,7,1.0899855,262,2976,N,11.6666666666667,0,82
4305,8,1.11910725,269,3004,N,13.3333333333333,0,82
5769,9,1.148229,276,4305,N,15,0,82
4881,10,1.20231225,289,5769,N,16.6666666666667,0,82
5199,11,1.25223525,301,4881,N,18.3333333333333,0,82
4467,12,1.31879925,317,5199,N,20,0,82
4747,13,1.231434,296,4467,N,21.6666666666667,0,82
5192,14,1.1731905,282,4747,N,23.3333333333333,0,82
4294,15,1.4228055,342,5192,N,25,0,82
6417,16,1.3063185,314,4294,N,26.6666666666667,0,82
6537,17,1.3728825,330,6417,N,28.3333333333333,0,82
6999,18,1.1399085,274,6537,N,30,0,82
6998,19,0.83621025,201,6999,Y,31.6666666666667,1,82
6108,20,0.8237295,198,6998,N,33.3333333333333,1,82
7233,21,0.83621025,201,6108,N,35,1,82
7663,22,0.83205,200,7233,N,36.6666666666667,1,82
7909,23,0.91109475,219,7663,N,38.3333333333333,1,82
10726,24,0.83205,200,7909,N,40,1,82
8601,25,0.85285125,205,10726,N,41.6666666666667,1,82
9281,26,0.83205,200,8601,N,43.3333333333333,1,82
9736,27,1.17735075,283,9281,N,45,1,82
8536,28,1.1731905,282,9736,N,46.6666666666667,1,82
10484,29,0.682281,164,8536,Y,48.3333333333333,2,82
8988,30,0.76132575,183,10484,N,50,2,82
9808,31,0.7405245,178,8988,N,51.6666666666667,2,82
11376,32,0.782127,188,9808,N,53.3333333333333,2,82
11941,33,0.765486,184,11376,N,55,2,82
11414,34,0.7072425,170,11941,N,56.6666666666667,2,82
12386,35,0.57827475,139,11414,N,58.3333333333333,2,82
12863,36,0.71140275,171,12386,N,60,2,82
12941,37,0.7904475,190,12863,N,61.6666666666667,2,82
3583,0,0.7738065,186,NA,N,0,0,83
3805,1,0.75300525,181,3583,N,1.66666666666667,0,83
3772,2,0.76964625,185,3805,N,3.33333333333333,0,83
3672,3,0.70308225,169,3772,N,5,0,83
3894,4,0.80292825,193,3672,N,6.66666666666667,0,83
4060,5,0.99846,240,3894,N,8.33333333333333,0,83
3831,6,0.8902935,214,4060,N,10,0,83
3925,7,0.965178,232,3831,N,11.6666666666667,0,83
5809,8,0.99429975,239,3925,N,13.3333333333333,0,83
6009,9,1.08582525,261,5809,N,15,0,83
5606,10,1.114947,268,6009,N,16.6666666666667,0,83
5857,11,1.1232675,270,5606,N,18.3333333333333,0,83
5181,12,1.2064725,290,5857,N,20,0,83
5553,13,1.42696575,343,5181,N,21.6666666666667,0,83
5905,14,1.597536,384,5553,N,23.3333333333333,0,83
4798,15,1.29383775,311,5905,N,25,0,83
6761,16,1.7389845,418,4798,N,26.6666666666667,0,83
7722,17,0.82788975,199,6761,Y,28.3333333333333,1,83
8238,18,0.865332,208,7722,N,30,1,83
7605,19,0.8570115,206,8238,N,31.6666666666667,1,83
6307,20,0.90277425,217,7605,N,33.3333333333333,1,83
8305,21,0.881973,212,6307,N,35,1,83
8036,22,0.931896,224,8305,N,36.6666666666667,1,83
8279,23,0.848691,204,8036,N,38.3333333333333,1,83
10948,24,0.92773575,223,8279,N,40,1,83
9397,25,1.031742,248,10948,N,41.6666666666667,1,83
10103,26,1.0234215,246,9397,N,43.3333333333333,1,83
10255,27,1.01926125,245,10103,N,45,1,83
9139,28,0.715563,172,10255,N,46.6666666666667,1,83
11153,34,1.481049,356,9139,N,56.6666666666667,1,83
12036,35,0.95269725,229,11153,Y,58.3333333333333,2,83
12543,36,0.9069345,218,12036,N,60,2,83
12688,37,1.07750475,259,12543,N,61.6666666666667,2,83
2238,0,0.89445375,215,NA,N,0,0,84
2272,1,1.16487,280,2238,N,1.66666666666667,0,84
2373,2,1.148229,276,2272,N,3.33333333333333,0,84
2302,3,1.22727375,295,2373,N,5,0,84
2334,4,1.3063185,314,2302,N,6.66666666666667,0,84
2292,5,1.41032475,339,2334,N,8.33333333333333,0,84
2362,6,1.56009375,375,2292,N,10,0,84
2321,7,1.447767,348,2362,N,11.6666666666667,0,84
2672,0,0.93605625,225,NA,N,0,0,85
2785,1,0.91941525,221,2672,N,1.66666666666667,0,85
2813,2,0.981819,236,2785,N,3.33333333333333,0,85
2681,3,1.12742775,271,2813,N,5,0,85
2875,4,1.0400625,250,2681,N,6.66666666666667,0,85
3844,5,1.16070975,279,2875,N,8.33333333333333,0,85
2982,6,1.13574825,273,3844,N,10,0,85
3008,7,0.91941525,221,2982,N,11.6666666666667,0,85
4308,8,1.19399175,287,3008,N,13.3333333333333,0,85
5772,9,1.06086375,255,4308,N,15,0,85
4885,10,1.264716,304,5772,N,16.6666666666667,0,85
5203,11,1.16487,280,4885,N,18.3333333333333,0,85
4470,12,1.297998,312,5203,N,20,0,85
2678,0,1.21895325,293,NA,N,0,0,86
2791,1,1.21063275,291,2678,N,1.66666666666667,0,86
2820,2,1.314639,316,2791,N,3.33333333333333,0,86
2686,3,1.32711975,319,2820,N,5,0,86
2880,4,1.40200425,337,2686,N,6.66666666666667,0,86
3847,5,1.56841425,377,2880,N,8.33333333333333,0,86
2989,6,1.72650375,415,3847,N,10,0,86
3013,7,0.80292825,193,2989,Y,11.6666666666667,1,86
4309,8,0.848691,204,3013,N,13.3333333333333,1,86
2240,0,0.77796675,187,NA,N,0,0,87
2280,1,0.91941525,221,2240,N,1.66666666666667,0,87
2400,2,0.8902935,214,2280,N,3.33333333333333,0,87
2307,3,0.94437675,227,2400,N,5,0,87
2355,4,0.9402165,226,2307,N,6.66666666666667,0,87
2303,5,1.081665,260,2355,N,8.33333333333333,0,87
2379,6,1.065024,256,2303,N,10,0,87
2350,7,1.26055575,303,2379,N,11.6666666666667,0,87
4117,8,1.26887625,305,2350,N,13.3333333333333,0,87
5475,9,1.3895235,334,4117,N,15,0,87
4614,10,1.4394465,346,5475,N,16.6666666666667,0,87
4852,11,1.4893695,358,4614,N,18.3333333333333,0,87
4102,12,1.54345275,371,4852,N,20,0,87
4487,13,1.49352975,359,4102,N,21.6666666666667,0,87
4839,14,0.6240375,150,4487,Y,23.3333333333333,1,87
4087,15,0.7571655,182,4839,N,25,1,87
6320,16,0.798768,192,4087,N,26.6666666666667,1,87
6393,17,0.7904475,190,6320,N,28.3333333333333,1,87
6821,18,0.798768,192,6393,N,30,1,87
6803,19,0.93605625,225,6821,N,31.6666666666667,1,87
6027,20,0.96101775,231,6803,N,33.3333333333333,1,87
6962,21,0.9734985,234,6027,N,35,1,87
7389,22,1.1066265,266,6962,N,36.6666666666667,1,87
7683,23,1.22727375,295,7389,N,38.3333333333333,1,87
10627,24,1.27719675,307,7683,N,40,1,87
8396,25,1.3562415,326,10627,N,41.6666666666667,1,87
8326,26,1.31047875,315,8396,N,43.3333333333333,1,87
9311,27,1.51849125,365,8326,N,45,1,87
2683,0,0.62819775,151,NA,N,0,0,88
2795,1,0.8070885,194,2683,N,1.66666666666667,0,88
2823,2,0.61155675,147,2795,N,3.33333333333333,0,88
2690,3,0.8237295,198,2823,N,5,0,88
2886,4,0.765486,184,2690,N,6.66666666666667,0,88
3881,5,0.69476175,167,2886,N,8.33333333333333,0,88
3010,6,0.81124875,195,3881,N,10,0,88
3025,7,0.89445375,215,3010,N,11.6666666666667,0,88
4312,8,0.79460775,191,3025,N,13.3333333333333,0,88
5779,9,0.97765875,235,4312,N,15,0,88
4894,10,1.00262025,241,5779,N,16.6666666666667,0,88
5211,11,0.99429975,239,4894,N,18.3333333333333,0,88
4476,12,1.02758175,247,5211,N,20,0,88
4755,13,1.1731905,282,4476,N,21.6666666666667,0,88
5200,14,1.148229,276,4755,N,23.3333333333333,0,88
4300,15,1.131588,272,5200,N,25,0,88
6421,16,1.248075,300,4300,N,26.6666666666667,0,88
6541,17,1.4228055,342,6421,N,28.3333333333333,0,88
7008,18,1.49769,360,6541,N,30,0,88
7010,19,1.56009375,375,7008,N,31.6666666666667,0,88
6113,20,0.74468475,179,7010,Y,33.3333333333333,1,88
7255,21,0.7571655,182,6113,N,35,1,88
7672,22,0.78628725,189,7255,N,36.6666666666667,1,88
7920,23,0.79460775,191,7672,N,38.3333333333333,1,88
10732,24,0.8237295,198,7920,N,40,1,88
8616,25,0.85285125,205,10732,N,41.6666666666667,1,88
9328,26,0.91109475,219,8616,N,43.3333333333333,1,88
9761,27,0.96101775,231,9328,N,45,1,88
8549,28,1.114947,268,9761,N,46.6666666666667,1,88
10365,29,1.17735075,283,8549,N,48.3333333333333,1,88
9467,31,1.04422275,251,10365,N,51.6666666666667,1,88
11643,33,0.73636425,177,9467,Y,55,2,88
2688,0,0.7738065,186,NA,N,0,0,89
2798,1,0.76132575,183,2688,N,1.66666666666667,0,89
2827,2,0.798768,192,2798,N,3.33333333333333,0,89
2695,3,0.7238835,174,2827,N,5,0,89
2890,4,0.715563,172,2695,N,6.66666666666667,0,89
3882,5,0.782127,188,2890,N,8.33333333333333,0,89
3015,6,0.87781275,211,3882,N,10,0,89
3032,7,0.88613325,213,3015,N,11.6666666666667,0,89
4314,8,0.90277425,217,3032,N,13.3333333333333,0,89
5783,9,0.98597925,237,4314,N,15,0,89
4900,10,1.06086375,255,5783,N,16.6666666666667,0,89
5215,11,1.0567035,254,4900,N,18.3333333333333,0,89
4479,12,1.081665,260,5215,N,20,0,89
4760,13,1.12742775,271,4479,N,21.6666666666667,0,89
5206,14,1.2064725,290,4760,N,23.3333333333333,0,89
4303,15,1.30215825,313,5206,N,25,0,89
6423,16,1.33128,320,4303,N,26.6666666666667,0,89
6543,17,1.431126,344,6423,N,28.3333333333333,0,89
7011,18,1.52681175,367,6543,N,30,0,89
7014,19,1.51849125,365,7011,N,31.6666666666667,0,89
6114,20,1.7057025,410,7014,N,33.3333333333333,0,89
7262,21,1.813869,436,6114,N,35,0,89
7673,22,1.7556255,422,7262,N,36.6666666666667,0,89
7922,23,1.73482425,417,7673,N,38.3333333333333,0,89
10734,24,0.83621025,201,7922,Y,40,1,89
8620,25,0.8902935,214,10734,N,41.6666666666667,1,89
9333,26,1.0234215,246,8620,N,43.3333333333333,1,89
9764,27,1.05254325,253,9333,N,45,1,89
8550,28,1.2064725,290,9764,N,46.6666666666667,1,89
10382,29,1.1232675,270,8550,N,48.3333333333333,1,89
9329,30,1.12742775,271,10382,N,50,1,89
9513,31,1.28551725,309,9329,N,51.6666666666667,1,89
11675,33,1.38536325,333,9513,N,55,1,89
11122,34,0.74468475,179,11675,Y,56.6666666666667,2,89
12000,35,0.698922,168,11122,N,58.3333333333333,2,89
12494,36,0.915255,220,12000,N,60,2,89
12635,37,0.915255,220,12494,N,61.6666666666667,2,89
2243,0,0.7405245,178,NA,N,0,0,90
2291,1,0.7738065,186,2243,N,1.66666666666667,0,90
2409,2,0.81956925,197,2291,N,3.33333333333333,0,90
2314,3,0.9235755,222,2409,N,5,0,90
2374,4,0.881973,212,2314,N,6.66666666666667,0,90
2316,5,0.90277425,217,2374,N,8.33333333333333,0,90
2398,6,1.09414575,263,2316,N,10,0,90
2378,7,0.99429975,239,2398,N,11.6666666666667,0,90
4123,8,0.98597925,237,2378,N,13.3333333333333,0,90
5489,9,1.3063185,314,4123,N,15,0,90
4625,10,1.5392925,370,5489,N,16.6666666666667,0,90
4862,11,1.4893695,358,4625,N,18.3333333333333,0,90
4111,12,0.81124875,195,4862,Y,20,1,90
4492,13,0.765486,184,4111,N,21.6666666666667,1,90
4849,14,0.76964625,185,4492,N,23.3333333333333,1,90
4095,15,0.91109475,219,4849,N,25,1,90
6322,16,0.85285125,205,4095,N,26.6666666666667,1,90
6395,17,0.815409,196,6322,N,28.3333333333333,1,90
6824,18,0.82788975,199,6395,N,30,1,90
6810,19,0.8570115,206,6824,N,31.6666666666667,1,90
6029,20,0.865332,208,6810,N,33.3333333333333,1,90
6968,21,1.048383,252,6029,N,35,1,90
7398,22,1.015101,244,6968,N,36.6666666666667,1,90
7702,23,1.081665,260,7398,N,38.3333333333333,1,90
10631,24,1.114947,268,7702,N,40,1,90
8405,25,1.2064725,290,10631,N,41.6666666666667,1,90
8330,26,1.231434,296,8405,N,43.3333333333333,1,90
9341,27,0.63651825,153,8330,Y,45,2,90
8365,28,0.8902935,214,9341,N,46.6666666666667,2,90
10281,29,0.85285125,205,8365,N,48.3333333333333,2,90
8817,30,0.965178,232,10281,N,50,2,90
9048,31,0.965178,232,8817,N,51.6666666666667,2,90
11063,32,0.99846,240,9048,N,53.3333333333333,2,90
11242,33,0.948537,228,11063,N,55,2,90
10975,34,0.93605625,225,11242,N,56.6666666666667,2,90
11750,35,1.081665,260,10975,N,58.3333333333333,2,90
12137,36,0.9235755,222,11750,N,60,2,90
12246,37,0.97765875,235,12137,N,61.6666666666667,2,90
2692,0,0.8570115,206,NA,N,0,0,91
2803,1,0.81124875,195,2692,N,1.66666666666667,0,91
2831,2,0.81956925,197,2803,N,3.33333333333333,0,91
2701,3,0.85285125,205,2831,N,5,0,91
2897,4,0.95269725,229,2701,N,6.66666666666667,0,91
3884,5,0.981819,236,2897,N,8.33333333333333,0,91
3021,6,0.96933825,233,3884,N,10,0,91
3036,7,0.9069345,218,3021,N,11.6666666666667,0,91
4316,8,0.9734985,234,3036,N,13.3333333333333,0,91
5789,9,0.99846,240,4316,N,15,0,91
4904,10,1.04422275,251,5789,N,16.6666666666667,0,91
5218,11,1.07750475,259,4904,N,18.3333333333333,0,91
4482,12,1.12742775,271,5218,N,20,0,91
4763,13,1.1232675,270,4482,N,21.6666666666667,0,91
5209,14,1.1399085,274,4763,N,23.3333333333333,0,91
4306,15,1.25223525,301,5209,N,25,0,91
6425,16,1.29383775,311,4306,N,26.6666666666667,0,91
6545,17,1.3895235,334,6425,N,28.3333333333333,0,91
7013,18,1.397844,336,6545,N,30,0,91
7017,19,1.6224975,390,7013,N,31.6666666666667,0,91
6115,20,1.730664,416,7017,N,33.3333333333333,0,91
7267,21,1.6724205,402,6115,N,35,0,91
7674,22,1.83051,440,7267,N,36.6666666666667,0,91
7924,23,1.730664,416,7674,N,38.3333333333333,0,91
10735,24,1.847151,444,7924,N,40,0,91
8622,25,1.94283675,467,10735,N,41.6666666666667,0,91
9343,26,1.913715,460,8622,N,43.3333333333333,0,91
9767,27,1.9386765,466,9343,N,45,0,91
8554,28,0.7238835,174,9767,Y,46.6666666666667,1,91
10384,29,0.80292825,193,8554,N,48.3333333333333,1,91
11336,34,1.30215825,313,10384,N,56.6666666666667,1,91
12220,35,1.13574825,273,11336,N,58.3333333333333,1,91
12733,36,1.03590225,249,12220,N,60,1,91
2696,0,0.79460775,191,NA,N,0,0,92
2807,1,0.965178,232,2696,N,1.66666666666667,0,92
2835,2,0.965178,232,2807,N,3.33333333333333,0,92
2705,3,1.1565495,278,2835,N,5,0,92
2903,4,1.02758175,247,2705,N,6.66666666666667,0,92
3885,5,1.15238925,277,2903,N,8.33333333333333,0,92
3030,6,1.23559425,297,3885,N,10,0,92
3045,7,1.06086375,255,3030,N,11.6666666666667,0,92
4319,8,1.20231225,289,3045,N,13.3333333333333,0,92
5793,9,1.44360675,347,4319,N,15,0,92
4907,10,1.37704275,331,5793,N,16.6666666666667,0,92
5222,11,1.50185025,361,4907,N,18.3333333333333,0,92
4485,12,1.48520925,357,5222,N,20,0,92
4769,13,1.63497825,393,4485,N,21.6666666666667,0,92
5214,14,1.58505525,381,4769,N,23.3333333333333,0,92
4310,15,1.47688875,355,5214,N,25,0,92
6429,16,0.915255,220,4310,Y,26.6666666666667,1,92
6549,17,1.031742,248,6429,N,28.3333333333333,1,92
7018,18,0.8736525,210,6549,N,30,1,92
7021,19,0.94437675,227,7018,N,31.6666666666667,1,92
6117,20,0.915255,220,7021,N,33.3333333333333,1,92
7275,21,1.01926125,245,6117,N,35,1,92
7678,22,1.02758175,247,7275,N,36.6666666666667,1,92
7929,23,1.048383,252,7678,N,38.3333333333333,1,92
10737,24,1.1232675,270,7929,N,40,1,92
8629,25,1.10246625,265,10737,N,41.6666666666667,1,92
9354,26,1.1898315,286,8629,N,43.3333333333333,1,92
9772,27,1.36040175,327,9354,N,45,1,92
8558,28,1.46024775,351,9772,N,46.6666666666667,1,92
10386,29,1.5060105,362,8558,N,48.3333333333333,1,92
9836,31,1.52681175,367,10386,N,51.6666666666667,1,92
11415,32,0.7072425,170,9836,Y,53.3333333333333,2,92
11967,33,0.91109475,219,11415,N,55,2,92
11439,34,1.0234215,246,11967,N,56.6666666666667,2,92
12420,35,0.981819,236,11439,N,58.3333333333333,2,92
12888,36,1.0733445,258,12420,N,60,2,92
12962,37,1.1565495,278,12888,N,61.6666666666667,2,92
3042,0,0.7738065,186,NA,N,0,0,93
3325,1,0.89445375,215,3042,N,1.66666666666667,0,93
3270,2,0.931896,224,3325,N,3.33333333333333,0,93
3118,3,0.99846,240,3270,N,5,0,93
3274,4,0.9568575,230,3118,N,6.66666666666667,0,93
3972,5,1.048383,252,3274,N,8.33333333333333,0,93
3357,6,1.248075,300,3972,N,10,0,93
3577,7,1.065024,256,3357,N,11.6666666666667,0,93
4434,8,0.99846,240,3577,N,13.3333333333333,0,93
5923,9,1.07750475,259,4434,N,15,0,93
5212,10,1.10246625,265,5923,N,16.6666666666667,0,93
5447,11,1.081665,260,5212,N,18.3333333333333,0,93
4741,12,1.19399175,287,5447,N,20,0,93
5078,13,1.22727375,295,4741,N,21.6666666666667,0,93
5534,14,1.18567125,285,5078,N,23.3333333333333,0,93
4433,15,1.05254325,253,5534,N,25,0,93
6554,16,1.0400625,250,4433,N,26.6666666666667,0,93
6679,17,1.1565495,278,6554,N,28.3333333333333,0,93
7200,18,1.16070975,279,6679,N,30,0,93
7225,19,1.21063275,291,7200,N,31.6666666666667,0,93
6185,20,1.2730365,306,7225,N,33.3333333333333,0,93
7573,21,1.46856825,353,6185,N,35,0,93
7804,22,1.5392925,370,7573,N,36.6666666666667,0,93
8062,23,1.5226515,366,7804,N,38.3333333333333,0,93
10816,24,1.52681175,367,8062,N,40,0,93
9753,26,1.59337575,383,10816,N,43.3333333333333,0,93
9997,27,1.530972,368,9753,N,45,0,93
8691,28,1.697382,408,9997,N,46.6666666666667,0,93
10460,29,0.7238835,174,8691,Y,48.3333333333333,1,93
8822,30,0.865332,208,10460,N,50,1,93
9749,31,0.86949225,209,8822,N,51.6666666666667,1,93
11345,32,0.965178,232,9749,N,53.3333333333333,1,93
11896,33,0.96101775,231,11345,N,55,1,93
11379,34,0.93605625,225,11896,N,56.6666666666667,1,93
12320,35,1.01094075,243,11379,N,58.3333333333333,1,93
12783,36,1.181511,284,12320,N,60,1,93
12883,37,1.36040175,327,12783,N,61.6666666666667,1,93
2704,0,1.22727375,295,NA,N,0,0,94
2819,1,1.231434,296,2704,N,1.66666666666667,0,94
2840,2,1.24391475,299,2819,N,3.33333333333333,0,94
2712,3,1.564254,376,2840,N,5,0,94
2908,4,1.25223525,301,2712,N,6.66666666666667,0,94
3890,5,1.364562,328,2908,N,8.33333333333333,0,94
3039,6,1.6641,400,3890,N,10,0,94
3048,7,1.57673475,379,3039,N,11.6666666666667,0,94
4321,8,1.4560875,350,3048,N,13.3333333333333,0,94
5798,9,1.6724205,402,4321,N,15,0,94
4916,10,1.70986275,411,5798,N,16.6666666666667,0,94
5228,11,1.75978575,423,4916,N,18.3333333333333,0,94
4489,12,1.847151,444,5228,N,20,0,94
4773,13,1.76810625,425,4489,N,21.6666666666667,0,94
5219,14,1.647459,396,4773,N,23.3333333333333,0,94
4313,15,2.113407,508,5219,N,25,0,94
6432,16,0.8403705,202,4313,Y,26.6666666666667,1,94
6552,17,0.84453075,203,6432,N,28.3333333333333,1,94
7024,18,0.87781275,211,6552,N,30,1,94
7027,19,0.86949225,209,7024,N,31.6666666666667,1,94
6119,20,0.84453075,203,7027,N,33.3333333333333,1,94
7282,21,1.0067805,242,6119,N,35,1,94
7682,22,1.00262025,241,7282,N,36.6666666666667,1,94
7932,23,0.91941525,221,7682,N,38.3333333333333,1,94
10739,24,1.01094075,243,7932,N,40,1,94
8634,25,1.031742,248,10739,N,41.6666666666667,1,94
9362,26,1.08582525,261,8634,N,43.3333333333333,1,94
9778,27,1.131588,272,9362,N,45,1,94
8562,28,1.081665,260,9778,N,46.6666666666667,1,94
10388,29,1.06918425,257,8562,N,48.3333333333333,1,94
9349,30,1.03590225,249,10388,N,50,1,94
9524,31,1.3728825,330,9349,N,51.6666666666667,1,94
11222,32,1.564254,376,9524,N,53.3333333333333,1,94
11685,33,0.84453075,203,11222,Y,55,2,94
11130,34,0.698922,168,11685,N,56.6666666666667,2,94
12014,35,0.83205,200,11130,N,58.3333333333333,2,94
12516,36,0.8736525,210,12014,N,60,2,94
12659,37,0.81124875,195,12516,N,61.6666666666667,2,94
3044,0,1.12742775,271,NA,N,0,0,95
3332,1,1.2563955,302,3044,N,1.66666666666667,0,95
3278,2,1.34376075,323,3332,N,3.33333333333333,0,95
3123,3,1.281357,308,3278,N,5,0,95
3279,4,1.31879925,317,3123,N,6.66666666666667,0,95
2430,5,1.4560875,350,3279,N,8.33333333333333,0,95
2463,6,0.78628725,189,2430,Y,10,1,95
2417,7,0.8237295,198,2463,N,11.6666666666667,1,95
4158,8,0.85285125,205,2417,N,13.3333333333333,1,95
5562,9,0.9069345,218,4158,N,15,1,95
4680,10,0.90277425,217,5562,N,16.6666666666667,1,95
4931,11,1.00262025,241,4680,N,18.3333333333333,1,95
4157,12,0.981819,236,4931,N,20,1,95
4535,13,0.92773575,223,4157,N,21.6666666666667,1,95
4929,14,0.91109475,219,4535,N,23.3333333333333,1,95
4141,15,0.95269725,229,4929,N,25,1,95
6338,16,1.04422275,251,4141,N,26.6666666666667,1,95
6428,17,1.22727375,295,6338,N,28.3333333333333,1,95
6853,18,1.1731905,282,6428,N,30,1,95
6854,19,1.16070975,279,6853,N,31.6666666666667,1,95
6046,20,1.37704275,331,6854,N,33.3333333333333,1,95
7032,21,1.414485,340,6046,N,35,1,95
7475,22,1.4394465,346,7032,N,36.6666666666667,1,95
10779,24,0.76964625,185,7475,Y,40,2,95
3069,0,0.7738065,186,NA,N,0,0,96
3334,1,0.85285125,205,3069,N,1.66666666666667,0,96
3286,2,0.881973,212,3334,N,3.33333333333333,0,96
3129,3,1.05254325,253,3286,N,5,0,96
3283,4,0.98597925,237,3129,N,6.66666666666667,0,96
3973,5,1.06086375,255,3283,N,8.33333333333333,0,96
3362,6,1.2064725,290,3973,N,10,0,96
3584,7,1.26055575,303,3362,N,11.6666666666667,0,96
4436,8,1.27719675,307,3584,N,13.3333333333333,0,96
5924,9,1.42696575,343,4436,N,15,0,96
5216,10,1.3728825,330,5924,N,16.6666666666667,0,96
5454,11,1.4893695,358,5216,N,18.3333333333333,0,96
4746,12,1.5892155,382,5454,N,20,0,96
5084,13,1.70986275,411,4746,N,21.6666666666667,0,96
5540,14,1.730664,416,5084,N,23.3333333333333,0,96
4435,15,1.930356,464,5540,N,25,0,96
6557,16,2.06764425,497,4435,N,26.6666666666667,0,96
6681,17,0.99429975,239,6557,Y,28.3333333333333,1,96
7203,18,0.931896,224,6681,N,30,1,96
7227,19,0.92773575,223,7203,N,31.6666666666667,1,96
6186,20,1.07750475,259,7227,N,33.3333333333333,1,96
7576,21,1.131588,272,6186,N,35,1,96
7806,22,1.281357,308,7576,N,36.6666666666667,1,96
8064,23,1.314639,316,7806,N,38.3333333333333,1,96
10817,24,1.3396005,322,8064,N,40,1,96
8851,25,1.5392925,370,10817,N,41.6666666666667,1,96
9757,26,1.5559335,374,8851,N,43.3333333333333,1,96
9999,27,1.697382,408,9757,N,45,1,96
8693,28,1.84299075,443,9999,N,46.6666666666667,1,96
10461,29,0.93605625,225,8693,Y,48.3333333333333,2,96
8841,30,0.9734985,234,10461,N,50,2,96
9752,31,0.93605625,225,8841,N,51.6666666666667,2,96
11347,32,1.09414575,263,9752,N,53.3333333333333,2,96
11898,33,1.08582525,261,11347,N,55,2,96
11384,34,1.198152,288,11898,N,56.6666666666667,2,96
12331,35,1.198152,288,11384,N,58.3333333333333,2,96
12797,36,1.24391475,299,12331,N,60,2,96
12891,37,1.20231225,289,12797,N,61.6666666666667,2,96
2254,0,0.6573195,158,NA,N,0,0,97
2312,1,0.6739605,162,2254,N,1.66666666666667,0,97
2410,2,0.78628725,189,2312,N,3.33333333333333,0,97
2317,3,0.91941525,221,2410,N,5,0,97
2393,4,0.732204,176,2317,N,6.66666666666667,0,97
2319,5,0.74468475,179,2393,N,8.33333333333333,0,97
2407,6,0.88613325,213,2319,N,10,0,97
2383,7,0.73636425,177,2407,N,11.6666666666667,0,97
4125,8,0.765486,184,2383,N,13.3333333333333,0,97
5492,9,0.88613325,213,4125,N,15,0,97
4628,10,0.865332,208,5492,N,16.6666666666667,0,97
4867,11,0.8570115,206,4628,N,18.3333333333333,0,97
4114,12,0.9069345,218,4867,N,20,0,97
4495,13,0.81956925,197,4114,N,21.6666666666667,0,97
4854,14,0.77796675,187,4495,N,23.3333333333333,0,97
4098,15,0.81956925,197,4854,N,25,0,97
6323,16,0.71140275,171,4098,N,26.6666666666667,0,97
6397,17,0.71972325,173,6323,N,28.3333333333333,0,97
6826,18,0.62819775,151,6397,N,30,0,97
6813,19,0.71972325,173,6826,N,31.6666666666667,0,97
6030,20,0.748845,180,6813,N,33.3333333333333,0,97
6971,21,0.86117175,207,6030,N,35,0,97
7402,22,0.94437675,227,6971,N,36.6666666666667,0,97
7705,23,0.8070885,194,7402,N,38.3333333333333,0,97
10632,24,0.7738065,186,7705,N,40,0,97
8407,25,0.715563,172,10632,N,41.6666666666667,0,97
8331,26,0.7904475,190,8407,N,43.3333333333333,0,97
9346,27,0.565794,136,8331,N,45,0,97
8367,28,0.61987725,149,9346,N,46.6666666666667,0,97
10282,29,0.5075505,122,8367,N,48.3333333333333,0,97
8824,30,0.6406785,154,10282,N,50,0,97
9052,31,0.5907555,142,8824,N,51.6666666666667,0,97
11064,32,0.65315925,157,9052,N,53.3333333333333,0,97
11243,33,0.63651825,153,11064,N,55,0,97
10976,34,0.7072425,170,11243,N,56.6666666666667,0,97
11752,35,0.66147975,159,10976,N,58.3333333333333,0,97
12142,36,0.62819775,151,11752,N,60,0,97
12256,37,0.61155675,147,12142,N,61.6666666666667,0,97
2708,0,1.214793,292,NA,N,0,0,98
2824,1,1.2231135,294,2708,N,1.66666666666667,0,98
2851,2,1.530972,368,2824,N,3.33333333333333,0,98
2724,3,1.21895325,293,2851,N,5,0,98
2923,4,1.6724205,402,2724,N,6.66666666666667,0,98
3895,5,1.647459,396,2923,N,8.33333333333333,0,98
3040,6,0.95269725,229,3895,Y,10,1,98
3054,7,0.865332,208,3040,N,11.6666666666667,1,98
4325,8,0.915255,220,3054,N,13.3333333333333,1,98
5802,9,1.03590225,249,4325,N,15,1,98
4921,10,1.1898315,286,5802,N,16.6666666666667,1,98
5231,11,1.098306,264,4921,N,18.3333333333333,1,98
4493,12,1.1898315,286,5231,N,20,1,98
4777,13,1.26887625,305,4493,N,21.6666666666667,1,98
5224,14,1.30215825,313,4777,N,23.3333333333333,1,98
4315,15,1.33544025,321,5224,N,25,1,98
6435,16,1.44360675,347,4315,N,26.6666666666667,1,98
6555,17,1.464408,352,6435,N,28.3333333333333,1,98
7028,18,1.4394465,346,6555,N,30,1,98
7034,19,1.62665775,391,7028,N,31.6666666666667,1,98
6120,20,1.6391385,394,7034,N,33.3333333333333,1,98
13497,21,NA,-1,6120,Y,35,2,98
3074,0,0.748845,180,NA,N,0,0,99
3337,1,0.73636425,177,3074,N,1.66666666666667,0,99
3324,2,0.965178,232,3337,N,3.33333333333333,0,99
3132,3,0.8736525,210,3324,N,5,0,99
3288,4,0.92773575,223,3132,N,6.66666666666667,0,99
3974,5,0.915255,220,3288,N,8.33333333333333,0,99
3367,6,1.098306,264,3974,N,10,0,99
3591,7,0.9235755,222,3367,N,11.6666666666667,0,99
4437,8,1.0567035,254,3591,N,13.3333333333333,0,99
5925,9,1.048383,252,4437,N,15,0,99
5220,10,1.0899855,262,5925,N,16.6666666666667,0,99
5462,11,1.16487,280,5220,N,18.3333333333333,0,99
4751,12,1.3562415,326,5462,N,20,0,99
5089,13,1.53513225,369,4751,N,21.6666666666667,0,99
5546,14,1.4394465,346,5089,N,23.3333333333333,0,99
4438,15,1.5392925,370,5546,N,25,0,99
6560,16,1.62665775,391,4438,N,26.6666666666667,0,99
6685,17,1.68490125,405,6560,N,28.3333333333333,0,99
2715,0,0.898614,216,NA,N,0,0,100
2828,1,0.99429975,239,2715,N,1.66666666666667,0,100
2856,2,0.90277425,217,2828,N,3.33333333333333,0,100
2729,3,0.93605625,225,2856,N,5,0,100
2929,4,0.9402165,226,2729,N,6.66666666666667,0,100
3896,5,1.00262025,241,2929,N,8.33333333333333,0,100
3043,6,1.00262025,241,3896,N,10,0,100
3057,7,1.1232675,270,3043,N,11.6666666666667,0,100
4327,8,1.1731905,282,3057,N,13.3333333333333,0,100
5806,9,1.16903025,281,4327,N,15,0,100
4925,10,1.181511,284,5806,N,16.6666666666667,0,100
5235,11,1.148229,276,4925,N,18.3333333333333,0,100
4496,12,1.40200425,337,5235,N,20,0,100
4781,13,0.69476175,167,4496,Y,21.6666666666667,1,100
5226,14,0.80292825,193,4781,N,23.3333333333333,1,100
4317,15,0.83205,200,5226,N,25,1,100
6437,16,0.94437675,227,4317,N,26.6666666666667,1,100
6556,17,0.965178,232,6437,N,28.3333333333333,1,100
7031,18,1.02758175,247,6556,N,30,1,100
7037,19,0.95269725,229,7031,N,31.6666666666667,1,100
6121,20,0.9235755,222,7037,N,33.3333333333333,1,100
7286,21,1.1399085,274,6121,N,35,1,100
7684,22,1.098306,264,7286,N,36.6666666666667,1,100
7934,23,1.0234215,246,7684,N,38.3333333333333,1,100
10740,24,1.05254325,253,7934,N,40,1,100
8638,25,1.231434,296,10740,N,41.6666666666667,1,100
9383,26,1.2563955,302,8638,N,43.3333333333333,1,100
9789,27,1.0733445,258,9383,N,45,1,100
8568,28,1.54345275,371,9789,N,46.6666666666667,1,100
10390,29,0.7072425,170,8568,Y,48.3333333333333,2,100
3084,0,1.46024775,351,NA,N,0,0,101
3341,1,1.54345275,371,3084,N,1.66666666666667,0,101
3345,2,0.6906015,166,3341,Y,3.33333333333333,1,101
3139,3,0.71140275,171,3345,N,5,1,101
2722,0,0.92773575,223,NA,N,0,0,102
2833,1,1.0899855,262,2722,N,1.66666666666667,0,102
2861,2,1.1066265,266,2833,N,3.33333333333333,0,102
2730,3,1.0234215,246,2861,N,5,0,102
2934,4,1.1399085,274,2730,N,6.66666666666667,0,102
3897,5,1.1898315,286,2934,N,8.33333333333333,0,102
3046,6,1.31047875,315,3897,N,10,0,102
3062,7,1.314639,316,3046,N,11.6666666666667,0,102
4329,8,1.35208125,325,3062,N,13.3333333333333,0,102
5811,9,1.3562415,326,4329,N,15,0,102
4932,10,1.5559335,374,5811,N,16.6666666666667,0,102
5239,11,1.3562415,326,4932,N,18.3333333333333,0,102
4499,12,0.81956925,197,5239,Y,20,1,102
4789,13,0.78628725,189,4499,N,21.6666666666667,1,102
5232,14,0.79460775,191,4789,N,23.3333333333333,1,102
4320,15,0.92773575,223,5232,N,25,1,102
6441,16,0.96933825,233,4320,N,26.6666666666667,1,102
6559,17,0.92773575,223,6441,N,28.3333333333333,1,102
7036,18,0.9235755,222,6559,N,30,1,102
2727,0,0.8902935,214,NA,N,0,0,103
2838,1,0.815409,196,2727,N,1.66666666666667,0,103
2865,2,0.848691,204,2838,N,3.33333333333333,0,103
2735,3,0.9235755,222,2865,N,5,0,103
2940,4,0.88613325,213,2735,N,6.66666666666667,0,103
3898,5,0.83621025,201,2940,N,8.33333333333333,0,103
3047,6,0.9402165,226,3898,N,10,0,103
3066,7,0.881973,212,3047,N,11.6666666666667,0,103
4331,8,0.8570115,206,3066,N,13.3333333333333,0,103
5813,9,0.898614,216,4331,N,15,0,103
4941,10,0.84453075,203,5813,N,16.6666666666667,0,103
5246,11,0.8902935,214,4941,N,18.3333333333333,0,103
4508,12,0.86117175,207,5246,N,20,0,103
4806,13,0.8902935,214,4508,N,21.6666666666667,0,103
5244,14,0.88613325,213,4806,N,23.3333333333333,0,103
4326,15,0.865332,208,5244,N,25,0,103
6446,16,0.87781275,211,4326,N,26.6666666666667,0,103
6565,17,0.86949225,209,6446,N,28.3333333333333,0,103
7044,18,0.87781275,211,6565,N,30,0,103
7048,19,0.86117175,207,7044,N,31.6666666666667,0,103
6125,20,0.86117175,207,7048,N,33.3333333333333,0,103
7301,21,0.8902935,214,6125,N,35,0,103
7689,22,0.881973,212,7301,N,36.6666666666667,0,103
7942,23,0.86949225,209,7689,N,38.3333333333333,0,103
10745,24,0.881973,212,7942,N,40,0,103
8651,25,0.72804375,175,10745,N,41.6666666666667,0,103
9404,26,0.881973,212,8651,N,43.3333333333333,0,103
9806,27,0.72804375,175,9404,N,45,0,103
8574,28,0.66980025,161,9806,N,46.6666666666667,0,103
10395,29,0.60323625,145,8574,N,48.3333333333333,0,103
2731,0,1.0733445,258,NA,N,0,0,104
2844,1,1.131588,272,2731,N,1.66666666666667,0,104
2870,2,1.22727375,295,2844,N,3.33333333333333,0,104
2739,3,1.248075,300,2870,N,5,0,104
2946,4,1.36040175,327,2739,N,6.66666666666667,0,104
3899,5,1.530972,368,2946,N,8.33333333333333,0,104
3049,6,1.7057025,410,3899,N,10,0,104
3072,7,1.47688875,355,3049,N,11.6666666666667,0,104
4332,8,1.25223525,301,3072,N,13.3333333333333,0,104
5527,9,0.86117175,207,4332,Y,15,1,104
4652,10,0.765486,184,5527,N,16.6666666666667,1,104
4892,11,0.86949225,209,4652,N,18.3333333333333,1,104
4131,12,0.881973,212,4892,N,20,1,104
2736,0,0.91941525,221,NA,N,0,0,105
2849,1,0.88613325,213,2736,N,1.66666666666667,0,105
2874,2,1.06086375,255,2849,N,3.33333333333333,0,105
2742,3,1.07750475,259,2874,N,5,0,105
2950,4,1.098306,264,2742,N,6.66666666666667,0,105
3900,5,1.2064725,290,2950,N,8.33333333333333,0,105
3052,6,1.41864525,341,3900,N,10,0,105
3083,7,1.464408,352,3052,N,11.6666666666667,0,105
4334,8,1.46856825,353,3083,N,13.3333333333333,0,105
5817,9,1.580895,380,4334,N,15,0,105
4946,10,1.70986275,411,5817,N,16.6666666666667,0,105
5251,11,1.69322175,407,4946,N,18.3333333333333,0,105
4513,12,0.84453075,203,5251,Y,20,1,105
4813,13,0.848691,204,4513,N,21.6666666666667,1,105
5248,14,0.948537,228,4813,N,23.3333333333333,1,105
4328,15,0.93605625,225,5248,N,25,1,105
6448,16,1.05254325,253,4328,N,26.6666666666667,1,105
6567,17,0.99429975,239,6448,N,28.3333333333333,1,105
7047,18,1.0899855,262,6567,N,30,1,105
7049,19,1.09414575,263,7047,N,31.6666666666667,1,105
6126,20,1.11078675,267,7049,N,33.3333333333333,1,105
7304,21,0.965178,232,6126,N,35,1,105
7690,22,0.981819,236,7304,N,36.6666666666667,1,105
7944,23,1.0567035,254,7690,N,38.3333333333333,1,105
10746,24,1.24391475,299,7944,N,40,1,105
8653,25,1.21063275,291,10746,N,41.6666666666667,1,105
9408,26,1.3229595,318,8653,N,43.3333333333333,1,105
9810,27,1.3063185,314,9408,N,45,1,105
8576,28,1.47688875,355,9810,N,46.6666666666667,1,105
10396,29,1.4394465,346,8576,N,48.3333333333333,1,105
9427,30,1.630818,392,10396,N,50,1,105
9531,31,1.6058565,386,9427,N,51.6666666666667,1,105
11225,32,0.6073965,146,9531,Y,53.3333333333333,2,105
11705,33,0.82788975,199,11225,N,55,2,105
11159,34,0.881973,212,11705,N,56.6666666666667,2,105
12041,35,0.90277425,217,11159,N,58.3333333333333,2,105
12548,36,1.0567035,254,12041,N,60,2,105
12703,37,1.01926125,245,12548,N,61.6666666666667,2,105
3107,0,0.81124875,195,NA,N,0,0,106
3361,1,0.7238835,174,3107,N,1.66666666666667,0,106
3350,2,0.85285125,205,3361,N,3.33333333333333,0,106
3150,3,1.0733445,258,3350,N,5,0,106
3310,4,0.86117175,207,3150,N,6.66666666666667,0,106
3976,5,1.01094075,243,3310,N,8.33333333333333,0,106
3379,6,1.07750475,259,3976,N,10,0,106
3608,7,0.915255,220,3379,N,11.6666666666667,0,106
4441,8,1.06086375,255,3608,N,13.3333333333333,0,106
5927,9,1.048383,252,4441,N,15,0,106
5230,10,1.081665,260,5927,N,16.6666666666667,0,106
5477,11,1.098306,264,5230,N,18.3333333333333,0,106
4762,12,1.131588,272,5477,N,20,0,106
5102,13,1.15238925,277,4762,N,21.6666666666667,0,106
5564,14,1.26055575,303,5102,N,23.3333333333333,0,106
4444,15,1.2064725,290,5564,N,25,0,106
6566,16,1.1731905,282,4444,N,26.6666666666667,0,106
6693,17,1.264716,304,6566,N,28.3333333333333,0,106
7213,18,1.31879925,317,6693,N,30,0,106
7246,19,1.431126,344,7213,N,31.6666666666667,0,106
6189,20,1.381203,332,7246,N,33.3333333333333,0,106
8056,21,1.57673475,379,6189,N,35,0,106
7815,22,0.84453075,203,8056,Y,36.6666666666667,1,106
8068,23,0.9235755,222,7815,N,38.3333333333333,1,106
10822,24,0.83205,200,8068,N,40,1,106
8865,25,0.915255,220,10822,N,41.6666666666667,1,106
9771,26,0.8736525,210,8865,N,43.3333333333333,1,106
10010,27,1.01094075,243,9771,N,45,1,106
8704,28,1.031742,248,10010,N,46.6666666666667,1,106
10470,29,1.00262025,241,8704,N,48.3333333333333,1,106
8889,30,1.19399175,287,10470,N,50,1,106
9779,31,1.114947,268,8889,N,51.6666666666667,1,106
11359,32,1.31879925,317,9779,N,53.3333333333333,1,106
11911,33,1.3063185,314,11359,N,55,1,106
11395,34,1.6890615,406,11911,N,56.6666666666667,1,106
12342,35,1.56009375,375,11395,N,58.3333333333333,1,106
12814,36,0.94437675,227,12342,Y,60,2,106
12905,37,0.92773575,223,12814,N,61.6666666666667,2,106
2766,0,1.73482425,417,NA,N,0,0,107
2853,1,1.72650375,415,2766,N,1.66666666666667,0,107
2884,2,0.948537,228,2853,Y,3.33333333333333,1,107
2749,3,0.9402165,226,2884,N,5,1,107
2961,4,1.031742,248,2749,N,6.66666666666667,1,107
3903,5,1.03590225,249,2961,N,8.33333333333333,1,107
3064,6,1.2730365,306,3903,N,10,1,107
3096,7,1.09414575,263,3064,N,11.6666666666667,1,107
4338,8,1.198152,288,3096,N,13.3333333333333,1,107
5823,9,1.17735075,283,4338,N,15,1,107
4956,10,1.33128,320,5823,N,16.6666666666667,1,107
5258,11,1.43528625,345,4956,N,18.3333333333333,1,107
4519,12,1.431126,344,5258,N,20,1,107
4822,13,1.464408,352,4519,N,21.6666666666667,1,107
5282,14,1.44360675,347,4822,N,23.3333333333333,1,107
4333,15,1.29383775,311,5282,N,25,1,107
6458,16,1.75146525,421,4333,N,26.6666666666667,1,107
6573,17,1.89291375,455,6458,N,28.3333333333333,1,107
7055,18,1.647459,396,6573,N,30,1,107
7057,19,0.79460775,191,7055,Y,31.6666666666667,2,107
6129,20,0.91941525,221,7057,N,33.3333333333333,2,107
7315,21,0.9402165,226,6129,N,35,2,107
7693,22,1.10246625,265,7315,N,36.6666666666667,2,107
7950,23,1.08582525,261,7693,N,38.3333333333333,2,107
10749,24,1.1066265,266,7950,N,40,2,107
8658,25,1.231434,296,10749,N,41.6666666666667,2,107
9422,26,1.297998,312,8658,N,43.3333333333333,2,107
9824,27,1.68490125,405,9422,N,45,2,107
8584,28,1.647459,396,9824,N,46.6666666666667,2,107
9440,30,1.597536,384,8584,N,50,2,107
9548,31,1.80970875,435,9440,N,51.6666666666667,2,107
11237,32,1.74314475,419,9548,N,53.3333333333333,2,107
11715,33,0.8736525,210,11237,Y,55,3,107
11163,34,0.87781275,211,11715,N,56.6666666666667,3,107
12050,35,0.98597925,237,11163,N,58.3333333333333,3,107
12560,36,1.031742,248,12050,N,60,3,107
12712,37,1.0400625,250,12560,N,61.6666666666667,3,107
2260,0,1.33128,320,NA,N,0,0,108
2342,1,1.28551725,309,2260,N,1.66666666666667,0,108
2420,2,1.647459,396,2342,N,3.33333333333333,0,108
2322,3,1.5559335,374,2420,N,5,0,108
2403,4,1.5226515,366,2322,N,6.66666666666667,0,108
2343,5,0.881973,212,2403,Y,8.33333333333333,1,108
2421,6,0.981819,236,2343,N,10,1,108
2386,7,0.99429975,239,2421,N,11.6666666666667,1,108
4127,8,0.99846,240,2386,N,13.3333333333333,1,108
5498,9,1.02758175,247,4127,N,15,1,108
4636,10,1.05254325,253,5498,N,16.6666666666667,1,108
4872,11,1.1066265,266,4636,N,18.3333333333333,1,108
4115,12,1.15238925,277,4872,N,20,1,108
4498,13,1.11910725,269,4115,N,21.6666666666667,1,108
4861,14,1.1898315,286,4498,N,23.3333333333333,1,108
4100,15,1.20231225,289,4861,N,25,1,108
6324,16,1.2896775,310,4100,N,26.6666666666667,1,108
6399,17,1.32711975,319,6324,N,28.3333333333333,1,108
6828,18,1.49352975,359,6399,N,30,1,108
6816,19,1.4727285,354,6828,N,31.6666666666667,1,108
6031,20,1.630818,392,6816,N,33.3333333333333,1,108
6974,21,0.74468475,179,6031,Y,35,2,108
7406,22,0.77796675,187,6974,N,36.6666666666667,2,108
3126,0,0.97765875,235,NA,N,0,0,109
3366,1,0.9734985,234,3126,N,1.66666666666667,0,109
3354,2,0.9734985,234,3366,N,3.33333333333333,0,109
3156,3,1.00262025,241,3354,N,5,0,109
3313,4,1.081665,260,3156,N,6.66666666666667,0,109
3977,5,1.1565495,278,3313,N,8.33333333333333,0,109
3384,6,1.281357,308,3977,N,10,0,109
3612,7,1.2064725,290,3384,N,11.6666666666667,0,109
4443,8,1.3229595,318,3612,N,13.3333333333333,0,109
5928,9,1.44360675,347,4443,N,15,0,109
5234,10,1.48520925,357,5928,N,16.6666666666667,0,109
5483,11,1.547613,372,5234,N,18.3333333333333,0,109
4766,12,1.53513225,369,5483,N,20,0,109
5107,13,1.46024775,351,4766,N,21.6666666666667,0,109
5569,14,0.9235755,222,5107,Y,23.3333333333333,1,109
4446,15,0.89445375,215,5569,N,25,1,109
6568,16,1.0067805,242,4446,N,26.6666666666667,1,109
6695,17,0.96933825,233,6568,N,28.3333333333333,1,109
7215,18,1.08582525,261,6695,N,30,1,109
7250,19,1.0400625,250,7215,N,31.6666666666667,1,109
6190,20,1.24391475,299,7250,N,33.3333333333333,1,109
8059,21,1.3728825,330,6190,N,35,1,109
7817,22,1.4228055,342,8059,N,36.6666666666667,1,109
8070,23,1.41032475,339,7817,N,38.3333333333333,1,109
10823,24,1.63497825,393,8070,N,40,1,109
8867,25,1.57673475,379,10823,N,41.6666666666667,1,109
9774,26,0.94437675,227,8867,Y,43.3333333333333,2,109
10012,27,1.00262025,241,9774,N,45,2,109
8706,28,1.06086375,255,10012,N,46.6666666666667,2,109
10471,29,1.048383,252,8706,N,48.3333333333333,2,109
11592,34,1.60169625,385,10471,N,56.6666666666667,2,109
12487,35,1.6058565,386,11592,N,58.3333333333333,2,109
12965,36,0.6739605,162,12487,Y,60,3,109
13013,37,0.77796675,187,12965,N,61.6666666666667,3,109
3130,0,1.02758175,247,NA,N,0,0,110
3371,1,0.948537,228,3130,N,1.66666666666667,0,110
3358,2,1.0400625,250,3371,N,3.33333333333333,0,110
3187,3,1.181511,284,3358,N,5,0,110
3319,4,1.11078675,267,3187,N,6.66666666666667,0,110
3978,5,1.2730365,306,3319,N,8.33333333333333,0,110
3393,6,1.431126,344,3978,N,10,0,110
3621,7,1.59337575,383,3393,N,11.6666666666667,0,110
4445,8,1.47688875,355,3621,N,13.3333333333333,0,110
5929,9,1.6641,400,4445,N,15,0,110
5238,10,1.5060105,362,5929,N,16.6666666666667,0,110
5488,11,0.8070885,194,5238,Y,18.3333333333333,1,110
4770,12,0.8237295,198,5488,N,20,1,110
5113,13,0.93605625,225,4770,N,21.6666666666667,1,110
5580,14,0.86949225,209,5113,N,23.3333333333333,1,110
4449,15,0.90277425,217,5580,N,25,1,110
6571,16,0.96101775,231,4449,N,26.6666666666667,1,110
6699,17,0.9402165,226,6571,N,28.3333333333333,1,110
7221,18,0.96933825,233,6699,N,30,1,110
7258,19,1.0400625,250,7221,N,31.6666666666667,1,110
6192,20,1.1399085,274,7258,N,33.3333333333333,1,110
8061,21,1.198152,288,6192,N,35,1,110
7819,22,1.281357,308,8061,N,36.6666666666667,1,110
8073,23,1.3229595,318,7819,N,38.3333333333333,1,110
10825,24,1.38536325,333,8073,N,40,1,110
8873,25,1.4061645,338,10825,N,41.6666666666667,1,110
9785,26,1.44360675,347,8873,N,43.3333333333333,1,110
10018,27,0.648999,156,9785,Y,45,2,110
8712,28,0.72804375,175,10018,N,46.6666666666667,2,110
10473,29,0.73636425,177,8712,N,48.3333333333333,2,110
8894,30,0.86117175,207,10473,N,50,2,110
9782,31,0.81956925,197,8894,N,51.6666666666667,2,110
11361,32,0.8736525,210,9782,N,53.3333333333333,2,110
11912,33,0.965178,232,11361,N,55,2,110
11397,34,0.865332,208,11912,N,56.6666666666667,2,110
12347,35,0.981819,236,11397,N,58.3333333333333,2,110
12818,36,1.18567125,285,12347,N,60,2,110
12910,37,1.13574825,273,12818,N,61.6666666666667,2,110
3137,0,1.364562,328,NA,N,0,0,111
3375,1,1.35208125,325,3137,N,1.66666666666667,0,111
3365,2,1.36040175,327,3375,N,3.33333333333333,0,111
3192,3,1.36040175,327,3365,N,5,0,111
3323,4,1.36872225,329,3192,N,6.66666666666667,0,111
3979,5,1.32711975,319,3323,N,8.33333333333333,0,111
3399,6,1.51849125,365,3979,N,10,0,111
3626,7,1.53513225,369,3399,N,11.6666666666667,0,111
4448,8,1.43528625,345,3626,N,13.3333333333333,0,111
5930,9,1.33128,320,4448,N,15,0,111
5241,10,1.26887625,305,5930,N,16.6666666666667,0,111
5500,11,1.4061645,338,5241,N,18.3333333333333,0,111
4778,12,1.45192725,349,5500,N,20,0,111
5124,13,1.51017075,363,4778,N,21.6666666666667,0,111
5590,14,1.50185025,361,5124,N,23.3333333333333,0,111
4454,15,1.37704275,331,5590,N,25,0,111
6575,16,1.3562415,326,4454,N,26.6666666666667,0,111
6703,17,1.31879925,317,6575,N,28.3333333333333,0,111
7228,18,1.21895325,293,6703,N,30,0,111
7266,19,1.36040175,327,7228,N,31.6666666666667,0,111
6194,20,1.19399175,287,7266,N,33.3333333333333,0,111
8065,21,1.198152,288,6194,N,35,0,111
7823,22,1.264716,304,8065,N,36.6666666666667,0,111
8076,23,1.01094075,243,7823,N,38.3333333333333,0,111
10827,24,1.17735075,283,8076,N,40,0,111
8879,25,1.231434,296,10827,N,41.6666666666667,0,111
9791,26,1.1232675,270,8879,N,43.3333333333333,0,111
10024,27,1.29383775,311,9791,N,45,0,111
8715,28,1.2397545,298,10024,N,46.6666666666667,0,111
10476,29,1.21063275,291,8715,N,48.3333333333333,0,111
8906,30,1.16903025,281,10476,N,50,0,111
9787,31,1.181511,284,8906,N,51.6666666666667,0,111
11365,32,1.19399175,287,9787,N,53.3333333333333,0,111
11920,33,1.06086375,255,11365,N,55,0,111
11401,34,1.06086375,255,11920,N,56.6666666666667,0,111
12355,35,1.198152,288,11401,N,58.3333333333333,0,111
12824,36,1.19399175,287,12355,N,60,0,111
12915,37,1.07750475,259,12824,N,61.6666666666667,0,111
2262,0,1.19399175,287,NA,N,0,0,112
2352,1,1.264716,304,2262,N,1.66666666666667,0,112
2423,2,1.447767,348,2352,N,3.33333333333333,0,112
2327,3,1.64329875,395,2423,N,5,0,112
2438,4,0.65315925,157,2327,Y,6.66666666666667,1,112
2353,5,0.8237295,198,2438,N,8.33333333333333,1,112
2424,6,0.91109475,219,2353,N,10,1,112
2389,7,0.90277425,217,2424,N,11.6666666666667,1,112
4133,8,0.95269725,229,2389,N,13.3333333333333,1,112
5509,9,1.0899855,262,4133,N,15,1,112
4643,10,1.00262025,241,5509,N,16.6666666666667,1,112
4880,11,1.06086375,255,4643,N,18.3333333333333,1,112
4121,12,1.19399175,287,4880,N,20,1,112
4504,13,1.18567125,285,4121,N,21.6666666666667,1,112
4869,14,1.11078675,267,4504,N,23.3333333333333,1,112
4106,15,1.16487,280,4869,N,25,1,112
6326,16,1.2231135,294,4106,N,26.6666666666667,1,112
6404,17,1.36872225,329,6326,N,28.3333333333333,1,112
6830,18,1.1898315,286,6404,N,30,1,112
6823,19,1.16903025,281,6830,N,31.6666666666667,1,112
6033,20,1.4560875,350,6823,N,33.3333333333333,1,112
6986,21,1.6224975,390,6033,N,35,1,112
7421,22,1.680741,404,6986,N,36.6666666666667,1,112
7715,23,1.397844,336,7421,N,38.3333333333333,1,112
10637,24,1.397844,336,7715,N,40,1,112
8416,25,1.530972,368,10637,N,41.6666666666667,1,112
8335,26,1.7223435,414,8416,N,43.3333333333333,1,112
9363,27,1.897074,456,8335,N,45,1,112
8373,28,1.447767,348,9363,N,46.6666666666667,1,112
10285,29,0.74468475,179,8373,Y,48.3333333333333,2,112
8834,30,0.88613325,213,10285,N,50,2,112
9068,31,0.865332,208,8834,N,51.6666666666667,2,112
11071,32,1.048383,252,9068,N,53.3333333333333,2,112
11250,33,0.9901395,238,11071,N,55,2,112
10979,34,0.91941525,221,11250,N,56.6666666666667,2,112
11762,35,0.94437675,227,10979,N,58.3333333333333,2,112
12158,36,1.048383,252,11762,N,60,2,112
12276,37,1.131588,272,12158,N,61.6666666666667,2,112
2776,0,1.69322175,407,NA,N,0,0,113
2867,1,1.46856825,353,2776,N,1.66666666666667,0,113
2893,2,1.697382,408,2867,N,3.33333333333333,0,113
2753,3,0.8736525,210,2893,Y,5,1,113
2967,4,1.0067805,242,2753,N,6.66666666666667,1,113
3926,5,0.9901395,238,2967,N,8.33333333333333,1,113
3067,6,1.0400625,250,3926,N,10,1,113
3102,7,1.031742,248,3067,N,11.6666666666667,1,113
4342,8,1.15238925,277,3102,N,13.3333333333333,1,113
5831,9,1.08582525,261,4342,N,15,1,113
4966,10,1.198152,288,5831,N,16.6666666666667,1,113
5264,11,1.13574825,273,4966,N,18.3333333333333,1,113
4525,12,1.12742775,271,5264,N,20,1,113
4830,13,1.264716,304,4525,N,21.6666666666667,1,113
5294,14,1.3895235,334,4830,N,23.3333333333333,1,113
4337,15,1.431126,344,5294,N,25,1,113
6461,16,1.49352975,359,4337,N,26.6666666666667,1,113
6576,17,1.41032475,339,6461,N,28.3333333333333,1,113
7061,18,1.6724205,402,6576,N,30,1,113
7067,19,1.85131125,445,7061,N,31.6666666666667,1,113
6133,20,1.76810625,425,7067,N,33.3333333333333,1,113
7327,21,1.87627275,451,6133,N,35,1,113
7701,22,0.77796675,187,7327,Y,36.6666666666667,2,113
7959,23,0.95269725,229,7701,N,38.3333333333333,2,113
10753,24,1.048383,252,7959,N,40,2,113
8668,25,1.07750475,259,10753,N,41.6666666666667,2,113
9444,26,1.16070975,279,8668,N,43.3333333333333,2,113
9835,27,1.16070975,279,9444,N,45,2,113
8591,28,1.17735075,283,9835,N,46.6666666666667,2,113
10401,29,1.29383775,311,8591,N,48.3333333333333,2,113
9450,30,1.37704275,331,10401,N,50,2,113
9555,31,1.630818,392,9450,N,51.6666666666667,2,113
11239,32,1.44360675,347,9555,N,53.3333333333333,2,113
11726,33,1.82634975,439,11239,N,55,2,113
11174,34,1.897074,456,11726,N,56.6666666666667,2,113
12058,35,1.564254,376,11174,N,58.3333333333333,2,113
12582,36,2.1383685,514,12058,N,60,2,113
12734,37,1.95115725,469,12582,N,61.6666666666667,2,113
3141,0,0.78628725,189,NA,N,0,0,114
3380,1,0.95269725,229,3141,N,1.66666666666667,0,114
3369,2,0.948537,228,3380,N,3.33333333333333,0,114
3198,3,1.04422275,251,3369,N,5,0,114
3344,4,1.065024,256,3198,N,6.66666666666667,0,114
3980,5,1.048383,252,3344,N,8.33333333333333,0,114
3404,6,1.381203,332,3980,N,10,0,114
3633,7,1.3728825,330,3404,N,11.6666666666667,0,114
4450,8,1.40200425,337,3633,N,13.3333333333333,0,114
5931,9,1.46024775,351,4450,N,15,0,114
5245,10,1.58505525,381,5931,N,16.6666666666667,0,114
5507,11,1.647459,396,5245,N,18.3333333333333,0,114
4783,12,1.897074,456,5507,N,20,0,114
5452,13,0.87781275,211,4783,Y,21.6666666666667,1,114
5873,14,0.96101775,231,5452,N,23.3333333333333,1,114
4734,15,0.898614,216,5873,N,25,1,114
6731,16,1.01094075,243,4734,N,26.6666666666667,1,114
7656,17,1.04422275,251,6731,N,28.3333333333333,1,114
7511,18,0.98597925,237,7656,N,30,1,114
7554,19,1.05254325,253,7511,N,31.6666666666667,1,114
6284,20,1.12742775,271,7554,N,33.3333333333333,1,114
8284,21,1.2730365,306,6284,N,35,1,114
7991,22,1.297998,312,8284,N,36.6666666666667,1,114
8239,23,1.231434,296,7991,N,38.3333333333333,1,114
10925,24,1.248075,300,8239,N,40,1,114
9288,25,1.2896775,310,10925,N,41.6666666666667,1,114
10057,26,1.45192725,349,9288,N,43.3333333333333,1,114
10220,27,1.4061645,338,10057,N,45,1,114
9030,28,1.7223435,414,10220,N,46.6666666666667,1,114
10585,29,1.79306775,431,9030,N,48.3333333333333,1,114
9617,30,0.87781275,211,10585,Y,50,2,114
10193,31,0.92773575,223,9617,N,51.6666666666667,2,114
3143,0,0.66980025,161,NA,N,0,0,115
3382,1,0.49506975,119,3143,N,1.66666666666667,0,115
3374,2,0.63651825,153,3382,N,3.33333333333333,0,115
3202,3,0.54499275,131,3374,N,5,0,115
3506,4,0.5907555,142,3202,N,6.66666666666667,0,115
3981,5,0.532512,128,3506,N,8.33333333333333,0,115
3409,6,0.599076,144,3981,N,10,0,115
3675,7,0.6573195,158,3409,N,11.6666666666667,0,115
5443,8,0.63651825,153,3675,N,13.3333333333333,0,115
5933,9,0.65315925,157,5443,N,15,0,115
5250,10,0.648999,156,5933,N,16.6666666666667,0,115
5519,11,0.648999,156,5250,N,18.3333333333333,0,115
4793,12,0.63651825,153,5519,N,20,0,115
5139,13,0.61155675,147,4793,N,21.6666666666667,0,115
5608,14,0.6573195,158,5139,N,23.3333333333333,0,115
4465,15,0.648999,156,5608,N,25,0,115
6582,16,0.6739605,162,4465,N,26.6666666666667,0,115
6711,17,0.6573195,158,6582,N,28.3333333333333,0,115
7245,18,0.72804375,175,6711,N,30,0,115
7285,19,0.6906015,166,7245,N,31.6666666666667,0,115
6198,20,0.72804375,175,7285,N,33.3333333333333,0,115
8072,21,0.615717,148,6198,N,35,0,115
7829,22,0.67812075,163,8072,N,36.6666666666667,0,115
8081,23,0.6573195,158,7829,N,38.3333333333333,0,115
10833,24,0.6906015,166,8081,N,40,0,115
8888,25,0.57827475,139,10833,N,41.6666666666667,0,115
9803,26,0.60323625,145,8888,N,43.3333333333333,0,115
11352,34,0.66980025,161,9803,N,56.6666666666667,0,115
2786,0,0.6906015,166,NA,N,0,0,116
2871,1,0.782127,188,2786,N,1.66666666666667,0,116
2902,2,1.02758175,247,2871,N,3.33333333333333,0,116
2764,3,1.031742,248,2902,N,5,0,116
2986,4,1.048383,252,2764,N,6.66666666666667,0,116
3929,5,1.081665,260,2986,N,8.33333333333333,0,116
3082,6,1.05254325,253,3929,N,10,0,116
3117,7,1.198152,288,3082,N,11.6666666666667,0,116
4348,8,1.33128,320,3117,N,13.3333333333333,0,116
5840,9,1.364562,328,4348,N,15,0,116
4983,10,1.36040175,327,5840,N,16.6666666666667,0,116
5273,11,1.55177325,373,4983,N,18.3333333333333,0,116
4534,12,1.66826025,401,5273,N,20,0,116
4845,13,1.630818,392,4534,N,21.6666666666667,0,116
5309,14,1.64329875,395,4845,N,23.3333333333333,0,116
4343,15,1.79306775,431,5309,N,25,0,116
6714,16,0.8070885,194,4343,Y,26.6666666666667,1,116
7633,17,0.931896,224,6714,N,28.3333333333333,1,116
7473,18,1.05254325,253,7633,N,30,1,116
7521,19,1.1399085,274,7473,N,31.6666666666667,1,116
6267,20,1.11910725,269,7521,N,33.3333333333333,1,116
8272,21,1.09414575,263,6267,N,35,1,116
7971,22,1.09414575,263,8272,N,36.6666666666667,1,116
8222,23,1.1565495,278,7971,N,38.3333333333333,1,116
10917,24,1.23559425,297,8222,N,40,1,116
9253,25,1.22727375,295,10917,N,41.6666666666667,1,116
10039,26,1.3063185,314,9253,N,43.3333333333333,1,116
10204,27,1.20231225,289,10039,N,45,1,116
8998,28,1.25223525,301,10204,N,46.6666666666667,1,116
10576,29,1.2563955,302,8998,N,48.3333333333333,1,116
9578,30,1.50185025,361,10576,N,50,1,116
10184,31,1.33128,320,9578,N,51.6666666666667,1,116
11568,32,1.2896775,310,10184,N,53.3333333333333,1,116
12193,33,1.31879925,317,11568,N,55,1,116
11777,34,1.60169625,385,12193,N,56.6666666666667,1,116
12702,35,1.3895235,334,11777,N,58.3333333333333,1,116
13119,36,1.40200425,337,12702,N,60,1,116
13160,37,1.580895,380,13119,N,61.6666666666667,1,116
3153,0,0.47010825,113,NA,N,0,0,117
3389,1,0.46178775,111,3153,N,1.66666666666667,0,117
3381,2,0.52835175,127,3389,N,3.33333333333333,0,117
3213,3,0.50339025,121,3381,N,5,0,117
3517,4,0.432666,104,3213,N,6.66666666666667,0,117
3983,5,0.44514675,107,3517,N,8.33333333333333,0,117
3419,6,0.49506975,119,3983,N,10,0,117
3689,7,0.51171075,123,3419,N,11.6666666666667,0,117
5455,8,0.59491575,143,3689,N,13.3333333333333,0,117
5935,9,0.61155675,147,5455,N,15,0,117
5259,10,0.56995425,137,5935,N,16.6666666666667,0,117
5536,11,0.565794,136,5259,N,18.3333333333333,0,117
4804,12,0.61155675,147,5536,N,20,0,117
5153,13,0.65315925,157,4804,N,21.6666666666667,0,117
5621,14,0.5574735,134,5153,N,23.3333333333333,0,117
4474,15,0.57827475,139,5621,N,25,0,117
6590,16,0.5241915,126,4474,N,26.6666666666667,0,117
6718,17,0.52835175,127,6590,N,28.3333333333333,0,117
7259,18,0.49923,120,6718,N,30,0,117
7295,19,0.49506975,119,7259,N,31.6666666666667,0,117
6202,20,0.52835175,127,7295,N,33.3333333333333,0,117
8082,21,0.61987725,149,6202,N,35,0,117
7834,22,0.7405245,178,8082,N,36.6666666666667,0,117
8087,23,0.5741145,138,7834,N,38.3333333333333,0,117
10836,24,0.6573195,158,8087,N,40,0,117
8901,25,0.648999,156,10836,N,41.6666666666667,0,117
9815,26,0.6406785,154,8901,N,43.3333333333333,0,117
10038,27,0.74468475,179,9815,N,45,0,117
11101,34,0.465948,112,10038,N,56.6666666666667,0,117
11978,35,0.53667225,129,11101,N,58.3333333333333,0,117
12457,36,0.5907555,142,11978,N,60,0,117
2797,0,1.980279,476,NA,N,0,0,118
2882,1,1.54345275,371,2797,N,1.66666666666667,0,118
2917,2,0.82788975,199,2882,Y,3.33333333333333,1,118
2767,3,0.80292825,193,2917,N,5,1,118
3162,0,0.6073965,146,NA,N,0,0,119
3398,1,0.632358,152,3162,N,1.66666666666667,0,119
3390,2,0.7405245,178,3398,N,3.33333333333333,0,119
3218,3,0.86117175,207,3390,N,5,0,119
3523,4,0.8070885,194,3218,N,6.66666666666667,0,119
3984,5,0.782127,188,3523,N,8.33333333333333,0,119
3423,6,0.81124875,195,3984,N,10,0,119
3694,7,0.66147975,159,3423,N,11.6666666666667,0,119
5458,8,0.69476175,167,3694,N,13.3333333333333,0,119
5936,9,0.748845,180,5458,N,15,0,119
5262,10,0.68644125,165,5936,N,16.6666666666667,0,119
5543,11,0.69476175,167,5262,N,18.3333333333333,0,119
4808,12,0.86949225,209,5543,N,20,0,119
5157,13,0.8902935,214,4808,N,21.6666666666667,0,119
5624,14,0.7238835,174,5157,N,23.3333333333333,0,119
4477,15,0.84453075,203,5624,N,25,0,119
6591,16,0.79460775,191,4477,N,26.6666666666667,0,119
6720,17,0.87781275,211,6591,N,28.3333333333333,0,119
7263,18,1.0400625,250,6720,N,30,0,119
7300,19,0.815409,196,7263,N,31.6666666666667,0,119
6203,20,1.048383,252,7300,N,33.3333333333333,0,119
8084,21,0.94437675,227,6203,N,35,0,119
7836,22,1.264716,304,8084,N,36.6666666666667,0,119
8089,23,0.99429975,239,7836,N,38.3333333333333,0,119
10838,24,0.9069345,218,8089,N,40,0,119
8908,25,0.77796675,187,10838,N,41.6666666666667,0,119
9826,26,1.05254325,253,8908,N,43.3333333333333,0,119
10044,27,0.7405245,178,9826,N,45,0,119
8727,28,0.60323625,145,10044,N,46.6666666666667,0,119
10488,29,0.60323625,145,8727,N,48.3333333333333,0,119
2801,0,0.615717,148,NA,N,0,0,120
2887,1,0.6240375,150,2801,N,1.66666666666667,0,120
2927,2,0.6906015,166,2887,N,3.33333333333333,0,120
2777,3,0.765486,184,2927,N,5,0,120
2996,4,0.71140275,171,2777,N,6.66666666666667,0,120
3931,5,0.7904475,190,2996,N,8.33333333333333,0,120
3098,6,0.81956925,197,3931,N,10,0,120
3125,7,0.76132575,183,3098,N,11.6666666666667,0,120
4352,8,0.8902935,214,3125,N,13.3333333333333,0,120
5846,9,0.91941525,221,4352,N,15,0,120
4998,10,0.92773575,223,5846,N,16.6666666666667,0,120
5278,11,0.798768,192,4998,N,18.3333333333333,0,120
4541,12,0.87781275,211,5278,N,20,0,120
4855,13,1.05254325,253,4541,N,21.6666666666667,0,120
5316,14,1.11078675,267,4855,N,23.3333333333333,0,120
4349,15,1.098306,264,5316,N,25,0,120
6473,16,1.16487,280,4349,N,26.6666666666667,0,120
6592,17,1.16903025,281,6473,N,28.3333333333333,0,120
7030,19,1.36040175,327,6592,N,31.6666666666667,0,120
8257,23,1.7057025,410,7030,N,38.3333333333333,0,120
10941,24,0.76964625,185,8257,Y,40,1,120
2810,0,1.15238925,277,NA,N,0,0,121
2891,1,1.1399085,274,2810,N,1.66666666666667,0,121
2936,2,1.27719675,307,2891,N,3.33333333333333,0,121
2787,3,1.35208125,325,2936,N,5,0,121
3005,4,1.16903025,281,2787,N,6.66666666666667,0,121
3933,5,1.23559425,297,3005,N,8.33333333333333,0,121
3104,6,1.38536325,333,3933,N,10,0,121
3144,7,1.264716,304,3104,N,11.6666666666667,0,121
4356,8,1.4560875,350,3144,N,13.3333333333333,0,121
5856,9,1.57673475,379,4356,N,15,0,121
5005,10,1.564254,376,5856,N,16.6666666666667,0,121
5284,11,1.58505525,381,5005,N,18.3333333333333,0,121
4552,12,1.71818325,413,5284,N,20,0,121
4871,13,1.92619575,463,4552,N,21.6666666666667,0,121
5325,14,1.82634975,439,4871,N,23.3333333333333,0,121
4353,15,2.0052405,482,5325,N,25,0,121
6479,16,0.9235755,222,4353,Y,26.6666666666667,1,121
6596,17,1.148229,276,6479,N,28.3333333333333,1,121
7082,18,1.1399085,274,6596,N,30,1,121
7094,19,1.198152,288,7082,N,31.6666666666667,1,121
6141,20,1.33128,320,7094,N,33.3333333333333,1,121
7357,21,1.431126,344,6141,N,35,1,121
7727,22,1.5892155,382,7357,N,36.6666666666667,1,121
7976,23,1.464408,352,7727,N,38.3333333333333,1,121
10763,24,1.5725745,378,7976,N,40,1,121
8689,25,1.6557795,398,10763,N,41.6666666666667,1,121
9502,26,1.9053945,458,8689,N,43.3333333333333,1,121
9874,27,0.798768,192,9502,Y,45,2,121
3186,0,0.79460775,191,NA,N,0,0,122
3408,1,0.79460775,191,3186,N,1.66666666666667,0,122
3400,2,0.82788975,199,3408,N,3.33333333333333,0,122
3227,3,0.9901395,238,3400,N,5,0,122
3533,4,0.86117175,207,3227,N,6.66666666666667,0,122
3986,5,0.8902935,214,3533,N,8.33333333333333,0,122
3434,6,1.0899855,262,3986,N,10,0,122
3705,7,0.715563,172,3434,N,11.6666666666667,0,122
5471,8,0.782127,188,3705,N,13.3333333333333,0,122
5938,9,0.915255,220,5471,N,15,0,122
5268,10,0.8570115,206,5938,N,16.6666666666667,0,122
5556,11,0.9402165,226,5268,N,18.3333333333333,0,122
4815,12,1.131588,272,5556,N,20,0,122
5167,13,1.06918425,257,4815,N,21.6666666666667,0,122
5631,14,1.02758175,247,5167,N,23.3333333333333,0,122
4483,15,1.297998,312,5631,N,25,0,122
6595,16,1.1898315,286,4483,N,26.6666666666667,0,122
6724,17,1.29383775,311,6595,N,28.3333333333333,0,122
7269,18,1.19399175,287,6724,N,30,0,122
7306,19,1.2896775,310,7269,N,31.6666666666667,0,122
6205,20,1.41032475,339,7306,N,33.3333333333333,0,122
8088,21,1.481049,356,6205,N,35,0,122
7841,22,1.93451625,465,8088,N,36.6666666666667,0,122
8096,23,1.59337575,383,7841,N,38.3333333333333,0,122
10841,24,1.530972,368,8096,N,40,0,122
8918,25,0.7238835,174,10841,Y,41.6666666666667,1,122
9834,26,0.865332,208,8918,N,43.3333333333333,1,122
10048,27,0.815409,196,9834,N,45,1,122
8730,28,0.8237295,198,10048,N,46.6666666666667,1,122
10491,29,0.86949225,209,8730,N,48.3333333333333,1,122
9061,30,1.065024,256,10491,N,50,1,122
9820,31,1.10246625,265,9061,N,51.6666666666667,1,122
2274,0,0.748845,180,NA,N,0,0,123
2385,1,0.5741145,138,2274,N,1.66666666666667,0,123
2425,2,0.7072425,170,2385,N,3.33333333333333,0,123
2329,3,0.71972325,173,2425,N,5,0,123
2442,4,0.68644125,165,2329,N,6.66666666666667,0,123
2369,5,0.8070885,194,2442,N,8.33333333333333,0,123
2426,6,0.7904475,190,2369,N,10,0,123
2392,7,0.6739605,162,2426,N,11.6666666666667,0,123
4136,8,0.7238835,174,2392,N,13.3333333333333,0,123
5515,9,0.72804375,175,4136,N,15,0,123
4646,10,0.6406785,154,5515,N,16.6666666666667,0,123
4884,11,0.7072425,170,4646,N,18.3333333333333,0,123
4124,12,0.84453075,203,4884,N,20,0,123
4507,13,0.81124875,195,4124,N,21.6666666666667,0,123
4874,14,0.6573195,158,4507,N,23.3333333333333,0,123
4108,15,0.74468475,179,4874,N,25,0,123
6327,16,0.698922,168,4108,N,26.6666666666667,0,123
6405,17,0.74468475,179,6327,N,28.3333333333333,0,123
6831,18,0.6906015,166,6405,N,30,0,123
6825,19,0.74468475,179,6831,N,31.6666666666667,0,123
6034,20,0.732204,176,6825,N,33.3333333333333,0,123
6989,21,0.87781275,211,6034,N,35,0,123
7425,22,0.96101775,231,6989,N,36.6666666666667,0,123
7718,23,0.9069345,218,7425,N,38.3333333333333,0,123
2340,0,0.99429975,239,NA,N,0,0,124
2388,1,1.031742,248,2340,N,1.66666666666667,0,124
2428,2,1.1731905,282,2388,N,3.33333333333333,0,124
2332,3,1.2231135,294,2428,N,5,0,124
2448,4,1.21895325,293,2332,N,6.66666666666667,0,124
2375,5,1.41864525,341,2448,N,8.33333333333333,0,124
2429,6,1.49352975,359,2375,N,10,0,124
2399,7,1.38536325,333,2429,N,11.6666666666667,0,124
4139,8,1.44360675,347,2399,N,13.3333333333333,0,124
5521,9,1.47688875,355,4139,N,15,0,124
4650,10,1.4228055,342,5521,N,16.6666666666667,0,124
4889,11,1.5392925,370,4650,N,18.3333333333333,0,124
4128,12,1.58505525,381,4889,N,20,0,124
4510,13,1.4394465,346,4128,N,21.6666666666667,0,124
4882,14,1.564254,376,4510,N,23.3333333333333,0,124
4113,15,0.881973,212,4882,Y,25,1,124
6329,16,0.80292825,193,4113,N,26.6666666666667,1,124
6407,17,0.99846,240,6329,N,28.3333333333333,1,124
6832,18,1.081665,260,6407,N,30,1,124
6827,19,1.181511,284,6832,N,31.6666666666667,1,124
6035,20,1.198152,288,6827,N,33.3333333333333,1,124
6992,21,1.06918425,257,6035,N,35,1,124
7430,22,1.53513225,369,6992,N,36.6666666666667,1,124
7724,23,1.49769,360,7430,N,38.3333333333333,1,124
10639,24,1.64329875,395,7724,N,40,1,124
8420,25,1.40200425,337,10639,N,41.6666666666667,1,124
8337,26,1.80970875,435,8420,N,43.3333333333333,1,124
10253,27,0.87781275,211,8337,Y,45,2,124
9132,28,0.881973,212,10253,N,46.6666666666667,2,124
10606,29,0.9568575,230,9132,N,48.3333333333333,2,124
9742,30,1.0567035,254,10606,N,50,2,124
10236,31,1.09414575,263,9742,N,51.6666666666667,2,124
11640,32,1.13574825,273,10236,N,53.3333333333333,2,124
12295,33,1.248075,300,11640,N,55,2,124
11870,34,1.18567125,285,12295,N,56.6666666666667,2,124
12804,35,1.06918425,257,11870,N,58.3333333333333,2,124
13192,36,1.19399175,287,12804,N,60,2,124
13213,37,1.198152,288,13192,N,61.6666666666667,2,124
2816,0,1.4560875,350,NA,N,0,0,125
2900,1,1.53513225,369,2816,N,1.66666666666667,0,125
2944,2,1.614177,388,2900,N,3.33333333333333,0,125
2794,3,1.6058565,386,2944,N,5,0,125
3009,4,1.63497825,393,2794,N,6.66666666666667,0,125
3935,5,0.76132575,183,3009,Y,8.33333333333333,1,125
3111,6,0.71140275,171,3935,N,10,1,125
3155,7,0.71972325,173,3111,N,11.6666666666667,1,125
4360,8,0.73636425,177,3155,N,13.3333333333333,1,125
5860,9,0.76132575,183,4360,N,15,1,125
5013,10,0.798768,192,5860,N,16.6666666666667,1,125
5292,11,0.931896,224,5013,N,18.3333333333333,1,125
4559,12,0.931896,224,5292,N,20,1,125
4879,13,0.9235755,222,4559,N,21.6666666666667,1,125
5333,14,1.00262025,241,4879,N,23.3333333333333,1,125
4357,15,1.05254325,253,5333,N,25,1,125
6483,16,1.098306,264,4357,N,26.6666666666667,1,125
6600,17,1.1399085,274,6483,N,28.3333333333333,1,125
7088,18,1.23559425,297,6600,N,30,1,125
7101,19,1.148229,276,7088,N,31.6666666666667,1,125
6143,20,1.27719675,307,7101,N,33.3333333333333,1,125
7363,21,1.49352975,359,6143,N,35,1,125
7736,22,0.80292825,193,7363,Y,36.6666666666667,2,125
7983,23,0.85285125,205,7736,N,38.3333333333333,2,125
10767,24,0.7405245,178,7983,N,40,2,125
8696,25,0.74468475,179,10767,N,41.6666666666667,2,125
9516,26,0.798768,192,8696,N,43.3333333333333,2,125
9885,27,0.881973,212,9516,N,45,2,125
8617,28,0.8736525,210,9885,N,46.6666666666667,2,125
10416,29,1.048383,252,8617,N,48.3333333333333,2,125
9588,30,0.898614,216,10416,N,50,2,125
9612,31,1.198152,288,9588,N,51.6666666666667,2,125
11263,32,1.198152,288,9612,N,53.3333333333333,2,125
11771,33,1.15238925,277,11263,N,55,2,125
11266,34,1.3396005,322,11771,N,56.6666666666667,2,125
12104,35,1.414485,340,11266,N,58.3333333333333,2,125
12785,36,0.58659525,141,12104,Y,60,3,125
12884,37,0.76132575,183,12785,N,61.6666666666667,3,125
3189,0,0.99429975,239,NA,N,0,0,126
3413,1,0.9402165,226,3189,N,1.66666666666667,0,126
3406,2,0.96933825,233,3413,N,3.33333333333333,0,126
3230,3,1.06086375,255,3406,N,5,0,126
3539,4,1.0234215,246,3230,N,6.66666666666667,0,126
3987,5,1.03590225,249,3539,N,8.33333333333333,0,126
3437,6,1.1731905,282,3987,N,10,0,126
2821,0,0.97765875,235,NA,N,0,0,127
2906,1,0.931896,224,2821,N,1.66666666666667,0,127
2947,2,1.031742,248,2906,N,3.33333333333333,0,127
2800,3,1.15238925,277,2947,N,5,0,127
3016,4,1.08582525,261,2800,N,6.66666666666667,0,127
3936,5,1.21895325,293,3016,N,8.33333333333333,0,127
3115,6,1.3728825,330,3936,N,10,0,127
3168,7,1.25223525,301,3115,N,11.6666666666667,0,127
4361,8,1.44360675,347,3168,N,13.3333333333333,0,127
5862,9,1.6890615,406,4361,N,15,0,127
5019,10,1.56841425,377,5862,N,16.6666666666667,0,127
5296,11,1.6391385,394,5019,N,18.3333333333333,0,127
4564,12,1.963638,472,5296,N,20,0,127
4886,13,1.50185025,361,4564,N,21.6666666666667,0,127
5341,14,0.815409,196,4886,Y,23.3333333333333,1,127
4359,15,0.9734985,234,5341,N,25,1,127
6485,16,0.915255,220,4359,N,26.6666666666667,1,127
6602,17,0.9069345,218,6485,N,28.3333333333333,1,127
7091,18,0.96933825,233,6602,N,30,1,127
7103,19,0.96933825,233,7091,N,31.6666666666667,1,127
6145,20,1.0067805,242,7103,N,33.3333333333333,1,127
7369,21,1.07750475,259,6145,N,35,1,127
7740,22,1.16487,280,7369,N,36.6666666666667,1,127
7988,23,1.23559425,297,7740,N,38.3333333333333,1,127
10769,24,1.29383775,311,7988,N,40,1,127
8700,25,1.38536325,333,10769,N,41.6666666666667,1,127
9529,26,1.5060105,362,8700,N,43.3333333333333,1,127
9890,27,1.66826025,401,9529,N,45,1,127
8621,28,1.72650375,415,9890,N,46.6666666666667,1,127
10419,29,0.91109475,219,8621,Y,48.3333333333333,2,127
9602,30,0.83621025,201,10419,N,50,2,127
9616,31,1.081665,260,9602,N,51.6666666666667,2,127
11265,32,1.0567035,254,9616,N,53.3333333333333,2,127
11774,33,1.114947,268,11265,N,55,2,127
11269,34,1.17735075,283,11774,N,56.6666666666667,2,127
12108,35,1.2397545,298,11269,N,58.3333333333333,2,127
12637,36,1.2896775,310,12108,N,60,2,127
12786,37,1.31879925,317,12637,N,61.6666666666667,2,127
3193,0,1.0899855,262,NA,N,0,0,128
3418,1,1.0567035,254,3193,N,1.66666666666667,0,128
3410,2,1.08582525,261,3418,N,3.33333333333333,0,128
3236,3,1.031742,248,3410,N,5,0,128
3544,4,1.131588,272,3236,N,6.66666666666667,0,128
3989,5,1.114947,268,3544,N,8.33333333333333,0,128
3446,6,1.1232675,270,3989,N,10,0,128
3716,7,1.114947,268,3446,N,11.6666666666667,0,128
5484,8,1.06918425,257,3716,N,13.3333333333333,0,128
5940,9,1.081665,260,5484,N,15,0,128
5274,10,0.97765875,235,5940,N,16.6666666666667,0,128
5565,11,1.181511,284,5274,N,18.3333333333333,0,128
4823,12,1.06086375,255,5565,N,20,0,128
5172,13,1.1232675,270,4823,N,21.6666666666667,0,128
5636,14,1.09414575,263,5172,N,23.3333333333333,0,128
4486,15,1.1399085,274,5636,N,25,0,128
6597,16,1.0733445,258,4486,N,26.6666666666667,0,128
6726,17,1.11910725,269,6597,N,28.3333333333333,0,128
7274,18,1.08582525,261,6726,N,30,0,128
7308,19,1.07750475,259,7274,N,31.6666666666667,0,128
6206,20,1.0733445,258,7308,N,33.3333333333333,0,128
8090,21,1.148229,276,6206,N,35,0,128
7843,22,1.181511,284,8090,N,36.6666666666667,0,128
8100,23,1.1565495,278,7843,N,38.3333333333333,0,128
10842,24,0.98597925,237,8100,N,40,0,128
8926,25,1.1232675,270,10842,N,41.6666666666667,0,128
9841,26,1.17735075,283,8926,N,43.3333333333333,0,128
10052,27,1.04422275,251,9841,N,45,0,128
8734,28,1.01926125,245,10052,N,46.6666666666667,0,128
10493,29,1.048383,252,8734,N,48.3333333333333,0,128
9083,30,0.99846,240,10493,N,50,0,128
9825,31,1.0567035,254,9083,N,51.6666666666667,0,128
11405,32,0.9069345,218,9825,N,53.3333333333333,0,128
11956,33,1.0733445,258,11405,N,55,0,128
11431,34,1.065024,256,11956,N,56.6666666666667,0,128
12406,35,1.06086375,255,11431,N,58.3333333333333,0,128
12875,36,1.11078675,267,12406,N,60,0,128
12955,37,1.11078675,267,12875,N,61.6666666666667,0,128
2354,0,1.1399085,274,NA,N,0,0,129
2401,1,1.2730365,306,2354,N,1.66666666666667,0,129
2436,2,1.35208125,325,2401,N,3.33333333333333,0,129
2344,3,1.41864525,341,2436,N,5,0,129
2462,4,1.51849125,365,2344,N,6.66666666666667,0,129
2384,5,0.73636425,177,2462,Y,8.33333333333333,1,129
3208,0,0.92773575,223,NA,N,0,0,130
3425,1,0.931896,224,3208,N,1.66666666666667,0,130
3420,2,0.86117175,207,3425,N,3.33333333333333,0,130
3245,3,0.82788975,199,3420,N,5,0,130
3557,4,0.99429975,239,3245,N,6.66666666666667,0,130
3991,5,1.11078675,267,3557,N,8.33333333333333,0,130
3459,6,1.18567125,285,3991,N,10,0,130
3723,7,1.33544025,321,3459,N,11.6666666666667,0,130
5490,8,1.2896775,310,3723,N,13.3333333333333,0,130
5941,9,1.32711975,319,5490,N,15,0,130
5277,10,1.31047875,315,5941,N,16.6666666666667,0,130
5576,11,1.56009375,375,5277,N,18.3333333333333,0,130
4833,12,1.647459,396,5576,N,20,0,130
5180,13,1.780587,428,4833,N,21.6666666666667,0,130
5639,14,0.615717,148,5180,Y,23.3333333333333,1,130
4488,15,0.648999,156,5639,N,25,1,130
6601,16,0.67812075,163,4488,N,26.6666666666667,1,130
6730,17,0.71972325,173,6601,N,28.3333333333333,1,130
7280,18,0.67812075,163,6730,N,30,1,130
3212,0,0.66980025,161,NA,N,0,0,131
3430,1,0.9069345,218,3212,N,1.66666666666667,0,131
3428,2,0.71972325,173,3430,N,3.33333333333333,0,131
3249,3,0.84453075,203,3428,N,5,0,131
3562,4,0.83205,200,3249,N,6.66666666666667,0,131
3992,5,0.81956925,197,3562,N,8.33333333333333,0,131
3463,6,0.8070885,194,3992,N,10,0,131
3729,7,0.898614,216,3463,N,11.6666666666667,0,131
5495,8,0.931896,224,3729,N,13.3333333333333,0,131
5942,9,0.9734985,234,5495,N,15,0,131
5280,10,0.99846,240,5942,N,16.6666666666667,0,131
5581,11,1.0733445,258,5280,N,18.3333333333333,0,131
4838,12,1.12742775,271,5581,N,20,0,131
5185,13,1.1731905,282,4838,N,21.6666666666667,0,131
5647,14,1.1731905,282,5185,N,23.3333333333333,0,131
4494,15,1.31047875,315,5647,N,25,0,131
6605,16,1.23559425,297,4494,N,26.6666666666667,0,131
6734,17,1.38536325,333,6605,N,28.3333333333333,0,131
7509,18,0.7072425,170,6734,Y,30,1,131
7551,19,0.815409,196,7509,N,31.6666666666667,1,131
6282,20,0.8070885,194,7551,N,33.3333333333333,1,131
8283,21,0.80292825,193,6282,N,35,1,131
7989,22,0.765486,184,8283,N,36.6666666666667,1,131
8237,23,1.00262025,241,7989,N,38.3333333333333,1,131
10924,24,0.9069345,218,8237,N,40,1,131
9284,25,0.87781275,211,10924,N,41.6666666666667,1,131
10055,26,0.99429975,239,9284,N,43.3333333333333,1,131
10218,27,0.8070885,194,10055,N,45,1,131
2837,0,0.88613325,213,NA,N,0,0,132
2919,1,0.7904475,190,2837,N,1.66666666666667,0,132
2964,2,0.965178,232,2919,N,3.33333333333333,0,132
2815,3,1.09414575,263,2964,N,5,0,132
3051,4,1.12742775,271,2815,N,6.66666666666667,0,132
3939,5,1.248075,300,3051,N,8.33333333333333,0,132
3128,6,1.56009375,375,3939,N,10,0,132
3180,7,1.4560875,350,3128,N,11.6666666666667,0,132
4367,8,1.6557795,398,3180,N,13.3333333333333,0,132
5868,9,1.8221895,438,4367,N,15,0,132
5031,10,1.7722665,426,5868,N,16.6666666666667,0,132
5312,11,1.84299075,443,5031,N,18.3333333333333,0,132
4588,12,1.07750475,259,5312,Y,20,1,132
4902,13,1.0067805,242,4588,N,21.6666666666667,1,132
5359,14,1.11910725,269,4902,N,23.3333333333333,1,132
4365,15,1.081665,260,5359,N,25,1,132
6490,16,1.114947,268,4365,N,26.6666666666667,1,132
6608,17,1.17735075,283,6490,N,28.3333333333333,1,132
7102,18,1.214793,292,6608,N,30,1,132
7115,19,1.21063275,291,7102,N,31.6666666666667,1,132
6148,20,1.5060105,362,7115,N,33.3333333333333,1,132
7393,21,1.36040175,327,6148,N,35,1,132
7747,22,1.85963175,447,7393,N,36.6666666666667,1,132
7996,23,1.5392925,370,7747,N,38.3333333333333,1,132
10773,24,0.7904475,190,7996,Y,40,2,132
8711,25,0.73636425,177,10773,N,41.6666666666667,2,132
9538,26,0.89445375,215,8711,N,43.3333333333333,2,132
9894,27,0.79460775,191,9538,N,45,2,132
8624,28,0.81956925,197,9894,N,46.6666666666667,2,132
10421,29,0.86117175,207,8624,N,48.3333333333333,2,132
9613,30,0.8070885,194,10421,N,50,2,132
9625,31,0.8570115,206,9613,N,51.6666666666667,2,132
11268,32,0.8902935,214,9625,N,53.3333333333333,2,132
11782,33,0.95269725,229,11268,N,55,2,132
11275,34,0.948537,228,11782,N,56.6666666666667,2,132
12113,35,0.99429975,239,11275,N,58.3333333333333,2,132
12641,36,1.11078675,267,12113,N,60,2,132
12793,37,1.18567125,285,12641,N,61.6666666666667,2,132
3217,0,0.8736525,210,NA,N,0,0,133
3435,1,1.015101,244,3217,N,1.66666666666667,0,133
3433,2,1.015101,244,3435,N,3.33333333333333,0,133
3254,3,0.965178,232,3433,N,5,0,133
3568,4,1.12742775,271,3254,N,6.66666666666667,0,133
3993,5,1.3396005,322,3568,N,8.33333333333333,0,133
3468,6,1.63497825,393,3993,N,10,0,133
3735,7,1.314639,316,3468,N,11.6666666666667,0,133
5504,8,1.51017075,363,3735,N,13.3333333333333,0,133
5943,9,1.63497825,393,5504,N,15,0,133
5286,10,1.7057025,410,5943,N,16.6666666666667,0,133
5587,11,1.7389845,418,5286,N,18.3333333333333,0,133
4844,12,2.06764425,497,5587,N,20,0,133
5189,13,1.9553175,470,4844,N,21.6666666666667,0,133
5655,14,0.915255,220,5189,Y,23.3333333333333,1,133
4497,15,1.1565495,278,5655,N,25,1,133
6607,16,1.04422275,251,4497,N,26.6666666666667,1,133
6736,17,1.19399175,287,6607,N,28.3333333333333,1,133
7287,18,1.131588,272,6736,N,30,1,133
7316,19,1.12742775,271,7287,N,31.6666666666667,1,133
6209,20,1.3396005,322,7316,N,33.3333333333333,1,133
8097,21,1.4893695,358,6209,N,35,1,133
7848,22,1.264716,304,8097,N,36.6666666666667,1,133
8106,23,1.31879925,317,7848,N,38.3333333333333,1,133
10845,24,1.29383775,311,8106,N,40,1,133
8940,25,1.2064725,290,10845,N,41.6666666666667,1,133
9851,26,1.098306,264,8940,N,43.3333333333333,1,133
10056,27,1.314639,316,9851,N,45,1,133
8743,28,0.61987725,149,10056,Y,46.6666666666667,2,133
10497,29,0.648999,156,8743,N,48.3333333333333,2,133
9096,30,0.732204,176,10497,N,50,2,133
9833,31,0.72804375,175,9096,N,51.6666666666667,2,133
11411,32,0.715563,172,9833,N,53.3333333333333,2,133
11966,33,0.81124875,195,11411,N,55,2,133
11437,34,0.81956925,197,11966,N,56.6666666666667,2,133
12418,35,1.08582525,261,11437,N,58.3333333333333,2,133
3223,0,1.1066265,266,NA,N,0,0,134
3439,1,1.26055575,303,3223,N,1.66666666666667,0,134
3440,2,1.381203,332,3439,N,3.33333333333333,0,134
3261,3,1.564254,376,3440,N,5,0,134
3575,4,1.447767,348,3261,N,6.66666666666667,0,134
3994,5,1.53513225,369,3575,N,8.33333333333333,0,134
3474,6,1.714023,412,3994,N,10,0,134
3741,7,1.614177,388,3474,N,11.6666666666667,0,134
4341,8,0.7738065,186,3741,Y,13.3333333333333,1,134
5828,9,0.87781275,211,4341,N,15,1,134
4958,10,0.7904475,190,5828,N,16.6666666666667,1,134
5261,11,0.86117175,207,4958,N,18.3333333333333,1,134
4522,12,0.98597925,237,5261,N,20,1,134
4826,13,0.931896,224,4522,N,21.6666666666667,1,134
5289,14,0.91941525,221,4826,N,23.3333333333333,1,134
4335,15,1.0567035,254,5289,N,25,1,134
6459,16,1.04422275,251,4335,N,26.6666666666667,1,134
6574,17,1.114947,268,6459,N,28.3333333333333,1,134
7058,18,1.0899855,262,6574,N,30,1,134
7063,19,1.1565495,278,7058,N,31.6666666666667,1,134
6132,20,1.231434,296,7063,N,33.3333333333333,1,134
7324,21,1.3063185,314,6132,N,35,1,134
7697,22,1.4560875,350,7324,N,36.6666666666667,1,134
7955,23,1.56009375,375,7697,N,38.3333333333333,1,134
10752,24,1.4727285,354,7955,N,40,1,134
8666,25,1.65993975,399,10752,N,41.6666666666667,1,134
13586,26,NA,-1,8666,Y,43.3333333333333,2,134
2842,0,1.25223525,301,NA,N,0,0,135
2928,1,1.2563955,302,2842,N,1.66666666666667,0,135
2975,2,0.70308225,169,2928,Y,3.33333333333333,1,135
2822,3,0.765486,184,2975,N,5,1,135
3059,4,0.81956925,197,2822,N,6.66666666666667,1,135
3941,5,0.81956925,197,3059,N,8.33333333333333,1,135
3138,6,1.12742775,271,3941,N,10,1,135
3200,7,0.981819,236,3138,N,11.6666666666667,1,135
4371,8,1.181511,284,3200,N,13.3333333333333,1,135
5872,9,1.1565495,278,4371,N,15,1,135
5040,10,1.06086375,255,5872,N,16.6666666666667,1,135
5321,11,1.23559425,297,5040,N,18.3333333333333,1,135
4598,12,1.2064725,290,5321,N,20,1,135
4914,13,1.4228055,342,4598,N,21.6666666666667,1,135
5363,14,1.38536325,333,4914,N,23.3333333333333,1,135
4368,15,1.4893695,358,5363,N,25,1,135
6492,16,1.447767,348,4368,N,26.6666666666667,1,135
6610,17,1.5725745,378,6492,N,28.3333333333333,1,135
7105,18,1.447767,348,6610,N,30,1,135
7117,19,1.481049,356,7105,N,31.6666666666667,1,135
6149,20,1.5559335,374,7117,N,33.3333333333333,1,135
7401,21,0.898614,216,6149,Y,35,2,135
7749,22,1.2064725,290,7401,N,36.6666666666667,2,135
7998,23,1.048383,252,7749,N,38.3333333333333,2,135
10774,24,1.06918425,257,7998,N,40,2,135
8716,25,1.1066265,266,10774,N,41.6666666666667,2,135
9549,26,0.96933825,233,8716,N,43.3333333333333,2,135
9902,27,0.815409,196,9549,N,45,2,135
8630,28,0.865332,208,9902,N,46.6666666666667,2,135
10424,29,0.82788975,199,8630,N,48.3333333333333,2,135
9635,30,1.17735075,283,10424,N,50,2,135
9639,31,0.82788975,199,9635,N,51.6666666666667,2,135
11276,32,1.048383,252,9639,N,53.3333333333333,2,135
11796,33,1.0400625,250,11276,N,55,2,135
12556,35,0.4409865,106,11796,Y,58.3333333333333,3,135
13021,36,0.59491575,143,12556,N,60,3,135
13067,37,0.63651825,153,13021,N,61.6666666666667,3,135
3228,0,1.2064725,290,NA,N,0,0,136
3448,1,1.231434,296,3228,N,1.66666666666667,0,136
3447,2,1.25223525,301,3448,N,3.33333333333333,0,136
3265,3,1.36872225,329,3447,N,5,0,136
3582,4,1.347921,324,3265,N,6.66666666666667,0,136
3995,5,1.3562415,326,3582,N,8.33333333333333,0,136
3480,6,1.2730365,306,3995,N,10,0,136
3908,7,0.78628725,189,3480,Y,11.6666666666667,1,136
5744,8,0.881973,212,3908,N,13.3333333333333,1,136
5993,9,0.90277425,217,5744,N,15,1,136
5530,10,0.88613325,213,5993,N,16.6666666666667,1,136
5812,11,0.881973,212,5530,N,18.3333333333333,1,136
5110,12,0.8902935,214,5812,N,20,1,136
5459,13,0.8902935,214,5110,N,21.6666666666667,1,136
5875,14,0.931896,224,5459,N,23.3333333333333,1,136
4739,15,0.96933825,233,5875,N,25,1,136
6733,16,1.0067805,242,4739,N,26.6666666666667,1,136
7658,17,1.0067805,242,6733,N,28.3333333333333,1,136
7516,18,1.10246625,265,7658,N,30,1,136
7562,19,1.2064725,290,7516,N,31.6666666666667,1,136
6289,20,1.23559425,297,7562,N,33.3333333333333,1,136
8286,21,1.397844,336,6289,N,35,1,136
7995,22,1.297998,312,8286,N,36.6666666666667,1,136
8241,23,1.4394465,346,7995,N,38.3333333333333,1,136
10927,24,1.3895235,334,8241,N,40,1,136
9301,25,1.46024775,351,10927,N,41.6666666666667,1,136
10061,26,1.481049,356,9301,N,43.3333333333333,1,136
10226,27,0.71140275,171,10061,Y,45,2,136
9045,28,0.7405245,178,10226,N,46.6666666666667,2,136
2847,0,0.89445375,215,NA,N,0,0,137
2942,1,1.0067805,242,2847,N,1.66666666666667,0,137
2981,2,1.114947,268,2942,N,3.33333333333333,0,137
2826,3,1.28551725,309,2981,N,5,0,137
3065,4,1.31047875,315,2826,N,6.66666666666667,0,137
3942,5,1.45192725,349,3065,N,8.33333333333333,0,137
3142,6,1.43528625,345,3942,N,10,0,137
3205,7,1.43528625,345,3142,N,11.6666666666667,0,137
4374,8,1.49352975,359,3205,N,13.3333333333333,0,137
5876,9,0.79460775,191,4374,Y,15,1,137
5049,10,0.83621025,201,5876,N,16.6666666666667,1,137
3234,0,1.248075,300,NA,N,0,0,138
3455,1,1.381203,332,3234,N,1.66666666666667,0,138
3453,2,1.35208125,325,3455,N,3.33333333333333,0,138
3272,3,1.35208125,325,3453,N,5,0,138
3588,4,1.51017075,363,3272,N,6.66666666666667,0,138
3996,5,1.65993975,399,3588,N,8.33333333333333,0,138
3489,6,0.9235755,222,3996,Y,10,1,138
3750,7,0.78628725,189,3489,N,11.6666666666667,1,138
5508,8,0.83205,200,3750,N,13.3333333333333,1,138
5944,9,1.0400625,250,5508,N,15,1,138
5290,10,1.03590225,249,5944,N,16.6666666666667,1,138
5597,11,0.98597925,237,5290,N,18.3333333333333,1,138
4853,12,0.99429975,239,5597,N,20,1,138
5197,13,1.1898315,286,4853,N,21.6666666666667,1,138
5662,14,1.114947,268,5197,N,23.3333333333333,1,138
4503,15,1.1066265,266,5662,N,25,1,138
6611,16,1.1898315,286,4503,N,26.6666666666667,1,138
6741,17,1.2730365,306,6611,N,28.3333333333333,1,138
7293,18,1.181511,284,6741,N,30,1,138
7322,19,1.264716,304,7293,N,31.6666666666667,1,138
6211,20,1.34376075,323,7322,N,33.3333333333333,1,138
8101,21,1.3728825,330,6211,N,35,1,138
7850,22,1.447767,348,8101,N,36.6666666666667,1,138
8108,23,1.5060105,362,7850,N,38.3333333333333,1,138
10846,24,1.6224975,390,8108,N,40,1,138
8945,25,1.69322175,407,10846,N,41.6666666666667,1,138
9854,26,1.7722665,426,8945,N,43.3333333333333,1,138
10058,27,1.83051,440,9854,N,45,1,138
10499,29,1.9386765,466,10058,N,48.3333333333333,1,138
9175,30,0.865332,208,10499,Y,50,2,138
9844,31,0.96933825,233,9175,N,51.6666666666667,2,138
11419,32,0.96933825,233,9844,N,53.3333333333333,2,138
11974,33,0.931896,224,11419,N,55,2,138
11451,34,0.98597925,237,11974,N,56.6666666666667,2,138
12430,35,1.231434,296,11451,N,58.3333333333333,2,138
12904,36,1.148229,276,12430,N,60,2,138
12972,37,1.297998,312,12904,N,61.6666666666667,2,138
2852,0,1.015101,244,NA,N,0,0,139
2948,1,1.01094075,243,2852,N,1.66666666666667,0,139
2987,2,1.114947,268,2948,N,3.33333333333333,0,139
2832,3,1.39368375,335,2987,N,5,0,139
3071,4,1.414485,340,2832,N,6.66666666666667,0,139
3943,5,1.397844,336,3071,N,8.33333333333333,0,139
3147,6,1.41864525,341,3943,N,10,0,139
3210,7,1.5392925,370,3147,N,11.6666666666667,0,139
4376,8,1.63497825,393,3210,N,13.3333333333333,0,139
5878,9,0.8570115,206,4376,Y,15,1,139
3251,0,1.42696575,343,NA,N,0,0,140
3470,1,1.6224975,390,3251,N,1.66666666666667,0,140
3465,2,1.59337575,383,3470,N,3.33333333333333,0,140
3290,3,1.6890615,406,3465,N,5,0,140
3610,4,1.5226515,366,3290,N,6.66666666666667,0,140
3999,5,0.865332,208,3610,Y,8.33333333333333,1,140
2862,0,0.96101775,231,NA,N,0,0,141
2959,1,0.72804375,175,2862,N,1.66666666666667,0,141
2993,2,0.8570115,206,2959,N,3.33333333333333,0,141
2839,3,0.96933825,233,2993,N,5,0,141
3077,4,0.848691,204,2839,N,6.66666666666667,0,141
3944,5,1.048383,252,3077,N,8.33333333333333,0,141
3152,6,1.05254325,253,3944,N,10,0,141
3215,7,1.0899855,262,3152,N,11.6666666666667,0,141
4378,8,1.081665,260,3215,N,13.3333333333333,0,141
5882,9,1.10246625,265,4378,N,15,0,141
5061,10,1.1898315,286,5882,N,16.6666666666667,0,141
5332,11,1.15238925,277,5061,N,18.3333333333333,0,141
4613,12,1.17735075,283,5332,N,20,0,141
4937,13,1.38536325,333,4613,N,21.6666666666667,0,141
5377,14,1.33544025,321,4937,N,23.3333333333333,0,141
4377,15,1.50185025,361,5377,N,25,0,141
6502,16,1.6058565,386,4377,N,26.6666666666667,0,141
6620,17,0.8070885,194,6502,Y,28.3333333333333,1,141
2868,0,0.748845,180,NA,N,0,0,142
2963,1,0.70308225,169,2868,N,1.66666666666667,0,142
3002,2,0.7238835,174,2963,N,3.33333333333333,0,142
2848,3,0.81124875,195,3002,N,5,0,142
3085,4,0.8070885,194,2848,N,6.66666666666667,0,142
3946,5,0.815409,196,3085,N,8.33333333333333,0,142
3161,6,1.05254325,253,3946,N,10,0,142
3225,7,1.0234215,246,3161,N,11.6666666666667,0,142
4382,8,1.05254325,253,3225,N,13.3333333333333,0,142
5886,9,1.19399175,287,4382,N,15,0,142
5076,10,1.30215825,313,5886,N,16.6666666666667,0,142
5344,11,1.11910725,269,5076,N,18.3333333333333,0,142
4626,12,1.4893695,358,5344,N,20,0,142
4947,13,1.55177325,373,4626,N,21.6666666666667,0,142
5392,14,0.67812075,163,4947,Y,23.3333333333333,1,142
4383,15,0.82788975,199,5392,N,25,1,142
6508,16,0.68644125,165,4383,N,26.6666666666667,1,142
6628,17,0.8237295,198,6508,N,28.3333333333333,1,142
7124,18,0.81124875,195,6628,N,30,1,142
7138,19,0.90277425,217,7124,N,31.6666666666667,1,142
6156,20,0.8570115,206,7138,N,33.3333333333333,1,142
7448,21,0.70308225,169,6156,N,35,1,142
7762,22,0.83621025,201,7448,N,36.6666666666667,1,142
8018,23,0.77796675,187,7762,N,38.3333333333333,1,142
10785,24,0.7904475,190,8018,N,40,1,142
8744,25,0.8237295,198,10785,N,41.6666666666667,1,142
9589,26,0.77796675,187,8744,N,43.3333333333333,1,142
9934,27,0.9402165,226,9589,N,45,1,142
8643,28,0.8902935,214,9934,N,46.6666666666667,1,142
10431,29,0.90277425,217,8643,N,48.3333333333333,1,142
9693,30,0.881973,212,10431,N,50,1,142
9665,31,0.798768,192,9693,N,51.6666666666667,1,142
11292,32,0.83621025,201,9665,N,53.3333333333333,1,142
11817,33,0.74468475,179,11292,N,55,1,142
11307,34,0.7405245,178,11817,N,56.6666666666667,1,142
12168,35,0.86949225,209,11307,N,58.3333333333333,1,142
12684,36,0.71140275,171,12168,N,60,1,142
12832,37,0.7738065,186,12684,N,61.6666666666667,1,142
3255,0,0.96101775,231,NA,N,0,0,143
3475,1,1.11078675,267,3255,N,1.66666666666667,0,143
3469,2,0.9734985,234,3475,N,3.33333333333333,0,143
3292,3,0.9235755,222,3469,N,5,0,143
3614,4,0.9402165,226,3292,N,6.66666666666667,0,143
4001,5,0.948537,228,3614,N,8.33333333333333,0,143
3515,6,1.13574825,273,4001,N,10,0,143
3773,7,0.8237295,198,3515,N,11.6666666666667,0,143
5538,8,0.83205,200,3773,N,13.3333333333333,0,143
5949,9,1.01094075,243,5538,N,15,0,143
5308,10,0.865332,208,5949,N,16.6666666666667,0,143
5616,11,0.8570115,206,5308,N,18.3333333333333,0,143
4878,12,0.81956925,197,5616,N,20,0,143
5217,13,1.065024,256,4878,N,21.6666666666667,0,143
5685,14,0.915255,220,5217,N,23.3333333333333,0,143
4521,15,0.848691,204,5685,N,25,0,143
6625,16,0.72804375,175,4521,N,26.6666666666667,0,143
6754,17,0.8237295,198,6625,N,28.3333333333333,0,143
7314,18,0.68644125,165,6754,N,30,0,143
7342,19,0.7405245,178,7314,N,31.6666666666667,0,143
6218,20,0.73636425,177,7342,N,33.3333333333333,0,143
8114,21,0.8570115,206,6218,N,35,0,143
7863,22,1.0234215,246,8114,N,36.6666666666667,0,143
8121,23,0.75300525,181,7863,N,38.3333333333333,0,143
10853,24,0.83621025,201,8121,N,40,0,143
8987,25,0.86117175,207,10853,N,41.6666666666667,0,143
9875,26,0.7571655,182,8987,N,43.3333333333333,0,143
10076,27,0.75300525,181,9875,N,45,0,143
8762,28,0.782127,188,10076,N,46.6666666666667,0,143
10506,29,0.77796675,187,8762,N,48.3333333333333,0,143
9216,30,0.76964625,185,10506,N,50,0,143
9857,31,0.782127,188,9216,N,51.6666666666667,0,143
11429,32,0.74468475,179,9857,N,53.3333333333333,0,143
11985,33,0.78628725,189,11429,N,55,0,143
11466,34,0.7405245,178,11985,N,56.6666666666667,0,143
12442,35,0.881973,212,11466,N,58.3333333333333,0,143
12923,36,0.6906015,166,12442,N,60,0,143
12988,37,0.66147975,159,12923,N,61.6666666666667,0,143
3259,0,0.93605625,225,NA,N,0,0,144
3479,1,0.83621025,201,3259,N,1.66666666666667,0,144
3473,2,1.04422275,251,3479,N,3.33333333333333,0,144
3296,3,1.11078675,267,3473,N,5,0,144
3617,4,0.85285125,205,3296,N,6.66666666666667,0,144
4002,5,1.15238925,277,3617,N,8.33333333333333,0,144
3521,6,1.0067805,242,4002,N,10,0,144
3776,7,0.75300525,181,3521,N,11.6666666666667,0,144
5541,8,0.75300525,181,3776,N,13.3333333333333,0,144
5950,9,0.815409,196,5541,N,15,0,144
5310,10,0.7904475,190,5950,N,16.6666666666667,0,144
5620,11,0.7405245,178,5310,N,18.3333333333333,0,144
4883,12,0.74468475,179,5620,N,20,0,144
5221,13,0.8070885,194,4883,N,21.6666666666667,0,144
5689,14,0.69476175,167,5221,N,23.3333333333333,0,144
4523,15,0.76964625,185,5689,N,25,0,144
6627,16,0.632358,152,4523,N,26.6666666666667,0,144
6755,17,0.76964625,185,6627,N,28.3333333333333,0,144
7317,18,0.66147975,159,6755,N,30,0,144
7345,19,0.67812075,163,7317,N,31.6666666666667,0,144
6219,20,0.6906015,166,7345,N,33.3333333333333,0,144
8116,21,0.87781275,211,6219,N,35,0,144
7865,22,0.86117175,207,8116,N,36.6666666666667,0,144
8123,23,0.7072425,170,7865,N,38.3333333333333,0,144
10854,24,0.78628725,189,8123,N,40,0,144
8989,25,0.66980025,161,10854,N,41.6666666666667,0,144
9877,26,0.78628725,189,8989,N,43.3333333333333,0,144
10078,27,0.60323625,145,9877,N,45,0,144
8764,28,0.599076,144,10078,N,46.6666666666667,0,144
10507,29,0.6406785,154,8764,N,48.3333333333333,0,144
9225,30,0.6573195,158,10507,N,50,0,144
9863,31,0.61155675,147,9225,N,51.6666666666667,0,144
11434,32,0.6406785,154,9863,N,53.3333333333333,0,144
11997,33,0.632358,152,11434,N,55,0,144
11545,34,0.748845,180,11997,N,56.6666666666667,0,144
12449,35,0.6406785,154,11545,N,58.3333333333333,0,144
12929,36,0.68644125,165,12449,N,60,0,144
12993,37,0.698922,168,12929,N,61.6666666666667,0,144
2872,0,0.81124875,195,NA,N,0,0,145
2969,1,0.90277425,217,2872,N,1.66666666666667,0,145
3007,2,0.81124875,195,2969,N,3.33333333333333,0,145
2855,3,0.95269725,229,3007,N,5,0,145
3089,4,0.8902935,214,2855,N,6.66666666666667,0,145
3947,5,0.88613325,213,3089,N,8.33333333333333,0,145
3165,6,1.20231225,289,3947,N,10,0,145
3229,7,1.0567035,254,3165,N,11.6666666666667,0,145
4384,8,1.16070975,279,3229,N,13.3333333333333,0,145
5889,9,1.514331,364,4384,N,15,0,145
5082,10,1.131588,272,5889,N,16.6666666666667,0,145
5349,11,1.2896775,310,5082,N,18.3333333333333,0,145
4633,12,1.5559335,374,5349,N,20,0,145
13617,13,NA,-1,4633,Y,21.6666666666667,1,145
3263,0,0.748845,180,NA,N,0,0,146
3485,1,0.90277425,217,3263,N,1.66666666666667,0,146
3478,2,0.9568575,230,3485,N,3.33333333333333,0,146
3300,3,1.065024,256,3478,N,5,0,146
3622,4,0.91109475,219,3300,N,6.66666666666667,0,146
4003,5,1.0400625,250,3622,N,8.33333333333333,0,146
3527,6,1.16903025,281,4003,N,10,0,146
3780,7,1.0067805,242,3527,N,11.6666666666667,0,146
5547,8,1.048383,252,3780,N,13.3333333333333,0,146
5951,9,1.14406875,275,5547,N,15,0,146
5314,10,1.1399085,274,5951,N,16.6666666666667,0,146
5623,11,1.264716,304,5314,N,18.3333333333333,0,146
4887,12,1.32711975,319,5623,N,20,0,146
5225,13,1.38536325,333,4887,N,21.6666666666667,0,146
5693,14,1.45192725,349,5225,N,23.3333333333333,0,146
4526,15,1.49769,360,5693,N,25,0,146
6629,16,1.381203,332,4526,N,26.6666666666667,0,146
6762,17,1.481049,356,6629,N,28.3333333333333,0,146
7320,18,1.4228055,342,6762,N,30,0,146
7349,19,1.55177325,373,7320,N,31.6666666666667,0,146
6220,20,1.6224975,390,7349,N,33.3333333333333,0,146
8120,21,1.6391385,394,6220,N,35,0,146
7868,22,1.697382,408,8120,N,36.6666666666667,0,146
8125,23,1.897074,456,7868,N,38.3333333333333,0,146
10855,24,0.87781275,211,8125,Y,40,1,146
2877,0,0.8902935,214,NA,N,0,0,147
2977,1,0.95269725,229,2877,N,1.66666666666667,0,147
3011,2,0.98597925,237,2977,N,3.33333333333333,0,147
2859,3,1.18567125,285,3011,N,5,0,147
3095,4,1.0067805,242,2859,N,6.66666666666667,0,147
3948,5,1.16070975,279,3095,N,8.33333333333333,0,147
3169,6,1.2730365,306,3948,N,10,0,147
3233,7,1.14406875,275,3169,N,11.6666666666667,0,147
4386,8,1.281357,308,3233,N,13.3333333333333,0,147
5891,9,1.34376075,323,4386,N,15,0,147
5086,10,1.481049,356,5891,N,16.6666666666667,0,147
5352,11,1.42696575,343,5086,N,18.3333333333333,0,147
4637,12,1.580895,380,5352,N,20,0,147
4952,13,1.54345275,371,4637,N,21.6666666666667,0,147
5396,14,1.58505525,381,4952,N,23.3333333333333,0,147
4385,15,1.6391385,394,5396,N,25,0,147
6510,16,1.68490125,405,4385,N,26.6666666666667,0,147
6630,17,1.81802925,437,6510,N,28.3333333333333,0,147
7128,18,1.91787525,461,6630,N,30,0,147
7140,19,0.931896,224,7128,Y,31.6666666666667,1,147
6157,20,1.01926125,245,7140,N,33.3333333333333,1,147
7452,21,0.965178,232,6157,N,35,1,147
7763,22,1.04422275,251,7452,N,36.6666666666667,1,147
8020,23,1.0067805,242,7763,N,38.3333333333333,1,147
10786,24,0.97765875,235,8020,N,40,1,147
8747,25,1.06086375,255,10786,N,41.6666666666667,1,147
9594,26,1.1399085,274,8747,N,43.3333333333333,1,147
9936,27,1.26055575,303,9594,N,45,1,147
8644,28,1.23559425,297,9936,N,46.6666666666667,1,147
10432,29,1.28551725,309,8644,N,48.3333333333333,1,147
9697,30,1.464408,352,10432,N,50,1,147
9668,31,1.49352975,359,9697,N,51.6666666666667,1,147
11295,32,1.48520925,357,9668,N,53.3333333333333,1,147
11821,33,1.72650375,415,11295,N,55,1,147
13631,34,NA,-1,11821,Y,56.6666666666667,2,147
3268,0,0.8070885,194,NA,N,0,0,148
3490,1,0.86117175,207,3268,N,1.66666666666667,0,148
3483,2,0.9901395,238,3490,N,3.33333333333333,0,148
3302,3,0.83621025,201,3483,N,5,0,148
3627,4,1.01094075,243,3302,N,6.66666666666667,0,148
4004,5,0.9235755,222,3627,N,8.33333333333333,0,148
3535,6,1.08582525,261,4004,N,10,0,148
3785,7,1.11078675,267,3535,N,11.6666666666667,0,148
5551,8,1.048383,252,3785,N,13.3333333333333,0,148
5952,9,1.1898315,286,5551,N,15,0,148
5318,10,1.181511,284,5952,N,16.6666666666667,0,148
5628,11,1.25223525,301,5318,N,18.3333333333333,0,148
4891,12,1.3396005,322,5628,N,20,0,148
5233,13,1.36872225,329,4891,N,21.6666666666667,0,148
5697,14,1.44360675,347,5233,N,23.3333333333333,0,148
4529,15,1.39368375,335,5697,N,25,0,148
6631,16,1.51849125,365,4529,N,26.6666666666667,0,148
6763,17,1.40200425,337,6631,N,28.3333333333333,0,148
7323,18,1.54345275,371,6763,N,30,0,148
7353,19,1.67658075,403,7323,N,31.6666666666667,0,148
6221,20,0.7738065,186,7353,Y,33.3333333333333,1,148
8122,21,0.86117175,207,6221,N,35,1,148
7870,22,0.865332,208,8122,N,36.6666666666667,1,148
8127,23,0.99846,240,7870,N,38.3333333333333,1,148
10857,24,0.92773575,223,8127,N,40,1,148
8999,25,1.048383,252,10857,N,41.6666666666667,1,148
9913,26,1.0899855,262,8999,N,43.3333333333333,1,148
10082,27,1.07750475,259,9913,N,45,1,148
8769,28,1.081665,260,10082,N,46.6666666666667,1,148
10292,29,1.28551725,309,8769,N,48.3333333333333,1,148
2881,0,0.79460775,191,NA,N,0,0,149
2983,1,0.865332,208,2881,N,1.66666666666667,0,149
3017,2,0.9568575,230,2983,N,3.33333333333333,0,149
2863,3,1.11078675,267,3017,N,5,0,149
3103,4,1.02758175,247,2863,N,6.66666666666667,0,149
3949,5,1.1232675,270,3103,N,8.33333333333333,0,149
3172,6,1.44360675,347,3949,N,10,0,149
3239,7,1.26887625,305,3172,N,11.6666666666667,0,149
4387,8,1.231434,296,3239,N,13.3333333333333,0,149
5893,9,1.2730365,306,4387,N,15,0,149
5093,10,1.71818325,413,5893,N,16.6666666666667,0,149
13640,11,NA,-1,5093,Y,18.3333333333333,1,149
3273,0,1.24391475,299,NA,N,0,0,150
3496,1,1.27719675,307,3273,N,1.66666666666667,0,150
3487,2,1.33128,320,3496,N,3.33333333333333,0,150
3305,3,1.46856825,353,3487,N,5,0,150
3632,4,1.50185025,361,3305,N,6.66666666666667,0,150
4005,5,1.530972,368,3632,N,8.33333333333333,0,150
3546,6,2.04268275,491,4005,N,10,0,150
3788,7,1.630818,392,3546,N,11.6666666666667,0,150
5561,8,1.94283675,467,3788,N,13.3333333333333,0,150
5953,9,2.030202,488,5561,N,15,0,150
5322,10,1.94283675,467,5953,N,16.6666666666667,0,150
5634,11,1.863792,448,5322,N,18.3333333333333,0,150
4896,12,2.09260575,503,5634,N,20,0,150
5242,13,2.446227,588,4896,N,21.6666666666667,0,150
5705,14,1.05254325,253,5242,Y,23.3333333333333,1,150
4536,15,1.1232675,270,5705,N,25,1,150
6633,16,1.2563955,302,4536,N,26.6666666666667,1,150
6764,17,1.2563955,302,6633,N,28.3333333333333,1,150
7326,18,1.3396005,322,6764,N,30,1,150
7355,19,1.62665775,391,7326,N,31.6666666666667,1,150
6223,20,1.58505525,381,7355,N,33.3333333333333,1,150
8126,21,1.730664,416,6223,N,35,1,150
7873,22,1.7722665,426,8126,N,36.6666666666667,1,150
8131,23,1.7889075,430,7873,N,38.3333333333333,1,150
10859,24,1.5226515,366,8131,N,40,1,150
9005,25,0.76132575,183,10859,Y,41.6666666666667,2,150
9917,26,0.8237295,198,9005,N,43.3333333333333,2,150
10086,27,0.75300525,181,9917,N,45,2,150
8775,28,0.92773575,223,10086,N,46.6666666666667,2,150
10512,29,0.8902935,214,8775,N,48.3333333333333,2,150
9254,30,0.96101775,231,10512,N,50,2,150
9873,31,1.01094075,243,9254,N,51.6666666666667,2,150
11446,32,0.96933825,233,9873,N,53.3333333333333,2,150
12010,33,0.8902935,214,11446,N,55,2,150
2889,0,0.931896,224,NA,N,0,0,151
2988,1,0.948537,228,2889,N,1.66666666666667,0,151
3029,2,0.97765875,235,2988,N,3.33333333333333,0,151
2873,3,0.8902935,214,3029,N,5,0,151
3160,4,0.948537,228,2873,N,6.66666666666667,0,151
3950,5,1.0067805,242,3160,N,8.33333333333333,0,151
3176,6,1.16070975,279,3950,N,10,0,151
3244,7,1.10246625,265,3176,N,11.6666666666667,0,151
4390,8,1.1565495,278,3244,N,13.3333333333333,0,151
5895,9,1.41864525,341,4390,N,15,0,151
5098,10,1.5892155,382,5895,N,16.6666666666667,0,151
5356,11,1.214793,292,5098,N,18.3333333333333,0,151
4642,12,1.414485,340,5356,N,20,0,151
4959,13,1.597536,384,4642,N,21.6666666666667,0,151
5402,14,1.647459,396,4959,N,23.3333333333333,0,151
4388,15,1.597536,384,5402,N,25,0,151
6514,16,0.90277425,217,4388,Y,26.6666666666667,1,151
6634,17,0.90277425,217,6514,N,28.3333333333333,1,151
7134,18,0.83205,200,6634,N,30,1,151
7148,19,0.85285125,205,7134,N,31.6666666666667,1,151
6160,20,0.97765875,235,7148,N,33.3333333333333,1,151
7465,21,1.06918425,257,6160,N,35,1,151
7766,22,1.2231135,294,7465,N,36.6666666666667,1,151
8025,23,1.16070975,279,7766,N,38.3333333333333,1,151
10790,24,1.231434,296,8025,N,40,1,151
8761,25,1.0899855,262,10790,N,41.6666666666667,1,151
9611,26,0.56163375,135,8761,Y,43.3333333333333,2,151
3277,0,1.231434,296,NA,N,0,0,152
3501,1,1.364562,328,3277,N,1.66666666666667,0,152
3494,2,1.33544025,321,3501,N,3.33333333333333,0,152
3308,3,1.6890615,406,3494,N,5,0,152
3641,4,0.8403705,202,3308,Y,6.66666666666667,1,152
4006,5,0.97765875,235,3641,N,8.33333333333333,1,152
3552,6,1.314639,316,4006,N,10,1,152
3794,7,1.031742,248,3552,N,11.6666666666667,1,152
5567,8,1.26055575,303,3794,N,13.3333333333333,1,152
5954,9,1.1731905,282,5567,N,15,1,152
5326,10,1.12742775,271,5954,N,16.6666666666667,1,152
5637,11,1.21895325,293,5326,N,18.3333333333333,1,152
4901,12,1.231434,296,5637,N,20,1,152
5247,13,1.314639,316,4901,N,21.6666666666667,1,152
5709,14,1.23559425,297,5247,N,23.3333333333333,1,152
4540,15,1.2231135,294,5709,N,25,1,152
6636,16,1.33544025,321,4540,N,26.6666666666667,1,152
6765,17,1.38536325,333,6636,N,28.3333333333333,1,152
7329,18,1.52681175,367,6765,N,30,1,152
7359,19,1.464408,352,7329,N,31.6666666666667,1,152
6224,20,1.87627275,451,7359,N,33.3333333333333,1,152
8129,21,1.913715,460,6224,N,35,1,152
7875,22,1.07750475,259,8129,Y,36.6666666666667,2,152
8132,23,0.83205,200,7875,N,38.3333333333333,2,152
10860,24,0.8736525,210,8132,N,40,2,152
9015,25,0.88613325,213,10860,N,41.6666666666667,2,152
9921,26,0.848691,204,9015,N,43.3333333333333,2,152
10090,27,0.81124875,195,9921,N,45,2,152
8781,28,0.90277425,217,10090,N,46.6666666666667,2,152
10514,29,0.88613325,213,8781,N,48.3333333333333,2,152
9261,30,1.0400625,250,10514,N,50,2,152
2907,0,0.782127,188,NA,N,0,0,153
3001,1,0.7405245,178,2907,N,1.66666666666667,0,153
3034,2,0.77796675,187,3001,N,3.33333333333333,0,153
2878,3,0.77796675,187,3034,N,5,0,153
3164,4,0.732204,176,2878,N,6.66666666666667,0,153
3951,5,0.80292825,193,3164,N,8.33333333333333,0,153
3178,6,0.9069345,218,3951,N,10,0,153
3247,7,0.782127,188,3178,N,11.6666666666667,0,153
4392,8,0.81956925,197,3247,N,13.3333333333333,0,153
5897,9,0.915255,220,4392,N,15,0,153
5103,10,0.931896,224,5897,N,16.6666666666667,0,153
5360,11,0.9235755,222,5103,N,18.3333333333333,0,153
4647,12,1.0067805,242,5360,N,20,0,153
4963,13,1.031742,248,4647,N,21.6666666666667,0,153
5407,14,1.0234215,246,4963,N,23.3333333333333,0,153
4389,15,0.981819,236,5407,N,25,0,153
6516,16,1.1399085,274,4389,N,26.6666666666667,0,153
6635,17,1.16903025,281,6516,N,28.3333333333333,0,153
7137,18,1.32711975,319,6635,N,30,0,153
7150,19,1.36872225,329,7137,N,31.6666666666667,0,153
6161,20,1.3562415,326,7150,N,33.3333333333333,0,153
7469,21,1.50185025,361,6161,N,35,0,153
7767,22,1.62665775,391,7469,N,36.6666666666667,0,153
8027,23,1.61833725,389,7767,N,38.3333333333333,0,153
10791,24,0.84453075,203,8027,Y,40,1,153
3316,0,0.79460775,191,NA,N,0,0,154
3513,1,0.91941525,221,3316,N,1.66666666666667,0,154
3504,2,0.90277425,217,3513,N,3.33333333333333,0,154
3317,3,0.9568575,230,3504,N,5,0,154
3660,4,0.97765875,235,3317,N,6.66666666666667,0,154
4009,5,1.01926125,245,3660,N,8.33333333333333,0,154
3573,6,1.0567035,254,4009,N,10,0,154
3819,7,1.0567035,254,3573,N,11.6666666666667,0,154
5579,8,1.12742775,271,3819,N,13.3333333333333,0,154
5956,9,1.1399085,274,5579,N,15,0,154
5338,10,1.18567125,285,5956,N,16.6666666666667,0,154
5649,11,1.12742775,271,5338,N,18.3333333333333,0,154
4911,12,1.2231135,294,5649,N,20,0,154
5256,13,1.231434,296,4911,N,21.6666666666667,0,154
5716,14,1.231434,296,5256,N,23.3333333333333,0,154
4547,15,1.3895235,334,5716,N,25,0,154
6641,16,1.3895235,334,4547,N,26.6666666666667,0,154
6767,17,1.41032475,339,6641,N,28.3333333333333,0,154
7337,18,1.51017075,363,6767,N,30,0,154
7365,19,1.680741,404,7337,N,31.6666666666667,0,154
6227,20,1.80138825,433,7365,N,33.3333333333333,0,154
8135,21,1.897074,456,6227,N,35,0,154
7886,22,1.9719585,474,8135,N,36.6666666666667,0,154
8139,23,1.92619575,463,7886,N,38.3333333333333,0,154
10866,24,0.931896,224,8139,Y,40,1,154
9044,25,0.92773575,223,10866,N,41.6666666666667,1,154
9932,26,1.048383,252,9044,N,43.3333333333333,1,154
10101,27,0.965178,232,9932,N,45,1,154
8798,28,1.081665,260,10101,N,46.6666666666667,1,154
10519,29,1.114947,268,8798,N,48.3333333333333,1,154
12025,33,1.36872225,329,10519,N,55,1,154
11598,34,1.60169625,385,12025,N,56.6666666666667,1,154
12495,35,1.73482425,417,11598,N,58.3333333333333,1,154
12971,36,1.09414575,263,12495,Y,60,2,154
13019,37,1.03590225,249,12971,N,61.6666666666667,2,154
2913,0,1.00262025,241,NA,N,0,0,155
3006,1,1.16903025,281,2913,N,1.66666666666667,0,155
3038,2,1.18567125,285,3006,N,3.33333333333333,0,155
2883,3,1.3396005,322,3038,N,5,0,155
3179,4,1.15238925,277,2883,N,6.66666666666667,0,155
3952,5,1.314639,316,3179,N,8.33333333333333,0,155
3194,6,1.48520925,357,3952,N,10,0,155
3256,7,1.41864525,341,3194,N,11.6666666666667,0,155
4394,8,1.597536,384,3256,N,13.3333333333333,0,155
5899,9,1.64329875,395,4394,N,15,0,155
5109,10,1.4228055,342,5899,N,16.6666666666667,0,155
5364,11,1.8055485,434,5109,N,18.3333333333333,0,155
4651,12,1.81802925,437,5364,N,20,0,155
4972,13,1.8388305,442,4651,N,21.6666666666667,0,155
5414,14,1.98443925,477,4972,N,23.3333333333333,0,155
4391,15,1.6890615,406,5414,N,25,0,155
2918,0,0.90277425,217,NA,N,0,0,156
3012,1,1.02758175,247,2918,N,1.66666666666667,0,156
3053,2,1.231434,296,3012,N,3.33333333333333,0,156
2888,3,1.21895325,293,3053,N,5,0,156
3183,4,1.28551725,309,2888,N,6.66666666666667,0,156
3953,5,1.42696575,343,3183,N,8.33333333333333,0,156
3199,6,1.81802925,437,3953,N,10,0,156
3262,7,1.46856825,353,3199,N,11.6666666666667,0,156
4396,8,1.5392925,370,3262,N,13.3333333333333,0,156
5903,9,0.87781275,211,4396,Y,15,1,156
5117,10,0.848691,204,5903,N,16.6666666666667,1,156
5367,11,0.965178,232,5117,N,18.3333333333333,1,156
4655,12,1.0733445,258,5367,N,20,1,156
4977,13,1.16903025,281,4655,N,21.6666666666667,1,156
5419,14,1.02758175,247,4977,N,23.3333333333333,1,156
4393,15,1.06918425,257,5419,N,25,1,156
6518,16,1.08582525,261,4393,N,26.6666666666667,1,156
6638,17,1.23559425,297,6518,N,28.3333333333333,1,156
7141,18,1.31879925,317,6638,N,30,1,156
7154,19,1.397844,336,7141,N,31.6666666666667,1,156
6162,20,1.61833725,389,7154,N,33.3333333333333,1,156
7474,21,1.5226515,366,6162,N,35,1,156
7768,22,1.4893695,358,7474,N,36.6666666666667,1,156
8029,23,1.38536325,333,7768,N,38.3333333333333,1,156
10661,24,0.85285125,205,8029,Y,40,2,156
8460,25,0.95269725,229,10661,N,41.6666666666667,2,156
8955,26,1.0733445,258,8460,N,43.3333333333333,2,156
9452,27,1.00262025,241,8955,N,45,2,156
8415,28,1.13574825,273,9452,N,46.6666666666667,2,156
10310,29,1.15238925,277,8415,N,48.3333333333333,2,156
8921,30,1.14406875,275,10310,N,50,2,156
9149,31,1.16070975,279,8921,N,51.6666666666667,2,156
11102,32,1.21063275,291,9149,N,53.3333333333333,2,156
11497,33,1.397844,336,11102,N,55,2,156
11001,34,1.5226515,366,11497,N,56.6666666666667,2,156
11843,35,1.3728825,330,11001,N,58.3333333333333,2,156
12264,36,0.8736525,210,11843,Y,60,3,156
12346,37,0.80292825,193,12264,N,61.6666666666667,3,156
3328,0,0.77796675,187,NA,N,0,0,157
3524,1,0.8570115,206,3328,N,1.66666666666667,0,157
3514,2,0.8902935,214,3524,N,3.33333333333333,0,157
3327,3,1.06086375,255,3514,N,5,0,157
3670,4,1.05254325,253,3327,N,6.66666666666667,0,157
4011,5,1.07750475,259,3670,N,8.33333333333333,0,157
3585,6,1.16903025,281,4011,N,10,0,157
3841,7,1.048383,252,3585,N,11.6666666666667,0,157
5588,8,1.16487,280,3841,N,13.3333333333333,0,157
5958,9,1.2231135,294,5588,N,15,0,157
5346,10,1.20231225,289,5958,N,16.6666666666667,0,157
5657,11,1.29383775,311,5346,N,18.3333333333333,0,157
4923,12,1.36040175,327,5657,N,20,0,157
5266,13,1.47688875,355,4923,N,21.6666666666667,0,157
5727,14,1.4560875,350,5266,N,23.3333333333333,0,157
4557,15,1.57673475,379,5727,N,25,0,157
6646,16,1.813869,436,4557,N,26.6666666666667,0,157
6771,17,0.73636425,177,6646,Y,28.3333333333333,1,157
7348,18,0.732204,176,6771,N,30,1,157
7373,19,0.8902935,214,7348,N,31.6666666666667,1,157
6230,20,0.83621025,201,7373,N,33.3333333333333,1,157
8142,21,0.915255,220,6230,N,35,1,157
7892,22,0.99429975,239,8142,N,36.6666666666667,1,157
8144,23,1.015101,244,7892,N,38.3333333333333,1,157
10869,24,1.03590225,249,8144,N,40,1,157
9059,25,1.0567035,254,10869,N,41.6666666666667,1,157
9939,26,1.181511,284,9059,N,43.3333333333333,1,157
10106,27,1.27719675,307,9939,N,45,1,157
8809,28,1.297998,312,10106,N,46.6666666666667,1,157
10522,29,1.43528625,345,8809,N,48.3333333333333,1,157
9293,30,1.34376075,323,10522,N,50,1,157
9893,31,1.6724205,402,9293,N,51.6666666666667,1,157
11467,32,0.72804375,175,9893,Y,53.3333333333333,2,157
12038,33,0.79460775,191,11467,N,55,2,157
11605,34,1.14406875,275,12038,N,56.6666666666667,2,157
12506,35,1.0567035,254,11605,N,58.3333333333333,2,157
12979,36,1.031742,248,12506,N,60,2,157
13028,37,1.0733445,258,12979,N,61.6666666666667,2,157
2924,0,1.17735075,283,NA,N,0,0,158
3018,1,1.32711975,319,2924,N,1.66666666666667,0,158
3058,2,1.43528625,345,3018,N,3.33333333333333,0,158
2894,3,1.714023,412,3058,N,5,0,158
3185,4,1.431126,344,2894,N,6.66666666666667,0,158
3954,5,1.4893695,358,3185,N,8.33333333333333,0,158
3209,6,0.81956925,197,3954,Y,10,1,158
3269,7,0.67812075,163,3209,N,11.6666666666667,1,158
4400,8,0.74468475,179,3269,N,13.3333333333333,1,158
5906,9,0.82788975,199,4400,N,15,1,158
5126,10,0.77796675,187,5906,N,16.6666666666667,1,158
5373,11,0.86949225,209,5126,N,18.3333333333333,1,158
4663,12,1.00262025,241,5373,N,20,1,158
4987,13,1.065024,256,4663,N,21.6666666666667,1,158
5428,14,1.03590225,249,4987,N,23.3333333333333,1,158
4397,15,1.10246625,265,5428,N,25,1,158
6522,16,1.1565495,278,4397,N,26.6666666666667,1,158
6642,17,1.131588,272,6522,N,28.3333333333333,1,158
7146,18,1.181511,284,6642,N,30,1,158
7159,19,1.231434,296,7146,N,31.6666666666667,1,158
6164,20,1.20231225,289,7159,N,33.3333333333333,1,158
7486,21,1.21063275,291,6164,N,35,1,158
7770,22,1.14406875,275,7486,N,36.6666666666667,1,158
8033,23,1.2231135,294,7770,N,38.3333333333333,1,158
10794,24,1.26887625,305,8033,N,40,1,158
8774,25,1.231434,296,10794,N,41.6666666666667,1,158
9633,26,1.51017075,363,8774,N,43.3333333333333,1,158
9951,27,1.62665775,391,9633,N,45,1,158
10436,29,1.797228,432,9951,N,48.3333333333333,1,158
2357,0,0.6240375,150,NA,N,0,0,159
2509,1,0.71140275,171,2357,N,1.66666666666667,0,159
2439,2,0.93605625,225,2509,N,3.33333333333333,0,159
2349,3,1.1731905,282,2439,N,5,0,159
2469,4,0.98597925,237,2349,N,6.66666666666667,0,159
2387,5,1.11910725,269,2469,N,8.33333333333333,0,159
2444,6,1.2231135,294,2387,N,10,0,159
2413,7,1.01094075,243,2444,N,11.6666666666667,0,159
4147,8,1.1232675,270,2413,N,13.3333333333333,0,159
5542,9,1.11910725,269,4147,N,15,0,159
4664,10,1.17735075,283,5542,N,16.6666666666667,0,159
4912,11,1.23559425,297,4664,N,18.3333333333333,0,159
4144,12,1.46024775,351,4912,N,20,0,159
4524,13,1.547613,372,4144,N,21.6666666666667,0,159
4909,14,1.464408,352,4524,N,23.3333333333333,0,159
4126,15,1.530972,368,4909,N,25,0,159
6333,16,1.530972,368,4126,N,26.6666666666667,0,159
6416,17,1.913715,460,6333,N,28.3333333333333,0,159
6839,18,1.9053945,458,6416,N,30,0,159
6841,19,1.99275975,479,6839,N,31.6666666666667,0,159
6039,20,2.00108025,481,6841,N,33.3333333333333,0,159
7007,21,0.86117175,207,6039,Y,35,1,159
7444,22,1.14406875,275,7007,N,36.6666666666667,1,159
3331,0,1.0899855,262,NA,N,0,0,160
3536,1,1.17735075,283,3331,N,1.66666666666667,0,160
3522,2,1.26055575,303,3536,N,3.33333333333333,0,160
3333,3,1.5559335,374,3522,N,5,0,160
3685,4,1.5392925,370,3333,N,6.66666666666667,0,160
4012,5,1.580895,380,3685,N,8.33333333333333,0,160
3594,6,1.880433,452,4012,N,10,0,160
3845,7,0.88613325,213,3594,Y,11.6666666666667,1,160
5593,8,0.9734985,234,3845,N,13.3333333333333,1,160
2938,0,0.77796675,187,NA,N,0,0,161
3028,1,0.8736525,210,2938,N,1.66666666666667,0,161
3063,2,0.8570115,206,3028,N,3.33333333333333,0,161
2898,3,1.04422275,251,3063,N,5,0,161
3188,4,0.96101775,231,2898,N,6.66666666666667,0,161
3955,5,0.91109475,219,3188,N,8.33333333333333,0,161
3214,6,1.1066265,266,3955,N,10,0,161
3276,7,0.9402165,226,3214,N,11.6666666666667,0,161
4402,8,1.06086375,255,3276,N,13.3333333333333,0,161
5907,9,1.181511,284,4402,N,15,0,161
5131,10,1.181511,284,5907,N,16.6666666666667,0,161
5376,11,1.41032475,339,5131,N,18.3333333333333,0,161
4667,12,1.34376075,323,5376,N,20,0,161
4993,13,1.4394465,346,4667,N,21.6666666666667,0,161
5439,14,1.414485,340,4993,N,23.3333333333333,0,161
4399,15,1.6058565,386,5439,N,25,0,161
6524,16,1.64329875,395,4399,N,26.6666666666667,0,161
6645,17,1.763946,424,6524,N,28.3333333333333,0,161
7149,18,1.797228,432,6645,N,30,0,161
7165,19,0.931896,224,7149,Y,31.6666666666667,1,161
6166,20,0.95269725,229,7165,N,33.3333333333333,1,161
7494,21,0.91109475,219,6166,N,35,1,161
7772,22,1.03590225,249,7494,N,36.6666666666667,1,161
8035,23,1.05254325,253,7772,N,38.3333333333333,1,161
10795,24,1.0733445,258,8035,N,40,1,161
8777,25,1.181511,284,10795,N,41.6666666666667,1,161
9637,26,1.29383775,311,8777,N,43.3333333333333,1,161
9953,27,1.33128,320,9637,N,45,1,161
8650,28,1.3728825,330,9953,N,46.6666666666667,1,161
10437,29,1.49769,360,8650,N,48.3333333333333,1,161
9724,30,1.61001675,387,10437,N,50,1,161
9684,31,1.4228055,342,9724,N,51.6666666666667,1,161
11304,32,1.780587,428,9684,N,53.3333333333333,1,161
11832,33,0.97765875,235,11304,Y,55,2,161
11322,34,0.9734985,234,11832,N,56.6666666666667,2,161
12191,35,1.031742,248,11322,N,58.3333333333333,2,161
12707,36,0.97765875,235,12191,N,60,2,161
12842,37,1.15238925,277,12707,N,61.6666666666667,2,161
3336,0,0.91109475,219,NA,N,0,0,162
3541,1,0.95269725,229,3336,N,1.66666666666667,0,162
3525,2,1.031742,248,3541,N,3.33333333333333,0,162
3335,3,1.16487,280,3525,N,5,0,162
3691,4,1.2563955,302,3335,N,6.66666666666667,0,162
4013,5,1.19399175,287,3691,N,8.33333333333333,0,162
3599,6,1.56841425,377,4013,N,10,0,162
3850,7,1.4228055,342,3599,N,11.6666666666667,0,162
5603,8,1.6890615,406,3850,N,13.3333333333333,0,162
5960,9,1.72650375,415,5603,N,15,0,162
5355,10,0.85285125,205,5960,Y,16.6666666666667,1,162
2941,0,0.648999,156,NA,N,0,0,163
3033,1,0.648999,156,2941,N,1.66666666666667,0,163
3081,2,0.7738065,186,3033,N,3.33333333333333,0,163
2915,3,0.8736525,210,3081,N,5,0,163
3201,4,0.6739605,162,2915,N,6.66666666666667,0,163
3958,5,0.72804375,175,3201,N,8.33333333333333,0,163
3294,6,0.91941525,221,3958,N,10,0,163
3289,7,0.748845,180,3294,N,11.6666666666667,0,163
4406,8,0.8570115,206,3289,N,13.3333333333333,0,163
5909,9,0.84453075,203,4406,N,15,0,163
5146,10,0.86949225,209,5909,N,16.6666666666667,0,163
5382,11,0.73636425,177,5146,N,18.3333333333333,0,163
4675,12,0.8403705,202,5382,N,20,0,163
5001,13,0.948537,228,4675,N,21.6666666666667,0,163
5449,14,0.732204,176,5001,N,23.3333333333333,0,163
4403,15,0.85285125,205,5449,N,25,0,163
6526,16,0.682281,164,4403,N,26.6666666666667,0,163
6649,17,0.83621025,201,6526,N,28.3333333333333,0,163
7153,18,0.69476175,167,6649,N,30,0,163
7172,19,0.7904475,190,7153,N,31.6666666666667,0,163
6169,20,0.765486,184,7172,N,33.3333333333333,0,163
7502,21,0.79460775,191,6169,N,35,0,163
7774,22,0.8570115,206,7502,N,36.6666666666667,0,163
8038,23,0.698922,168,7774,N,38.3333333333333,0,163
10797,24,0.848691,204,8038,N,40,0,163
8785,25,0.71972325,173,10797,N,41.6666666666667,0,163
9648,26,0.8403705,202,8785,N,43.3333333333333,0,163
9962,27,0.86949225,209,9648,N,45,0,163
11839,34,0.898614,216,9962,N,56.6666666666667,0,163
13170,36,1.16070975,279,11839,N,60,0,163
13205,37,0.6906015,166,13170,N,61.6666666666667,0,163
3339,0,0.91941525,221,NA,N,0,0,164
3545,1,0.815409,196,3339,N,1.66666666666667,0,164
3531,2,1.02758175,247,3545,N,3.33333333333333,0,164
3338,3,0.965178,232,3531,N,5,0,164
3697,4,0.965178,232,3338,N,6.66666666666667,0,164
4014,5,1.0234215,246,3697,N,8.33333333333333,0,164
3604,6,1.14406875,275,4014,N,10,0,164
3851,7,1.148229,276,3604,N,11.6666666666667,0,164
5607,8,1.2064725,290,3851,N,13.3333333333333,0,164
5961,9,1.314639,316,5607,N,15,0,164
5362,10,1.2563955,302,5961,N,16.6666666666667,0,164
5665,11,1.36872225,329,5362,N,18.3333333333333,0,164
4938,12,1.41032475,339,5665,N,20,0,164
5275,13,1.4394465,346,4938,N,21.6666666666667,0,164
5739,14,1.50185025,361,5275,N,23.3333333333333,0,164
4572,15,1.614177,388,5739,N,25,0,164
6652,16,1.797228,432,4572,N,26.6666666666667,0,164
6774,17,1.763946,424,6652,N,28.3333333333333,0,164
7358,18,0.97765875,235,6774,Y,30,1,164
7388,19,0.981819,236,7358,N,31.6666666666667,1,164
3353,0,0.9901395,238,NA,N,0,0,165
3558,1,1.07750475,259,3353,N,1.66666666666667,0,165
3542,2,1.07750475,259,3558,N,3.33333333333333,0,165
3349,3,1.131588,272,3542,N,5,0,165
3719,4,1.26055575,303,3349,N,6.66666666666667,0,165
4016,5,1.3396005,322,3719,N,8.33333333333333,0,165
3613,6,1.4228055,342,4016,N,10,0,165
3853,7,1.36872225,329,3613,N,11.6666666666667,0,165
5619,8,1.547613,372,3853,N,13.3333333333333,0,165
5964,9,1.83051,440,5619,N,15,0,165
5369,10,1.680741,404,5964,N,16.6666666666667,0,165
5675,11,1.72650375,415,5369,N,18.3333333333333,0,165
4957,12,0.8403705,202,5675,Y,20,1,165
5291,13,0.98597925,237,4957,N,21.6666666666667,1,165
5756,14,0.931896,224,5291,N,23.3333333333333,1,165
4585,15,1.0400625,250,5756,N,25,1,165
6658,16,0.96101775,231,4585,N,26.6666666666667,1,165
6778,17,1.08582525,261,6658,N,28.3333333333333,1,165
7367,18,1.0733445,258,6778,N,30,1,165
7404,19,1.04422275,251,7367,N,31.6666666666667,1,165
6236,20,1.15238925,277,7404,N,33.3333333333333,1,165
8164,21,1.31047875,315,6236,N,35,1,165
7906,22,1.44360675,347,8164,N,36.6666666666667,1,165
8158,23,1.31879925,317,7906,N,38.3333333333333,1,165
10879,24,1.40200425,337,8158,N,40,1,165
9108,25,1.4061645,338,10879,N,41.6666666666667,1,165
9958,26,1.57673475,379,9108,N,43.3333333333333,1,165
10126,27,0.8237295,198,9958,Y,45,2,165
8849,28,0.8902935,214,10126,N,46.6666666666667,2,165
3359,0,1.06086375,255,NA,N,0,0,166
3563,1,1.13574825,273,3359,N,1.66666666666667,0,166
3549,2,1.148229,276,3563,N,3.33333333333333,0,166
3355,3,1.231434,296,3549,N,5,0,166
3724,4,1.314639,316,3355,N,6.66666666666667,0,166
4017,5,1.4061645,338,3724,N,8.33333333333333,0,166
3619,6,1.8055485,434,4017,N,10,0,166
3854,7,1.564254,376,3619,N,11.6666666666667,0,166
5625,8,1.60169625,385,3854,N,13.3333333333333,0,166
5965,9,1.6641,400,5625,N,15,0,166
5375,10,0.83205,200,5965,Y,16.6666666666667,1,166
5683,11,0.99429975,239,5375,N,18.3333333333333,1,166
4967,12,0.97765875,235,5683,N,20,1,166
5299,13,1.1066265,266,4967,N,21.6666666666667,1,166
5764,14,1.01094075,243,5299,N,23.3333333333333,1,166
4597,15,1.02758175,247,5764,N,25,1,166
6661,16,1.02758175,247,4597,N,26.6666666666667,1,166
6780,17,1.10246625,265,6661,N,28.3333333333333,1,166
7374,18,1.281357,308,6780,N,30,1,166
7413,19,1.26055575,303,7374,N,31.6666666666667,1,166
6239,20,1.33128,320,7413,N,33.3333333333333,1,166
8168,21,1.38536325,333,6239,N,35,1,166
7912,22,1.4228055,342,8168,N,36.6666666666667,1,166
8160,23,1.5060105,362,7912,N,38.3333333333333,1,166
10881,24,1.46024775,351,8160,N,40,1,166
9120,25,1.61833725,389,10881,N,41.6666666666667,1,166
9961,26,0.765486,184,9120,Y,43.3333333333333,2,166
10130,27,0.931896,224,9961,N,45,2,166
8859,28,0.9402165,226,10130,N,46.6666666666667,2,166
10537,29,0.96933825,233,8859,N,48.3333333333333,2,166
9920,31,0.865332,208,10537,N,51.6666666666667,2,166
12066,33,0.9235755,222,9920,N,55,2,166
11656,34,1.03590225,249,12066,N,56.6666666666667,2,166
12581,35,1.081665,260,11656,N,58.3333333333333,2,166
13033,36,1.22727375,295,12581,N,60,2,166
13080,37,1.3396005,322,13033,N,61.6666666666667,2,166
3363,0,1.06918425,257,NA,N,0,0,167
3569,1,0.99846,240,3363,N,1.66666666666667,0,167
3554,2,1.131588,272,3569,N,3.33333333333333,0,167
3364,3,1.081665,260,3554,N,5,0,167
3740,4,1.1565495,278,3364,N,6.66666666666667,0,167
4019,5,1.16070975,279,3740,N,8.33333333333333,0,167
3630,6,1.2397545,298,4019,N,10,0,167
3857,7,1.464408,352,3630,N,11.6666666666667,0,167
5633,8,1.2397545,298,3857,N,13.3333333333333,0,167
5967,9,1.5226515,366,5633,N,15,0,167
5384,10,1.63497825,393,5967,N,16.6666666666667,0,167
5692,11,1.5060105,362,5384,N,18.3333333333333,0,167
4980,12,1.70154225,409,5692,N,20,0,167
5313,13,1.8554715,446,4980,N,21.6666666666667,0,167
5781,14,1.780587,428,5313,N,23.3333333333333,0,167
4612,15,1.70986275,411,5781,N,25,0,167
6667,16,1.8554715,446,4612,N,26.6666666666667,0,167
6783,17,0.97765875,235,6667,Y,28.3333333333333,1,167
7383,18,1.2397545,298,6783,N,30,1,167
7422,19,1.18567125,285,7383,N,31.6666666666667,1,167
6242,20,1.17735075,283,7422,N,33.3333333333333,1,167
8174,21,1.0733445,258,6242,N,35,1,167
7917,22,1.1731905,282,8174,N,36.6666666666667,1,167
8165,23,1.2064725,290,7917,N,38.3333333333333,1,167
10884,24,1.16903025,281,8165,N,40,1,167
9136,25,1.37704275,331,10884,N,41.6666666666667,1,167
9973,26,1.10246625,265,9136,N,43.3333333333333,1,167
10140,27,1.4560875,350,9973,N,45,1,167
8992,28,1.564254,376,10140,N,46.6666666666667,1,167
9879,31,0.82788975,199,8992,Y,51.6666666666667,2,167
11450,32,0.82788975,199,9879,N,53.3333333333333,2,167
12015,33,0.7238835,174,11450,N,55,2,167
11574,34,0.68644125,165,12015,N,56.6666666666667,2,167
12474,35,0.87781275,211,11574,N,58.3333333333333,2,167
12956,36,1.1232675,270,12474,N,60,2,167
13009,37,1.297998,312,12956,N,61.6666666666667,2,167
3373,0,0.881973,212,NA,N,0,0,168
3574,1,0.8570115,206,3373,N,1.66666666666667,0,168
3559,2,1.0567035,254,3574,N,3.33333333333333,0,168
3370,3,1.13574825,273,3559,N,5,0,168
3747,4,1.12742775,271,3370,N,6.66666666666667,0,168
4020,5,1.131588,272,3747,N,8.33333333333333,0,168
3634,6,1.25223525,301,4020,N,10,0,168
3858,7,1.25223525,301,3634,N,11.6666666666667,0,168
5640,8,1.33544025,321,3858,N,13.3333333333333,0,168
5968,9,1.46024775,351,5640,N,15,0,168
5389,10,1.5559335,374,5968,N,16.6666666666667,0,168
5696,11,1.49769,360,5389,N,18.3333333333333,0,168
4986,12,1.69322175,407,5696,N,20,0,168
5319,13,0.83621025,201,4986,Y,21.6666666666667,1,168
5788,14,0.80292825,193,5319,N,23.3333333333333,1,168
4623,15,0.782127,188,5788,N,25,1,168
6673,16,0.87781275,211,4623,N,26.6666666666667,1,168
2359,0,0.632358,152,NA,N,0,0,169
2553,1,0.62819775,151,2359,N,1.66666666666667,0,169
2447,2,0.7072425,170,2553,N,3.33333333333333,0,169
2395,3,0.748845,180,2447,N,5,0,169
2484,4,0.77796675,187,2395,N,6.66666666666667,0,169
2427,5,0.72804375,175,2484,N,8.33333333333333,0,169
2458,6,0.865332,208,2427,N,10,0,169
2416,7,0.6906015,166,2458,N,11.6666666666667,0,169
4156,8,0.75300525,181,2416,N,13.3333333333333,0,169
5557,9,0.83205,200,4156,N,15,0,169
4676,10,0.7571655,182,5557,N,16.6666666666667,0,169
4927,11,0.8736525,210,4676,N,18.3333333333333,0,169
4154,12,0.95269725,229,4927,N,20,0,169
4532,13,0.96933825,233,4154,N,21.6666666666667,0,169
4926,14,0.93605625,225,4532,N,23.3333333333333,0,169
4138,15,0.931896,224,4926,N,25,0,169
6337,16,1.0067805,242,4138,N,26.6666666666667,0,169
6426,17,1.015101,244,6337,N,28.3333333333333,0,169
6851,18,1.1399085,274,6426,N,30,0,169
6852,19,1.098306,264,6851,N,31.6666666666667,0,169
6045,20,1.16070975,279,6852,N,33.3333333333333,0,169
7029,21,1.2064725,290,6045,N,35,0,169
7470,22,1.198152,288,7029,N,36.6666666666667,0,169
7743,23,1.3562415,326,7470,N,38.3333333333333,0,169
10650,24,1.31879925,317,7743,N,40,0,169
8444,25,1.514331,364,10650,N,41.6666666666667,0,169
8913,26,1.35208125,325,8444,N,43.3333333333333,0,169
9418,27,1.6641,400,8913,N,45,0,169
8395,28,1.51017075,363,9418,N,46.6666666666667,0,169
10299,29,0.7571655,182,8395,Y,48.3333333333333,1,169
3385,0,1.148229,276,NA,N,0,0,170
3580,1,1.2730365,306,3385,N,1.66666666666667,0,170
3567,2,1.25223525,301,3580,N,3.33333333333333,0,170
3377,3,1.347921,324,3567,N,5,0,170
3753,4,1.3728825,330,3377,N,6.66666666666667,0,170
4021,5,1.63497825,393,3753,N,8.33333333333333,0,170
3643,6,1.863792,448,4021,N,10,0,170
3638,7,0.6906015,166,3643,Y,11.6666666666667,1,170
4452,8,0.9901395,238,3638,N,13.3333333333333,1,170
5932,9,1.05254325,253,4452,N,15,1,170
5249,10,1.04422275,251,5932,N,16.6666666666667,1,170
5513,11,1.03590225,249,5249,N,18.3333333333333,1,170
4788,12,1.11910725,269,5513,N,20,1,170
5136,13,1.11078675,267,4788,N,21.6666666666667,1,170
5604,14,1.181511,284,5136,N,23.3333333333333,1,170
4462,15,1.08582525,261,5604,N,25,1,170
6580,16,1.1898315,286,4462,N,26.6666666666667,1,170
6709,17,1.21063275,291,6580,N,28.3333333333333,1,170
7242,18,1.26055575,303,6709,N,30,1,170
7281,19,1.36040175,327,7242,N,31.6666666666667,1,170
6197,20,1.3396005,322,7281,N,33.3333333333333,1,170
8071,21,1.3396005,322,6197,N,35,1,170
7827,22,1.3895235,334,8071,N,36.6666666666667,1,170
8080,23,1.4560875,350,7827,N,38.3333333333333,1,170
10832,24,1.53513225,369,8080,N,40,1,170
8886,25,1.38536325,333,10832,N,41.6666666666667,1,170
9801,26,1.71818325,413,8886,N,43.3333333333333,1,170
10033,27,1.5725745,378,9801,N,45,1,170
8606,28,0.90277425,217,10033,Y,46.6666666666667,2,170
10411,29,0.748845,180,8606,N,48.3333333333333,2,170
9569,30,0.8570115,206,10411,N,50,2,170
9599,31,0.7571655,182,9569,N,51.6666666666667,2,170
11255,32,0.7571655,182,9599,N,53.3333333333333,2,170
11758,33,0.76132575,183,11255,N,55,2,170
11189,34,0.8403705,202,11758,N,56.6666666666667,2,170
12093,35,0.798768,192,11189,N,58.3333333333333,2,170
12629,36,0.76132575,183,12093,N,60,2,170
12776,37,0.76964625,185,12629,N,61.6666666666667,2,170
3397,0,0.9734985,234,NA,N,0,0,171
3586,1,0.93605625,225,3397,N,1.66666666666667,0,171
3572,2,1.07750475,259,3586,N,3.33333333333333,0,171
3383,3,1.16070975,279,3572,N,5,0,171
3757,4,1.198152,288,3383,N,6.66666666666667,0,171
4022,5,1.3895235,334,3757,N,8.33333333333333,0,171
3645,6,1.3562415,326,4022,N,10,0,171
5646,8,1.414485,340,3645,N,13.3333333333333,0,171
5969,9,1.364562,328,5646,N,15,0,171
5393,10,1.42696575,343,5969,N,16.6666666666667,0,171
4992,12,1.5559335,374,5393,N,20,0,171
5327,13,1.7057025,410,4992,N,21.6666666666667,0,171
5799,14,0.89445375,215,5327,Y,23.3333333333333,1,171
4631,15,0.9235755,222,5799,N,25,1,171
6676,16,0.915255,220,4631,N,26.6666666666667,1,171
6788,17,0.98597925,237,6676,N,28.3333333333333,1,171
7400,18,0.99429975,239,6788,N,30,1,171
7438,19,1.07750475,259,7400,N,31.6666666666667,1,171
6247,20,1.0733445,258,7438,N,33.3333333333333,1,171
8184,21,1.21063275,291,6247,N,35,1,171
7926,22,1.181511,284,8184,N,36.6666666666667,1,171
8175,23,1.30215825,313,7926,N,38.3333333333333,1,171
10889,24,1.447767,348,8175,N,40,1,171
9154,25,1.414485,340,10889,N,41.6666666666667,1,171
9981,26,1.414485,340,9154,N,43.3333333333333,1,171
10148,27,1.614177,388,9981,N,45,1,171
8880,28,1.42696575,343,10148,N,46.6666666666667,1,171
2504,0,0.69476175,167,NA,N,0,0,172
2641,1,0.582435,140,2504,N,1.66666666666667,0,172
2539,2,0.66564,160,2641,N,3.33333333333333,0,172
2550,3,0.66147975,159,2539,N,5,0,172
2599,4,0.582435,140,2550,N,6.66666666666667,0,172
2655,0,0.67812075,163,NA,N,0,0,173
2754,1,0.7072425,170,2655,N,1.66666666666667,0,173
2793,2,0.765486,184,2754,N,3.33333333333333,0,173
2665,3,0.81956925,197,2793,N,5,0,173
2728,4,0.83205,200,2665,N,6.66666666666667,0,173
3836,5,0.881973,212,2728,N,8.33333333333333,0,173
2965,6,0.981819,236,3836,N,10,0,173
2991,7,0.95269725,229,2965,N,11.6666666666667,0,173
4296,8,0.94437675,227,2991,N,13.3333333333333,0,173
5757,9,0.9901395,238,4296,N,15,0,173
4870,10,1.1565495,278,5757,N,16.6666666666667,0,173
5186,11,1.19399175,287,4870,N,18.3333333333333,0,173
4456,12,1.2397545,298,5186,N,20,0,173
4736,13,1.2730365,306,4456,N,21.6666666666667,0,173
5175,14,1.24391475,299,4736,N,23.3333333333333,0,173
4281,15,1.481049,356,5175,N,25,0,173
6410,16,1.65161925,397,4281,N,26.6666666666667,0,173
6529,17,1.3396005,322,6410,N,28.3333333333333,0,173
6985,18,0.74468475,179,6529,Y,30,1,173
2235,0,0.71140275,171,NA,N,0,0,174
2252,1,0.77796675,187,2235,N,1.66666666666667,0,174
2351,2,0.782127,188,2252,N,3.33333333333333,0,174
2268,3,0.80292825,193,2351,N,5,0,174
2328,4,0.71140275,171,2268,N,6.66666666666667,0,174
2285,5,0.798768,192,2328,N,8.33333333333333,0,174
2347,6,0.94437675,227,2285,N,10,0,174
2315,7,1.16070975,279,2347,N,11.6666666666667,0,174
4094,8,1.16903025,281,2315,N,13.3333333333333,0,174
3149,0,0.8403705,202,NA,N,0,0,175
3386,1,0.8736525,210,3149,N,1.66666666666667,0,175
3378,2,0.89445375,215,3386,N,3.33333333333333,0,175
3207,3,0.89445375,215,3378,N,5,0,175
3512,4,1.01926125,245,3207,N,6.66666666666667,0,175
3982,5,1.0234215,246,3512,N,8.33333333333333,0,175
3414,6,1.1232675,270,3982,N,10,0,175
3681,7,1.14406875,275,3414,N,11.6666666666667,0,175
5450,8,1.231434,296,3681,N,13.3333333333333,0,175
5934,9,1.31047875,315,5450,N,15,0,175
5257,10,1.364562,328,5934,N,16.6666666666667,0,175
5531,11,1.34376075,323,5257,N,18.3333333333333,0,175
4801,12,1.51849125,365,5531,N,20,0,175
5150,13,1.47688875,355,4801,N,21.6666666666667,0,175
5617,14,1.75146525,421,5150,N,23.3333333333333,0,175
4472,15,1.61001675,387,5617,N,25,0,175
6586,16,0.70308225,169,4472,Y,26.6666666666667,1,175
6715,17,0.698922,168,6586,N,28.3333333333333,1,175
7253,18,0.76964625,185,6715,N,30,1,175
7291,19,0.96933825,233,7253,N,31.6666666666667,1,175
6200,20,0.99429975,239,7291,N,33.3333333333333,1,175
8077,21,1.0234215,246,6200,N,35,1,175
2346,0,1.12742775,271,NA,N,0,0,176
2390,1,1.21895325,293,2346,N,1.66666666666667,0,176
2431,2,1.2231135,294,2390,N,3.33333333333333,0,176
2337,3,1.564254,376,2431,N,5,0,176
2455,4,1.43528625,345,2337,N,6.66666666666667,0,176
2381,5,1.547613,372,2455,N,8.33333333333333,0,176
2435,6,0.83205,200,2381,Y,10,1,176
2411,7,0.8070885,194,2435,N,11.6666666666667,1,176
4142,8,0.9901395,238,2411,N,13.3333333333333,1,176
5533,9,1.0400625,250,4142,N,15,1,176
4656,10,1.0067805,242,5533,N,16.6666666666667,1,176
4898,11,1.048383,252,4656,N,18.3333333333333,1,176
4134,12,1.0567035,254,4898,N,20,1,176
4514,13,1.10246625,265,4134,N,21.6666666666667,1,176
4895,14,1.09414575,263,4514,N,23.3333333333333,1,176
4116,15,1.1399085,274,4895,N,25,1,176
6330,16,1.07750475,259,4116,N,26.6666666666667,1,176
6409,17,1.21895325,293,6330,N,28.3333333333333,1,176
6833,18,1.2397545,298,6409,N,30,1,176
6834,19,1.297998,312,6833,N,31.6666666666667,1,176
6036,20,1.38536325,333,6834,N,33.3333333333333,1,176
6995,21,1.397844,336,6036,N,35,1,176
7434,22,1.62665775,391,6995,N,36.6666666666667,1,176
7726,23,1.4727285,354,7434,N,38.3333333333333,1,176
10640,24,1.61001675,387,7726,N,40,1,176
8422,25,1.64329875,395,10640,N,41.6666666666667,1,176
8338,26,1.697382,408,8422,N,43.3333333333333,1,176
9376,27,1.697382,408,8338,N,45,1,176
8377,28,1.680741,404,9376,N,46.6666666666667,1,176
10289,29,0.87781275,211,8377,Y,48.3333333333333,2,176
8850,30,0.865332,208,10289,N,50,2,176
9081,31,0.95269725,229,8850,N,51.6666666666667,2,176
2829,0,1.514331,364,NA,N,0,0,177
2912,1,1.2730365,306,2829,N,1.66666666666667,0,177
2954,2,1.6641,400,2912,N,3.33333333333333,0,177
2806,3,1.83467025,441,2954,N,5,0,177
3023,4,0.765486,184,2806,Y,6.66666666666667,1,177
3285,0,1.863792,448,NA,N,0,0,178
3507,1,1.730664,416,3285,N,1.66666666666667,0,178
3498,2,2.0718045,498,3507,N,3.33333333333333,0,178
3311,3,2.2049325,530,3498,N,5,0,178
3650,4,2.080125,500,3311,N,6.66666666666667,0,178
3561,6,2.2215735,534,3650,N,10,0,178
3803,7,2.113407,508,3561,N,11.6666666666667,0,178
4130,8,1.06086375,255,3803,Y,13.3333333333333,1,178
5503,9,1.1399085,274,4130,N,15,1,178
4639,10,1.08582525,261,5503,N,16.6666666666667,1,178
4876,11,1.0567035,254,4639,N,18.3333333333333,1,178
4118,12,1.21063275,291,4876,N,20,1,178
4501,13,1.22727375,295,4118,N,21.6666666666667,1,178
4866,14,1.13574825,273,4501,N,23.3333333333333,1,178
4103,15,1.3396005,322,4866,N,25,1,178
6325,16,1.39368375,335,4103,N,26.6666666666667,1,178
6401,17,1.45192725,349,6325,N,28.3333333333333,1,178
6829,18,1.43528625,345,6401,N,30,1,178
6818,19,1.20231225,289,6829,N,31.6666666666667,1,178
6032,20,1.47688875,355,6818,N,33.3333333333333,1,178
6980,21,0.7238835,174,6032,Y,35,2,178
7412,22,0.9402165,226,6980,N,36.6666666666667,2,178
7710,23,0.83205,200,7412,N,38.3333333333333,2,178
10634,24,0.77796675,187,7710,N,40,2,178
3321,0,1.0067805,242,NA,N,0,0,179
3518,1,1.05254325,253,3321,N,1.66666666666667,0,179
3510,2,1.081665,260,3518,N,3.33333333333333,0,179
3322,3,1.181511,284,3510,N,5,0,179
3664,4,1.16487,280,3322,N,6.66666666666667,0,179
4010,5,1.21895325,293,3664,N,8.33333333333333,0,179
3579,6,1.364562,328,4010,N,10,0,179
3838,7,1.4228055,342,3579,N,11.6666666666667,0,179
5585,8,1.4560875,350,3838,N,13.3333333333333,0,179
5342,10,1.56841425,377,5585,N,16.6666666666667,0,179
5653,11,1.63497825,393,5342,N,18.3333333333333,0,179
4913,12,0.8902935,214,5653,Y,20,1,179
5260,13,0.97765875,235,4913,N,21.6666666666667,1,179
5720,14,0.7738065,186,5260,N,23.3333333333333,1,179
4550,15,0.7738065,186,5720,N,25,1,179
6643,16,0.8570115,206,4550,N,26.6666666666667,1,179
6768,17,0.89445375,215,6643,N,28.3333333333333,1,179
7340,18,0.95269725,229,6768,N,30,1,179
7368,19,0.9235755,222,7340,N,31.6666666666667,1,179
6228,20,0.865332,208,7368,N,33.3333333333333,1,179
8138,21,0.8902935,214,6228,N,35,1,179
7888,22,0.965178,232,8138,N,36.6666666666667,1,179
8140,23,1.181511,284,7888,N,38.3333333333333,1,179
10867,24,1.214793,292,8140,N,40,1,179
9050,25,1.35208125,325,10867,N,41.6666666666667,1,179
9935,26,1.3396005,322,9050,N,43.3333333333333,1,179
10104,27,1.40200425,337,9935,N,45,1,179
8802,28,1.42696575,343,10104,N,46.6666666666667,1,179
10520,29,1.5559335,374,8802,N,48.3333333333333,1,179
9369,30,0.61155675,147,10520,Y,50,2,179
9909,31,0.881973,212,9369,N,51.6666666666667,2,179
2358,0,0.86949225,209,NA,N,0,0,180
2512,1,0.9235755,222,2358,N,1.66666666666667,0,180
2443,2,0.98597925,237,2512,N,3.33333333333333,0,180
2376,3,0.9568575,230,2443,N,5,0,180
2478,4,0.965178,232,2376,N,6.66666666666667,0,180
2402,5,0.99429975,239,2478,N,8.33333333333333,0,180
2453,6,0.99429975,239,2402,N,10,0,180
2415,7,0.9734985,234,2453,N,11.6666666666667,0,180
4153,8,0.9901395,238,2415,N,13.3333333333333,0,180
5554,9,1.05254325,253,4153,N,15,0,180
4672,10,1.17735075,283,5554,N,16.6666666666667,0,180
4922,11,1.20231225,289,4672,N,18.3333333333333,0,180
4151,12,1.231434,296,4922,N,20,0,180
4530,13,1.30215825,313,4151,N,21.6666666666667,0,180
4920,14,1.53513225,369,4530,N,23.3333333333333,0,180
4135,15,1.51849125,365,4920,N,25,0,180
6336,16,1.68490125,405,4135,N,26.6666666666667,0,180
6849,18,1.747305,420,6336,N,30,0,180
6850,19,0.72804375,175,6849,Y,31.6666666666667,1,180
6044,20,0.69476175,167,6850,N,33.3333333333333,1,180
7026,21,0.748845,180,6044,N,35,1,180
7467,22,0.76964625,185,7026,N,36.6666666666667,1,180
7741,23,0.92773575,223,7467,N,38.3333333333333,1,180
10649,24,0.96101775,231,7741,N,40,1,180
8442,25,0.99429975,239,10649,N,41.6666666666667,1,180
8909,26,0.915255,220,8442,N,43.3333333333333,1,180
9414,27,1.10246625,265,8909,N,45,1,180
8393,28,1.13574825,273,9414,N,46.6666666666667,1,180
10298,29,1.01094075,243,8393,N,48.3333333333333,1,180
11481,33,1.20231225,289,10298,N,55,1,180
10991,34,1.40200425,337,11481,N,56.6666666666667,1,180
11800,35,1.381203,332,10991,N,58.3333333333333,1,180
12222,36,1.5559335,374,11800,N,60,1,180
12317,37,1.464408,352,12222,N,61.6666666666667,1,180
3343,0,0.7738065,186,NA,N,0,0,181
3550,1,0.9568575,230,3343,N,1.66666666666667,0,181
3537,2,0.97765875,235,3550,N,3.33333333333333,0,181
3342,3,0.8403705,202,3537,N,5,0,181
3709,4,0.93605625,225,3342,N,6.66666666666667,0,181
4015,5,0.99429975,239,3709,N,8.33333333333333,0,181
3607,6,1.281357,308,4015,N,10,0,181
3852,7,1.18567125,285,3607,N,11.6666666666667,0,181
5613,8,1.27719675,307,3852,N,13.3333333333333,0,181
5962,9,1.59337575,383,5613,N,15,0,181
5669,11,1.65993975,399,5962,N,18.3333333333333,0,181
4943,12,0.74468475,179,5669,Y,20,1,181
5279,13,0.82788975,199,4943,N,21.6666666666667,1,181
2377,0,0.71140275,171,NA,N,0,0,182
2566,1,0.74468475,179,2377,N,1.66666666666667,0,182
2457,2,0.83621025,201,2566,N,3.33333333333333,0,182
2505,3,0.948537,228,2457,N,5,0,182
2496,4,0.89445375,215,2505,N,6.66666666666667,0,182
3060,5,0.91941525,221,2496,N,8.33333333333333,0,182
2476,6,0.94437675,227,3060,N,10,0,182
2446,7,0.981819,236,2476,N,11.6666666666667,0,182
4166,8,0.981819,236,2446,N,13.3333333333333,0,182
5578,9,1.02758175,247,4166,N,15,0,182
4692,10,1.0067805,242,5578,N,16.6666666666667,0,182
4953,11,0.948537,228,4692,N,18.3333333333333,0,182
4170,12,0.98597925,237,4953,N,20,0,182
4549,13,1.0567035,254,4170,N,21.6666666666667,0,182
4948,14,1.11910725,269,4549,N,23.3333333333333,0,182
4149,15,1.10246625,265,4948,N,25,0,182
6341,16,1.14406875,275,4149,N,26.6666666666667,0,182
6436,17,1.1399085,274,6341,N,28.3333333333333,0,182
6859,18,1.22727375,295,6436,N,30,0,182
6860,19,1.38536325,333,6859,N,31.6666666666667,0,182
6049,20,1.11910725,269,6860,N,33.3333333333333,0,182
7042,21,1.26055575,303,6049,N,35,0,182
7487,22,1.34376075,323,7042,N,36.6666666666667,0,182
7751,23,1.1399085,274,7487,N,38.3333333333333,0,182
10657,24,1.231434,296,7751,N,40,0,182
8453,25,1.048383,252,10657,N,41.6666666666667,0,182
8932,26,1.4061645,338,8453,N,43.3333333333333,0,182
9435,27,1.24391475,299,8932,N,45,0,182
8408,28,0.82788975,199,9435,N,46.6666666666667,0,182
10306,29,0.965178,232,8408,N,48.3333333333333,0,182
11066,34,1.5226515,366,10306,N,56.6666666666667,0,182
11944,35,1.33544025,321,11066,N,58.3333333333333,0,182
12417,36,1.4394465,346,11944,N,60,0,182
12529,37,0.66147975,159,12417,Y,61.6666666666667,1,182
3407,0,0.7405245,178,NA,N,0,0,183
3593,1,0.7072425,170,3407,N,1.66666666666667,0,183
3581,2,0.7904475,190,3593,N,3.33333333333333,0,183
3391,3,0.9402165,226,3581,N,5,0,183
3766,4,0.881973,212,3391,N,6.66666666666667,0,183
4024,5,0.9568575,230,3766,N,8.33333333333333,0,183
3648,6,1.01094075,243,4024,N,10,0,183
3862,7,0.948537,228,3648,N,11.6666666666667,0,183
5654,8,1.0067805,242,3862,N,13.3333333333333,0,183
5971,9,1.0567035,254,5654,N,15,0,183
5400,10,1.0733445,258,5971,N,16.6666666666667,0,183
5707,11,1.04422275,251,5400,N,18.3333333333333,0,183
4999,12,1.10246625,265,5707,N,20,0,183
5335,13,1.1565495,278,4999,N,21.6666666666667,0,183
5807,14,1.1731905,282,5335,N,23.3333333333333,0,183
4640,15,1.17735075,283,5807,N,25,0,183
6680,16,1.1232675,270,4640,N,26.6666666666667,0,183
6790,17,1.314639,316,6680,N,28.3333333333333,0,183
7407,18,1.29383775,311,6790,N,30,0,183
7445,19,1.131588,272,7407,N,31.6666666666667,0,183
6249,20,1.2563955,302,7445,N,33.3333333333333,0,183
8189,21,1.364562,328,6249,N,35,0,183
7930,22,1.56841425,377,8189,N,36.6666666666667,0,183
8179,23,1.464408,352,7930,N,38.3333333333333,0,183
10891,24,0.87781275,211,8179,Y,40,1,183
9162,25,0.798768,192,10891,N,41.6666666666667,1,183
9985,26,0.86117175,207,9162,N,43.3333333333333,1,183
3407,0,0.7405245,178,NA,N,0,0,184
3593,1,0.7072425,170,3407,N,1.66666666666667,0,184
3581,2,0.7904475,190,3593,N,3.33333333333333,0,184
3391,3,0.9402165,226,3581,N,5,0,184
3766,4,0.881973,212,3391,N,6.66666666666667,0,184
4024,5,0.9568575,230,3766,N,8.33333333333333,0,184
3648,6,1.01094075,243,4024,N,10,0,184
3862,7,0.948537,228,3648,N,11.6666666666667,0,184
5654,8,1.0067805,242,3862,N,13.3333333333333,0,184
5971,9,1.0567035,254,5654,N,15,0,184
5400,10,1.0733445,258,5971,N,16.6666666666667,0,184
5707,11,1.04422275,251,5400,N,18.3333333333333,0,184
4999,12,1.10246625,265,5707,N,20,0,184
5335,13,1.1565495,278,4999,N,21.6666666666667,0,184
5807,14,1.1731905,282,5335,N,23.3333333333333,0,184
4640,15,1.17735075,283,5807,N,25,0,184
6680,16,1.1232675,270,4640,N,26.6666666666667,0,184
6790,17,1.314639,316,6680,N,28.3333333333333,0,184
7407,18,1.29383775,311,6790,N,30,0,184
7445,19,1.131588,272,7407,N,31.6666666666667,0,184
6249,20,1.2563955,302,7445,N,33.3333333333333,0,184
8189,21,1.364562,328,6249,N,35,0,184
7930,22,1.56841425,377,8189,N,36.6666666666667,0,184
8179,23,1.464408,352,7930,N,38.3333333333333,0,184
10892,24,0.66147975,159,8179,Y,40,1,184
9166,25,0.68644125,165,10892,N,41.6666666666667,1,184
9986,26,0.66980025,161,9166,N,43.3333333333333,1,184
10153,27,0.7571655,182,9986,N,45,1,184
8882,28,0.848691,204,10153,N,46.6666666666667,1,184
10548,29,0.8570115,206,8882,N,48.3333333333333,1,184
9446,30,0.948537,228,10548,N,50,1,184
10124,31,0.93605625,225,9446,N,51.6666666666667,1,184
11507,32,0.91941525,221,10124,N,53.3333333333333,1,184
12092,33,1.065024,256,11507,N,55,1,184
11676,34,1.16487,280,12092,N,56.6666666666667,1,184
12601,35,1.36040175,327,11676,N,58.3333333333333,1,184
13053,36,1.12742775,271,12601,N,60,1,184
12878,37,0.66564,160,13053,Y,61.6666666666667,2,184
2404,0,0.6906015,166,NA,N,0,0,185
2574,1,0.67812075,163,2404,N,1.66666666666667,0,185
2466,2,0.94437675,227,2574,N,3.33333333333333,0,185
2514,3,0.79460775,191,2466,N,5,0,185
2506,4,0.8403705,202,2514,N,6.66666666666667,0,185
3175,5,0.898614,216,2506,N,8.33333333333333,0,185
2487,6,0.99429975,239,3175,N,10,0,185
2454,7,0.91941525,221,2487,N,11.6666666666667,0,185
4172,8,1.065024,256,2454,N,13.3333333333333,0,185
5589,9,1.15238925,277,4172,N,15,0,185
4700,10,1.16070975,279,5589,N,16.6666666666667,0,185
4964,11,1.07750475,259,4700,N,18.3333333333333,0,185
4177,12,1.198152,288,4964,N,20,0,185
4558,13,1.24391475,299,4177,N,21.6666666666667,0,185
4955,14,0.65315925,157,4558,Y,23.3333333333333,1,185
4152,15,0.81124875,195,4955,N,25,1,185
6342,16,0.948537,228,4152,N,26.6666666666667,1,185
6438,17,0.9069345,218,6342,N,28.3333333333333,1,185
6864,18,0.981819,236,6438,N,30,1,185
6861,19,0.92773575,223,6864,N,31.6666666666667,1,185
3417,0,0.82788975,199,NA,N,0,0,186
3601,1,0.848691,204,3417,N,1.66666666666667,0,186
3590,2,0.93605625,225,3601,N,3.33333333333333,0,186
3402,3,0.898614,216,3590,N,5,0,186
3779,4,0.98597925,237,3402,N,6.66666666666667,0,186
4026,5,0.9734985,234,3779,N,8.33333333333333,0,186
3657,6,1.198152,288,4026,N,10,0,186
3864,7,1.0400625,250,3657,N,11.6666666666667,0,186
5664,8,1.1399085,274,3864,N,13.3333333333333,0,186
5973,9,1.27719675,307,5664,N,15,0,186
5406,10,1.18567125,285,5973,N,16.6666666666667,0,186
5715,11,1.29383775,311,5406,N,18.3333333333333,0,186
5006,12,1.3063185,314,5715,N,20,0,186
5343,13,1.61001675,387,5006,N,21.6666666666667,0,186
5814,14,1.49352975,359,5343,N,23.3333333333333,0,186
4648,15,1.46856825,353,5814,N,25,0,186
6684,16,0.7238835,174,4648,Y,26.6666666666667,1,186
6792,17,0.8070885,194,6684,N,28.3333333333333,1,186
7414,18,0.66980025,161,6792,N,30,1,186
7453,19,0.71140275,171,7414,N,31.6666666666667,1,186
6251,20,0.85285125,205,7453,N,33.3333333333333,1,186
8194,21,0.87781275,211,6251,N,35,1,186
7935,22,0.9568575,230,8194,N,36.6666666666667,1,186
8185,23,0.89445375,215,7935,N,38.3333333333333,1,186
10895,24,0.8736525,210,8185,N,40,1,186
9179,25,0.8902935,214,10895,N,41.6666666666667,1,186
9991,26,0.78628725,189,9179,N,43.3333333333333,1,186
10160,27,1.16487,280,9991,N,45,1,186
8892,28,1.36872225,329,10160,N,46.6666666666667,1,186
3417,0,0.82788975,199,NA,N,0,0,187
3601,1,0.848691,204,3417,N,1.66666666666667,0,187
3590,2,0.93605625,225,3601,N,3.33333333333333,0,187
3402,3,0.898614,216,3590,N,5,0,187
3779,4,0.98597925,237,3402,N,6.66666666666667,0,187
4026,5,0.9734985,234,3779,N,8.33333333333333,0,187
3657,6,1.198152,288,4026,N,10,0,187
3864,7,1.0400625,250,3657,N,11.6666666666667,0,187
5664,8,1.1399085,274,3864,N,13.3333333333333,0,187
5973,9,1.27719675,307,5664,N,15,0,187
5406,10,1.18567125,285,5973,N,16.6666666666667,0,187
5715,11,1.29383775,311,5406,N,18.3333333333333,0,187
5006,12,1.3063185,314,5715,N,20,0,187
5343,13,1.61001675,387,5006,N,21.6666666666667,0,187
5814,14,1.49352975,359,5343,N,23.3333333333333,0,187
4648,15,1.46856825,353,5814,N,25,0,187
6686,16,0.815409,196,4648,Y,26.6666666666667,1,187
6793,17,0.8403705,202,6686,N,28.3333333333333,1,187
7418,18,0.981819,236,6793,N,30,1,187
7456,19,0.915255,220,7418,N,31.6666666666667,1,187
6252,20,0.931896,224,7456,N,33.3333333333333,1,187
8196,21,0.9069345,218,6252,N,35,1,187
7937,22,1.02758175,247,8196,N,36.6666666666667,1,187
8187,23,0.9734985,234,7937,N,38.3333333333333,1,187
10896,24,0.98597925,237,8187,N,40,1,187
9182,25,0.99846,240,10896,N,41.6666666666667,1,187
9994,26,1.098306,264,9182,N,43.3333333333333,1,187
10158,27,1.15238925,277,9994,N,45,1,187
8896,28,1.314639,316,10158,N,46.6666666666667,1,187
11144,34,1.82634975,439,8896,N,56.6666666666667,1,187
12024,35,1.8221895,438,11144,N,58.3333333333333,1,187
12880,36,0.948537,228,12024,Y,60,2,187
2445,0,1.5892155,382,NA,N,0,0,188
2579,1,1.547613,372,2445,N,1.66666666666667,0,188
2470,2,1.73482425,417,2579,N,3.33333333333333,0,188
2516,3,0.80292825,193,2470,Y,5,1,188
2526,4,0.86949225,209,2516,N,6.66666666666667,1,188
3287,5,0.8736525,210,2526,N,8.33333333333333,1,188
2746,6,1.01926125,245,3287,N,10,1,188
2464,7,1.03590225,249,2746,N,11.6666666666667,1,188
4178,8,1.0234215,246,2464,N,13.3333333333333,1,188
5602,9,1.114947,268,4178,N,15,1,188
4707,10,1.1731905,282,5602,N,16.6666666666667,1,188
4973,11,1.2064725,290,4707,N,18.3333333333333,1,188
4184,12,1.31047875,315,4973,N,20,1,188
4567,13,1.35208125,325,4184,N,21.6666666666667,1,188
4965,14,1.3728825,330,4567,N,23.3333333333333,1,188
4159,15,1.47688875,355,4965,N,25,1,188
6344,16,1.447767,348,4159,N,26.6666666666667,1,188
7598,17,1.564254,376,6344,N,28.3333333333333,1,188
6051,20,1.7223435,414,7598,N,33.3333333333333,1,188
7050,21,1.913715,460,6051,N,35,1,188
7497,22,1.63497825,393,7050,N,36.6666666666667,1,188
7754,23,0.931896,224,7497,Y,38.3333333333333,2,188
10660,24,0.7904475,190,7754,N,40,2,188
8458,25,0.96933825,233,10660,N,41.6666666666667,2,188
8947,26,1.12742775,271,8458,N,43.3333333333333,2,188
9448,27,1.131588,272,8947,N,45,2,188
8414,28,1.1565495,278,9448,N,46.6666666666667,2,188
10309,29,1.16487,280,8414,N,48.3333333333333,2,188
11100,32,1.081665,260,10309,N,53.3333333333333,2,188
11495,33,1.46856825,353,11100,N,55,2,188
11000,34,1.6224975,390,11495,N,56.6666666666667,2,188
11840,35,1.77642675,427,11000,N,58.3333333333333,2,188
12255,36,0.765486,184,11840,Y,60,3,188
2451,0,0.95269725,229,NA,N,0,0,189
2585,1,1.31047875,315,2451,N,1.66666666666667,0,189
2475,2,1.3396005,322,2585,N,3.33333333333333,0,189
2517,3,1.51017075,363,2475,N,5,0,189
2533,4,0.71972325,173,2517,Y,6.66666666666667,1,189
3295,5,0.6906015,166,2533,N,8.33333333333333,1,189
2755,6,0.71140275,171,3295,N,10,1,189
2473,7,0.70308225,169,2755,N,11.6666666666667,1,189
4183,8,0.66564,160,2473,N,13.3333333333333,1,189
5611,9,0.6573195,158,4183,N,15,1,189
4713,10,0.80292825,193,5611,N,16.6666666666667,1,189
4981,11,0.84453075,203,4713,N,18.3333333333333,1,189
4190,12,0.82788975,199,4981,N,20,1,189
4576,13,0.7738065,186,4190,N,21.6666666666667,1,189
4974,14,1.01094075,243,4576,N,23.3333333333333,1,189
4168,15,0.99846,240,4974,N,25,1,189
6347,16,1.01926125,245,4168,N,26.6666666666667,1,189
6447,17,1.10246625,265,6347,N,28.3333333333333,1,189
6871,18,1.0234215,246,6447,N,30,1,189
6872,19,1.114947,268,6871,N,31.6666666666667,1,189
6055,20,1.198152,288,6872,N,33.3333333333333,1,189
7065,21,1.50185025,361,6055,N,35,1,189
7512,22,1.39368375,335,7065,N,36.6666666666667,1,189
7780,23,0.5907555,142,7512,Y,38.3333333333333,2,189
10664,24,0.6073965,146,7780,N,40,2,189
8468,25,0.59491575,143,10664,N,41.6666666666667,2,189
8980,26,0.682281,164,8468,N,43.3333333333333,2,189
9473,27,0.71140275,171,8980,N,45,2,189
8425,28,0.72804375,175,9473,N,46.6666666666667,2,189
10315,29,0.69476175,167,8425,N,48.3333333333333,2,189
8939,30,0.80292825,193,10315,N,50,2,189
9161,31,0.80292825,193,8939,N,51.6666666666667,2,189
11109,32,0.632358,152,9161,N,53.3333333333333,2,189
11504,33,0.77796675,187,11109,N,55,2,189
11005,34,0.881973,212,11504,N,56.6666666666667,2,189
11853,35,0.798768,192,11005,N,58.3333333333333,2,189
12282,36,1.01926125,245,11853,N,60,2,189
12360,37,0.898614,216,12282,N,61.6666666666667,2,189
2451,0,0.95269725,229,NA,N,0,0,190
2585,1,1.31047875,315,2451,N,1.66666666666667,0,190
2475,2,1.3396005,322,2585,N,3.33333333333333,0,190
2517,3,1.51017075,363,2475,N,5,0,190
2529,4,0.73636425,177,2517,Y,6.66666666666667,1,190
3293,5,0.71140275,171,2529,N,8.33333333333333,1,190
2750,6,0.898614,216,3293,N,10,1,190
2468,7,0.7238835,174,2750,N,11.6666666666667,1,190
4181,8,0.74468475,179,2468,N,13.3333333333333,1,190
5609,9,0.87781275,211,4181,N,15,1,190
4710,10,0.81956925,197,5609,N,16.6666666666667,1,190
4978,11,0.8736525,210,4710,N,18.3333333333333,1,190
4187,12,0.96933825,233,4978,N,20,1,190
4571,13,0.96101775,231,4187,N,21.6666666666667,1,190
4969,14,1.05254325,253,4571,N,23.3333333333333,1,190
4165,15,0.981819,236,4969,N,25,1,190
6346,16,0.98597925,237,4165,N,26.6666666666667,1,190
6445,17,1.131588,272,6346,N,28.3333333333333,1,190
6869,18,1.11910725,269,6445,N,30,1,190
6870,19,1.30215825,313,6869,N,31.6666666666667,1,190
6054,20,1.3562415,326,6870,N,33.3333333333333,1,190
7060,21,1.414485,340,6054,N,35,1,190
7508,22,1.5392925,370,7060,N,36.6666666666667,1,190
7782,23,1.3396005,322,7508,N,38.3333333333333,1,190
10665,24,1.314639,316,7782,N,40,1,190
8471,25,1.36040175,327,10665,N,41.6666666666667,1,190
8975,26,0.7238835,174,8471,Y,43.3333333333333,2,190
9468,27,0.7571655,182,8975,N,45,2,190
8423,28,0.715563,172,9468,N,46.6666666666667,2,190
10314,29,0.66147975,159,8423,N,48.3333333333333,2,190
8934,30,0.7571655,182,10314,N,50,2,190
9157,31,0.66147975,159,8934,N,51.6666666666667,2,190
11107,32,0.76132575,183,9157,N,53.3333333333333,2,190
11502,33,0.8403705,202,11107,N,55,2,190
11004,34,0.94437675,227,11502,N,56.6666666666667,2,190
11850,35,0.99429975,239,11004,N,58.3333333333333,2,190
12279,36,0.91941525,221,11850,N,60,2,190
2451,0,0.95269725,229,NA,N,0,0,191
2585,1,1.31047875,315,2451,N,1.66666666666667,0,191
2475,2,1.3396005,322,2585,N,3.33333333333333,0,191
2517,3,1.51017075,363,2475,N,5,0,191
2529,4,0.73636425,177,2517,Y,6.66666666666667,1,191
3293,5,0.71140275,171,2529,N,8.33333333333333,1,191
2750,6,0.898614,216,3293,N,10,1,191
2468,7,0.7238835,174,2750,N,11.6666666666667,1,191
4181,8,0.74468475,179,2468,N,13.3333333333333,1,191
5609,9,0.87781275,211,4181,N,15,1,191
4710,10,0.81956925,197,5609,N,16.6666666666667,1,191
4978,11,0.8736525,210,4710,N,18.3333333333333,1,191
4187,12,0.96933825,233,4978,N,20,1,191
4571,13,0.96101775,231,4187,N,21.6666666666667,1,191
4969,14,1.05254325,253,4571,N,23.3333333333333,1,191
4165,15,0.981819,236,4969,N,25,1,191
6346,16,0.98597925,237,4165,N,26.6666666666667,1,191
6445,17,1.131588,272,6346,N,28.3333333333333,1,191
6869,18,1.11910725,269,6445,N,30,1,191
6870,19,1.30215825,313,6869,N,31.6666666666667,1,191
6054,20,1.3562415,326,6870,N,33.3333333333333,1,191
7060,21,1.414485,340,6054,N,35,1,191
7508,22,1.5392925,370,7060,N,36.6666666666667,1,191
7782,23,1.3396005,322,7508,N,38.3333333333333,1,191
10665,24,1.314639,316,7782,N,40,1,191
8471,25,1.36040175,327,10665,N,41.6666666666667,1,191
8985,26,0.682281,164,8471,Y,43.3333333333333,2,191
9477,27,0.71972325,173,8985,N,45,2,191
8427,28,0.6906015,166,9477,N,46.6666666666667,2,191
10316,29,0.78628725,189,8427,N,48.3333333333333,2,191
8944,30,0.8070885,194,10316,N,50,2,191
9164,31,0.81124875,195,8944,N,51.6666666666667,2,191
11111,32,0.865332,208,9164,N,53.3333333333333,2,191
11506,33,1.0567035,254,11111,N,55,2,191
11006,34,0.93605625,225,11506,N,56.6666666666667,2,191
12285,36,1.21063275,291,11006,N,60,2,191
12363,37,0.615717,148,12285,Y,61.6666666666667,3,191
3426,0,0.70308225,169,NA,N,0,0,192
3609,1,0.68644125,165,3426,N,1.66666666666667,0,192
3596,2,0.7904475,190,3609,N,3.33333333333333,0,192
3405,3,0.94437675,227,3596,N,5,0,192
3781,4,0.82788975,199,3405,N,6.66666666666667,0,192
4027,5,0.90277425,217,3781,N,8.33333333333333,0,192
3663,6,1.15238925,277,4027,N,10,0,192
3865,7,0.87781275,211,3663,N,11.6666666666667,0,192
5668,8,0.981819,236,3865,N,13.3333333333333,0,192
5974,9,1.07750475,259,5668,N,15,0,192
5411,10,1.06918425,257,5974,N,16.6666666666667,0,192
5719,11,1.0567035,254,5411,N,18.3333333333333,0,192
5011,12,1.1565495,278,5719,N,20,0,192
5348,13,1.31047875,315,5011,N,21.6666666666667,0,192
5816,14,1.347921,324,5348,N,23.3333333333333,0,192
4654,15,1.43528625,345,5816,N,25,0,192
6688,16,1.46024775,351,4654,N,26.6666666666667,0,192
7582,17,1.5892155,382,6688,N,28.3333333333333,0,192
7423,18,1.50185025,361,7582,N,30,0,192
7461,19,1.43528625,345,7423,N,31.6666666666667,0,192
6253,20,1.680741,404,7461,N,33.3333333333333,0,192
8198,21,1.77642675,427,6253,N,35,0,192
7939,22,1.83051,440,8198,N,36.6666666666667,0,192
8190,23,1.9553175,470,7939,N,38.3333333333333,0,192
10897,24,1.83051,440,8190,N,40,0,192
9190,25,2.03436225,489,10897,N,41.6666666666667,0,192
9996,26,2.146689,516,9190,N,43.3333333333333,0,192
10164,27,0.915255,220,9996,Y,45,1,192
8903,28,1.03590225,249,10164,N,46.6666666666667,1,192
10552,29,1.0567035,254,8903,N,48.3333333333333,1,192
9475,30,1.11078675,267,10552,N,50,1,192
10131,31,1.16070975,279,9475,N,51.6666666666667,1,192
11513,32,1.21063275,291,10131,N,53.3333333333333,1,192
12100,33,1.21895325,293,11513,N,55,1,192
11686,34,1.27719675,307,12100,N,56.6666666666667,1,192
12608,35,1.547613,372,11686,N,58.3333333333333,1,192
13059,36,1.847151,444,12608,N,60,1,192
13105,37,1.51849125,365,13059,N,61.6666666666667,1,192
3431,0,0.81124875,195,NA,N,0,0,193
3615,1,0.8403705,202,3431,N,1.66666666666667,0,193
3603,2,0.91941525,221,3615,N,3.33333333333333,0,193
3411,3,1.05254325,253,3603,N,5,0,193
3784,4,0.8570115,206,3411,N,6.66666666666667,0,193
4028,5,1.16903025,281,3784,N,8.33333333333333,0,193
3668,6,1.46856825,353,4028,N,10,0,193
3867,7,1.0899855,262,3668,N,11.6666666666667,0,193
5672,8,1.24391475,299,3867,N,13.3333333333333,0,193
5975,9,1.41864525,341,5672,N,15,0,193
5416,10,1.314639,316,5975,N,16.6666666666667,0,193
5724,11,1.43528625,345,5416,N,18.3333333333333,0,193
5016,12,1.597536,384,5724,N,20,0,193
5353,13,1.630818,392,5016,N,21.6666666666667,0,193
5821,14,1.5892155,382,5353,N,23.3333333333333,0,193
4658,15,1.63497825,393,5821,N,25,0,193
6690,16,1.6224975,390,4658,N,26.6666666666667,0,193
7587,17,1.81802925,437,6690,N,28.3333333333333,0,193
7428,18,1.74314475,419,7587,N,30,0,193
7468,19,1.913715,460,7428,N,31.6666666666667,0,193
6255,20,1.8721125,450,7468,N,33.3333333333333,0,193
8201,21,0.91109475,219,6255,Y,35,1,193
3431,0,0.81124875,195,NA,N,0,0,194
3615,1,0.8403705,202,3431,N,1.66666666666667,0,194
3603,2,0.91941525,221,3615,N,3.33333333333333,0,194
3411,3,1.05254325,253,3603,N,5,0,194
3784,4,0.8570115,206,3411,N,6.66666666666667,0,194
4028,5,1.16903025,281,3784,N,8.33333333333333,0,194
3668,6,1.46856825,353,4028,N,10,0,194
3867,7,1.0899855,262,3668,N,11.6666666666667,0,194
5672,8,1.24391475,299,3867,N,13.3333333333333,0,194
5975,9,1.41864525,341,5672,N,15,0,194
5416,10,1.314639,316,5975,N,16.6666666666667,0,194
5724,11,1.43528625,345,5416,N,18.3333333333333,0,194
5016,12,1.597536,384,5724,N,20,0,194
5353,13,1.630818,392,5016,N,21.6666666666667,0,194
5821,14,1.5892155,382,5353,N,23.3333333333333,0,194
4658,15,1.63497825,393,5821,N,25,0,194
6690,16,1.6224975,390,4658,N,26.6666666666667,0,194
7587,17,1.81802925,437,6690,N,28.3333333333333,0,194
7428,18,1.74314475,419,7587,N,30,0,194
7468,19,1.913715,460,7428,N,31.6666666666667,0,194
6255,20,1.8721125,450,7468,N,33.3333333333333,0,194
8203,21,0.94437675,227,6255,Y,35,1,194
7943,22,1.09414575,263,8203,N,36.6666666666667,1,194
8193,23,1.031742,248,7943,N,38.3333333333333,1,194
10899,24,1.1399085,274,8193,N,40,1,194
9198,25,1.10246625,265,10899,N,41.6666666666667,1,194
10000,26,1.16070975,279,9198,N,43.3333333333333,1,194
10169,27,1.22727375,295,10000,N,45,1,194
8915,28,1.2397545,298,10169,N,46.6666666666667,1,194
10555,29,1.347921,324,8915,N,48.3333333333333,1,194
9491,30,1.34376075,323,10555,N,50,1,194
10141,31,1.41864525,341,9491,N,51.6666666666667,1,194
11525,32,1.65993975,399,10141,N,53.3333333333333,1,194
12117,33,1.6058565,386,11525,N,55,1,194
11709,34,0.6906015,166,12117,Y,56.6666666666667,2,194
12622,35,0.7238835,174,11709,N,58.3333333333333,2,194
2945,0,0.9901395,238,NA,N,0,0,195
3106,1,1.1731905,282,2945,N,1.66666666666667,0,195
3087,2,1.08582525,261,3106,N,3.33333333333333,0,195
2921,3,1.3728825,330,3087,N,5,0,195
3206,4,1.32711975,319,2921,N,6.66666666666667,0,195
3959,5,1.41032475,339,3206,N,8.33333333333333,0,195
3297,6,1.56841425,377,3959,N,10,0,195
3326,7,1.4727285,354,3297,N,11.6666666666667,0,195
4408,8,1.61001675,387,3326,N,13.3333333333333,0,195
5910,9,1.86795225,449,4408,N,15,0,195
5155,10,1.83467025,441,5910,N,16.6666666666667,0,195
5387,11,1.74314475,419,5155,N,18.3333333333333,0,195
4678,12,0.9901395,238,5387,Y,20,1,195
5004,13,0.965178,232,4678,N,21.6666666666667,1,195
5456,14,1.0067805,242,5004,N,23.3333333333333,1,195
4405,15,1.14406875,275,5456,N,25,1,195
6528,16,1.16070975,279,4405,N,26.6666666666667,1,195
6651,17,1.1898315,286,6528,N,28.3333333333333,1,195
7157,18,1.2730365,306,6651,N,30,1,195
7174,19,1.2397545,298,7157,N,31.6666666666667,1,195
6170,20,1.431126,344,7174,N,33.3333333333333,1,195
7526,21,1.4228055,342,6170,N,35,1,195
7775,22,1.57673475,379,7526,N,36.6666666666667,1,195
8039,23,1.530972,368,7775,N,38.3333333333333,1,195
10798,24,1.6724205,402,8039,N,40,1,195
8788,25,1.597536,384,10798,N,41.6666666666667,1,195
9652,26,0.7072425,170,8788,Y,43.3333333333333,2,195
9964,27,0.9568575,230,9652,N,45,2,195
8659,28,0.931896,224,9964,N,46.6666666666667,2,195
10439,29,1.0567035,254,8659,N,48.3333333333333,2,195
9738,30,0.96101775,231,10439,N,50,2,195
9692,31,1.08582525,261,9738,N,51.6666666666667,2,195
11308,32,1.131588,272,9692,N,53.3333333333333,2,195
11841,33,1.1898315,286,11308,N,55,2,195
11328,34,1.33544025,321,11841,N,56.6666666666667,2,195
12203,35,1.381203,332,11328,N,58.3333333333333,2,195
12721,36,1.3562415,326,12203,N,60,2,195
12847,37,1.52681175,367,12721,N,61.6666666666667,2,195
2465,0,0.98597925,237,NA,N,0,0,196
2597,1,1.01926125,245,2465,N,1.66666666666667,0,196
2490,2,1.01926125,245,2597,N,3.33333333333333,0,196
2520,3,1.0234215,246,2490,N,5,0,196
2544,4,1.12742775,271,2520,N,6.66666666666667,0,196
3674,5,1.1898315,286,2544,N,8.33333333333333,0,196
2768,6,1.31047875,315,3674,N,10,0,196
2489,7,1.33544025,321,2768,N,11.6666666666667,0,196
4193,8,1.364562,328,2489,N,13.3333333333333,0,196
5622,9,1.547613,372,4193,N,15,0,196
4727,10,1.514331,364,5622,N,16.6666666666667,0,196
5014,11,1.6557795,398,4727,N,18.3333333333333,0,196
4199,12,1.51849125,365,5014,N,20,0,196
4590,13,0.782127,188,4199,Y,21.6666666666667,1,196
4988,14,0.9568575,230,4590,N,23.3333333333333,1,196
4176,15,0.881973,212,4988,N,25,1,196
6350,16,0.931896,224,4176,N,26.6666666666667,1,196
6451,17,0.9734985,234,6350,N,28.3333333333333,1,196
6877,18,0.99429975,239,6451,N,30,1,196
6878,19,0.98597925,237,6877,N,31.6666666666667,1,196
6058,20,1.048383,252,6878,N,33.3333333333333,1,196
7073,21,0.99429975,239,6058,N,35,1,196
7520,22,1.06918425,257,7073,N,36.6666666666667,1,196
7789,23,1.1565495,278,7520,N,38.3333333333333,1,196
10669,24,1.081665,260,7789,N,40,1,196
8481,25,1.24391475,299,10669,N,41.6666666666667,1,196
9008,26,1.3396005,322,8481,N,43.3333333333333,1,196
9493,27,0.682281,164,9008,Y,45,2,196
11382,34,0.8902935,214,9493,N,56.6666666666667,2,196
12854,36,0.94437675,227,11382,N,60,2,196
12932,37,1.214793,292,12854,N,61.6666666666667,2,196
3438,0,1.22727375,295,NA,N,0,0,197
3623,1,1.381203,332,3438,N,1.66666666666667,0,197
3611,2,1.2563955,302,3623,N,3.33333333333333,0,197
3424,3,1.5392925,370,3611,N,5,0,197
3789,4,1.481049,356,3424,N,6.66666666666667,0,197
4029,5,0.8070885,194,3789,Y,8.33333333333333,1,197
3673,6,1.015101,244,4029,N,10,1,197
3868,7,0.93605625,225,3673,N,11.6666666666667,1,197
5676,8,0.95269725,229,3868,N,13.3333333333333,1,197
5976,9,1.03590225,249,5676,N,15,1,197
5421,10,0.99429975,239,5976,N,16.6666666666667,1,197
5728,11,1.04422275,251,5421,N,18.3333333333333,1,197
5020,12,1.07750475,259,5728,N,20,1,197
5358,13,1.148229,276,5020,N,21.6666666666667,1,197
5824,14,1.07750475,259,5358,N,23.3333333333333,1,197
4662,15,1.181511,284,5824,N,25,1,197
6692,16,1.16903025,281,4662,N,26.6666666666667,1,197
7593,17,1.21895325,293,6692,N,28.3333333333333,1,197
7437,18,1.23559425,297,7593,N,30,1,197
7476,19,1.3895235,334,7437,N,31.6666666666667,1,197
6257,20,1.30215825,313,7476,N,33.3333333333333,1,197
8208,21,1.52681175,367,6257,N,35,1,197
7947,22,1.63497825,393,8208,N,36.6666666666667,1,197
8197,23,1.5892155,382,7947,N,38.3333333333333,1,197
10901,24,1.74314475,419,8197,N,40,1,197
9203,25,1.70154225,409,10901,N,41.6666666666667,1,197
10005,26,1.647459,396,9203,N,43.3333333333333,1,197
10173,27,0.765486,184,10005,Y,45,2,197
8919,28,0.7904475,190,10173,N,46.6666666666667,2,197
10557,29,0.81956925,197,8919,N,48.3333333333333,2,197
9495,30,0.78628725,189,10557,N,50,2,197
10143,31,0.79460775,191,9495,N,51.6666666666667,2,197
11527,32,0.9734985,234,10143,N,53.3333333333333,2,197
12120,33,0.96933825,233,11527,N,55,2,197
11714,34,1.05254325,253,12120,N,56.6666666666667,2,197
12630,35,1.181511,284,11714,N,58.3333333333333,2,197
13073,36,1.114947,268,12630,N,60,2,197
13120,37,1.36040175,327,13073,N,61.6666666666667,2,197
2951,0,0.78628725,189,NA,N,0,0,198
3113,1,0.76964625,185,2951,N,1.66666666666667,0,198
3094,2,0.765486,184,3113,N,3.33333333333333,0,198
2926,3,0.79460775,191,3094,N,5,0,198
3211,4,0.90277425,217,2926,N,6.66666666666667,0,198
3960,5,0.931896,224,3211,N,8.33333333333333,0,198
3299,6,0.9235755,222,3960,N,10,0,198
3329,7,0.815409,196,3299,N,11.6666666666667,0,198
4409,8,0.90277425,217,3329,N,13.3333333333333,0,198
5911,9,0.8902935,214,4409,N,15,0,198
5159,10,0.91109475,219,5911,N,16.6666666666667,0,198
5391,11,0.96101775,231,5159,N,18.3333333333333,0,198
4686,12,0.99846,240,5391,N,20,0,198
5017,13,1.031742,248,4686,N,21.6666666666667,0,198
5460,14,1.02758175,247,5017,N,23.3333333333333,0,198
4407,15,1.1232675,270,5460,N,25,0,198
6530,16,1.198152,288,4407,N,26.6666666666667,0,198
6653,17,1.21895325,293,6530,N,28.3333333333333,0,198
7160,18,1.36040175,327,6653,N,30,0,198
7177,19,1.36872225,329,7160,N,31.6666666666667,0,198
6171,20,1.564254,376,7177,N,33.3333333333333,0,198
7531,21,1.6890615,406,6171,N,35,0,198
7776,22,1.7223435,414,7531,N,36.6666666666667,0,198
8040,23,1.7889075,430,7776,N,38.3333333333333,0,198
10799,24,1.85131125,445,8040,N,40,0,198
8793,25,0.9235755,222,10799,Y,41.6666666666667,1,198
9663,26,0.931896,224,8793,N,43.3333333333333,1,198
9968,27,0.94437675,227,9663,N,45,1,198
8661,28,0.99429975,239,9968,N,46.6666666666667,1,198
10440,29,0.96933825,233,8661,N,48.3333333333333,1,198
11844,33,1.21063275,291,10440,N,55,1,198
11332,34,1.414485,340,11844,N,56.6666666666667,1,198
12212,35,1.41864525,341,11332,N,58.3333333333333,1,198
12727,36,1.6641,400,12212,N,60,1,198
2471,0,1.29383775,311,NA,N,0,0,199
2604,1,1.347921,324,2471,N,1.66666666666667,0,199
2499,2,1.414485,340,2604,N,3.33333333333333,0,199
2523,3,1.42696575,343,2499,N,5,0,199
2555,4,1.54345275,371,2523,N,6.66666666666667,0,199
3690,5,1.6557795,398,2555,N,8.33333333333333,0,199
2780,6,1.7556255,422,3690,N,10,0,199
2508,7,0.93605625,225,2780,Y,11.6666666666667,1,199
4200,8,0.948537,228,2508,N,13.3333333333333,1,199
5632,9,1.048383,252,4200,N,15,1,199
4740,10,0.9402165,226,5632,N,16.6666666666667,1,199
5026,11,1.031742,248,4740,N,18.3333333333333,1,199
4208,12,1.1066265,266,5026,N,20,1,199
4615,13,1.1565495,278,4208,N,21.6666666666667,1,199
5009,14,1.0567035,254,4615,N,23.3333333333333,1,199
4189,15,1.04422275,251,5009,N,25,1,199
6354,16,0.9901395,238,4189,N,26.6666666666667,1,199
6454,17,1.00262025,241,6354,N,28.3333333333333,1,199
6887,18,1.0234215,246,6454,N,30,1,199
6883,19,1.065024,256,6887,N,31.6666666666667,1,199
6061,20,1.048383,252,6883,N,33.3333333333333,1,199
7085,21,1.16070975,279,6061,N,35,1,199
7528,22,1.065024,256,7085,N,36.6666666666667,1,199
7796,23,1.30215825,313,7528,N,38.3333333333333,1,199
10672,24,1.5226515,366,7796,N,40,1,199
8492,25,0.82788975,199,10672,Y,41.6666666666667,2,199
9031,26,0.85285125,205,8492,N,43.3333333333333,2,199
9515,27,0.8902935,214,9031,N,45,2,199
8438,28,0.8902935,214,9515,N,46.6666666666667,2,199
10323,29,0.76964625,185,8438,N,48.3333333333333,2,199
9017,30,0.81124875,195,10323,N,50,2,199
9192,31,0.915255,220,9017,N,51.6666666666667,2,199
11123,32,0.9069345,218,9192,N,53.3333333333333,2,199
11523,33,1.0567035,254,11123,N,55,2,199
11017,34,1.1232675,270,11523,N,56.6666666666667,2,199
11883,35,1.1399085,274,11017,N,58.3333333333333,2,199
12312,36,1.20231225,289,11883,N,60,2,199
12395,37,1.37704275,331,12312,N,61.6666666666667,2,199
2471,0,1.29383775,311,NA,N,0,0,200
2604,1,1.347921,324,2471,N,1.66666666666667,0,200
2499,2,1.414485,340,2604,N,3.33333333333333,0,200
2523,3,1.42696575,343,2499,N,5,0,200
2555,4,1.54345275,371,2523,N,6.66666666666667,0,200
3690,5,1.6557795,398,2555,N,8.33333333333333,0,200
2780,6,1.7556255,422,3690,N,10,0,200
2503,7,0.8237295,198,2780,Y,11.6666666666667,1,200
4198,8,0.782127,188,2503,N,13.3333333333333,1,200
5629,9,0.71972325,173,4198,N,15,1,200
4735,10,0.76132575,183,5629,N,16.6666666666667,1,200
5021,11,0.74468475,179,4735,N,18.3333333333333,1,200
4205,12,0.89445375,215,5021,N,20,1,200
4610,13,1.031742,248,4205,N,21.6666666666667,1,200
5000,14,0.9734985,234,4610,N,23.3333333333333,1,200
4185,15,0.86949225,209,5000,N,25,1,200
6353,16,0.948537,228,4185,N,26.6666666666667,1,200
6453,17,1.01094075,243,6353,N,28.3333333333333,1,200
6884,18,1.09414575,263,6453,N,30,1,200
6881,19,1.181511,284,6884,N,31.6666666666667,1,200
6060,20,1.06086375,255,6881,N,33.3333333333333,1,200
7080,21,1.11910725,269,6060,N,35,1,200
7525,22,1.098306,264,7080,N,36.6666666666667,1,200
7794,23,0.9235755,222,7525,N,38.3333333333333,1,200
10671,24,1.081665,260,7794,N,40,1,200
8488,25,1.09414575,263,10671,N,41.6666666666667,1,200
9020,26,1.16070975,279,8488,N,43.3333333333333,1,200
9507,27,1.18567125,285,9020,N,45,1,200
8434,28,1.3562415,326,9507,N,46.6666666666667,1,200
10321,29,1.3396005,322,8434,N,48.3333333333333,1,200
9002,30,0.7738065,186,10321,Y,50,2,200
9181,31,0.9568575,230,9002,N,51.6666666666667,2,200
2955,0,0.85285125,205,NA,N,0,0,201
3116,1,0.8736525,210,2955,N,1.66666666666667,0,201
3099,2,0.86949225,209,3116,N,3.33333333333333,0,201
2930,3,0.9069345,218,3099,N,5,0,201
3216,4,0.898614,216,2930,N,6.66666666666667,0,201
3961,5,0.94437675,227,3216,N,8.33333333333333,0,201
3301,6,1.08582525,261,3961,N,10,0,201
3502,7,1.031742,248,3301,N,11.6666666666667,0,201
4411,8,1.098306,264,3502,N,13.3333333333333,0,201
5912,9,1.1232675,270,4411,N,15,0,201
5163,10,1.1731905,282,5912,N,16.6666666666667,0,201
5395,11,1.3396005,322,5163,N,18.3333333333333,0,201
4690,12,1.33544025,321,5395,N,20,0,201
5024,13,1.464408,352,4690,N,21.6666666666667,0,201
5470,14,1.597536,384,5024,N,23.3333333333333,0,201
4410,15,1.7389845,418,5470,N,25,0,201
6532,16,1.58505525,381,4410,N,26.6666666666667,0,201
6655,17,1.7057025,410,6532,N,28.3333333333333,0,201
7168,18,0.82788975,199,6655,Y,30,1,201
7185,19,0.96933825,233,7168,N,31.6666666666667,1,201
6174,20,0.92773575,223,7185,N,33.3333333333333,1,201
7538,21,0.9568575,230,6174,N,35,1,201
7783,22,0.97765875,235,7538,N,36.6666666666667,1,201
8043,23,0.9568575,230,7783,N,38.3333333333333,1,201
10802,24,1.0400625,250,8043,N,40,1,201
8803,25,1.0234215,246,10802,N,41.6666666666667,1,201
9675,26,1.048383,252,8803,N,43.3333333333333,1,201
9971,27,1.0234215,246,9675,N,45,1,201
10478,29,1.16903025,281,9971,N,48.3333333333333,1,201
11133,34,1.61833725,389,10478,N,56.6666666666667,1,201
12018,35,0.85285125,205,11133,Y,58.3333333333333,2,201
12524,36,0.80292825,193,12018,N,60,2,201
12667,37,0.9069345,218,12524,N,61.6666666666667,2,201
2955,0,0.85285125,205,NA,N,0,0,202
3116,1,0.8736525,210,2955,N,1.66666666666667,0,202
3099,2,0.86949225,209,3116,N,3.33333333333333,0,202
2930,3,0.9069345,218,3099,N,5,0,202
3216,4,0.898614,216,2930,N,6.66666666666667,0,202
3961,5,0.94437675,227,3216,N,8.33333333333333,0,202
3301,6,1.08582525,261,3961,N,10,0,202
3502,7,1.031742,248,3301,N,11.6666666666667,0,202
4411,8,1.098306,264,3502,N,13.3333333333333,0,202
5912,9,1.1232675,270,4411,N,15,0,202
5163,10,1.1731905,282,5912,N,16.6666666666667,0,202
5395,11,1.3396005,322,5163,N,18.3333333333333,0,202
4690,12,1.33544025,321,5395,N,20,0,202
5024,13,1.464408,352,4690,N,21.6666666666667,0,202
5470,14,1.597536,384,5024,N,23.3333333333333,0,202
4410,15,1.7389845,418,5470,N,25,0,202
6532,16,1.58505525,381,4410,N,26.6666666666667,0,202
6655,17,1.7057025,410,6532,N,28.3333333333333,0,202
7166,18,0.748845,180,6655,Y,30,1,202
7183,19,0.83205,200,7166,N,31.6666666666667,1,202
6173,20,0.782127,188,7183,N,33.3333333333333,1,202
7536,21,0.85285125,205,6173,N,35,1,202
7781,22,0.82788975,199,7536,N,36.6666666666667,1,202
8042,23,0.9235755,222,7781,N,38.3333333333333,1,202
10801,24,0.87781275,211,8042,N,40,1,202
8800,25,0.9402165,226,10801,N,41.6666666666667,1,202
9671,26,0.87781275,211,8800,N,43.3333333333333,1,202
9969,27,1.02758175,247,9671,N,45,1,202
10444,29,1.05254325,253,9969,N,48.3333333333333,1,202
11173,34,1.29383775,311,10444,N,56.6666666666667,1,202
12055,35,1.297998,312,11173,N,58.3333333333333,1,202
12571,36,0.715563,172,12055,Y,60,2,202
12726,37,0.765486,184,12571,N,61.6666666666667,2,202
3443,0,1.07750475,259,NA,N,0,0,203
3628,1,1.31879925,317,3443,N,1.66666666666667,0,203
3616,2,1.38536325,333,3628,N,3.33333333333333,0,203
3429,3,1.4228055,342,3616,N,5,0,203
3792,4,1.3728825,330,3429,N,6.66666666666667,0,203
4031,5,1.70154225,409,3792,N,8.33333333333333,0,203
3679,6,1.95115725,469,4031,N,10,0,203
3869,7,0.8902935,214,3679,Y,11.6666666666667,1,203
5680,8,0.95269725,229,3869,N,13.3333333333333,1,203
5977,9,0.99429975,239,5680,N,15,1,203
5425,10,0.965178,232,5977,N,16.6666666666667,1,203
5732,11,0.9901395,238,5425,N,18.3333333333333,1,203
5027,12,1.0733445,258,5732,N,20,1,203
5361,13,1.0733445,258,5027,N,21.6666666666667,1,203
5826,14,1.048383,252,5361,N,23.3333333333333,1,203
4666,15,1.098306,264,5826,N,25,1,203
6694,16,1.19399175,287,4666,N,26.6666666666667,1,203
7602,17,1.30215825,313,6694,N,28.3333333333333,1,203
7440,18,1.36872225,329,7602,N,30,1,203
7485,19,1.34376075,323,7440,N,31.6666666666667,1,203
6258,20,1.37704275,331,7485,N,33.3333333333333,1,203
8211,21,1.33128,320,6258,N,35,1,203
7949,22,1.55177325,373,8211,N,36.6666666666667,1,203
8200,23,1.6391385,394,7949,N,38.3333333333333,1,203
10902,24,0.65315925,157,8200,Y,40,2,203
9205,25,0.62819775,151,10902,N,41.6666666666667,2,203
10009,26,0.75300525,181,9205,N,43.3333333333333,2,203
10178,27,0.72804375,175,10009,N,45,2,203
8927,28,0.8070885,194,10178,N,46.6666666666667,2,203
10561,29,0.765486,184,8927,N,48.3333333333333,2,203
9503,30,0.86117175,207,10561,N,50,2,203
10152,31,0.91941525,221,9503,N,51.6666666666667,2,203
11530,32,0.881973,212,10152,N,53.3333333333333,2,203
12135,33,0.91941525,221,11530,N,55,2,203
11725,34,1.181511,284,12135,N,56.6666666666667,2,203
12642,35,1.3895235,334,11725,N,58.3333333333333,2,203
13081,36,1.20231225,289,12642,N,60,2,203
13126,37,1.28551725,309,13081,N,61.6666666666667,2,203
3443,0,1.07750475,259,NA,N,0,0,204
3628,1,1.31879925,317,3443,N,1.66666666666667,0,204
3616,2,1.38536325,333,3628,N,3.33333333333333,0,204
3429,3,1.4228055,342,3616,N,5,0,204
3792,4,1.3728825,330,3429,N,6.66666666666667,0,204
4031,5,1.70154225,409,3792,N,8.33333333333333,0,204
3679,6,1.95115725,469,4031,N,10,0,204
3870,7,0.7904475,190,3679,Y,11.6666666666667,1,204
5684,8,0.92773575,223,3870,N,13.3333333333333,1,204
5978,9,0.99846,240,5684,N,15,1,204
5427,10,1.05254325,253,5978,N,16.6666666666667,1,204
5736,11,1.03590225,249,5427,N,18.3333333333333,1,204
5032,12,1.19399175,287,5736,N,20,1,204
5380,13,1.30215825,313,5032,N,21.6666666666667,1,204
5829,14,1.2231135,294,5380,N,23.3333333333333,1,204
4670,15,1.23559425,297,5829,N,25,1,204
6697,16,1.26055575,303,4670,N,26.6666666666667,1,204
7606,17,1.38536325,333,6697,N,28.3333333333333,1,204
7446,18,1.4061645,338,7606,N,30,1,204
7489,19,1.3895235,334,7446,N,31.6666666666667,1,204
6259,20,1.47688875,355,7489,N,33.3333333333333,1,204
8262,21,1.64329875,395,6259,N,35,1,204
7952,22,1.90955475,459,8262,N,36.6666666666667,1,204
8202,23,1.51017075,363,7952,N,38.3333333333333,1,204
10905,24,0.83621025,201,8202,Y,40,2,204
9214,25,0.782127,188,10905,N,41.6666666666667,2,204
10015,26,0.96933825,233,9214,N,43.3333333333333,2,204
10183,27,0.96101775,231,10015,N,45,2,204
8938,28,0.99846,240,10183,N,46.6666666666667,2,204
10563,29,0.865332,208,8938,N,48.3333333333333,2,204
9510,30,0.91941525,221,10563,N,50,2,204
10181,31,1.048383,252,9510,N,51.6666666666667,2,204
11565,32,1.14406875,275,10181,N,53.3333333333333,2,204
12190,33,1.26887625,305,11565,N,55,2,204
11770,34,1.46856825,353,12190,N,56.6666666666667,2,204
12695,35,1.32711975,319,11770,N,58.3333333333333,2,204
13115,36,1.45192725,349,12695,N,60,2,204
13154,37,1.530972,368,13115,N,61.6666666666667,2,204
3443,0,1.07750475,259,NA,N,0,0,205
3628,1,1.31879925,317,3443,N,1.66666666666667,0,205
3616,2,1.38536325,333,3628,N,3.33333333333333,0,205
3429,3,1.4228055,342,3616,N,5,0,205
3792,4,1.3728825,330,3429,N,6.66666666666667,0,205
4031,5,1.70154225,409,3792,N,8.33333333333333,0,205
3679,6,1.95115725,469,4031,N,10,0,205
3870,7,0.7904475,190,3679,Y,11.6666666666667,1,205
5684,8,0.92773575,223,3870,N,13.3333333333333,1,205
5978,9,0.99846,240,5684,N,15,1,205
5427,10,1.05254325,253,5978,N,16.6666666666667,1,205
5736,11,1.03590225,249,5427,N,18.3333333333333,1,205
5032,12,1.19399175,287,5736,N,20,1,205
5380,13,1.30215825,313,5032,N,21.6666666666667,1,205
5829,14,1.2231135,294,5380,N,23.3333333333333,1,205
4670,15,1.23559425,297,5829,N,25,1,205
6697,16,1.26055575,303,4670,N,26.6666666666667,1,205
7606,17,1.38536325,333,6697,N,28.3333333333333,1,205
7446,18,1.4061645,338,7606,N,30,1,205
7489,19,1.3895235,334,7446,N,31.6666666666667,1,205
6259,20,1.47688875,355,7489,N,33.3333333333333,1,205
8262,21,1.64329875,395,6259,N,35,1,205
7952,22,1.90955475,459,8262,N,36.6666666666667,1,205
8202,23,1.51017075,363,7952,N,38.3333333333333,1,205
10904,24,0.83205,200,8202,Y,40,2,205
9211,25,0.765486,184,10904,N,41.6666666666667,2,205
10013,26,0.71140275,171,9211,N,43.3333333333333,2,205
10182,27,0.87781275,211,10013,N,45,2,205
8933,28,0.8403705,202,10182,N,46.6666666666667,2,205
10564,29,0.96101775,231,8933,N,48.3333333333333,2,205
9514,30,0.9235755,222,10564,N,50,2,205
10157,31,1.2064725,290,9514,N,51.6666666666667,2,205
11535,32,1.214793,292,10157,N,53.3333333333333,2,205
12144,33,1.26887625,305,11535,N,55,2,205
11729,34,1.61001675,387,12144,N,56.6666666666667,2,205
12646,35,1.7057025,410,11729,N,58.3333333333333,2,205
13082,36,0.682281,164,12646,Y,60,3,205
13130,37,0.80292825,193,13082,N,61.6666666666667,3,205
2966,0,0.948537,228,NA,N,0,0,206
3124,1,0.931896,224,2966,N,1.66666666666667,0,206
3182,2,1.05254325,253,3124,N,3.33333333333333,0,206
3070,3,1.015101,244,3182,N,5,0,206
3226,4,1.0733445,258,3070,N,6.66666666666667,0,206
3963,5,1.13574825,273,3226,N,8.33333333333333,0,206
3306,6,1.33544025,321,3963,N,10,0,206
3516,7,1.22727375,295,3306,N,11.6666666666667,0,206
4415,8,1.3396005,322,3516,N,13.3333333333333,0,206
5915,9,1.32711975,319,4415,N,15,0,206
5179,10,1.44360675,347,5915,N,16.6666666666667,0,206
5403,11,1.464408,352,5179,N,18.3333333333333,0,206
4698,12,1.530972,368,5403,N,20,0,206
5035,13,1.61001675,387,4698,N,21.6666666666667,0,206
5485,14,1.56841425,377,5035,N,23.3333333333333,0,206
4413,15,1.514331,364,5485,N,25,0,206
6536,16,1.697382,408,4413,N,26.6666666666667,0,206
6659,17,1.6641,400,6536,N,28.3333333333333,0,206
7175,18,1.647459,396,6659,N,30,0,206
7190,19,1.70154225,409,7175,N,31.6666666666667,0,206
6176,20,1.880433,452,7190,N,33.3333333333333,0,206
7546,21,2.07596475,499,6176,N,35,0,206
7790,22,2.179971,524,7546,N,36.6666666666667,0,206
8046,23,2.23405425,537,7790,N,38.3333333333333,0,206
10805,24,2.30893875,555,8046,N,40,0,206
8811,25,1.16070975,279,10805,Y,41.6666666666667,1,206
9687,26,1.098306,264,8811,N,43.3333333333333,1,206
9977,27,1.26887625,305,9687,N,45,1,206
8669,28,1.26055575,303,9977,N,46.6666666666667,1,206
10449,29,1.2563955,302,8669,N,48.3333333333333,1,206
8745,30,1.314639,316,10449,N,50,1,206
9711,31,1.2730365,306,8745,N,51.6666666666667,1,206
11321,32,1.45192725,349,9711,N,53.3333333333333,1,206
11857,33,1.60169625,385,11321,N,55,1,206
11349,34,1.67658075,403,11857,N,56.6666666666667,1,206
12236,35,1.630818,392,11349,N,58.3333333333333,1,206
12746,36,1.5226515,366,12236,N,60,1,206
12856,37,1.65161925,397,12746,N,61.6666666666667,1,206
3450,0,0.89445375,215,NA,N,0,0,207
3636,1,1.031742,248,3450,N,1.66666666666667,0,207
3624,2,1.02758175,247,3636,N,3.33333333333333,0,207
3436,3,0.99846,240,3624,N,5,0,207
3801,4,0.9069345,218,3436,N,6.66666666666667,0,207
4033,5,1.24391475,299,3801,N,8.33333333333333,0,207
3686,6,1.15238925,277,4033,N,10,0,207
3872,7,1.33128,320,3686,N,11.6666666666667,0,207
5691,8,1.314639,316,3872,N,13.3333333333333,0,207
5980,9,1.431126,344,5691,N,15,0,207
5438,10,1.564254,376,5980,N,16.6666666666667,0,207
5746,11,0.60323625,145,5438,Y,18.3333333333333,1,207
5047,12,0.71972325,173,5746,N,20,1,207
5390,13,0.66980025,161,5047,N,21.6666666666667,1,207
5838,14,0.682281,164,5390,N,23.3333333333333,1,207
4681,15,0.70308225,169,5838,N,25,1,207
6702,16,0.71140275,171,4681,N,26.6666666666667,1,207
7614,17,0.76964625,185,6702,N,28.3333333333333,1,207
7499,19,0.765486,184,7614,N,31.6666666666667,1,207
8258,23,0.9901395,238,7499,N,38.3333333333333,1,207
10943,24,1.0733445,258,8258,N,40,1,207
9375,25,0.915255,220,10943,N,41.6666666666667,1,207
10093,26,0.96101775,231,9375,N,43.3333333333333,1,207
10248,27,1.24391475,299,10093,N,45,1,207
9111,28,1.4061645,338,10248,N,46.6666666666667,1,207
10601,29,1.347921,324,9111,N,48.3333333333333,1,207
9718,30,1.56009375,375,10601,N,50,1,207
10225,31,0.59491575,143,9718,Y,51.6666666666667,2,207
11623,32,0.6073965,146,10225,N,53.3333333333333,2,207
12277,33,0.8070885,194,11623,N,55,2,207
11847,34,0.7571655,182,12277,N,56.6666666666667,2,207
12778,35,0.71972325,173,11847,N,58.3333333333333,2,207
13173,36,0.7072425,170,12778,N,60,2,207
13207,37,0.6573195,158,13173,N,61.6666666666667,2,207
3450,0,0.89445375,215,NA,N,0,0,208
3636,1,1.031742,248,3450,N,1.66666666666667,0,208
3624,2,1.02758175,247,3636,N,3.33333333333333,0,208
3436,3,0.99846,240,3624,N,5,0,208
3801,4,0.9069345,218,3436,N,6.66666666666667,0,208
4033,5,1.24391475,299,3801,N,8.33333333333333,0,208
3686,6,1.15238925,277,4033,N,10,0,208
3872,7,1.33128,320,3686,N,11.6666666666667,0,208
5691,8,1.314639,316,3872,N,13.3333333333333,0,208
5980,9,1.431126,344,5691,N,15,0,208
5438,10,1.564254,376,5980,N,16.6666666666667,0,208
5742,11,0.765486,184,5438,Y,18.3333333333333,1,208
5042,12,0.8736525,210,5742,N,20,1,208
5386,13,1.09414575,263,5042,N,21.6666666666667,1,208
5835,14,0.981819,236,5386,N,23.3333333333333,1,208
4677,15,1.01926125,245,5835,N,25,1,208
6700,16,1.0567035,254,4677,N,26.6666666666667,1,208
7612,17,1.11078675,267,6700,N,28.3333333333333,1,208
7451,18,0.981819,236,7612,N,30,1,208
7496,19,1.065024,256,7451,N,31.6666666666667,1,208
6261,20,1.11078675,267,7496,N,33.3333333333333,1,208
8264,21,1.114947,268,6261,N,35,1,208
7956,22,1.32711975,319,8264,N,36.6666666666667,1,208
8206,23,1.16070975,279,7956,N,38.3333333333333,1,208
10907,24,1.397844,336,8206,N,40,1,208
9219,25,1.3396005,322,10907,N,41.6666666666667,1,208
10019,26,1.447767,348,9219,N,43.3333333333333,1,208
10186,27,1.2397545,298,10019,N,45,1,208
8946,28,1.3895235,334,10186,N,46.6666666666667,1,208
10566,29,1.46024775,351,8946,N,48.3333333333333,1,208
9518,30,0.798768,192,10566,Y,50,2,208
2978,0,1.31879925,317,NA,N,0,0,209
3133,1,1.3895235,334,2978,N,1.66666666666667,0,209
3190,2,1.50185025,361,3133,N,3.33333333333333,0,209
3075,3,1.514331,364,3190,N,5,0,209
3232,4,1.59337575,383,3075,N,6.66666666666667,0,209
3964,5,1.78474725,429,3232,N,8.33333333333333,0,209
3309,6,1.48520925,357,3964,N,10,0,209
3528,7,0.9402165,226,3309,Y,11.6666666666667,1,209
4419,8,0.89445375,215,3528,N,13.3333333333333,1,209
5916,9,1.01094075,243,4419,N,15,1,209
5184,10,1.07750475,259,5916,N,16.6666666666667,1,209
5408,11,1.14406875,275,5184,N,18.3333333333333,1,209
4708,12,1.2064725,290,5408,N,20,1,209
5039,13,1.26055575,303,4708,N,21.6666666666667,1,209
5491,14,1.27719675,307,5039,N,23.3333333333333,1,209
4416,15,1.36040175,327,5491,N,25,1,209
6538,16,1.4727285,354,4416,N,26.6666666666667,1,209
6662,17,1.46024775,351,6538,N,28.3333333333333,1,209
7178,18,1.32711975,319,6662,N,30,1,209
6079,20,0.84453075,203,7178,Y,33.3333333333333,2,209
7147,21,0.965178,232,6079,N,35,2,209
7586,22,0.99846,240,7147,N,36.6666666666667,2,209
7844,23,0.94437675,227,7586,N,38.3333333333333,2,209
10693,24,0.96933825,233,7844,N,40,2,209
8537,25,0.96933825,233,10693,N,41.6666666666667,2,209
9150,26,1.048383,252,8537,N,43.3333333333333,2,209
9603,27,1.1898315,286,9150,N,45,2,209
8480,28,1.0067805,242,9603,N,46.6666666666667,2,209
10348,29,1.14406875,275,8480,N,48.3333333333333,2,209
9151,30,1.11910725,269,10348,N,50,2,209
9392,31,1.3063185,314,9151,N,51.6666666666667,2,209
11156,32,1.29383775,311,9392,N,53.3333333333333,2,209
11576,33,1.61001675,387,11156,N,55,2,209
11056,34,1.6890615,406,11576,N,56.6666666666667,2,209
11928,35,0.86117175,207,11056,Y,58.3333333333333,3,209
12390,36,0.91941525,221,11928,N,60,3,209
12502,37,0.8736525,210,12390,N,61.6666666666667,3,209
2491,0,1.09414575,263,NA,N,0,0,210
2623,1,1.0733445,258,2491,N,1.66666666666667,0,210
2522,2,1.14406875,275,2623,N,3.33333333333333,0,210
2534,3,1.41032475,339,2522,N,5,0,210
2565,4,1.1731905,282,2534,N,6.66666666666667,0,210
3707,5,1.397844,336,2565,N,8.33333333333333,0,210
2792,6,1.53513225,369,3707,N,10,0,210
2573,7,1.414485,340,2792,N,11.6666666666667,0,210
4209,8,1.564254,376,2573,N,13.3333333333333,0,210
5644,9,1.62665775,391,4209,N,15,0,210
4749,10,1.69322175,407,5644,N,16.6666666666667,0,210
5041,11,1.66826025,401,4749,N,18.3333333333333,0,210
4220,12,1.84299075,443,5041,N,20,0,210
4630,13,2.096766,504,4220,N,21.6666666666667,0,210
5022,14,1.9386765,466,4630,N,23.3333333333333,0,210
4197,15,2.013561,484,5022,N,25,0,210
6357,16,2.05100325,493,4197,N,26.6666666666667,0,210
6460,17,2.2548555,542,6357,N,28.3333333333333,0,210
6892,18,2.14252875,515,6460,N,30,0,210
6890,19,2.196612,528,6892,N,31.6666666666667,0,210
6065,20,1.24391475,299,6890,Y,33.3333333333333,1,210
7097,21,1.26887625,305,6065,N,35,1,210
7539,22,1.36040175,327,7097,N,36.6666666666667,1,210
7807,23,1.314639,316,7539,N,38.3333333333333,1,210
10676,24,1.36872225,329,7807,N,40,1,210
8500,25,1.3895235,334,10676,N,41.6666666666667,1,210
9054,26,1.597536,384,8500,N,43.3333333333333,1,210
9530,27,1.41032475,339,9054,N,45,1,210
8443,28,1.56009375,375,9530,N,46.6666666666667,1,210
10327,29,1.76810625,425,8443,N,48.3333333333333,1,210
9037,30,0.815409,196,10327,Y,50,2,210
9299,31,0.88613325,213,9037,N,51.6666666666667,2,210
11132,32,0.965178,232,9299,N,53.3333333333333,2,210
11528,33,0.97765875,235,11132,N,55,2,210
11020,34,1.114947,268,11528,N,56.6666666666667,2,210
11888,35,1.11910725,269,11020,N,58.3333333333333,2,210
12321,36,1.1731905,282,11888,N,60,2,210
12402,37,1.0733445,258,12321,N,61.6666666666667,2,210
2494,0,0.9235755,222,NA,N,0,0,211
2625,1,0.90277425,217,2494,N,1.66666666666667,0,211
2527,2,1.0567035,254,2625,N,3.33333333333333,0,211
2538,3,1.114947,268,2527,N,5,0,211
2571,4,1.11910725,269,2538,N,6.66666666666667,0,211
3712,5,1.198152,288,2571,N,8.33333333333333,0,211
2796,6,1.31047875,315,3712,N,10,0,211
2578,7,1.22727375,295,2796,N,11.6666666666667,0,211
4212,8,1.2397545,298,2578,N,13.3333333333333,0,211
5648,9,1.364562,328,4212,N,15,0,211
4756,10,1.2730365,306,5648,N,16.6666666666667,0,211
5046,11,1.47688875,355,4756,N,18.3333333333333,0,211
4222,12,1.41864525,341,5046,N,20,0,211
4634,13,1.447767,348,4222,N,21.6666666666667,0,211
5029,14,1.43528625,345,4634,N,23.3333333333333,0,211
4201,15,1.61833725,389,5029,N,25,0,211
6358,16,1.5559335,374,4201,N,26.6666666666667,0,211
6462,17,1.47688875,355,6358,N,28.3333333333333,0,211
6895,18,1.930356,464,6462,N,30,0,211
6893,19,0.92773575,223,6895,Y,31.6666666666667,1,211
6067,20,0.96933825,233,6893,N,33.3333333333333,1,211
7104,21,1.06918425,257,6067,N,35,1,211
7544,22,1.1232675,270,7104,N,36.6666666666667,1,211
7811,23,0.98597925,237,7544,N,38.3333333333333,1,211
10678,24,0.9235755,222,7811,N,40,1,211
8505,25,1.03590225,249,10678,N,41.6666666666667,1,211
9065,26,1.0733445,258,8505,N,43.3333333333333,1,211
9537,27,1.20231225,289,9065,N,45,1,211
8447,28,1.27719675,307,9537,N,46.6666666666667,1,211
10329,29,1.33128,320,8447,N,48.3333333333333,1,211
9051,30,1.39368375,335,10329,N,50,1,211
9309,31,1.3562415,326,9051,N,51.6666666666667,1,211
11135,32,1.514331,364,9309,N,53.3333333333333,1,211
11533,33,1.6724205,402,11135,N,55,1,211
11022,34,1.83467025,441,11533,N,56.6666666666667,1,211
11893,35,1.38536325,333,11022,N,58.3333333333333,1,211
12326,36,0.865332,208,11893,Y,60,2,211
12411,37,0.798768,192,12326,N,61.6666666666667,2,211
2494,0,0.9235755,222,NA,N,0,0,212
2625,1,0.90277425,217,2494,N,1.66666666666667,0,212
2527,2,1.0567035,254,2625,N,3.33333333333333,0,212
2538,3,1.114947,268,2527,N,5,0,212
2571,4,1.11910725,269,2538,N,6.66666666666667,0,212
3712,5,1.198152,288,2571,N,8.33333333333333,0,212
2796,6,1.31047875,315,3712,N,10,0,212
2578,7,1.22727375,295,2796,N,11.6666666666667,0,212
4212,8,1.2397545,298,2578,N,13.3333333333333,0,212
5648,9,1.364562,328,4212,N,15,0,212
4756,10,1.2730365,306,5648,N,16.6666666666667,0,212
5046,11,1.47688875,355,4756,N,18.3333333333333,0,212
4222,12,1.41864525,341,5046,N,20,0,212
4634,13,1.447767,348,4222,N,21.6666666666667,0,212
5029,14,1.43528625,345,4634,N,23.3333333333333,0,212
4201,15,1.61833725,389,5029,N,25,0,212
6358,16,1.5559335,374,4201,N,26.6666666666667,0,212
6462,17,1.47688875,355,6358,N,28.3333333333333,0,212
6895,18,1.930356,464,6462,N,30,0,212
6891,19,0.9734985,234,6895,Y,31.6666666666667,1,212
6066,20,0.99429975,239,6891,N,33.3333333333333,1,212
7100,21,0.9402165,226,6066,N,35,1,212
7541,22,1.1066265,266,7100,N,36.6666666666667,1,212
7809,23,0.97765875,235,7541,N,38.3333333333333,1,212
10677,24,0.97765875,235,7809,N,40,1,212
8502,25,0.9901395,238,10677,N,41.6666666666667,1,212
9060,26,0.99429975,239,8502,N,43.3333333333333,1,212
9534,27,0.99429975,239,9060,N,45,1,212
8445,28,1.1399085,274,9534,N,46.6666666666667,1,212
10328,29,1.24391475,299,8445,N,48.3333333333333,1,212
9047,30,1.27719675,307,10328,N,50,1,212
9305,31,1.4061645,338,9047,N,51.6666666666667,1,212
11134,32,1.50185025,361,9305,N,53.3333333333333,1,212
11531,33,1.86795225,449,11134,N,55,1,212
11021,34,1.41864525,341,11531,N,56.6666666666667,1,212
11891,35,1.530972,368,11021,N,58.3333333333333,1,212
12325,36,1.7389845,418,11891,N,60,1,212
12405,37,0.865332,208,12325,Y,61.6666666666667,2,212
2984,0,0.8902935,214,NA,N,0,0,213
3140,1,0.87781275,211,2984,N,1.66666666666667,0,213
3231,2,0.95269725,229,3140,N,3.33333333333333,0,213
3080,3,1.031742,248,3231,N,5,0,213
3237,4,0.97765875,235,3080,N,6.66666666666667,0,213
3965,5,1.0067805,242,3237,N,8.33333333333333,0,213
3312,6,1.07750475,259,3965,N,10,0,213
3532,7,1.03590225,249,3312,N,11.6666666666667,0,213
4421,8,1.11910725,269,3532,N,13.3333333333333,0,213
5917,9,1.21063275,291,4421,N,15,0,213
5188,10,1.30215825,313,5917,N,16.6666666666667,0,213
5413,11,1.33128,320,5188,N,18.3333333333333,0,213
4712,12,1.381203,332,5413,N,20,0,213
5045,13,1.4560875,350,4712,N,21.6666666666667,0,213
5497,14,1.54345275,371,5045,N,23.3333333333333,0,213
4418,15,1.64329875,395,5497,N,25,0,213
6540,16,1.7057025,410,4418,N,26.6666666666667,0,213
6664,17,1.80970875,435,6540,N,28.3333333333333,0,213
7182,18,1.780587,428,6664,N,30,0,213
7199,19,0.898614,216,7182,Y,31.6666666666667,1,213
6178,20,0.93605625,225,7199,N,33.3333333333333,1,213
7552,21,0.89445375,215,6178,N,35,1,213
7793,22,1.0067805,242,7552,N,36.6666666666667,1,213
8049,23,1.01094075,243,7793,N,38.3333333333333,1,213
10808,24,1.0567035,254,8049,N,40,1,213
8823,25,1.2064725,290,10808,N,41.6666666666667,1,213
9701,26,1.32711975,319,8823,N,43.3333333333333,1,213
9982,27,1.42696575,343,9701,N,45,1,213
8673,28,1.46856825,353,9982,N,46.6666666666667,1,213
10451,29,1.61833725,389,8673,N,48.3333333333333,1,213
8780,30,1.6557795,398,10451,N,50,1,213
9717,31,1.547613,372,8780,N,51.6666666666667,1,213
11325,32,1.414485,340,9717,N,53.3333333333333,1,213
11869,33,0.68644125,165,11325,Y,55,2,213
11357,34,0.6906015,166,11869,N,56.6666666666667,2,213
2497,0,0.8070885,194,NA,N,0,0,214
2631,1,0.965178,232,2497,N,1.66666666666667,0,214
2530,2,0.9235755,222,2631,N,3.33333333333333,0,214
2541,3,0.99429975,239,2530,N,5,0,214
2577,4,0.915255,220,2541,N,6.66666666666667,0,214
3715,5,0.948537,228,2577,N,8.33333333333333,0,214
2802,6,1.2563955,302,3715,N,10,0,214
2582,7,1.01926125,245,2802,N,11.6666666666667,0,214
4215,8,1.04422275,251,2582,N,13.3333333333333,0,214
5652,9,1.28551725,309,4215,N,15,0,214
4759,10,1.11078675,267,5652,N,16.6666666666667,0,214
5051,11,1.24391475,299,4759,N,18.3333333333333,0,214
4225,12,1.22727375,295,5051,N,20,0,214
4638,13,1.297998,312,4225,N,21.6666666666667,0,214
5034,14,1.38536325,333,4638,N,23.3333333333333,0,214
4206,15,1.54345275,371,5034,N,25,0,214
6359,16,1.580895,380,4206,N,26.6666666666667,0,214
6464,17,1.65161925,397,6359,N,28.3333333333333,0,214
6898,18,0.7738065,186,6464,Y,30,1,214
6894,19,0.96101775,231,6898,N,31.6666666666667,1,214
6068,20,0.965178,232,6894,N,33.3333333333333,1,214
7106,21,1.03590225,249,6068,N,35,1,214
7547,22,1.0733445,258,7106,N,36.6666666666667,1,214
7813,23,1.065024,256,7547,N,38.3333333333333,1,214
10679,24,1.148229,276,7813,N,40,1,214
8507,25,1.18567125,285,10679,N,41.6666666666667,1,214
9071,26,1.29383775,311,8507,N,43.3333333333333,1,214
9541,27,1.098306,264,9071,N,45,1,214
8450,28,1.26055575,303,9541,N,46.6666666666667,1,214
10330,29,1.35208125,325,8450,N,48.3333333333333,1,214
9056,30,1.59337575,383,10330,N,50,1,214
9317,31,0.72804375,175,9056,Y,51.6666666666667,2,214
11137,32,0.782127,188,9317,N,53.3333333333333,2,214
11536,33,0.8736525,210,11137,N,55,2,214
11023,34,1.031742,248,11536,N,56.6666666666667,2,214
11895,35,0.99429975,239,11023,N,58.3333333333333,2,214
12332,36,1.04422275,251,11895,N,60,2,214
12416,37,1.04422275,251,12332,N,61.6666666666667,2,214
3456,0,1.64329875,395,NA,N,0,0,215
3656,1,1.61001675,387,3456,N,1.66666666666667,0,215
3629,2,1.41032475,339,3656,N,3.33333333333333,0,215
3449,3,1.90955475,459,3629,N,5,0,215
3813,4,0.8736525,210,3449,Y,6.66666666666667,1,215
4036,5,0.93605625,225,3813,N,8.33333333333333,1,215
3706,6,1.0234215,246,4036,N,10,1,215
3875,7,0.99846,240,3706,N,11.6666666666667,1,215
5703,8,0.98597925,237,3875,N,13.3333333333333,1,215
5983,9,1.00262025,241,5703,N,15,1,215
5461,10,1.0899855,262,5983,N,16.6666666666667,1,215
5758,11,1.0733445,258,5461,N,18.3333333333333,1,215
5062,12,1.148229,276,5758,N,20,1,215
5401,13,1.22727375,295,5062,N,21.6666666666667,1,215
5847,14,1.3229595,318,5401,N,23.3333333333333,1,215
4693,15,1.447767,348,5847,N,25,1,215
6708,16,1.4727285,354,4693,N,26.6666666666667,1,215
7625,17,1.60169625,385,6708,N,28.3333333333333,1,215
7463,18,1.6557795,398,7625,N,30,1,215
7510,19,1.7057025,410,7463,N,31.6666666666667,1,215
6264,20,1.7889075,430,7510,N,33.3333333333333,1,215
8268,21,0.898614,216,6264,Y,35,2,215
7963,22,1.05254325,253,8268,N,36.6666666666667,2,215
3456,0,1.64329875,395,NA,N,0,0,216
3656,1,1.61001675,387,3456,N,1.66666666666667,0,216
3629,2,1.41032475,339,3656,N,3.33333333333333,0,216
3449,3,1.90955475,459,3629,N,5,0,216
3810,4,0.75300525,181,3449,Y,6.66666666666667,1,216
4035,5,0.8403705,202,3810,N,8.33333333333333,1,216
3698,6,1.065024,256,4035,N,10,1,216
3874,7,0.76132575,183,3698,N,11.6666666666667,1,216
5699,8,0.9069345,218,3874,N,13.3333333333333,1,216
5982,9,0.8403705,202,5699,N,15,1,216
5453,10,0.8570115,206,5982,N,16.6666666666667,1,216
5754,11,0.848691,204,5453,N,18.3333333333333,1,216
5058,12,0.948537,228,5754,N,20,1,216
5398,13,1.015101,244,5058,N,21.6666666666667,1,216
5843,14,0.96933825,233,5398,N,23.3333333333333,1,216
4688,15,1.03590225,249,5843,N,25,1,216
6706,16,1.181511,284,4688,N,26.6666666666667,1,216
7621,17,1.248075,300,6706,N,28.3333333333333,1,216
7459,18,1.28551725,309,7621,N,30,1,216
7507,19,1.381203,332,7459,N,31.6666666666667,1,216
6263,20,1.55177325,373,7507,N,33.3333333333333,1,216
8266,21,1.464408,352,6263,N,35,1,216
7960,22,1.7223435,414,8266,N,36.6666666666667,1,216
8212,23,1.62665775,391,7960,N,38.3333333333333,1,216
10910,24,0.765486,184,8212,Y,40,2,216
9227,25,0.9069345,218,10910,N,41.6666666666667,2,216
10023,26,0.981819,236,9227,N,43.3333333333333,2,216
10190,27,1.06918425,257,10023,N,45,2,216
8956,28,1.031742,248,10190,N,46.6666666666667,2,216
10568,29,1.081665,260,8956,N,48.3333333333333,2,216
9528,30,1.08582525,261,10568,N,50,2,216
10163,31,1.2064725,290,9528,N,51.6666666666667,2,216
11541,32,1.20231225,289,10163,N,53.3333333333333,2,216
12155,33,1.34376075,323,11541,N,55,2,216
11740,34,1.381203,332,12155,N,56.6666666666667,2,216
12660,35,1.49352975,359,11740,N,58.3333333333333,2,216
13093,36,1.630818,392,12660,N,60,2,216
13136,37,1.730664,416,13093,N,61.6666666666667,2,216
3456,0,1.64329875,395,NA,N,0,0,217
3656,1,1.61001675,387,3456,N,1.66666666666667,0,217
3629,2,1.41032475,339,3656,N,3.33333333333333,0,217
3449,3,1.90955475,459,3629,N,5,0,217
3810,4,0.75300525,181,3449,Y,6.66666666666667,1,217
4035,5,0.8403705,202,3810,N,8.33333333333333,1,217
3698,6,1.065024,256,4035,N,10,1,217
3874,7,0.76132575,183,3698,N,11.6666666666667,1,217
5699,8,0.9069345,218,3874,N,13.3333333333333,1,217
5982,9,0.8403705,202,5699,N,15,1,217
5453,10,0.8570115,206,5982,N,16.6666666666667,1,217
5754,11,0.848691,204,5453,N,18.3333333333333,1,217
5058,12,0.948537,228,5754,N,20,1,217
5398,13,1.015101,244,5058,N,21.6666666666667,1,217
5843,14,0.96933825,233,5398,N,23.3333333333333,1,217
4688,15,1.03590225,249,5843,N,25,1,217
6706,16,1.181511,284,4688,N,26.6666666666667,1,217
7621,17,1.248075,300,6706,N,28.3333333333333,1,217
7459,18,1.28551725,309,7621,N,30,1,217
7507,19,1.381203,332,7459,N,31.6666666666667,1,217
6263,20,1.55177325,373,7507,N,33.3333333333333,1,217
8266,21,1.464408,352,6263,N,35,1,217
7960,22,1.7223435,414,8266,N,36.6666666666667,1,217
8212,23,1.62665775,391,7960,N,38.3333333333333,1,217
10911,24,0.96101775,231,8212,Y,40,2,217
9230,25,0.83205,200,10911,N,41.6666666666667,2,217
10025,26,0.9235755,222,9230,N,43.3333333333333,2,217
10192,27,1.01094075,243,10025,N,45,2,217
8958,28,1.01926125,245,10192,N,46.6666666666667,2,217
10569,29,1.02758175,247,8958,N,48.3333333333333,2,217
9532,30,1.1066265,266,10569,N,50,2,217
10166,31,1.02758175,247,9532,N,51.6666666666667,2,217
11544,32,1.281357,308,10166,N,53.3333333333333,2,217
12161,33,1.297998,312,11544,N,55,2,217
11743,34,1.36040175,327,12161,N,56.6666666666667,2,217
12663,35,1.41032475,339,11743,N,58.3333333333333,2,217
13095,36,1.481049,356,12663,N,60,2,217
13139,37,0.7571655,182,13095,Y,61.6666666666667,3,217
2995,0,0.71140275,171,NA,N,0,0,218
3148,1,0.865332,208,2995,N,1.66666666666667,0,218
3243,2,1.01094075,243,3148,N,3.33333333333333,0,218
3091,3,0.8736525,210,3243,N,5,0,218
3246,4,0.915255,220,3091,N,6.66666666666667,0,218
3967,5,0.9901395,238,3246,N,8.33333333333333,0,218
3318,6,1.12742775,271,3967,N,10,0,218
3543,7,1.098306,264,3318,N,11.6666666666667,0,218
4424,8,1.181511,284,3543,N,13.3333333333333,0,218
5919,9,1.11078675,267,4424,N,15,0,218
5194,10,1.25223525,301,5919,N,16.6666666666667,0,218
5423,11,1.431126,344,5194,N,18.3333333333333,0,218
4720,12,1.31047875,315,5423,N,20,0,218
5055,13,1.38536325,333,4720,N,21.6666666666667,0,218
5510,14,1.3895235,334,5055,N,23.3333333333333,0,218
4423,15,1.51017075,363,5510,N,25,0,218
6544,16,1.48520925,357,4423,N,26.6666666666667,0,218
6668,17,1.7223435,414,6544,N,28.3333333333333,0,218
7188,18,1.86795225,449,6668,N,30,0,218
7204,19,0.76132575,183,7188,Y,31.6666666666667,1,218
6180,20,0.82788975,199,7204,N,33.3333333333333,1,218
2995,0,0.71140275,171,NA,N,0,0,219
3148,1,0.865332,208,2995,N,1.66666666666667,0,219
3243,2,1.01094075,243,3148,N,3.33333333333333,0,219
3091,3,0.8736525,210,3243,N,5,0,219
3246,4,0.915255,220,3091,N,6.66666666666667,0,219
3967,5,0.9901395,238,3246,N,8.33333333333333,0,219
3318,6,1.12742775,271,3967,N,10,0,219
3543,7,1.098306,264,3318,N,11.6666666666667,0,219
4424,8,1.181511,284,3543,N,13.3333333333333,0,219
5919,9,1.11078675,267,4424,N,15,0,219
5194,10,1.25223525,301,5919,N,16.6666666666667,0,219
5423,11,1.431126,344,5194,N,18.3333333333333,0,219
4720,12,1.31047875,315,5423,N,20,0,219
5055,13,1.38536325,333,4720,N,21.6666666666667,0,219
5510,14,1.3895235,334,5055,N,23.3333333333333,0,219
4423,15,1.51017075,363,5510,N,25,0,219
6544,16,1.48520925,357,4423,N,26.6666666666667,0,219
6668,17,1.7223435,414,6544,N,28.3333333333333,0,219
7188,18,1.86795225,449,6668,N,30,0,219
7209,19,1.06086375,255,7188,Y,31.6666666666667,1,219
6181,20,0.981819,236,7209,N,33.3333333333333,1,219
7558,21,1.0567035,254,6181,N,35,1,219
7797,22,1.0400625,250,7558,N,36.6666666666667,1,219
8052,23,1.131588,272,7797,N,38.3333333333333,1,219
10810,24,1.1731905,282,8052,N,40,1,219
8827,25,1.17735075,283,10810,N,41.6666666666667,1,219
9729,26,1.33544025,321,8827,N,43.3333333333333,1,219
9987,27,1.36872225,329,9729,N,45,1,219
8677,28,1.39368375,335,9987,N,46.6666666666667,1,219
10454,29,1.33128,320,8677,N,48.3333333333333,1,219
8787,30,1.514331,364,10454,N,50,1,219
9723,31,1.56841425,377,8787,N,51.6666666666667,1,219
11331,32,0.82788975,199,9723,Y,53.3333333333333,2,219
11882,33,0.72804375,175,11331,N,55,2,219
3461,0,1.065024,256,NA,N,0,0,220
3661,1,1.214793,292,3461,N,1.66666666666667,0,220
3635,2,1.414485,340,3661,N,3.33333333333333,0,220
3454,3,1.530972,368,3635,N,5,0,220
3820,4,1.564254,376,3454,N,6.66666666666667,0,220
4037,5,1.51849125,365,3820,N,8.33333333333333,0,220
3713,6,1.82634975,439,4037,N,10,0,220
3876,7,1.67658075,403,3713,N,11.6666666666667,0,220
5708,8,1.89291375,455,3876,N,13.3333333333333,0,220
5985,9,1.86795225,449,5708,N,15,0,220
5476,10,0.82788975,199,5985,Y,16.6666666666667,1,220
5766,11,1.03590225,249,5476,N,18.3333333333333,1,220
5072,12,1.1898315,286,5766,N,20,1,220
5409,13,1.17735075,283,5072,N,21.6666666666667,1,220
5853,14,1.1232675,270,5409,N,23.3333333333333,1,220
4701,15,1.17735075,283,5853,N,25,1,220
6712,16,1.23559425,297,4701,N,26.6666666666667,1,220
7631,17,1.281357,308,6712,N,28.3333333333333,1,220
7471,18,1.43528625,345,7631,N,30,1,220
7518,19,1.57673475,379,7471,N,31.6666666666667,1,220
6266,20,1.8221895,438,7518,N,33.3333333333333,1,220
8271,21,1.730664,416,6266,N,35,1,220
7969,22,1.96779825,473,8271,N,36.6666666666667,1,220
8221,23,1.54345275,371,7969,N,38.3333333333333,1,220
10916,24,0.865332,208,8221,Y,40,2,220
9249,25,0.93605625,225,10916,N,41.6666666666667,2,220
10034,26,0.80292825,193,9249,N,43.3333333333333,2,220
10202,27,0.93605625,225,10034,N,45,2,220
8986,28,0.93605625,225,10202,N,46.6666666666667,2,220
10575,29,0.95269725,229,8986,N,48.3333333333333,2,220
9561,30,0.981819,236,10575,N,50,2,220
10179,31,1.0899855,262,9561,N,51.6666666666667,2,220
11562,32,0.93605625,225,10179,N,53.3333333333333,2,220
12186,33,1.1898315,286,11562,N,55,2,220
11760,34,1.214793,292,12186,N,56.6666666666667,2,220
12683,35,1.14406875,275,11760,N,58.3333333333333,2,220
13106,36,1.18567125,285,12683,N,60,2,220
13149,37,1.18567125,285,13106,N,61.6666666666667,2,220
2501,0,0.9568575,230,NA,N,0,0,221
2638,1,0.95269725,229,2501,N,1.66666666666667,0,221
2536,2,0.9568575,230,2638,N,3.33333333333333,0,221
2547,3,1.0733445,258,2536,N,5,0,221
2591,4,1.1066265,266,2547,N,6.66666666666667,0,221
3726,5,1.19399175,287,2591,N,8.33333333333333,0,221
2809,6,1.33128,320,3726,N,10,0,221
2589,7,1.14406875,275,2809,N,11.6666666666667,0,221
4218,8,1.3562415,326,2589,N,13.3333333333333,0,221
5656,9,1.364562,328,4218,N,15,0,221
4765,10,1.56841425,377,5656,N,16.6666666666667,0,221
5056,11,1.597536,384,4765,N,18.3333333333333,0,221
4228,12,1.65993975,399,5056,N,20,0,221
4645,13,0.9235755,222,4228,Y,21.6666666666667,1,221
5043,14,0.70308225,169,4645,N,23.3333333333333,1,221
4210,15,0.9402165,226,5043,N,25,1,221
6361,16,0.965178,232,4210,N,26.6666666666667,1,221
6468,17,1.09414575,263,6361,N,28.3333333333333,1,221
6900,18,0.981819,236,6468,N,30,1,221
6896,19,1.0234215,246,6900,N,31.6666666666667,1,221
6069,20,1.048383,252,6896,N,33.3333333333333,1,221
7110,21,1.065024,256,6069,N,35,1,221
7550,22,1.2397545,298,7110,N,36.6666666666667,1,221
7816,23,1.15238925,277,7550,N,38.3333333333333,1,221
10680,24,1.16070975,279,7816,N,40,1,221
8509,25,1.26887625,305,10680,N,41.6666666666667,1,221
9077,26,1.16903025,281,8509,N,43.3333333333333,1,221
9546,27,1.198152,288,9077,N,45,1,221
8457,28,1.2397545,298,9546,N,46.6666666666667,1,221
10332,29,1.414485,340,8457,N,48.3333333333333,1,221
9073,30,1.580895,380,10332,N,50,1,221
9325,31,0.6573195,158,9073,Y,51.6666666666667,2,221
3466,0,0.95269725,229,NA,N,0,0,222
3666,1,1.098306,264,3466,N,1.66666666666667,0,222
3640,2,1.1565495,278,3666,N,3.33333333333333,0,222
3458,3,1.21063275,291,3640,N,5,0,222
3821,4,1.21063275,291,3458,N,6.66666666666667,0,222
4038,5,1.25223525,301,3821,N,8.33333333333333,0,222
3717,6,1.464408,352,4038,N,10,0,222
3883,7,1.62665775,391,3717,N,11.6666666666667,0,222
5713,8,1.564254,376,3883,N,13.3333333333333,0,222
5986,9,1.5559335,374,5713,N,15,0,222
5481,10,0.87781275,211,5986,Y,16.6666666666667,1,222
5770,11,0.798768,192,5481,N,18.3333333333333,1,222
5077,12,0.82788975,199,5770,N,20,1,222
5412,13,0.8736525,210,5077,N,21.6666666666667,1,222
5855,14,0.71972325,173,5412,N,23.3333333333333,1,222
4702,15,0.748845,180,5855,N,25,1,222
6716,16,0.76132575,183,4702,N,26.6666666666667,1,222
7636,17,0.72804375,175,6716,N,28.3333333333333,1,222
7477,18,0.915255,220,7636,N,30,1,222
7524,19,1.11078675,267,7477,N,31.6666666666667,1,222
6268,20,1.21063275,291,7524,N,33.3333333333333,1,222
8273,21,1.4394465,346,6268,N,35,1,222
7973,22,1.5226515,366,8273,N,36.6666666666667,1,222
8223,23,1.46024775,351,7973,N,38.3333333333333,1,222
13284,24,NA,-1,8223,Y,40,2,222
3466,0,0.95269725,229,NA,N,0,0,223
3666,1,1.098306,264,3466,N,1.66666666666667,0,223
3640,2,1.1565495,278,3666,N,3.33333333333333,0,223
3458,3,1.21063275,291,3640,N,5,0,223
3821,4,1.21063275,291,3458,N,6.66666666666667,0,223
4038,5,1.25223525,301,3821,N,8.33333333333333,0,223
3717,6,1.464408,352,4038,N,10,0,223
3883,7,1.62665775,391,3717,N,11.6666666666667,0,223
5713,8,1.564254,376,3883,N,13.3333333333333,0,223
5986,9,1.5559335,374,5713,N,15,0,223
5486,10,0.96933825,233,5986,Y,16.6666666666667,1,223
5774,11,0.9069345,218,5486,N,18.3333333333333,1,223
5080,12,0.7904475,190,5774,N,20,1,223
5417,13,0.8070885,194,5080,N,21.6666666666667,1,223
5859,14,0.9235755,222,5417,N,23.3333333333333,1,223
4705,15,0.76964625,185,5859,N,25,1,223
7480,18,1.148229,276,4705,N,30,1,223
7527,19,1.15238925,277,7480,N,31.6666666666667,1,223
6269,20,1.264716,304,7527,N,33.3333333333333,1,223
8274,21,1.42696575,343,6269,N,35,1,223
7975,22,1.281357,308,8274,N,36.6666666666667,1,223
8091,23,0.981819,236,7975,Y,38.3333333333333,2,223
3003,0,0.8070885,194,NA,N,0,0,224
3159,1,0.881973,212,3003,N,1.66666666666667,0,224
3248,2,0.86949225,209,3159,N,3.33333333333333,0,224
3097,3,0.77796675,187,3248,N,5,0,224
3250,4,1.0899855,262,3097,N,6.66666666666667,0,224
3968,5,0.87781275,211,3250,N,8.33333333333333,0,224
3320,6,0.89445375,215,3968,N,10,0,224
3548,7,0.73636425,177,3320,N,11.6666666666667,0,224
4426,8,0.91109475,219,3548,N,13.3333333333333,0,224
5920,9,0.9402165,226,4426,N,15,0,224
5198,10,0.981819,236,5920,N,16.6666666666667,0,224
5430,11,1.0234215,246,5198,N,18.3333333333333,0,224
4725,12,1.03590225,249,5430,N,20,0,224
5060,13,1.04422275,251,4725,N,21.6666666666667,0,224
5516,14,0.91109475,219,5060,N,23.3333333333333,0,224
4425,15,1.15238925,277,5516,N,25,0,224
6546,16,1.09414575,263,4425,N,26.6666666666667,0,224
6953,18,1.4727285,354,6546,N,30,0,224
6950,19,0.69476175,167,6953,Y,31.6666666666667,1,224
6089,20,0.76964625,185,6950,N,33.3333333333333,1,224
7179,21,0.79460775,191,6089,N,35,1,224
3476,0,0.981819,236,NA,N,0,0,225
3671,1,1.03590225,249,3476,N,1.66666666666667,0,225
3659,2,1.098306,264,3671,N,3.33333333333333,0,225
3462,3,1.19399175,287,3659,N,5,0,225
3823,4,1.314639,316,3462,N,6.66666666666667,0,225
4039,5,1.32711975,319,3823,N,8.33333333333333,0,225
3725,6,1.3229595,318,4039,N,10,0,225
3886,7,1.364562,328,3725,N,11.6666666666667,0,225
5717,8,1.414485,340,3886,N,13.3333333333333,0,225
5987,9,1.46856825,353,5717,N,15,0,225
5496,10,1.39368375,335,5987,N,16.6666666666667,0,225
5778,11,1.564254,376,5496,N,18.3333333333333,0,225
5085,12,1.7057025,410,5778,N,20,0,225
5422,13,1.52681175,367,5085,N,21.6666666666667,0,225
5861,14,1.86795225,449,5422,N,23.3333333333333,0,225
4711,15,1.72650375,415,5861,N,25,0,225
6719,16,1.99692,480,4711,N,26.6666666666667,0,225
7643,17,1.048383,252,6719,Y,28.3333333333333,1,225
7488,18,1.06086375,255,7643,N,30,1,225
7533,19,1.10246625,265,7488,N,31.6666666666667,1,225
6272,20,1.2231135,294,7533,N,33.3333333333333,1,225
8276,21,1.16903025,281,6272,N,35,1,225
7979,22,1.35208125,325,8276,N,36.6666666666667,1,225
8227,23,1.3728825,330,7979,N,38.3333333333333,1,225
10919,24,1.38536325,333,8227,N,40,1,225
9262,25,1.4061645,338,10919,N,41.6666666666667,1,225
10043,26,1.6557795,398,9262,N,43.3333333333333,1,225
10208,27,1.58505525,381,10043,N,45,1,225
2537,0,1.0400625,250,NA,N,0,0,226
2649,1,1.1399085,274,2537,N,1.66666666666667,0,226
2548,2,1.065024,256,2649,N,3.33333333333333,0,226
2556,3,1.16487,280,2548,N,5,0,226
2606,4,1.131588,272,2556,N,6.66666666666667,0,226
3737,5,1.11910725,269,2606,N,8.33333333333333,0,226
2814,6,1.16070975,279,3737,N,10,0,226
2598,7,1.36040175,327,2814,N,11.6666666666667,0,226
4229,8,1.33128,320,2598,N,13.3333333333333,0,226
5671,9,1.35208125,325,4229,N,15,0,226
4775,10,1.39368375,335,5671,N,16.6666666666667,0,226
5075,11,1.464408,352,4775,N,18.3333333333333,0,226
4241,12,1.530972,368,5075,N,20,0,226
4653,13,1.530972,368,4241,N,21.6666666666667,0,226
5064,14,1.73482425,417,4653,N,23.3333333333333,0,226
4223,15,1.7889075,430,5064,N,25,0,226
6367,16,1.71818325,413,4223,N,26.6666666666667,0,226
6480,17,0.9069345,218,6367,Y,28.3333333333333,1,226
6917,18,0.92773575,223,6480,N,30,1,226
6913,19,0.9734985,234,6917,N,31.6666666666667,1,226
6075,20,0.8902935,214,6913,N,33.3333333333333,1,226
7130,21,0.798768,192,6075,N,35,1,226
7572,22,1.00262025,241,7130,N,36.6666666666667,1,226
7832,23,0.915255,220,7572,N,38.3333333333333,1,226
10687,24,0.94437675,227,7832,N,40,1,226
8526,25,0.96101775,231,10687,N,41.6666666666667,1,226
9114,26,1.02758175,247,8526,N,43.3333333333333,1,226
9576,27,1.05254325,253,9114,N,45,1,226
8470,28,1.081665,260,9576,N,46.6666666666667,1,226
10341,29,1.148229,276,8470,N,48.3333333333333,1,226
9123,30,1.34376075,323,10341,N,50,1,226
9361,31,1.3895235,334,9123,N,51.6666666666667,1,226
11146,32,1.431126,344,9361,N,53.3333333333333,1,226
11551,33,1.680741,404,11146,N,55,1,226
11030,34,1.55177325,373,11551,N,56.6666666666667,1,226
11913,35,2.0218815,486,11030,N,58.3333333333333,1,226
12369,36,0.86117175,207,11913,Y,60,2,226
12477,37,0.86949225,209,12369,N,61.6666666666667,2,226
2537,0,1.0400625,250,NA,N,0,0,227
2649,1,1.1399085,274,2537,N,1.66666666666667,0,227
2548,2,1.065024,256,2649,N,3.33333333333333,0,227
2556,3,1.16487,280,2548,N,5,0,227
2606,4,1.131588,272,2556,N,6.66666666666667,0,227
3737,5,1.11910725,269,2606,N,8.33333333333333,0,227
2814,6,1.16070975,279,3737,N,10,0,227
2598,7,1.36040175,327,2814,N,11.6666666666667,0,227
4229,8,1.33128,320,2598,N,13.3333333333333,0,227
5671,9,1.35208125,325,4229,N,15,0,227
4775,10,1.39368375,335,5671,N,16.6666666666667,0,227
5075,11,1.464408,352,4775,N,18.3333333333333,0,227
4241,12,1.530972,368,5075,N,20,0,227
4653,13,1.530972,368,4241,N,21.6666666666667,0,227
5064,14,1.73482425,417,4653,N,23.3333333333333,0,227
4223,15,1.7889075,430,5064,N,25,0,227
6367,16,1.71818325,413,4223,N,26.6666666666667,0,227
6478,17,0.79460775,191,6367,Y,28.3333333333333,1,227
6914,18,0.7738065,186,6478,N,30,1,227
6910,19,0.80292825,193,6914,N,31.6666666666667,1,227
6074,20,0.8070885,194,6910,N,33.3333333333333,1,227
7127,21,0.7904475,190,6074,N,35,1,227
7569,22,0.8570115,206,7127,N,36.6666666666667,1,227
7830,23,0.99846,240,7569,N,38.3333333333333,1,227
10686,24,1.08582525,261,7830,N,40,1,227
8523,25,1.03590225,249,10686,N,41.6666666666667,1,227
9110,26,1.081665,260,8523,N,43.3333333333333,1,227
9573,27,0.98597925,237,9110,N,45,1,227
8469,28,0.9901395,238,9573,N,46.6666666666667,1,227
10340,29,1.0567035,254,8469,N,48.3333333333333,1,227
9118,30,1.1232675,270,10340,N,50,1,227
9355,31,0.99846,240,9118,N,51.6666666666667,1,227
11143,32,1.098306,264,9355,N,53.3333333333333,1,227
11548,33,1.597536,384,11143,N,55,1,227
11029,34,1.51017075,363,11548,N,56.6666666666667,1,227
11910,35,0.8070885,194,11029,Y,58.3333333333333,2,227
12364,36,0.8403705,202,11910,N,60,2,227
12475,37,0.91109475,219,12364,N,61.6666666666667,2,227
3014,0,0.83205,200,NA,N,0,0,228
3163,1,0.748845,180,3014,N,1.66666666666667,0,228
3252,2,0.915255,220,3163,N,3.33333333333333,0,228
3101,3,0.88613325,213,3252,N,5,0,228
3253,4,0.89445375,215,3101,N,6.66666666666667,0,228
3969,5,0.965178,232,3253,N,8.33333333333333,0,228
3346,6,1.1399085,274,3969,N,10,0,228
3553,7,1.065024,256,3346,N,11.6666666666667,0,228
4428,8,1.181511,284,3553,N,13.3333333333333,0,228
5921,9,1.18567125,285,4428,N,15,0,228
5202,10,1.1731905,282,5921,N,16.6666666666667,0,228
5434,11,1.26055575,303,5202,N,18.3333333333333,0,228
4729,12,1.61001675,387,5434,N,20,0,228
5066,13,1.9053945,458,4729,N,21.6666666666667,0,228
5522,14,1.530972,368,5066,N,23.3333333333333,0,228
4427,15,1.63497825,393,5522,N,25,0,228
6548,16,1.75146525,421,4427,N,26.6666666666667,0,228
6672,17,1.85963175,447,6548,N,28.3333333333333,0,228
7191,18,1.51849125,365,6672,N,30,0,228
7214,19,0.89445375,215,7191,Y,31.6666666666667,1,228
6182,20,1.0733445,258,7214,N,33.3333333333333,1,228
7561,21,1.11078675,267,6182,N,35,1,228
7798,22,1.26887625,305,7561,N,36.6666666666667,1,228
8053,23,1.1232675,270,7798,N,38.3333333333333,1,228
10811,24,1.231434,296,8053,N,40,1,228
8831,25,1.4061645,338,10811,N,41.6666666666667,1,228
9733,26,1.52681175,367,8831,N,43.3333333333333,1,228
9989,27,1.33544025,321,9733,N,45,1,228
8679,28,1.5060105,362,9989,N,46.6666666666667,1,228
10455,29,1.21895325,293,8679,N,48.3333333333333,1,228
8801,30,0.71972325,173,10455,Y,50,2,228
9730,31,0.69476175,167,8801,N,51.6666666666667,2,228
11337,32,0.84453075,203,9730,N,53.3333333333333,2,228
11887,33,1.00262025,241,11337,N,55,2,228
11371,34,1.11078675,267,11887,N,56.6666666666667,2,228
12273,35,1.04422275,251,11371,N,58.3333333333333,2,228
12771,36,1.06086375,255,12273,N,60,2,228
12874,37,1.1731905,282,12771,N,61.6666666666667,2,228
3482,0,0.9402165,226,NA,N,0,0,229
3676,1,0.98597925,237,3482,N,1.66666666666667,0,229
3665,2,1.0067805,242,3676,N,3.33333333333333,0,229
3467,3,1.11910725,269,3665,N,5,0,229
3825,4,1.098306,264,3467,N,6.66666666666667,0,229
4040,5,1.1066265,266,3825,N,8.33333333333333,0,229
3731,6,1.24391475,299,4040,N,10,0,229
3889,7,1.181511,284,3731,N,11.6666666666667,0,229
5721,8,1.214793,292,3889,N,13.3333333333333,0,229
5988,9,1.381203,332,5721,N,15,0,229
5501,10,1.4560875,350,5988,N,16.6666666666667,0,229
5782,11,1.447767,348,5501,N,18.3333333333333,0,229
5090,12,1.6391385,394,5782,N,20,0,229
5429,13,1.55177325,373,5090,N,21.6666666666667,0,229
5863,14,1.630818,392,5429,N,23.3333333333333,0,229
4715,15,1.81802925,437,5863,N,25,0,229
13301,16,NA,-1,4715,Y,26.6666666666667,1,229
3482,0,0.9402165,226,NA,N,0,0,230
3676,1,0.98597925,237,3482,N,1.66666666666667,0,230
3665,2,1.0067805,242,3676,N,3.33333333333333,0,230
3467,3,1.11910725,269,3665,N,5,0,230
3825,4,1.098306,264,3467,N,6.66666666666667,0,230
4040,5,1.1066265,266,3825,N,8.33333333333333,0,230
3731,6,1.24391475,299,4040,N,10,0,230
3889,7,1.181511,284,3731,N,11.6666666666667,0,230
5721,8,1.214793,292,3889,N,13.3333333333333,0,230
5988,9,1.381203,332,5721,N,15,0,230
5501,10,1.4560875,350,5988,N,16.6666666666667,0,230
5782,11,1.447767,348,5501,N,18.3333333333333,0,230
5090,12,1.6391385,394,5782,N,20,0,230
5429,13,1.55177325,373,5090,N,21.6666666666667,0,230
5863,14,1.630818,392,5429,N,23.3333333333333,0,230
4715,15,1.81802925,437,5863,N,25,0,230
6599,16,0.9402165,226,4715,Y,26.6666666666667,1,230
6728,17,0.9568575,230,6599,N,28.3333333333333,1,230
7277,18,1.01926125,245,6728,N,30,1,230
7310,19,0.981819,236,7277,N,31.6666666666667,1,230
6207,20,1.10246625,265,7310,N,33.3333333333333,1,230
8092,21,1.181511,284,6207,N,35,1,230
7845,22,1.231434,296,8092,N,36.6666666666667,1,230
8102,23,1.181511,284,7845,N,38.3333333333333,1,230
10843,24,1.231434,296,8102,N,40,1,230
8931,25,1.3728825,330,10843,N,41.6666666666667,1,230
9843,26,1.4061645,338,8931,N,43.3333333333333,1,230
10053,27,1.45192725,349,9843,N,45,1,230
8737,28,1.464408,352,10053,N,46.6666666666667,1,230
10494,29,1.08582525,261,8737,N,48.3333333333333,1,230
9087,30,0.71140275,171,10494,Y,50,2,230
9827,31,0.76964625,185,9087,N,51.6666666666667,2,230
11407,32,0.82788975,199,9827,N,53.3333333333333,2,230
11958,33,0.9069345,218,11407,N,55,2,230
11433,34,0.86949225,209,11958,N,56.6666666666667,2,230
12410,35,0.9235755,222,11433,N,58.3333333333333,2,230
12877,36,0.848691,204,12410,N,60,2,230
12957,37,0.99429975,239,12877,N,61.6666666666667,2,230
2543,0,1.28551725,309,NA,N,0,0,231
2654,1,1.580895,380,2543,N,1.66666666666667,0,231
2554,2,1.48520925,357,2654,N,3.33333333333333,0,231
2563,3,1.7389845,418,2554,N,5,0,231
2616,4,1.70154225,409,2563,N,6.66666666666667,0,231
3749,5,1.88459325,453,2616,N,8.33333333333333,0,231
2825,6,2.17581075,523,3749,N,10,0,231
13307,7,NA,-1,2825,Y,11.6666666666667,1,231
2543,0,1.28551725,309,NA,N,0,0,232
2654,1,1.580895,380,2543,N,1.66666666666667,0,232
2554,2,1.48520925,357,2654,N,3.33333333333333,0,232
2563,3,1.7389845,418,2554,N,5,0,232
2616,4,1.70154225,409,2563,N,6.66666666666667,0,232
3749,5,1.88459325,453,2616,N,8.33333333333333,0,232
2825,6,2.17581075,523,3749,N,10,0,232
2310,7,1.11910725,269,2825,Y,11.6666666666667,1,232
4076,8,1.16070975,279,2310,N,13.3333333333333,1,232
5441,9,1.33544025,321,4076,N,15,1,232
4582,10,1.198152,288,5441,N,16.6666666666667,1,232
4607,11,1.1565495,278,4582,N,18.3333333333333,1,232
4088,12,1.3396005,322,4607,N,20,1,232
4471,13,1.297998,312,4088,N,21.6666666666667,1,232
4817,14,1.214793,292,4471,N,23.3333333333333,1,232
4075,15,1.46856825,353,4817,N,25,1,232
6316,16,1.36872225,329,4075,N,26.6666666666667,1,232
6383,17,1.464408,352,6316,N,28.3333333333333,1,232
6809,18,1.614177,388,6383,N,30,1,232
6292,19,1.80970875,435,6809,N,31.6666666666667,1,232
6020,20,1.7223435,414,6292,N,33.3333333333333,1,232
6931,21,0.90277425,217,6020,Y,35,2,232
7264,22,0.95269725,229,6931,N,36.6666666666667,2,232
7627,23,0.96101775,231,7264,N,38.3333333333333,2,232
10618,24,0.85285125,205,7627,N,40,2,232
8378,25,0.88613325,213,10618,N,41.6666666666667,2,232
8316,26,0.9069345,218,8378,N,43.3333333333333,2,232
9275,27,0.95269725,229,8316,N,45,2,232
8352,28,0.9235755,222,9275,N,46.6666666666667,2,232
10267,29,1.081665,260,8352,N,48.3333333333333,2,232
8767,30,1.26887625,305,10267,N,50,2,232
8996,31,1.31047875,315,8767,N,51.6666666666667,2,232
11046,32,1.38536325,333,8996,N,53.3333333333333,2,232
11220,33,1.40200425,337,11046,N,55,2,232
10962,34,1.597536,384,11220,N,56.6666666666667,2,232
11721,35,1.41864525,341,10962,N,58.3333333333333,2,232
12091,36,0.6739605,162,11721,Y,60,3,232
12172,37,0.76964625,185,12091,N,61.6666666666667,3,232
2543,0,1.28551725,309,NA,N,0,0,233
2654,1,1.580895,380,2543,N,1.66666666666667,0,233
2554,2,1.48520925,357,2654,N,3.33333333333333,0,233
2563,3,1.7389845,418,2554,N,5,0,233
2616,4,1.70154225,409,2563,N,6.66666666666667,0,233
3749,5,1.88459325,453,2616,N,8.33333333333333,0,233
2825,6,2.17581075,523,3749,N,10,0,233
2310,7,1.11910725,269,2825,Y,11.6666666666667,1,233
4076,8,1.16070975,279,2310,N,13.3333333333333,1,233
5441,9,1.33544025,321,4076,N,15,1,233
4582,10,1.198152,288,5441,N,16.6666666666667,1,233
4607,11,1.1565495,278,4582,N,18.3333333333333,1,233
4088,12,1.3396005,322,4607,N,20,1,233
4471,13,1.297998,312,4088,N,21.6666666666667,1,233
4817,14,1.214793,292,4471,N,23.3333333333333,1,233
4075,15,1.46856825,353,4817,N,25,1,233
6316,16,1.36872225,329,4075,N,26.6666666666667,1,233
6383,17,1.464408,352,6316,N,28.3333333333333,1,233
6809,18,1.614177,388,6383,N,30,1,233
6292,19,1.80970875,435,6809,N,31.6666666666667,1,233
6020,20,1.7223435,414,6292,N,33.3333333333333,1,233
6934,21,0.85285125,205,6020,Y,35,2,233
7268,22,1.0400625,250,6934,N,36.6666666666667,2,233
7630,23,0.94437675,227,7268,N,38.3333333333333,2,233
10617,24,0.948537,228,7630,N,40,2,233
8376,25,0.8902935,214,10617,N,41.6666666666667,2,233
9267,27,0.9734985,234,8376,N,45,2,233
8351,28,0.981819,236,9267,N,46.6666666666667,2,233
10265,29,0.93605625,225,8351,N,48.3333333333333,2,233
8760,30,1.2231135,294,10265,N,50,2,233
8984,31,1.24391475,299,8760,N,51.6666666666667,2,233
11044,32,1.34376075,323,8984,N,53.3333333333333,2,233
11214,33,0.71972325,173,11044,Y,55,3,233
10960,34,0.765486,184,11214,N,56.6666666666667,3,233
11713,35,0.76132575,183,10960,N,58.3333333333333,3,233
12080,36,0.76964625,185,11713,N,60,3,233
12159,37,0.66564,160,12080,N,61.6666666666667,3,233
3020,0,0.72804375,175,NA,N,0,0,234
3166,1,0.70308225,169,3020,N,1.66666666666667,0,234
3257,2,0.7072425,170,3166,N,3.33333333333333,0,234
3110,3,0.8237295,198,3257,N,5,0,234
3258,4,1.00262025,241,3110,N,6.66666666666667,0,234
3970,5,0.83621025,201,3258,N,8.33333333333333,0,234
3352,6,0.89445375,215,3970,N,10,0,234
3560,7,1.11910725,269,3352,N,11.6666666666667,0,234
4430,8,1.1399085,274,3560,N,13.3333333333333,0,234
5922,9,1.048383,252,4430,N,15,0,234
5205,10,1.19399175,287,5922,N,16.6666666666667,0,234
5437,11,1.33128,320,5205,N,18.3333333333333,0,234
4733,12,1.314639,316,5437,N,20,0,234
5070,13,1.2231135,294,4733,N,21.6666666666667,0,234
5528,14,1.4727285,354,5070,N,23.3333333333333,0,234
4429,15,1.43528625,345,5528,N,25,0,234
6551,16,1.597536,384,4429,N,26.6666666666667,0,234
6675,17,1.74314475,419,6551,N,28.3333333333333,0,234
7194,18,1.7223435,414,6675,N,30,0,234
7216,19,0.88613325,213,7194,Y,31.6666666666667,1,234
6183,20,0.898614,216,7216,N,33.3333333333333,1,234
7564,21,0.97765875,235,6183,N,35,1,234
7799,22,0.9235755,222,7564,N,36.6666666666667,1,234
8054,23,1.01926125,245,7799,N,38.3333333333333,1,234
10812,24,1.065024,256,8054,N,40,1,234
8835,25,1.131588,272,10812,N,41.6666666666667,1,234
9739,26,1.098306,264,8835,N,43.3333333333333,1,234
9992,27,1.31047875,315,9739,N,45,1,234
8681,28,1.34376075,323,9992,N,46.6666666666667,1,234
10456,29,1.41864525,341,8681,N,48.3333333333333,1,234
3486,0,0.64483875,155,NA,N,0,0,235
3678,1,0.71140275,171,3486,N,1.66666666666667,0,235
3669,2,0.72804375,175,3678,N,3.33333333333333,0,235
3471,3,0.898614,216,3669,N,5,0,235
3827,4,0.73636425,177,3471,N,6.66666666666667,0,235
4041,5,0.71972325,173,3827,N,8.33333333333333,0,235
3736,6,1.01094075,243,4041,N,10,0,235
3902,7,0.8403705,202,3736,N,11.6666666666667,0,235
5725,8,0.865332,208,3902,N,13.3333333333333,0,235
5989,9,0.9901395,238,5725,N,15,0,235
5506,10,0.86117175,207,5989,N,16.6666666666667,0,235
5790,11,0.981819,236,5506,N,18.3333333333333,0,235
5095,12,1.048383,252,5790,N,20,0,235
5433,13,1.065024,256,5095,N,21.6666666666667,0,235
5865,14,1.05254325,253,5433,N,23.3333333333333,0,235
4719,15,1.11078675,267,5865,N,25,0,235
6721,16,1.148229,276,4719,N,26.6666666666667,0,235
7645,17,1.131588,272,6721,N,28.3333333333333,0,235
7492,18,1.18567125,285,7645,N,30,0,235
7537,19,1.264716,304,7492,N,31.6666666666667,0,235
6274,20,1.29383775,311,7537,N,33.3333333333333,0,235
8278,21,1.22727375,295,6274,N,35,0,235
7981,22,1.264716,304,8278,N,36.6666666666667,0,235
8229,23,1.248075,300,7981,N,38.3333333333333,0,235
10920,24,1.27719675,307,8229,N,40,0,235
9266,25,1.49352975,359,10920,N,41.6666666666667,0,235
10046,26,1.44360675,347,9266,N,43.3333333333333,0,235
10210,27,1.63497825,393,10046,N,45,0,235
9009,28,1.52681175,367,10210,N,46.6666666666667,0,235
10578,29,1.8887535,454,9009,N,48.3333333333333,0,235
9592,30,1.697382,408,10578,N,50,0,235
10187,31,1.62665775,391,9592,N,51.6666666666667,0,235
11575,32,0.8570115,206,10187,Y,53.3333333333333,1,235
12196,33,1.015101,244,11575,N,55,1,235
11783,34,1.09414575,263,12196,N,56.6666666666667,1,235
12711,35,1.09414575,263,11783,N,58.3333333333333,1,235
13125,36,1.16070975,279,12711,N,60,1,235
13164,37,1.16903025,281,13125,N,61.6666666666667,1,235
3491,0,1.048383,252,NA,N,0,0,236
3684,1,1.06918425,257,3491,N,1.66666666666667,0,236
3677,2,1.098306,264,3684,N,3.33333333333333,0,236
3477,3,1.33128,320,3677,N,5,0,236
3830,4,1.33544025,321,3477,N,6.66666666666667,0,236
4042,5,1.31047875,315,3830,N,8.33333333333333,0,236
3742,6,1.65161925,397,4042,N,10,0,236
3904,7,1.5226515,366,3742,N,11.6666666666667,0,236
5729,8,1.51849125,365,3904,N,13.3333333333333,0,236
5990,9,1.79306775,431,5729,N,15,0,236
5512,10,1.65993975,399,5990,N,16.6666666666667,0,236
5797,11,0.84453075,203,5512,Y,18.3333333333333,1,236
5436,13,1.1898315,286,5797,N,21.6666666666667,1,236
5867,14,1.06918425,257,5436,N,23.3333333333333,1,236
4722,15,1.14406875,275,5867,N,25,1,236
6723,16,0.96933825,233,4722,N,26.6666666666667,1,236
7647,17,1.01926125,245,6723,N,28.3333333333333,1,236
7495,18,1.11078675,267,7647,N,30,1,236
7540,19,1.08582525,261,7495,N,31.6666666666667,1,236
6275,20,1.11078675,267,7540,N,33.3333333333333,1,236
8280,21,1.18567125,285,6275,N,35,1,236
7984,22,1.43528625,345,8280,N,36.6666666666667,1,236
8230,23,1.33128,320,7984,N,38.3333333333333,1,236
10921,24,1.31047875,315,8230,N,40,1,236
9270,25,1.4061645,338,10921,N,41.6666666666667,1,236
10049,26,1.64329875,395,9270,N,43.3333333333333,1,236
10212,27,1.530972,368,10049,N,45,1,236
9013,28,0.715563,172,10212,Y,46.6666666666667,2,236
2546,0,0.6739605,162,NA,N,0,0,237
2661,1,0.7405245,178,2546,N,1.66666666666667,0,237
2558,2,0.74468475,179,2661,N,3.33333333333333,0,237
2569,3,0.865332,208,2558,N,5,0,237
2620,4,0.80292825,193,2569,N,6.66666666666667,0,237
3754,5,0.898614,216,2620,N,8.33333333333333,0,237
2830,6,1.05254325,253,3754,N,10,0,237
2610,7,1.05254325,253,2830,N,11.6666666666667,0,237
4091,8,1.1232675,270,2610,N,13.3333333333333,0,237
4587,10,1.12742775,271,4091,N,16.6666666666667,0,237
5087,11,1.2064725,290,4587,N,18.3333333333333,0,237
5073,14,1.214793,292,5087,N,23.3333333333333,0,237
6385,17,0.96101775,231,5073,Y,28.3333333333333,1,237
6812,18,0.8570115,206,6385,N,30,1,237
2551,0,1.36872225,329,NA,N,0,0,238
2668,1,1.447767,348,2551,N,1.66666666666667,0,238
2713,2,1.464408,352,2668,N,3.33333333333333,0,238
2575,3,1.51849125,365,2713,N,5,0,238
2629,4,1.64329875,395,2575,N,6.66666666666667,0,238
3765,5,0.73636425,177,2629,Y,8.33333333333333,1,238
2841,6,0.981819,236,3765,N,10,1,238
2614,7,0.86949225,209,2841,N,11.6666666666667,1,238
4234,8,0.97765875,235,2614,N,13.3333333333333,1,238
5678,9,1.0400625,250,4234,N,15,1,238
4786,10,0.98597925,237,5678,N,16.6666666666667,1,238
5091,11,1.1565495,278,4786,N,18.3333333333333,1,238
4245,12,1.065024,256,5091,N,20,1,238
4661,13,1.1399085,274,4245,N,21.6666666666667,1,238
5079,14,1.1565495,278,4661,N,23.3333333333333,1,238
4230,15,1.3562415,326,5079,N,25,1,238
6372,16,1.35208125,325,4230,N,26.6666666666667,1,238
6486,17,1.464408,352,6372,N,28.3333333333333,1,238
6926,18,1.36040175,327,6486,N,30,1,238
6922,19,1.39368375,335,6926,N,31.6666666666667,1,238
6078,20,1.62665775,391,6922,N,33.3333333333333,1,238
7144,21,1.70154225,409,6078,N,35,1,238
7584,22,1.75146525,421,7144,N,36.6666666666667,1,238
7840,23,0.73636425,177,7584,Y,38.3333333333333,2,238
10691,24,0.7571655,182,7840,N,40,2,238
8533,25,0.898614,216,10691,N,41.6666666666667,2,238
9135,26,0.8237295,198,8533,N,43.3333333333333,2,238
9593,27,0.798768,192,9135,N,45,2,238
8476,28,0.8237295,198,9593,N,46.6666666666667,2,238
10345,29,0.92773575,223,8476,N,48.3333333333333,2,238
9140,30,0.89445375,215,10345,N,50,2,238
9377,31,1.1232675,270,9140,N,51.6666666666667,2,238
11151,32,1.0067805,242,9377,N,53.3333333333333,2,238
11567,33,1.08582525,261,11151,N,55,2,238
11033,34,1.2064725,290,11567,N,56.6666666666667,2,238
11922,35,1.547613,372,11033,N,58.3333333333333,2,238
12380,36,0.65315925,157,11922,Y,60,3,238
12493,37,0.61987725,149,12380,N,61.6666666666667,3,238
2562,0,0.765486,184,NA,N,0,0,239
2671,1,0.89445375,215,2562,N,1.66666666666667,0,239
2717,2,0.87781275,211,2671,N,3.33333333333333,0,239
2580,3,0.881973,212,2717,N,5,0,239
2634,4,0.9402165,226,2580,N,6.66666666666667,0,239
3770,5,0.99846,240,2634,N,8.33333333333333,0,239
2845,6,1.0733445,258,3770,N,10,0,239
2622,7,1.06086375,255,2845,N,11.6666666666667,0,239
4238,8,1.13574825,273,2622,N,13.3333333333333,0,239
5682,9,1.031742,248,4238,N,15,0,239
4791,10,1.1232675,270,5682,N,16.6666666666667,0,239
5096,11,1.248075,300,4791,N,18.3333333333333,0,239
4249,12,1.1565495,278,5096,N,20,0,239
4665,13,1.3895235,334,4249,N,21.6666666666667,0,239
5083,14,1.381203,332,4665,N,23.3333333333333,0,239
4233,15,1.4394465,346,5083,N,25,0,239
6374,16,1.49769,360,4233,N,26.6666666666667,0,239
6489,17,1.597536,384,6374,N,28.3333333333333,0,239
6929,18,1.51849125,365,6489,N,30,0,239
6925,19,1.56841425,377,6929,N,31.6666666666667,0,239
6080,20,1.65161925,397,6925,N,33.3333333333333,0,239
7152,21,1.7889075,430,6080,N,35,0,239
7589,22,1.75146525,421,7152,N,36.6666666666667,0,239
7847,23,1.7889075,430,7589,N,38.3333333333333,0,239
10694,24,1.863792,448,7847,N,40,0,239
8540,25,2.01772125,485,10694,N,41.6666666666667,0,239
9156,26,1.90955475,459,8540,N,43.3333333333333,0,239
9610,27,2.096766,504,9156,N,45,0,239
8482,28,2.080125,500,9610,N,46.6666666666667,0,239
10349,29,1.98443925,477,8482,N,48.3333333333333,0,239
9664,30,0.7738065,186,10349,Y,50,1,239
9654,31,0.98597925,237,9664,N,51.6666666666667,1,239
11811,33,0.9069345,218,9654,N,55,1,239
11301,34,1.30215825,313,11811,N,56.6666666666667,1,239
12156,35,1.447767,348,11301,N,58.3333333333333,1,239
3505,0,1.18567125,285,NA,N,0,0,240
3696,1,1.39368375,335,3505,N,1.66666666666667,0,240
3687,2,1.33128,320,3696,N,3.33333333333333,0,240
3488,3,1.364562,328,3687,N,5,0,240
3835,4,1.39368375,335,3488,N,6.66666666666667,0,240
4044,5,1.36872225,329,3835,N,8.33333333333333,0,240
3751,6,1.49352975,359,4044,N,10,0,240
3907,7,1.5892155,382,3751,N,11.6666666666667,0,240
5740,8,1.614177,388,3907,N,13.3333333333333,0,240
5992,9,1.6641,400,5740,N,15,0,240
5525,10,1.63497825,393,5992,N,16.6666666666667,0,240
5808,11,1.8721125,450,5525,N,18.3333333333333,0,240
5105,12,1.464408,352,5808,N,20,0,240
5448,13,1.69322175,407,5105,N,21.6666666666667,0,240
5871,14,1.8721125,450,5448,N,23.3333333333333,0,240
4730,15,0.865332,208,5871,Y,25,1,240
6729,16,1.031742,248,4730,N,26.6666666666667,1,240
7654,17,0.92773575,223,6729,N,28.3333333333333,1,240
7506,18,1.06918425,257,7654,N,30,1,240
7548,19,1.081665,260,7506,N,31.6666666666667,1,240
6280,20,1.07750475,259,7548,N,33.3333333333333,1,240
8282,21,1.2397545,298,6280,N,35,1,240
7987,22,1.32711975,319,8282,N,36.6666666666667,1,240
8235,23,1.364562,328,7987,N,38.3333333333333,1,240
10923,24,1.51849125,365,8235,N,40,1,240
9279,25,1.74314475,419,10923,N,41.6666666666667,1,240
10054,26,1.7556255,422,9279,N,43.3333333333333,1,240
8454,28,1.40200425,337,10054,N,46.6666666666667,1,240
10331,29,0.8570115,206,8454,Y,48.3333333333333,2,240
3505,0,1.18567125,285,NA,N,0,0,241
3696,1,1.39368375,335,3505,N,1.66666666666667,0,241
3687,2,1.33128,320,3696,N,3.33333333333333,0,241
3488,3,1.364562,328,3687,N,5,0,241
3835,4,1.39368375,335,3488,N,6.66666666666667,0,241
4044,5,1.36872225,329,3835,N,8.33333333333333,0,241
3751,6,1.49352975,359,4044,N,10,0,241
3907,7,1.5892155,382,3751,N,11.6666666666667,0,241
5740,8,1.614177,388,3907,N,13.3333333333333,0,241
5992,9,1.6641,400,5740,N,15,0,241
5525,10,1.63497825,393,5992,N,16.6666666666667,0,241
5808,11,1.8721125,450,5525,N,18.3333333333333,0,241
5105,12,1.464408,352,5808,N,20,0,241
5448,13,1.69322175,407,5105,N,21.6666666666667,0,241
5871,14,1.8721125,450,5448,N,23.3333333333333,0,241
4728,15,0.9235755,222,5871,Y,25,1,241
6727,16,0.87781275,211,4728,N,26.6666666666667,1,241
7651,17,0.83205,200,6727,N,28.3333333333333,1,241
7503,18,0.94437675,227,7651,N,30,1,241
7545,19,0.96101775,231,7503,N,31.6666666666667,1,241
6279,20,0.98597925,237,7545,N,33.3333333333333,1,241
8281,21,1.07750475,259,6279,N,35,1,241
7986,22,1.148229,276,8281,N,36.6666666666667,1,241
8233,23,1.198152,288,7986,N,38.3333333333333,1,241
10922,24,1.31879925,317,8233,N,40,1,241
9274,25,1.38536325,333,10922,N,41.6666666666667,1,241
10051,26,1.24391475,299,9274,N,43.3333333333333,1,241
10214,27,1.597536,384,10051,N,45,1,241
9024,28,1.447767,348,10214,N,46.6666666666667,1,241
10584,29,0.449307,108,9024,Y,48.3333333333333,2,241
2567,0,1.42696575,343,NA,N,0,0,242
2674,1,0.73636425,177,2567,Y,1.66666666666667,1,242
2726,2,0.82788975,199,2674,N,3.33333333333333,1,242
2586,3,0.81124875,195,2726,N,5,1,242
2636,4,0.7738065,186,2586,N,6.66666666666667,1,242
3778,5,0.88613325,213,2636,N,8.33333333333333,1,242
2854,6,0.88613325,213,3778,N,10,1,242
2633,7,0.86949225,209,2854,N,11.6666666666667,1,242
4242,8,0.93605625,225,2633,N,13.3333333333333,1,242
5686,9,0.8902935,214,4242,N,15,1,242
4800,10,0.99846,240,5686,N,16.6666666666667,1,242
5106,11,1.09414575,263,4800,N,18.3333333333333,1,242
4256,12,1.17735075,283,5106,N,20,1,242
4674,13,1.248075,300,4256,N,21.6666666666667,1,242
5094,14,1.33128,320,4674,N,23.3333333333333,1,242
4239,15,1.4560875,350,5094,N,25,1,242
6377,16,1.67658075,403,4239,N,26.6666666666667,1,242
6493,17,1.8055485,434,6377,N,28.3333333333333,1,242
6935,18,1.6724205,402,6493,N,30,1,242
6927,19,0.815409,196,6935,Y,31.6666666666667,2,242
6081,20,0.83205,200,6927,N,33.3333333333333,2,242
7155,21,0.89445375,215,6081,N,35,2,242
7592,22,0.87781275,211,7155,N,36.6666666666667,2,242
7849,23,0.86949225,209,7592,N,38.3333333333333,2,242
10695,24,0.9901395,238,7849,N,40,2,242
8542,25,0.96933825,233,10695,N,41.6666666666667,2,242
9165,26,1.09414575,263,8542,N,43.3333333333333,2,242
9615,27,0.981819,236,9165,N,45,2,242
8483,28,1.1399085,274,9615,N,46.6666666666667,2,242
10350,29,1.314639,316,8483,N,48.3333333333333,2,242
9155,30,1.3728825,330,10350,N,50,2,242
9402,31,1.414485,340,9155,N,51.6666666666667,2,242
11165,32,1.3562415,326,9402,N,53.3333333333333,2,242
11580,33,1.5392925,370,11165,N,55,2,242
11057,34,1.48520925,357,11580,N,56.6666666666667,2,242
11930,35,0.7738065,186,11057,Y,58.3333333333333,3,242
12398,36,0.7238835,174,11930,N,60,3,242
12507,37,0.715563,172,12398,N,61.6666666666667,3,242
2567,0,1.42696575,343,NA,N,0,0,243
2679,1,0.6573195,158,2567,Y,1.66666666666667,1,243
2721,2,0.82788975,199,2679,N,3.33333333333333,1,243
2581,3,0.77796675,187,2721,N,5,1,243
2642,4,0.78628725,189,2581,N,6.66666666666667,1,243
3775,5,0.8902935,214,2642,N,8.33333333333333,1,243
2850,6,0.88613325,213,3775,N,10,1,243
2626,7,0.83621025,201,2850,N,11.6666666666667,1,243
4240,8,0.8736525,210,2626,N,13.3333333333333,1,243
5690,9,0.965178,232,4240,N,15,1,243
4795,10,0.898614,216,5690,N,16.6666666666667,1,243
5101,11,0.91941525,221,4795,N,18.3333333333333,1,243
4252,12,1.11078675,267,5101,N,20,1,243
4669,13,1.11910725,269,4252,N,21.6666666666667,1,243
5088,14,1.081665,260,4669,N,23.3333333333333,1,243
4236,15,1.26887625,305,5088,N,25,1,243
6375,16,1.31047875,315,4236,N,26.6666666666667,1,243
6491,17,1.281357,308,6375,N,28.3333333333333,1,243
6932,18,1.281357,308,6491,N,30,1,243
6930,19,1.30215825,313,6932,N,31.6666666666667,1,243
6082,20,1.39368375,335,6930,N,33.3333333333333,1,243
7158,21,1.18567125,285,6082,N,35,1,243
7594,22,0.77796675,187,7158,Y,36.6666666666667,2,243
7851,23,0.66980025,161,7594,N,38.3333333333333,2,243
10696,24,0.7238835,174,7851,N,40,2,243
8544,25,0.7405245,178,10696,N,41.6666666666667,2,243
9160,26,0.6906015,166,8544,N,43.3333333333333,2,243
9618,27,0.765486,184,9160,N,45,2,243
8485,28,0.9568575,230,9618,N,46.6666666666667,2,243
10351,29,1.0067805,242,8485,N,48.3333333333333,2,243
9159,30,0.98597925,237,10351,N,50,2,243
9406,31,1.0567035,254,9159,N,51.6666666666667,2,243
11166,32,1.08582525,261,9406,N,53.3333333333333,2,243
11583,33,1.16487,280,11166,N,55,2,243
11058,34,1.098306,264,11583,N,56.6666666666667,2,243
11931,35,1.0234215,246,11058,N,58.3333333333333,2,243
13345,37,NA,-1,11931,Y,61.6666666666667,3,243
2572,0,0.91941525,221,NA,N,0,0,244
2685,1,0.91109475,219,2572,N,1.66666666666667,0,244
2732,2,0.96933825,233,2685,N,3.33333333333333,0,244
2590,3,1.098306,264,2732,N,5,0,244
2647,4,1.098306,264,2590,N,6.66666666666667,0,244
3782,5,1.2064725,290,2647,N,8.33333333333333,0,244
2860,6,1.364562,328,3782,N,10,0,244
2639,7,1.098306,264,2860,N,11.6666666666667,0,244
4246,8,1.214793,292,2639,N,13.3333333333333,0,244
5694,9,1.2896775,310,4246,N,15,0,244
4803,10,1.31047875,315,5694,N,16.6666666666667,0,244
5111,11,1.39368375,335,4803,N,18.3333333333333,0,244
4259,12,1.50185025,361,5111,N,20,0,244
4679,13,1.6391385,394,4259,N,21.6666666666667,0,244
5099,14,1.79306775,431,4679,N,23.3333333333333,0,244
4244,15,1.8721125,450,5099,N,25,0,244
6380,16,1.847151,444,4244,N,26.6666666666667,0,244
6495,17,0.965178,232,6380,Y,28.3333333333333,1,244
2572,0,0.91941525,221,NA,N,0,0,245
2685,1,0.91109475,219,2572,N,1.66666666666667,0,245
2732,2,0.96933825,233,2685,N,3.33333333333333,0,245
2590,3,1.098306,264,2732,N,5,0,245
2647,4,1.098306,264,2590,N,6.66666666666667,0,245
3782,5,1.2064725,290,2647,N,8.33333333333333,0,245
2860,6,1.364562,328,3782,N,10,0,245
2639,7,1.098306,264,2860,N,11.6666666666667,0,245
4246,8,1.214793,292,2639,N,13.3333333333333,0,245
5694,9,1.2896775,310,4246,N,15,0,245
4803,10,1.31047875,315,5694,N,16.6666666666667,0,245
5111,11,1.39368375,335,4803,N,18.3333333333333,0,245
4259,12,1.50185025,361,5111,N,20,0,245
4679,13,1.6391385,394,4259,N,21.6666666666667,0,245
5099,14,1.79306775,431,4679,N,23.3333333333333,0,245
4244,15,1.8721125,450,5099,N,25,0,245
6380,16,1.847151,444,4244,N,26.6666666666667,0,245
6497,17,1.00262025,241,6380,Y,28.3333333333333,1,245
6939,18,0.99429975,239,6497,N,30,1,245
6936,19,1.15238925,277,6939,N,31.6666666666667,1,245
6084,20,1.25223525,301,6936,N,33.3333333333333,1,245
7164,21,1.3396005,322,6084,N,35,1,245
7604,22,1.381203,332,7164,N,36.6666666666667,1,245
7856,23,1.48520925,357,7604,N,38.3333333333333,1,245
10699,24,1.6890615,406,7856,N,40,1,245
8551,25,1.63497825,393,10699,N,41.6666666666667,1,245
9176,26,0.70308225,169,8551,Y,43.3333333333333,2,245
9631,27,0.6906015,166,9176,N,45,2,245
8491,28,0.81956925,197,9631,N,46.6666666666667,2,245
2572,0,0.91941525,221,NA,N,0,0,246
2685,1,0.91109475,219,2572,N,1.66666666666667,0,246
2732,2,0.96933825,233,2685,N,3.33333333333333,0,246
2590,3,1.098306,264,2732,N,5,0,246
2647,4,1.098306,264,2590,N,6.66666666666667,0,246
3782,5,1.2064725,290,2647,N,8.33333333333333,0,246
2860,6,1.364562,328,3782,N,10,0,246
2639,7,1.098306,264,2860,N,11.6666666666667,0,246
4246,8,1.214793,292,2639,N,13.3333333333333,0,246
5694,9,1.2896775,310,4246,N,15,0,246
4803,10,1.31047875,315,5694,N,16.6666666666667,0,246
5111,11,1.39368375,335,4803,N,18.3333333333333,0,246
4259,12,1.50185025,361,5111,N,20,0,246
4679,13,1.6391385,394,4259,N,21.6666666666667,0,246
5099,14,1.79306775,431,4679,N,23.3333333333333,0,246
4244,15,1.8721125,450,5099,N,25,0,246
6380,16,1.847151,444,4244,N,26.6666666666667,0,246
6497,17,1.00262025,241,6380,Y,28.3333333333333,1,246
6939,18,0.99429975,239,6497,N,30,1,246
6936,19,1.15238925,277,6939,N,31.6666666666667,1,246
6084,20,1.25223525,301,6936,N,33.3333333333333,1,246
7164,21,1.3396005,322,6084,N,35,1,246
7604,22,1.381203,332,7164,N,36.6666666666667,1,246
7856,23,1.48520925,357,7604,N,38.3333333333333,1,246
10699,24,1.6890615,406,7856,N,40,1,246
8551,25,1.63497825,393,10699,N,41.6666666666667,1,246
9180,26,0.94437675,227,8551,Y,43.3333333333333,2,246
9636,27,0.798768,192,9180,N,45,2,246
8493,28,0.81124875,195,9636,N,46.6666666666667,2,246
10354,29,1.00262025,241,8493,N,48.3333333333333,2,246
9171,30,1.09414575,263,10354,N,50,2,246
9417,31,1.11910725,269,9171,N,51.6666666666667,2,246
11169,32,1.26887625,305,9417,N,53.3333333333333,2,246
11593,33,1.3063185,314,11169,N,55,2,246
11062,34,1.2730365,306,11593,N,56.6666666666667,2,246
11939,35,1.47688875,355,11062,N,58.3333333333333,2,246
12414,36,1.5392925,370,11939,N,60,2,246
12924,37,0.81124875,195,12414,Y,61.6666666666667,3,246
2576,0,0.8902935,214,NA,N,0,0,247
2689,1,0.97765875,235,2576,N,1.66666666666667,0,247
2737,2,0.90277425,217,2689,N,3.33333333333333,0,247
2596,3,0.9734985,234,2737,N,5,0,247
2651,4,0.91109475,219,2596,N,6.66666666666667,0,247
3786,5,0.98597925,237,2651,N,8.33333333333333,0,247
2864,6,1.114947,268,3786,N,10,0,247
2646,7,1.09414575,263,2864,N,11.6666666666667,0,247
4248,8,1.13574825,273,2646,N,13.3333333333333,0,247
5698,9,1.281357,308,4248,N,15,0,247
4807,10,1.23559425,297,5698,N,16.6666666666667,0,247
5118,11,1.29383775,311,4807,N,18.3333333333333,0,247
4265,12,1.481049,356,5118,N,20,0,247
4685,13,1.5559335,374,4265,N,21.6666666666667,0,247
5108,14,1.397844,336,4685,N,23.3333333333333,0,247
4247,15,1.53513225,369,5108,N,25,0,247
6384,16,1.5892155,382,4247,N,26.6666666666667,0,247
6501,17,1.70154225,409,6384,N,28.3333333333333,0,247
6943,18,1.75146525,421,6501,N,30,0,247
6942,19,1.78474725,429,6943,N,31.6666666666667,0,247
6086,20,1.913715,460,6942,N,33.3333333333333,0,247
7170,21,0.99429975,239,6086,Y,35,1,247
7610,22,1.05254325,253,7170,N,36.6666666666667,1,247
7858,23,1.048383,252,7610,N,38.3333333333333,1,247
10701,24,0.948537,228,7858,N,40,1,247
8553,25,0.9402165,226,10701,N,41.6666666666667,1,247
9187,26,1.16487,280,8553,N,43.3333333333333,1,247
9641,27,1.17735075,283,9187,N,45,1,247
8495,28,1.28551725,309,9641,N,46.6666666666667,1,247
10466,29,1.4727285,354,8495,N,48.3333333333333,1,247
9765,31,1.26055575,303,10466,N,51.6666666666667,1,247
13364,33,NA,-1,9765,Y,55,2,247
2584,0,0.98597925,237,NA,N,0,0,248
2694,1,0.95269725,229,2584,N,1.66666666666667,0,248
2740,2,1.00262025,241,2694,N,3.33333333333333,0,248
2602,3,1.1731905,282,2740,N,5,0,248
2656,4,0.981819,236,2602,N,6.66666666666667,0,248
3791,5,1.2064725,290,2656,N,8.33333333333333,0,248
2892,6,1.37704275,331,3791,N,10,0,248
2652,7,1.21063275,291,2892,N,11.6666666666667,0,248
4251,8,1.34376075,323,2652,N,13.3333333333333,0,248
5701,9,1.347921,324,4251,N,15,0,248
4812,10,1.397844,336,5701,N,16.6666666666667,0,248
5123,11,1.347921,324,4812,N,18.3333333333333,0,248
4267,12,1.49352975,359,5123,N,20,0,248
4689,13,1.51849125,365,4267,N,21.6666666666667,0,248
5114,14,1.41864525,341,4689,N,23.3333333333333,0,248
4250,15,1.530972,368,5114,N,25,0,248
6386,16,1.43528625,345,4250,N,26.6666666666667,0,248
6503,17,1.57673475,379,6386,N,28.3333333333333,0,248
6946,18,1.397844,336,6503,N,30,0,248
6944,19,1.67658075,403,6946,N,31.6666666666667,0,248
6087,20,1.7722665,426,6944,N,33.3333333333333,0,248
7173,21,2.013561,484,6087,N,35,0,248
7615,22,2.3713425,570,7173,N,36.6666666666667,0,248
7862,23,0.91109475,219,7615,Y,38.3333333333333,1,248
10703,24,1.11078675,267,7862,N,40,1,248
8557,25,0.931896,224,10703,N,41.6666666666667,1,248
9196,26,1.314639,316,8557,N,43.3333333333333,1,248
9649,27,1.248075,300,9196,N,45,1,248
8499,28,1.231434,296,9649,N,46.6666666666667,1,248
10356,29,1.28551725,309,8499,N,48.3333333333333,1,248
9197,30,1.36872225,329,10356,N,50,1,248
9425,31,1.647459,396,9197,N,51.6666666666667,1,248
11184,32,0.715563,172,9425,Y,53.3333333333333,2,248
11613,33,0.8070885,194,11184,N,55,2,248
11070,34,0.81956925,197,11613,N,56.6666666666667,2,248
11949,35,0.765486,184,11070,N,58.3333333333333,2,248
12421,36,0.9402165,226,11949,N,60,2,248
12538,37,0.915255,220,12421,N,61.6666666666667,2,248
2584,0,0.98597925,237,NA,N,0,0,249
2694,1,0.95269725,229,2584,N,1.66666666666667,0,249
2740,2,1.00262025,241,2694,N,3.33333333333333,0,249
2602,3,1.1731905,282,2740,N,5,0,249
2656,4,0.981819,236,2602,N,6.66666666666667,0,249
3791,5,1.2064725,290,2656,N,8.33333333333333,0,249
2892,6,1.37704275,331,3791,N,10,0,249
2652,7,1.21063275,291,2892,N,11.6666666666667,0,249
4251,8,1.34376075,323,2652,N,13.3333333333333,0,249
5701,9,1.347921,324,4251,N,15,0,249
4812,10,1.397844,336,5701,N,16.6666666666667,0,249
5123,11,1.347921,324,4812,N,18.3333333333333,0,249
4267,12,1.49352975,359,5123,N,20,0,249
4689,13,1.51849125,365,4267,N,21.6666666666667,0,249
5114,14,1.41864525,341,4689,N,23.3333333333333,0,249
4250,15,1.530972,368,5114,N,25,0,249
6386,16,1.43528625,345,4250,N,26.6666666666667,0,249
6503,17,1.57673475,379,6386,N,28.3333333333333,0,249
6946,18,1.397844,336,6503,N,30,0,249
6944,19,1.67658075,403,6946,N,31.6666666666667,0,249
6087,20,1.7722665,426,6944,N,33.3333333333333,0,249
7173,21,2.013561,484,6087,N,35,0,249
7615,22,2.3713425,570,7173,N,36.6666666666667,0,249
7860,23,0.98597925,237,7615,Y,38.3333333333333,1,249
10702,24,0.96101775,231,7860,N,40,1,249
8555,25,1.02758175,247,10702,N,41.6666666666667,1,249
9191,26,1.18567125,285,8555,N,43.3333333333333,1,249
9645,27,1.09414575,263,9191,N,45,1,249
8497,28,1.14406875,275,9645,N,46.6666666666667,1,249
10355,29,1.181511,284,8497,N,48.3333333333333,1,249
9193,30,1.4061645,338,10355,N,50,1,249
9420,31,1.49769,360,9193,N,51.6666666666667,1,249
11170,32,1.2231135,294,9420,N,53.3333333333333,1,249
11610,33,1.5060105,362,11170,N,55,1,249
11068,34,1.431126,344,11610,N,56.6666666666667,1,249
11945,35,0.7904475,190,11068,Y,58.3333333333333,2,249
3519,0,1.22727375,295,NA,N,0,0,250
3718,1,1.3728825,330,3519,N,1.66666666666667,0,250
3700,2,1.4727285,354,3718,N,3.33333333333333,0,250
3499,3,1.314639,316,3700,N,5,0,250
3843,4,0.61155675,147,3499,Y,6.66666666666667,1,250
4047,5,0.81124875,195,3843,N,8.33333333333333,1,250
3764,6,0.915255,220,4047,N,10,1,250
3911,7,0.78628725,189,3764,N,11.6666666666667,1,250
5755,8,0.81956925,197,3911,N,13.3333333333333,1,250
5996,9,0.8237295,198,5755,N,15,1,250
5549,10,0.84453075,203,5996,N,16.6666666666667,1,250
5819,11,0.86949225,209,5549,N,18.3333333333333,1,250
5119,12,0.965178,232,5819,N,20,1,250
5469,13,0.9568575,230,5119,N,21.6666666666667,1,250
5879,14,1.00262025,241,5469,N,23.3333333333333,1,250
4748,15,1.01926125,245,5879,N,25,1,250
6737,16,1.17735075,283,4748,N,26.6666666666667,1,250
7662,17,1.20231225,289,6737,N,28.3333333333333,1,250
7522,18,1.1399085,274,7662,N,30,1,250
7568,19,1.21063275,291,7522,N,31.6666666666667,1,250
6293,20,1.30215825,313,7568,N,33.3333333333333,1,250
8288,21,1.70154225,409,6293,N,35,1,250
7999,22,0.6573195,158,8288,Y,36.6666666666667,2,250
8243,23,0.63651825,153,7999,N,38.3333333333333,2,250
10929,24,0.71140275,171,8243,N,40,2,250
9308,25,0.8070885,194,10929,N,41.6666666666667,2,250
10065,26,0.765486,184,9308,N,43.3333333333333,2,250
10230,27,0.965178,232,10065,N,45,2,250
9049,28,0.86117175,207,10230,N,46.6666666666667,2,250
10588,29,0.9568575,230,9049,N,48.3333333333333,2,250
3519,0,1.22727375,295,NA,N,0,0,251
3718,1,1.3728825,330,3519,N,1.66666666666667,0,251
3700,2,1.4727285,354,3718,N,3.33333333333333,0,251
3499,3,1.314639,316,3700,N,5,0,251
3840,4,0.73636425,177,3499,Y,6.66666666666667,1,251
4046,5,0.715563,172,3840,N,8.33333333333333,1,251
3759,6,0.78628725,189,4046,N,10,1,251
3910,7,0.7405245,178,3759,N,11.6666666666667,1,251
5751,8,0.72804375,175,3910,N,13.3333333333333,1,251
5995,9,0.76964625,185,5751,N,15,1,251
5545,10,0.8403705,202,5995,N,16.6666666666667,1,251
5818,11,0.85285125,205,5545,N,18.3333333333333,1,251
5115,12,0.9069345,218,5818,N,20,1,251
5465,13,0.965178,232,5115,N,21.6666666666667,1,251
5877,14,0.9734985,234,5465,N,23.3333333333333,1,251
4743,15,1.0567035,254,5877,N,25,1,251
6735,16,1.08582525,261,4743,N,26.6666666666667,1,251
7660,17,1.02758175,247,6735,N,28.3333333333333,1,251
7519,18,1.16903025,281,7660,N,30,1,251
7565,19,1.30215825,313,7519,N,31.6666666666667,1,251
6291,20,1.3396005,322,7565,N,33.3333333333333,1,251
8287,21,1.51849125,365,6291,N,35,1,251
7997,22,1.5226515,366,8287,N,36.6666666666667,1,251
8244,23,0.81124875,195,7997,Y,38.3333333333333,2,251
10818,24,0.865332,208,8244,N,40,2,251
8853,25,0.77796675,187,10818,N,41.6666666666667,2,251
9760,26,0.71972325,173,8853,N,43.3333333333333,2,251
10001,27,0.86949225,209,9760,N,45,2,251
8695,28,0.9069345,218,10001,N,46.6666666666667,2,251
10463,29,1.0733445,258,8695,N,48.3333333333333,2,251
8860,30,1.0234215,246,10463,N,50,2,251
9755,31,1.11910725,269,8860,N,51.6666666666667,2,251
2588,0,0.77796675,187,NA,N,0,0,252
2698,1,0.71140275,171,2588,N,1.66666666666667,0,252
2743,2,0.95269725,229,2698,N,3.33333333333333,0,252
2607,3,0.94437675,227,2743,N,5,0,252
2660,4,0.9734985,234,2607,N,6.66666666666667,0,252
3796,5,1.0733445,258,2660,N,8.33333333333333,0,252
2899,6,1.24391475,299,3796,N,10,0,252
2658,7,1.19399175,287,2899,N,11.6666666666667,0,252
4254,8,1.38536325,333,2658,N,13.3333333333333,0,252
5706,9,1.41032475,339,4254,N,15,0,252
4818,10,1.6058565,386,5706,N,16.6666666666667,0,252
5129,11,1.5226515,366,4818,N,18.3333333333333,0,252
4273,12,0.64483875,155,5129,Y,20,1,252
4691,13,0.86949225,209,4273,N,21.6666666666667,1,252
5120,14,0.86117175,207,4691,N,23.3333333333333,1,252
4253,15,0.9069345,218,5120,N,25,1,252
6388,16,0.91941525,221,4253,N,26.6666666666667,1,252
6504,17,0.81124875,195,6388,N,28.3333333333333,1,252
6948,18,0.931896,224,6504,N,30,1,252
6947,19,0.9568575,230,6948,N,31.6666666666667,1,252
6088,20,0.89445375,215,6947,N,33.3333333333333,1,252
7176,21,0.99429975,239,6088,N,35,1,252
7617,22,1.0567035,254,7176,N,36.6666666666667,1,252
7864,23,1.16903025,281,7617,N,38.3333333333333,1,252
10704,24,1.231434,296,7864,N,40,1,252
8559,25,1.1399085,274,10704,N,41.6666666666667,1,252
9200,26,1.297998,312,8559,N,43.3333333333333,1,252
9655,27,1.62665775,391,9200,N,45,1,252
2594,0,1.248075,300,NA,N,0,0,253
2703,1,1.41032475,339,2594,N,1.66666666666667,0,253
2748,2,1.56009375,375,2703,N,3.33333333333333,0,253
2613,3,1.63497825,393,2748,N,5,0,253
2666,4,1.81802925,437,2613,N,6.66666666666667,0,253
3804,5,0.75300525,181,2666,Y,8.33333333333333,1,253
2905,6,1.031742,248,3804,N,10,1,253
2663,7,1.01926125,245,2905,N,11.6666666666667,1,253
4261,8,1.1232675,270,2663,N,13.3333333333333,1,253
3534,0,0.77796675,187,NA,N,0,0,254
3727,1,0.80292825,193,3534,N,1.66666666666667,0,254
3710,2,0.782127,188,3727,N,3.33333333333333,0,254
3642,3,0.82788975,199,3710,N,5,0,254
3848,4,0.765486,184,3642,N,6.66666666666667,0,254
4050,5,0.84453075,203,3848,N,8.33333333333333,0,254
3777,6,0.96933825,233,4050,N,10,0,254
3914,7,0.90277425,217,3777,N,11.6666666666667,0,254
5768,8,0.9734985,234,3914,N,13.3333333333333,0,254
5999,9,1.015101,244,5768,N,15,0,254
5563,10,0.9568575,230,5999,N,16.6666666666667,0,254
5827,11,1.0733445,258,5563,N,18.3333333333333,0,254
5132,12,1.015101,244,5827,N,20,0,254
5487,13,0.931896,224,5132,N,21.6666666666667,0,254
5885,14,1.048383,252,5487,N,23.3333333333333,0,254
4757,15,0.9568575,230,5885,N,25,0,254
6742,16,0.948537,228,4757,N,26.6666666666667,0,254
7667,17,1.06918425,257,6742,N,28.3333333333333,0,254
8213,18,1.02758175,247,7667,N,30,0,254
7574,19,1.10246625,265,8213,N,31.6666666666667,0,254
6296,20,1.24391475,299,7574,N,33.3333333333333,0,254
8293,21,1.4727285,354,6296,N,35,0,254
8011,22,1.4560875,350,8293,N,36.6666666666667,0,254
8251,23,1.61833725,389,8011,N,38.3333333333333,0,254
10935,24,1.68490125,405,8251,N,40,0,254
9331,25,1.60169625,385,10935,N,41.6666666666667,0,254
10075,26,0.76132575,183,9331,Y,43.3333333333333,1,254
10238,27,0.83621025,201,10075,N,45,1,254
9070,28,0.88613325,213,10238,N,46.6666666666667,1,254
3534,0,0.77796675,187,NA,N,0,0,255
3727,1,0.80292825,193,3534,N,1.66666666666667,0,255
3710,2,0.782127,188,3727,N,3.33333333333333,0,255
3642,3,0.82788975,199,3710,N,5,0,255
3848,4,0.765486,184,3642,N,6.66666666666667,0,255
4050,5,0.84453075,203,3848,N,8.33333333333333,0,255
3777,6,0.96933825,233,4050,N,10,0,255
3914,7,0.90277425,217,3777,N,11.6666666666667,0,255
5768,8,0.9734985,234,3914,N,13.3333333333333,0,255
5999,9,1.015101,244,5768,N,15,0,255
5563,10,0.9568575,230,5999,N,16.6666666666667,0,255
5827,11,1.0733445,258,5563,N,18.3333333333333,0,255
5132,12,1.015101,244,5827,N,20,0,255
5487,13,0.931896,224,5132,N,21.6666666666667,0,255
5885,14,1.048383,252,5487,N,23.3333333333333,0,255
4757,15,0.9568575,230,5885,N,25,0,255
6742,16,0.948537,228,4757,N,26.6666666666667,0,255
7667,17,1.06918425,257,6742,N,28.3333333333333,0,255
8213,18,1.02758175,247,7667,N,30,0,255
7574,19,1.10246625,265,8213,N,31.6666666666667,0,255
6296,20,1.24391475,299,7574,N,33.3333333333333,0,255
8293,21,1.4727285,354,6296,N,35,0,255
8011,22,1.4560875,350,8293,N,36.6666666666667,0,255
8251,23,1.61833725,389,8011,N,38.3333333333333,0,255
10935,24,1.68490125,405,8251,N,40,0,255
9331,25,1.60169625,385,10935,N,41.6666666666667,0,255
10077,26,0.75300525,181,9331,Y,43.3333333333333,1,255
10240,27,0.96101775,231,10077,N,45,1,255
9075,28,0.86949225,209,10240,N,46.6666666666667,1,255
10593,29,0.95269725,229,9075,N,48.3333333333333,1,255
11305,34,1.49769,360,10593,N,56.6666666666667,1,255
12162,35,0.682281,164,11305,Y,58.3333333333333,2,255
12680,36,0.632358,152,12162,N,60,2,255
12830,37,0.83205,200,12680,N,61.6666666666667,2,255
2600,0,1.098306,264,NA,N,0,0,256
2707,1,1.12742775,271,2600,N,1.66666666666667,0,256
2752,2,1.31879925,317,2707,N,3.33333333333333,0,256
2619,3,1.580895,380,2752,N,5,0,256
2675,4,1.314639,316,2619,N,6.66666666666667,0,256
3809,5,1.6224975,390,2675,N,8.33333333333333,0,256
2910,6,1.92619575,463,3809,N,10,0,256
2669,7,1.464408,352,2910,N,11.6666666666667,0,256
4264,8,1.72650375,415,2669,N,13.3333333333333,0,256
5714,9,0.91941525,221,4264,Y,15,1,256
4824,10,0.96101775,231,5714,N,16.6666666666667,1,256
5134,11,1.00262025,241,4824,N,18.3333333333333,1,256
4276,12,1.14406875,275,5134,N,20,1,256
4695,13,1.148229,276,4276,N,21.6666666666667,1,256
5125,14,1.04422275,251,4695,N,23.3333333333333,1,256
4255,15,1.12742775,271,5125,N,25,1,256
6390,16,1.1565495,278,4255,N,26.6666666666667,1,256
6507,17,1.11910725,269,6390,N,28.3333333333333,1,256
6956,18,1.2231135,294,6507,N,30,1,256
6955,19,1.231434,296,6956,N,31.6666666666667,1,256
6091,20,1.4560875,350,6955,N,33.3333333333333,1,256
7186,21,1.4394465,346,6091,N,35,1,256
7623,22,1.61833725,389,7186,N,36.6666666666667,1,256
7867,23,1.6641,400,7623,N,38.3333333333333,1,256
10706,24,1.580895,380,7867,N,40,1,256
8564,25,1.90123425,457,10706,N,41.6666666666667,1,256
9209,26,1.8055485,434,8564,N,43.3333333333333,1,256
9666,27,1.8055485,434,9209,N,45,1,256
8504,28,0.96101775,231,9666,Y,46.6666666666667,2,256
10358,29,1.0400625,250,8504,N,48.3333333333333,2,256
9204,30,1.09414575,263,10358,N,50,2,256
9433,31,1.07750475,259,9204,N,51.6666666666667,2,256
11188,32,1.148229,276,9433,N,53.3333333333333,2,256
11625,33,1.1399085,274,11188,N,55,2,256
11076,34,1.20231225,289,11625,N,56.6666666666667,2,256
11955,35,1.33544025,321,11076,N,58.3333333333333,2,256
12428,36,1.364562,328,11955,N,60,2,256
12544,37,0.7738065,186,12428,Y,61.6666666666667,3,256
3540,0,0.81124875,195,NA,N,0,0,257
3733,1,0.79460775,191,3540,N,1.66666666666667,0,257
3714,2,0.85285125,205,3733,N,3.33333333333333,0,257
3644,3,1.031742,248,3714,N,5,0,257
3877,4,0.81124875,195,3644,N,6.66666666666667,0,257
4051,5,1.03590225,249,3877,N,8.33333333333333,0,257
3783,6,1.08582525,261,4051,N,10,0,257
3915,7,0.9568575,230,3783,N,11.6666666666667,0,257
5773,8,1.0234215,246,3915,N,13.3333333333333,0,257
6000,9,1.06918425,257,5773,N,15,0,257
5568,10,1.05254325,253,6000,N,16.6666666666667,0,257
5830,11,1.03590225,249,5568,N,18.3333333333333,0,257
5137,12,1.2064725,290,5830,N,20,0,257
5494,13,1.3396005,322,5137,N,21.6666666666667,0,257
5887,14,1.248075,300,5494,N,23.3333333333333,0,257
4761,15,1.3229595,318,5887,N,25,0,257
6744,16,1.34376075,323,4761,N,26.6666666666667,0,257
7669,17,1.5060105,362,6744,N,28.3333333333333,0,257
8215,18,1.53513225,369,7669,N,30,0,257
7578,19,1.41864525,341,8215,N,31.6666666666667,0,257
6297,20,1.5226515,366,7578,N,33.3333333333333,0,257
8294,21,0.748845,180,6297,Y,35,1,257
8013,22,0.798768,192,8294,N,36.6666666666667,1,257
8252,23,0.881973,212,8013,N,38.3333333333333,1,257
10936,24,0.86949225,209,8252,N,40,1,257
9335,25,0.8570115,206,10936,N,41.6666666666667,1,257
10079,26,0.9734985,234,9335,N,43.3333333333333,1,257
10241,27,0.91109475,219,10079,N,45,1,257
9078,28,0.981819,236,10241,N,46.6666666666667,1,257
10594,29,1.098306,264,9078,N,48.3333333333333,1,257
9689,30,1.01094075,243,10594,N,50,1,257
10211,31,1.04422275,251,9689,N,51.6666666666667,1,257
11606,32,1.214793,292,10211,N,53.3333333333333,1,257
12257,33,1.26887625,305,11606,N,55,1,257
11831,34,1.4560875,350,12257,N,56.6666666666667,1,257
12758,35,1.4893695,358,11831,N,58.3333333333333,1,257
13161,36,1.56009375,375,12758,N,60,1,257
2605,0,0.97765875,235,NA,N,0,0,258
2711,1,1.16070975,279,2605,N,1.66666666666667,0,258
2756,2,1.24391475,299,2711,N,3.33333333333333,0,258
2624,3,1.2730365,306,2756,N,5,0,258
2680,4,1.3562415,326,2624,N,6.66666666666667,0,258
3812,5,1.31047875,315,2680,N,8.33333333333333,0,258
2916,6,1.35208125,325,3812,N,10,0,258
2673,7,1.40200425,337,2916,N,11.6666666666667,0,258
4268,8,1.54345275,371,2673,N,13.3333333333333,0,258
5718,9,1.6391385,394,4268,N,15,0,258
4831,10,0.848691,204,5718,Y,16.6666666666667,1,258
5143,11,0.848691,204,4831,N,18.3333333333333,1,258
4282,12,0.90277425,217,5143,N,20,1,258
4703,13,0.95269725,229,4282,N,21.6666666666667,1,258
5128,14,1.01094075,243,4703,N,23.3333333333333,1,258
4258,15,1.1399085,274,5128,N,25,1,258
6392,16,1.1232675,270,4258,N,26.6666666666667,1,258
6509,17,1.2064725,290,6392,N,28.3333333333333,1,258
6957,18,1.20231225,289,6509,N,30,1,258
6958,19,1.364562,328,6957,N,31.6666666666667,1,258
6092,20,1.46024775,351,6958,N,33.3333333333333,1,258
7189,21,1.48520925,357,6092,N,35,1,258
7626,22,1.3895235,334,7189,N,36.6666666666667,1,258
7872,23,1.4727285,354,7626,N,38.3333333333333,1,258
10708,24,0.71140275,171,7872,Y,40,2,258
8567,25,0.76132575,183,10708,N,41.6666666666667,2,258
9215,26,0.7072425,170,8567,N,43.3333333333333,2,258
3547,0,1.11078675,267,NA,N,0,0,259
3739,1,1.248075,300,3547,N,1.66666666666667,0,259
3721,2,1.347921,324,3739,N,3.33333333333333,0,259
3647,3,1.447767,348,3721,N,5,0,259
3878,4,1.5392925,370,3647,N,6.66666666666667,0,259
4052,5,1.61833725,389,3878,N,8.33333333333333,0,259
3790,6,0.84453075,203,4052,Y,10,1,259
3916,7,0.81956925,197,3790,N,11.6666666666667,1,259
5775,8,0.8403705,202,3916,N,13.3333333333333,1,259
6001,9,0.881973,212,5775,N,15,1,259
5571,10,0.8736525,210,6001,N,16.6666666666667,1,259
5833,11,0.815409,196,5571,N,18.3333333333333,1,259
5142,12,0.96101775,231,5833,N,20,1,259
5499,13,0.96933825,233,5142,N,21.6666666666667,1,259
5888,14,0.9069345,218,5499,N,23.3333333333333,1,259
4764,15,1.00262025,241,5888,N,25,1,259
6746,16,1.0899855,262,4764,N,26.6666666666667,1,259
7671,17,1.015101,244,6746,N,28.3333333333333,1,259
8217,18,1.081665,260,7671,N,30,1,259
7581,19,1.0234215,246,8217,N,31.6666666666667,1,259
6298,20,1.0567035,254,7581,N,33.3333333333333,1,259
8296,21,1.15238925,277,6298,N,35,1,259
8017,22,1.20231225,289,8296,N,36.6666666666667,1,259
8253,23,1.30215825,313,8017,N,38.3333333333333,1,259
10937,24,1.22727375,295,8253,N,40,1,259
9342,25,1.36040175,327,10937,N,41.6666666666667,1,259
10081,26,1.4893695,358,9342,N,43.3333333333333,1,259
10242,27,1.5060105,362,10081,N,45,1,259
9085,28,1.514331,364,10242,N,46.6666666666667,1,259
10595,29,1.55177325,373,9085,N,48.3333333333333,1,259
13397,31,NA,-1,10595,Y,51.6666666666667,2,259
2608,0,0.6906015,166,NA,N,0,0,260
2716,1,0.6906015,166,2608,N,1.66666666666667,0,260
2758,2,0.698922,168,2716,N,3.33333333333333,0,260
2627,3,0.748845,180,2758,N,5,0,260
2682,4,0.7238835,174,2627,N,6.66666666666667,0,260
3815,5,0.782127,188,2682,N,8.33333333333333,0,260
2920,6,0.898614,216,3815,N,10,0,260
2677,7,0.77796675,187,2920,N,11.6666666666667,0,260
4271,8,0.7904475,190,2677,N,13.3333333333333,0,260
5722,9,0.782127,188,4271,N,15,0,260
4835,10,0.881973,212,5722,N,16.6666666666667,0,260
5148,11,0.8736525,210,4835,N,18.3333333333333,0,260
4285,12,0.94437675,227,5148,N,20,0,260
4706,13,0.9734985,234,4285,N,21.6666666666667,0,260
5133,14,0.88613325,213,4706,N,23.3333333333333,0,260
4260,15,0.93605625,225,5133,N,25,0,260
6394,16,1.065024,256,4260,N,26.6666666666667,0,260
6511,17,1.09414575,263,6394,N,28.3333333333333,0,260
6960,18,1.06086375,255,6511,N,30,0,260
6961,19,1.248075,300,6960,N,31.6666666666667,0,260
6093,20,1.16487,280,6961,N,33.3333333333333,0,260
7192,21,1.3063185,314,6093,N,35,0,260
7629,22,1.3895235,334,7192,N,36.6666666666667,0,260
7874,23,1.4061645,338,7629,N,38.3333333333333,0,260
10710,24,1.4560875,350,7874,N,40,0,260
8571,25,1.40200425,337,10710,N,41.6666666666667,0,260
9222,26,1.447767,348,8571,N,43.3333333333333,0,260
9679,27,1.3728825,330,9222,N,45,0,260
8510,28,1.33128,320,9679,N,46.6666666666667,0,260
10361,29,1.52681175,367,8510,N,48.3333333333333,0,260
9210,30,1.78474725,429,10361,N,50,0,260
9447,31,1.863792,448,9210,N,51.6666666666667,0,260
11192,32,1.98443925,477,9447,N,53.3333333333333,0,260
11809,33,1.08582525,261,11192,Y,55,1,260
11300,34,1.16487,280,11809,N,56.6666666666667,1,260
12153,35,1.08582525,261,11300,N,58.3333333333333,1,260
12674,36,1.2397545,298,12153,N,60,1,260
12825,37,1.10246625,265,12674,N,61.6666666666667,1,260
2612,0,0.81956925,197,NA,N,0,0,261
2720,1,0.76964625,185,2612,N,1.66666666666667,0,261
2762,2,0.84453075,203,2720,N,3.33333333333333,0,261
2630,3,0.80292825,193,2762,N,5,0,261
2687,4,0.81124875,195,2630,N,6.66666666666667,0,261
3817,5,0.8070885,194,2687,N,8.33333333333333,0,261
2925,6,0.898614,216,3817,N,10,0,261
2684,7,0.98597925,237,2925,N,11.6666666666667,0,261
4274,8,1.03590225,249,2684,N,13.3333333333333,0,261
5726,9,0.99429975,239,4274,N,15,0,261
4840,10,1.1066265,266,5726,N,16.6666666666667,0,261
5152,11,1.264716,304,4840,N,18.3333333333333,0,261
4288,12,1.26055575,303,5152,N,20,0,261
4709,13,1.21895325,293,4288,N,21.6666666666667,0,261
5140,14,1.3562415,326,4709,N,23.3333333333333,0,261
4263,15,1.42696575,343,5140,N,25,0,261
6396,16,1.4893695,358,4263,N,26.6666666666667,0,261
6513,17,1.65161925,397,6396,N,28.3333333333333,0,261
6964,18,1.78474725,429,6513,N,30,0,261
6966,19,1.70154225,409,6964,N,31.6666666666667,0,261
6095,20,1.59337575,383,6966,N,33.3333333333333,0,261
7195,21,1.84299075,443,6095,N,35,0,261
7632,22,0.86117175,207,7195,Y,36.6666666666667,1,261
7878,23,0.78628725,189,7632,N,38.3333333333333,1,261
10712,24,0.89445375,215,7878,N,40,1,261
3556,0,0.8403705,202,NA,N,0,0,262
3744,1,0.9402165,226,3556,N,1.66666666666667,0,262
3738,2,0.815409,196,3744,N,3.33333333333333,0,262
3652,3,0.83621025,201,3738,N,5,0,262
3887,4,0.8736525,210,3652,N,6.66666666666667,0,262
4054,5,1.06086375,255,3887,N,8.33333333333333,0,262
3798,6,1.11910725,269,4054,N,10,0,262
3918,7,1.0899855,262,3798,N,11.6666666666667,0,262
5784,8,1.12742775,271,3918,N,13.3333333333333,0,262
6003,9,1.12742775,271,5784,N,15,0,262
5582,10,1.0899855,262,6003,N,16.6666666666667,0,262
5839,11,1.314639,316,5582,N,18.3333333333333,0,262
5151,12,1.314639,316,5839,N,20,0,262
5511,13,1.580895,380,5151,N,21.6666666666667,0,262
5892,14,1.41032475,339,5511,N,23.3333333333333,0,262
4772,15,1.564254,376,5892,N,25,0,262
6751,16,1.5060105,362,4772,N,26.6666666666667,0,262
7695,17,1.4560875,350,6751,N,28.3333333333333,0,262
8220,18,0.7571655,182,7695,Y,30,1,262
7583,19,0.87781275,211,8220,N,31.6666666666667,1,262
6299,20,0.8403705,202,7583,N,33.3333333333333,1,262
8297,21,0.92773575,223,6299,N,35,1,262
8019,22,0.9568575,230,8297,N,36.6666666666667,1,262
8254,23,0.91109475,219,8019,N,38.3333333333333,1,262
10938,24,0.99429975,239,8254,N,40,1,262
9347,25,0.97765875,235,10938,N,41.6666666666667,1,262
10083,26,0.9901395,238,9347,N,43.3333333333333,1,262
10243,27,1.048383,252,10083,N,45,1,262
9090,28,1.1232675,270,10243,N,46.6666666666667,1,262
10596,29,1.3063185,314,9090,N,48.3333333333333,1,262
9704,30,1.2896775,310,10596,N,50,1,262
10213,31,1.28551725,309,9704,N,51.6666666666667,1,262
11608,32,1.41864525,341,10213,N,53.3333333333333,1,262
12262,33,1.55177325,373,11608,N,55,1,262
11834,34,1.6724205,402,12262,N,56.6666666666667,1,262
12762,35,1.6890615,406,11834,N,58.3333333333333,1,262
13163,36,0.8070885,194,12762,Y,60,2,262
13201,37,0.69476175,167,13163,N,61.6666666666667,2,262
2632,0,0.67812075,163,NA,N,0,0,263
2738,1,0.765486,184,2632,N,1.66666666666667,0,263
2774,2,0.765486,184,2738,N,3.33333333333333,0,263
2643,3,0.81956925,197,2774,N,5,0,263
2706,4,0.948537,228,2643,N,6.66666666666667,0,263
3824,5,0.92773575,223,2706,N,8.33333333333333,0,263
2937,6,0.88613325,213,3824,N,10,0,263
2699,7,1.07750475,259,2937,N,11.6666666666667,0,263
4280,8,1.0899855,262,2699,N,13.3333333333333,0,263
5735,9,1.16070975,279,4280,N,15,0,263
4847,10,1.19399175,287,5735,N,16.6666666666667,0,263
5164,11,1.26055575,303,4847,N,18.3333333333333,0,263
4295,12,1.264716,304,5164,N,20,0,263
4718,13,1.45192725,349,4295,N,21.6666666666667,0,263
5144,14,1.3562415,326,4718,N,23.3333333333333,0,263
4266,15,1.41032475,339,5144,N,25,0,263
6398,16,1.40200425,337,4266,N,26.6666666666667,0,263
6517,17,1.5060105,362,6398,N,28.3333333333333,0,263
6967,18,1.6724205,402,6517,N,30,0,263
6970,19,1.72650375,415,6967,N,31.6666666666667,0,263
6097,20,0.73636425,177,6970,Y,33.3333333333333,1,263
7198,21,0.70308225,169,6097,N,35,1,263
7640,22,0.782127,188,7198,N,36.6666666666667,1,263
7882,23,0.7904475,190,7640,N,38.3333333333333,1,263
10714,24,0.8403705,202,7882,N,40,1,263
8577,25,0.9402165,226,10714,N,41.6666666666667,1,263
9229,26,0.898614,216,8577,N,43.3333333333333,1,263
9686,27,1.098306,264,9229,N,45,1,263
8513,28,1.12742775,271,9686,N,46.6666666666667,1,263
10363,29,1.2563955,302,8513,N,48.3333333333333,1,263
9228,30,1.4560875,350,10363,N,50,1,263
9459,31,1.5060105,362,9228,N,51.6666666666667,1,263
11201,32,1.4560875,350,9459,N,53.3333333333333,1,263
11641,33,0.73636425,177,11201,Y,55,2,263
11084,34,0.7405245,178,11641,N,56.6666666666667,2,263
11963,35,0.81124875,195,11084,N,58.3333333333333,2,263
12439,36,0.81956925,197,11963,N,60,2,263
12565,37,0.7738065,186,12439,N,61.6666666666667,2,263
2645,0,1.05254325,253,NA,N,0,0,264
2744,1,1.131588,272,2645,N,1.66666666666667,0,264
2784,2,1.1565495,278,2744,N,3.33333333333333,0,264
2653,3,1.198152,288,2784,N,5,0,264
2714,4,1.25223525,301,2653,N,6.66666666666667,0,264
3829,5,1.347921,324,2714,N,8.33333333333333,0,264
2943,6,1.40200425,337,3829,N,10,0,264
2968,7,1.431126,344,2943,N,11.6666666666667,0,264
4286,8,1.4228055,342,2968,N,13.3333333333333,0,264
5741,9,1.47688875,355,4286,N,15,0,264
4856,10,1.5725745,378,5741,N,16.6666666666667,0,264
5173,11,1.514331,364,4856,N,18.3333333333333,0,264
4301,12,1.3895235,334,5173,N,20,0,264
4723,13,1.963638,472,4301,N,21.6666666666667,0,264
5154,14,0.86117175,207,4723,Y,23.3333333333333,1,264
4269,15,0.9235755,222,5154,N,25,1,264
6402,16,0.8902935,214,4269,N,26.6666666666667,1,264
6519,17,1.09414575,263,6402,N,28.3333333333333,1,264
6972,18,0.95269725,229,6519,N,30,1,264
6976,19,1.081665,260,6972,N,31.6666666666667,1,264
6099,20,1.11910725,269,6976,N,33.3333333333333,1,264
7206,21,1.015101,244,6099,N,35,1,264
7644,22,1.148229,276,7206,N,36.6666666666667,1,264
7889,23,1.26055575,303,7644,N,38.3333333333333,1,264
10717,24,1.2896775,310,7889,N,40,1,264
8581,25,1.53513225,369,10717,N,41.6666666666667,1,264
9239,26,0.632358,152,8581,Y,43.3333333333333,2,264
9698,27,0.63651825,153,9239,N,45,2,264
8517,28,0.61987725,149,9698,N,46.6666666666667,2,264
10366,29,0.748845,180,8517,N,48.3333333333333,2,264
2645,0,1.05254325,253,NA,N,0,0,265
2744,1,1.131588,272,2645,N,1.66666666666667,0,265
2784,2,1.1565495,278,2744,N,3.33333333333333,0,265
2653,3,1.198152,288,2784,N,5,0,265
2714,4,1.25223525,301,2653,N,6.66666666666667,0,265
3829,5,1.347921,324,2714,N,8.33333333333333,0,265
2943,6,1.40200425,337,3829,N,10,0,265
2968,7,1.431126,344,2943,N,11.6666666666667,0,265
4286,8,1.4228055,342,2968,N,13.3333333333333,0,265
5741,9,1.47688875,355,4286,N,15,0,265
4856,10,1.5725745,378,5741,N,16.6666666666667,0,265
5173,11,1.514331,364,4856,N,18.3333333333333,0,265
4301,12,1.3895235,334,5173,N,20,0,265
4723,13,1.963638,472,4301,N,21.6666666666667,0,265
5158,14,0.99846,240,4723,Y,23.3333333333333,1,265
4272,15,1.015101,244,5158,N,25,1,265
6403,16,1.06086375,255,4272,N,26.6666666666667,1,265
6521,17,1.02758175,247,6403,N,28.3333333333333,1,265
6975,18,1.07750475,259,6521,N,30,1,265
6978,19,1.1232675,270,6975,N,31.6666666666667,1,265
6100,20,1.2563955,302,6978,N,33.3333333333333,1,265
7208,21,1.26887625,305,6100,N,35,1,265
7646,22,1.214793,292,7208,N,36.6666666666667,1,265
7891,23,1.32711975,319,7646,N,38.3333333333333,1,265
10718,24,1.32711975,319,7891,N,40,1,265
8583,25,1.414485,340,10718,N,41.6666666666667,1,265
9247,26,1.431126,344,8583,N,43.3333333333333,1,265
9706,27,1.514331,364,9247,N,45,1,265
8520,28,1.4560875,350,9706,N,46.6666666666667,1,265
10368,29,1.75146525,421,8520,N,48.3333333333333,1,265
9236,30,1.7556255,422,10368,N,50,1,265
9474,31,1.946997,468,9236,N,51.6666666666667,1,265
11204,32,2.0385225,490,9474,N,53.3333333333333,1,265
13417,33,NA,-1,11204,Y,55,2,265
2230,0,0.76132575,183,NA,N,0,0,266
2246,1,0.81124875,195,2230,N,1.66666666666667,0,266
2284,2,0.881973,212,2246,N,3.33333333333333,0,266
2250,3,0.90277425,217,2284,N,5,0,266
2282,4,0.90277425,217,2250,N,6.66666666666667,0,266
2245,5,0.9568575,230,2282,N,8.33333333333333,0,266
2300,6,1.09414575,263,2245,N,10,0,266
2265,7,1.16070975,279,2300,N,11.6666666666667,0,266
4062,8,1.2231135,294,2265,N,13.3333333333333,0,266
5410,9,1.3229595,318,4062,N,15,0,266
4539,10,1.39368375,335,5410,N,16.6666666666667,0,266
4561,11,1.42696575,343,4539,N,18.3333333333333,0,266
4063,12,1.464408,352,4561,N,20,0,266
4064,13,1.464408,352,4063,N,21.6666666666667,0,266
4782,14,1.547613,372,4064,N,23.3333333333333,0,266
4061,15,1.580895,380,4782,N,25,0,266
6308,16,1.630818,392,4061,N,26.6666666666667,0,266
6366,17,1.83051,440,6308,N,28.3333333333333,0,266
6794,18,1.730664,416,6366,N,30,0,266
6271,19,1.68490125,405,6794,N,31.6666666666667,0,266
6011,20,0.91941525,221,6271,Y,33.3333333333333,1,266
6901,21,0.981819,236,6011,N,35,1,266
7232,22,1.02758175,247,6901,N,36.6666666666667,1,266
7599,23,1.131588,272,7232,N,38.3333333333333,1,266
10608,24,1.11078675,267,7599,N,40,1,266
8358,25,1.0733445,258,10608,N,41.6666666666667,1,266
2230,0,0.76132575,183,NA,N,0,0,267
2246,1,0.81124875,195,2230,N,1.66666666666667,0,267
2284,2,0.881973,212,2246,N,3.33333333333333,0,267
2250,3,0.90277425,217,2284,N,5,0,267
2282,4,0.90277425,217,2250,N,6.66666666666667,0,267
2245,5,0.9568575,230,2282,N,8.33333333333333,0,267
2300,6,1.09414575,263,2245,N,10,0,267
2265,7,1.16070975,279,2300,N,11.6666666666667,0,267
4062,8,1.2231135,294,2265,N,13.3333333333333,0,267
5410,9,1.3229595,318,4062,N,15,0,267
4539,10,1.39368375,335,5410,N,16.6666666666667,0,267
4561,11,1.42696575,343,4539,N,18.3333333333333,0,267
4063,12,1.464408,352,4561,N,20,0,267
4064,13,1.464408,352,4063,N,21.6666666666667,0,267
4782,14,1.547613,372,4064,N,23.3333333333333,0,267
4061,15,1.580895,380,4782,N,25,0,267
6308,16,1.630818,392,4061,N,26.6666666666667,0,267
6366,17,1.83051,440,6308,N,28.3333333333333,0,267
6794,18,1.730664,416,6366,N,30,0,267
6271,19,1.68490125,405,6794,N,31.6666666666667,0,267
6010,20,0.8070885,194,6271,Y,33.3333333333333,1,267
6905,21,1.01094075,243,6010,N,35,1,267
7237,22,1.065024,256,6905,N,36.6666666666667,1,267
7603,23,1.11078675,267,7237,N,38.3333333333333,1,267
10609,24,1.22727375,295,7603,N,40,1,267
8361,25,1.347921,324,10609,N,41.6666666666667,1,267
8307,26,1.2730365,306,8361,N,43.3333333333333,1,267
9234,27,1.397844,336,8307,N,45,1,267
8306,28,1.49769,360,9234,N,46.6666666666667,1,267
10256,29,1.42696575,343,8306,N,48.3333333333333,1,267
9842,31,1.031742,248,10256,Y,51.6666666666667,2,267
11418,32,0.798768,192,9842,N,53.3333333333333,2,267
11972,33,0.99846,240,11418,N,55,2,267
11449,34,1.0567035,254,11972,N,56.6666666666667,2,267
12429,35,1.13574825,273,11449,N,58.3333333333333,2,267
12900,36,1.248075,300,12429,N,60,2,267
12969,37,1.3728825,330,12900,N,61.6666666666667,2,267
2231,0,1.015101,244,NA,N,0,0,268
2247,1,1.048383,252,2231,N,1.66666666666667,0,268
2290,2,1.17735075,283,2247,N,3.33333333333333,0,268
2253,3,1.20231225,289,2290,N,5,0,268
2286,4,1.35208125,325,2253,N,6.66666666666667,0,268
2257,5,1.33544025,321,2286,N,8.33333333333333,0,268
2304,6,1.32711975,319,2257,N,10,0,268
2266,7,1.40200425,337,2304,N,11.6666666666667,0,268
4066,8,1.5559335,374,2266,N,13.3333333333333,0,268
5415,9,1.61001675,387,4066,N,15,0,268
4545,10,1.9220355,462,5415,N,16.6666666666667,0,268
4568,11,1.946997,468,4545,N,18.3333333333333,0,268
4077,12,1.67658075,403,4568,N,20,0,268
4459,13,0.8902935,214,4077,Y,21.6666666666667,1,268
2231,0,1.015101,244,NA,N,0,0,269
2247,1,1.048383,252,2231,N,1.66666666666667,0,269
2290,2,1.17735075,283,2247,N,3.33333333333333,0,269
2253,3,1.20231225,289,2290,N,5,0,269
2286,4,1.35208125,325,2253,N,6.66666666666667,0,269
2257,5,1.33544025,321,2286,N,8.33333333333333,0,269
2304,6,1.32711975,319,2257,N,10,0,269
2266,7,1.40200425,337,2304,N,11.6666666666667,0,269
4066,8,1.5559335,374,2266,N,13.3333333333333,0,269
5415,9,1.61001675,387,4066,N,15,0,269
4545,10,1.9220355,462,5415,N,16.6666666666667,0,269
4568,11,1.946997,468,4545,N,18.3333333333333,0,269
4077,12,1.67658075,403,4568,N,20,0,269
4455,13,0.765486,184,4077,Y,21.6666666666667,1,269
4784,14,1.02758175,247,4455,N,23.3333333333333,1,269
4065,15,1.015101,244,4784,N,25,1,269
6310,16,0.9235755,222,4065,N,26.6666666666667,1,269
6371,17,1.01926125,245,6310,N,28.3333333333333,1,269
6795,18,0.98597925,237,6371,N,30,1,269
6273,19,1.031742,248,6795,N,31.6666666666667,1,269
6012,20,1.07750475,259,6273,N,33.3333333333333,1,269
6908,21,1.297998,312,6012,N,35,1,269
7240,22,1.33128,320,6908,N,36.6666666666667,1,269
7608,23,1.347921,324,7240,N,38.3333333333333,1,269
10610,24,1.41864525,341,7608,N,40,1,269
8364,25,1.3396005,322,10610,N,41.6666666666667,1,269
8308,26,1.51849125,365,8364,N,43.3333333333333,1,269
9238,27,0.7904475,190,8308,Y,45,2,269
8344,28,0.99429975,239,9238,N,46.6666666666667,2,269
10258,29,0.965178,232,8344,N,48.3333333333333,2,269
11876,34,1.33544025,321,10258,N,56.6666666666667,2,269
12810,35,1.4394465,346,11876,N,58.3333333333333,2,269
13195,36,1.4560875,350,12810,N,60,2,269
13214,37,1.36040175,327,13195,N,61.6666666666667,2,269
2232,0,0.931896,224,NA,N,0,0,270
2248,1,0.97765875,235,2232,N,1.66666666666667,0,270
2293,2,1.031742,248,2248,N,3.33333333333333,0,270
2255,3,1.11910725,269,2293,N,5,0,270
2289,4,1.131588,272,2255,N,6.66666666666667,0,270
2261,5,1.1731905,282,2289,N,8.33333333333333,0,270
2306,6,1.25223525,301,2261,N,10,0,270
2267,7,1.148229,276,2306,N,11.6666666666667,0,270
4068,8,1.21063275,291,2267,N,13.3333333333333,0,270
5420,9,1.26055575,303,4068,N,15,0,270
4551,10,1.2563955,302,5420,N,16.6666666666667,0,270
4573,11,1.3229595,318,4551,N,18.3333333333333,0,270
4080,12,1.431126,344,4573,N,20,0,270
4463,13,1.614177,388,4080,N,21.6666666666667,0,270
4792,14,1.630818,392,4463,N,23.3333333333333,0,270
4067,15,1.68490125,405,4792,N,25,0,270
6311,16,1.73482425,417,4067,N,26.6666666666667,0,270
6373,17,1.84299075,443,6311,N,28.3333333333333,0,270
6796,18,1.73482425,417,6373,N,30,0,270
6276,19,0.84453075,203,6796,Y,31.6666666666667,1,270
6013,20,0.91109475,219,6276,N,33.3333333333333,1,270
6911,21,0.96933825,233,6013,N,35,1,270
7244,22,1.1898315,286,6911,N,36.6666666666667,1,270
7611,23,1.131588,272,7244,N,38.3333333333333,1,270
10611,24,1.1232675,270,7611,N,40,1,270
2232,0,0.931896,224,NA,N,0,0,271
2248,1,0.97765875,235,2232,N,1.66666666666667,0,271
2293,2,1.031742,248,2248,N,3.33333333333333,0,271
2255,3,1.11910725,269,2293,N,5,0,271
2289,4,1.131588,272,2255,N,6.66666666666667,0,271
2261,5,1.1731905,282,2289,N,8.33333333333333,0,271
2306,6,1.25223525,301,2261,N,10,0,271
2267,7,1.148229,276,2306,N,11.6666666666667,0,271
4068,8,1.21063275,291,2267,N,13.3333333333333,0,271
5420,9,1.26055575,303,4068,N,15,0,271
4551,10,1.2563955,302,5420,N,16.6666666666667,0,271
4573,11,1.3229595,318,4551,N,18.3333333333333,0,271
4080,12,1.431126,344,4573,N,20,0,271
4463,13,1.614177,388,4080,N,21.6666666666667,0,271
4792,14,1.630818,392,4463,N,23.3333333333333,0,271
4067,15,1.68490125,405,4792,N,25,0,271
6311,16,1.73482425,417,4067,N,26.6666666666667,0,271
6373,17,1.84299075,443,6311,N,28.3333333333333,0,271
6796,18,1.73482425,417,6373,N,30,0,271
6278,19,0.9235755,222,6796,Y,31.6666666666667,1,271
6014,20,0.8570115,206,6278,N,33.3333333333333,1,271
6915,21,1.081665,260,6014,N,35,1,271
7248,22,1.081665,260,6915,N,36.6666666666667,1,271
7613,23,1.11078675,267,7248,N,38.3333333333333,1,271
10612,24,1.16070975,279,7613,N,40,1,271
8366,25,1.19399175,287,10612,N,41.6666666666667,1,271
8309,26,1.3895235,334,8366,N,43.3333333333333,1,271
9246,27,1.38536325,333,8309,N,45,1,271
8345,28,1.2064725,290,9246,N,46.6666666666667,1,271
10259,29,1.3895235,334,8345,N,48.3333333333333,1,271
8739,30,1.31047875,315,10259,N,50,1,271
8937,31,1.4228055,342,8739,N,51.6666666666667,1,271
11037,32,0.715563,172,8937,Y,53.3333333333333,2,271
11194,33,0.73636425,177,11037,N,55,2,271
10951,34,0.748845,180,11194,N,56.6666666666667,2,271
11688,35,0.76964625,185,10951,N,58.3333333333333,2,271
12032,36,0.715563,172,11688,N,60,2,271
12130,37,0.8237295,198,12032,N,61.6666666666667,2,271
2233,0,0.84453075,203,NA,N,0,0,272
2249,1,0.92773575,223,2233,N,1.66666666666667,0,272
2299,2,0.898614,216,2249,N,3.33333333333333,0,272
2259,3,0.88613325,213,2299,N,5,0,272
2323,4,0.898614,216,2259,N,6.66666666666667,0,272
2279,5,0.96101775,231,2323,N,8.33333333333333,0,272
2313,6,1.1066265,266,2279,N,10,0,272
2273,7,1.04422275,251,2313,N,11.6666666666667,0,272
4072,8,1.114947,268,2273,N,13.3333333333333,0,272
5431,9,1.24391475,299,4072,N,15,0,272
4565,10,1.13574825,273,5431,N,16.6666666666667,0,272
4591,11,1.297998,312,4565,N,18.3333333333333,0,272
4084,12,1.281357,308,4591,N,20,0,272
4466,13,1.56009375,375,4084,N,21.6666666666667,0,272
4805,14,1.38536325,333,4466,N,23.3333333333333,0,272
4071,15,1.5226515,366,4805,N,25,0,272
6313,16,1.680741,404,4071,N,26.6666666666667,0,272
6378,17,1.597536,384,6313,N,28.3333333333333,0,272
6805,18,0.70308225,169,6378,Y,30,1,272
6285,19,0.7072425,170,6805,N,31.6666666666667,1,272
6017,20,0.75300525,181,6285,N,33.3333333333333,1,272
6921,21,0.87781275,211,6017,N,35,1,272
7252,22,0.82788975,199,6921,N,36.6666666666667,1,272
7619,23,0.95269725,229,7252,N,38.3333333333333,1,272
10614,24,0.93605625,225,7619,N,40,1,272
8368,25,0.96933825,233,10614,N,41.6666666666667,1,272
8310,26,0.97765875,235,8368,N,43.3333333333333,1,272
9251,27,0.96101775,231,8310,N,45,1,272
8347,28,1.1399085,274,9251,N,46.6666666666667,1,272
10262,29,1.23559425,297,8347,N,48.3333333333333,1,272
8751,30,1.07750475,259,10262,N,50,1,272
8954,31,0.981819,236,8751,N,51.6666666666667,1,272
11039,32,1.1232675,270,8954,N,53.3333333333333,1,272
11202,33,1.2730365,306,11039,N,55,1,272
10955,34,1.36040175,327,11202,N,56.6666666666667,1,272
11699,35,1.4727285,354,10955,N,58.3333333333333,1,272
13437,36,NA,-1,11699,Y,60,2,272
2233,0,0.84453075,203,NA,N,0,0,273
2249,1,0.92773575,223,2233,N,1.66666666666667,0,273
2299,2,0.898614,216,2249,N,3.33333333333333,0,273
2259,3,0.88613325,213,2299,N,5,0,273
2323,4,0.898614,216,2259,N,6.66666666666667,0,273
2279,5,0.96101775,231,2323,N,8.33333333333333,0,273
2313,6,1.1066265,266,2279,N,10,0,273
2273,7,1.04422275,251,2313,N,11.6666666666667,0,273
4072,8,1.114947,268,2273,N,13.3333333333333,0,273
5431,9,1.24391475,299,4072,N,15,0,273
4565,10,1.13574825,273,5431,N,16.6666666666667,0,273
4591,11,1.297998,312,4565,N,18.3333333333333,0,273
4084,12,1.281357,308,4591,N,20,0,273
4466,13,1.56009375,375,4084,N,21.6666666666667,0,273
4805,14,1.38536325,333,4466,N,23.3333333333333,0,273
4071,15,1.5226515,366,4805,N,25,0,273
6313,16,1.680741,404,4071,N,26.6666666666667,0,273
6378,17,1.597536,384,6313,N,28.3333333333333,0,273
6806,18,0.80292825,193,6378,Y,30,1,273
6287,19,0.83621025,201,6806,N,31.6666666666667,1,273
6018,20,0.865332,208,6287,N,33.3333333333333,1,273
6924,21,0.9235755,222,6018,N,35,1,273
7256,22,0.948537,228,6924,N,36.6666666666667,1,273
7622,23,1.0067805,242,7256,N,38.3333333333333,1,273
10615,24,0.9568575,230,7622,N,40,1,273
8370,25,0.9901395,238,10615,N,41.6666666666667,1,273
8311,26,0.86117175,207,8370,N,43.3333333333333,1,273
9255,27,1.14406875,275,8311,N,45,1,273
8348,28,1.31047875,315,9255,N,46.6666666666667,1,273
10263,29,1.31047875,315,8348,N,48.3333333333333,1,273
8755,30,1.46024775,351,10263,N,50,1,273
8961,31,1.56841425,377,8755,N,51.6666666666667,1,273
11040,32,1.61001675,387,8961,N,53.3333333333333,1,273
11203,33,0.7738065,186,11040,Y,55,2,273
2234,0,1.1399085,274,NA,N,0,0,274
2251,1,1.03590225,249,2234,N,1.66666666666667,0,274
2341,2,1.081665,260,2251,N,3.33333333333333,0,274
2263,3,1.20231225,289,2341,N,5,0,274
2325,4,1.31047875,315,2263,N,6.66666666666667,0,274
2281,5,1.53513225,369,2325,N,8.33333333333333,0,274
2339,6,1.5725745,378,2281,N,10,0,274
2298,7,1.863792,448,2339,N,11.6666666666667,0,274
4074,8,1.95115725,469,2298,N,13.3333333333333,0,274
5435,9,1.99275975,479,4074,N,15,0,274
4575,10,0.8736525,210,5435,Y,16.6666666666667,1,274
4600,11,0.91109475,219,4575,N,18.3333333333333,1,274
4086,12,1.0899855,262,4600,N,20,1,274
4469,13,1.20231225,289,4086,N,21.6666666666667,1,274
4814,14,0.95269725,229,4469,N,23.3333333333333,1,274
4073,15,1.02758175,247,4814,N,25,1,274
6315,16,1.14406875,275,4073,N,26.6666666666667,1,274
6381,17,1.1898315,286,6315,N,28.3333333333333,1,274
6807,18,1.3229595,318,6381,N,30,1,274
6290,19,1.34376075,323,6807,N,31.6666666666667,1,274
6019,20,1.347921,324,6290,N,33.3333333333333,1,274
6928,21,1.5226515,366,6019,N,35,1,274
7260,22,1.46856825,353,6928,N,36.6666666666667,1,274
7624,23,1.564254,376,7260,N,38.3333333333333,1,274
10616,24,1.68490125,405,7624,N,40,1,274
8372,25,0.7571655,182,10616,Y,41.6666666666667,2,274
8312,26,0.798768,192,8372,N,43.3333333333333,2,274
9259,27,0.83205,200,8312,N,45,2,274
2236,0,0.682281,164,NA,N,0,0,275
2256,1,0.71140275,171,2236,N,1.66666666666667,0,275
2356,2,0.7072425,170,2256,N,3.33333333333333,0,275
2271,3,0.92773575,223,2356,N,5,0,275
2331,4,0.77796675,187,2271,N,6.66666666666667,0,275
2288,5,0.881973,212,2331,N,8.33333333333333,0,275
2361,6,1.05254325,253,2288,N,10,0,275
2318,7,0.9402165,226,2361,N,11.6666666666667,0,275
4097,8,1.015101,244,2318,N,13.3333333333333,0,275
5445,9,1.0234215,246,4097,N,15,0,275
4592,10,0.96101775,231,5445,N,16.6666666666667,0,275
4624,11,1.06918425,257,4592,N,18.3333333333333,0,275
4090,12,1.098306,264,4624,N,20,0,275
4475,13,1.2397545,298,4090,N,21.6666666666667,0,275
4821,14,1.1399085,274,4475,N,23.3333333333333,0,275
4078,15,1.25223525,301,4821,N,25,0,275
6317,16,1.3562415,326,4078,N,26.6666666666667,0,275
6387,17,1.36872225,329,6317,N,28.3333333333333,0,275
6814,18,1.38536325,333,6387,N,30,0,275
6798,19,1.4061645,338,6814,N,31.6666666666667,0,275
6021,20,1.5226515,366,6798,N,33.3333333333333,0,275
6937,21,1.680741,404,6021,N,35,0,275
7272,22,1.9220355,462,6937,N,36.6666666666667,0,275
7634,23,1.41864525,341,7272,N,38.3333333333333,0,275
10619,24,0.881973,212,7634,Y,40,1,275
8382,25,0.83621025,201,10619,N,41.6666666666667,1,275
8318,26,0.88613325,213,8382,N,43.3333333333333,1,275
9282,27,0.85285125,205,8318,N,45,1,275
8354,28,0.8070885,194,9282,N,46.6666666666667,1,275
10269,29,0.8570115,206,8354,N,48.3333333333333,1,275
8773,30,0.848691,204,10269,N,50,1,275
9006,31,1.081665,260,8773,N,51.6666666666667,1,275
11048,32,1.06086375,255,9006,N,53.3333333333333,1,275
11224,33,1.1731905,282,11048,N,55,1,275
10964,34,1.26887625,305,11224,N,56.6666666666667,1,275
11727,35,1.198152,288,10964,N,58.3333333333333,1,275
12097,36,1.3229595,318,11727,N,60,1,275
12183,37,1.45192725,349,12097,N,61.6666666666667,1,275
3564,0,1.35208125,325,NA,N,0,0,276
3795,1,1.2896775,310,3564,N,1.66666666666667,0,276
3752,2,1.5060105,362,3795,N,3.33333333333333,0,276
3658,3,1.7223435,414,3752,N,5,0,276
3891,4,1.56009375,375,3658,N,6.66666666666667,0,276
4057,5,1.83467025,441,3891,N,8.33333333333333,0,276
3811,6,1.11078675,267,4057,Y,10,1,276
3921,7,0.8902935,214,3811,N,11.6666666666667,1,276
3564,0,1.35208125,325,NA,N,0,0,277
3795,1,1.2896775,310,3564,N,1.66666666666667,0,277
3752,2,1.5060105,362,3795,N,3.33333333333333,0,277
3658,3,1.7223435,414,3752,N,5,0,277
3891,4,1.56009375,375,3658,N,6.66666666666667,0,277
4057,5,1.83467025,441,3891,N,8.33333333333333,0,277
3814,6,0.96933825,233,4057,Y,10,1,277
3922,7,0.881973,212,3814,N,11.6666666666667,1,277
5796,8,1.1232675,270,3922,N,13.3333333333333,1,277
6006,9,1.1066265,266,5796,N,15,1,277
5591,10,1.11078675,267,6006,N,16.6666666666667,1,277
5845,11,1.1066265,266,5591,N,18.3333333333333,1,277
5161,12,1.25223525,301,5845,N,20,1,277
5524,13,1.33128,320,5161,N,21.6666666666667,1,277
5896,14,1.16487,280,5524,N,23.3333333333333,1,277
4779,15,1.347921,324,5896,N,25,1,277
6756,16,1.2730365,306,4779,N,26.6666666666667,1,277
7699,17,1.44360675,347,6756,N,28.3333333333333,1,277
8226,18,1.3728825,330,7699,N,30,1,277
7588,19,1.56841425,377,8226,N,31.6666666666667,1,277
6301,20,1.5725745,378,7588,N,33.3333333333333,1,277
8299,21,1.68490125,405,6301,N,35,1,277
8023,22,1.97611875,475,8299,N,36.6666666666667,1,277
8256,23,1.747305,420,8023,N,38.3333333333333,1,277
10940,24,1.7389845,418,8256,N,40,1,277
9360,25,0.83205,200,10940,Y,41.6666666666667,2,277
3564,0,1.35208125,325,NA,N,0,0,278
3795,1,1.2896775,310,3564,N,1.66666666666667,0,278
3752,2,1.5060105,362,3795,N,3.33333333333333,0,278
3658,3,1.7223435,414,3752,N,5,0,278
3891,4,1.56009375,375,3658,N,6.66666666666667,0,278
4057,5,1.83467025,441,3891,N,8.33333333333333,0,278
3814,6,0.96933825,233,4057,Y,10,1,278
3922,7,0.881973,212,3814,N,11.6666666666667,1,278
5796,8,1.1232675,270,3922,N,13.3333333333333,1,278
6006,9,1.1066265,266,5796,N,15,1,278
5591,10,1.11078675,267,6006,N,16.6666666666667,1,278
5845,11,1.1066265,266,5591,N,18.3333333333333,1,278
5161,12,1.25223525,301,5845,N,20,1,278
5524,13,1.33128,320,5161,N,21.6666666666667,1,278
5896,14,1.16487,280,5524,N,23.3333333333333,1,278
4779,15,1.347921,324,5896,N,25,1,278
6756,16,1.2730365,306,4779,N,26.6666666666667,1,278
7699,17,1.44360675,347,6756,N,28.3333333333333,1,278
8226,18,1.3728825,330,7699,N,30,1,278
7588,19,1.56841425,377,8226,N,31.6666666666667,1,278
6301,20,1.5725745,378,7588,N,33.3333333333333,1,278
8299,21,1.68490125,405,6301,N,35,1,278
8023,22,1.97611875,475,8299,N,36.6666666666667,1,278
8256,23,1.747305,420,8023,N,38.3333333333333,1,278
10940,24,1.7389845,418,8256,N,40,1,278
9366,25,0.9069345,218,10940,Y,41.6666666666667,2,278
10089,26,1.1399085,274,9366,N,43.3333333333333,2,278
10246,27,1.02758175,247,10089,N,45,2,278
9103,28,1.09414575,263,10246,N,46.6666666666667,2,278
10599,29,1.05254325,253,9103,N,48.3333333333333,2,278
9712,30,1.11078675,267,10599,N,50,2,278
10219,31,1.22727375,295,9712,N,51.6666666666667,2,278
11614,32,1.21895325,293,10219,N,53.3333333333333,2,278
12272,33,1.32711975,319,11614,N,55,2,278
11845,34,1.51017075,363,12272,N,56.6666666666667,2,278
12775,35,1.42696575,343,11845,N,58.3333333333333,2,278
13444,36,NA,-1,12775,Y,60,3,278
2664,0,1.19399175,287,NA,N,0,0,279
2775,1,1.248075,300,2664,N,1.66666666666667,0,279
2804,2,1.3063185,314,2775,N,3.33333333333333,0,279
2670,3,1.214793,292,2804,N,5,0,279
2733,4,1.28551725,309,2670,N,6.66666666666667,0,279
3839,5,1.38536325,333,2733,N,8.33333333333333,0,279
2971,6,1.597536,384,3839,N,10,0,279
2998,7,1.614177,388,2971,N,11.6666666666667,0,279
4302,8,1.73482425,417,2998,N,13.3333333333333,0,279
5765,9,1.780587,428,4302,N,15,0,279
4877,10,1.83051,440,5765,N,16.6666666666667,0,279
5195,11,0.7738065,186,4877,Y,18.3333333333333,1,279
4464,12,0.91941525,221,5195,N,20,1,279
4744,13,1.1232675,270,4464,N,21.6666666666667,1,279
5187,14,1.21895325,293,4744,N,23.3333333333333,1,279
4291,15,1.31047875,315,5187,N,25,1,279
6415,16,1.3728825,330,4291,N,26.6666666666667,1,279
6535,17,1.40200425,337,6415,N,28.3333333333333,1,279
6996,18,1.29383775,311,6535,N,30,1,279
6997,19,1.52681175,367,6996,N,31.6666666666667,1,279
6106,20,0.72804375,175,6997,Y,33.3333333333333,2,279
2667,0,0.77796675,187,NA,N,0,0,280
2779,1,0.86949225,209,2667,N,1.66666666666667,0,280
2808,2,1.01094075,243,2779,N,3.33333333333333,0,280
2676,3,1.015101,244,2808,N,5,0,280
2866,4,1.00262025,241,2676,N,6.66666666666667,0,280
3842,5,0.931896,224,2866,N,8.33333333333333,0,280
2976,6,1.0567035,254,3842,N,10,0,280
3004,7,1.0899855,262,2976,N,11.6666666666667,0,280
4305,8,1.11910725,269,3004,N,13.3333333333333,0,280
5769,9,1.148229,276,4305,N,15,0,280
4881,10,1.20231225,289,5769,N,16.6666666666667,0,280
5199,11,1.25223525,301,4881,N,18.3333333333333,0,280
4467,12,1.31879925,317,5199,N,20,0,280
4747,13,1.231434,296,4467,N,21.6666666666667,0,280
5192,14,1.1731905,282,4747,N,23.3333333333333,0,280
4294,15,1.4228055,342,5192,N,25,0,280
6417,16,1.3063185,314,4294,N,26.6666666666667,0,280
6537,17,1.3728825,330,6417,N,28.3333333333333,0,280
6999,18,1.1399085,274,6537,N,30,0,280
7001,19,0.56163375,135,6999,Y,31.6666666666667,1,280
6109,20,0.61987725,149,7001,N,33.3333333333333,1,280
7236,21,0.74468475,179,6109,N,35,1,280
7664,22,0.71140275,171,7236,N,36.6666666666667,1,280
7910,23,0.75300525,181,7664,N,38.3333333333333,1,280
10727,24,0.71972325,173,7910,N,40,1,280
8603,25,0.748845,180,10727,N,41.6666666666667,1,280
9283,26,0.698922,168,8603,N,43.3333333333333,1,280
9740,27,0.76964625,185,9283,N,45,1,280
8538,28,0.86117175,207,9740,N,46.6666666666667,1,280
2667,0,0.77796675,187,NA,N,0,0,281
2779,1,0.86949225,209,2667,N,1.66666666666667,0,281
2808,2,1.01094075,243,2779,N,3.33333333333333,0,281
2676,3,1.015101,244,2808,N,5,0,281
2866,4,1.00262025,241,2676,N,6.66666666666667,0,281
3842,5,0.931896,224,2866,N,8.33333333333333,0,281
2976,6,1.0567035,254,3842,N,10,0,281
3004,7,1.0899855,262,2976,N,11.6666666666667,0,281
4305,8,1.11910725,269,3004,N,13.3333333333333,0,281
5769,9,1.148229,276,4305,N,15,0,281
4881,10,1.20231225,289,5769,N,16.6666666666667,0,281
5199,11,1.25223525,301,4881,N,18.3333333333333,0,281
4467,12,1.31879925,317,5199,N,20,0,281
4747,13,1.231434,296,4467,N,21.6666666666667,0,281
5192,14,1.1731905,282,4747,N,23.3333333333333,0,281
4294,15,1.4228055,342,5192,N,25,0,281
6417,16,1.3063185,314,4294,N,26.6666666666667,0,281
6537,17,1.3728825,330,6417,N,28.3333333333333,0,281
6999,18,1.1399085,274,6537,N,30,0,281
6998,19,0.83621025,201,6999,Y,31.6666666666667,1,281
6108,20,0.8237295,198,6998,N,33.3333333333333,1,281
7233,21,0.83621025,201,6108,N,35,1,281
7663,22,0.83205,200,7233,N,36.6666666666667,1,281
7909,23,0.91109475,219,7663,N,38.3333333333333,1,281
10726,24,0.83205,200,7909,N,40,1,281
8601,25,0.85285125,205,10726,N,41.6666666666667,1,281
9281,26,0.83205,200,8601,N,43.3333333333333,1,281
9736,27,1.17735075,283,9281,N,45,1,281
8536,28,1.1731905,282,9736,N,46.6666666666667,1,281
10510,29,0.70308225,169,8536,Y,48.3333333333333,2,281
9244,30,0.599076,144,10510,N,50,2,281
9870,31,0.66564,160,9244,N,51.6666666666667,2,281
11442,32,0.698922,168,9870,N,53.3333333333333,2,281
12005,33,0.798768,192,11442,N,55,2,281
11560,34,0.87781275,211,12005,N,56.6666666666667,2,281
12463,35,0.981819,236,11560,N,58.3333333333333,2,281
12940,36,1.131588,272,12463,N,60,2,281
13000,37,1.1399085,274,12940,N,61.6666666666667,2,281
3583,0,0.7738065,186,NA,N,0,0,282
3805,1,0.75300525,181,3583,N,1.66666666666667,0,282
3772,2,0.76964625,185,3805,N,3.33333333333333,0,282
3672,3,0.70308225,169,3772,N,5,0,282
3894,4,0.80292825,193,3672,N,6.66666666666667,0,282
4060,5,0.99846,240,3894,N,8.33333333333333,0,282
3831,6,0.8902935,214,4060,N,10,0,282
3925,7,0.965178,232,3831,N,11.6666666666667,0,282
5809,8,0.99429975,239,3925,N,13.3333333333333,0,282
6009,9,1.08582525,261,5809,N,15,0,282
5606,10,1.114947,268,6009,N,16.6666666666667,0,282
5857,11,1.1232675,270,5606,N,18.3333333333333,0,282
5181,12,1.2064725,290,5857,N,20,0,282
5553,13,1.42696575,343,5181,N,21.6666666666667,0,282
5905,14,1.597536,384,5553,N,23.3333333333333,0,282
4798,15,1.29383775,311,5905,N,25,0,282
6761,16,1.7389845,418,4798,N,26.6666666666667,0,282
7720,17,0.85285125,205,6761,Y,28.3333333333333,1,282
8236,18,0.8902935,214,7720,N,30,1,282
3583,0,0.7738065,186,NA,N,0,0,283
3805,1,0.75300525,181,3583,N,1.66666666666667,0,283
3772,2,0.76964625,185,3805,N,3.33333333333333,0,283
3672,3,0.70308225,169,3772,N,5,0,283
3894,4,0.80292825,193,3672,N,6.66666666666667,0,283
4060,5,0.99846,240,3894,N,8.33333333333333,0,283
3831,6,0.8902935,214,4060,N,10,0,283
3925,7,0.965178,232,3831,N,11.6666666666667,0,283
5809,8,0.99429975,239,3925,N,13.3333333333333,0,283
6009,9,1.08582525,261,5809,N,15,0,283
5606,10,1.114947,268,6009,N,16.6666666666667,0,283
5857,11,1.1232675,270,5606,N,18.3333333333333,0,283
5181,12,1.2064725,290,5857,N,20,0,283
5553,13,1.42696575,343,5181,N,21.6666666666667,0,283
5905,14,1.597536,384,5553,N,23.3333333333333,0,283
4798,15,1.29383775,311,5905,N,25,0,283
6761,16,1.7389845,418,4798,N,26.6666666666667,0,283
7722,17,0.82788975,199,6761,Y,28.3333333333333,1,283
8238,18,0.865332,208,7722,N,30,1,283
7605,19,0.8570115,206,8238,N,31.6666666666667,1,283
6307,20,0.90277425,217,7605,N,33.3333333333333,1,283
8305,21,0.881973,212,6307,N,35,1,283
8036,22,0.931896,224,8305,N,36.6666666666667,1,283
8279,23,0.848691,204,8036,N,38.3333333333333,1,283
10948,24,0.92773575,223,8279,N,40,1,283
9397,25,1.031742,248,10948,N,41.6666666666667,1,283
10103,26,1.0234215,246,9397,N,43.3333333333333,1,283
10255,27,1.01926125,245,10103,N,45,1,283
9139,28,0.715563,172,10255,N,46.6666666666667,1,283
11153,34,1.481049,356,9139,N,56.6666666666667,1,283
12034,35,0.69476175,167,11153,Y,58.3333333333333,2,283
12541,36,1.03590225,249,12034,N,60,2,283
12685,37,0.715563,172,12541,N,61.6666666666667,2,283
2678,0,1.21895325,293,NA,N,0,0,284
2791,1,1.21063275,291,2678,N,1.66666666666667,0,284
2820,2,1.314639,316,2791,N,3.33333333333333,0,284
2686,3,1.32711975,319,2820,N,5,0,284
2880,4,1.40200425,337,2686,N,6.66666666666667,0,284
3847,5,1.56841425,377,2880,N,8.33333333333333,0,284
2989,6,1.72650375,415,3847,N,10,0,284
3019,7,0.80292825,193,2989,Y,11.6666666666667,1,284
4311,8,0.73636425,177,3019,N,13.3333333333333,1,284
5776,9,0.93605625,225,4311,N,15,1,284
4888,10,0.93605625,225,5776,N,16.6666666666667,1,284
5207,11,0.9568575,230,4888,N,18.3333333333333,1,284
4473,12,0.99846,240,5207,N,20,1,284
4752,13,1.114947,268,4473,N,21.6666666666667,1,284
5196,14,1.0899855,262,4752,N,23.3333333333333,1,284
4298,15,1.14406875,275,5196,N,25,1,284
6419,16,1.2231135,294,4298,N,26.6666666666667,1,284
6539,17,1.2563955,302,6419,N,28.3333333333333,1,284
7005,18,1.31879925,317,6539,N,30,1,284
7006,19,1.414485,340,7005,N,31.6666666666667,1,284
6111,20,1.56009375,375,7006,N,33.3333333333333,1,284
7247,21,1.630818,392,6111,N,35,1,284
7668,22,1.67658075,403,7247,N,36.6666666666667,1,284
7916,23,1.730664,416,7668,N,38.3333333333333,1,284
10730,24,1.780587,428,7916,N,40,1,284
8610,25,0.798768,192,10730,Y,41.6666666666667,2,284
9296,26,0.94437675,227,8610,N,43.3333333333333,2,284
9751,27,0.798768,192,9296,N,45,2,284
8543,28,0.7904475,190,9751,N,46.6666666666667,2,284
10380,29,0.89445375,215,8543,N,48.3333333333333,2,284
9307,30,0.815409,196,10380,N,50,2,284
9504,31,0.98597925,237,9307,N,51.6666666666667,2,284
2240,0,0.77796675,187,NA,N,0,0,285
2280,1,0.91941525,221,2240,N,1.66666666666667,0,285
2400,2,0.8902935,214,2280,N,3.33333333333333,0,285
2307,3,0.94437675,227,2400,N,5,0,285
2355,4,0.9402165,226,2307,N,6.66666666666667,0,285
2303,5,1.081665,260,2355,N,8.33333333333333,0,285
2379,6,1.065024,256,2303,N,10,0,285
2350,7,1.26055575,303,2379,N,11.6666666666667,0,285
4117,8,1.26887625,305,2350,N,13.3333333333333,0,285
5475,9,1.3895235,334,4117,N,15,0,285
4614,10,1.4394465,346,5475,N,16.6666666666667,0,285
4852,11,1.4893695,358,4614,N,18.3333333333333,0,285
4102,12,1.54345275,371,4852,N,20,0,285
4487,13,1.49352975,359,4102,N,21.6666666666667,0,285
4836,14,0.7738065,186,4487,Y,23.3333333333333,1,285
4085,15,0.915255,220,4836,N,25,1,285
2683,0,0.62819775,151,NA,N,0,0,286
2795,1,0.8070885,194,2683,N,1.66666666666667,0,286
2823,2,0.61155675,147,2795,N,3.33333333333333,0,286
2690,3,0.8237295,198,2823,N,5,0,286
2886,4,0.765486,184,2690,N,6.66666666666667,0,286
3881,5,0.69476175,167,2886,N,8.33333333333333,0,286
3010,6,0.81124875,195,3881,N,10,0,286
3025,7,0.89445375,215,3010,N,11.6666666666667,0,286
4312,8,0.79460775,191,3025,N,13.3333333333333,0,286
5779,9,0.97765875,235,4312,N,15,0,286
4894,10,1.00262025,241,5779,N,16.6666666666667,0,286
5211,11,0.99429975,239,4894,N,18.3333333333333,0,286
4476,12,1.02758175,247,5211,N,20,0,286
4755,13,1.1731905,282,4476,N,21.6666666666667,0,286
5200,14,1.148229,276,4755,N,23.3333333333333,0,286
4300,15,1.131588,272,5200,N,25,0,286
6421,16,1.248075,300,4300,N,26.6666666666667,0,286
6541,17,1.4228055,342,6421,N,28.3333333333333,0,286
7008,18,1.49769,360,6541,N,30,0,286
7010,19,1.56009375,375,7008,N,31.6666666666667,0,286
6112,20,0.66564,160,7010,Y,33.3333333333333,1,286
7251,21,0.72804375,175,6112,N,35,1,286
7670,22,0.7904475,190,7251,N,36.6666666666667,1,286
7918,23,0.96933825,233,7670,N,38.3333333333333,1,286
10731,24,1.01926125,245,7918,N,40,1,286
8614,25,0.9069345,218,10731,N,41.6666666666667,1,286
9323,26,1.1565495,278,8614,N,43.3333333333333,1,286
9758,27,1.1399085,274,9323,N,45,1,286
8547,28,1.22727375,295,9758,N,46.6666666666667,1,286
2683,0,0.62819775,151,NA,N,0,0,287
2795,1,0.8070885,194,2683,N,1.66666666666667,0,287
2823,2,0.61155675,147,2795,N,3.33333333333333,0,287
2690,3,0.8237295,198,2823,N,5,0,287
2886,4,0.765486,184,2690,N,6.66666666666667,0,287
3881,5,0.69476175,167,2886,N,8.33333333333333,0,287
3010,6,0.81124875,195,3881,N,10,0,287
3025,7,0.89445375,215,3010,N,11.6666666666667,0,287
4312,8,0.79460775,191,3025,N,13.3333333333333,0,287
5779,9,0.97765875,235,4312,N,15,0,287
4894,10,1.00262025,241,5779,N,16.6666666666667,0,287
5211,11,0.99429975,239,4894,N,18.3333333333333,0,287
4476,12,1.02758175,247,5211,N,20,0,287
4755,13,1.1731905,282,4476,N,21.6666666666667,0,287
5200,14,1.148229,276,4755,N,23.3333333333333,0,287
4300,15,1.131588,272,5200,N,25,0,287
6421,16,1.248075,300,4300,N,26.6666666666667,0,287
6541,17,1.4228055,342,6421,N,28.3333333333333,0,287
7008,18,1.49769,360,6541,N,30,0,287
7010,19,1.56009375,375,7008,N,31.6666666666667,0,287
6113,20,0.74468475,179,7010,Y,33.3333333333333,1,287
7255,21,0.7571655,182,6113,N,35,1,287
7672,22,0.78628725,189,7255,N,36.6666666666667,1,287
7920,23,0.79460775,191,7672,N,38.3333333333333,1,287
10732,24,0.8237295,198,7920,N,40,1,287
8616,25,0.85285125,205,10732,N,41.6666666666667,1,287
9328,26,0.91109475,219,8616,N,43.3333333333333,1,287
9761,27,0.96101775,231,9328,N,45,1,287
8549,28,1.114947,268,9761,N,46.6666666666667,1,287
10365,29,1.17735075,283,8549,N,48.3333333333333,1,287
9467,31,1.04422275,251,10365,N,51.6666666666667,1,287
11672,33,0.66147975,159,9467,Y,55,2,287
11117,34,0.81956925,197,11672,N,56.6666666666667,2,287
11993,35,0.6906015,166,11117,N,58.3333333333333,2,287
12485,36,0.89445375,215,11993,N,60,2,287
12624,37,0.6906015,166,12485,N,61.6666666666667,2,287
2688,0,0.7738065,186,NA,N,0,0,288
2798,1,0.76132575,183,2688,N,1.66666666666667,0,288
2827,2,0.798768,192,2798,N,3.33333333333333,0,288
2695,3,0.7238835,174,2827,N,5,0,288
2890,4,0.715563,172,2695,N,6.66666666666667,0,288
3882,5,0.782127,188,2890,N,8.33333333333333,0,288
3015,6,0.87781275,211,3882,N,10,0,288
3032,7,0.88613325,213,3015,N,11.6666666666667,0,288
4314,8,0.90277425,217,3032,N,13.3333333333333,0,288
5783,9,0.98597925,237,4314,N,15,0,288
4900,10,1.06086375,255,5783,N,16.6666666666667,0,288
5215,11,1.0567035,254,4900,N,18.3333333333333,0,288
4479,12,1.081665,260,5215,N,20,0,288
4760,13,1.12742775,271,4479,N,21.6666666666667,0,288
5206,14,1.2064725,290,4760,N,23.3333333333333,0,288
4303,15,1.30215825,313,5206,N,25,0,288
6423,16,1.33128,320,4303,N,26.6666666666667,0,288
6543,17,1.431126,344,6423,N,28.3333333333333,0,288
7011,18,1.52681175,367,6543,N,30,0,288
7014,19,1.51849125,365,7011,N,31.6666666666667,0,288
6114,20,1.7057025,410,7014,N,33.3333333333333,0,288
7262,21,1.813869,436,6114,N,35,0,288
7673,22,1.7556255,422,7262,N,36.6666666666667,0,288
7922,23,1.73482425,417,7673,N,38.3333333333333,0,288
10733,24,0.815409,196,7922,Y,40,1,288
8618,25,0.93605625,225,10733,N,41.6666666666667,1,288
2688,0,0.7738065,186,NA,N,0,0,289
2798,1,0.76132575,183,2688,N,1.66666666666667,0,289
2827,2,0.798768,192,2798,N,3.33333333333333,0,289
2695,3,0.7238835,174,2827,N,5,0,289
2890,4,0.715563,172,2695,N,6.66666666666667,0,289
3882,5,0.782127,188,2890,N,8.33333333333333,0,289
3015,6,0.87781275,211,3882,N,10,0,289
3032,7,0.88613325,213,3015,N,11.6666666666667,0,289
4314,8,0.90277425,217,3032,N,13.3333333333333,0,289
5783,9,0.98597925,237,4314,N,15,0,289
4900,10,1.06086375,255,5783,N,16.6666666666667,0,289
5215,11,1.0567035,254,4900,N,18.3333333333333,0,289
4479,12,1.081665,260,5215,N,20,0,289
4760,13,1.12742775,271,4479,N,21.6666666666667,0,289
5206,14,1.2064725,290,4760,N,23.3333333333333,0,289
4303,15,1.30215825,313,5206,N,25,0,289
6423,16,1.33128,320,4303,N,26.6666666666667,0,289
6543,17,1.431126,344,6423,N,28.3333333333333,0,289
7011,18,1.52681175,367,6543,N,30,0,289
7014,19,1.51849125,365,7011,N,31.6666666666667,0,289
6114,20,1.7057025,410,7014,N,33.3333333333333,0,289
7262,21,1.813869,436,6114,N,35,0,289
7673,22,1.7556255,422,7262,N,36.6666666666667,0,289
7922,23,1.73482425,417,7673,N,38.3333333333333,0,289
10734,24,0.83621025,201,7922,Y,40,1,289
8620,25,0.8902935,214,10734,N,41.6666666666667,1,289
9333,26,1.0234215,246,8620,N,43.3333333333333,1,289
9764,27,1.05254325,253,9333,N,45,1,289
8550,28,1.2064725,290,9764,N,46.6666666666667,1,289
10382,29,1.1232675,270,8550,N,48.3333333333333,1,289
9329,30,1.12742775,271,10382,N,50,1,289
9513,31,1.28551725,309,9329,N,51.6666666666667,1,289
11675,33,1.38536325,333,9513,N,55,1,289
11120,34,0.698922,168,11675,Y,56.6666666666667,2,289
11998,35,0.748845,180,11120,N,58.3333333333333,2,289
2243,0,0.7405245,178,NA,N,0,0,290
2291,1,0.7738065,186,2243,N,1.66666666666667,0,290
2409,2,0.81956925,197,2291,N,3.33333333333333,0,290
2314,3,0.9235755,222,2409,N,5,0,290
2374,4,0.881973,212,2314,N,6.66666666666667,0,290
2316,5,0.90277425,217,2374,N,8.33333333333333,0,290
2398,6,1.09414575,263,2316,N,10,0,290
2378,7,0.99429975,239,2398,N,11.6666666666667,0,290
4123,8,0.98597925,237,2378,N,13.3333333333333,0,290
5489,9,1.3063185,314,4123,N,15,0,290
4625,10,1.5392925,370,5489,N,16.6666666666667,0,290
4862,11,1.4893695,358,4625,N,18.3333333333333,0,290
4458,12,0.89445375,215,4862,Y,20,1,290
4738,13,0.87781275,211,4458,N,21.6666666666667,1,290
5183,14,0.96101775,231,4738,N,23.3333333333333,1,290
4287,15,0.965178,232,5183,N,25,1,290
6413,16,0.965178,232,4287,N,26.6666666666667,1,290
6533,17,0.91941525,221,6413,N,28.3333333333333,1,290
6993,18,0.898614,216,6533,N,30,1,290
6994,19,0.94437675,227,6993,N,31.6666666666667,1,290
6105,20,0.931896,224,6994,N,33.3333333333333,1,290
7226,21,1.00262025,241,6105,N,35,1,290
7659,22,1.07750475,259,7226,N,36.6666666666667,1,290
7905,23,1.0234215,246,7659,N,38.3333333333333,1,290
10724,24,1.1232675,270,7905,N,40,1,290
8597,25,1.27719675,307,10724,N,41.6666666666667,1,290
9272,26,1.33544025,321,8597,N,43.3333333333333,1,290
9728,27,1.27719675,307,9272,N,45,1,290
8532,28,1.597536,384,9728,N,46.6666666666667,1,290
10376,29,0.80292825,193,8532,Y,48.3333333333333,2,290
9280,30,0.9901395,238,10376,N,50,2,290
9492,31,0.96101775,231,9280,N,51.6666666666667,2,290
11212,32,0.98597925,237,9492,N,53.3333333333333,2,290
11663,33,0.931896,224,11212,N,55,2,290
11110,34,0.9734985,234,11663,N,56.6666666666667,2,290
11988,35,0.95269725,229,11110,N,58.3333333333333,2,290
12471,36,1.1399085,274,11988,N,60,2,290
12614,37,1.31047875,315,12471,N,61.6666666666667,2,290
2243,0,0.7405245,178,NA,N,0,0,291
2291,1,0.7738065,186,2243,N,1.66666666666667,0,291
2409,2,0.81956925,197,2291,N,3.33333333333333,0,291
2314,3,0.9235755,222,2409,N,5,0,291
2374,4,0.881973,212,2314,N,6.66666666666667,0,291
2316,5,0.90277425,217,2374,N,8.33333333333333,0,291
2398,6,1.09414575,263,2316,N,10,0,291
2378,7,0.99429975,239,2398,N,11.6666666666667,0,291
4123,8,0.98597925,237,2378,N,13.3333333333333,0,291
5489,9,1.3063185,314,4123,N,15,0,291
4625,10,1.5392925,370,5489,N,16.6666666666667,0,291
4862,11,1.4893695,358,4625,N,18.3333333333333,0,291
4111,12,0.81124875,195,4862,Y,20,1,291
4492,13,0.765486,184,4111,N,21.6666666666667,1,291
4849,14,0.76964625,185,4492,N,23.3333333333333,1,291
4095,15,0.91109475,219,4849,N,25,1,291
6322,16,0.85285125,205,4095,N,26.6666666666667,1,291
6395,17,0.815409,196,6322,N,28.3333333333333,1,291
6824,18,0.82788975,199,6395,N,30,1,291
6810,19,0.8570115,206,6824,N,31.6666666666667,1,291
6029,20,0.865332,208,6810,N,33.3333333333333,1,291
6968,21,1.048383,252,6029,N,35,1,291
7398,22,1.015101,244,6968,N,36.6666666666667,1,291
7702,23,1.081665,260,7398,N,38.3333333333333,1,291
10631,24,1.114947,268,7702,N,40,1,291
8405,25,1.2064725,290,10631,N,41.6666666666667,1,291
8330,26,1.231434,296,8405,N,43.3333333333333,1,291
9337,27,0.68644125,165,8330,Y,45,2,291
8363,28,0.66147975,159,9337,N,46.6666666666667,2,291
10280,29,0.65315925,157,8363,N,48.3333333333333,2,291
8813,30,0.76132575,183,10280,N,50,2,291
9043,31,0.7571655,182,8813,N,51.6666666666667,2,291
11059,32,0.948537,228,9043,N,53.3333333333333,2,291
11240,33,1.0067805,242,11059,N,55,2,291
10974,34,0.91941525,221,11240,N,56.6666666666667,2,291
11746,35,1.13574825,273,10974,N,58.3333333333333,2,291
12132,36,0.9235755,222,11746,N,60,2,291
12242,37,0.8736525,210,12132,N,61.6666666666667,2,291
2692,0,0.8570115,206,NA,N,0,0,292
2803,1,0.81124875,195,2692,N,1.66666666666667,0,292
2831,2,0.81956925,197,2803,N,3.33333333333333,0,292
2701,3,0.85285125,205,2831,N,5,0,292
2897,4,0.95269725,229,2701,N,6.66666666666667,0,292
3884,5,0.981819,236,2897,N,8.33333333333333,0,292
3021,6,0.96933825,233,3884,N,10,0,292
3036,7,0.9069345,218,3021,N,11.6666666666667,0,292
4316,8,0.9734985,234,3036,N,13.3333333333333,0,292
5789,9,0.99846,240,4316,N,15,0,292
4904,10,1.04422275,251,5789,N,16.6666666666667,0,292
5218,11,1.07750475,259,4904,N,18.3333333333333,0,292
4482,12,1.12742775,271,5218,N,20,0,292
4763,13,1.1232675,270,4482,N,21.6666666666667,0,292
5209,14,1.1399085,274,4763,N,23.3333333333333,0,292
4306,15,1.25223525,301,5209,N,25,0,292
6425,16,1.29383775,311,4306,N,26.6666666666667,0,292
6545,17,1.3895235,334,6425,N,28.3333333333333,0,292
7013,18,1.397844,336,6545,N,30,0,292
7017,19,1.6224975,390,7013,N,31.6666666666667,0,292
6115,20,1.730664,416,7017,N,33.3333333333333,0,292
7267,21,1.6724205,402,6115,N,35,0,292
7674,22,1.83051,440,7267,N,36.6666666666667,0,292
7924,23,1.730664,416,7674,N,38.3333333333333,0,292
10735,24,1.847151,444,7924,N,40,0,292
8622,25,1.94283675,467,10735,N,41.6666666666667,0,292
9343,26,1.913715,460,8622,N,43.3333333333333,0,292
9767,27,1.9386765,466,9343,N,45,0,292
8552,28,1.13574825,273,9767,Y,46.6666666666667,1,292
10383,29,1.1066265,266,8552,N,48.3333333333333,1,292
11639,34,1.4394465,346,10383,N,56.6666666666667,1,292
12553,35,1.36872225,329,11639,N,58.3333333333333,1,292
13020,36,1.264716,304,12553,N,60,1,292
2696,0,0.79460775,191,NA,N,0,0,293
2807,1,0.965178,232,2696,N,1.66666666666667,0,293
2835,2,0.965178,232,2807,N,3.33333333333333,0,293
2705,3,1.1565495,278,2835,N,5,0,293
2903,4,1.02758175,247,2705,N,6.66666666666667,0,293
3885,5,1.15238925,277,2903,N,8.33333333333333,0,293
3030,6,1.23559425,297,3885,N,10,0,293
3045,7,1.06086375,255,3030,N,11.6666666666667,0,293
4319,8,1.20231225,289,3045,N,13.3333333333333,0,293
5793,9,1.44360675,347,4319,N,15,0,293
4907,10,1.37704275,331,5793,N,16.6666666666667,0,293
5222,11,1.50185025,361,4907,N,18.3333333333333,0,293
4485,12,1.48520925,357,5222,N,20,0,293
4769,13,1.63497825,393,4485,N,21.6666666666667,0,293
5214,14,1.58505525,381,4769,N,23.3333333333333,0,293
4310,15,1.47688875,355,5214,N,25,0,293
6427,16,0.78628725,189,4310,Y,26.6666666666667,1,293
6547,17,0.7571655,182,6427,N,28.3333333333333,1,293
7016,18,0.798768,192,6547,N,30,1,293
7019,19,0.765486,184,7016,N,31.6666666666667,1,293
6116,20,0.81124875,195,7019,N,33.3333333333333,1,293
7271,21,0.87781275,211,6116,N,35,1,293
7676,22,0.87781275,211,7271,N,36.6666666666667,1,293
7927,23,0.948537,228,7676,N,38.3333333333333,1,293
10736,24,0.99429975,239,7927,N,40,1,293
8626,25,1.01926125,245,10736,N,41.6666666666667,1,293
9348,26,1.031742,248,8626,N,43.3333333333333,1,293
9770,27,1.0733445,258,9348,N,45,1,293
8556,28,1.08582525,261,9770,N,46.6666666666667,1,293
10385,29,1.0899855,262,8556,N,48.3333333333333,1,293
9336,30,1.12742775,271,10385,N,50,1,293
9517,31,1.1565495,278,9336,N,51.6666666666667,1,293
11218,32,1.4061645,338,9517,N,53.3333333333333,1,293
11678,33,1.26887625,305,11218,N,55,1,293
11125,34,1.464408,352,11678,N,56.6666666666667,1,293
12004,35,1.35208125,325,11125,N,58.3333333333333,1,293
12501,36,1.52681175,367,12004,N,60,1,293
12644,37,1.85131125,445,12501,N,61.6666666666667,1,293
2696,0,0.79460775,191,NA,N,0,0,294
2807,1,0.965178,232,2696,N,1.66666666666667,0,294
2835,2,0.965178,232,2807,N,3.33333333333333,0,294
2705,3,1.1565495,278,2835,N,5,0,294
2903,4,1.02758175,247,2705,N,6.66666666666667,0,294
3885,5,1.15238925,277,2903,N,8.33333333333333,0,294
3030,6,1.23559425,297,3885,N,10,0,294
3045,7,1.06086375,255,3030,N,11.6666666666667,0,294
4319,8,1.20231225,289,3045,N,13.3333333333333,0,294
5793,9,1.44360675,347,4319,N,15,0,294
4907,10,1.37704275,331,5793,N,16.6666666666667,0,294
5222,11,1.50185025,361,4907,N,18.3333333333333,0,294
4485,12,1.48520925,357,5222,N,20,0,294
4769,13,1.63497825,393,4485,N,21.6666666666667,0,294
5214,14,1.58505525,381,4769,N,23.3333333333333,0,294
4310,15,1.47688875,355,5214,N,25,0,294
6429,16,0.915255,220,4310,Y,26.6666666666667,1,294
6549,17,1.031742,248,6429,N,28.3333333333333,1,294
7018,18,0.8736525,210,6549,N,30,1,294
7021,19,0.94437675,227,7018,N,31.6666666666667,1,294
6117,20,0.915255,220,7021,N,33.3333333333333,1,294
7275,21,1.01926125,245,6117,N,35,1,294
7678,22,1.02758175,247,7275,N,36.6666666666667,1,294
7929,23,1.048383,252,7678,N,38.3333333333333,1,294
10737,24,1.1232675,270,7929,N,40,1,294
8629,25,1.10246625,265,10737,N,41.6666666666667,1,294
9354,26,1.1898315,286,8629,N,43.3333333333333,1,294
9772,27,1.36040175,327,9354,N,45,1,294
8558,28,1.46024775,351,9772,N,46.6666666666667,1,294
10386,29,1.5060105,362,8558,N,48.3333333333333,1,294
9836,31,1.52681175,367,10386,N,51.6666666666667,1,294
11413,32,0.81956925,197,9836,Y,53.3333333333333,2,294
3042,0,0.7738065,186,NA,N,0,0,295
3325,1,0.89445375,215,3042,N,1.66666666666667,0,295
3270,2,0.931896,224,3325,N,3.33333333333333,0,295
3118,3,0.99846,240,3270,N,5,0,295
3274,4,0.9568575,230,3118,N,6.66666666666667,0,295
3972,5,1.048383,252,3274,N,8.33333333333333,0,295
3357,6,1.248075,300,3972,N,10,0,295
3577,7,1.065024,256,3357,N,11.6666666666667,0,295
4434,8,0.99846,240,3577,N,13.3333333333333,0,295
5923,9,1.07750475,259,4434,N,15,0,295
5212,10,1.10246625,265,5923,N,16.6666666666667,0,295
5447,11,1.081665,260,5212,N,18.3333333333333,0,295
4741,12,1.19399175,287,5447,N,20,0,295
5078,13,1.22727375,295,4741,N,21.6666666666667,0,295
5534,14,1.18567125,285,5078,N,23.3333333333333,0,295
4433,15,1.05254325,253,5534,N,25,0,295
6554,16,1.0400625,250,4433,N,26.6666666666667,0,295
6679,17,1.1565495,278,6554,N,28.3333333333333,0,295
7200,18,1.16070975,279,6679,N,30,0,295
7225,19,1.21063275,291,7200,N,31.6666666666667,0,295
6185,20,1.2730365,306,7225,N,33.3333333333333,0,295
7573,21,1.46856825,353,6185,N,35,0,295
7804,22,1.5392925,370,7573,N,36.6666666666667,0,295
8062,23,1.5226515,366,7804,N,38.3333333333333,0,295
10816,24,1.52681175,367,8062,N,40,0,295
9753,26,1.59337575,383,10816,N,43.3333333333333,0,295
9997,27,1.530972,368,9753,N,45,0,295
8691,28,1.697382,408,9997,N,46.6666666666667,0,295
10459,29,0.7738065,186,8691,Y,48.3333333333333,1,295
2704,0,1.22727375,295,NA,N,0,0,296
2819,1,1.231434,296,2704,N,1.66666666666667,0,296
2840,2,1.24391475,299,2819,N,3.33333333333333,0,296
2712,3,1.564254,376,2840,N,5,0,296
2908,4,1.25223525,301,2712,N,6.66666666666667,0,296
3890,5,1.364562,328,2908,N,8.33333333333333,0,296
3039,6,1.6641,400,3890,N,10,0,296
3048,7,1.57673475,379,3039,N,11.6666666666667,0,296
4321,8,1.4560875,350,3048,N,13.3333333333333,0,296
5798,9,1.6724205,402,4321,N,15,0,296
4916,10,1.70986275,411,5798,N,16.6666666666667,0,296
5228,11,1.75978575,423,4916,N,18.3333333333333,0,296
4489,12,1.847151,444,5228,N,20,0,296
4773,13,1.76810625,425,4489,N,21.6666666666667,0,296
5219,14,1.647459,396,4773,N,23.3333333333333,0,296
4313,15,2.113407,508,5219,N,25,0,296
6431,16,0.9568575,230,4313,Y,26.6666666666667,1,296
6550,17,0.9734985,234,6431,N,28.3333333333333,1,296
7022,18,1.0567035,254,6550,N,30,1,296
7025,19,0.9069345,218,7022,N,31.6666666666667,1,296
6118,20,1.16070975,279,7025,N,33.3333333333333,1,296
7279,21,1.04422275,251,6118,N,35,1,296
7680,22,1.23559425,297,7279,N,36.6666666666667,1,296
7931,23,1.11078675,267,7680,N,38.3333333333333,1,296
10738,24,1.11078675,267,7931,N,40,1,296
8631,25,0.96101775,231,10738,N,41.6666666666667,1,296
9359,26,1.181511,284,8631,N,43.3333333333333,1,296
9775,27,1.14406875,275,9359,N,45,1,296
8560,28,1.1399085,274,9775,N,46.6666666666667,1,296
10387,29,1.06918425,257,8560,N,48.3333333333333,1,296
9344,30,1.38536325,333,10387,N,50,1,296
9522,31,1.21895325,293,9344,N,51.6666666666667,1,296
11219,32,1.4228055,342,9522,N,53.3333333333333,1,296
11682,33,1.381203,332,11219,N,55,1,296
11128,34,1.514331,364,11682,N,56.6666666666667,1,296
12011,35,1.65161925,397,11128,N,58.3333333333333,1,296
12508,36,0.81124875,195,12011,Y,60,2,296
12650,37,1.00262025,241,12508,N,61.6666666666667,2,296
2704,0,1.22727375,295,NA,N,0,0,297
2819,1,1.231434,296,2704,N,1.66666666666667,0,297
2840,2,1.24391475,299,2819,N,3.33333333333333,0,297
2712,3,1.564254,376,2840,N,5,0,297
2908,4,1.25223525,301,2712,N,6.66666666666667,0,297
3890,5,1.364562,328,2908,N,8.33333333333333,0,297
3039,6,1.6641,400,3890,N,10,0,297
3048,7,1.57673475,379,3039,N,11.6666666666667,0,297
4321,8,1.4560875,350,3048,N,13.3333333333333,0,297
5798,9,1.6724205,402,4321,N,15,0,297
4916,10,1.70986275,411,5798,N,16.6666666666667,0,297
5228,11,1.75978575,423,4916,N,18.3333333333333,0,297
4489,12,1.847151,444,5228,N,20,0,297
4773,13,1.76810625,425,4489,N,21.6666666666667,0,297
5219,14,1.647459,396,4773,N,23.3333333333333,0,297
4313,15,2.113407,508,5219,N,25,0,297
6432,16,0.8403705,202,4313,Y,26.6666666666667,1,297
6552,17,0.84453075,203,6432,N,28.3333333333333,1,297
7024,18,0.87781275,211,6552,N,30,1,297
7027,19,0.86949225,209,7024,N,31.6666666666667,1,297
6119,20,0.84453075,203,7027,N,33.3333333333333,1,297
7282,21,1.0067805,242,6119,N,35,1,297
7682,22,1.00262025,241,7282,N,36.6666666666667,1,297
7932,23,0.91941525,221,7682,N,38.3333333333333,1,297
10739,24,1.01094075,243,7932,N,40,1,297
8634,25,1.031742,248,10739,N,41.6666666666667,1,297
9362,26,1.08582525,261,8634,N,43.3333333333333,1,297
9778,27,1.131588,272,9362,N,45,1,297
8562,28,1.081665,260,9778,N,46.6666666666667,1,297
10388,29,1.06918425,257,8562,N,48.3333333333333,1,297
9349,30,1.03590225,249,10388,N,50,1,297
9524,31,1.3728825,330,9349,N,51.6666666666667,1,297
11222,32,1.564254,376,9524,N,53.3333333333333,1,297
11683,33,0.74468475,179,11222,Y,55,2,297
11129,34,0.68644125,165,11683,N,56.6666666666667,2,297
12012,35,0.80292825,193,11129,N,58.3333333333333,2,297
12513,36,0.70308225,169,12012,N,60,2,297
12656,37,0.6240375,150,12513,N,61.6666666666667,2,297
3044,0,1.12742775,271,NA,N,0,0,298
3332,1,1.2563955,302,3044,N,1.66666666666667,0,298
3278,2,1.34376075,323,3332,N,3.33333333333333,0,298
3123,3,1.281357,308,3278,N,5,0,298
3279,4,1.31879925,317,3123,N,6.66666666666667,0,298
2430,5,1.4560875,350,3279,N,8.33333333333333,0,298
2467,6,0.75300525,181,2430,Y,10,1,298
2419,7,0.75300525,181,2467,N,11.6666666666667,1,298
4160,8,0.71140275,171,2419,N,13.3333333333333,1,298
5566,9,0.71972325,173,4160,N,15,1,298
4683,10,0.8570115,206,5566,N,16.6666666666667,1,298
4935,11,0.86117175,207,4683,N,18.3333333333333,1,298
4162,12,0.85285125,205,4935,N,20,1,298
4538,13,0.71140275,171,4162,N,21.6666666666667,1,298
4934,14,0.76132575,183,4538,N,23.3333333333333,1,298
4143,15,0.80292825,193,4934,N,25,1,298
6339,16,0.78628725,189,4143,N,26.6666666666667,1,298
6430,17,0.92773575,223,6339,N,28.3333333333333,1,298
6855,18,0.85285125,205,6430,N,30,1,298
6856,19,0.931896,224,6855,N,31.6666666666667,1,298
6047,20,0.865332,208,6856,N,33.3333333333333,1,298
7035,21,0.865332,208,6047,N,35,1,298
7478,22,1.26055575,303,7035,N,36.6666666666667,1,298
7748,23,1.25223525,301,7478,N,38.3333333333333,1,298
10653,24,0.5574735,134,7748,Y,40,2,298
8448,25,0.582435,140,10653,N,41.6666666666667,2,298
3044,0,1.12742775,271,NA,N,0,0,299
3332,1,1.2563955,302,3044,N,1.66666666666667,0,299
3278,2,1.34376075,323,3332,N,3.33333333333333,0,299
3123,3,1.281357,308,3278,N,5,0,299
3279,4,1.31879925,317,3123,N,6.66666666666667,0,299
2430,5,1.4560875,350,3279,N,8.33333333333333,0,299
2463,6,0.78628725,189,2430,Y,10,1,299
2417,7,0.8237295,198,2463,N,11.6666666666667,1,299
4158,8,0.85285125,205,2417,N,13.3333333333333,1,299
5562,9,0.9069345,218,4158,N,15,1,299
4680,10,0.90277425,217,5562,N,16.6666666666667,1,299
4931,11,1.00262025,241,4680,N,18.3333333333333,1,299
4157,12,0.981819,236,4931,N,20,1,299
4535,13,0.92773575,223,4157,N,21.6666666666667,1,299
4929,14,0.91109475,219,4535,N,23.3333333333333,1,299
4141,15,0.95269725,229,4929,N,25,1,299
6338,16,1.04422275,251,4141,N,26.6666666666667,1,299
6428,17,1.22727375,295,6338,N,28.3333333333333,1,299
6853,18,1.1731905,282,6428,N,30,1,299
6854,19,1.16070975,279,6853,N,31.6666666666667,1,299
6046,20,1.37704275,331,6854,N,33.3333333333333,1,299
7032,21,1.414485,340,6046,N,35,1,299
7475,22,1.4394465,346,7032,N,36.6666666666667,1,299
7746,23,0.74468475,179,7475,Y,38.3333333333333,2,299
10651,24,0.66564,160,7746,N,40,2,299
8446,25,0.79460775,191,10651,N,41.6666666666667,2,299
8917,26,0.76132575,183,8446,N,43.3333333333333,2,299
9421,27,0.94437675,227,8917,N,45,2,299
8397,28,0.782127,188,9421,N,46.6666666666667,2,299
10301,29,0.8570115,206,8397,N,48.3333333333333,2,299
3069,0,0.7738065,186,NA,N,0,0,300
3334,1,0.85285125,205,3069,N,1.66666666666667,0,300
3286,2,0.881973,212,3334,N,3.33333333333333,0,300
3129,3,1.05254325,253,3286,N,5,0,300
3283,4,0.98597925,237,3129,N,6.66666666666667,0,300
3973,5,1.06086375,255,3283,N,8.33333333333333,0,300
3362,6,1.2064725,290,3973,N,10,0,300
3584,7,1.26055575,303,3362,N,11.6666666666667,0,300
4436,8,1.27719675,307,3584,N,13.3333333333333,0,300
5924,9,1.42696575,343,4436,N,15,0,300
5216,10,1.3728825,330,5924,N,16.6666666666667,0,300
5454,11,1.4893695,358,5216,N,18.3333333333333,0,300
4746,12,1.5892155,382,5454,N,20,0,300
5084,13,1.70986275,411,4746,N,21.6666666666667,0,300
5540,14,1.730664,416,5084,N,23.3333333333333,0,300
4435,15,1.930356,464,5540,N,25,0,300
6557,16,2.06764425,497,4435,N,26.6666666666667,0,300
6682,17,0.96101775,231,6557,Y,28.3333333333333,1,300
7205,18,0.9235755,222,6682,N,30,1,300
7230,19,0.981819,236,7205,N,31.6666666666667,1,300
3069,0,0.7738065,186,NA,N,0,0,301
3334,1,0.85285125,205,3069,N,1.66666666666667,0,301
3286,2,0.881973,212,3334,N,3.33333333333333,0,301
3129,3,1.05254325,253,3286,N,5,0,301
3283,4,0.98597925,237,3129,N,6.66666666666667,0,301
3973,5,1.06086375,255,3283,N,8.33333333333333,0,301
3362,6,1.2064725,290,3973,N,10,0,301
3584,7,1.26055575,303,3362,N,11.6666666666667,0,301
4436,8,1.27719675,307,3584,N,13.3333333333333,0,301
5924,9,1.42696575,343,4436,N,15,0,301
5216,10,1.3728825,330,5924,N,16.6666666666667,0,301
5454,11,1.4893695,358,5216,N,18.3333333333333,0,301
4746,12,1.5892155,382,5454,N,20,0,301
5084,13,1.70986275,411,4746,N,21.6666666666667,0,301
5540,14,1.730664,416,5084,N,23.3333333333333,0,301
4435,15,1.930356,464,5540,N,25,0,301
6557,16,2.06764425,497,4435,N,26.6666666666667,0,301
6681,17,0.99429975,239,6557,Y,28.3333333333333,1,301
7203,18,0.931896,224,6681,N,30,1,301
7227,19,0.92773575,223,7203,N,31.6666666666667,1,301
6186,20,1.07750475,259,7227,N,33.3333333333333,1,301
7576,21,1.131588,272,6186,N,35,1,301
7806,22,1.281357,308,7576,N,36.6666666666667,1,301
8064,23,1.314639,316,7806,N,38.3333333333333,1,301
10817,24,1.3396005,322,8064,N,40,1,301
8851,25,1.5392925,370,10817,N,41.6666666666667,1,301
9757,26,1.5559335,374,8851,N,43.3333333333333,1,301
9999,27,1.697382,408,9757,N,45,1,301
8693,28,1.84299075,443,9999,N,46.6666666666667,1,301
10462,29,0.815409,196,8693,Y,48.3333333333333,2,301
8843,30,0.7738065,186,10462,N,50,2,301
2708,0,1.214793,292,NA,N,0,0,302
2824,1,1.2231135,294,2708,N,1.66666666666667,0,302
2851,2,1.530972,368,2824,N,3.33333333333333,0,302
2724,3,1.21895325,293,2851,N,5,0,302
2923,4,1.6724205,402,2724,N,6.66666666666667,0,302
3895,5,1.647459,396,2923,N,8.33333333333333,0,302
3041,6,0.81124875,195,3895,Y,10,1,302
3050,7,0.74468475,179,3041,N,11.6666666666667,1,302
4323,8,0.82788975,199,3050,N,13.3333333333333,1,302
2708,0,1.214793,292,NA,N,0,0,303
2824,1,1.2231135,294,2708,N,1.66666666666667,0,303
2851,2,1.530972,368,2824,N,3.33333333333333,0,303
2724,3,1.21895325,293,2851,N,5,0,303
2923,4,1.6724205,402,2724,N,6.66666666666667,0,303
3895,5,1.647459,396,2923,N,8.33333333333333,0,303
3040,6,0.95269725,229,3895,Y,10,1,303
3054,7,0.865332,208,3040,N,11.6666666666667,1,303
4325,8,0.915255,220,3054,N,13.3333333333333,1,303
5802,9,1.03590225,249,4325,N,15,1,303
4921,10,1.1898315,286,5802,N,16.6666666666667,1,303
5231,11,1.098306,264,4921,N,18.3333333333333,1,303
4493,12,1.1898315,286,5231,N,20,1,303
4777,13,1.26887625,305,4493,N,21.6666666666667,1,303
5224,14,1.30215825,313,4777,N,23.3333333333333,1,303
4315,15,1.33544025,321,5224,N,25,1,303
6435,16,1.44360675,347,4315,N,26.6666666666667,1,303
6555,17,1.464408,352,6435,N,28.3333333333333,1,303
7028,18,1.4394465,346,6555,N,30,1,303
7034,19,1.62665775,391,7028,N,31.6666666666667,1,303
6120,20,1.6391385,394,7034,N,33.3333333333333,1,303
7038,21,0.84453075,203,6120,Y,35,2,303
7482,22,0.898614,216,7038,N,36.6666666666667,2,303
7750,23,0.8570115,206,7482,N,38.3333333333333,2,303
10655,24,0.86949225,209,7750,N,40,2,303
8451,25,0.89445375,215,10655,N,41.6666666666667,2,303
8924,26,0.931896,224,8451,N,43.3333333333333,2,303
9432,27,0.9734985,234,8924,N,45,2,303
8403,28,1.0567035,254,9432,N,46.6666666666667,2,303
10304,29,1.04422275,251,8403,N,48.3333333333333,2,303
8902,30,1.11078675,267,10304,N,50,2,303
9142,31,1.131588,272,8902,N,51.6666666666667,2,303
11096,32,1.314639,316,9142,N,53.3333333333333,2,303
11486,33,1.16487,280,11096,N,55,2,303
10995,34,1.3229595,318,11486,N,56.6666666666667,2,303
11812,35,1.4727285,354,10995,N,58.3333333333333,2,303
12239,36,1.530972,368,11812,N,60,2,303
12330,37,0.78628725,189,12239,Y,61.6666666666667,3,303
2715,0,0.898614,216,NA,N,0,0,304
2828,1,0.99429975,239,2715,N,1.66666666666667,0,304
2856,2,0.90277425,217,2828,N,3.33333333333333,0,304
2729,3,0.93605625,225,2856,N,5,0,304
2929,4,0.9402165,226,2729,N,6.66666666666667,0,304
3896,5,1.00262025,241,2929,N,8.33333333333333,0,304
3043,6,1.00262025,241,3896,N,10,0,304
3057,7,1.1232675,270,3043,N,11.6666666666667,0,304
4327,8,1.1731905,282,3057,N,13.3333333333333,0,304
5806,9,1.16903025,281,4327,N,15,0,304
4925,10,1.181511,284,5806,N,16.6666666666667,0,304
5235,11,1.148229,276,4925,N,18.3333333333333,0,304
4496,12,1.40200425,337,5235,N,20,0,304
4785,13,0.68644125,165,4496,Y,21.6666666666667,1,304
5229,14,0.798768,192,4785,N,23.3333333333333,1,304
4318,15,0.7405245,178,5229,N,25,1,304
6439,16,0.86117175,207,4318,N,26.6666666666667,1,304
6558,17,0.85285125,205,6439,N,28.3333333333333,1,304
7033,18,0.8570115,206,6558,N,30,1,304
7040,19,0.881973,212,7033,N,31.6666666666667,1,304
6122,20,1.00262025,241,7040,N,33.3333333333333,1,304
7289,21,1.08582525,261,6122,N,35,1,304
7686,22,1.1731905,282,7289,N,36.6666666666667,1,304
7936,23,1.0733445,258,7686,N,38.3333333333333,1,304
10741,24,1.0733445,258,7936,N,40,1,304
8641,25,1.1232675,270,10741,N,41.6666666666667,1,304
9389,26,1.46856825,353,8641,N,43.3333333333333,1,304
9793,27,1.36872225,329,9389,N,45,1,304
13506,29,NA,-1,9793,Y,48.3333333333333,2,304
2715,0,0.898614,216,NA,N,0,0,305
2828,1,0.99429975,239,2715,N,1.66666666666667,0,305
2856,2,0.90277425,217,2828,N,3.33333333333333,0,305
2729,3,0.93605625,225,2856,N,5,0,305
2929,4,0.9402165,226,2729,N,6.66666666666667,0,305
3896,5,1.00262025,241,2929,N,8.33333333333333,0,305
3043,6,1.00262025,241,3896,N,10,0,305
3057,7,1.1232675,270,3043,N,11.6666666666667,0,305
4327,8,1.1731905,282,3057,N,13.3333333333333,0,305
5806,9,1.16903025,281,4327,N,15,0,305
4925,10,1.181511,284,5806,N,16.6666666666667,0,305
5235,11,1.148229,276,4925,N,18.3333333333333,0,305
4496,12,1.40200425,337,5235,N,20,0,305
4781,13,0.69476175,167,4496,Y,21.6666666666667,1,305
5226,14,0.80292825,193,4781,N,23.3333333333333,1,305
4317,15,0.83205,200,5226,N,25,1,305
6437,16,0.94437675,227,4317,N,26.6666666666667,1,305
6556,17,0.965178,232,6437,N,28.3333333333333,1,305
7031,18,1.02758175,247,6556,N,30,1,305
7037,19,0.95269725,229,7031,N,31.6666666666667,1,305
6121,20,0.9235755,222,7037,N,33.3333333333333,1,305
7286,21,1.1399085,274,6121,N,35,1,305
7684,22,1.098306,264,7286,N,36.6666666666667,1,305
7934,23,1.0234215,246,7684,N,38.3333333333333,1,305
10740,24,1.05254325,253,7934,N,40,1,305
8638,25,1.231434,296,10740,N,41.6666666666667,1,305
9383,26,1.2563955,302,8638,N,43.3333333333333,1,305
9789,27,1.0733445,258,9383,N,45,1,305
8568,28,1.54345275,371,9789,N,46.6666666666667,1,305
10391,29,0.7072425,170,8568,Y,48.3333333333333,2,305
3084,0,1.46024775,351,NA,N,0,0,306
3341,1,1.54345275,371,3084,N,1.66666666666667,0,306
3340,2,0.7904475,190,3341,Y,3.33333333333333,1,306
3136,3,0.682281,164,3340,N,5,1,306
3304,4,0.93605625,225,3136,N,6.66666666666667,1,306
3975,5,0.78628725,189,3304,N,8.33333333333333,1,306
3372,6,0.89445375,215,3975,N,10,1,306
3597,7,0.8570115,206,3372,N,11.6666666666667,1,306
4439,8,0.93605625,225,3597,N,13.3333333333333,1,306
5926,9,1.02758175,247,4439,N,15,1,306
5223,10,1.0400625,250,5926,N,16.6666666666667,1,306
5467,11,1.01926125,245,5223,N,18.3333333333333,1,306
4754,12,1.1399085,274,5467,N,20,1,306
5092,13,1.21063275,291,4754,N,21.6666666666667,1,306
5552,14,1.08582525,261,5092,N,23.3333333333333,1,306
4440,15,1.364562,328,5552,N,25,1,306
6562,16,1.314639,316,4440,N,26.6666666666667,1,306
6687,17,1.231434,296,6562,N,28.3333333333333,1,306
7207,18,1.29383775,311,6687,N,30,1,306
7234,19,1.44360675,347,7207,N,31.6666666666667,1,306
6187,20,1.68490125,405,7234,N,33.3333333333333,1,306
8050,21,1.5392925,370,6187,N,35,1,306
7812,22,1.614177,388,8050,N,36.6666666666667,1,306
7869,23,0.99429975,239,7812,Y,38.3333333333333,2,306
10707,24,0.931896,224,7869,N,40,2,306
8566,25,0.88613325,213,10707,N,41.6666666666667,2,306
9212,26,1.00262025,241,8566,N,43.3333333333333,2,306
9670,27,0.965178,232,9212,N,45,2,306
8506,28,0.96933825,233,9670,N,46.6666666666667,2,306
10359,29,1.02758175,247,8506,N,48.3333333333333,2,306
11628,33,1.21895325,293,10359,N,55,2,306
11078,34,1.37704275,331,11628,N,56.6666666666667,2,306
11957,35,1.6058565,386,11078,N,58.3333333333333,2,306
12431,36,1.697382,408,11957,N,60,2,306
12552,37,1.83467025,441,12431,N,61.6666666666667,2,306
2722,0,0.92773575,223,NA,N,0,0,307
2833,1,1.0899855,262,2722,N,1.66666666666667,0,307
2861,2,1.1066265,266,2833,N,3.33333333333333,0,307
2730,3,1.0234215,246,2861,N,5,0,307
2934,4,1.1399085,274,2730,N,6.66666666666667,0,307
3897,5,1.1898315,286,2934,N,8.33333333333333,0,307
3046,6,1.31047875,315,3897,N,10,0,307
3062,7,1.314639,316,3046,N,11.6666666666667,0,307
4329,8,1.35208125,325,3062,N,13.3333333333333,0,307
5811,9,1.3562415,326,4329,N,15,0,307
4932,10,1.5559335,374,5811,N,16.6666666666667,0,307
5239,11,1.3562415,326,4932,N,18.3333333333333,0,307
4502,12,0.82788975,199,5239,Y,20,1,307
4794,13,0.89445375,215,4502,N,21.6666666666667,1,307
5236,14,0.89445375,215,4794,N,23.3333333333333,1,307
4322,15,0.9402165,226,5236,N,25,1,307
6442,16,0.97765875,235,4322,N,26.6666666666667,1,307
6561,17,1.03590225,249,6442,N,28.3333333333333,1,307
7039,18,1.0899855,262,6561,N,30,1,307
7043,19,1.21063275,291,7039,N,31.6666666666667,1,307
6123,20,1.15238925,277,7043,N,33.3333333333333,1,307
7292,21,1.3063185,314,6123,N,35,1,307
7687,22,1.248075,300,7292,N,36.6666666666667,1,307
7938,23,1.55177325,373,7687,N,38.3333333333333,1,307
10742,24,1.5060105,362,7938,N,40,1,307
2731,0,1.0733445,258,NA,N,0,0,308
2844,1,1.131588,272,2731,N,1.66666666666667,0,308
2870,2,1.22727375,295,2844,N,3.33333333333333,0,308
2739,3,1.248075,300,2870,N,5,0,308
2946,4,1.36040175,327,2739,N,6.66666666666667,0,308
3899,5,1.530972,368,2946,N,8.33333333333333,0,308
3049,6,1.7057025,410,3899,N,10,0,308
3072,7,1.47688875,355,3049,N,11.6666666666667,0,308
4332,8,1.25223525,301,3072,N,13.3333333333333,0,308
5914,9,0.7904475,190,4332,Y,15,1,308
5174,10,0.96101775,231,5914,N,16.6666666666667,1,308
5399,11,0.96101775,231,5174,N,18.3333333333333,1,308
4694,12,0.94437675,227,5399,N,20,1,308
5028,13,1.031742,248,4694,N,21.6666666666667,1,308
5479,14,0.915255,220,5028,N,23.3333333333333,1,308
4412,15,0.9402165,226,5479,N,25,1,308
6534,16,0.96933825,233,4412,N,26.6666666666667,1,308
6657,17,0.99846,240,6534,N,28.3333333333333,1,308
7171,18,1.06086375,255,6657,N,30,1,308
7187,19,1.015101,244,7171,N,31.6666666666667,1,308
6175,20,1.2563955,302,7187,N,33.3333333333333,1,308
7543,21,1.3229595,318,6175,N,35,1,308
7787,22,1.42696575,343,7543,N,36.6666666666667,1,308
8045,23,1.50185025,361,7787,N,38.3333333333333,1,308
10804,24,1.5226515,366,8045,N,40,1,308
8808,25,1.4893695,358,10804,N,41.6666666666667,1,308
9683,26,1.6641,400,8808,N,43.3333333333333,1,308
9974,27,1.57673475,379,9683,N,45,1,308
8667,28,0.881973,212,9974,Y,46.6666666666667,2,308
10448,29,0.8070885,194,8667,N,48.3333333333333,2,308
8742,30,0.9901395,238,10448,N,50,2,308
9708,31,1.0567035,254,8742,N,51.6666666666667,2,308
11319,32,0.87781275,211,9708,N,53.3333333333333,2,308
11854,33,1.04422275,251,11319,N,55,2,308
11346,34,1.12742775,271,11854,N,56.6666666666667,2,308
12232,35,1.14406875,275,11346,N,58.3333333333333,2,308
12741,36,1.181511,284,12232,N,60,2,308
12853,37,1.16487,280,12741,N,61.6666666666667,2,308
2736,0,0.91941525,221,NA,N,0,0,309
2849,1,0.88613325,213,2736,N,1.66666666666667,0,309
2874,2,1.06086375,255,2849,N,3.33333333333333,0,309
2742,3,1.07750475,259,2874,N,5,0,309
2950,4,1.098306,264,2742,N,6.66666666666667,0,309
3900,5,1.2064725,290,2950,N,8.33333333333333,0,309
3052,6,1.41864525,341,3900,N,10,0,309
3083,7,1.464408,352,3052,N,11.6666666666667,0,309
4334,8,1.46856825,353,3083,N,13.3333333333333,0,309
5817,9,1.580895,380,4334,N,15,0,309
4946,10,1.70986275,411,5817,N,16.6666666666667,0,309
5251,11,1.69322175,407,4946,N,18.3333333333333,0,309
4511,12,0.7571655,182,5251,Y,20,1,309
4810,13,0.83205,200,4511,N,21.6666666666667,1,309
2736,0,0.91941525,221,NA,N,0,0,310
2849,1,0.88613325,213,2736,N,1.66666666666667,0,310
2874,2,1.06086375,255,2849,N,3.33333333333333,0,310
2742,3,1.07750475,259,2874,N,5,0,310
2950,4,1.098306,264,2742,N,6.66666666666667,0,310
3900,5,1.2064725,290,2950,N,8.33333333333333,0,310
3052,6,1.41864525,341,3900,N,10,0,310
3083,7,1.464408,352,3052,N,11.6666666666667,0,310
4334,8,1.46856825,353,3083,N,13.3333333333333,0,310
5817,9,1.580895,380,4334,N,15,0,310
4946,10,1.70986275,411,5817,N,16.6666666666667,0,310
5251,11,1.69322175,407,4946,N,18.3333333333333,0,310
4513,12,0.84453075,203,5251,Y,20,1,310
4813,13,0.848691,204,4513,N,21.6666666666667,1,310
5248,14,0.948537,228,4813,N,23.3333333333333,1,310
4328,15,0.93605625,225,5248,N,25,1,310
6448,16,1.05254325,253,4328,N,26.6666666666667,1,310
6567,17,0.99429975,239,6448,N,28.3333333333333,1,310
7047,18,1.0899855,262,6567,N,30,1,310
7049,19,1.09414575,263,7047,N,31.6666666666667,1,310
6126,20,1.11078675,267,7049,N,33.3333333333333,1,310
7304,21,0.965178,232,6126,N,35,1,310
7690,22,0.981819,236,7304,N,36.6666666666667,1,310
7944,23,1.0567035,254,7690,N,38.3333333333333,1,310
10746,24,1.24391475,299,7944,N,40,1,310
8653,25,1.21063275,291,10746,N,41.6666666666667,1,310
9408,26,1.3229595,318,8653,N,43.3333333333333,1,310
9810,27,1.3063185,314,9408,N,45,1,310
8576,28,1.47688875,355,9810,N,46.6666666666667,1,310
10396,29,1.4394465,346,8576,N,48.3333333333333,1,310
9427,30,1.630818,392,10396,N,50,1,310
9531,31,1.6058565,386,9427,N,51.6666666666667,1,310
11223,32,0.8070885,194,9531,Y,53.3333333333333,2,310
11703,33,0.7571655,182,11223,N,55,2,310
11158,34,0.97765875,235,11703,N,56.6666666666667,2,310
3107,0,0.81124875,195,NA,N,0,0,311
3361,1,0.7238835,174,3107,N,1.66666666666667,0,311
3350,2,0.85285125,205,3361,N,3.33333333333333,0,311
3150,3,1.0733445,258,3350,N,5,0,311
3310,4,0.86117175,207,3150,N,6.66666666666667,0,311
3976,5,1.01094075,243,3310,N,8.33333333333333,0,311
3379,6,1.07750475,259,3976,N,10,0,311
3608,7,0.915255,220,3379,N,11.6666666666667,0,311
4441,8,1.06086375,255,3608,N,13.3333333333333,0,311
5927,9,1.048383,252,4441,N,15,0,311
5230,10,1.081665,260,5927,N,16.6666666666667,0,311
5477,11,1.098306,264,5230,N,18.3333333333333,0,311
4762,12,1.131588,272,5477,N,20,0,311
5102,13,1.15238925,277,4762,N,21.6666666666667,0,311
5564,14,1.26055575,303,5102,N,23.3333333333333,0,311
4444,15,1.2064725,290,5564,N,25,0,311
6566,16,1.1731905,282,4444,N,26.6666666666667,0,311
6693,17,1.264716,304,6566,N,28.3333333333333,0,311
7213,18,1.31879925,317,6693,N,30,0,311
7246,19,1.431126,344,7213,N,31.6666666666667,0,311
6189,20,1.381203,332,7246,N,33.3333333333333,0,311
8056,21,1.57673475,379,6189,N,35,0,311
7814,22,0.68644125,165,8056,Y,36.6666666666667,1,311
8067,23,0.6406785,154,7814,N,38.3333333333333,1,311
10821,24,0.7571655,182,8067,N,40,1,311
8863,25,0.9568575,230,10821,N,41.6666666666667,1,311
9769,26,0.87781275,211,8863,N,43.3333333333333,1,311
10008,27,0.96101775,231,9769,N,45,1,311
8703,28,1.09414575,263,10008,N,46.6666666666667,1,311
10469,29,1.031742,248,8703,N,48.3333333333333,1,311
8885,30,1.048383,252,10469,N,50,1,311
9776,31,1.37704275,331,8885,N,51.6666666666667,1,311
11356,32,1.22727375,295,9776,N,53.3333333333333,1,311
11909,33,1.37704275,331,11356,N,55,1,311
11394,34,1.16903025,281,11909,N,56.6666666666667,1,311
12341,35,1.46024775,351,11394,N,58.3333333333333,1,311
12811,36,1.23559425,297,12341,N,60,1,311
13050,37,0.67812075,163,12811,Y,61.6666666666667,2,311
3107,0,0.81124875,195,NA,N,0,0,312
3361,1,0.7238835,174,3107,N,1.66666666666667,0,312
3350,2,0.85285125,205,3361,N,3.33333333333333,0,312
3150,3,1.0733445,258,3350,N,5,0,312
3310,4,0.86117175,207,3150,N,6.66666666666667,0,312
3976,5,1.01094075,243,3310,N,8.33333333333333,0,312
3379,6,1.07750475,259,3976,N,10,0,312
3608,7,0.915255,220,3379,N,11.6666666666667,0,312
4441,8,1.06086375,255,3608,N,13.3333333333333,0,312
5927,9,1.048383,252,4441,N,15,0,312
5230,10,1.081665,260,5927,N,16.6666666666667,0,312
5477,11,1.098306,264,5230,N,18.3333333333333,0,312
4762,12,1.131588,272,5477,N,20,0,312
5102,13,1.15238925,277,4762,N,21.6666666666667,0,312
5564,14,1.26055575,303,5102,N,23.3333333333333,0,312
4444,15,1.2064725,290,5564,N,25,0,312
6566,16,1.1731905,282,4444,N,26.6666666666667,0,312
6693,17,1.264716,304,6566,N,28.3333333333333,0,312
7213,18,1.31879925,317,6693,N,30,0,312
7246,19,1.431126,344,7213,N,31.6666666666667,0,312
6189,20,1.381203,332,7246,N,33.3333333333333,0,312
8056,21,1.57673475,379,6189,N,35,0,312
7815,22,0.84453075,203,8056,Y,36.6666666666667,1,312
8068,23,0.9235755,222,7815,N,38.3333333333333,1,312
10822,24,0.83205,200,8068,N,40,1,312
8865,25,0.915255,220,10822,N,41.6666666666667,1,312
9771,26,0.8736525,210,8865,N,43.3333333333333,1,312
10010,27,1.01094075,243,9771,N,45,1,312
8704,28,1.031742,248,10010,N,46.6666666666667,1,312
10470,29,1.00262025,241,8704,N,48.3333333333333,1,312
8889,30,1.19399175,287,10470,N,50,1,312
9779,31,1.114947,268,8889,N,51.6666666666667,1,312
11359,32,1.31879925,317,9779,N,53.3333333333333,1,312
11911,33,1.3063185,314,11359,N,55,1,312
11395,34,1.6890615,406,11911,N,56.6666666666667,1,312
12342,35,1.56009375,375,11395,N,58.3333333333333,1,312
12808,36,0.915255,220,12342,Y,60,2,312
12901,37,0.88613325,213,12808,N,61.6666666666667,2,312
2766,0,1.73482425,417,NA,N,0,0,313
2853,1,1.72650375,415,2766,N,1.66666666666667,0,313
2879,2,0.88613325,213,2853,Y,3.33333333333333,1,313
2745,3,0.93605625,225,2879,N,5,1,313
2956,4,0.91941525,221,2745,N,6.66666666666667,1,313
3901,5,0.9235755,222,2956,N,8.33333333333333,1,313
3061,6,1.0733445,258,3901,N,10,1,313
3090,7,1.04422275,251,3061,N,11.6666666666667,1,313
4336,8,1.048383,252,3090,N,13.3333333333333,1,313
5820,9,1.1066265,266,4336,N,15,1,313
4951,10,1.13574825,273,5820,N,16.6666666666667,1,313
5255,11,1.131588,272,4951,N,18.3333333333333,1,313
4516,12,1.27719675,307,5255,N,20,1,313
4816,13,1.35208125,325,4516,N,21.6666666666667,1,313
5253,14,1.43528625,345,4816,N,23.3333333333333,1,313
4330,15,1.4061645,338,5253,N,25,1,313
6455,16,1.597536,384,4330,N,26.6666666666667,1,313
6570,17,1.747305,420,6455,N,28.3333333333333,1,313
7051,18,1.730664,416,6570,N,30,1,313
7054,19,0.898614,216,7051,Y,31.6666666666667,2,313
6128,20,0.865332,208,7054,N,33.3333333333333,2,313
7312,21,0.84453075,203,6128,N,35,2,313
7692,22,1.02758175,247,7312,N,36.6666666666667,2,313
7948,23,0.981819,236,7692,N,38.3333333333333,2,313
10748,24,0.9734985,234,7948,N,40,2,313
8656,25,0.9901395,238,10748,N,41.6666666666667,2,313
9416,26,1.0400625,250,8656,N,43.3333333333333,2,313
9819,27,1.21063275,291,9416,N,45,2,313
8582,28,1.22727375,295,9819,N,46.6666666666667,2,313
10399,29,1.32711975,319,8582,N,48.3333333333333,2,313
9434,30,1.397844,336,10399,N,50,2,313
9539,31,1.4893695,358,9434,N,51.6666666666667,2,313
11230,32,1.39368375,335,9539,N,53.3333333333333,2,313
11712,33,1.6391385,394,11230,N,55,2,313
11162,34,0.698922,168,11712,Y,56.6666666666667,3,313
12047,35,0.81124875,195,11162,N,58.3333333333333,3,313
12557,36,0.90277425,217,12047,N,60,3,313
12714,37,0.90277425,217,12557,N,61.6666666666667,3,313
2766,0,1.73482425,417,NA,N,0,0,314
2853,1,1.72650375,415,2766,N,1.66666666666667,0,314
2884,2,0.948537,228,2853,Y,3.33333333333333,1,314
2749,3,0.9402165,226,2884,N,5,1,314
2961,4,1.031742,248,2749,N,6.66666666666667,1,314
3903,5,1.03590225,249,2961,N,8.33333333333333,1,314
3064,6,1.2730365,306,3903,N,10,1,314
3096,7,1.09414575,263,3064,N,11.6666666666667,1,314
4338,8,1.198152,288,3096,N,13.3333333333333,1,314
5823,9,1.17735075,283,4338,N,15,1,314
4956,10,1.33128,320,5823,N,16.6666666666667,1,314
5258,11,1.43528625,345,4956,N,18.3333333333333,1,314
4519,12,1.431126,344,5258,N,20,1,314
4822,13,1.464408,352,4519,N,21.6666666666667,1,314
5282,14,1.44360675,347,4822,N,23.3333333333333,1,314
4333,15,1.29383775,311,5282,N,25,1,314
6458,16,1.75146525,421,4333,N,26.6666666666667,1,314
6573,17,1.89291375,455,6458,N,28.3333333333333,1,314
7055,18,1.647459,396,6573,N,30,1,314
7059,19,0.7904475,190,7055,Y,31.6666666666667,2,314
2766,0,1.73482425,417,NA,N,0,0,315
2853,1,1.72650375,415,2766,N,1.66666666666667,0,315
2884,2,0.948537,228,2853,Y,3.33333333333333,1,315
2749,3,0.9402165,226,2884,N,5,1,315
2961,4,1.031742,248,2749,N,6.66666666666667,1,315
3903,5,1.03590225,249,2961,N,8.33333333333333,1,315
3064,6,1.2730365,306,3903,N,10,1,315
3096,7,1.09414575,263,3064,N,11.6666666666667,1,315
4338,8,1.198152,288,3096,N,13.3333333333333,1,315
5823,9,1.17735075,283,4338,N,15,1,315
4956,10,1.33128,320,5823,N,16.6666666666667,1,315
5258,11,1.43528625,345,4956,N,18.3333333333333,1,315
4519,12,1.431126,344,5258,N,20,1,315
4822,13,1.464408,352,4519,N,21.6666666666667,1,315
5282,14,1.44360675,347,4822,N,23.3333333333333,1,315
4333,15,1.29383775,311,5282,N,25,1,315
6458,16,1.75146525,421,4333,N,26.6666666666667,1,315
6573,17,1.89291375,455,6458,N,28.3333333333333,1,315
7055,18,1.647459,396,6573,N,30,1,315
7057,19,0.79460775,191,7055,Y,31.6666666666667,2,315
6129,20,0.91941525,221,7057,N,33.3333333333333,2,315
7315,21,0.9402165,226,6129,N,35,2,315
7693,22,1.10246625,265,7315,N,36.6666666666667,2,315
7950,23,1.08582525,261,7693,N,38.3333333333333,2,315
10749,24,1.1066265,266,7950,N,40,2,315
8658,25,1.231434,296,10749,N,41.6666666666667,2,315
9422,26,1.297998,312,8658,N,43.3333333333333,2,315
9824,27,1.68490125,405,9422,N,45,2,315
8584,28,1.647459,396,9824,N,46.6666666666667,2,315
9440,30,1.597536,384,8584,N,50,2,315
9548,31,1.80970875,435,9440,N,51.6666666666667,2,315
11237,32,1.74314475,419,9548,N,53.3333333333333,2,315
11723,33,1.031742,248,11237,Y,55,3,315
2260,0,1.33128,320,NA,N,0,0,316
2342,1,1.28551725,309,2260,N,1.66666666666667,0,316
2420,2,1.647459,396,2342,N,3.33333333333333,0,316
2322,3,1.5559335,374,2420,N,5,0,316
2403,4,1.5226515,366,2322,N,6.66666666666667,0,316
2338,5,0.85285125,205,2403,Y,8.33333333333333,1,316
2418,6,0.931896,224,2338,N,10,1,316
2260,0,1.33128,320,NA,N,0,0,317
2342,1,1.28551725,309,2260,N,1.66666666666667,0,317
2420,2,1.647459,396,2342,N,3.33333333333333,0,317
2322,3,1.5559335,374,2420,N,5,0,317
2403,4,1.5226515,366,2322,N,6.66666666666667,0,317
2343,5,0.881973,212,2403,Y,8.33333333333333,1,317
2421,6,0.981819,236,2343,N,10,1,317
2386,7,0.99429975,239,2421,N,11.6666666666667,1,317
4127,8,0.99846,240,2386,N,13.3333333333333,1,317
5498,9,1.02758175,247,4127,N,15,1,317
4636,10,1.05254325,253,5498,N,16.6666666666667,1,317
4872,11,1.1066265,266,4636,N,18.3333333333333,1,317
4115,12,1.15238925,277,4872,N,20,1,317
4498,13,1.11910725,269,4115,N,21.6666666666667,1,317
4861,14,1.1898315,286,4498,N,23.3333333333333,1,317
4100,15,1.20231225,289,4861,N,25,1,317
6324,16,1.2896775,310,4100,N,26.6666666666667,1,317
6399,17,1.32711975,319,6324,N,28.3333333333333,1,317
6828,18,1.49352975,359,6399,N,30,1,317
6816,19,1.4727285,354,6828,N,31.6666666666667,1,317
6031,20,1.630818,392,6816,N,33.3333333333333,1,317
6977,21,0.798768,192,6031,Y,35,2,317
7409,22,0.782127,188,6977,N,36.6666666666667,2,317
7708,23,0.95269725,229,7409,N,38.3333333333333,2,317
10633,24,0.9734985,234,7708,N,40,2,317
8409,25,0.99846,240,10633,N,41.6666666666667,2,317
8332,26,1.06086375,255,8409,N,43.3333333333333,2,317
9352,27,1.0733445,258,8332,N,45,2,317
8369,28,1.1232675,270,9352,N,46.6666666666667,2,317
10283,29,1.181511,284,8369,N,48.3333333333333,2,317
8829,30,1.36040175,327,10283,N,50,2,317
9058,31,1.464408,352,8829,N,51.6666666666667,2,317
11067,32,1.49769,360,9058,N,53.3333333333333,2,317
11246,33,1.64329875,395,11067,N,55,2,317
10977,34,1.547613,372,11246,N,56.6666666666667,2,317
11755,35,1.7889075,430,10977,N,58.3333333333333,2,317
12149,36,1.847151,444,11755,N,60,2,317
12260,37,0.915255,220,12149,Y,61.6666666666667,3,317
3126,0,0.97765875,235,NA,N,0,0,318
3366,1,0.9734985,234,3126,N,1.66666666666667,0,318
3354,2,0.9734985,234,3366,N,3.33333333333333,0,318
3156,3,1.00262025,241,3354,N,5,0,318
3313,4,1.081665,260,3156,N,6.66666666666667,0,318
3977,5,1.1565495,278,3313,N,8.33333333333333,0,318
3384,6,1.281357,308,3977,N,10,0,318
3612,7,1.2064725,290,3384,N,11.6666666666667,0,318
4443,8,1.3229595,318,3612,N,13.3333333333333,0,318
5928,9,1.44360675,347,4443,N,15,0,318
5234,10,1.48520925,357,5928,N,16.6666666666667,0,318
5483,11,1.547613,372,5234,N,18.3333333333333,0,318
4766,12,1.53513225,369,5483,N,20,0,318
5107,13,1.46024775,351,4766,N,21.6666666666667,0,318
5574,14,0.7904475,190,5107,Y,23.3333333333333,1,318
4447,15,0.82788975,199,5574,N,25,1,318
6569,16,0.88613325,213,4447,N,26.6666666666667,1,318
6696,17,0.9069345,218,6569,N,28.3333333333333,1,318
7218,18,0.9734985,234,6696,N,30,1,318
7254,19,0.99429975,239,7218,N,31.6666666666667,1,318
6191,20,1.31879925,317,7254,N,33.3333333333333,1,318
3126,0,0.97765875,235,NA,N,0,0,319
3366,1,0.9734985,234,3126,N,1.66666666666667,0,319
3354,2,0.9734985,234,3366,N,3.33333333333333,0,319
3156,3,1.00262025,241,3354,N,5,0,319
3313,4,1.081665,260,3156,N,6.66666666666667,0,319
3977,5,1.1565495,278,3313,N,8.33333333333333,0,319
3384,6,1.281357,308,3977,N,10,0,319
3612,7,1.2064725,290,3384,N,11.6666666666667,0,319
4443,8,1.3229595,318,3612,N,13.3333333333333,0,319
5928,9,1.44360675,347,4443,N,15,0,319
5234,10,1.48520925,357,5928,N,16.6666666666667,0,319
5483,11,1.547613,372,5234,N,18.3333333333333,0,319
4766,12,1.53513225,369,5483,N,20,0,319
5107,13,1.46024775,351,4766,N,21.6666666666667,0,319
5569,14,0.9235755,222,5107,Y,23.3333333333333,1,319
4446,15,0.89445375,215,5569,N,25,1,319
6568,16,1.0067805,242,4446,N,26.6666666666667,1,319
6695,17,0.96933825,233,6568,N,28.3333333333333,1,319
7215,18,1.08582525,261,6695,N,30,1,319
7250,19,1.0400625,250,7215,N,31.6666666666667,1,319
6190,20,1.24391475,299,7250,N,33.3333333333333,1,319
8059,21,1.3728825,330,6190,N,35,1,319
7817,22,1.4228055,342,8059,N,36.6666666666667,1,319
8070,23,1.41032475,339,7817,N,38.3333333333333,1,319
10823,24,1.63497825,393,8070,N,40,1,319
8867,25,1.57673475,379,10823,N,41.6666666666667,1,319
9780,26,0.71972325,173,8867,Y,43.3333333333333,2,319
3126,0,0.97765875,235,NA,N,0,0,320
3366,1,0.9734985,234,3126,N,1.66666666666667,0,320
3354,2,0.9734985,234,3366,N,3.33333333333333,0,320
3156,3,1.00262025,241,3354,N,5,0,320
3313,4,1.081665,260,3156,N,6.66666666666667,0,320
3977,5,1.1565495,278,3313,N,8.33333333333333,0,320
3384,6,1.281357,308,3977,N,10,0,320
3612,7,1.2064725,290,3384,N,11.6666666666667,0,320
4443,8,1.3229595,318,3612,N,13.3333333333333,0,320
5928,9,1.44360675,347,4443,N,15,0,320
5234,10,1.48520925,357,5928,N,16.6666666666667,0,320
5483,11,1.547613,372,5234,N,18.3333333333333,0,320
4766,12,1.53513225,369,5483,N,20,0,320
5107,13,1.46024775,351,4766,N,21.6666666666667,0,320
5569,14,0.9235755,222,5107,Y,23.3333333333333,1,320
4446,15,0.89445375,215,5569,N,25,1,320
6568,16,1.0067805,242,4446,N,26.6666666666667,1,320
6695,17,0.96933825,233,6568,N,28.3333333333333,1,320
7215,18,1.08582525,261,6695,N,30,1,320
7250,19,1.0400625,250,7215,N,31.6666666666667,1,320
6190,20,1.24391475,299,7250,N,33.3333333333333,1,320
8059,21,1.3728825,330,6190,N,35,1,320
7817,22,1.4228055,342,8059,N,36.6666666666667,1,320
8070,23,1.41032475,339,7817,N,38.3333333333333,1,320
10823,24,1.63497825,393,8070,N,40,1,320
8867,25,1.57673475,379,10823,N,41.6666666666667,1,320
9774,26,0.94437675,227,8867,Y,43.3333333333333,2,320
10012,27,1.00262025,241,9774,N,45,2,320
8706,28,1.06086375,255,10012,N,46.6666666666667,2,320
10471,29,1.048383,252,8706,N,48.3333333333333,2,320
11592,34,1.60169625,385,10471,N,56.6666666666667,2,320
12487,35,1.6058565,386,11592,N,58.3333333333333,2,320
12963,36,0.6906015,166,12487,Y,60,3,320
3130,0,1.02758175,247,NA,N,0,0,321
3371,1,0.948537,228,3130,N,1.66666666666667,0,321
3358,2,1.0400625,250,3371,N,3.33333333333333,0,321
3187,3,1.181511,284,3358,N,5,0,321
3319,4,1.11078675,267,3187,N,6.66666666666667,0,321
3978,5,1.2730365,306,3319,N,8.33333333333333,0,321
3393,6,1.431126,344,3978,N,10,0,321
3621,7,1.59337575,383,3393,N,11.6666666666667,0,321
4445,8,1.47688875,355,3621,N,13.3333333333333,0,321
5929,9,1.6641,400,4445,N,15,0,321
5238,10,1.5060105,362,5929,N,16.6666666666667,0,321
5493,11,0.748845,180,5238,Y,18.3333333333333,1,321
4774,12,0.7571655,182,5493,N,20,1,321
5116,13,0.82788975,199,4774,N,21.6666666666667,1,321
5583,14,0.8237295,198,5116,N,23.3333333333333,1,321
4451,15,0.92773575,223,5583,N,25,1,321
6572,16,0.86949225,209,4451,N,26.6666666666667,1,321
6701,17,0.9402165,226,6572,N,28.3333333333333,1,321
7224,18,0.9734985,234,6701,N,30,1,321
7261,19,1.01094075,243,7224,N,31.6666666666667,1,321
6193,20,1.02758175,247,7261,N,33.3333333333333,1,321
8063,21,1.11910725,269,6193,N,35,1,321
7821,22,1.20231225,289,8063,N,36.6666666666667,1,321
8075,23,1.2231135,294,7821,N,38.3333333333333,1,321
10826,24,1.25223525,301,8075,N,40,1,321
8876,25,1.49352975,359,10826,N,41.6666666666667,1,321
9788,26,1.481049,356,8876,N,43.3333333333333,1,321
10020,27,0.7072425,170,9788,Y,45,2,321
3130,0,1.02758175,247,NA,N,0,0,322
3371,1,0.948537,228,3130,N,1.66666666666667,0,322
3358,2,1.0400625,250,3371,N,3.33333333333333,0,322
3187,3,1.181511,284,3358,N,5,0,322
3319,4,1.11078675,267,3187,N,6.66666666666667,0,322
3978,5,1.2730365,306,3319,N,8.33333333333333,0,322
3393,6,1.431126,344,3978,N,10,0,322
3621,7,1.59337575,383,3393,N,11.6666666666667,0,322
4445,8,1.47688875,355,3621,N,13.3333333333333,0,322
5929,9,1.6641,400,4445,N,15,0,322
5238,10,1.5060105,362,5929,N,16.6666666666667,0,322
5488,11,0.8070885,194,5238,Y,18.3333333333333,1,322
4770,12,0.8237295,198,5488,N,20,1,322
5113,13,0.93605625,225,4770,N,21.6666666666667,1,322
5580,14,0.86949225,209,5113,N,23.3333333333333,1,322
4449,15,0.90277425,217,5580,N,25,1,322
6571,16,0.96101775,231,4449,N,26.6666666666667,1,322
6699,17,0.9402165,226,6571,N,28.3333333333333,1,322
7221,18,0.96933825,233,6699,N,30,1,322
7258,19,1.0400625,250,7221,N,31.6666666666667,1,322
6192,20,1.1399085,274,7258,N,33.3333333333333,1,322
8061,21,1.198152,288,6192,N,35,1,322
7819,22,1.281357,308,8061,N,36.6666666666667,1,322
8073,23,1.3229595,318,7819,N,38.3333333333333,1,322
10825,24,1.38536325,333,8073,N,40,1,322
8873,25,1.4061645,338,10825,N,41.6666666666667,1,322
9785,26,1.44360675,347,8873,N,43.3333333333333,1,322
10016,27,0.71140275,171,9785,Y,45,2,322
8710,28,0.76132575,183,10016,N,46.6666666666667,2,322
2262,0,1.19399175,287,NA,N,0,0,323
2352,1,1.264716,304,2262,N,1.66666666666667,0,323
2423,2,1.447767,348,2352,N,3.33333333333333,0,323
2327,3,1.64329875,395,2423,N,5,0,323
2433,4,0.78628725,189,2327,Y,6.66666666666667,1,323
2345,5,0.798768,192,2433,N,8.33333333333333,1,323
2422,6,0.7904475,190,2345,N,10,1,323
2262,0,1.19399175,287,NA,N,0,0,324
2352,1,1.264716,304,2262,N,1.66666666666667,0,324
2423,2,1.447767,348,2352,N,3.33333333333333,0,324
2327,3,1.64329875,395,2423,N,5,0,324
2438,4,0.65315925,157,2327,Y,6.66666666666667,1,324
2353,5,0.8237295,198,2438,N,8.33333333333333,1,324
2424,6,0.91109475,219,2353,N,10,1,324
2389,7,0.90277425,217,2424,N,11.6666666666667,1,324
4133,8,0.95269725,229,2389,N,13.3333333333333,1,324
5509,9,1.0899855,262,4133,N,15,1,324
4643,10,1.00262025,241,5509,N,16.6666666666667,1,324
4880,11,1.06086375,255,4643,N,18.3333333333333,1,324
4121,12,1.19399175,287,4880,N,20,1,324
4504,13,1.18567125,285,4121,N,21.6666666666667,1,324
4869,14,1.11078675,267,4504,N,23.3333333333333,1,324
4106,15,1.16487,280,4869,N,25,1,324
6326,16,1.2231135,294,4106,N,26.6666666666667,1,324
6404,17,1.36872225,329,6326,N,28.3333333333333,1,324
6830,18,1.1898315,286,6404,N,30,1,324
6823,19,1.16903025,281,6830,N,31.6666666666667,1,324
6033,20,1.4560875,350,6823,N,33.3333333333333,1,324
6986,21,1.6224975,390,6033,N,35,1,324
7421,22,1.680741,404,6986,N,36.6666666666667,1,324
7715,23,1.397844,336,7421,N,38.3333333333333,1,324
10637,24,1.397844,336,7715,N,40,1,324
8416,25,1.530972,368,10637,N,41.6666666666667,1,324
8335,26,1.7223435,414,8416,N,43.3333333333333,1,324
9363,27,1.897074,456,8335,N,45,1,324
8373,28,1.447767,348,9363,N,46.6666666666667,1,324
10286,29,1.00262025,241,8373,Y,48.3333333333333,2,324
8838,30,1.01926125,245,10286,N,50,2,324
9072,31,1.04422275,251,8838,N,51.6666666666667,2,324
11073,32,1.11910725,269,9072,N,53.3333333333333,2,324
11252,33,1.2397545,298,11073,N,55,2,324
10980,34,1.131588,272,11252,N,56.6666666666667,2,324
11765,35,1.3063185,314,10980,N,58.3333333333333,2,324
12163,36,1.43528625,345,11765,N,60,2,324
12278,37,1.264716,304,12163,N,61.6666666666667,2,324
2776,0,1.69322175,407,NA,N,0,0,325
2867,1,1.46856825,353,2776,N,1.66666666666667,0,325
2893,2,1.697382,408,2867,N,3.33333333333333,0,325
2757,3,0.93605625,225,2893,Y,5,1,325
2974,4,1.0067805,242,2757,N,6.66666666666667,1,325
3927,5,1.0400625,250,2974,N,8.33333333333333,1,325
3073,6,1.1565495,278,3927,N,10,1,325
3108,7,1.02758175,247,3073,N,11.6666666666667,1,325
4344,8,1.1399085,274,3108,N,13.3333333333333,1,325
5834,9,1.16903025,281,4344,N,15,1,325
4971,10,1.1898315,286,5834,N,16.6666666666667,1,325
5267,11,1.198152,288,4971,N,18.3333333333333,1,325
4528,12,1.048383,252,5267,N,20,1,325
4834,13,1.28551725,309,4528,N,21.6666666666667,1,325
5298,14,1.16487,280,4834,N,23.3333333333333,1,325
4339,15,1.297998,312,5298,N,25,1,325
6463,16,1.5559335,374,4339,N,26.6666666666667,1,325
6579,17,1.6724205,402,6463,N,28.3333333333333,1,325
7064,18,1.4893695,358,6579,N,30,1,325
7071,19,1.6641,400,7064,N,31.6666666666667,1,325
6134,20,1.65161925,397,7071,N,33.3333333333333,1,325
7332,21,1.67658075,403,6134,N,35,1,325
7704,22,1.75146525,421,7332,N,36.6666666666667,1,325
7962,23,1.81802925,437,7704,N,38.3333333333333,1,325
10755,24,1.01094075,243,7962,Y,40,2,325
8672,25,0.915255,220,10755,N,41.6666666666667,2,325
9453,26,1.06086375,255,8672,N,43.3333333333333,2,325
9840,27,1.16070975,279,9453,N,45,2,325
8594,28,1.13574825,273,9840,N,46.6666666666667,2,325
10403,29,1.11910725,269,8594,N,48.3333333333333,2,325
9458,30,1.198152,288,10403,N,50,2,325
9563,31,1.21895325,293,9458,N,51.6666666666667,2,325
11244,32,1.53513225,369,9563,N,53.3333333333333,2,325
11730,33,1.447767,348,11244,N,55,2,325
11176,34,1.68490125,405,11730,N,56.6666666666667,2,325
12063,35,1.61833725,389,11176,N,58.3333333333333,2,325
12590,36,0.7738065,186,12063,Y,60,3,325
12740,37,0.83621025,201,12590,N,61.6666666666667,3,325
2776,0,1.69322175,407,NA,N,0,0,326
2867,1,1.46856825,353,2776,N,1.66666666666667,0,326
2893,2,1.697382,408,2867,N,3.33333333333333,0,326
2753,3,0.8736525,210,2893,Y,5,1,326
2967,4,1.0067805,242,2753,N,6.66666666666667,1,326
3926,5,0.9901395,238,2967,N,8.33333333333333,1,326
3067,6,1.0400625,250,3926,N,10,1,326
3102,7,1.031742,248,3067,N,11.6666666666667,1,326
4342,8,1.15238925,277,3102,N,13.3333333333333,1,326
5831,9,1.08582525,261,4342,N,15,1,326
4966,10,1.198152,288,5831,N,16.6666666666667,1,326
5264,11,1.13574825,273,4966,N,18.3333333333333,1,326
4525,12,1.12742775,271,5264,N,20,1,326
4830,13,1.264716,304,4525,N,21.6666666666667,1,326
5294,14,1.3895235,334,4830,N,23.3333333333333,1,326
4337,15,1.431126,344,5294,N,25,1,326
6461,16,1.49352975,359,4337,N,26.6666666666667,1,326
6576,17,1.41032475,339,6461,N,28.3333333333333,1,326
7061,18,1.6724205,402,6576,N,30,1,326
7067,19,1.85131125,445,7061,N,31.6666666666667,1,326
6133,20,1.76810625,425,7067,N,33.3333333333333,1,326
7327,21,1.87627275,451,6133,N,35,1,326
7700,22,1.06918425,257,7327,Y,36.6666666666667,2,326
7957,23,1.10246625,265,7700,N,38.3333333333333,2,326
3141,0,0.78628725,189,NA,N,0,0,327
3380,1,0.95269725,229,3141,N,1.66666666666667,0,327
3369,2,0.948537,228,3380,N,3.33333333333333,0,327
3198,3,1.04422275,251,3369,N,5,0,327
3344,4,1.065024,256,3198,N,6.66666666666667,0,327
3980,5,1.048383,252,3344,N,8.33333333333333,0,327
3404,6,1.381203,332,3980,N,10,0,327
3633,7,1.3728825,330,3404,N,11.6666666666667,0,327
4450,8,1.40200425,337,3633,N,13.3333333333333,0,327
5931,9,1.46024775,351,4450,N,15,0,327
5245,10,1.58505525,381,5931,N,16.6666666666667,0,327
5507,11,1.647459,396,5245,N,18.3333333333333,0,327
4783,12,1.897074,456,5507,N,20,0,327
13531,13,NA,-1,4783,Y,21.6666666666667,1,327
3141,0,0.78628725,189,NA,N,0,0,328
3380,1,0.95269725,229,3141,N,1.66666666666667,0,328
3369,2,0.948537,228,3380,N,3.33333333333333,0,328
3198,3,1.04422275,251,3369,N,5,0,328
3344,4,1.065024,256,3198,N,6.66666666666667,0,328
3980,5,1.048383,252,3344,N,8.33333333333333,0,328
3404,6,1.381203,332,3980,N,10,0,328
3633,7,1.3728825,330,3404,N,11.6666666666667,0,328
4450,8,1.40200425,337,3633,N,13.3333333333333,0,328
5931,9,1.46024775,351,4450,N,15,0,328
5245,10,1.58505525,381,5931,N,16.6666666666667,0,328
5507,11,1.647459,396,5245,N,18.3333333333333,0,328
4783,12,1.897074,456,5507,N,20,0,328
5452,13,0.87781275,211,4783,Y,21.6666666666667,1,328
5873,14,0.96101775,231,5452,N,23.3333333333333,1,328
4734,15,0.898614,216,5873,N,25,1,328
6731,16,1.01094075,243,4734,N,26.6666666666667,1,328
7656,17,1.04422275,251,6731,N,28.3333333333333,1,328
7511,18,0.98597925,237,7656,N,30,1,328
7554,19,1.05254325,253,7511,N,31.6666666666667,1,328
6284,20,1.12742775,271,7554,N,33.3333333333333,1,328
8284,21,1.2730365,306,6284,N,35,1,328
7991,22,1.297998,312,8284,N,36.6666666666667,1,328
8239,23,1.231434,296,7991,N,38.3333333333333,1,328
10925,24,1.248075,300,8239,N,40,1,328
9288,25,1.2896775,310,10925,N,41.6666666666667,1,328
10057,26,1.45192725,349,9288,N,43.3333333333333,1,328
10220,27,1.4061645,338,10057,N,45,1,328
9030,28,1.7223435,414,10220,N,46.6666666666667,1,328
10585,29,1.79306775,431,9030,N,48.3333333333333,1,328
9620,30,0.96101775,231,10585,Y,50,2,328
10195,31,0.98597925,237,9620,N,51.6666666666667,2,328
11586,32,0.9568575,230,10195,N,53.3333333333333,2,328
12218,33,1.01094075,243,11586,N,55,2,328
11793,34,1.1232675,270,12218,N,56.6666666666667,2,328
12723,35,1.1232675,270,11793,N,58.3333333333333,2,328
13134,36,1.264716,304,12723,N,60,2,328
13174,37,1.37704275,331,13134,N,61.6666666666667,2,328
2786,0,0.6906015,166,NA,N,0,0,329
2871,1,0.782127,188,2786,N,1.66666666666667,0,329
2902,2,1.02758175,247,2871,N,3.33333333333333,0,329
2764,3,1.031742,248,2902,N,5,0,329
2986,4,1.048383,252,2764,N,6.66666666666667,0,329
3929,5,1.081665,260,2986,N,8.33333333333333,0,329
3082,6,1.05254325,253,3929,N,10,0,329
3117,7,1.198152,288,3082,N,11.6666666666667,0,329
4348,8,1.33128,320,3117,N,13.3333333333333,0,329
5840,9,1.364562,328,4348,N,15,0,329
4983,10,1.36040175,327,5840,N,16.6666666666667,0,329
5273,11,1.55177325,373,4983,N,18.3333333333333,0,329
4534,12,1.66826025,401,5273,N,20,0,329
4845,13,1.630818,392,4534,N,21.6666666666667,0,329
5309,14,1.64329875,395,4845,N,23.3333333333333,0,329
4343,15,1.79306775,431,5309,N,25,0,329
6314,16,0.765486,184,4343,Y,26.6666666666667,1,329
6379,17,0.898614,216,6314,N,28.3333333333333,1,329
2797,0,1.980279,476,NA,N,0,0,330
2882,1,1.54345275,371,2797,N,1.66666666666667,0,330
2922,2,0.981819,236,2882,Y,3.33333333333333,1,330
2770,3,0.93605625,225,2922,N,5,1,330
2992,4,1.0899855,262,2770,N,6.66666666666667,1,330
3930,5,1.065024,256,2992,N,8.33333333333333,1,330
3092,6,1.114947,268,3930,N,10,1,330
3121,7,1.21895325,293,3092,N,11.6666666666667,1,330
4350,8,1.1066265,266,3121,N,13.3333333333333,1,330
5844,9,1.16487,280,4350,N,15,1,330
4989,10,1.0400625,250,5844,N,16.6666666666667,1,330
5276,11,1.11910725,269,4989,N,18.3333333333333,1,330
4537,12,1.25223525,301,5276,N,20,1,330
4851,13,1.231434,296,4537,N,21.6666666666667,1,330
5311,14,1.51017075,363,4851,N,23.3333333333333,1,330
4347,15,1.614177,388,5311,N,25,1,330
6471,16,1.597536,384,4347,N,26.6666666666667,1,330
6589,17,1.39368375,335,6471,N,28.3333333333333,1,330
7078,18,0.80292825,193,6589,Y,30,2,330
7086,19,0.7904475,190,7078,N,31.6666666666667,2,330
6138,20,0.8570115,206,7086,N,33.3333333333333,2,330
7347,21,0.848691,204,6138,N,35,2,330
7719,22,0.96933825,233,7347,N,36.6666666666667,2,330
7970,23,0.87781275,211,7719,N,38.3333333333333,2,330
10759,24,1.0067805,242,7970,N,40,2,330
8680,25,1.031742,248,10759,N,41.6666666666667,2,330
9481,26,1.08582525,261,8680,N,43.3333333333333,2,330
9856,27,1.1232675,270,9481,N,45,2,330
8600,28,1.22727375,295,9856,N,46.6666666666667,2,330
10408,29,1.28551725,309,8600,N,48.3333333333333,2,330
9550,30,0.91109475,219,10408,N,50,2,330
9587,31,1.4061645,338,9550,N,51.6666666666667,2,330
11999,33,0.782127,188,9587,Y,55,3,330
11408,34,0.91941525,221,11999,N,56.6666666666667,3,330
12379,35,0.97765875,235,11408,N,58.3333333333333,3,330
12857,36,1.14406875,275,12379,N,60,3,330
12935,37,1.25223525,301,12857,N,61.6666666666667,3,330
2801,0,0.615717,148,NA,N,0,0,331
2887,1,0.6240375,150,2801,N,1.66666666666667,0,331
2927,2,0.6906015,166,2887,N,3.33333333333333,0,331
2777,3,0.765486,184,2927,N,5,0,331
2996,4,0.71140275,171,2777,N,6.66666666666667,0,331
3931,5,0.7904475,190,2996,N,8.33333333333333,0,331
3098,6,0.81956925,197,3931,N,10,0,331
3125,7,0.76132575,183,3098,N,11.6666666666667,0,331
4352,8,0.8902935,214,3125,N,13.3333333333333,0,331
5846,9,0.91941525,221,4352,N,15,0,331
4998,10,0.92773575,223,5846,N,16.6666666666667,0,331
5278,11,0.798768,192,4998,N,18.3333333333333,0,331
4541,12,0.87781275,211,5278,N,20,0,331
4855,13,1.05254325,253,4541,N,21.6666666666667,0,331
5316,14,1.11078675,267,4855,N,23.3333333333333,0,331
4349,15,1.098306,264,5316,N,25,0,331
6473,16,1.16487,280,4349,N,26.6666666666667,0,331
6592,17,1.16903025,281,6473,N,28.3333333333333,0,331
7030,19,1.36040175,327,6592,N,31.6666666666667,0,331
8257,23,1.7057025,410,7030,N,38.3333333333333,0,331
10942,24,0.881973,212,8257,Y,40,1,331
9370,25,0.948537,228,10942,N,41.6666666666667,1,331
10091,26,0.981819,236,9370,N,43.3333333333333,1,331
10247,27,0.86949225,209,10091,N,45,1,331
9106,28,0.898614,216,10247,N,46.6666666666667,1,331
10600,29,0.915255,220,9106,N,48.3333333333333,1,331
9715,30,0.981819,236,10600,N,50,1,331
10223,31,1.01094075,243,9715,N,51.6666666666667,1,331
11619,32,1.06918425,257,10223,N,53.3333333333333,1,331
12275,33,1.148229,276,11619,N,55,1,331
11852,34,1.4228055,342,12275,N,56.6666666666667,1,331
12781,35,1.16070975,279,11852,N,58.3333333333333,1,331
13176,36,1.2231135,294,12781,N,60,1,331
13208,37,1.4560875,350,13176,N,61.6666666666667,1,331
2810,0,1.15238925,277,NA,N,0,0,332
2891,1,1.1399085,274,2810,N,1.66666666666667,0,332
2936,2,1.27719675,307,2891,N,3.33333333333333,0,332
2787,3,1.35208125,325,2936,N,5,0,332
3005,4,1.16903025,281,2787,N,6.66666666666667,0,332
3933,5,1.23559425,297,3005,N,8.33333333333333,0,332
3104,6,1.38536325,333,3933,N,10,0,332
3144,7,1.264716,304,3104,N,11.6666666666667,0,332
4356,8,1.4560875,350,3144,N,13.3333333333333,0,332
5856,9,1.57673475,379,4356,N,15,0,332
5005,10,1.564254,376,5856,N,16.6666666666667,0,332
5284,11,1.58505525,381,5005,N,18.3333333333333,0,332
4552,12,1.71818325,413,5284,N,20,0,332
4871,13,1.92619575,463,4552,N,21.6666666666667,0,332
5325,14,1.82634975,439,4871,N,23.3333333333333,0,332
4353,15,2.0052405,482,5325,N,25,0,332
6477,16,0.9568575,230,4353,Y,26.6666666666667,1,332
2810,0,1.15238925,277,NA,N,0,0,333
2891,1,1.1399085,274,2810,N,1.66666666666667,0,333
2936,2,1.27719675,307,2891,N,3.33333333333333,0,333
2787,3,1.35208125,325,2936,N,5,0,333
3005,4,1.16903025,281,2787,N,6.66666666666667,0,333
3933,5,1.23559425,297,3005,N,8.33333333333333,0,333
3104,6,1.38536325,333,3933,N,10,0,333
3144,7,1.264716,304,3104,N,11.6666666666667,0,333
4356,8,1.4560875,350,3144,N,13.3333333333333,0,333
5856,9,1.57673475,379,4356,N,15,0,333
5005,10,1.564254,376,5856,N,16.6666666666667,0,333
5284,11,1.58505525,381,5005,N,18.3333333333333,0,333
4552,12,1.71818325,413,5284,N,20,0,333
4871,13,1.92619575,463,4552,N,21.6666666666667,0,333
5325,14,1.82634975,439,4871,N,23.3333333333333,0,333
4353,15,2.0052405,482,5325,N,25,0,333
6479,16,0.9235755,222,4353,Y,26.6666666666667,1,333
6596,17,1.148229,276,6479,N,28.3333333333333,1,333
7082,18,1.1399085,274,6596,N,30,1,333
7094,19,1.198152,288,7082,N,31.6666666666667,1,333
6141,20,1.33128,320,7094,N,33.3333333333333,1,333
7357,21,1.431126,344,6141,N,35,1,333
7727,22,1.5892155,382,7357,N,36.6666666666667,1,333
7976,23,1.464408,352,7727,N,38.3333333333333,1,333
10763,24,1.5725745,378,7976,N,40,1,333
8689,25,1.6557795,398,10763,N,41.6666666666667,1,333
9502,26,1.9053945,458,8689,N,43.3333333333333,1,333
9878,27,0.8237295,198,9502,Y,45,2,333
8609,28,1.04422275,251,9878,N,46.6666666666667,2,333
10412,29,0.965178,232,8609,N,48.3333333333333,2,333
9580,30,1.081665,260,10412,N,50,2,333
9605,31,1.131588,272,9580,N,51.6666666666667,2,333
11258,32,1.2896775,310,9605,N,53.3333333333333,2,333
11764,33,1.26887625,305,11258,N,55,2,333
11197,34,1.49352975,359,11764,N,56.6666666666667,2,333
12099,35,1.47688875,355,11197,N,58.3333333333333,2,333
12634,36,1.55177325,373,12099,N,60,2,333
12782,37,1.547613,372,12634,N,61.6666666666667,2,333
3186,0,0.79460775,191,NA,N,0,0,334
3408,1,0.79460775,191,3186,N,1.66666666666667,0,334
3400,2,0.82788975,199,3408,N,3.33333333333333,0,334
3227,3,0.9901395,238,3400,N,5,0,334
3533,4,0.86117175,207,3227,N,6.66666666666667,0,334
3986,5,0.8902935,214,3533,N,8.33333333333333,0,334
3434,6,1.0899855,262,3986,N,10,0,334
3705,7,0.715563,172,3434,N,11.6666666666667,0,334
5471,8,0.782127,188,3705,N,13.3333333333333,0,334
5938,9,0.915255,220,5471,N,15,0,334
5268,10,0.8570115,206,5938,N,16.6666666666667,0,334
5556,11,0.9402165,226,5268,N,18.3333333333333,0,334
4815,12,1.131588,272,5556,N,20,0,334
5167,13,1.06918425,257,4815,N,21.6666666666667,0,334
5631,14,1.02758175,247,5167,N,23.3333333333333,0,334
4483,15,1.297998,312,5631,N,25,0,334
6595,16,1.1898315,286,4483,N,26.6666666666667,0,334
6724,17,1.29383775,311,6595,N,28.3333333333333,0,334
7269,18,1.19399175,287,6724,N,30,0,334
7306,19,1.2896775,310,7269,N,31.6666666666667,0,334
6205,20,1.41032475,339,7306,N,33.3333333333333,0,334
8088,21,1.481049,356,6205,N,35,0,334
7841,22,1.93451625,465,8088,N,36.6666666666667,0,334
8096,23,1.59337575,383,7841,N,38.3333333333333,0,334
10841,24,1.530972,368,8096,N,40,0,334
8922,25,0.68644125,165,10841,Y,41.6666666666667,1,334
9837,26,0.6739605,162,8922,N,43.3333333333333,1,334
10050,27,0.7405245,178,9837,N,45,1,334
8732,28,0.848691,204,10050,N,46.6666666666667,1,334
10492,29,0.86117175,207,8732,N,48.3333333333333,1,334
9067,30,0.96101775,231,10492,N,50,1,334
9822,31,0.9568575,230,9067,N,51.6666666666667,1,334
11387,32,0.915255,220,9822,N,53.3333333333333,1,334
11954,33,0.97765875,235,11387,N,55,1,334
11428,34,1.00262025,241,11954,N,56.6666666666667,1,334
12401,35,1.07750475,259,11428,N,58.3333333333333,1,334
12873,36,1.248075,300,12401,N,60,1,334
12952,37,1.32711975,319,12873,N,61.6666666666667,1,334
2340,0,0.99429975,239,NA,N,0,0,335
2388,1,1.031742,248,2340,N,1.66666666666667,0,335
2428,2,1.1731905,282,2388,N,3.33333333333333,0,335
2332,3,1.2231135,294,2428,N,5,0,335
2448,4,1.21895325,293,2332,N,6.66666666666667,0,335
2375,5,1.41864525,341,2448,N,8.33333333333333,0,335
2429,6,1.49352975,359,2375,N,10,0,335
2399,7,1.38536325,333,2429,N,11.6666666666667,0,335
4139,8,1.44360675,347,2399,N,13.3333333333333,0,335
5521,9,1.47688875,355,4139,N,15,0,335
4650,10,1.4228055,342,5521,N,16.6666666666667,0,335
4889,11,1.5392925,370,4650,N,18.3333333333333,0,335
4128,12,1.58505525,381,4889,N,20,0,335
4510,13,1.4394465,346,4128,N,21.6666666666667,0,335
4882,14,1.564254,376,4510,N,23.3333333333333,0,335
4110,15,0.83205,200,4882,Y,25,1,335
6328,16,0.76964625,185,4110,N,26.6666666666667,1,335
2340,0,0.99429975,239,NA,N,0,0,336
2388,1,1.031742,248,2340,N,1.66666666666667,0,336
2428,2,1.1731905,282,2388,N,3.33333333333333,0,336
2332,3,1.2231135,294,2428,N,5,0,336
2448,4,1.21895325,293,2332,N,6.66666666666667,0,336
2375,5,1.41864525,341,2448,N,8.33333333333333,0,336
2429,6,1.49352975,359,2375,N,10,0,336
2399,7,1.38536325,333,2429,N,11.6666666666667,0,336
4139,8,1.44360675,347,2399,N,13.3333333333333,0,336
5521,9,1.47688875,355,4139,N,15,0,336
4650,10,1.4228055,342,5521,N,16.6666666666667,0,336
4889,11,1.5392925,370,4650,N,18.3333333333333,0,336
4128,12,1.58505525,381,4889,N,20,0,336
4510,13,1.4394465,346,4128,N,21.6666666666667,0,336
4882,14,1.564254,376,4510,N,23.3333333333333,0,336
4113,15,0.881973,212,4882,Y,25,1,336
6329,16,0.80292825,193,4113,N,26.6666666666667,1,336
6407,17,0.99846,240,6329,N,28.3333333333333,1,336
6832,18,1.081665,260,6407,N,30,1,336
6827,19,1.181511,284,6832,N,31.6666666666667,1,336
6035,20,1.198152,288,6827,N,33.3333333333333,1,336
6992,21,1.06918425,257,6035,N,35,1,336
7430,22,1.53513225,369,6992,N,36.6666666666667,1,336
7724,23,1.49769,360,7430,N,38.3333333333333,1,336
10639,24,1.64329875,395,7724,N,40,1,336
8420,25,1.40200425,337,10639,N,41.6666666666667,1,336
8337,26,1.80970875,435,8420,N,43.3333333333333,1,336
13552,27,NA,-1,8337,Y,45,2,336
2816,0,1.4560875,350,NA,N,0,0,337
2900,1,1.53513225,369,2816,N,1.66666666666667,0,337
2944,2,1.614177,388,2900,N,3.33333333333333,0,337
2794,3,1.6058565,386,2944,N,5,0,337
3009,4,1.63497825,393,2794,N,6.66666666666667,0,337
3934,5,0.71140275,171,3009,Y,8.33333333333333,1,337
3109,6,0.82788975,199,3934,N,10,1,337
3151,7,0.74468475,179,3109,N,11.6666666666667,1,337
4358,8,0.7904475,190,3151,N,13.3333333333333,1,337
5858,9,0.748845,180,4358,N,15,1,337
5010,10,0.78628725,189,5858,N,16.6666666666667,1,337
5288,11,0.78628725,189,5010,N,18.3333333333333,1,337
4555,12,0.7904475,190,5288,N,20,1,337
4875,13,0.9568575,230,4555,N,21.6666666666667,1,337
5329,14,0.91109475,219,4875,N,23.3333333333333,1,337
4355,15,1.01094075,243,5329,N,25,1,337
6481,16,1.09414575,263,4355,N,26.6666666666667,1,337
6598,17,1.08582525,261,6481,N,28.3333333333333,1,337
7084,18,1.22727375,295,6598,N,30,1,337
7098,19,1.30215825,313,7084,N,31.6666666666667,1,337
7360,21,1.46024775,351,7098,N,35,1,337
7731,22,0.8902935,214,7360,Y,36.6666666666667,2,337
7980,23,0.84453075,203,7731,N,38.3333333333333,2,337
10765,24,0.84453075,203,7980,N,40,2,337
8692,25,0.8403705,202,10765,N,41.6666666666667,2,337
9509,26,0.83205,200,8692,N,43.3333333333333,2,337
9882,27,0.87781275,211,9509,N,45,2,337
8613,28,0.931896,224,9882,N,46.6666666666667,2,337
10414,29,0.898614,216,8613,N,48.3333333333333,2,337
11995,33,0.965178,232,10414,N,55,2,337
11470,34,1.081665,260,11995,N,56.6666666666667,2,337
12446,35,1.09414575,263,11470,N,58.3333333333333,2,337
12927,36,1.148229,276,12446,N,60,2,337
12991,37,1.16070975,279,12927,N,61.6666666666667,2,337
2816,0,1.4560875,350,NA,N,0,0,338
2900,1,1.53513225,369,2816,N,1.66666666666667,0,338
2944,2,1.614177,388,2900,N,3.33333333333333,0,338
2794,3,1.6058565,386,2944,N,5,0,338
3009,4,1.63497825,393,2794,N,6.66666666666667,0,338
3935,5,0.76132575,183,3009,Y,8.33333333333333,1,338
3111,6,0.71140275,171,3935,N,10,1,338
3155,7,0.71972325,173,3111,N,11.6666666666667,1,338
4360,8,0.73636425,177,3155,N,13.3333333333333,1,338
5860,9,0.76132575,183,4360,N,15,1,338
5013,10,0.798768,192,5860,N,16.6666666666667,1,338
5292,11,0.931896,224,5013,N,18.3333333333333,1,338
4559,12,0.931896,224,5292,N,20,1,338
4879,13,0.9235755,222,4559,N,21.6666666666667,1,338
5333,14,1.00262025,241,4879,N,23.3333333333333,1,338
4357,15,1.05254325,253,5333,N,25,1,338
6483,16,1.098306,264,4357,N,26.6666666666667,1,338
6600,17,1.1399085,274,6483,N,28.3333333333333,1,338
7088,18,1.23559425,297,6600,N,30,1,338
7101,19,1.148229,276,7088,N,31.6666666666667,1,338
6143,20,1.27719675,307,7101,N,33.3333333333333,1,338
7363,21,1.49352975,359,6143,N,35,1,338
7733,22,0.6906015,166,7363,Y,36.6666666666667,2,338
7982,23,0.6739605,162,7733,N,38.3333333333333,2,338
10766,24,0.72804375,175,7982,N,40,2,338
8694,25,0.748845,180,10766,N,41.6666666666667,2,338
9512,26,0.7238835,174,8694,N,43.3333333333333,2,338
9883,27,0.8902935,214,9512,N,45,2,338
8615,28,0.87781275,211,9883,N,46.6666666666667,2,338
10415,29,0.965178,232,8615,N,48.3333333333333,2,338
9584,30,0.898614,216,10415,N,50,2,338
9608,31,0.9901395,238,9584,N,51.6666666666667,2,338
11260,32,0.9901395,238,9608,N,53.3333333333333,2,338
11766,33,1.06086375,255,11260,N,55,2,338
11198,34,1.1066265,266,11766,N,56.6666666666667,2,338
12102,35,1.25223525,301,11198,N,58.3333333333333,2,338
2816,0,1.4560875,350,NA,N,0,0,339
2900,1,1.53513225,369,2816,N,1.66666666666667,0,339
2944,2,1.614177,388,2900,N,3.33333333333333,0,339
2794,3,1.6058565,386,2944,N,5,0,339
3009,4,1.63497825,393,2794,N,6.66666666666667,0,339
3935,5,0.76132575,183,3009,Y,8.33333333333333,1,339
3111,6,0.71140275,171,3935,N,10,1,339
3155,7,0.71972325,173,3111,N,11.6666666666667,1,339
4360,8,0.73636425,177,3155,N,13.3333333333333,1,339
5860,9,0.76132575,183,4360,N,15,1,339
5013,10,0.798768,192,5860,N,16.6666666666667,1,339
5292,11,0.931896,224,5013,N,18.3333333333333,1,339
4559,12,0.931896,224,5292,N,20,1,339
4879,13,0.9235755,222,4559,N,21.6666666666667,1,339
5333,14,1.00262025,241,4879,N,23.3333333333333,1,339
4357,15,1.05254325,253,5333,N,25,1,339
6483,16,1.098306,264,4357,N,26.6666666666667,1,339
6600,17,1.1399085,274,6483,N,28.3333333333333,1,339
7088,18,1.23559425,297,6600,N,30,1,339
7101,19,1.148229,276,7088,N,31.6666666666667,1,339
6143,20,1.27719675,307,7101,N,33.3333333333333,1,339
7363,21,1.49352975,359,6143,N,35,1,339
7736,22,0.80292825,193,7363,Y,36.6666666666667,2,339
7983,23,0.85285125,205,7736,N,38.3333333333333,2,339
10767,24,0.7405245,178,7983,N,40,2,339
8696,25,0.74468475,179,10767,N,41.6666666666667,2,339
9516,26,0.798768,192,8696,N,43.3333333333333,2,339
9885,27,0.881973,212,9516,N,45,2,339
8617,28,0.8736525,210,9885,N,46.6666666666667,2,339
10416,29,1.048383,252,8617,N,48.3333333333333,2,339
9588,30,0.898614,216,10416,N,50,2,339
9612,31,1.198152,288,9588,N,51.6666666666667,2,339
11263,32,1.198152,288,9612,N,53.3333333333333,2,339
11771,33,1.15238925,277,11263,N,55,2,339
11266,34,1.3396005,322,11771,N,56.6666666666667,2,339
12104,35,1.414485,340,11266,N,58.3333333333333,2,339
13559,36,NA,-1,12104,Y,60,3,339
2821,0,0.97765875,235,NA,N,0,0,340
2906,1,0.931896,224,2821,N,1.66666666666667,0,340
2947,2,1.031742,248,2906,N,3.33333333333333,0,340
2800,3,1.15238925,277,2947,N,5,0,340
3016,4,1.08582525,261,2800,N,6.66666666666667,0,340
3936,5,1.21895325,293,3016,N,8.33333333333333,0,340
3115,6,1.3728825,330,3936,N,10,0,340
3168,7,1.25223525,301,3115,N,11.6666666666667,0,340
4361,8,1.44360675,347,3168,N,13.3333333333333,0,340
5862,9,1.6890615,406,4361,N,15,0,340
5019,10,1.56841425,377,5862,N,16.6666666666667,0,340
5296,11,1.6391385,394,5019,N,18.3333333333333,0,340
4564,12,1.963638,472,5296,N,20,0,340
4886,13,1.50185025,361,4564,N,21.6666666666667,0,340
5337,14,0.83621025,201,4886,Y,23.3333333333333,1,340
2821,0,0.97765875,235,NA,N,0,0,341
2906,1,0.931896,224,2821,N,1.66666666666667,0,341
2947,2,1.031742,248,2906,N,3.33333333333333,0,341
2800,3,1.15238925,277,2947,N,5,0,341
3016,4,1.08582525,261,2800,N,6.66666666666667,0,341
3936,5,1.21895325,293,3016,N,8.33333333333333,0,341
3115,6,1.3728825,330,3936,N,10,0,341
3168,7,1.25223525,301,3115,N,11.6666666666667,0,341
4361,8,1.44360675,347,3168,N,13.3333333333333,0,341
5862,9,1.6890615,406,4361,N,15,0,341
5019,10,1.56841425,377,5862,N,16.6666666666667,0,341
5296,11,1.6391385,394,5019,N,18.3333333333333,0,341
4564,12,1.963638,472,5296,N,20,0,341
4886,13,1.50185025,361,4564,N,21.6666666666667,0,341
5341,14,0.815409,196,4886,Y,23.3333333333333,1,341
4359,15,0.9734985,234,5341,N,25,1,341
6485,16,0.915255,220,4359,N,26.6666666666667,1,341
6602,17,0.9069345,218,6485,N,28.3333333333333,1,341
7091,18,0.96933825,233,6602,N,30,1,341
7103,19,0.96933825,233,7091,N,31.6666666666667,1,341
6145,20,1.0067805,242,7103,N,33.3333333333333,1,341
7369,21,1.07750475,259,6145,N,35,1,341
7740,22,1.16487,280,7369,N,36.6666666666667,1,341
7988,23,1.23559425,297,7740,N,38.3333333333333,1,341
10769,24,1.29383775,311,7988,N,40,1,341
8700,25,1.38536325,333,10769,N,41.6666666666667,1,341
9529,26,1.5060105,362,8700,N,43.3333333333333,1,341
9890,27,1.66826025,401,9529,N,45,1,341
8621,28,1.72650375,415,9890,N,46.6666666666667,1,341
10418,29,0.71140275,171,8621,Y,48.3333333333333,2,341
9600,30,0.72804375,175,10418,N,50,2,341
2354,0,1.1399085,274,NA,N,0,0,342
2401,1,1.2730365,306,2354,N,1.66666666666667,0,342
2436,2,1.35208125,325,2401,N,3.33333333333333,0,342
2344,3,1.41864525,341,2436,N,5,0,342
2462,4,1.51849125,365,2344,N,6.66666666666667,0,342
2382,5,0.848691,204,2462,Y,8.33333333333333,1,342
2440,6,1.00262025,241,2382,N,10,1,342
2412,7,0.89445375,215,2440,N,11.6666666666667,1,342
4145,8,0.948537,228,2412,N,13.3333333333333,1,342
5539,9,0.95269725,229,4145,N,15,1,342
4660,10,0.97765875,235,5539,N,16.6666666666667,1,342
4908,11,1.01926125,245,4660,N,18.3333333333333,1,342
4140,12,1.0067805,242,4908,N,20,1,342
4520,13,1.114947,268,4140,N,21.6666666666667,1,342
4905,14,1.13574825,273,4520,N,23.3333333333333,1,342
4122,15,1.16070975,279,4905,N,25,1,342
6332,16,1.16487,280,4122,N,26.6666666666667,1,342
6414,17,1.24391475,299,6332,N,28.3333333333333,1,342
6837,18,1.514331,364,6414,N,30,1,342
6838,19,1.481049,356,6837,N,31.6666666666667,1,342
6038,20,1.46856825,353,6838,N,33.3333333333333,1,342
7004,21,1.52681175,367,6038,N,35,1,342
7441,22,1.6557795,398,7004,N,36.6666666666667,1,342
7732,23,1.5725745,378,7441,N,38.3333333333333,1,342
10644,24,0.76132575,183,7732,Y,40,2,342
8428,25,0.77796675,187,10644,N,41.6666666666667,2,342
8341,26,0.83621025,201,8428,N,43.3333333333333,2,342
9390,27,0.81956925,197,8341,N,45,2,342
8383,28,0.848691,204,9390,N,46.6666666666667,2,342
10294,29,0.9402165,226,8383,N,48.3333333333333,2,342
8864,30,0.948537,228,10294,N,50,2,342
9107,31,0.98597925,237,8864,N,51.6666666666667,2,342
11082,32,0.99846,240,9107,N,53.3333333333333,2,342
11262,33,1.16487,280,11082,N,55,2,342
10985,34,1.198152,288,11262,N,56.6666666666667,2,342
11781,35,1.24391475,299,10985,N,58.3333333333333,2,342
12192,36,1.35208125,325,11781,N,60,2,342
12300,37,1.47688875,355,12192,N,61.6666666666667,2,342
3208,0,0.92773575,223,NA,N,0,0,343
3425,1,0.931896,224,3208,N,1.66666666666667,0,343
3420,2,0.86117175,207,3425,N,3.33333333333333,0,343
3245,3,0.82788975,199,3420,N,5,0,343
3557,4,0.99429975,239,3245,N,6.66666666666667,0,343
3991,5,1.11078675,267,3557,N,8.33333333333333,0,343
3459,6,1.18567125,285,3991,N,10,0,343
3723,7,1.33544025,321,3459,N,11.6666666666667,0,343
5490,8,1.2896775,310,3723,N,13.3333333333333,0,343
5941,9,1.32711975,319,5490,N,15,0,343
5277,10,1.31047875,315,5941,N,16.6666666666667,0,343
5576,11,1.56009375,375,5277,N,18.3333333333333,0,343
4833,12,1.647459,396,5576,N,20,0,343
5180,13,1.780587,428,4833,N,21.6666666666667,0,343
5642,14,0.84453075,203,5180,Y,23.3333333333333,1,343
4491,15,0.86117175,207,5642,N,25,1,343
6603,16,0.95269725,229,4491,N,26.6666666666667,1,343
6732,17,0.981819,236,6603,N,28.3333333333333,1,343
7284,18,0.94437675,227,6732,N,30,1,343
7313,19,1.01094075,243,7284,N,31.6666666666667,1,343
6208,20,1.15238925,277,7313,N,33.3333333333333,1,343
8095,21,1.28551725,309,6208,N,35,1,343
7846,22,1.297998,312,8095,N,36.6666666666667,1,343
8104,23,1.34376075,323,7846,N,38.3333333333333,1,343
10844,24,1.15238925,277,8104,N,40,1,343
8935,25,1.4560875,350,10844,N,41.6666666666667,1,343
9848,26,1.597536,384,8935,N,43.3333333333333,1,343
9800,27,0.87781275,211,9848,Y,45,2,343
8570,28,0.83205,200,9800,N,46.6666666666667,2,343
10393,29,0.9235755,222,8570,N,48.3333333333333,2,343
12072,33,1.01926125,245,10393,N,55,2,343
11660,34,1.21063275,291,12072,N,56.6666666666667,2,343
12584,35,1.16070975,279,11660,N,58.3333333333333,2,343
13035,36,1.3063185,314,12584,N,60,2,343
13083,37,1.4228055,342,13035,N,61.6666666666667,2,343
3212,0,0.66980025,161,NA,N,0,0,344
3430,1,0.9069345,218,3212,N,1.66666666666667,0,344
3428,2,0.71972325,173,3430,N,3.33333333333333,0,344
3249,3,0.84453075,203,3428,N,5,0,344
3562,4,0.83205,200,3249,N,6.66666666666667,0,344
3992,5,0.81956925,197,3562,N,8.33333333333333,0,344
3463,6,0.8070885,194,3992,N,10,0,344
3729,7,0.898614,216,3463,N,11.6666666666667,0,344
5495,8,0.931896,224,3729,N,13.3333333333333,0,344
5942,9,0.9734985,234,5495,N,15,0,344
5280,10,0.99846,240,5942,N,16.6666666666667,0,344
5581,11,1.0733445,258,5280,N,18.3333333333333,0,344
4838,12,1.12742775,271,5581,N,20,0,344
5185,13,1.1731905,282,4838,N,21.6666666666667,0,344
5647,14,1.1731905,282,5185,N,23.3333333333333,0,344
4494,15,1.31047875,315,5647,N,25,0,344
6605,16,1.23559425,297,4494,N,26.6666666666667,0,344
6734,17,1.38536325,333,6605,N,28.3333333333333,0,344
6820,18,0.66564,160,6734,Y,30,1,344
6802,19,0.6906015,166,6820,N,31.6666666666667,1,344
6026,20,0.715563,172,6802,N,33.3333333333333,1,344
6954,21,0.74468475,179,6026,N,35,1,344
7385,22,0.70308225,169,6954,N,36.6666666666667,1,344
7679,23,0.80292825,193,7385,N,38.3333333333333,1,344
10626,24,0.82788975,199,7679,N,40,1,344
8394,25,0.73636425,177,10626,N,41.6666666666667,1,344
8324,26,0.798768,192,8394,N,43.3333333333333,1,344
9306,27,0.915255,220,8324,N,45,1,344
8359,28,0.9734985,234,9306,N,46.6666666666667,1,344
10274,29,1.00262025,241,8359,N,48.3333333333333,1,344
2837,0,0.88613325,213,NA,N,0,0,345
2919,1,0.7904475,190,2837,N,1.66666666666667,0,345
2964,2,0.965178,232,2919,N,3.33333333333333,0,345
2815,3,1.09414575,263,2964,N,5,0,345
3051,4,1.12742775,271,2815,N,6.66666666666667,0,345
3939,5,1.248075,300,3051,N,8.33333333333333,0,345
3128,6,1.56009375,375,3939,N,10,0,345
3180,7,1.4560875,350,3128,N,11.6666666666667,0,345
4367,8,1.6557795,398,3180,N,13.3333333333333,0,345
5868,9,1.8221895,438,4367,N,15,0,345
5031,10,1.7722665,426,5868,N,16.6666666666667,0,345
5312,11,1.84299075,443,5031,N,18.3333333333333,0,345
4583,12,0.81124875,195,5312,Y,20,1,345
4897,13,0.8070885,194,4583,N,21.6666666666667,1,345
5354,14,0.88613325,213,4897,N,23.3333333333333,1,345
2837,0,0.88613325,213,NA,N,0,0,346
2919,1,0.7904475,190,2837,N,1.66666666666667,0,346
2964,2,0.965178,232,2919,N,3.33333333333333,0,346
2815,3,1.09414575,263,2964,N,5,0,346
3051,4,1.12742775,271,2815,N,6.66666666666667,0,346
3939,5,1.248075,300,3051,N,8.33333333333333,0,346
3128,6,1.56009375,375,3939,N,10,0,346
3180,7,1.4560875,350,3128,N,11.6666666666667,0,346
4367,8,1.6557795,398,3180,N,13.3333333333333,0,346
5868,9,1.8221895,438,4367,N,15,0,346
5031,10,1.7722665,426,5868,N,16.6666666666667,0,346
5312,11,1.84299075,443,5031,N,18.3333333333333,0,346
4588,12,1.07750475,259,5312,Y,20,1,346
4902,13,1.0067805,242,4588,N,21.6666666666667,1,346
5359,14,1.11910725,269,4902,N,23.3333333333333,1,346
4365,15,1.081665,260,5359,N,25,1,346
6490,16,1.114947,268,4365,N,26.6666666666667,1,346
6608,17,1.17735075,283,6490,N,28.3333333333333,1,346
7102,18,1.214793,292,6608,N,30,1,346
7115,19,1.21063275,291,7102,N,31.6666666666667,1,346
6148,20,1.5060105,362,7115,N,33.3333333333333,1,346
7393,21,1.36040175,327,6148,N,35,1,346
7747,22,1.85963175,447,7393,N,36.6666666666667,1,346
7996,23,1.5392925,370,7747,N,38.3333333333333,1,346
10772,24,0.74468475,179,7996,Y,40,2,346
8707,25,0.7738065,186,10772,N,41.6666666666667,2,346
3217,0,0.8736525,210,NA,N,0,0,347
3435,1,1.015101,244,3217,N,1.66666666666667,0,347
3433,2,1.015101,244,3435,N,3.33333333333333,0,347
3254,3,0.965178,232,3433,N,5,0,347
3568,4,1.12742775,271,3254,N,6.66666666666667,0,347
3993,5,1.3396005,322,3568,N,8.33333333333333,0,347
3468,6,1.63497825,393,3993,N,10,0,347
3735,7,1.314639,316,3468,N,11.6666666666667,0,347
5504,8,1.51017075,363,3735,N,13.3333333333333,0,347
5943,9,1.63497825,393,5504,N,15,0,347
5286,10,1.7057025,410,5943,N,16.6666666666667,0,347
5587,11,1.7389845,418,5286,N,18.3333333333333,0,347
4844,12,2.06764425,497,5587,N,20,0,347
5189,13,1.9553175,470,4844,N,21.6666666666667,0,347
5651,14,0.94437675,227,5189,Y,23.3333333333333,1,347
3217,0,0.8736525,210,NA,N,0,0,348
3435,1,1.015101,244,3217,N,1.66666666666667,0,348
3433,2,1.015101,244,3435,N,3.33333333333333,0,348
3254,3,0.965178,232,3433,N,5,0,348
3568,4,1.12742775,271,3254,N,6.66666666666667,0,348
3993,5,1.3396005,322,3568,N,8.33333333333333,0,348
3468,6,1.63497825,393,3993,N,10,0,348
3735,7,1.314639,316,3468,N,11.6666666666667,0,348
5504,8,1.51017075,363,3735,N,13.3333333333333,0,348
5943,9,1.63497825,393,5504,N,15,0,348
5286,10,1.7057025,410,5943,N,16.6666666666667,0,348
5587,11,1.7389845,418,5286,N,18.3333333333333,0,348
4844,12,2.06764425,497,5587,N,20,0,348
5189,13,1.9553175,470,4844,N,21.6666666666667,0,348
5655,14,0.915255,220,5189,Y,23.3333333333333,1,348
4497,15,1.1565495,278,5655,N,25,1,348
6607,16,1.04422275,251,4497,N,26.6666666666667,1,348
6736,17,1.19399175,287,6607,N,28.3333333333333,1,348
7287,18,1.131588,272,6736,N,30,1,348
7316,19,1.12742775,271,7287,N,31.6666666666667,1,348
6209,20,1.3396005,322,7316,N,33.3333333333333,1,348
8097,21,1.4893695,358,6209,N,35,1,348
7848,22,1.264716,304,8097,N,36.6666666666667,1,348
8106,23,1.31879925,317,7848,N,38.3333333333333,1,348
10845,24,1.29383775,311,8106,N,40,1,348
8940,25,1.2064725,290,10845,N,41.6666666666667,1,348
9851,26,1.098306,264,8940,N,43.3333333333333,1,348
10056,27,1.314639,316,9851,N,45,1,348
8740,28,0.6739605,162,10056,Y,46.6666666666667,2,348
10496,29,0.7072425,170,8740,N,48.3333333333333,2,348
9092,30,0.75300525,181,10496,N,50,2,348
9830,31,0.73636425,177,9092,N,51.6666666666667,2,348
11409,32,0.76132575,183,9830,N,53.3333333333333,2,348
11964,33,0.848691,204,11409,N,55,2,348
11436,34,0.76132575,183,11964,N,56.6666666666667,2,348
12415,35,0.865332,208,11436,N,58.3333333333333,2,348
12885,36,0.948537,228,12415,N,60,2,348
12960,37,1.08582525,261,12885,N,61.6666666666667,2,348
3223,0,1.1066265,266,NA,N,0,0,349
3439,1,1.26055575,303,3223,N,1.66666666666667,0,349
3440,2,1.381203,332,3439,N,3.33333333333333,0,349
3261,3,1.564254,376,3440,N,5,0,349
3575,4,1.447767,348,3261,N,6.66666666666667,0,349
3994,5,1.53513225,369,3575,N,8.33333333333333,0,349
3474,6,1.714023,412,3994,N,10,0,349
3741,7,1.614177,388,3474,N,11.6666666666667,0,349
13580,8,NA,-1,3741,Y,13.3333333333333,1,349
3223,0,1.1066265,266,NA,N,0,0,350
3439,1,1.26055575,303,3223,N,1.66666666666667,0,350
3440,2,1.381203,332,3439,N,3.33333333333333,0,350
3261,3,1.564254,376,3440,N,5,0,350
3575,4,1.447767,348,3261,N,6.66666666666667,0,350
3994,5,1.53513225,369,3575,N,8.33333333333333,0,350
3474,6,1.714023,412,3994,N,10,0,350
3741,7,1.614177,388,3474,N,11.6666666666667,0,350
4341,8,0.7738065,186,3741,Y,13.3333333333333,1,350
5828,9,0.87781275,211,4341,N,15,1,350
4958,10,0.7904475,190,5828,N,16.6666666666667,1,350
5261,11,0.86117175,207,4958,N,18.3333333333333,1,350
4522,12,0.98597925,237,5261,N,20,1,350
4826,13,0.931896,224,4522,N,21.6666666666667,1,350
5289,14,0.91941525,221,4826,N,23.3333333333333,1,350
4335,15,1.0567035,254,5289,N,25,1,350
6459,16,1.04422275,251,4335,N,26.6666666666667,1,350
6574,17,1.114947,268,6459,N,28.3333333333333,1,350
7058,18,1.0899855,262,6574,N,30,1,350
7063,19,1.1565495,278,7058,N,31.6666666666667,1,350
6132,20,1.231434,296,7063,N,33.3333333333333,1,350
7324,21,1.3063185,314,6132,N,35,1,350
7697,22,1.4560875,350,7324,N,36.6666666666667,1,350
7955,23,1.56009375,375,7697,N,38.3333333333333,1,350
10752,24,1.4727285,354,7955,N,40,1,350
8666,25,1.65993975,399,10752,N,41.6666666666667,1,350
9465,26,1.00262025,241,8666,Y,43.3333333333333,2,350
9847,27,1.0733445,258,9465,N,45,2,350
2842,0,1.25223525,301,NA,N,0,0,351
2928,1,1.2563955,302,2842,N,1.66666666666667,0,351
2970,2,0.7904475,190,2928,Y,3.33333333333333,1,351
2817,3,0.68644125,165,2970,N,5,1,351
3055,4,0.82788975,199,2817,N,6.66666666666667,1,351
3940,5,0.9734985,234,3055,N,8.33333333333333,1,351
3134,6,1.19399175,287,3940,N,10,1,351
3195,7,1.181511,284,3134,N,11.6666666666667,1,351
4369,8,1.4061645,338,3195,N,13.3333333333333,1,351
5870,9,1.36040175,327,4369,N,15,1,351
5036,10,1.18567125,285,5870,N,16.6666666666667,1,351
5317,11,1.3229595,318,5036,N,18.3333333333333,1,351
4593,12,1.3728825,330,5317,N,20,1,351
4910,13,1.6058565,386,4593,N,21.6666666666667,1,351
2842,0,1.25223525,301,NA,N,0,0,352
2928,1,1.2563955,302,2842,N,1.66666666666667,0,352
2975,2,0.70308225,169,2928,Y,3.33333333333333,1,352
2822,3,0.765486,184,2975,N,5,1,352
3059,4,0.81956925,197,2822,N,6.66666666666667,1,352
3941,5,0.81956925,197,3059,N,8.33333333333333,1,352
3138,6,1.12742775,271,3941,N,10,1,352
3200,7,0.981819,236,3138,N,11.6666666666667,1,352
4371,8,1.181511,284,3200,N,13.3333333333333,1,352
5872,9,1.1565495,278,4371,N,15,1,352
5040,10,1.06086375,255,5872,N,16.6666666666667,1,352
5321,11,1.23559425,297,5040,N,18.3333333333333,1,352
4598,12,1.2064725,290,5321,N,20,1,352
4914,13,1.4228055,342,4598,N,21.6666666666667,1,352
5363,14,1.38536325,333,4914,N,23.3333333333333,1,352
4368,15,1.4893695,358,5363,N,25,1,352
6492,16,1.447767,348,4368,N,26.6666666666667,1,352
6610,17,1.5725745,378,6492,N,28.3333333333333,1,352
7105,18,1.447767,348,6610,N,30,1,352
7117,19,1.481049,356,7105,N,31.6666666666667,1,352
6149,20,1.5559335,374,7117,N,33.3333333333333,1,352
7397,21,0.648999,156,6149,Y,35,2,352
2842,0,1.25223525,301,NA,N,0,0,353
2928,1,1.2563955,302,2842,N,1.66666666666667,0,353
2975,2,0.70308225,169,2928,Y,3.33333333333333,1,353
2822,3,0.765486,184,2975,N,5,1,353
3059,4,0.81956925,197,2822,N,6.66666666666667,1,353
3941,5,0.81956925,197,3059,N,8.33333333333333,1,353
3138,6,1.12742775,271,3941,N,10,1,353
3200,7,0.981819,236,3138,N,11.6666666666667,1,353
4371,8,1.181511,284,3200,N,13.3333333333333,1,353
5872,9,1.1565495,278,4371,N,15,1,353
5040,10,1.06086375,255,5872,N,16.6666666666667,1,353
5321,11,1.23559425,297,5040,N,18.3333333333333,1,353
4598,12,1.2064725,290,5321,N,20,1,353
4914,13,1.4228055,342,4598,N,21.6666666666667,1,353
5363,14,1.38536325,333,4914,N,23.3333333333333,1,353
4368,15,1.4893695,358,5363,N,25,1,353
6492,16,1.447767,348,4368,N,26.6666666666667,1,353
6610,17,1.5725745,378,6492,N,28.3333333333333,1,353
7105,18,1.447767,348,6610,N,30,1,353
7117,19,1.481049,356,7105,N,31.6666666666667,1,353
6149,20,1.5559335,374,7117,N,33.3333333333333,1,353
7401,21,0.898614,216,6149,Y,35,2,353
7749,22,1.2064725,290,7401,N,36.6666666666667,2,353
7998,23,1.048383,252,7749,N,38.3333333333333,2,353
10774,24,1.06918425,257,7998,N,40,2,353
8716,25,1.1066265,266,10774,N,41.6666666666667,2,353
9549,26,0.96933825,233,8716,N,43.3333333333333,2,353
9902,27,0.815409,196,9549,N,45,2,353
8630,28,0.865332,208,9902,N,46.6666666666667,2,353
10424,29,0.82788975,199,8630,N,48.3333333333333,2,353
9635,30,1.17735075,283,10424,N,50,2,353
9639,31,0.82788975,199,9635,N,51.6666666666667,2,353
11276,32,1.048383,252,9639,N,53.3333333333333,2,353
11796,33,1.0400625,250,11276,N,55,2,353
13592,35,NA,-1,11796,Y,58.3333333333333,3,353
3228,0,1.2064725,290,NA,N,0,0,354
3448,1,1.231434,296,3228,N,1.66666666666667,0,354
3447,2,1.25223525,301,3448,N,3.33333333333333,0,354
3265,3,1.36872225,329,3447,N,5,0,354
3582,4,1.347921,324,3265,N,6.66666666666667,0,354
3995,5,1.3562415,326,3582,N,8.33333333333333,0,354
3480,6,1.2730365,306,3995,N,10,0,354
13599,7,NA,-1,3480,Y,11.6666666666667,1,354
3228,0,1.2064725,290,NA,N,0,0,355
3448,1,1.231434,296,3228,N,1.66666666666667,0,355
3447,2,1.25223525,301,3448,N,3.33333333333333,0,355
3265,3,1.36872225,329,3447,N,5,0,355
3582,4,1.347921,324,3265,N,6.66666666666667,0,355
3995,5,1.3562415,326,3582,N,8.33333333333333,0,355
3480,6,1.2730365,306,3995,N,10,0,355
3908,7,0.78628725,189,3480,Y,11.6666666666667,1,355
5744,8,0.881973,212,3908,N,13.3333333333333,1,355
5993,9,0.90277425,217,5744,N,15,1,355
5530,10,0.88613325,213,5993,N,16.6666666666667,1,355
5812,11,0.881973,212,5530,N,18.3333333333333,1,355
5110,12,0.8902935,214,5812,N,20,1,355
5459,13,0.8902935,214,5110,N,21.6666666666667,1,355
5875,14,0.931896,224,5459,N,23.3333333333333,1,355
4739,15,0.96933825,233,5875,N,25,1,355
6733,16,1.0067805,242,4739,N,26.6666666666667,1,355
7658,17,1.0067805,242,6733,N,28.3333333333333,1,355
7516,18,1.10246625,265,7658,N,30,1,355
7562,19,1.2064725,290,7516,N,31.6666666666667,1,355
6289,20,1.23559425,297,7562,N,33.3333333333333,1,355
8286,21,1.397844,336,6289,N,35,1,355
7995,22,1.297998,312,8286,N,36.6666666666667,1,355
8241,23,1.4394465,346,7995,N,38.3333333333333,1,355
10927,24,1.3895235,334,8241,N,40,1,355
9301,25,1.46024775,351,10927,N,41.6666666666667,1,355
10061,26,1.481049,356,9301,N,43.3333333333333,1,355
10224,27,0.91941525,221,10061,Y,45,2,355
9040,28,0.99846,240,10224,N,46.6666666666667,2,355
10587,29,0.96101775,231,9040,N,48.3333333333333,2,355
9653,30,0.848691,204,10587,N,50,2,355
10201,31,0.931896,224,9653,N,51.6666666666667,2,355
11591,32,0.94437675,227,10201,N,53.3333333333333,2,355
12228,33,1.0400625,250,11591,N,55,2,355
11810,34,1.015101,244,12228,N,56.6666666666667,2,355
12739,35,1.16903025,281,11810,N,58.3333333333333,2,355
13145,36,1.34376075,323,12739,N,60,2,355
13189,37,1.36872225,329,13145,N,61.6666666666667,2,355
2847,0,0.89445375,215,NA,N,0,0,356
2942,1,1.0067805,242,2847,N,1.66666666666667,0,356
2981,2,1.114947,268,2942,N,3.33333333333333,0,356
2826,3,1.28551725,309,2981,N,5,0,356
3065,4,1.31047875,315,2826,N,6.66666666666667,0,356
3942,5,1.45192725,349,3065,N,8.33333333333333,0,356
3142,6,1.43528625,345,3942,N,10,0,356
3205,7,1.43528625,345,3142,N,11.6666666666667,0,356
4374,8,1.49352975,359,3205,N,13.3333333333333,0,356
5874,9,0.77796675,187,4374,Y,15,1,356
5044,10,0.7738065,186,5874,N,16.6666666666667,1,356
5324,11,0.89445375,215,5044,N,18.3333333333333,1,356
4608,12,0.96101775,231,5324,N,20,1,356
4924,13,1.031742,248,4608,N,21.6666666666667,1,356
5368,14,0.96101775,231,4924,N,23.3333333333333,1,356
4372,15,1.1399085,274,5368,N,25,1,356
6496,16,1.28551725,309,4372,N,26.6666666666667,1,356
6614,17,1.25223525,301,6496,N,28.3333333333333,1,356
7111,18,1.30215825,313,6614,N,30,1,356
7123,19,1.37704275,331,7111,N,31.6666666666667,1,356
6151,20,1.54345275,371,7123,N,33.3333333333333,1,356
7410,21,1.61833725,389,6151,N,35,1,356
7756,22,1.630818,392,7410,N,36.6666666666667,1,356
8003,23,1.73482425,417,7756,N,38.3333333333333,1,356
10778,24,0.74468475,179,8003,Y,40,2,356
8724,25,0.78628725,189,10778,N,41.6666666666667,2,356
9566,26,0.8237295,198,8724,N,43.3333333333333,2,356
3234,0,1.248075,300,NA,N,0,0,357
3455,1,1.381203,332,3234,N,1.66666666666667,0,357
3453,2,1.35208125,325,3455,N,3.33333333333333,0,357
3272,3,1.35208125,325,3453,N,5,0,357
3588,4,1.51017075,363,3272,N,6.66666666666667,0,357
3996,5,1.65993975,399,3588,N,8.33333333333333,0,357
3493,6,0.87781275,211,3996,Y,10,1,357
3755,7,0.8070885,194,3493,N,11.6666666666667,1,357
5514,8,0.8403705,202,3755,N,13.3333333333333,1,357
5945,9,0.99846,240,5514,N,15,1,357
5293,10,0.98597925,237,5945,N,16.6666666666667,1,357
5600,11,0.96101775,231,5293,N,18.3333333333333,1,357
4858,12,1.01926125,245,5600,N,20,1,357
5201,13,1.16487,280,4858,N,21.6666666666667,1,357
5667,14,1.098306,264,5201,N,23.3333333333333,1,357
4506,15,1.12742775,271,5667,N,25,1,357
6613,16,1.098306,264,4506,N,26.6666666666667,1,357
6743,17,1.30215825,313,6613,N,28.3333333333333,1,357
7296,18,1.4394465,346,6743,N,30,1,357
7325,19,1.3396005,322,7296,N,31.6666666666667,1,357
6212,20,1.49769,360,7325,N,33.3333333333333,1,357
8103,21,1.547613,372,6212,N,35,1,357
7853,22,1.7556255,422,8103,N,36.6666666666667,1,357
8110,23,1.7223435,414,7853,N,38.3333333333333,1,357
10847,24,1.6724205,402,8110,N,40,1,357
8953,25,0.86949225,209,10847,Y,41.6666666666667,2,357
10045,27,0.815409,196,8953,N,45,2,357
8728,28,0.84453075,203,10045,N,46.6666666666667,2,357
10489,29,0.89445375,215,8728,N,48.3333333333333,2,357
9022,30,0.95269725,229,10489,N,50,2,357
9817,31,1.065024,256,9022,N,51.6666666666667,2,357
11385,32,1.065024,256,9817,N,53.3333333333333,2,357
11950,33,1.21895325,293,11385,N,55,2,357
11424,34,1.31047875,315,11950,N,56.6666666666667,2,357
12394,35,1.297998,312,11424,N,58.3333333333333,2,357
12869,36,1.4893695,358,12394,N,60,2,357
12948,37,0.56995425,137,12869,Y,61.6666666666667,3,357
3234,0,1.248075,300,NA,N,0,0,358
3455,1,1.381203,332,3234,N,1.66666666666667,0,358
3453,2,1.35208125,325,3455,N,3.33333333333333,0,358
3272,3,1.35208125,325,3453,N,5,0,358
3588,4,1.51017075,363,3272,N,6.66666666666667,0,358
3996,5,1.65993975,399,3588,N,8.33333333333333,0,358
3489,6,0.9235755,222,3996,Y,10,1,358
3750,7,0.78628725,189,3489,N,11.6666666666667,1,358
5508,8,0.83205,200,3750,N,13.3333333333333,1,358
5944,9,1.0400625,250,5508,N,15,1,358
5290,10,1.03590225,249,5944,N,16.6666666666667,1,358
5597,11,0.98597925,237,5290,N,18.3333333333333,1,358
4853,12,0.99429975,239,5597,N,20,1,358
5197,13,1.1898315,286,4853,N,21.6666666666667,1,358
5662,14,1.114947,268,5197,N,23.3333333333333,1,358
4503,15,1.1066265,266,5662,N,25,1,358
6611,16,1.1898315,286,4503,N,26.6666666666667,1,358
6741,17,1.2730365,306,6611,N,28.3333333333333,1,358
7293,18,1.181511,284,6741,N,30,1,358
7322,19,1.264716,304,7293,N,31.6666666666667,1,358
6211,20,1.34376075,323,7322,N,33.3333333333333,1,358
8101,21,1.3728825,330,6211,N,35,1,358
7850,22,1.447767,348,8101,N,36.6666666666667,1,358
8108,23,1.5060105,362,7850,N,38.3333333333333,1,358
10846,24,1.6224975,390,8108,N,40,1,358
8945,25,1.69322175,407,10846,N,41.6666666666667,1,358
9854,26,1.7722665,426,8945,N,43.3333333333333,1,358
10058,27,1.83051,440,9854,N,45,1,358
10499,29,1.9386765,466,10058,N,48.3333333333333,1,358
9178,30,0.9069345,218,10499,Y,50,2,358
9846,31,0.90277425,217,9178,N,51.6666666666667,2,358
11420,32,0.8736525,210,9846,N,53.3333333333333,2,358
11979,33,1.065024,256,11420,N,55,2,358
11453,34,1.098306,264,11979,N,56.6666666666667,2,358
12432,35,1.04422275,251,11453,N,58.3333333333333,2,358
12907,36,1.26055575,303,12432,N,60,2,358
12974,37,1.15238925,277,12907,N,61.6666666666667,2,358
2852,0,1.015101,244,NA,N,0,0,359
2948,1,1.01094075,243,2852,N,1.66666666666667,0,359
2987,2,1.114947,268,2948,N,3.33333333333333,0,359
2832,3,1.39368375,335,2987,N,5,0,359
3071,4,1.414485,340,2832,N,6.66666666666667,0,359
3943,5,1.397844,336,3071,N,8.33333333333333,0,359
3147,6,1.41864525,341,3943,N,10,0,359
3210,7,1.5392925,370,3147,N,11.6666666666667,0,359
4376,8,1.63497825,393,3210,N,13.3333333333333,0,359
5880,9,0.782127,188,4376,Y,15,1,359
5053,10,0.8736525,210,5880,N,16.6666666666667,1,359
5328,11,0.848691,204,5053,N,18.3333333333333,1,359
4611,12,0.9069345,218,5328,N,20,1,359
4930,13,0.98597925,237,4611,N,21.6666666666667,1,359
5371,14,0.85285125,205,4930,N,23.3333333333333,1,359
4373,15,0.99846,240,5371,N,25,1,359
6498,16,0.99846,240,4373,N,26.6666666666667,1,359
6616,17,1.0400625,250,6498,N,28.3333333333333,1,359
7113,18,1.0400625,250,6616,N,30,1,359
7126,19,1.13574825,273,7113,N,31.6666666666667,1,359
6152,20,1.08582525,261,7126,N,33.3333333333333,1,359
7417,21,1.14406875,275,6152,N,35,1,359
7757,22,1.24391475,299,7417,N,36.6666666666667,1,359
8006,23,1.29383775,311,7757,N,38.3333333333333,1,359
10780,24,1.50185025,361,8006,N,40,1,359
8726,25,1.281357,308,10780,N,41.6666666666667,1,359
9571,26,1.48520925,357,8726,N,43.3333333333333,1,359
9927,27,1.45192725,349,9571,N,45,1,359
8639,28,0.682281,164,9927,Y,46.6666666666667,2,359
3251,0,1.42696575,343,NA,N,0,0,360
3470,1,1.6224975,390,3251,N,1.66666666666667,0,360
3465,2,1.59337575,383,3470,N,3.33333333333333,0,360
3290,3,1.6890615,406,3465,N,5,0,360
3610,4,1.5226515,366,3290,N,6.66666666666667,0,360
4000,5,0.798768,192,3610,Y,8.33333333333333,1,360
3511,6,0.81956925,197,4000,N,10,1,360
3768,7,0.948537,228,3511,N,11.6666666666667,1,360
5532,8,0.931896,224,3768,N,13.3333333333333,1,360
5948,9,1.0234215,246,5532,N,15,1,360
5305,10,0.9901395,238,5948,N,16.6666666666667,1,360
5614,11,0.9734985,234,5305,N,18.3333333333333,1,360
4873,12,1.0234215,246,5614,N,20,1,360
5213,13,1.1399085,274,4873,N,21.6666666666667,1,360
5681,14,1.065024,256,5213,N,23.3333333333333,1,360
4518,15,1.131588,272,5681,N,25,1,360
6623,16,1.30215825,313,4518,N,26.6666666666667,1,360
6752,17,1.481049,356,6623,N,28.3333333333333,1,360
7311,18,1.61833725,389,6752,N,30,1,360
7338,19,0.95269725,229,7311,Y,31.6666666666667,2,360
6216,20,0.86949225,209,7338,N,33.3333333333333,2,360
8111,21,0.915255,220,6216,N,35,2,360
7861,22,0.99429975,239,8111,N,36.6666666666667,2,360
8119,23,1.00262025,241,7861,N,38.3333333333333,2,360
10852,24,1.0067805,242,8119,N,40,2,360
8978,25,1.148229,276,10852,N,41.6666666666667,2,360
9868,26,1.2896775,310,8978,N,43.3333333333333,2,360
10072,27,1.2563955,302,9868,N,45,2,360
2862,0,0.96101775,231,NA,N,0,0,361
2959,1,0.72804375,175,2862,N,1.66666666666667,0,361
2993,2,0.8570115,206,2959,N,3.33333333333333,0,361
2839,3,0.96933825,233,2993,N,5,0,361
3077,4,0.848691,204,2839,N,6.66666666666667,0,361
3944,5,1.048383,252,3077,N,8.33333333333333,0,361
3152,6,1.05254325,253,3944,N,10,0,361
3215,7,1.0899855,262,3152,N,11.6666666666667,0,361
4378,8,1.081665,260,3215,N,13.3333333333333,0,361
5882,9,1.10246625,265,4378,N,15,0,361
5061,10,1.1898315,286,5882,N,16.6666666666667,0,361
5332,11,1.15238925,277,5061,N,18.3333333333333,0,361
4613,12,1.17735075,283,5332,N,20,0,361
4937,13,1.38536325,333,4613,N,21.6666666666667,0,361
5377,14,1.33544025,321,4937,N,23.3333333333333,0,361
4377,15,1.50185025,361,5377,N,25,0,361
6502,16,1.6058565,386,4377,N,26.6666666666667,0,361
6622,17,0.75300525,181,6502,Y,28.3333333333333,1,361
7119,18,0.865332,208,6622,N,30,1,361
7132,19,0.8736525,210,7119,N,31.6666666666667,1,361
6154,20,0.93605625,225,7132,N,33.3333333333333,1,361
7427,21,0.94437675,227,6154,N,35,1,361
7760,22,0.92773575,223,7427,N,36.6666666666667,1,361
8012,23,0.95269725,229,7760,N,38.3333333333333,1,361
10783,24,0.99429975,239,8012,N,40,1,361
8733,25,1.07750475,259,10783,N,41.6666666666667,1,361
9583,26,1.10246625,265,8733,N,43.3333333333333,1,361
9933,27,1.148229,276,9583,N,45,1,361
8642,28,1.148229,276,9933,N,46.6666666666667,1,361
10430,29,1.2896775,310,8642,N,48.3333333333333,1,361
9669,30,1.46024775,351,10430,N,50,1,361
9662,31,0.86949225,209,9669,Y,51.6666666666667,2,361
11290,32,0.82788975,199,9662,N,53.3333333333333,2,361
11814,33,0.948537,228,11290,N,55,2,361
11303,34,0.898614,216,11814,N,56.6666666666667,2,361
12160,35,0.96101775,231,11303,N,58.3333333333333,2,361
12677,36,1.07750475,259,12160,N,60,2,361
12827,37,1.11078675,267,12677,N,61.6666666666667,2,361
2868,0,0.748845,180,NA,N,0,0,362
2963,1,0.70308225,169,2868,N,1.66666666666667,0,362
3002,2,0.7238835,174,2963,N,3.33333333333333,0,362
2848,3,0.81124875,195,3002,N,5,0,362
3085,4,0.8070885,194,2848,N,6.66666666666667,0,362
3946,5,0.815409,196,3085,N,8.33333333333333,0,362
3161,6,1.05254325,253,3946,N,10,0,362
3225,7,1.0234215,246,3161,N,11.6666666666667,0,362
4382,8,1.05254325,253,3225,N,13.3333333333333,0,362
5886,9,1.19399175,287,4382,N,15,0,362
5076,10,1.30215825,313,5886,N,16.6666666666667,0,362
5344,11,1.11910725,269,5076,N,18.3333333333333,0,362
4626,12,1.4893695,358,5344,N,20,0,362
4947,13,1.55177325,373,4626,N,21.6666666666667,0,362
5388,14,0.62819775,151,4947,Y,23.3333333333333,1,362
4381,15,0.61155675,147,5388,N,25,1,362
6506,16,0.582435,140,4381,N,26.6666666666667,1,362
6626,17,0.89445375,215,6506,N,28.3333333333333,1,362
2872,0,0.81124875,195,NA,N,0,0,363
2969,1,0.90277425,217,2872,N,1.66666666666667,0,363
3007,2,0.81124875,195,2969,N,3.33333333333333,0,363
2855,3,0.95269725,229,3007,N,5,0,363
3089,4,0.8902935,214,2855,N,6.66666666666667,0,363
3947,5,0.88613325,213,3089,N,8.33333333333333,0,363
3165,6,1.20231225,289,3947,N,10,0,363
3229,7,1.0567035,254,3165,N,11.6666666666667,0,363
4384,8,1.16070975,279,3229,N,13.3333333333333,0,363
5889,9,1.514331,364,4384,N,15,0,363
5082,10,1.131588,272,5889,N,16.6666666666667,0,363
5349,11,1.2896775,310,5082,N,18.3333333333333,0,363
4633,12,1.5559335,374,5349,N,20,0,363
5315,13,0.848691,204,4633,Y,21.6666666666667,1,363
5785,14,0.6906015,166,5315,N,23.3333333333333,1,363
4619,15,0.7571655,182,5785,N,25,1,363
6671,16,0.8237295,198,4619,N,26.6666666666667,1,363
6786,17,0.881973,212,6671,N,28.3333333333333,1,363
7392,18,0.6573195,158,6786,N,30,1,363
7433,19,0.7904475,190,7392,N,31.6666666666667,1,363
6245,20,0.75300525,181,7433,N,33.3333333333333,1,363
8180,21,0.90277425,217,6245,N,35,1,363
7923,22,1.048383,252,8180,N,36.6666666666667,1,363
8171,23,0.73636425,177,7923,N,38.3333333333333,1,363
10887,24,0.86117175,207,8171,N,40,1,363
9148,25,0.9734985,234,10887,N,41.6666666666667,1,363
9976,26,0.87781275,211,9148,N,43.3333333333333,1,363
10144,27,0.98597925,237,9976,N,45,1,363
8874,28,1.048383,252,10144,N,46.6666666666667,1,363
10543,29,0.9901395,238,8874,N,48.3333333333333,1,363
9419,30,1.048383,252,10543,N,50,1,363
10119,31,1.297998,312,9419,N,51.6666666666667,1,363
11501,32,1.1898315,286,10119,N,53.3333333333333,1,363
12082,33,1.26055575,303,11501,N,55,1,363
11665,34,0.698922,168,12082,Y,56.6666666666667,2,363
3263,0,0.748845,180,NA,N,0,0,364
3485,1,0.90277425,217,3263,N,1.66666666666667,0,364
3478,2,0.9568575,230,3485,N,3.33333333333333,0,364
3300,3,1.065024,256,3478,N,5,0,364
3622,4,0.91109475,219,3300,N,6.66666666666667,0,364
4003,5,1.0400625,250,3622,N,8.33333333333333,0,364
3527,6,1.16903025,281,4003,N,10,0,364
3780,7,1.0067805,242,3527,N,11.6666666666667,0,364
5547,8,1.048383,252,3780,N,13.3333333333333,0,364
5951,9,1.14406875,275,5547,N,15,0,364
5314,10,1.1399085,274,5951,N,16.6666666666667,0,364
5623,11,1.264716,304,5314,N,18.3333333333333,0,364
4887,12,1.32711975,319,5623,N,20,0,364
5225,13,1.38536325,333,4887,N,21.6666666666667,0,364
5693,14,1.45192725,349,5225,N,23.3333333333333,0,364
4526,15,1.49769,360,5693,N,25,0,364
6629,16,1.381203,332,4526,N,26.6666666666667,0,364
6762,17,1.481049,356,6629,N,28.3333333333333,0,364
7320,18,1.4228055,342,6762,N,30,0,364
7349,19,1.55177325,373,7320,N,31.6666666666667,0,364
6220,20,1.6224975,390,7349,N,33.3333333333333,0,364
8120,21,1.6391385,394,6220,N,35,0,364
7868,22,1.697382,408,8120,N,36.6666666666667,0,364
8125,23,1.897074,456,7868,N,38.3333333333333,0,364
10856,24,0.8736525,210,8125,Y,40,1,364
8994,25,0.99846,240,10856,N,41.6666666666667,1,364
9911,26,1.0400625,250,8994,N,43.3333333333333,1,364
10080,27,1.065024,256,9911,N,45,1,364
8766,28,1.09414575,263,10080,N,46.6666666666667,1,364
10508,29,1.16070975,279,8766,N,48.3333333333333,1,364
9865,31,1.32711975,319,10508,N,51.6666666666667,1,364
11806,33,0.70308225,169,9865,Y,55,2,364
11298,34,0.948537,228,11806,N,56.6666666666667,2,364
12150,35,0.93605625,225,11298,N,58.3333333333333,2,364
12671,36,0.96101775,231,12150,N,60,2,364
12823,37,1.11078675,267,12671,N,61.6666666666667,2,364
2877,0,0.8902935,214,NA,N,0,0,365
2977,1,0.95269725,229,2877,N,1.66666666666667,0,365
3011,2,0.98597925,237,2977,N,3.33333333333333,0,365
2859,3,1.18567125,285,3011,N,5,0,365
3095,4,1.0067805,242,2859,N,6.66666666666667,0,365
3948,5,1.16070975,279,3095,N,8.33333333333333,0,365
3169,6,1.2730365,306,3948,N,10,0,365
3233,7,1.14406875,275,3169,N,11.6666666666667,0,365
4386,8,1.281357,308,3233,N,13.3333333333333,0,365
5891,9,1.34376075,323,4386,N,15,0,365
5086,10,1.481049,356,5891,N,16.6666666666667,0,365
5352,11,1.42696575,343,5086,N,18.3333333333333,0,365
4637,12,1.580895,380,5352,N,20,0,365
4952,13,1.54345275,371,4637,N,21.6666666666667,0,365
5396,14,1.58505525,381,4952,N,23.3333333333333,0,365
4385,15,1.6391385,394,5396,N,25,0,365
6510,16,1.68490125,405,4385,N,26.6666666666667,0,365
6630,17,1.81802925,437,6510,N,28.3333333333333,0,365
7128,18,1.91787525,461,6630,N,30,0,365
7142,19,0.765486,184,7128,Y,31.6666666666667,1,365
6158,20,0.93605625,225,7142,N,33.3333333333333,1,365
7457,21,1.031742,248,6158,N,35,1,365
7764,22,1.048383,252,7457,N,36.6666666666667,1,365
8022,23,1.031742,248,7764,N,38.3333333333333,1,365
10787,24,1.05254325,253,8022,N,40,1,365
8750,25,1.06918425,257,10787,N,41.6666666666667,1,365
9598,26,1.098306,264,8750,N,43.3333333333333,1,365
9938,27,1.21895325,293,9598,N,45,1,365
8645,28,1.30215825,313,9938,N,46.6666666666667,1,365
10433,29,1.36872225,329,8645,N,48.3333333333333,1,365
9700,30,1.6058565,386,10433,N,50,1,365
9672,31,1.51849125,365,9700,N,51.6666666666667,1,365
11297,32,1.46856825,353,9672,N,53.3333333333333,1,365
11824,33,1.65993975,399,11297,N,55,1,365
11311,34,0.83621025,201,11824,Y,56.6666666666667,2,365
12175,35,0.94437675,227,11311,N,58.3333333333333,2,365
12687,36,1.031742,248,12175,N,60,2,365
12835,37,1.05254325,253,12687,N,61.6666666666667,2,365
2877,0,0.8902935,214,NA,N,0,0,366
2977,1,0.95269725,229,2877,N,1.66666666666667,0,366
3011,2,0.98597925,237,2977,N,3.33333333333333,0,366
2859,3,1.18567125,285,3011,N,5,0,366
3095,4,1.0067805,242,2859,N,6.66666666666667,0,366
3948,5,1.16070975,279,3095,N,8.33333333333333,0,366
3169,6,1.2730365,306,3948,N,10,0,366
3233,7,1.14406875,275,3169,N,11.6666666666667,0,366
4386,8,1.281357,308,3233,N,13.3333333333333,0,366
5891,9,1.34376075,323,4386,N,15,0,366
5086,10,1.481049,356,5891,N,16.6666666666667,0,366
5352,11,1.42696575,343,5086,N,18.3333333333333,0,366
4637,12,1.580895,380,5352,N,20,0,366
4952,13,1.54345275,371,4637,N,21.6666666666667,0,366
5396,14,1.58505525,381,4952,N,23.3333333333333,0,366
4385,15,1.6391385,394,5396,N,25,0,366
6510,16,1.68490125,405,4385,N,26.6666666666667,0,366
6630,17,1.81802925,437,6510,N,28.3333333333333,0,366
7128,18,1.91787525,461,6630,N,30,0,366
7140,19,0.931896,224,7128,Y,31.6666666666667,1,366
6157,20,1.01926125,245,7140,N,33.3333333333333,1,366
7452,21,0.965178,232,6157,N,35,1,366
7763,22,1.04422275,251,7452,N,36.6666666666667,1,366
8020,23,1.0067805,242,7763,N,38.3333333333333,1,366
10786,24,0.97765875,235,8020,N,40,1,366
8747,25,1.06086375,255,10786,N,41.6666666666667,1,366
9594,26,1.1399085,274,8747,N,43.3333333333333,1,366
9936,27,1.26055575,303,9594,N,45,1,366
8644,28,1.23559425,297,9936,N,46.6666666666667,1,366
10432,29,1.28551725,309,8644,N,48.3333333333333,1,366
9697,30,1.464408,352,10432,N,50,1,366
9668,31,1.49352975,359,9697,N,51.6666666666667,1,366
11295,32,1.48520925,357,9668,N,53.3333333333333,1,366
11821,33,1.72650375,415,11295,N,55,1,366
11291,34,0.84453075,203,11821,Y,56.6666666666667,2,366
12140,35,0.92773575,223,11291,N,58.3333333333333,2,366
12665,36,0.88613325,213,12140,N,60,2,366
12817,37,0.91941525,221,12665,N,61.6666666666667,2,366
3268,0,0.8070885,194,NA,N,0,0,367
3490,1,0.86117175,207,3268,N,1.66666666666667,0,367
3483,2,0.9901395,238,3490,N,3.33333333333333,0,367
3302,3,0.83621025,201,3483,N,5,0,367
3627,4,1.01094075,243,3302,N,6.66666666666667,0,367
4004,5,0.9235755,222,3627,N,8.33333333333333,0,367
3535,6,1.08582525,261,4004,N,10,0,367
3785,7,1.11078675,267,3535,N,11.6666666666667,0,367
5551,8,1.048383,252,3785,N,13.3333333333333,0,367
5952,9,1.1898315,286,5551,N,15,0,367
5318,10,1.181511,284,5952,N,16.6666666666667,0,367
5628,11,1.25223525,301,5318,N,18.3333333333333,0,367
4891,12,1.3396005,322,5628,N,20,0,367
5233,13,1.36872225,329,4891,N,21.6666666666667,0,367
5697,14,1.44360675,347,5233,N,23.3333333333333,0,367
4529,15,1.39368375,335,5697,N,25,0,367
6631,16,1.51849125,365,4529,N,26.6666666666667,0,367
6763,17,1.40200425,337,6631,N,28.3333333333333,0,367
7323,18,1.54345275,371,6763,N,30,0,367
7353,19,1.67658075,403,7323,N,31.6666666666667,0,367
6222,20,0.81124875,195,7353,Y,33.3333333333333,1,367
8124,21,1.015101,244,6222,N,35,1,367
7871,22,1.1232675,270,8124,N,36.6666666666667,1,367
8128,23,1.1232675,270,7871,N,38.3333333333333,1,367
10858,24,1.06086375,255,8128,N,40,1,367
9003,25,1.1399085,274,10858,N,41.6666666666667,1,367
9915,26,1.1565495,278,9003,N,43.3333333333333,1,367
10084,27,1.16903025,281,9915,N,45,1,367
8772,28,1.2397545,298,10084,N,46.6666666666667,1,367
10509,29,1.3728825,330,8772,N,48.3333333333333,1,367
9867,31,1.381203,332,10509,N,51.6666666666667,1,367
11594,32,0.63651825,153,9867,Y,53.3333333333333,2,367
12231,33,0.69476175,167,11594,N,55,2,367
11816,34,0.81124875,195,12231,N,56.6666666666667,2,367
12742,35,0.95269725,229,11816,N,58.3333333333333,2,367
13150,36,0.80292825,193,12742,N,60,2,367
13191,37,0.97765875,235,13150,N,61.6666666666667,2,367
2881,0,0.79460775,191,NA,N,0,0,368
2983,1,0.865332,208,2881,N,1.66666666666667,0,368
3017,2,0.9568575,230,2983,N,3.33333333333333,0,368
2863,3,1.11078675,267,3017,N,5,0,368
3103,4,1.02758175,247,2863,N,6.66666666666667,0,368
3949,5,1.1232675,270,3103,N,8.33333333333333,0,368
3172,6,1.44360675,347,3949,N,10,0,368
3239,7,1.26887625,305,3172,N,11.6666666666667,0,368
4387,8,1.231434,296,3239,N,13.3333333333333,0,368
5893,9,1.2730365,306,4387,N,15,0,368
5093,10,1.71818325,413,5893,N,16.6666666666667,0,368
5592,11,0.965178,232,5093,Y,18.3333333333333,1,368
4848,12,0.881973,212,5592,N,20,1,368
5193,13,1.0400625,250,4848,N,21.6666666666667,1,368
5659,14,0.931896,224,5193,N,23.3333333333333,1,368
4500,15,0.9069345,218,5659,N,25,1,368
6609,16,0.848691,204,4500,N,26.6666666666667,1,368
6739,17,1.20231225,289,6609,N,28.3333333333333,1,368
7290,18,1.24391475,299,6739,N,30,1,368
7319,19,1.37704275,331,7290,N,31.6666666666667,1,368
6210,20,1.248075,300,7319,N,33.3333333333333,1,368
8099,21,1.1731905,282,6210,N,35,1,368
8016,23,0.648999,156,8099,Y,38.3333333333333,2,368
10784,24,0.7238835,174,8016,N,40,2,368
8741,25,0.76132575,183,10784,N,41.6666666666667,2,368
9586,26,0.798768,192,8741,N,43.3333333333333,2,368
3273,0,1.24391475,299,NA,N,0,0,369
3496,1,1.27719675,307,3273,N,1.66666666666667,0,369
3487,2,1.33128,320,3496,N,3.33333333333333,0,369
3305,3,1.46856825,353,3487,N,5,0,369
3632,4,1.50185025,361,3305,N,6.66666666666667,0,369
4005,5,1.530972,368,3632,N,8.33333333333333,0,369
3546,6,2.04268275,491,4005,N,10,0,369
3788,7,1.630818,392,3546,N,11.6666666666667,0,369
5561,8,1.94283675,467,3788,N,13.3333333333333,0,369
5953,9,2.030202,488,5561,N,15,0,369
5322,10,1.94283675,467,5953,N,16.6666666666667,0,369
5634,11,1.863792,448,5322,N,18.3333333333333,0,369
4896,12,2.09260575,503,5634,N,20,0,369
5242,13,2.446227,588,4896,N,21.6666666666667,0,369
5702,14,1.07750475,259,5242,Y,23.3333333333333,1,369
4533,15,1.10246625,265,5702,N,25,1,369
3273,0,1.24391475,299,NA,N,0,0,370
3496,1,1.27719675,307,3273,N,1.66666666666667,0,370
3487,2,1.33128,320,3496,N,3.33333333333333,0,370
3305,3,1.46856825,353,3487,N,5,0,370
3632,4,1.50185025,361,3305,N,6.66666666666667,0,370
4005,5,1.530972,368,3632,N,8.33333333333333,0,370
3546,6,2.04268275,491,4005,N,10,0,370
3788,7,1.630818,392,3546,N,11.6666666666667,0,370
5561,8,1.94283675,467,3788,N,13.3333333333333,0,370
5953,9,2.030202,488,5561,N,15,0,370
5322,10,1.94283675,467,5953,N,16.6666666666667,0,370
5634,11,1.863792,448,5322,N,18.3333333333333,0,370
4896,12,2.09260575,503,5634,N,20,0,370
5242,13,2.446227,588,4896,N,21.6666666666667,0,370
5705,14,1.05254325,253,5242,Y,23.3333333333333,1,370
4536,15,1.1232675,270,5705,N,25,1,370
6633,16,1.2563955,302,4536,N,26.6666666666667,1,370
6764,17,1.2563955,302,6633,N,28.3333333333333,1,370
7326,18,1.3396005,322,6764,N,30,1,370
7355,19,1.62665775,391,7326,N,31.6666666666667,1,370
6223,20,1.58505525,381,7355,N,33.3333333333333,1,370
8126,21,1.730664,416,6223,N,35,1,370
7873,22,1.7722665,426,8126,N,36.6666666666667,1,370
8131,23,1.7889075,430,7873,N,38.3333333333333,1,370
10859,24,1.5226515,366,8131,N,40,1,370
9010,25,0.97765875,235,10859,Y,41.6666666666667,2,370
9919,26,0.9568575,230,9010,N,43.3333333333333,2,370
10088,27,1.09414575,263,9919,N,45,2,370
8778,28,1.11910725,269,10088,N,46.6666666666667,2,370
10513,29,1.065024,256,8778,N,48.3333333333333,2,370
9258,30,1.0567035,254,10513,N,50,2,370
9876,31,1.248075,300,9258,N,51.6666666666667,2,370
11448,32,1.2896775,310,9876,N,53.3333333333333,2,370
12013,33,1.37704275,331,11448,N,55,2,370
11571,34,0.881973,212,12013,Y,56.6666666666667,3,370
12472,35,0.95269725,229,11571,N,58.3333333333333,3,370
12954,36,0.948537,228,12472,N,60,3,370
13007,37,0.97765875,235,12954,N,61.6666666666667,3,370
2889,0,0.931896,224,NA,N,0,0,371
2988,1,0.948537,228,2889,N,1.66666666666667,0,371
3029,2,0.97765875,235,2988,N,3.33333333333333,0,371
2873,3,0.8902935,214,3029,N,5,0,371
3160,4,0.948537,228,2873,N,6.66666666666667,0,371
3950,5,1.0067805,242,3160,N,8.33333333333333,0,371
3176,6,1.16070975,279,3950,N,10,0,371
3244,7,1.10246625,265,3176,N,11.6666666666667,0,371
4390,8,1.1565495,278,3244,N,13.3333333333333,0,371
5895,9,1.41864525,341,4390,N,15,0,371
5098,10,1.5892155,382,5895,N,16.6666666666667,0,371
5356,11,1.214793,292,5098,N,18.3333333333333,0,371
4642,12,1.414485,340,5356,N,20,0,371
4959,13,1.597536,384,4642,N,21.6666666666667,0,371
5402,14,1.647459,396,4959,N,23.3333333333333,0,371
4388,15,1.597536,384,5402,N,25,0,371
6512,16,0.72804375,175,4388,Y,26.6666666666667,1,371
6632,17,0.75300525,181,6512,N,28.3333333333333,1,371
7131,18,0.76964625,185,6632,N,30,1,371
7145,19,0.915255,220,7131,N,31.6666666666667,1,371
6159,20,0.7238835,174,7145,N,33.3333333333333,1,371
7460,21,0.8237295,198,6159,N,35,1,371
7765,22,0.80292825,193,7460,N,36.6666666666667,1,371
8024,23,0.83621025,201,7765,N,38.3333333333333,1,371
10789,24,0.815409,196,8024,N,40,1,371
8758,25,0.90277425,217,10789,N,41.6666666666667,1,371
9607,26,0.881973,212,8758,N,43.3333333333333,1,371
9941,27,0.7405245,178,9607,N,45,1,371
11315,34,0.81124875,195,9941,N,56.6666666666667,1,371
12178,35,0.82788975,199,11315,N,58.3333333333333,1,371
12693,36,0.88613325,213,12178,N,60,1,371
12837,37,0.7238835,174,12693,N,61.6666666666667,1,371
2889,0,0.931896,224,NA,N,0,0,372
2988,1,0.948537,228,2889,N,1.66666666666667,0,372
3029,2,0.97765875,235,2988,N,3.33333333333333,0,372
2873,3,0.8902935,214,3029,N,5,0,372
3160,4,0.948537,228,2873,N,6.66666666666667,0,372
3950,5,1.0067805,242,3160,N,8.33333333333333,0,372
3176,6,1.16070975,279,3950,N,10,0,372
3244,7,1.10246625,265,3176,N,11.6666666666667,0,372
4390,8,1.1565495,278,3244,N,13.3333333333333,0,372
5895,9,1.41864525,341,4390,N,15,0,372
5098,10,1.5892155,382,5895,N,16.6666666666667,0,372
5356,11,1.214793,292,5098,N,18.3333333333333,0,372
4642,12,1.414485,340,5356,N,20,0,372
4959,13,1.597536,384,4642,N,21.6666666666667,0,372
5402,14,1.647459,396,4959,N,23.3333333333333,0,372
4388,15,1.597536,384,5402,N,25,0,372
6514,16,0.90277425,217,4388,Y,26.6666666666667,1,372
6634,17,0.90277425,217,6514,N,28.3333333333333,1,372
7134,18,0.83205,200,6634,N,30,1,372
7148,19,0.85285125,205,7134,N,31.6666666666667,1,372
6160,20,0.97765875,235,7148,N,33.3333333333333,1,372
7465,21,1.06918425,257,6160,N,35,1,372
7766,22,1.2231135,294,7465,N,36.6666666666667,1,372
8025,23,1.16070975,279,7766,N,38.3333333333333,1,372
10790,24,1.231434,296,8025,N,40,1,372
8761,25,1.0899855,262,10790,N,41.6666666666667,1,372
9614,26,0.748845,180,8761,Y,43.3333333333333,2,372
9943,27,0.8403705,202,9614,N,45,2,372
3277,0,1.231434,296,NA,N,0,0,373
3501,1,1.364562,328,3277,N,1.66666666666667,0,373
3494,2,1.33544025,321,3501,N,3.33333333333333,0,373
3308,3,1.6890615,406,3494,N,5,0,373
3637,4,0.66147975,159,3308,Y,6.66666666666667,1,373
3277,0,1.231434,296,NA,N,0,0,374
3501,1,1.364562,328,3277,N,1.66666666666667,0,374
3494,2,1.33544025,321,3501,N,3.33333333333333,0,374
3308,3,1.6890615,406,3494,N,5,0,374
3641,4,0.8403705,202,3308,Y,6.66666666666667,1,374
4006,5,0.97765875,235,3641,N,8.33333333333333,1,374
3552,6,1.314639,316,4006,N,10,1,374
3794,7,1.031742,248,3552,N,11.6666666666667,1,374
5567,8,1.26055575,303,3794,N,13.3333333333333,1,374
5954,9,1.1731905,282,5567,N,15,1,374
5326,10,1.12742775,271,5954,N,16.6666666666667,1,374
5637,11,1.21895325,293,5326,N,18.3333333333333,1,374
4901,12,1.231434,296,5637,N,20,1,374
5247,13,1.314639,316,4901,N,21.6666666666667,1,374
5709,14,1.23559425,297,5247,N,23.3333333333333,1,374
4540,15,1.2231135,294,5709,N,25,1,374
6636,16,1.33544025,321,4540,N,26.6666666666667,1,374
6765,17,1.38536325,333,6636,N,28.3333333333333,1,374
7329,18,1.52681175,367,6765,N,30,1,374
7359,19,1.464408,352,7329,N,31.6666666666667,1,374
6224,20,1.87627275,451,7359,N,33.3333333333333,1,374
8129,21,1.913715,460,6224,N,35,1,374
7877,22,1.11078675,267,8129,Y,36.6666666666667,2,374
8134,23,0.99429975,239,7877,N,38.3333333333333,2,374
10861,24,1.02758175,247,8134,N,40,2,374
9019,25,0.96933825,233,10861,N,41.6666666666667,2,374
9923,26,1.11910725,269,9019,N,43.3333333333333,2,374
10092,27,0.865332,208,9923,N,45,2,374
8783,28,0.94437675,227,10092,N,46.6666666666667,2,374
10515,29,0.94437675,227,8783,N,48.3333333333333,2,374
9265,30,1.297998,312,10515,N,50,2,374
9881,31,1.33544025,321,9265,N,51.6666666666667,2,374
11452,32,1.27719675,307,9881,N,53.3333333333333,2,374
12017,33,1.43528625,345,11452,N,55,2,374
11581,34,1.43528625,345,12017,N,56.6666666666667,2,374
12478,35,1.32711975,319,11581,N,58.3333333333333,2,374
13653,36,NA,-1,12478,Y,60,3,374
2907,0,0.782127,188,NA,N,0,0,375
3001,1,0.7405245,178,2907,N,1.66666666666667,0,375
3034,2,0.77796675,187,3001,N,3.33333333333333,0,375
2878,3,0.77796675,187,3034,N,5,0,375
3164,4,0.732204,176,2878,N,6.66666666666667,0,375
3951,5,0.80292825,193,3164,N,8.33333333333333,0,375
3178,6,0.9069345,218,3951,N,10,0,375
3247,7,0.782127,188,3178,N,11.6666666666667,0,375
4392,8,0.81956925,197,3247,N,13.3333333333333,0,375
5897,9,0.915255,220,4392,N,15,0,375
5103,10,0.931896,224,5897,N,16.6666666666667,0,375
5360,11,0.9235755,222,5103,N,18.3333333333333,0,375
4647,12,1.0067805,242,5360,N,20,0,375
4963,13,1.031742,248,4647,N,21.6666666666667,0,375
5407,14,1.0234215,246,4963,N,23.3333333333333,0,375
4389,15,0.981819,236,5407,N,25,0,375
6516,16,1.1399085,274,4389,N,26.6666666666667,0,375
6635,17,1.16903025,281,6516,N,28.3333333333333,0,375
7137,18,1.32711975,319,6635,N,30,0,375
7150,19,1.36872225,329,7137,N,31.6666666666667,0,375
6161,20,1.3562415,326,7150,N,33.3333333333333,0,375
7469,21,1.50185025,361,6161,N,35,0,375
7767,22,1.62665775,391,7469,N,36.6666666666667,0,375
8027,23,1.61833725,389,7767,N,38.3333333333333,0,375
10792,24,0.782127,188,8027,Y,40,1,375
8765,25,0.8570115,206,10792,N,41.6666666666667,1,375
9619,26,0.948537,228,8765,N,43.3333333333333,1,375
9945,27,0.93605625,225,9619,N,45,1,375
8647,28,0.86949225,209,9945,N,46.6666666666667,1,375
10434,29,0.948537,228,8647,N,48.3333333333333,1,375
9709,30,0.92773575,223,10434,N,50,1,375
9677,31,0.9069345,218,9709,N,51.6666666666667,1,375
11299,32,0.86117175,207,9677,N,53.3333333333333,1,375
11826,33,0.948537,228,11299,N,55,1,375
11316,34,0.98597925,237,11826,N,56.6666666666667,1,375
12179,35,1.18567125,285,11316,N,58.3333333333333,1,375
12698,36,1.21063275,291,12179,N,60,1,375
12839,37,1.25223525,301,12698,N,61.6666666666667,1,375
3316,0,0.79460775,191,NA,N,0,0,376
3513,1,0.91941525,221,3316,N,1.66666666666667,0,376
3504,2,0.90277425,217,3513,N,3.33333333333333,0,376
3317,3,0.9568575,230,3504,N,5,0,376
3660,4,0.97765875,235,3317,N,6.66666666666667,0,376
4009,5,1.01926125,245,3660,N,8.33333333333333,0,376
3573,6,1.0567035,254,4009,N,10,0,376
3819,7,1.0567035,254,3573,N,11.6666666666667,0,376
5579,8,1.12742775,271,3819,N,13.3333333333333,0,376
5956,9,1.1399085,274,5579,N,15,0,376
5338,10,1.18567125,285,5956,N,16.6666666666667,0,376
5649,11,1.12742775,271,5338,N,18.3333333333333,0,376
4911,12,1.2231135,294,5649,N,20,0,376
5256,13,1.231434,296,4911,N,21.6666666666667,0,376
5716,14,1.231434,296,5256,N,23.3333333333333,0,376
4547,15,1.3895235,334,5716,N,25,0,376
6641,16,1.3895235,334,4547,N,26.6666666666667,0,376
6767,17,1.41032475,339,6641,N,28.3333333333333,0,376
7337,18,1.51017075,363,6767,N,30,0,376
7365,19,1.680741,404,7337,N,31.6666666666667,0,376
6227,20,1.80138825,433,7365,N,33.3333333333333,0,376
8135,21,1.897074,456,6227,N,35,0,376
7886,22,1.9719585,474,8135,N,36.6666666666667,0,376
8139,23,1.92619575,463,7886,N,38.3333333333333,0,376
10865,24,1.048383,252,8139,Y,40,1,376
9039,25,0.9568575,230,10865,N,41.6666666666667,1,376
9930,26,1.081665,260,9039,N,43.3333333333333,1,376
10100,27,1.03590225,249,9930,N,45,1,376
8795,28,1.181511,284,10100,N,46.6666666666667,1,376
10518,29,1.431126,344,8795,N,48.3333333333333,1,376
3316,0,0.79460775,191,NA,N,0,0,377
3513,1,0.91941525,221,3316,N,1.66666666666667,0,377
3504,2,0.90277425,217,3513,N,3.33333333333333,0,377
3317,3,0.9568575,230,3504,N,5,0,377
3660,4,0.97765875,235,3317,N,6.66666666666667,0,377
4009,5,1.01926125,245,3660,N,8.33333333333333,0,377
3573,6,1.0567035,254,4009,N,10,0,377
3819,7,1.0567035,254,3573,N,11.6666666666667,0,377
5579,8,1.12742775,271,3819,N,13.3333333333333,0,377
5956,9,1.1399085,274,5579,N,15,0,377
5338,10,1.18567125,285,5956,N,16.6666666666667,0,377
5649,11,1.12742775,271,5338,N,18.3333333333333,0,377
4911,12,1.2231135,294,5649,N,20,0,377
5256,13,1.231434,296,4911,N,21.6666666666667,0,377
5716,14,1.231434,296,5256,N,23.3333333333333,0,377
4547,15,1.3895235,334,5716,N,25,0,377
6641,16,1.3895235,334,4547,N,26.6666666666667,0,377
6767,17,1.41032475,339,6641,N,28.3333333333333,0,377
7337,18,1.51017075,363,6767,N,30,0,377
7365,19,1.680741,404,7337,N,31.6666666666667,0,377
6227,20,1.80138825,433,7365,N,33.3333333333333,0,377
8135,21,1.897074,456,6227,N,35,0,377
7886,22,1.9719585,474,8135,N,36.6666666666667,0,377
8139,23,1.92619575,463,7886,N,38.3333333333333,0,377
10866,24,0.931896,224,8139,Y,40,1,377
9044,25,0.92773575,223,10866,N,41.6666666666667,1,377
9932,26,1.048383,252,9044,N,43.3333333333333,1,377
10101,27,0.965178,232,9932,N,45,1,377
8798,28,1.081665,260,10101,N,46.6666666666667,1,377
10519,29,1.114947,268,8798,N,48.3333333333333,1,377
12025,33,1.36872225,329,10519,N,55,1,377
11598,34,1.60169625,385,12025,N,56.6666666666667,1,377
12495,35,1.73482425,417,11598,N,58.3333333333333,1,377
12968,36,0.682281,164,12495,Y,60,2,377
2918,0,0.90277425,217,NA,N,0,0,378
3012,1,1.02758175,247,2918,N,1.66666666666667,0,378
3053,2,1.231434,296,3012,N,3.33333333333333,0,378
2888,3,1.21895325,293,3053,N,5,0,378
3183,4,1.28551725,309,2888,N,6.66666666666667,0,378
3953,5,1.42696575,343,3183,N,8.33333333333333,0,378
3199,6,1.81802925,437,3953,N,10,0,378
3262,7,1.46856825,353,3199,N,11.6666666666667,0,378
4396,8,1.5392925,370,3262,N,13.3333333333333,0,378
5901,9,0.7571655,182,4396,Y,15,1,378
5112,10,0.77796675,187,5901,N,16.6666666666667,1,378
2918,0,0.90277425,217,NA,N,0,0,379
3012,1,1.02758175,247,2918,N,1.66666666666667,0,379
3053,2,1.231434,296,3012,N,3.33333333333333,0,379
2888,3,1.21895325,293,3053,N,5,0,379
3183,4,1.28551725,309,2888,N,6.66666666666667,0,379
3953,5,1.42696575,343,3183,N,8.33333333333333,0,379
3199,6,1.81802925,437,3953,N,10,0,379
3262,7,1.46856825,353,3199,N,11.6666666666667,0,379
4396,8,1.5392925,370,3262,N,13.3333333333333,0,379
5903,9,0.87781275,211,4396,Y,15,1,379
5117,10,0.848691,204,5903,N,16.6666666666667,1,379
5367,11,0.965178,232,5117,N,18.3333333333333,1,379
4655,12,1.0733445,258,5367,N,20,1,379
4977,13,1.16903025,281,4655,N,21.6666666666667,1,379
5419,14,1.02758175,247,4977,N,23.3333333333333,1,379
4393,15,1.06918425,257,5419,N,25,1,379
6518,16,1.08582525,261,4393,N,26.6666666666667,1,379
6638,17,1.23559425,297,6518,N,28.3333333333333,1,379
7141,18,1.31879925,317,6638,N,30,1,379
7154,19,1.397844,336,7141,N,31.6666666666667,1,379
6162,20,1.61833725,389,7154,N,33.3333333333333,1,379
7474,21,1.5226515,366,6162,N,35,1,379
7768,22,1.4893695,358,7474,N,36.6666666666667,1,379
8029,23,1.38536325,333,7768,N,38.3333333333333,1,379
13677,24,NA,-1,8029,Y,40,2,379
2918,0,0.90277425,217,NA,N,0,0,380
3012,1,1.02758175,247,2918,N,1.66666666666667,0,380
3053,2,1.231434,296,3012,N,3.33333333333333,0,380
2888,3,1.21895325,293,3053,N,5,0,380
3183,4,1.28551725,309,2888,N,6.66666666666667,0,380
3953,5,1.42696575,343,3183,N,8.33333333333333,0,380
3199,6,1.81802925,437,3953,N,10,0,380
3262,7,1.46856825,353,3199,N,11.6666666666667,0,380
4396,8,1.5392925,370,3262,N,13.3333333333333,0,380
5903,9,0.87781275,211,4396,Y,15,1,380
5117,10,0.848691,204,5903,N,16.6666666666667,1,380
5367,11,0.965178,232,5117,N,18.3333333333333,1,380
4655,12,1.0733445,258,5367,N,20,1,380
4977,13,1.16903025,281,4655,N,21.6666666666667,1,380
5419,14,1.02758175,247,4977,N,23.3333333333333,1,380
4393,15,1.06918425,257,5419,N,25,1,380
6518,16,1.08582525,261,4393,N,26.6666666666667,1,380
6638,17,1.23559425,297,6518,N,28.3333333333333,1,380
7141,18,1.31879925,317,6638,N,30,1,380
7154,19,1.397844,336,7141,N,31.6666666666667,1,380
6162,20,1.61833725,389,7154,N,33.3333333333333,1,380
7474,21,1.5226515,366,6162,N,35,1,380
7768,22,1.4893695,358,7474,N,36.6666666666667,1,380
8029,23,1.38536325,333,7768,N,38.3333333333333,1,380
10661,24,0.85285125,205,8029,Y,40,2,380
8460,25,0.95269725,229,10661,N,41.6666666666667,2,380
8955,26,1.0733445,258,8460,N,43.3333333333333,2,380
9452,27,1.00262025,241,8955,N,45,2,380
8415,28,1.13574825,273,9452,N,46.6666666666667,2,380
10310,29,1.15238925,277,8415,N,48.3333333333333,2,380
8921,30,1.14406875,275,10310,N,50,2,380
9149,31,1.16070975,279,8921,N,51.6666666666667,2,380
11102,32,1.21063275,291,9149,N,53.3333333333333,2,380
11497,33,1.397844,336,11102,N,55,2,380
11001,34,1.5226515,366,11497,N,56.6666666666667,2,380
11843,35,1.3728825,330,11001,N,58.3333333333333,2,380
12266,36,0.83621025,201,11843,Y,60,3,380
12348,37,0.765486,184,12266,N,61.6666666666667,3,380
3328,0,0.77796675,187,NA,N,0,0,381
3524,1,0.8570115,206,3328,N,1.66666666666667,0,381
3514,2,0.8902935,214,3524,N,3.33333333333333,0,381
3327,3,1.06086375,255,3514,N,5,0,381
3670,4,1.05254325,253,3327,N,6.66666666666667,0,381
4011,5,1.07750475,259,3670,N,8.33333333333333,0,381
3585,6,1.16903025,281,4011,N,10,0,381
3841,7,1.048383,252,3585,N,11.6666666666667,0,381
5588,8,1.16487,280,3841,N,13.3333333333333,0,381
5958,9,1.2231135,294,5588,N,15,0,381
5346,10,1.20231225,289,5958,N,16.6666666666667,0,381
5657,11,1.29383775,311,5346,N,18.3333333333333,0,381
4923,12,1.36040175,327,5657,N,20,0,381
5266,13,1.47688875,355,4923,N,21.6666666666667,0,381
5727,14,1.4560875,350,5266,N,23.3333333333333,0,381
4557,15,1.57673475,379,5727,N,25,0,381
6646,16,1.813869,436,4557,N,26.6666666666667,0,381
6770,17,0.865332,208,6646,Y,28.3333333333333,1,381
7346,18,0.848691,204,6770,N,30,1,381
3328,0,0.77796675,187,NA,N,0,0,382
3524,1,0.8570115,206,3328,N,1.66666666666667,0,382
3514,2,0.8902935,214,3524,N,3.33333333333333,0,382
3327,3,1.06086375,255,3514,N,5,0,382
3670,4,1.05254325,253,3327,N,6.66666666666667,0,382
4011,5,1.07750475,259,3670,N,8.33333333333333,0,382
3585,6,1.16903025,281,4011,N,10,0,382
3841,7,1.048383,252,3585,N,11.6666666666667,0,382
5588,8,1.16487,280,3841,N,13.3333333333333,0,382
5958,9,1.2231135,294,5588,N,15,0,382
5346,10,1.20231225,289,5958,N,16.6666666666667,0,382
5657,11,1.29383775,311,5346,N,18.3333333333333,0,382
4923,12,1.36040175,327,5657,N,20,0,382
5266,13,1.47688875,355,4923,N,21.6666666666667,0,382
5727,14,1.4560875,350,5266,N,23.3333333333333,0,382
4557,15,1.57673475,379,5727,N,25,0,382
6646,16,1.813869,436,4557,N,26.6666666666667,0,382
6771,17,0.73636425,177,6646,Y,28.3333333333333,1,382
7348,18,0.732204,176,6771,N,30,1,382
7373,19,0.8902935,214,7348,N,31.6666666666667,1,382
6230,20,0.83621025,201,7373,N,33.3333333333333,1,382
8142,21,0.915255,220,6230,N,35,1,382
7892,22,0.99429975,239,8142,N,36.6666666666667,1,382
8144,23,1.015101,244,7892,N,38.3333333333333,1,382
10869,24,1.03590225,249,8144,N,40,1,382
9059,25,1.0567035,254,10869,N,41.6666666666667,1,382
9939,26,1.181511,284,9059,N,43.3333333333333,1,382
10106,27,1.27719675,307,9939,N,45,1,382
8809,28,1.297998,312,10106,N,46.6666666666667,1,382
10522,29,1.43528625,345,8809,N,48.3333333333333,1,382
9293,30,1.34376075,323,10522,N,50,1,382
9893,31,1.6724205,402,9293,N,51.6666666666667,1,382
11465,32,0.83621025,201,9893,Y,53.3333333333333,2,382
12035,33,0.8070885,194,11465,N,55,2,382
2924,0,1.17735075,283,NA,N,0,0,383
3018,1,1.32711975,319,2924,N,1.66666666666667,0,383
3058,2,1.43528625,345,3018,N,3.33333333333333,0,383
2894,3,1.714023,412,3058,N,5,0,383
3185,4,1.431126,344,2894,N,6.66666666666667,0,383
3954,5,1.4893695,358,3185,N,8.33333333333333,0,383
3204,6,0.8070885,194,3954,Y,10,1,383
3266,7,0.748845,180,3204,N,11.6666666666667,1,383
4398,8,0.88613325,213,3266,N,13.3333333333333,1,383
5904,9,0.931896,224,4398,N,15,1,383
5121,10,0.97765875,235,5904,N,16.6666666666667,1,383
5370,11,0.83205,200,5121,N,18.3333333333333,1,383
4659,12,1.0067805,242,5370,N,20,1,383
4982,13,1.131588,272,4659,N,21.6666666666667,1,383
5424,14,1.015101,244,4982,N,23.3333333333333,1,383
4395,15,1.0067805,242,5424,N,25,1,383
6520,16,1.0899855,262,4395,N,26.6666666666667,1,383
6640,17,1.1399085,274,6520,N,28.3333333333333,1,383
7143,18,1.131588,272,6640,N,30,1,383
7156,19,1.2563955,302,7143,N,31.6666666666667,1,383
6163,20,1.34376075,323,7156,N,33.3333333333333,1,383
7479,21,1.447767,348,6163,N,35,1,383
7769,22,1.41032475,339,7479,N,36.6666666666667,1,383
8031,23,1.4893695,358,7769,N,38.3333333333333,1,383
10793,24,1.397844,336,8031,N,40,1,383
8768,25,0.648999,156,10793,Y,41.6666666666667,2,383
9623,26,0.6406785,154,8768,N,43.3333333333333,2,383
9947,27,0.84453075,203,9623,N,45,2,383
8648,28,0.8570115,206,9947,N,46.6666666666667,2,383
10435,29,0.8736525,210,8648,N,48.3333333333333,2,383
2357,0,0.6240375,150,NA,N,0,0,384
2509,1,0.71140275,171,2357,N,1.66666666666667,0,384
2439,2,0.93605625,225,2509,N,3.33333333333333,0,384
2349,3,1.1731905,282,2439,N,5,0,384
2469,4,0.98597925,237,2349,N,6.66666666666667,0,384
2387,5,1.11910725,269,2469,N,8.33333333333333,0,384
2444,6,1.2231135,294,2387,N,10,0,384
2413,7,1.01094075,243,2444,N,11.6666666666667,0,384
4147,8,1.1232675,270,2413,N,13.3333333333333,0,384
5542,9,1.11910725,269,4147,N,15,0,384
4664,10,1.17735075,283,5542,N,16.6666666666667,0,384
4912,11,1.23559425,297,4664,N,18.3333333333333,0,384
4144,12,1.46024775,351,4912,N,20,0,384
4524,13,1.547613,372,4144,N,21.6666666666667,0,384
4909,14,1.464408,352,4524,N,23.3333333333333,0,384
4126,15,1.530972,368,4909,N,25,0,384
6333,16,1.530972,368,4126,N,26.6666666666667,0,384
6416,17,1.913715,460,6333,N,28.3333333333333,0,384
6839,18,1.9053945,458,6416,N,30,0,384
6841,19,1.99275975,479,6839,N,31.6666666666667,0,384
6039,20,2.00108025,481,6841,N,33.3333333333333,0,384
7009,21,0.98597925,237,6039,Y,35,1,384
7450,22,1.21063275,291,7009,N,36.6666666666667,1,384
7734,23,1.2896775,310,7450,N,38.3333333333333,1,384
10645,24,1.27719675,307,7734,N,40,1,384
8433,25,1.2231135,294,10645,N,41.6666666666667,1,384
8342,26,1.33128,320,8433,N,43.3333333333333,1,384
9396,27,1.2563955,302,8342,N,45,1,384
8385,28,1.31047875,315,9396,N,46.6666666666667,1,384
10295,29,1.4394465,346,8385,N,48.3333333333333,1,384
8869,30,1.43528625,345,10295,N,50,1,384
9112,31,1.61001675,387,8869,N,51.6666666666667,1,384
11085,32,1.51017075,363,9112,N,53.3333333333333,1,384
11474,33,1.90955475,459,11085,N,55,1,384
10987,34,0.81124875,195,11474,Y,56.6666666666667,2,384
11787,35,0.8902935,214,10987,N,58.3333333333333,2,384
12200,36,0.94437675,227,11787,N,60,2,384
12304,37,0.83621025,201,12200,N,61.6666666666667,2,384
3331,0,1.0899855,262,NA,N,0,0,385
3536,1,1.17735075,283,3331,N,1.66666666666667,0,385
3522,2,1.26055575,303,3536,N,3.33333333333333,0,385
3333,3,1.5559335,374,3522,N,5,0,385
3685,4,1.5392925,370,3333,N,6.66666666666667,0,385
4012,5,1.580895,380,3685,N,8.33333333333333,0,385
3594,6,1.880433,452,4012,N,10,0,385
3849,7,0.74468475,179,3594,Y,11.6666666666667,1,385
5598,8,0.80292825,193,3849,N,13.3333333333333,1,385
5959,9,1.0067805,242,5598,N,15,1,385
5350,10,1.0400625,250,5959,N,16.6666666666667,1,385
5661,11,0.99429975,239,5350,N,18.3333333333333,1,385
4928,12,1.06918425,257,5661,N,20,1,385
5269,13,1.148229,276,4928,N,21.6666666666667,1,385
5731,14,1.08582525,261,5269,N,23.3333333333333,1,385
4562,15,1.0899855,262,5731,N,25,1,385
6648,16,1.13574825,273,4562,N,26.6666666666667,1,385
6772,17,1.24391475,299,6648,N,28.3333333333333,1,385
7351,18,1.181511,284,6772,N,30,1,385
7377,19,1.2064725,290,7351,N,31.6666666666667,1,385
6231,20,1.4893695,358,7377,N,33.3333333333333,1,385
8145,21,1.447767,348,6231,N,35,1,385
7894,22,1.46856825,353,8145,N,36.6666666666667,1,385
8147,23,1.65993975,399,7894,N,38.3333333333333,1,385
10870,24,1.63497825,393,8147,N,40,1,385
9064,25,1.6391385,394,10870,N,41.6666666666667,1,385
9942,26,1.863792,448,9064,N,43.3333333333333,1,385
10107,27,0.8403705,202,9942,Y,45,2,385
8812,28,0.782127,188,10107,N,46.6666666666667,2,385
2938,0,0.77796675,187,NA,N,0,0,386
3028,1,0.8736525,210,2938,N,1.66666666666667,0,386
3063,2,0.8570115,206,3028,N,3.33333333333333,0,386
2898,3,1.04422275,251,3063,N,5,0,386
3188,4,0.96101775,231,2898,N,6.66666666666667,0,386
3955,5,0.91109475,219,3188,N,8.33333333333333,0,386
3214,6,1.1066265,266,3955,N,10,0,386
3276,7,0.9402165,226,3214,N,11.6666666666667,0,386
4402,8,1.06086375,255,3276,N,13.3333333333333,0,386
5907,9,1.181511,284,4402,N,15,0,386
5131,10,1.181511,284,5907,N,16.6666666666667,0,386
5376,11,1.41032475,339,5131,N,18.3333333333333,0,386
4667,12,1.34376075,323,5376,N,20,0,386
4993,13,1.4394465,346,4667,N,21.6666666666667,0,386
5439,14,1.414485,340,4993,N,23.3333333333333,0,386
4399,15,1.6058565,386,5439,N,25,0,386
6524,16,1.64329875,395,4399,N,26.6666666666667,0,386
6645,17,1.763946,424,6524,N,28.3333333333333,0,386
7149,18,1.797228,432,6645,N,30,0,386
7162,19,0.96101775,231,7149,Y,31.6666666666667,1,386
6165,20,0.91941525,221,7162,N,33.3333333333333,1,386
7490,21,0.9734985,234,6165,N,35,1,386
7771,22,1.04422275,251,7490,N,36.6666666666667,1,386
2938,0,0.77796675,187,NA,N,0,0,387
3028,1,0.8736525,210,2938,N,1.66666666666667,0,387
3063,2,0.8570115,206,3028,N,3.33333333333333,0,387
2898,3,1.04422275,251,3063,N,5,0,387
3188,4,0.96101775,231,2898,N,6.66666666666667,0,387
3955,5,0.91109475,219,3188,N,8.33333333333333,0,387
3214,6,1.1066265,266,3955,N,10,0,387
3276,7,0.9402165,226,3214,N,11.6666666666667,0,387
4402,8,1.06086375,255,3276,N,13.3333333333333,0,387
5907,9,1.181511,284,4402,N,15,0,387
5131,10,1.181511,284,5907,N,16.6666666666667,0,387
5376,11,1.41032475,339,5131,N,18.3333333333333,0,387
4667,12,1.34376075,323,5376,N,20,0,387
4993,13,1.4394465,346,4667,N,21.6666666666667,0,387
5439,14,1.414485,340,4993,N,23.3333333333333,0,387
4399,15,1.6058565,386,5439,N,25,0,387
6524,16,1.64329875,395,4399,N,26.6666666666667,0,387
6645,17,1.763946,424,6524,N,28.3333333333333,0,387
7149,18,1.797228,432,6645,N,30,0,387
7165,19,0.931896,224,7149,Y,31.6666666666667,1,387
6166,20,0.95269725,229,7165,N,33.3333333333333,1,387
7494,21,0.91109475,219,6166,N,35,1,387
7772,22,1.03590225,249,7494,N,36.6666666666667,1,387
8035,23,1.05254325,253,7772,N,38.3333333333333,1,387
10795,24,1.0733445,258,8035,N,40,1,387
8777,25,1.181511,284,10795,N,41.6666666666667,1,387
9637,26,1.29383775,311,8777,N,43.3333333333333,1,387
9953,27,1.33128,320,9637,N,45,1,387
8650,28,1.3728825,330,9953,N,46.6666666666667,1,387
10437,29,1.49769,360,8650,N,48.3333333333333,1,387
9724,30,1.61001675,387,10437,N,50,1,387
9684,31,1.4228055,342,9724,N,51.6666666666667,1,387
11304,32,1.780587,428,9684,N,53.3333333333333,1,387
11830,33,0.698922,168,11304,Y,55,2,387
11320,34,0.83205,200,11830,N,56.6666666666667,2,387
12187,35,0.71972325,173,11320,N,58.3333333333333,2,387
3336,0,0.91109475,219,NA,N,0,0,388
3541,1,0.95269725,229,3336,N,1.66666666666667,0,388
3525,2,1.031742,248,3541,N,3.33333333333333,0,388
3335,3,1.16487,280,3525,N,5,0,388
3691,4,1.2563955,302,3335,N,6.66666666666667,0,388
4013,5,1.19399175,287,3691,N,8.33333333333333,0,388
3599,6,1.56841425,377,4013,N,10,0,388
3850,7,1.4228055,342,3599,N,11.6666666666667,0,388
5603,8,1.6890615,406,3850,N,13.3333333333333,0,388
5960,9,1.72650375,415,5603,N,15,0,388
5357,10,0.6406785,154,5960,Y,16.6666666666667,1,388
4933,12,0.83621025,201,5357,N,20,1,388
5271,13,0.9568575,230,4933,N,21.6666666666667,1,388
5734,14,0.8902935,214,5271,N,23.3333333333333,1,388
4566,15,0.8736525,210,5734,N,25,1,388
6650,16,0.9734985,234,4566,N,26.6666666666667,1,388
6773,17,0.9734985,234,6650,N,28.3333333333333,1,388
7354,18,1.0234215,246,6773,N,30,1,388
7382,19,1.0899855,262,7354,N,31.6666666666667,1,388
6232,20,1.114947,268,7382,N,33.3333333333333,1,388
8146,21,1.264716,304,6232,N,35,1,388
7896,22,1.36872225,329,8146,N,36.6666666666667,1,388
8149,23,1.198152,288,7896,N,38.3333333333333,1,388
10872,24,0.782127,188,8149,Y,40,2,388
9069,25,0.865332,208,10872,N,41.6666666666667,2,388
9944,26,0.848691,204,9069,N,43.3333333333333,2,388
10109,27,0.99429975,239,9944,N,45,2,388
3339,0,0.91941525,221,NA,N,0,0,389
3545,1,0.815409,196,3339,N,1.66666666666667,0,389
3531,2,1.02758175,247,3545,N,3.33333333333333,0,389
3338,3,0.965178,232,3531,N,5,0,389
3697,4,0.965178,232,3338,N,6.66666666666667,0,389
4014,5,1.0234215,246,3697,N,8.33333333333333,0,389
3604,6,1.14406875,275,4014,N,10,0,389
3851,7,1.148229,276,3604,N,11.6666666666667,0,389
5607,8,1.2064725,290,3851,N,13.3333333333333,0,389
5961,9,1.314639,316,5607,N,15,0,389
5362,10,1.2563955,302,5961,N,16.6666666666667,0,389
5665,11,1.36872225,329,5362,N,18.3333333333333,0,389
4938,12,1.41032475,339,5665,N,20,0,389
5275,13,1.4394465,346,4938,N,21.6666666666667,0,389
5739,14,1.50185025,361,5275,N,23.3333333333333,0,389
4572,15,1.614177,388,5739,N,25,0,389
6652,16,1.797228,432,4572,N,26.6666666666667,0,389
6774,17,1.763946,424,6652,N,28.3333333333333,0,389
7356,18,0.8736525,210,6774,Y,30,1,389
7384,19,0.815409,196,7356,N,31.6666666666667,1,389
6233,20,1.06918425,257,7384,N,33.3333333333333,1,389
8148,21,1.0234215,246,6233,N,35,1,389
7898,22,1.10246625,265,8148,N,36.6666666666667,1,389
8151,23,1.07750475,259,7898,N,38.3333333333333,1,389
10873,24,1.1898315,286,8151,N,40,1,389
9074,25,1.248075,300,10873,N,41.6666666666667,1,389
9946,26,1.264716,304,9074,N,43.3333333333333,1,389
10111,27,1.297998,312,9946,N,45,1,389
8821,28,1.3895235,334,10111,N,46.6666666666667,1,389
10525,29,1.46024775,351,8821,N,48.3333333333333,1,389
9314,30,1.34376075,323,10525,N,50,1,389
9899,31,1.630818,392,9314,N,51.6666666666667,1,389
11473,32,1.70154225,409,9899,N,53.3333333333333,1,389
12046,33,0.98597925,237,11473,Y,55,2,389
11612,34,1.0899855,262,12046,N,56.6666666666667,2,389
12517,35,1.05254325,253,11612,N,58.3333333333333,2,389
12986,36,1.1898315,286,12517,N,60,2,389
13036,37,1.1731905,282,12986,N,61.6666666666667,2,389
3353,0,0.9901395,238,NA,N,0,0,390
3558,1,1.07750475,259,3353,N,1.66666666666667,0,390
3542,2,1.07750475,259,3558,N,3.33333333333333,0,390
3349,3,1.131588,272,3542,N,5,0,390
3719,4,1.26055575,303,3349,N,6.66666666666667,0,390
4016,5,1.3396005,322,3719,N,8.33333333333333,0,390
3613,6,1.4228055,342,4016,N,10,0,390
3853,7,1.36872225,329,3613,N,11.6666666666667,0,390
5619,8,1.547613,372,3853,N,13.3333333333333,0,390
5964,9,1.83051,440,5619,N,15,0,390
5369,10,1.680741,404,5964,N,16.6666666666667,0,390
5675,11,1.72650375,415,5369,N,18.3333333333333,0,390
4954,12,0.89445375,215,5675,Y,20,1,390
5287,13,1.25223525,301,4954,N,21.6666666666667,1,390
5752,14,1.13574825,273,5287,N,23.3333333333333,1,390
4581,15,1.0234215,246,5752,N,25,1,390
6656,16,1.10246625,265,4581,N,26.6666666666667,1,390
6777,17,1.18567125,285,6656,N,28.3333333333333,1,390
7364,18,1.0899855,262,6777,N,30,1,390
7399,19,1.181511,284,7364,N,31.6666666666667,1,390
6235,20,1.214793,292,7399,N,33.3333333333333,1,390
8162,21,1.41032475,339,6235,N,35,1,390
7904,22,1.5559335,374,8162,N,36.6666666666667,1,390
8157,23,1.5226515,366,7904,N,38.3333333333333,1,390
10878,24,1.747305,420,8157,N,40,1,390
9101,25,1.6890615,406,10878,N,41.6666666666667,1,390
9956,26,1.7223435,414,9101,N,43.3333333333333,1,390
10123,27,1.66826025,401,9956,N,45,1,390
8845,28,0.66980025,161,10123,Y,46.6666666666667,2,390
3353,0,0.9901395,238,NA,N,0,0,391
3558,1,1.07750475,259,3353,N,1.66666666666667,0,391
3542,2,1.07750475,259,3558,N,3.33333333333333,0,391
3349,3,1.131588,272,3542,N,5,0,391
3719,4,1.26055575,303,3349,N,6.66666666666667,0,391
4016,5,1.3396005,322,3719,N,8.33333333333333,0,391
3613,6,1.4228055,342,4016,N,10,0,391
3853,7,1.36872225,329,3613,N,11.6666666666667,0,391
5619,8,1.547613,372,3853,N,13.3333333333333,0,391
5964,9,1.83051,440,5619,N,15,0,391
5369,10,1.680741,404,5964,N,16.6666666666667,0,391
5675,11,1.72650375,415,5369,N,18.3333333333333,0,391
4957,12,0.8403705,202,5675,Y,20,1,391
5291,13,0.98597925,237,4957,N,21.6666666666667,1,391
5756,14,0.931896,224,5291,N,23.3333333333333,1,391
4585,15,1.0400625,250,5756,N,25,1,391
6658,16,0.96101775,231,4585,N,26.6666666666667,1,391
6778,17,1.08582525,261,6658,N,28.3333333333333,1,391
7367,18,1.0733445,258,6778,N,30,1,391
7404,19,1.04422275,251,7367,N,31.6666666666667,1,391
6236,20,1.15238925,277,7404,N,33.3333333333333,1,391
8164,21,1.31047875,315,6236,N,35,1,391
7906,22,1.44360675,347,8164,N,36.6666666666667,1,391
8158,23,1.31879925,317,7906,N,38.3333333333333,1,391
10879,24,1.40200425,337,8158,N,40,1,391
9108,25,1.4061645,338,10879,N,41.6666666666667,1,391
9958,26,1.57673475,379,9108,N,43.3333333333333,1,391
10125,27,0.73636425,177,9958,Y,45,2,391
8852,28,0.798768,192,10125,N,46.6666666666667,2,391
10534,29,0.881973,212,8852,N,48.3333333333333,2,391
9391,30,0.84453075,203,10534,N,50,2,391
9914,31,0.848691,204,9391,N,51.6666666666667,2,391
11489,32,0.94437675,227,9914,N,53.3333333333333,2,391
12061,33,1.081665,260,11489,N,55,2,391
11652,34,1.048383,252,12061,N,56.6666666666667,2,391
12573,35,1.1066265,266,11652,N,58.3333333333333,2,391
13029,36,1.17735075,283,12573,N,60,2,391
13074,37,1.231434,296,13029,N,61.6666666666667,2,391
3359,0,1.06086375,255,NA,N,0,0,392
3563,1,1.13574825,273,3359,N,1.66666666666667,0,392
3549,2,1.148229,276,3563,N,3.33333333333333,0,392
3355,3,1.231434,296,3549,N,5,0,392
3724,4,1.314639,316,3355,N,6.66666666666667,0,392
4017,5,1.4061645,338,3724,N,8.33333333333333,0,392
3619,6,1.8055485,434,4017,N,10,0,392
3854,7,1.564254,376,3619,N,11.6666666666667,0,392
5625,8,1.60169625,385,3854,N,13.3333333333333,0,392
5965,9,1.6641,400,5625,N,15,0,392
5372,10,0.8570115,206,5965,Y,16.6666666666667,1,392
5679,11,0.915255,220,5372,N,18.3333333333333,1,392
4962,12,0.9901395,238,5679,N,20,1,392
5295,13,1.09414575,263,4962,N,21.6666666666667,1,392
5761,14,1.09414575,263,5295,N,23.3333333333333,1,392
4589,15,1.0733445,258,5761,N,25,1,392
6660,16,1.15238925,277,4589,N,26.6666666666667,1,392
6779,17,1.14406875,275,6660,N,28.3333333333333,1,392
7370,18,1.2563955,302,6779,N,30,1,392
7408,19,1.297998,312,7370,N,31.6666666666667,1,392
6238,20,1.36872225,329,7408,N,33.3333333333333,1,392
8166,21,1.30215825,313,6238,N,35,1,392
7911,22,1.33544025,321,8166,N,36.6666666666667,1,392
8159,23,1.3229595,318,7911,N,38.3333333333333,1,392
10880,24,1.3895235,334,8159,N,40,1,392
9116,25,1.39368375,335,10880,N,41.6666666666667,1,392
9959,26,1.6391385,394,9116,N,43.3333333333333,1,392
10128,27,1.65161925,397,9959,N,45,1,392
8856,28,1.77642675,427,10128,N,46.6666666666667,1,392
10535,29,0.81124875,195,8856,Y,48.3333333333333,2,392
9395,30,0.9568575,230,10535,N,50,2,392
9916,31,0.81956925,197,9395,N,51.6666666666667,2,392
11880,33,0.9901395,238,9916,N,55,2,392
11364,34,0.89445375,215,11880,N,56.6666666666667,2,392
12265,35,0.7738065,186,11364,N,58.3333333333333,2,392
12766,36,0.9235755,222,12265,N,60,2,392
12868,37,1.09414575,263,12766,N,61.6666666666667,2,392
3359,0,1.06086375,255,NA,N,0,0,393
3563,1,1.13574825,273,3359,N,1.66666666666667,0,393
3549,2,1.148229,276,3563,N,3.33333333333333,0,393
3355,3,1.231434,296,3549,N,5,0,393
3724,4,1.314639,316,3355,N,6.66666666666667,0,393
4017,5,1.4061645,338,3724,N,8.33333333333333,0,393
3619,6,1.8055485,434,4017,N,10,0,393
3854,7,1.564254,376,3619,N,11.6666666666667,0,393
5625,8,1.60169625,385,3854,N,13.3333333333333,0,393
5965,9,1.6641,400,5625,N,15,0,393
5375,10,0.83205,200,5965,Y,16.6666666666667,1,393
5683,11,0.99429975,239,5375,N,18.3333333333333,1,393
4967,12,0.97765875,235,5683,N,20,1,393
5299,13,1.1066265,266,4967,N,21.6666666666667,1,393
5764,14,1.01094075,243,5299,N,23.3333333333333,1,393
4597,15,1.02758175,247,5764,N,25,1,393
6661,16,1.02758175,247,4597,N,26.6666666666667,1,393
6780,17,1.10246625,265,6661,N,28.3333333333333,1,393
7374,18,1.281357,308,6780,N,30,1,393
7413,19,1.26055575,303,7374,N,31.6666666666667,1,393
6239,20,1.33128,320,7413,N,33.3333333333333,1,393
8168,21,1.38536325,333,6239,N,35,1,393
7912,22,1.4228055,342,8168,N,36.6666666666667,1,393
8160,23,1.5060105,362,7912,N,38.3333333333333,1,393
10881,24,1.46024775,351,8160,N,40,1,393
9120,25,1.61833725,389,10881,N,41.6666666666667,1,393
9963,26,0.8237295,198,9120,Y,43.3333333333333,2,393
10132,27,0.85285125,205,9963,N,45,2,393
11492,32,0.798768,192,10132,N,53.3333333333333,2,393
12069,33,0.948537,228,11492,N,55,2,393
11658,34,0.91109475,219,12069,N,56.6666666666667,2,393
12579,35,1.114947,268,11658,N,58.3333333333333,2,393
13032,36,1.07750475,259,12579,N,60,2,393
13078,37,0.99846,240,13032,N,61.6666666666667,2,393
3363,0,1.06918425,257,NA,N,0,0,394
3569,1,0.99846,240,3363,N,1.66666666666667,0,394
3554,2,1.131588,272,3569,N,3.33333333333333,0,394
3364,3,1.081665,260,3554,N,5,0,394
3740,4,1.1565495,278,3364,N,6.66666666666667,0,394
4019,5,1.16070975,279,3740,N,8.33333333333333,0,394
3630,6,1.2397545,298,4019,N,10,0,394
3857,7,1.464408,352,3630,N,11.6666666666667,0,394
5633,8,1.2397545,298,3857,N,13.3333333333333,0,394
5967,9,1.5226515,366,5633,N,15,0,394
5384,10,1.63497825,393,5967,N,16.6666666666667,0,394
5692,11,1.5060105,362,5384,N,18.3333333333333,0,394
4980,12,1.70154225,409,5692,N,20,0,394
5313,13,1.8554715,446,4980,N,21.6666666666667,0,394
5781,14,1.780587,428,5313,N,23.3333333333333,0,394
4612,15,1.70986275,411,5781,N,25,0,394
6667,16,1.8554715,446,4612,N,26.6666666666667,0,394
6784,17,0.9734985,234,6667,Y,28.3333333333333,1,394
7386,18,1.0067805,242,6784,N,30,1,394
7426,19,1.081665,260,7386,N,31.6666666666667,1,394
6243,20,1.0733445,258,7426,N,33.3333333333333,1,394
8176,21,1.15238925,277,6243,N,35,1,394
7919,22,1.397844,336,8176,N,36.6666666666667,1,394
8167,23,1.114947,268,7919,N,38.3333333333333,1,394
10885,24,1.31879925,317,8167,N,40,1,394
9141,25,1.264716,304,10885,N,41.6666666666667,1,394
10036,26,1.6058565,386,9141,N,43.3333333333333,1,394
13705,27,NA,-1,10036,Y,45,2,394
3363,0,1.06918425,257,NA,N,0,0,395
3569,1,0.99846,240,3363,N,1.66666666666667,0,395
3554,2,1.131588,272,3569,N,3.33333333333333,0,395
3364,3,1.081665,260,3554,N,5,0,395
3740,4,1.1565495,278,3364,N,6.66666666666667,0,395
4019,5,1.16070975,279,3740,N,8.33333333333333,0,395
3630,6,1.2397545,298,4019,N,10,0,395
3857,7,1.464408,352,3630,N,11.6666666666667,0,395
5633,8,1.2397545,298,3857,N,13.3333333333333,0,395
5967,9,1.5226515,366,5633,N,15,0,395
5384,10,1.63497825,393,5967,N,16.6666666666667,0,395
5692,11,1.5060105,362,5384,N,18.3333333333333,0,395
4980,12,1.70154225,409,5692,N,20,0,395
5313,13,1.8554715,446,4980,N,21.6666666666667,0,395
5781,14,1.780587,428,5313,N,23.3333333333333,0,395
4612,15,1.70986275,411,5781,N,25,0,395
6667,16,1.8554715,446,4612,N,26.6666666666667,0,395
6783,17,0.97765875,235,6667,Y,28.3333333333333,1,395
7383,18,1.2397545,298,6783,N,30,1,395
7422,19,1.18567125,285,7383,N,31.6666666666667,1,395
6242,20,1.17735075,283,7422,N,33.3333333333333,1,395
8174,21,1.0733445,258,6242,N,35,1,395
7917,22,1.1731905,282,8174,N,36.6666666666667,1,395
8165,23,1.2064725,290,7917,N,38.3333333333333,1,395
10884,24,1.16903025,281,8165,N,40,1,395
9136,25,1.37704275,331,10884,N,41.6666666666667,1,395
9973,26,1.10246625,265,9136,N,43.3333333333333,1,395
10140,27,1.4560875,350,9973,N,45,1,395
8992,28,1.564254,376,10140,N,46.6666666666667,1,395
10540,29,0.89445375,215,8992,Y,48.3333333333333,2,395
9407,30,0.8736525,210,10540,N,50,2,395
10112,31,0.98597925,237,9407,N,51.6666666666667,2,395
11494,32,0.9568575,230,10112,N,53.3333333333333,2,395
12076,33,1.10246625,265,11494,N,55,2,395
11662,34,1.0067805,242,12076,N,56.6666666666667,2,395
12587,35,1.20231225,289,11662,N,58.3333333333333,2,395
13037,36,1.22727375,295,12587,N,60,2,395
13085,37,1.22727375,295,13037,N,61.6666666666667,2,395
3373,0,0.881973,212,NA,N,0,0,396
3574,1,0.8570115,206,3373,N,1.66666666666667,0,396
3559,2,1.0567035,254,3574,N,3.33333333333333,0,396
3370,3,1.13574825,273,3559,N,5,0,396
3747,4,1.12742775,271,3370,N,6.66666666666667,0,396
4020,5,1.131588,272,3747,N,8.33333333333333,0,396
3634,6,1.25223525,301,4020,N,10,0,396
3858,7,1.25223525,301,3634,N,11.6666666666667,0,396
5640,8,1.33544025,321,3858,N,13.3333333333333,0,396
5968,9,1.46024775,351,5640,N,15,0,396
5389,10,1.5559335,374,5968,N,16.6666666666667,0,396
5696,11,1.49769,360,5389,N,18.3333333333333,0,396
4986,12,1.69322175,407,5696,N,20,0,396
5323,13,0.86949225,209,4986,Y,21.6666666666667,1,396
5792,14,0.782127,188,5323,N,23.3333333333333,1,396
4627,15,0.7238835,174,5792,N,25,1,396
6674,16,0.765486,184,4627,N,26.6666666666667,1,396
6787,17,1.11910725,269,6674,N,28.3333333333333,1,396
7396,18,0.97765875,235,6787,N,30,1,396
7435,19,1.08582525,261,7396,N,31.6666666666667,1,396
6246,20,1.065024,256,7435,N,33.3333333333333,1,396
8182,21,1.11078675,267,6246,N,35,1,396
7925,22,1.36040175,327,8182,N,36.6666666666667,1,396
8173,23,1.16070975,279,7925,N,38.3333333333333,1,396
10888,24,1.1399085,274,8173,N,40,1,396
9152,25,1.1066265,266,10888,N,41.6666666666667,1,396
9978,26,1.12742775,271,9152,N,43.3333333333333,1,396
10146,27,1.16903025,281,9978,N,45,1,396
8877,28,1.25223525,301,10146,N,46.6666666666667,1,396
10545,29,1.2563955,302,8877,N,48.3333333333333,1,396
9423,30,1.0567035,254,10545,N,50,1,396
10122,31,1.6890615,406,9423,N,51.6666666666667,1,396
11503,32,1.58505525,381,10122,N,53.3333333333333,1,396
12089,33,0.74468475,179,11503,Y,55,2,396
11673,34,0.9568575,230,12089,N,56.6666666666667,2,396
12594,35,1.00262025,241,11673,N,58.3333333333333,2,396
13047,36,0.99429975,239,12594,N,60,2,396
13094,37,0.91109475,219,13047,N,61.6666666666667,2,396
2359,0,0.632358,152,NA,N,0,0,397
2553,1,0.62819775,151,2359,N,1.66666666666667,0,397
2447,2,0.7072425,170,2553,N,3.33333333333333,0,397
2395,3,0.748845,180,2447,N,5,0,397
2484,4,0.77796675,187,2395,N,6.66666666666667,0,397
2427,5,0.72804375,175,2484,N,8.33333333333333,0,397
2458,6,0.865332,208,2427,N,10,0,397
2416,7,0.6906015,166,2458,N,11.6666666666667,0,397
4156,8,0.75300525,181,2416,N,13.3333333333333,0,397
5557,9,0.83205,200,4156,N,15,0,397
4676,10,0.7571655,182,5557,N,16.6666666666667,0,397
4927,11,0.8736525,210,4676,N,18.3333333333333,0,397
4154,12,0.95269725,229,4927,N,20,0,397
4532,13,0.96933825,233,4154,N,21.6666666666667,0,397
4926,14,0.93605625,225,4532,N,23.3333333333333,0,397
4138,15,0.931896,224,4926,N,25,0,397
6337,16,1.0067805,242,4138,N,26.6666666666667,0,397
6426,17,1.015101,244,6337,N,28.3333333333333,0,397
6851,18,1.1399085,274,6426,N,30,0,397
6852,19,1.098306,264,6851,N,31.6666666666667,0,397
6045,20,1.16070975,279,6852,N,33.3333333333333,0,397
7029,21,1.2064725,290,6045,N,35,0,397
7470,22,1.198152,288,7029,N,36.6666666666667,0,397
7743,23,1.3562415,326,7470,N,38.3333333333333,0,397
10650,24,1.31879925,317,7743,N,40,0,397
8444,25,1.514331,364,10650,N,41.6666666666667,0,397
8913,26,1.35208125,325,8444,N,43.3333333333333,0,397
9418,27,1.6641,400,8913,N,45,0,397
8395,28,1.51017075,363,9418,N,46.6666666666667,0,397
10300,29,0.75300525,181,8395,Y,48.3333333333333,1,397
11483,33,0.9069345,218,10300,N,55,1,397
10992,34,1.1399085,274,11483,N,56.6666666666667,1,397
11804,35,1.1731905,282,10992,N,58.3333333333333,1,397
12225,36,1.297998,312,11804,N,60,1,397
12319,37,1.14406875,275,12225,N,61.6666666666667,1,397
3385,0,1.148229,276,NA,N,0,0,398
3580,1,1.2730365,306,3385,N,1.66666666666667,0,398
3567,2,1.25223525,301,3580,N,3.33333333333333,0,398
3377,3,1.347921,324,3567,N,5,0,398
3753,4,1.3728825,330,3377,N,6.66666666666667,0,398
4021,5,1.63497825,393,3753,N,8.33333333333333,0,398
3643,6,1.863792,448,4021,N,10,0,398
3906,7,0.53667225,129,3643,Y,11.6666666666667,1,398
3385,0,1.148229,276,NA,N,0,0,399
3580,1,1.2730365,306,3385,N,1.66666666666667,0,399
3567,2,1.25223525,301,3580,N,3.33333333333333,0,399
3377,3,1.347921,324,3567,N,5,0,399
3753,4,1.3728825,330,3377,N,6.66666666666667,0,399
4021,5,1.63497825,393,3753,N,8.33333333333333,0,399
3643,6,1.863792,448,4021,N,10,0,399
3638,7,0.6906015,166,3643,Y,11.6666666666667,1,399
4452,8,0.9901395,238,3638,N,13.3333333333333,1,399
5932,9,1.05254325,253,4452,N,15,1,399
5249,10,1.04422275,251,5932,N,16.6666666666667,1,399
5513,11,1.03590225,249,5249,N,18.3333333333333,1,399
4788,12,1.11910725,269,5513,N,20,1,399
5136,13,1.11078675,267,4788,N,21.6666666666667,1,399
5604,14,1.181511,284,5136,N,23.3333333333333,1,399
4462,15,1.08582525,261,5604,N,25,1,399
6580,16,1.1898315,286,4462,N,26.6666666666667,1,399
6709,17,1.21063275,291,6580,N,28.3333333333333,1,399
7242,18,1.26055575,303,6709,N,30,1,399
7281,19,1.36040175,327,7242,N,31.6666666666667,1,399
6197,20,1.3396005,322,7281,N,33.3333333333333,1,399
8071,21,1.3396005,322,6197,N,35,1,399
7827,22,1.3895235,334,8071,N,36.6666666666667,1,399
8080,23,1.4560875,350,7827,N,38.3333333333333,1,399
10832,24,1.53513225,369,8080,N,40,1,399
8886,25,1.38536325,333,10832,N,41.6666666666667,1,399
9801,26,1.71818325,413,8886,N,43.3333333333333,1,399
10033,27,1.5725745,378,9801,N,45,1,399
8662,28,0.7904475,190,10033,Y,46.6666666666667,2,399
10442,29,0.732204,176,8662,N,48.3333333333333,2,399
9750,30,0.72804375,175,10442,N,50,2,399
9699,31,0.732204,176,9750,N,51.6666666666667,2,399
11310,32,0.66980025,161,9699,N,53.3333333333333,2,399
11846,33,0.66564,160,11310,N,55,2,399
11334,34,0.682281,164,11846,N,56.6666666666667,2,399
12216,35,0.72804375,175,11334,N,58.3333333333333,2,399
12730,36,0.81956925,197,12216,N,60,2,399
12849,37,0.7738065,186,12730,N,61.6666666666667,2,399
3397,0,0.9734985,234,NA,N,0,0,400
3586,1,0.93605625,225,3397,N,1.66666666666667,0,400
3572,2,1.07750475,259,3586,N,3.33333333333333,0,400
3383,3,1.16070975,279,3572,N,5,0,400
3757,4,1.198152,288,3383,N,6.66666666666667,0,400
4022,5,1.3895235,334,3757,N,8.33333333333333,0,400
3645,6,1.3562415,326,4022,N,10,0,400
5646,8,1.414485,340,3645,N,13.3333333333333,0,400
5969,9,1.364562,328,5646,N,15,0,400
5393,10,1.42696575,343,5969,N,16.6666666666667,0,400
4992,12,1.5559335,374,5393,N,20,0,400
5327,13,1.7057025,410,4992,N,21.6666666666667,0,400
5795,14,0.9235755,222,5327,Y,23.3333333333333,1,400
2655,0,0.67812075,163,NA,N,0,0,401
2754,1,0.7072425,170,2655,N,1.66666666666667,0,401
2793,2,0.765486,184,2754,N,3.33333333333333,0,401
2665,3,0.81956925,197,2793,N,5,0,401
2728,4,0.83205,200,2665,N,6.66666666666667,0,401
3836,5,0.881973,212,2728,N,8.33333333333333,0,401
2965,6,0.981819,236,3836,N,10,0,401
2991,7,0.95269725,229,2965,N,11.6666666666667,0,401
4296,8,0.94437675,227,2991,N,13.3333333333333,0,401
5757,9,0.9901395,238,4296,N,15,0,401
4870,10,1.1565495,278,5757,N,16.6666666666667,0,401
5186,11,1.19399175,287,4870,N,18.3333333333333,0,401
4456,12,1.2397545,298,5186,N,20,0,401
4736,13,1.2730365,306,4456,N,21.6666666666667,0,401
5175,14,1.24391475,299,4736,N,23.3333333333333,0,401
4281,15,1.481049,356,5175,N,25,0,401
6410,16,1.65161925,397,4281,N,26.6666666666667,0,401
6529,17,1.3396005,322,6410,N,28.3333333333333,0,401
6988,18,0.8403705,202,6529,Y,30,1,401
6987,19,0.85285125,205,6988,N,31.6666666666667,1,401
6103,20,0.88613325,213,6987,N,33.3333333333333,1,401
7220,21,0.915255,220,6103,N,35,1,401
7655,22,1.015101,244,7220,N,36.6666666666667,1,401
7901,23,0.89445375,215,7655,N,38.3333333333333,1,401
10722,24,1.01094075,243,7901,N,40,1,401
8593,25,0.881973,212,10722,N,41.6666666666667,1,401
9264,26,1.0400625,250,8593,N,43.3333333333333,1,401
9719,27,1.02758175,247,9264,N,45,1,401
8528,28,1.065024,256,9719,N,46.6666666666667,1,401
10373,29,1.15238925,277,8528,N,48.3333333333333,1,401
9273,30,0.92773575,223,10373,N,50,1,401
9488,31,1.24391475,299,9273,N,51.6666666666667,1,401
11210,32,1.248075,300,9488,N,53.3333333333333,1,401
11661,33,1.530972,368,11210,N,55,1,401
11108,34,0.58659525,141,11661,Y,56.6666666666667,2,401
3149,0,0.8403705,202,NA,N,0,0,402
3386,1,0.8736525,210,3149,N,1.66666666666667,0,402
3378,2,0.89445375,215,3386,N,3.33333333333333,0,402
3207,3,0.89445375,215,3378,N,5,0,402
3512,4,1.01926125,245,3207,N,6.66666666666667,0,402
3982,5,1.0234215,246,3512,N,8.33333333333333,0,402
3414,6,1.1232675,270,3982,N,10,0,402
3681,7,1.14406875,275,3414,N,11.6666666666667,0,402
5450,8,1.231434,296,3681,N,13.3333333333333,0,402
5934,9,1.31047875,315,5450,N,15,0,402
5257,10,1.364562,328,5934,N,16.6666666666667,0,402
5531,11,1.34376075,323,5257,N,18.3333333333333,0,402
4801,12,1.51849125,365,5531,N,20,0,402
5150,13,1.47688875,355,4801,N,21.6666666666667,0,402
5617,14,1.75146525,421,5150,N,23.3333333333333,0,402
4472,15,1.61001675,387,5617,N,25,0,402
6588,16,0.898614,216,4472,Y,26.6666666666667,1,402
6717,17,0.881973,212,6588,N,28.3333333333333,1,402
7257,18,0.96101775,231,6717,N,30,1,402
7294,19,1.0067805,242,7257,N,31.6666666666667,1,402
6201,20,1.1066265,266,7294,N,33.3333333333333,1,402
8079,21,1.3562415,326,6201,N,35,1,402
7833,22,1.248075,300,8079,N,36.6666666666667,1,402
8085,23,1.22727375,295,7833,N,38.3333333333333,1,402
10835,24,1.347921,324,8085,N,40,1,402
8895,25,0.53667225,129,10835,Y,41.6666666666667,2,402
9809,26,0.61155675,147,8895,N,43.3333333333333,2,402
2346,0,1.12742775,271,NA,N,0,0,403
2390,1,1.21895325,293,2346,N,1.66666666666667,0,403
2431,2,1.2231135,294,2390,N,3.33333333333333,0,403
2337,3,1.564254,376,2431,N,5,0,403
2455,4,1.43528625,345,2337,N,6.66666666666667,0,403
2381,5,1.547613,372,2455,N,8.33333333333333,0,403
2432,6,0.798768,192,2381,Y,10,1,403
2408,7,0.80292825,193,2432,N,11.6666666666667,1,403
2346,0,1.12742775,271,NA,N,0,0,404
2390,1,1.21895325,293,2346,N,1.66666666666667,0,404
2431,2,1.2231135,294,2390,N,3.33333333333333,0,404
2337,3,1.564254,376,2431,N,5,0,404
2455,4,1.43528625,345,2337,N,6.66666666666667,0,404
2381,5,1.547613,372,2455,N,8.33333333333333,0,404
2435,6,0.83205,200,2381,Y,10,1,404
2411,7,0.8070885,194,2435,N,11.6666666666667,1,404
4142,8,0.9901395,238,2411,N,13.3333333333333,1,404
5533,9,1.0400625,250,4142,N,15,1,404
4656,10,1.0067805,242,5533,N,16.6666666666667,1,404
4898,11,1.048383,252,4656,N,18.3333333333333,1,404
4134,12,1.0567035,254,4898,N,20,1,404
4514,13,1.10246625,265,4134,N,21.6666666666667,1,404
4895,14,1.09414575,263,4514,N,23.3333333333333,1,404
4116,15,1.1399085,274,4895,N,25,1,404
6330,16,1.07750475,259,4116,N,26.6666666666667,1,404
6409,17,1.21895325,293,6330,N,28.3333333333333,1,404
6833,18,1.2397545,298,6409,N,30,1,404
6834,19,1.297998,312,6833,N,31.6666666666667,1,404
6036,20,1.38536325,333,6834,N,33.3333333333333,1,404
6995,21,1.397844,336,6036,N,35,1,404
7434,22,1.62665775,391,6995,N,36.6666666666667,1,404
7726,23,1.4727285,354,7434,N,38.3333333333333,1,404
10640,24,1.61001675,387,7726,N,40,1,404
8422,25,1.64329875,395,10640,N,41.6666666666667,1,404
8338,26,1.697382,408,8422,N,43.3333333333333,1,404
9376,27,1.697382,408,8338,N,45,1,404
8377,28,1.680741,404,9376,N,46.6666666666667,1,404
10290,29,0.85285125,205,8377,Y,48.3333333333333,2,404
8854,30,1.01094075,243,10290,N,50,2,404
9086,31,1.01094075,243,8854,N,51.6666666666667,2,404
11077,32,1.0733445,258,9086,N,53.3333333333333,2,404
11257,33,1.065024,256,11077,N,55,2,404
10982,34,1.16487,280,11257,N,56.6666666666667,2,404
11772,35,1.24391475,299,10982,N,58.3333333333333,2,404
12177,36,1.3063185,314,11772,N,60,2,404
12287,37,1.33544025,321,12177,N,61.6666666666667,2,404
2829,0,1.514331,364,NA,N,0,0,405
2912,1,1.2730365,306,2829,N,1.66666666666667,0,405
2954,2,1.6641,400,2912,N,3.33333333333333,0,405
2806,3,1.83467025,441,2954,N,5,0,405
3027,4,0.77796675,187,2806,Y,6.66666666666667,1,405
3937,5,0.85285125,205,3027,N,8.33333333333333,1,405
3119,6,0.98597925,237,3937,N,10,1,405
3171,7,0.99846,240,3119,N,11.6666666666667,1,405
4364,8,0.9402165,226,3171,N,13.3333333333333,1,405
5864,9,1.031742,248,4364,N,15,1,405
5023,10,1.09414575,263,5864,N,16.6666666666667,1,405
5300,11,1.081665,260,5023,N,18.3333333333333,1,405
4569,12,1.07750475,259,5300,N,20,1,405
4890,13,1.248075,300,4569,N,21.6666666666667,1,405
5345,14,1.17735075,283,4890,N,23.3333333333333,1,405
4362,15,1.33128,320,5345,N,25,1,405
6487,16,1.36872225,329,4362,N,26.6666666666667,1,405
6604,17,1.59337575,383,6487,N,28.3333333333333,1,405
7108,19,1.72650375,415,6604,N,31.6666666666667,1,405
6146,20,1.7889075,430,7108,N,33.3333333333333,1,405
7376,21,0.8736525,210,6146,Y,35,2,405
7742,22,0.98597925,237,7376,N,36.6666666666667,2,405
7990,23,0.9402165,226,7742,N,38.3333333333333,2,405
10770,24,0.9734985,234,7990,N,40,2,405
8702,25,0.95269725,229,10770,N,41.6666666666667,2,405
9533,26,1.114947,268,8702,N,43.3333333333333,2,405
9892,27,0.915255,220,9533,N,45,2,405
8623,28,1.0400625,250,9892,N,46.6666666666667,2,405
10420,29,1.0567035,254,8623,N,48.3333333333333,2,405
9609,30,1.081665,260,10420,N,50,2,405
9621,31,1.364562,328,9609,N,51.6666666666667,2,405
11267,32,1.3562415,326,9621,N,53.3333333333333,2,405
11776,33,0.66147975,159,11267,Y,55,3,405
11271,34,0.7238835,174,11776,N,56.6666666666667,3,405
3285,0,1.863792,448,NA,N,0,0,406
3507,1,1.730664,416,3285,N,1.66666666666667,0,406
3498,2,2.0718045,498,3507,N,3.33333333333333,0,406
3311,3,2.2049325,530,3498,N,5,0,406
3650,4,2.080125,500,3311,N,6.66666666666667,0,406
3561,6,2.2215735,534,3650,N,10,0,406
3803,7,2.113407,508,3561,N,11.6666666666667,0,406
4224,8,1.181511,284,3803,Y,13.3333333333333,1,406
5663,9,1.21063275,291,4224,N,15,1,406
4767,10,1.1232675,270,5663,N,16.6666666666667,1,406
5065,11,1.22727375,295,4767,N,18.3333333333333,1,406
4235,12,1.2730365,306,5065,N,20,1,406
4649,13,1.29383775,311,4235,N,21.6666666666667,1,406
5054,14,1.3728825,330,4649,N,23.3333333333333,1,406
4217,15,1.5392925,370,5054,N,25,1,406
6364,16,1.4727285,354,4217,N,26.6666666666667,1,406
6474,17,1.397844,336,6364,N,28.3333333333333,1,406
6907,18,1.40200425,337,6474,N,30,1,406
6902,19,1.53513225,369,6907,N,31.6666666666667,1,406
6071,20,1.43528625,345,6902,N,33.3333333333333,1,406
7118,21,1.414485,340,6071,N,35,1,406
7557,22,1.56841425,377,7118,N,36.6666666666667,1,406
7820,23,1.31879925,317,7557,N,38.3333333333333,1,406
10682,24,1.4061645,338,7820,N,40,1,406
8514,25,1.84299075,443,10682,N,41.6666666666667,1,406
9088,26,2.0218815,486,8514,N,43.3333333333333,1,406
9556,27,1.930356,464,9088,N,45,1,406
8461,28,1.597536,384,9556,N,46.6666666666667,1,406
10336,29,0.815409,196,8461,Y,48.3333333333333,2,406
3285,0,1.863792,448,NA,N,0,0,407
3507,1,1.730664,416,3285,N,1.66666666666667,0,407
3498,2,2.0718045,498,3507,N,3.33333333333333,0,407
3311,3,2.2049325,530,3498,N,5,0,407
3650,4,2.080125,500,3311,N,6.66666666666667,0,407
3561,6,2.2215735,534,3650,N,10,0,407
3803,7,2.113407,508,3561,N,11.6666666666667,0,407
4130,8,1.06086375,255,3803,Y,13.3333333333333,1,407
5503,9,1.1399085,274,4130,N,15,1,407
4639,10,1.08582525,261,5503,N,16.6666666666667,1,407
4876,11,1.0567035,254,4639,N,18.3333333333333,1,407
4118,12,1.21063275,291,4876,N,20,1,407
4501,13,1.22727375,295,4118,N,21.6666666666667,1,407
4866,14,1.13574825,273,4501,N,23.3333333333333,1,407
4103,15,1.3396005,322,4866,N,25,1,407
6325,16,1.39368375,335,4103,N,26.6666666666667,1,407
6401,17,1.45192725,349,6325,N,28.3333333333333,1,407
6829,18,1.43528625,345,6401,N,30,1,407
6818,19,1.20231225,289,6829,N,31.6666666666667,1,407
6032,20,1.47688875,355,6818,N,33.3333333333333,1,407
6983,21,0.79460775,191,6032,Y,35,2,407
7416,22,0.8736525,210,6983,N,36.6666666666667,2,407
7713,23,0.715563,172,7416,N,38.3333333333333,2,407
10635,24,0.7238835,174,7713,N,40,2,407
8411,25,1.01094075,243,10635,N,41.6666666666667,2,407
8333,26,1.0567035,254,8411,N,43.3333333333333,2,407
3321,0,1.0067805,242,NA,N,0,0,408
3518,1,1.05254325,253,3321,N,1.66666666666667,0,408
3510,2,1.081665,260,3518,N,3.33333333333333,0,408
3322,3,1.181511,284,3510,N,5,0,408
3664,4,1.16487,280,3322,N,6.66666666666667,0,408
4010,5,1.21895325,293,3664,N,8.33333333333333,0,408
3579,6,1.364562,328,4010,N,10,0,408
3838,7,1.4228055,342,3579,N,11.6666666666667,0,408
5585,8,1.4560875,350,3838,N,13.3333333333333,0,408
5342,10,1.56841425,377,5585,N,16.6666666666667,0,408
5653,11,1.63497825,393,5342,N,18.3333333333333,0,408
4918,12,0.898614,216,5653,Y,20,1,408
5263,13,0.9734985,234,4918,N,21.6666666666667,1,408
5723,14,0.89445375,215,5263,N,23.3333333333333,1,408
4553,15,0.92773575,223,5723,N,25,1,408
6644,16,0.8570115,206,4553,N,26.6666666666667,1,408
6769,17,0.86949225,209,6644,N,28.3333333333333,1,408
7343,18,0.93605625,225,6769,N,30,1,408
7371,19,1.01094075,243,7343,N,31.6666666666667,1,408
6229,20,1.0400625,250,7371,N,33.3333333333333,1,408
8141,21,1.16903025,281,6229,N,35,1,408
7890,22,1.17735075,283,8141,N,36.6666666666667,1,408
8143,23,1.281357,308,7890,N,38.3333333333333,1,408
10868,24,1.32711975,319,8143,N,40,1,408
9055,25,1.4228055,342,10868,N,41.6666666666667,1,408
9937,26,1.4228055,342,9055,N,43.3333333333333,1,408
10105,27,1.67658075,403,9937,N,45,1,408
8806,28,1.4061645,338,10105,N,46.6666666666667,1,408
10521,29,1.697382,408,8806,N,48.3333333333333,1,408
8912,30,0.73636425,177,10521,Y,50,2,408
9790,31,0.91941525,221,8912,N,51.6666666666667,2,408
11367,32,0.82788975,199,9790,N,53.3333333333333,2,408
11921,33,0.99846,240,11367,N,55,2,408
11402,34,0.9734985,234,11921,N,56.6666666666667,2,408
12359,35,1.1399085,274,11402,N,58.3333333333333,2,408
12826,36,1.081665,260,12359,N,60,2,408
12917,37,1.015101,244,12826,N,61.6666666666667,2,408
3321,0,1.0067805,242,NA,N,0,0,409
3518,1,1.05254325,253,3321,N,1.66666666666667,0,409
3510,2,1.081665,260,3518,N,3.33333333333333,0,409
3322,3,1.181511,284,3510,N,5,0,409
3664,4,1.16487,280,3322,N,6.66666666666667,0,409
4010,5,1.21895325,293,3664,N,8.33333333333333,0,409
3579,6,1.364562,328,4010,N,10,0,409
3838,7,1.4228055,342,3579,N,11.6666666666667,0,409
5585,8,1.4560875,350,3838,N,13.3333333333333,0,409
5342,10,1.56841425,377,5585,N,16.6666666666667,0,409
5653,11,1.63497825,393,5342,N,18.3333333333333,0,409
4913,12,0.8902935,214,5653,Y,20,1,409
5260,13,0.97765875,235,4913,N,21.6666666666667,1,409
5720,14,0.7738065,186,5260,N,23.3333333333333,1,409
4550,15,0.7738065,186,5720,N,25,1,409
6643,16,0.8570115,206,4550,N,26.6666666666667,1,409
6768,17,0.89445375,215,6643,N,28.3333333333333,1,409
7340,18,0.95269725,229,6768,N,30,1,409
7368,19,0.9235755,222,7340,N,31.6666666666667,1,409
6228,20,0.865332,208,7368,N,33.3333333333333,1,409
8138,21,0.8902935,214,6228,N,35,1,409
7888,22,0.965178,232,8138,N,36.6666666666667,1,409
8140,23,1.181511,284,7888,N,38.3333333333333,1,409
10867,24,1.214793,292,8140,N,40,1,409
9050,25,1.35208125,325,10867,N,41.6666666666667,1,409
9935,26,1.3396005,322,9050,N,43.3333333333333,1,409
10104,27,1.40200425,337,9935,N,45,1,409
8802,28,1.42696575,343,10104,N,46.6666666666667,1,409
10520,29,1.5559335,374,8802,N,48.3333333333333,1,409
9889,31,0.848691,204,10520,Y,51.6666666666667,2,409
11461,32,0.8736525,210,9889,N,53.3333333333333,2,409
12033,33,0.81956925,197,11461,N,55,2,409
11604,34,0.89445375,215,12033,N,56.6666666666667,2,409
12503,35,0.9235755,222,11604,N,58.3333333333333,2,409
12975,36,0.90277425,217,12503,N,60,2,409
13027,37,0.9568575,230,12975,N,61.6666666666667,2,409
2358,0,0.86949225,209,NA,N,0,0,410
2512,1,0.9235755,222,2358,N,1.66666666666667,0,410
2443,2,0.98597925,237,2512,N,3.33333333333333,0,410
2376,3,0.9568575,230,2443,N,5,0,410
2478,4,0.965178,232,2376,N,6.66666666666667,0,410
2402,5,0.99429975,239,2478,N,8.33333333333333,0,410
2453,6,0.99429975,239,2402,N,10,0,410
2415,7,0.9734985,234,2453,N,11.6666666666667,0,410
4153,8,0.9901395,238,2415,N,13.3333333333333,0,410
5554,9,1.05254325,253,4153,N,15,0,410
4672,10,1.17735075,283,5554,N,16.6666666666667,0,410
4922,11,1.20231225,289,4672,N,18.3333333333333,0,410
4151,12,1.231434,296,4922,N,20,0,410
4530,13,1.30215825,313,4151,N,21.6666666666667,0,410
4920,14,1.53513225,369,4530,N,23.3333333333333,0,410
4135,15,1.51849125,365,4920,N,25,0,410
6336,16,1.68490125,405,4135,N,26.6666666666667,0,410
6849,18,1.747305,420,6336,N,30,0,410
6848,19,0.931896,224,6849,Y,31.6666666666667,1,410
6043,20,1.048383,252,6848,N,33.3333333333333,1,410
7023,21,1.0067805,242,6043,N,35,1,410
7464,22,0.881973,212,7023,N,36.6666666666667,1,410
3343,0,0.7738065,186,NA,N,0,0,411
3550,1,0.9568575,230,3343,N,1.66666666666667,0,411
3537,2,0.97765875,235,3550,N,3.33333333333333,0,411
3342,3,0.8403705,202,3537,N,5,0,411
3709,4,0.93605625,225,3342,N,6.66666666666667,0,411
4015,5,0.99429975,239,3709,N,8.33333333333333,0,411
3607,6,1.281357,308,4015,N,10,0,411
3852,7,1.18567125,285,3607,N,11.6666666666667,0,411
5613,8,1.27719675,307,3852,N,13.3333333333333,0,411
5962,9,1.59337575,383,5613,N,15,0,411
5669,11,1.65993975,399,5962,N,18.3333333333333,0,411
4945,12,0.92773575,223,5669,Y,20,1,411
5283,13,0.9069345,218,4945,N,21.6666666666667,1,411
5743,14,0.87781275,211,5283,N,23.3333333333333,1,411
4577,15,0.8736525,210,5743,N,25,1,411
6654,16,0.8570115,206,4577,N,26.6666666666667,1,411
6776,17,0.92773575,223,6654,N,28.3333333333333,1,411
7361,18,0.898614,216,6776,N,30,1,411
7395,19,1.0067805,242,7361,N,31.6666666666667,1,411
6234,20,1.03590225,249,7395,N,33.3333333333333,1,411
8154,21,1.065024,256,6234,N,35,1,411
7902,22,1.16070975,279,8154,N,36.6666666666667,1,411
8156,23,1.11078675,267,7902,N,38.3333333333333,1,411
10876,24,1.148229,276,8156,N,40,1,411
9089,25,1.248075,300,10876,N,41.6666666666667,1,411
9952,26,0.77796675,187,9089,Y,43.3333333333333,2,411
10117,27,0.7738065,186,9952,N,45,2,411
8830,28,0.71972325,173,10117,N,46.6666666666667,2,411
2445,0,1.5892155,382,NA,N,0,0,412
2579,1,1.547613,372,2445,N,1.66666666666667,0,412
2470,2,1.73482425,417,2579,N,3.33333333333333,0,412
2516,3,0.80292825,193,2470,Y,5,1,412
2526,4,0.86949225,209,2516,N,6.66666666666667,1,412
3287,5,0.8736525,210,2526,N,8.33333333333333,1,412
2746,6,1.01926125,245,3287,N,10,1,412
2464,7,1.03590225,249,2746,N,11.6666666666667,1,412
4178,8,1.0234215,246,2464,N,13.3333333333333,1,412
5602,9,1.114947,268,4178,N,15,1,412
4707,10,1.1731905,282,5602,N,16.6666666666667,1,412
4973,11,1.2064725,290,4707,N,18.3333333333333,1,412
4184,12,1.31047875,315,4973,N,20,1,412
4567,13,1.35208125,325,4184,N,21.6666666666667,1,412
4965,14,1.3728825,330,4567,N,23.3333333333333,1,412
4159,15,1.47688875,355,4965,N,25,1,412
6344,16,1.447767,348,4159,N,26.6666666666667,1,412
7598,17,1.564254,376,6344,N,28.3333333333333,1,412
6051,20,1.7223435,414,7598,N,33.3333333333333,1,412
7050,21,1.913715,460,6051,N,35,1,412
7497,22,1.63497825,393,7050,N,36.6666666666667,1,412
7753,23,0.91941525,221,7497,Y,38.3333333333333,2,412
10659,24,1.031742,248,7753,N,40,2,412
8456,25,0.93605625,225,10659,N,41.6666666666667,2,412
2445,0,1.5892155,382,NA,N,0,0,413
2579,1,1.547613,372,2445,N,1.66666666666667,0,413
2470,2,1.73482425,417,2579,N,3.33333333333333,0,413
2516,3,0.80292825,193,2470,Y,5,1,413
2526,4,0.86949225,209,2516,N,6.66666666666667,1,413
3287,5,0.8736525,210,2526,N,8.33333333333333,1,413
2746,6,1.01926125,245,3287,N,10,1,413
2464,7,1.03590225,249,2746,N,11.6666666666667,1,413
4178,8,1.0234215,246,2464,N,13.3333333333333,1,413
5602,9,1.114947,268,4178,N,15,1,413
4707,10,1.1731905,282,5602,N,16.6666666666667,1,413
4973,11,1.2064725,290,4707,N,18.3333333333333,1,413
4184,12,1.31047875,315,4973,N,20,1,413
4567,13,1.35208125,325,4184,N,21.6666666666667,1,413
4965,14,1.3728825,330,4567,N,23.3333333333333,1,413
4159,15,1.47688875,355,4965,N,25,1,413
6344,16,1.447767,348,4159,N,26.6666666666667,1,413
7598,17,1.564254,376,6344,N,28.3333333333333,1,413
6051,20,1.7223435,414,7598,N,33.3333333333333,1,413
7050,21,1.913715,460,6051,N,35,1,413
7497,22,1.63497825,393,7050,N,36.6666666666667,1,413
7754,23,0.931896,224,7497,Y,38.3333333333333,2,413
10660,24,0.7904475,190,7754,N,40,2,413
8458,25,0.96933825,233,10660,N,41.6666666666667,2,413
8947,26,1.12742775,271,8458,N,43.3333333333333,2,413
9448,27,1.131588,272,8947,N,45,2,413
8414,28,1.1565495,278,9448,N,46.6666666666667,2,413
10309,29,1.16487,280,8414,N,48.3333333333333,2,413
11100,32,1.081665,260,10309,N,53.3333333333333,2,413
11495,33,1.46856825,353,11100,N,55,2,413
11000,34,1.6224975,390,11495,N,56.6666666666667,2,413
11840,35,1.77642675,427,11000,N,58.3333333333333,2,413
12259,36,0.77796675,187,11840,Y,60,3,413
2451,0,0.95269725,229,NA,N,0,0,414
2585,1,1.31047875,315,2451,N,1.66666666666667,0,414
2475,2,1.3396005,322,2585,N,3.33333333333333,0,414
2517,3,1.51017075,363,2475,N,5,0,414
2533,4,0.71972325,173,2517,Y,6.66666666666667,1,414
3295,5,0.6906015,166,2533,N,8.33333333333333,1,414
2755,6,0.71140275,171,3295,N,10,1,414
2473,7,0.70308225,169,2755,N,11.6666666666667,1,414
4183,8,0.66564,160,2473,N,13.3333333333333,1,414
5611,9,0.6573195,158,4183,N,15,1,414
4713,10,0.80292825,193,5611,N,16.6666666666667,1,414
4981,11,0.84453075,203,4713,N,18.3333333333333,1,414
4190,12,0.82788975,199,4981,N,20,1,414
4576,13,0.7738065,186,4190,N,21.6666666666667,1,414
4974,14,1.01094075,243,4576,N,23.3333333333333,1,414
4168,15,0.99846,240,4974,N,25,1,414
6347,16,1.01926125,245,4168,N,26.6666666666667,1,414
6447,17,1.10246625,265,6347,N,28.3333333333333,1,414
6871,18,1.0234215,246,6447,N,30,1,414
6872,19,1.114947,268,6871,N,31.6666666666667,1,414
6055,20,1.198152,288,6872,N,33.3333333333333,1,414
7065,21,1.50185025,361,6055,N,35,1,414
7512,22,1.39368375,335,7065,N,36.6666666666667,1,414
7784,23,0.6906015,166,7512,Y,38.3333333333333,2,414
10666,24,0.69476175,167,7784,N,40,2,414
8473,25,0.7072425,170,10666,N,41.6666666666667,2,414
8991,26,0.7238835,174,8473,N,43.3333333333333,2,414
9482,27,0.7738065,186,8991,N,45,2,414
8429,28,0.83621025,201,9482,N,46.6666666666667,2,414
10317,29,0.782127,188,8429,N,48.3333333333333,2,414
8949,30,0.73636425,177,10317,N,50,2,414
9169,31,0.81956925,197,8949,N,51.6666666666667,2,414
11114,32,0.90277425,217,9169,N,53.3333333333333,2,414
11508,33,0.881973,212,11114,N,55,2,414
11007,34,0.98597925,237,11508,N,56.6666666666667,2,414
11858,35,0.9069345,218,11007,N,58.3333333333333,2,414
12288,36,0.948537,228,11858,N,60,2,414
12366,37,0.881973,212,12288,N,61.6666666666667,2,414
2945,0,0.9901395,238,NA,N,0,0,415
3106,1,1.1731905,282,2945,N,1.66666666666667,0,415
3087,2,1.08582525,261,3106,N,3.33333333333333,0,415
2921,3,1.3728825,330,3087,N,5,0,415
3206,4,1.32711975,319,2921,N,6.66666666666667,0,415
3959,5,1.41032475,339,3206,N,8.33333333333333,0,415
3297,6,1.56841425,377,3959,N,10,0,415
3326,7,1.4727285,354,3297,N,11.6666666666667,0,415
4408,8,1.61001675,387,3326,N,13.3333333333333,0,415
5910,9,1.86795225,449,4408,N,15,0,415
5155,10,1.83467025,441,5910,N,16.6666666666667,0,415
5387,11,1.74314475,419,5155,N,18.3333333333333,0,415
4678,12,0.9901395,238,5387,Y,20,1,415
5004,13,0.965178,232,4678,N,21.6666666666667,1,415
5456,14,1.0067805,242,5004,N,23.3333333333333,1,415
4405,15,1.14406875,275,5456,N,25,1,415
6528,16,1.16070975,279,4405,N,26.6666666666667,1,415
6651,17,1.1898315,286,6528,N,28.3333333333333,1,415
7157,18,1.2730365,306,6651,N,30,1,415
7174,19,1.2397545,298,7157,N,31.6666666666667,1,415
6170,20,1.431126,344,7174,N,33.3333333333333,1,415
7526,21,1.4228055,342,6170,N,35,1,415
7775,22,1.57673475,379,7526,N,36.6666666666667,1,415
8039,23,1.530972,368,7775,N,38.3333333333333,1,415
10798,24,1.6724205,402,8039,N,40,1,415
8788,25,1.597536,384,10798,N,41.6666666666667,1,415
9656,26,0.85285125,205,8788,Y,43.3333333333333,2,415
2465,0,0.98597925,237,NA,N,0,0,416
2597,1,1.01926125,245,2465,N,1.66666666666667,0,416
2490,2,1.01926125,245,2597,N,3.33333333333333,0,416
2520,3,1.0234215,246,2490,N,5,0,416
2544,4,1.12742775,271,2520,N,6.66666666666667,0,416
3674,5,1.1898315,286,2544,N,8.33333333333333,0,416
2768,6,1.31047875,315,3674,N,10,0,416
2489,7,1.33544025,321,2768,N,11.6666666666667,0,416
4193,8,1.364562,328,2489,N,13.3333333333333,0,416
5622,9,1.547613,372,4193,N,15,0,416
4727,10,1.514331,364,5622,N,16.6666666666667,0,416
5014,11,1.6557795,398,4727,N,18.3333333333333,0,416
4199,12,1.51849125,365,5014,N,20,0,416
4590,13,0.782127,188,4199,Y,21.6666666666667,1,416
4988,14,0.9568575,230,4590,N,23.3333333333333,1,416
4176,15,0.881973,212,4988,N,25,1,416
6350,16,0.931896,224,4176,N,26.6666666666667,1,416
6451,17,0.9734985,234,6350,N,28.3333333333333,1,416
6877,18,0.99429975,239,6451,N,30,1,416
6878,19,0.98597925,237,6877,N,31.6666666666667,1,416
6058,20,1.048383,252,6878,N,33.3333333333333,1,416
7073,21,0.99429975,239,6058,N,35,1,416
7520,22,1.06918425,257,7073,N,36.6666666666667,1,416
7789,23,1.1565495,278,7520,N,38.3333333333333,1,416
10669,24,1.081665,260,7789,N,40,1,416
8481,25,1.24391475,299,10669,N,41.6666666666667,1,416
9008,26,1.3396005,322,8481,N,43.3333333333333,1,416
9498,27,0.682281,164,9008,Y,45,2,416
11472,34,0.8403705,202,9498,N,56.6666666666667,2,416
12448,35,0.88613325,213,11472,N,58.3333333333333,2,416
12233,37,0.91941525,221,12448,N,61.6666666666667,2,416
3438,0,1.22727375,295,NA,N,0,0,417
3623,1,1.381203,332,3438,N,1.66666666666667,0,417
3611,2,1.2563955,302,3623,N,3.33333333333333,0,417
3424,3,1.5392925,370,3611,N,5,0,417
3789,4,1.481049,356,3424,N,6.66666666666667,0,417
4029,5,0.8070885,194,3789,Y,8.33333333333333,1,417
3673,6,1.015101,244,4029,N,10,1,417
3868,7,0.93605625,225,3673,N,11.6666666666667,1,417
5676,8,0.95269725,229,3868,N,13.3333333333333,1,417
5976,9,1.03590225,249,5676,N,15,1,417
5421,10,0.99429975,239,5976,N,16.6666666666667,1,417
5728,11,1.04422275,251,5421,N,18.3333333333333,1,417
5020,12,1.07750475,259,5728,N,20,1,417
5358,13,1.148229,276,5020,N,21.6666666666667,1,417
5824,14,1.07750475,259,5358,N,23.3333333333333,1,417
4662,15,1.181511,284,5824,N,25,1,417
6692,16,1.16903025,281,4662,N,26.6666666666667,1,417
7593,17,1.21895325,293,6692,N,28.3333333333333,1,417
7437,18,1.23559425,297,7593,N,30,1,417
7476,19,1.3895235,334,7437,N,31.6666666666667,1,417
6257,20,1.30215825,313,7476,N,33.3333333333333,1,417
8208,21,1.52681175,367,6257,N,35,1,417
7947,22,1.63497825,393,8208,N,36.6666666666667,1,417
8197,23,1.5892155,382,7947,N,38.3333333333333,1,417
10901,24,1.74314475,419,8197,N,40,1,417
9203,25,1.70154225,409,10901,N,41.6666666666667,1,417
10005,26,1.647459,396,9203,N,43.3333333333333,1,417
10174,27,0.71140275,171,10005,Y,45,2,417
8923,28,0.765486,184,10174,N,46.6666666666667,2,417
10558,29,0.748845,180,8923,N,48.3333333333333,2,417
9499,30,0.90277425,217,10558,N,50,2,417
10145,31,0.8070885,194,9499,N,51.6666666666667,2,417
11529,32,0.931896,224,10145,N,53.3333333333333,2,417
12124,33,1.02758175,247,11529,N,55,2,417
11717,34,1.26887625,305,12124,N,56.6666666666667,2,417
12633,35,1.18567125,285,11717,N,58.3333333333333,2,417
13075,36,1.148229,276,12633,N,60,2,417
13122,37,1.18567125,285,13075,N,61.6666666666667,2,417
2471,0,1.29383775,311,NA,N,0,0,418
2604,1,1.347921,324,2471,N,1.66666666666667,0,418
2499,2,1.414485,340,2604,N,3.33333333333333,0,418
2523,3,1.42696575,343,2499,N,5,0,418
2555,4,1.54345275,371,2523,N,6.66666666666667,0,418
3690,5,1.6557795,398,2555,N,8.33333333333333,0,418
2780,6,1.7556255,422,3690,N,10,0,418
2508,7,0.93605625,225,2780,Y,11.6666666666667,1,418
4200,8,0.948537,228,2508,N,13.3333333333333,1,418
5632,9,1.048383,252,4200,N,15,1,418
4740,10,0.9402165,226,5632,N,16.6666666666667,1,418
5026,11,1.031742,248,4740,N,18.3333333333333,1,418
4208,12,1.1066265,266,5026,N,20,1,418
4615,13,1.1565495,278,4208,N,21.6666666666667,1,418
5009,14,1.0567035,254,4615,N,23.3333333333333,1,418
4189,15,1.04422275,251,5009,N,25,1,418
6354,16,0.9901395,238,4189,N,26.6666666666667,1,418
6454,17,1.00262025,241,6354,N,28.3333333333333,1,418
6887,18,1.0234215,246,6454,N,30,1,418
6883,19,1.065024,256,6887,N,31.6666666666667,1,418
6061,20,1.048383,252,6883,N,33.3333333333333,1,418
7085,21,1.16070975,279,6061,N,35,1,418
7528,22,1.065024,256,7085,N,36.6666666666667,1,418
7796,23,1.30215825,313,7528,N,38.3333333333333,1,418
10672,24,1.5226515,366,7796,N,40,1,418
8490,25,0.7072425,170,10672,Y,41.6666666666667,2,418
9025,26,0.76132575,183,8490,N,43.3333333333333,2,418
9511,27,0.7072425,170,9025,N,45,2,418
8436,28,0.8570115,206,9511,N,46.6666666666667,2,418
10322,29,0.77796675,187,8436,N,48.3333333333333,2,418
9012,30,0.91109475,219,10322,N,50,2,418
9188,31,0.83621025,201,9012,N,51.6666666666667,2,418
11121,32,0.90277425,217,9188,N,53.3333333333333,2,418
11521,33,0.898614,216,11121,N,55,2,418
11016,34,1.21063275,291,11521,N,56.6666666666667,2,418
11881,35,1.16070975,279,11016,N,58.3333333333333,2,418
12308,36,1.414485,340,11881,N,60,2,418
12391,37,1.21895325,293,12308,N,61.6666666666667,2,418
2955,0,0.85285125,205,NA,N,0,0,419
3116,1,0.8736525,210,2955,N,1.66666666666667,0,419
3099,2,0.86949225,209,3116,N,3.33333333333333,0,419
2930,3,0.9069345,218,3099,N,5,0,419
3216,4,0.898614,216,2930,N,6.66666666666667,0,419
3961,5,0.94437675,227,3216,N,8.33333333333333,0,419
3301,6,1.08582525,261,3961,N,10,0,419
3502,7,1.031742,248,3301,N,11.6666666666667,0,419
4411,8,1.098306,264,3502,N,13.3333333333333,0,419
5912,9,1.1232675,270,4411,N,15,0,419
5163,10,1.1731905,282,5912,N,16.6666666666667,0,419
5395,11,1.3396005,322,5163,N,18.3333333333333,0,419
4690,12,1.33544025,321,5395,N,20,0,419
5024,13,1.464408,352,4690,N,21.6666666666667,0,419
5470,14,1.597536,384,5024,N,23.3333333333333,0,419
4410,15,1.7389845,418,5470,N,25,0,419
6532,16,1.58505525,381,4410,N,26.6666666666667,0,419
6655,17,1.7057025,410,6532,N,28.3333333333333,0,419
7168,18,0.82788975,199,6655,Y,30,1,419
7185,19,0.96933825,233,7168,N,31.6666666666667,1,419
6174,20,0.92773575,223,7185,N,33.3333333333333,1,419
7538,21,0.9568575,230,6174,N,35,1,419
7783,22,0.97765875,235,7538,N,36.6666666666667,1,419
8043,23,0.9568575,230,7783,N,38.3333333333333,1,419
10802,24,1.0400625,250,8043,N,40,1,419
8803,25,1.0234215,246,10802,N,41.6666666666667,1,419
9675,26,1.048383,252,8803,N,43.3333333333333,1,419
9971,27,1.0234215,246,9675,N,45,1,419
10478,29,1.16903025,281,9971,N,48.3333333333333,1,419
11133,34,1.61833725,389,10478,N,56.6666666666667,1,419
12020,35,0.76964625,185,11133,Y,58.3333333333333,2,419
12525,36,0.76132575,183,12020,N,60,2,419
12670,37,0.81956925,197,12525,N,61.6666666666667,2,419
3443,0,1.07750475,259,NA,N,0,0,420
3628,1,1.31879925,317,3443,N,1.66666666666667,0,420
3616,2,1.38536325,333,3628,N,3.33333333333333,0,420
3429,3,1.4228055,342,3616,N,5,0,420
3792,4,1.3728825,330,3429,N,6.66666666666667,0,420
4031,5,1.70154225,409,3792,N,8.33333333333333,0,420
3679,6,1.95115725,469,4031,N,10,0,420
3869,7,0.8902935,214,3679,Y,11.6666666666667,1,420
5680,8,0.95269725,229,3869,N,13.3333333333333,1,420
5977,9,0.99429975,239,5680,N,15,1,420
5425,10,0.965178,232,5977,N,16.6666666666667,1,420
5732,11,0.9901395,238,5425,N,18.3333333333333,1,420
5027,12,1.0733445,258,5732,N,20,1,420
5361,13,1.0733445,258,5027,N,21.6666666666667,1,420
5826,14,1.048383,252,5361,N,23.3333333333333,1,420
4666,15,1.098306,264,5826,N,25,1,420
6694,16,1.19399175,287,4666,N,26.6666666666667,1,420
7602,17,1.30215825,313,6694,N,28.3333333333333,1,420
7440,18,1.36872225,329,7602,N,30,1,420
7485,19,1.34376075,323,7440,N,31.6666666666667,1,420
6258,20,1.37704275,331,7485,N,33.3333333333333,1,420
8211,21,1.33128,320,6258,N,35,1,420
7949,22,1.55177325,373,8211,N,36.6666666666667,1,420
8200,23,1.6391385,394,7949,N,38.3333333333333,1,420
10903,24,0.865332,208,8200,Y,40,2,420
9208,25,0.865332,208,10903,N,41.6666666666667,2,420
10011,26,0.90277425,217,9208,N,43.3333333333333,2,420
10180,27,0.9901395,238,10011,N,45,2,420
8929,28,1.031742,248,10180,N,46.6666666666667,2,420
10562,29,1.26055575,303,8929,N,48.3333333333333,2,420
9506,30,1.231434,296,10562,N,50,2,420
10154,31,1.297998,312,9506,N,51.6666666666667,2,420
11532,32,1.37704275,331,10154,N,53.3333333333333,2,420
12139,33,1.51017075,363,11532,N,55,2,420
11669,34,2.013561,484,12139,N,56.6666666666667,2,420
3450,0,0.89445375,215,NA,N,0,0,421
3636,1,1.031742,248,3450,N,1.66666666666667,0,421
3624,2,1.02758175,247,3636,N,3.33333333333333,0,421
3436,3,0.99846,240,3624,N,5,0,421
3801,4,0.9069345,218,3436,N,6.66666666666667,0,421
4033,5,1.24391475,299,3801,N,8.33333333333333,0,421
3686,6,1.15238925,277,4033,N,10,0,421
3872,7,1.33128,320,3686,N,11.6666666666667,0,421
5691,8,1.314639,316,3872,N,13.3333333333333,0,421
5980,9,1.431126,344,5691,N,15,0,421
5438,10,1.564254,376,5980,N,16.6666666666667,0,421
5746,11,0.60323625,145,5438,Y,18.3333333333333,1,421
5047,12,0.71972325,173,5746,N,20,1,421
5390,13,0.66980025,161,5047,N,21.6666666666667,1,421
5838,14,0.682281,164,5390,N,23.3333333333333,1,421
4681,15,0.70308225,169,5838,N,25,1,421
6702,16,0.71140275,171,4681,N,26.6666666666667,1,421
7614,17,0.76964625,185,6702,N,28.3333333333333,1,421
7499,19,0.765486,184,7614,N,31.6666666666667,1,421
8258,23,0.9901395,238,7499,N,38.3333333333333,1,421
10943,24,1.0733445,258,8258,N,40,1,421
9375,25,0.915255,220,10943,N,41.6666666666667,1,421
10093,26,0.96101775,231,9375,N,43.3333333333333,1,421
10248,27,1.24391475,299,10093,N,45,1,421
9111,28,1.4061645,338,10248,N,46.6666666666667,1,421
10601,29,1.347921,324,9111,N,48.3333333333333,1,421
9718,30,1.56009375,375,10601,N,50,1,421
10221,31,0.599076,144,9718,Y,51.6666666666667,2,421
11616,32,0.715563,172,10221,N,53.3333333333333,2,421
2978,0,1.31879925,317,NA,N,0,0,422
3133,1,1.3895235,334,2978,N,1.66666666666667,0,422
3190,2,1.50185025,361,3133,N,3.33333333333333,0,422
3075,3,1.514331,364,3190,N,5,0,422
3232,4,1.59337575,383,3075,N,6.66666666666667,0,422
3964,5,1.78474725,429,3232,N,8.33333333333333,0,422
3309,6,1.48520925,357,3964,N,10,0,422
3528,7,0.9402165,226,3309,Y,11.6666666666667,1,422
4419,8,0.89445375,215,3528,N,13.3333333333333,1,422
5916,9,1.01094075,243,4419,N,15,1,422
5184,10,1.07750475,259,5916,N,16.6666666666667,1,422
5408,11,1.14406875,275,5184,N,18.3333333333333,1,422
4708,12,1.2064725,290,5408,N,20,1,422
5039,13,1.26055575,303,4708,N,21.6666666666667,1,422
5491,14,1.27719675,307,5039,N,23.3333333333333,1,422
4416,15,1.36040175,327,5491,N,25,1,422
6538,16,1.4727285,354,4416,N,26.6666666666667,1,422
6662,17,1.46024775,351,6538,N,28.3333333333333,1,422
7178,18,1.32711975,319,6662,N,30,1,422
6024,20,0.76132575,183,7178,Y,33.3333333333333,2,422
2978,0,1.31879925,317,NA,N,0,0,423
3133,1,1.3895235,334,2978,N,1.66666666666667,0,423
3190,2,1.50185025,361,3133,N,3.33333333333333,0,423
3075,3,1.514331,364,3190,N,5,0,423
3232,4,1.59337575,383,3075,N,6.66666666666667,0,423
3964,5,1.78474725,429,3232,N,8.33333333333333,0,423
3309,6,1.48520925,357,3964,N,10,0,423
3528,7,0.9402165,226,3309,Y,11.6666666666667,1,423
4419,8,0.89445375,215,3528,N,13.3333333333333,1,423
5916,9,1.01094075,243,4419,N,15,1,423
5184,10,1.07750475,259,5916,N,16.6666666666667,1,423
5408,11,1.14406875,275,5184,N,18.3333333333333,1,423
4708,12,1.2064725,290,5408,N,20,1,423
5039,13,1.26055575,303,4708,N,21.6666666666667,1,423
5491,14,1.27719675,307,5039,N,23.3333333333333,1,423
4416,15,1.36040175,327,5491,N,25,1,423
6538,16,1.4727285,354,4416,N,26.6666666666667,1,423
6662,17,1.46024775,351,6538,N,28.3333333333333,1,423
7178,18,1.32711975,319,6662,N,30,1,423
6079,20,0.84453075,203,7178,Y,33.3333333333333,2,423
7147,21,0.965178,232,6079,N,35,2,423
7586,22,0.99846,240,7147,N,36.6666666666667,2,423
7844,23,0.94437675,227,7586,N,38.3333333333333,2,423
10693,24,0.96933825,233,7844,N,40,2,423
8537,25,0.96933825,233,10693,N,41.6666666666667,2,423
9150,26,1.048383,252,8537,N,43.3333333333333,2,423
9603,27,1.1898315,286,9150,N,45,2,423
8480,28,1.0067805,242,9603,N,46.6666666666667,2,423
10348,29,1.14406875,275,8480,N,48.3333333333333,2,423
9151,30,1.11910725,269,10348,N,50,2,423
9392,31,1.3063185,314,9151,N,51.6666666666667,2,423
11156,32,1.29383775,311,9392,N,53.3333333333333,2,423
11576,33,1.61001675,387,11156,N,55,2,423
11056,34,1.6890615,406,11576,N,56.6666666666667,2,423
11927,35,0.80292825,193,11056,Y,58.3333333333333,3,423
2491,0,1.09414575,263,NA,N,0,0,424
2623,1,1.0733445,258,2491,N,1.66666666666667,0,424
2522,2,1.14406875,275,2623,N,3.33333333333333,0,424
2534,3,1.41032475,339,2522,N,5,0,424
2565,4,1.1731905,282,2534,N,6.66666666666667,0,424
3707,5,1.397844,336,2565,N,8.33333333333333,0,424
2792,6,1.53513225,369,3707,N,10,0,424
2573,7,1.414485,340,2792,N,11.6666666666667,0,424
4209,8,1.564254,376,2573,N,13.3333333333333,0,424
5644,9,1.62665775,391,4209,N,15,0,424
4749,10,1.69322175,407,5644,N,16.6666666666667,0,424
5041,11,1.66826025,401,4749,N,18.3333333333333,0,424
4220,12,1.84299075,443,5041,N,20,0,424
4630,13,2.096766,504,4220,N,21.6666666666667,0,424
5022,14,1.9386765,466,4630,N,23.3333333333333,0,424
4197,15,2.013561,484,5022,N,25,0,424
6357,16,2.05100325,493,4197,N,26.6666666666667,0,424
6460,17,2.2548555,542,6357,N,28.3333333333333,0,424
6892,18,2.14252875,515,6460,N,30,0,424
6890,19,2.196612,528,6892,N,31.6666666666667,0,424
6065,20,1.24391475,299,6890,Y,33.3333333333333,1,424
7097,21,1.26887625,305,6065,N,35,1,424
7539,22,1.36040175,327,7097,N,36.6666666666667,1,424
7807,23,1.314639,316,7539,N,38.3333333333333,1,424
10676,24,1.36872225,329,7807,N,40,1,424
8500,25,1.3895235,334,10676,N,41.6666666666667,1,424
9054,26,1.597536,384,8500,N,43.3333333333333,1,424
9530,27,1.41032475,339,9054,N,45,1,424
8443,28,1.56009375,375,9530,N,46.6666666666667,1,424
10327,29,1.76810625,425,8443,N,48.3333333333333,1,424
9042,30,0.86949225,209,10327,Y,50,2,424
2494,0,0.9235755,222,NA,N,0,0,425
2625,1,0.90277425,217,2494,N,1.66666666666667,0,425
2527,2,1.0567035,254,2625,N,3.33333333333333,0,425
2538,3,1.114947,268,2527,N,5,0,425
2571,4,1.11910725,269,2538,N,6.66666666666667,0,425
3712,5,1.198152,288,2571,N,8.33333333333333,0,425
2796,6,1.31047875,315,3712,N,10,0,425
2578,7,1.22727375,295,2796,N,11.6666666666667,0,425
4212,8,1.2397545,298,2578,N,13.3333333333333,0,425
5648,9,1.364562,328,4212,N,15,0,425
4756,10,1.2730365,306,5648,N,16.6666666666667,0,425
5046,11,1.47688875,355,4756,N,18.3333333333333,0,425
4222,12,1.41864525,341,5046,N,20,0,425
4634,13,1.447767,348,4222,N,21.6666666666667,0,425
5029,14,1.43528625,345,4634,N,23.3333333333333,0,425
4201,15,1.61833725,389,5029,N,25,0,425
6358,16,1.5559335,374,4201,N,26.6666666666667,0,425
6462,17,1.47688875,355,6358,N,28.3333333333333,0,425
6895,18,1.930356,464,6462,N,30,0,425
6893,19,0.92773575,223,6895,Y,31.6666666666667,1,425
6067,20,0.96933825,233,6893,N,33.3333333333333,1,425
7104,21,1.06918425,257,6067,N,35,1,425
7544,22,1.1232675,270,7104,N,36.6666666666667,1,425
7811,23,0.98597925,237,7544,N,38.3333333333333,1,425
10678,24,0.9235755,222,7811,N,40,1,425
8505,25,1.03590225,249,10678,N,41.6666666666667,1,425
9065,26,1.0733445,258,8505,N,43.3333333333333,1,425
9537,27,1.20231225,289,9065,N,45,1,425
8447,28,1.27719675,307,9537,N,46.6666666666667,1,425
10329,29,1.33128,320,8447,N,48.3333333333333,1,425
9051,30,1.39368375,335,10329,N,50,1,425
9309,31,1.3562415,326,9051,N,51.6666666666667,1,425
11135,32,1.514331,364,9309,N,53.3333333333333,1,425
11533,33,1.6724205,402,11135,N,55,1,425
11022,34,1.83467025,441,11533,N,56.6666666666667,1,425
11893,35,1.38536325,333,11022,N,58.3333333333333,1,425
12329,36,0.748845,180,11893,Y,60,2,425
12413,37,0.8570115,206,12329,N,61.6666666666667,2,425
2984,0,0.8902935,214,NA,N,0,0,426
3140,1,0.87781275,211,2984,N,1.66666666666667,0,426
3231,2,0.95269725,229,3140,N,3.33333333333333,0,426
3080,3,1.031742,248,3231,N,5,0,426
3237,4,0.97765875,235,3080,N,6.66666666666667,0,426
3965,5,1.0067805,242,3237,N,8.33333333333333,0,426
3312,6,1.07750475,259,3965,N,10,0,426
3532,7,1.03590225,249,3312,N,11.6666666666667,0,426
4421,8,1.11910725,269,3532,N,13.3333333333333,0,426
5917,9,1.21063275,291,4421,N,15,0,426
5188,10,1.30215825,313,5917,N,16.6666666666667,0,426
5413,11,1.33128,320,5188,N,18.3333333333333,0,426
4712,12,1.381203,332,5413,N,20,0,426
5045,13,1.4560875,350,4712,N,21.6666666666667,0,426
5497,14,1.54345275,371,5045,N,23.3333333333333,0,426
4418,15,1.64329875,395,5497,N,25,0,426
6540,16,1.7057025,410,4418,N,26.6666666666667,0,426
6664,17,1.80970875,435,6540,N,28.3333333333333,0,426
7182,18,1.780587,428,6664,N,30,0,426
7199,19,0.898614,216,7182,Y,31.6666666666667,1,426
6178,20,0.93605625,225,7199,N,33.3333333333333,1,426
7552,21,0.89445375,215,6178,N,35,1,426
7793,22,1.0067805,242,7552,N,36.6666666666667,1,426
8049,23,1.01094075,243,7793,N,38.3333333333333,1,426
10808,24,1.0567035,254,8049,N,40,1,426
8823,25,1.2064725,290,10808,N,41.6666666666667,1,426
9701,26,1.32711975,319,8823,N,43.3333333333333,1,426
9982,27,1.42696575,343,9701,N,45,1,426
8673,28,1.46856825,353,9982,N,46.6666666666667,1,426
10451,29,1.61833725,389,8673,N,48.3333333333333,1,426
8780,30,1.6557795,398,10451,N,50,1,426
9717,31,1.547613,372,8780,N,51.6666666666667,1,426
11325,32,1.414485,340,9717,N,53.3333333333333,1,426
11871,33,0.8070885,194,11325,Y,55,2,426
11358,34,0.8237295,198,11871,N,56.6666666666667,2,426
12254,35,1.065024,256,11358,N,58.3333333333333,2,426
12759,36,1.26887625,305,12254,N,60,2,426
12865,37,1.181511,284,12759,N,61.6666666666667,2,426
2497,0,0.8070885,194,NA,N,0,0,427
2631,1,0.965178,232,2497,N,1.66666666666667,0,427
2530,2,0.9235755,222,2631,N,3.33333333333333,0,427
2541,3,0.99429975,239,2530,N,5,0,427
2577,4,0.915255,220,2541,N,6.66666666666667,0,427
3715,5,0.948537,228,2577,N,8.33333333333333,0,427
2802,6,1.2563955,302,3715,N,10,0,427
2582,7,1.01926125,245,2802,N,11.6666666666667,0,427
4215,8,1.04422275,251,2582,N,13.3333333333333,0,427
5652,9,1.28551725,309,4215,N,15,0,427
4759,10,1.11078675,267,5652,N,16.6666666666667,0,427
5051,11,1.24391475,299,4759,N,18.3333333333333,0,427
4225,12,1.22727375,295,5051,N,20,0,427
4638,13,1.297998,312,4225,N,21.6666666666667,0,427
5034,14,1.38536325,333,4638,N,23.3333333333333,0,427
4206,15,1.54345275,371,5034,N,25,0,427
6359,16,1.580895,380,4206,N,26.6666666666667,0,427
6464,17,1.65161925,397,6359,N,28.3333333333333,0,427
6898,18,0.7738065,186,6464,Y,30,1,427
6894,19,0.96101775,231,6898,N,31.6666666666667,1,427
6068,20,0.965178,232,6894,N,33.3333333333333,1,427
7106,21,1.03590225,249,6068,N,35,1,427
7547,22,1.0733445,258,7106,N,36.6666666666667,1,427
7813,23,1.065024,256,7547,N,38.3333333333333,1,427
10679,24,1.148229,276,7813,N,40,1,427
8507,25,1.18567125,285,10679,N,41.6666666666667,1,427
9071,26,1.29383775,311,8507,N,43.3333333333333,1,427
9541,27,1.098306,264,9071,N,45,1,427
8450,28,1.26055575,303,9541,N,46.6666666666667,1,427
10330,29,1.35208125,325,8450,N,48.3333333333333,1,427
9056,30,1.59337575,383,10330,N,50,1,427
9313,31,0.6739605,162,9056,Y,51.6666666666667,2,427
11136,32,0.71140275,171,9313,N,53.3333333333333,2,427
11534,33,0.92773575,223,11136,N,55,2,427
3456,0,1.64329875,395,NA,N,0,0,428
3656,1,1.61001675,387,3456,N,1.66666666666667,0,428
3629,2,1.41032475,339,3656,N,3.33333333333333,0,428
3449,3,1.90955475,459,3629,N,5,0,428
3813,4,0.8736525,210,3449,Y,6.66666666666667,1,428
4036,5,0.93605625,225,3813,N,8.33333333333333,1,428
3706,6,1.0234215,246,4036,N,10,1,428
3875,7,0.99846,240,3706,N,11.6666666666667,1,428
5703,8,0.98597925,237,3875,N,13.3333333333333,1,428
5983,9,1.00262025,241,5703,N,15,1,428
5461,10,1.0899855,262,5983,N,16.6666666666667,1,428
5758,11,1.0733445,258,5461,N,18.3333333333333,1,428
5062,12,1.148229,276,5758,N,20,1,428
5401,13,1.22727375,295,5062,N,21.6666666666667,1,428
5847,14,1.3229595,318,5401,N,23.3333333333333,1,428
4693,15,1.447767,348,5847,N,25,1,428
6708,16,1.4727285,354,4693,N,26.6666666666667,1,428
7625,17,1.60169625,385,6708,N,28.3333333333333,1,428
7463,18,1.6557795,398,7625,N,30,1,428
7510,19,1.7057025,410,7463,N,31.6666666666667,1,428
6264,20,1.7889075,430,7510,N,33.3333333333333,1,428
8267,21,0.79460775,191,6264,Y,35,2,428
7961,22,0.6906015,166,8267,N,36.6666666666667,2,428
8214,23,0.9402165,226,7961,N,38.3333333333333,2,428
10912,24,1.04422275,251,8214,N,40,2,428
9232,25,1.0733445,258,10912,N,41.6666666666667,2,428
10027,26,1.081665,260,9232,N,43.3333333333333,2,428
10194,27,1.12742775,271,10027,N,45,2,428
8964,28,1.1565495,278,10194,N,46.6666666666667,2,428
10570,29,1.21895325,293,8964,N,48.3333333333333,2,428
9536,30,1.44360675,347,10570,N,50,2,428
10168,31,1.431126,344,9536,N,51.6666666666667,2,428
11546,32,1.49769,360,10168,N,53.3333333333333,2,428
12166,33,1.647459,396,11546,N,55,2,428
11748,34,1.6391385,394,12166,N,56.6666666666667,2,428
12668,35,1.8388305,442,11748,N,58.3333333333333,2,428
13097,36,0.9568575,230,12668,Y,60,3,428
3461,0,1.065024,256,NA,N,0,0,429
3661,1,1.214793,292,3461,N,1.66666666666667,0,429
3635,2,1.414485,340,3661,N,3.33333333333333,0,429
3454,3,1.530972,368,3635,N,5,0,429
3820,4,1.564254,376,3454,N,6.66666666666667,0,429
4037,5,1.51849125,365,3820,N,8.33333333333333,0,429
3713,6,1.82634975,439,4037,N,10,0,429
3876,7,1.67658075,403,3713,N,11.6666666666667,0,429
5708,8,1.89291375,455,3876,N,13.3333333333333,0,429
5985,9,1.86795225,449,5708,N,15,0,429
5476,10,0.82788975,199,5985,Y,16.6666666666667,1,429
5766,11,1.03590225,249,5476,N,18.3333333333333,1,429
5072,12,1.1898315,286,5766,N,20,1,429
5409,13,1.17735075,283,5072,N,21.6666666666667,1,429
5853,14,1.1232675,270,5409,N,23.3333333333333,1,429
4701,15,1.17735075,283,5853,N,25,1,429
6712,16,1.23559425,297,4701,N,26.6666666666667,1,429
7631,17,1.281357,308,6712,N,28.3333333333333,1,429
7471,18,1.43528625,345,7631,N,30,1,429
7518,19,1.57673475,379,7471,N,31.6666666666667,1,429
6266,20,1.8221895,438,7518,N,33.3333333333333,1,429
8271,21,1.730664,416,6266,N,35,1,429
7969,22,1.96779825,473,8271,N,36.6666666666667,1,429
8221,23,1.54345275,371,7969,N,38.3333333333333,1,429
10915,24,0.848691,204,8221,Y,40,2,429
9245,25,0.87781275,211,10915,N,41.6666666666667,2,429
10032,26,0.881973,212,9245,N,43.3333333333333,2,429
10200,27,0.8403705,202,10032,N,45,2,429
8981,28,0.815409,196,10200,N,46.6666666666667,2,429
10574,29,0.815409,196,8981,N,48.3333333333333,2,429
9557,30,0.8070885,194,10574,N,50,2,429
10177,31,0.8902935,214,9557,N,51.6666666666667,2,429
11559,32,1.01094075,243,10177,N,53.3333333333333,2,429
12182,33,0.95269725,229,11559,N,55,2,429
11763,34,1.065024,256,12182,N,56.6666666666667,2,429
12686,35,1.17735075,283,11763,N,58.3333333333333,2,429
13108,36,1.28551725,309,12686,N,60,2,429
13152,37,1.42696575,343,13108,N,61.6666666666667,2,429
2501,0,0.9568575,230,NA,N,0,0,430
2638,1,0.95269725,229,2501,N,1.66666666666667,0,430
2536,2,0.9568575,230,2638,N,3.33333333333333,0,430
2547,3,1.0733445,258,2536,N,5,0,430
2591,4,1.1066265,266,2547,N,6.66666666666667,0,430
3726,5,1.19399175,287,2591,N,8.33333333333333,0,430
2809,6,1.33128,320,3726,N,10,0,430
2589,7,1.14406875,275,2809,N,11.6666666666667,0,430
4218,8,1.3562415,326,2589,N,13.3333333333333,0,430
5656,9,1.364562,328,4218,N,15,0,430
4765,10,1.56841425,377,5656,N,16.6666666666667,0,430
5056,11,1.597536,384,4765,N,18.3333333333333,0,430
4228,12,1.65993975,399,5056,N,20,0,430
4645,13,0.9235755,222,4228,Y,21.6666666666667,1,430
5043,14,0.70308225,169,4645,N,23.3333333333333,1,430
4210,15,0.9402165,226,5043,N,25,1,430
6361,16,0.965178,232,4210,N,26.6666666666667,1,430
6468,17,1.09414575,263,6361,N,28.3333333333333,1,430
6900,18,0.981819,236,6468,N,30,1,430
6896,19,1.0234215,246,6900,N,31.6666666666667,1,430
6069,20,1.048383,252,6896,N,33.3333333333333,1,430
7110,21,1.065024,256,6069,N,35,1,430
7550,22,1.2397545,298,7110,N,36.6666666666667,1,430
7816,23,1.15238925,277,7550,N,38.3333333333333,1,430
10680,24,1.16070975,279,7816,N,40,1,430
8509,25,1.26887625,305,10680,N,41.6666666666667,1,430
9077,26,1.16903025,281,8509,N,43.3333333333333,1,430
9546,27,1.198152,288,9077,N,45,1,430
8457,28,1.2397545,298,9546,N,46.6666666666667,1,430
10332,29,1.414485,340,8457,N,48.3333333333333,1,430
9073,30,1.580895,380,10332,N,50,1,430
9330,31,0.94437675,227,9073,Y,51.6666666666667,2,430
11138,32,1.0733445,258,9330,N,53.3333333333333,2,430
11540,33,0.99846,240,11138,N,55,2,430
11025,34,1.08582525,261,11540,N,56.6666666666667,2,430
11899,35,1.1565495,278,11025,N,58.3333333333333,2,430
12339,36,1.35208125,325,11899,N,60,2,430
12455,37,1.4228055,342,12339,N,61.6666666666667,2,430
3466,0,0.95269725,229,NA,N,0,0,431
3666,1,1.098306,264,3466,N,1.66666666666667,0,431
3640,2,1.1565495,278,3666,N,3.33333333333333,0,431
3458,3,1.21063275,291,3640,N,5,0,431
3821,4,1.21063275,291,3458,N,6.66666666666667,0,431
4038,5,1.25223525,301,3821,N,8.33333333333333,0,431
3717,6,1.464408,352,4038,N,10,0,431
3883,7,1.62665775,391,3717,N,11.6666666666667,0,431
5713,8,1.564254,376,3883,N,13.3333333333333,0,431
5986,9,1.5559335,374,5713,N,15,0,431
5481,10,0.87781275,211,5986,Y,16.6666666666667,1,431
5770,11,0.798768,192,5481,N,18.3333333333333,1,431
5077,12,0.82788975,199,5770,N,20,1,431
5412,13,0.8736525,210,5077,N,21.6666666666667,1,431
5855,14,0.71972325,173,5412,N,23.3333333333333,1,431
4702,15,0.748845,180,5855,N,25,1,431
6716,16,0.76132575,183,4702,N,26.6666666666667,1,431
7636,17,0.72804375,175,6716,N,28.3333333333333,1,431
7477,18,0.915255,220,7636,N,30,1,431
7524,19,1.11078675,267,7477,N,31.6666666666667,1,431
6268,20,1.21063275,291,7524,N,33.3333333333333,1,431
8273,21,1.4394465,346,6268,N,35,1,431
7973,22,1.5226515,366,8273,N,36.6666666666667,1,431
8223,23,1.46024775,351,7973,N,38.3333333333333,1,431
10624,24,0.73636425,177,8223,Y,40,2,431
8390,25,0.7571655,182,10624,N,41.6666666666667,2,431
8322,26,0.632358,152,8390,N,43.3333333333333,2,431
9298,27,0.615717,148,8322,N,45,2,431
11344,34,0.97765875,235,9298,N,56.6666666666667,2,431
12229,35,0.7738065,186,11344,N,58.3333333333333,2,431
12738,36,0.96101775,231,12229,N,60,2,431
2537,0,1.0400625,250,NA,N,0,0,432
2649,1,1.1399085,274,2537,N,1.66666666666667,0,432
2548,2,1.065024,256,2649,N,3.33333333333333,0,432
2556,3,1.16487,280,2548,N,5,0,432
2606,4,1.131588,272,2556,N,6.66666666666667,0,432
3737,5,1.11910725,269,2606,N,8.33333333333333,0,432
2814,6,1.16070975,279,3737,N,10,0,432
2598,7,1.36040175,327,2814,N,11.6666666666667,0,432
4229,8,1.33128,320,2598,N,13.3333333333333,0,432
5671,9,1.35208125,325,4229,N,15,0,432
4775,10,1.39368375,335,5671,N,16.6666666666667,0,432
5075,11,1.464408,352,4775,N,18.3333333333333,0,432
4241,12,1.530972,368,5075,N,20,0,432
4653,13,1.530972,368,4241,N,21.6666666666667,0,432
5064,14,1.73482425,417,4653,N,23.3333333333333,0,432
4223,15,1.7889075,430,5064,N,25,0,432
6367,16,1.71818325,413,4223,N,26.6666666666667,0,432
6480,17,0.9069345,218,6367,Y,28.3333333333333,1,432
6917,18,0.92773575,223,6480,N,30,1,432
6913,19,0.9734985,234,6917,N,31.6666666666667,1,432
6075,20,0.8902935,214,6913,N,33.3333333333333,1,432
7130,21,0.798768,192,6075,N,35,1,432
7572,22,1.00262025,241,7130,N,36.6666666666667,1,432
7832,23,0.915255,220,7572,N,38.3333333333333,1,432
10687,24,0.94437675,227,7832,N,40,1,432
8526,25,0.96101775,231,10687,N,41.6666666666667,1,432
9114,26,1.02758175,247,8526,N,43.3333333333333,1,432
9576,27,1.05254325,253,9114,N,45,1,432
8470,28,1.081665,260,9576,N,46.6666666666667,1,432
10341,29,1.148229,276,8470,N,48.3333333333333,1,432
9123,30,1.34376075,323,10341,N,50,1,432
9361,31,1.3895235,334,9123,N,51.6666666666667,1,432
11146,32,1.431126,344,9361,N,53.3333333333333,1,432
11551,33,1.680741,404,11146,N,55,1,432
11030,34,1.55177325,373,11551,N,56.6666666666667,1,432
11913,35,2.0218815,486,11030,N,58.3333333333333,1,432
12367,36,1.081665,260,11913,Y,60,2,432
12473,37,1.12742775,271,12367,N,61.6666666666667,2,432
3014,0,0.83205,200,NA,N,0,0,433
3163,1,0.748845,180,3014,N,1.66666666666667,0,433
3252,2,0.915255,220,3163,N,3.33333333333333,0,433
3101,3,0.88613325,213,3252,N,5,0,433
3253,4,0.89445375,215,3101,N,6.66666666666667,0,433
3969,5,0.965178,232,3253,N,8.33333333333333,0,433
3346,6,1.1399085,274,3969,N,10,0,433
3553,7,1.065024,256,3346,N,11.6666666666667,0,433
4428,8,1.181511,284,3553,N,13.3333333333333,0,433
5921,9,1.18567125,285,4428,N,15,0,433
5202,10,1.1731905,282,5921,N,16.6666666666667,0,433
5434,11,1.26055575,303,5202,N,18.3333333333333,0,433
4729,12,1.61001675,387,5434,N,20,0,433
5066,13,1.9053945,458,4729,N,21.6666666666667,0,433
5522,14,1.530972,368,5066,N,23.3333333333333,0,433
4427,15,1.63497825,393,5522,N,25,0,433
6548,16,1.75146525,421,4427,N,26.6666666666667,0,433
6672,17,1.85963175,447,6548,N,28.3333333333333,0,433
7191,18,1.51849125,365,6672,N,30,0,433
7214,19,0.89445375,215,7191,Y,31.6666666666667,1,433
6182,20,1.0733445,258,7214,N,33.3333333333333,1,433
7561,21,1.11078675,267,6182,N,35,1,433
7798,22,1.26887625,305,7561,N,36.6666666666667,1,433
8053,23,1.1232675,270,7798,N,38.3333333333333,1,433
10811,24,1.231434,296,8053,N,40,1,433
8831,25,1.4061645,338,10811,N,41.6666666666667,1,433
9733,26,1.52681175,367,8831,N,43.3333333333333,1,433
9989,27,1.33544025,321,9733,N,45,1,433
8679,28,1.5060105,362,9989,N,46.6666666666667,1,433
10455,29,1.21895325,293,8679,N,48.3333333333333,1,433
8799,30,0.7571655,182,10455,Y,50,2,433
9726,31,0.71140275,171,8799,N,51.6666666666667,2,433
2543,0,1.28551725,309,NA,N,0,0,434
2654,1,1.580895,380,2543,N,1.66666666666667,0,434
2554,2,1.48520925,357,2654,N,3.33333333333333,0,434
2563,3,1.7389845,418,2554,N,5,0,434
2616,4,1.70154225,409,2563,N,6.66666666666667,0,434
3749,5,1.88459325,453,2616,N,8.33333333333333,0,434
2825,6,2.17581075,523,3749,N,10,0,434
2310,7,1.11910725,269,2825,Y,11.6666666666667,1,434
4076,8,1.16070975,279,2310,N,13.3333333333333,1,434
5441,9,1.33544025,321,4076,N,15,1,434
4582,10,1.198152,288,5441,N,16.6666666666667,1,434
4607,11,1.1565495,278,4582,N,18.3333333333333,1,434
4088,12,1.3396005,322,4607,N,20,1,434
4471,13,1.297998,312,4088,N,21.6666666666667,1,434
4817,14,1.214793,292,4471,N,23.3333333333333,1,434
4075,15,1.46856825,353,4817,N,25,1,434
6316,16,1.36872225,329,4075,N,26.6666666666667,1,434
6383,17,1.464408,352,6316,N,28.3333333333333,1,434
6809,18,1.614177,388,6383,N,30,1,434
6292,19,1.80970875,435,6809,N,31.6666666666667,1,434
6020,20,1.7223435,414,6292,N,33.3333333333333,1,434
6931,21,0.90277425,217,6020,Y,35,2,434
7264,22,0.95269725,229,6931,N,36.6666666666667,2,434
7627,23,0.96101775,231,7264,N,38.3333333333333,2,434
10618,24,0.85285125,205,7627,N,40,2,434
8378,25,0.88613325,213,10618,N,41.6666666666667,2,434
8316,26,0.9069345,218,8378,N,43.3333333333333,2,434
9275,27,0.95269725,229,8316,N,45,2,434
8352,28,0.9235755,222,9275,N,46.6666666666667,2,434
10267,29,1.081665,260,8352,N,48.3333333333333,2,434
8767,30,1.26887625,305,10267,N,50,2,434
8996,31,1.31047875,315,8767,N,51.6666666666667,2,434
11046,32,1.38536325,333,8996,N,53.3333333333333,2,434
11220,33,1.40200425,337,11046,N,55,2,434
10962,34,1.597536,384,11220,N,56.6666666666667,2,434
11721,35,1.41864525,341,10962,N,58.3333333333333,2,434
12088,36,0.815409,196,11721,Y,60,3,434
12167,37,0.7904475,190,12088,N,61.6666666666667,3,434
3491,0,1.048383,252,NA,N,0,0,435
3684,1,1.06918425,257,3491,N,1.66666666666667,0,435
3677,2,1.098306,264,3684,N,3.33333333333333,0,435
3477,3,1.33128,320,3677,N,5,0,435
3830,4,1.33544025,321,3477,N,6.66666666666667,0,435
4042,5,1.31047875,315,3830,N,8.33333333333333,0,435
3742,6,1.65161925,397,4042,N,10,0,435
3904,7,1.5226515,366,3742,N,11.6666666666667,0,435
5729,8,1.51849125,365,3904,N,13.3333333333333,0,435
5990,9,1.79306775,431,5729,N,15,0,435
5512,10,1.65993975,399,5990,N,16.6666666666667,0,435
5797,11,0.84453075,203,5512,Y,18.3333333333333,1,435
5436,13,1.1898315,286,5797,N,21.6666666666667,1,435
5867,14,1.06918425,257,5436,N,23.3333333333333,1,435
4722,15,1.14406875,275,5867,N,25,1,435
6723,16,0.96933825,233,4722,N,26.6666666666667,1,435
7647,17,1.01926125,245,6723,N,28.3333333333333,1,435
7495,18,1.11078675,267,7647,N,30,1,435
7540,19,1.08582525,261,7495,N,31.6666666666667,1,435
6275,20,1.11078675,267,7540,N,33.3333333333333,1,435
8280,21,1.18567125,285,6275,N,35,1,435
7984,22,1.43528625,345,8280,N,36.6666666666667,1,435
8230,23,1.33128,320,7984,N,38.3333333333333,1,435
10921,24,1.31047875,315,8230,N,40,1,435
9270,25,1.4061645,338,10921,N,41.6666666666667,1,435
10049,26,1.64329875,395,9270,N,43.3333333333333,1,435
10212,27,1.530972,368,10049,N,45,1,435
9018,28,0.7571655,182,10212,Y,46.6666666666667,2,435
10579,29,0.96101775,231,9018,N,48.3333333333333,2,435
9596,30,0.948537,228,10579,N,50,2,435
10189,31,1.06918425,257,9596,N,51.6666666666667,2,435
11577,32,0.99429975,239,10189,N,53.3333333333333,2,435
12201,33,1.16903025,281,11577,N,55,2,435
11786,34,1.31879925,317,12201,N,56.6666666666667,2,435
12716,35,1.464408,352,11786,N,58.3333333333333,2,435
13127,36,1.42696575,343,12716,N,60,2,435
13167,37,0.6739605,162,13127,Y,61.6666666666667,3,435
2551,0,1.36872225,329,NA,N,0,0,436
2668,1,1.447767,348,2551,N,1.66666666666667,0,436
2713,2,1.464408,352,2668,N,3.33333333333333,0,436
2575,3,1.51849125,365,2713,N,5,0,436
2629,4,1.64329875,395,2575,N,6.66666666666667,0,436
3765,5,0.73636425,177,2629,Y,8.33333333333333,1,436
2841,6,0.981819,236,3765,N,10,1,436
2614,7,0.86949225,209,2841,N,11.6666666666667,1,436
4234,8,0.97765875,235,2614,N,13.3333333333333,1,436
5678,9,1.0400625,250,4234,N,15,1,436
4786,10,0.98597925,237,5678,N,16.6666666666667,1,436
5091,11,1.1565495,278,4786,N,18.3333333333333,1,436
4245,12,1.065024,256,5091,N,20,1,436
4661,13,1.1399085,274,4245,N,21.6666666666667,1,436
5079,14,1.1565495,278,4661,N,23.3333333333333,1,436
4230,15,1.3562415,326,5079,N,25,1,436
6372,16,1.35208125,325,4230,N,26.6666666666667,1,436
6486,17,1.464408,352,6372,N,28.3333333333333,1,436
6926,18,1.36040175,327,6486,N,30,1,436
6922,19,1.39368375,335,6926,N,31.6666666666667,1,436
6078,20,1.62665775,391,6922,N,33.3333333333333,1,436
7144,21,1.70154225,409,6078,N,35,1,436
7584,22,1.75146525,421,7144,N,36.6666666666667,1,436
7842,23,0.84453075,203,7584,Y,38.3333333333333,2,436
10692,24,0.96933825,233,7842,N,40,2,436
8535,25,0.86949225,209,10692,N,41.6666666666667,2,436
9146,26,0.97765875,235,8535,N,43.3333333333333,2,436
9597,27,0.97765875,235,9146,N,45,2,436
8477,28,1.031742,248,9597,N,46.6666666666667,2,436
10346,29,1.114947,268,8477,N,48.3333333333333,2,436
9143,30,1.10246625,265,10346,N,50,2,436
9382,31,1.31879925,317,9143,N,51.6666666666667,2,436
11152,32,1.21063275,291,9382,N,53.3333333333333,2,436
11570,33,1.33128,320,11152,N,55,2,436
11034,34,1.364562,328,11570,N,56.6666666666667,2,436
11924,35,1.597536,384,11034,N,58.3333333333333,2,436
12383,36,1.23559425,297,11924,N,60,2,436
12496,37,0.782127,188,12383,Y,61.6666666666667,3,436
2551,0,1.36872225,329,NA,N,0,0,437
2668,1,1.447767,348,2551,N,1.66666666666667,0,437
2713,2,1.464408,352,2668,N,3.33333333333333,0,437
2575,3,1.51849125,365,2713,N,5,0,437
2629,4,1.64329875,395,2575,N,6.66666666666667,0,437
3765,5,0.73636425,177,2629,Y,8.33333333333333,1,437
2841,6,0.981819,236,3765,N,10,1,437
2614,7,0.86949225,209,2841,N,11.6666666666667,1,437
4234,8,0.97765875,235,2614,N,13.3333333333333,1,437
5678,9,1.0400625,250,4234,N,15,1,437
4786,10,0.98597925,237,5678,N,16.6666666666667,1,437
5091,11,1.1565495,278,4786,N,18.3333333333333,1,437
4245,12,1.065024,256,5091,N,20,1,437
4661,13,1.1399085,274,4245,N,21.6666666666667,1,437
5079,14,1.1565495,278,4661,N,23.3333333333333,1,437
4230,15,1.3562415,326,5079,N,25,1,437
6372,16,1.35208125,325,4230,N,26.6666666666667,1,437
6486,17,1.464408,352,6372,N,28.3333333333333,1,437
6926,18,1.36040175,327,6486,N,30,1,437
6922,19,1.39368375,335,6926,N,31.6666666666667,1,437
6078,20,1.62665775,391,6922,N,33.3333333333333,1,437
7144,21,1.70154225,409,6078,N,35,1,437
7584,22,1.75146525,421,7144,N,36.6666666666667,1,437
7840,23,0.73636425,177,7584,Y,38.3333333333333,2,437
10691,24,0.7571655,182,7840,N,40,2,437
8533,25,0.898614,216,10691,N,41.6666666666667,2,437
9135,26,0.8237295,198,8533,N,43.3333333333333,2,437
9593,27,0.798768,192,9135,N,45,2,437
8476,28,0.8237295,198,9593,N,46.6666666666667,2,437
10345,29,0.92773575,223,8476,N,48.3333333333333,2,437
9140,30,0.89445375,215,10345,N,50,2,437
9377,31,1.1232675,270,9140,N,51.6666666666667,2,437
11151,32,1.0067805,242,9377,N,53.3333333333333,2,437
11567,33,1.08582525,261,11151,N,55,2,437
11033,34,1.2064725,290,11567,N,56.6666666666667,2,437
11922,35,1.547613,372,11033,N,58.3333333333333,2,437
12377,36,0.78628725,189,11922,Y,60,3,437
12488,37,0.698922,168,12377,N,61.6666666666667,3,437
3505,0,1.18567125,285,NA,N,0,0,438
3696,1,1.39368375,335,3505,N,1.66666666666667,0,438
3687,2,1.33128,320,3696,N,3.33333333333333,0,438
3488,3,1.364562,328,3687,N,5,0,438
3835,4,1.39368375,335,3488,N,6.66666666666667,0,438
4044,5,1.36872225,329,3835,N,8.33333333333333,0,438
3751,6,1.49352975,359,4044,N,10,0,438
3907,7,1.5892155,382,3751,N,11.6666666666667,0,438
5740,8,1.614177,388,3907,N,13.3333333333333,0,438
5992,9,1.6641,400,5740,N,15,0,438
5525,10,1.63497825,393,5992,N,16.6666666666667,0,438
5808,11,1.8721125,450,5525,N,18.3333333333333,0,438
5105,12,1.464408,352,5808,N,20,0,438
5448,13,1.69322175,407,5105,N,21.6666666666667,0,438
5871,14,1.8721125,450,5448,N,23.3333333333333,0,438
4730,15,0.865332,208,5871,Y,25,1,438
6729,16,1.031742,248,4730,N,26.6666666666667,1,438
7654,17,0.92773575,223,6729,N,28.3333333333333,1,438
7506,18,1.06918425,257,7654,N,30,1,438
7548,19,1.081665,260,7506,N,31.6666666666667,1,438
6280,20,1.07750475,259,7548,N,33.3333333333333,1,438
8282,21,1.2397545,298,6280,N,35,1,438
7987,22,1.32711975,319,8282,N,36.6666666666667,1,438
8235,23,1.364562,328,7987,N,38.3333333333333,1,438
10923,24,1.51849125,365,8235,N,40,1,438
9279,25,1.74314475,419,10923,N,41.6666666666667,1,438
10054,26,1.7556255,422,9279,N,43.3333333333333,1,438
8454,28,1.40200425,337,10054,N,46.6666666666667,1,438
10495,29,0.64483875,155,8454,Y,48.3333333333333,2,438
2567,0,1.42696575,343,NA,N,0,0,439
2674,1,0.73636425,177,2567,Y,1.66666666666667,1,439
2726,2,0.82788975,199,2674,N,3.33333333333333,1,439
2586,3,0.81124875,195,2726,N,5,1,439
2636,4,0.7738065,186,2586,N,6.66666666666667,1,439
3778,5,0.88613325,213,2636,N,8.33333333333333,1,439
2854,6,0.88613325,213,3778,N,10,1,439
2633,7,0.86949225,209,2854,N,11.6666666666667,1,439
4242,8,0.93605625,225,2633,N,13.3333333333333,1,439
5686,9,0.8902935,214,4242,N,15,1,439
4800,10,0.99846,240,5686,N,16.6666666666667,1,439
5106,11,1.09414575,263,4800,N,18.3333333333333,1,439
4256,12,1.17735075,283,5106,N,20,1,439
4674,13,1.248075,300,4256,N,21.6666666666667,1,439
5094,14,1.33128,320,4674,N,23.3333333333333,1,439
4239,15,1.4560875,350,5094,N,25,1,439
6377,16,1.67658075,403,4239,N,26.6666666666667,1,439
6493,17,1.8055485,434,6377,N,28.3333333333333,1,439
6935,18,1.6724205,402,6493,N,30,1,439
6933,19,0.72804375,175,6935,Y,31.6666666666667,2,439
6083,20,0.798768,192,6933,N,33.3333333333333,2,439
7161,21,0.732204,176,6083,N,35,2,439
7600,22,0.75300525,181,7161,N,36.6666666666667,2,439
7852,23,0.71140275,171,7600,N,38.3333333333333,2,439
10698,24,0.765486,184,7852,N,40,2,439
8548,25,0.8902935,214,10698,N,41.6666666666667,2,439
9173,26,0.8736525,210,8548,N,43.3333333333333,2,439
9626,27,0.96933825,233,9173,N,45,2,439
8489,28,1.02758175,247,9626,N,46.6666666666667,2,439
10353,29,1.26887625,305,8489,N,48.3333333333333,2,439
9167,30,1.1565495,278,10353,N,50,2,439
9413,31,1.21895325,293,9167,N,51.6666666666667,2,439
11168,32,1.3229595,318,9413,N,53.3333333333333,2,439
11590,33,0.70308225,169,11168,Y,55,3,439
11935,35,0.7904475,190,11590,N,58.3333333333333,3,439
12408,36,0.83205,200,11935,N,60,3,439
12515,37,0.81124875,195,12408,N,61.6666666666667,3,439
2567,0,1.42696575,343,NA,N,0,0,440
2674,1,0.73636425,177,2567,Y,1.66666666666667,1,440
2726,2,0.82788975,199,2674,N,3.33333333333333,1,440
2586,3,0.81124875,195,2726,N,5,1,440
2636,4,0.7738065,186,2586,N,6.66666666666667,1,440
3778,5,0.88613325,213,2636,N,8.33333333333333,1,440
2854,6,0.88613325,213,3778,N,10,1,440
2633,7,0.86949225,209,2854,N,11.6666666666667,1,440
4242,8,0.93605625,225,2633,N,13.3333333333333,1,440
5686,9,0.8902935,214,4242,N,15,1,440
4800,10,0.99846,240,5686,N,16.6666666666667,1,440
5106,11,1.09414575,263,4800,N,18.3333333333333,1,440
4256,12,1.17735075,283,5106,N,20,1,440
4674,13,1.248075,300,4256,N,21.6666666666667,1,440
5094,14,1.33128,320,4674,N,23.3333333333333,1,440
4239,15,1.4560875,350,5094,N,25,1,440
6377,16,1.67658075,403,4239,N,26.6666666666667,1,440
6493,17,1.8055485,434,6377,N,28.3333333333333,1,440
6935,18,1.6724205,402,6493,N,30,1,440
6927,19,0.815409,196,6935,Y,31.6666666666667,2,440
6081,20,0.83205,200,6927,N,33.3333333333333,2,440
7155,21,0.89445375,215,6081,N,35,2,440
7592,22,0.87781275,211,7155,N,36.6666666666667,2,440
7849,23,0.86949225,209,7592,N,38.3333333333333,2,440
10695,24,0.9901395,238,7849,N,40,2,440
8542,25,0.96933825,233,10695,N,41.6666666666667,2,440
9165,26,1.09414575,263,8542,N,43.3333333333333,2,440
9615,27,0.981819,236,9165,N,45,2,440
8483,28,1.1399085,274,9615,N,46.6666666666667,2,440
10350,29,1.314639,316,8483,N,48.3333333333333,2,440
9155,30,1.3728825,330,10350,N,50,2,440
9402,31,1.414485,340,9155,N,51.6666666666667,2,440
11165,32,1.3562415,326,9402,N,53.3333333333333,2,440
11580,33,1.5392925,370,11165,N,55,2,440
11057,34,1.48520925,357,11580,N,56.6666666666667,2,440
11929,35,0.81956925,197,11057,Y,58.3333333333333,3,440
12393,36,0.80292825,193,11929,N,60,3,440
2567,0,1.42696575,343,NA,N,0,0,441
2679,1,0.6573195,158,2567,Y,1.66666666666667,1,441
2721,2,0.82788975,199,2679,N,3.33333333333333,1,441
2581,3,0.77796675,187,2721,N,5,1,441
2642,4,0.78628725,189,2581,N,6.66666666666667,1,441
3775,5,0.8902935,214,2642,N,8.33333333333333,1,441
2850,6,0.88613325,213,3775,N,10,1,441
2626,7,0.83621025,201,2850,N,11.6666666666667,1,441
4240,8,0.8736525,210,2626,N,13.3333333333333,1,441
5690,9,0.965178,232,4240,N,15,1,441
4795,10,0.898614,216,5690,N,16.6666666666667,1,441
5101,11,0.91941525,221,4795,N,18.3333333333333,1,441
4252,12,1.11078675,267,5101,N,20,1,441
4669,13,1.11910725,269,4252,N,21.6666666666667,1,441
5088,14,1.081665,260,4669,N,23.3333333333333,1,441
4236,15,1.26887625,305,5088,N,25,1,441
6375,16,1.31047875,315,4236,N,26.6666666666667,1,441
6491,17,1.281357,308,6375,N,28.3333333333333,1,441
6932,18,1.281357,308,6491,N,30,1,441
6930,19,1.30215825,313,6932,N,31.6666666666667,1,441
6082,20,1.39368375,335,6930,N,33.3333333333333,1,441
7158,21,1.18567125,285,6082,N,35,1,441
7594,22,0.77796675,187,7158,Y,36.6666666666667,2,441
7851,23,0.66980025,161,7594,N,38.3333333333333,2,441
10696,24,0.7238835,174,7851,N,40,2,441
8544,25,0.7405245,178,10696,N,41.6666666666667,2,441
9160,26,0.6906015,166,8544,N,43.3333333333333,2,441
9618,27,0.765486,184,9160,N,45,2,441
8485,28,0.9568575,230,9618,N,46.6666666666667,2,441
10351,29,1.0067805,242,8485,N,48.3333333333333,2,441
9159,30,0.98597925,237,10351,N,50,2,441
9406,31,1.0567035,254,9159,N,51.6666666666667,2,441
11166,32,1.08582525,261,9406,N,53.3333333333333,2,441
11583,33,1.16487,280,11166,N,55,2,441
11058,34,1.098306,264,11583,N,56.6666666666667,2,441
11931,35,1.0234215,246,11058,N,58.3333333333333,2,441
12396,36,0.81956925,197,11931,Y,60,3,441
12505,37,0.71972325,173,12396,N,61.6666666666667,3,441
2576,0,0.8902935,214,NA,N,0,0,442
2689,1,0.97765875,235,2576,N,1.66666666666667,0,442
2737,2,0.90277425,217,2689,N,3.33333333333333,0,442
2596,3,0.9734985,234,2737,N,5,0,442
2651,4,0.91109475,219,2596,N,6.66666666666667,0,442
3786,5,0.98597925,237,2651,N,8.33333333333333,0,442
2864,6,1.114947,268,3786,N,10,0,442
2646,7,1.09414575,263,2864,N,11.6666666666667,0,442
4248,8,1.13574825,273,2646,N,13.3333333333333,0,442
5698,9,1.281357,308,4248,N,15,0,442
4807,10,1.23559425,297,5698,N,16.6666666666667,0,442
5118,11,1.29383775,311,4807,N,18.3333333333333,0,442
4265,12,1.481049,356,5118,N,20,0,442
4685,13,1.5559335,374,4265,N,21.6666666666667,0,442
5108,14,1.397844,336,4685,N,23.3333333333333,0,442
4247,15,1.53513225,369,5108,N,25,0,442
6384,16,1.5892155,382,4247,N,26.6666666666667,0,442
6501,17,1.70154225,409,6384,N,28.3333333333333,0,442
6943,18,1.75146525,421,6501,N,30,0,442
6942,19,1.78474725,429,6943,N,31.6666666666667,0,442
6086,20,1.913715,460,6942,N,33.3333333333333,0,442
7170,21,0.99429975,239,6086,Y,35,1,442
7610,22,1.05254325,253,7170,N,36.6666666666667,1,442
7858,23,1.048383,252,7610,N,38.3333333333333,1,442
10701,24,0.948537,228,7858,N,40,1,442
8553,25,0.9402165,226,10701,N,41.6666666666667,1,442
9187,26,1.16487,280,8553,N,43.3333333333333,1,442
9641,27,1.17735075,283,9187,N,45,1,442
8495,28,1.28551725,309,9641,N,46.6666666666667,1,442
10466,29,1.4727285,354,8495,N,48.3333333333333,1,442
9765,31,1.26055575,303,10466,N,51.6666666666667,1,442
11904,33,1.01094075,243,9765,Y,55,2,442
11393,34,1.05254325,253,11904,N,56.6666666666667,2,442
12340,35,1.0400625,250,11393,N,58.3333333333333,2,442
12806,36,1.11078675,267,12340,N,60,2,442
12898,37,1.01926125,245,12806,N,61.6666666666667,2,442
2584,0,0.98597925,237,NA,N,0,0,443
2694,1,0.95269725,229,2584,N,1.66666666666667,0,443
2740,2,1.00262025,241,2694,N,3.33333333333333,0,443
2602,3,1.1731905,282,2740,N,5,0,443
2656,4,0.981819,236,2602,N,6.66666666666667,0,443
3791,5,1.2064725,290,2656,N,8.33333333333333,0,443
2892,6,1.37704275,331,3791,N,10,0,443
2652,7,1.21063275,291,2892,N,11.6666666666667,0,443
4251,8,1.34376075,323,2652,N,13.3333333333333,0,443
5701,9,1.347921,324,4251,N,15,0,443
4812,10,1.397844,336,5701,N,16.6666666666667,0,443
5123,11,1.347921,324,4812,N,18.3333333333333,0,443
4267,12,1.49352975,359,5123,N,20,0,443
4689,13,1.51849125,365,4267,N,21.6666666666667,0,443
5114,14,1.41864525,341,4689,N,23.3333333333333,0,443
4250,15,1.530972,368,5114,N,25,0,443
6386,16,1.43528625,345,4250,N,26.6666666666667,0,443
6503,17,1.57673475,379,6386,N,28.3333333333333,0,443
6946,18,1.397844,336,6503,N,30,0,443
6944,19,1.67658075,403,6946,N,31.6666666666667,0,443
6087,20,1.7722665,426,6944,N,33.3333333333333,0,443
7173,21,2.013561,484,6087,N,35,0,443
7615,22,2.3713425,570,7173,N,36.6666666666667,0,443
7862,23,0.91109475,219,7615,Y,38.3333333333333,1,443
10703,24,1.11078675,267,7862,N,40,1,443
8557,25,0.931896,224,10703,N,41.6666666666667,1,443
9196,26,1.314639,316,8557,N,43.3333333333333,1,443
9649,27,1.248075,300,9196,N,45,1,443
8499,28,1.231434,296,9649,N,46.6666666666667,1,443
10356,29,1.28551725,309,8499,N,48.3333333333333,1,443
9197,30,1.36872225,329,10356,N,50,1,443
9425,31,1.647459,396,9197,N,51.6666666666667,1,443
11185,32,0.898614,216,9425,Y,53.3333333333333,2,443
3519,0,1.22727375,295,NA,N,0,0,444
3718,1,1.3728825,330,3519,N,1.66666666666667,0,444
3700,2,1.4727285,354,3718,N,3.33333333333333,0,444
3499,3,1.314639,316,3700,N,5,0,444
3843,4,0.61155675,147,3499,Y,6.66666666666667,1,444
4047,5,0.81124875,195,3843,N,8.33333333333333,1,444
3764,6,0.915255,220,4047,N,10,1,444
3911,7,0.78628725,189,3764,N,11.6666666666667,1,444
5755,8,0.81956925,197,3911,N,13.3333333333333,1,444
5996,9,0.8237295,198,5755,N,15,1,444
5549,10,0.84453075,203,5996,N,16.6666666666667,1,444
5819,11,0.86949225,209,5549,N,18.3333333333333,1,444
5119,12,0.965178,232,5819,N,20,1,444
5469,13,0.9568575,230,5119,N,21.6666666666667,1,444
5879,14,1.00262025,241,5469,N,23.3333333333333,1,444
4748,15,1.01926125,245,5879,N,25,1,444
6737,16,1.17735075,283,4748,N,26.6666666666667,1,444
7662,17,1.20231225,289,6737,N,28.3333333333333,1,444
7522,18,1.1399085,274,7662,N,30,1,444
7568,19,1.21063275,291,7522,N,31.6666666666667,1,444
6293,20,1.30215825,313,7568,N,33.3333333333333,1,444
8288,21,1.70154225,409,6293,N,35,1,444
8000,22,0.815409,196,8288,Y,36.6666666666667,2,444
8245,23,0.798768,192,8000,N,38.3333333333333,2,444
10930,24,1.01094075,243,8245,N,40,2,444
2600,0,1.098306,264,NA,N,0,0,445
2707,1,1.12742775,271,2600,N,1.66666666666667,0,445
2752,2,1.31879925,317,2707,N,3.33333333333333,0,445
2619,3,1.580895,380,2752,N,5,0,445
2675,4,1.314639,316,2619,N,6.66666666666667,0,445
3809,5,1.6224975,390,2675,N,8.33333333333333,0,445
2910,6,1.92619575,463,3809,N,10,0,445
2669,7,1.464408,352,2910,N,11.6666666666667,0,445
4264,8,1.72650375,415,2669,N,13.3333333333333,0,445
5714,9,0.91941525,221,4264,Y,15,1,445
4824,10,0.96101775,231,5714,N,16.6666666666667,1,445
5134,11,1.00262025,241,4824,N,18.3333333333333,1,445
4276,12,1.14406875,275,5134,N,20,1,445
4695,13,1.148229,276,4276,N,21.6666666666667,1,445
5125,14,1.04422275,251,4695,N,23.3333333333333,1,445
4255,15,1.12742775,271,5125,N,25,1,445
6390,16,1.1565495,278,4255,N,26.6666666666667,1,445
6507,17,1.11910725,269,6390,N,28.3333333333333,1,445
6956,18,1.2231135,294,6507,N,30,1,445
6955,19,1.231434,296,6956,N,31.6666666666667,1,445
6091,20,1.4560875,350,6955,N,33.3333333333333,1,445
7186,21,1.4394465,346,6091,N,35,1,445
7623,22,1.61833725,389,7186,N,36.6666666666667,1,445
7867,23,1.6641,400,7623,N,38.3333333333333,1,445
10706,24,1.580895,380,7867,N,40,1,445
8564,25,1.90123425,457,10706,N,41.6666666666667,1,445
9209,26,1.8055485,434,8564,N,43.3333333333333,1,445
9666,27,1.8055485,434,9209,N,45,1,445
8503,28,0.91109475,219,9666,Y,46.6666666666667,2,445
10357,29,0.9568575,230,8503,N,48.3333333333333,2,445
9201,30,1.031742,248,10357,N,50,2,445
9429,31,1.14406875,275,9201,N,51.6666666666667,2,445
11186,32,1.1066265,266,9429,N,53.3333333333333,2,445
11622,33,1.1399085,274,11186,N,55,2,445
11074,34,1.14406875,275,11622,N,56.6666666666667,2,445
11953,35,1.26055575,303,11074,N,58.3333333333333,2,445
12426,36,1.614177,388,11953,N,60,2,445
12542,37,1.53513225,369,12426,N,61.6666666666667,2,445
2600,0,1.098306,264,NA,N,0,0,446
2707,1,1.12742775,271,2600,N,1.66666666666667,0,446
2752,2,1.31879925,317,2707,N,3.33333333333333,0,446
2619,3,1.580895,380,2752,N,5,0,446
2675,4,1.314639,316,2619,N,6.66666666666667,0,446
3809,5,1.6224975,390,2675,N,8.33333333333333,0,446
2910,6,1.92619575,463,3809,N,10,0,446
2669,7,1.464408,352,2910,N,11.6666666666667,0,446
4264,8,1.72650375,415,2669,N,13.3333333333333,0,446
5714,9,0.91941525,221,4264,Y,15,1,446
4824,10,0.96101775,231,5714,N,16.6666666666667,1,446
5134,11,1.00262025,241,4824,N,18.3333333333333,1,446
4276,12,1.14406875,275,5134,N,20,1,446
4695,13,1.148229,276,4276,N,21.6666666666667,1,446
5125,14,1.04422275,251,4695,N,23.3333333333333,1,446
4255,15,1.12742775,271,5125,N,25,1,446
6390,16,1.1565495,278,4255,N,26.6666666666667,1,446
6507,17,1.11910725,269,6390,N,28.3333333333333,1,446
6956,18,1.2231135,294,6507,N,30,1,446
6955,19,1.231434,296,6956,N,31.6666666666667,1,446
6091,20,1.4560875,350,6955,N,33.3333333333333,1,446
7186,21,1.4394465,346,6091,N,35,1,446
7623,22,1.61833725,389,7186,N,36.6666666666667,1,446
7867,23,1.6641,400,7623,N,38.3333333333333,1,446
10706,24,1.580895,380,7867,N,40,1,446
8564,25,1.90123425,457,10706,N,41.6666666666667,1,446
9209,26,1.8055485,434,8564,N,43.3333333333333,1,446
9666,27,1.8055485,434,9209,N,45,1,446
8504,28,0.96101775,231,9666,Y,46.6666666666667,2,446
10358,29,1.0400625,250,8504,N,48.3333333333333,2,446
9204,30,1.09414575,263,10358,N,50,2,446
9433,31,1.07750475,259,9204,N,51.6666666666667,2,446
11188,32,1.148229,276,9433,N,53.3333333333333,2,446
11625,33,1.1399085,274,11188,N,55,2,446
11076,34,1.20231225,289,11625,N,56.6666666666667,2,446
11955,35,1.33544025,321,11076,N,58.3333333333333,2,446
12428,36,1.364562,328,11955,N,60,2,446
12546,37,0.7072425,170,12428,Y,61.6666666666667,3,446
2605,0,0.97765875,235,NA,N,0,0,447
2711,1,1.16070975,279,2605,N,1.66666666666667,0,447
2756,2,1.24391475,299,2711,N,3.33333333333333,0,447
2624,3,1.2730365,306,2756,N,5,0,447
2680,4,1.3562415,326,2624,N,6.66666666666667,0,447
3812,5,1.31047875,315,2680,N,8.33333333333333,0,447
2916,6,1.35208125,325,3812,N,10,0,447
2673,7,1.40200425,337,2916,N,11.6666666666667,0,447
4268,8,1.54345275,371,2673,N,13.3333333333333,0,447
5718,9,1.6391385,394,4268,N,15,0,447
4831,10,0.848691,204,5718,Y,16.6666666666667,1,447
5143,11,0.848691,204,4831,N,18.3333333333333,1,447
4282,12,0.90277425,217,5143,N,20,1,447
4703,13,0.95269725,229,4282,N,21.6666666666667,1,447
5128,14,1.01094075,243,4703,N,23.3333333333333,1,447
4258,15,1.1399085,274,5128,N,25,1,447
6392,16,1.1232675,270,4258,N,26.6666666666667,1,447
6509,17,1.2064725,290,6392,N,28.3333333333333,1,447
6957,18,1.20231225,289,6509,N,30,1,447
6958,19,1.364562,328,6957,N,31.6666666666667,1,447
6092,20,1.46024775,351,6958,N,33.3333333333333,1,447
7189,21,1.48520925,357,6092,N,35,1,447
7626,22,1.3895235,334,7189,N,36.6666666666667,1,447
7872,23,1.4727285,354,7626,N,38.3333333333333,1,447
10709,24,0.80292825,193,7872,Y,40,2,447
8569,25,0.8237295,198,10709,N,41.6666666666667,2,447
9218,26,0.8736525,210,8569,N,43.3333333333333,2,447
9674,27,1.0400625,250,9218,N,45,2,447
8508,28,1.0733445,258,9674,N,46.6666666666667,2,447
10360,29,0.96101775,231,8508,N,48.3333333333333,2,447
9442,31,1.13574825,273,10360,N,51.6666666666667,2,447
11631,33,1.21063275,291,9442,N,55,2,447
11081,34,1.34376075,323,11631,N,56.6666666666667,2,447
11959,35,1.17735075,283,11081,N,58.3333333333333,2,447
12433,36,1.281357,308,11959,N,60,2,447
12554,37,1.34376075,323,12433,N,61.6666666666667,2,447
3547,0,1.11078675,267,NA,N,0,0,448
3739,1,1.248075,300,3547,N,1.66666666666667,0,448
3721,2,1.347921,324,3739,N,3.33333333333333,0,448
3647,3,1.447767,348,3721,N,5,0,448
3878,4,1.5392925,370,3647,N,6.66666666666667,0,448
4052,5,1.61833725,389,3878,N,8.33333333333333,0,448
3790,6,0.84453075,203,4052,Y,10,1,448
3916,7,0.81956925,197,3790,N,11.6666666666667,1,448
5775,8,0.8403705,202,3916,N,13.3333333333333,1,448
6001,9,0.881973,212,5775,N,15,1,448
5571,10,0.8736525,210,6001,N,16.6666666666667,1,448
5833,11,0.815409,196,5571,N,18.3333333333333,1,448
5142,12,0.96101775,231,5833,N,20,1,448
5499,13,0.96933825,233,5142,N,21.6666666666667,1,448
5888,14,0.9069345,218,5499,N,23.3333333333333,1,448
4764,15,1.00262025,241,5888,N,25,1,448
6746,16,1.0899855,262,4764,N,26.6666666666667,1,448
7671,17,1.015101,244,6746,N,28.3333333333333,1,448
8217,18,1.081665,260,7671,N,30,1,448
7581,19,1.0234215,246,8217,N,31.6666666666667,1,448
6298,20,1.0567035,254,7581,N,33.3333333333333,1,448
8296,21,1.15238925,277,6298,N,35,1,448
8017,22,1.20231225,289,8296,N,36.6666666666667,1,448
8253,23,1.30215825,313,8017,N,38.3333333333333,1,448
10937,24,1.22727375,295,8253,N,40,1,448
9342,25,1.36040175,327,10937,N,41.6666666666667,1,448
10081,26,1.4893695,358,9342,N,43.3333333333333,1,448
10242,27,1.5060105,362,10081,N,45,1,448
9085,28,1.514331,364,10242,N,46.6666666666667,1,448
10595,29,1.55177325,373,9085,N,48.3333333333333,1,448
10197,31,0.648999,156,10595,Y,51.6666666666667,2,448
12221,33,0.8570115,206,10197,N,55,2,448
11795,34,1.01094075,243,12221,N,56.6666666666667,2,448
12725,35,0.915255,220,11795,N,58.3333333333333,2,448
13135,36,0.981819,236,12725,N,60,2,448
13175,37,1.04422275,251,13135,N,61.6666666666667,2,448
3556,0,0.8403705,202,NA,N,0,0,449
3744,1,0.9402165,226,3556,N,1.66666666666667,0,449
3738,2,0.815409,196,3744,N,3.33333333333333,0,449
3652,3,0.83621025,201,3738,N,5,0,449
3887,4,0.8736525,210,3652,N,6.66666666666667,0,449
4054,5,1.06086375,255,3887,N,8.33333333333333,0,449
3798,6,1.11910725,269,4054,N,10,0,449
3918,7,1.0899855,262,3798,N,11.6666666666667,0,449
5784,8,1.12742775,271,3918,N,13.3333333333333,0,449
6003,9,1.12742775,271,5784,N,15,0,449
5582,10,1.0899855,262,6003,N,16.6666666666667,0,449
5839,11,1.314639,316,5582,N,18.3333333333333,0,449
5151,12,1.314639,316,5839,N,20,0,449
5511,13,1.580895,380,5151,N,21.6666666666667,0,449
5892,14,1.41032475,339,5511,N,23.3333333333333,0,449
4772,15,1.564254,376,5892,N,25,0,449
6751,16,1.5060105,362,4772,N,26.6666666666667,0,449
7695,17,1.4560875,350,6751,N,28.3333333333333,0,449
8220,18,0.7571655,182,7695,Y,30,1,449
7583,19,0.87781275,211,8220,N,31.6666666666667,1,449
6299,20,0.8403705,202,7583,N,33.3333333333333,1,449
8297,21,0.92773575,223,6299,N,35,1,449
8019,22,0.9568575,230,8297,N,36.6666666666667,1,449
8254,23,0.91109475,219,8019,N,38.3333333333333,1,449
10938,24,0.99429975,239,8254,N,40,1,449
9347,25,0.97765875,235,10938,N,41.6666666666667,1,449
10083,26,0.9901395,238,9347,N,43.3333333333333,1,449
10243,27,1.048383,252,10083,N,45,1,449
9090,28,1.1232675,270,10243,N,46.6666666666667,1,449
10596,29,1.3063185,314,9090,N,48.3333333333333,1,449
9704,30,1.2896775,310,10596,N,50,1,449
10213,31,1.28551725,309,9704,N,51.6666666666667,1,449
11608,32,1.41864525,341,10213,N,53.3333333333333,1,449
12262,33,1.55177325,373,11608,N,55,1,449
11834,34,1.6724205,402,12262,N,56.6666666666667,1,449
12762,35,1.6890615,406,11834,N,58.3333333333333,1,449
13165,36,0.90277425,217,12762,Y,60,2,449
13202,37,0.76964625,185,13165,N,61.6666666666667,2,449
2632,0,0.67812075,163,NA,N,0,0,450
2738,1,0.765486,184,2632,N,1.66666666666667,0,450
2774,2,0.765486,184,2738,N,3.33333333333333,0,450
2643,3,0.81956925,197,2774,N,5,0,450
2706,4,0.948537,228,2643,N,6.66666666666667,0,450
3824,5,0.92773575,223,2706,N,8.33333333333333,0,450
2937,6,0.88613325,213,3824,N,10,0,450
2699,7,1.07750475,259,2937,N,11.6666666666667,0,450
4280,8,1.0899855,262,2699,N,13.3333333333333,0,450
5735,9,1.16070975,279,4280,N,15,0,450
4847,10,1.19399175,287,5735,N,16.6666666666667,0,450
5164,11,1.26055575,303,4847,N,18.3333333333333,0,450
4295,12,1.264716,304,5164,N,20,0,450
4718,13,1.45192725,349,4295,N,21.6666666666667,0,450
5144,14,1.3562415,326,4718,N,23.3333333333333,0,450
4266,15,1.41032475,339,5144,N,25,0,450
6398,16,1.40200425,337,4266,N,26.6666666666667,0,450
6517,17,1.5060105,362,6398,N,28.3333333333333,0,450
6967,18,1.6724205,402,6517,N,30,0,450
6970,19,1.72650375,415,6967,N,31.6666666666667,0,450
6097,20,0.73636425,177,6970,Y,33.3333333333333,1,450
7198,21,0.70308225,169,6097,N,35,1,450
7640,22,0.782127,188,7198,N,36.6666666666667,1,450
7882,23,0.7904475,190,7640,N,38.3333333333333,1,450
10714,24,0.8403705,202,7882,N,40,1,450
8577,25,0.9402165,226,10714,N,41.6666666666667,1,450
9229,26,0.898614,216,8577,N,43.3333333333333,1,450
9686,27,1.098306,264,9229,N,45,1,450
8513,28,1.12742775,271,9686,N,46.6666666666667,1,450
10363,29,1.2563955,302,8513,N,48.3333333333333,1,450
9228,30,1.4560875,350,10363,N,50,1,450
9459,31,1.5060105,362,9228,N,51.6666666666667,1,450
11201,32,1.4560875,350,9459,N,53.3333333333333,1,450
11638,33,0.61155675,147,11201,Y,55,2,450
11083,34,0.715563,172,11638,N,56.6666666666667,2,450
11961,35,0.6240375,150,11083,N,58.3333333333333,2,450
12437,36,0.76132575,183,11961,N,60,2,450
12562,37,0.715563,172,12437,N,61.6666666666667,2,450
2645,0,1.05254325,253,NA,N,0,0,451
2744,1,1.131588,272,2645,N,1.66666666666667,0,451
2784,2,1.1565495,278,2744,N,3.33333333333333,0,451
2653,3,1.198152,288,2784,N,5,0,451
2714,4,1.25223525,301,2653,N,6.66666666666667,0,451
3829,5,1.347921,324,2714,N,8.33333333333333,0,451
2943,6,1.40200425,337,3829,N,10,0,451
2968,7,1.431126,344,2943,N,11.6666666666667,0,451
4286,8,1.4228055,342,2968,N,13.3333333333333,0,451
5741,9,1.47688875,355,4286,N,15,0,451
4856,10,1.5725745,378,5741,N,16.6666666666667,0,451
5173,11,1.514331,364,4856,N,18.3333333333333,0,451
4301,12,1.3895235,334,5173,N,20,0,451
4723,13,1.963638,472,4301,N,21.6666666666667,0,451
5154,14,0.86117175,207,4723,Y,23.3333333333333,1,451
4269,15,0.9235755,222,5154,N,25,1,451
6402,16,0.8902935,214,4269,N,26.6666666666667,1,451
6519,17,1.09414575,263,6402,N,28.3333333333333,1,451
6972,18,0.95269725,229,6519,N,30,1,451
6976,19,1.081665,260,6972,N,31.6666666666667,1,451
6099,20,1.11910725,269,6976,N,33.3333333333333,1,451
7206,21,1.015101,244,6099,N,35,1,451
7644,22,1.148229,276,7206,N,36.6666666666667,1,451
7889,23,1.26055575,303,7644,N,38.3333333333333,1,451
10717,24,1.2896775,310,7889,N,40,1,451
8581,25,1.53513225,369,10717,N,41.6666666666667,1,451
9243,26,0.83205,200,8581,Y,43.3333333333333,2,451
9702,27,0.80292825,193,9243,N,45,2,451
8518,28,0.6739605,162,9702,N,46.6666666666667,2,451
10367,29,0.74468475,179,8518,N,48.3333333333333,2,451
2233,0,0.84453075,203,NA,N,0,0,452
2249,1,0.92773575,223,2233,N,1.66666666666667,0,452
2299,2,0.898614,216,2249,N,3.33333333333333,0,452
2259,3,0.88613325,213,2299,N,5,0,452
2323,4,0.898614,216,2259,N,6.66666666666667,0,452
2279,5,0.96101775,231,2323,N,8.33333333333333,0,452
2313,6,1.1066265,266,2279,N,10,0,452
2273,7,1.04422275,251,2313,N,11.6666666666667,0,452
4072,8,1.114947,268,2273,N,13.3333333333333,0,452
5431,9,1.24391475,299,4072,N,15,0,452
4565,10,1.13574825,273,5431,N,16.6666666666667,0,452
4591,11,1.297998,312,4565,N,18.3333333333333,0,452
4084,12,1.281357,308,4591,N,20,0,452
4466,13,1.56009375,375,4084,N,21.6666666666667,0,452
4805,14,1.38536325,333,4466,N,23.3333333333333,0,452
4071,15,1.5226515,366,4805,N,25,0,452
6313,16,1.680741,404,4071,N,26.6666666666667,0,452
6378,17,1.597536,384,6313,N,28.3333333333333,0,452
6805,18,0.70308225,169,6378,Y,30,1,452
6285,19,0.7072425,170,6805,N,31.6666666666667,1,452
6017,20,0.75300525,181,6285,N,33.3333333333333,1,452
6921,21,0.87781275,211,6017,N,35,1,452
7252,22,0.82788975,199,6921,N,36.6666666666667,1,452
7619,23,0.95269725,229,7252,N,38.3333333333333,1,452
10614,24,0.93605625,225,7619,N,40,1,452
8368,25,0.96933825,233,10614,N,41.6666666666667,1,452
8310,26,0.97765875,235,8368,N,43.3333333333333,1,452
9251,27,0.96101775,231,8310,N,45,1,452
8347,28,1.1399085,274,9251,N,46.6666666666667,1,452
10262,29,1.23559425,297,8347,N,48.3333333333333,1,452
8751,30,1.07750475,259,10262,N,50,1,452
8954,31,0.981819,236,8751,N,51.6666666666667,1,452
11039,32,1.1232675,270,8954,N,53.3333333333333,1,452
11202,33,1.2730365,306,11039,N,55,1,452
10955,34,1.36040175,327,11202,N,56.6666666666667,1,452
11699,35,1.4727285,354,10955,N,58.3333333333333,1,452
12065,36,0.648999,156,11699,Y,60,2,452
12141,37,0.67812075,163,12065,N,61.6666666666667,2,452
2234,0,1.1399085,274,NA,N,0,0,453
2251,1,1.03590225,249,2234,N,1.66666666666667,0,453
2341,2,1.081665,260,2251,N,3.33333333333333,0,453
2263,3,1.20231225,289,2341,N,5,0,453
2325,4,1.31047875,315,2263,N,6.66666666666667,0,453
2281,5,1.53513225,369,2325,N,8.33333333333333,0,453
2339,6,1.5725745,378,2281,N,10,0,453
2298,7,1.863792,448,2339,N,11.6666666666667,0,453
4074,8,1.95115725,469,2298,N,13.3333333333333,0,453
5435,9,1.99275975,479,4074,N,15,0,453
4575,10,0.8736525,210,5435,Y,16.6666666666667,1,453
4600,11,0.91109475,219,4575,N,18.3333333333333,1,453
4086,12,1.0899855,262,4600,N,20,1,453
4469,13,1.20231225,289,4086,N,21.6666666666667,1,453
4814,14,0.95269725,229,4469,N,23.3333333333333,1,453
4073,15,1.02758175,247,4814,N,25,1,453
6315,16,1.14406875,275,4073,N,26.6666666666667,1,453
6381,17,1.1898315,286,6315,N,28.3333333333333,1,453
6807,18,1.3229595,318,6381,N,30,1,453
6290,19,1.34376075,323,6807,N,31.6666666666667,1,453
6019,20,1.347921,324,6290,N,33.3333333333333,1,453
6928,21,1.5226515,366,6019,N,35,1,453
7260,22,1.46856825,353,6928,N,36.6666666666667,1,453
7624,23,1.564254,376,7260,N,38.3333333333333,1,453
10616,24,1.68490125,405,7624,N,40,1,453
8374,25,0.8902935,214,10616,Y,41.6666666666667,2,453
8313,26,0.948537,228,8374,N,43.3333333333333,2,453
9263,27,1.1232675,270,8313,N,45,2,453
8349,28,1.048383,252,9263,N,46.6666666666667,2,453
10264,29,0.9568575,230,8349,N,48.3333333333333,2,453
8757,30,0.948537,228,10264,N,50,2,453
8976,31,0.9901395,238,8757,N,51.6666666666667,2,453
11043,32,1.04422275,251,8976,N,53.3333333333333,2,453
11211,33,1.11078675,267,11043,N,55,2,453
10959,34,1.31879925,317,11211,N,56.6666666666667,2,453
11711,35,1.2563955,302,10959,N,58.3333333333333,2,453
12077,36,1.381203,332,11711,N,60,2,453
12157,37,1.46024775,351,12077,N,61.6666666666667,2,453
2664,0,1.19399175,287,NA,N,0,0,454
2775,1,1.248075,300,2664,N,1.66666666666667,0,454
2804,2,1.3063185,314,2775,N,3.33333333333333,0,454
2670,3,1.214793,292,2804,N,5,0,454
2733,4,1.28551725,309,2670,N,6.66666666666667,0,454
3839,5,1.38536325,333,2733,N,8.33333333333333,0,454
2971,6,1.597536,384,3839,N,10,0,454
2998,7,1.614177,388,2971,N,11.6666666666667,0,454
4302,8,1.73482425,417,2998,N,13.3333333333333,0,454
5765,9,1.780587,428,4302,N,15,0,454
4877,10,1.83051,440,5765,N,16.6666666666667,0,454
5195,11,0.7738065,186,4877,Y,18.3333333333333,1,454
4464,12,0.91941525,221,5195,N,20,1,454
4744,13,1.1232675,270,4464,N,21.6666666666667,1,454
5187,14,1.21895325,293,4744,N,23.3333333333333,1,454
4291,15,1.31047875,315,5187,N,25,1,454
6415,16,1.3728825,330,4291,N,26.6666666666667,1,454
6535,17,1.40200425,337,6415,N,28.3333333333333,1,454
6996,18,1.29383775,311,6535,N,30,1,454
6997,19,1.52681175,367,6996,N,31.6666666666667,1,454
6107,20,0.87781275,211,6997,Y,33.3333333333333,2,454
7229,21,0.948537,228,6107,N,35,2,454
7661,22,1.00262025,241,7229,N,36.6666666666667,2,454
7907,23,0.91109475,219,7661,N,38.3333333333333,2,454
10725,24,1.015101,244,7907,N,40,2,454
8599,25,0.96933825,233,10725,N,41.6666666666667,2,454
9277,26,1.07750475,259,8599,N,43.3333333333333,2,454
9732,27,1.02758175,247,9277,N,45,2,454
8534,28,1.0733445,258,9732,N,46.6666666666667,2,454
10377,29,1.131588,272,8534,N,48.3333333333333,2,454
9285,30,1.2730365,306,10377,N,50,2,454
2678,0,1.21895325,293,NA,N,0,0,455
2791,1,1.21063275,291,2678,N,1.66666666666667,0,455
2820,2,1.314639,316,2791,N,3.33333333333333,0,455
2686,3,1.32711975,319,2820,N,5,0,455
2880,4,1.40200425,337,2686,N,6.66666666666667,0,455
3847,5,1.56841425,377,2880,N,8.33333333333333,0,455
2989,6,1.72650375,415,3847,N,10,0,455
3019,7,0.80292825,193,2989,Y,11.6666666666667,1,455
4311,8,0.73636425,177,3019,N,13.3333333333333,1,455
5776,9,0.93605625,225,4311,N,15,1,455
4888,10,0.93605625,225,5776,N,16.6666666666667,1,455
5207,11,0.9568575,230,4888,N,18.3333333333333,1,455
4473,12,0.99846,240,5207,N,20,1,455
4752,13,1.114947,268,4473,N,21.6666666666667,1,455
5196,14,1.0899855,262,4752,N,23.3333333333333,1,455
4298,15,1.14406875,275,5196,N,25,1,455
6419,16,1.2231135,294,4298,N,26.6666666666667,1,455
6539,17,1.2563955,302,6419,N,28.3333333333333,1,455
7005,18,1.31879925,317,6539,N,30,1,455
7006,19,1.414485,340,7005,N,31.6666666666667,1,455
6111,20,1.56009375,375,7006,N,33.3333333333333,1,455
7247,21,1.630818,392,6111,N,35,1,455
7668,22,1.67658075,403,7247,N,36.6666666666667,1,455
7916,23,1.730664,416,7668,N,38.3333333333333,1,455
10730,24,1.780587,428,7916,N,40,1,455
8612,25,0.9402165,226,10730,Y,41.6666666666667,2,455
9318,26,0.96933825,233,8612,N,43.3333333333333,2,455
9754,27,0.9901395,238,9318,N,45,2,455
8545,28,1.15238925,277,9754,N,46.6666666666667,2,455
10381,29,1.081665,260,8545,N,48.3333333333333,2,455
9508,31,1.1066265,266,10381,N,51.6666666666667,2,455
11670,33,1.37704275,331,9508,N,55,2,455
11115,34,1.54345275,371,11670,N,56.6666666666667,2,455
11991,35,1.597536,384,11115,N,58.3333333333333,2,455
12482,36,2.01772125,485,11991,N,60,2,455
12621,37,1.647459,396,12482,N,61.6666666666667,2,455
2243,0,0.7405245,178,NA,N,0,0,456
2291,1,0.7738065,186,2243,N,1.66666666666667,0,456
2409,2,0.81956925,197,2291,N,3.33333333333333,0,456
2314,3,0.9235755,222,2409,N,5,0,456
2374,4,0.881973,212,2314,N,6.66666666666667,0,456
2316,5,0.90277425,217,2374,N,8.33333333333333,0,456
2398,6,1.09414575,263,2316,N,10,0,456
2378,7,0.99429975,239,2398,N,11.6666666666667,0,456
4123,8,0.98597925,237,2378,N,13.3333333333333,0,456
5489,9,1.3063185,314,4123,N,15,0,456
4625,10,1.5392925,370,5489,N,16.6666666666667,0,456
4862,11,1.4893695,358,4625,N,18.3333333333333,0,456
4458,12,0.89445375,215,4862,Y,20,1,456
4738,13,0.87781275,211,4458,N,21.6666666666667,1,456
5183,14,0.96101775,231,4738,N,23.3333333333333,1,456
4287,15,0.965178,232,5183,N,25,1,456
6413,16,0.965178,232,4287,N,26.6666666666667,1,456
6533,17,0.91941525,221,6413,N,28.3333333333333,1,456
6993,18,0.898614,216,6533,N,30,1,456
6994,19,0.94437675,227,6993,N,31.6666666666667,1,456
6105,20,0.931896,224,6994,N,33.3333333333333,1,456
7226,21,1.00262025,241,6105,N,35,1,456
7659,22,1.07750475,259,7226,N,36.6666666666667,1,456
7905,23,1.0234215,246,7659,N,38.3333333333333,1,456
10724,24,1.1232675,270,7905,N,40,1,456
8597,25,1.27719675,307,10724,N,41.6666666666667,1,456
9272,26,1.33544025,321,8597,N,43.3333333333333,1,456
9728,27,1.27719675,307,9272,N,45,1,456
8532,28,1.597536,384,9728,N,46.6666666666667,1,456
10375,29,0.60323625,145,8532,Y,48.3333333333333,2,456
2704,0,1.22727375,295,NA,N,0,0,457
2819,1,1.231434,296,2704,N,1.66666666666667,0,457
2840,2,1.24391475,299,2819,N,3.33333333333333,0,457
2712,3,1.564254,376,2840,N,5,0,457
2908,4,1.25223525,301,2712,N,6.66666666666667,0,457
3890,5,1.364562,328,2908,N,8.33333333333333,0,457
3039,6,1.6641,400,3890,N,10,0,457
3048,7,1.57673475,379,3039,N,11.6666666666667,0,457
4321,8,1.4560875,350,3048,N,13.3333333333333,0,457
5798,9,1.6724205,402,4321,N,15,0,457
4916,10,1.70986275,411,5798,N,16.6666666666667,0,457
5228,11,1.75978575,423,4916,N,18.3333333333333,0,457
4489,12,1.847151,444,5228,N,20,0,457
4773,13,1.76810625,425,4489,N,21.6666666666667,0,457
5219,14,1.647459,396,4773,N,23.3333333333333,0,457
4313,15,2.113407,508,5219,N,25,0,457
6431,16,0.9568575,230,4313,Y,26.6666666666667,1,457
6550,17,0.9734985,234,6431,N,28.3333333333333,1,457
7022,18,1.0567035,254,6550,N,30,1,457
7025,19,0.9069345,218,7022,N,31.6666666666667,1,457
6118,20,1.16070975,279,7025,N,33.3333333333333,1,457
7279,21,1.04422275,251,6118,N,35,1,457
7680,22,1.23559425,297,7279,N,36.6666666666667,1,457
7931,23,1.11078675,267,7680,N,38.3333333333333,1,457
10738,24,1.11078675,267,7931,N,40,1,457
8631,25,0.96101775,231,10738,N,41.6666666666667,1,457
9359,26,1.181511,284,8631,N,43.3333333333333,1,457
9775,27,1.14406875,275,9359,N,45,1,457
8560,28,1.1399085,274,9775,N,46.6666666666667,1,457
10387,29,1.06918425,257,8560,N,48.3333333333333,1,457
9344,30,1.38536325,333,10387,N,50,1,457
9522,31,1.21895325,293,9344,N,51.6666666666667,1,457
11219,32,1.4228055,342,9522,N,53.3333333333333,1,457
11682,33,1.381203,332,11219,N,55,1,457
11128,34,1.514331,364,11682,N,56.6666666666667,1,457
12011,35,1.65161925,397,11128,N,58.3333333333333,1,457
12511,36,0.74468475,179,12011,Y,60,2,457
12653,37,0.732204,176,12511,N,61.6666666666667,2,457
3044,0,1.12742775,271,NA,N,0,0,458
3332,1,1.2563955,302,3044,N,1.66666666666667,0,458
3278,2,1.34376075,323,3332,N,3.33333333333333,0,458
3123,3,1.281357,308,3278,N,5,0,458
3279,4,1.31879925,317,3123,N,6.66666666666667,0,458
2430,5,1.4560875,350,3279,N,8.33333333333333,0,458
2467,6,0.75300525,181,2430,Y,10,1,458
2419,7,0.75300525,181,2467,N,11.6666666666667,1,458
4160,8,0.71140275,171,2419,N,13.3333333333333,1,458
5566,9,0.71972325,173,4160,N,15,1,458
4683,10,0.8570115,206,5566,N,16.6666666666667,1,458
4935,11,0.86117175,207,4683,N,18.3333333333333,1,458
4162,12,0.85285125,205,4935,N,20,1,458
4538,13,0.71140275,171,4162,N,21.6666666666667,1,458
4934,14,0.76132575,183,4538,N,23.3333333333333,1,458
4143,15,0.80292825,193,4934,N,25,1,458
6339,16,0.78628725,189,4143,N,26.6666666666667,1,458
6430,17,0.92773575,223,6339,N,28.3333333333333,1,458
6855,18,0.85285125,205,6430,N,30,1,458
6856,19,0.931896,224,6855,N,31.6666666666667,1,458
6047,20,0.865332,208,6856,N,33.3333333333333,1,458
7035,21,0.865332,208,6047,N,35,1,458
7478,22,1.26055575,303,7035,N,36.6666666666667,1,458
7748,23,1.25223525,301,7478,N,38.3333333333333,1,458
10654,24,0.56995425,137,7748,Y,40,2,458
8449,25,0.62819775,151,10654,N,41.6666666666667,2,458
8920,26,0.7072425,170,8449,N,43.3333333333333,2,458
9424,27,0.60323625,145,8920,N,45,2,458
8399,28,0.47842875,115,9424,N,46.6666666666667,2,458
10302,29,0.49506975,119,8399,N,48.3333333333333,2,458
2708,0,1.214793,292,NA,N,0,0,459
2824,1,1.2231135,294,2708,N,1.66666666666667,0,459
2851,2,1.530972,368,2824,N,3.33333333333333,0,459
2724,3,1.21895325,293,2851,N,5,0,459
2923,4,1.6724205,402,2724,N,6.66666666666667,0,459
3895,5,1.647459,396,2923,N,8.33333333333333,0,459
3040,6,0.95269725,229,3895,Y,10,1,459
3054,7,0.865332,208,3040,N,11.6666666666667,1,459
4325,8,0.915255,220,3054,N,13.3333333333333,1,459
5802,9,1.03590225,249,4325,N,15,1,459
4921,10,1.1898315,286,5802,N,16.6666666666667,1,459
5231,11,1.098306,264,4921,N,18.3333333333333,1,459
4493,12,1.1898315,286,5231,N,20,1,459
4777,13,1.26887625,305,4493,N,21.6666666666667,1,459
5224,14,1.30215825,313,4777,N,23.3333333333333,1,459
4315,15,1.33544025,321,5224,N,25,1,459
6435,16,1.44360675,347,4315,N,26.6666666666667,1,459
6555,17,1.464408,352,6435,N,28.3333333333333,1,459
7028,18,1.4394465,346,6555,N,30,1,459
7034,19,1.62665775,391,7028,N,31.6666666666667,1,459
6120,20,1.6391385,394,7034,N,33.3333333333333,1,459
7038,21,0.84453075,203,6120,Y,35,2,459
7482,22,0.898614,216,7038,N,36.6666666666667,2,459
7750,23,0.8570115,206,7482,N,38.3333333333333,2,459
10655,24,0.86949225,209,7750,N,40,2,459
8451,25,0.89445375,215,10655,N,41.6666666666667,2,459
8924,26,0.931896,224,8451,N,43.3333333333333,2,459
9432,27,0.9734985,234,8924,N,45,2,459
8403,28,1.0567035,254,9432,N,46.6666666666667,2,459
10304,29,1.04422275,251,8403,N,48.3333333333333,2,459
8902,30,1.11078675,267,10304,N,50,2,459
9142,31,1.131588,272,8902,N,51.6666666666667,2,459
11096,32,1.314639,316,9142,N,53.3333333333333,2,459
11486,33,1.16487,280,11096,N,55,2,459
10995,34,1.3229595,318,11486,N,56.6666666666667,2,459
11812,35,1.4727285,354,10995,N,58.3333333333333,2,459
12239,36,1.530972,368,11812,N,60,2,459
12333,37,0.765486,184,12239,Y,61.6666666666667,3,459
2715,0,0.898614,216,NA,N,0,0,460
2828,1,0.99429975,239,2715,N,1.66666666666667,0,460
2856,2,0.90277425,217,2828,N,3.33333333333333,0,460
2729,3,0.93605625,225,2856,N,5,0,460
2929,4,0.9402165,226,2729,N,6.66666666666667,0,460
3896,5,1.00262025,241,2929,N,8.33333333333333,0,460
3043,6,1.00262025,241,3896,N,10,0,460
3057,7,1.1232675,270,3043,N,11.6666666666667,0,460
4327,8,1.1731905,282,3057,N,13.3333333333333,0,460
5806,9,1.16903025,281,4327,N,15,0,460
4925,10,1.181511,284,5806,N,16.6666666666667,0,460
5235,11,1.148229,276,4925,N,18.3333333333333,0,460
4496,12,1.40200425,337,5235,N,20,0,460
4785,13,0.68644125,165,4496,Y,21.6666666666667,1,460
5229,14,0.798768,192,4785,N,23.3333333333333,1,460
4318,15,0.7405245,178,5229,N,25,1,460
6439,16,0.86117175,207,4318,N,26.6666666666667,1,460
6558,17,0.85285125,205,6439,N,28.3333333333333,1,460
7033,18,0.8570115,206,6558,N,30,1,460
7040,19,0.881973,212,7033,N,31.6666666666667,1,460
6122,20,1.00262025,241,7040,N,33.3333333333333,1,460
7289,21,1.08582525,261,6122,N,35,1,460
7686,22,1.1731905,282,7289,N,36.6666666666667,1,460
7936,23,1.0733445,258,7686,N,38.3333333333333,1,460
10741,24,1.0733445,258,7936,N,40,1,460
8641,25,1.1232675,270,10741,N,41.6666666666667,1,460
9389,26,1.46856825,353,8641,N,43.3333333333333,1,460
9793,27,1.36872225,329,9389,N,45,1,460
10443,29,0.74468475,179,9793,Y,48.3333333333333,2,460
3084,0,1.46024775,351,NA,N,0,0,461
3341,1,1.54345275,371,3084,N,1.66666666666667,0,461
3340,2,0.7904475,190,3341,Y,3.33333333333333,1,461
3136,3,0.682281,164,3340,N,5,1,461
3304,4,0.93605625,225,3136,N,6.66666666666667,1,461
3975,5,0.78628725,189,3304,N,8.33333333333333,1,461
3372,6,0.89445375,215,3975,N,10,1,461
3597,7,0.8570115,206,3372,N,11.6666666666667,1,461
4439,8,0.93605625,225,3597,N,13.3333333333333,1,461
5926,9,1.02758175,247,4439,N,15,1,461
5223,10,1.0400625,250,5926,N,16.6666666666667,1,461
5467,11,1.01926125,245,5223,N,18.3333333333333,1,461
4754,12,1.1399085,274,5467,N,20,1,461
5092,13,1.21063275,291,4754,N,21.6666666666667,1,461
5552,14,1.08582525,261,5092,N,23.3333333333333,1,461
4440,15,1.364562,328,5552,N,25,1,461
6562,16,1.314639,316,4440,N,26.6666666666667,1,461
6687,17,1.231434,296,6562,N,28.3333333333333,1,461
7207,18,1.29383775,311,6687,N,30,1,461
7234,19,1.44360675,347,7207,N,31.6666666666667,1,461
6187,20,1.68490125,405,7234,N,33.3333333333333,1,461
8050,21,1.5392925,370,6187,N,35,1,461
7812,22,1.614177,388,8050,N,36.6666666666667,1,461
13513,23,NA,-1,7812,Y,38.3333333333333,2,461
2731,0,1.0733445,258,NA,N,0,0,462
2844,1,1.131588,272,2731,N,1.66666666666667,0,462
2870,2,1.22727375,295,2844,N,3.33333333333333,0,462
2739,3,1.248075,300,2870,N,5,0,462
2946,4,1.36040175,327,2739,N,6.66666666666667,0,462
3899,5,1.530972,368,2946,N,8.33333333333333,0,462
3049,6,1.7057025,410,3899,N,10,0,462
3072,7,1.47688875,355,3049,N,11.6666666666667,0,462
4332,8,1.25223525,301,3072,N,13.3333333333333,0,462
5914,9,0.7904475,190,4332,Y,15,1,462
5174,10,0.96101775,231,5914,N,16.6666666666667,1,462
5399,11,0.96101775,231,5174,N,18.3333333333333,1,462
4694,12,0.94437675,227,5399,N,20,1,462
5028,13,1.031742,248,4694,N,21.6666666666667,1,462
5479,14,0.915255,220,5028,N,23.3333333333333,1,462
4412,15,0.9402165,226,5479,N,25,1,462
6534,16,0.96933825,233,4412,N,26.6666666666667,1,462
6657,17,0.99846,240,6534,N,28.3333333333333,1,462
7171,18,1.06086375,255,6657,N,30,1,462
7187,19,1.015101,244,7171,N,31.6666666666667,1,462
6175,20,1.2563955,302,7187,N,33.3333333333333,1,462
7543,21,1.3229595,318,6175,N,35,1,462
7787,22,1.42696575,343,7543,N,36.6666666666667,1,462
8045,23,1.50185025,361,7787,N,38.3333333333333,1,462
10804,24,1.5226515,366,8045,N,40,1,462
8808,25,1.4893695,358,10804,N,41.6666666666667,1,462
9683,26,1.6641,400,8808,N,43.3333333333333,1,462
9974,27,1.57673475,379,9683,N,45,1,462
8665,28,0.80292825,193,9974,Y,46.6666666666667,2,462
10447,29,0.81124875,195,8665,N,48.3333333333333,2,462
3107,0,0.81124875,195,NA,N,0,0,463
3361,1,0.7238835,174,3107,N,1.66666666666667,0,463
3350,2,0.85285125,205,3361,N,3.33333333333333,0,463
3150,3,1.0733445,258,3350,N,5,0,463
3310,4,0.86117175,207,3150,N,6.66666666666667,0,463
3976,5,1.01094075,243,3310,N,8.33333333333333,0,463
3379,6,1.07750475,259,3976,N,10,0,463
3608,7,0.915255,220,3379,N,11.6666666666667,0,463
4441,8,1.06086375,255,3608,N,13.3333333333333,0,463
5927,9,1.048383,252,4441,N,15,0,463
5230,10,1.081665,260,5927,N,16.6666666666667,0,463
5477,11,1.098306,264,5230,N,18.3333333333333,0,463
4762,12,1.131588,272,5477,N,20,0,463
5102,13,1.15238925,277,4762,N,21.6666666666667,0,463
5564,14,1.26055575,303,5102,N,23.3333333333333,0,463
4444,15,1.2064725,290,5564,N,25,0,463
6566,16,1.1731905,282,4444,N,26.6666666666667,0,463
6693,17,1.264716,304,6566,N,28.3333333333333,0,463
7213,18,1.31879925,317,6693,N,30,0,463
7246,19,1.431126,344,7213,N,31.6666666666667,0,463
6189,20,1.381203,332,7246,N,33.3333333333333,0,463
8056,21,1.57673475,379,6189,N,35,0,463
7814,22,0.68644125,165,8056,Y,36.6666666666667,1,463
8067,23,0.6406785,154,7814,N,38.3333333333333,1,463
10821,24,0.7571655,182,8067,N,40,1,463
8863,25,0.9568575,230,10821,N,41.6666666666667,1,463
9769,26,0.87781275,211,8863,N,43.3333333333333,1,463
10008,27,0.96101775,231,9769,N,45,1,463
8703,28,1.09414575,263,10008,N,46.6666666666667,1,463
10469,29,1.031742,248,8703,N,48.3333333333333,1,463
8885,30,1.048383,252,10469,N,50,1,463
9776,31,1.37704275,331,8885,N,51.6666666666667,1,463
11356,32,1.22727375,295,9776,N,53.3333333333333,1,463
11909,33,1.37704275,331,11356,N,55,1,463
11394,34,1.16903025,281,11909,N,56.6666666666667,1,463
12341,35,1.46024775,351,11394,N,58.3333333333333,1,463
12811,36,1.23559425,297,12341,N,60,1,463
12903,37,0.77796675,187,12811,Y,61.6666666666667,2,463
2766,0,1.73482425,417,NA,N,0,0,464
2853,1,1.72650375,415,2766,N,1.66666666666667,0,464
2879,2,0.88613325,213,2853,Y,3.33333333333333,1,464
2745,3,0.93605625,225,2879,N,5,1,464
2956,4,0.91941525,221,2745,N,6.66666666666667,1,464
3901,5,0.9235755,222,2956,N,8.33333333333333,1,464
3061,6,1.0733445,258,3901,N,10,1,464
3090,7,1.04422275,251,3061,N,11.6666666666667,1,464
4336,8,1.048383,252,3090,N,13.3333333333333,1,464
5820,9,1.1066265,266,4336,N,15,1,464
4951,10,1.13574825,273,5820,N,16.6666666666667,1,464
5255,11,1.131588,272,4951,N,18.3333333333333,1,464
4516,12,1.27719675,307,5255,N,20,1,464
4816,13,1.35208125,325,4516,N,21.6666666666667,1,464
5253,14,1.43528625,345,4816,N,23.3333333333333,1,464
4330,15,1.4061645,338,5253,N,25,1,464
6455,16,1.597536,384,4330,N,26.6666666666667,1,464
6570,17,1.747305,420,6455,N,28.3333333333333,1,464
7051,18,1.730664,416,6570,N,30,1,464
7052,19,0.915255,220,7051,Y,31.6666666666667,2,464
6127,20,0.898614,216,7052,N,33.3333333333333,2,464
7309,21,1.00262025,241,6127,N,35,2,464
7691,22,0.9568575,230,7309,N,36.6666666666667,2,464
7946,23,1.01926125,245,7691,N,38.3333333333333,2,464
10747,24,1.03590225,249,7946,N,40,2,464
8655,25,1.01926125,245,10747,N,41.6666666666667,2,464
9412,26,1.13574825,273,8655,N,43.3333333333333,2,464
9816,27,1.131588,272,9412,N,45,2,464
8580,28,1.38536325,333,9816,N,46.6666666666667,2,464
10398,29,1.47688875,355,8580,N,48.3333333333333,2,464
9436,30,0.782127,188,10398,Y,50,3,464
9543,31,0.815409,196,9436,N,51.6666666666667,3,464
11232,32,0.81956925,197,9543,N,53.3333333333333,3,464
11718,33,0.81124875,195,11232,N,55,3,464
11164,34,0.77796675,187,11718,N,56.6666666666667,3,464
12048,35,0.72804375,175,11164,N,58.3333333333333,3,464
12717,37,0.72804375,175,12048,N,61.6666666666667,3,464
2766,0,1.73482425,417,NA,N,0,0,465
2853,1,1.72650375,415,2766,N,1.66666666666667,0,465
2879,2,0.88613325,213,2853,Y,3.33333333333333,1,465
2745,3,0.93605625,225,2879,N,5,1,465
2956,4,0.91941525,221,2745,N,6.66666666666667,1,465
3901,5,0.9235755,222,2956,N,8.33333333333333,1,465
3061,6,1.0733445,258,3901,N,10,1,465
3090,7,1.04422275,251,3061,N,11.6666666666667,1,465
4336,8,1.048383,252,3090,N,13.3333333333333,1,465
5820,9,1.1066265,266,4336,N,15,1,465
4951,10,1.13574825,273,5820,N,16.6666666666667,1,465
5255,11,1.131588,272,4951,N,18.3333333333333,1,465
4516,12,1.27719675,307,5255,N,20,1,465
4816,13,1.35208125,325,4516,N,21.6666666666667,1,465
5253,14,1.43528625,345,4816,N,23.3333333333333,1,465
4330,15,1.4061645,338,5253,N,25,1,465
6455,16,1.597536,384,4330,N,26.6666666666667,1,465
6570,17,1.747305,420,6455,N,28.3333333333333,1,465
7051,18,1.730664,416,6570,N,30,1,465
7054,19,0.898614,216,7051,Y,31.6666666666667,2,465
6128,20,0.865332,208,7054,N,33.3333333333333,2,465
7312,21,0.84453075,203,6128,N,35,2,465
7692,22,1.02758175,247,7312,N,36.6666666666667,2,465
7948,23,0.981819,236,7692,N,38.3333333333333,2,465
10748,24,0.9734985,234,7948,N,40,2,465
8656,25,0.9901395,238,10748,N,41.6666666666667,2,465
9416,26,1.0400625,250,8656,N,43.3333333333333,2,465
9819,27,1.21063275,291,9416,N,45,2,465
8582,28,1.22727375,295,9819,N,46.6666666666667,2,465
10399,29,1.32711975,319,8582,N,48.3333333333333,2,465
9434,30,1.397844,336,10399,N,50,2,465
9539,31,1.4893695,358,9434,N,51.6666666666667,2,465
11230,32,1.39368375,335,9539,N,53.3333333333333,2,465
11712,33,1.6391385,394,11230,N,55,2,465
11160,34,0.68644125,165,11712,Y,56.6666666666667,3,465
2260,0,1.33128,320,NA,N,0,0,466
2342,1,1.28551725,309,2260,N,1.66666666666667,0,466
2420,2,1.647459,396,2342,N,3.33333333333333,0,466
2322,3,1.5559335,374,2420,N,5,0,466
2403,4,1.5226515,366,2322,N,6.66666666666667,0,466
2343,5,0.881973,212,2403,Y,8.33333333333333,1,466
2421,6,0.981819,236,2343,N,10,1,466
2386,7,0.99429975,239,2421,N,11.6666666666667,1,466
4127,8,0.99846,240,2386,N,13.3333333333333,1,466
5498,9,1.02758175,247,4127,N,15,1,466
4636,10,1.05254325,253,5498,N,16.6666666666667,1,466
4872,11,1.1066265,266,4636,N,18.3333333333333,1,466
4115,12,1.15238925,277,4872,N,20,1,466
4498,13,1.11910725,269,4115,N,21.6666666666667,1,466
4861,14,1.1898315,286,4498,N,23.3333333333333,1,466
4100,15,1.20231225,289,4861,N,25,1,466
6324,16,1.2896775,310,4100,N,26.6666666666667,1,466
6399,17,1.32711975,319,6324,N,28.3333333333333,1,466
6828,18,1.49352975,359,6399,N,30,1,466
6816,19,1.4727285,354,6828,N,31.6666666666667,1,466
6031,20,1.630818,392,6816,N,33.3333333333333,1,466
6977,21,0.798768,192,6031,Y,35,2,466
7409,22,0.782127,188,6977,N,36.6666666666667,2,466
7708,23,0.95269725,229,7409,N,38.3333333333333,2,466
10633,24,0.9734985,234,7708,N,40,2,466
8409,25,0.99846,240,10633,N,41.6666666666667,2,466
8332,26,1.06086375,255,8409,N,43.3333333333333,2,466
9352,27,1.0733445,258,8332,N,45,2,466
8369,28,1.1232675,270,9352,N,46.6666666666667,2,466
10283,29,1.181511,284,8369,N,48.3333333333333,2,466
8829,30,1.36040175,327,10283,N,50,2,466
9058,31,1.464408,352,8829,N,51.6666666666667,2,466
11067,32,1.49769,360,9058,N,53.3333333333333,2,466
11246,33,1.64329875,395,11067,N,55,2,466
10977,34,1.547613,372,11246,N,56.6666666666667,2,466
11755,35,1.7889075,430,10977,N,58.3333333333333,2,466
12149,36,1.847151,444,11755,N,60,2,466
12263,37,0.86117175,207,12149,Y,61.6666666666667,3,466
3130,0,1.02758175,247,NA,N,0,0,467
3371,1,0.948537,228,3130,N,1.66666666666667,0,467
3358,2,1.0400625,250,3371,N,3.33333333333333,0,467
3187,3,1.181511,284,3358,N,5,0,467
3319,4,1.11078675,267,3187,N,6.66666666666667,0,467
3978,5,1.2730365,306,3319,N,8.33333333333333,0,467
3393,6,1.431126,344,3978,N,10,0,467
3621,7,1.59337575,383,3393,N,11.6666666666667,0,467
4445,8,1.47688875,355,3621,N,13.3333333333333,0,467
5929,9,1.6641,400,4445,N,15,0,467
5238,10,1.5060105,362,5929,N,16.6666666666667,0,467
5493,11,0.748845,180,5238,Y,18.3333333333333,1,467
4774,12,0.7571655,182,5493,N,20,1,467
5116,13,0.82788975,199,4774,N,21.6666666666667,1,467
5583,14,0.8237295,198,5116,N,23.3333333333333,1,467
4451,15,0.92773575,223,5583,N,25,1,467
6572,16,0.86949225,209,4451,N,26.6666666666667,1,467
6701,17,0.9402165,226,6572,N,28.3333333333333,1,467
7224,18,0.9734985,234,6701,N,30,1,467
7261,19,1.01094075,243,7224,N,31.6666666666667,1,467
6193,20,1.02758175,247,7261,N,33.3333333333333,1,467
8063,21,1.11910725,269,6193,N,35,1,467
7821,22,1.20231225,289,8063,N,36.6666666666667,1,467
8075,23,1.2231135,294,7821,N,38.3333333333333,1,467
10826,24,1.25223525,301,8075,N,40,1,467
8876,25,1.49352975,359,10826,N,41.6666666666667,1,467
9788,26,1.481049,356,8876,N,43.3333333333333,1,467
10022,27,0.732204,176,9788,Y,45,2,467
8714,28,0.7738065,186,10022,N,46.6666666666667,2,467
10474,29,0.782127,188,8714,N,48.3333333333333,2,467
8897,30,0.77796675,187,10474,N,50,2,467
9784,31,0.865332,208,8897,N,51.6666666666667,2,467
11363,32,0.865332,208,9784,N,53.3333333333333,2,467
11914,33,0.81124875,195,11363,N,55,2,467
11398,34,0.91941525,221,11914,N,56.6666666666667,2,467
12349,35,0.96933825,233,11398,N,58.3333333333333,2,467
12821,36,1.01926125,245,12349,N,60,2,467
12911,37,1.04422275,251,12821,N,61.6666666666667,2,467
2776,0,1.69322175,407,NA,N,0,0,468
2867,1,1.46856825,353,2776,N,1.66666666666667,0,468
2893,2,1.697382,408,2867,N,3.33333333333333,0,468
2757,3,0.93605625,225,2893,Y,5,1,468
2974,4,1.0067805,242,2757,N,6.66666666666667,1,468
3927,5,1.0400625,250,2974,N,8.33333333333333,1,468
3073,6,1.1565495,278,3927,N,10,1,468
3108,7,1.02758175,247,3073,N,11.6666666666667,1,468
4344,8,1.1399085,274,3108,N,13.3333333333333,1,468
5834,9,1.16903025,281,4344,N,15,1,468
4971,10,1.1898315,286,5834,N,16.6666666666667,1,468
5267,11,1.198152,288,4971,N,18.3333333333333,1,468
4528,12,1.048383,252,5267,N,20,1,468
4834,13,1.28551725,309,4528,N,21.6666666666667,1,468
5298,14,1.16487,280,4834,N,23.3333333333333,1,468
4339,15,1.297998,312,5298,N,25,1,468
6463,16,1.5559335,374,4339,N,26.6666666666667,1,468
6579,17,1.6724205,402,6463,N,28.3333333333333,1,468
7064,18,1.4893695,358,6579,N,30,1,468
7071,19,1.6641,400,7064,N,31.6666666666667,1,468
6134,20,1.65161925,397,7071,N,33.3333333333333,1,468
7332,21,1.67658075,403,6134,N,35,1,468
7704,22,1.75146525,421,7332,N,36.6666666666667,1,468
7962,23,1.81802925,437,7704,N,38.3333333333333,1,468
10754,24,0.81124875,195,7962,Y,40,2,468
8670,25,0.79460775,191,10754,N,41.6666666666667,2,468
9449,26,0.81956925,197,8670,N,43.3333333333333,2,468
9838,27,0.93605625,225,9449,N,45,2,468
8592,28,0.9235755,222,9838,N,46.6666666666667,2,468
10402,29,0.848691,204,8592,N,48.3333333333333,2,468
9455,30,0.81956925,197,10402,N,50,2,468
9559,31,1.1565495,278,9455,N,51.6666666666667,2,468
11241,32,1.07750475,259,9559,N,53.3333333333333,2,468
11734,33,1.39368375,335,11241,N,55,2,468
11175,34,1.214793,292,11734,N,56.6666666666667,2,468
12060,35,1.35208125,325,11175,N,58.3333333333333,2,468
12585,36,1.3728825,330,12060,N,60,2,468
12737,37,1.43528625,345,12585,N,61.6666666666667,2,468
2776,0,1.69322175,407,NA,N,0,0,469
2867,1,1.46856825,353,2776,N,1.66666666666667,0,469
2893,2,1.697382,408,2867,N,3.33333333333333,0,469
2757,3,0.93605625,225,2893,Y,5,1,469
2974,4,1.0067805,242,2757,N,6.66666666666667,1,469
3927,5,1.0400625,250,2974,N,8.33333333333333,1,469
3073,6,1.1565495,278,3927,N,10,1,469
3108,7,1.02758175,247,3073,N,11.6666666666667,1,469
4344,8,1.1399085,274,3108,N,13.3333333333333,1,469
5834,9,1.16903025,281,4344,N,15,1,469
4971,10,1.1898315,286,5834,N,16.6666666666667,1,469
5267,11,1.198152,288,4971,N,18.3333333333333,1,469
4528,12,1.048383,252,5267,N,20,1,469
4834,13,1.28551725,309,4528,N,21.6666666666667,1,469
5298,14,1.16487,280,4834,N,23.3333333333333,1,469
4339,15,1.297998,312,5298,N,25,1,469
6463,16,1.5559335,374,4339,N,26.6666666666667,1,469
6579,17,1.6724205,402,6463,N,28.3333333333333,1,469
7064,18,1.4893695,358,6579,N,30,1,469
7071,19,1.6641,400,7064,N,31.6666666666667,1,469
6134,20,1.65161925,397,7071,N,33.3333333333333,1,469
7332,21,1.67658075,403,6134,N,35,1,469
7704,22,1.75146525,421,7332,N,36.6666666666667,1,469
7962,23,1.81802925,437,7704,N,38.3333333333333,1,469
10755,24,1.01094075,243,7962,Y,40,2,469
8672,25,0.915255,220,10755,N,41.6666666666667,2,469
9453,26,1.06086375,255,8672,N,43.3333333333333,2,469
9840,27,1.16070975,279,9453,N,45,2,469
8594,28,1.13574825,273,9840,N,46.6666666666667,2,469
10403,29,1.11910725,269,8594,N,48.3333333333333,2,469
9458,30,1.198152,288,10403,N,50,2,469
9563,31,1.21895325,293,9458,N,51.6666666666667,2,469
11244,32,1.53513225,369,9563,N,53.3333333333333,2,469
11730,33,1.447767,348,11244,N,55,2,469
11176,34,1.68490125,405,11730,N,56.6666666666667,2,469
12063,35,1.61833725,389,11176,N,58.3333333333333,2,469
12577,36,0.84453075,203,12063,Y,60,3,469
12731,37,0.798768,192,12577,N,61.6666666666667,3,469
2797,0,1.980279,476,NA,N,0,0,470
2882,1,1.54345275,371,2797,N,1.66666666666667,0,470
2922,2,0.981819,236,2882,Y,3.33333333333333,1,470
2770,3,0.93605625,225,2922,N,5,1,470
2992,4,1.0899855,262,2770,N,6.66666666666667,1,470
3930,5,1.065024,256,2992,N,8.33333333333333,1,470
3092,6,1.114947,268,3930,N,10,1,470
3121,7,1.21895325,293,3092,N,11.6666666666667,1,470
4350,8,1.1066265,266,3121,N,13.3333333333333,1,470
5844,9,1.16487,280,4350,N,15,1,470
4989,10,1.0400625,250,5844,N,16.6666666666667,1,470
5276,11,1.11910725,269,4989,N,18.3333333333333,1,470
4537,12,1.25223525,301,5276,N,20,1,470
4851,13,1.231434,296,4537,N,21.6666666666667,1,470
5311,14,1.51017075,363,4851,N,23.3333333333333,1,470
4347,15,1.614177,388,5311,N,25,1,470
6471,16,1.597536,384,4347,N,26.6666666666667,1,470
6589,17,1.39368375,335,6471,N,28.3333333333333,1,470
7079,18,0.77796675,187,6589,Y,30,2,470
7089,19,0.88613325,213,7079,N,31.6666666666667,2,470
6139,20,0.81124875,195,7089,N,33.3333333333333,2,470
7350,21,0.915255,220,6139,N,35,2,470
7723,22,0.83205,200,7350,N,36.6666666666667,2,470
7972,23,0.88613325,213,7723,N,38.3333333333333,2,470
10760,24,0.91109475,219,7972,N,40,2,470
8682,25,0.8902935,214,10760,N,41.6666666666667,2,470
9485,26,0.9901395,238,8682,N,43.3333333333333,2,470
9859,27,1.13574825,273,9485,N,45,2,470
8602,28,1.1399085,274,9859,N,46.6666666666667,2,470
10409,29,1.28551725,309,8602,N,48.3333333333333,2,470
9554,30,1.364562,328,10409,N,50,2,470
9138,31,1.57673475,379,9554,N,51.6666666666667,2,470
11754,33,1.4893695,358,9138,N,55,2,470
10994,34,0.715563,172,11754,Y,56.6666666666667,3,470
11808,35,0.6573195,158,10994,N,58.3333333333333,3,470
12227,36,0.74468475,179,11808,N,60,3,470
12323,37,0.782127,188,12227,N,61.6666666666667,3,470
2797,0,1.980279,476,NA,N,0,0,471
2882,1,1.54345275,371,2797,N,1.66666666666667,0,471
2922,2,0.981819,236,2882,Y,3.33333333333333,1,471
2770,3,0.93605625,225,2922,N,5,1,471
2992,4,1.0899855,262,2770,N,6.66666666666667,1,471
3930,5,1.065024,256,2992,N,8.33333333333333,1,471
3092,6,1.114947,268,3930,N,10,1,471
3121,7,1.21895325,293,3092,N,11.6666666666667,1,471
4350,8,1.1066265,266,3121,N,13.3333333333333,1,471
5844,9,1.16487,280,4350,N,15,1,471
4989,10,1.0400625,250,5844,N,16.6666666666667,1,471
5276,11,1.11910725,269,4989,N,18.3333333333333,1,471
4537,12,1.25223525,301,5276,N,20,1,471
4851,13,1.231434,296,4537,N,21.6666666666667,1,471
5311,14,1.51017075,363,4851,N,23.3333333333333,1,471
4347,15,1.614177,388,5311,N,25,1,471
6471,16,1.597536,384,4347,N,26.6666666666667,1,471
6589,17,1.39368375,335,6471,N,28.3333333333333,1,471
7078,18,0.80292825,193,6589,Y,30,2,471
7086,19,0.7904475,190,7078,N,31.6666666666667,2,471
6138,20,0.8570115,206,7086,N,33.3333333333333,2,471
7347,21,0.848691,204,6138,N,35,2,471
7719,22,0.96933825,233,7347,N,36.6666666666667,2,471
7970,23,0.87781275,211,7719,N,38.3333333333333,2,471
10759,24,1.0067805,242,7970,N,40,2,471
8680,25,1.031742,248,10759,N,41.6666666666667,2,471
9481,26,1.08582525,261,8680,N,43.3333333333333,2,471
9856,27,1.1232675,270,9481,N,45,2,471
8600,28,1.22727375,295,9856,N,46.6666666666667,2,471
10408,29,1.28551725,309,8600,N,48.3333333333333,2,471
9550,30,0.91109475,219,10408,N,50,2,471
9587,31,1.4061645,338,9550,N,51.6666666666667,2,471
11488,33,0.7904475,190,9587,Y,55,3,471
10996,34,0.81124875,195,11488,N,56.6666666666667,3,471
11815,35,0.81124875,195,10996,N,58.3333333333333,3,471
12243,36,0.848691,204,11815,N,60,3,471
12336,37,1.048383,252,12243,N,61.6666666666667,3,471
2816,0,1.4560875,350,NA,N,0,0,472
2900,1,1.53513225,369,2816,N,1.66666666666667,0,472
2944,2,1.614177,388,2900,N,3.33333333333333,0,472
2794,3,1.6058565,386,2944,N,5,0,472
3009,4,1.63497825,393,2794,N,6.66666666666667,0,472
3934,5,0.71140275,171,3009,Y,8.33333333333333,1,472
3109,6,0.82788975,199,3934,N,10,1,472
3151,7,0.74468475,179,3109,N,11.6666666666667,1,472
4358,8,0.7904475,190,3151,N,13.3333333333333,1,472
5858,9,0.748845,180,4358,N,15,1,472
5010,10,0.78628725,189,5858,N,16.6666666666667,1,472
5288,11,0.78628725,189,5010,N,18.3333333333333,1,472
4555,12,0.7904475,190,5288,N,20,1,472
4875,13,0.9568575,230,4555,N,21.6666666666667,1,472
5329,14,0.91109475,219,4875,N,23.3333333333333,1,472
4355,15,1.01094075,243,5329,N,25,1,472
6481,16,1.09414575,263,4355,N,26.6666666666667,1,472
6598,17,1.08582525,261,6481,N,28.3333333333333,1,472
7084,18,1.22727375,295,6598,N,30,1,472
7098,19,1.30215825,313,7084,N,31.6666666666667,1,472
7360,21,1.46024775,351,7098,N,35,1,472
7729,22,0.67812075,163,7360,Y,36.6666666666667,2,472
7978,23,0.648999,156,7729,N,38.3333333333333,2,472
10764,24,0.6240375,150,7978,N,40,2,472
8690,25,0.58659525,141,10764,N,41.6666666666667,2,472
9505,26,0.6073965,146,8690,N,43.3333333333333,2,472
9880,27,0.69476175,167,9505,N,45,2,472
8611,28,0.7072425,170,9880,N,46.6666666666667,2,472
10413,29,0.72804375,175,8611,N,48.3333333333333,2,472
11994,33,0.848691,204,10413,N,55,2,472
11468,34,1.0400625,250,11994,N,56.6666666666667,2,472
12444,35,1.0234215,246,11468,N,58.3333333333333,2,472
12925,36,0.9901395,238,12444,N,60,2,472
12990,37,1.02758175,247,12925,N,61.6666666666667,2,472
2354,0,1.1399085,274,NA,N,0,0,473
2401,1,1.2730365,306,2354,N,1.66666666666667,0,473
2436,2,1.35208125,325,2401,N,3.33333333333333,0,473
2344,3,1.41864525,341,2436,N,5,0,473
2462,4,1.51849125,365,2344,N,6.66666666666667,0,473
2382,5,0.848691,204,2462,Y,8.33333333333333,1,473
2440,6,1.00262025,241,2382,N,10,1,473
2412,7,0.89445375,215,2440,N,11.6666666666667,1,473
4145,8,0.948537,228,2412,N,13.3333333333333,1,473
5539,9,0.95269725,229,4145,N,15,1,473
4660,10,0.97765875,235,5539,N,16.6666666666667,1,473
4908,11,1.01926125,245,4660,N,18.3333333333333,1,473
4140,12,1.0067805,242,4908,N,20,1,473
4520,13,1.114947,268,4140,N,21.6666666666667,1,473
4905,14,1.13574825,273,4520,N,23.3333333333333,1,473
4122,15,1.16070975,279,4905,N,25,1,473
6332,16,1.16487,280,4122,N,26.6666666666667,1,473
6414,17,1.24391475,299,6332,N,28.3333333333333,1,473
6837,18,1.514331,364,6414,N,30,1,473
6838,19,1.481049,356,6837,N,31.6666666666667,1,473
6038,20,1.46856825,353,6838,N,33.3333333333333,1,473
7004,21,1.52681175,367,6038,N,35,1,473
7441,22,1.6557795,398,7004,N,36.6666666666667,1,473
7732,23,1.5725745,378,7441,N,38.3333333333333,1,473
10643,24,0.79460775,191,7732,Y,40,2,473
8426,25,0.8070885,194,10643,N,41.6666666666667,2,473
8340,26,0.9402165,226,8426,N,43.3333333333333,2,473
9385,27,0.898614,216,8340,N,45,2,473
8381,28,0.965178,232,9385,N,46.6666666666667,2,473
10293,29,0.9235755,222,8381,N,48.3333333333333,2,473
8862,30,0.948537,228,10293,N,50,2,473
9102,31,0.95269725,229,8862,N,51.6666666666667,2,473
11080,32,1.0733445,258,9102,N,53.3333333333333,2,473
3208,0,0.92773575,223,NA,N,0,0,474
3425,1,0.931896,224,3208,N,1.66666666666667,0,474
3420,2,0.86117175,207,3425,N,3.33333333333333,0,474
3245,3,0.82788975,199,3420,N,5,0,474
3557,4,0.99429975,239,3245,N,6.66666666666667,0,474
3991,5,1.11078675,267,3557,N,8.33333333333333,0,474
3459,6,1.18567125,285,3991,N,10,0,474
3723,7,1.33544025,321,3459,N,11.6666666666667,0,474
5490,8,1.2896775,310,3723,N,13.3333333333333,0,474
5941,9,1.32711975,319,5490,N,15,0,474
5277,10,1.31047875,315,5941,N,16.6666666666667,0,474
5576,11,1.56009375,375,5277,N,18.3333333333333,0,474
4833,12,1.647459,396,5576,N,20,0,474
5180,13,1.780587,428,4833,N,21.6666666666667,0,474
5642,14,0.84453075,203,5180,Y,23.3333333333333,1,474
4491,15,0.86117175,207,5642,N,25,1,474
6603,16,0.95269725,229,4491,N,26.6666666666667,1,474
6732,17,0.981819,236,6603,N,28.3333333333333,1,474
7284,18,0.94437675,227,6732,N,30,1,474
7313,19,1.01094075,243,7284,N,31.6666666666667,1,474
6208,20,1.15238925,277,7313,N,33.3333333333333,1,474
8095,21,1.28551725,309,6208,N,35,1,474
7846,22,1.297998,312,8095,N,36.6666666666667,1,474
8104,23,1.34376075,323,7846,N,38.3333333333333,1,474
10844,24,1.15238925,277,8104,N,40,1,474
8935,25,1.4560875,350,10844,N,41.6666666666667,1,474
9848,26,1.597536,384,8935,N,43.3333333333333,1,474
10249,27,0.68644125,165,9848,Y,45,2,474
9115,28,0.5241915,126,10249,N,46.6666666666667,2,474
2847,0,0.89445375,215,NA,N,0,0,475
2942,1,1.0067805,242,2847,N,1.66666666666667,0,475
2981,2,1.114947,268,2942,N,3.33333333333333,0,475
2826,3,1.28551725,309,2981,N,5,0,475
3065,4,1.31047875,315,2826,N,6.66666666666667,0,475
3942,5,1.45192725,349,3065,N,8.33333333333333,0,475
3142,6,1.43528625,345,3942,N,10,0,475
3205,7,1.43528625,345,3142,N,11.6666666666667,0,475
4374,8,1.49352975,359,3205,N,13.3333333333333,0,475
5874,9,0.77796675,187,4374,Y,15,1,475
5044,10,0.7738065,186,5874,N,16.6666666666667,1,475
5324,11,0.89445375,215,5044,N,18.3333333333333,1,475
4608,12,0.96101775,231,5324,N,20,1,475
4924,13,1.031742,248,4608,N,21.6666666666667,1,475
5368,14,0.96101775,231,4924,N,23.3333333333333,1,475
4372,15,1.1399085,274,5368,N,25,1,475
6496,16,1.28551725,309,4372,N,26.6666666666667,1,475
6614,17,1.25223525,301,6496,N,28.3333333333333,1,475
7111,18,1.30215825,313,6614,N,30,1,475
7123,19,1.37704275,331,7111,N,31.6666666666667,1,475
6151,20,1.54345275,371,7123,N,33.3333333333333,1,475
7410,21,1.61833725,389,6151,N,35,1,475
7756,22,1.630818,392,7410,N,36.6666666666667,1,475
8003,23,1.73482425,417,7756,N,38.3333333333333,1,475
10777,24,0.73636425,177,8003,Y,40,2,475
8722,25,0.8237295,198,10777,N,41.6666666666667,2,475
9562,26,0.82788975,199,8722,N,43.3333333333333,2,475
3234,0,1.248075,300,NA,N,0,0,476
3455,1,1.381203,332,3234,N,1.66666666666667,0,476
3453,2,1.35208125,325,3455,N,3.33333333333333,0,476
3272,3,1.35208125,325,3453,N,5,0,476
3588,4,1.51017075,363,3272,N,6.66666666666667,0,476
3996,5,1.65993975,399,3588,N,8.33333333333333,0,476
3493,6,0.87781275,211,3996,Y,10,1,476
3755,7,0.8070885,194,3493,N,11.6666666666667,1,476
5514,8,0.8403705,202,3755,N,13.3333333333333,1,476
5945,9,0.99846,240,5514,N,15,1,476
5293,10,0.98597925,237,5945,N,16.6666666666667,1,476
5600,11,0.96101775,231,5293,N,18.3333333333333,1,476
4858,12,1.01926125,245,5600,N,20,1,476
5201,13,1.16487,280,4858,N,21.6666666666667,1,476
5667,14,1.098306,264,5201,N,23.3333333333333,1,476
4506,15,1.12742775,271,5667,N,25,1,476
6613,16,1.098306,264,4506,N,26.6666666666667,1,476
6743,17,1.30215825,313,6613,N,28.3333333333333,1,476
7296,18,1.4394465,346,6743,N,30,1,476
7325,19,1.3396005,322,7296,N,31.6666666666667,1,476
6212,20,1.49769,360,7325,N,33.3333333333333,1,476
8103,21,1.547613,372,6212,N,35,1,476
7853,22,1.7556255,422,8103,N,36.6666666666667,1,476
8110,23,1.7223435,414,7853,N,38.3333333333333,1,476
10847,24,1.6724205,402,8110,N,40,1,476
8950,25,0.765486,184,10847,Y,41.6666666666667,2,476
10060,27,0.88613325,213,8950,N,45,2,476
8749,28,0.981819,236,10060,N,46.6666666666667,2,476
10500,29,0.915255,220,8749,N,48.3333333333333,2,476
9183,30,0.80292825,193,10500,N,50,2,476
9849,31,0.97765875,235,9183,N,51.6666666666667,2,476
11422,32,1.06918425,257,9849,N,53.3333333333333,2,476
11981,33,1.22727375,295,11422,N,55,2,476
11455,34,1.2730365,306,11981,N,56.6666666666667,2,476
12434,35,1.31047875,315,11455,N,58.3333333333333,2,476
12909,36,1.3229595,318,12434,N,60,2,476
12976,37,0.5907555,142,12909,Y,61.6666666666667,3,476
3234,0,1.248075,300,NA,N,0,0,477
3455,1,1.381203,332,3234,N,1.66666666666667,0,477
3453,2,1.35208125,325,3455,N,3.33333333333333,0,477
3272,3,1.35208125,325,3453,N,5,0,477
3588,4,1.51017075,363,3272,N,6.66666666666667,0,477
3996,5,1.65993975,399,3588,N,8.33333333333333,0,477
3493,6,0.87781275,211,3996,Y,10,1,477
3755,7,0.8070885,194,3493,N,11.6666666666667,1,477
5514,8,0.8403705,202,3755,N,13.3333333333333,1,477
5945,9,0.99846,240,5514,N,15,1,477
5293,10,0.98597925,237,5945,N,16.6666666666667,1,477
5600,11,0.96101775,231,5293,N,18.3333333333333,1,477
4858,12,1.01926125,245,5600,N,20,1,477
5201,13,1.16487,280,4858,N,21.6666666666667,1,477
5667,14,1.098306,264,5201,N,23.3333333333333,1,477
4506,15,1.12742775,271,5667,N,25,1,477
6613,16,1.098306,264,4506,N,26.6666666666667,1,477
6743,17,1.30215825,313,6613,N,28.3333333333333,1,477
7296,18,1.4394465,346,6743,N,30,1,477
7325,19,1.3396005,322,7296,N,31.6666666666667,1,477
6212,20,1.49769,360,7325,N,33.3333333333333,1,477
8103,21,1.547613,372,6212,N,35,1,477
7853,22,1.7556255,422,8103,N,36.6666666666667,1,477
8110,23,1.7223435,414,7853,N,38.3333333333333,1,477
10847,24,1.6724205,402,8110,N,40,1,477
8953,25,0.86949225,209,10847,Y,41.6666666666667,2,477
10045,27,0.815409,196,8953,N,45,2,477
8728,28,0.84453075,203,10045,N,46.6666666666667,2,477
10489,29,0.89445375,215,8728,N,48.3333333333333,2,477
9022,30,0.95269725,229,10489,N,50,2,477
9817,31,1.065024,256,9022,N,51.6666666666667,2,477
11385,32,1.065024,256,9817,N,53.3333333333333,2,477
11950,33,1.21895325,293,11385,N,55,2,477
11424,34,1.31047875,315,11950,N,56.6666666666667,2,477
12394,35,1.297998,312,11424,N,58.3333333333333,2,477
12869,36,1.4893695,358,12394,N,60,2,477
12947,37,0.8736525,210,12869,Y,61.6666666666667,3,477
2852,0,1.015101,244,NA,N,0,0,478
2948,1,1.01094075,243,2852,N,1.66666666666667,0,478
2987,2,1.114947,268,2948,N,3.33333333333333,0,478
2832,3,1.39368375,335,2987,N,5,0,478
3071,4,1.414485,340,2832,N,6.66666666666667,0,478
3943,5,1.397844,336,3071,N,8.33333333333333,0,478
3147,6,1.41864525,341,3943,N,10,0,478
3210,7,1.5392925,370,3147,N,11.6666666666667,0,478
4376,8,1.63497825,393,3210,N,13.3333333333333,0,478
5880,9,0.782127,188,4376,Y,15,1,478
5053,10,0.8736525,210,5880,N,16.6666666666667,1,478
5328,11,0.848691,204,5053,N,18.3333333333333,1,478
4611,12,0.9069345,218,5328,N,20,1,478
4930,13,0.98597925,237,4611,N,21.6666666666667,1,478
5371,14,0.85285125,205,4930,N,23.3333333333333,1,478
4373,15,0.99846,240,5371,N,25,1,478
6498,16,0.99846,240,4373,N,26.6666666666667,1,478
6616,17,1.0400625,250,6498,N,28.3333333333333,1,478
7113,18,1.0400625,250,6616,N,30,1,478
7126,19,1.13574825,273,7113,N,31.6666666666667,1,478
6152,20,1.08582525,261,7126,N,33.3333333333333,1,478
7417,21,1.14406875,275,6152,N,35,1,478
7757,22,1.24391475,299,7417,N,36.6666666666667,1,478
8006,23,1.29383775,311,7757,N,38.3333333333333,1,478
10780,24,1.50185025,361,8006,N,40,1,478
8726,25,1.281357,308,10780,N,41.6666666666667,1,478
9571,26,1.48520925,357,8726,N,43.3333333333333,1,478
9927,27,1.45192725,349,9571,N,45,1,478
8640,28,0.79460775,191,9927,Y,46.6666666666667,2,478
10428,29,0.931896,224,8640,N,48.3333333333333,2,478
9658,30,0.91109475,219,10428,N,50,2,478
9650,31,1.0567035,254,9658,N,51.6666666666667,2,478
11283,32,0.93605625,225,9650,N,53.3333333333333,2,478
11803,33,1.098306,264,11283,N,55,2,478
11296,34,1.1066265,266,11803,N,56.6666666666667,2,478
12146,35,1.01926125,245,11296,N,58.3333333333333,2,478
12669,36,1.11078675,267,12146,N,60,2,478
12820,37,1.09414575,263,12669,N,61.6666666666667,2,478
3251,0,1.42696575,343,NA,N,0,0,479
3470,1,1.6224975,390,3251,N,1.66666666666667,0,479
3465,2,1.59337575,383,3470,N,3.33333333333333,0,479
3290,3,1.6890615,406,3465,N,5,0,479
3610,4,1.5226515,366,3290,N,6.66666666666667,0,479
4000,5,0.798768,192,3610,Y,8.33333333333333,1,479
3511,6,0.81956925,197,4000,N,10,1,479
3768,7,0.948537,228,3511,N,11.6666666666667,1,479
5532,8,0.931896,224,3768,N,13.3333333333333,1,479
5948,9,1.0234215,246,5532,N,15,1,479
5305,10,0.9901395,238,5948,N,16.6666666666667,1,479
5614,11,0.9734985,234,5305,N,18.3333333333333,1,479
4873,12,1.0234215,246,5614,N,20,1,479
5213,13,1.1399085,274,4873,N,21.6666666666667,1,479
5681,14,1.065024,256,5213,N,23.3333333333333,1,479
4518,15,1.131588,272,5681,N,25,1,479
6623,16,1.30215825,313,4518,N,26.6666666666667,1,479
6752,17,1.481049,356,6623,N,28.3333333333333,1,479
7311,18,1.61833725,389,6752,N,30,1,479
7341,19,0.7571655,182,7311,Y,31.6666666666667,2,479
6217,20,0.782127,188,7341,N,33.3333333333333,2,479
8112,21,0.84453075,203,6217,N,35,2,479
2862,0,0.96101775,231,NA,N,0,0,480
2959,1,0.72804375,175,2862,N,1.66666666666667,0,480
2993,2,0.8570115,206,2959,N,3.33333333333333,0,480
2839,3,0.96933825,233,2993,N,5,0,480
3077,4,0.848691,204,2839,N,6.66666666666667,0,480
3944,5,1.048383,252,3077,N,8.33333333333333,0,480
3152,6,1.05254325,253,3944,N,10,0,480
3215,7,1.0899855,262,3152,N,11.6666666666667,0,480
4378,8,1.081665,260,3215,N,13.3333333333333,0,480
5882,9,1.10246625,265,4378,N,15,0,480
5061,10,1.1898315,286,5882,N,16.6666666666667,0,480
5332,11,1.15238925,277,5061,N,18.3333333333333,0,480
4613,12,1.17735075,283,5332,N,20,0,480
4937,13,1.38536325,333,4613,N,21.6666666666667,0,480
5377,14,1.33544025,321,4937,N,23.3333333333333,0,480
4377,15,1.50185025,361,5377,N,25,0,480
6502,16,1.6058565,386,4377,N,26.6666666666667,0,480
6622,17,0.75300525,181,6502,Y,28.3333333333333,1,480
7119,18,0.865332,208,6622,N,30,1,480
7132,19,0.8736525,210,7119,N,31.6666666666667,1,480
6154,20,0.93605625,225,7132,N,33.3333333333333,1,480
7427,21,0.94437675,227,6154,N,35,1,480
7760,22,0.92773575,223,7427,N,36.6666666666667,1,480
8012,23,0.95269725,229,7760,N,38.3333333333333,1,480
10783,24,0.99429975,239,8012,N,40,1,480
8733,25,1.07750475,259,10783,N,41.6666666666667,1,480
9583,26,1.10246625,265,8733,N,43.3333333333333,1,480
9933,27,1.148229,276,9583,N,45,1,480
8642,28,1.148229,276,9933,N,46.6666666666667,1,480
10430,29,1.2896775,310,8642,N,48.3333333333333,1,480
9669,30,1.46024775,351,10430,N,50,1,480
9657,31,0.51171075,123,9669,Y,51.6666666666667,2,480
11288,32,0.748845,180,9657,N,53.3333333333333,2,480
2872,0,0.81124875,195,NA,N,0,0,481
2969,1,0.90277425,217,2872,N,1.66666666666667,0,481
3007,2,0.81124875,195,2969,N,3.33333333333333,0,481
2855,3,0.95269725,229,3007,N,5,0,481
3089,4,0.8902935,214,2855,N,6.66666666666667,0,481
3947,5,0.88613325,213,3089,N,8.33333333333333,0,481
3165,6,1.20231225,289,3947,N,10,0,481
3229,7,1.0567035,254,3165,N,11.6666666666667,0,481
4384,8,1.16070975,279,3229,N,13.3333333333333,0,481
5889,9,1.514331,364,4384,N,15,0,481
5082,10,1.131588,272,5889,N,16.6666666666667,0,481
5349,11,1.2896775,310,5082,N,18.3333333333333,0,481
4633,12,1.5559335,374,5349,N,20,0,481
5315,13,0.848691,204,4633,Y,21.6666666666667,1,481
5785,14,0.6906015,166,5315,N,23.3333333333333,1,481
4619,15,0.7571655,182,5785,N,25,1,481
6671,16,0.8237295,198,4619,N,26.6666666666667,1,481
6786,17,0.881973,212,6671,N,28.3333333333333,1,481
7392,18,0.6573195,158,6786,N,30,1,481
7433,19,0.7904475,190,7392,N,31.6666666666667,1,481
6245,20,0.75300525,181,7433,N,33.3333333333333,1,481
8180,21,0.90277425,217,6245,N,35,1,481
7923,22,1.048383,252,8180,N,36.6666666666667,1,481
8171,23,0.73636425,177,7923,N,38.3333333333333,1,481
10887,24,0.86117175,207,8171,N,40,1,481
9148,25,0.9734985,234,10887,N,41.6666666666667,1,481
9976,26,0.87781275,211,9148,N,43.3333333333333,1,481
10144,27,0.98597925,237,9976,N,45,1,481
8874,28,1.048383,252,10144,N,46.6666666666667,1,481
10543,29,0.9901395,238,8874,N,48.3333333333333,1,481
9419,30,1.048383,252,10543,N,50,1,481
10119,31,1.297998,312,9419,N,51.6666666666667,1,481
11501,32,1.1898315,286,10119,N,53.3333333333333,1,481
12082,33,1.26055575,303,11501,N,55,1,481
11667,34,0.69476175,167,12082,Y,56.6666666666667,2,481
12589,35,0.81124875,195,11667,N,58.3333333333333,2,481
13041,36,0.765486,184,12589,N,60,2,481
13089,37,0.748845,180,13041,N,61.6666666666667,2,481
3263,0,0.748845,180,NA,N,0,0,482
3485,1,0.90277425,217,3263,N,1.66666666666667,0,482
3478,2,0.9568575,230,3485,N,3.33333333333333,0,482
3300,3,1.065024,256,3478,N,5,0,482
3622,4,0.91109475,219,3300,N,6.66666666666667,0,482
4003,5,1.0400625,250,3622,N,8.33333333333333,0,482
3527,6,1.16903025,281,4003,N,10,0,482
3780,7,1.0067805,242,3527,N,11.6666666666667,0,482
5547,8,1.048383,252,3780,N,13.3333333333333,0,482
5951,9,1.14406875,275,5547,N,15,0,482
5314,10,1.1399085,274,5951,N,16.6666666666667,0,482
5623,11,1.264716,304,5314,N,18.3333333333333,0,482
4887,12,1.32711975,319,5623,N,20,0,482
5225,13,1.38536325,333,4887,N,21.6666666666667,0,482
5693,14,1.45192725,349,5225,N,23.3333333333333,0,482
4526,15,1.49769,360,5693,N,25,0,482
6629,16,1.381203,332,4526,N,26.6666666666667,0,482
6762,17,1.481049,356,6629,N,28.3333333333333,0,482
7320,18,1.4228055,342,6762,N,30,0,482
7349,19,1.55177325,373,7320,N,31.6666666666667,0,482
6220,20,1.6224975,390,7349,N,33.3333333333333,0,482
8120,21,1.6391385,394,6220,N,35,0,482
7868,22,1.697382,408,8120,N,36.6666666666667,0,482
8125,23,1.897074,456,7868,N,38.3333333333333,0,482
10856,24,0.8736525,210,8125,Y,40,1,482
8994,25,0.99846,240,10856,N,41.6666666666667,1,482
9911,26,1.0400625,250,8994,N,43.3333333333333,1,482
10080,27,1.065024,256,9911,N,45,1,482
8766,28,1.09414575,263,10080,N,46.6666666666667,1,482
10508,29,1.16070975,279,8766,N,48.3333333333333,1,482
9865,31,1.32711975,319,10508,N,51.6666666666667,1,482
12001,33,0.77796675,187,9865,Y,55,2,482
11553,34,0.84453075,203,12001,N,56.6666666666667,2,482
2877,0,0.8902935,214,NA,N,0,0,483
2977,1,0.95269725,229,2877,N,1.66666666666667,0,483
3011,2,0.98597925,237,2977,N,3.33333333333333,0,483
2859,3,1.18567125,285,3011,N,5,0,483
3095,4,1.0067805,242,2859,N,6.66666666666667,0,483
3948,5,1.16070975,279,3095,N,8.33333333333333,0,483
3169,6,1.2730365,306,3948,N,10,0,483
3233,7,1.14406875,275,3169,N,11.6666666666667,0,483
4386,8,1.281357,308,3233,N,13.3333333333333,0,483
5891,9,1.34376075,323,4386,N,15,0,483
5086,10,1.481049,356,5891,N,16.6666666666667,0,483
5352,11,1.42696575,343,5086,N,18.3333333333333,0,483
4637,12,1.580895,380,5352,N,20,0,483
4952,13,1.54345275,371,4637,N,21.6666666666667,0,483
5396,14,1.58505525,381,4952,N,23.3333333333333,0,483
4385,15,1.6391385,394,5396,N,25,0,483
6510,16,1.68490125,405,4385,N,26.6666666666667,0,483
6630,17,1.81802925,437,6510,N,28.3333333333333,0,483
7128,18,1.91787525,461,6630,N,30,0,483
7142,19,0.765486,184,7128,Y,31.6666666666667,1,483
6158,20,0.93605625,225,7142,N,33.3333333333333,1,483
7457,21,1.031742,248,6158,N,35,1,483
7764,22,1.048383,252,7457,N,36.6666666666667,1,483
8022,23,1.031742,248,7764,N,38.3333333333333,1,483
10787,24,1.05254325,253,8022,N,40,1,483
8750,25,1.06918425,257,10787,N,41.6666666666667,1,483
9598,26,1.098306,264,8750,N,43.3333333333333,1,483
9938,27,1.21895325,293,9598,N,45,1,483
8645,28,1.30215825,313,9938,N,46.6666666666667,1,483
10433,29,1.36872225,329,8645,N,48.3333333333333,1,483
9700,30,1.6058565,386,10433,N,50,1,483
9672,31,1.51849125,365,9700,N,51.6666666666667,1,483
11297,32,1.46856825,353,9672,N,53.3333333333333,1,483
11824,33,1.65993975,399,11297,N,55,1,483
11309,34,0.732204,176,11824,Y,56.6666666666667,2,483
12171,35,0.8403705,202,11309,N,58.3333333333333,2,483
3268,0,0.8070885,194,NA,N,0,0,484
3490,1,0.86117175,207,3268,N,1.66666666666667,0,484
3483,2,0.9901395,238,3490,N,3.33333333333333,0,484
3302,3,0.83621025,201,3483,N,5,0,484
3627,4,1.01094075,243,3302,N,6.66666666666667,0,484
4004,5,0.9235755,222,3627,N,8.33333333333333,0,484
3535,6,1.08582525,261,4004,N,10,0,484
3785,7,1.11078675,267,3535,N,11.6666666666667,0,484
5551,8,1.048383,252,3785,N,13.3333333333333,0,484
5952,9,1.1898315,286,5551,N,15,0,484
5318,10,1.181511,284,5952,N,16.6666666666667,0,484
5628,11,1.25223525,301,5318,N,18.3333333333333,0,484
4891,12,1.3396005,322,5628,N,20,0,484
5233,13,1.36872225,329,4891,N,21.6666666666667,0,484
5697,14,1.44360675,347,5233,N,23.3333333333333,0,484
4529,15,1.39368375,335,5697,N,25,0,484
6631,16,1.51849125,365,4529,N,26.6666666666667,0,484
6763,17,1.40200425,337,6631,N,28.3333333333333,0,484
7323,18,1.54345275,371,6763,N,30,0,484
7353,19,1.67658075,403,7323,N,31.6666666666667,0,484
6222,20,0.81124875,195,7353,Y,33.3333333333333,1,484
8124,21,1.015101,244,6222,N,35,1,484
7871,22,1.1232675,270,8124,N,36.6666666666667,1,484
8128,23,1.1232675,270,7871,N,38.3333333333333,1,484
10858,24,1.06086375,255,8128,N,40,1,484
9003,25,1.1399085,274,10858,N,41.6666666666667,1,484
9915,26,1.1565495,278,9003,N,43.3333333333333,1,484
10084,27,1.16903025,281,9915,N,45,1,484
8772,28,1.2397545,298,10084,N,46.6666666666667,1,484
10509,29,1.3728825,330,8772,N,48.3333333333333,1,484
9867,31,1.381203,332,10509,N,51.6666666666667,1,484
11440,32,0.75300525,181,9867,Y,53.3333333333333,2,484
12003,33,0.815409,196,11440,N,55,2,484
11558,34,0.88613325,213,12003,N,56.6666666666667,2,484
12461,35,0.91941525,221,11558,N,58.3333333333333,2,484
12938,36,0.715563,172,12461,N,60,2,484
12998,37,0.97765875,235,12938,N,61.6666666666667,2,484
2881,0,0.79460775,191,NA,N,0,0,485
2983,1,0.865332,208,2881,N,1.66666666666667,0,485
3017,2,0.9568575,230,2983,N,3.33333333333333,0,485
2863,3,1.11078675,267,3017,N,5,0,485
3103,4,1.02758175,247,2863,N,6.66666666666667,0,485
3949,5,1.1232675,270,3103,N,8.33333333333333,0,485
3172,6,1.44360675,347,3949,N,10,0,485
3239,7,1.26887625,305,3172,N,11.6666666666667,0,485
4387,8,1.231434,296,3239,N,13.3333333333333,0,485
5893,9,1.2730365,306,4387,N,15,0,485
5093,10,1.71818325,413,5893,N,16.6666666666667,0,485
5592,11,0.965178,232,5093,Y,18.3333333333333,1,485
4848,12,0.881973,212,5592,N,20,1,485
5193,13,1.0400625,250,4848,N,21.6666666666667,1,485
5659,14,0.931896,224,5193,N,23.3333333333333,1,485
4500,15,0.9069345,218,5659,N,25,1,485
6609,16,0.848691,204,4500,N,26.6666666666667,1,485
6739,17,1.20231225,289,6609,N,28.3333333333333,1,485
7290,18,1.24391475,299,6739,N,30,1,485
7319,19,1.37704275,331,7290,N,31.6666666666667,1,485
6210,20,1.248075,300,7319,N,33.3333333333333,1,485
8099,21,1.1731905,282,6210,N,35,1,485
7721,23,0.77796675,187,8099,Y,38.3333333333333,2,485
10638,24,0.8570115,206,7721,N,40,2,485
8417,25,0.8070885,194,10638,N,41.6666666666667,2,485
8336,26,0.8403705,202,8417,N,43.3333333333333,2,485
9368,27,1.06086375,255,8336,N,45,2,485
8375,28,1.09414575,263,9368,N,46.6666666666667,2,485
10288,29,1.048383,252,8375,N,48.3333333333333,2,485
8848,30,1.0733445,258,10288,N,50,2,485
9076,31,1.14406875,275,8848,N,51.6666666666667,2,485
11075,32,1.24391475,299,9076,N,53.3333333333333,2,485
11254,33,1.2730365,306,11075,N,55,2,485
10981,34,1.31047875,315,11254,N,56.6666666666667,2,485
11769,35,1.464408,352,10981,N,58.3333333333333,2,485
12174,36,1.60169625,385,11769,N,60,2,485
12283,37,1.6224975,390,12174,N,61.6666666666667,2,485
3273,0,1.24391475,299,NA,N,0,0,486
3496,1,1.27719675,307,3273,N,1.66666666666667,0,486
3487,2,1.33128,320,3496,N,3.33333333333333,0,486
3305,3,1.46856825,353,3487,N,5,0,486
3632,4,1.50185025,361,3305,N,6.66666666666667,0,486
4005,5,1.530972,368,3632,N,8.33333333333333,0,486
3546,6,2.04268275,491,4005,N,10,0,486
3788,7,1.630818,392,3546,N,11.6666666666667,0,486
5561,8,1.94283675,467,3788,N,13.3333333333333,0,486
5953,9,2.030202,488,5561,N,15,0,486
5322,10,1.94283675,467,5953,N,16.6666666666667,0,486
5634,11,1.863792,448,5322,N,18.3333333333333,0,486
4896,12,2.09260575,503,5634,N,20,0,486
5242,13,2.446227,588,4896,N,21.6666666666667,0,486
5705,14,1.05254325,253,5242,Y,23.3333333333333,1,486
4536,15,1.1232675,270,5705,N,25,1,486
6633,16,1.2563955,302,4536,N,26.6666666666667,1,486
6764,17,1.2563955,302,6633,N,28.3333333333333,1,486
7326,18,1.3396005,322,6764,N,30,1,486
7355,19,1.62665775,391,7326,N,31.6666666666667,1,486
6223,20,1.58505525,381,7355,N,33.3333333333333,1,486
8126,21,1.730664,416,6223,N,35,1,486
7873,22,1.7722665,426,8126,N,36.6666666666667,1,486
8131,23,1.7889075,430,7873,N,38.3333333333333,1,486
10859,24,1.5226515,366,8131,N,40,1,486
9010,25,0.97765875,235,10859,Y,41.6666666666667,2,486
9919,26,0.9568575,230,9010,N,43.3333333333333,2,486
10088,27,1.09414575,263,9919,N,45,2,486
8778,28,1.11910725,269,10088,N,46.6666666666667,2,486
10513,29,1.065024,256,8778,N,48.3333333333333,2,486
9258,30,1.0567035,254,10513,N,50,2,486
9876,31,1.248075,300,9258,N,51.6666666666667,2,486
11448,32,1.2896775,310,9876,N,53.3333333333333,2,486
12013,33,1.37704275,331,11448,N,55,2,486
11569,34,0.82788975,199,12013,Y,56.6666666666667,3,486
12469,35,0.70308225,169,11569,N,58.3333333333333,3,486
12951,36,0.6573195,158,12469,N,60,3,486
13005,37,0.76964625,185,12951,N,61.6666666666667,3,486
3277,0,1.231434,296,NA,N,0,0,487
3501,1,1.364562,328,3277,N,1.66666666666667,0,487
3494,2,1.33544025,321,3501,N,3.33333333333333,0,487
3308,3,1.6890615,406,3494,N,5,0,487
3641,4,0.8403705,202,3308,Y,6.66666666666667,1,487
4006,5,0.97765875,235,3641,N,8.33333333333333,1,487
3552,6,1.314639,316,4006,N,10,1,487
3794,7,1.031742,248,3552,N,11.6666666666667,1,487
5567,8,1.26055575,303,3794,N,13.3333333333333,1,487
5954,9,1.1731905,282,5567,N,15,1,487
5326,10,1.12742775,271,5954,N,16.6666666666667,1,487
5637,11,1.21895325,293,5326,N,18.3333333333333,1,487
4901,12,1.231434,296,5637,N,20,1,487
5247,13,1.314639,316,4901,N,21.6666666666667,1,487
5709,14,1.23559425,297,5247,N,23.3333333333333,1,487
4540,15,1.2231135,294,5709,N,25,1,487
6636,16,1.33544025,321,4540,N,26.6666666666667,1,487
6765,17,1.38536325,333,6636,N,28.3333333333333,1,487
7329,18,1.52681175,367,6765,N,30,1,487
7359,19,1.464408,352,7329,N,31.6666666666667,1,487
6224,20,1.87627275,451,7359,N,33.3333333333333,1,487
8129,21,1.913715,460,6224,N,35,1,487
7877,22,1.11078675,267,8129,Y,36.6666666666667,2,487
8134,23,0.99429975,239,7877,N,38.3333333333333,2,487
10861,24,1.02758175,247,8134,N,40,2,487
9019,25,0.96933825,233,10861,N,41.6666666666667,2,487
9923,26,1.11910725,269,9019,N,43.3333333333333,2,487
10092,27,0.865332,208,9923,N,45,2,487
8783,28,0.94437675,227,10092,N,46.6666666666667,2,487
10515,29,0.94437675,227,8783,N,48.3333333333333,2,487
9265,30,1.297998,312,10515,N,50,2,487
9881,31,1.33544025,321,9265,N,51.6666666666667,2,487
11452,32,1.27719675,307,9881,N,53.3333333333333,2,487
12017,33,1.43528625,345,11452,N,55,2,487
11581,34,1.43528625,345,12017,N,56.6666666666667,2,487
12478,35,1.32711975,319,11581,N,58.3333333333333,2,487
13129,36,0.97765875,235,12478,Y,60,3,487
13169,37,0.92773575,223,13129,N,61.6666666666667,3,487
2924,0,1.17735075,283,NA,N,0,0,488
3018,1,1.32711975,319,2924,N,1.66666666666667,0,488
3058,2,1.43528625,345,3018,N,3.33333333333333,0,488
2894,3,1.714023,412,3058,N,5,0,488
3185,4,1.431126,344,2894,N,6.66666666666667,0,488
3954,5,1.4893695,358,3185,N,8.33333333333333,0,488
3204,6,0.8070885,194,3954,Y,10,1,488
3266,7,0.748845,180,3204,N,11.6666666666667,1,488
4398,8,0.88613325,213,3266,N,13.3333333333333,1,488
5904,9,0.931896,224,4398,N,15,1,488
5121,10,0.97765875,235,5904,N,16.6666666666667,1,488
5370,11,0.83205,200,5121,N,18.3333333333333,1,488
4659,12,1.0067805,242,5370,N,20,1,488
4982,13,1.131588,272,4659,N,21.6666666666667,1,488
5424,14,1.015101,244,4982,N,23.3333333333333,1,488
4395,15,1.0067805,242,5424,N,25,1,488
6520,16,1.0899855,262,4395,N,26.6666666666667,1,488
6640,17,1.1399085,274,6520,N,28.3333333333333,1,488
7143,18,1.131588,272,6640,N,30,1,488
7156,19,1.2563955,302,7143,N,31.6666666666667,1,488
6163,20,1.34376075,323,7156,N,33.3333333333333,1,488
7479,21,1.447767,348,6163,N,35,1,488
7769,22,1.41032475,339,7479,N,36.6666666666667,1,488
8031,23,1.4893695,358,7769,N,38.3333333333333,1,488
10793,24,1.397844,336,8031,N,40,1,488
8771,25,0.881973,212,10793,Y,41.6666666666667,2,488
9628,26,0.765486,184,8771,N,43.3333333333333,2,488
9949,27,0.99429975,239,9628,N,45,2,488
2357,0,0.6240375,150,NA,N,0,0,489
2509,1,0.71140275,171,2357,N,1.66666666666667,0,489
2439,2,0.93605625,225,2509,N,3.33333333333333,0,489
2349,3,1.1731905,282,2439,N,5,0,489
2469,4,0.98597925,237,2349,N,6.66666666666667,0,489
2387,5,1.11910725,269,2469,N,8.33333333333333,0,489
2444,6,1.2231135,294,2387,N,10,0,489
2413,7,1.01094075,243,2444,N,11.6666666666667,0,489
4147,8,1.1232675,270,2413,N,13.3333333333333,0,489
5542,9,1.11910725,269,4147,N,15,0,489
4664,10,1.17735075,283,5542,N,16.6666666666667,0,489
4912,11,1.23559425,297,4664,N,18.3333333333333,0,489
4144,12,1.46024775,351,4912,N,20,0,489
4524,13,1.547613,372,4144,N,21.6666666666667,0,489
4909,14,1.464408,352,4524,N,23.3333333333333,0,489
4126,15,1.530972,368,4909,N,25,0,489
6333,16,1.530972,368,4126,N,26.6666666666667,0,489
6416,17,1.913715,460,6333,N,28.3333333333333,0,489
6839,18,1.9053945,458,6416,N,30,0,489
6841,19,1.99275975,479,6839,N,31.6666666666667,0,489
6039,20,2.00108025,481,6841,N,33.3333333333333,0,489
7009,21,0.98597925,237,6039,Y,35,1,489
7450,22,1.21063275,291,7009,N,36.6666666666667,1,489
7734,23,1.2896775,310,7450,N,38.3333333333333,1,489
10645,24,1.27719675,307,7734,N,40,1,489
8433,25,1.2231135,294,10645,N,41.6666666666667,1,489
8342,26,1.33128,320,8433,N,43.3333333333333,1,489
9396,27,1.2563955,302,8342,N,45,1,489
8385,28,1.31047875,315,9396,N,46.6666666666667,1,489
10295,29,1.4394465,346,8385,N,48.3333333333333,1,489
8869,30,1.43528625,345,10295,N,50,1,489
9112,31,1.61001675,387,8869,N,51.6666666666667,1,489
11085,32,1.51017075,363,9112,N,53.3333333333333,1,489
11474,33,1.90955475,459,11085,N,55,1,489
10988,34,0.9235755,222,11474,Y,56.6666666666667,2,489
11790,35,0.79460775,191,10988,N,58.3333333333333,2,489
12205,36,0.9568575,230,11790,N,60,2,489
12306,37,0.981819,236,12205,N,61.6666666666667,2,489
3331,0,1.0899855,262,NA,N,0,0,490
3536,1,1.17735075,283,3331,N,1.66666666666667,0,490
3522,2,1.26055575,303,3536,N,3.33333333333333,0,490
3333,3,1.5559335,374,3522,N,5,0,490
3685,4,1.5392925,370,3333,N,6.66666666666667,0,490
4012,5,1.580895,380,3685,N,8.33333333333333,0,490
3594,6,1.880433,452,4012,N,10,0,490
3849,7,0.74468475,179,3594,Y,11.6666666666667,1,490
5598,8,0.80292825,193,3849,N,13.3333333333333,1,490
5959,9,1.0067805,242,5598,N,15,1,490
5350,10,1.0400625,250,5959,N,16.6666666666667,1,490
5661,11,0.99429975,239,5350,N,18.3333333333333,1,490
4928,12,1.06918425,257,5661,N,20,1,490
5269,13,1.148229,276,4928,N,21.6666666666667,1,490
5731,14,1.08582525,261,5269,N,23.3333333333333,1,490
4562,15,1.0899855,262,5731,N,25,1,490
6648,16,1.13574825,273,4562,N,26.6666666666667,1,490
6772,17,1.24391475,299,6648,N,28.3333333333333,1,490
7351,18,1.181511,284,6772,N,30,1,490
7377,19,1.2064725,290,7351,N,31.6666666666667,1,490
6231,20,1.4893695,358,7377,N,33.3333333333333,1,490
8145,21,1.447767,348,6231,N,35,1,490
7894,22,1.46856825,353,8145,N,36.6666666666667,1,490
8147,23,1.65993975,399,7894,N,38.3333333333333,1,490
10870,24,1.63497825,393,8147,N,40,1,490
9064,25,1.6391385,394,10870,N,41.6666666666667,1,490
9942,26,1.863792,448,9064,N,43.3333333333333,1,490
10108,27,0.798768,192,9942,Y,45,2,490
8815,28,0.8237295,198,10108,N,46.6666666666667,2,490
10523,29,0.898614,216,8815,N,48.3333333333333,2,490
9297,30,0.9901395,238,10523,N,50,2,490
9895,31,0.99429975,239,9297,N,51.6666666666667,2,490
11469,32,1.06918425,257,9895,N,53.3333333333333,2,490
12040,33,1.1066265,266,11469,N,55,2,490
11607,34,1.09414575,263,12040,N,56.6666666666667,2,490
12510,35,1.3728825,330,11607,N,58.3333333333333,2,490
12981,36,1.26055575,303,12510,N,60,2,490
13030,37,1.45192725,349,12981,N,61.6666666666667,2,490
3336,0,0.91109475,219,NA,N,0,0,491
3541,1,0.95269725,229,3336,N,1.66666666666667,0,491
3525,2,1.031742,248,3541,N,3.33333333333333,0,491
3335,3,1.16487,280,3525,N,5,0,491
3691,4,1.2563955,302,3335,N,6.66666666666667,0,491
4013,5,1.19399175,287,3691,N,8.33333333333333,0,491
3599,6,1.56841425,377,4013,N,10,0,491
3850,7,1.4228055,342,3599,N,11.6666666666667,0,491
5603,8,1.6890615,406,3850,N,13.3333333333333,0,491
5960,9,1.72650375,415,5603,N,15,0,491
5357,10,0.6406785,154,5960,Y,16.6666666666667,1,491
4933,12,0.83621025,201,5357,N,20,1,491
5271,13,0.9568575,230,4933,N,21.6666666666667,1,491
5734,14,0.8902935,214,5271,N,23.3333333333333,1,491
4566,15,0.8736525,210,5734,N,25,1,491
6650,16,0.9734985,234,4566,N,26.6666666666667,1,491
6773,17,0.9734985,234,6650,N,28.3333333333333,1,491
7354,18,1.0234215,246,6773,N,30,1,491
7382,19,1.0899855,262,7354,N,31.6666666666667,1,491
6232,20,1.114947,268,7382,N,33.3333333333333,1,491
8146,21,1.264716,304,6232,N,35,1,491
7896,22,1.36872225,329,8146,N,36.6666666666667,1,491
8149,23,1.198152,288,7896,N,38.3333333333333,1,491
10871,24,0.615717,148,8149,Y,40,2,491
3339,0,0.91941525,221,NA,N,0,0,492
3545,1,0.815409,196,3339,N,1.66666666666667,0,492
3531,2,1.02758175,247,3545,N,3.33333333333333,0,492
3338,3,0.965178,232,3531,N,5,0,492
3697,4,0.965178,232,3338,N,6.66666666666667,0,492
4014,5,1.0234215,246,3697,N,8.33333333333333,0,492
3604,6,1.14406875,275,4014,N,10,0,492
3851,7,1.148229,276,3604,N,11.6666666666667,0,492
5607,8,1.2064725,290,3851,N,13.3333333333333,0,492
5961,9,1.314639,316,5607,N,15,0,492
5362,10,1.2563955,302,5961,N,16.6666666666667,0,492
5665,11,1.36872225,329,5362,N,18.3333333333333,0,492
4938,12,1.41032475,339,5665,N,20,0,492
5275,13,1.4394465,346,4938,N,21.6666666666667,0,492
5739,14,1.50185025,361,5275,N,23.3333333333333,0,492
4572,15,1.614177,388,5739,N,25,0,492
6652,16,1.797228,432,4572,N,26.6666666666667,0,492
6774,17,1.763946,424,6652,N,28.3333333333333,0,492
7356,18,0.8736525,210,6774,Y,30,1,492
7384,19,0.815409,196,7356,N,31.6666666666667,1,492
6233,20,1.06918425,257,7384,N,33.3333333333333,1,492
8148,21,1.0234215,246,6233,N,35,1,492
7898,22,1.10246625,265,8148,N,36.6666666666667,1,492
8151,23,1.07750475,259,7898,N,38.3333333333333,1,492
10873,24,1.1898315,286,8151,N,40,1,492
9074,25,1.248075,300,10873,N,41.6666666666667,1,492
9946,26,1.264716,304,9074,N,43.3333333333333,1,492
10111,27,1.297998,312,9946,N,45,1,492
8821,28,1.3895235,334,10111,N,46.6666666666667,1,492
10525,29,1.46024775,351,8821,N,48.3333333333333,1,492
9314,30,1.34376075,323,10525,N,50,1,492
9899,31,1.630818,392,9314,N,51.6666666666667,1,492
11473,32,1.70154225,409,9899,N,53.3333333333333,1,492
12044,33,0.78628725,189,11473,Y,55,2,492
3353,0,0.9901395,238,NA,N,0,0,493
3558,1,1.07750475,259,3353,N,1.66666666666667,0,493
3542,2,1.07750475,259,3558,N,3.33333333333333,0,493
3349,3,1.131588,272,3542,N,5,0,493
3719,4,1.26055575,303,3349,N,6.66666666666667,0,493
4016,5,1.3396005,322,3719,N,8.33333333333333,0,493
3613,6,1.4228055,342,4016,N,10,0,493
3853,7,1.36872225,329,3613,N,11.6666666666667,0,493
5619,8,1.547613,372,3853,N,13.3333333333333,0,493
5964,9,1.83051,440,5619,N,15,0,493
5369,10,1.680741,404,5964,N,16.6666666666667,0,493
5675,11,1.72650375,415,5369,N,18.3333333333333,0,493
4954,12,0.89445375,215,5675,Y,20,1,493
5287,13,1.25223525,301,4954,N,21.6666666666667,1,493
5752,14,1.13574825,273,5287,N,23.3333333333333,1,493
4581,15,1.0234215,246,5752,N,25,1,493
6656,16,1.10246625,265,4581,N,26.6666666666667,1,493
6777,17,1.18567125,285,6656,N,28.3333333333333,1,493
7364,18,1.0899855,262,6777,N,30,1,493
7399,19,1.181511,284,7364,N,31.6666666666667,1,493
6235,20,1.214793,292,7399,N,33.3333333333333,1,493
8162,21,1.41032475,339,6235,N,35,1,493
7904,22,1.5559335,374,8162,N,36.6666666666667,1,493
8157,23,1.5226515,366,7904,N,38.3333333333333,1,493
10878,24,1.747305,420,8157,N,40,1,493
9101,25,1.6890615,406,10878,N,41.6666666666667,1,493
9956,26,1.7223435,414,9101,N,43.3333333333333,1,493
10123,27,1.66826025,401,9956,N,45,1,493
8846,28,0.8403705,202,10123,Y,46.6666666666667,2,493
10533,29,0.9734985,234,8846,N,48.3333333333333,2,493
9387,30,0.9235755,222,10533,N,50,2,493
9912,31,0.94437675,227,9387,N,51.6666666666667,2,493
11487,32,0.9235755,222,9912,N,53.3333333333333,2,493
12059,33,0.965178,232,11487,N,55,2,493
11650,34,0.93605625,225,12059,N,56.6666666666667,2,493
12570,35,1.1232675,270,11650,N,58.3333333333333,2,493
13026,36,0.91941525,221,12570,N,60,2,493
13072,37,0.898614,216,13026,N,61.6666666666667,2,493
3359,0,1.06086375,255,NA,N,0,0,494
3563,1,1.13574825,273,3359,N,1.66666666666667,0,494
3549,2,1.148229,276,3563,N,3.33333333333333,0,494
3355,3,1.231434,296,3549,N,5,0,494
3724,4,1.314639,316,3355,N,6.66666666666667,0,494
4017,5,1.4061645,338,3724,N,8.33333333333333,0,494
3619,6,1.8055485,434,4017,N,10,0,494
3854,7,1.564254,376,3619,N,11.6666666666667,0,494
5625,8,1.60169625,385,3854,N,13.3333333333333,0,494
5965,9,1.6641,400,5625,N,15,0,494
5372,10,0.8570115,206,5965,Y,16.6666666666667,1,494
5679,11,0.915255,220,5372,N,18.3333333333333,1,494
4962,12,0.9901395,238,5679,N,20,1,494
5295,13,1.09414575,263,4962,N,21.6666666666667,1,494
5761,14,1.09414575,263,5295,N,23.3333333333333,1,494
4589,15,1.0733445,258,5761,N,25,1,494
6660,16,1.15238925,277,4589,N,26.6666666666667,1,494
6779,17,1.14406875,275,6660,N,28.3333333333333,1,494
7370,18,1.2563955,302,6779,N,30,1,494
7408,19,1.297998,312,7370,N,31.6666666666667,1,494
6238,20,1.36872225,329,7408,N,33.3333333333333,1,494
8166,21,1.30215825,313,6238,N,35,1,494
7911,22,1.33544025,321,8166,N,36.6666666666667,1,494
8159,23,1.3229595,318,7911,N,38.3333333333333,1,494
10880,24,1.3895235,334,8159,N,40,1,494
9116,25,1.39368375,335,10880,N,41.6666666666667,1,494
9959,26,1.6391385,394,9116,N,43.3333333333333,1,494
10128,27,1.65161925,397,9959,N,45,1,494
8856,28,1.77642675,427,10128,N,46.6666666666667,1,494
10536,29,0.815409,196,8856,Y,48.3333333333333,2,494
9400,30,0.8570115,206,10536,N,50,2,494
9918,31,0.81956925,197,9400,N,51.6666666666667,2,494
11491,32,0.94437675,227,9918,N,53.3333333333333,2,494
12064,33,0.88613325,213,11491,N,55,2,494
11654,34,0.8902935,214,12064,N,56.6666666666667,2,494
12576,35,0.981819,236,11654,N,58.3333333333333,2,494
13031,36,1.16070975,279,12576,N,60,2,494
13076,37,1.3229595,318,13031,N,61.6666666666667,2,494
3363,0,1.06918425,257,NA,N,0,0,495
3569,1,0.99846,240,3363,N,1.66666666666667,0,495
3554,2,1.131588,272,3569,N,3.33333333333333,0,495
3364,3,1.081665,260,3554,N,5,0,495
3740,4,1.1565495,278,3364,N,6.66666666666667,0,495
4019,5,1.16070975,279,3740,N,8.33333333333333,0,495
3630,6,1.2397545,298,4019,N,10,0,495
3857,7,1.464408,352,3630,N,11.6666666666667,0,495
5633,8,1.2397545,298,3857,N,13.3333333333333,0,495
5967,9,1.5226515,366,5633,N,15,0,495
5384,10,1.63497825,393,5967,N,16.6666666666667,0,495
5692,11,1.5060105,362,5384,N,18.3333333333333,0,495
4980,12,1.70154225,409,5692,N,20,0,495
5313,13,1.8554715,446,4980,N,21.6666666666667,0,495
5781,14,1.780587,428,5313,N,23.3333333333333,0,495
4612,15,1.70986275,411,5781,N,25,0,495
6667,16,1.8554715,446,4612,N,26.6666666666667,0,495
6784,17,0.9734985,234,6667,Y,28.3333333333333,1,495
7386,18,1.0067805,242,6784,N,30,1,495
7426,19,1.081665,260,7386,N,31.6666666666667,1,495
6243,20,1.0733445,258,7426,N,33.3333333333333,1,495
8176,21,1.15238925,277,6243,N,35,1,495
7919,22,1.397844,336,8176,N,36.6666666666667,1,495
8167,23,1.114947,268,7919,N,38.3333333333333,1,495
10885,24,1.31879925,317,8167,N,40,1,495
9141,25,1.264716,304,10885,N,41.6666666666667,1,495
10036,26,1.6058565,386,9141,N,43.3333333333333,1,495
10167,27,0.71972325,173,10036,Y,45,2,495
8911,28,0.848691,204,10167,N,46.6666666666667,2,495
10554,29,1.02758175,247,8911,N,48.3333333333333,2,495
9487,30,0.88613325,213,10554,N,50,2,495
10138,31,0.99846,240,9487,N,51.6666666666667,2,495
11522,32,1.07750475,259,10138,N,53.3333333333333,2,495
12109,33,1.214793,292,11522,N,55,2,495
11694,34,1.30215825,313,12109,N,56.6666666666667,2,495
12613,35,1.514331,364,11694,N,58.3333333333333,2,495
13062,36,0.6739605,162,12613,Y,60,3,495
3373,0,0.881973,212,NA,N,0,0,496
3574,1,0.8570115,206,3373,N,1.66666666666667,0,496
3559,2,1.0567035,254,3574,N,3.33333333333333,0,496
3370,3,1.13574825,273,3559,N,5,0,496
3747,4,1.12742775,271,3370,N,6.66666666666667,0,496
4020,5,1.131588,272,3747,N,8.33333333333333,0,496
3634,6,1.25223525,301,4020,N,10,0,496
3858,7,1.25223525,301,3634,N,11.6666666666667,0,496
5640,8,1.33544025,321,3858,N,13.3333333333333,0,496
5968,9,1.46024775,351,5640,N,15,0,496
5389,10,1.5559335,374,5968,N,16.6666666666667,0,496
5696,11,1.49769,360,5389,N,18.3333333333333,0,496
4986,12,1.69322175,407,5696,N,20,0,496
5323,13,0.86949225,209,4986,Y,21.6666666666667,1,496
5792,14,0.782127,188,5323,N,23.3333333333333,1,496
4627,15,0.7238835,174,5792,N,25,1,496
6674,16,0.765486,184,4627,N,26.6666666666667,1,496
6787,17,1.11910725,269,6674,N,28.3333333333333,1,496
7396,18,0.97765875,235,6787,N,30,1,496
7435,19,1.08582525,261,7396,N,31.6666666666667,1,496
6246,20,1.065024,256,7435,N,33.3333333333333,1,496
8182,21,1.11078675,267,6246,N,35,1,496
7925,22,1.36040175,327,8182,N,36.6666666666667,1,496
8173,23,1.16070975,279,7925,N,38.3333333333333,1,496
10888,24,1.1399085,274,8173,N,40,1,496
9152,25,1.1066265,266,10888,N,41.6666666666667,1,496
9978,26,1.12742775,271,9152,N,43.3333333333333,1,496
10146,27,1.16903025,281,9978,N,45,1,496
8877,28,1.25223525,301,10146,N,46.6666666666667,1,496
10545,29,1.2563955,302,8877,N,48.3333333333333,1,496
9423,30,1.0567035,254,10545,N,50,1,496
10122,31,1.6890615,406,9423,N,51.6666666666667,1,496
11503,32,1.58505525,381,10122,N,53.3333333333333,1,496
12087,33,0.698922,168,11503,Y,55,2,496
2655,0,0.67812075,163,NA,N,0,0,497
2754,1,0.7072425,170,2655,N,1.66666666666667,0,497
2793,2,0.765486,184,2754,N,3.33333333333333,0,497
2665,3,0.81956925,197,2793,N,5,0,497
2728,4,0.83205,200,2665,N,6.66666666666667,0,497
3836,5,0.881973,212,2728,N,8.33333333333333,0,497
2965,6,0.981819,236,3836,N,10,0,497
2991,7,0.95269725,229,2965,N,11.6666666666667,0,497
4296,8,0.94437675,227,2991,N,13.3333333333333,0,497
5757,9,0.9901395,238,4296,N,15,0,497
4870,10,1.1565495,278,5757,N,16.6666666666667,0,497
5186,11,1.19399175,287,4870,N,18.3333333333333,0,497
4456,12,1.2397545,298,5186,N,20,0,497
4736,13,1.2730365,306,4456,N,21.6666666666667,0,497
5175,14,1.24391475,299,4736,N,23.3333333333333,0,497
4281,15,1.481049,356,5175,N,25,0,497
6410,16,1.65161925,397,4281,N,26.6666666666667,0,497
6529,17,1.3396005,322,6410,N,28.3333333333333,0,497
6988,18,0.8403705,202,6529,Y,30,1,497
6987,19,0.85285125,205,6988,N,31.6666666666667,1,497
6103,20,0.88613325,213,6987,N,33.3333333333333,1,497
7220,21,0.915255,220,6103,N,35,1,497
7655,22,1.015101,244,7220,N,36.6666666666667,1,497
7901,23,0.89445375,215,7655,N,38.3333333333333,1,497
10722,24,1.01094075,243,7901,N,40,1,497
8593,25,0.881973,212,10722,N,41.6666666666667,1,497
9264,26,1.0400625,250,8593,N,43.3333333333333,1,497
9719,27,1.02758175,247,9264,N,45,1,497
8528,28,1.065024,256,9719,N,46.6666666666667,1,497
10373,29,1.15238925,277,8528,N,48.3333333333333,1,497
9273,30,0.92773575,223,10373,N,50,1,497
9488,31,1.24391475,299,9273,N,51.6666666666667,1,497
11210,32,1.248075,300,9488,N,53.3333333333333,1,497
11661,33,1.530972,368,11210,N,55,1,497
11106,34,0.76132575,183,11661,Y,56.6666666666667,2,497
11987,35,0.81124875,195,11106,N,58.3333333333333,2,497
12468,36,0.91109475,219,11987,N,60,2,497
12611,37,0.96101775,231,12468,N,61.6666666666667,2,497
3149,0,0.8403705,202,NA,N,0,0,498
3386,1,0.8736525,210,3149,N,1.66666666666667,0,498
3378,2,0.89445375,215,3386,N,3.33333333333333,0,498
3207,3,0.89445375,215,3378,N,5,0,498
3512,4,1.01926125,245,3207,N,6.66666666666667,0,498
3982,5,1.0234215,246,3512,N,8.33333333333333,0,498
3414,6,1.1232675,270,3982,N,10,0,498
3681,7,1.14406875,275,3414,N,11.6666666666667,0,498
5450,8,1.231434,296,3681,N,13.3333333333333,0,498
5934,9,1.31047875,315,5450,N,15,0,498
5257,10,1.364562,328,5934,N,16.6666666666667,0,498
5531,11,1.34376075,323,5257,N,18.3333333333333,0,498
4801,12,1.51849125,365,5531,N,20,0,498
5150,13,1.47688875,355,4801,N,21.6666666666667,0,498
5617,14,1.75146525,421,5150,N,23.3333333333333,0,498
4472,15,1.61001675,387,5617,N,25,0,498
6588,16,0.898614,216,4472,Y,26.6666666666667,1,498
6717,17,0.881973,212,6588,N,28.3333333333333,1,498
7257,18,0.96101775,231,6717,N,30,1,498
7294,19,1.0067805,242,7257,N,31.6666666666667,1,498
6201,20,1.1066265,266,7294,N,33.3333333333333,1,498
8079,21,1.3562415,326,6201,N,35,1,498
7833,22,1.248075,300,8079,N,36.6666666666667,1,498
8085,23,1.22727375,295,7833,N,38.3333333333333,1,498
10835,24,1.347921,324,8085,N,40,1,498
8898,25,0.83621025,201,10835,Y,41.6666666666667,2,498
9813,26,0.99429975,239,8898,N,43.3333333333333,2,498
10037,27,0.86949225,209,9813,N,45,2,498
8723,28,0.86117175,207,10037,N,46.6666666666667,2,498
10485,29,0.915255,220,8723,N,48.3333333333333,2,498
8993,30,1.01094075,243,10485,N,50,2,498
9811,31,1.2397545,298,8993,N,51.6666666666667,2,498
11378,32,1.22727375,295,9811,N,53.3333333333333,2,498
11943,33,1.37704275,331,11378,N,55,2,498
11417,34,1.43528625,345,11943,N,56.6666666666667,2,498
12389,35,0.73636425,177,11417,Y,58.3333333333333,3,498
12866,36,0.865332,208,12389,N,60,3,498
12943,37,0.86117175,207,12866,N,61.6666666666667,3,498
2829,0,1.514331,364,NA,N,0,0,499
2912,1,1.2730365,306,2829,N,1.66666666666667,0,499
2954,2,1.6641,400,2912,N,3.33333333333333,0,499
2806,3,1.83467025,441,2954,N,5,0,499
3027,4,0.77796675,187,2806,Y,6.66666666666667,1,499
3937,5,0.85285125,205,3027,N,8.33333333333333,1,499
3119,6,0.98597925,237,3937,N,10,1,499
3171,7,0.99846,240,3119,N,11.6666666666667,1,499
4364,8,0.9402165,226,3171,N,13.3333333333333,1,499
5864,9,1.031742,248,4364,N,15,1,499
5023,10,1.09414575,263,5864,N,16.6666666666667,1,499
5300,11,1.081665,260,5023,N,18.3333333333333,1,499
4569,12,1.07750475,259,5300,N,20,1,499
4890,13,1.248075,300,4569,N,21.6666666666667,1,499
5345,14,1.17735075,283,4890,N,23.3333333333333,1,499
4362,15,1.33128,320,5345,N,25,1,499
6487,16,1.36872225,329,4362,N,26.6666666666667,1,499
6604,17,1.59337575,383,6487,N,28.3333333333333,1,499
7108,19,1.72650375,415,6604,N,31.6666666666667,1,499
6146,20,1.7889075,430,7108,N,33.3333333333333,1,499
7372,21,0.89445375,215,6146,Y,35,2,499
2829,0,1.514331,364,NA,N,0,0,500
2912,1,1.2730365,306,2829,N,1.66666666666667,0,500
2954,2,1.6641,400,2912,N,3.33333333333333,0,500
2806,3,1.83467025,441,2954,N,5,0,500
3027,4,0.77796675,187,2806,Y,6.66666666666667,1,500
3937,5,0.85285125,205,3027,N,8.33333333333333,1,500
3119,6,0.98597925,237,3937,N,10,1,500
3171,7,0.99846,240,3119,N,11.6666666666667,1,500
4364,8,0.9402165,226,3171,N,13.3333333333333,1,500
5864,9,1.031742,248,4364,N,15,1,500
5023,10,1.09414575,263,5864,N,16.6666666666667,1,500
5300,11,1.081665,260,5023,N,18.3333333333333,1,500
4569,12,1.07750475,259,5300,N,20,1,500
4890,13,1.248075,300,4569,N,21.6666666666667,1,500
5345,14,1.17735075,283,4890,N,23.3333333333333,1,500
4362,15,1.33128,320,5345,N,25,1,500
6487,16,1.36872225,329,4362,N,26.6666666666667,1,500
6604,17,1.59337575,383,6487,N,28.3333333333333,1,500
7108,19,1.72650375,415,6604,N,31.6666666666667,1,500
6146,20,1.7889075,430,7108,N,33.3333333333333,1,500
7376,21,0.8736525,210,6146,Y,35,2,500
7742,22,0.98597925,237,7376,N,36.6666666666667,2,500
7990,23,0.9402165,226,7742,N,38.3333333333333,2,500
10770,24,0.9734985,234,7990,N,40,2,500
8702,25,0.95269725,229,10770,N,41.6666666666667,2,500
9533,26,1.114947,268,8702,N,43.3333333333333,2,500
9892,27,0.915255,220,9533,N,45,2,500
8623,28,1.0400625,250,9892,N,46.6666666666667,2,500
10420,29,1.0567035,254,8623,N,48.3333333333333,2,500
9609,30,1.081665,260,10420,N,50,2,500
9621,31,1.364562,328,9609,N,51.6666666666667,2,500
11267,32,1.3562415,326,9621,N,53.3333333333333,2,500
11779,33,0.7738065,186,11267,Y,55,3,500
11273,34,0.76964625,185,11779,N,56.6666666666667,3,500
12111,35,0.798768,192,11273,N,58.3333333333333,3,500
12639,36,0.7405245,178,12111,N,60,3,500
12791,37,0.86949225,209,12639,N,61.6666666666667,3,500
3285,0,1.863792,448,NA,N,0,0,501
3507,1,1.730664,416,3285,N,1.66666666666667,0,501
3498,2,2.0718045,498,3507,N,3.33333333333333,0,501
3311,3,2.2049325,530,3498,N,5,0,501
3650,4,2.080125,500,3311,N,6.66666666666667,0,501
3561,6,2.2215735,534,3650,N,10,0,501
3803,7,2.113407,508,3561,N,11.6666666666667,0,501
4224,8,1.181511,284,3803,Y,13.3333333333333,1,501
5663,9,1.21063275,291,4224,N,15,1,501
4767,10,1.1232675,270,5663,N,16.6666666666667,1,501
5065,11,1.22727375,295,4767,N,18.3333333333333,1,501
4235,12,1.2730365,306,5065,N,20,1,501
4649,13,1.29383775,311,4235,N,21.6666666666667,1,501
5054,14,1.3728825,330,4649,N,23.3333333333333,1,501
4217,15,1.5392925,370,5054,N,25,1,501
6364,16,1.4727285,354,4217,N,26.6666666666667,1,501
6474,17,1.397844,336,6364,N,28.3333333333333,1,501
6907,18,1.40200425,337,6474,N,30,1,501
6902,19,1.53513225,369,6907,N,31.6666666666667,1,501
6071,20,1.43528625,345,6902,N,33.3333333333333,1,501
7118,21,1.414485,340,6071,N,35,1,501
7557,22,1.56841425,377,7118,N,36.6666666666667,1,501
7820,23,1.31879925,317,7557,N,38.3333333333333,1,501
10682,24,1.4061645,338,7820,N,40,1,501
8514,25,1.84299075,443,10682,N,41.6666666666667,1,501
9088,26,2.0218815,486,8514,N,43.3333333333333,1,501
9556,27,1.930356,464,9088,N,45,1,501
8461,28,1.597536,384,9556,N,46.6666666666667,1,501
10335,29,0.9901395,238,8461,Y,48.3333333333333,2,501
3321,0,1.0067805,242,NA,N,0,0,502
3518,1,1.05254325,253,3321,N,1.66666666666667,0,502
3510,2,1.081665,260,3518,N,3.33333333333333,0,502
3322,3,1.181511,284,3510,N,5,0,502
3664,4,1.16487,280,3322,N,6.66666666666667,0,502
4010,5,1.21895325,293,3664,N,8.33333333333333,0,502
3579,6,1.364562,328,4010,N,10,0,502
3838,7,1.4228055,342,3579,N,11.6666666666667,0,502
5585,8,1.4560875,350,3838,N,13.3333333333333,0,502
5342,10,1.56841425,377,5585,N,16.6666666666667,0,502
5653,11,1.63497825,393,5342,N,18.3333333333333,0,502
4918,12,0.898614,216,5653,Y,20,1,502
5263,13,0.9734985,234,4918,N,21.6666666666667,1,502
5723,14,0.89445375,215,5263,N,23.3333333333333,1,502
4553,15,0.92773575,223,5723,N,25,1,502
6644,16,0.8570115,206,4553,N,26.6666666666667,1,502
6769,17,0.86949225,209,6644,N,28.3333333333333,1,502
7343,18,0.93605625,225,6769,N,30,1,502
7371,19,1.01094075,243,7343,N,31.6666666666667,1,502
6229,20,1.0400625,250,7371,N,33.3333333333333,1,502
8141,21,1.16903025,281,6229,N,35,1,502
7890,22,1.17735075,283,8141,N,36.6666666666667,1,502
8143,23,1.281357,308,7890,N,38.3333333333333,1,502
10868,24,1.32711975,319,8143,N,40,1,502
9055,25,1.4228055,342,10868,N,41.6666666666667,1,502
9937,26,1.4228055,342,9055,N,43.3333333333333,1,502
10105,27,1.67658075,403,9937,N,45,1,502
8806,28,1.4061645,338,10105,N,46.6666666666667,1,502
10521,29,1.697382,408,8806,N,48.3333333333333,1,502
9891,31,0.898614,216,10521,Y,51.6666666666667,2,502
11463,32,0.83621025,201,9891,N,53.3333333333333,2,502
12031,33,0.98597925,237,11463,N,55,2,502
11602,34,0.931896,224,12031,N,56.6666666666667,2,502
12500,35,0.96101775,231,11602,N,58.3333333333333,2,502
12977,36,1.114947,268,12500,N,60,2,502
13024,37,1.10246625,265,12977,N,61.6666666666667,2,502
3343,0,0.7738065,186,NA,N,0,0,503
3550,1,0.9568575,230,3343,N,1.66666666666667,0,503
3537,2,0.97765875,235,3550,N,3.33333333333333,0,503
3342,3,0.8403705,202,3537,N,5,0,503
3709,4,0.93605625,225,3342,N,6.66666666666667,0,503
4015,5,0.99429975,239,3709,N,8.33333333333333,0,503
3607,6,1.281357,308,4015,N,10,0,503
3852,7,1.18567125,285,3607,N,11.6666666666667,0,503
5613,8,1.27719675,307,3852,N,13.3333333333333,0,503
5962,9,1.59337575,383,5613,N,15,0,503
5669,11,1.65993975,399,5962,N,18.3333333333333,0,503
4945,12,0.92773575,223,5669,Y,20,1,503
5283,13,0.9069345,218,4945,N,21.6666666666667,1,503
5743,14,0.87781275,211,5283,N,23.3333333333333,1,503
4577,15,0.8736525,210,5743,N,25,1,503
6654,16,0.8570115,206,4577,N,26.6666666666667,1,503
6776,17,0.92773575,223,6654,N,28.3333333333333,1,503
7361,18,0.898614,216,6776,N,30,1,503
7395,19,1.0067805,242,7361,N,31.6666666666667,1,503
6234,20,1.03590225,249,7395,N,33.3333333333333,1,503
8154,21,1.065024,256,6234,N,35,1,503
7902,22,1.16070975,279,8154,N,36.6666666666667,1,503
8156,23,1.11078675,267,7902,N,38.3333333333333,1,503
10876,24,1.148229,276,8156,N,40,1,503
9089,25,1.248075,300,10876,N,41.6666666666667,1,503
9954,26,0.82788975,199,9089,Y,43.3333333333333,2,503
10118,27,0.948537,228,9954,N,45,2,503
8833,28,0.97765875,235,10118,N,46.6666666666667,2,503
10528,29,0.931896,224,8833,N,48.3333333333333,2,503
9353,30,0.81124875,195,10528,N,50,2,503
9905,31,0.915255,220,9353,N,51.6666666666667,2,503
11478,32,1.0234215,246,9905,N,53.3333333333333,2,503
12053,33,1.23559425,297,11478,N,55,2,503
11627,34,1.33128,320,12053,N,56.6666666666667,2,503
12530,35,1.2730365,306,11627,N,58.3333333333333,2,503
13003,36,0.615717,148,12530,Y,60,3,503
13048,37,0.7238835,174,13003,N,61.6666666666667,3,503
3456,0,1.64329875,395,NA,N,0,0,504
3656,1,1.61001675,387,3456,N,1.66666666666667,0,504
3629,2,1.41032475,339,3656,N,3.33333333333333,0,504
3449,3,1.90955475,459,3629,N,5,0,504
3813,4,0.8736525,210,3449,Y,6.66666666666667,1,504
4036,5,0.93605625,225,3813,N,8.33333333333333,1,504
3706,6,1.0234215,246,4036,N,10,1,504
3875,7,0.99846,240,3706,N,11.6666666666667,1,504
5703,8,0.98597925,237,3875,N,13.3333333333333,1,504
5983,9,1.00262025,241,5703,N,15,1,504
5461,10,1.0899855,262,5983,N,16.6666666666667,1,504
5758,11,1.0733445,258,5461,N,18.3333333333333,1,504
5062,12,1.148229,276,5758,N,20,1,504
5401,13,1.22727375,295,5062,N,21.6666666666667,1,504
5847,14,1.3229595,318,5401,N,23.3333333333333,1,504
4693,15,1.447767,348,5847,N,25,1,504
6708,16,1.4727285,354,4693,N,26.6666666666667,1,504
7625,17,1.60169625,385,6708,N,28.3333333333333,1,504
7463,18,1.6557795,398,7625,N,30,1,504
7510,19,1.7057025,410,7463,N,31.6666666666667,1,504
6264,20,1.7889075,430,7510,N,33.3333333333333,1,504
8267,21,0.79460775,191,6264,Y,35,2,504
7961,22,0.6906015,166,8267,N,36.6666666666667,2,504
8214,23,0.9402165,226,7961,N,38.3333333333333,2,504
10912,24,1.04422275,251,8214,N,40,2,504
9232,25,1.0733445,258,10912,N,41.6666666666667,2,504
10027,26,1.081665,260,9232,N,43.3333333333333,2,504
10194,27,1.12742775,271,10027,N,45,2,504
8964,28,1.1565495,278,10194,N,46.6666666666667,2,504
10570,29,1.21895325,293,8964,N,48.3333333333333,2,504
9536,30,1.44360675,347,10570,N,50,2,504
10168,31,1.431126,344,9536,N,51.6666666666667,2,504
11546,32,1.49769,360,10168,N,53.3333333333333,2,504
12166,33,1.647459,396,11546,N,55,2,504
11748,34,1.6391385,394,12166,N,56.6666666666667,2,504
12668,35,1.8388305,442,11748,N,58.3333333333333,2,504
13099,36,0.7238835,174,12668,Y,60,3,504
13141,37,0.90277425,217,13099,N,61.6666666666667,3,504
3491,0,1.048383,252,NA,N,0,0,505
3684,1,1.06918425,257,3491,N,1.66666666666667,0,505
3677,2,1.098306,264,3684,N,3.33333333333333,0,505
3477,3,1.33128,320,3677,N,5,0,505
3830,4,1.33544025,321,3477,N,6.66666666666667,0,505
4042,5,1.31047875,315,3830,N,8.33333333333333,0,505
3742,6,1.65161925,397,4042,N,10,0,505
3904,7,1.5226515,366,3742,N,11.6666666666667,0,505
5729,8,1.51849125,365,3904,N,13.3333333333333,0,505
5990,9,1.79306775,431,5729,N,15,0,505
5512,10,1.65993975,399,5990,N,16.6666666666667,0,505
5797,11,0.84453075,203,5512,Y,18.3333333333333,1,505
5436,13,1.1898315,286,5797,N,21.6666666666667,1,505
5867,14,1.06918425,257,5436,N,23.3333333333333,1,505
4722,15,1.14406875,275,5867,N,25,1,505
6723,16,0.96933825,233,4722,N,26.6666666666667,1,505
7647,17,1.01926125,245,6723,N,28.3333333333333,1,505
7495,18,1.11078675,267,7647,N,30,1,505
7540,19,1.08582525,261,7495,N,31.6666666666667,1,505
6275,20,1.11078675,267,7540,N,33.3333333333333,1,505
8280,21,1.18567125,285,6275,N,35,1,505
7984,22,1.43528625,345,8280,N,36.6666666666667,1,505
8230,23,1.33128,320,7984,N,38.3333333333333,1,505
10921,24,1.31047875,315,8230,N,40,1,505
9270,25,1.4061645,338,10921,N,41.6666666666667,1,505
10049,26,1.64329875,395,9270,N,43.3333333333333,1,505
10212,27,1.530972,368,10049,N,45,1,505
9018,28,0.7571655,182,10212,Y,46.6666666666667,2,505
10579,29,0.96101775,231,9018,N,48.3333333333333,2,505
9596,30,0.948537,228,10579,N,50,2,505
10189,31,1.06918425,257,9596,N,51.6666666666667,2,505
11577,32,0.99429975,239,10189,N,53.3333333333333,2,505
12201,33,1.16903025,281,11577,N,55,2,505
11786,34,1.31879925,317,12201,N,56.6666666666667,2,505
12716,35,1.464408,352,11786,N,58.3333333333333,2,505
13127,36,1.42696575,343,12716,N,60,2,505
13166,37,0.70308225,169,13127,Y,61.6666666666667,3,505
2551,0,1.36872225,329,NA,N,0,0,506
2668,1,1.447767,348,2551,N,1.66666666666667,0,506
2713,2,1.464408,352,2668,N,3.33333333333333,0,506
2575,3,1.51849125,365,2713,N,5,0,506
2629,4,1.64329875,395,2575,N,6.66666666666667,0,506
3765,5,0.73636425,177,2629,Y,8.33333333333333,1,506
2841,6,0.981819,236,3765,N,10,1,506
2614,7,0.86949225,209,2841,N,11.6666666666667,1,506
4234,8,0.97765875,235,2614,N,13.3333333333333,1,506
5678,9,1.0400625,250,4234,N,15,1,506
4786,10,0.98597925,237,5678,N,16.6666666666667,1,506
5091,11,1.1565495,278,4786,N,18.3333333333333,1,506
4245,12,1.065024,256,5091,N,20,1,506
4661,13,1.1399085,274,4245,N,21.6666666666667,1,506
5079,14,1.1565495,278,4661,N,23.3333333333333,1,506
4230,15,1.3562415,326,5079,N,25,1,506
6372,16,1.35208125,325,4230,N,26.6666666666667,1,506
6486,17,1.464408,352,6372,N,28.3333333333333,1,506
6926,18,1.36040175,327,6486,N,30,1,506
6922,19,1.39368375,335,6926,N,31.6666666666667,1,506
6078,20,1.62665775,391,6922,N,33.3333333333333,1,506
7144,21,1.70154225,409,6078,N,35,1,506
7584,22,1.75146525,421,7144,N,36.6666666666667,1,506
7842,23,0.84453075,203,7584,Y,38.3333333333333,2,506
10692,24,0.96933825,233,7842,N,40,2,506
8535,25,0.86949225,209,10692,N,41.6666666666667,2,506
9146,26,0.97765875,235,8535,N,43.3333333333333,2,506
9597,27,0.97765875,235,9146,N,45,2,506
8477,28,1.031742,248,9597,N,46.6666666666667,2,506
10346,29,1.114947,268,8477,N,48.3333333333333,2,506
9143,30,1.10246625,265,10346,N,50,2,506
9382,31,1.31879925,317,9143,N,51.6666666666667,2,506
11152,32,1.21063275,291,9382,N,53.3333333333333,2,506
11570,33,1.33128,320,11152,N,55,2,506
11034,34,1.364562,328,11570,N,56.6666666666667,2,506
11924,35,1.597536,384,11034,N,58.3333333333333,2,506
12383,36,1.23559425,297,11924,N,60,2,506
12491,37,0.60323625,145,12383,Y,61.6666666666667,3,506
2567,0,1.42696575,343,NA,N,0,0,507
2674,1,0.73636425,177,2567,Y,1.66666666666667,1,507
2726,2,0.82788975,199,2674,N,3.33333333333333,1,507
2586,3,0.81124875,195,2726,N,5,1,507
2636,4,0.7738065,186,2586,N,6.66666666666667,1,507
3778,5,0.88613325,213,2636,N,8.33333333333333,1,507
2854,6,0.88613325,213,3778,N,10,1,507
2633,7,0.86949225,209,2854,N,11.6666666666667,1,507
4242,8,0.93605625,225,2633,N,13.3333333333333,1,507
5686,9,0.8902935,214,4242,N,15,1,507
4800,10,0.99846,240,5686,N,16.6666666666667,1,507
5106,11,1.09414575,263,4800,N,18.3333333333333,1,507
4256,12,1.17735075,283,5106,N,20,1,507
4674,13,1.248075,300,4256,N,21.6666666666667,1,507
5094,14,1.33128,320,4674,N,23.3333333333333,1,507
4239,15,1.4560875,350,5094,N,25,1,507
6377,16,1.67658075,403,4239,N,26.6666666666667,1,507
6493,17,1.8055485,434,6377,N,28.3333333333333,1,507
6935,18,1.6724205,402,6493,N,30,1,507
6933,19,0.72804375,175,6935,Y,31.6666666666667,2,507
6083,20,0.798768,192,6933,N,33.3333333333333,2,507
7161,21,0.732204,176,6083,N,35,2,507
7600,22,0.75300525,181,7161,N,36.6666666666667,2,507
7852,23,0.71140275,171,7600,N,38.3333333333333,2,507
10698,24,0.765486,184,7852,N,40,2,507
8548,25,0.8902935,214,10698,N,41.6666666666667,2,507
9173,26,0.8736525,210,8548,N,43.3333333333333,2,507
9626,27,0.96933825,233,9173,N,45,2,507
8489,28,1.02758175,247,9626,N,46.6666666666667,2,507
10353,29,1.26887625,305,8489,N,48.3333333333333,2,507
9167,30,1.1565495,278,10353,N,50,2,507
9413,31,1.21895325,293,9167,N,51.6666666666667,2,507
11168,32,1.3229595,318,9413,N,53.3333333333333,2,507
11585,33,0.449307,108,11168,Y,55,3,507
11932,35,0.615717,148,11585,N,58.3333333333333,3,507
12400,36,0.5408325,130,11932,N,60,3,507
12509,37,0.53667225,129,12400,N,61.6666666666667,3,507
2766,0,1.73482425,417,NA,N,0,0,508
2853,1,1.72650375,415,2766,N,1.66666666666667,0,508
2879,2,0.88613325,213,2853,Y,3.33333333333333,1,508
2745,3,0.93605625,225,2879,N,5,1,508
2956,4,0.91941525,221,2745,N,6.66666666666667,1,508
3901,5,0.9235755,222,2956,N,8.33333333333333,1,508
3061,6,1.0733445,258,3901,N,10,1,508
3090,7,1.04422275,251,3061,N,11.6666666666667,1,508
4336,8,1.048383,252,3090,N,13.3333333333333,1,508
5820,9,1.1066265,266,4336,N,15,1,508
4951,10,1.13574825,273,5820,N,16.6666666666667,1,508
5255,11,1.131588,272,4951,N,18.3333333333333,1,508
4516,12,1.27719675,307,5255,N,20,1,508
4816,13,1.35208125,325,4516,N,21.6666666666667,1,508
5253,14,1.43528625,345,4816,N,23.3333333333333,1,508
4330,15,1.4061645,338,5253,N,25,1,508
6455,16,1.597536,384,4330,N,26.6666666666667,1,508
6570,17,1.747305,420,6455,N,28.3333333333333,1,508
7051,18,1.730664,416,6570,N,30,1,508
7052,19,0.915255,220,7051,Y,31.6666666666667,2,508
6127,20,0.898614,216,7052,N,33.3333333333333,2,508
7309,21,1.00262025,241,6127,N,35,2,508
7691,22,0.9568575,230,7309,N,36.6666666666667,2,508
7946,23,1.01926125,245,7691,N,38.3333333333333,2,508
10747,24,1.03590225,249,7946,N,40,2,508
8655,25,1.01926125,245,10747,N,41.6666666666667,2,508
9412,26,1.13574825,273,8655,N,43.3333333333333,2,508
9816,27,1.131588,272,9412,N,45,2,508
8580,28,1.38536325,333,9816,N,46.6666666666667,2,508
10398,29,1.47688875,355,8580,N,48.3333333333333,2,508
9430,30,0.85285125,205,10398,Y,50,3,508
9535,31,0.76132575,183,9430,N,51.6666666666667,3,508
11227,32,0.815409,196,9535,N,53.3333333333333,3,508
11708,33,0.77796675,187,11227,N,55,3,508
11161,34,0.79460775,191,11708,N,56.6666666666667,3,508
12045,35,0.8736525,210,11161,N,58.3333333333333,3,508
12555,36,1.18567125,285,12045,N,60,3,508
12709,37,1.13574825,273,12555,N,61.6666666666667,3,508
2797,0,1.980279,476,NA,N,0,0,509
2882,1,1.54345275,371,2797,N,1.66666666666667,0,509
2922,2,0.981819,236,2882,Y,3.33333333333333,1,509
2770,3,0.93605625,225,2922,N,5,1,509
2992,4,1.0899855,262,2770,N,6.66666666666667,1,509
3930,5,1.065024,256,2992,N,8.33333333333333,1,509
3092,6,1.114947,268,3930,N,10,1,509
3121,7,1.21895325,293,3092,N,11.6666666666667,1,509
4350,8,1.1066265,266,3121,N,13.3333333333333,1,509
5844,9,1.16487,280,4350,N,15,1,509
4989,10,1.0400625,250,5844,N,16.6666666666667,1,509
5276,11,1.11910725,269,4989,N,18.3333333333333,1,509
4537,12,1.25223525,301,5276,N,20,1,509
4851,13,1.231434,296,4537,N,21.6666666666667,1,509
5311,14,1.51017075,363,4851,N,23.3333333333333,1,509
4347,15,1.614177,388,5311,N,25,1,509
6471,16,1.597536,384,4347,N,26.6666666666667,1,509
6589,17,1.39368375,335,6471,N,28.3333333333333,1,509
7079,18,0.77796675,187,6589,Y,30,2,509
7089,19,0.88613325,213,7079,N,31.6666666666667,2,509
6139,20,0.81124875,195,7089,N,33.3333333333333,2,509
7350,21,0.915255,220,6139,N,35,2,509
7723,22,0.83205,200,7350,N,36.6666666666667,2,509
7972,23,0.88613325,213,7723,N,38.3333333333333,2,509
10760,24,0.91109475,219,7972,N,40,2,509
8682,25,0.8902935,214,10760,N,41.6666666666667,2,509
9485,26,0.9901395,238,8682,N,43.3333333333333,2,509
9859,27,1.13574825,273,9485,N,45,2,509
8602,28,1.1399085,274,9859,N,46.6666666666667,2,509
10409,29,1.28551725,309,8602,N,48.3333333333333,2,509
9554,30,1.364562,328,10409,N,50,2,509
9138,31,1.57673475,379,9554,N,51.6666666666667,2,509
11754,33,1.4893695,358,9138,N,55,2,509
11547,34,0.6573195,158,11754,Y,56.6666666666667,3,509
12452,35,0.748845,180,11547,N,58.3333333333333,3,509
12931,36,0.8570115,206,12452,N,60,3,509
12995,37,0.83205,200,12931,N,61.6666666666667,3,509
3234,0,1.248075,300,NA,N,0,0,510
3455,1,1.381203,332,3234,N,1.66666666666667,0,510
3453,2,1.35208125,325,3455,N,3.33333333333333,0,510
3272,3,1.35208125,325,3453,N,5,0,510
3588,4,1.51017075,363,3272,N,6.66666666666667,0,510
3996,5,1.65993975,399,3588,N,8.33333333333333,0,510
3493,6,0.87781275,211,3996,Y,10,1,510
3755,7,0.8070885,194,3493,N,11.6666666666667,1,510
5514,8,0.8403705,202,3755,N,13.3333333333333,1,510
5945,9,0.99846,240,5514,N,15,1,510
5293,10,0.98597925,237,5945,N,16.6666666666667,1,510
5600,11,0.96101775,231,5293,N,18.3333333333333,1,510
4858,12,1.01926125,245,5600,N,20,1,510
5201,13,1.16487,280,4858,N,21.6666666666667,1,510
5667,14,1.098306,264,5201,N,23.3333333333333,1,510
4506,15,1.12742775,271,5667,N,25,1,510
6613,16,1.098306,264,4506,N,26.6666666666667,1,510
6743,17,1.30215825,313,6613,N,28.3333333333333,1,510
7296,18,1.4394465,346,6743,N,30,1,510
7325,19,1.3396005,322,7296,N,31.6666666666667,1,510
6212,20,1.49769,360,7325,N,33.3333333333333,1,510
8103,21,1.547613,372,6212,N,35,1,510
7853,22,1.7556255,422,8103,N,36.6666666666667,1,510
8110,23,1.7223435,414,7853,N,38.3333333333333,1,510
10847,24,1.6724205,402,8110,N,40,1,510
8950,25,0.765486,184,10847,Y,41.6666666666667,2,510
10060,27,0.88613325,213,8950,N,45,2,510
8749,28,0.981819,236,10060,N,46.6666666666667,2,510
10500,29,0.915255,220,8749,N,48.3333333333333,2,510
9183,30,0.80292825,193,10500,N,50,2,510
9849,31,0.97765875,235,9183,N,51.6666666666667,2,510
11422,32,1.06918425,257,9849,N,53.3333333333333,2,510
11981,33,1.22727375,295,11422,N,55,2,510
11455,34,1.2730365,306,11981,N,56.6666666666667,2,510
12434,35,1.31047875,315,11455,N,58.3333333333333,2,510
12909,36,1.3229595,318,12434,N,60,2,510
12978,37,0.65315925,157,12909,Y,61.6666666666667,3,510
3363,0,1.06918425,257,NA,N,0,0,511
3569,1,0.99846,240,3363,N,1.66666666666667,0,511
3554,2,1.131588,272,3569,N,3.33333333333333,0,511
3364,3,1.081665,260,3554,N,5,0,511
3740,4,1.1565495,278,3364,N,6.66666666666667,0,511
4019,5,1.16070975,279,3740,N,8.33333333333333,0,511
3630,6,1.2397545,298,4019,N,10,0,511
3857,7,1.464408,352,3630,N,11.6666666666667,0,511
5633,8,1.2397545,298,3857,N,13.3333333333333,0,511
5967,9,1.5226515,366,5633,N,15,0,511
5384,10,1.63497825,393,5967,N,16.6666666666667,0,511
5692,11,1.5060105,362,5384,N,18.3333333333333,0,511
4980,12,1.70154225,409,5692,N,20,0,511
5313,13,1.8554715,446,4980,N,21.6666666666667,0,511
5781,14,1.780587,428,5313,N,23.3333333333333,0,511
4612,15,1.70986275,411,5781,N,25,0,511
6667,16,1.8554715,446,4612,N,26.6666666666667,0,511
6784,17,0.9734985,234,6667,Y,28.3333333333333,1,511
7386,18,1.0067805,242,6784,N,30,1,511
7426,19,1.081665,260,7386,N,31.6666666666667,1,511
6243,20,1.0733445,258,7426,N,33.3333333333333,1,511
8176,21,1.15238925,277,6243,N,35,1,511
7919,22,1.397844,336,8176,N,36.6666666666667,1,511
8167,23,1.114947,268,7919,N,38.3333333333333,1,511
10885,24,1.31879925,317,8167,N,40,1,511
9141,25,1.264716,304,10885,N,41.6666666666667,1,511
10036,26,1.6058565,386,9141,N,43.3333333333333,1,511
10167,27,0.71972325,173,10036,Y,45,2,511
8911,28,0.848691,204,10167,N,46.6666666666667,2,511
10554,29,1.02758175,247,8911,N,48.3333333333333,2,511
9487,30,0.88613325,213,10554,N,50,2,511
10138,31,0.99846,240,9487,N,51.6666666666667,2,511
11522,32,1.07750475,259,10138,N,53.3333333333333,2,511
12109,33,1.214793,292,11522,N,55,2,511
11694,34,1.30215825,313,12109,N,56.6666666666667,2,511
12613,35,1.514331,364,11694,N,58.3333333333333,2,511
13064,36,0.67812075,163,12613,Y,60,3,511
13111,37,0.815409,196,13064,N,61.6666666666667,3,511
3149,0,0.8403705,202,NA,N,0,0,512
3386,1,0.8736525,210,3149,N,1.66666666666667,0,512
3378,2,0.89445375,215,3386,N,3.33333333333333,0,512
3207,3,0.89445375,215,3378,N,5,0,512
3512,4,1.01926125,245,3207,N,6.66666666666667,0,512
3982,5,1.0234215,246,3512,N,8.33333333333333,0,512
3414,6,1.1232675,270,3982,N,10,0,512
3681,7,1.14406875,275,3414,N,11.6666666666667,0,512
5450,8,1.231434,296,3681,N,13.3333333333333,0,512
5934,9,1.31047875,315,5450,N,15,0,512
5257,10,1.364562,328,5934,N,16.6666666666667,0,512
5531,11,1.34376075,323,5257,N,18.3333333333333,0,512
4801,12,1.51849125,365,5531,N,20,0,512
5150,13,1.47688875,355,4801,N,21.6666666666667,0,512
5617,14,1.75146525,421,5150,N,23.3333333333333,0,512
4472,15,1.61001675,387,5617,N,25,0,512
6588,16,0.898614,216,4472,Y,26.6666666666667,1,512
6717,17,0.881973,212,6588,N,28.3333333333333,1,512
7257,18,0.96101775,231,6717,N,30,1,512
7294,19,1.0067805,242,7257,N,31.6666666666667,1,512
6201,20,1.1066265,266,7294,N,33.3333333333333,1,512
8079,21,1.3562415,326,6201,N,35,1,512
7833,22,1.248075,300,8079,N,36.6666666666667,1,512
8085,23,1.22727375,295,7833,N,38.3333333333333,1,512
10835,24,1.347921,324,8085,N,40,1,512
8898,25,0.83621025,201,10835,Y,41.6666666666667,2,512
9813,26,0.99429975,239,8898,N,43.3333333333333,2,512
10037,27,0.86949225,209,9813,N,45,2,512
8723,28,0.86117175,207,10037,N,46.6666666666667,2,512
10485,29,0.915255,220,8723,N,48.3333333333333,2,512
8993,30,1.01094075,243,10485,N,50,2,512
9811,31,1.2397545,298,8993,N,51.6666666666667,2,512
11378,32,1.22727375,295,9811,N,53.3333333333333,2,512
11943,33,1.37704275,331,11378,N,55,2,512
11417,34,1.43528625,345,11943,N,56.6666666666667,2,512
12392,35,0.66564,160,11417,Y,58.3333333333333,3,512
3343,0,0.7738065,186,NA,N,0,0,513
3550,1,0.9568575,230,3343,N,1.66666666666667,0,513
3537,2,0.97765875,235,3550,N,3.33333333333333,0,513
3342,3,0.8403705,202,3537,N,5,0,513
3709,4,0.93605625,225,3342,N,6.66666666666667,0,513
4015,5,0.99429975,239,3709,N,8.33333333333333,0,513
3607,6,1.281357,308,4015,N,10,0,513
3852,7,1.18567125,285,3607,N,11.6666666666667,0,513
5613,8,1.27719675,307,3852,N,13.3333333333333,0,513
5962,9,1.59337575,383,5613,N,15,0,513
5669,11,1.65993975,399,5962,N,18.3333333333333,0,513
4945,12,0.92773575,223,5669,Y,20,1,513
5283,13,0.9069345,218,4945,N,21.6666666666667,1,513
5743,14,0.87781275,211,5283,N,23.3333333333333,1,513
4577,15,0.8736525,210,5743,N,25,1,513
6654,16,0.8570115,206,4577,N,26.6666666666667,1,513
6776,17,0.92773575,223,6654,N,28.3333333333333,1,513
7361,18,0.898614,216,6776,N,30,1,513
7395,19,1.0067805,242,7361,N,31.6666666666667,1,513
6234,20,1.03590225,249,7395,N,33.3333333333333,1,513
8154,21,1.065024,256,6234,N,35,1,513
7902,22,1.16070975,279,8154,N,36.6666666666667,1,513
8156,23,1.11078675,267,7902,N,38.3333333333333,1,513
10876,24,1.148229,276,8156,N,40,1,513
9089,25,1.248075,300,10876,N,41.6666666666667,1,513
9954,26,0.82788975,199,9089,Y,43.3333333333333,2,513
10118,27,0.948537,228,9954,N,45,2,513
8833,28,0.97765875,235,10118,N,46.6666666666667,2,513
10528,29,0.931896,224,8833,N,48.3333333333333,2,513
9353,30,0.81124875,195,10528,N,50,2,513
9905,31,0.915255,220,9353,N,51.6666666666667,2,513
11478,32,1.0234215,246,9905,N,53.3333333333333,2,513
12053,33,1.23559425,297,11478,N,55,2,513
11627,34,1.33128,320,12053,N,56.6666666666667,2,513
12530,35,1.2730365,306,11627,N,58.3333333333333,2,513
13001,36,0.75300525,181,12530,Y,60,3,513
13046,37,0.76964625,185,13001,N,61.6666666666667,3,513
