Spot.ID,Frame,Area,Quality,Source.spot.ID,IF_Divided,Time,generation_count,track
2561,0,0.7238835,174,NA,N,0,0,1
2379,1,0.68644125,165,2561,N,1.66666666666667,0,1
2482,2,0.65315925,157,2379,N,3.33333333333333,0,1
2672,3,0.63651825,153,2482,N,5,0,1
2464,4,0.6906015,166,2672,N,6.66666666666667,0,1
2429,5,0.582435,140,2464,N,8.33333333333333,0,1
2938,6,0.76964625,185,2429,N,10,0,1
2463,7,0.76964625,185,2938,N,11.6666666666667,0,1
3622,8,0.69476175,167,2463,N,13.3333333333333,0,1
3325,9,0.7738065,186,3622,N,15,0,1
3246,10,0.648999,156,3325,N,16.6666666666667,0,1
3716,11,0.698922,168,3246,N,18.3333333333333,0,1
3078,12,0.6906015,166,3716,N,20,0,1
3634,13,0.698922,168,3078,N,21.6666666666667,0,1
3954,14,0.7072425,170,3634,N,23.3333333333333,0,1
3785,15,0.60323625,145,3954,N,25,0,1
4370,16,0.632358,152,3785,N,26.6666666666667,0,1
5160,17,0.66980025,161,4370,N,28.3333333333333,0,1
4472,18,0.75300525,181,5160,N,30,0,1
4704,19,0.74468475,179,4472,N,31.6666666666667,0,1
5011,20,0.66980025,161,4704,N,33.3333333333333,0,1
4501,21,0.698922,168,5011,N,35,0,1
4474,22,0.63651825,153,4501,N,36.6666666666667,0,1
4522,23,0.5907555,142,4474,N,38.3333333333333,0,1
5628,24,0.57827475,139,4522,N,40,0,1
5699,25,0.582435,140,5628,N,41.6666666666667,0,1
6225,28,0.5741145,138,5699,N,46.6666666666667,0,1
5587,29,0.52003125,125,6225,N,48.3333333333333,0,1
5996,30,0.532512,128,5587,N,50,0,1
7586,33,0.65315925,157,5996,N,55,0,1
7713,41,0.53667225,129,7586,N,68.3333333333333,0,1
8695,43,0.582435,140,7713,N,71.6666666666667,0,1
8771,44,0.63651825,153,8695,N,73.3333333333333,0,1
8301,45,0.6573195,158,8771,N,75,0,1
9369,49,0.55331325,133,8301,N,81.6666666666667,0,1
10085,50,0.62819775,151,9369,N,83.3333333333333,0,1
10550,51,0.61155675,147,10085,N,85,0,1
10194,52,0.632358,152,10550,N,86.6666666666667,0,1
9838,53,0.5907555,142,10194,N,88.3333333333333,0,1
10438,54,0.66147975,159,9838,N,90,0,1
10617,55,0.56995425,137,10438,N,91.6666666666667,0,1
11133,56,0.55331325,133,10617,N,93.3333333333333,0,1
11050,57,0.5741145,138,11133,N,95,0,1
2819,0,0.74468475,179,NA,N,0,0,2
2753,1,0.73636425,177,2819,N,1.66666666666667,0,2
2915,2,0.76964625,185,2753,N,3.33333333333333,0,2
2898,3,0.848691,204,2915,N,5,0,2
2785,4,1.0067805,242,2898,N,6.66666666666667,0,2
2659,5,0.88613325,213,2785,N,8.33333333333333,0,2
2990,6,1.015101,244,2659,N,10,0,2
2727,7,1.01094075,243,2990,N,11.6666666666667,0,2
3745,8,0.99846,240,2727,N,13.3333333333333,0,2
3393,9,1.08582525,261,3745,N,15,0,2
3334,10,1.031742,248,3393,N,16.6666666666667,0,2
4061,11,1.1066265,266,3334,N,18.3333333333333,0,2
3166,12,1.1399085,274,4061,N,20,0,2
3870,13,1.18567125,285,3166,N,21.6666666666667,0,2
3997,14,1.11910725,269,3870,N,23.3333333333333,0,2
3886,15,1.214793,292,3997,N,25,0,2
4746,16,1.21895325,293,3886,N,26.6666666666667,0,2
5212,17,1.25223525,301,4746,N,28.3333333333333,0,2
4877,18,1.37704275,331,5212,N,30,0,2
4928,19,1.431126,344,4877,N,31.6666666666667,0,2
5058,20,1.447767,348,4928,N,33.3333333333333,0,2
4789,21,1.564254,376,5058,N,35,0,2
4815,22,2.12588775,511,4789,N,36.6666666666667,0,2
4799,23,2.2382145,538,4815,N,38.3333333333333,0,2
6032,24,1.015101,244,4799,Y,40,1,2
5981,25,1.131588,272,6032,N,41.6666666666667,1,2
2837,0,1.55177325,373,NA,N,0,0,3
2778,1,1.614177,388,2837,N,1.66666666666667,0,3
2923,2,1.70986275,411,2778,N,3.33333333333333,0,3
2903,3,1.95947775,471,2923,N,5,0,3
2807,4,1.73482425,417,2903,N,6.66666666666667,0,3
2671,5,1.90123425,457,2807,N,8.33333333333333,0,3
2993,6,1.99692,480,2671,N,10,0,3
2740,7,0.83621025,201,2993,Y,11.6666666666667,1,3
3750,8,0.8570115,206,2740,N,13.3333333333333,1,3
3396,9,0.81956925,197,3750,N,15,1,3
3340,10,0.9235755,222,3396,N,16.6666666666667,1,3
4064,11,0.865332,208,3340,N,18.3333333333333,1,3
3173,12,0.8902935,214,4064,N,20,1,3
3878,13,0.91941525,221,3173,N,21.6666666666667,1,3
4001,14,0.9901395,238,3878,N,23.3333333333333,1,3
3898,15,0.94437675,227,4001,N,25,1,3
4776,16,1.048383,252,3898,N,26.6666666666667,1,3
5217,17,0.98597925,237,4776,N,28.3333333333333,1,3
4944,18,1.06086375,255,5217,N,30,1,3
4932,19,1.10246625,265,4944,N,31.6666666666667,1,3
5063,20,1.114947,268,4932,N,33.3333333333333,1,3
4826,21,1.12742775,271,5063,N,35,1,3
4848,22,1.11078675,267,4826,N,36.6666666666667,1,3
4825,23,1.15238925,277,4848,N,38.3333333333333,1,3
6047,24,1.15238925,277,4825,N,40,1,3
6003,25,1.19399175,287,6047,N,41.6666666666667,1,3
5979,26,1.2730365,306,6003,N,43.3333333333333,1,3
6180,27,1.26055575,303,5979,N,45,1,3
6294,28,1.31047875,315,6180,N,46.6666666666667,1,3
5857,29,1.214793,292,6294,N,48.3333333333333,1,3
6368,30,1.28551725,309,5857,N,50,1,3
6327,31,1.29383775,311,6368,N,51.6666666666667,1,3
7047,32,1.1898315,286,6327,N,53.3333333333333,1,3
7648,33,1.26887625,305,7047,N,55,1,3
7508,34,1.2563955,302,7648,N,56.6666666666667,1,3
6689,35,1.29383775,311,7508,N,58.3333333333333,1,3
7408,36,1.314639,316,6689,N,60,1,3
7386,37,1.347921,324,7408,N,61.6666666666667,1,3
7099,38,1.3229595,318,7386,N,63.3333333333333,1,3
6581,39,1.37704275,331,7099,N,65,1,3
8025,40,1.39368375,335,6581,N,66.6666666666667,1,3
7842,41,1.41864525,341,8025,N,68.3333333333333,1,3
8634,42,1.41864525,341,7842,N,70,1,3
8887,43,1.39368375,335,8634,N,71.6666666666667,1,3
9082,44,1.38536325,333,8887,N,73.3333333333333,1,3
9016,45,1.431126,344,9082,N,75,1,3
8231,46,1.41032475,339,9016,N,76.6666666666667,1,3
9306,47,1.46024775,351,8231,N,78.3333333333333,1,3
9592,48,1.431126,344,9306,N,80,1,3
9767,49,1.5060105,362,9592,N,81.6666666666667,1,3
10334,50,1.547613,372,9767,N,83.3333333333333,1,3
10790,51,1.6724205,402,10334,N,85,1,3
10314,52,1.83051,440,10790,N,86.6666666666667,1,3
10010,53,2.00940075,483,10314,N,88.3333333333333,1,3
10677,54,2.0551635,494,10010,N,90,1,3
10860,55,2.1716505,522,10677,N,91.6666666666667,1,3
11358,56,2.22573375,535,10860,N,93.3333333333333,1,3
11233,57,2.50031025,601,11358,N,95,1,3
11917,58,2.3879835,574,11233,N,96.6666666666667,1,3
13056,59,2.579355,620,11917,N,98.3333333333333,1,3
12496,60,1.06086375,255,13056,Y,100,2,3
13384,61,1.31047875,315,12496,N,101.666666666667,2,3
13869,62,1.647459,396,13384,N,103.333333333333,2,3
13771,63,1.7722665,426,13869,N,105,2,3
12795,64,1.79306775,431,13771,N,106.666666666667,2,3
12208,65,1.85131125,445,12795,N,108.333333333333,2,3
14243,66,2.00108025,481,12208,N,110,2,3
14666,67,1.9220355,462,14243,N,111.666666666667,2,3
15453,68,2.3214195,558,14666,N,113.333333333333,2,3
15154,69,1.980279,476,15453,N,115,2,3
15231,70,1.51849125,365,15154,N,116.666666666667,2,3
2075,0,0.898614,216,NA,N,0,0,4
2053,1,0.898614,216,2075,N,1.66666666666667,0,4
2048,2,0.881973,212,2053,N,3.33333333333333,0,4
2061,3,0.8570115,206,2048,N,5,0,4
2041,4,1.00262025,241,2061,N,6.66666666666667,0,4
2045,5,0.8902935,214,2041,N,8.33333333333333,0,4
2109,6,0.99846,240,2045,N,10,0,4
2034,7,0.93605625,225,2109,N,11.6666666666667,0,4
3449,8,0.98597925,237,2034,N,13.3333333333333,0,4
3183,9,1.0567035,254,3449,N,15,0,4
3104,10,1.11078675,267,3183,N,16.6666666666667,0,4
3420,11,1.13574825,273,3104,N,18.3333333333333,0,4
3014,12,1.1399085,274,3420,N,20,0,4
3470,13,1.16487,280,3014,N,21.6666666666667,0,4
3436,14,1.098306,264,3470,N,23.3333333333333,0,4
3437,15,1.21063275,291,3436,N,25,0,4
4090,16,1.2896775,310,3437,N,26.6666666666667,0,4
5088,17,1.297998,312,4090,N,28.3333333333333,0,4
4101,18,1.29383775,311,5088,N,30,0,4
4122,19,1.381203,332,4101,N,31.6666666666667,0,4
4508,20,1.4394465,346,4122,N,33.3333333333333,0,4
4150,21,1.4727285,354,4508,N,35,0,4
4187,22,1.5392925,370,4150,N,36.6666666666667,0,4
4253,23,1.5559335,374,4187,N,38.3333333333333,0,4
5259,24,1.5559335,374,4253,N,40,0,4
5355,25,1.65993975,399,5259,N,41.6666666666667,0,4
5386,26,1.6724205,402,5355,N,43.3333333333333,0,4
5347,27,1.7389845,418,5386,N,45,0,4
5375,28,1.7722665,426,5347,N,46.6666666666667,0,4
5244,29,1.83467025,441,5375,N,48.3333333333333,0,4
5327,30,1.963638,472,5244,N,50,0,4
5451,31,2.080125,500,5327,N,51.6666666666667,0,4
6723,32,2.2714965,546,5451,N,53.3333333333333,0,4
7440,33,2.23405425,537,6723,N,55,0,4
6757,34,2.30893875,555,7440,N,56.6666666666667,0,4
6468,35,2.379663,572,6757,N,58.3333333333333,0,4
6966,36,2.30893875,555,6468,N,60,0,4
7255,37,1.35208125,325,6966,Y,61.6666666666667,1,4
6772,38,1.36872225,329,7255,N,63.3333333333333,1,4
6412,39,1.26055575,303,6772,N,65,1,4
7881,40,1.231434,296,6412,N,66.6666666666667,1,4
7692,41,1.23559425,297,7881,N,68.3333333333333,1,4
8417,42,1.29383775,311,7692,N,70,1,4
8672,43,1.41032475,339,8417,N,71.6666666666667,1,4
8512,44,1.4560875,350,8672,N,73.3333333333333,1,4
8277,45,1.5725745,378,8512,N,75,1,4
8058,46,1.697382,408,8277,N,76.6666666666667,1,4
9127,47,1.6224975,390,8058,N,78.3333333333333,1,4
9400,48,1.66826025,401,9127,N,80,1,4
9351,49,1.91787525,461,9400,N,81.6666666666667,1,4
10066,50,2.11756725,509,9351,N,83.3333333333333,1,4
10515,51,2.03436225,489,10066,N,85,1,4
10179,52,2.22573375,535,10515,N,86.6666666666667,1,4
9815,53,1.0733445,258,10179,Y,88.3333333333333,2,4
10419,54,1.16070975,279,9815,N,90,2,4
10574,55,1.2730365,306,10419,N,91.6666666666667,2,4
11094,56,1.065024,256,10574,N,93.3333333333333,2,4
11025,57,1.397844,336,11094,N,95,2,4
11833,58,1.597536,384,11025,N,96.6666666666667,2,4
12880,59,1.647459,396,11833,N,98.3333333333333,2,4
13457,61,1.75978575,423,12880,N,101.666666666667,2,4
14106,62,1.72650375,415,13457,N,103.333333333333,2,4
13929,63,1.59337575,383,14106,N,105,2,4
12871,64,1.66826025,401,13929,N,106.666666666667,2,4
12283,65,1.90955475,459,12871,N,108.333333333333,2,4
14379,66,1.730664,416,12283,N,110,2,4
14728,67,1.57673475,379,14379,N,111.666666666667,2,4
15667,68,2.0218815,486,14728,N,113.333333333333,2,4
15344,69,1.90123425,457,15667,N,115,2,4
15431,70,1.84299075,443,15344,N,116.666666666667,2,4
2843,0,0.81956925,197,NA,N,0,0,5
2783,1,0.87781275,211,2843,N,1.66666666666667,0,5
2925,2,0.88613325,213,2783,N,3.33333333333333,0,5
2904,3,0.94437675,227,2925,N,5,0,5
2820,4,1.031742,248,2904,N,6.66666666666667,0,5
2678,5,0.9901395,238,2820,N,8.33333333333333,0,5
2995,6,1.0567035,254,2678,N,10,0,5
2761,7,1.248075,300,2995,N,11.6666666666667,0,5
3757,8,1.15238925,277,2761,N,13.3333333333333,0,5
3398,9,1.264716,304,3757,N,15,0,5
3344,10,1.2730365,306,3398,N,16.6666666666667,0,5
4066,11,1.26887625,305,3344,N,18.3333333333333,0,5
3182,12,1.264716,304,4066,N,20,0,5
3885,13,1.36040175,327,3182,N,21.6666666666667,0,5
4003,14,1.46856825,353,3885,N,23.3333333333333,0,5
3904,15,1.4560875,350,4003,N,25,0,5
4783,16,1.4893695,358,3904,N,26.6666666666667,0,5
5219,17,1.5226515,366,4783,N,28.3333333333333,0,5
4954,18,1.62665775,391,5219,N,30,0,5
4935,19,1.680741,404,4954,N,31.6666666666667,0,5
5065,20,1.68490125,405,4935,N,33.3333333333333,0,5
4839,21,1.730664,416,5065,N,35,0,5
4871,22,2.2881375,550,4839,N,36.6666666666667,0,5
4835,23,0.865332,208,4871,Y,38.3333333333333,1,5
6068,24,1.01094075,243,4835,N,40,1,5
6016,25,1.114947,268,6068,N,41.6666666666667,1,5
2590,0,1.4893695,358,NA,N,0,0,6
2433,1,1.2730365,306,2590,N,1.66666666666667,0,6
2497,2,1.4228055,342,2433,N,3.33333333333333,0,6
2680,3,1.564254,376,2497,N,5,0,6
2475,4,1.564254,376,2680,N,6.66666666666667,0,6
2436,5,1.6224975,390,2475,N,8.33333333333333,0,6
2945,6,1.7223435,414,2436,N,10,0,6
2485,7,1.78474725,429,2945,N,11.6666666666667,0,6
3633,8,1.730664,416,2485,N,13.3333333333333,0,6
3329,9,1.72650375,415,3633,N,15,0,6
3251,10,2.01772125,485,3329,N,16.6666666666667,0,6
4012,11,1.880433,452,3251,N,18.3333333333333,0,6
3080,12,1.9885995,478,4012,N,20,0,6
3643,13,2.2215735,534,3080,N,21.6666666666667,0,6
3956,14,2.263176,544,3643,N,23.3333333333333,0,6
3787,15,2.3047785,554,3956,N,25,0,6
4431,16,2.146689,516,3787,N,26.6666666666667,0,6
5164,17,1.08582525,261,4431,Y,28.3333333333333,1,6
4525,18,1.1066265,266,5164,N,30,1,6
4734,19,1.20231225,289,4525,N,31.6666666666667,1,6
5018,20,1.264716,304,4734,N,33.3333333333333,1,6
4548,21,1.2730365,306,5018,N,35,1,6
4513,22,1.33544025,321,4548,N,36.6666666666667,1,6
4565,23,1.381203,332,4513,N,38.3333333333333,1,6
5654,24,1.5226515,366,4565,N,40,1,6
5743,25,1.5725745,378,5654,N,41.6666666666667,1,6
5772,26,1.57673475,379,5743,N,43.3333333333333,1,6
6050,27,1.7722665,426,5772,N,45,1,6
6233,28,1.79306775,431,6050,N,46.6666666666667,1,6
5629,29,1.8554715,446,6233,N,48.3333333333333,1,6
6034,30,1.9885995,478,5629,N,50,1,6
6134,31,2.24237475,539,6034,N,51.6666666666667,1,6
6921,32,2.396304,576,6134,N,53.3333333333333,1,6
7596,33,2.263176,544,6921,N,55,1,6
7212,34,2.0884455,502,7596,N,56.6666666666667,1,6
6647,35,1.98443925,477,7212,N,58.3333333333333,1,6
7191,36,1.2563955,302,6647,Y,60,2,6
7343,37,1.23559425,297,7191,N,61.6666666666667,2,6
6965,38,1.31047875,315,7343,N,63.3333333333333,2,6
2847,0,0.96933825,233,NA,N,0,0,7
2787,1,1.01094075,243,2847,N,1.66666666666667,0,7
2928,2,1.015101,244,2787,N,3.33333333333333,0,7
2905,3,1.05254325,253,2928,N,5,0,7
2826,4,1.08582525,261,2905,N,6.66666666666667,0,7
2681,5,1.15238925,277,2826,N,8.33333333333333,0,7
2996,6,1.14406875,275,2681,N,10,0,7
2766,7,1.20231225,289,2996,N,11.6666666666667,0,7
3759,8,1.2896775,310,2766,N,13.3333333333333,0,7
3399,9,1.264716,304,3759,N,15,0,7
3346,10,1.36872225,329,3399,N,16.6666666666667,0,7
4067,11,1.364562,328,3346,N,18.3333333333333,0,7
3185,12,1.32711975,319,4067,N,20,0,7
3887,13,1.414485,340,3185,N,21.6666666666667,0,7
4004,14,1.43528625,345,3887,N,23.3333333333333,0,7
3907,15,1.46856825,353,4004,N,25,0,7
4793,16,1.381203,332,3907,N,26.6666666666667,0,7
5221,17,1.464408,352,4793,N,28.3333333333333,0,7
4958,18,1.447767,348,5221,N,30,0,7
4937,19,1.5060105,362,4958,N,31.6666666666667,0,7
5067,20,1.54345275,371,4937,N,33.3333333333333,0,7
4846,21,1.564254,376,5067,N,35,0,7
4879,22,1.53513225,369,4846,N,36.6666666666667,0,7
4847,23,1.64329875,395,4879,N,38.3333333333333,0,7
6080,24,1.747305,420,4847,N,40,0,7
6030,25,1.86795225,449,6080,N,41.6666666666667,0,7
5998,26,1.9553175,470,6030,N,43.3333333333333,0,7
6186,27,1.96779825,473,5998,N,45,0,7
6300,28,2.263176,544,6186,N,46.6666666666667,0,7
5878,29,2.23405425,537,6300,N,48.3333333333333,0,7
6372,30,2.3879835,574,5878,N,50,0,7
6335,31,1.12742775,271,6372,Y,51.6666666666667,1,7
7057,32,1.2231135,294,6335,N,53.3333333333333,1,7
7652,33,1.248075,300,7057,N,55,1,7
7516,34,1.397844,336,7652,N,56.6666666666667,1,7
6694,35,1.43528625,345,7516,N,58.3333333333333,1,7
7413,36,1.54345275,371,6694,N,60,1,7
7391,37,1.6724205,402,7413,N,61.6666666666667,1,7
7110,38,1.66826025,401,7391,N,63.3333333333333,1,7
6585,39,1.74314475,419,7110,N,65,1,7
8029,40,1.863792,448,6585,N,66.6666666666667,1,7
7847,41,1.80138825,433,8029,N,68.3333333333333,1,7
8639,42,2.00108025,481,7847,N,70,1,7
8894,43,1.930356,464,8639,N,71.6666666666667,1,7
9087,44,2.2548555,542,8894,N,73.3333333333333,1,7
9026,45,2.53359225,609,9087,N,75,1,7
8237,46,2.5377525,610,9026,N,76.6666666666667,1,7
9312,47,2.69168175,647,8237,N,78.3333333333333,1,7
9597,48,1.2730365,306,9312,Y,80,2,7
9772,49,1.35208125,325,9597,N,81.6666666666667,2,7
10342,50,1.5392925,370,9772,N,83.3333333333333,2,7
11632,51,1.4727285,354,10342,N,85,2,7
10675,52,1.5060105,362,11632,N,86.6666666666667,2,7
10016,53,1.597536,384,10675,N,88.3333333333333,2,7
11120,54,1.580895,380,10016,N,90,2,7
11532,55,1.747305,420,11120,N,91.6666666666667,2,7
11781,56,1.797228,432,11532,N,93.3333333333333,2,7
11795,57,1.80138825,433,11781,N,95,2,7
12062,58,2.0052405,482,11795,N,96.6666666666667,2,7
13242,59,2.379663,572,12062,N,98.3333333333333,2,7
12732,60,2.2714965,546,13242,N,100,2,7
13554,61,2.22573375,535,12732,N,101.666666666667,2,7
14470,62,2.46702825,593,13554,N,103.333333333333,2,7
14234,63,2.60847675,627,14470,N,105,2,7
13070,64,1.04422275,251,14234,Y,106.666666666667,3,7
12380,65,1.15238925,277,13070,N,108.333333333333,3,7
14507,66,1.33544025,321,12380,N,110,3,7
14828,67,1.36040175,327,14507,N,111.666666666667,3,7
15885,68,1.4560875,350,14828,N,113.333333333333,3,7
15668,69,1.4893695,358,15885,N,115,3,7
15787,70,1.647459,396,15668,N,116.666666666667,3,7
2083,0,1.32711975,319,NA,N,0,0,8
2060,1,1.38536325,333,2083,N,1.66666666666667,0,8
2054,2,1.364562,328,2060,N,3.33333333333333,0,8
2071,3,1.414485,340,2054,N,5,0,8
2049,4,1.49352975,359,2071,N,6.66666666666667,0,8
2052,5,1.49352975,359,2049,N,8.33333333333333,0,8
2132,6,1.530972,368,2052,N,10,0,8
2047,7,1.597536,384,2132,N,11.6666666666667,0,8
3450,8,1.64329875,395,2047,N,13.3333333333333,0,8
3188,9,1.714023,412,3450,N,15,0,8
3106,10,1.61001675,387,3188,N,16.6666666666667,0,8
3421,11,1.78474725,429,3106,N,18.3333333333333,0,8
3015,12,1.8221895,438,3421,N,20,0,8
3471,13,1.9885995,478,3015,N,21.6666666666667,0,8
3438,14,2.030202,488,3471,N,23.3333333333333,0,8
3439,15,1.747305,420,3438,N,25,0,8
4091,16,2.0884455,502,3439,N,26.6666666666667,0,8
5090,17,1.10246625,265,4091,Y,28.3333333333333,1,8
4108,18,1.14406875,275,5090,N,30,1,8
4128,19,1.14406875,275,4108,N,31.6666666666667,1,8
4514,20,1.18567125,285,4128,N,33.3333333333333,1,8
4152,21,1.27719675,307,4514,N,35,1,8
4188,22,1.18567125,285,4152,N,36.6666666666667,1,8
4254,23,1.231434,296,4188,N,38.3333333333333,1,8
5260,24,1.281357,308,4254,N,40,1,8
5356,25,1.23559425,297,5260,N,41.6666666666667,1,8
5391,26,1.42696575,343,5356,N,43.3333333333333,1,8
5348,27,1.36872225,329,5391,N,45,1,8
5380,28,1.481049,356,5348,N,46.6666666666667,1,8
5245,29,1.4893695,358,5380,N,48.3333333333333,1,8
5329,30,1.56009375,375,5245,N,50,1,8
5457,31,1.70154225,409,5329,N,51.6666666666667,1,8
6724,32,1.76810625,425,5457,N,53.3333333333333,1,8
7443,33,1.813869,436,6724,N,55,1,8
6759,34,1.930356,464,7443,N,56.6666666666667,1,8
6471,35,1.9553175,470,6759,N,58.3333333333333,1,8
6969,36,2.06764425,497,6471,N,60,1,8
7257,37,2.2881375,550,6969,N,61.6666666666667,1,8
6777,38,2.58351525,621,7257,N,63.3333333333333,1,8
6413,39,2.48366925,597,6777,N,65,1,8
7883,40,1.18567125,285,6413,Y,66.6666666666667,2,8
7695,41,1.314639,316,7883,N,68.3333333333333,2,8
8420,42,1.347921,324,7695,N,70,2,8
8674,43,1.281357,308,8420,N,71.6666666666667,2,8
8517,44,1.47688875,355,8674,N,73.3333333333333,2,8
8280,45,1.61001675,387,8517,N,75,2,8
8060,46,1.730664,416,8280,N,76.6666666666667,2,8
9129,47,2.04268275,491,8060,N,78.3333333333333,2,8
9401,48,2.17581075,523,9129,N,80,2,8
9353,49,2.36718225,569,9401,N,81.6666666666667,2,8
10068,50,2.33390025,561,9353,N,83.3333333333333,2,8
10850,51,2.3713425,570,10068,N,85,2,8
10382,52,2.429586,584,10850,N,86.6666666666667,2,8
9819,53,1.248075,300,10382,Y,88.3333333333333,3,8
10870,54,1.26055575,303,9819,N,90,3,8
10933,55,1.31879925,317,10870,N,91.6666666666667,3,8
11475,56,1.31879925,317,10933,N,93.3333333333333,3,8
11298,57,1.3562415,326,11475,N,95,3,8
11947,58,1.5226515,366,11298,N,96.6666666666667,3,8
13113,59,1.51849125,365,11947,N,98.3333333333333,3,8
12524,60,1.6641,400,13113,N,100,3,8
13416,61,1.71818325,413,12524,N,101.666666666667,3,8
13963,62,1.90123425,457,13416,N,103.333333333333,3,8
13754,63,1.9553175,470,13963,N,105,3,8
12194,65,1.1898315,286,13754,Y,108.333333333333,4,8
14202,66,1.37704275,331,12194,N,110,4,8
14648,67,1.3562415,326,14202,N,111.666666666667,4,8
15396,68,1.31047875,315,14648,N,113.333333333333,4,8
15100,69,1.347921,324,15396,N,115,4,8
2851,0,0.27041625,65,NA,N,0,0,9
2791,1,0.26209575,63,2851,N,1.66666666666667,0,9
2933,2,0.2912175,70,2791,N,3.33333333333333,0,9
2906,3,0.366102,88,2933,N,5,0,9
2827,4,0.2579355,62,2906,N,6.66666666666667,0,9
2683,5,0.3244995,78,2827,N,8.33333333333333,0,9
2997,6,0.30369825,73,2683,N,10,0,9
2769,7,0.2912175,70,2997,N,11.6666666666667,0,9
3761,8,0.316179,76,2769,N,13.3333333333333,0,9
3400,9,0.2912175,70,3761,N,15,0,9
3348,10,0.3910635,94,3400,N,16.6666666666667,0,9
4068,11,0.27873675,67,3348,N,18.3333333333333,0,9
3187,12,0.2745765,66,4068,N,20,0,9
3890,13,0.27041625,65,3187,N,21.6666666666667,0,9
3908,15,0.38690325,93,3890,N,25,0,9
2090,0,1.297998,312,NA,N,0,0,10
2069,1,1.3396005,322,2090,N,1.66666666666667,0,10
2063,2,1.29383775,311,2069,N,3.33333333333333,0,10
2079,3,1.3728825,330,2063,N,5,0,10
2057,4,1.36872225,329,2079,N,6.66666666666667,0,10
2059,5,1.4893695,358,2057,N,8.33333333333333,0,10
2136,6,1.530972,368,2059,N,10,0,10
2056,7,1.5892155,382,2136,N,11.6666666666667,0,10
3451,8,1.6391385,394,2056,N,13.3333333333333,0,10
3191,9,1.6724205,402,3451,N,15,0,10
3108,10,1.61833725,389,3191,N,16.6666666666667,0,10
3422,11,1.66826025,401,3108,N,18.3333333333333,0,10
3016,12,1.73482425,417,3422,N,20,0,10
3472,13,1.7889075,430,3016,N,21.6666666666667,0,10
3440,14,1.8554715,446,3472,N,23.3333333333333,0,10
3485,15,1.85131125,445,3440,N,25,0,10
4093,16,1.8887535,454,3485,N,26.6666666666667,0,10
5091,17,1.97611875,475,4093,N,28.3333333333333,0,10
4112,18,1.95947775,471,5091,N,30,0,10
4232,19,2.1050865,506,4112,N,31.6666666666667,0,10
4528,20,2.13420825,513,4232,N,33.3333333333333,0,10
4154,21,2.08428525,501,4528,N,35,0,10
4190,22,2.1716505,522,4154,N,36.6666666666667,0,10
4256,23,2.19245175,527,4190,N,38.3333333333333,0,10
5264,24,2.32974,560,4256,N,40,0,10
5366,25,2.15084925,517,5264,N,41.6666666666667,0,10
5411,26,2.07596475,499,5366,N,43.3333333333333,0,10
5350,27,1.96779825,473,5411,N,45,0,10
5389,28,2.02604175,487,5350,N,46.6666666666667,0,10
5246,29,2.37550275,571,5389,N,48.3333333333333,0,10
5330,30,2.45038725,589,5246,N,50,0,10
5463,31,2.5211115,606,5330,N,51.6666666666667,0,10
6725,32,2.48366925,597,5463,N,53.3333333333333,0,10
7449,33,1.2896775,310,6725,Y,55,1,10
6764,34,1.397844,336,7449,N,56.6666666666667,1,10
6475,35,1.248075,300,6764,N,58.3333333333333,1,10
6975,36,1.4394465,346,6475,N,60,1,10
7260,37,1.198152,288,6975,N,61.6666666666667,1,10
6415,39,1.447767,348,7260,N,65,1,10
7885,40,1.61001675,387,6415,N,66.6666666666667,1,10
7696,41,1.7057025,410,7885,N,68.3333333333333,1,10
8421,42,1.65161925,397,7696,N,70,1,10
8676,43,1.7889075,430,8421,N,71.6666666666667,1,10
8521,44,1.81802925,437,8676,N,73.3333333333333,1,10
8282,45,1.8554715,446,8521,N,75,1,10
8061,46,2.0052405,482,8282,N,76.6666666666667,1,10
9131,47,2.05100325,493,8061,N,78.3333333333333,1,10
9404,48,2.10092625,505,9131,N,80,1,10
9354,49,2.32974,560,9404,N,81.6666666666667,1,10
10069,50,2.24237475,539,9354,N,83.3333333333333,1,10
10520,51,1.06918425,257,10069,Y,85,2,10
10180,52,1.148229,276,10520,N,86.6666666666667,2,10
9820,53,1.24391475,299,10180,N,88.3333333333333,2,10
2863,0,1.7889075,430,NA,N,0,0,11
2804,1,1.90123425,457,2863,N,1.66666666666667,0,11
2942,2,0.881973,212,2804,Y,3.33333333333333,1,11
2909,3,0.91941525,221,2942,N,5,1,11
2841,4,0.931896,224,2909,N,6.66666666666667,1,11
2697,5,0.8736525,210,2841,N,8.33333333333333,1,11
3000,6,0.915255,220,2697,N,10,1,11
2773,7,0.9734985,234,3000,N,11.6666666666667,1,11
3767,8,0.9235755,222,2773,N,13.3333333333333,1,11
3403,9,0.98597925,237,3767,N,15,1,11
3354,10,0.94437675,227,3403,N,16.6666666666667,1,11
4071,11,0.9402165,226,3354,N,18.3333333333333,1,11
3195,12,0.98597925,237,4071,N,20,1,11
3897,13,0.99429975,239,3195,N,21.6666666666667,1,11
4007,14,1.06086375,255,3897,N,23.3333333333333,1,11
3917,15,0.97765875,235,4007,N,25,1,11
4810,16,1.114947,268,3917,N,26.6666666666667,1,11
5225,17,1.16070975,279,4810,N,28.3333333333333,1,11
4967,18,1.2064725,290,5225,N,30,1,11
4946,19,1.231434,296,4967,N,31.6666666666667,1,11
5069,20,1.181511,284,4946,N,33.3333333333333,1,11
4858,21,1.19399175,287,5069,N,35,1,11
4889,22,1.1898315,286,4858,N,36.6666666666667,1,11
4859,23,1.2064725,290,4889,N,38.3333333333333,1,11
6092,24,1.19399175,287,4859,N,40,1,11
6046,25,1.2064725,290,6092,N,41.6666666666667,1,11
6012,26,1.15238925,277,6046,N,43.3333333333333,1,11
6193,27,1.114947,268,6012,N,45,1,11
6306,28,1.264716,304,6193,N,46.6666666666667,1,11
5902,29,1.47688875,355,6306,N,48.3333333333333,1,11
6377,30,1.31879925,317,5902,N,50,1,11
6341,31,1.3063185,314,6377,N,51.6666666666667,1,11
7073,32,1.3562415,326,6341,N,53.3333333333333,1,11
7658,33,1.2730365,306,7073,N,55,1,11
7525,34,1.25223525,301,7658,N,56.6666666666667,1,11
6699,35,1.2231135,294,7525,N,58.3333333333333,1,11
7418,36,1.35208125,325,6699,N,60,1,11
7396,37,1.297998,312,7418,N,61.6666666666667,1,11
7126,38,1.29383775,311,7396,N,63.3333333333333,1,11
6590,39,1.31047875,315,7126,N,65,1,11
8034,40,1.37704275,331,6590,N,66.6666666666667,1,11
7852,41,1.4228055,342,8034,N,68.3333333333333,1,11
8644,42,1.3895235,334,7852,N,70,1,11
8901,43,1.34376075,323,8644,N,71.6666666666667,1,11
9093,44,1.34376075,323,8901,N,73.3333333333333,1,11
9036,45,1.51017075,363,9093,N,75,1,11
8241,46,1.5392925,370,9036,N,76.6666666666667,1,11
9319,47,1.381203,332,8241,N,78.3333333333333,1,11
2608,0,0.981819,236,NA,N,0,0,12
2447,1,1.0400625,250,2608,N,1.66666666666667,0,12
2502,2,1.048383,252,2447,N,3.33333333333333,0,12
2689,3,1.114947,268,2502,N,5,0,12
2484,4,1.16070975,279,2689,N,6.66666666666667,0,12
2443,5,1.1565495,278,2484,N,8.33333333333333,0,12
2949,6,1.24391475,299,2443,N,10,0,12
2534,7,1.3229595,318,2949,N,11.6666666666667,0,12
3639,8,1.3728825,330,2534,N,13.3333333333333,0,12
3332,9,1.35208125,325,3639,N,15,0,12
3255,10,1.43528625,345,3332,N,16.6666666666667,0,12
4016,11,1.564254,376,3255,N,18.3333333333333,0,12
3083,12,1.44360675,347,4016,N,20,0,12
3651,13,1.61833725,389,3083,N,21.6666666666667,0,12
3959,14,1.4394465,346,3651,N,23.3333333333333,0,12
3790,15,1.4727285,354,3959,N,25,0,12
4448,16,1.67658075,403,3790,N,26.6666666666667,0,12
5168,17,1.46856825,353,4448,N,28.3333333333333,0,12
4551,18,1.6724205,402,5168,N,30,0,12
4750,19,1.80138825,433,4551,N,31.6666666666667,0,12
5021,20,1.9053945,458,4750,N,33.3333333333333,0,12
4571,21,1.90123425,457,5021,N,35,0,12
4531,22,1.9386765,466,4571,N,36.6666666666667,0,12
4590,23,1.01094075,243,4531,Y,38.3333333333333,1,12
5672,24,1.14406875,275,4590,N,40,1,12
5766,25,1.1731905,282,5672,N,41.6666666666667,1,12
5789,26,1.23559425,297,5766,N,43.3333333333333,1,12
6063,27,1.29383775,311,5789,N,45,1,12
2868,0,1.6724205,402,NA,N,0,0,13
2810,1,1.514331,364,2868,N,1.66666666666667,0,13
2944,2,1.67658075,403,2810,N,3.33333333333333,0,13
2910,3,1.72650375,415,2944,N,5,0,13
2848,4,1.780587,428,2910,N,6.66666666666667,0,13
2702,5,1.80138825,433,2848,N,8.33333333333333,0,13
3001,6,1.8221895,438,2702,N,10,0,13
2779,7,1.88459325,453,3001,N,11.6666666666667,0,13
3769,8,1.85963175,447,2779,N,13.3333333333333,0,13
3405,9,1.92619575,463,3769,N,15,0,13
3358,10,1.88459325,453,3405,N,16.6666666666667,0,13
4073,11,1.89291375,455,3358,N,18.3333333333333,0,13
3198,12,1.897074,456,4073,N,20,0,13
3900,13,1.87627275,451,3198,N,21.6666666666667,0,13
4008,14,2.0718045,498,3900,N,23.3333333333333,0,13
3920,15,2.17581075,523,4008,N,25,0,13
4816,16,2.146689,516,3920,N,26.6666666666667,0,13
5226,17,2.44206675,587,4816,N,28.3333333333333,0,13
4970,18,2.4379065,586,5226,N,30,0,13
4949,19,2.462868,592,4970,N,31.6666666666667,0,13
5072,20,2.546073,612,4949,N,33.3333333333333,0,13
4876,21,1.13574825,273,5072,Y,35,1,13
4898,22,1.114947,268,4876,N,36.6666666666667,1,13
4870,23,1.27719675,307,4898,N,38.3333333333333,1,13
2869,0,0.748845,180,NA,N,0,0,14
2816,1,0.80292825,193,2869,N,1.66666666666667,0,14
2946,2,0.782127,188,2816,N,3.33333333333333,0,14
2911,3,0.78628725,189,2946,N,5,0,14
2853,4,0.75300525,181,2911,N,6.66666666666667,0,14
2705,5,0.7571655,182,2853,N,8.33333333333333,0,14
3002,6,0.8070885,194,2705,N,10,0,14
2782,7,0.7738065,186,3002,N,11.6666666666667,0,14
3772,8,0.7571655,182,2782,N,13.3333333333333,0,14
3406,9,0.83621025,201,3772,N,15,0,14
4074,11,0.66147975,159,3406,N,18.3333333333333,0,14
3201,12,0.7072425,170,4074,N,20,0,14
3903,13,0.8570115,206,3201,N,21.6666666666667,0,14
4009,14,0.83621025,201,3903,N,23.3333333333333,0,14
4821,16,0.7904475,190,4009,N,26.6666666666667,0,14
5227,17,0.8902935,214,4821,N,28.3333333333333,0,14
4974,18,0.9069345,218,5227,N,30,0,14
4952,19,0.8570115,206,4974,N,31.6666666666667,0,14
5074,20,0.965178,232,4952,N,33.3333333333333,0,14
4882,21,0.865332,208,5074,N,35,0,14
4905,22,0.87781275,211,4882,N,36.6666666666667,0,14
4880,23,0.83621025,201,4905,N,38.3333333333333,0,14
6101,24,0.848691,204,4880,N,40,0,14
6057,25,0.8902935,214,6101,N,41.6666666666667,0,14
6196,27,0.61987725,149,6057,N,45,0,14
6310,28,0.77796675,187,6196,N,46.6666666666667,0,14
5913,29,0.8237295,198,6310,N,48.3333333333333,0,14
6379,30,0.77796675,187,5913,N,50,0,14
7661,33,0.88613325,213,6379,N,55,0,14
7533,34,0.715563,172,7661,N,56.6666666666667,0,14
6701,35,0.69476175,167,7533,N,58.3333333333333,0,14
7421,36,0.79460775,191,6701,N,60,0,14
8038,40,0.7738065,186,7421,N,66.6666666666667,0,14
7855,41,0.748845,180,8038,N,68.3333333333333,0,14
8904,43,0.848691,204,7855,N,71.6666666666667,0,14
9096,44,0.815409,196,8904,N,73.3333333333333,0,14
9041,45,0.7571655,182,9096,N,75,0,14
8244,46,0.77796675,187,9041,N,76.6666666666667,0,14
9321,47,0.8237295,198,8244,N,78.3333333333333,0,14
9607,48,0.7904475,190,9321,N,80,0,14
9785,49,0.83621025,201,9607,N,81.6666666666667,0,14
10368,50,0.732204,176,9785,N,83.3333333333333,0,14
10804,51,0.71140275,171,10368,N,85,0,14
10341,52,0.7405245,178,10804,N,86.6666666666667,0,14
10033,53,0.85285125,205,10341,N,88.3333333333333,0,14
10724,54,0.8736525,210,10033,N,90,0,14
10887,55,0.66980025,161,10724,N,91.6666666666667,0,14
11384,56,0.7405245,178,10887,N,93.3333333333333,0,14
11244,57,0.76132575,183,11384,N,95,0,14
14136,62,0.70308225,169,11244,N,103.333333333333,0,14
13959,63,0.7072425,170,14136,N,105,0,14
12890,64,0.73636425,177,13959,N,106.666666666667,0,14
12292,65,0.68644125,165,12890,N,108.333333333333,0,14
15692,68,0.6906015,166,12292,N,113.333333333333,0,14
15365,69,0.6406785,154,15692,N,115,0,14
2617,0,1.0067805,242,NA,N,0,0,15
2527,1,1.1232675,270,2617,N,1.66666666666667,0,15
2642,2,1.0400625,250,2527,N,3.33333333333333,0,15
2699,3,1.04422275,251,2642,N,5,0,15
2498,4,0.91109475,219,2699,N,6.66666666666667,0,15
2465,5,0.96101775,231,2498,N,8.33333333333333,0,15
2956,6,0.94437675,227,2465,N,10,0,15
2547,7,0.8570115,206,2956,N,11.6666666666667,0,15
3647,8,0.95269725,229,2547,N,13.3333333333333,0,15
3339,9,0.981819,236,3647,N,15,0,15
3261,10,1.06086375,255,3339,N,16.6666666666667,0,15
4022,11,0.981819,236,3261,N,18.3333333333333,0,15
3088,12,0.981819,236,4022,N,20,0,15
3660,13,0.948537,228,3088,N,21.6666666666667,0,15
3962,14,0.89445375,215,3660,N,23.3333333333333,0,15
3793,15,1.06086375,255,3962,N,25,0,15
4467,16,0.91941525,221,3793,N,26.6666666666667,0,15
5172,17,0.93605625,225,4467,N,28.3333333333333,0,15
2621,0,0.915255,220,NA,N,0,0,16
2537,1,0.881973,212,2621,N,1.66666666666667,0,16
2714,2,0.82788975,199,2537,N,3.33333333333333,0,16
2720,3,0.86949225,209,2714,N,5,0,16
2503,4,0.91109475,219,2720,N,6.66666666666667,0,16
2473,5,0.94437675,227,2503,N,8.33333333333333,0,16
2959,6,0.87781275,211,2473,N,10,0,16
2559,7,0.93605625,225,2959,N,11.6666666666667,0,16
3652,8,1.03590225,249,2559,N,13.3333333333333,0,16
3343,9,0.9901395,238,3652,N,15,0,16
3265,10,1.081665,260,3343,N,16.6666666666667,0,16
4025,11,1.048383,252,3265,N,18.3333333333333,0,16
3090,12,0.98597925,237,4025,N,20,0,16
3666,13,1.03590225,249,3090,N,21.6666666666667,0,16
3964,14,1.01094075,243,3666,N,23.3333333333333,0,16
3795,15,0.981819,236,3964,N,25,0,16
4478,16,0.94437675,227,3795,N,26.6666666666667,0,16
5174,17,1.12742775,271,4478,N,28.3333333333333,0,16
4579,18,1.05254325,253,5174,N,30,0,16
4774,19,1.1066265,266,4579,N,31.6666666666667,0,16
5025,20,1.04422275,251,4774,N,33.3333333333333,0,16
4600,21,1.16903025,281,5025,N,35,0,16
4568,22,1.1066265,266,4600,N,36.6666666666667,0,16
4617,23,1.31047875,315,4568,N,38.3333333333333,0,16
5700,24,1.181511,284,4617,N,40,0,16
5803,25,1.25223525,301,5700,N,41.6666666666667,0,16
5816,26,1.181511,284,5803,N,43.3333333333333,0,16
6085,27,1.17735075,283,5816,N,45,0,16
6241,28,1.29383775,311,6085,N,46.6666666666667,0,16
5661,29,1.22727375,295,6241,N,48.3333333333333,0,16
6070,30,1.41864525,341,5661,N,50,0,16
6253,31,1.25223525,301,6070,N,51.6666666666667,0,16
6937,32,1.38536325,333,6253,N,53.3333333333333,0,16
7601,33,1.29383775,311,6937,N,55,0,16
7264,34,1.36872225,329,7601,N,56.6666666666667,0,16
6652,35,1.19399175,287,7264,N,58.3333333333333,0,16
7198,36,1.314639,316,6652,N,60,0,16
7349,37,1.55177325,373,7198,N,61.6666666666667,0,16
6988,38,1.580895,380,7349,N,63.3333333333333,0,16
6544,39,1.5559335,374,6988,N,65,0,16
7984,40,1.48520925,357,6544,N,66.6666666666667,0,16
7796,41,1.55177325,373,7984,N,68.3333333333333,0,16
8585,42,1.59337575,383,7796,N,70,0,16
8817,43,1.6557795,398,8585,N,71.6666666666667,0,16
8982,44,1.64329875,395,8817,N,73.3333333333333,0,16
8418,45,1.66826025,401,8982,N,75,0,16
8173,46,1.69322175,407,8418,N,76.6666666666667,0,16
9249,47,1.763946,424,8173,N,78.3333333333333,0,16
9531,48,1.74314475,419,9249,N,80,0,16
9714,49,1.714023,412,9531,N,81.6666666666667,0,16
10218,50,1.81802925,437,9714,N,83.3333333333333,0,16
11515,51,1.863792,448,10218,N,85,0,16
10542,52,2.080125,500,11515,N,86.6666666666667,0,16
9947,53,2.229894,536,10542,N,88.3333333333333,0,16
11029,54,2.313099,556,9947,N,90,0,16
11404,55,2.4878295,598,11029,N,91.6666666666667,0,16
11721,56,2.2881375,550,11404,N,93.3333333333333,0,16
11682,57,2.76656625,665,11721,N,95,0,16
12030,58,2.60015625,625,11682,N,96.6666666666667,0,16
13208,59,1.35208125,325,12030,Y,98.3333333333333,1,16
12651,60,1.31047875,315,13208,N,100,1,16
13515,61,1.48520925,357,12651,N,101.666666666667,1,16
2114,0,0.8736525,210,NA,N,0,0,17
2093,1,0.91941525,221,2114,N,1.66666666666667,0,17
2092,2,0.94437675,227,2093,N,3.33333333333333,0,17
2123,3,0.9568575,230,2092,N,5,0,17
2074,4,1.0234215,246,2123,N,6.66666666666667,0,17
2082,5,0.981819,236,2074,N,8.33333333333333,0,17
2146,6,1.081665,260,2082,N,10,0,17
2078,7,1.0899855,262,2146,N,11.6666666666667,0,17
3455,8,1.10246625,265,2078,N,13.3333333333333,0,17
3205,9,1.148229,276,3455,N,15,0,17
3120,10,1.09414575,263,3205,N,16.6666666666667,0,17
3560,11,1.17735075,283,3120,N,18.3333333333333,0,17
3020,12,1.2231135,294,3560,N,20,0,17
3476,13,1.214793,292,3020,N,21.6666666666667,0,17
3526,14,1.15238925,277,3476,N,23.3333333333333,0,17
3497,15,1.16487,280,3526,N,25,0,17
4105,16,1.18567125,285,3497,N,26.6666666666667,0,17
5095,17,1.18567125,285,4105,N,28.3333333333333,0,17
4124,18,1.15238925,277,5095,N,30,0,17
4241,19,1.20231225,289,4124,N,31.6666666666667,0,17
4554,20,1.2064725,290,4241,N,33.3333333333333,0,17
4159,21,1.214793,292,4554,N,35,0,17
4198,22,1.21063275,291,4159,N,36.6666666666667,0,17
4261,23,1.20231225,289,4198,N,38.3333333333333,0,17
5274,24,1.214793,292,4261,N,40,0,17
5383,25,1.16487,280,5274,N,41.6666666666667,0,17
5424,26,1.1066265,266,5383,N,43.3333333333333,0,17
5363,27,1.14406875,275,5424,N,45,0,17
5410,28,1.248075,300,5363,N,46.6666666666667,0,17
5250,29,1.2563955,302,5410,N,48.3333333333333,0,17
5335,30,1.24391475,299,5250,N,50,0,17
5485,31,1.27719675,307,5335,N,51.6666666666667,0,17
6734,32,1.20231225,289,5485,N,53.3333333333333,0,17
7462,33,1.19399175,287,6734,N,55,0,17
6776,34,1.21063275,291,7462,N,56.6666666666667,0,17
6482,35,1.2064725,290,6776,N,58.3333333333333,0,17
6986,36,1.1399085,274,6482,N,60,0,17
7268,37,1.148229,276,6986,N,61.6666666666667,0,17
6797,38,0.80292825,193,7268,N,63.3333333333333,0,17
6422,39,1.114947,268,6797,N,65,0,17
7892,40,1.1399085,274,6422,N,66.6666666666667,0,17
7703,41,1.181511,284,7892,N,68.3333333333333,0,17
8430,42,1.015101,244,7703,N,70,0,17
8685,43,1.00262025,241,8430,N,71.6666666666667,0,17
8530,44,1.1066265,266,8685,N,73.3333333333333,0,17
8289,45,1.08582525,261,8530,N,75,0,17
8067,46,1.11910725,269,8289,N,76.6666666666667,0,17
9141,47,1.1066265,266,8067,N,78.3333333333333,0,17
9414,48,1.2563955,302,9141,N,80,0,17
9360,49,1.11910725,269,9414,N,81.6666666666667,0,17
10076,50,1.07750475,259,9360,N,83.3333333333333,0,17
10538,51,1.114947,268,10076,N,85,0,17
10184,52,1.06918425,257,10538,N,86.6666666666667,0,17
9826,53,1.048383,252,10184,N,88.3333333333333,0,17
10428,54,1.065024,256,9826,N,90,0,17
10591,55,1.06918425,257,10428,N,91.6666666666667,0,17
11108,56,0.96933825,233,10591,N,93.3333333333333,0,17
11035,57,1.04422275,251,11108,N,95,0,17
11838,58,0.7738065,186,11035,N,96.6666666666667,0,17
12889,59,0.96933825,233,11838,N,98.3333333333333,0,17
12411,60,0.83621025,201,12889,N,100,0,17
13273,61,1.0400625,250,12411,N,101.666666666667,0,17
13589,62,1.06086375,255,13273,N,103.333333333333,0,17
13655,63,1.0733445,258,13589,N,105,0,17
12609,64,1.12742775,271,13655,N,106.666666666667,0,17
12094,65,1.0400625,250,12609,N,108.333333333333,0,17
13938,66,0.92773575,223,12094,N,110,0,17
14553,67,1.0567035,254,13938,N,111.666666666667,0,17
15016,68,1.1898315,286,14553,N,113.333333333333,0,17
14865,69,1.06918425,257,15016,N,115,0,17
14911,70,1.00262025,241,14865,N,116.666666666667,0,17
2883,0,1.02758175,247,NA,N,0,0,18
2832,1,1.02758175,247,2883,N,1.66666666666667,0,18
2950,2,1.0400625,250,2832,N,3.33333333333333,0,18
2913,3,1.11078675,267,2950,N,5,0,18
2866,4,1.081665,260,2913,N,6.66666666666667,0,18
2733,5,1.1898315,286,2866,N,8.33333333333333,0,18
3004,6,1.22727375,295,2733,N,10,0,18
2793,7,1.21895325,293,3004,N,11.6666666666667,0,18
3776,8,1.32711975,319,2793,N,13.3333333333333,0,18
3408,9,1.2064725,290,3776,N,15,0,18
3362,10,1.36040175,327,3408,N,16.6666666666667,0,18
4076,11,1.42696575,343,3362,N,18.3333333333333,0,18
3207,12,1.314639,316,4076,N,20,0,18
3911,13,1.381203,332,3207,N,21.6666666666667,0,18
4013,14,1.46024775,351,3911,N,23.3333333333333,0,18
3926,15,1.431126,344,4013,N,25,0,18
4833,16,1.6641,400,3926,N,26.6666666666667,0,18
5229,17,1.547613,372,4833,N,28.3333333333333,0,18
4981,18,1.697382,408,5229,N,30,0,18
4959,19,1.61001675,387,4981,N,31.6666666666667,0,18
5076,20,1.7389845,418,4959,N,33.3333333333333,0,18
4895,21,1.86795225,449,5076,N,35,0,18
4915,22,1.92619575,463,4895,N,36.6666666666667,0,18
4892,23,2.04268275,491,4915,N,38.3333333333333,0,18
6120,24,1.181511,284,4892,Y,40,1,18
6073,25,1.264716,304,6120,N,41.6666666666667,1,18
6029,26,1.35208125,325,6073,N,43.3333333333333,1,18
6200,27,1.42696575,343,6029,N,45,1,18
6314,28,1.40200425,337,6200,N,46.6666666666667,1,18
5925,29,1.49769,360,6314,N,48.3333333333333,1,18
6381,30,1.55177325,373,5925,N,50,1,18
6344,31,1.597536,384,6381,N,51.6666666666667,1,18
7082,32,1.67658075,403,6344,N,53.3333333333333,1,18
7663,33,1.61833725,389,7082,N,55,1,18
7535,34,1.76810625,425,7663,N,56.6666666666667,1,18
6702,35,2.00108025,481,7535,N,58.3333333333333,1,18
7422,36,2.1550095,518,6702,N,60,1,18
7398,37,2.6209575,630,7422,N,61.6666666666667,1,18
7137,38,2.32557975,559,7398,N,63.3333333333333,1,18
6593,39,2.66672025,641,7137,N,65,1,18
8039,40,2.6375985,634,6593,N,66.6666666666667,1,18
7857,41,1.39368375,335,8039,Y,68.3333333333333,2,18
8648,42,1.43528625,345,7857,N,70,2,18
8906,43,1.4228055,342,8648,N,71.6666666666667,2,18
9099,44,1.52681175,367,8906,N,73.3333333333333,2,18
9045,45,1.5226515,366,9099,N,75,2,18
8246,46,1.747305,420,9045,N,76.6666666666667,2,18
9323,47,1.863792,448,8246,N,78.3333333333333,2,18
9611,48,1.7722665,426,9323,N,80,2,18
9788,49,2.0551635,494,9611,N,81.6666666666667,2,18
10374,50,2.17581075,523,9788,N,83.3333333333333,2,18
11677,51,0.931896,224,10374,Y,85,3,18
10729,52,1.0400625,250,11677,N,86.6666666666667,3,18
10035,53,0.9734985,234,10729,N,88.3333333333333,3,18
11164,54,1.065024,256,10035,N,90,3,18
11583,55,1.12742775,271,11164,N,91.6666666666667,3,18
11805,56,1.26887625,305,11583,N,93.3333333333333,3,18
11820,57,1.364562,328,11805,N,95,3,18
12075,58,1.49769,360,11820,N,96.6666666666667,3,18
13259,59,1.52681175,367,12075,N,98.3333333333333,3,18
12750,60,1.5226515,366,13259,N,100,3,18
13571,61,1.797228,432,12750,N,101.666666666667,3,18
14499,62,1.7889075,430,13571,N,103.333333333333,3,18
14272,63,1.913715,460,14499,N,105,3,18
13094,64,1.1565495,278,14272,Y,106.666666666667,4,18
2118,0,1.6557795,398,NA,N,0,0,19
2758,1,0.815409,196,2118,Y,1.66666666666667,1,19
2916,2,0.85285125,205,2758,N,3.33333333333333,1,19
2899,3,0.89445375,215,2916,N,5,1,19
2790,4,0.898614,216,2899,N,6.66666666666667,1,19
2661,5,0.9402165,226,2790,N,8.33333333333333,1,19
2991,6,0.8570115,206,2661,N,10,1,19
2730,7,0.83621025,201,2991,N,11.6666666666667,1,19
3747,8,0.915255,220,2730,N,13.3333333333333,1,19
3394,9,0.9235755,222,3747,N,15,1,19
3336,10,0.98597925,237,3394,N,16.6666666666667,1,19
4062,11,1.04422275,251,3336,N,18.3333333333333,1,19
3167,12,1.081665,260,4062,N,20,1,19
3873,13,1.015101,244,3167,N,21.6666666666667,1,19
3998,14,0.99429975,239,3873,N,23.3333333333333,1,19
3888,15,1.181511,284,3998,N,25,1,19
4751,16,1.14406875,275,3888,N,26.6666666666667,1,19
5213,17,0.9901395,238,4751,N,28.3333333333333,1,19
4884,18,1.1399085,274,5213,N,30,1,19
4929,19,1.11910725,269,4884,N,31.6666666666667,1,19
5059,20,1.06086375,255,4929,N,33.3333333333333,1,19
4794,21,1.11078675,267,5059,N,35,1,19
4819,22,1.10246625,265,4794,N,36.6666666666667,1,19
4806,23,1.131588,272,4819,N,38.3333333333333,1,19
6037,24,1.26887625,305,4806,N,40,1,19
5986,25,1.181511,284,6037,N,41.6666666666667,1,19
5971,26,1.364562,328,5986,N,43.3333333333333,1,19
6174,27,1.3728825,330,5971,N,45,1,19
6289,28,1.15238925,277,6174,N,46.6666666666667,1,19
5841,29,1.26055575,303,6289,N,48.3333333333333,1,19
6365,30,1.26055575,303,5841,N,50,1,19
6322,31,1.314639,316,6365,N,51.6666666666667,1,19
7042,32,1.45192725,349,6322,N,53.3333333333333,1,19
7643,33,1.41032475,339,7042,N,55,1,19
7504,34,1.48520925,357,7643,N,56.6666666666667,1,19
6686,35,1.697382,408,7504,N,58.3333333333333,1,19
7254,36,1.8221895,438,6686,N,60,1,19
7383,37,1.9220355,462,7254,N,61.6666666666667,1,19
7090,38,1.83051,440,7383,N,63.3333333333333,1,19
6577,39,2.30061825,553,7090,N,65,1,19
8020,40,2.2881375,550,6577,N,66.6666666666667,1,19
7836,41,2.313099,556,8020,N,68.3333333333333,1,19
8627,42,0.95269725,229,7836,Y,70,2,19
8882,43,1.148229,276,8627,N,71.6666666666667,2,19
8792,44,1.1565495,278,8882,N,73.3333333333333,2,19
8311,45,1.40200425,337,8792,N,75,2,19
8089,46,1.26887625,305,8311,N,76.6666666666667,2,19
9162,47,1.19399175,287,8089,N,78.3333333333333,2,19
9438,48,1.1731905,282,9162,N,80,2,19
9384,49,1.53513225,369,9438,N,81.6666666666667,2,19
10097,50,1.42696575,343,9384,N,83.3333333333333,2,19
10593,51,1.30215825,313,10097,N,85,2,19
10212,52,1.59337575,383,10593,N,86.6666666666667,2,19
9851,53,1.60169625,385,10212,N,88.3333333333333,2,19
10465,54,1.84299075,443,9851,N,90,2,19
10665,55,1.7889075,430,10465,N,91.6666666666667,2,19
11172,56,1.71818325,413,10665,N,93.3333333333333,2,19
11068,57,2.1383685,514,11172,N,95,2,19
2122,0,0.76964625,185,NA,N,0,0,20
2100,1,0.93605625,225,2122,N,1.66666666666667,0,20
2098,2,0.9402165,226,2100,N,3.33333333333333,0,20
2127,3,0.95269725,229,2098,N,5,0,20
2080,4,0.8736525,210,2127,N,6.66666666666667,0,20
2088,5,0.94437675,227,2080,N,8.33333333333333,0,20
2178,6,0.865332,208,2088,N,10,0,20
2095,7,0.96101775,231,2178,N,11.6666666666667,0,20
3456,8,1.0400625,250,2095,N,13.3333333333333,0,20
3208,9,0.8237295,198,3456,N,15,0,20
3122,10,0.97765875,235,3208,N,16.6666666666667,0,20
3562,11,0.83621025,201,3122,N,18.3333333333333,0,20
3021,12,0.798768,192,3562,N,20,0,20
3477,13,0.98597925,237,3021,N,21.6666666666667,0,20
3835,14,0.87781275,211,3477,N,23.3333333333333,0,20
3498,15,0.981819,236,3835,N,25,0,20
4109,16,0.91941525,221,3498,N,26.6666666666667,0,20
5096,17,0.91941525,221,4109,N,28.3333333333333,0,20
4127,18,0.98597925,237,5096,N,30,0,20
4242,19,0.9734985,234,4127,N,31.6666666666667,0,20
4557,20,0.898614,216,4242,N,33.3333333333333,0,20
4160,21,1.03590225,249,4557,N,35,0,20
4200,22,1.065024,256,4160,N,36.6666666666667,0,20
4262,23,1.19399175,287,4200,N,38.3333333333333,0,20
5276,24,1.198152,288,4262,N,40,0,20
5388,25,1.2231135,294,5276,N,41.6666666666667,0,20
5428,26,1.22727375,295,5388,N,43.3333333333333,0,20
5368,27,1.21895325,293,5428,N,45,0,20
5415,28,1.17735075,283,5368,N,46.6666666666667,0,20
5251,29,1.031742,248,5415,N,48.3333333333333,0,20
5336,30,1.24391475,299,5251,N,50,0,20
5489,31,1.1399085,274,5336,N,51.6666666666667,0,20
6735,32,1.24391475,299,5489,N,53.3333333333333,0,20
7464,33,1.05254325,253,6735,N,55,0,20
6778,34,1.1232675,270,7464,N,56.6666666666667,0,20
6484,35,1.114947,268,6778,N,58.3333333333333,0,20
6990,36,1.181511,284,6484,N,60,0,20
2890,0,0.96101775,231,NA,N,0,0,21
2840,1,1.14406875,275,2890,N,1.66666666666667,0,21
2953,2,1.1232675,270,2840,N,3.33333333333333,0,21
2927,3,1.28551725,309,2953,N,5,0,21
2871,4,1.2231135,294,2927,N,6.66666666666667,0,21
2745,5,1.31879925,317,2871,N,8.33333333333333,0,21
3006,6,1.32711975,319,2745,N,10,0,21
2805,7,1.45192725,349,3006,N,11.6666666666667,0,21
3779,8,1.4893695,358,2805,N,13.3333333333333,0,21
3410,9,1.4727285,354,3779,N,15,0,21
3366,10,1.5226515,366,3410,N,16.6666666666667,0,21
4077,11,1.53513225,369,3366,N,18.3333333333333,0,21
3211,12,1.55177325,373,4077,N,20,0,21
3919,13,1.58505525,381,3211,N,21.6666666666667,0,21
4019,14,1.5559335,374,3919,N,23.3333333333333,0,21
3934,15,1.59337575,383,4019,N,25,0,21
4851,16,1.66826025,401,3934,N,26.6666666666667,0,21
5231,17,1.6557795,398,4851,N,28.3333333333333,0,21
4989,18,1.680741,404,5231,N,30,0,21
4971,19,1.78474725,429,4989,N,31.6666666666667,0,21
5080,20,1.80138825,433,4971,N,33.3333333333333,0,21
4907,21,1.797228,432,5080,N,35,0,21
4922,22,1.9220355,462,4907,N,36.6666666666667,0,21
4902,23,2.0218815,486,4922,N,38.3333333333333,0,21
6133,24,2.14252875,515,4902,N,40,0,21
6096,25,2.42542575,583,6133,N,41.6666666666667,0,21
6049,26,2.49198975,599,6096,N,43.3333333333333,0,21
6206,27,2.346381,564,6049,N,45,0,21
6324,28,1.07750475,259,6206,Y,46.6666666666667,1,21
5956,29,1.114947,268,6324,N,48.3333333333333,1,21
6388,30,1.31879925,317,5956,N,50,1,21
2893,0,0.7904475,190,NA,N,0,0,22
2846,1,0.83205,200,2893,N,1.66666666666667,0,22
2955,2,0.848691,204,2846,N,3.33333333333333,0,22
2930,3,0.8570115,206,2955,N,5,0,22
2878,4,0.881973,212,2930,N,6.66666666666667,0,22
2751,5,0.915255,220,2878,N,8.33333333333333,0,22
3007,6,0.93605625,225,2751,N,10,0,22
2811,7,0.948537,228,3007,N,11.6666666666667,0,22
3781,8,0.99846,240,2811,N,13.3333333333333,0,22
3411,9,1.0067805,242,3781,N,15,0,22
3368,10,1.0234215,246,3411,N,16.6666666666667,0,22
4078,11,1.0400625,250,3368,N,18.3333333333333,0,22
3217,12,1.0234215,246,4078,N,20,0,22
3922,13,1.08582525,261,3217,N,21.6666666666667,0,22
4021,14,1.10246625,265,3922,N,23.3333333333333,0,22
3936,15,1.1399085,274,4021,N,25,0,22
4857,16,1.16487,280,3936,N,26.6666666666667,0,22
5232,17,1.21895325,293,4857,N,28.3333333333333,0,22
4991,18,1.2896775,310,5232,N,30,0,22
4975,19,1.264716,304,4991,N,31.6666666666667,0,22
5081,20,1.33544025,321,4975,N,33.3333333333333,0,22
4912,21,1.3229595,318,5081,N,35,0,22
4924,22,1.35208125,325,4912,N,36.6666666666667,0,22
4906,23,1.347921,324,4924,N,38.3333333333333,0,22
6137,24,1.4893695,358,4906,N,40,0,22
6107,25,1.547613,372,6137,N,41.6666666666667,0,22
6061,26,1.5892155,382,6107,N,43.3333333333333,0,22
6209,27,1.547613,372,6061,N,45,0,22
6328,28,1.630818,392,6209,N,46.6666666666667,0,22
5965,29,1.697382,408,6328,N,48.3333333333333,0,22
6390,30,1.6890615,406,5965,N,50,0,22
6352,31,1.82634975,439,6390,N,51.6666666666667,0,22
7101,32,1.86795225,449,6352,N,53.3333333333333,0,22
7672,33,1.74314475,419,7101,N,55,0,22
7547,34,2.1550095,518,7672,N,56.6666666666667,0,22
6707,35,2.229894,536,7547,N,58.3333333333333,0,22
7427,36,2.0884455,502,6707,N,60,0,22
7403,37,2.2881375,550,7427,N,61.6666666666667,0,22
7156,38,1.946997,468,7403,N,63.3333333333333,0,22
6599,39,2.3879835,574,7156,N,65,0,22
8044,40,2.3547015,566,6599,N,66.6666666666667,0,22
7862,41,2.3713425,570,8044,N,68.3333333333333,0,22
8654,42,1.17735075,283,7862,Y,70,1,22
8914,43,1.11910725,269,8654,N,71.6666666666667,1,22
9105,44,1.30215825,313,8914,N,73.3333333333333,1,22
9065,45,1.25223525,301,9105,N,75,1,22
8255,46,1.31879925,317,9065,N,76.6666666666667,1,22
9331,47,1.35208125,325,8255,N,78.3333333333333,1,22
9620,48,1.41032475,339,9331,N,80,1,22
9798,49,1.431126,344,9620,N,81.6666666666667,1,22
10397,50,1.580895,380,9798,N,83.3333333333333,1,22
10817,51,1.60169625,385,10397,N,85,1,22
10351,52,1.7556255,422,10817,N,86.6666666666667,1,22
10047,53,1.780587,428,10351,N,88.3333333333333,1,22
10744,54,1.93451625,465,10047,N,90,1,22
10896,55,1.9553175,470,10744,N,91.6666666666667,1,22
11410,56,2.0884455,502,10896,N,93.3333333333333,1,22
11256,57,0.96101775,231,11410,Y,95,2,22
13401,61,0.99429975,239,11256,N,101.666666666667,2,22
13903,62,1.08582525,261,13401,N,103.333333333333,2,22
13797,63,1.11078675,267,13903,N,105,2,22
12807,64,1.08582525,261,13797,N,106.666666666667,2,22
12219,65,1.065024,256,12807,N,108.333333333333,2,22
14274,66,0.95269725,229,12219,N,110,2,22
14676,67,0.981819,236,14274,N,111.666666666667,2,22
15483,68,1.0067805,242,14676,N,113.333333333333,2,22
15181,69,0.97765875,235,15483,N,115,2,22
15253,70,1.25223525,301,15181,N,116.666666666667,2,22
2638,0,0.77796675,187,NA,N,0,0,23
2542,1,0.76964625,185,2638,N,1.66666666666667,0,23
2722,2,0.7571655,182,2542,N,3.33333333333333,0,23
2729,3,0.75300525,181,2722,N,5,0,23
2513,4,0.83621025,201,2729,N,6.66666666666667,0,23
2495,5,0.83205,200,2513,N,8.33333333333333,0,23
2962,6,0.881973,212,2495,N,10,0,23
2576,7,0.99846,240,2962,N,11.6666666666667,0,23
3664,8,0.96933825,233,2576,N,13.3333333333333,0,23
3351,9,0.98597925,237,3664,N,15,0,23
3273,10,0.948537,228,3351,N,16.6666666666667,0,23
4031,11,1.03590225,249,3273,N,18.3333333333333,0,23
3099,12,1.0234215,246,4031,N,20,0,23
3679,13,1.0400625,250,3099,N,21.6666666666667,0,23
3968,14,1.065024,256,3679,N,23.3333333333333,0,23
3802,15,1.02758175,247,3968,N,25,0,23
4505,16,1.048383,252,3802,N,26.6666666666667,0,23
5178,17,1.114947,268,4505,N,28.3333333333333,0,23
4603,18,1.1565495,278,5178,N,30,0,23
4786,19,1.248075,300,4603,N,31.6666666666667,0,23
5027,20,1.1232675,270,4786,N,33.3333333333333,0,23
4622,21,1.17735075,283,5027,N,35,0,23
4582,22,1.21895325,293,4622,N,36.6666666666667,0,23
4624,23,1.2896775,310,4582,N,38.3333333333333,0,23
5712,24,1.481049,356,4624,N,40,0,23
5820,25,1.58505525,381,5712,N,41.6666666666667,0,23
5827,26,1.38536325,333,5820,N,43.3333333333333,0,23
6095,27,1.5725745,378,5827,N,45,0,23
6243,28,1.75978575,423,6095,N,46.6666666666667,0,23
5678,29,1.83051,440,6243,N,48.3333333333333,0,23
6089,30,0.7571655,182,5678,Y,50,1,23
6264,31,0.8070885,194,6089,N,51.6666666666667,1,23
6956,32,0.66980025,161,6264,N,53.3333333333333,1,23
7607,33,0.7904475,190,6956,N,55,1,23
7446,34,0.798768,192,7607,N,56.6666666666667,1,23
6659,35,0.815409,196,7446,N,58.3333333333333,1,23
7211,36,0.91109475,219,6659,N,60,1,23
7354,37,0.80292825,193,7211,N,61.6666666666667,1,23
6549,39,0.9568575,230,7354,N,65,1,23
7989,40,0.96101775,231,6549,N,66.6666666666667,1,23
7801,41,1.09414575,263,7989,N,68.3333333333333,1,23
8590,42,1.0567035,254,7801,N,70,1,23
8825,43,1.11078675,267,8590,N,71.6666666666667,1,23
8990,44,1.16903025,281,8825,N,73.3333333333333,1,23
8446,45,1.51849125,365,8990,N,75,1,23
8178,46,1.46024775,351,8446,N,76.6666666666667,1,23
9254,47,1.3229595,318,8178,N,78.3333333333333,1,23
9537,48,1.6557795,398,9254,N,80,1,23
9720,49,1.7556255,422,9537,N,81.6666666666667,1,23
10230,50,1.98443925,477,9720,N,83.3333333333333,1,23
10723,51,0.848691,204,10230,Y,85,2,23
2158,0,1.29383775,311,NA,N,0,0,24
2116,1,1.264716,304,2158,N,1.66666666666667,0,24
2115,2,1.62665775,391,2116,N,3.33333333333333,0,24
2147,3,1.51849125,365,2115,N,5,0,24
2104,4,1.564254,376,2147,N,6.66666666666667,0,24
2125,5,1.6224975,390,2104,N,8.33333333333333,0,24
2206,6,1.68490125,405,2125,N,10,0,24
2126,7,1.71818325,413,2206,N,11.6666666666667,0,24
3460,8,1.77642675,427,2126,N,13.3333333333333,0,24
3223,9,1.65993975,399,3460,N,15,0,24
3130,10,1.76810625,425,3223,N,16.6666666666667,0,24
3579,11,1.76810625,425,3130,N,18.3333333333333,0,24
2414,0,1.30215825,313,NA,N,0,0,25
2325,1,1.5559335,374,2414,N,1.66666666666667,0,25
2362,2,1.54345275,371,2325,N,3.33333333333333,0,25
2594,3,1.61833725,389,2362,N,5,0,25
2392,4,1.481049,356,2594,N,6.66666666666667,0,25
2318,5,1.6641,400,2392,N,8.33333333333333,0,25
2860,6,1.79306775,431,2318,N,10,0,25
2470,7,1.514331,364,2860,N,11.6666666666667,0,25
3627,8,1.797228,432,2470,N,13.3333333333333,0,25
3326,9,1.57673475,379,3627,N,15,0,25
3249,10,1.83467025,441,3326,N,16.6666666666667,0,25
4010,11,1.813869,436,3249,N,18.3333333333333,0,25
3079,12,1.697382,408,4010,N,20,0,25
3638,13,1.6391385,394,3079,N,21.6666666666667,0,25
3955,14,1.89291375,455,3638,N,23.3333333333333,0,25
3786,15,1.98443925,477,3955,N,25,0,25
4417,16,1.67658075,403,3786,N,26.6666666666667,0,25
5162,17,2.09260575,503,4417,N,28.3333333333333,0,25
4494,18,2.2049325,530,5162,N,30,0,25
4717,19,1.0067805,242,4494,Y,31.6666666666667,1,25
5014,20,1.04422275,251,4717,N,33.3333333333333,1,25
2160,0,1.0899855,262,NA,N,0,0,26
2121,1,1.12742775,271,2160,N,1.66666666666667,0,26
2124,2,1.15238925,277,2121,N,3.33333333333333,0,26
2180,3,1.25223525,301,2124,N,5,0,26
2112,4,1.1565495,278,2180,N,6.66666666666667,0,26
2144,5,1.30215825,313,2112,N,8.33333333333333,0,26
2386,6,1.264716,304,2144,N,10,0,26
2150,7,1.214793,292,2386,N,11.6666666666667,0,26
3462,8,1.34376075,323,2150,N,13.3333333333333,0,26
3229,9,1.314639,316,3462,N,15,0,26
3134,10,1.364562,328,3229,N,16.6666666666667,0,26
3584,11,1.297998,312,3134,N,18.3333333333333,0,26
3027,12,1.381203,332,3584,N,20,0,26
3482,13,1.41864525,341,3027,N,21.6666666666667,0,26
3850,14,1.41032475,339,3482,N,23.3333333333333,0,26
3506,15,1.49352975,359,3850,N,25,0,26
4126,16,1.530972,368,3506,N,26.6666666666667,0,26
5103,17,1.52681175,367,4126,N,28.3333333333333,0,26
4146,18,1.65161925,397,5103,N,30,0,26
4382,19,1.6890615,406,4146,N,31.6666666666667,0,26
4620,20,1.714023,412,4382,N,33.3333333333333,0,26
4172,21,1.99275975,479,4620,N,35,0,26
4216,22,1.79306775,431,4172,N,36.6666666666667,0,26
4287,23,1.99692,480,4216,N,38.3333333333333,0,26
5283,24,1.99692,480,4287,N,40,0,26
5429,25,1.9220355,462,5283,N,41.6666666666667,0,26
5473,26,2.2548555,542,5429,N,43.3333333333333,0,26
5416,27,1.19399175,287,5473,Y,45,1,26
6043,28,1.31047875,315,5416,N,46.6666666666667,1,26
5275,29,1.281357,308,6043,N,48.3333333333333,1,26
5372,30,1.431126,344,5275,N,50,1,26
5517,31,1.47688875,355,5372,N,51.6666666666667,1,26
6743,32,1.56009375,375,5517,N,53.3333333333333,1,26
7482,33,1.4394465,346,6743,N,55,1,26
6802,34,1.514331,364,7482,N,56.6666666666667,1,26
6498,35,1.68490125,405,6802,N,58.3333333333333,1,26
7009,36,1.82634975,439,6498,N,60,1,26
7276,37,1.96779825,473,7009,N,61.6666666666667,1,26
6822,38,2.196612,528,7276,N,63.3333333333333,1,26
6434,39,2.213253,532,6822,N,65,1,26
7900,40,2.17581075,523,6434,N,66.6666666666667,1,26
7711,41,2.13420825,513,7900,N,68.3333333333333,1,26
8444,42,2.379663,572,7711,N,70,1,26
8693,43,2.3214195,558,8444,N,71.6666666666667,1,26
8767,44,1.2563955,302,8693,Y,73.3333333333333,2,26
8299,45,1.21895325,293,8767,N,75,2,26
8078,46,1.43528625,345,8299,N,76.6666666666667,2,26
9151,47,1.52681175,367,8078,N,78.3333333333333,2,26
9423,48,1.7389845,418,9151,N,80,2,26
9368,49,1.88459325,453,9423,N,81.6666666666667,2,26
10084,50,1.92619575,463,9368,N,83.3333333333333,2,26
10544,51,2.013561,484,10084,N,85,2,26
10190,52,2.13420825,513,10544,N,86.6666666666667,2,26
9836,53,2.512791,604,10190,N,88.3333333333333,2,26
10435,54,2.64175875,635,9836,N,90,2,26
10610,55,2.562714,616,10435,N,91.6666666666667,2,26
11127,56,1.248075,300,10610,Y,93.3333333333333,3,26
11046,57,1.447767,348,11127,N,95,3,26
2163,0,1.27719675,307,NA,N,0,0,27
2151,1,1.47688875,355,2163,N,1.66666666666667,0,27
2135,2,1.481049,356,2151,N,3.33333333333333,0,27
2187,3,1.6224975,390,2135,N,5,0,27
2120,4,1.43528625,345,2187,N,6.66666666666667,0,27
2152,5,1.69322175,407,2120,N,8.33333333333333,0,27
2391,6,1.65993975,399,2152,N,10,0,27
2155,7,1.7223435,414,2391,N,11.6666666666667,0,27
3463,8,1.83051,440,2155,N,13.3333333333333,0,27
3230,9,1.0234215,246,3463,Y,15,1,27
3136,10,1.04422275,251,3230,N,16.6666666666667,1,27
3587,11,1.00262025,241,3136,N,18.3333333333333,1,27
3029,12,0.94437675,227,3587,N,20,1,27
3483,13,1.0567035,254,3029,N,21.6666666666667,1,27
3855,14,1.048383,252,3483,N,23.3333333333333,1,27
3510,15,0.96933825,233,3855,N,25,1,27
4133,16,0.99429975,239,3510,N,26.6666666666667,1,27
5105,17,1.0234215,246,4133,N,28.3333333333333,1,27
4162,18,1.06918425,257,5105,N,30,1,27
4391,19,1.00262025,241,4162,N,31.6666666666667,1,27
4628,20,1.03590225,249,4391,N,33.3333333333333,1,27
4226,21,1.10246625,265,4628,N,35,1,27
4218,22,1.16070975,279,4226,N,36.6666666666667,1,27
4291,23,1.1565495,278,4218,N,38.3333333333333,1,27
5284,24,1.30215825,313,4291,N,40,1,27
5432,25,1.21063275,291,5284,N,41.6666666666667,1,27
5478,26,1.3562415,326,5432,N,43.3333333333333,1,27
5426,27,1.39368375,335,5478,N,45,1,27
6059,28,1.39368375,335,5426,N,46.6666666666667,1,27
5293,29,1.4061645,338,6059,N,48.3333333333333,1,27
5377,30,1.46856825,353,5293,N,50,1,27
5519,31,1.50185025,361,5377,N,51.6666666666667,1,27
6745,32,1.54345275,371,5519,N,53.3333333333333,1,27
7486,33,1.4893695,358,6745,N,55,1,27
6806,34,1.5725745,378,7486,N,56.6666666666667,1,27
6500,35,1.6224975,390,6806,N,58.3333333333333,1,27
7012,36,1.66826025,401,6500,N,60,1,27
7277,37,1.730664,416,7012,N,61.6666666666667,1,27
6825,38,1.6641,400,7277,N,63.3333333333333,1,27
6436,39,1.630818,392,6825,N,65,1,27
7903,40,1.597536,384,6436,N,66.6666666666667,1,27
7715,41,1.65161925,397,7903,N,68.3333333333333,1,27
8447,42,1.56841425,377,7715,N,70,1,27
8696,43,1.63497825,393,8447,N,71.6666666666667,1,27
8773,44,1.63497825,393,8696,N,73.3333333333333,1,27
8302,45,1.78474725,429,8773,N,75,1,27
8082,46,1.89291375,455,8302,N,76.6666666666667,1,27
9153,47,1.847151,444,8082,N,78.3333333333333,1,27
9425,48,1.99692,480,9153,N,80,1,27
9373,49,2.0218815,486,9425,N,81.6666666666667,1,27
10087,50,2.3713425,570,9373,N,83.3333333333333,1,27
10554,51,2.19245175,527,10087,N,85,1,27
10196,52,2.56687425,617,10554,N,86.6666666666667,1,27
9839,53,1.131588,272,10196,Y,88.3333333333333,2,27
10440,54,1.26055575,303,9839,N,90,2,27
10621,55,1.22727375,295,10440,N,91.6666666666667,2,27
11136,56,1.4061645,338,10621,N,93.3333333333333,2,27
11125,57,1.27719675,307,11136,N,95,2,27
2165,0,1.28551725,309,NA,N,0,0,28
2161,1,1.347921,324,2165,N,1.66666666666667,0,28
2140,2,1.4560875,350,2161,N,3.33333333333333,0,28
2192,3,1.49352975,359,2140,N,5,0,28
2129,4,1.60169625,385,2192,N,6.66666666666667,0,28
2159,5,1.60169625,385,2129,N,8.33333333333333,0,28
2395,6,1.69322175,407,2159,N,10,0,28
2168,7,1.7389845,418,2395,N,11.6666666666667,0,28
3487,8,1.80970875,435,2168,N,13.3333333333333,0,28
3234,9,1.7722665,426,3487,N,15,0,28
3140,10,1.75146525,421,3234,N,16.6666666666667,0,28
3594,11,1.930356,464,3140,N,18.3333333333333,0,28
3031,12,1.930356,464,3594,N,20,0,28
3512,13,1.946997,468,3031,N,21.6666666666667,0,28
3862,14,1.946997,468,3512,N,23.3333333333333,0,28
3513,15,1.946997,468,3862,N,25,0,28
4137,16,2.030202,488,3513,N,26.6666666666667,0,28
5107,17,2.096766,504,4137,N,28.3333333333333,0,28
4195,18,2.429586,584,5107,N,30,0,28
4406,19,1.20231225,289,4195,Y,31.6666666666667,1,28
4631,20,1.24391475,299,4406,N,33.3333333333333,1,28
4231,21,1.2064725,290,4631,N,35,1,28
4220,22,1.2397545,298,4231,N,36.6666666666667,1,28
4304,23,1.23559425,297,4220,N,38.3333333333333,1,28
5287,24,1.23559425,297,4304,N,40,1,28
5442,25,1.248075,300,5287,N,41.6666666666667,1,28
5486,26,1.28551725,309,5442,N,43.3333333333333,1,28
5433,27,1.22727375,295,5486,N,45,1,28
6069,28,1.214793,292,5433,N,46.6666666666667,1,28
5295,29,1.2397545,298,6069,N,48.3333333333333,1,28
5385,30,1.3396005,322,5295,N,50,1,28
5526,31,1.3229595,318,5385,N,51.6666666666667,1,28
6749,32,1.50185025,361,5526,N,53.3333333333333,1,28
7491,33,1.70154225,409,6749,N,55,1,28
6813,34,1.70986275,411,7491,N,56.6666666666667,1,28
6504,35,1.763946,424,6813,N,58.3333333333333,1,28
7018,36,1.97611875,475,6504,N,60,1,28
7279,37,1.97611875,475,7018,N,61.6666666666667,1,28
6831,38,2.17581075,523,7279,N,63.3333333333333,1,28
6438,39,2.279817,548,6831,N,65,1,28
7905,40,1.0733445,258,6438,Y,66.6666666666667,2,28
7717,41,1.16903025,281,7905,N,68.3333333333333,2,28
8451,42,1.2896775,310,7717,N,70,2,28
8698,43,1.25223525,301,8451,N,71.6666666666667,2,28
8777,44,1.4560875,350,8698,N,73.3333333333333,2,28
8304,45,1.530972,368,8777,N,75,2,28
8084,46,1.65993975,399,8304,N,76.6666666666667,2,28
9155,47,1.65161925,397,8084,N,78.3333333333333,2,28
9427,48,1.80138825,433,9155,N,80,2,28
9375,49,1.8388305,442,9427,N,81.6666666666667,2,28
10089,50,2.2215735,534,9375,N,83.3333333333333,2,28
10566,51,2.146689,516,10089,N,85,2,28
10422,52,1.0733445,258,10566,Y,86.6666666666667,3,28
9863,53,1.16070975,279,10422,N,88.3333333333333,3,28
10925,54,1.10246625,265,9863,N,90,3,28
10976,55,1.28551725,309,10925,N,91.6666666666667,3,28
11561,56,1.065024,256,10976,N,93.3333333333333,3,28
11402,57,1.27719675,307,11561,N,95,3,28
11967,58,1.2064725,290,11402,N,96.6666666666667,3,28
13139,59,1.25223525,301,11967,N,98.3333333333333,3,28
12546,60,1.7223435,414,13139,N,100,3,28
13443,61,1.7889075,430,12546,N,101.666666666667,3,28
14055,62,1.59337575,383,13443,N,103.333333333333,3,28
13890,63,0.8736525,210,14055,Y,105,4,28
2679,0,0.84453075,203,NA,N,0,0,29
2546,1,0.881973,212,2679,N,1.66666666666667,0,29
2724,2,0.96933825,233,2546,N,3.33333333333333,0,29
2736,3,0.99429975,239,2724,N,5,0,29
2518,4,0.981819,236,2736,N,6.66666666666667,0,29
2509,5,0.93605625,225,2518,N,8.33333333333333,0,29
2963,6,1.0400625,250,2509,N,10,0,29
2587,7,1.048383,252,2963,N,11.6666666666667,0,29
3678,8,1.04422275,251,2587,N,13.3333333333333,0,29
3355,9,1.0567035,254,3678,N,15,0,29
3274,10,1.18567125,285,3355,N,16.6666666666667,0,29
4033,11,1.048383,252,3274,N,18.3333333333333,0,29
3103,12,1.081665,260,4033,N,20,0,29
3686,13,1.065024,256,3103,N,21.6666666666667,0,29
3970,14,1.1731905,282,3686,N,23.3333333333333,0,29
3803,15,1.1731905,282,3970,N,25,0,29
4512,16,1.1565495,278,3803,N,26.6666666666667,0,29
5181,17,1.24391475,299,4512,N,28.3333333333333,0,29
4610,18,1.2064725,290,5181,N,30,0,29
4802,19,1.23559425,297,4610,N,31.6666666666667,0,29
5030,20,1.26055575,303,4802,N,33.3333333333333,0,29
4640,21,1.25223525,301,5030,N,35,0,29
4602,22,1.29383775,311,4640,N,36.6666666666667,0,29
4652,23,1.32711975,319,4602,N,38.3333333333333,0,29
5727,24,1.364562,328,4652,N,40,0,29
5845,25,1.42696575,343,5727,N,41.6666666666667,0,29
5846,26,1.464408,352,5845,N,43.3333333333333,0,29
6109,27,1.45192725,349,5846,N,45,0,29
6246,28,1.431126,344,6109,N,46.6666666666667,0,29
5696,29,1.45192725,349,6246,N,48.3333333333333,0,29
6104,30,1.45192725,349,5696,N,50,0,29
6270,31,1.49769,360,6104,N,51.6666666666667,0,29
6964,32,1.58505525,381,6270,N,53.3333333333333,0,29
7610,33,1.54345275,371,6964,N,55,0,29
7457,34,1.597536,384,7610,N,56.6666666666667,0,29
6663,35,1.51017075,363,7457,N,58.3333333333333,0,29
7216,36,1.5892155,382,6663,N,60,0,29
7357,37,1.630818,392,7216,N,61.6666666666667,0,29
7010,38,1.6391385,394,7357,N,63.3333333333333,0,29
6552,39,1.55177325,373,7010,N,65,0,29
7991,40,1.6890615,406,6552,N,66.6666666666667,0,29
7804,41,1.59337575,383,7991,N,68.3333333333333,0,29
8593,42,1.70154225,409,7804,N,70,0,29
8831,43,1.74314475,419,8593,N,71.6666666666667,0,29
8995,44,1.797228,432,8831,N,73.3333333333333,0,29
8454,45,1.77642675,427,8995,N,75,0,29
8183,46,2.046843,492,8454,N,76.6666666666667,0,29
9259,47,2.080125,500,8183,N,78.3333333333333,0,29
9543,48,2.13420825,513,9259,N,80,0,29
9726,49,2.196612,528,9543,N,81.6666666666667,0,29
10242,50,2.34222075,563,9726,N,83.3333333333333,0,29
10746,51,2.55855375,615,10242,N,85,0,29
10282,52,2.812329,676,10746,N,86.6666666666667,0,29
9958,53,1.46856825,353,10282,Y,88.3333333333333,1,29
10589,54,1.39368375,335,9958,N,90,1,29
10802,55,1.36040175,327,10589,N,91.6666666666667,1,29
11265,56,1.564254,376,10802,N,93.3333333333333,1,29
11190,57,1.41864525,341,11265,N,95,1,29
11894,58,1.51017075,363,11190,N,96.6666666666667,1,29
2685,0,1.065024,256,NA,N,0,0,30
2552,1,1.031742,248,2685,N,1.66666666666667,0,30
2731,2,1.11910725,269,2552,N,3.33333333333333,0,30
2741,3,1.2231135,294,2731,N,5,0,30
2522,4,1.12742775,271,2741,N,6.66666666666667,0,30
2512,5,1.2563955,302,2522,N,8.33333333333333,0,30
2964,6,1.3063185,314,2512,N,10,0,30
2592,7,1.2896775,310,2964,N,11.6666666666667,0,30
3681,8,1.35208125,325,2592,N,13.3333333333333,0,30
3357,9,1.35208125,325,3681,N,15,0,30
3278,10,1.48520925,357,3357,N,16.6666666666667,0,30
4034,11,1.28551725,309,3278,N,18.3333333333333,0,30
3107,12,1.37704275,331,4034,N,20,0,30
3800,13,1.41032475,339,3107,N,21.6666666666667,0,30
3972,14,1.481049,356,3800,N,23.3333333333333,0,30
3806,15,1.5892155,382,3972,N,25,0,30
4526,16,1.51849125,365,3806,N,26.6666666666667,0,30
5184,17,1.61001675,387,4526,N,28.3333333333333,0,30
4639,18,1.67658075,403,5184,N,30,0,30
4814,19,1.61833725,389,4639,N,31.6666666666667,0,30
5032,20,1.6391385,394,4814,N,33.3333333333333,0,30
4667,21,1.6890615,406,5032,N,35,0,30
4626,22,1.83051,440,4667,N,36.6666666666667,0,30
4660,23,1.78474725,429,4626,N,38.3333333333333,0,30
5732,24,1.95115725,469,4660,N,40,0,30
5852,25,1.963638,472,5732,N,41.6666666666667,0,30
5855,26,2.363022,568,5852,N,43.3333333333333,0,30
6115,27,2.32557975,559,5855,N,45,0,30
6248,28,1.10246625,265,6115,Y,46.6666666666667,1,30
5703,29,1.114947,268,6248,N,48.3333333333333,1,30
6113,30,1.131588,272,5703,N,50,1,30
6273,31,1.2563955,302,6113,N,51.6666666666667,1,30
6970,32,1.21895325,293,6273,N,53.3333333333333,1,30
7611,33,1.347921,324,6970,N,55,1,30
2174,0,0.7904475,190,NA,N,0,0,31
2167,1,0.81124875,195,2174,N,1.66666666666667,0,31
2156,2,0.7904475,190,2167,N,3.33333333333333,0,31
2239,3,0.8902935,214,2156,N,5,0,31
2143,4,1.015101,244,2239,N,6.66666666666667,0,31
2166,5,0.965178,232,2143,N,8.33333333333333,0,31
2412,6,1.05254325,253,2166,N,10,0,31
2189,7,0.9568575,230,2412,N,11.6666666666667,0,31
2690,0,0.51171075,123,NA,N,0,0,32
2558,1,0.54499275,131,2690,N,1.66666666666667,0,32
2737,2,0.6573195,158,2558,N,3.33333333333333,0,32
2746,3,0.5741145,138,2737,N,5,0,32
2526,4,0.5241915,126,2746,N,6.66666666666667,0,32
2516,5,0.56163375,135,2526,N,8.33333333333333,0,32
2965,6,0.56163375,135,2516,N,10,0,32
2598,7,0.565794,136,2965,N,11.6666666666667,0,32
3684,8,0.57827475,139,2598,N,13.3333333333333,0,32
3359,9,0.565794,136,3684,N,15,0,32
3280,10,0.582435,140,3359,N,16.6666666666667,0,32
4035,11,0.62819775,151,3280,N,18.3333333333333,0,32
3109,12,0.61155675,147,4035,N,20,0,32
3801,13,0.57827475,139,3109,N,21.6666666666667,0,32
3808,15,0.6240375,150,3801,N,25,0,32
4530,16,0.5075505,122,3808,N,26.6666666666667,0,32
5185,17,0.49923,120,4530,N,28.3333333333333,0,32
4817,19,0.449307,108,5185,N,31.6666666666667,0,32
4663,23,0.532512,128,4817,N,38.3333333333333,0,32
7641,33,0.5241915,126,4663,N,55,0,32
8752,43,0.49923,120,7641,N,71.6666666666667,0,32
11326,51,0.565794,136,8752,N,85,0,32
10442,52,0.49506975,119,11326,N,86.6666666666667,0,32
9874,53,0.5574735,134,10442,N,88.3333333333333,0,32
10946,54,0.5075505,122,9874,N,90,0,32
12697,64,0.55331325,133,10946,N,106.666666666667,0,32
2695,0,0.981819,236,NA,N,0,0,33
2563,1,1.214793,292,2695,N,1.66666666666667,0,33
2743,2,1.01926125,245,2563,N,3.33333333333333,0,33
2752,3,1.21895325,293,2743,N,5,0,33
2532,4,1.114947,268,2752,N,6.66666666666667,0,33
2524,5,1.32711975,319,2532,N,8.33333333333333,0,33
2188,0,0.898614,216,NA,N,0,0,34
2170,1,0.95269725,229,2188,N,1.66666666666667,0,34
2173,2,0.965178,232,2170,N,3.33333333333333,0,34
2241,3,0.94437675,227,2173,N,5,0,34
2154,4,1.02758175,247,2241,N,6.66666666666667,0,34
2172,5,1.0567035,254,2154,N,8.33333333333333,0,34
2416,6,1.065024,256,2172,N,10,0,34
2199,7,1.05254325,253,2416,N,11.6666666666667,0,34
3501,8,1.13574825,273,2199,N,13.3333333333333,0,34
3238,9,1.2563955,302,3501,N,15,0,34
3143,10,1.264716,304,3238,N,16.6666666666667,0,34
3600,11,1.281357,308,3143,N,18.3333333333333,0,34
3034,12,1.27719675,307,3600,N,20,0,34
3517,13,1.2563955,302,3034,N,21.6666666666667,0,34
3863,14,1.2896775,310,3517,N,23.3333333333333,0,34
3515,15,1.28551725,309,3863,N,25,0,34
4140,16,1.297998,312,3515,N,26.6666666666667,0,34
5109,17,1.35208125,325,4140,N,28.3333333333333,0,34
4199,18,1.29383775,311,5109,N,30,0,34
4416,19,1.35208125,325,4199,N,31.6666666666667,0,34
4633,20,1.31047875,315,4416,N,33.3333333333333,0,34
4245,21,1.3229595,318,4633,N,35,0,34
4221,22,1.33544025,321,4245,N,36.6666666666667,0,34
4307,23,1.35208125,325,4221,N,38.3333333333333,0,34
5290,24,1.49769,360,4307,N,40,0,34
5459,25,1.5725745,378,5290,N,41.6666666666667,0,34
5509,26,1.6641,400,5459,N,43.3333333333333,0,34
5716,27,1.697382,408,5509,N,45,0,34
6093,28,1.81802925,437,5716,N,46.6666666666667,0,34
5299,29,2.04268275,491,6093,N,48.3333333333333,0,34
5408,30,2.1882915,526,5299,N,50,0,34
5542,31,2.23405425,537,5408,N,51.6666666666667,0,34
6758,32,2.43374625,585,5542,N,53.3333333333333,0,34
7495,33,2.45038725,589,6758,N,55,0,34
6824,34,2.7540855,662,7495,N,56.6666666666667,0,34
6515,35,2.82897,680,6824,N,58.3333333333333,0,34
7034,36,1.2730365,306,6515,Y,60,1,34
7284,37,1.2730365,306,7034,N,61.6666666666667,1,34
6845,38,1.3063185,314,7284,N,63.3333333333333,1,34
2701,0,1.16487,280,NA,N,0,0,35
2570,1,1.2231135,294,2701,N,1.66666666666667,0,35
2749,2,1.31047875,315,2570,N,3.33333333333333,0,35
2759,3,1.49352975,359,2749,N,5,0,35
2538,4,1.5725745,378,2759,N,6.66666666666667,0,35
2529,5,1.22727375,295,2538,N,8.33333333333333,0,35
2966,6,1.52681175,367,2529,N,10,0,35
2605,7,1.630818,392,2966,N,11.6666666666667,0,35
3695,8,1.6391385,394,2605,N,13.3333333333333,0,35
2197,0,0.582435,140,NA,N,0,0,36
2182,1,0.5741145,138,2197,N,1.66666666666667,0,36
2198,2,0.5574735,134,2182,N,3.33333333333333,0,36
2249,3,0.715563,172,2198,N,5,0,36
2171,4,0.54499275,131,2249,N,6.66666666666667,0,36
2183,5,0.56163375,135,2171,N,8.33333333333333,0,36
2425,6,0.582435,140,2183,N,10,0,36
2216,7,0.5075505,122,2425,N,11.6666666666667,0,36
3505,8,0.59491575,143,2216,N,13.3333333333333,0,36
3242,9,0.60323625,145,3505,N,15,0,36
3144,10,0.62819775,151,3242,N,16.6666666666667,0,36
3606,11,0.56163375,135,3144,N,18.3333333333333,0,36
3036,12,0.52835175,127,3606,N,20,0,36
3533,13,0.47842875,115,3036,N,21.6666666666667,0,36
3538,15,0.63651825,153,3533,N,25,0,36
4151,16,0.54499275,131,3538,N,26.6666666666667,0,36
5115,17,0.54499275,131,4151,N,28.3333333333333,0,36
4450,19,0.55331325,133,5115,N,31.6666666666667,0,36
4597,23,0.54499275,131,4450,N,38.3333333333333,0,36
7618,33,0.49923,120,4597,N,55,0,36
8810,43,0.54499275,131,7618,N,71.6666666666667,0,36
8402,45,0.42018525,101,8810,N,75,0,36
2712,0,0.4077045,98,NA,N,0,0,37
2584,1,0.4077045,98,2712,N,1.66666666666667,0,37
2767,2,0.4243455,102,2584,N,3.33333333333333,0,37
2799,3,0.49506975,119,2767,N,5,0,37
2560,4,0.41186475,99,2799,N,6.66666666666667,0,37
2554,5,0.4409865,106,2560,N,8.33333333333333,0,37
2970,6,0.42850575,103,2554,N,10,0,37
2626,7,0.4409865,106,2970,N,11.6666666666667,0,37
3707,8,0.43682625,105,2626,N,13.3333333333333,0,37
3371,9,0.432666,104,3707,N,15,0,37
3295,10,0.4742685,114,3371,N,16.6666666666667,0,37
4042,11,0.49506975,119,3295,N,18.3333333333333,0,37
3127,12,0.47842875,115,4042,N,20,0,37
3525,13,0.465948,112,3127,N,21.6666666666667,0,37
3822,15,0.432666,104,3525,N,25,0,37
4594,16,0.366102,88,3822,N,26.6666666666667,0,37
5194,17,0.3910635,94,4594,N,28.3333333333333,0,37
4359,23,0.399384,96,5194,N,38.3333333333333,0,37
7635,33,0.32865975,79,4359,N,55,0,37
8763,43,0.36194175,87,7635,N,71.6666666666667,0,37
11617,51,0.42018525,101,8763,N,85,0,37
10653,52,0.38690325,93,11617,N,86.6666666666667,0,37
9999,53,0.37858275,91,10653,N,88.3333333333333,0,37
12598,64,0.37026225,89,9999,N,106.666666666667,0,37
2713,0,0.9069345,218,NA,N,0,0,38
2588,1,0.96101775,231,2713,N,1.66666666666667,0,38
2784,2,1.0567035,254,2588,N,3.33333333333333,0,38
2809,3,1.12742775,271,2784,N,5,0,38
2567,4,1.048383,252,2809,N,6.66666666666667,0,38
2565,5,1.16070975,279,2567,N,8.33333333333333,0,38
2971,6,1.16487,280,2565,N,10,0,38
2634,7,1.1565495,278,2971,N,11.6666666666667,0,38
3709,8,1.181511,284,2634,N,13.3333333333333,0,38
3373,9,1.17735075,283,3709,N,15,0,38
3297,10,1.26055575,303,3373,N,16.6666666666667,0,38
4043,11,1.26887625,305,3297,N,18.3333333333333,0,38
3129,12,1.24391475,299,4043,N,20,0,38
3821,13,1.264716,304,3129,N,21.6666666666667,0,38
3980,14,1.34376075,323,3821,N,23.3333333333333,0,38
3826,15,1.3895235,334,3980,N,25,0,38
4608,16,1.4394465,346,3826,N,26.6666666666667,0,38
5195,17,1.51017075,363,4608,N,28.3333333333333,0,38
4781,18,1.4228055,342,5195,N,30,0,38
4863,19,1.46856825,353,4781,N,31.6666666666667,0,38
5039,20,1.45192725,349,4863,N,33.3333333333333,0,38
4691,21,1.47688875,355,5039,N,35,0,38
4710,22,1.49352975,359,4691,N,36.6666666666667,0,38
4680,23,1.4893695,358,4710,N,38.3333333333333,0,38
5765,24,1.55177325,373,4680,N,40,0,38
5874,25,1.61001675,387,5765,N,41.6666666666667,0,38
5871,26,1.77642675,427,5874,N,43.3333333333333,0,38
6131,27,1.78474725,429,5871,N,45,0,38
6252,28,1.98443925,477,6131,N,46.6666666666667,0,38
5726,29,2.146689,516,6252,N,48.3333333333333,0,38
6127,30,2.17581075,523,5726,N,50,0,38
6284,31,2.23405425,537,6127,N,51.6666666666667,0,38
6984,32,1.1232675,270,6284,Y,53.3333333333333,1,38
7619,33,1.06918425,257,6984,N,55,1,38
2715,0,1.07750475,259,NA,N,0,0,39
2593,1,1.0733445,258,2715,N,1.66666666666667,0,39
2806,2,0.9402165,226,2593,N,3.33333333333333,0,39
2817,3,1.06918425,257,2806,N,5,0,39
2573,4,0.97765875,235,2817,N,6.66666666666667,0,39
2571,5,0.915255,220,2573,N,8.33333333333333,0,39
2972,6,1.065024,256,2571,N,10,0,39
2645,7,1.065024,256,2972,N,11.6666666666667,0,39
3711,8,1.098306,264,2645,N,13.3333333333333,0,39
3375,9,0.965178,232,3711,N,15,0,39
3299,10,1.0733445,258,3375,N,16.6666666666667,0,39
4044,11,0.98597925,237,3299,N,18.3333333333333,0,39
3131,12,0.99846,240,4044,N,20,0,39
3823,13,0.96933825,233,3131,N,21.6666666666667,0,39
3981,14,0.96101775,231,3823,N,23.3333333333333,0,39
3828,15,0.848691,204,3981,N,25,0,39
4615,16,0.9734985,234,3828,N,26.6666666666667,0,39
5196,17,1.098306,264,4615,N,28.3333333333333,0,39
4785,18,0.9901395,238,5196,N,30,0,39
4867,19,0.9901395,238,4785,N,31.6666666666667,0,39
5041,20,0.96933825,233,4867,N,33.3333333333333,0,39
4695,21,1.031742,248,5041,N,35,0,39
4716,22,0.9568575,230,4695,N,36.6666666666667,0,39
4687,23,0.90277425,217,4716,N,38.3333333333333,0,39
8837,43,0.8570115,206,4687,N,71.6666666666667,0,39
11637,51,0.898614,216,8837,N,85,0,39
10683,52,0.78628725,189,11637,N,86.6666666666667,0,39
10018,53,0.8736525,210,10683,N,88.3333333333333,0,39
2718,0,1.21895325,293,NA,N,0,0,40
2599,1,1.21895325,293,2718,N,1.66666666666667,0,40
2812,2,1.28551725,309,2599,N,3.33333333333333,0,40
2824,3,1.314639,316,2812,N,5,0,40
2581,4,1.41032475,339,2824,N,6.66666666666667,0,40
2578,5,1.447767,348,2581,N,8.33333333333333,0,40
2973,6,1.3895235,334,2578,N,10,0,40
2653,7,1.530972,368,2973,N,11.6666666666667,0,40
3713,8,1.564254,376,2653,N,13.3333333333333,0,40
3376,9,1.5892155,382,3713,N,15,0,40
3301,10,1.66826025,401,3376,N,16.6666666666667,0,40
4045,11,1.697382,408,3301,N,18.3333333333333,0,40
3133,12,1.64329875,395,4045,N,20,0,40
3825,13,1.70154225,409,3133,N,21.6666666666667,0,40
3982,14,1.7389845,418,3825,N,23.3333333333333,0,40
3830,15,1.7057025,410,3982,N,25,0,40
4619,16,1.79306775,431,3830,N,26.6666666666667,0,40
5197,17,1.8887535,454,4619,N,28.3333333333333,0,40
4796,18,1.99692,480,5197,N,30,0,40
4875,19,2.0884455,502,4796,N,31.6666666666667,0,40
5042,20,2.00108025,481,4875,N,33.3333333333333,0,40
4703,21,0.92773575,223,5042,Y,35,1,40
4724,22,1.02758175,247,4703,N,36.6666666666667,1,40
4696,23,1.05254325,253,4724,N,38.3333333333333,1,40
5782,24,1.21063275,291,4696,N,40,1,40
5892,25,1.25223525,301,5782,N,41.6666666666667,1,40
5882,26,1.06086375,255,5892,N,43.3333333333333,1,40
6141,27,1.09414575,263,5882,N,45,1,40
6255,28,1.1898315,286,6141,N,46.6666666666667,1,40
5737,29,1.2231135,294,6255,N,48.3333333333333,1,40
6136,30,1.297998,312,5737,N,50,1,40
6993,32,1.4893695,358,6136,N,53.3333333333333,1,40
7622,33,1.381203,332,6993,N,55,1,40
7475,34,1.431126,344,7622,N,56.6666666666667,1,40
6670,35,1.5226515,366,7475,N,58.3333333333333,1,40
7227,36,1.56009375,375,6670,N,60,1,40
7364,37,1.580895,380,7227,N,61.6666666666667,1,40
7031,38,1.56009375,375,7364,N,63.3333333333333,1,40
7998,40,1.74314475,419,7031,N,66.6666666666667,1,40
7810,41,1.697382,408,7998,N,68.3333333333333,1,40
8840,43,1.414485,340,7810,N,71.6666666666667,1,40
9008,45,1.547613,372,8840,N,75,1,40
8222,46,1.85131125,445,9008,N,76.6666666666667,1,40
9297,47,2.1050865,506,8222,N,78.3333333333333,1,40
9582,48,2.113407,508,9297,N,80,1,40
9757,49,2.23405425,537,9582,N,81.6666666666667,1,40
10315,50,2.9038545,698,9757,N,83.3333333333333,1,40
10651,52,2.8539315,686,10315,N,86.6666666666667,1,40
9971,53,1.131588,272,10651,Y,88.3333333333333,2,40
11057,54,1.38536325,333,9971,N,90,2,40
11447,55,1.45192725,349,11057,N,91.6666666666667,2,40
2208,0,0.931896,224,NA,N,0,0,41
2193,1,0.95269725,229,2208,N,1.66666666666667,0,41
2201,2,0.948537,228,2193,N,3.33333333333333,0,41
2252,3,0.98597925,237,2201,N,5,0,41
2176,4,1.065024,256,2252,N,6.66666666666667,0,41
2191,5,1.15238925,277,2176,N,8.33333333333333,0,41
2431,6,1.098306,264,2191,N,10,0,41
2222,7,1.20231225,289,2431,N,11.6666666666667,0,41
3507,8,1.2730365,306,2222,N,13.3333333333333,0,41
3244,9,1.34376075,323,3507,N,15,0,41
3147,10,1.31047875,315,3244,N,16.6666666666667,0,41
3609,11,1.48520925,357,3147,N,18.3333333333333,0,41
3037,12,1.447767,348,3609,N,20,0,41
3523,13,1.5892155,382,3037,N,21.6666666666667,0,41
3872,14,1.57673475,379,3523,N,23.3333333333333,0,41
3522,15,1.547613,372,3872,N,25,0,41
4145,16,1.697382,408,3522,N,26.6666666666667,0,41
5113,17,1.747305,420,4145,N,28.3333333333333,0,41
4205,18,1.78474725,429,5113,N,30,0,41
4439,19,1.99692,480,4205,N,31.6666666666667,0,41
4644,20,2.0551635,494,4439,N,33.3333333333333,0,41
4250,21,2.096766,504,4644,N,35,0,41
4225,22,2.32974,560,4250,N,36.6666666666667,0,41
4319,23,2.32974,560,4225,N,38.3333333333333,0,41
5309,24,2.429586,584,4319,N,40,0,41
5475,25,2.512791,604,5309,N,41.6666666666667,0,41
5516,26,1.26887625,305,5475,Y,43.3333333333333,1,41
5736,27,1.30215825,313,5516,N,45,1,41
6116,28,1.31879925,317,5736,N,46.6666666666667,1,41
5304,29,1.364562,328,6116,N,48.3333333333333,1,41
5704,30,1.447767,348,5304,N,50,1,41
5580,31,1.35208125,325,5704,N,51.6666666666667,1,41
6779,32,1.4893695,358,5580,N,53.3333333333333,1,41
7526,33,1.52681175,367,6779,N,55,1,41
6846,34,1.66826025,401,7526,N,56.6666666666667,1,41
6527,35,1.6890615,406,6846,N,58.3333333333333,1,41
7058,36,1.85131125,445,6527,N,60,1,41
7290,37,2.11756725,509,7058,N,61.6666666666667,1,41
6857,38,2.5543935,614,7290,N,63.3333333333333,1,41
6449,39,2.130048,512,6857,N,65,1,41
7918,40,0.9901395,238,6449,Y,66.6666666666667,2,41
7729,41,0.96101775,231,7918,N,68.3333333333333,2,41
8474,42,1.114947,268,7729,N,70,2,41
8712,43,1.12742775,271,8474,N,71.6666666666667,2,41
2721,0,0.682281,164,NA,N,0,0,42
2616,1,0.75300525,181,2721,N,1.66666666666667,0,42
2829,2,0.7738065,186,2616,N,3.33333333333333,0,42
2845,3,0.8570115,206,2829,N,5,0,42
2601,4,0.92773575,223,2845,N,6.66666666666667,0,42
2602,5,0.9734985,234,2601,N,8.33333333333333,0,42
2979,6,1.048383,252,2602,N,10,0,42
2666,7,0.96101775,231,2979,N,11.6666666666667,0,42
3721,8,1.0067805,242,2666,N,13.3333333333333,0,42
3382,9,0.96933825,233,3721,N,15,0,42
3309,10,1.09414575,263,3382,N,16.6666666666667,0,42
4050,11,1.015101,244,3309,N,18.3333333333333,0,42
3145,12,1.048383,252,4050,N,20,0,42
3836,13,1.0733445,258,3145,N,21.6666666666667,0,42
3986,14,1.198152,288,3836,N,23.3333333333333,0,42
3846,15,1.26887625,305,3986,N,25,0,42
4679,16,1.29383775,311,3846,N,26.6666666666667,0,42
5202,17,1.4228055,342,4679,N,28.3333333333333,0,42
4818,18,1.381203,332,5202,N,30,0,42
4893,19,1.4394465,346,4818,N,31.6666666666667,0,42
5046,20,1.4061645,338,4893,N,33.3333333333333,0,42
4723,21,1.464408,352,5046,N,35,0,42
4744,22,1.53513225,369,4723,N,36.6666666666667,0,42
4727,23,1.56009375,375,4744,N,38.3333333333333,0,42
5808,24,1.62665775,391,4727,N,40,0,42
5922,25,1.8055485,434,5808,N,41.6666666666667,0,42
5911,26,1.847151,444,5922,N,43.3333333333333,0,42
6164,27,1.9719585,474,5911,N,45,0,42
6266,28,2.00940075,483,6164,N,46.6666666666667,0,42
5768,29,2.179971,524,6266,N,48.3333333333333,0,42
6156,30,2.22573375,535,5768,N,50,0,42
6298,31,1.1399085,274,6156,Y,51.6666666666667,1,42
7005,32,1.25223525,301,6298,N,53.3333333333333,1,42
7628,33,1.20231225,289,7005,N,55,1,42
7485,34,1.35208125,325,7628,N,56.6666666666667,1,42
6675,35,1.4061645,338,7485,N,58.3333333333333,1,42
7232,36,1.41032475,339,6675,N,60,1,42
7369,37,1.564254,376,7232,N,61.6666666666667,1,42
7046,38,1.49352975,359,7369,N,63.3333333333333,1,42
6562,39,1.61001675,387,7046,N,65,1,42
8004,40,1.6641,400,6562,N,66.6666666666667,1,42
7817,41,1.80970875,435,8004,N,68.3333333333333,1,42
8607,42,1.91787525,461,7817,N,70,1,42
8848,43,1.9053945,458,8607,N,71.6666666666667,1,42
9042,44,2.013561,484,8848,N,73.3333333333333,1,42
8952,45,2.14252875,515,9042,N,75,1,42
8207,46,2.55023325,613,8952,N,76.6666666666667,1,42
9280,47,2.6542395,638,8207,N,78.3333333333333,1,42
9564,48,1.2397545,298,9280,Y,80,2,42
9743,49,1.1898315,286,9564,N,81.6666666666667,2,42
10281,50,1.2730365,306,9743,N,83.3333333333333,2,42
10771,51,1.464408,352,10281,N,85,2,42
2725,0,0.89445375,215,NA,N,0,0,43
2628,1,0.9901395,238,2725,N,1.66666666666667,0,43
2835,2,0.96101775,231,2628,N,3.33333333333333,0,43
2850,3,0.9901395,238,2835,N,5,0,43
2606,4,1.1232675,270,2850,N,6.66666666666667,0,43
2609,5,1.07750475,259,2606,N,8.33333333333333,0,43
2980,6,1.098306,264,2609,N,10,0,43
2670,7,1.24391475,299,2980,N,11.6666666666667,0,43
3723,8,1.15238925,277,2670,N,13.3333333333333,0,43
3383,9,1.181511,284,3723,N,15,0,43
3311,10,1.2730365,306,3383,N,16.6666666666667,0,43
4051,11,1.31047875,315,3311,N,18.3333333333333,0,43
3146,12,1.3063185,314,4051,N,20,0,43
3839,13,1.297998,312,3146,N,21.6666666666667,0,43
3987,14,1.297998,312,3839,N,23.3333333333333,0,43
3849,15,1.33544025,321,3987,N,25,0,43
4685,16,1.414485,340,3849,N,26.6666666666667,0,43
5203,17,1.4727285,354,4685,N,28.3333333333333,0,43
4823,18,1.431126,344,5203,N,30,0,43
4899,19,1.414485,340,4823,N,31.6666666666667,0,43
5047,20,1.46024775,351,4899,N,33.3333333333333,0,43
4729,21,1.49769,360,5047,N,35,0,43
4747,22,1.55177325,373,4729,N,36.6666666666667,0,43
4732,23,1.5060105,362,4747,N,38.3333333333333,0,43
5815,24,1.514331,364,4732,N,40,0,43
5927,25,1.597536,384,5815,N,41.6666666666667,0,43
5917,26,1.5725745,378,5927,N,43.3333333333333,0,43
2217,0,0.8237295,198,NA,N,0,0,44
2211,1,0.77796675,187,2217,N,1.66666666666667,0,44
2203,2,0.981819,236,2211,N,3.33333333333333,0,44
2266,3,1.13574825,273,2203,N,5,0,44
2194,4,1.0899855,262,2266,N,6.66666666666667,0,44
2244,5,1.1731905,282,2194,N,8.33333333333333,0,44
2466,6,1.14406875,275,2244,N,10,0,44
2233,7,1.26887625,305,2466,N,11.6666666666667,0,44
3519,8,1.3562415,326,2233,N,13.3333333333333,0,44
3252,9,1.3063185,314,3519,N,15,0,44
3152,10,1.4061645,338,3252,N,16.6666666666667,0,44
3621,11,1.3562415,326,3152,N,18.3333333333333,0,44
3041,12,1.41032475,339,3621,N,20,0,44
3536,13,1.347921,324,3041,N,21.6666666666667,0,44
3884,14,1.297998,312,3536,N,23.3333333333333,0,44
3541,15,1.49769,360,3884,N,25,0,44
4171,16,1.447767,348,3541,N,26.6666666666667,0,44
2220,0,0.4909095,118,NA,N,0,0,45
2215,1,0.48674925,117,2220,N,1.66666666666667,0,45
2207,2,0.5741145,138,2215,N,3.33333333333333,0,45
2270,3,0.599076,144,2207,N,5,0,45
2205,4,0.46178775,111,2270,N,6.66666666666667,0,45
2271,5,0.56163375,135,2205,N,8.33333333333333,0,45
2469,6,0.4909095,118,2271,N,10,0,45
2238,7,0.47010825,113,2469,N,11.6666666666667,0,45
3521,8,0.565794,136,2238,N,13.3333333333333,0,45
3254,9,0.582435,140,3521,N,15,0,45
3153,10,0.62819775,151,3254,N,16.6666666666667,0,45
3624,11,0.53667225,129,3153,N,18.3333333333333,0,45
3042,12,0.56995425,137,3624,N,20,0,45
3539,13,0.54499275,131,3042,N,21.6666666666667,0,45
3543,15,0.582435,140,3539,N,25,0,45
4173,16,0.52003125,125,3543,N,26.6666666666667,0,45
5118,17,0.5075505,122,4173,N,28.3333333333333,0,45
4670,23,0.432666,104,5118,N,38.3333333333333,0,45
8790,43,0.50339025,121,4670,N,71.6666666666667,0,45
10807,51,0.58659525,141,8790,N,85,0,45
2476,0,0.7072425,170,NA,N,0,0,46
2337,1,0.66147975,159,2476,N,1.66666666666667,0,46
2380,2,0.682281,164,2337,N,3.33333333333333,0,46
2625,3,0.748845,180,2380,N,5,0,46
2403,4,0.67812075,163,2625,N,6.66666666666667,0,46
2332,5,0.715563,172,2403,N,8.33333333333333,0,46
2886,6,0.615717,148,2332,N,10,0,46
2369,7,0.6573195,158,2886,N,11.6666666666667,0,46
3586,8,0.65315925,157,2369,N,13.3333333333333,0,46
3304,9,0.648999,156,3586,N,15,0,46
3227,10,0.8570115,206,3304,N,16.6666666666667,0,46
3694,11,0.7072425,170,3227,N,18.3333333333333,0,46
3067,12,0.6406785,154,3694,N,20,0,46
3601,13,0.5907555,142,3067,N,21.6666666666667,0,46
3941,14,0.60323625,145,3601,N,23.3333333333333,0,46
3762,15,0.66980025,161,3941,N,25,0,46
4333,16,0.7072425,170,3762,N,26.6666666666667,0,46
5147,17,0.60323625,145,4333,N,28.3333333333333,0,46
4404,18,0.64483875,155,5147,N,30,0,46
4651,19,0.648999,156,4404,N,31.6666666666667,0,46
4999,20,0.56995425,137,4651,N,33.3333333333333,0,46
4424,21,0.6073965,146,4999,N,35,0,46
4420,22,0.632358,152,4424,N,36.6666666666667,0,46
4438,23,0.56995425,137,4420,N,38.3333333333333,0,46
5575,24,0.5741145,138,4438,N,40,0,46
5638,25,0.60323625,145,5575,N,41.6666666666667,0,46
5656,26,0.58659525,141,5638,N,43.3333333333333,0,46
5939,27,0.61155675,147,5656,N,45,0,46
6214,28,0.5741145,138,5939,N,46.6666666666667,0,46
5545,29,0.5574735,134,6214,N,48.3333333333333,0,46
5879,30,0.6073965,146,5545,N,50,0,46
5923,31,0.615717,148,5879,N,51.6666666666667,0,46
6888,32,0.6406785,154,5923,N,53.3333333333333,0,46
7574,33,0.5408325,130,6888,N,55,0,46
7163,34,0.615717,148,7574,N,56.6666666666667,0,46
6628,35,0.5241915,126,7163,N,58.3333333333333,0,46
7151,36,0.61155675,147,6628,N,60,0,46
7325,37,0.59491575,143,7151,N,61.6666666666667,0,46
6506,39,0.58659525,141,7325,N,65,0,46
7960,40,0.60323625,145,6506,N,66.6666666666667,0,46
7770,41,0.5907555,142,7960,N,68.3333333333333,0,46
8559,42,0.56995425,137,7770,N,70,0,46
8764,43,0.56995425,137,8559,N,71.6666666666667,0,46
8944,44,0.5574735,134,8764,N,73.3333333333333,0,46
8367,45,0.5408325,130,8944,N,75,0,46
8143,46,0.53667225,129,8367,N,76.6666666666667,0,46
9213,47,0.55331325,133,8143,N,78.3333333333333,0,46
9493,48,0.54499275,131,9213,N,80,0,46
9673,49,0.56995425,137,9493,N,81.6666666666667,0,46
10154,50,0.56995425,137,9673,N,83.3333333333333,0,46
10673,51,0.582435,140,10154,N,85,0,46
10253,52,0.582435,140,10673,N,86.6666666666667,0,46
9914,53,0.5907555,142,10253,N,88.3333333333333,0,46
13705,63,0.549153,132,9914,N,105,0,46
12696,64,0.55331325,133,13705,N,106.666666666667,0,46
12149,65,0.53667225,129,12696,N,108.333333333333,0,46
14077,66,0.37858275,91,12149,N,110,0,46
14604,67,0.399384,96,14077,N,111.666666666667,0,46
15203,68,0.6073965,146,14604,N,113.333333333333,0,46
14956,69,0.57827475,139,15203,N,115,0,46
15041,70,0.6406785,154,14956,N,116.666666666667,0,46
2732,0,1.1898315,286,NA,N,0,0,47
2635,1,1.21895325,293,2732,N,1.66666666666667,0,47
2842,2,1.28551725,309,2635,N,3.33333333333333,0,47
2856,3,1.36872225,329,2842,N,5,0,47
2610,4,1.297998,312,2856,N,6.66666666666667,0,47
2614,5,1.41032475,339,2610,N,8.33333333333333,0,47
2981,6,1.46024775,351,2614,N,10,0,47
2673,7,1.51849125,365,2981,N,11.6666666666667,0,47
3725,8,1.597536,384,2673,N,13.3333333333333,0,47
3384,9,1.51017075,363,3725,N,15,0,47
3313,10,1.6724205,402,3384,N,16.6666666666667,0,47
4052,11,1.39368375,335,3313,N,18.3333333333333,0,47
3148,12,1.52681175,367,4052,N,20,0,47
3842,13,1.51017075,363,3148,N,21.6666666666667,0,47
3988,14,1.4228055,342,3842,N,23.3333333333333,0,47
3852,15,1.6224975,390,3988,N,25,0,47
4690,16,1.57673475,379,3852,N,26.6666666666667,0,47
5204,17,1.5392925,370,4690,N,28.3333333333333,0,47
4830,18,1.5892155,382,5204,N,30,0,47
4904,19,1.63497825,393,4830,N,31.6666666666667,0,47
5048,20,1.6224975,390,4904,N,33.3333333333333,0,47
4735,21,1.67658075,403,5048,N,35,0,47
4757,22,1.78474725,429,4735,N,36.6666666666667,0,47
4741,23,1.76810625,425,4757,N,38.3333333333333,0,47
5825,24,1.7556255,422,4741,N,40,0,47
5937,25,1.79306775,431,5825,N,41.6666666666667,0,47
5924,26,2.16749025,521,5937,N,43.3333333333333,0,47
6165,27,2.0718045,498,5924,N,45,0,47
6268,28,2.32557975,559,6165,N,46.6666666666667,0,47
5778,29,2.379663,572,6268,N,48.3333333333333,0,47
6163,30,2.612637,628,5778,N,50,0,47
6301,31,2.50863075,603,6163,N,51.6666666666667,0,47
7008,32,2.68336125,645,6301,N,53.3333333333333,0,47
7630,33,1.35208125,325,7008,Y,55,1,47
7487,34,1.514331,364,7630,N,56.6666666666667,1,47
6676,35,1.5892155,382,7487,N,58.3333333333333,1,47
7233,36,1.5892155,382,6676,N,60,1,47
7370,37,1.62665775,391,7233,N,61.6666666666667,1,47
7048,38,1.69322175,407,7370,N,63.3333333333333,1,47
6563,39,1.697382,408,7048,N,65,1,47
8005,40,1.880433,452,6563,N,66.6666666666667,1,47
7818,41,1.89291375,455,8005,N,68.3333333333333,1,47
8608,42,1.930356,464,7818,N,70,1,47
8849,43,2.10092625,505,8608,N,71.6666666666667,1,47
9044,44,2.19245175,527,8849,N,73.3333333333333,1,47
8955,45,2.30893875,555,9044,N,75,1,47
8208,46,2.279817,548,8955,N,76.6666666666667,1,47
9281,47,2.36718225,569,8208,N,78.3333333333333,1,47
9566,48,1.07750475,259,9281,Y,80,2,47
9745,49,1.21895325,293,9566,N,81.6666666666667,2,47
2225,0,1.45192725,349,NA,N,0,0,48
2223,1,1.4228055,342,2225,N,1.66666666666667,0,48
2214,2,1.564254,376,2223,N,3.33333333333333,0,48
2274,3,1.66826025,401,2214,N,5,0,48
2212,4,1.70154225,409,2274,N,6.66666666666667,0,48
2276,5,1.7556255,422,2212,N,8.33333333333333,0,48
2478,6,1.7556255,422,2276,N,10,0,48
2254,7,1.847151,444,2478,N,11.6666666666667,0,48
3524,8,1.93451625,465,2254,N,13.3333333333333,0,48
3256,9,2.00940075,483,3524,N,15,0,48
3157,10,1.95115725,469,3256,N,16.6666666666667,0,48
3630,11,2.0884455,502,3157,N,18.3333333333333,0,48
3043,12,1.99692,480,3630,N,20,0,48
3545,13,2.0718045,498,3043,N,21.6666666666667,0,48
3889,14,2.0551635,494,3545,N,23.3333333333333,0,48
3688,15,2.213253,532,3889,N,25,0,48
4175,16,2.29229775,551,3688,N,26.6666666666667,0,48
5120,17,2.279817,548,4175,N,28.3333333333333,0,48
4215,18,1.0733445,258,5120,Y,30,1,48
4466,19,1.2397545,298,4215,N,31.6666666666667,1,48
4940,20,1.22727375,295,4466,N,33.3333333333333,1,48
4315,21,1.26887625,305,4940,N,35,1,48
4236,22,1.381203,332,4315,N,36.6666666666667,1,48
2481,0,0.70308225,169,NA,N,0,0,49
2341,1,0.67812075,163,2481,N,1.66666666666667,0,49
2382,2,0.582435,140,2341,N,3.33333333333333,0,49
2633,3,0.632358,152,2382,N,5,0,49
2404,4,0.715563,172,2633,N,6.66666666666667,0,49
2335,5,0.5741145,138,2404,N,8.33333333333333,0,49
2889,6,0.60323625,145,2335,N,10,0,49
2406,7,0.682281,164,2889,N,11.6666666666667,0,49
3589,8,0.682281,164,2406,N,13.3333333333333,0,49
3306,9,0.69476175,167,3589,N,15,0,49
3228,10,0.615717,148,3306,N,16.6666666666667,0,49
3696,11,0.66980025,161,3228,N,18.3333333333333,0,49
3068,12,0.6739605,162,3696,N,20,0,49
3604,13,0.66147975,159,3068,N,21.6666666666667,0,49
3943,14,0.698922,168,3604,N,23.3333333333333,0,49
3764,15,0.5907555,142,3943,N,25,0,49
4336,16,0.63651825,153,3764,N,26.6666666666667,0,49
5148,17,0.6073965,146,4336,N,28.3333333333333,0,49
4408,18,0.68644125,165,5148,N,30,0,49
4653,19,0.648999,156,4408,N,31.6666666666667,0,49
5000,20,0.6406785,154,4653,N,33.3333333333333,0,49
4428,21,0.60323625,145,5000,N,35,0,49
4426,22,0.56995425,137,4428,N,36.6666666666667,0,49
4443,23,0.549153,132,4426,N,38.3333333333333,0,49
5579,24,0.382743,92,4443,N,40,0,49
5413,25,0.432666,104,5579,N,41.6666666666667,0,49
7563,33,0.482589,116,5413,N,55,0,49
7784,41,0.49506975,119,7563,N,68.3333333333333,0,49
8745,43,0.61155675,147,7784,N,71.6666666666667,0,49
8929,44,0.6573195,158,8745,N,73.3333333333333,0,49
8349,45,0.65315925,157,8929,N,75,0,49
8126,46,0.6739605,162,8349,N,76.6666666666667,0,49
9476,48,0.56995425,137,8126,N,80,0,49
9658,49,0.4576275,110,9476,N,81.6666666666667,0,49
10138,50,0.565794,136,9658,N,83.3333333333333,0,49
11366,51,0.5075505,122,10138,N,85,0,49
10467,52,0.52835175,127,11366,N,86.6666666666667,0,49
9900,53,0.61987725,149,10467,N,88.3333333333333,0,49
10973,54,0.6073965,146,9900,N,90,0,49
11294,55,0.5408325,130,10973,N,91.6666666666667,0,49
11638,56,0.65315925,157,11294,N,93.3333333333333,0,49
11528,57,0.60323625,145,11638,N,95,0,49
12636,64,0.5408325,130,11528,N,106.666666666667,0,49
15084,68,0.52835175,127,12636,N,113.333333333333,0,49
14885,69,0.46178775,111,15084,N,115,0,49
2483,0,0.8736525,210,NA,N,0,0,50
2345,1,0.915255,220,2483,N,1.66666666666667,0,50
2389,2,0.94437675,227,2345,N,3.33333333333333,0,50
2641,3,0.965178,232,2389,N,5,0,50
2405,4,0.99846,240,2641,N,6.66666666666667,0,50
2338,5,1.05254325,253,2405,N,8.33333333333333,0,50
2896,6,1.07750475,259,2338,N,10,0,50
2413,7,1.09414575,263,2896,N,11.6666666666667,0,50
3592,8,1.11078675,267,2413,N,13.3333333333333,0,50
3308,9,1.114947,268,3592,N,15,0,50
3231,10,1.231434,296,3308,N,16.6666666666667,0,50
3697,11,1.12742775,271,3231,N,18.3333333333333,0,50
3069,12,1.16070975,279,3697,N,20,0,50
3607,13,1.17735075,283,3069,N,21.6666666666667,0,50
3945,14,1.16903025,281,3607,N,23.3333333333333,0,50
3766,15,1.28551725,309,3945,N,25,0,50
4339,16,1.26055575,303,3766,N,26.6666666666667,0,50
5149,17,1.248075,300,4339,N,28.3333333333333,0,50
4413,18,1.281357,308,5149,N,30,0,50
4655,19,1.397844,336,4413,N,31.6666666666667,0,50
5001,20,1.31879925,317,4655,N,33.3333333333333,0,50
4434,21,1.44360675,347,5001,N,35,0,50
4432,22,1.4560875,350,4434,N,36.6666666666667,0,50
4457,23,1.70986275,411,4432,N,38.3333333333333,0,50
5585,24,1.71818325,413,4457,N,40,0,50
5646,25,1.81802925,437,5585,N,41.6666666666667,0,50
5662,26,1.89291375,455,5646,N,43.3333333333333,0,50
5944,27,1.88459325,453,5662,N,45,0,50
6216,28,2.113407,508,5944,N,46.6666666666667,0,50
5448,29,1.11910725,269,6216,Y,48.3333333333333,1,50
5763,30,1.16487,280,5448,N,50,1,50
5653,31,1.181511,284,5763,N,51.6666666666667,1,50
6814,32,1.0400625,250,5653,N,53.3333333333333,1,50
7548,33,1.1232675,270,6814,N,55,1,50
6865,34,1.2563955,302,7548,N,56.6666666666667,1,50
6608,35,1.264716,304,6865,N,58.3333333333333,1,50
7096,36,1.34376075,323,6608,N,60,1,50
7301,37,1.34376075,323,7096,N,61.6666666666667,1,50
6880,38,1.35208125,325,7301,N,63.3333333333333,1,50
6463,39,1.447767,348,6880,N,65,1,50
7936,40,1.69322175,407,6463,N,66.6666666666667,1,50
7746,41,1.75978575,423,7936,N,68.3333333333333,1,50
8515,42,1.78474725,429,7746,N,70,1,50
8730,43,1.91787525,461,8515,N,71.6666666666667,1,50
8892,44,1.95947775,471,8730,N,73.3333333333333,1,50
8356,45,1.04422275,251,8892,Y,75,2,50
8131,46,1.16487,280,8356,N,76.6666666666667,2,50
9203,47,1.198152,288,8131,N,78.3333333333333,2,50
9483,48,1.347921,324,9203,N,80,2,50
9663,49,1.2563955,302,9483,N,81.6666666666667,2,50
10144,50,1.39368375,335,9663,N,83.3333333333333,2,50
2235,0,0.6906015,166,NA,N,0,0,51
2231,1,0.70308225,169,2235,N,1.66666666666667,0,51
2224,2,0.8070885,194,2231,N,3.33333333333333,0,51
2278,3,0.66980025,161,2224,N,5,0,51
2221,4,0.6906015,166,2278,N,6.66666666666667,0,51
2280,5,0.682281,164,2221,N,8.33333333333333,0,51
2491,6,0.67812075,163,2280,N,10,0,51
2268,7,0.7904475,190,2491,N,11.6666666666667,0,51
3529,8,0.7904475,190,2268,N,13.3333333333333,0,51
3260,9,0.82788975,199,3529,N,15,0,51
3161,10,0.765486,184,3260,N,16.6666666666667,0,51
3635,11,0.815409,196,3161,N,18.3333333333333,0,51
3045,12,0.81956925,197,3635,N,20,0,51
3549,13,0.798768,192,3045,N,21.6666666666667,0,51
3896,14,0.73636425,177,3549,N,23.3333333333333,0,51
3690,15,0.732204,176,3896,N,25,0,51
4176,16,0.73636425,177,3690,N,26.6666666666667,0,51
5121,17,0.76964625,185,4176,N,28.3333333333333,0,51
4273,18,0.782127,188,5121,N,30,0,51
4477,19,0.74468475,179,4273,N,31.6666666666667,0,51
4945,20,0.748845,180,4477,N,33.3333333333333,0,51
4324,21,0.8403705,202,4945,N,35,0,51
4238,22,0.7571655,182,4324,N,36.6666666666667,0,51
4330,23,0.732204,176,4238,N,38.3333333333333,0,51
5443,24,0.71140275,171,4330,N,40,0,51
5504,25,0.782127,188,5443,N,41.6666666666667,0,51
5764,27,0.58659525,141,5504,N,45,0,51
6142,28,0.7405245,178,5764,N,46.6666666666667,0,51
5313,29,0.79460775,191,6142,N,48.3333333333333,0,51
5734,30,0.70308225,169,5313,N,50,0,51
5611,31,0.65315925,157,5734,N,51.6666666666667,0,51
6800,32,0.39522375,95,5611,N,53.3333333333333,0,51
7626,33,0.7904475,190,6800,N,55,0,51
7483,34,0.5741145,138,7626,N,56.6666666666667,0,51
6674,35,0.599076,144,7483,N,58.3333333333333,0,51
7231,36,0.6240375,150,6674,N,60,0,51
8003,40,0.599076,144,7231,N,66.6666666666667,0,51
7816,41,0.83621025,201,8003,N,68.3333333333333,0,51
8847,43,0.83205,200,7816,N,71.6666666666667,0,51
9039,44,0.81124875,195,8847,N,73.3333333333333,0,51
8949,45,0.7738065,186,9039,N,75,0,51
8206,46,0.765486,184,8949,N,76.6666666666667,0,51
9279,47,0.71972325,173,8206,N,78.3333333333333,0,51
9562,48,0.7571655,182,9279,N,80,0,51
9742,49,0.72804375,175,9562,N,81.6666666666667,0,51
10280,50,0.7571655,182,9742,N,83.3333333333333,0,51
10768,51,0.7904475,190,10280,N,85,0,51
10295,52,0.7738065,186,10768,N,86.6666666666667,0,51
9980,53,0.6573195,158,10295,N,88.3333333333333,0,51
10629,54,0.66980025,161,9980,N,90,0,51
10824,55,0.80292825,193,10629,N,91.6666666666667,0,51
11289,56,0.6406785,154,10824,N,93.3333333333333,0,51
11208,57,0.532512,128,11289,N,95,0,51
13596,62,0.682281,164,11208,N,103.333333333333,0,51
13665,63,0.62819775,151,13596,N,105,0,51
12627,64,0.6073965,146,13665,N,106.666666666667,0,51
12103,65,0.682281,164,12627,N,108.333333333333,0,51
13967,66,0.6406785,154,12103,N,110,0,51
15058,68,0.7072425,170,13967,N,113.333333333333,0,51
14876,69,0.6573195,158,15058,N,115,0,51
2750,0,0.9069345,218,NA,N,0,0,52
2687,1,0.8902935,214,2750,N,1.66666666666667,0,52
2859,2,0.9235755,222,2687,N,3.33333333333333,0,52
2872,3,0.9901395,238,2859,N,5,0,52
2631,4,1.02758175,247,2872,N,6.66666666666667,0,52
2627,5,1.06918425,257,2631,N,8.33333333333333,0,52
2983,6,1.098306,264,2627,N,10,0,52
2682,7,1.0400625,250,2983,N,11.6666666666667,0,52
3730,8,1.148229,276,2682,N,13.3333333333333,0,52
3386,9,1.10246625,265,3730,N,15,0,52
3319,10,1.21063275,291,3386,N,16.6666666666667,0,52
4055,11,1.1731905,282,3319,N,18.3333333333333,0,52
3154,12,1.231434,296,4055,N,20,0,52
3848,13,1.21063275,291,3154,N,21.6666666666667,0,52
3990,14,1.23559425,297,3848,N,23.3333333333333,0,52
3861,15,1.2231135,294,3990,N,25,0,52
4702,16,1.2064725,290,3861,N,26.6666666666667,0,52
5206,17,1.22727375,295,4702,N,28.3333333333333,0,52
4843,18,1.31047875,315,5206,N,30,0,52
4914,19,1.297998,312,4843,N,31.6666666666667,0,52
5050,20,1.28551725,309,4914,N,33.3333333333333,0,52
4748,21,1.33128,320,5050,N,35,0,52
4772,22,1.3895235,334,4748,N,36.6666666666667,0,52
4756,23,1.530972,368,4772,N,38.3333333333333,0,52
5837,24,1.54345275,371,4756,N,40,0,52
5948,25,1.547613,372,5837,N,41.6666666666667,0,52
5934,26,1.62665775,391,5948,N,43.3333333333333,0,52
6167,27,1.6557795,398,5934,N,45,0,52
6274,28,1.70154225,409,6167,N,46.6666666666667,0,52
5794,29,1.7889075,430,6274,N,48.3333333333333,0,52
6358,30,1.797228,432,5794,N,50,0,52
6303,31,2.02604175,487,6358,N,51.6666666666667,0,52
7011,32,2.0218815,486,6303,N,53.3333333333333,0,52
7632,33,2.03436225,489,7011,N,55,0,52
7489,34,2.096766,504,7632,N,56.6666666666667,0,52
6678,35,2.32557975,559,7489,N,58.3333333333333,0,52
7235,36,2.3547015,566,6678,N,60,0,52
7373,37,2.60847675,627,7235,N,61.6666666666667,0,52
7061,38,2.546073,612,7373,N,63.3333333333333,0,52
6566,39,2.9038545,698,7061,N,65,0,52
8009,40,2.912175,700,6566,N,66.6666666666667,0,52
7823,41,1.4560875,350,8009,Y,68.3333333333333,1,52
8614,42,1.4394465,346,7823,N,70,1,52
8861,43,1.40200425,337,8614,N,71.6666666666667,1,52
2756,0,1.048383,252,NA,N,0,0,53
2698,1,0.915255,220,2756,N,1.66666666666667,0,53
2867,2,0.99429975,239,2698,N,3.33333333333333,0,53
2879,3,0.88613325,213,2867,N,5,0,53
2648,4,1.06086375,255,2879,N,6.66666666666667,0,53
2640,5,0.96933825,233,2648,N,8.33333333333333,0,53
2245,0,1.6058565,386,NA,N,0,0,54
2237,1,2.02604175,487,2245,N,1.66666666666667,0,54
2229,2,2.19245175,527,2237,N,3.33333333333333,0,54
2387,3,2.2548555,542,2229,N,5,0,54
2228,4,1.880433,452,2387,N,6.66666666666667,0,54
2281,5,2.3713425,570,2228,N,8.33333333333333,0,54
2496,6,2.34222075,563,2281,N,10,0,54
2275,7,1.9719585,474,2496,N,11.6666666666667,0,54
3534,8,1.14406875,275,2275,Y,13.3333333333333,1,54
3264,9,1.25223525,301,3534,N,15,1,54
3165,10,1.248075,300,3264,N,16.6666666666667,1,54
3640,11,1.16487,280,3165,N,18.3333333333333,1,54
3047,12,1.11910725,269,3640,N,20,1,54
3554,13,1.1066265,266,3047,N,21.6666666666667,1,54
3902,14,1.148229,276,3554,N,23.3333333333333,1,54
3720,15,1.1898315,286,3902,N,25,1,54
4178,16,1.04422275,251,3720,N,26.6666666666667,1,54
5124,17,1.0400625,250,4178,N,28.3333333333333,1,54
4284,18,1.0899855,262,5124,N,30,1,54
4488,19,1.16487,280,4284,N,31.6666666666667,1,54
4953,20,1.13574825,273,4488,N,33.3333333333333,1,54
4334,21,1.2064725,290,4953,N,35,1,54
4269,22,1.0567035,254,4334,N,36.6666666666667,1,54
4331,23,0.931896,224,4269,N,38.3333333333333,1,54
5447,24,1.065024,256,4331,N,40,1,54
5511,25,1.06086375,255,5447,N,41.6666666666667,1,54
5547,26,1.081665,260,5511,N,43.3333333333333,1,54
5780,27,1.148229,276,5547,N,45,1,54
6158,28,1.0067805,242,5780,N,46.6666666666667,1,54
5341,29,1.0067805,242,6158,N,48.3333333333333,1,54
5751,30,1.08582525,261,5341,N,50,1,54
5641,31,1.098306,264,5751,N,51.6666666666667,1,54
6808,32,1.03590225,249,5641,N,53.3333333333333,1,54
7544,33,1.09414575,263,6808,N,55,1,54
6862,34,1.065024,256,7544,N,56.6666666666667,1,54
6606,35,1.0733445,258,6862,N,58.3333333333333,1,54
7091,36,1.0400625,250,6606,N,60,1,54
7299,37,1.13574825,273,7091,N,61.6666666666667,1,54
6876,38,1.06086375,255,7299,N,63.3333333333333,1,54
6460,39,1.2064725,290,6876,N,65,1,54
7933,40,1.231434,296,6460,N,66.6666666666667,1,54
7743,41,1.14406875,275,7933,N,68.3333333333333,1,54
8507,42,0.91941525,221,7743,N,70,1,54
8727,43,1.098306,264,8507,N,71.6666666666667,1,54
2248,0,0.99429975,239,NA,N,0,0,55
2286,1,1.11910725,269,2248,N,1.66666666666667,0,55
2262,2,1.3562415,326,2286,N,3.33333333333333,0,55
2505,3,1.1066265,266,2262,N,5,0,55
2242,4,1.16487,280,2505,N,6.66666666666667,0,55
2284,5,1.2397545,298,2242,N,8.33333333333333,0,55
2504,6,1.12742775,271,2284,N,10,0,55
2313,7,1.081665,260,2504,N,11.6666666666667,0,55
3544,8,1.198152,288,2313,N,13.3333333333333,0,55
3268,9,1.14406875,275,3544,N,15,0,55
3171,10,1.314639,316,3268,N,16.6666666666667,0,55
3650,11,1.065024,256,3171,N,18.3333333333333,0,55
3051,12,1.2896775,310,3650,N,20,0,55
3558,13,1.1565495,278,3051,N,21.6666666666667,0,55
3909,14,1.38536325,333,3558,N,23.3333333333333,0,55
3726,15,1.381203,332,3909,N,25,0,55
4181,16,1.39368375,335,3726,N,26.6666666666667,0,55
5126,17,1.4394465,346,4181,N,28.3333333333333,0,55
4292,18,1.56009375,375,5126,N,30,0,55
4502,19,1.414485,340,4292,N,31.6666666666667,0,55
4960,20,1.50185025,361,4502,N,33.3333333333333,0,55
4340,21,1.5559335,374,4960,N,35,0,55
4279,22,1.614177,388,4340,N,36.6666666666667,0,55
4338,23,1.70986275,411,4279,N,38.3333333333333,0,55
5461,24,1.863792,448,4338,N,40,0,55
5534,25,1.92619575,463,5461,N,41.6666666666667,0,55
5567,26,1.87627275,451,5534,N,43.3333333333333,0,55
5807,27,2.080125,500,5567,N,45,0,55
6172,28,2.04268275,491,5807,N,46.6666666666667,0,55
5453,29,2.15916975,519,6172,N,48.3333333333333,0,55
5770,30,2.20909275,531,5453,N,50,0,55
5659,31,2.20909275,531,5770,N,51.6666666666667,0,55
6819,32,2.40046425,577,5659,N,53.3333333333333,0,55
7551,33,2.4046245,578,6819,N,55,0,55
6870,34,2.795688,672,7551,N,56.6666666666667,0,55
6609,35,2.8040085,674,6870,N,58.3333333333333,0,55
7100,36,2.42542575,583,6609,N,60,0,55
7302,37,2.92465575,703,7100,N,61.6666666666667,0,55
6882,38,3.0037005,722,7302,N,63.3333333333333,0,55
6464,39,2.8539315,686,6882,N,65,0,55
7937,40,2.67504075,643,6464,N,66.6666666666667,0,55
7747,41,2.95793775,711,7937,N,68.3333333333333,0,55
8518,42,2.81648925,677,7747,N,70,0,55
8731,43,2.47534875,595,8518,N,71.6666666666667,0,55
8895,44,2.645919,636,8731,N,73.3333333333333,0,55
8335,45,2.3047785,554,8895,N,75,0,55
8110,46,2.562714,616,8335,N,76.6666666666667,0,55
9182,47,2.7873675,670,8110,N,78.3333333333333,0,55
9457,48,2.04268275,491,9182,N,80,0,55
9644,49,2.0052405,482,9457,N,81.6666666666667,0,55
10119,50,1.94283675,467,9644,N,83.3333333333333,0,55
10631,51,1.91787525,461,10119,N,85,0,55
10229,52,1.7722665,426,10631,N,86.6666666666667,0,55
9881,53,1.91787525,461,10229,N,88.3333333333333,0,55
10490,54,1.780587,428,9881,N,90,0,55
10719,55,1.66826025,401,10490,N,91.6666666666667,0,55
11204,56,1.85963175,447,10719,N,93.3333333333333,0,55
11101,57,1.96779825,473,11204,N,95,0,55
11864,58,1.86795225,449,11101,N,96.6666666666667,0,55
12944,59,2.0052405,482,11864,N,98.3333333333333,0,55
12437,60,1.7223435,414,12944,N,100,0,55
13310,61,1.88459325,453,12437,N,101.666666666667,0,55
13624,62,1.9220355,462,13310,N,103.333333333333,0,55
13696,63,1.80138825,433,13624,N,105,0,55
12681,64,1.26887625,305,13696,N,106.666666666667,0,55
12137,65,1.82634975,439,12681,N,108.333333333333,0,55
14053,66,1.85131125,445,12137,N,110,0,55
14596,67,1.81802925,437,14053,N,111.666666666667,0,55
15179,68,1.92619575,463,14596,N,113.333333333333,0,55
14939,69,1.847151,444,15179,N,115,0,55
15011,70,1.56841425,377,14939,N,116.666666666667,0,55
2251,0,1.21895325,293,NA,N,0,0,56
2288,1,1.2397545,298,2251,N,1.66666666666667,0,56
2264,2,1.314639,316,2288,N,3.33333333333333,0,56
2511,3,1.4228055,342,2264,N,5,0,56
2246,4,1.3728825,330,2511,N,6.66666666666667,0,56
2285,5,1.54345275,371,2246,N,8.33333333333333,0,56
2508,6,1.5725745,378,2285,N,10,0,56
2317,7,1.5392925,370,2508,N,11.6666666666667,0,56
3547,8,1.64329875,395,2317,N,13.3333333333333,0,56
3270,9,1.55177325,373,3547,N,15,0,56
3175,10,1.69322175,407,3270,N,16.6666666666667,0,56
3653,11,1.56009375,375,3175,N,18.3333333333333,0,56
3052,12,1.530972,368,3653,N,20,0,56
3563,13,1.514331,364,3052,N,21.6666666666667,0,56
3912,14,1.61833725,389,3563,N,23.3333333333333,0,56
3728,15,1.71818325,413,3912,N,25,0,56
4182,16,1.714023,412,3728,N,26.6666666666667,0,56
5127,17,1.73482425,417,4182,N,28.3333333333333,0,56
4297,18,1.8388305,442,5127,N,30,0,56
4511,19,1.87627275,451,4297,N,31.6666666666667,0,56
4963,20,1.95115725,469,4511,N,33.3333333333333,0,56
4343,21,1.99692,480,4963,N,35,0,56
4285,22,1.930356,464,4343,N,36.6666666666667,0,56
4342,23,2.36718225,569,4285,N,38.3333333333333,0,56
5468,24,2.2382145,538,4342,N,40,0,56
5546,25,1.11078675,267,5468,Y,41.6666666666667,1,56
5576,26,1.13574825,273,5546,N,43.3333333333333,1,56
5818,27,1.2064725,290,5576,N,45,1,56
6177,28,1.07750475,259,5818,N,46.6666666666667,1,56
5462,29,1.1731905,282,6177,N,48.3333333333333,1,56
5781,30,1.25223525,301,5462,N,50,1,56
5673,31,1.26055575,303,5781,N,51.6666666666667,1,56
6821,32,1.3229595,318,5673,N,53.3333333333333,1,56
7552,33,1.33544025,321,6821,N,55,1,56
6872,34,1.4061645,338,7552,N,56.6666666666667,1,56
6610,35,1.34376075,323,6872,N,58.3333333333333,1,56
7102,36,1.37704275,331,6610,N,60,1,56
7303,37,1.6391385,394,7102,N,61.6666666666667,1,56
6884,38,1.65161925,397,7303,N,63.3333333333333,1,56
6465,39,1.6890615,406,6884,N,65,1,56
7938,40,1.59337575,383,6465,N,66.6666666666667,1,56
7748,41,1.53513225,369,7938,N,68.3333333333333,1,56
8523,42,1.6224975,390,7748,N,70,1,56
8732,43,1.547613,372,8523,N,71.6666666666667,1,56
8897,44,1.88459325,453,8732,N,73.3333333333333,1,56
8336,45,2.080125,500,8897,N,75,1,56
8111,46,2.096766,504,8336,N,76.6666666666667,1,56
9183,47,2.2215735,534,8111,N,78.3333333333333,1,56
9458,48,1.19399175,287,9183,Y,80,2,56
9645,49,1.1399085,274,9458,N,81.6666666666667,2,56
10121,50,1.2563955,302,9645,N,83.3333333333333,2,56
11337,51,1.2231135,294,10121,N,85,2,56
10448,52,1.564254,376,11337,N,86.6666666666667,2,56
9884,53,1.83467025,441,10448,N,88.3333333333333,2,56
10953,54,1.82634975,439,9884,N,90,2,56
10997,55,1.72650375,415,10953,N,91.6666666666667,2,56
11605,56,2.08428525,501,10997,N,93.3333333333333,2,56
11470,57,2.0218815,486,11605,N,95,2,56
11981,58,2.0218815,486,11470,N,96.6666666666667,2,56
13155,59,2.030202,488,11981,N,98.3333333333333,2,56
12559,60,0.91109475,219,13155,Y,100,3,56
13459,61,1.0899855,262,12559,N,101.666666666667,3,56
14113,62,1.2730365,306,13459,N,103.333333333333,3,56
13939,63,1.3396005,322,14113,N,105,3,56
2255,0,0.97765875,235,NA,N,0,0,57
2293,1,1.0400625,250,2255,N,1.66666666666667,0,57
2297,2,1.031742,248,2293,N,3.33333333333333,0,57
2521,3,1.081665,260,2297,N,5,0,57
2253,4,1.14406875,275,2521,N,6.66666666666667,0,57
2289,5,1.06918425,257,2253,N,8.33333333333333,0,57
2644,6,1.17735075,283,2289,N,10,0,57
2323,7,1.231434,296,2644,N,11.6666666666667,0,57
3552,8,1.25223525,301,2323,N,13.3333333333333,0,57
3275,9,1.2563955,302,3552,N,15,0,57
3181,10,1.48520925,357,3275,N,16.6666666666667,0,57
3659,11,1.28551725,309,3181,N,18.3333333333333,0,57
3054,12,1.4061645,338,3659,N,20,0,57
3569,13,1.40200425,337,3054,N,21.6666666666667,0,57
3918,14,1.2397545,298,3569,N,23.3333333333333,0,57
3731,15,1.21063275,291,3918,N,25,0,57
4184,16,1.57673475,379,3731,N,26.6666666666667,0,57
5129,17,1.58505525,381,4184,N,28.3333333333333,0,57
4305,18,1.6058565,386,5129,N,30,0,57
4527,19,1.65993975,399,4305,N,31.6666666666667,0,57
4969,20,1.74314475,419,4527,N,33.3333333333333,0,57
4349,21,1.94283675,467,4969,N,35,0,57
4293,22,1.89291375,455,4349,N,36.6666666666667,0,57
4348,23,1.94283675,467,4293,N,38.3333333333333,0,57
5476,24,2.4212655,582,4348,N,40,0,57
5555,25,2.30061825,553,5476,N,41.6666666666667,0,57
5586,26,2.50863075,603,5555,N,43.3333333333333,0,57
5830,27,2.40046425,577,5586,N,45,0,57
6183,28,1.281357,308,5830,Y,46.6666666666667,1,57
5474,29,1.4061645,338,6183,N,48.3333333333333,1,57
5793,30,1.431126,344,5474,N,50,1,57
5680,31,1.547613,372,5793,N,51.6666666666667,1,57
6826,32,1.57673475,379,5680,N,53.3333333333333,1,57
7557,33,1.747305,420,6826,N,55,1,57
7124,34,1.730664,416,7557,N,56.6666666666667,1,57
6612,35,1.83051,440,7124,N,58.3333333333333,1,57
7108,36,1.730664,416,6612,N,60,1,57
7306,37,1.7223435,414,7108,N,61.6666666666667,1,57
6891,38,1.77642675,427,7306,N,63.3333333333333,1,57
6469,39,1.95115725,469,6891,N,65,1,57
7941,40,2.279817,548,6469,N,66.6666666666667,1,57
7751,41,2.28397725,549,7941,N,68.3333333333333,1,57
8540,42,2.4379065,586,7751,N,70,1,57
8735,43,2.47534875,595,8540,N,71.6666666666667,1,57
8913,44,1.35208125,325,8735,Y,73.3333333333333,2,57
8338,45,1.2231135,294,8913,N,75,2,57
8114,46,1.5392925,370,8338,N,76.6666666666667,2,57
2768,0,0.86117175,207,NA,N,0,0,58
2703,1,1.048383,252,2768,N,1.66666666666667,0,58
2870,2,1.06086375,255,2703,N,3.33333333333333,0,58
2888,3,1.00262025,241,2870,N,5,0,58
2707,4,1.17735075,283,2888,N,6.66666666666667,0,58
2646,5,1.0567035,254,2707,N,8.33333333333333,0,58
2986,6,1.081665,260,2646,N,10,0,58
2696,7,1.0899855,262,2986,N,11.6666666666667,0,58
3737,8,1.065024,256,2696,N,13.3333333333333,0,58
3389,9,1.16903025,281,3737,N,15,0,58
3324,10,1.198152,288,3389,N,16.6666666666667,0,58
4057,11,1.22727375,295,3324,N,18.3333333333333,0,58
3158,12,1.26055575,303,4057,N,20,0,58
3857,13,1.32711975,319,3158,N,21.6666666666667,0,58
3993,14,1.347921,324,3857,N,23.3333333333333,0,58
3874,15,1.37704275,331,3993,N,25,0,58
4725,16,1.46856825,353,3874,N,26.6666666666667,0,58
5208,17,1.481049,356,4725,N,28.3333333333333,0,58
4854,18,1.580895,380,5208,N,30,0,58
4921,19,1.5226515,366,4854,N,31.6666666666667,0,58
5053,20,1.57673475,379,4921,N,33.3333333333333,0,58
4764,21,1.647459,396,5053,N,35,0,58
4778,22,1.697382,408,4764,N,36.6666666666667,0,58
4760,23,1.8221895,438,4778,N,38.3333333333333,0,58
6000,24,2.13420825,513,4760,N,40,0,58
5953,25,2.0218815,486,6000,N,41.6666666666667,0,58
5940,26,2.05100325,493,5953,N,43.3333333333333,0,58
6168,27,2.01772125,485,5940,N,45,0,58
6279,28,1.8887535,454,6168,N,46.6666666666667,0,58
5814,29,1.90123425,457,6279,N,48.3333333333333,0,58
6361,30,1.97611875,475,5814,N,50,0,58
6311,31,1.863792,448,6361,N,51.6666666666667,0,58
7021,32,2.046843,492,6311,N,53.3333333333333,0,58
7636,33,2.096766,504,7021,N,55,0,58
7498,34,1.97611875,475,7636,N,56.6666666666667,0,58
6680,35,2.113407,508,7498,N,58.3333333333333,0,58
7241,36,1.946997,468,6680,N,60,0,58
7376,37,2.0718045,498,7241,N,61.6666666666667,0,58
7074,38,1.85131125,445,7376,N,63.3333333333333,0,58
6570,39,2.00108025,481,7074,N,65,0,58
8012,40,2.0884455,502,6570,N,66.6666666666667,0,58
7828,41,2.030202,488,8012,N,68.3333333333333,0,58
8619,42,1.9885995,478,7828,N,70,0,58
8870,43,1.730664,416,8619,N,71.6666666666667,0,58
9062,44,1.68490125,405,8870,N,73.3333333333333,0,58
9002,45,2.046843,492,9062,N,75,0,58
8217,46,2.03436225,489,9002,N,76.6666666666667,0,58
9292,47,2.0884455,502,8217,N,78.3333333333333,0,58
9578,48,2.06764425,497,9292,N,80,0,58
9754,49,2.13420825,513,9578,N,81.6666666666667,0,58
10308,50,2.0218815,486,9754,N,83.3333333333333,0,58
10779,51,2.06764425,497,10308,N,85,0,58
10304,52,2.20077225,529,10779,N,86.6666666666667,0,58
9995,53,2.096766,504,10304,N,88.3333333333333,0,58
10650,54,2.0884455,502,9995,N,90,0,58
10837,55,1.9220355,462,10650,N,91.6666666666667,0,58
2002,0,1.19399175,287,NA,N,0,0,59
2000,1,1.4228055,342,2002,N,1.66666666666667,0,59
2013,2,1.49769,360,2000,N,3.33333333333333,0,59
2005,3,1.30215825,313,2013,N,5,0,59
2004,4,1.2397545,298,2005,N,6.66666666666667,0,59
2003,5,1.414485,340,2004,N,8.33333333333333,0,59
2012,6,1.49352975,359,2003,N,10,0,59
2001,7,1.564254,376,2012,N,11.6666666666667,0,59
3443,8,1.54345275,371,2001,N,13.3333333333333,0,59
3169,9,1.680741,404,3443,N,15,0,59
2517,0,1.49352975,359,NA,N,0,0,60
2351,1,0.898614,216,2517,Y,1.66666666666667,1,60
2441,2,0.93605625,225,2351,N,3.33333333333333,1,60
2652,3,0.9069345,218,2441,N,5,1,60
2419,4,0.96101775,231,2652,N,6.66666666666667,1,60
2347,5,1.08582525,261,2419,N,8.33333333333333,1,60
2917,6,1.1066265,266,2347,N,10,1,60
2424,7,1.02758175,247,2917,N,11.6666666666667,1,60
3595,8,1.1232675,270,2424,N,13.3333333333333,1,60
3310,9,1.06086375,255,3595,N,15,1,60
3233,10,1.0899855,262,3310,N,16.6666666666667,1,60
3699,11,1.098306,264,3233,N,18.3333333333333,1,60
3070,12,1.148229,276,3699,N,20,1,60
3610,13,1.16487,280,3070,N,21.6666666666667,1,60
3946,14,1.248075,300,3610,N,23.3333333333333,1,60
3768,15,1.21063275,291,3946,N,25,1,60
4341,16,1.1565495,278,3768,N,26.6666666666667,1,60
5150,17,1.2231135,294,4341,N,28.3333333333333,1,60
4421,18,1.36040175,327,5150,N,30,1,60
2263,0,0.4077045,98,NA,N,0,0,61
2299,1,0.40354425,97,2263,N,1.66666666666667,0,61
2300,2,0.41186475,99,2299,N,3.33333333333333,0,61
2525,3,0.48674925,117,2300,N,5,0,61
2260,4,0.416025,100,2525,N,6.66666666666667,0,61
2294,5,0.46178775,111,2260,N,8.33333333333333,0,61
2803,6,0.416025,100,2294,N,10,0,61
2329,7,0.42850575,103,2803,N,11.6666666666667,0,61
3553,8,0.45346725,109,2329,N,13.3333333333333,0,61
3277,9,0.45346725,109,3553,N,15,0,61
3184,10,0.56995425,137,3277,N,16.6666666666667,0,61
3662,11,0.40354425,97,3184,N,18.3333333333333,0,61
3056,12,0.38690325,93,3662,N,20,0,61
3574,13,0.3744225,90,3056,N,21.6666666666667,0,61
3733,15,0.4742685,114,3574,N,25,0,61
4186,16,0.382743,92,3733,N,26.6666666666667,0,61
5131,17,0.38690325,93,4186,N,28.3333333333333,0,61
4767,23,0.366102,88,5131,N,38.3333333333333,0,61
7570,33,0.32033925,77,4767,N,55,0,61
8828,43,0.35362125,85,7570,N,71.6666666666667,0,61
10818,51,0.366102,88,8828,N,85,0,61
10353,52,0.349461,84,10818,N,86.6666666666667,0,61
10048,53,0.37858275,91,10353,N,88.3333333333333,0,61
10747,54,0.33282,80,10048,N,90,0,61
10897,55,0.3078585,74,10747,N,91.6666666666667,0,61
11414,56,0.33282,80,10897,N,93.3333333333333,0,61
11258,57,0.249615,60,11414,N,95,0,61
12815,64,0.38690325,93,11258,N,106.666666666667,0,61
2265,0,0.4742685,114,NA,N,0,0,62
2301,1,0.42850575,103,2265,N,1.66666666666667,0,62
2308,2,0.49506975,119,2301,N,3.33333333333333,0,62
2536,3,0.449307,108,2308,N,5,0,62
2359,4,0.43682625,105,2536,N,6.66666666666667,0,62
2298,5,0.43682625,105,2359,N,8.33333333333333,0,62
2814,6,0.432666,104,2298,N,10,0,62
2334,7,0.449307,108,2814,N,11.6666666666667,0,62
3559,8,0.44514675,107,2334,N,13.3333333333333,0,62
3283,9,0.43682625,105,3559,N,15,0,62
3193,10,0.52835175,127,3283,N,16.6666666666667,0,62
3670,11,0.465948,112,3193,N,18.3333333333333,0,62
3059,12,0.4243455,102,3670,N,20,0,62
3866,13,0.45346725,109,3059,N,21.6666666666667,0,62
3882,15,0.49923,120,3866,N,25,0,62
4740,16,0.4243455,102,3882,N,26.6666666666667,0,62
5135,17,0.40354425,97,4740,N,28.3333333333333,0,62
4549,19,0.3744225,90,5135,N,31.6666666666667,0,62
5056,20,0.299538,72,4549,N,33.3333333333333,0,62
4803,22,0.3577815,86,5056,N,36.6666666666667,0,62
4790,23,0.3744225,90,4803,N,38.3333333333333,0,62
7444,33,0.382743,92,4790,N,55,0,62
8705,43,0.33698025,81,7444,N,71.6666666666667,0,62
2267,0,0.4576275,110,NA,N,0,0,63
2303,1,0.51171075,123,2267,N,1.66666666666667,0,63
2340,2,0.5075505,122,2303,N,3.33333333333333,0,63
2553,3,0.482589,116,2340,N,5,0,63
2367,4,0.50339025,121,2553,N,6.66666666666667,0,63
2305,5,0.465948,112,2367,N,8.33333333333333,0,63
2828,6,0.47842875,115,2305,N,10,0,63
2342,7,0.465948,112,2828,N,11.6666666666667,0,63
3564,8,0.482589,116,2342,N,13.3333333333333,0,63
3287,9,0.52835175,127,3564,N,15,0,63
3916,13,0.52835175,127,3287,N,21.6666666666667,0,63
4017,14,0.4576275,110,3916,N,23.3333333333333,0,63
3931,15,0.5408325,130,4017,N,25,0,63
4845,16,0.366102,88,3931,N,26.6666666666667,0,63
5230,17,0.54499275,131,4845,N,28.3333333333333,0,63
4987,18,0.46178775,111,5230,N,30,0,63
4968,19,0.4243455,102,4987,N,31.6666666666667,0,63
5079,20,0.43682625,105,4968,N,33.3333333333333,0,63
4903,21,0.43682625,105,5079,N,35,0,63
4920,22,0.42850575,103,4903,N,36.6666666666667,0,63
4897,23,0.48674925,117,4920,N,38.3333333333333,0,63
6128,24,0.3744225,90,4897,N,40,0,63
6091,25,0.45346725,109,6128,N,41.6666666666667,0,63
6319,28,0.36194175,87,6091,N,46.6666666666667,0,63
5942,29,0.37858275,91,6319,N,48.3333333333333,0,63
6385,30,0.416025,100,5942,N,50,0,63
7666,33,0.43682625,105,6385,N,55,0,63
7949,40,0.3744225,90,7666,N,66.6666666666667,0,63
7759,41,0.41186475,99,7949,N,68.3333333333333,0,63
8744,43,0.4077045,98,7759,N,71.6666666666667,0,63
8928,44,0.42850575,103,8744,N,73.3333333333333,0,63
8348,45,0.41186475,99,8928,N,75,0,63
8125,46,0.432666,104,8348,N,76.6666666666667,0,63
9196,47,0.38690325,93,8125,N,78.3333333333333,0,63
9474,48,0.416025,100,9196,N,80,0,63
9657,49,0.366102,88,9474,N,81.6666666666667,0,63
10136,50,0.416025,100,9657,N,83.3333333333333,0,63
10645,51,0.44514675,107,10136,N,85,0,63
10240,52,0.42018525,101,10645,N,86.6666666666667,0,63
9898,53,0.4409865,106,10240,N,88.3333333333333,0,63
10510,54,0.42850575,103,9898,N,90,0,63
10743,55,0.45346725,109,10510,N,91.6666666666667,0,63
11218,56,0.41186475,99,10743,N,93.3333333333333,0,63
11118,57,0.4576275,110,11218,N,95,0,63
14320,62,0.37858275,91,11118,N,103.333333333333,0,63
14155,63,0.37858275,91,14320,N,105,0,63
13017,64,0.432666,104,14155,N,106.666666666667,0,63
12352,65,0.30369825,73,13017,N,108.333333333333,0,63
15851,68,0.399384,96,12352,N,113.333333333333,0,63
15566,69,0.349461,84,15851,N,115,0,63
2523,0,1.131588,272,NA,N,0,0,64
2354,1,1.264716,304,2523,N,1.66666666666667,0,64
2446,2,1.30215825,313,2354,N,3.33333333333333,0,64
2658,3,1.33128,320,2446,N,5,0,64
2426,4,1.34376075,323,2658,N,6.66666666666667,0,64
2353,5,1.3396005,322,2426,N,8.33333333333333,0,64
2919,6,1.41864525,341,2353,N,10,0,64
2430,7,1.4893695,358,2919,N,11.6666666666667,0,64
2015,0,0.67812075,163,NA,N,0,0,65
2019,1,0.73636425,177,2015,N,1.66666666666667,0,65
2024,2,0.67812075,163,2019,N,3.33333333333333,0,65
2020,3,0.7072425,170,2024,N,5,0,65
2011,4,0.69476175,167,2020,N,6.66666666666667,0,65
2006,5,0.61987725,149,2011,N,8.33333333333333,0,65
2032,6,0.64483875,155,2006,N,10,0,65
2010,7,0.57827475,139,2032,N,11.6666666666667,0,65
3444,8,0.63651825,153,2010,N,13.3333333333333,0,65
3172,9,0.71140275,171,3444,N,15,0,65
3092,10,0.81956925,197,3172,N,16.6666666666667,0,65
3415,11,0.6573195,158,3092,N,18.3333333333333,0,65
3009,12,0.682281,164,3415,N,20,0,65
3464,13,0.7072425,170,3009,N,21.6666666666667,0,65
3426,14,0.72804375,175,3464,N,23.3333333333333,0,65
3425,15,0.74468475,179,3426,N,25,0,65
4083,16,0.7072425,170,3425,N,26.6666666666667,0,65
5084,17,0.715563,172,4083,N,28.3333333333333,0,65
4092,18,0.7238835,174,5084,N,30,0,65
4106,19,0.715563,172,4092,N,31.6666666666667,0,65
4484,20,0.6906015,166,4106,N,33.3333333333333,0,65
4086,21,0.66564,160,4484,N,35,0,65
4085,22,0.8237295,198,4086,N,36.6666666666667,0,65
4084,23,0.748845,180,4085,N,38.3333333333333,0,65
5255,24,0.6906015,166,4084,N,40,0,65
5301,25,0.698922,168,5255,N,41.6666666666667,0,65
5312,26,0.682281,164,5301,N,43.3333333333333,0,65
5315,28,0.81124875,195,5312,N,46.6666666666667,0,65
5237,29,0.67812075,163,5315,N,48.3333333333333,0,65
5311,30,0.7072425,170,5237,N,50,0,65
5359,31,0.52003125,125,5311,N,51.6666666666667,0,65
7432,33,0.74468475,179,5359,N,55,0,65
6946,36,0.549153,132,7432,N,60,0,65
7869,40,0.66980025,161,6946,N,66.6666666666667,0,65
7680,41,0.69476175,167,7869,N,68.3333333333333,0,65
8662,43,0.66147975,159,7680,N,71.6666666666667,0,65
8486,44,0.715563,172,8662,N,73.3333333333333,0,65
8265,45,0.7904475,190,8486,N,75,0,65
8048,46,0.7571655,182,8265,N,76.6666666666667,0,65
9116,47,0.86117175,207,8048,N,78.3333333333333,0,65
9390,48,0.815409,196,9116,N,80,0,65
9341,49,0.7571655,182,9390,N,81.6666666666667,0,65
10054,50,0.66564,160,9341,N,83.3333333333333,0,65
10829,51,0.61987725,149,10054,N,85,0,65
10365,52,0.68644125,165,10829,N,86.6666666666667,0,65
9804,53,0.7571655,182,10365,N,88.3333333333333,0,65
10839,54,0.73636425,177,9804,N,90,0,65
10913,55,0.73636425,177,10839,N,91.6666666666667,0,65
11431,56,0.798768,192,10913,N,93.3333333333333,0,65
11267,57,0.7405245,178,11431,N,95,0,65
11933,58,0.6073965,146,11267,N,96.6666666666667,0,65
13090,59,0.43682625,105,11933,N,98.3333333333333,0,65
14407,62,0.6906015,166,13090,N,103.333333333333,0,65
14198,63,0.66147975,159,14407,N,105,0,65
2273,0,0.98597925,237,NA,N,0,0,66
2314,1,1.0234215,246,2273,N,1.66666666666667,0,66
2344,2,1.01926125,245,2314,N,3.33333333333333,0,66
2562,3,1.11078675,267,2344,N,5,0,66
2370,4,1.198152,288,2562,N,6.66666666666667,0,66
2307,5,1.2064725,290,2370,N,8.33333333333333,0,66
2834,6,1.131588,272,2307,N,10,0,66
2346,7,1.18567125,285,2834,N,11.6666666666667,0,66
3567,8,1.214793,292,2346,N,13.3333333333333,0,66
3289,9,1.2064725,290,3567,N,15,0,66
3203,10,1.21895325,293,3289,N,16.6666666666667,0,66
3676,11,1.21063275,291,3203,N,18.3333333333333,0,66
3061,12,1.28551725,309,3676,N,20,0,66
3585,13,1.28551725,309,3061,N,21.6666666666667,0,66
3927,14,1.281357,308,3585,N,23.3333333333333,0,66
3742,15,1.31047875,315,3927,N,25,0,66
4280,16,1.464408,352,3742,N,26.6666666666667,0,66
5138,17,1.4394465,346,4280,N,28.3333333333333,0,66
4371,18,1.431126,344,5138,N,30,0,66
4570,19,1.49352975,359,4371,N,31.6666666666667,0,66
4984,20,1.481049,356,4570,N,33.3333333333333,0,66
4372,21,1.49352975,359,4984,N,35,0,66
4318,22,1.51017075,363,4372,N,36.6666666666667,0,66
4378,23,1.49769,360,4318,N,38.3333333333333,0,66
5531,24,1.7057025,410,4378,N,40,0,66
5599,25,1.83467025,441,5531,N,41.6666666666667,0,66
5613,26,1.84299075,443,5599,N,43.3333333333333,0,66
5884,27,1.92619575,463,5613,N,45,0,66
6194,28,2.0052405,482,5884,N,46.6666666666667,0,66
5506,29,2.13420825,513,6194,N,48.3333333333333,0,66
5829,30,2.313099,556,5506,N,50,0,66
5881,31,2.49615,600,5829,N,51.6666666666667,0,66
6873,32,2.612637,628,5881,N,53.3333333333333,0,66
7522,33,1.21895325,293,6873,Y,55,1,66
6844,34,1.30215825,313,7522,N,56.6666666666667,1,66
6525,35,1.364562,328,6844,N,58.3333333333333,1,66
2786,0,0.9069345,218,NA,N,0,0,67
2708,1,1.09414575,263,2786,N,1.66666666666667,0,67
2880,2,1.00262025,241,2708,N,3.33333333333333,0,67
2892,3,1.16487,280,2880,N,5,0,67
2709,4,1.031742,248,2892,N,6.66666666666667,0,67
2651,5,1.05254325,253,2709,N,8.33333333333333,0,67
2987,6,1.21895325,293,2651,N,10,0,67
2700,7,1.21063275,291,2987,N,11.6666666666667,0,67
3739,8,1.32711975,319,2700,N,13.3333333333333,0,67
3390,9,1.33544025,321,3739,N,15,0,67
3327,10,1.397844,336,3390,N,16.6666666666667,0,67
4058,11,1.3728825,330,3327,N,18.3333333333333,0,67
3160,12,1.364562,328,4058,N,20,0,67
3860,13,1.347921,324,3160,N,21.6666666666667,0,67
3994,14,1.414485,340,3860,N,23.3333333333333,0,67
3877,15,1.447767,348,3994,N,25,0,67
4730,16,1.49352975,359,3877,N,26.6666666666667,0,67
5209,17,1.43528625,345,4730,N,28.3333333333333,0,67
4861,18,1.5226515,366,5209,N,30,0,67
4923,19,1.6557795,398,4861,N,31.6666666666667,0,67
5054,20,1.564254,376,4923,N,33.3333333333333,0,67
4770,21,1.64329875,395,5054,N,35,0,67
4787,22,1.6058565,386,4770,N,36.6666666666667,0,67
4763,23,1.69322175,407,4787,N,38.3333333333333,0,67
6005,24,1.89291375,455,4763,N,40,0,67
5958,25,2.05100325,493,6005,N,41.6666666666667,0,67
5947,26,2.4379065,586,5958,N,43.3333333333333,0,67
6169,27,2.462868,592,5947,N,45,0,67
6282,28,2.3047785,554,6169,N,46.6666666666667,0,67
5821,29,2.5044705,602,6282,N,48.3333333333333,0,67
6362,30,2.79984825,673,5821,N,50,0,67
6315,31,1.314639,316,6362,Y,51.6666666666667,1,67
7028,32,1.4228055,342,6315,N,53.3333333333333,1,67
7637,33,1.364562,328,7028,N,55,1,67
7499,34,1.38536325,333,7637,N,56.6666666666667,1,67
6681,35,1.55177325,373,7499,N,58.3333333333333,1,67
7243,36,1.50185025,361,6681,N,60,1,67
7377,37,1.70154225,409,7243,N,61.6666666666667,1,67
7077,38,1.41032475,339,7377,N,63.3333333333333,1,67
6571,39,1.69322175,407,7077,N,65,1,67
8013,40,1.80138825,433,6571,N,66.6666666666667,1,67
7829,41,1.9386765,466,8013,N,68.3333333333333,1,67
8620,42,1.82634975,439,7829,N,70,1,67
8875,43,2.01772125,485,8620,N,71.6666666666667,1,67
9066,44,2.296458,552,8875,N,73.3333333333333,1,67
9004,45,0.9568575,230,9066,Y,75,2,67
8218,46,1.06918425,257,9004,N,76.6666666666667,2,67
9293,47,1.22727375,295,8218,N,78.3333333333333,2,67
9579,48,1.27719675,307,9293,N,80,2,67
9755,49,1.364562,328,9579,N,81.6666666666667,2,67
10310,50,1.42696575,343,9755,N,83.3333333333333,2,67
11608,51,1.44360675,347,10310,N,85,2,67
10639,52,1.6724205,402,11608,N,86.6666666666667,2,67
9996,53,1.81802925,437,10639,N,88.3333333333333,2,67
11096,54,2.05932375,495,9996,N,90,2,67
11499,55,1.913715,460,11096,N,91.6666666666667,2,67
11767,56,1.9719585,474,11499,N,93.3333333333333,2,67
11773,57,1.03590225,249,11767,Y,95,3,67
2533,0,1.5060105,362,NA,N,0,0,68
2363,1,1.49769,360,2533,N,1.66666666666667,0,68
2457,2,1.61001675,387,2363,N,3.33333333333333,0,68
2662,3,1.57673475,379,2457,N,5,0,68
2435,4,1.863792,448,2662,N,6.66666666666667,0,68
2396,5,1.83467025,441,2435,N,8.33333333333333,0,68
2924,6,1.880433,452,2396,N,10,0,68
2434,7,1.8388305,442,2924,N,11.6666666666667,0,68
3602,8,2.0052405,482,2434,N,13.3333333333333,0,68
3314,9,1.96779825,473,3602,N,15,0,68
3235,10,2.00108025,481,3314,N,16.6666666666667,0,68
3704,11,2.0052405,482,3235,N,18.3333333333333,0,68
3072,12,1.95947775,471,3704,N,20,0,68
3617,13,1.9719585,474,3072,N,21.6666666666667,0,68
3948,14,2.046843,492,3617,N,23.3333333333333,0,68
3770,15,1.96779825,473,3948,N,25,0,68
4347,16,2.0385225,490,3770,N,26.6666666666667,0,68
5153,17,2.25901575,543,4347,N,28.3333333333333,0,68
4435,18,2.1383685,514,5153,N,30,0,68
4664,19,2.05100325,493,4435,N,31.6666666666667,0,68
5003,20,2.363022,568,4664,N,33.3333333333333,0,68
4449,21,2.396304,576,5003,N,35,0,68
4444,22,2.4878295,598,4449,N,36.6666666666667,0,68
4476,23,2.3047785,554,4444,N,38.3333333333333,0,68
5595,24,2.4878295,598,4476,N,40,0,68
5664,25,2.73328425,657,5595,N,41.6666666666667,0,68
5677,26,2.69168175,647,5664,N,43.3333333333333,0,68
5961,27,2.65007925,637,5677,N,45,0,68
6218,28,2.546073,612,5961,N,46.6666666666667,0,68
5554,29,2.5876755,622,6218,N,48.3333333333333,0,68
5897,30,1.41032475,339,5554,Y,50,1,68
5945,31,1.564254,376,5897,N,51.6666666666667,1,68
6898,32,1.6557795,398,5945,N,53.3333333333333,1,68
7578,33,1.4560875,350,6898,N,55,1,68
7173,34,1.481049,356,7578,N,56.6666666666667,1,68
6632,35,1.77642675,427,7173,N,58.3333333333333,1,68
7164,36,1.83467025,441,6632,N,60,1,68
7329,37,1.697382,408,7164,N,61.6666666666667,1,68
6938,38,1.70154225,409,7329,N,63.3333333333333,1,68
6516,39,1.76810625,425,6938,N,65,1,68
7965,40,1.8055485,434,6516,N,66.6666666666667,1,68
7777,41,1.80970875,435,7965,N,68.3333333333333,1,68
8565,42,1.83467025,441,7777,N,70,1,68
8780,43,1.930356,464,8565,N,71.6666666666667,1,68
8956,44,2.11756725,509,8780,N,73.3333333333333,1,68
8376,45,2.23405425,537,8956,N,75,1,68
8149,46,2.20077225,529,8376,N,76.6666666666667,1,68
9220,47,2.32557975,559,8149,N,78.3333333333333,1,68
9502,48,3.0203415,726,9220,N,80,1,68
9685,49,3.02450175,727,9502,N,81.6666666666667,1,68
10166,50,2.89969425,697,9685,N,83.3333333333333,1,68
11457,51,1.35208125,325,10166,Y,85,2,68
10503,52,1.314639,316,11457,N,86.6666666666667,2,68
9924,53,1.397844,336,10503,N,88.3333333333333,2,68
11008,54,1.5060105,362,9924,N,90,2,68
11350,55,1.680741,404,11008,N,91.6666666666667,2,68
11692,56,1.7223435,414,11350,N,93.3333333333333,2,68
11631,57,1.930356,464,11692,N,95,2,68
12453,60,1.94283675,467,11631,N,100,2,68
13329,61,2.21741325,533,12453,N,101.666666666667,2,68
14031,62,1.30215825,313,13329,Y,103.333333333333,3,68
2792,0,1.04422275,251,NA,N,0,0,69
2734,1,1.10246625,265,2792,N,1.66666666666667,0,69
2885,2,1.081665,260,2734,N,3.33333333333333,0,69
2894,3,1.1898315,286,2885,N,5,0,69
2777,4,1.198152,288,2894,N,6.66666666666667,0,69
2654,5,1.22727375,295,2777,N,8.33333333333333,0,69
2988,6,1.29383775,311,2654,N,10,0,69
2704,7,1.3562415,326,2988,N,11.6666666666667,0,69
3741,8,1.43528625,345,2704,N,13.3333333333333,0,69
3391,9,1.34376075,323,3741,N,15,0,69
3328,10,1.464408,352,3391,N,16.6666666666667,0,69
4059,11,1.231434,296,3328,N,18.3333333333333,0,69
3162,12,1.31879925,317,4059,N,20,0,69
3865,13,1.33544025,321,3162,N,21.6666666666667,0,69
3995,14,1.514331,364,3865,N,23.3333333333333,0,69
3879,15,1.44360675,347,3995,N,25,0,69
4736,16,1.464408,352,3879,N,26.6666666666667,0,69
5210,17,1.5559335,374,4736,N,28.3333333333333,0,69
4868,18,1.6557795,398,5210,N,30,0,69
4926,19,1.7722665,426,4868,N,31.6666666666667,0,69
5055,20,1.71818325,413,4926,N,33.3333333333333,0,69
4777,21,1.83467025,441,5055,N,35,0,69
4797,22,2.063484,496,4777,N,36.6666666666667,0,69
4779,23,1.03590225,249,4797,Y,38.3333333333333,1,69
6017,24,1.1232675,270,4779,N,40,1,69
5967,25,1.114947,268,6017,N,41.6666666666667,1,69
5955,26,1.12742775,271,5967,N,43.3333333333333,1,69
6170,27,1.31047875,315,5955,N,45,1,69
6283,28,1.4061645,338,6170,N,46.6666666666667,1,69
5828,29,1.46856825,353,6283,N,48.3333333333333,1,69
6363,30,1.580895,380,5828,N,50,1,69
6317,31,1.64329875,395,6363,N,51.6666666666667,1,69
7030,32,0.6240375,150,6317,Y,53.3333333333333,2,69
7638,33,0.7072425,170,7030,N,55,2,69
7500,34,0.798768,192,7638,N,56.6666666666667,2,69
6682,35,0.85285125,205,7500,N,58.3333333333333,2,69
7245,36,0.898614,216,6682,N,60,2,69
6572,39,0.88613325,213,7245,N,65,2,69
8014,40,0.898614,216,6572,N,66.6666666666667,2,69
7830,41,0.9402165,226,8014,N,68.3333333333333,2,69
8621,42,0.915255,220,7830,N,70,2,69
8877,43,1.13574825,273,8621,N,71.6666666666667,2,69
9069,44,1.16487,280,8877,N,73.3333333333333,2,69
9006,45,1.414485,340,9069,N,75,2,69
8220,46,1.59337575,383,9006,N,76.6666666666667,2,69
9295,47,1.3063185,314,8220,N,78.3333333333333,2,69
2025,0,0.798768,192,NA,N,0,0,70
2035,1,0.76132575,183,2025,N,1.66666666666667,0,70
2030,2,0.8403705,202,2035,N,3.33333333333333,0,70
2026,3,0.91109475,219,2030,N,5,0,70
2021,4,0.698922,168,2026,N,6.66666666666667,0,70
2008,5,0.85285125,205,2021,N,8.33333333333333,0,70
2050,6,0.78628725,189,2008,N,10,0,70
2017,7,0.7405245,178,2050,N,11.6666666666667,0,70
3445,8,0.73636425,177,2017,N,13.3333333333333,0,70
3174,9,0.66147975,159,3445,N,15,0,70
3094,10,0.83621025,201,3174,N,16.6666666666667,0,70
3416,11,0.698922,168,3094,N,18.3333333333333,0,70
3010,12,0.715563,172,3416,N,20,0,70
3465,13,0.67812075,163,3010,N,21.6666666666667,0,70
3428,14,0.931896,224,3465,N,23.3333333333333,0,70
3427,15,0.815409,196,3428,N,25,0,70
4087,16,0.6906015,166,3427,N,26.6666666666667,0,70
5085,17,0.648999,156,4087,N,28.3333333333333,0,70
4111,19,0.50339025,121,5085,N,31.6666666666667,0,70
4901,22,0.482589,116,4111,N,36.6666666666667,0,70
4874,23,0.67812075,163,4901,N,38.3333333333333,0,70
7594,33,0.59491575,143,4874,N,55,0,70
2033,0,0.9568575,230,NA,N,0,0,71
2039,1,1.0234215,246,2033,N,1.66666666666667,0,71
2038,2,1.1066265,266,2039,N,3.33333333333333,0,71
2031,3,1.098306,264,2038,N,5,0,71
2029,4,1.181511,284,2031,N,6.66666666666667,0,71
2016,5,1.214793,292,2029,N,8.33333333333333,0,71
2058,6,1.31879925,317,2016,N,10,0,71
2023,7,1.36040175,327,2058,N,11.6666666666667,0,71
3446,8,1.414485,340,2023,N,13.3333333333333,0,71
3177,9,1.35208125,325,3446,N,15,0,71
3096,10,1.4893695,358,3177,N,16.6666666666667,0,71
3417,11,1.36872225,329,3096,N,18.3333333333333,0,71
3011,12,1.38536325,333,3417,N,20,0,71
3466,13,1.4228055,342,3011,N,21.6666666666667,0,71
3430,14,1.47688875,355,3466,N,23.3333333333333,0,71
3429,15,1.38536325,333,3430,N,25,0,71
4088,16,1.4560875,350,3429,N,26.6666666666667,0,71
5086,17,1.60169625,385,4088,N,28.3333333333333,0,71
4096,18,1.63497825,393,5086,N,30,0,71
4116,19,1.60169625,385,4096,N,31.6666666666667,0,71
4492,20,1.6724205,402,4116,N,33.3333333333333,0,71
4144,21,1.7057025,410,4492,N,35,0,71
4099,22,1.73482425,417,4144,N,36.6666666666667,0,71
4230,23,1.85963175,447,4099,N,38.3333333333333,0,71
5257,24,1.9885995,478,4230,N,40,0,71
5353,25,2.113407,508,5257,N,41.6666666666667,0,71
5376,26,2.50031025,601,5353,N,43.3333333333333,0,71
5316,27,2.43374625,585,5376,N,45,0,71
5317,28,2.4545475,590,5316,N,46.6666666666667,0,71
5239,29,1.181511,284,5317,Y,48.3333333333333,1,71
5323,30,1.36040175,327,5239,N,50,1,71
5367,31,1.397844,336,5323,N,51.6666666666667,1,71
6718,32,1.314639,316,5367,N,53.3333333333333,1,71
7436,33,1.37704275,331,6718,N,55,1,71
6748,34,1.4893695,358,7436,N,56.6666666666667,1,71
6426,35,1.44360675,347,6748,N,58.3333333333333,1,71
6955,36,1.54345275,371,6426,N,60,1,71
7246,37,1.714023,412,6955,N,61.6666666666667,1,71
6756,38,1.84299075,443,7246,N,63.3333333333333,1,71
6406,39,1.90955475,459,6756,N,65,1,71
7875,40,2.0718045,498,6406,N,66.6666666666667,1,71
7686,41,2.08428525,501,7875,N,68.3333333333333,1,71
8408,42,1.18567125,285,7686,Y,70,2,71
8667,43,1.248075,300,8408,N,71.6666666666667,2,71
8496,44,1.3063185,314,8667,N,73.3333333333333,2,71
8270,45,1.29383775,311,8496,N,75,2,71
8054,46,1.3728825,330,8270,N,76.6666666666667,2,71
9122,47,1.43528625,345,8054,N,78.3333333333333,2,71
9396,48,1.4394465,346,9122,N,80,2,71
9346,49,1.5725745,378,9396,N,81.6666666666667,2,71
10060,50,1.7223435,414,9346,N,83.3333333333333,2,71
10840,51,1.6557795,398,10060,N,85,2,71
10375,52,1.8554715,446,10840,N,86.6666666666667,2,71
9811,53,2.02604175,487,10375,N,88.3333333333333,2,71
10861,54,2.2881375,550,9811,N,90,2,71
10766,55,0.9568575,230,10861,Y,91.6666666666667,3,71
11232,56,1.10246625,265,10766,N,93.3333333333333,3,71
11139,57,1.0067805,242,11232,N,95,3,71
2801,0,0.3910635,94,NA,N,0,0,72
2748,1,0.37858275,91,2801,N,1.66666666666667,0,72
2895,2,0.41186475,99,2748,N,3.33333333333333,0,72
2897,3,0.47010825,113,2895,N,5,0,72
2780,4,0.38690325,93,2897,N,6.66666666666667,0,72
2656,5,0.45346725,109,2780,N,8.33333333333333,0,72
2989,6,0.399384,96,2656,N,10,0,72
2706,7,0.41186475,99,2989,N,11.6666666666667,0,72
3743,8,0.42850575,103,2706,N,13.3333333333333,0,72
3392,9,0.43682625,105,3743,N,15,0,72
3333,10,0.52003125,125,3392,N,16.6666666666667,0,72
4060,11,0.4909095,118,3333,N,18.3333333333333,0,72
3163,12,0.4077045,98,4060,N,20,0,72
3869,13,0.416025,100,3163,N,21.6666666666667,0,72
3996,14,0.532512,128,3869,N,23.3333333333333,0,72
3883,15,0.49923,120,3996,N,25,0,72
4743,16,0.39522375,95,3883,N,26.6666666666667,0,72
5211,17,0.3910635,94,4743,N,28.3333333333333,0,72
4873,18,0.38690325,93,5211,N,30,0,72
4927,19,0.37026225,89,4873,N,31.6666666666667,0,72
5057,20,0.3744225,90,4927,N,33.3333333333333,0,72
4782,21,0.3744225,90,5057,N,35,0,72
4809,22,0.382743,92,4782,N,36.6666666666667,0,72
4792,23,0.4243455,102,4809,N,38.3333333333333,0,72
7569,33,0.40354425,97,4792,N,55,0,72
8680,43,0.39522375,95,7569,N,71.6666666666667,0,72
11624,51,0.465948,112,8680,N,85,0,72
10660,52,0.416025,100,11624,N,86.6666666666667,0,72
10002,53,0.44514675,107,10660,N,88.3333333333333,0,72
11107,54,0.40354425,97,10002,N,90,0,72
11513,55,0.399384,96,11107,N,91.6666666666667,0,72
11772,56,0.39522375,95,11513,N,93.3333333333333,0,72
14185,62,0.36194175,87,11772,N,103.333333333333,0,72
12914,64,0.449307,108,14185,N,106.666666666667,0,72
2550,0,1.14406875,275,NA,N,0,0,73
2372,1,1.2896775,310,2550,N,1.66666666666667,0,73
2474,2,1.33544025,321,2372,N,3.33333333333333,0,73
2665,3,1.41864525,341,2474,N,5,0,73
2451,4,1.5392925,370,2665,N,6.66666666666667,0,73
2418,5,1.564254,376,2451,N,8.33333333333333,0,73
2932,6,1.56009375,375,2418,N,10,0,73
2450,7,1.5392925,370,2932,N,11.6666666666667,0,73
3612,8,0.782127,188,2450,Y,13.3333333333333,1,73
3320,9,0.8403705,202,3612,N,15,1,73
3241,10,0.981819,236,3320,N,16.6666666666667,1,73
3710,11,0.948537,228,3241,N,18.3333333333333,1,73
3075,12,0.95269725,229,3710,N,20,1,73
3626,13,0.898614,216,3075,N,21.6666666666667,1,73
3951,14,0.948537,228,3626,N,23.3333333333333,1,73
3777,15,0.96933825,233,3951,N,25,1,73
4358,16,0.91941525,221,3777,N,26.6666666666667,1,73
5156,17,0.87781275,211,4358,N,28.3333333333333,1,73
4455,18,0.91941525,221,5156,N,30,1,73
4689,19,0.9402165,226,4455,N,31.6666666666667,1,73
5008,20,0.94437675,227,4689,N,33.3333333333333,1,73
4479,21,0.98597925,237,5008,N,35,1,73
4459,22,0.99429975,239,4479,N,36.6666666666667,1,73
4503,23,1.031742,248,4459,N,38.3333333333333,1,73
5615,24,1.09414575,263,4503,N,40,1,73
5686,25,1.1731905,282,5615,N,41.6666666666667,1,73
5714,26,1.214793,292,5686,N,43.3333333333333,1,73
5989,27,1.23559425,297,5714,N,45,1,73
6222,28,1.347921,324,5989,N,46.6666666666667,1,73
5574,29,1.39368375,335,6222,N,48.3333333333333,1,73
5984,30,1.464408,352,5574,N,50,1,73
5966,31,1.39368375,335,5984,N,51.6666666666667,1,73
6909,32,1.381203,332,5966,N,53.3333333333333,1,73
7583,33,1.630818,392,6909,N,55,1,73
7183,34,1.514331,364,7583,N,56.6666666666667,1,73
6638,35,1.6724205,402,7183,N,58.3333333333333,1,73
7176,36,1.7057025,410,6638,N,60,1,73
7336,37,1.85131125,445,7176,N,61.6666666666667,1,73
6952,38,1.95115725,469,7336,N,63.3333333333333,1,73
6523,39,2.25901575,543,6952,N,65,1,73
7968,40,2.1716505,522,6523,N,66.6666666666667,1,73
7780,41,2.16333,520,7968,N,68.3333333333333,1,73
16200,42,NA,-1,7780,Y,70,2,73
2044,0,0.90277425,217,NA,N,0,0,74
2046,1,1.03590225,249,2044,N,1.66666666666667,0,74
2042,2,1.05254325,253,2046,N,3.33333333333333,0,74
2051,3,0.9901395,238,2042,N,5,0,74
2036,4,1.0899855,262,2051,N,6.66666666666667,0,74
2040,5,1.19399175,287,2036,N,8.33333333333333,0,74
2097,6,1.26055575,303,2040,N,10,0,74
2027,7,1.27719675,307,2097,N,11.6666666666667,0,74
3448,8,1.40200425,337,2027,N,13.3333333333333,0,74
3180,9,1.40200425,337,3448,N,15,0,74
3100,10,1.364562,328,3180,N,16.6666666666667,0,74
3419,11,1.46024775,351,3100,N,18.3333333333333,0,74
3013,12,1.397844,336,3419,N,20,0,74
3469,13,1.4893695,358,3013,N,21.6666666666667,0,74
3434,14,1.47688875,355,3469,N,23.3333333333333,0,74
3435,15,1.53513225,369,3434,N,25,0,74
4089,16,1.431126,344,3435,N,26.6666666666667,0,74
5087,17,1.514331,364,4089,N,28.3333333333333,0,74
4098,18,1.49352975,359,5087,N,30,0,74
4118,19,1.51849125,365,4098,N,31.6666666666667,0,74
4500,20,1.6641,400,4118,N,33.3333333333333,0,74
4147,21,1.61001675,387,4500,N,35,0,74
4103,22,1.647459,396,4147,N,36.6666666666667,0,74
4251,23,1.71818325,413,4103,N,38.3333333333333,0,74
5258,24,1.85131125,445,4251,N,40,0,74
5354,25,1.797228,432,5258,N,41.6666666666667,0,74
5382,26,1.913715,460,5354,N,43.3333333333333,0,74
5346,27,2.00940075,483,5382,N,45,0,74
5370,28,2.3879835,574,5346,N,46.6666666666667,0,74
6384,30,1.114947,268,5370,Y,50,1,74
6347,31,1.14406875,275,6384,N,51.6666666666667,1,74
7089,32,1.17735075,283,6347,N,53.3333333333333,1,74
2556,0,1.17735075,283,NA,N,0,0,75
2378,1,1.36040175,327,2556,N,1.66666666666667,0,75
2479,2,1.4893695,358,2378,N,3.33333333333333,0,75
2668,3,1.55177325,373,2479,N,5,0,75
2460,4,1.41864525,341,2668,N,6.66666666666667,0,75
2427,5,1.1232675,270,2460,N,8.33333333333333,0,75
2936,6,1.13574825,273,2427,N,10,0,75
2459,7,1.1898315,286,2936,N,11.6666666666667,0,75
3619,8,1.38536325,333,2459,N,13.3333333333333,0,75
2394,0,0.66980025,161,NA,N,0,0,76
2319,1,0.73636425,177,2394,N,1.66666666666667,0,76
2352,2,0.74468475,179,2319,N,3.33333333333333,0,76
2572,3,0.8070885,194,2352,N,5,0,76
2377,4,0.7738065,186,2572,N,6.66666666666667,0,76
2310,5,0.81124875,195,2377,N,8.33333333333333,0,76
2844,6,0.85285125,205,2310,N,10,0,76
2355,7,0.915255,220,2844,N,11.6666666666667,0,76
3573,8,0.92773575,223,2355,N,13.3333333333333,0,76
3292,9,0.9235755,222,3573,N,15,0,76
3209,10,1.01094075,243,3292,N,16.6666666666667,0,76
3680,11,0.915255,220,3209,N,18.3333333333333,0,76
3063,12,0.97765875,235,3680,N,20,0,76
3591,13,1.01926125,245,3063,N,21.6666666666667,0,76
3933,14,0.97765875,235,3591,N,23.3333333333333,0,76
3746,15,0.93605625,225,3933,N,25,0,76
4286,16,0.93605625,225,3746,N,26.6666666666667,0,76
5140,17,0.97765875,235,4286,N,28.3333333333333,0,76
4380,18,1.08582525,261,5140,N,30,0,76
4585,19,1.02758175,247,4380,N,31.6666666666667,0,76
4986,20,1.131588,272,4585,N,33.3333333333333,0,76
4376,21,1.19399175,287,4986,N,35,0,76
4365,22,1.16903025,281,4376,N,36.6666666666667,0,76
4384,23,1.14406875,275,4365,N,38.3333333333333,0,76
5533,24,1.1399085,274,4384,N,40,0,76
5609,25,1.2730365,306,5533,N,41.6666666666667,0,76
5623,26,1.1898315,286,5609,N,43.3333333333333,0,76
5901,27,1.18567125,285,5623,N,45,0,76
6199,28,1.2896775,310,5901,N,46.6666666666667,0,76
5515,29,1.24391475,299,6199,N,48.3333333333333,0,76
5848,30,1.41864525,341,5515,N,50,0,76
5893,31,1.514331,364,5848,N,51.6666666666667,0,76
6877,32,1.680741,404,5893,N,53.3333333333333,0,76
7568,33,1.7556255,422,6877,N,55,0,76
7145,34,1.80138825,433,7568,N,56.6666666666667,0,76
6623,35,1.97611875,475,7145,N,58.3333333333333,0,76
7135,36,2.05932375,495,6623,N,60,0,76
7318,37,0.88613325,213,7135,Y,61.6666666666667,1,76
6908,38,1.05254325,253,7318,N,63.3333333333333,1,76
2423,0,1.148229,276,NA,N,0,0,77
2336,1,1.1399085,274,2423,N,1.66666666666667,0,77
2373,2,1.181511,284,2336,N,3.33333333333333,0,77
2398,4,1.38536325,333,2373,N,6.66666666666667,0,77
2324,5,1.49769,360,2398,N,8.33333333333333,0,77
2873,6,1.464408,352,2324,N,10,0,77
2364,7,1.514331,364,2873,N,11.6666666666667,0,77
3580,8,1.5392925,370,2364,N,13.3333333333333,0,77
3300,9,1.49352975,359,3580,N,15,0,77
3065,12,1.59337575,383,3300,N,20,0,77
3596,13,1.580895,380,3065,N,21.6666666666667,0,77
3937,14,1.65993975,399,3596,N,23.3333333333333,0,77
3751,15,1.80138825,433,3937,N,25,0,77
4295,16,1.5892155,382,3751,N,26.6666666666667,0,77
5142,17,1.61833725,389,4295,N,28.3333333333333,0,77
4385,18,1.78474725,429,5142,N,30,0,77
4599,19,1.76810625,425,4385,N,31.6666666666667,0,77
4990,20,1.747305,420,4599,N,33.3333333333333,0,77
4386,21,1.7889075,430,4990,N,35,0,77
4389,22,1.647459,396,4386,N,36.6666666666667,0,77
4409,23,1.797228,432,4389,N,38.3333333333333,0,77
5557,24,1.9220355,462,4409,N,40,0,77
5626,25,1.9553175,470,5557,N,41.6666666666667,0,77
5642,26,2.030202,488,5626,N,43.3333333333333,0,77
5920,27,2.1050865,506,5642,N,45,0,77
6207,28,2.080125,500,5920,N,46.6666666666667,0,77
5529,29,2.0385225,490,6207,N,48.3333333333333,0,77
5862,30,2.1550095,518,5529,N,50,0,77
5908,31,2.21741325,533,5862,N,51.6666666666667,0,77
6883,32,2.18413125,525,5908,N,53.3333333333333,0,77
7571,33,2.08428525,501,6883,N,55,0,77
7153,34,2.27565675,547,7571,N,56.6666666666667,0,77
6624,35,2.3547015,566,7153,N,58.3333333333333,0,77
7138,36,2.479509,596,6624,N,60,0,77
7320,37,2.40878475,579,7138,N,61.6666666666667,0,77
6916,38,2.4711885,594,7320,N,63.3333333333333,0,77
6490,39,2.42542575,583,6916,N,65,0,77
7954,40,2.4046245,578,6490,N,66.6666666666667,0,77
7764,41,2.85809175,687,7954,N,68.3333333333333,0,77
8551,42,2.79152775,671,7764,N,70,0,77
8755,43,1.14406875,275,8551,Y,71.6666666666667,1,77
8935,44,1.26055575,303,8755,N,73.3333333333333,1,77
8358,45,1.38536325,333,8935,N,75,1,77
8133,46,1.3229595,318,8358,N,76.6666666666667,1,77
2711,0,1.6724205,402,NA,N,0,0,78
2579,1,1.89291375,455,2711,N,1.66666666666667,0,78
2763,2,1.847151,444,2579,N,3.33333333333333,0,78
2781,3,1.6058565,386,2763,N,5,0,78
2557,4,1.8554715,446,2781,N,6.66666666666667,0,78
2551,5,1.7057025,410,2557,N,8.33333333333333,0,78
2969,6,2.01772125,485,2551,N,10,0,78
2620,7,2.12588775,511,2969,N,11.6666666666667,0,78
3703,8,1.0067805,242,2620,Y,13.3333333333333,1,78
3220,9,1.06086375,255,3703,N,15,1,78
3288,10,1.0234215,246,3220,N,16.6666666666667,1,78
4039,11,1.0234215,246,3288,N,18.3333333333333,1,78
3119,12,0.97765875,235,4039,N,20,1,78
3811,13,1.1399085,274,3119,N,21.6666666666667,1,78
3976,14,1.05254325,253,3811,N,23.3333333333333,1,78
3817,15,1.214793,292,3976,N,25,1,78
4575,16,1.181511,284,3817,N,26.6666666666667,1,78
5191,17,1.24391475,299,4575,N,28.3333333333333,1,78
4769,18,1.3229595,318,5191,N,30,1,78
4844,19,1.48520925,357,4769,N,31.6666666666667,1,78
5036,20,1.6224975,390,4844,N,33.3333333333333,1,78
2022,0,1.0733445,258,NA,N,0,0,79
2304,2,1.081665,260,2022,N,3.33333333333333,0,79
4029,14,1.83051,440,2304,N,23.3333333333333,0,79
3740,15,1.6391385,394,4029,N,25,0,79
4276,16,1.8887535,454,3740,N,26.6666666666667,0,79
5137,17,1.90955475,459,4276,N,28.3333333333333,0,79
4564,19,2.13420825,513,5137,N,31.6666666666667,0,79
4982,20,2.2049325,530,4564,N,33.3333333333333,0,79
4366,21,1.980279,476,4982,N,35,0,79
4316,22,2.15916975,519,4366,N,36.6666666666667,0,79
4373,23,2.0385225,490,4316,N,38.3333333333333,0,79
5525,24,2.32974,560,4373,N,40,0,79
5589,25,2.09260575,503,5525,N,41.6666666666667,0,79
5603,26,2.10924675,507,5589,N,43.3333333333333,0,79
5861,27,2.2215735,534,5603,N,45,0,79
6013,28,0.93605625,225,5861,Y,46.6666666666667,1,79
5267,29,0.94437675,227,6013,N,48.3333333333333,1,79
5343,30,0.98597925,237,5267,N,50,1,79
5507,31,1.031742,248,5343,N,51.6666666666667,1,79
6740,32,1.00262025,241,5507,N,53.3333333333333,1,79
6796,34,1.0567035,254,6740,N,56.6666666666667,1,79
6493,35,1.114947,268,6796,N,58.3333333333333,1,79
7002,36,1.114947,268,6493,N,60,1,79
7274,37,1.39368375,335,7002,N,61.6666666666667,1,79
6815,38,1.431126,344,7274,N,63.3333333333333,1,79
6432,39,1.45192725,349,6815,N,65,1,79
7898,40,1.4893695,358,6432,N,66.6666666666667,1,79
7708,41,1.4727285,354,7898,N,68.3333333333333,1,79
8437,42,1.52681175,367,7708,N,70,1,79
8690,43,1.5892155,382,8437,N,71.6666666666667,1,79
8535,44,1.6391385,394,8690,N,73.3333333333333,1,79
8294,45,1.7556255,422,8535,N,75,1,79
8072,46,1.863792,448,8294,N,76.6666666666667,1,79
9146,47,2.10092625,505,8072,N,78.3333333333333,1,79
9418,48,2.1383685,514,9146,N,80,1,79
9364,49,2.296458,552,9418,N,81.6666666666667,1,79
10080,50,2.45870775,591,9364,N,83.3333333333333,1,79
10541,51,2.2714965,546,10080,N,85,1,79
10186,52,1.16903025,281,10541,Y,86.6666666666667,2,79
9834,53,1.23559425,297,10186,N,88.3333333333333,2,79
10430,54,1.42696575,343,9834,N,90,2,79
10597,55,1.31879925,317,10430,N,91.6666666666667,2,79
11119,56,1.49769,360,10597,N,93.3333333333333,2,79
11044,57,1.5392925,370,11119,N,95,2,79
11841,58,1.4228055,342,11044,N,96.6666666666667,2,79
13100,59,1.4394465,346,11841,N,98.3333333333333,2,79
13280,61,1.67658075,403,13100,N,101.666666666667,2,79
13593,62,2.12588775,511,13280,N,103.333333333333,2,79
13662,63,1.22727375,295,13593,Y,105,3,79
12620,64,1.29383775,311,13662,N,106.666666666667,3,79
12100,65,1.6058565,386,12620,N,108.333333333333,3,79
13956,66,1.5226515,366,12100,N,110,3,79
14560,67,1.49769,360,13956,N,111.666666666667,3,79
15049,68,1.913715,460,14560,N,113.333333333333,3,79
14872,69,1.90955475,459,15049,N,115,3,79
14924,70,2.09260575,503,14872,N,116.666666666667,3,79
16169,0,NA,-1,NA,N,0,0,80
2467,2,1.198152,288,16169,N,3.33333333333333,0,80
2445,4,1.25223525,301,2467,N,6.66666666666667,0,80
2411,5,1.22727375,295,2445,N,8.33333333333333,0,80
2929,6,1.36872225,329,2411,N,10,0,80
2444,7,1.1731905,282,2929,N,11.6666666666667,0,80
3608,8,1.49769,360,2444,N,13.3333333333333,0,80
3318,9,1.51849125,365,3608,N,15,0,80
3239,10,1.48520925,357,3318,N,16.6666666666667,0,80
3708,11,1.547613,372,3239,N,18.3333333333333,0,80
3074,12,1.397844,336,3708,N,20,0,80
3623,13,1.5725745,378,3074,N,21.6666666666667,0,80
3950,14,1.6557795,398,3623,N,23.3333333333333,0,80
3775,15,1.730664,416,3950,N,25,0,80
4355,16,1.64329875,395,3775,N,26.6666666666667,0,80
5155,17,1.8055485,434,4355,N,28.3333333333333,0,80
4441,18,0.965178,232,5155,Y,30,1,80
4675,19,0.83621025,201,4441,N,31.6666666666667,1,80
5005,20,0.948537,228,4675,N,33.3333333333333,1,80
4463,21,1.015101,244,5005,N,35,1,80
2819,0,0.74468475,179,NA,N,0,0,81
2753,1,0.73636425,177,2819,N,1.66666666666667,0,81
2915,2,0.76964625,185,2753,N,3.33333333333333,0,81
2898,3,0.848691,204,2915,N,5,0,81
2785,4,1.0067805,242,2898,N,6.66666666666667,0,81
2659,5,0.88613325,213,2785,N,8.33333333333333,0,81
2990,6,1.015101,244,2659,N,10,0,81
2727,7,1.01094075,243,2990,N,11.6666666666667,0,81
3745,8,0.99846,240,2727,N,13.3333333333333,0,81
3393,9,1.08582525,261,3745,N,15,0,81
3334,10,1.031742,248,3393,N,16.6666666666667,0,81
4061,11,1.1066265,266,3334,N,18.3333333333333,0,81
3166,12,1.1399085,274,4061,N,20,0,81
3870,13,1.18567125,285,3166,N,21.6666666666667,0,81
3997,14,1.11910725,269,3870,N,23.3333333333333,0,81
3886,15,1.214793,292,3997,N,25,0,81
4746,16,1.21895325,293,3886,N,26.6666666666667,0,81
5212,17,1.25223525,301,4746,N,28.3333333333333,0,81
4877,18,1.37704275,331,5212,N,30,0,81
4928,19,1.431126,344,4877,N,31.6666666666667,0,81
5058,20,1.447767,348,4928,N,33.3333333333333,0,81
4789,21,1.564254,376,5058,N,35,0,81
4815,22,2.12588775,511,4789,N,36.6666666666667,0,81
4799,23,2.2382145,538,4815,N,38.3333333333333,0,81
6028,24,1.01094075,243,4799,Y,40,1,81
5977,25,1.031742,248,6028,N,41.6666666666667,1,81
5964,26,1.2896775,310,5977,N,43.3333333333333,1,81
6173,27,1.2563955,302,5964,N,45,1,81
6287,28,1.25223525,301,6173,N,46.6666666666667,1,81
5836,29,1.2730365,306,6287,N,48.3333333333333,1,81
6364,30,1.3063185,314,5836,N,50,1,81
6320,31,1.33544025,321,6364,N,51.6666666666667,1,81
7039,32,1.4228055,342,6320,N,53.3333333333333,1,81
7642,33,1.41864525,341,7039,N,55,1,81
7503,34,1.4893695,358,7642,N,56.6666666666667,1,81
6685,35,1.614177,388,7503,N,58.3333333333333,1,81
7252,36,1.547613,372,6685,N,60,1,81
7382,37,1.7057025,410,7252,N,61.6666666666667,1,81
7086,38,1.8388305,442,7382,N,63.3333333333333,1,81
6576,39,1.78474725,429,7086,N,65,1,81
8019,40,1.8554715,446,6576,N,66.6666666666667,1,81
7835,41,1.780587,428,8019,N,68.3333333333333,1,81
8626,42,2.1050865,506,7835,N,70,1,81
8718,43,1.1066265,266,8626,Y,71.6666666666667,2,81
8866,44,1.198152,288,8718,N,73.3333333333333,2,81
8325,45,1.3229595,318,8866,N,75,2,81
8101,46,1.397844,336,8325,N,76.6666666666667,2,81
9172,47,1.414485,340,8101,N,78.3333333333333,2,81
9450,48,1.49352975,359,9172,N,80,2,81
9637,49,1.49769,360,9450,N,81.6666666666667,2,81
10109,50,1.54345275,371,9637,N,83.3333333333333,2,81
10606,51,1.797228,432,10109,N,85,2,81
10219,52,2.02604175,487,10606,N,86.6666666666667,2,81
9867,53,2.096766,504,10219,N,88.3333333333333,2,81
10478,54,0.78628725,189,9867,Y,90,3,81
10693,55,0.74468475,179,10478,N,91.6666666666667,3,81
11191,56,0.815409,196,10693,N,93.3333333333333,3,81
11084,57,0.78628725,189,11191,N,95,3,81
11857,58,0.90277425,217,11084,N,96.6666666666667,3,81
12927,59,1.00262025,241,11857,N,98.3333333333333,3,81
12428,60,1.048383,252,12927,N,100,3,81
13298,61,1.0733445,258,12428,N,101.666666666667,3,81
13614,62,1.26887625,305,13298,N,103.333333333333,3,81
13686,63,1.1898315,286,13614,N,105,3,81
2837,0,1.55177325,373,NA,N,0,0,82
2778,1,1.614177,388,2837,N,1.66666666666667,0,82
2923,2,1.70986275,411,2778,N,3.33333333333333,0,82
2903,3,1.95947775,471,2923,N,5,0,82
2807,4,1.73482425,417,2903,N,6.66666666666667,0,82
2671,5,1.90123425,457,2807,N,8.33333333333333,0,82
2993,6,1.99692,480,2671,N,10,0,82
2747,7,1.01094075,243,2993,Y,11.6666666666667,1,82
3752,8,1.06918425,257,2747,N,13.3333333333333,1,82
3397,9,1.065024,256,3752,N,15,1,82
3342,10,1.16903025,281,3397,N,16.6666666666667,1,82
4065,11,1.06086375,255,3342,N,18.3333333333333,1,82
3176,12,1.06918425,257,4065,N,20,1,82
3881,13,1.18567125,285,3176,N,21.6666666666667,1,82
4002,14,1.1066265,266,3881,N,23.3333333333333,1,82
3901,15,1.1731905,282,4002,N,25,1,82
4771,16,1.06086375,255,3901,N,26.6666666666667,1,82
5216,17,1.18567125,285,4771,N,28.3333333333333,1,82
4947,18,1.214793,292,5216,N,30,1,82
4933,19,1.248075,300,4947,N,31.6666666666667,1,82
5062,20,1.3063185,314,4933,N,33.3333333333333,1,82
4822,21,1.3396005,322,5062,N,35,1,82
4856,22,1.2896775,310,4822,N,36.6666666666667,1,82
4820,23,1.364562,328,4856,N,38.3333333333333,1,82
6052,24,1.44360675,347,4820,N,40,1,82
6001,25,1.40200425,337,6052,N,41.6666666666667,1,82
5983,26,1.50185025,361,6001,N,43.3333333333333,1,82
6178,27,1.61001675,387,5983,N,45,1,82
6292,28,1.5892155,382,6178,N,46.6666666666667,1,82
5850,29,1.7389845,418,6292,N,48.3333333333333,1,82
6369,30,1.714023,412,5850,N,50,1,82
6330,31,1.79306775,431,6369,N,51.6666666666667,1,82
7049,32,1.85131125,445,6330,N,53.3333333333333,1,82
7649,33,1.90123425,457,7049,N,55,1,82
7509,34,1.89291375,455,7649,N,56.6666666666667,1,82
6690,35,2.246535,540,7509,N,58.3333333333333,1,82
7319,37,2.43374625,585,6690,N,61.6666666666667,1,82
6912,38,2.69168175,647,7319,N,63.3333333333333,1,82
6580,39,1.12742775,271,6912,Y,65,2,82
8024,40,1.2397545,298,6580,N,66.6666666666667,2,82
7841,41,1.231434,296,8024,N,68.3333333333333,2,82
8633,42,1.214793,292,7841,N,70,2,82
8888,43,1.314639,316,8633,N,71.6666666666667,2,82
9083,44,1.36872225,329,8888,N,73.3333333333333,2,82
9018,45,1.39368375,335,9083,N,75,2,82
8232,46,1.580895,380,9018,N,76.6666666666667,2,82
9307,47,1.6641,400,8232,N,78.3333333333333,2,82
9593,48,1.6641,400,9307,N,80,2,82
9768,49,1.73482425,417,9593,N,81.6666666666667,2,82
10336,50,1.8055485,434,9768,N,83.3333333333333,2,82
10792,51,0.67812075,163,10336,Y,85,3,82
10318,52,0.6906015,166,10792,N,86.6666666666667,3,82
10011,53,1.01926125,245,10318,N,88.3333333333333,3,82
10680,54,0.9069345,218,10011,N,90,3,82
2837,0,1.55177325,373,NA,N,0,0,83
2778,1,1.614177,388,2837,N,1.66666666666667,0,83
2923,2,1.70986275,411,2778,N,3.33333333333333,0,83
2903,3,1.95947775,471,2923,N,5,0,83
2807,4,1.73482425,417,2903,N,6.66666666666667,0,83
2671,5,1.90123425,457,2807,N,8.33333333333333,0,83
2993,6,1.99692,480,2671,N,10,0,83
2740,7,0.83621025,201,2993,Y,11.6666666666667,1,83
3750,8,0.8570115,206,2740,N,13.3333333333333,1,83
3396,9,0.81956925,197,3750,N,15,1,83
3340,10,0.9235755,222,3396,N,16.6666666666667,1,83
4064,11,0.865332,208,3340,N,18.3333333333333,1,83
3173,12,0.8902935,214,4064,N,20,1,83
3878,13,0.91941525,221,3173,N,21.6666666666667,1,83
4001,14,0.9901395,238,3878,N,23.3333333333333,1,83
3898,15,0.94437675,227,4001,N,25,1,83
4776,16,1.048383,252,3898,N,26.6666666666667,1,83
5217,17,0.98597925,237,4776,N,28.3333333333333,1,83
4944,18,1.06086375,255,5217,N,30,1,83
4932,19,1.10246625,265,4944,N,31.6666666666667,1,83
5063,20,1.114947,268,4932,N,33.3333333333333,1,83
4826,21,1.12742775,271,5063,N,35,1,83
4848,22,1.11078675,267,4826,N,36.6666666666667,1,83
4825,23,1.15238925,277,4848,N,38.3333333333333,1,83
6047,24,1.15238925,277,4825,N,40,1,83
6003,25,1.19399175,287,6047,N,41.6666666666667,1,83
5979,26,1.2730365,306,6003,N,43.3333333333333,1,83
6180,27,1.26055575,303,5979,N,45,1,83
6294,28,1.31047875,315,6180,N,46.6666666666667,1,83
5857,29,1.214793,292,6294,N,48.3333333333333,1,83
6368,30,1.28551725,309,5857,N,50,1,83
6327,31,1.29383775,311,6368,N,51.6666666666667,1,83
7047,32,1.1898315,286,6327,N,53.3333333333333,1,83
7648,33,1.26887625,305,7047,N,55,1,83
7508,34,1.2563955,302,7648,N,56.6666666666667,1,83
6689,35,1.29383775,311,7508,N,58.3333333333333,1,83
7408,36,1.314639,316,6689,N,60,1,83
7386,37,1.347921,324,7408,N,61.6666666666667,1,83
7099,38,1.3229595,318,7386,N,63.3333333333333,1,83
6581,39,1.37704275,331,7099,N,65,1,83
8025,40,1.39368375,335,6581,N,66.6666666666667,1,83
7842,41,1.41864525,341,8025,N,68.3333333333333,1,83
8634,42,1.41864525,341,7842,N,70,1,83
8887,43,1.39368375,335,8634,N,71.6666666666667,1,83
9082,44,1.38536325,333,8887,N,73.3333333333333,1,83
9016,45,1.431126,344,9082,N,75,1,83
8231,46,1.41032475,339,9016,N,76.6666666666667,1,83
9306,47,1.46024775,351,8231,N,78.3333333333333,1,83
9592,48,1.431126,344,9306,N,80,1,83
9767,49,1.5060105,362,9592,N,81.6666666666667,1,83
10334,50,1.547613,372,9767,N,83.3333333333333,1,83
10790,51,1.6724205,402,10334,N,85,1,83
10314,52,1.83051,440,10790,N,86.6666666666667,1,83
10010,53,2.00940075,483,10314,N,88.3333333333333,1,83
10677,54,2.0551635,494,10010,N,90,1,83
10860,55,2.1716505,522,10677,N,91.6666666666667,1,83
11358,56,2.22573375,535,10860,N,93.3333333333333,1,83
11233,57,2.50031025,601,11358,N,95,1,83
11917,58,2.3879835,574,11233,N,96.6666666666667,1,83
13056,59,2.579355,620,11917,N,98.3333333333333,1,83
12495,60,1.547613,372,13056,Y,100,2,83
13383,61,1.61001675,387,12495,N,101.666666666667,2,83
2075,0,0.898614,216,NA,N,0,0,84
2053,1,0.898614,216,2075,N,1.66666666666667,0,84
2048,2,0.881973,212,2053,N,3.33333333333333,0,84
2061,3,0.8570115,206,2048,N,5,0,84
2041,4,1.00262025,241,2061,N,6.66666666666667,0,84
2045,5,0.8902935,214,2041,N,8.33333333333333,0,84
2109,6,0.99846,240,2045,N,10,0,84
2034,7,0.93605625,225,2109,N,11.6666666666667,0,84
3449,8,0.98597925,237,2034,N,13.3333333333333,0,84
3183,9,1.0567035,254,3449,N,15,0,84
3104,10,1.11078675,267,3183,N,16.6666666666667,0,84
3420,11,1.13574825,273,3104,N,18.3333333333333,0,84
3014,12,1.1399085,274,3420,N,20,0,84
3470,13,1.16487,280,3014,N,21.6666666666667,0,84
3436,14,1.098306,264,3470,N,23.3333333333333,0,84
3437,15,1.21063275,291,3436,N,25,0,84
4090,16,1.2896775,310,3437,N,26.6666666666667,0,84
5088,17,1.297998,312,4090,N,28.3333333333333,0,84
4101,18,1.29383775,311,5088,N,30,0,84
4122,19,1.381203,332,4101,N,31.6666666666667,0,84
4508,20,1.4394465,346,4122,N,33.3333333333333,0,84
4150,21,1.4727285,354,4508,N,35,0,84
4187,22,1.5392925,370,4150,N,36.6666666666667,0,84
4253,23,1.5559335,374,4187,N,38.3333333333333,0,84
5259,24,1.5559335,374,4253,N,40,0,84
5355,25,1.65993975,399,5259,N,41.6666666666667,0,84
5386,26,1.6724205,402,5355,N,43.3333333333333,0,84
5347,27,1.7389845,418,5386,N,45,0,84
5375,28,1.7722665,426,5347,N,46.6666666666667,0,84
5244,29,1.83467025,441,5375,N,48.3333333333333,0,84
5327,30,1.963638,472,5244,N,50,0,84
5451,31,2.080125,500,5327,N,51.6666666666667,0,84
6723,32,2.2714965,546,5451,N,53.3333333333333,0,84
7440,33,2.23405425,537,6723,N,55,0,84
6757,34,2.30893875,555,7440,N,56.6666666666667,0,84
6468,35,2.379663,572,6757,N,58.3333333333333,0,84
6966,36,2.30893875,555,6468,N,60,0,84
7253,37,1.11078675,267,6966,Y,61.6666666666667,1,84
6769,38,0.82788975,199,7253,N,63.3333333333333,1,84
6411,39,1.0567035,254,6769,N,65,1,84
7880,40,1.0733445,258,6411,N,66.6666666666667,1,84
7691,41,1.01926125,245,7880,N,68.3333333333333,1,84
8415,42,1.098306,264,7691,N,70,1,84
8671,43,1.07750475,259,8415,N,71.6666666666667,1,84
8510,44,1.19399175,287,8671,N,73.3333333333333,1,84
8276,45,1.281357,308,8510,N,75,1,84
8057,46,1.364562,328,8276,N,76.6666666666667,1,84
9126,47,1.48520925,357,8057,N,78.3333333333333,1,84
9399,48,1.5725745,378,9126,N,80,1,84
9350,49,1.72650375,415,9399,N,81.6666666666667,1,84
10065,50,1.730664,416,9350,N,83.3333333333333,1,84
10511,51,1.80138825,433,10065,N,85,1,84
10286,52,1.59337575,383,10511,N,86.6666666666667,1,84
9831,53,1.913715,460,10286,N,88.3333333333333,1,84
10607,54,0.981819,236,9831,Y,90,2,84
10814,55,1.00262025,241,10607,N,91.6666666666667,2,84
11273,56,0.81124875,195,10814,N,93.3333333333333,2,84
11194,57,1.01094075,243,11273,N,95,2,84
11897,58,1.03590225,249,11194,N,96.6666666666667,2,84
13010,59,1.0567035,254,11897,N,98.3333333333333,2,84
12472,60,1.11910725,269,13010,N,100,2,84
13353,61,1.35208125,325,12472,N,101.666666666667,2,84
13811,62,1.21063275,291,13353,N,103.333333333333,2,84
13738,63,1.25223525,301,13811,N,105,2,84
12760,64,1.40200425,337,13738,N,106.666666666667,2,84
12179,65,1.2896775,310,12760,N,108.333333333333,2,84
14165,66,1.4560875,350,12179,N,110,2,84
2075,0,0.898614,216,NA,N,0,0,85
2053,1,0.898614,216,2075,N,1.66666666666667,0,85
2048,2,0.881973,212,2053,N,3.33333333333333,0,85
2061,3,0.8570115,206,2048,N,5,0,85
2041,4,1.00262025,241,2061,N,6.66666666666667,0,85
2045,5,0.8902935,214,2041,N,8.33333333333333,0,85
2109,6,0.99846,240,2045,N,10,0,85
2034,7,0.93605625,225,2109,N,11.6666666666667,0,85
3449,8,0.98597925,237,2034,N,13.3333333333333,0,85
3183,9,1.0567035,254,3449,N,15,0,85
3104,10,1.11078675,267,3183,N,16.6666666666667,0,85
3420,11,1.13574825,273,3104,N,18.3333333333333,0,85
3014,12,1.1399085,274,3420,N,20,0,85
3470,13,1.16487,280,3014,N,21.6666666666667,0,85
3436,14,1.098306,264,3470,N,23.3333333333333,0,85
3437,15,1.21063275,291,3436,N,25,0,85
4090,16,1.2896775,310,3437,N,26.6666666666667,0,85
5088,17,1.297998,312,4090,N,28.3333333333333,0,85
4101,18,1.29383775,311,5088,N,30,0,85
4122,19,1.381203,332,4101,N,31.6666666666667,0,85
4508,20,1.4394465,346,4122,N,33.3333333333333,0,85
4150,21,1.4727285,354,4508,N,35,0,85
4187,22,1.5392925,370,4150,N,36.6666666666667,0,85
4253,23,1.5559335,374,4187,N,38.3333333333333,0,85
5259,24,1.5559335,374,4253,N,40,0,85
5355,25,1.65993975,399,5259,N,41.6666666666667,0,85
5386,26,1.6724205,402,5355,N,43.3333333333333,0,85
5347,27,1.7389845,418,5386,N,45,0,85
5375,28,1.7722665,426,5347,N,46.6666666666667,0,85
5244,29,1.83467025,441,5375,N,48.3333333333333,0,85
5327,30,1.963638,472,5244,N,50,0,85
5451,31,2.080125,500,5327,N,51.6666666666667,0,85
6723,32,2.2714965,546,5451,N,53.3333333333333,0,85
7440,33,2.23405425,537,6723,N,55,0,85
6757,34,2.30893875,555,7440,N,56.6666666666667,0,85
6468,35,2.379663,572,6757,N,58.3333333333333,0,85
6966,36,2.30893875,555,6468,N,60,0,85
7255,37,1.35208125,325,6966,Y,61.6666666666667,1,85
6772,38,1.36872225,329,7255,N,63.3333333333333,1,85
6412,39,1.26055575,303,6772,N,65,1,85
7881,40,1.231434,296,6412,N,66.6666666666667,1,85
7692,41,1.23559425,297,7881,N,68.3333333333333,1,85
8417,42,1.29383775,311,7692,N,70,1,85
8672,43,1.41032475,339,8417,N,71.6666666666667,1,85
8512,44,1.4560875,350,8672,N,73.3333333333333,1,85
8277,45,1.5725745,378,8512,N,75,1,85
8058,46,1.697382,408,8277,N,76.6666666666667,1,85
9127,47,1.6224975,390,8058,N,78.3333333333333,1,85
9400,48,1.66826025,401,9127,N,80,1,85
9351,49,1.91787525,461,9400,N,81.6666666666667,1,85
10066,50,2.11756725,509,9351,N,83.3333333333333,1,85
10515,51,2.03436225,489,10066,N,85,1,85
10179,52,2.22573375,535,10515,N,86.6666666666667,1,85
9816,53,1.1066265,266,10179,Y,88.3333333333333,2,85
10420,54,1.148229,276,9816,N,90,2,85
10576,55,1.26055575,303,10420,N,91.6666666666667,2,85
11097,56,1.42696575,343,10576,N,93.3333333333333,2,85
11027,57,1.51849125,365,11097,N,95,2,85
11834,58,1.3063185,314,11027,N,96.6666666666667,2,85
12883,59,1.50185025,361,11834,N,98.3333333333333,2,85
12408,60,1.74314475,419,12883,N,100,2,85
13267,61,1.70986275,411,12408,N,101.666666666667,2,85
2843,0,0.81956925,197,NA,N,0,0,86
2783,1,0.87781275,211,2843,N,1.66666666666667,0,86
2925,2,0.88613325,213,2783,N,3.33333333333333,0,86
2904,3,0.94437675,227,2925,N,5,0,86
2820,4,1.031742,248,2904,N,6.66666666666667,0,86
2678,5,0.9901395,238,2820,N,8.33333333333333,0,86
2995,6,1.0567035,254,2678,N,10,0,86
2761,7,1.248075,300,2995,N,11.6666666666667,0,86
3757,8,1.15238925,277,2761,N,13.3333333333333,0,86
3398,9,1.264716,304,3757,N,15,0,86
3344,10,1.2730365,306,3398,N,16.6666666666667,0,86
4066,11,1.26887625,305,3344,N,18.3333333333333,0,86
3182,12,1.264716,304,4066,N,20,0,86
3885,13,1.36040175,327,3182,N,21.6666666666667,0,86
4003,14,1.46856825,353,3885,N,23.3333333333333,0,86
3904,15,1.4560875,350,4003,N,25,0,86
4783,16,1.4893695,358,3904,N,26.6666666666667,0,86
5219,17,1.5226515,366,4783,N,28.3333333333333,0,86
4954,18,1.62665775,391,5219,N,30,0,86
4935,19,1.680741,404,4954,N,31.6666666666667,0,86
5065,20,1.68490125,405,4935,N,33.3333333333333,0,86
4839,21,1.730664,416,5065,N,35,0,86
4871,22,2.2881375,550,4839,N,36.6666666666667,0,86
4841,23,1.27719675,307,4871,Y,38.3333333333333,1,86
6074,24,1.3063185,314,4841,N,40,1,86
6022,25,1.33544025,321,6074,N,41.6666666666667,1,86
5990,26,1.48520925,357,6022,N,43.3333333333333,1,86
6184,27,1.4560875,350,5990,N,45,1,86
6299,28,1.5060105,362,6184,N,46.6666666666667,1,86
5869,29,1.64329875,395,6299,N,48.3333333333333,1,86
6371,30,1.5892155,382,5869,N,50,1,86
6333,31,1.730664,416,6371,N,51.6666666666667,1,86
7054,32,1.82634975,439,6333,N,53.3333333333333,1,86
7651,33,1.78474725,429,7054,N,55,1,86
7513,34,2.01772125,485,7651,N,56.6666666666667,1,86
6692,35,2.20909275,531,7513,N,58.3333333333333,1,86
7411,36,2.30061825,553,6692,N,60,1,86
7388,37,2.4379065,586,7411,N,61.6666666666667,1,86
7107,38,2.50863075,603,7388,N,63.3333333333333,1,86
6584,39,2.562714,616,7107,N,65,1,86
8028,40,2.6043165,626,6584,N,66.6666666666667,1,86
7846,41,1.18567125,285,8028,Y,68.3333333333333,2,86
8638,42,1.23559425,297,7846,N,70,2,86
8893,43,1.36872225,329,8638,N,71.6666666666667,2,86
9086,44,1.3396005,322,8893,N,73.3333333333333,2,86
9024,45,1.4394465,346,9086,N,75,2,86
8235,46,1.580895,380,9024,N,76.6666666666667,2,86
9310,47,1.7057025,410,8235,N,78.3333333333333,2,86
9596,48,1.80970875,435,9310,N,80,2,86
9771,49,1.93451625,465,9596,N,81.6666666666667,2,86
10340,50,2.0385225,490,9771,N,83.3333333333333,2,86
10801,51,1.76810625,425,10340,N,85,2,86
10328,52,2.38382325,573,10801,N,86.6666666666667,2,86
10015,53,2.43374625,585,10328,N,88.3333333333333,2,86
10709,54,2.16333,520,10015,N,90,2,86
2590,0,1.4893695,358,NA,N,0,0,87
2433,1,1.2730365,306,2590,N,1.66666666666667,0,87
2497,2,1.4228055,342,2433,N,3.33333333333333,0,87
2680,3,1.564254,376,2497,N,5,0,87
2475,4,1.564254,376,2680,N,6.66666666666667,0,87
2436,5,1.6224975,390,2475,N,8.33333333333333,0,87
2945,6,1.7223435,414,2436,N,10,0,87
2485,7,1.78474725,429,2945,N,11.6666666666667,0,87
3633,8,1.730664,416,2485,N,13.3333333333333,0,87
3329,9,1.72650375,415,3633,N,15,0,87
3251,10,2.01772125,485,3329,N,16.6666666666667,0,87
4012,11,1.880433,452,3251,N,18.3333333333333,0,87
3080,12,1.9885995,478,4012,N,20,0,87
3643,13,2.2215735,534,3080,N,21.6666666666667,0,87
3956,14,2.263176,544,3643,N,23.3333333333333,0,87
3787,15,2.3047785,554,3956,N,25,0,87
4431,16,2.146689,516,3787,N,26.6666666666667,0,87
5165,17,1.08582525,261,4431,Y,28.3333333333333,1,87
4517,18,1.10246625,265,5165,N,30,1,87
4731,19,1.11078675,267,4517,N,31.6666666666667,1,87
5017,20,1.35208125,325,4731,N,33.3333333333333,1,87
4543,21,1.2730365,306,5017,N,35,1,87
4506,22,1.2896775,310,4543,N,36.6666666666667,1,87
4558,23,1.3562415,326,4506,N,38.3333333333333,1,87
5649,24,1.3562415,326,4558,N,40,1,87
5735,25,1.41864525,341,5649,N,41.6666666666667,1,87
5767,26,1.37704275,331,5735,N,43.3333333333333,1,87
6045,27,1.41032475,339,5767,N,45,1,87
6232,28,1.5226515,366,6045,N,46.6666666666667,1,87
5621,29,1.44360675,347,6232,N,48.3333333333333,1,87
6391,30,1.7057025,410,5621,N,50,1,87
6353,31,1.73482425,417,6391,N,51.6666666666667,1,87
7109,32,2.0551635,494,6353,N,53.3333333333333,1,87
7674,33,1.95947775,471,7109,N,55,1,87
7550,34,1.9220355,462,7674,N,56.6666666666667,1,87
6620,35,2.213253,532,7550,N,58.3333333333333,1,87
7125,36,2.2382145,538,6620,N,60,1,87
6926,38,0.56995425,137,7125,Y,63.3333333333333,2,87
2590,0,1.4893695,358,NA,N,0,0,88
2433,1,1.2730365,306,2590,N,1.66666666666667,0,88
2497,2,1.4228055,342,2433,N,3.33333333333333,0,88
2680,3,1.564254,376,2497,N,5,0,88
2475,4,1.564254,376,2680,N,6.66666666666667,0,88
2436,5,1.6224975,390,2475,N,8.33333333333333,0,88
2945,6,1.7223435,414,2436,N,10,0,88
2485,7,1.78474725,429,2945,N,11.6666666666667,0,88
3633,8,1.730664,416,2485,N,13.3333333333333,0,88
3329,9,1.72650375,415,3633,N,15,0,88
3251,10,2.01772125,485,3329,N,16.6666666666667,0,88
4012,11,1.880433,452,3251,N,18.3333333333333,0,88
3080,12,1.9885995,478,4012,N,20,0,88
3643,13,2.2215735,534,3080,N,21.6666666666667,0,88
3956,14,2.263176,544,3643,N,23.3333333333333,0,88
3787,15,2.3047785,554,3956,N,25,0,88
4431,16,2.146689,516,3787,N,26.6666666666667,0,88
5164,17,1.08582525,261,4431,Y,28.3333333333333,1,88
4525,18,1.1066265,266,5164,N,30,1,88
4734,19,1.20231225,289,4525,N,31.6666666666667,1,88
5018,20,1.264716,304,4734,N,33.3333333333333,1,88
4548,21,1.2730365,306,5018,N,35,1,88
4513,22,1.33544025,321,4548,N,36.6666666666667,1,88
4565,23,1.381203,332,4513,N,38.3333333333333,1,88
5654,24,1.5226515,366,4565,N,40,1,88
5743,25,1.5725745,378,5654,N,41.6666666666667,1,88
5772,26,1.57673475,379,5743,N,43.3333333333333,1,88
6050,27,1.7722665,426,5772,N,45,1,88
6233,28,1.79306775,431,6050,N,46.6666666666667,1,88
5629,29,1.8554715,446,6233,N,48.3333333333333,1,88
6034,30,1.9885995,478,5629,N,50,1,88
6134,31,2.24237475,539,6034,N,51.6666666666667,1,88
6921,32,2.396304,576,6134,N,53.3333333333333,1,88
7596,33,2.263176,544,6921,N,55,1,88
7212,34,2.0884455,502,7596,N,56.6666666666667,1,88
6647,35,1.98443925,477,7212,N,58.3333333333333,1,88
7192,36,1.264716,304,6647,Y,60,2,88
7344,37,1.37704275,331,7192,N,61.6666666666667,2,88
6968,38,1.36872225,329,7344,N,63.3333333333333,2,88
6538,39,1.47688875,355,6968,N,65,2,88
7977,40,1.5392925,370,6538,N,66.6666666666667,2,88
7791,41,1.5559335,374,7977,N,68.3333333333333,2,88
8578,42,1.63497825,393,7791,N,70,2,88
8811,43,1.780587,428,8578,N,71.6666666666667,2,88
8976,44,2.10092625,505,8811,N,73.3333333333333,2,88
8404,45,1.96779825,473,8976,N,75,2,88
8165,46,2.14252875,515,8404,N,76.6666666666667,2,88
9704,49,2.66256,640,8165,N,81.6666666666667,2,88
10173,52,2.795688,672,9704,N,86.6666666666667,2,88
9949,53,1.25223525,301,10173,Y,88.3333333333333,3,88
10563,54,1.2397545,298,9949,N,90,3,88
10789,55,1.24391475,299,10563,N,91.6666666666667,3,88
11252,56,1.33128,320,10789,N,93.3333333333333,3,88
2847,0,0.96933825,233,NA,N,0,0,89
2787,1,1.01094075,243,2847,N,1.66666666666667,0,89
2928,2,1.015101,244,2787,N,3.33333333333333,0,89
2905,3,1.05254325,253,2928,N,5,0,89
2826,4,1.08582525,261,2905,N,6.66666666666667,0,89
2681,5,1.15238925,277,2826,N,8.33333333333333,0,89
2996,6,1.14406875,275,2681,N,10,0,89
2766,7,1.20231225,289,2996,N,11.6666666666667,0,89
3759,8,1.2896775,310,2766,N,13.3333333333333,0,89
3399,9,1.264716,304,3759,N,15,0,89
3346,10,1.36872225,329,3399,N,16.6666666666667,0,89
4067,11,1.364562,328,3346,N,18.3333333333333,0,89
3185,12,1.32711975,319,4067,N,20,0,89
3887,13,1.414485,340,3185,N,21.6666666666667,0,89
4004,14,1.43528625,345,3887,N,23.3333333333333,0,89
3907,15,1.46856825,353,4004,N,25,0,89
4793,16,1.381203,332,3907,N,26.6666666666667,0,89
5221,17,1.464408,352,4793,N,28.3333333333333,0,89
4958,18,1.447767,348,5221,N,30,0,89
4937,19,1.5060105,362,4958,N,31.6666666666667,0,89
5067,20,1.54345275,371,4937,N,33.3333333333333,0,89
4846,21,1.564254,376,5067,N,35,0,89
4879,22,1.53513225,369,4846,N,36.6666666666667,0,89
4847,23,1.64329875,395,4879,N,38.3333333333333,0,89
6080,24,1.747305,420,4847,N,40,0,89
6030,25,1.86795225,449,6080,N,41.6666666666667,0,89
5998,26,1.9553175,470,6030,N,43.3333333333333,0,89
6186,27,1.96779825,473,5998,N,45,0,89
6300,28,2.263176,544,6186,N,46.6666666666667,0,89
5878,29,2.23405425,537,6300,N,48.3333333333333,0,89
6372,30,2.3879835,574,5878,N,50,0,89
6334,31,1.13574825,273,6372,Y,51.6666666666667,1,89
7056,32,1.048383,252,6334,N,53.3333333333333,1,89
7653,33,1.2231135,294,7056,N,55,1,89
7515,34,1.19399175,287,7653,N,56.6666666666667,1,89
6693,35,1.23559425,297,7515,N,58.3333333333333,1,89
7412,36,1.23559425,297,6693,N,60,1,89
7390,37,1.25223525,301,7412,N,61.6666666666667,1,89
7115,38,1.45192725,349,7390,N,63.3333333333333,1,89
6531,39,1.39368375,335,7115,N,65,1,89
7972,40,1.481049,356,6531,N,66.6666666666667,1,89
7785,41,1.564254,376,7972,N,68.3333333333333,1,89
8573,42,1.70154225,409,7785,N,70,1,89
8804,43,1.8055485,434,8573,N,71.6666666666667,1,89
8968,44,2.0551635,494,8804,N,73.3333333333333,1,89
8046,46,1.946997,468,8968,N,76.6666666666667,1,89
9114,47,2.063484,496,8046,N,78.3333333333333,1,89
9388,48,1.065024,256,9114,Y,80,2,89
9339,49,1.2397545,298,9388,N,81.6666666666667,2,89
2847,0,0.96933825,233,NA,N,0,0,90
2787,1,1.01094075,243,2847,N,1.66666666666667,0,90
2928,2,1.015101,244,2787,N,3.33333333333333,0,90
2905,3,1.05254325,253,2928,N,5,0,90
2826,4,1.08582525,261,2905,N,6.66666666666667,0,90
2681,5,1.15238925,277,2826,N,8.33333333333333,0,90
2996,6,1.14406875,275,2681,N,10,0,90
2766,7,1.20231225,289,2996,N,11.6666666666667,0,90
3759,8,1.2896775,310,2766,N,13.3333333333333,0,90
3399,9,1.264716,304,3759,N,15,0,90
3346,10,1.36872225,329,3399,N,16.6666666666667,0,90
4067,11,1.364562,328,3346,N,18.3333333333333,0,90
3185,12,1.32711975,319,4067,N,20,0,90
3887,13,1.414485,340,3185,N,21.6666666666667,0,90
4004,14,1.43528625,345,3887,N,23.3333333333333,0,90
3907,15,1.46856825,353,4004,N,25,0,90
4793,16,1.381203,332,3907,N,26.6666666666667,0,90
5221,17,1.464408,352,4793,N,28.3333333333333,0,90
4958,18,1.447767,348,5221,N,30,0,90
4937,19,1.5060105,362,4958,N,31.6666666666667,0,90
5067,20,1.54345275,371,4937,N,33.3333333333333,0,90
4846,21,1.564254,376,5067,N,35,0,90
4879,22,1.53513225,369,4846,N,36.6666666666667,0,90
4847,23,1.64329875,395,4879,N,38.3333333333333,0,90
6080,24,1.747305,420,4847,N,40,0,90
6030,25,1.86795225,449,6080,N,41.6666666666667,0,90
5998,26,1.9553175,470,6030,N,43.3333333333333,0,90
6186,27,1.96779825,473,5998,N,45,0,90
6300,28,2.263176,544,6186,N,46.6666666666667,0,90
5878,29,2.23405425,537,6300,N,48.3333333333333,0,90
6372,30,2.3879835,574,5878,N,50,0,90
6335,31,1.12742775,271,6372,Y,51.6666666666667,1,90
7057,32,1.2231135,294,6335,N,53.3333333333333,1,90
7652,33,1.248075,300,7057,N,55,1,90
7516,34,1.397844,336,7652,N,56.6666666666667,1,90
6694,35,1.43528625,345,7516,N,58.3333333333333,1,90
7413,36,1.54345275,371,6694,N,60,1,90
7391,37,1.6724205,402,7413,N,61.6666666666667,1,90
7110,38,1.66826025,401,7391,N,63.3333333333333,1,90
6585,39,1.74314475,419,7110,N,65,1,90
8029,40,1.863792,448,6585,N,66.6666666666667,1,90
7847,41,1.80138825,433,8029,N,68.3333333333333,1,90
8639,42,2.00108025,481,7847,N,70,1,90
8894,43,1.930356,464,8639,N,71.6666666666667,1,90
9087,44,2.2548555,542,8894,N,73.3333333333333,1,90
9026,45,2.53359225,609,9087,N,75,1,90
8237,46,2.5377525,610,9026,N,76.6666666666667,1,90
9312,47,2.69168175,647,8237,N,78.3333333333333,1,90
9598,48,1.4394465,346,9312,Y,80,2,90
9773,49,1.36040175,327,9598,N,81.6666666666667,2,90
10344,50,1.54345275,371,9773,N,83.3333333333333,2,90
11635,51,1.547613,372,10344,N,85,2,90
10679,52,1.60169625,385,11635,N,86.6666666666667,2,90
10017,53,1.59337575,383,10679,N,88.3333333333333,2,90
11123,54,1.90955475,459,10017,N,90,2,90
11529,55,1.6557795,398,11123,N,91.6666666666667,2,90
11779,56,1.6391385,394,11529,N,93.3333333333333,2,90
2847,0,0.96933825,233,NA,N,0,0,91
2787,1,1.01094075,243,2847,N,1.66666666666667,0,91
2928,2,1.015101,244,2787,N,3.33333333333333,0,91
2905,3,1.05254325,253,2928,N,5,0,91
2826,4,1.08582525,261,2905,N,6.66666666666667,0,91
2681,5,1.15238925,277,2826,N,8.33333333333333,0,91
2996,6,1.14406875,275,2681,N,10,0,91
2766,7,1.20231225,289,2996,N,11.6666666666667,0,91
3759,8,1.2896775,310,2766,N,13.3333333333333,0,91
3399,9,1.264716,304,3759,N,15,0,91
3346,10,1.36872225,329,3399,N,16.6666666666667,0,91
4067,11,1.364562,328,3346,N,18.3333333333333,0,91
3185,12,1.32711975,319,4067,N,20,0,91
3887,13,1.414485,340,3185,N,21.6666666666667,0,91
4004,14,1.43528625,345,3887,N,23.3333333333333,0,91
3907,15,1.46856825,353,4004,N,25,0,91
4793,16,1.381203,332,3907,N,26.6666666666667,0,91
5221,17,1.464408,352,4793,N,28.3333333333333,0,91
4958,18,1.447767,348,5221,N,30,0,91
4937,19,1.5060105,362,4958,N,31.6666666666667,0,91
5067,20,1.54345275,371,4937,N,33.3333333333333,0,91
4846,21,1.564254,376,5067,N,35,0,91
4879,22,1.53513225,369,4846,N,36.6666666666667,0,91
4847,23,1.64329875,395,4879,N,38.3333333333333,0,91
6080,24,1.747305,420,4847,N,40,0,91
6030,25,1.86795225,449,6080,N,41.6666666666667,0,91
5998,26,1.9553175,470,6030,N,43.3333333333333,0,91
6186,27,1.96779825,473,5998,N,45,0,91
6300,28,2.263176,544,6186,N,46.6666666666667,0,91
5878,29,2.23405425,537,6300,N,48.3333333333333,0,91
6372,30,2.3879835,574,5878,N,50,0,91
6335,31,1.12742775,271,6372,Y,51.6666666666667,1,91
7057,32,1.2231135,294,6335,N,53.3333333333333,1,91
7652,33,1.248075,300,7057,N,55,1,91
7516,34,1.397844,336,7652,N,56.6666666666667,1,91
6694,35,1.43528625,345,7516,N,58.3333333333333,1,91
7413,36,1.54345275,371,6694,N,60,1,91
7391,37,1.6724205,402,7413,N,61.6666666666667,1,91
7110,38,1.66826025,401,7391,N,63.3333333333333,1,91
6585,39,1.74314475,419,7110,N,65,1,91
8029,40,1.863792,448,6585,N,66.6666666666667,1,91
7847,41,1.80138825,433,8029,N,68.3333333333333,1,91
8639,42,2.00108025,481,7847,N,70,1,91
8894,43,1.930356,464,8639,N,71.6666666666667,1,91
9087,44,2.2548555,542,8894,N,73.3333333333333,1,91
9026,45,2.53359225,609,9087,N,75,1,91
8237,46,2.5377525,610,9026,N,76.6666666666667,1,91
9312,47,2.69168175,647,8237,N,78.3333333333333,1,91
9597,48,1.2730365,306,9312,Y,80,2,91
9772,49,1.35208125,325,9597,N,81.6666666666667,2,91
10342,50,1.5392925,370,9772,N,83.3333333333333,2,91
11632,51,1.4727285,354,10342,N,85,2,91
10675,52,1.5060105,362,11632,N,86.6666666666667,2,91
10016,53,1.597536,384,10675,N,88.3333333333333,2,91
11120,54,1.580895,380,10016,N,90,2,91
11532,55,1.747305,420,11120,N,91.6666666666667,2,91
11781,56,1.797228,432,11532,N,93.3333333333333,2,91
11795,57,1.80138825,433,11781,N,95,2,91
12062,58,2.0052405,482,11795,N,96.6666666666667,2,91
13242,59,2.379663,572,12062,N,98.3333333333333,2,91
12732,60,2.2714965,546,13242,N,100,2,91
13554,61,2.22573375,535,12732,N,101.666666666667,2,91
14470,62,2.46702825,593,13554,N,103.333333333333,2,91
14234,63,2.60847675,627,14470,N,105,2,91
13068,64,1.4394465,346,14234,Y,106.666666666667,3,91
12379,65,1.580895,380,13068,N,108.333333333333,3,91
14506,66,1.45192725,349,12379,N,110,3,91
14827,67,1.62665775,391,14506,N,111.666666666667,3,91
15884,68,1.80138825,433,14827,N,113.333333333333,3,91
15665,69,1.8388305,442,15884,N,115,3,91
15785,70,1.94283675,467,15665,N,116.666666666667,3,91
2083,0,1.32711975,319,NA,N,0,0,92
2060,1,1.38536325,333,2083,N,1.66666666666667,0,92
2054,2,1.364562,328,2060,N,3.33333333333333,0,92
2071,3,1.414485,340,2054,N,5,0,92
2049,4,1.49352975,359,2071,N,6.66666666666667,0,92
2052,5,1.49352975,359,2049,N,8.33333333333333,0,92
2132,6,1.530972,368,2052,N,10,0,92
2047,7,1.597536,384,2132,N,11.6666666666667,0,92
3450,8,1.64329875,395,2047,N,13.3333333333333,0,92
3188,9,1.714023,412,3450,N,15,0,92
3106,10,1.61001675,387,3188,N,16.6666666666667,0,92
3421,11,1.78474725,429,3106,N,18.3333333333333,0,92
3015,12,1.8221895,438,3421,N,20,0,92
3471,13,1.9885995,478,3015,N,21.6666666666667,0,92
3438,14,2.030202,488,3471,N,23.3333333333333,0,92
3439,15,1.747305,420,3438,N,25,0,92
4091,16,2.0884455,502,3439,N,26.6666666666667,0,92
5089,17,1.048383,252,4091,Y,28.3333333333333,1,92
4104,18,1.1399085,274,5089,N,30,1,92
4125,19,1.16903025,281,4104,N,31.6666666666667,1,92
4988,20,1.17735075,283,4125,N,33.3333333333333,1,92
4381,21,1.20231225,289,4988,N,35,1,92
4379,22,1.13574825,273,4381,N,36.6666666666667,1,92
4398,23,1.11078675,267,4379,N,38.3333333333333,1,92
5544,24,1.13574825,273,4398,N,40,1,92
5620,25,1.33128,320,5544,N,41.6666666666667,1,92
5631,26,1.4394465,346,5620,N,43.3333333333333,1,92
2083,0,1.32711975,319,NA,N,0,0,93
2060,1,1.38536325,333,2083,N,1.66666666666667,0,93
2054,2,1.364562,328,2060,N,3.33333333333333,0,93
2071,3,1.414485,340,2054,N,5,0,93
2049,4,1.49352975,359,2071,N,6.66666666666667,0,93
2052,5,1.49352975,359,2049,N,8.33333333333333,0,93
2132,6,1.530972,368,2052,N,10,0,93
2047,7,1.597536,384,2132,N,11.6666666666667,0,93
3450,8,1.64329875,395,2047,N,13.3333333333333,0,93
3188,9,1.714023,412,3450,N,15,0,93
3106,10,1.61001675,387,3188,N,16.6666666666667,0,93
3421,11,1.78474725,429,3106,N,18.3333333333333,0,93
3015,12,1.8221895,438,3421,N,20,0,93
3471,13,1.9885995,478,3015,N,21.6666666666667,0,93
3438,14,2.030202,488,3471,N,23.3333333333333,0,93
3439,15,1.747305,420,3438,N,25,0,93
4091,16,2.0884455,502,3439,N,26.6666666666667,0,93
5090,17,1.10246625,265,4091,Y,28.3333333333333,1,93
4108,18,1.14406875,275,5090,N,30,1,93
4128,19,1.14406875,275,4108,N,31.6666666666667,1,93
4514,20,1.18567125,285,4128,N,33.3333333333333,1,93
4152,21,1.27719675,307,4514,N,35,1,93
4188,22,1.18567125,285,4152,N,36.6666666666667,1,93
4254,23,1.231434,296,4188,N,38.3333333333333,1,93
5260,24,1.281357,308,4254,N,40,1,93
5356,25,1.23559425,297,5260,N,41.6666666666667,1,93
5391,26,1.42696575,343,5356,N,43.3333333333333,1,93
5348,27,1.36872225,329,5391,N,45,1,93
5380,28,1.481049,356,5348,N,46.6666666666667,1,93
5245,29,1.4893695,358,5380,N,48.3333333333333,1,93
5329,30,1.56009375,375,5245,N,50,1,93
5457,31,1.70154225,409,5329,N,51.6666666666667,1,93
6724,32,1.76810625,425,5457,N,53.3333333333333,1,93
7443,33,1.813869,436,6724,N,55,1,93
6759,34,1.930356,464,7443,N,56.6666666666667,1,93
6471,35,1.9553175,470,6759,N,58.3333333333333,1,93
6969,36,2.06764425,497,6471,N,60,1,93
7257,37,2.2881375,550,6969,N,61.6666666666667,1,93
6777,38,2.58351525,621,7257,N,63.3333333333333,1,93
6413,39,2.48366925,597,6777,N,65,1,93
7884,40,1.1731905,282,6413,Y,66.6666666666667,2,93
7694,41,1.1731905,282,7884,N,68.3333333333333,2,93
8419,42,1.26055575,303,7694,N,70,2,93
8673,43,1.2563955,302,8419,N,71.6666666666667,2,93
8516,44,1.40200425,337,8673,N,73.3333333333333,2,93
8279,45,1.547613,372,8516,N,75,2,93
8059,46,1.6224975,390,8279,N,76.6666666666667,2,93
9128,47,1.84299075,443,8059,N,78.3333333333333,2,93
9402,48,2.21741325,533,9128,N,80,2,93
9352,49,2.030202,488,9402,N,81.6666666666667,2,93
10067,50,2.030202,488,9352,N,83.3333333333333,2,93
10846,51,2.2881375,550,10067,N,85,2,93
10379,52,2.50031025,601,10846,N,86.6666666666667,2,93
9818,53,2.1882915,526,10379,N,88.3333333333333,2,93
10867,54,2.26733625,545,9818,N,90,2,93
10932,55,2.63343825,633,10867,N,91.6666666666667,2,93
11471,56,1.16070975,279,10932,Y,93.3333333333333,3,93
11301,57,1.3562415,326,11471,N,95,3,93
11946,58,1.314639,316,11301,N,96.6666666666667,3,93
2083,0,1.32711975,319,NA,N,0,0,94
2060,1,1.38536325,333,2083,N,1.66666666666667,0,94
2054,2,1.364562,328,2060,N,3.33333333333333,0,94
2071,3,1.414485,340,2054,N,5,0,94
2049,4,1.49352975,359,2071,N,6.66666666666667,0,94
2052,5,1.49352975,359,2049,N,8.33333333333333,0,94
2132,6,1.530972,368,2052,N,10,0,94
2047,7,1.597536,384,2132,N,11.6666666666667,0,94
3450,8,1.64329875,395,2047,N,13.3333333333333,0,94
3188,9,1.714023,412,3450,N,15,0,94
3106,10,1.61001675,387,3188,N,16.6666666666667,0,94
3421,11,1.78474725,429,3106,N,18.3333333333333,0,94
3015,12,1.8221895,438,3421,N,20,0,94
3471,13,1.9885995,478,3015,N,21.6666666666667,0,94
3438,14,2.030202,488,3471,N,23.3333333333333,0,94
3439,15,1.747305,420,3438,N,25,0,94
4091,16,2.0884455,502,3439,N,26.6666666666667,0,94
5090,17,1.10246625,265,4091,Y,28.3333333333333,1,94
4108,18,1.14406875,275,5090,N,30,1,94
4128,19,1.14406875,275,4108,N,31.6666666666667,1,94
4514,20,1.18567125,285,4128,N,33.3333333333333,1,94
4152,21,1.27719675,307,4514,N,35,1,94
4188,22,1.18567125,285,4152,N,36.6666666666667,1,94
4254,23,1.231434,296,4188,N,38.3333333333333,1,94
5260,24,1.281357,308,4254,N,40,1,94
5356,25,1.23559425,297,5260,N,41.6666666666667,1,94
5391,26,1.42696575,343,5356,N,43.3333333333333,1,94
5348,27,1.36872225,329,5391,N,45,1,94
5380,28,1.481049,356,5348,N,46.6666666666667,1,94
5245,29,1.4893695,358,5380,N,48.3333333333333,1,94
5329,30,1.56009375,375,5245,N,50,1,94
5457,31,1.70154225,409,5329,N,51.6666666666667,1,94
6724,32,1.76810625,425,5457,N,53.3333333333333,1,94
7443,33,1.813869,436,6724,N,55,1,94
6759,34,1.930356,464,7443,N,56.6666666666667,1,94
6471,35,1.9553175,470,6759,N,58.3333333333333,1,94
6969,36,2.06764425,497,6471,N,60,1,94
7257,37,2.2881375,550,6969,N,61.6666666666667,1,94
6777,38,2.58351525,621,7257,N,63.3333333333333,1,94
6413,39,2.48366925,597,6777,N,65,1,94
7883,40,1.18567125,285,6413,Y,66.6666666666667,2,94
7695,41,1.314639,316,7883,N,68.3333333333333,2,94
8420,42,1.347921,324,7695,N,70,2,94
8674,43,1.281357,308,8420,N,71.6666666666667,2,94
8517,44,1.47688875,355,8674,N,73.3333333333333,2,94
8280,45,1.61001675,387,8517,N,75,2,94
8060,46,1.730664,416,8280,N,76.6666666666667,2,94
9129,47,2.04268275,491,8060,N,78.3333333333333,2,94
9401,48,2.17581075,523,9129,N,80,2,94
9353,49,2.36718225,569,9401,N,81.6666666666667,2,94
10068,50,2.33390025,561,9353,N,83.3333333333333,2,94
10850,51,2.3713425,570,10068,N,85,2,94
10382,52,2.429586,584,10850,N,86.6666666666667,2,94
9817,53,1.07750475,259,10382,Y,88.3333333333333,3,94
10864,54,1.081665,260,9817,N,90,3,94
10930,55,1.25223525,301,10864,N,91.6666666666667,3,94
11467,56,1.31879925,317,10930,N,93.3333333333333,3,94
11296,57,1.31879925,317,11467,N,95,3,94
11944,58,1.27719675,307,11296,N,96.6666666666667,3,94
2083,0,1.32711975,319,NA,N,0,0,95
2060,1,1.38536325,333,2083,N,1.66666666666667,0,95
2054,2,1.364562,328,2060,N,3.33333333333333,0,95
2071,3,1.414485,340,2054,N,5,0,95
2049,4,1.49352975,359,2071,N,6.66666666666667,0,95
2052,5,1.49352975,359,2049,N,8.33333333333333,0,95
2132,6,1.530972,368,2052,N,10,0,95
2047,7,1.597536,384,2132,N,11.6666666666667,0,95
3450,8,1.64329875,395,2047,N,13.3333333333333,0,95
3188,9,1.714023,412,3450,N,15,0,95
3106,10,1.61001675,387,3188,N,16.6666666666667,0,95
3421,11,1.78474725,429,3106,N,18.3333333333333,0,95
3015,12,1.8221895,438,3421,N,20,0,95
3471,13,1.9885995,478,3015,N,21.6666666666667,0,95
3438,14,2.030202,488,3471,N,23.3333333333333,0,95
3439,15,1.747305,420,3438,N,25,0,95
4091,16,2.0884455,502,3439,N,26.6666666666667,0,95
5090,17,1.10246625,265,4091,Y,28.3333333333333,1,95
4108,18,1.14406875,275,5090,N,30,1,95
4128,19,1.14406875,275,4108,N,31.6666666666667,1,95
4514,20,1.18567125,285,4128,N,33.3333333333333,1,95
4152,21,1.27719675,307,4514,N,35,1,95
4188,22,1.18567125,285,4152,N,36.6666666666667,1,95
4254,23,1.231434,296,4188,N,38.3333333333333,1,95
5260,24,1.281357,308,4254,N,40,1,95
5356,25,1.23559425,297,5260,N,41.6666666666667,1,95
5391,26,1.42696575,343,5356,N,43.3333333333333,1,95
5348,27,1.36872225,329,5391,N,45,1,95
5380,28,1.481049,356,5348,N,46.6666666666667,1,95
5245,29,1.4893695,358,5380,N,48.3333333333333,1,95
5329,30,1.56009375,375,5245,N,50,1,95
5457,31,1.70154225,409,5329,N,51.6666666666667,1,95
6724,32,1.76810625,425,5457,N,53.3333333333333,1,95
7443,33,1.813869,436,6724,N,55,1,95
6759,34,1.930356,464,7443,N,56.6666666666667,1,95
6471,35,1.9553175,470,6759,N,58.3333333333333,1,95
6969,36,2.06764425,497,6471,N,60,1,95
7257,37,2.2881375,550,6969,N,61.6666666666667,1,95
6777,38,2.58351525,621,7257,N,63.3333333333333,1,95
6413,39,2.48366925,597,6777,N,65,1,95
7883,40,1.18567125,285,6413,Y,66.6666666666667,2,95
7695,41,1.314639,316,7883,N,68.3333333333333,2,95
8420,42,1.347921,324,7695,N,70,2,95
8674,43,1.281357,308,8420,N,71.6666666666667,2,95
8517,44,1.47688875,355,8674,N,73.3333333333333,2,95
8280,45,1.61001675,387,8517,N,75,2,95
8060,46,1.730664,416,8280,N,76.6666666666667,2,95
9129,47,2.04268275,491,8060,N,78.3333333333333,2,95
9401,48,2.17581075,523,9129,N,80,2,95
9353,49,2.36718225,569,9401,N,81.6666666666667,2,95
10068,50,2.33390025,561,9353,N,83.3333333333333,2,95
10850,51,2.3713425,570,10068,N,85,2,95
10382,52,2.429586,584,10850,N,86.6666666666667,2,95
9819,53,1.248075,300,10382,Y,88.3333333333333,3,95
10870,54,1.26055575,303,9819,N,90,3,95
10933,55,1.31879925,317,10870,N,91.6666666666667,3,95
11475,56,1.31879925,317,10933,N,93.3333333333333,3,95
11298,57,1.3562415,326,11475,N,95,3,95
11947,58,1.5226515,366,11298,N,96.6666666666667,3,95
13113,59,1.51849125,365,11947,N,98.3333333333333,3,95
12524,60,1.6641,400,13113,N,100,3,95
13416,61,1.71818325,413,12524,N,101.666666666667,3,95
13963,62,1.90123425,457,13416,N,103.333333333333,3,95
13754,63,1.9553175,470,13963,N,105,3,95
12126,65,0.61987725,149,13754,Y,108.333333333333,4,95
2090,0,1.297998,312,NA,N,0,0,96
2069,1,1.3396005,322,2090,N,1.66666666666667,0,96
2063,2,1.29383775,311,2069,N,3.33333333333333,0,96
2079,3,1.3728825,330,2063,N,5,0,96
2057,4,1.36872225,329,2079,N,6.66666666666667,0,96
2059,5,1.4893695,358,2057,N,8.33333333333333,0,96
2136,6,1.530972,368,2059,N,10,0,96
2056,7,1.5892155,382,2136,N,11.6666666666667,0,96
3451,8,1.6391385,394,2056,N,13.3333333333333,0,96
3191,9,1.6724205,402,3451,N,15,0,96
3108,10,1.61833725,389,3191,N,16.6666666666667,0,96
3422,11,1.66826025,401,3108,N,18.3333333333333,0,96
3016,12,1.73482425,417,3422,N,20,0,96
3472,13,1.7889075,430,3016,N,21.6666666666667,0,96
3440,14,1.8554715,446,3472,N,23.3333333333333,0,96
3485,15,1.85131125,445,3440,N,25,0,96
4093,16,1.8887535,454,3485,N,26.6666666666667,0,96
5091,17,1.97611875,475,4093,N,28.3333333333333,0,96
4112,18,1.95947775,471,5091,N,30,0,96
4232,19,2.1050865,506,4112,N,31.6666666666667,0,96
4528,20,2.13420825,513,4232,N,33.3333333333333,0,96
4154,21,2.08428525,501,4528,N,35,0,96
4190,22,2.1716505,522,4154,N,36.6666666666667,0,96
4256,23,2.19245175,527,4190,N,38.3333333333333,0,96
5264,24,2.32974,560,4256,N,40,0,96
5366,25,2.15084925,517,5264,N,41.6666666666667,0,96
5411,26,2.07596475,499,5366,N,43.3333333333333,0,96
5350,27,1.96779825,473,5411,N,45,0,96
5389,28,2.02604175,487,5350,N,46.6666666666667,0,96
5246,29,2.37550275,571,5389,N,48.3333333333333,0,96
5330,30,2.45038725,589,5246,N,50,0,96
5463,31,2.5211115,606,5330,N,51.6666666666667,0,96
6725,32,2.48366925,597,5463,N,53.3333333333333,0,96
7447,33,1.3229595,318,6725,Y,55,1,96
6761,34,0.98597925,237,7447,N,56.6666666666667,1,96
6473,35,1.54345275,371,6761,N,58.3333333333333,1,96
6972,36,1.36872225,329,6473,N,60,1,96
7259,37,1.51849125,365,6972,N,61.6666666666667,1,96
6780,38,1.4727285,354,7259,N,63.3333333333333,1,96
6414,39,1.57673475,379,6780,N,65,1,96
2090,0,1.297998,312,NA,N,0,0,97
2069,1,1.3396005,322,2090,N,1.66666666666667,0,97
2063,2,1.29383775,311,2069,N,3.33333333333333,0,97
2079,3,1.3728825,330,2063,N,5,0,97
2057,4,1.36872225,329,2079,N,6.66666666666667,0,97
2059,5,1.4893695,358,2057,N,8.33333333333333,0,97
2136,6,1.530972,368,2059,N,10,0,97
2056,7,1.5892155,382,2136,N,11.6666666666667,0,97
3451,8,1.6391385,394,2056,N,13.3333333333333,0,97
3191,9,1.6724205,402,3451,N,15,0,97
3108,10,1.61833725,389,3191,N,16.6666666666667,0,97
3422,11,1.66826025,401,3108,N,18.3333333333333,0,97
3016,12,1.73482425,417,3422,N,20,0,97
3472,13,1.7889075,430,3016,N,21.6666666666667,0,97
3440,14,1.8554715,446,3472,N,23.3333333333333,0,97
3485,15,1.85131125,445,3440,N,25,0,97
4093,16,1.8887535,454,3485,N,26.6666666666667,0,97
5091,17,1.97611875,475,4093,N,28.3333333333333,0,97
4112,18,1.95947775,471,5091,N,30,0,97
4232,19,2.1050865,506,4112,N,31.6666666666667,0,97
4528,20,2.13420825,513,4232,N,33.3333333333333,0,97
4154,21,2.08428525,501,4528,N,35,0,97
4190,22,2.1716505,522,4154,N,36.6666666666667,0,97
4256,23,2.19245175,527,4190,N,38.3333333333333,0,97
5264,24,2.32974,560,4256,N,40,0,97
5366,25,2.15084925,517,5264,N,41.6666666666667,0,97
5411,26,2.07596475,499,5366,N,43.3333333333333,0,97
5350,27,1.96779825,473,5411,N,45,0,97
5389,28,2.02604175,487,5350,N,46.6666666666667,0,97
5246,29,2.37550275,571,5389,N,48.3333333333333,0,97
5330,30,2.45038725,589,5246,N,50,0,97
5463,31,2.5211115,606,5330,N,51.6666666666667,0,97
6725,32,2.48366925,597,5463,N,53.3333333333333,0,97
7449,33,1.2896775,310,6725,Y,55,1,97
6764,34,1.397844,336,7449,N,56.6666666666667,1,97
6475,35,1.248075,300,6764,N,58.3333333333333,1,97
6975,36,1.4394465,346,6475,N,60,1,97
7260,37,1.198152,288,6975,N,61.6666666666667,1,97
6415,39,1.447767,348,7260,N,65,1,97
7885,40,1.61001675,387,6415,N,66.6666666666667,1,97
7696,41,1.7057025,410,7885,N,68.3333333333333,1,97
8421,42,1.65161925,397,7696,N,70,1,97
8676,43,1.7889075,430,8421,N,71.6666666666667,1,97
8521,44,1.81802925,437,8676,N,73.3333333333333,1,97
8282,45,1.8554715,446,8521,N,75,1,97
8061,46,2.0052405,482,8282,N,76.6666666666667,1,97
9131,47,2.05100325,493,8061,N,78.3333333333333,1,97
9404,48,2.10092625,505,9131,N,80,1,97
9354,49,2.32974,560,9404,N,81.6666666666667,1,97
10069,50,2.24237475,539,9354,N,83.3333333333333,1,97
10526,51,1.23559425,297,10069,Y,85,2,97
10181,52,1.16903025,281,10526,N,86.6666666666667,2,97
9821,53,1.21895325,293,10181,N,88.3333333333333,2,97
10423,54,1.5392925,370,9821,N,90,2,97
10580,55,1.530972,368,10423,N,91.6666666666667,2,97
11100,56,1.630818,392,10580,N,93.3333333333333,2,97
11028,57,1.63497825,393,11100,N,95,2,97
2863,0,1.7889075,430,NA,N,0,0,98
2804,1,1.90123425,457,2863,N,1.66666666666667,0,98
2939,2,0.98597925,237,2804,Y,3.33333333333333,1,98
2908,3,0.85285125,205,2939,N,5,1,98
2836,4,0.9734985,234,2908,N,6.66666666666667,1,98
2693,5,0.9402165,226,2836,N,8.33333333333333,1,98
2999,6,0.8902935,214,2693,N,10,1,98
2775,7,0.91941525,221,2999,N,11.6666666666667,1,98
3765,8,1.0733445,258,2775,N,13.3333333333333,1,98
3402,9,0.931896,224,3765,N,15,1,98
3352,10,1.1731905,282,3402,N,16.6666666666667,1,98
4070,11,1.19399175,287,3352,N,18.3333333333333,1,98
3192,12,1.11910725,269,4070,N,20,1,98
3894,13,1.04422275,251,3192,N,21.6666666666667,1,98
4006,14,1.06918425,257,3894,N,23.3333333333333,1,98
3913,15,1.16070975,279,4006,N,25,1,98
4804,16,1.2231135,294,3913,N,26.6666666666667,1,98
5224,17,1.4061645,338,4804,N,28.3333333333333,1,98
4964,18,1.3562415,326,5224,N,30,1,98
4942,19,1.3895235,334,4964,N,31.6666666666667,1,98
5070,20,1.4061645,338,4942,N,33.3333333333333,1,98
4852,21,1.431126,344,5070,N,35,1,98
4885,22,1.7057025,410,4852,N,36.6666666666667,1,98
4853,23,1.78474725,429,4885,N,38.3333333333333,1,98
6087,24,1.67658075,403,4853,N,40,1,98
6041,25,2.1217275,510,6087,N,41.6666666666667,1,98
6008,26,2.10092625,505,6041,N,43.3333333333333,1,98
6191,27,2.09260575,503,6008,N,45,1,98
6305,28,2.1050865,506,6191,N,46.6666666666667,1,98
5896,29,2.08428525,501,6305,N,48.3333333333333,1,98
6376,30,2.196612,528,5896,N,50,1,98
6339,31,0.83205,200,6376,Y,51.6666666666667,2,98
7068,32,0.99429975,239,6339,N,53.3333333333333,2,98
7656,33,0.9568575,230,7068,N,55,2,98
7523,34,0.94437675,227,7656,N,56.6666666666667,2,98
6697,35,0.99846,240,7523,N,58.3333333333333,2,98
7416,36,1.114947,268,6697,N,60,2,98
7394,37,1.03590225,249,7416,N,61.6666666666667,2,98
7121,38,1.28551725,309,7394,N,63.3333333333333,2,98
6588,39,1.07750475,259,7121,N,65,2,98
8032,40,1.01094075,243,6588,N,66.6666666666667,2,98
7850,41,1.0234215,246,8032,N,68.3333333333333,2,98
8642,42,1.2231135,294,7850,N,70,2,98
8899,43,1.1232675,270,8642,N,71.6666666666667,2,98
9092,44,1.397844,336,8899,N,73.3333333333333,2,98
2608,0,0.981819,236,NA,N,0,0,99
2447,1,1.0400625,250,2608,N,1.66666666666667,0,99
2502,2,1.048383,252,2447,N,3.33333333333333,0,99
2689,3,1.114947,268,2502,N,5,0,99
2484,4,1.16070975,279,2689,N,6.66666666666667,0,99
2443,5,1.1565495,278,2484,N,8.33333333333333,0,99
2949,6,1.24391475,299,2443,N,10,0,99
2534,7,1.3229595,318,2949,N,11.6666666666667,0,99
3639,8,1.3728825,330,2534,N,13.3333333333333,0,99
3332,9,1.35208125,325,3639,N,15,0,99
3255,10,1.43528625,345,3332,N,16.6666666666667,0,99
4016,11,1.564254,376,3255,N,18.3333333333333,0,99
3083,12,1.44360675,347,4016,N,20,0,99
3651,13,1.61833725,389,3083,N,21.6666666666667,0,99
3959,14,1.4394465,346,3651,N,23.3333333333333,0,99
3790,15,1.4727285,354,3959,N,25,0,99
4448,16,1.67658075,403,3790,N,26.6666666666667,0,99
5168,17,1.46856825,353,4448,N,28.3333333333333,0,99
4551,18,1.6724205,402,5168,N,30,0,99
4750,19,1.80138825,433,4551,N,31.6666666666667,0,99
5021,20,1.9053945,458,4750,N,33.3333333333333,0,99
4571,21,1.90123425,457,5021,N,35,0,99
4531,22,1.9386765,466,4571,N,36.6666666666667,0,99
4583,23,1.03590225,249,4531,Y,38.3333333333333,1,99
5665,24,1.0400625,250,4583,N,40,1,99
5760,25,1.16070975,279,5665,N,41.6666666666667,1,99
5783,26,1.2064725,290,5760,N,43.3333333333333,1,99
2868,0,1.6724205,402,NA,N,0,0,100
2810,1,1.514331,364,2868,N,1.66666666666667,0,100
2944,2,1.67658075,403,2810,N,3.33333333333333,0,100
2910,3,1.72650375,415,2944,N,5,0,100
2848,4,1.780587,428,2910,N,6.66666666666667,0,100
2702,5,1.80138825,433,2848,N,8.33333333333333,0,100
3001,6,1.8221895,438,2702,N,10,0,100
2779,7,1.88459325,453,3001,N,11.6666666666667,0,100
3769,8,1.85963175,447,2779,N,13.3333333333333,0,100
3405,9,1.92619575,463,3769,N,15,0,100
3358,10,1.88459325,453,3405,N,16.6666666666667,0,100
4073,11,1.89291375,455,3358,N,18.3333333333333,0,100
3198,12,1.897074,456,4073,N,20,0,100
3900,13,1.87627275,451,3198,N,21.6666666666667,0,100
4008,14,2.0718045,498,3900,N,23.3333333333333,0,100
3920,15,2.17581075,523,4008,N,25,0,100
4816,16,2.146689,516,3920,N,26.6666666666667,0,100
5226,17,2.44206675,587,4816,N,28.3333333333333,0,100
4970,18,2.4379065,586,5226,N,30,0,100
4949,19,2.462868,592,4970,N,31.6666666666667,0,100
5072,20,2.546073,612,4949,N,33.3333333333333,0,100
4869,21,1.098306,264,5072,Y,35,1,100
4894,22,1.16903025,281,4869,N,36.6666666666667,1,100
4864,23,1.24391475,299,4894,N,38.3333333333333,1,100
6097,24,1.46024775,351,4864,N,40,1,100
6051,25,1.547613,372,6097,N,41.6666666666667,1,100
6018,26,1.4893695,358,6051,N,43.3333333333333,1,100
6195,27,1.49352975,359,6018,N,45,1,100
6308,28,1.6557795,398,6195,N,46.6666666666667,1,100
5909,29,1.580895,380,6308,N,48.3333333333333,1,100
6378,30,1.62665775,391,5909,N,50,1,100
6342,31,1.730664,416,6378,N,51.6666666666667,1,100
7075,32,1.7223435,414,6342,N,53.3333333333333,1,100
7659,33,1.78474725,429,7075,N,55,1,100
7529,34,1.96779825,473,7659,N,56.6666666666667,1,100
6700,35,1.96779825,473,7529,N,58.3333333333333,1,100
7420,36,2.080125,500,6700,N,60,1,100
7397,37,2.16749025,521,7420,N,61.6666666666667,1,100
7130,38,2.279817,548,7397,N,63.3333333333333,1,100
6591,39,2.18413125,525,7130,N,65,1,100
8036,40,1.09414575,263,6591,Y,66.6666666666667,2,100
7853,41,1.21063275,291,8036,N,68.3333333333333,2,100
8645,42,1.33128,320,7853,N,70,2,100
8902,43,1.4061645,338,8645,N,71.6666666666667,2,100
9095,44,1.4560875,350,8902,N,73.3333333333333,2,100
9040,45,1.36040175,327,9095,N,75,2,100
8243,46,1.66826025,401,9040,N,76.6666666666667,2,100
2621,0,0.915255,220,NA,N,0,0,101
2537,1,0.881973,212,2621,N,1.66666666666667,0,101
2714,2,0.82788975,199,2537,N,3.33333333333333,0,101
2720,3,0.86949225,209,2714,N,5,0,101
2503,4,0.91109475,219,2720,N,6.66666666666667,0,101
2473,5,0.94437675,227,2503,N,8.33333333333333,0,101
2959,6,0.87781275,211,2473,N,10,0,101
2559,7,0.93605625,225,2959,N,11.6666666666667,0,101
3652,8,1.03590225,249,2559,N,13.3333333333333,0,101
3343,9,0.9901395,238,3652,N,15,0,101
3265,10,1.081665,260,3343,N,16.6666666666667,0,101
4025,11,1.048383,252,3265,N,18.3333333333333,0,101
3090,12,0.98597925,237,4025,N,20,0,101
3666,13,1.03590225,249,3090,N,21.6666666666667,0,101
3964,14,1.01094075,243,3666,N,23.3333333333333,0,101
3795,15,0.981819,236,3964,N,25,0,101
4478,16,0.94437675,227,3795,N,26.6666666666667,0,101
5174,17,1.12742775,271,4478,N,28.3333333333333,0,101
4579,18,1.05254325,253,5174,N,30,0,101
4774,19,1.1066265,266,4579,N,31.6666666666667,0,101
5025,20,1.04422275,251,4774,N,33.3333333333333,0,101
4600,21,1.16903025,281,5025,N,35,0,101
4568,22,1.1066265,266,4600,N,36.6666666666667,0,101
4617,23,1.31047875,315,4568,N,38.3333333333333,0,101
5700,24,1.181511,284,4617,N,40,0,101
5803,25,1.25223525,301,5700,N,41.6666666666667,0,101
5816,26,1.181511,284,5803,N,43.3333333333333,0,101
6085,27,1.17735075,283,5816,N,45,0,101
6241,28,1.29383775,311,6085,N,46.6666666666667,0,101
5661,29,1.22727375,295,6241,N,48.3333333333333,0,101
6070,30,1.41864525,341,5661,N,50,0,101
6253,31,1.25223525,301,6070,N,51.6666666666667,0,101
6937,32,1.38536325,333,6253,N,53.3333333333333,0,101
7601,33,1.29383775,311,6937,N,55,0,101
7264,34,1.36872225,329,7601,N,56.6666666666667,0,101
6652,35,1.19399175,287,7264,N,58.3333333333333,0,101
7198,36,1.314639,316,6652,N,60,0,101
7349,37,1.55177325,373,7198,N,61.6666666666667,0,101
6988,38,1.580895,380,7349,N,63.3333333333333,0,101
6544,39,1.5559335,374,6988,N,65,0,101
7984,40,1.48520925,357,6544,N,66.6666666666667,0,101
7796,41,1.55177325,373,7984,N,68.3333333333333,0,101
8585,42,1.59337575,383,7796,N,70,0,101
8817,43,1.6557795,398,8585,N,71.6666666666667,0,101
8982,44,1.64329875,395,8817,N,73.3333333333333,0,101
8418,45,1.66826025,401,8982,N,75,0,101
8173,46,1.69322175,407,8418,N,76.6666666666667,0,101
9249,47,1.763946,424,8173,N,78.3333333333333,0,101
9531,48,1.74314475,419,9249,N,80,0,101
9714,49,1.714023,412,9531,N,81.6666666666667,0,101
10218,50,1.81802925,437,9714,N,83.3333333333333,0,101
11515,51,1.863792,448,10218,N,85,0,101
10542,52,2.080125,500,11515,N,86.6666666666667,0,101
9947,53,2.229894,536,10542,N,88.3333333333333,0,101
11029,54,2.313099,556,9947,N,90,0,101
11404,55,2.4878295,598,11029,N,91.6666666666667,0,101
11721,56,2.2881375,550,11404,N,93.3333333333333,0,101
11682,57,2.76656625,665,11721,N,95,0,101
12030,58,2.60015625,625,11682,N,96.6666666666667,0,101
13207,59,1.2064725,290,12030,Y,98.3333333333333,1,101
12649,60,1.16487,280,13207,N,100,1,101
13514,61,1.4394465,346,12649,N,101.666666666667,1,101
14299,62,1.58505525,381,13514,N,103.333333333333,1,101
14123,63,1.863792,448,14299,N,105,1,101
13000,64,1.92619575,463,14123,N,106.666666666667,1,101
12346,65,1.97611875,475,13000,N,108.333333333333,1,101
14449,66,1.6391385,394,12346,N,110,1,101
14787,67,1.3396005,322,14449,N,111.666666666667,1,101
15833,68,0.782127,188,14787,Y,113.333333333333,2,101
15528,69,0.865332,208,15833,N,115,2,101
15648,70,0.965178,232,15528,N,116.666666666667,2,101
2883,0,1.02758175,247,NA,N,0,0,102
2832,1,1.02758175,247,2883,N,1.66666666666667,0,102
2950,2,1.0400625,250,2832,N,3.33333333333333,0,102
2913,3,1.11078675,267,2950,N,5,0,102
2866,4,1.081665,260,2913,N,6.66666666666667,0,102
2733,5,1.1898315,286,2866,N,8.33333333333333,0,102
3004,6,1.22727375,295,2733,N,10,0,102
2793,7,1.21895325,293,3004,N,11.6666666666667,0,102
3776,8,1.32711975,319,2793,N,13.3333333333333,0,102
3408,9,1.2064725,290,3776,N,15,0,102
3362,10,1.36040175,327,3408,N,16.6666666666667,0,102
4076,11,1.42696575,343,3362,N,18.3333333333333,0,102
3207,12,1.314639,316,4076,N,20,0,102
3911,13,1.381203,332,3207,N,21.6666666666667,0,102
4013,14,1.46024775,351,3911,N,23.3333333333333,0,102
3926,15,1.431126,344,4013,N,25,0,102
4833,16,1.6641,400,3926,N,26.6666666666667,0,102
5229,17,1.547613,372,4833,N,28.3333333333333,0,102
4981,18,1.697382,408,5229,N,30,0,102
4959,19,1.61001675,387,4981,N,31.6666666666667,0,102
5076,20,1.7389845,418,4959,N,33.3333333333333,0,102
4895,21,1.86795225,449,5076,N,35,0,102
4915,22,1.92619575,463,4895,N,36.6666666666667,0,102
4892,23,2.04268275,491,4915,N,38.3333333333333,0,102
6118,24,1.0400625,250,4892,Y,40,1,102
6078,25,1.0400625,250,6118,N,41.6666666666667,1,102
6035,26,1.06086375,255,6078,N,43.3333333333333,1,102
6202,27,1.098306,264,6035,N,45,1,102
6316,28,1.21895325,293,6202,N,46.6666666666667,1,102
5928,29,1.36872225,329,6316,N,48.3333333333333,1,102
6382,30,1.46024775,351,5928,N,50,1,102
6345,31,1.51017075,363,6382,N,51.6666666666667,1,102
7084,32,1.364562,328,6345,N,53.3333333333333,1,102
7664,33,1.414485,340,7084,N,55,1,102
7536,34,1.514331,364,7664,N,56.6666666666667,1,102
2883,0,1.02758175,247,NA,N,0,0,103
2832,1,1.02758175,247,2883,N,1.66666666666667,0,103
2950,2,1.0400625,250,2832,N,3.33333333333333,0,103
2913,3,1.11078675,267,2950,N,5,0,103
2866,4,1.081665,260,2913,N,6.66666666666667,0,103
2733,5,1.1898315,286,2866,N,8.33333333333333,0,103
3004,6,1.22727375,295,2733,N,10,0,103
2793,7,1.21895325,293,3004,N,11.6666666666667,0,103
3776,8,1.32711975,319,2793,N,13.3333333333333,0,103
3408,9,1.2064725,290,3776,N,15,0,103
3362,10,1.36040175,327,3408,N,16.6666666666667,0,103
4076,11,1.42696575,343,3362,N,18.3333333333333,0,103
3207,12,1.314639,316,4076,N,20,0,103
3911,13,1.381203,332,3207,N,21.6666666666667,0,103
4013,14,1.46024775,351,3911,N,23.3333333333333,0,103
3926,15,1.431126,344,4013,N,25,0,103
4833,16,1.6641,400,3926,N,26.6666666666667,0,103
5229,17,1.547613,372,4833,N,28.3333333333333,0,103
4981,18,1.697382,408,5229,N,30,0,103
4959,19,1.61001675,387,4981,N,31.6666666666667,0,103
5076,20,1.7389845,418,4959,N,33.3333333333333,0,103
4895,21,1.86795225,449,5076,N,35,0,103
4915,22,1.92619575,463,4895,N,36.6666666666667,0,103
4892,23,2.04268275,491,4915,N,38.3333333333333,0,103
6120,24,1.181511,284,4892,Y,40,1,103
6073,25,1.264716,304,6120,N,41.6666666666667,1,103
6029,26,1.35208125,325,6073,N,43.3333333333333,1,103
6200,27,1.42696575,343,6029,N,45,1,103
6314,28,1.40200425,337,6200,N,46.6666666666667,1,103
5925,29,1.49769,360,6314,N,48.3333333333333,1,103
6381,30,1.55177325,373,5925,N,50,1,103
6344,31,1.597536,384,6381,N,51.6666666666667,1,103
7082,32,1.67658075,403,6344,N,53.3333333333333,1,103
7663,33,1.61833725,389,7082,N,55,1,103
7535,34,1.76810625,425,7663,N,56.6666666666667,1,103
6702,35,2.00108025,481,7535,N,58.3333333333333,1,103
7422,36,2.1550095,518,6702,N,60,1,103
7398,37,2.6209575,630,7422,N,61.6666666666667,1,103
7137,38,2.32557975,559,7398,N,63.3333333333333,1,103
6593,39,2.66672025,641,7137,N,65,1,103
8039,40,2.6375985,634,6593,N,66.6666666666667,1,103
7856,41,1.26887625,305,8039,Y,68.3333333333333,2,103
8647,42,1.33544025,321,7856,N,70,2,103
8905,43,1.26055575,303,8647,N,71.6666666666667,2,103
9098,44,1.35208125,325,8905,N,73.3333333333333,2,103
9043,45,1.3396005,322,9098,N,75,2,103
8247,46,1.447767,348,9043,N,76.6666666666667,2,103
9324,47,1.49352975,359,8247,N,78.3333333333333,2,103
9610,48,1.49769,360,9324,N,80,2,103
9787,49,1.730664,416,9610,N,81.6666666666667,2,103
10372,50,1.92619575,463,9787,N,83.3333333333333,2,103
11680,51,2.1217275,510,10372,N,85,2,103
10734,52,2.43374625,585,11680,N,86.6666666666667,2,103
10036,53,1.01094075,243,10734,Y,88.3333333333333,3,103
11158,54,1.0899855,262,10036,N,90,3,103
11580,55,1.3063185,314,11158,N,91.6666666666667,3,103
11801,56,1.40200425,337,11580,N,93.3333333333333,3,103
11818,57,1.41864525,341,11801,N,95,3,103
12073,58,1.37704275,331,11818,N,96.6666666666667,3,103
13255,59,1.38536325,333,12073,N,98.3333333333333,3,103
13570,61,1.64329875,395,13255,N,101.666666666667,3,103
14496,62,1.75146525,421,13570,N,103.333333333333,3,103
14268,63,1.9220355,462,14496,N,105,3,103
13096,64,2.20909275,531,14268,N,106.666666666667,3,103
12392,65,2.30893875,555,13096,N,108.333333333333,3,103
14531,66,2.1550095,518,12392,N,110,3,103
14845,67,1.0567035,254,14531,Y,111.666666666667,4,103
15900,68,1.3562415,326,14845,N,113.333333333333,4,103
15721,69,1.33544025,321,15900,N,115,4,103
15820,70,1.61833725,389,15721,N,116.666666666667,4,103
2883,0,1.02758175,247,NA,N,0,0,104
2832,1,1.02758175,247,2883,N,1.66666666666667,0,104
2950,2,1.0400625,250,2832,N,3.33333333333333,0,104
2913,3,1.11078675,267,2950,N,5,0,104
2866,4,1.081665,260,2913,N,6.66666666666667,0,104
2733,5,1.1898315,286,2866,N,8.33333333333333,0,104
3004,6,1.22727375,295,2733,N,10,0,104
2793,7,1.21895325,293,3004,N,11.6666666666667,0,104
3776,8,1.32711975,319,2793,N,13.3333333333333,0,104
3408,9,1.2064725,290,3776,N,15,0,104
3362,10,1.36040175,327,3408,N,16.6666666666667,0,104
4076,11,1.42696575,343,3362,N,18.3333333333333,0,104
3207,12,1.314639,316,4076,N,20,0,104
3911,13,1.381203,332,3207,N,21.6666666666667,0,104
4013,14,1.46024775,351,3911,N,23.3333333333333,0,104
3926,15,1.431126,344,4013,N,25,0,104
4833,16,1.6641,400,3926,N,26.6666666666667,0,104
5229,17,1.547613,372,4833,N,28.3333333333333,0,104
4981,18,1.697382,408,5229,N,30,0,104
4959,19,1.61001675,387,4981,N,31.6666666666667,0,104
5076,20,1.7389845,418,4959,N,33.3333333333333,0,104
4895,21,1.86795225,449,5076,N,35,0,104
4915,22,1.92619575,463,4895,N,36.6666666666667,0,104
4892,23,2.04268275,491,4915,N,38.3333333333333,0,104
6120,24,1.181511,284,4892,Y,40,1,104
6073,25,1.264716,304,6120,N,41.6666666666667,1,104
6029,26,1.35208125,325,6073,N,43.3333333333333,1,104
6200,27,1.42696575,343,6029,N,45,1,104
6314,28,1.40200425,337,6200,N,46.6666666666667,1,104
5925,29,1.49769,360,6314,N,48.3333333333333,1,104
6381,30,1.55177325,373,5925,N,50,1,104
6344,31,1.597536,384,6381,N,51.6666666666667,1,104
7082,32,1.67658075,403,6344,N,53.3333333333333,1,104
7663,33,1.61833725,389,7082,N,55,1,104
7535,34,1.76810625,425,7663,N,56.6666666666667,1,104
6702,35,2.00108025,481,7535,N,58.3333333333333,1,104
7422,36,2.1550095,518,6702,N,60,1,104
7398,37,2.6209575,630,7422,N,61.6666666666667,1,104
7137,38,2.32557975,559,7398,N,63.3333333333333,1,104
6593,39,2.66672025,641,7137,N,65,1,104
8039,40,2.6375985,634,6593,N,66.6666666666667,1,104
7857,41,1.39368375,335,8039,Y,68.3333333333333,2,104
8648,42,1.43528625,345,7857,N,70,2,104
8906,43,1.4228055,342,8648,N,71.6666666666667,2,104
9099,44,1.52681175,367,8906,N,73.3333333333333,2,104
9045,45,1.5226515,366,9099,N,75,2,104
8246,46,1.747305,420,9045,N,76.6666666666667,2,104
9323,47,1.863792,448,8246,N,78.3333333333333,2,104
9611,48,1.7722665,426,9323,N,80,2,104
9788,49,2.0551635,494,9611,N,81.6666666666667,2,104
10374,50,2.17581075,523,9788,N,83.3333333333333,2,104
11683,51,1.098306,264,10374,Y,85,3,104
10736,52,1.098306,264,11683,N,86.6666666666667,3,104
10038,53,1.09414575,263,10736,N,88.3333333333333,3,104
10481,54,1.09414575,263,10038,N,90,3,104
10701,55,1.065024,256,10481,N,91.6666666666667,3,104
11195,56,1.2231135,294,10701,N,93.3333333333333,3,104
11089,57,1.23559425,297,11195,N,95,3,104
11859,58,1.31879925,317,11089,N,96.6666666666667,3,104
12932,59,1.46024775,351,11859,N,98.3333333333333,3,104
12431,60,1.62665775,391,12932,N,100,3,104
13302,61,1.7389845,418,12431,N,101.666666666667,3,104
13618,62,1.9053945,458,13302,N,103.333333333333,3,104
13692,63,1.85131125,445,13618,N,105,3,104
12671,64,0.8070885,194,13692,Y,106.666666666667,4,104
12129,65,0.88613325,213,12671,N,108.333333333333,4,104
14038,66,0.91941525,221,12129,N,110,4,104
14590,67,1.0567035,254,14038,N,111.666666666667,4,104
15290,68,0.90277425,217,14590,N,113.333333333333,4,104
15021,69,0.98597925,237,15290,N,115,4,104
15104,70,1.06918425,257,15021,N,116.666666666667,4,104
2883,0,1.02758175,247,NA,N,0,0,105
2832,1,1.02758175,247,2883,N,1.66666666666667,0,105
2950,2,1.0400625,250,2832,N,3.33333333333333,0,105
2913,3,1.11078675,267,2950,N,5,0,105
2866,4,1.081665,260,2913,N,6.66666666666667,0,105
2733,5,1.1898315,286,2866,N,8.33333333333333,0,105
3004,6,1.22727375,295,2733,N,10,0,105
2793,7,1.21895325,293,3004,N,11.6666666666667,0,105
3776,8,1.32711975,319,2793,N,13.3333333333333,0,105
3408,9,1.2064725,290,3776,N,15,0,105
3362,10,1.36040175,327,3408,N,16.6666666666667,0,105
4076,11,1.42696575,343,3362,N,18.3333333333333,0,105
3207,12,1.314639,316,4076,N,20,0,105
3911,13,1.381203,332,3207,N,21.6666666666667,0,105
4013,14,1.46024775,351,3911,N,23.3333333333333,0,105
3926,15,1.431126,344,4013,N,25,0,105
4833,16,1.6641,400,3926,N,26.6666666666667,0,105
5229,17,1.547613,372,4833,N,28.3333333333333,0,105
4981,18,1.697382,408,5229,N,30,0,105
4959,19,1.61001675,387,4981,N,31.6666666666667,0,105
5076,20,1.7389845,418,4959,N,33.3333333333333,0,105
4895,21,1.86795225,449,5076,N,35,0,105
4915,22,1.92619575,463,4895,N,36.6666666666667,0,105
4892,23,2.04268275,491,4915,N,38.3333333333333,0,105
6120,24,1.181511,284,4892,Y,40,1,105
6073,25,1.264716,304,6120,N,41.6666666666667,1,105
6029,26,1.35208125,325,6073,N,43.3333333333333,1,105
6200,27,1.42696575,343,6029,N,45,1,105
6314,28,1.40200425,337,6200,N,46.6666666666667,1,105
5925,29,1.49769,360,6314,N,48.3333333333333,1,105
6381,30,1.55177325,373,5925,N,50,1,105
6344,31,1.597536,384,6381,N,51.6666666666667,1,105
7082,32,1.67658075,403,6344,N,53.3333333333333,1,105
7663,33,1.61833725,389,7082,N,55,1,105
7535,34,1.76810625,425,7663,N,56.6666666666667,1,105
6702,35,2.00108025,481,7535,N,58.3333333333333,1,105
7422,36,2.1550095,518,6702,N,60,1,105
7398,37,2.6209575,630,7422,N,61.6666666666667,1,105
7137,38,2.32557975,559,7398,N,63.3333333333333,1,105
6593,39,2.66672025,641,7137,N,65,1,105
8039,40,2.6375985,634,6593,N,66.6666666666667,1,105
7857,41,1.39368375,335,8039,Y,68.3333333333333,2,105
8648,42,1.43528625,345,7857,N,70,2,105
8906,43,1.4228055,342,8648,N,71.6666666666667,2,105
9099,44,1.52681175,367,8906,N,73.3333333333333,2,105
9045,45,1.5226515,366,9099,N,75,2,105
8246,46,1.747305,420,9045,N,76.6666666666667,2,105
9323,47,1.863792,448,8246,N,78.3333333333333,2,105
9611,48,1.7722665,426,9323,N,80,2,105
9788,49,2.0551635,494,9611,N,81.6666666666667,2,105
10374,50,2.17581075,523,9788,N,83.3333333333333,2,105
11677,51,0.931896,224,10374,Y,85,3,105
10729,52,1.0400625,250,11677,N,86.6666666666667,3,105
10035,53,0.9734985,234,10729,N,88.3333333333333,3,105
11164,54,1.065024,256,10035,N,90,3,105
11583,55,1.12742775,271,11164,N,91.6666666666667,3,105
11805,56,1.26887625,305,11583,N,93.3333333333333,3,105
11820,57,1.364562,328,11805,N,95,3,105
12075,58,1.49769,360,11820,N,96.6666666666667,3,105
13259,59,1.52681175,367,12075,N,98.3333333333333,3,105
12750,60,1.5226515,366,13259,N,100,3,105
13571,61,1.797228,432,12750,N,101.666666666667,3,105
14499,62,1.7889075,430,13571,N,103.333333333333,3,105
14272,63,1.913715,460,14499,N,105,3,105
13099,64,0.76132575,183,14272,Y,106.666666666667,4,105
12394,65,1.00262025,241,13099,N,108.333333333333,4,105
14533,66,0.9069345,218,12394,N,110,4,105
14847,67,1.098306,264,14533,N,111.666666666667,4,105
15902,68,1.1731905,282,14847,N,113.333333333333,4,105
15729,69,1.11078675,267,15902,N,115,4,105
15822,70,1.3396005,322,15729,N,116.666666666667,4,105
2118,0,1.6557795,398,NA,N,0,0,106
2290,1,1.01926125,245,2118,Y,1.66666666666667,1,106
2269,2,0.898614,216,2290,N,3.33333333333333,1,106
2514,3,1.0067805,242,2269,N,5,1,106
2250,4,1.048383,252,2514,N,6.66666666666667,1,106
2287,5,1.015101,244,2250,N,8.33333333333333,1,106
2630,6,1.0234215,246,2287,N,10,1,106
2320,7,1.03590225,249,2630,N,11.6666666666667,1,106
3550,8,1.131588,272,2320,N,13.3333333333333,1,106
3272,9,1.11078675,267,3550,N,15,1,106
3178,10,1.114947,268,3272,N,16.6666666666667,1,106
3656,11,1.11078675,267,3178,N,18.3333333333333,1,106
3053,12,1.16903025,281,3656,N,20,1,106
3566,13,1.181511,284,3053,N,21.6666666666667,1,106
3915,14,1.1399085,274,3566,N,23.3333333333333,1,106
3729,15,1.081665,260,3915,N,25,1,106
4183,16,1.0067805,242,3729,N,26.6666666666667,1,106
5128,17,1.07750475,259,4183,N,28.3333333333333,1,106
4301,18,1.0400625,250,5128,N,30,1,106
4519,19,1.0733445,258,4301,N,31.6666666666667,1,106
4966,20,1.01094075,243,4519,N,33.3333333333333,1,106
4346,21,1.0400625,250,4966,N,35,1,106
4288,22,1.114947,268,4346,N,36.6666666666667,1,106
4345,23,1.1731905,282,4288,N,38.3333333333333,1,106
5471,24,1.10246625,265,4345,N,40,1,106
5549,25,1.1565495,278,5471,N,41.6666666666667,1,106
5581,26,1.1731905,282,5549,N,43.3333333333333,1,106
5824,27,1.28551725,309,5581,N,45,1,106
6179,28,1.1898315,286,5824,N,46.6666666666667,1,106
5465,29,1.21063275,291,6179,N,48.3333333333333,1,106
5788,30,1.1565495,278,5465,N,50,1,106
5675,31,1.18567125,285,5788,N,51.6666666666667,1,106
6823,32,1.214793,292,5675,N,53.3333333333333,1,106
7554,33,1.27719675,307,6823,N,55,1,106
7020,34,1.198152,288,7554,N,56.6666666666667,1,106
6611,35,1.31879925,317,7020,N,58.3333333333333,1,106
7105,36,1.2563955,302,6611,N,60,1,106
7305,37,1.214793,292,7105,N,61.6666666666667,1,106
6887,38,1.065024,256,7305,N,63.3333333333333,1,106
6467,39,1.231434,296,6887,N,65,1,106
7940,40,1.297998,312,6467,N,66.6666666666667,1,106
7750,41,1.19399175,287,7940,N,68.3333333333333,1,106
8539,42,1.15238925,277,7750,N,70,1,106
8734,43,1.231434,296,8539,N,71.6666666666667,1,106
8933,44,1.21895325,293,8734,N,73.3333333333333,1,106
2118,0,1.6557795,398,NA,N,0,0,107
2758,1,0.815409,196,2118,Y,1.66666666666667,1,107
2916,2,0.85285125,205,2758,N,3.33333333333333,1,107
2899,3,0.89445375,215,2916,N,5,1,107
2790,4,0.898614,216,2899,N,6.66666666666667,1,107
2661,5,0.9402165,226,2790,N,8.33333333333333,1,107
2991,6,0.8570115,206,2661,N,10,1,107
2730,7,0.83621025,201,2991,N,11.6666666666667,1,107
3747,8,0.915255,220,2730,N,13.3333333333333,1,107
3394,9,0.9235755,222,3747,N,15,1,107
3336,10,0.98597925,237,3394,N,16.6666666666667,1,107
4062,11,1.04422275,251,3336,N,18.3333333333333,1,107
3167,12,1.081665,260,4062,N,20,1,107
3873,13,1.015101,244,3167,N,21.6666666666667,1,107
3998,14,0.99429975,239,3873,N,23.3333333333333,1,107
3888,15,1.181511,284,3998,N,25,1,107
4751,16,1.14406875,275,3888,N,26.6666666666667,1,107
5213,17,0.9901395,238,4751,N,28.3333333333333,1,107
4884,18,1.1399085,274,5213,N,30,1,107
4929,19,1.11910725,269,4884,N,31.6666666666667,1,107
5059,20,1.06086375,255,4929,N,33.3333333333333,1,107
4794,21,1.11078675,267,5059,N,35,1,107
4819,22,1.10246625,265,4794,N,36.6666666666667,1,107
4806,23,1.131588,272,4819,N,38.3333333333333,1,107
6037,24,1.26887625,305,4806,N,40,1,107
5986,25,1.181511,284,6037,N,41.6666666666667,1,107
5971,26,1.364562,328,5986,N,43.3333333333333,1,107
6174,27,1.3728825,330,5971,N,45,1,107
6289,28,1.15238925,277,6174,N,46.6666666666667,1,107
5841,29,1.26055575,303,6289,N,48.3333333333333,1,107
6365,30,1.26055575,303,5841,N,50,1,107
6322,31,1.314639,316,6365,N,51.6666666666667,1,107
7042,32,1.45192725,349,6322,N,53.3333333333333,1,107
7643,33,1.41032475,339,7042,N,55,1,107
7504,34,1.48520925,357,7643,N,56.6666666666667,1,107
6686,35,1.697382,408,7504,N,58.3333333333333,1,107
7254,36,1.8221895,438,6686,N,60,1,107
7383,37,1.9220355,462,7254,N,61.6666666666667,1,107
7090,38,1.83051,440,7383,N,63.3333333333333,1,107
6577,39,2.30061825,553,7090,N,65,1,107
8020,40,2.2881375,550,6577,N,66.6666666666667,1,107
7836,41,2.313099,556,8020,N,68.3333333333333,1,107
8628,42,1.21895325,293,7836,Y,70,2,107
8883,43,1.26055575,303,8628,N,71.6666666666667,2,107
9075,44,1.397844,336,8883,N,73.3333333333333,2,107
9011,45,1.45192725,349,9075,N,75,2,107
8226,46,1.35208125,325,9011,N,76.6666666666667,2,107
9301,47,1.3895235,334,8226,N,78.3333333333333,2,107
9586,48,1.5725745,378,9301,N,80,2,107
9761,49,1.397844,336,9586,N,81.6666666666667,2,107
10324,50,1.4394465,346,9761,N,83.3333333333333,2,107
2890,0,0.96101775,231,NA,N,0,0,108
2840,1,1.14406875,275,2890,N,1.66666666666667,0,108
2953,2,1.1232675,270,2840,N,3.33333333333333,0,108
2927,3,1.28551725,309,2953,N,5,0,108
2871,4,1.2231135,294,2927,N,6.66666666666667,0,108
2745,5,1.31879925,317,2871,N,8.33333333333333,0,108
3006,6,1.32711975,319,2745,N,10,0,108
2805,7,1.45192725,349,3006,N,11.6666666666667,0,108
3779,8,1.4893695,358,2805,N,13.3333333333333,0,108
3410,9,1.4727285,354,3779,N,15,0,108
3366,10,1.5226515,366,3410,N,16.6666666666667,0,108
4077,11,1.53513225,369,3366,N,18.3333333333333,0,108
3211,12,1.55177325,373,4077,N,20,0,108
3919,13,1.58505525,381,3211,N,21.6666666666667,0,108
4019,14,1.5559335,374,3919,N,23.3333333333333,0,108
3934,15,1.59337575,383,4019,N,25,0,108
4851,16,1.66826025,401,3934,N,26.6666666666667,0,108
5231,17,1.6557795,398,4851,N,28.3333333333333,0,108
4989,18,1.680741,404,5231,N,30,0,108
4971,19,1.78474725,429,4989,N,31.6666666666667,0,108
5080,20,1.80138825,433,4971,N,33.3333333333333,0,108
4907,21,1.797228,432,5080,N,35,0,108
4922,22,1.9220355,462,4907,N,36.6666666666667,0,108
4902,23,2.0218815,486,4922,N,38.3333333333333,0,108
6133,24,2.14252875,515,4902,N,40,0,108
6096,25,2.42542575,583,6133,N,41.6666666666667,0,108
6049,26,2.49198975,599,6096,N,43.3333333333333,0,108
6206,27,2.346381,564,6049,N,45,0,108
6321,28,1.32711975,319,6206,Y,46.6666666666667,1,108
5951,29,1.347921,324,6321,N,48.3333333333333,1,108
6387,30,1.281357,308,5951,N,50,1,108
6350,31,1.44360675,347,6387,N,51.6666666666667,1,108
7095,32,1.67658075,403,6350,N,53.3333333333333,1,108
7668,33,1.37704275,331,7095,N,55,1,108
7538,34,1.71818325,413,7668,N,56.6666666666667,1,108
6703,35,1.61833725,389,7538,N,58.3333333333333,1,108
7423,36,1.5892155,382,6703,N,60,1,108
7399,37,1.847151,444,7423,N,61.6666666666667,1,108
7143,38,1.8887535,454,7399,N,63.3333333333333,1,108
6595,39,2.0385225,490,7143,N,65,1,108
8040,40,1.95947775,471,6595,N,66.6666666666667,1,108
7859,41,2.30061825,553,8040,N,68.3333333333333,1,108
8650,42,2.26733625,545,7859,N,70,1,108
8908,43,2.679201,644,8650,N,71.6666666666667,1,108
9101,44,2.45038725,589,8908,N,73.3333333333333,1,108
8319,45,1.21895325,293,9101,Y,75,2,108
8097,46,1.414485,340,8319,N,76.6666666666667,2,108
9169,47,1.52681175,367,8097,N,78.3333333333333,2,108
9445,48,1.68490125,405,9169,N,80,2,108
9630,49,1.730664,416,9445,N,81.6666666666667,2,108
10104,50,1.797228,432,9630,N,83.3333333333333,2,108
11277,51,1.863792,448,10104,N,85,2,108
10421,52,1.813869,436,11277,N,86.6666666666667,2,108
9862,53,1.74314475,419,10421,N,88.3333333333333,2,108
10923,54,1.54345275,371,9862,N,90,2,108
10974,55,1.91787525,461,10923,N,91.6666666666667,2,108
11558,56,1.5060105,362,10974,N,93.3333333333333,2,108
11399,57,1.6391385,394,11558,N,95,2,108
11966,58,1.85963175,447,11399,N,96.6666666666667,2,108
13153,59,2.0884455,502,11966,N,98.3333333333333,2,108
12489,60,1.1399085,274,13153,Y,100,3,108
2893,0,0.7904475,190,NA,N,0,0,109
2846,1,0.83205,200,2893,N,1.66666666666667,0,109
2955,2,0.848691,204,2846,N,3.33333333333333,0,109
2930,3,0.8570115,206,2955,N,5,0,109
2878,4,0.881973,212,2930,N,6.66666666666667,0,109
2751,5,0.915255,220,2878,N,8.33333333333333,0,109
3007,6,0.93605625,225,2751,N,10,0,109
2811,7,0.948537,228,3007,N,11.6666666666667,0,109
3781,8,0.99846,240,2811,N,13.3333333333333,0,109
3411,9,1.0067805,242,3781,N,15,0,109
3368,10,1.0234215,246,3411,N,16.6666666666667,0,109
4078,11,1.0400625,250,3368,N,18.3333333333333,0,109
3217,12,1.0234215,246,4078,N,20,0,109
3922,13,1.08582525,261,3217,N,21.6666666666667,0,109
4021,14,1.10246625,265,3922,N,23.3333333333333,0,109
3936,15,1.1399085,274,4021,N,25,0,109
4857,16,1.16487,280,3936,N,26.6666666666667,0,109
5232,17,1.21895325,293,4857,N,28.3333333333333,0,109
4991,18,1.2896775,310,5232,N,30,0,109
4975,19,1.264716,304,4991,N,31.6666666666667,0,109
5081,20,1.33544025,321,4975,N,33.3333333333333,0,109
4912,21,1.3229595,318,5081,N,35,0,109
4924,22,1.35208125,325,4912,N,36.6666666666667,0,109
4906,23,1.347921,324,4924,N,38.3333333333333,0,109
6137,24,1.4893695,358,4906,N,40,0,109
6107,25,1.547613,372,6137,N,41.6666666666667,0,109
6061,26,1.5892155,382,6107,N,43.3333333333333,0,109
6209,27,1.547613,372,6061,N,45,0,109
6328,28,1.630818,392,6209,N,46.6666666666667,0,109
5965,29,1.697382,408,6328,N,48.3333333333333,0,109
6390,30,1.6890615,406,5965,N,50,0,109
6352,31,1.82634975,439,6390,N,51.6666666666667,0,109
7101,32,1.86795225,449,6352,N,53.3333333333333,0,109
7672,33,1.74314475,419,7101,N,55,0,109
7547,34,2.1550095,518,7672,N,56.6666666666667,0,109
6707,35,2.229894,536,7547,N,58.3333333333333,0,109
7427,36,2.0884455,502,6707,N,60,0,109
7403,37,2.2881375,550,7427,N,61.6666666666667,0,109
7156,38,1.946997,468,7403,N,63.3333333333333,0,109
6599,39,2.3879835,574,7156,N,65,0,109
8044,40,2.3547015,566,6599,N,66.6666666666667,0,109
7862,41,2.3713425,570,8044,N,68.3333333333333,0,109
8653,42,1.20231225,289,7862,Y,70,1,109
8912,43,1.22727375,295,8653,N,71.6666666666667,1,109
9104,44,1.4394465,346,8912,N,73.3333333333333,1,109
9063,45,1.23559425,297,9104,N,75,1,109
8254,46,1.22727375,295,9063,N,76.6666666666667,1,109
9330,47,1.4228055,342,8254,N,78.3333333333333,1,109
9619,48,1.48520925,357,9330,N,80,1,109
9797,49,1.5060105,362,9619,N,81.6666666666667,1,109
10395,50,1.44360675,347,9797,N,83.3333333333333,1,109
2893,0,0.7904475,190,NA,N,0,0,110
2846,1,0.83205,200,2893,N,1.66666666666667,0,110
2955,2,0.848691,204,2846,N,3.33333333333333,0,110
2930,3,0.8570115,206,2955,N,5,0,110
2878,4,0.881973,212,2930,N,6.66666666666667,0,110
2751,5,0.915255,220,2878,N,8.33333333333333,0,110
3007,6,0.93605625,225,2751,N,10,0,110
2811,7,0.948537,228,3007,N,11.6666666666667,0,110
3781,8,0.99846,240,2811,N,13.3333333333333,0,110
3411,9,1.0067805,242,3781,N,15,0,110
3368,10,1.0234215,246,3411,N,16.6666666666667,0,110
4078,11,1.0400625,250,3368,N,18.3333333333333,0,110
3217,12,1.0234215,246,4078,N,20,0,110
3922,13,1.08582525,261,3217,N,21.6666666666667,0,110
4021,14,1.10246625,265,3922,N,23.3333333333333,0,110
3936,15,1.1399085,274,4021,N,25,0,110
4857,16,1.16487,280,3936,N,26.6666666666667,0,110
5232,17,1.21895325,293,4857,N,28.3333333333333,0,110
4991,18,1.2896775,310,5232,N,30,0,110
4975,19,1.264716,304,4991,N,31.6666666666667,0,110
5081,20,1.33544025,321,4975,N,33.3333333333333,0,110
4912,21,1.3229595,318,5081,N,35,0,110
4924,22,1.35208125,325,4912,N,36.6666666666667,0,110
4906,23,1.347921,324,4924,N,38.3333333333333,0,110
6137,24,1.4893695,358,4906,N,40,0,110
6107,25,1.547613,372,6137,N,41.6666666666667,0,110
6061,26,1.5892155,382,6107,N,43.3333333333333,0,110
6209,27,1.547613,372,6061,N,45,0,110
6328,28,1.630818,392,6209,N,46.6666666666667,0,110
5965,29,1.697382,408,6328,N,48.3333333333333,0,110
6390,30,1.6890615,406,5965,N,50,0,110
6352,31,1.82634975,439,6390,N,51.6666666666667,0,110
7101,32,1.86795225,449,6352,N,53.3333333333333,0,110
7672,33,1.74314475,419,7101,N,55,0,110
7547,34,2.1550095,518,7672,N,56.6666666666667,0,110
6707,35,2.229894,536,7547,N,58.3333333333333,0,110
7427,36,2.0884455,502,6707,N,60,0,110
7403,37,2.2881375,550,7427,N,61.6666666666667,0,110
7156,38,1.946997,468,7403,N,63.3333333333333,0,110
6599,39,2.3879835,574,7156,N,65,0,110
8044,40,2.3547015,566,6599,N,66.6666666666667,0,110
7862,41,2.3713425,570,8044,N,68.3333333333333,0,110
8654,42,1.17735075,283,7862,Y,70,1,110
8914,43,1.11910725,269,8654,N,71.6666666666667,1,110
9105,44,1.30215825,313,8914,N,73.3333333333333,1,110
9065,45,1.25223525,301,9105,N,75,1,110
8255,46,1.31879925,317,9065,N,76.6666666666667,1,110
9331,47,1.35208125,325,8255,N,78.3333333333333,1,110
9620,48,1.41032475,339,9331,N,80,1,110
9798,49,1.431126,344,9620,N,81.6666666666667,1,110
10397,50,1.580895,380,9798,N,83.3333333333333,1,110
10817,51,1.60169625,385,10397,N,85,1,110
10351,52,1.7556255,422,10817,N,86.6666666666667,1,110
10047,53,1.780587,428,10351,N,88.3333333333333,1,110
10744,54,1.93451625,465,10047,N,90,1,110
10896,55,1.9553175,470,10744,N,91.6666666666667,1,110
11410,56,2.0884455,502,10896,N,93.3333333333333,1,110
11255,57,1.07750475,259,11410,Y,95,2,110
11928,58,1.17735075,283,11255,N,96.6666666666667,2,110
12511,60,1.12742775,271,11928,N,100,2,110
13400,61,0.898614,216,12511,N,101.666666666667,2,110
13901,62,1.04422275,251,13400,N,103.333333333333,2,110
13795,63,1.1399085,274,13901,N,105,2,110
12806,64,1.264716,304,13795,N,106.666666666667,2,110
12218,65,1.15238925,277,12806,N,108.333333333333,2,110
14271,66,1.1731905,282,12218,N,110,2,110
14675,67,1.14406875,275,14271,N,111.666666666667,2,110
15480,68,1.214793,292,14675,N,113.333333333333,2,110
15178,69,1.22727375,295,15480,N,115,2,110
15250,70,1.15238925,277,15178,N,116.666666666667,2,110
2638,0,0.77796675,187,NA,N,0,0,111
2542,1,0.76964625,185,2638,N,1.66666666666667,0,111
2722,2,0.7571655,182,2542,N,3.33333333333333,0,111
2729,3,0.75300525,181,2722,N,5,0,111
2513,4,0.83621025,201,2729,N,6.66666666666667,0,111
2495,5,0.83205,200,2513,N,8.33333333333333,0,111
2962,6,0.881973,212,2495,N,10,0,111
2576,7,0.99846,240,2962,N,11.6666666666667,0,111
3664,8,0.96933825,233,2576,N,13.3333333333333,0,111
3351,9,0.98597925,237,3664,N,15,0,111
3273,10,0.948537,228,3351,N,16.6666666666667,0,111
4031,11,1.03590225,249,3273,N,18.3333333333333,0,111
3099,12,1.0234215,246,4031,N,20,0,111
3679,13,1.0400625,250,3099,N,21.6666666666667,0,111
3968,14,1.065024,256,3679,N,23.3333333333333,0,111
3802,15,1.02758175,247,3968,N,25,0,111
4505,16,1.048383,252,3802,N,26.6666666666667,0,111
5178,17,1.114947,268,4505,N,28.3333333333333,0,111
4603,18,1.1565495,278,5178,N,30,0,111
4786,19,1.248075,300,4603,N,31.6666666666667,0,111
5027,20,1.1232675,270,4786,N,33.3333333333333,0,111
4622,21,1.17735075,283,5027,N,35,0,111
4582,22,1.21895325,293,4622,N,36.6666666666667,0,111
4624,23,1.2896775,310,4582,N,38.3333333333333,0,111
5712,24,1.481049,356,4624,N,40,0,111
5820,25,1.58505525,381,5712,N,41.6666666666667,0,111
5827,26,1.38536325,333,5820,N,43.3333333333333,0,111
6095,27,1.5725745,378,5827,N,45,0,111
6243,28,1.75978575,423,6095,N,46.6666666666667,0,111
5678,29,1.83051,440,6243,N,48.3333333333333,0,111
6084,30,1.24391475,299,5678,Y,50,1,111
6262,31,1.22727375,295,6084,N,51.6666666666667,1,111
6953,32,1.248075,300,6262,N,53.3333333333333,1,111
7606,33,1.0067805,242,6953,N,55,1,111
7445,34,1.06086375,255,7606,N,56.6666666666667,1,111
6658,35,1.26055575,303,7445,N,58.3333333333333,1,111
7209,36,1.30215825,313,6658,N,60,1,111
7353,37,1.41864525,341,7209,N,61.6666666666667,1,111
7001,38,1.4893695,358,7353,N,63.3333333333333,1,111
6548,39,1.51849125,365,7001,N,65,1,111
7988,40,1.6058565,386,6548,N,66.6666666666667,1,111
7800,41,1.6058565,386,7988,N,68.3333333333333,1,111
8589,42,1.72650375,415,7800,N,70,1,111
8824,43,1.5725745,378,8589,N,71.6666666666667,1,111
8989,44,1.80138825,433,8824,N,73.3333333333333,1,111
8443,45,2.07596475,499,8989,N,75,1,111
8177,46,2.046843,492,8443,N,76.6666666666667,1,111
9253,47,2.11756725,509,8177,N,78.3333333333333,1,111
9535,48,1.29383775,311,9253,Y,80,2,111
9719,49,1.47688875,355,9535,N,81.6666666666667,2,111
10228,50,1.5559335,374,9719,N,83.3333333333333,2,111
2638,0,0.77796675,187,NA,N,0,0,112
2542,1,0.76964625,185,2638,N,1.66666666666667,0,112
2722,2,0.7571655,182,2542,N,3.33333333333333,0,112
2729,3,0.75300525,181,2722,N,5,0,112
2513,4,0.83621025,201,2729,N,6.66666666666667,0,112
2495,5,0.83205,200,2513,N,8.33333333333333,0,112
2962,6,0.881973,212,2495,N,10,0,112
2576,7,0.99846,240,2962,N,11.6666666666667,0,112
3664,8,0.96933825,233,2576,N,13.3333333333333,0,112
3351,9,0.98597925,237,3664,N,15,0,112
3273,10,0.948537,228,3351,N,16.6666666666667,0,112
4031,11,1.03590225,249,3273,N,18.3333333333333,0,112
3099,12,1.0234215,246,4031,N,20,0,112
3679,13,1.0400625,250,3099,N,21.6666666666667,0,112
3968,14,1.065024,256,3679,N,23.3333333333333,0,112
3802,15,1.02758175,247,3968,N,25,0,112
4505,16,1.048383,252,3802,N,26.6666666666667,0,112
5178,17,1.114947,268,4505,N,28.3333333333333,0,112
4603,18,1.1565495,278,5178,N,30,0,112
4786,19,1.248075,300,4603,N,31.6666666666667,0,112
5027,20,1.1232675,270,4786,N,33.3333333333333,0,112
4622,21,1.17735075,283,5027,N,35,0,112
4582,22,1.21895325,293,4622,N,36.6666666666667,0,112
4624,23,1.2896775,310,4582,N,38.3333333333333,0,112
5712,24,1.481049,356,4624,N,40,0,112
5820,25,1.58505525,381,5712,N,41.6666666666667,0,112
5827,26,1.38536325,333,5820,N,43.3333333333333,0,112
6095,27,1.5725745,378,5827,N,45,0,112
6243,28,1.75978575,423,6095,N,46.6666666666667,0,112
5678,29,1.83051,440,6243,N,48.3333333333333,0,112
6089,30,0.7571655,182,5678,Y,50,1,112
6264,31,0.8070885,194,6089,N,51.6666666666667,1,112
6956,32,0.66980025,161,6264,N,53.3333333333333,1,112
7607,33,0.7904475,190,6956,N,55,1,112
7446,34,0.798768,192,7607,N,56.6666666666667,1,112
6659,35,0.815409,196,7446,N,58.3333333333333,1,112
7211,36,0.91109475,219,6659,N,60,1,112
7354,37,0.80292825,193,7211,N,61.6666666666667,1,112
6549,39,0.9568575,230,7354,N,65,1,112
7989,40,0.96101775,231,6549,N,66.6666666666667,1,112
7801,41,1.09414575,263,7989,N,68.3333333333333,1,112
8590,42,1.0567035,254,7801,N,70,1,112
8825,43,1.11078675,267,8590,N,71.6666666666667,1,112
8990,44,1.16903025,281,8825,N,73.3333333333333,1,112
8446,45,1.51849125,365,8990,N,75,1,112
8178,46,1.46024775,351,8446,N,76.6666666666667,1,112
9254,47,1.3229595,318,8178,N,78.3333333333333,1,112
9537,48,1.6557795,398,9254,N,80,1,112
9720,49,1.7556255,422,9537,N,81.6666666666667,1,112
10230,50,1.98443925,477,9720,N,83.3333333333333,1,112
10727,51,1.0067805,242,10230,Y,85,2,112
10274,52,1.08582525,261,10727,N,86.6666666666667,2,112
9951,53,0.97765875,235,10274,N,88.3333333333333,2,112
10572,54,1.1066265,266,9951,N,90,2,112
10793,55,1.0400625,250,10572,N,91.6666666666667,2,112
11254,56,1.148229,276,10793,N,93.3333333333333,2,112
11180,57,1.29383775,311,11254,N,95,2,112
13581,61,1.297998,312,11180,N,101.666666666667,2,112
14526,62,1.4893695,358,13581,N,103.333333333333,2,112
14306,63,1.7556255,422,14526,N,105,2,112
15989,64,NA,-1,14306,Y,106.666666666667,3,112
2414,0,1.30215825,313,NA,N,0,0,113
2325,1,1.5559335,374,2414,N,1.66666666666667,0,113
2362,2,1.54345275,371,2325,N,3.33333333333333,0,113
2594,3,1.61833725,389,2362,N,5,0,113
2392,4,1.481049,356,2594,N,6.66666666666667,0,113
2318,5,1.6641,400,2392,N,8.33333333333333,0,113
2860,6,1.79306775,431,2318,N,10,0,113
2470,7,1.514331,364,2860,N,11.6666666666667,0,113
3627,8,1.797228,432,2470,N,13.3333333333333,0,113
3326,9,1.57673475,379,3627,N,15,0,113
3249,10,1.83467025,441,3326,N,16.6666666666667,0,113
4010,11,1.813869,436,3249,N,18.3333333333333,0,113
3079,12,1.697382,408,4010,N,20,0,113
3638,13,1.6391385,394,3079,N,21.6666666666667,0,113
3955,14,1.89291375,455,3638,N,23.3333333333333,0,113
3786,15,1.98443925,477,3955,N,25,0,113
4417,16,1.67658075,403,3786,N,26.6666666666667,0,113
5162,17,2.09260575,503,4417,N,28.3333333333333,0,113
4494,18,2.2049325,530,5162,N,30,0,113
4712,19,1.081665,260,4494,Y,31.6666666666667,1,113
5013,20,1.0899855,262,4712,N,33.3333333333333,1,113
2160,0,1.0899855,262,NA,N,0,0,114
2121,1,1.12742775,271,2160,N,1.66666666666667,0,114
2124,2,1.15238925,277,2121,N,3.33333333333333,0,114
2180,3,1.25223525,301,2124,N,5,0,114
2112,4,1.1565495,278,2180,N,6.66666666666667,0,114
2144,5,1.30215825,313,2112,N,8.33333333333333,0,114
2386,6,1.264716,304,2144,N,10,0,114
2150,7,1.214793,292,2386,N,11.6666666666667,0,114
3462,8,1.34376075,323,2150,N,13.3333333333333,0,114
3229,9,1.314639,316,3462,N,15,0,114
3134,10,1.364562,328,3229,N,16.6666666666667,0,114
3584,11,1.297998,312,3134,N,18.3333333333333,0,114
3027,12,1.381203,332,3584,N,20,0,114
3482,13,1.41864525,341,3027,N,21.6666666666667,0,114
3850,14,1.41032475,339,3482,N,23.3333333333333,0,114
3506,15,1.49352975,359,3850,N,25,0,114
4126,16,1.530972,368,3506,N,26.6666666666667,0,114
5103,17,1.52681175,367,4126,N,28.3333333333333,0,114
4146,18,1.65161925,397,5103,N,30,0,114
4382,19,1.6890615,406,4146,N,31.6666666666667,0,114
4620,20,1.714023,412,4382,N,33.3333333333333,0,114
4172,21,1.99275975,479,4620,N,35,0,114
4216,22,1.79306775,431,4172,N,36.6666666666667,0,114
4287,23,1.99692,480,4216,N,38.3333333333333,0,114
5283,24,1.99692,480,4287,N,40,0,114
5429,25,1.9220355,462,5283,N,41.6666666666667,0,114
5473,26,2.2548555,542,5429,N,43.3333333333333,0,114
5412,27,0.93605625,225,5473,Y,45,1,114
6036,28,1.098306,264,5412,N,46.6666666666667,1,114
5273,29,1.0067805,242,6036,N,48.3333333333333,1,114
2160,0,1.0899855,262,NA,N,0,0,115
2121,1,1.12742775,271,2160,N,1.66666666666667,0,115
2124,2,1.15238925,277,2121,N,3.33333333333333,0,115
2180,3,1.25223525,301,2124,N,5,0,115
2112,4,1.1565495,278,2180,N,6.66666666666667,0,115
2144,5,1.30215825,313,2112,N,8.33333333333333,0,115
2386,6,1.264716,304,2144,N,10,0,115
2150,7,1.214793,292,2386,N,11.6666666666667,0,115
3462,8,1.34376075,323,2150,N,13.3333333333333,0,115
3229,9,1.314639,316,3462,N,15,0,115
3134,10,1.364562,328,3229,N,16.6666666666667,0,115
3584,11,1.297998,312,3134,N,18.3333333333333,0,115
3027,12,1.381203,332,3584,N,20,0,115
3482,13,1.41864525,341,3027,N,21.6666666666667,0,115
3850,14,1.41032475,339,3482,N,23.3333333333333,0,115
3506,15,1.49352975,359,3850,N,25,0,115
4126,16,1.530972,368,3506,N,26.6666666666667,0,115
5103,17,1.52681175,367,4126,N,28.3333333333333,0,115
4146,18,1.65161925,397,5103,N,30,0,115
4382,19,1.6890615,406,4146,N,31.6666666666667,0,115
4620,20,1.714023,412,4382,N,33.3333333333333,0,115
4172,21,1.99275975,479,4620,N,35,0,115
4216,22,1.79306775,431,4172,N,36.6666666666667,0,115
4287,23,1.99692,480,4216,N,38.3333333333333,0,115
5283,24,1.99692,480,4287,N,40,0,115
5429,25,1.9220355,462,5283,N,41.6666666666667,0,115
5473,26,2.2548555,542,5429,N,43.3333333333333,0,115
5416,27,1.19399175,287,5473,Y,45,1,115
6043,28,1.31047875,315,5416,N,46.6666666666667,1,115
5275,29,1.281357,308,6043,N,48.3333333333333,1,115
5372,30,1.431126,344,5275,N,50,1,115
5517,31,1.47688875,355,5372,N,51.6666666666667,1,115
6743,32,1.56009375,375,5517,N,53.3333333333333,1,115
7482,33,1.4394465,346,6743,N,55,1,115
6802,34,1.514331,364,7482,N,56.6666666666667,1,115
6498,35,1.68490125,405,6802,N,58.3333333333333,1,115
7009,36,1.82634975,439,6498,N,60,1,115
7276,37,1.96779825,473,7009,N,61.6666666666667,1,115
6822,38,2.196612,528,7276,N,63.3333333333333,1,115
6434,39,2.213253,532,6822,N,65,1,115
7900,40,2.17581075,523,6434,N,66.6666666666667,1,115
7711,41,2.13420825,513,7900,N,68.3333333333333,1,115
8444,42,2.379663,572,7711,N,70,1,115
8693,43,2.3214195,558,8444,N,71.6666666666667,1,115
8538,44,1.114947,268,8693,Y,73.3333333333333,2,115
8298,45,1.1565495,278,8538,N,75,2,115
8077,46,1.33544025,321,8298,N,76.6666666666667,2,115
2160,0,1.0899855,262,NA,N,0,0,116
2121,1,1.12742775,271,2160,N,1.66666666666667,0,116
2124,2,1.15238925,277,2121,N,3.33333333333333,0,116
2180,3,1.25223525,301,2124,N,5,0,116
2112,4,1.1565495,278,2180,N,6.66666666666667,0,116
2144,5,1.30215825,313,2112,N,8.33333333333333,0,116
2386,6,1.264716,304,2144,N,10,0,116
2150,7,1.214793,292,2386,N,11.6666666666667,0,116
3462,8,1.34376075,323,2150,N,13.3333333333333,0,116
3229,9,1.314639,316,3462,N,15,0,116
3134,10,1.364562,328,3229,N,16.6666666666667,0,116
3584,11,1.297998,312,3134,N,18.3333333333333,0,116
3027,12,1.381203,332,3584,N,20,0,116
3482,13,1.41864525,341,3027,N,21.6666666666667,0,116
3850,14,1.41032475,339,3482,N,23.3333333333333,0,116
3506,15,1.49352975,359,3850,N,25,0,116
4126,16,1.530972,368,3506,N,26.6666666666667,0,116
5103,17,1.52681175,367,4126,N,28.3333333333333,0,116
4146,18,1.65161925,397,5103,N,30,0,116
4382,19,1.6890615,406,4146,N,31.6666666666667,0,116
4620,20,1.714023,412,4382,N,33.3333333333333,0,116
4172,21,1.99275975,479,4620,N,35,0,116
4216,22,1.79306775,431,4172,N,36.6666666666667,0,116
4287,23,1.99692,480,4216,N,38.3333333333333,0,116
5283,24,1.99692,480,4287,N,40,0,116
5429,25,1.9220355,462,5283,N,41.6666666666667,0,116
5473,26,2.2548555,542,5429,N,43.3333333333333,0,116
5416,27,1.19399175,287,5473,Y,45,1,116
6043,28,1.31047875,315,5416,N,46.6666666666667,1,116
5275,29,1.281357,308,6043,N,48.3333333333333,1,116
5372,30,1.431126,344,5275,N,50,1,116
5517,31,1.47688875,355,5372,N,51.6666666666667,1,116
6743,32,1.56009375,375,5517,N,53.3333333333333,1,116
7482,33,1.4394465,346,6743,N,55,1,116
6802,34,1.514331,364,7482,N,56.6666666666667,1,116
6498,35,1.68490125,405,6802,N,58.3333333333333,1,116
7009,36,1.82634975,439,6498,N,60,1,116
7276,37,1.96779825,473,7009,N,61.6666666666667,1,116
6822,38,2.196612,528,7276,N,63.3333333333333,1,116
6434,39,2.213253,532,6822,N,65,1,116
7900,40,2.17581075,523,6434,N,66.6666666666667,1,116
7711,41,2.13420825,513,7900,N,68.3333333333333,1,116
8444,42,2.379663,572,7711,N,70,1,116
8693,43,2.3214195,558,8444,N,71.6666666666667,1,116
8767,44,1.2563955,302,8693,Y,73.3333333333333,2,116
8299,45,1.21895325,293,8767,N,75,2,116
8078,46,1.43528625,345,8299,N,76.6666666666667,2,116
9151,47,1.52681175,367,8078,N,78.3333333333333,2,116
9423,48,1.7389845,418,9151,N,80,2,116
9368,49,1.88459325,453,9423,N,81.6666666666667,2,116
10084,50,1.92619575,463,9368,N,83.3333333333333,2,116
10544,51,2.013561,484,10084,N,85,2,116
10190,52,2.13420825,513,10544,N,86.6666666666667,2,116
9836,53,2.512791,604,10190,N,88.3333333333333,2,116
10435,54,2.64175875,635,9836,N,90,2,116
10610,55,2.562714,616,10435,N,91.6666666666667,2,116
11109,57,1.33544025,321,10610,Y,95,3,116
11866,58,1.46024775,351,11109,N,96.6666666666667,3,116
12948,59,1.530972,368,11866,N,98.3333333333333,3,116
12439,60,1.514331,364,12948,N,100,3,116
13312,61,1.83467025,441,12439,N,101.666666666667,3,116
13626,62,1.64329875,395,13312,N,103.333333333333,3,116
13697,63,1.8887535,454,13626,N,105,3,116
12687,64,2.0218815,486,13697,N,106.666666666667,3,116
12141,65,1.131588,272,12687,Y,108.333333333333,4,116
14059,66,1.031742,248,12141,N,110,4,116
14597,67,1.13574825,273,14059,N,111.666666666667,4,116
15187,68,1.21895325,293,14597,N,113.333333333333,4,116
14946,69,1.59337575,383,15187,N,115,4,116
15017,70,1.54345275,371,14946,N,116.666666666667,4,116
2163,0,1.27719675,307,NA,N,0,0,117
2151,1,1.47688875,355,2163,N,1.66666666666667,0,117
2135,2,1.481049,356,2151,N,3.33333333333333,0,117
2187,3,1.6224975,390,2135,N,5,0,117
2120,4,1.43528625,345,2187,N,6.66666666666667,0,117
2152,5,1.69322175,407,2120,N,8.33333333333333,0,117
2391,6,1.65993975,399,2152,N,10,0,117
2155,7,1.7223435,414,2391,N,11.6666666666667,0,117
3463,8,1.83051,440,2155,N,13.3333333333333,0,117
3232,9,0.765486,184,3463,Y,15,1,117
3138,10,1.19399175,287,3232,N,16.6666666666667,1,117
3590,11,0.94437675,227,3138,N,18.3333333333333,1,117
3030,12,0.83621025,201,3590,N,20,1,117
3484,13,0.92773575,223,3030,N,21.6666666666667,1,117
3859,14,1.01094075,243,3484,N,23.3333333333333,1,117
3511,15,1.031742,248,3859,N,25,1,117
4135,16,0.9568575,230,3511,N,26.6666666666667,1,117
5106,17,0.931896,224,4135,N,28.3333333333333,1,117
4192,18,0.86117175,207,5106,N,30,1,117
4395,19,0.81124875,195,4192,N,31.6666666666667,1,117
4629,20,0.71140275,171,4395,N,33.3333333333333,1,117
2163,0,1.27719675,307,NA,N,0,0,118
2151,1,1.47688875,355,2163,N,1.66666666666667,0,118
2135,2,1.481049,356,2151,N,3.33333333333333,0,118
2187,3,1.6224975,390,2135,N,5,0,118
2120,4,1.43528625,345,2187,N,6.66666666666667,0,118
2152,5,1.69322175,407,2120,N,8.33333333333333,0,118
2391,6,1.65993975,399,2152,N,10,0,118
2155,7,1.7223435,414,2391,N,11.6666666666667,0,118
3463,8,1.83051,440,2155,N,13.3333333333333,0,118
3230,9,1.0234215,246,3463,Y,15,1,118
3136,10,1.04422275,251,3230,N,16.6666666666667,1,118
3587,11,1.00262025,241,3136,N,18.3333333333333,1,118
3029,12,0.94437675,227,3587,N,20,1,118
3483,13,1.0567035,254,3029,N,21.6666666666667,1,118
3855,14,1.048383,252,3483,N,23.3333333333333,1,118
3510,15,0.96933825,233,3855,N,25,1,118
4133,16,0.99429975,239,3510,N,26.6666666666667,1,118
5105,17,1.0234215,246,4133,N,28.3333333333333,1,118
4162,18,1.06918425,257,5105,N,30,1,118
4391,19,1.00262025,241,4162,N,31.6666666666667,1,118
4628,20,1.03590225,249,4391,N,33.3333333333333,1,118
4226,21,1.10246625,265,4628,N,35,1,118
4218,22,1.16070975,279,4226,N,36.6666666666667,1,118
4291,23,1.1565495,278,4218,N,38.3333333333333,1,118
5284,24,1.30215825,313,4291,N,40,1,118
5432,25,1.21063275,291,5284,N,41.6666666666667,1,118
5478,26,1.3562415,326,5432,N,43.3333333333333,1,118
5426,27,1.39368375,335,5478,N,45,1,118
6059,28,1.39368375,335,5426,N,46.6666666666667,1,118
5293,29,1.4061645,338,6059,N,48.3333333333333,1,118
5377,30,1.46856825,353,5293,N,50,1,118
5519,31,1.50185025,361,5377,N,51.6666666666667,1,118
6745,32,1.54345275,371,5519,N,53.3333333333333,1,118
7486,33,1.4893695,358,6745,N,55,1,118
6806,34,1.5725745,378,7486,N,56.6666666666667,1,118
6500,35,1.6224975,390,6806,N,58.3333333333333,1,118
7012,36,1.66826025,401,6500,N,60,1,118
7277,37,1.730664,416,7012,N,61.6666666666667,1,118
6825,38,1.6641,400,7277,N,63.3333333333333,1,118
6436,39,1.630818,392,6825,N,65,1,118
7903,40,1.597536,384,6436,N,66.6666666666667,1,118
7715,41,1.65161925,397,7903,N,68.3333333333333,1,118
8447,42,1.56841425,377,7715,N,70,1,118
8696,43,1.63497825,393,8447,N,71.6666666666667,1,118
8773,44,1.63497825,393,8696,N,73.3333333333333,1,118
8302,45,1.78474725,429,8773,N,75,1,118
8082,46,1.89291375,455,8302,N,76.6666666666667,1,118
9153,47,1.847151,444,8082,N,78.3333333333333,1,118
9425,48,1.99692,480,9153,N,80,1,118
9373,49,2.0218815,486,9425,N,81.6666666666667,1,118
10087,50,2.3713425,570,9373,N,83.3333333333333,1,118
10554,51,2.19245175,527,10087,N,85,1,118
10196,52,2.56687425,617,10554,N,86.6666666666667,1,118
9840,53,1.31879925,317,10196,Y,88.3333333333333,2,118
10443,54,1.3396005,322,9840,N,90,2,118
10625,55,1.4228055,342,10443,N,91.6666666666667,2,118
11140,56,1.564254,376,10625,N,93.3333333333333,2,118
11052,57,1.47688875,355,11140,N,95,2,118
11843,58,1.4727285,354,11052,N,96.6666666666667,2,118
12899,59,1.5226515,366,11843,N,98.3333333333333,2,118
12417,60,1.61833725,389,12899,N,100,2,118
13284,61,1.6641,400,12417,N,101.666666666667,2,118
13598,62,1.69322175,407,13284,N,103.333333333333,2,118
13667,63,1.80970875,435,13598,N,105,2,118
12633,64,0.96933825,233,13667,Y,106.666666666667,3,118
12106,65,1.1232675,270,12633,N,108.333333333333,3,118
13973,66,1.1399085,274,12106,N,110,3,118
14568,67,1.0733445,258,13973,N,111.666666666667,3,118
15073,68,1.36040175,327,14568,N,113.333333333333,3,118
14880,69,1.2730365,306,15073,N,115,3,118
14935,70,1.4727285,354,14880,N,116.666666666667,3,118
2165,0,1.28551725,309,NA,N,0,0,119
2161,1,1.347921,324,2165,N,1.66666666666667,0,119
2140,2,1.4560875,350,2161,N,3.33333333333333,0,119
2192,3,1.49352975,359,2140,N,5,0,119
2129,4,1.60169625,385,2192,N,6.66666666666667,0,119
2159,5,1.60169625,385,2129,N,8.33333333333333,0,119
2395,6,1.69322175,407,2159,N,10,0,119
2168,7,1.7389845,418,2395,N,11.6666666666667,0,119
3487,8,1.80970875,435,2168,N,13.3333333333333,0,119
3234,9,1.7722665,426,3487,N,15,0,119
3140,10,1.75146525,421,3234,N,16.6666666666667,0,119
3594,11,1.930356,464,3140,N,18.3333333333333,0,119
3031,12,1.930356,464,3594,N,20,0,119
3512,13,1.946997,468,3031,N,21.6666666666667,0,119
3862,14,1.946997,468,3512,N,23.3333333333333,0,119
3513,15,1.946997,468,3862,N,25,0,119
4137,16,2.030202,488,3513,N,26.6666666666667,0,119
5107,17,2.096766,504,4137,N,28.3333333333333,0,119
4195,18,2.429586,584,5107,N,30,0,119
4400,19,0.95269725,229,4195,Y,31.6666666666667,1,119
4630,20,1.0400625,250,4400,N,33.3333333333333,1,119
4228,21,1.08582525,261,4630,N,35,1,119
4219,22,1.148229,276,4228,N,36.6666666666667,1,119
4300,23,1.21895325,293,4219,N,38.3333333333333,1,119
5286,24,1.264716,304,4300,N,40,1,119
5438,25,1.281357,308,5286,N,41.6666666666667,1,119
5481,26,1.281357,308,5438,N,43.3333333333333,1,119
5431,27,1.33544025,321,5481,N,45,1,119
6065,28,1.33544025,321,5431,N,46.6666666666667,1,119
5294,29,1.45192725,349,6065,N,48.3333333333333,1,119
5381,30,1.4560875,350,5294,N,50,1,119
5521,31,1.47688875,355,5381,N,51.6666666666667,1,119
6747,32,1.54345275,371,5521,N,53.3333333333333,1,119
7490,33,1.49769,360,6747,N,55,1,119
6809,34,1.56841425,377,7490,N,56.6666666666667,1,119
6502,35,1.60169625,385,6809,N,58.3333333333333,1,119
7015,36,1.6641,400,6502,N,60,1,119
7278,37,1.75146525,421,7015,N,61.6666666666667,1,119
6827,38,1.63497825,393,7278,N,63.3333333333333,1,119
6437,39,1.70986275,411,6827,N,65,1,119
7904,40,1.730664,416,6437,N,66.6666666666667,1,119
7716,41,1.763946,424,7904,N,68.3333333333333,1,119
8449,42,2.00108025,481,7716,N,70,1,119
8697,43,1.780587,428,8449,N,71.6666666666667,1,119
8775,44,1.930356,464,8697,N,73.3333333333333,1,119
8303,45,2.113407,508,8775,N,75,1,119
8083,46,2.04268275,491,8303,N,76.6666666666667,1,119
9154,47,2.15916975,519,8083,N,78.3333333333333,1,119
9426,48,2.02604175,487,9154,N,80,1,119
9374,49,2.04268275,491,9426,N,81.6666666666667,1,119
10088,50,1.90123425,457,9374,N,83.3333333333333,1,119
10562,51,2.3713425,570,10088,N,85,1,119
10198,52,2.3879835,574,10562,N,86.6666666666667,1,119
9841,53,1.16487,280,10198,Y,88.3333333333333,2,119
10445,54,1.1898315,286,9841,N,90,2,119
10630,55,1.21895325,293,10445,N,91.6666666666667,2,119
11143,56,1.181511,284,10630,N,93.3333333333333,2,119
11054,57,1.35208125,325,11143,N,95,2,119
11844,58,1.16070975,279,11054,N,96.6666666666667,2,119
12901,59,1.1898315,286,11844,N,98.3333333333333,2,119
12418,60,1.34376075,323,12901,N,100,2,119
13285,61,1.63497825,393,12418,N,101.666666666667,2,119
13599,62,1.747305,420,13285,N,103.333333333333,2,119
13668,63,1.797228,432,13599,N,105,2,119
12635,64,1.79306775,431,13668,N,106.666666666667,2,119
12107,65,2.37550275,571,12635,N,108.333333333333,2,119
13977,66,2.38382325,573,12107,N,110,2,119
14569,67,0.78628725,189,13977,Y,111.666666666667,3,119
2165,0,1.28551725,309,NA,N,0,0,120
2161,1,1.347921,324,2165,N,1.66666666666667,0,120
2140,2,1.4560875,350,2161,N,3.33333333333333,0,120
2192,3,1.49352975,359,2140,N,5,0,120
2129,4,1.60169625,385,2192,N,6.66666666666667,0,120
2159,5,1.60169625,385,2129,N,8.33333333333333,0,120
2395,6,1.69322175,407,2159,N,10,0,120
2168,7,1.7389845,418,2395,N,11.6666666666667,0,120
3487,8,1.80970875,435,2168,N,13.3333333333333,0,120
3234,9,1.7722665,426,3487,N,15,0,120
3140,10,1.75146525,421,3234,N,16.6666666666667,0,120
3594,11,1.930356,464,3140,N,18.3333333333333,0,120
3031,12,1.930356,464,3594,N,20,0,120
3512,13,1.946997,468,3031,N,21.6666666666667,0,120
3862,14,1.946997,468,3512,N,23.3333333333333,0,120
3513,15,1.946997,468,3862,N,25,0,120
4137,16,2.030202,488,3513,N,26.6666666666667,0,120
5107,17,2.096766,504,4137,N,28.3333333333333,0,120
4195,18,2.429586,584,5107,N,30,0,120
4406,19,1.20231225,289,4195,Y,31.6666666666667,1,120
4631,20,1.24391475,299,4406,N,33.3333333333333,1,120
4231,21,1.2064725,290,4631,N,35,1,120
4220,22,1.2397545,298,4231,N,36.6666666666667,1,120
4304,23,1.23559425,297,4220,N,38.3333333333333,1,120
5287,24,1.23559425,297,4304,N,40,1,120
5442,25,1.248075,300,5287,N,41.6666666666667,1,120
5486,26,1.28551725,309,5442,N,43.3333333333333,1,120
5433,27,1.22727375,295,5486,N,45,1,120
6069,28,1.214793,292,5433,N,46.6666666666667,1,120
5295,29,1.2397545,298,6069,N,48.3333333333333,1,120
5385,30,1.3396005,322,5295,N,50,1,120
5526,31,1.3229595,318,5385,N,51.6666666666667,1,120
6749,32,1.50185025,361,5526,N,53.3333333333333,1,120
7491,33,1.70154225,409,6749,N,55,1,120
6813,34,1.70986275,411,7491,N,56.6666666666667,1,120
6504,35,1.763946,424,6813,N,58.3333333333333,1,120
7018,36,1.97611875,475,6504,N,60,1,120
7279,37,1.97611875,475,7018,N,61.6666666666667,1,120
6831,38,2.17581075,523,7279,N,63.3333333333333,1,120
6438,39,2.279817,548,6831,N,65,1,120
7906,40,1.09414575,263,6438,Y,66.6666666666667,2,120
7718,41,1.248075,300,7906,N,68.3333333333333,2,120
8453,42,1.16070975,279,7718,N,70,2,120
8699,43,1.17735075,283,8453,N,71.6666666666667,2,120
2165,0,1.28551725,309,NA,N,0,0,121
2161,1,1.347921,324,2165,N,1.66666666666667,0,121
2140,2,1.4560875,350,2161,N,3.33333333333333,0,121
2192,3,1.49352975,359,2140,N,5,0,121
2129,4,1.60169625,385,2192,N,6.66666666666667,0,121
2159,5,1.60169625,385,2129,N,8.33333333333333,0,121
2395,6,1.69322175,407,2159,N,10,0,121
2168,7,1.7389845,418,2395,N,11.6666666666667,0,121
3487,8,1.80970875,435,2168,N,13.3333333333333,0,121
3234,9,1.7722665,426,3487,N,15,0,121
3140,10,1.75146525,421,3234,N,16.6666666666667,0,121
3594,11,1.930356,464,3140,N,18.3333333333333,0,121
3031,12,1.930356,464,3594,N,20,0,121
3512,13,1.946997,468,3031,N,21.6666666666667,0,121
3862,14,1.946997,468,3512,N,23.3333333333333,0,121
3513,15,1.946997,468,3862,N,25,0,121
4137,16,2.030202,488,3513,N,26.6666666666667,0,121
5107,17,2.096766,504,4137,N,28.3333333333333,0,121
4195,18,2.429586,584,5107,N,30,0,121
4406,19,1.20231225,289,4195,Y,31.6666666666667,1,121
4631,20,1.24391475,299,4406,N,33.3333333333333,1,121
4231,21,1.2064725,290,4631,N,35,1,121
4220,22,1.2397545,298,4231,N,36.6666666666667,1,121
4304,23,1.23559425,297,4220,N,38.3333333333333,1,121
5287,24,1.23559425,297,4304,N,40,1,121
5442,25,1.248075,300,5287,N,41.6666666666667,1,121
5486,26,1.28551725,309,5442,N,43.3333333333333,1,121
5433,27,1.22727375,295,5486,N,45,1,121
6069,28,1.214793,292,5433,N,46.6666666666667,1,121
5295,29,1.2397545,298,6069,N,48.3333333333333,1,121
5385,30,1.3396005,322,5295,N,50,1,121
5526,31,1.3229595,318,5385,N,51.6666666666667,1,121
6749,32,1.50185025,361,5526,N,53.3333333333333,1,121
7491,33,1.70154225,409,6749,N,55,1,121
6813,34,1.70986275,411,7491,N,56.6666666666667,1,121
6504,35,1.763946,424,6813,N,58.3333333333333,1,121
7018,36,1.97611875,475,6504,N,60,1,121
7279,37,1.97611875,475,7018,N,61.6666666666667,1,121
6831,38,2.17581075,523,7279,N,63.3333333333333,1,121
6438,39,2.279817,548,6831,N,65,1,121
7905,40,1.0733445,258,6438,Y,66.6666666666667,2,121
7717,41,1.16903025,281,7905,N,68.3333333333333,2,121
8451,42,1.2896775,310,7717,N,70,2,121
8698,43,1.25223525,301,8451,N,71.6666666666667,2,121
8777,44,1.4560875,350,8698,N,73.3333333333333,2,121
8304,45,1.530972,368,8777,N,75,2,121
8084,46,1.65993975,399,8304,N,76.6666666666667,2,121
9155,47,1.65161925,397,8084,N,78.3333333333333,2,121
9427,48,1.80138825,433,9155,N,80,2,121
9375,49,1.8388305,442,9427,N,81.6666666666667,2,121
10089,50,2.2215735,534,9375,N,83.3333333333333,2,121
10566,51,2.146689,516,10089,N,85,2,121
10288,52,1.065024,256,10566,Y,86.6666666666667,3,121
9966,53,1.1232675,270,10288,N,88.3333333333333,3,121
10618,54,1.214793,292,9966,N,90,3,121
10816,55,1.32711975,319,10618,N,91.6666666666667,3,121
11274,56,1.41864525,341,10816,N,93.3333333333333,3,121
11196,57,1.4394465,346,11274,N,95,3,121
11898,58,1.2896775,310,11196,N,96.6666666666667,3,121
13014,59,1.3229595,318,11898,N,98.3333333333333,3,121
12473,60,1.65161925,397,13014,N,100,3,121
13356,61,1.9386765,466,12473,N,101.666666666667,3,121
13816,62,1.05254325,253,13356,Y,103.333333333333,4,121
13743,63,0.99846,240,13816,N,105,4,121
2165,0,1.28551725,309,NA,N,0,0,122
2161,1,1.347921,324,2165,N,1.66666666666667,0,122
2140,2,1.4560875,350,2161,N,3.33333333333333,0,122
2192,3,1.49352975,359,2140,N,5,0,122
2129,4,1.60169625,385,2192,N,6.66666666666667,0,122
2159,5,1.60169625,385,2129,N,8.33333333333333,0,122
2395,6,1.69322175,407,2159,N,10,0,122
2168,7,1.7389845,418,2395,N,11.6666666666667,0,122
3487,8,1.80970875,435,2168,N,13.3333333333333,0,122
3234,9,1.7722665,426,3487,N,15,0,122
3140,10,1.75146525,421,3234,N,16.6666666666667,0,122
3594,11,1.930356,464,3140,N,18.3333333333333,0,122
3031,12,1.930356,464,3594,N,20,0,122
3512,13,1.946997,468,3031,N,21.6666666666667,0,122
3862,14,1.946997,468,3512,N,23.3333333333333,0,122
3513,15,1.946997,468,3862,N,25,0,122
4137,16,2.030202,488,3513,N,26.6666666666667,0,122
5107,17,2.096766,504,4137,N,28.3333333333333,0,122
4195,18,2.429586,584,5107,N,30,0,122
4406,19,1.20231225,289,4195,Y,31.6666666666667,1,122
4631,20,1.24391475,299,4406,N,33.3333333333333,1,122
4231,21,1.2064725,290,4631,N,35,1,122
4220,22,1.2397545,298,4231,N,36.6666666666667,1,122
4304,23,1.23559425,297,4220,N,38.3333333333333,1,122
5287,24,1.23559425,297,4304,N,40,1,122
5442,25,1.248075,300,5287,N,41.6666666666667,1,122
5486,26,1.28551725,309,5442,N,43.3333333333333,1,122
5433,27,1.22727375,295,5486,N,45,1,122
6069,28,1.214793,292,5433,N,46.6666666666667,1,122
5295,29,1.2397545,298,6069,N,48.3333333333333,1,122
5385,30,1.3396005,322,5295,N,50,1,122
5526,31,1.3229595,318,5385,N,51.6666666666667,1,122
6749,32,1.50185025,361,5526,N,53.3333333333333,1,122
7491,33,1.70154225,409,6749,N,55,1,122
6813,34,1.70986275,411,7491,N,56.6666666666667,1,122
6504,35,1.763946,424,6813,N,58.3333333333333,1,122
7018,36,1.97611875,475,6504,N,60,1,122
7279,37,1.97611875,475,7018,N,61.6666666666667,1,122
6831,38,2.17581075,523,7279,N,63.3333333333333,1,122
6438,39,2.279817,548,6831,N,65,1,122
7905,40,1.0733445,258,6438,Y,66.6666666666667,2,122
7717,41,1.16903025,281,7905,N,68.3333333333333,2,122
8451,42,1.2896775,310,7717,N,70,2,122
8698,43,1.25223525,301,8451,N,71.6666666666667,2,122
8777,44,1.4560875,350,8698,N,73.3333333333333,2,122
8304,45,1.530972,368,8777,N,75,2,122
8084,46,1.65993975,399,8304,N,76.6666666666667,2,122
9155,47,1.65161925,397,8084,N,78.3333333333333,2,122
9427,48,1.80138825,433,9155,N,80,2,122
9375,49,1.8388305,442,9427,N,81.6666666666667,2,122
10089,50,2.2215735,534,9375,N,83.3333333333333,2,122
10566,51,2.146689,516,10089,N,85,2,122
10422,52,1.0733445,258,10566,Y,86.6666666666667,3,122
9863,53,1.16070975,279,10422,N,88.3333333333333,3,122
10925,54,1.10246625,265,9863,N,90,3,122
10976,55,1.28551725,309,10925,N,91.6666666666667,3,122
11561,56,1.065024,256,10976,N,93.3333333333333,3,122
11402,57,1.27719675,307,11561,N,95,3,122
11967,58,1.2064725,290,11402,N,96.6666666666667,3,122
13139,59,1.25223525,301,11967,N,98.3333333333333,3,122
12546,60,1.7223435,414,13139,N,100,3,122
13443,61,1.7889075,430,12546,N,101.666666666667,3,122
14055,62,1.59337575,383,13443,N,103.333333333333,3,122
13888,63,0.71972325,173,14055,Y,105,4,122
2679,0,0.84453075,203,NA,N,0,0,123
2546,1,0.881973,212,2679,N,1.66666666666667,0,123
2724,2,0.96933825,233,2546,N,3.33333333333333,0,123
2736,3,0.99429975,239,2724,N,5,0,123
2518,4,0.981819,236,2736,N,6.66666666666667,0,123
2509,5,0.93605625,225,2518,N,8.33333333333333,0,123
2963,6,1.0400625,250,2509,N,10,0,123
2587,7,1.048383,252,2963,N,11.6666666666667,0,123
3678,8,1.04422275,251,2587,N,13.3333333333333,0,123
3355,9,1.0567035,254,3678,N,15,0,123
3274,10,1.18567125,285,3355,N,16.6666666666667,0,123
4033,11,1.048383,252,3274,N,18.3333333333333,0,123
3103,12,1.081665,260,4033,N,20,0,123
3686,13,1.065024,256,3103,N,21.6666666666667,0,123
3970,14,1.1731905,282,3686,N,23.3333333333333,0,123
3803,15,1.1731905,282,3970,N,25,0,123
4512,16,1.1565495,278,3803,N,26.6666666666667,0,123
5181,17,1.24391475,299,4512,N,28.3333333333333,0,123
4610,18,1.2064725,290,5181,N,30,0,123
4802,19,1.23559425,297,4610,N,31.6666666666667,0,123
5030,20,1.26055575,303,4802,N,33.3333333333333,0,123
4640,21,1.25223525,301,5030,N,35,0,123
4602,22,1.29383775,311,4640,N,36.6666666666667,0,123
4652,23,1.32711975,319,4602,N,38.3333333333333,0,123
5727,24,1.364562,328,4652,N,40,0,123
5845,25,1.42696575,343,5727,N,41.6666666666667,0,123
5846,26,1.464408,352,5845,N,43.3333333333333,0,123
6109,27,1.45192725,349,5846,N,45,0,123
6246,28,1.431126,344,6109,N,46.6666666666667,0,123
5696,29,1.45192725,349,6246,N,48.3333333333333,0,123
6104,30,1.45192725,349,5696,N,50,0,123
6270,31,1.49769,360,6104,N,51.6666666666667,0,123
6964,32,1.58505525,381,6270,N,53.3333333333333,0,123
7610,33,1.54345275,371,6964,N,55,0,123
7457,34,1.597536,384,7610,N,56.6666666666667,0,123
6663,35,1.51017075,363,7457,N,58.3333333333333,0,123
7216,36,1.5892155,382,6663,N,60,0,123
7357,37,1.630818,392,7216,N,61.6666666666667,0,123
7010,38,1.6391385,394,7357,N,63.3333333333333,0,123
6552,39,1.55177325,373,7010,N,65,0,123
7991,40,1.6890615,406,6552,N,66.6666666666667,0,123
7804,41,1.59337575,383,7991,N,68.3333333333333,0,123
8593,42,1.70154225,409,7804,N,70,0,123
8831,43,1.74314475,419,8593,N,71.6666666666667,0,123
8995,44,1.797228,432,8831,N,73.3333333333333,0,123
8454,45,1.77642675,427,8995,N,75,0,123
8183,46,2.046843,492,8454,N,76.6666666666667,0,123
9259,47,2.080125,500,8183,N,78.3333333333333,0,123
9543,48,2.13420825,513,9259,N,80,0,123
9726,49,2.196612,528,9543,N,81.6666666666667,0,123
10242,50,2.34222075,563,9726,N,83.3333333333333,0,123
10746,51,2.55855375,615,10242,N,85,0,123
10282,52,2.812329,676,10746,N,86.6666666666667,0,123
9957,53,1.3063185,314,10282,Y,88.3333333333333,1,123
10583,54,1.3895235,334,9957,N,90,1,123
10800,55,1.40200425,337,10583,N,91.6666666666667,1,123
11263,56,1.62665775,391,10800,N,93.3333333333333,1,123
11188,57,1.6224975,390,11263,N,95,1,123
11893,58,1.73482425,417,11188,N,96.6666666666667,1,123
13003,59,1.90123425,457,11893,N,98.3333333333333,1,123
12470,60,2.10092625,505,13003,N,100,1,123
13349,61,2.113407,508,12470,N,101.666666666667,1,123
13801,62,2.1550095,518,13349,N,103.333333333333,1,123
13734,63,1.0234215,246,13801,Y,105,2,123
12729,64,1.11078675,267,13734,N,106.666666666667,2,123
12175,65,1.18567125,285,12729,N,108.333333333333,2,123
14146,66,1.09414575,263,12175,N,110,2,123
2685,0,1.065024,256,NA,N,0,0,124
2552,1,1.031742,248,2685,N,1.66666666666667,0,124
2731,2,1.11910725,269,2552,N,3.33333333333333,0,124
2741,3,1.2231135,294,2731,N,5,0,124
2522,4,1.12742775,271,2741,N,6.66666666666667,0,124
2512,5,1.2563955,302,2522,N,8.33333333333333,0,124
2964,6,1.3063185,314,2512,N,10,0,124
2592,7,1.2896775,310,2964,N,11.6666666666667,0,124
3681,8,1.35208125,325,2592,N,13.3333333333333,0,124
3357,9,1.35208125,325,3681,N,15,0,124
3278,10,1.48520925,357,3357,N,16.6666666666667,0,124
4034,11,1.28551725,309,3278,N,18.3333333333333,0,124
3107,12,1.37704275,331,4034,N,20,0,124
3800,13,1.41032475,339,3107,N,21.6666666666667,0,124
3972,14,1.481049,356,3800,N,23.3333333333333,0,124
3806,15,1.5892155,382,3972,N,25,0,124
4526,16,1.51849125,365,3806,N,26.6666666666667,0,124
5184,17,1.61001675,387,4526,N,28.3333333333333,0,124
4639,18,1.67658075,403,5184,N,30,0,124
4814,19,1.61833725,389,4639,N,31.6666666666667,0,124
5032,20,1.6391385,394,4814,N,33.3333333333333,0,124
4667,21,1.6890615,406,5032,N,35,0,124
4626,22,1.83051,440,4667,N,36.6666666666667,0,124
4660,23,1.78474725,429,4626,N,38.3333333333333,0,124
5732,24,1.95115725,469,4660,N,40,0,124
5852,25,1.963638,472,5732,N,41.6666666666667,0,124
5855,26,2.363022,568,5852,N,43.3333333333333,0,124
6115,27,2.32557975,559,5855,N,45,0,124
6247,28,1.06086375,255,6115,Y,46.6666666666667,1,124
5708,29,1.13574825,273,6247,N,48.3333333333333,1,124
6108,30,1.21063275,291,5708,N,50,1,124
6272,31,1.264716,304,6108,N,51.6666666666667,1,124
6967,32,1.35208125,325,6272,N,53.3333333333333,1,124
7612,33,1.50185025,361,6967,N,55,1,124
7459,34,1.4394465,346,7612,N,56.6666666666667,1,124
2188,0,0.898614,216,NA,N,0,0,125
2170,1,0.95269725,229,2188,N,1.66666666666667,0,125
2173,2,0.965178,232,2170,N,3.33333333333333,0,125
2241,3,0.94437675,227,2173,N,5,0,125
2154,4,1.02758175,247,2241,N,6.66666666666667,0,125
2172,5,1.0567035,254,2154,N,8.33333333333333,0,125
2416,6,1.065024,256,2172,N,10,0,125
2199,7,1.05254325,253,2416,N,11.6666666666667,0,125
3501,8,1.13574825,273,2199,N,13.3333333333333,0,125
3238,9,1.2563955,302,3501,N,15,0,125
3143,10,1.264716,304,3238,N,16.6666666666667,0,125
3600,11,1.281357,308,3143,N,18.3333333333333,0,125
3034,12,1.27719675,307,3600,N,20,0,125
3517,13,1.2563955,302,3034,N,21.6666666666667,0,125
3863,14,1.2896775,310,3517,N,23.3333333333333,0,125
3515,15,1.28551725,309,3863,N,25,0,125
4140,16,1.297998,312,3515,N,26.6666666666667,0,125
5109,17,1.35208125,325,4140,N,28.3333333333333,0,125
4199,18,1.29383775,311,5109,N,30,0,125
4416,19,1.35208125,325,4199,N,31.6666666666667,0,125
4633,20,1.31047875,315,4416,N,33.3333333333333,0,125
4245,21,1.3229595,318,4633,N,35,0,125
4221,22,1.33544025,321,4245,N,36.6666666666667,0,125
4307,23,1.35208125,325,4221,N,38.3333333333333,0,125
5290,24,1.49769,360,4307,N,40,0,125
5459,25,1.5725745,378,5290,N,41.6666666666667,0,125
5509,26,1.6641,400,5459,N,43.3333333333333,0,125
5716,27,1.697382,408,5509,N,45,0,125
6093,28,1.81802925,437,5716,N,46.6666666666667,0,125
5299,29,2.04268275,491,6093,N,48.3333333333333,0,125
5408,30,2.1882915,526,5299,N,50,0,125
5542,31,2.23405425,537,5408,N,51.6666666666667,0,125
6758,32,2.43374625,585,5542,N,53.3333333333333,0,125
7495,33,2.45038725,589,6758,N,55,0,125
6824,34,2.7540855,662,7495,N,56.6666666666667,0,125
6515,35,2.82897,680,6824,N,58.3333333333333,0,125
7038,36,1.5060105,362,6515,Y,60,1,125
7285,37,1.59337575,383,7038,N,61.6666666666667,1,125
6847,38,1.51849125,365,7285,N,63.3333333333333,1,125
6444,39,1.71818325,413,6847,N,65,1,125
7912,40,1.70986275,411,6444,N,66.6666666666667,1,125
7723,41,1.847151,444,7912,N,68.3333333333333,1,125
8463,42,1.95115725,469,7723,N,70,1,125
8706,43,1.7889075,430,8463,N,71.6666666666667,1,125
8795,44,1.94283675,467,8706,N,73.3333333333333,1,125
8312,45,2.0052405,482,8795,N,75,1,125
8090,46,2.113407,508,8312,N,76.6666666666667,1,125
9163,47,2.20077225,529,8090,N,78.3333333333333,1,125
9439,48,2.26733625,545,9163,N,80,1,125
9385,49,2.229894,536,9439,N,81.6666666666667,1,125
10098,50,2.32974,560,9385,N,83.3333333333333,1,125
10594,51,2.30061825,553,10098,N,85,1,125
10214,52,2.762406,664,10594,N,86.6666666666667,1,125
9852,53,2.52527175,607,10214,N,88.3333333333333,1,125
10468,54,2.93297625,705,9852,N,90,1,125
10669,55,3.145149,756,10468,N,91.6666666666667,1,125
11177,56,2.73328425,657,10669,N,93.3333333333333,1,125
11069,57,1.16903025,281,11177,Y,95,2,125
11850,58,1.3229595,318,11069,N,96.6666666666667,2,125
12917,59,1.27719675,307,11850,N,98.3333333333333,2,125
2713,0,0.9069345,218,NA,N,0,0,126
2588,1,0.96101775,231,2713,N,1.66666666666667,0,126
2784,2,1.0567035,254,2588,N,3.33333333333333,0,126
2809,3,1.12742775,271,2784,N,5,0,126
2567,4,1.048383,252,2809,N,6.66666666666667,0,126
2565,5,1.16070975,279,2567,N,8.33333333333333,0,126
2971,6,1.16487,280,2565,N,10,0,126
2634,7,1.1565495,278,2971,N,11.6666666666667,0,126
3709,8,1.181511,284,2634,N,13.3333333333333,0,126
3373,9,1.17735075,283,3709,N,15,0,126
3297,10,1.26055575,303,3373,N,16.6666666666667,0,126
4043,11,1.26887625,305,3297,N,18.3333333333333,0,126
3129,12,1.24391475,299,4043,N,20,0,126
3821,13,1.264716,304,3129,N,21.6666666666667,0,126
3980,14,1.34376075,323,3821,N,23.3333333333333,0,126
3826,15,1.3895235,334,3980,N,25,0,126
4608,16,1.4394465,346,3826,N,26.6666666666667,0,126
5195,17,1.51017075,363,4608,N,28.3333333333333,0,126
4781,18,1.4228055,342,5195,N,30,0,126
4863,19,1.46856825,353,4781,N,31.6666666666667,0,126
5039,20,1.45192725,349,4863,N,33.3333333333333,0,126
4691,21,1.47688875,355,5039,N,35,0,126
4710,22,1.49352975,359,4691,N,36.6666666666667,0,126
4680,23,1.4893695,358,4710,N,38.3333333333333,0,126
5765,24,1.55177325,373,4680,N,40,0,126
5874,25,1.61001675,387,5765,N,41.6666666666667,0,126
5871,26,1.77642675,427,5874,N,43.3333333333333,0,126
6131,27,1.78474725,429,5871,N,45,0,126
6252,28,1.98443925,477,6131,N,46.6666666666667,0,126
5726,29,2.146689,516,6252,N,48.3333333333333,0,126
6127,30,2.17581075,523,5726,N,50,0,126
6284,31,2.23405425,537,6127,N,51.6666666666667,0,126
6987,32,1.15238925,277,6284,Y,53.3333333333333,1,126
7620,33,1.181511,284,6987,N,55,1,126
7471,34,1.36040175,327,7620,N,56.6666666666667,1,126
6668,35,1.32711975,319,7471,N,58.3333333333333,1,126
7223,36,1.37704275,331,6668,N,60,1,126
7361,37,1.54345275,371,7223,N,61.6666666666667,1,126
7023,38,1.347921,324,7361,N,63.3333333333333,1,126
6555,39,1.59337575,383,7023,N,65,1,126
7995,40,1.72650375,415,6555,N,66.6666666666667,1,126
7807,41,1.797228,432,7995,N,68.3333333333333,1,126
8597,42,1.8388305,442,7807,N,70,1,126
8836,43,1.76810625,425,8597,N,71.6666666666667,1,126
9023,44,0.881973,212,8836,Y,73.3333333333333,2,126
8473,45,0.8403705,202,9023,N,75,2,126
8195,46,1.048383,252,8473,N,76.6666666666667,2,126
9268,47,0.9402165,226,8195,N,78.3333333333333,2,126
9552,48,1.131588,272,9268,N,80,2,126
9732,49,1.01926125,245,9552,N,81.6666666666667,2,126
10258,50,1.0400625,250,9732,N,83.3333333333333,2,126
11543,51,1.065024,256,10258,N,85,2,126
10570,52,1.25223525,301,11543,N,86.6666666666667,2,126
9968,53,1.21063275,291,10570,N,88.3333333333333,2,126
11047,54,1.281357,308,9968,N,90,2,126
11436,55,1.381203,332,11047,N,91.6666666666667,2,126
11735,56,1.42696575,343,11436,N,93.3333333333333,2,126
11707,57,1.514331,364,11735,N,95,2,126
13616,62,1.83467025,441,11707,N,103.333333333333,2,126
13689,63,0.89445375,215,13616,Y,105,3,126
2718,0,1.21895325,293,NA,N,0,0,127
2599,1,1.21895325,293,2718,N,1.66666666666667,0,127
2812,2,1.28551725,309,2599,N,3.33333333333333,0,127
2824,3,1.314639,316,2812,N,5,0,127
2581,4,1.41032475,339,2824,N,6.66666666666667,0,127
2578,5,1.447767,348,2581,N,8.33333333333333,0,127
2973,6,1.3895235,334,2578,N,10,0,127
2653,7,1.530972,368,2973,N,11.6666666666667,0,127
3713,8,1.564254,376,2653,N,13.3333333333333,0,127
3376,9,1.5892155,382,3713,N,15,0,127
3301,10,1.66826025,401,3376,N,16.6666666666667,0,127
4045,11,1.697382,408,3301,N,18.3333333333333,0,127
3133,12,1.64329875,395,4045,N,20,0,127
3825,13,1.70154225,409,3133,N,21.6666666666667,0,127
3982,14,1.7389845,418,3825,N,23.3333333333333,0,127
3830,15,1.7057025,410,3982,N,25,0,127
4619,16,1.79306775,431,3830,N,26.6666666666667,0,127
5197,17,1.8887535,454,4619,N,28.3333333333333,0,127
4796,18,1.99692,480,5197,N,30,0,127
4875,19,2.0884455,502,4796,N,31.6666666666667,0,127
5042,20,2.00108025,481,4875,N,33.3333333333333,0,127
4698,21,1.11078675,267,5042,Y,35,1,127
4719,22,1.0899855,262,4698,N,36.6666666666667,1,127
4692,23,1.10246625,265,4719,N,38.3333333333333,1,127
5776,24,1.41032475,339,4692,N,40,1,127
5886,25,1.314639,316,5776,N,41.6666666666667,1,127
5877,26,1.46856825,353,5886,N,43.3333333333333,1,127
6135,27,1.4228055,342,5877,N,45,1,127
6254,28,1.37704275,331,6135,N,46.6666666666667,1,127
5731,29,1.65161925,397,6254,N,48.3333333333333,1,127
6132,30,1.4893695,358,5731,N,50,1,127
6288,31,1.481049,356,6132,N,51.6666666666667,1,127
2718,0,1.21895325,293,NA,N,0,0,128
2599,1,1.21895325,293,2718,N,1.66666666666667,0,128
2812,2,1.28551725,309,2599,N,3.33333333333333,0,128
2824,3,1.314639,316,2812,N,5,0,128
2581,4,1.41032475,339,2824,N,6.66666666666667,0,128
2578,5,1.447767,348,2581,N,8.33333333333333,0,128
2973,6,1.3895235,334,2578,N,10,0,128
2653,7,1.530972,368,2973,N,11.6666666666667,0,128
3713,8,1.564254,376,2653,N,13.3333333333333,0,128
3376,9,1.5892155,382,3713,N,15,0,128
3301,10,1.66826025,401,3376,N,16.6666666666667,0,128
4045,11,1.697382,408,3301,N,18.3333333333333,0,128
3133,12,1.64329875,395,4045,N,20,0,128
3825,13,1.70154225,409,3133,N,21.6666666666667,0,128
3982,14,1.7389845,418,3825,N,23.3333333333333,0,128
3830,15,1.7057025,410,3982,N,25,0,128
4619,16,1.79306775,431,3830,N,26.6666666666667,0,128
5197,17,1.8887535,454,4619,N,28.3333333333333,0,128
4796,18,1.99692,480,5197,N,30,0,128
4875,19,2.0884455,502,4796,N,31.6666666666667,0,128
5042,20,2.00108025,481,4875,N,33.3333333333333,0,128
4703,21,0.92773575,223,5042,Y,35,1,128
4724,22,1.02758175,247,4703,N,36.6666666666667,1,128
4696,23,1.05254325,253,4724,N,38.3333333333333,1,128
5782,24,1.21063275,291,4696,N,40,1,128
5892,25,1.25223525,301,5782,N,41.6666666666667,1,128
5882,26,1.06086375,255,5892,N,43.3333333333333,1,128
6141,27,1.09414575,263,5882,N,45,1,128
6255,28,1.1898315,286,6141,N,46.6666666666667,1,128
5737,29,1.2231135,294,6255,N,48.3333333333333,1,128
6136,30,1.297998,312,5737,N,50,1,128
6993,32,1.4893695,358,6136,N,53.3333333333333,1,128
7622,33,1.381203,332,6993,N,55,1,128
7475,34,1.431126,344,7622,N,56.6666666666667,1,128
6670,35,1.5226515,366,7475,N,58.3333333333333,1,128
7227,36,1.56009375,375,6670,N,60,1,128
7364,37,1.580895,380,7227,N,61.6666666666667,1,128
7031,38,1.56009375,375,7364,N,63.3333333333333,1,128
7998,40,1.74314475,419,7031,N,66.6666666666667,1,128
7810,41,1.697382,408,7998,N,68.3333333333333,1,128
8840,43,1.414485,340,7810,N,71.6666666666667,1,128
9008,45,1.547613,372,8840,N,75,1,128
8222,46,1.85131125,445,9008,N,76.6666666666667,1,128
9297,47,2.1050865,506,8222,N,78.3333333333333,1,128
9582,48,2.113407,508,9297,N,80,1,128
9757,49,2.23405425,537,9582,N,81.6666666666667,1,128
10315,50,2.9038545,698,9757,N,83.3333333333333,1,128
10651,52,2.8539315,686,10315,N,86.6666666666667,1,128
9832,53,1.547613,372,10651,Y,88.3333333333333,2,128
10898,54,1.547613,372,9832,N,90,2,128
10951,55,1.5892155,382,10898,N,91.6666666666667,2,128
11502,56,1.897074,456,10951,N,93.3333333333333,2,128
11329,57,2.096766,504,11502,N,95,2,128
11955,58,2.60847675,627,11329,N,96.6666666666667,2,128
13121,59,2.77488675,667,11955,N,98.3333333333333,2,128
12531,60,1.05254325,253,13121,Y,100,3,128
2208,0,0.931896,224,NA,N,0,0,129
2193,1,0.95269725,229,2208,N,1.66666666666667,0,129
2201,2,0.948537,228,2193,N,3.33333333333333,0,129
2252,3,0.98597925,237,2201,N,5,0,129
2176,4,1.065024,256,2252,N,6.66666666666667,0,129
2191,5,1.15238925,277,2176,N,8.33333333333333,0,129
2431,6,1.098306,264,2191,N,10,0,129
2222,7,1.20231225,289,2431,N,11.6666666666667,0,129
3507,8,1.2730365,306,2222,N,13.3333333333333,0,129
3244,9,1.34376075,323,3507,N,15,0,129
3147,10,1.31047875,315,3244,N,16.6666666666667,0,129
3609,11,1.48520925,357,3147,N,18.3333333333333,0,129
3037,12,1.447767,348,3609,N,20,0,129
3523,13,1.5892155,382,3037,N,21.6666666666667,0,129
3872,14,1.57673475,379,3523,N,23.3333333333333,0,129
3522,15,1.547613,372,3872,N,25,0,129
4145,16,1.697382,408,3522,N,26.6666666666667,0,129
5113,17,1.747305,420,4145,N,28.3333333333333,0,129
4205,18,1.78474725,429,5113,N,30,0,129
4439,19,1.99692,480,4205,N,31.6666666666667,0,129
4644,20,2.0551635,494,4439,N,33.3333333333333,0,129
4250,21,2.096766,504,4644,N,35,0,129
4225,22,2.32974,560,4250,N,36.6666666666667,0,129
4319,23,2.32974,560,4225,N,38.3333333333333,0,129
5309,24,2.429586,584,4319,N,40,0,129
5475,25,2.512791,604,5309,N,41.6666666666667,0,129
5522,26,1.114947,268,5475,Y,43.3333333333333,1,129
5741,27,1.2397545,298,5522,N,45,1,129
6121,28,1.34376075,323,5741,N,46.6666666666667,1,129
5306,29,1.3728825,330,6121,N,48.3333333333333,1,129
5709,30,1.32711975,319,5306,N,50,1,129
5583,31,1.32711975,319,5709,N,51.6666666666667,1,129
6782,32,1.3229595,318,5583,N,53.3333333333333,1,129
7528,33,1.40200425,337,6782,N,55,1,129
6848,34,1.347921,324,7528,N,56.6666666666667,1,129
6529,35,1.3229595,318,6848,N,58.3333333333333,1,129
7060,36,1.31879925,317,6529,N,60,1,129
6450,39,1.2231135,294,7060,N,65,1,129
7920,40,1.3895235,334,6450,N,66.6666666666667,1,129
7731,41,1.41032475,339,7920,N,68.3333333333333,1,129
8479,42,1.25223525,301,7731,N,70,1,129
8714,43,1.59337575,383,8479,N,71.6666666666667,1,129
8852,44,1.614177,388,8714,N,73.3333333333333,1,129
8318,45,1.6557795,398,8852,N,75,1,129
8096,46,1.5725745,378,8318,N,76.6666666666667,1,129
9168,47,1.64329875,395,8096,N,78.3333333333333,1,129
9444,48,1.580895,380,9168,N,80,1,129
9629,49,1.68490125,405,9444,N,81.6666666666667,1,129
10103,50,1.66826025,401,9629,N,83.3333333333333,1,129
10886,51,1.697382,408,10103,N,85,1,129
10418,52,1.797228,432,10886,N,86.6666666666667,1,129
9861,53,1.9885995,478,10418,N,88.3333333333333,1,129
10921,54,2.15084925,517,9861,N,90,1,129
10972,55,2.2382145,538,10921,N,91.6666666666667,1,129
11554,56,2.45038725,589,10972,N,93.3333333333333,1,129
11396,57,2.479509,596,11554,N,95,1,129
11965,58,2.146689,516,11396,N,96.6666666666667,1,129
13137,59,0.8902935,214,11965,Y,98.3333333333333,2,129
12544,60,1.28551725,309,13137,N,100,2,129
13440,61,1.50185025,361,12544,N,101.666666666667,2,129
14049,62,1.53513225,369,13440,N,103.333333333333,2,129
13884,63,1.564254,376,14049,N,105,2,129
12852,64,1.697382,408,13884,N,106.666666666667,2,129
12265,65,1.6557795,398,12852,N,108.333333333333,2,129
14363,66,1.5725745,378,12265,N,110,2,129
15589,68,0.7904475,190,14363,Y,113.333333333333,3,129
15277,69,0.8237295,198,15589,N,115,3,129
15350,70,0.67812075,163,15277,N,116.666666666667,3,129
2208,0,0.931896,224,NA,N,0,0,130
2193,1,0.95269725,229,2208,N,1.66666666666667,0,130
2201,2,0.948537,228,2193,N,3.33333333333333,0,130
2252,3,0.98597925,237,2201,N,5,0,130
2176,4,1.065024,256,2252,N,6.66666666666667,0,130
2191,5,1.15238925,277,2176,N,8.33333333333333,0,130
2431,6,1.098306,264,2191,N,10,0,130
2222,7,1.20231225,289,2431,N,11.6666666666667,0,130
3507,8,1.2730365,306,2222,N,13.3333333333333,0,130
3244,9,1.34376075,323,3507,N,15,0,130
3147,10,1.31047875,315,3244,N,16.6666666666667,0,130
3609,11,1.48520925,357,3147,N,18.3333333333333,0,130
3037,12,1.447767,348,3609,N,20,0,130
3523,13,1.5892155,382,3037,N,21.6666666666667,0,130
3872,14,1.57673475,379,3523,N,23.3333333333333,0,130
3522,15,1.547613,372,3872,N,25,0,130
4145,16,1.697382,408,3522,N,26.6666666666667,0,130
5113,17,1.747305,420,4145,N,28.3333333333333,0,130
4205,18,1.78474725,429,5113,N,30,0,130
4439,19,1.99692,480,4205,N,31.6666666666667,0,130
4644,20,2.0551635,494,4439,N,33.3333333333333,0,130
4250,21,2.096766,504,4644,N,35,0,130
4225,22,2.32974,560,4250,N,36.6666666666667,0,130
4319,23,2.32974,560,4225,N,38.3333333333333,0,130
5309,24,2.429586,584,4319,N,40,0,130
5475,25,2.512791,604,5309,N,41.6666666666667,0,130
5516,26,1.26887625,305,5475,Y,43.3333333333333,1,130
5736,27,1.30215825,313,5516,N,45,1,130
6116,28,1.31879925,317,5736,N,46.6666666666667,1,130
5304,29,1.364562,328,6116,N,48.3333333333333,1,130
5704,30,1.447767,348,5304,N,50,1,130
5580,31,1.35208125,325,5704,N,51.6666666666667,1,130
6779,32,1.4893695,358,5580,N,53.3333333333333,1,130
7526,33,1.52681175,367,6779,N,55,1,130
6846,34,1.66826025,401,7526,N,56.6666666666667,1,130
6527,35,1.6890615,406,6846,N,58.3333333333333,1,130
7058,36,1.85131125,445,6527,N,60,1,130
7290,37,2.11756725,509,7058,N,61.6666666666667,1,130
6857,38,2.5543935,614,7290,N,63.3333333333333,1,130
6449,39,2.130048,512,6857,N,65,1,130
7919,40,1.05254325,253,6449,Y,66.6666666666667,2,130
7730,41,0.96101775,231,7919,N,68.3333333333333,2,130
8476,42,1.05254325,253,7730,N,70,2,130
8713,43,1.00262025,241,8476,N,71.6666666666667,2,130
8850,44,1.181511,284,8713,N,73.3333333333333,2,130
8317,45,1.18567125,285,8850,N,75,2,130
8095,46,1.35208125,325,8317,N,76.6666666666667,2,130
9167,47,1.44360675,347,8095,N,78.3333333333333,2,130
9443,48,1.5060105,362,9167,N,80,2,130
9628,49,1.65161925,397,9443,N,81.6666666666667,2,130
10102,50,1.59337575,383,9628,N,83.3333333333333,2,130
10883,51,1.71818325,413,10102,N,85,2,130
10416,52,1.69322175,407,10883,N,86.6666666666667,2,130
9860,53,1.63497825,393,10416,N,88.3333333333333,2,130
10919,54,0.8070885,194,9860,Y,90,3,130
10970,55,0.74468475,179,10919,N,91.6666666666667,3,130
11547,56,0.83621025,201,10970,N,93.3333333333333,3,130
11392,57,0.9402165,226,11547,N,95,3,130
11964,58,1.33128,320,11392,N,96.6666666666667,3,130
13136,59,1.26887625,305,11964,N,98.3333333333333,3,130
12543,60,1.3895235,334,13136,N,100,3,130
13439,61,1.65161925,397,12543,N,101.666666666667,3,130
14047,62,1.5892155,382,13439,N,103.333333333333,3,130
13882,63,1.763946,424,14047,N,105,3,130
12851,64,1.8721125,450,13882,N,106.666666666667,3,130
12264,65,1.5226515,366,12851,N,108.333333333333,3,130
14362,66,0.815409,196,12264,Y,110,4,130
14714,67,1.03590225,249,14362,N,111.666666666667,4,130
15622,68,1.1232675,270,14714,N,113.333333333333,4,130
15309,69,1.0400625,250,15622,N,115,4,130
15386,70,0.9901395,238,15309,N,116.666666666667,4,130
2721,0,0.682281,164,NA,N,0,0,131
2616,1,0.75300525,181,2721,N,1.66666666666667,0,131
2829,2,0.7738065,186,2616,N,3.33333333333333,0,131
2845,3,0.8570115,206,2829,N,5,0,131
2601,4,0.92773575,223,2845,N,6.66666666666667,0,131
2602,5,0.9734985,234,2601,N,8.33333333333333,0,131
2979,6,1.048383,252,2602,N,10,0,131
2666,7,0.96101775,231,2979,N,11.6666666666667,0,131
3721,8,1.0067805,242,2666,N,13.3333333333333,0,131
3382,9,0.96933825,233,3721,N,15,0,131
3309,10,1.09414575,263,3382,N,16.6666666666667,0,131
4050,11,1.015101,244,3309,N,18.3333333333333,0,131
3145,12,1.048383,252,4050,N,20,0,131
3836,13,1.0733445,258,3145,N,21.6666666666667,0,131
3986,14,1.198152,288,3836,N,23.3333333333333,0,131
3846,15,1.26887625,305,3986,N,25,0,131
4679,16,1.29383775,311,3846,N,26.6666666666667,0,131
5202,17,1.4228055,342,4679,N,28.3333333333333,0,131
4818,18,1.381203,332,5202,N,30,0,131
4893,19,1.4394465,346,4818,N,31.6666666666667,0,131
5046,20,1.4061645,338,4893,N,33.3333333333333,0,131
4723,21,1.464408,352,5046,N,35,0,131
4744,22,1.53513225,369,4723,N,36.6666666666667,0,131
4727,23,1.56009375,375,4744,N,38.3333333333333,0,131
5808,24,1.62665775,391,4727,N,40,0,131
5922,25,1.8055485,434,5808,N,41.6666666666667,0,131
5911,26,1.847151,444,5922,N,43.3333333333333,0,131
6164,27,1.9719585,474,5911,N,45,0,131
6266,28,2.00940075,483,6164,N,46.6666666666667,0,131
5768,29,2.179971,524,6266,N,48.3333333333333,0,131
6156,30,2.22573375,535,5768,N,50,0,131
6297,31,1.08582525,261,6156,Y,51.6666666666667,1,131
7003,32,1.181511,284,6297,N,53.3333333333333,1,131
7627,33,1.20231225,289,7003,N,55,1,131
2721,0,0.682281,164,NA,N,0,0,132
2616,1,0.75300525,181,2721,N,1.66666666666667,0,132
2829,2,0.7738065,186,2616,N,3.33333333333333,0,132
2845,3,0.8570115,206,2829,N,5,0,132
2601,4,0.92773575,223,2845,N,6.66666666666667,0,132
2602,5,0.9734985,234,2601,N,8.33333333333333,0,132
2979,6,1.048383,252,2602,N,10,0,132
2666,7,0.96101775,231,2979,N,11.6666666666667,0,132
3721,8,1.0067805,242,2666,N,13.3333333333333,0,132
3382,9,0.96933825,233,3721,N,15,0,132
3309,10,1.09414575,263,3382,N,16.6666666666667,0,132
4050,11,1.015101,244,3309,N,18.3333333333333,0,132
3145,12,1.048383,252,4050,N,20,0,132
3836,13,1.0733445,258,3145,N,21.6666666666667,0,132
3986,14,1.198152,288,3836,N,23.3333333333333,0,132
3846,15,1.26887625,305,3986,N,25,0,132
4679,16,1.29383775,311,3846,N,26.6666666666667,0,132
5202,17,1.4228055,342,4679,N,28.3333333333333,0,132
4818,18,1.381203,332,5202,N,30,0,132
4893,19,1.4394465,346,4818,N,31.6666666666667,0,132
5046,20,1.4061645,338,4893,N,33.3333333333333,0,132
4723,21,1.464408,352,5046,N,35,0,132
4744,22,1.53513225,369,4723,N,36.6666666666667,0,132
4727,23,1.56009375,375,4744,N,38.3333333333333,0,132
5808,24,1.62665775,391,4727,N,40,0,132
5922,25,1.8055485,434,5808,N,41.6666666666667,0,132
5911,26,1.847151,444,5922,N,43.3333333333333,0,132
6164,27,1.9719585,474,5911,N,45,0,132
6266,28,2.00940075,483,6164,N,46.6666666666667,0,132
5768,29,2.179971,524,6266,N,48.3333333333333,0,132
6156,30,2.22573375,535,5768,N,50,0,132
6298,31,1.1399085,274,6156,Y,51.6666666666667,1,132
7005,32,1.25223525,301,6298,N,53.3333333333333,1,132
7628,33,1.20231225,289,7005,N,55,1,132
7485,34,1.35208125,325,7628,N,56.6666666666667,1,132
6675,35,1.4061645,338,7485,N,58.3333333333333,1,132
7232,36,1.41032475,339,6675,N,60,1,132
7369,37,1.564254,376,7232,N,61.6666666666667,1,132
7046,38,1.49352975,359,7369,N,63.3333333333333,1,132
6562,39,1.61001675,387,7046,N,65,1,132
8004,40,1.6641,400,6562,N,66.6666666666667,1,132
7817,41,1.80970875,435,8004,N,68.3333333333333,1,132
8607,42,1.91787525,461,7817,N,70,1,132
8848,43,1.9053945,458,8607,N,71.6666666666667,1,132
9042,44,2.013561,484,8848,N,73.3333333333333,1,132
8952,45,2.14252875,515,9042,N,75,1,132
8207,46,2.55023325,613,8952,N,76.6666666666667,1,132
9280,47,2.6542395,638,8207,N,78.3333333333333,1,132
9565,48,1.397844,336,9280,Y,80,2,132
9744,49,1.63497825,393,9565,N,81.6666666666667,2,132
10284,50,1.75146525,421,9744,N,83.3333333333333,2,132
10773,51,1.77642675,427,10284,N,85,2,132
10297,52,1.75978575,423,10773,N,86.6666666666667,2,132
9981,53,1.83051,440,10297,N,88.3333333333333,2,132
10634,54,2.0218815,486,9981,N,90,2,132
10827,55,2.1383685,514,10634,N,91.6666666666667,2,132
11293,56,2.21741325,533,10827,N,93.3333333333333,2,132
11211,57,1.30215825,313,11293,Y,95,3,132
2732,0,1.1898315,286,NA,N,0,0,133
2635,1,1.21895325,293,2732,N,1.66666666666667,0,133
2842,2,1.28551725,309,2635,N,3.33333333333333,0,133
2856,3,1.36872225,329,2842,N,5,0,133
2610,4,1.297998,312,2856,N,6.66666666666667,0,133
2614,5,1.41032475,339,2610,N,8.33333333333333,0,133
2981,6,1.46024775,351,2614,N,10,0,133
2673,7,1.51849125,365,2981,N,11.6666666666667,0,133
3725,8,1.597536,384,2673,N,13.3333333333333,0,133
3384,9,1.51017075,363,3725,N,15,0,133
3313,10,1.6724205,402,3384,N,16.6666666666667,0,133
4052,11,1.39368375,335,3313,N,18.3333333333333,0,133
3148,12,1.52681175,367,4052,N,20,0,133
3842,13,1.51017075,363,3148,N,21.6666666666667,0,133
3988,14,1.4228055,342,3842,N,23.3333333333333,0,133
3852,15,1.6224975,390,3988,N,25,0,133
4690,16,1.57673475,379,3852,N,26.6666666666667,0,133
5204,17,1.5392925,370,4690,N,28.3333333333333,0,133
4830,18,1.5892155,382,5204,N,30,0,133
4904,19,1.63497825,393,4830,N,31.6666666666667,0,133
5048,20,1.6224975,390,4904,N,33.3333333333333,0,133
4735,21,1.67658075,403,5048,N,35,0,133
4757,22,1.78474725,429,4735,N,36.6666666666667,0,133
4741,23,1.76810625,425,4757,N,38.3333333333333,0,133
5825,24,1.7556255,422,4741,N,40,0,133
5937,25,1.79306775,431,5825,N,41.6666666666667,0,133
5924,26,2.16749025,521,5937,N,43.3333333333333,0,133
6165,27,2.0718045,498,5924,N,45,0,133
6268,28,2.32557975,559,6165,N,46.6666666666667,0,133
5778,29,2.379663,572,6268,N,48.3333333333333,0,133
6163,30,2.612637,628,5778,N,50,0,133
6301,31,2.50863075,603,6163,N,51.6666666666667,0,133
7008,32,2.68336125,645,6301,N,53.3333333333333,0,133
7629,33,1.25223525,301,7008,Y,55,1,133
2732,0,1.1898315,286,NA,N,0,0,134
2635,1,1.21895325,293,2732,N,1.66666666666667,0,134
2842,2,1.28551725,309,2635,N,3.33333333333333,0,134
2856,3,1.36872225,329,2842,N,5,0,134
2610,4,1.297998,312,2856,N,6.66666666666667,0,134
2614,5,1.41032475,339,2610,N,8.33333333333333,0,134
2981,6,1.46024775,351,2614,N,10,0,134
2673,7,1.51849125,365,2981,N,11.6666666666667,0,134
3725,8,1.597536,384,2673,N,13.3333333333333,0,134
3384,9,1.51017075,363,3725,N,15,0,134
3313,10,1.6724205,402,3384,N,16.6666666666667,0,134
4052,11,1.39368375,335,3313,N,18.3333333333333,0,134
3148,12,1.52681175,367,4052,N,20,0,134
3842,13,1.51017075,363,3148,N,21.6666666666667,0,134
3988,14,1.4228055,342,3842,N,23.3333333333333,0,134
3852,15,1.6224975,390,3988,N,25,0,134
4690,16,1.57673475,379,3852,N,26.6666666666667,0,134
5204,17,1.5392925,370,4690,N,28.3333333333333,0,134
4830,18,1.5892155,382,5204,N,30,0,134
4904,19,1.63497825,393,4830,N,31.6666666666667,0,134
5048,20,1.6224975,390,4904,N,33.3333333333333,0,134
4735,21,1.67658075,403,5048,N,35,0,134
4757,22,1.78474725,429,4735,N,36.6666666666667,0,134
4741,23,1.76810625,425,4757,N,38.3333333333333,0,134
5825,24,1.7556255,422,4741,N,40,0,134
5937,25,1.79306775,431,5825,N,41.6666666666667,0,134
5924,26,2.16749025,521,5937,N,43.3333333333333,0,134
6165,27,2.0718045,498,5924,N,45,0,134
6268,28,2.32557975,559,6165,N,46.6666666666667,0,134
5778,29,2.379663,572,6268,N,48.3333333333333,0,134
6163,30,2.612637,628,5778,N,50,0,134
6301,31,2.50863075,603,6163,N,51.6666666666667,0,134
7008,32,2.68336125,645,6301,N,53.3333333333333,0,134
7630,33,1.35208125,325,7008,Y,55,1,134
7487,34,1.514331,364,7630,N,56.6666666666667,1,134
6676,35,1.5892155,382,7487,N,58.3333333333333,1,134
7233,36,1.5892155,382,6676,N,60,1,134
7370,37,1.62665775,391,7233,N,61.6666666666667,1,134
7048,38,1.69322175,407,7370,N,63.3333333333333,1,134
6563,39,1.697382,408,7048,N,65,1,134
8005,40,1.880433,452,6563,N,66.6666666666667,1,134
7818,41,1.89291375,455,8005,N,68.3333333333333,1,134
8608,42,1.930356,464,7818,N,70,1,134
8849,43,2.10092625,505,8608,N,71.6666666666667,1,134
9044,44,2.19245175,527,8849,N,73.3333333333333,1,134
8955,45,2.30893875,555,9044,N,75,1,134
8208,46,2.279817,548,8955,N,76.6666666666667,1,134
9281,47,2.36718225,569,8208,N,78.3333333333333,1,134
9567,48,1.3229595,318,9281,Y,80,2,134
9746,49,1.41032475,339,9567,N,81.6666666666667,2,134
10285,50,1.49352975,359,9746,N,83.3333333333333,2,134
11573,51,1.3728825,330,10285,N,85,2,134
10599,52,1.4394465,346,11573,N,86.6666666666667,2,134
9982,53,1.48520925,357,10599,N,88.3333333333333,2,134
11070,54,1.56841425,377,9982,N,90,2,134
11466,55,1.6724205,402,11070,N,91.6666666666667,2,134
11750,56,1.780587,428,11466,N,93.3333333333333,2,134
11745,57,1.847151,444,11750,N,95,2,134
12046,58,2.179971,524,11745,N,96.6666666666667,2,134
13225,59,2.08428525,501,12046,N,98.3333333333333,2,134
12688,60,2.25069525,541,13225,N,100,2,134
13533,61,2.36718225,569,12688,N,101.666666666667,2,134
14344,62,1.1565495,278,13533,Y,103.333333333333,3,134
14181,63,1.35208125,325,14344,N,105,3,134
13038,64,1.4228055,342,14181,N,106.666666666667,3,134
12361,65,1.39368375,335,13038,N,108.333333333333,3,134
14468,66,1.40200425,337,12361,N,110,3,134
14805,67,1.48520925,357,14468,N,111.666666666667,3,134
15864,68,1.946997,468,14805,N,113.333333333333,3,134
15599,69,2.10092625,505,15864,N,115,3,134
15722,70,1.94283675,467,15599,N,116.666666666667,3,134
2225,0,1.45192725,349,NA,N,0,0,135
2223,1,1.4228055,342,2225,N,1.66666666666667,0,135
2214,2,1.564254,376,2223,N,3.33333333333333,0,135
2274,3,1.66826025,401,2214,N,5,0,135
2212,4,1.70154225,409,2274,N,6.66666666666667,0,135
2276,5,1.7556255,422,2212,N,8.33333333333333,0,135
2478,6,1.7556255,422,2276,N,10,0,135
2254,7,1.847151,444,2478,N,11.6666666666667,0,135
3524,8,1.93451625,465,2254,N,13.3333333333333,0,135
3256,9,2.00940075,483,3524,N,15,0,135
3157,10,1.95115725,469,3256,N,16.6666666666667,0,135
3630,11,2.0884455,502,3157,N,18.3333333333333,0,135
3043,12,1.99692,480,3630,N,20,0,135
3545,13,2.0718045,498,3043,N,21.6666666666667,0,135
3889,14,2.0551635,494,3545,N,23.3333333333333,0,135
3688,15,2.213253,532,3889,N,25,0,135
4175,16,2.29229775,551,3688,N,26.6666666666667,0,135
5120,17,2.279817,548,4175,N,28.3333333333333,0,135
4271,18,1.31879925,317,5120,Y,30,1,135
4471,19,1.32711975,319,4271,N,31.6666666666667,1,135
4943,20,1.35208125,325,4471,N,33.3333333333333,1,135
4320,21,1.397844,336,4943,N,35,1,135
4237,22,1.42696575,343,4320,N,36.6666666666667,1,135
4328,23,1.48520925,357,4237,N,38.3333333333333,1,135
5440,24,1.56009375,375,4328,N,40,1,135
5500,25,1.564254,376,5440,N,41.6666666666667,1,135
5535,26,1.60169625,385,5500,N,43.3333333333333,1,135
5759,27,1.5892155,382,5535,N,45,1,135
6138,28,1.65993975,399,5759,N,46.6666666666667,1,135
5310,29,1.697382,408,6138,N,48.3333333333333,1,135
5728,30,1.80970875,435,5310,N,50,1,135
5608,31,1.70986275,411,5728,N,51.6666666666667,1,135
6795,32,1.87627275,451,5608,N,53.3333333333333,1,135
7539,33,1.85963175,447,6795,N,55,1,135
6856,34,1.94283675,467,7539,N,56.6666666666667,1,135
6602,35,2.1716505,522,6856,N,58.3333333333333,1,135
7080,36,2.31725925,557,6602,N,60,1,135
7295,37,2.37550275,571,7080,N,61.6666666666667,1,135
6867,38,2.5211115,606,7295,N,63.3333333333333,1,135
6456,39,2.5876755,622,6867,N,65,1,135
7928,40,2.60847675,627,6456,N,66.6666666666667,1,135
7738,41,2.88305325,693,7928,N,68.3333333333333,1,135
8500,42,2.962098,712,7738,N,70,1,135
8722,43,1.4394465,346,8500,Y,71.6666666666667,2,135
8873,44,1.564254,376,8722,N,73.3333333333333,2,135
8330,45,1.61001675,387,8873,N,75,2,135
8104,46,1.61833725,389,8330,N,76.6666666666667,2,135
9176,47,1.92619575,463,8104,N,78.3333333333333,2,135
2483,0,0.8736525,210,NA,N,0,0,136
2345,1,0.915255,220,2483,N,1.66666666666667,0,136
2389,2,0.94437675,227,2345,N,3.33333333333333,0,136
2641,3,0.965178,232,2389,N,5,0,136
2405,4,0.99846,240,2641,N,6.66666666666667,0,136
2338,5,1.05254325,253,2405,N,8.33333333333333,0,136
2896,6,1.07750475,259,2338,N,10,0,136
2413,7,1.09414575,263,2896,N,11.6666666666667,0,136
3592,8,1.11078675,267,2413,N,13.3333333333333,0,136
3308,9,1.114947,268,3592,N,15,0,136
3231,10,1.231434,296,3308,N,16.6666666666667,0,136
3697,11,1.12742775,271,3231,N,18.3333333333333,0,136
3069,12,1.16070975,279,3697,N,20,0,136
3607,13,1.17735075,283,3069,N,21.6666666666667,0,136
3945,14,1.16903025,281,3607,N,23.3333333333333,0,136
3766,15,1.28551725,309,3945,N,25,0,136
4339,16,1.26055575,303,3766,N,26.6666666666667,0,136
5149,17,1.248075,300,4339,N,28.3333333333333,0,136
4413,18,1.281357,308,5149,N,30,0,136
4655,19,1.397844,336,4413,N,31.6666666666667,0,136
5001,20,1.31879925,317,4655,N,33.3333333333333,0,136
4434,21,1.44360675,347,5001,N,35,0,136
4432,22,1.4560875,350,4434,N,36.6666666666667,0,136
4457,23,1.70986275,411,4432,N,38.3333333333333,0,136
5585,24,1.71818325,413,4457,N,40,0,136
5646,25,1.81802925,437,5585,N,41.6666666666667,0,136
5662,26,1.89291375,455,5646,N,43.3333333333333,0,136
5944,27,1.88459325,453,5662,N,45,0,136
6216,28,2.113407,508,5944,N,46.6666666666667,0,136
5238,29,0.98597925,237,6216,Y,48.3333333333333,1,136
5322,30,1.081665,260,5238,N,50,1,136
5361,31,1.065024,256,5322,N,51.6666666666667,1,136
6715,32,0.95269725,229,5361,N,53.3333333333333,1,136
7433,33,0.97765875,235,6715,N,55,1,136
6744,34,1.1898315,286,7433,N,56.6666666666667,1,136
6405,35,1.10246625,265,6744,N,58.3333333333333,1,136
6949,36,1.148229,276,6405,N,60,1,136
7242,37,1.098306,264,6949,N,61.6666666666667,1,136
6733,38,1.33128,320,7242,N,63.3333333333333,1,136
6401,39,1.364562,328,6733,N,65,1,136
7870,40,1.39368375,335,6401,N,66.6666666666667,1,136
7681,41,1.37704275,331,7870,N,68.3333333333333,1,136
8394,42,1.381203,332,7681,N,70,1,136
8663,43,1.49352975,359,8394,N,71.6666666666667,1,136
8489,44,1.49769,360,8663,N,73.3333333333333,1,136
8266,45,1.59337575,383,8489,N,75,1,136
8049,46,1.730664,416,8266,N,76.6666666666667,1,136
9117,47,1.6058565,386,8049,N,78.3333333333333,1,136
9391,48,2.00940075,483,9117,N,80,1,136
9342,49,1.9053945,458,9391,N,81.6666666666667,1,136
10056,50,0.782127,188,9342,Y,83.3333333333333,2,136
10833,51,1.21895325,293,10056,N,85,2,136
10369,52,1.1066265,266,10833,N,86.6666666666667,2,136
9806,53,1.16487,280,10369,N,88.3333333333333,2,136
10844,54,1.2896775,310,9806,N,90,2,136
10918,55,1.231434,296,10844,N,91.6666666666667,2,136
11439,56,1.33128,320,10918,N,93.3333333333333,2,136
11272,57,1.4228055,342,11439,N,95,2,136
13095,59,1.61833725,389,11272,N,98.3333333333333,2,136
12517,60,1.946997,468,13095,N,100,2,136
13407,61,1.863792,448,12517,N,101.666666666667,2,136
13930,62,1.99275975,479,13407,N,103.333333333333,2,136
13819,63,1.09414575,263,13930,Y,105,3,136
12813,64,1.08582525,261,13819,N,106.666666666667,3,136
12226,65,0.9069345,218,12813,N,108.333333333333,3,136
14289,66,0.9901395,238,12226,N,110,3,136
14680,67,1.02758175,247,14289,N,111.666666666667,3,136
15502,68,1.181511,284,14680,N,113.333333333333,3,136
15201,69,1.3396005,322,15502,N,115,3,136
15271,70,1.5060105,362,15201,N,116.666666666667,3,136
2483,0,0.8736525,210,NA,N,0,0,137
2345,1,0.915255,220,2483,N,1.66666666666667,0,137
2389,2,0.94437675,227,2345,N,3.33333333333333,0,137
2641,3,0.965178,232,2389,N,5,0,137
2405,4,0.99846,240,2641,N,6.66666666666667,0,137
2338,5,1.05254325,253,2405,N,8.33333333333333,0,137
2896,6,1.07750475,259,2338,N,10,0,137
2413,7,1.09414575,263,2896,N,11.6666666666667,0,137
3592,8,1.11078675,267,2413,N,13.3333333333333,0,137
3308,9,1.114947,268,3592,N,15,0,137
3231,10,1.231434,296,3308,N,16.6666666666667,0,137
3697,11,1.12742775,271,3231,N,18.3333333333333,0,137
3069,12,1.16070975,279,3697,N,20,0,137
3607,13,1.17735075,283,3069,N,21.6666666666667,0,137
3945,14,1.16903025,281,3607,N,23.3333333333333,0,137
3766,15,1.28551725,309,3945,N,25,0,137
4339,16,1.26055575,303,3766,N,26.6666666666667,0,137
5149,17,1.248075,300,4339,N,28.3333333333333,0,137
4413,18,1.281357,308,5149,N,30,0,137
4655,19,1.397844,336,4413,N,31.6666666666667,0,137
5001,20,1.31879925,317,4655,N,33.3333333333333,0,137
4434,21,1.44360675,347,5001,N,35,0,137
4432,22,1.4560875,350,4434,N,36.6666666666667,0,137
4457,23,1.70986275,411,4432,N,38.3333333333333,0,137
5585,24,1.71818325,413,4457,N,40,0,137
5646,25,1.81802925,437,5585,N,41.6666666666667,0,137
5662,26,1.89291375,455,5646,N,43.3333333333333,0,137
5944,27,1.88459325,453,5662,N,45,0,137
6216,28,2.113407,508,5944,N,46.6666666666667,0,137
5448,29,1.11910725,269,6216,Y,48.3333333333333,1,137
5763,30,1.16487,280,5448,N,50,1,137
5653,31,1.181511,284,5763,N,51.6666666666667,1,137
6814,32,1.0400625,250,5653,N,53.3333333333333,1,137
7548,33,1.1232675,270,6814,N,55,1,137
6865,34,1.2563955,302,7548,N,56.6666666666667,1,137
6608,35,1.264716,304,6865,N,58.3333333333333,1,137
7096,36,1.34376075,323,6608,N,60,1,137
7301,37,1.34376075,323,7096,N,61.6666666666667,1,137
6880,38,1.35208125,325,7301,N,63.3333333333333,1,137
6463,39,1.447767,348,6880,N,65,1,137
7936,40,1.69322175,407,6463,N,66.6666666666667,1,137
7746,41,1.75978575,423,7936,N,68.3333333333333,1,137
8515,42,1.78474725,429,7746,N,70,1,137
8730,43,1.91787525,461,8515,N,71.6666666666667,1,137
8892,44,1.95947775,471,8730,N,73.3333333333333,1,137
8381,45,1.0567035,254,8892,Y,75,2,137
8154,46,0.93605625,225,8381,N,76.6666666666667,2,137
9225,47,1.01926125,245,8154,N,78.3333333333333,2,137
9507,48,1.0733445,258,9225,N,80,2,137
9692,49,1.21063275,291,9507,N,81.6666666666667,2,137
10172,50,1.2896775,310,9692,N,83.3333333333333,2,137
10682,51,1.40200425,337,10172,N,85,2,137
10257,52,1.3396005,322,10682,N,86.6666666666667,2,137
9929,53,1.26887625,305,10257,N,88.3333333333333,2,137
10533,54,1.31879925,317,9929,N,90,2,137
10772,55,1.53513225,369,10533,N,91.6666666666667,2,137
11236,56,1.5559335,374,10772,N,93.3333333333333,2,137
11142,57,1.74314475,419,11236,N,95,2,137
11879,58,1.90123425,457,11142,N,96.6666666666667,2,137
12968,59,2.20077225,529,11879,N,98.3333333333333,2,137
12451,60,0.93605625,225,12968,Y,100,3,137
13327,61,1.248075,300,12451,N,101.666666666667,3,137
13642,62,1.23559425,297,13327,N,103.333333333333,3,137
13712,63,1.31879925,317,13642,N,105,3,137
12703,64,1.20231225,289,13712,N,106.666666666667,3,137
12154,65,1.1399085,274,12703,N,108.333333333333,3,137
14093,66,1.15238925,277,12154,N,110,3,137
14609,67,1.26887625,305,14093,N,111.666666666667,3,137
15241,68,1.481049,356,14609,N,113.333333333333,3,137
14988,69,1.4560875,350,15241,N,115,3,137
15070,70,1.56841425,377,14988,N,116.666666666667,3,137
2750,0,0.9069345,218,NA,N,0,0,138
2687,1,0.8902935,214,2750,N,1.66666666666667,0,138
2859,2,0.9235755,222,2687,N,3.33333333333333,0,138
2872,3,0.9901395,238,2859,N,5,0,138
2631,4,1.02758175,247,2872,N,6.66666666666667,0,138
2627,5,1.06918425,257,2631,N,8.33333333333333,0,138
2983,6,1.098306,264,2627,N,10,0,138
2682,7,1.0400625,250,2983,N,11.6666666666667,0,138
3730,8,1.148229,276,2682,N,13.3333333333333,0,138
3386,9,1.10246625,265,3730,N,15,0,138
3319,10,1.21063275,291,3386,N,16.6666666666667,0,138
4055,11,1.1731905,282,3319,N,18.3333333333333,0,138
3154,12,1.231434,296,4055,N,20,0,138
3848,13,1.21063275,291,3154,N,21.6666666666667,0,138
3990,14,1.23559425,297,3848,N,23.3333333333333,0,138
3861,15,1.2231135,294,3990,N,25,0,138
4702,16,1.2064725,290,3861,N,26.6666666666667,0,138
5206,17,1.22727375,295,4702,N,28.3333333333333,0,138
4843,18,1.31047875,315,5206,N,30,0,138
4914,19,1.297998,312,4843,N,31.6666666666667,0,138
5050,20,1.28551725,309,4914,N,33.3333333333333,0,138
4748,21,1.33128,320,5050,N,35,0,138
4772,22,1.3895235,334,4748,N,36.6666666666667,0,138
4756,23,1.530972,368,4772,N,38.3333333333333,0,138
5837,24,1.54345275,371,4756,N,40,0,138
5948,25,1.547613,372,5837,N,41.6666666666667,0,138
5934,26,1.62665775,391,5948,N,43.3333333333333,0,138
6167,27,1.6557795,398,5934,N,45,0,138
6274,28,1.70154225,409,6167,N,46.6666666666667,0,138
5794,29,1.7889075,430,6274,N,48.3333333333333,0,138
6358,30,1.797228,432,5794,N,50,0,138
6303,31,2.02604175,487,6358,N,51.6666666666667,0,138
7011,32,2.0218815,486,6303,N,53.3333333333333,0,138
7632,33,2.03436225,489,7011,N,55,0,138
7489,34,2.096766,504,7632,N,56.6666666666667,0,138
6678,35,2.32557975,559,7489,N,58.3333333333333,0,138
7235,36,2.3547015,566,6678,N,60,0,138
7373,37,2.60847675,627,7235,N,61.6666666666667,0,138
7061,38,2.546073,612,7373,N,63.3333333333333,0,138
6566,39,2.9038545,698,7061,N,65,0,138
8009,40,2.912175,700,6566,N,66.6666666666667,0,138
7822,41,1.3895235,334,8009,Y,68.3333333333333,1,138
8613,42,1.44360675,347,7822,N,70,1,138
8859,43,1.36040175,327,8613,N,71.6666666666667,1,138
9054,44,1.597536,384,8859,N,73.3333333333333,1,138
8999,45,1.52681175,367,9054,N,75,1,138
8213,46,1.397844,336,8999,N,76.6666666666667,1,138
9286,47,1.65993975,399,8213,N,78.3333333333333,1,138
9572,48,1.69322175,407,9286,N,80,1,138
9749,49,1.8554715,446,9572,N,81.6666666666667,1,138
10294,50,1.6641,400,9749,N,83.3333333333333,1,138
11600,51,2.0884455,502,10294,N,85,1,138
10627,52,0.94437675,227,11600,Y,86.6666666666667,2,138
9989,53,1.131588,272,10627,N,88.3333333333333,2,138
11081,54,1.4061645,338,9989,N,90,2,138
11488,55,1.40200425,337,11081,N,91.6666666666667,2,138
11763,56,1.51017075,363,11488,N,93.3333333333333,2,138
11756,57,1.54345275,371,11763,N,95,2,138
2245,0,1.6058565,386,NA,N,0,0,139
2237,1,2.02604175,487,2245,N,1.66666666666667,0,139
2229,2,2.19245175,527,2237,N,3.33333333333333,0,139
2387,3,2.2548555,542,2229,N,5,0,139
2228,4,1.880433,452,2387,N,6.66666666666667,0,139
2281,5,2.3713425,570,2228,N,8.33333333333333,0,139
2496,6,2.34222075,563,2281,N,10,0,139
2275,7,1.9719585,474,2496,N,11.6666666666667,0,139
3532,8,0.8736525,210,2275,Y,13.3333333333333,1,139
3262,9,0.88613325,213,3532,N,15,1,139
3164,10,1.01094075,243,3262,N,16.6666666666667,1,139
3637,11,0.88613325,213,3164,N,18.3333333333333,1,139
3046,12,0.81124875,195,3637,N,20,1,139
3551,13,0.881973,212,3046,N,21.6666666666667,1,139
3899,14,1.0234215,246,3551,N,23.3333333333333,1,139
3692,15,0.931896,224,3899,N,25,1,139
4177,16,0.8902935,214,3692,N,26.6666666666667,1,139
5123,17,0.8570115,206,4177,N,28.3333333333333,1,139
4281,18,0.9568575,230,5123,N,30,1,139
4483,19,0.9568575,230,4281,N,31.6666666666667,1,139
4951,20,0.82788975,199,4483,N,33.3333333333333,1,139
4329,21,0.88613325,213,4951,N,35,1,139
4240,22,0.91109475,219,4329,N,36.6666666666667,1,139
4332,23,0.85285125,205,4240,N,38.3333333333333,1,139
5452,24,0.981819,236,4332,N,40,1,139
5524,25,0.88613325,213,5452,N,41.6666666666667,1,139
5551,26,0.865332,208,5524,N,43.3333333333333,1,139
5785,27,0.89445375,215,5551,N,45,1,139
6154,28,0.848691,204,5785,N,46.6666666666667,1,139
5338,29,0.96101775,231,6154,N,48.3333333333333,1,139
5744,30,0.85285125,205,5338,N,50,1,139
5625,31,0.7571655,182,5744,N,51.6666666666667,1,139
6805,32,0.91109475,219,5625,N,53.3333333333333,1,139
7631,33,0.91941525,221,6805,N,55,1,139
7488,34,0.915255,220,7631,N,56.6666666666667,1,139
6677,35,0.85285125,205,7488,N,58.3333333333333,1,139
7234,36,0.965178,232,6677,N,60,1,139
7371,37,0.97765875,235,7234,N,61.6666666666667,1,139
7050,38,0.948537,228,7371,N,63.3333333333333,1,139
6488,39,0.90277425,217,7050,N,65,1,139
7953,40,0.8902935,214,6488,N,66.6666666666667,1,139
7763,41,0.9901395,238,7953,N,68.3333333333333,1,139
8435,42,0.765486,184,7763,N,70,1,139
8689,43,0.582435,140,8435,N,71.6666666666667,1,139
2251,0,1.21895325,293,NA,N,0,0,140
2288,1,1.2397545,298,2251,N,1.66666666666667,0,140
2264,2,1.314639,316,2288,N,3.33333333333333,0,140
2511,3,1.4228055,342,2264,N,5,0,140
2246,4,1.3728825,330,2511,N,6.66666666666667,0,140
2285,5,1.54345275,371,2246,N,8.33333333333333,0,140
2508,6,1.5725745,378,2285,N,10,0,140
2317,7,1.5392925,370,2508,N,11.6666666666667,0,140
3547,8,1.64329875,395,2317,N,13.3333333333333,0,140
3270,9,1.55177325,373,3547,N,15,0,140
3175,10,1.69322175,407,3270,N,16.6666666666667,0,140
3653,11,1.56009375,375,3175,N,18.3333333333333,0,140
3052,12,1.530972,368,3653,N,20,0,140
3563,13,1.514331,364,3052,N,21.6666666666667,0,140
3912,14,1.61833725,389,3563,N,23.3333333333333,0,140
3728,15,1.71818325,413,3912,N,25,0,140
4182,16,1.714023,412,3728,N,26.6666666666667,0,140
5127,17,1.73482425,417,4182,N,28.3333333333333,0,140
4297,18,1.8388305,442,5127,N,30,0,140
4511,19,1.87627275,451,4297,N,31.6666666666667,0,140
4963,20,1.95115725,469,4511,N,33.3333333333333,0,140
4343,21,1.99692,480,4963,N,35,0,140
4285,22,1.930356,464,4343,N,36.6666666666667,0,140
4342,23,2.36718225,569,4285,N,38.3333333333333,0,140
5468,24,2.2382145,538,4342,N,40,0,140
5540,25,1.0899855,262,5468,Y,41.6666666666667,1,140
5571,26,1.1731905,282,5540,N,43.3333333333333,1,140
5812,27,1.11910725,269,5571,N,45,1,140
6175,28,1.114947,268,5812,N,46.6666666666667,1,140
5458,29,1.16903025,281,6175,N,48.3333333333333,1,140
5775,30,1.347921,324,5458,N,50,1,140
5668,31,1.28551725,309,5775,N,51.6666666666667,1,140
2251,0,1.21895325,293,NA,N,0,0,141
2288,1,1.2397545,298,2251,N,1.66666666666667,0,141
2264,2,1.314639,316,2288,N,3.33333333333333,0,141
2511,3,1.4228055,342,2264,N,5,0,141
2246,4,1.3728825,330,2511,N,6.66666666666667,0,141
2285,5,1.54345275,371,2246,N,8.33333333333333,0,141
2508,6,1.5725745,378,2285,N,10,0,141
2317,7,1.5392925,370,2508,N,11.6666666666667,0,141
3547,8,1.64329875,395,2317,N,13.3333333333333,0,141
3270,9,1.55177325,373,3547,N,15,0,141
3175,10,1.69322175,407,3270,N,16.6666666666667,0,141
3653,11,1.56009375,375,3175,N,18.3333333333333,0,141
3052,12,1.530972,368,3653,N,20,0,141
3563,13,1.514331,364,3052,N,21.6666666666667,0,141
3912,14,1.61833725,389,3563,N,23.3333333333333,0,141
3728,15,1.71818325,413,3912,N,25,0,141
4182,16,1.714023,412,3728,N,26.6666666666667,0,141
5127,17,1.73482425,417,4182,N,28.3333333333333,0,141
4297,18,1.8388305,442,5127,N,30,0,141
4511,19,1.87627275,451,4297,N,31.6666666666667,0,141
4963,20,1.95115725,469,4511,N,33.3333333333333,0,141
4343,21,1.99692,480,4963,N,35,0,141
4285,22,1.930356,464,4343,N,36.6666666666667,0,141
4342,23,2.36718225,569,4285,N,38.3333333333333,0,141
5468,24,2.2382145,538,4342,N,40,0,141
5546,25,1.11078675,267,5468,Y,41.6666666666667,1,141
5576,26,1.13574825,273,5546,N,43.3333333333333,1,141
5818,27,1.2064725,290,5576,N,45,1,141
6177,28,1.07750475,259,5818,N,46.6666666666667,1,141
5462,29,1.1731905,282,6177,N,48.3333333333333,1,141
5781,30,1.25223525,301,5462,N,50,1,141
5673,31,1.26055575,303,5781,N,51.6666666666667,1,141
6821,32,1.3229595,318,5673,N,53.3333333333333,1,141
7552,33,1.33544025,321,6821,N,55,1,141
6872,34,1.4061645,338,7552,N,56.6666666666667,1,141
6610,35,1.34376075,323,6872,N,58.3333333333333,1,141
7102,36,1.37704275,331,6610,N,60,1,141
7303,37,1.6391385,394,7102,N,61.6666666666667,1,141
6884,38,1.65161925,397,7303,N,63.3333333333333,1,141
6465,39,1.6890615,406,6884,N,65,1,141
7938,40,1.59337575,383,6465,N,66.6666666666667,1,141
7748,41,1.53513225,369,7938,N,68.3333333333333,1,141
8523,42,1.6224975,390,7748,N,70,1,141
8732,43,1.547613,372,8523,N,71.6666666666667,1,141
8897,44,1.88459325,453,8732,N,73.3333333333333,1,141
8336,45,2.080125,500,8897,N,75,1,141
8111,46,2.096766,504,8336,N,76.6666666666667,1,141
9183,47,2.2215735,534,8111,N,78.3333333333333,1,141
9459,48,0.93605625,225,9183,Y,80,2,141
9646,49,0.898614,216,9459,N,81.6666666666667,2,141
10120,50,0.92773575,223,9646,N,83.3333333333333,2,141
11334,51,1.098306,264,10120,N,85,2,141
10446,52,1.07750475,259,11334,N,86.6666666666667,2,141
9883,53,1.2563955,302,10446,N,88.3333333333333,2,141
10950,54,1.31879925,317,9883,N,90,2,141
10995,55,1.447767,348,10950,N,91.6666666666667,2,141
11603,56,1.45192725,349,10995,N,93.3333333333333,2,141
11465,57,1.54345275,371,11603,N,95,2,141
11980,58,1.73482425,417,11465,N,96.6666666666667,2,141
13154,59,1.6224975,390,11980,N,98.3333333333333,2,141
12558,60,1.730664,416,13154,N,100,2,141
13458,61,1.8554715,446,12558,N,101.666666666667,2,141
14110,62,1.880433,452,13458,N,103.333333333333,2,141
13936,63,2.11756725,509,14110,N,105,2,141
12877,64,1.281357,308,13936,Y,106.666666666667,3,141
12285,65,1.2896775,310,12877,N,108.333333333333,3,141
14380,66,1.3562415,326,12285,N,110,3,141
14729,67,1.46856825,353,14380,N,111.666666666667,3,141
15672,68,1.73482425,417,14729,N,113.333333333333,3,141
15347,69,1.913715,460,15672,N,115,3,141
15435,70,1.8554715,446,15347,N,116.666666666667,3,141
2251,0,1.21895325,293,NA,N,0,0,142
2288,1,1.2397545,298,2251,N,1.66666666666667,0,142
2264,2,1.314639,316,2288,N,3.33333333333333,0,142
2511,3,1.4228055,342,2264,N,5,0,142
2246,4,1.3728825,330,2511,N,6.66666666666667,0,142
2285,5,1.54345275,371,2246,N,8.33333333333333,0,142
2508,6,1.5725745,378,2285,N,10,0,142
2317,7,1.5392925,370,2508,N,11.6666666666667,0,142
3547,8,1.64329875,395,2317,N,13.3333333333333,0,142
3270,9,1.55177325,373,3547,N,15,0,142
3175,10,1.69322175,407,3270,N,16.6666666666667,0,142
3653,11,1.56009375,375,3175,N,18.3333333333333,0,142
3052,12,1.530972,368,3653,N,20,0,142
3563,13,1.514331,364,3052,N,21.6666666666667,0,142
3912,14,1.61833725,389,3563,N,23.3333333333333,0,142
3728,15,1.71818325,413,3912,N,25,0,142
4182,16,1.714023,412,3728,N,26.6666666666667,0,142
5127,17,1.73482425,417,4182,N,28.3333333333333,0,142
4297,18,1.8388305,442,5127,N,30,0,142
4511,19,1.87627275,451,4297,N,31.6666666666667,0,142
4963,20,1.95115725,469,4511,N,33.3333333333333,0,142
4343,21,1.99692,480,4963,N,35,0,142
4285,22,1.930356,464,4343,N,36.6666666666667,0,142
4342,23,2.36718225,569,4285,N,38.3333333333333,0,142
5468,24,2.2382145,538,4342,N,40,0,142
5546,25,1.11078675,267,5468,Y,41.6666666666667,1,142
5576,26,1.13574825,273,5546,N,43.3333333333333,1,142
5818,27,1.2064725,290,5576,N,45,1,142
6177,28,1.07750475,259,5818,N,46.6666666666667,1,142
5462,29,1.1731905,282,6177,N,48.3333333333333,1,142
5781,30,1.25223525,301,5462,N,50,1,142
5673,31,1.26055575,303,5781,N,51.6666666666667,1,142
6821,32,1.3229595,318,5673,N,53.3333333333333,1,142
7552,33,1.33544025,321,6821,N,55,1,142
6872,34,1.4061645,338,7552,N,56.6666666666667,1,142
6610,35,1.34376075,323,6872,N,58.3333333333333,1,142
7102,36,1.37704275,331,6610,N,60,1,142
7303,37,1.6391385,394,7102,N,61.6666666666667,1,142
6884,38,1.65161925,397,7303,N,63.3333333333333,1,142
6465,39,1.6890615,406,6884,N,65,1,142
7938,40,1.59337575,383,6465,N,66.6666666666667,1,142
7748,41,1.53513225,369,7938,N,68.3333333333333,1,142
8523,42,1.6224975,390,7748,N,70,1,142
8732,43,1.547613,372,8523,N,71.6666666666667,1,142
8897,44,1.88459325,453,8732,N,73.3333333333333,1,142
8336,45,2.080125,500,8897,N,75,1,142
8111,46,2.096766,504,8336,N,76.6666666666667,1,142
9183,47,2.2215735,534,8111,N,78.3333333333333,1,142
9458,48,1.19399175,287,9183,Y,80,2,142
9645,49,1.1399085,274,9458,N,81.6666666666667,2,142
10121,50,1.2563955,302,9645,N,83.3333333333333,2,142
11337,51,1.2231135,294,10121,N,85,2,142
10448,52,1.564254,376,11337,N,86.6666666666667,2,142
9884,53,1.83467025,441,10448,N,88.3333333333333,2,142
10953,54,1.82634975,439,9884,N,90,2,142
10997,55,1.72650375,415,10953,N,91.6666666666667,2,142
11605,56,2.08428525,501,10997,N,93.3333333333333,2,142
11470,57,2.0218815,486,11605,N,95,2,142
11981,58,2.0218815,486,11470,N,96.6666666666667,2,142
13155,59,2.030202,488,11981,N,98.3333333333333,2,142
12560,60,0.99429975,239,13155,Y,100,3,142
2255,0,0.97765875,235,NA,N,0,0,143
2293,1,1.0400625,250,2255,N,1.66666666666667,0,143
2297,2,1.031742,248,2293,N,3.33333333333333,0,143
2521,3,1.081665,260,2297,N,5,0,143
2253,4,1.14406875,275,2521,N,6.66666666666667,0,143
2289,5,1.06918425,257,2253,N,8.33333333333333,0,143
2644,6,1.17735075,283,2289,N,10,0,143
2323,7,1.231434,296,2644,N,11.6666666666667,0,143
3552,8,1.25223525,301,2323,N,13.3333333333333,0,143
3275,9,1.2563955,302,3552,N,15,0,143
3181,10,1.48520925,357,3275,N,16.6666666666667,0,143
3659,11,1.28551725,309,3181,N,18.3333333333333,0,143
3054,12,1.4061645,338,3659,N,20,0,143
3569,13,1.40200425,337,3054,N,21.6666666666667,0,143
3918,14,1.2397545,298,3569,N,23.3333333333333,0,143
3731,15,1.21063275,291,3918,N,25,0,143
4184,16,1.57673475,379,3731,N,26.6666666666667,0,143
5129,17,1.58505525,381,4184,N,28.3333333333333,0,143
4305,18,1.6058565,386,5129,N,30,0,143
4527,19,1.65993975,399,4305,N,31.6666666666667,0,143
4969,20,1.74314475,419,4527,N,33.3333333333333,0,143
4349,21,1.94283675,467,4969,N,35,0,143
4293,22,1.89291375,455,4349,N,36.6666666666667,0,143
4348,23,1.94283675,467,4293,N,38.3333333333333,0,143
5476,24,2.4212655,582,4348,N,40,0,143
5555,25,2.30061825,553,5476,N,41.6666666666667,0,143
5586,26,2.50863075,603,5555,N,43.3333333333333,0,143
5830,27,2.40046425,577,5586,N,45,0,143
6181,28,1.0067805,242,5830,Y,46.6666666666667,1,143
5470,29,1.14406875,275,6181,N,48.3333333333333,1,143
5798,30,1.1232675,270,5470,N,50,1,143
5844,31,1.10246625,265,5798,N,51.6666666666667,1,143
6829,32,1.114947,268,5844,N,53.3333333333333,1,143
7558,33,1.314639,316,6829,N,55,1,143
7127,34,1.3229595,318,7558,N,56.6666666666667,1,143
6613,35,1.26055575,303,7127,N,58.3333333333333,1,143
7112,36,1.31879925,317,6613,N,60,1,143
7307,37,1.0067805,242,7112,N,61.6666666666667,1,143
6893,38,1.01094075,243,7307,N,63.3333333333333,1,143
6470,39,1.2231135,294,6893,N,65,1,143
7942,40,1.40200425,337,6470,N,66.6666666666667,1,143
7752,41,1.40200425,337,7942,N,68.3333333333333,1,143
8541,42,1.37704275,331,7752,N,70,1,143
8736,43,1.38536325,333,8541,N,71.6666666666667,1,143
8915,44,1.60169625,385,8736,N,73.3333333333333,1,143
8339,45,1.897074,456,8915,N,75,1,143
8115,46,1.95947775,471,8339,N,76.6666666666667,1,143
9186,47,1.7556255,422,8115,N,78.3333333333333,1,143
9462,48,2.25069525,541,9186,N,80,1,143
9649,49,1.913715,460,9462,N,81.6666666666667,1,143
10124,50,1.1399085,274,9649,Y,83.3333333333333,2,143
11347,51,1.14406875,275,10124,N,85,2,143
10453,52,1.248075,300,11347,N,86.6666666666667,2,143
9889,53,1.3229595,318,10453,N,88.3333333333333,2,143
10958,54,1.34376075,323,9889,N,90,2,143
11003,55,1.51017075,363,10958,N,91.6666666666667,2,143
11611,56,1.397844,336,11003,N,93.3333333333333,2,143
11482,57,1.4727285,354,11611,N,95,2,143
11985,58,1.51017075,363,11482,N,96.6666666666667,2,143
13157,59,1.597536,384,11985,N,98.3333333333333,2,143
12562,60,1.46024775,351,13157,N,100,2,143
13462,61,0.88613325,213,12562,Y,101.666666666667,3,143
14122,62,0.8736525,210,13462,N,103.333333333333,3,143
13945,63,0.85285125,205,14122,N,105,3,143
12881,64,1.1731905,282,13945,N,106.666666666667,3,143
12287,65,1.098306,264,12881,N,108.333333333333,3,143
14382,66,0.98597925,237,12287,N,110,3,143
14731,67,0.91109475,219,14382,N,111.666666666667,3,143
15680,68,1.098306,264,14731,N,113.333333333333,3,143
15354,69,1.114947,268,15680,N,115,3,143
15447,70,1.4394465,346,15354,N,116.666666666667,3,143
2255,0,0.97765875,235,NA,N,0,0,144
2293,1,1.0400625,250,2255,N,1.66666666666667,0,144
2297,2,1.031742,248,2293,N,3.33333333333333,0,144
2521,3,1.081665,260,2297,N,5,0,144
2253,4,1.14406875,275,2521,N,6.66666666666667,0,144
2289,5,1.06918425,257,2253,N,8.33333333333333,0,144
2644,6,1.17735075,283,2289,N,10,0,144
2323,7,1.231434,296,2644,N,11.6666666666667,0,144
3552,8,1.25223525,301,2323,N,13.3333333333333,0,144
3275,9,1.2563955,302,3552,N,15,0,144
3181,10,1.48520925,357,3275,N,16.6666666666667,0,144
3659,11,1.28551725,309,3181,N,18.3333333333333,0,144
3054,12,1.4061645,338,3659,N,20,0,144
3569,13,1.40200425,337,3054,N,21.6666666666667,0,144
3918,14,1.2397545,298,3569,N,23.3333333333333,0,144
3731,15,1.21063275,291,3918,N,25,0,144
4184,16,1.57673475,379,3731,N,26.6666666666667,0,144
5129,17,1.58505525,381,4184,N,28.3333333333333,0,144
4305,18,1.6058565,386,5129,N,30,0,144
4527,19,1.65993975,399,4305,N,31.6666666666667,0,144
4969,20,1.74314475,419,4527,N,33.3333333333333,0,144
4349,21,1.94283675,467,4969,N,35,0,144
4293,22,1.89291375,455,4349,N,36.6666666666667,0,144
4348,23,1.94283675,467,4293,N,38.3333333333333,0,144
5476,24,2.4212655,582,4348,N,40,0,144
5555,25,2.30061825,553,5476,N,41.6666666666667,0,144
5586,26,2.50863075,603,5555,N,43.3333333333333,0,144
5830,27,2.40046425,577,5586,N,45,0,144
6183,28,1.281357,308,5830,Y,46.6666666666667,1,144
5474,29,1.4061645,338,6183,N,48.3333333333333,1,144
5793,30,1.431126,344,5474,N,50,1,144
5680,31,1.547613,372,5793,N,51.6666666666667,1,144
6826,32,1.57673475,379,5680,N,53.3333333333333,1,144
7557,33,1.747305,420,6826,N,55,1,144
7124,34,1.730664,416,7557,N,56.6666666666667,1,144
6612,35,1.83051,440,7124,N,58.3333333333333,1,144
7108,36,1.730664,416,6612,N,60,1,144
7306,37,1.7223435,414,7108,N,61.6666666666667,1,144
6891,38,1.77642675,427,7306,N,63.3333333333333,1,144
6469,39,1.95115725,469,6891,N,65,1,144
7941,40,2.279817,548,6469,N,66.6666666666667,1,144
7751,41,2.28397725,549,7941,N,68.3333333333333,1,144
8540,42,2.4379065,586,7751,N,70,1,144
8735,43,2.47534875,595,8540,N,71.6666666666667,1,144
8917,44,1.17735075,283,8735,Y,73.3333333333333,2,144
8340,45,1.281357,308,8917,N,75,2,144
8116,46,1.297998,312,8340,N,76.6666666666667,2,144
9187,47,1.51017075,363,8116,N,78.3333333333333,2,144
9463,48,1.481049,356,9187,N,80,2,144
9650,49,1.46024775,351,9463,N,81.6666666666667,2,144
10126,50,1.5226515,366,9650,N,83.3333333333333,2,144
11351,51,1.76810625,425,10126,N,85,2,144
10455,52,1.714023,412,11351,N,86.6666666666667,2,144
9891,53,2.080125,500,10455,N,88.3333333333333,2,144
10962,54,2.16333,520,9891,N,90,2,144
11007,55,2.20909275,531,10962,N,91.6666666666667,2,144
11614,56,2.35054125,565,11007,N,93.3333333333333,2,144
11491,57,2.15916975,519,11614,N,95,2,144
11987,58,2.4545475,590,11491,N,96.6666666666667,2,144
13159,59,2.529432,608,11987,N,98.3333333333333,2,144
12563,60,1.26887625,305,13159,Y,100,3,144
13466,61,1.30215825,313,12563,N,101.666666666667,3,144
2517,0,1.49352975,359,NA,N,0,0,145
2348,1,0.94437675,227,2517,Y,1.66666666666667,1,145
2399,2,0.88613325,213,2348,N,3.33333333333333,1,145
2650,3,0.915255,220,2399,N,5,1,145
2415,4,0.865332,208,2650,N,6.66666666666667,1,145
2273,0,0.98597925,237,NA,N,0,0,146
2314,1,1.0234215,246,2273,N,1.66666666666667,0,146
2344,2,1.01926125,245,2314,N,3.33333333333333,0,146
2562,3,1.11078675,267,2344,N,5,0,146
2370,4,1.198152,288,2562,N,6.66666666666667,0,146
2307,5,1.2064725,290,2370,N,8.33333333333333,0,146
2834,6,1.131588,272,2307,N,10,0,146
2346,7,1.18567125,285,2834,N,11.6666666666667,0,146
3567,8,1.214793,292,2346,N,13.3333333333333,0,146
3289,9,1.2064725,290,3567,N,15,0,146
3203,10,1.21895325,293,3289,N,16.6666666666667,0,146
3676,11,1.21063275,291,3203,N,18.3333333333333,0,146
3061,12,1.28551725,309,3676,N,20,0,146
3585,13,1.28551725,309,3061,N,21.6666666666667,0,146
3927,14,1.281357,308,3585,N,23.3333333333333,0,146
3742,15,1.31047875,315,3927,N,25,0,146
4280,16,1.464408,352,3742,N,26.6666666666667,0,146
5138,17,1.4394465,346,4280,N,28.3333333333333,0,146
4371,18,1.431126,344,5138,N,30,0,146
4570,19,1.49352975,359,4371,N,31.6666666666667,0,146
4984,20,1.481049,356,4570,N,33.3333333333333,0,146
4372,21,1.49352975,359,4984,N,35,0,146
4318,22,1.51017075,363,4372,N,36.6666666666667,0,146
4378,23,1.49769,360,4318,N,38.3333333333333,0,146
5531,24,1.7057025,410,4378,N,40,0,146
5599,25,1.83467025,441,5531,N,41.6666666666667,0,146
5613,26,1.84299075,443,5599,N,43.3333333333333,0,146
5884,27,1.92619575,463,5613,N,45,0,146
6194,28,2.0052405,482,5884,N,46.6666666666667,0,146
5506,29,2.13420825,513,6194,N,48.3333333333333,0,146
5829,30,2.313099,556,5506,N,50,0,146
5881,31,2.49615,600,5829,N,51.6666666666667,0,146
6873,32,2.612637,628,5881,N,53.3333333333333,0,146
7669,33,1.248075,300,6873,Y,55,1,146
7540,34,1.34376075,323,7669,N,56.6666666666667,1,146
6704,35,1.4727285,354,7540,N,58.3333333333333,1,146
7424,36,1.58505525,381,6704,N,60,1,146
7400,37,1.630818,392,7424,N,61.6666666666667,1,146
7146,38,1.51849125,365,7400,N,63.3333333333333,1,146
6596,39,1.7389845,418,7146,N,65,1,146
8041,40,1.79306775,431,6596,N,66.6666666666667,1,146
7860,41,1.8388305,442,8041,N,68.3333333333333,1,146
8651,42,1.9719585,474,7860,N,70,1,146
8909,43,2.179971,524,8651,N,71.6666666666667,1,146
9102,44,2.1217275,510,8909,N,73.3333333333333,1,146
9055,45,2.05100325,493,9102,N,75,1,146
8251,46,2.27565675,547,9055,N,76.6666666666667,1,146
9327,47,2.59183575,623,8251,N,78.3333333333333,1,146
9615,48,1.20231225,289,9327,Y,80,2,146
9793,49,1.37704275,331,9615,N,81.6666666666667,2,146
10385,50,1.5060105,362,9793,N,83.3333333333333,2,146
10815,51,1.364562,328,10385,N,85,2,146
10349,52,1.364562,328,10815,N,86.6666666666667,2,146
10043,53,1.53513225,369,10349,N,88.3333333333333,2,146
10739,54,1.45192725,349,10043,N,90,2,146
10894,55,1.68490125,405,10739,N,91.6666666666667,2,146
11407,56,1.80970875,435,10894,N,93.3333333333333,2,146
11253,57,2.13420825,513,11407,N,95,2,146
11927,58,1.96779825,473,11253,N,96.6666666666667,2,146
13079,59,2.246535,540,11927,N,98.3333333333333,2,146
12509,60,1.02758175,247,13079,Y,100,3,146
13399,61,1.27719675,307,12509,N,101.666666666667,3,146
13899,62,0.99429975,239,13399,N,103.333333333333,3,146
13793,63,1.148229,276,13899,N,105,3,146
12805,64,1.3229595,318,13793,N,106.666666666667,3,146
12217,65,1.281357,308,12805,N,108.333333333333,3,146
14269,66,1.198152,288,12217,N,110,3,146
14674,67,1.4228055,342,14269,N,111.666666666667,3,146
15477,68,1.580895,380,14674,N,113.333333333333,3,146
15176,69,1.630818,392,15477,N,115,3,146
2786,0,0.9069345,218,NA,N,0,0,147
2708,1,1.09414575,263,2786,N,1.66666666666667,0,147
2880,2,1.00262025,241,2708,N,3.33333333333333,0,147
2892,3,1.16487,280,2880,N,5,0,147
2709,4,1.031742,248,2892,N,6.66666666666667,0,147
2651,5,1.05254325,253,2709,N,8.33333333333333,0,147
2987,6,1.21895325,293,2651,N,10,0,147
2700,7,1.21063275,291,2987,N,11.6666666666667,0,147
3739,8,1.32711975,319,2700,N,13.3333333333333,0,147
3390,9,1.33544025,321,3739,N,15,0,147
3327,10,1.397844,336,3390,N,16.6666666666667,0,147
4058,11,1.3728825,330,3327,N,18.3333333333333,0,147
3160,12,1.364562,328,4058,N,20,0,147
3860,13,1.347921,324,3160,N,21.6666666666667,0,147
3994,14,1.414485,340,3860,N,23.3333333333333,0,147
3877,15,1.447767,348,3994,N,25,0,147
4730,16,1.49352975,359,3877,N,26.6666666666667,0,147
5209,17,1.43528625,345,4730,N,28.3333333333333,0,147
4861,18,1.5226515,366,5209,N,30,0,147
4923,19,1.6557795,398,4861,N,31.6666666666667,0,147
5054,20,1.564254,376,4923,N,33.3333333333333,0,147
4770,21,1.64329875,395,5054,N,35,0,147
4787,22,1.6058565,386,4770,N,36.6666666666667,0,147
4763,23,1.69322175,407,4787,N,38.3333333333333,0,147
6005,24,1.89291375,455,4763,N,40,0,147
5958,25,2.05100325,493,6005,N,41.6666666666667,0,147
5947,26,2.4379065,586,5958,N,43.3333333333333,0,147
6169,27,2.462868,592,5947,N,45,0,147
6282,28,2.3047785,554,6169,N,46.6666666666667,0,147
5821,29,2.5044705,602,6282,N,48.3333333333333,0,147
6362,30,2.79984825,673,5821,N,50,0,147
6313,31,1.24391475,299,6362,Y,51.6666666666667,1,147
7026,32,1.31047875,315,6313,N,53.3333333333333,1,147
7647,33,1.28551725,309,7026,N,55,1,147
7507,34,1.46024775,351,7647,N,56.6666666666667,1,147
6688,35,1.42696575,343,7507,N,58.3333333333333,1,147
7258,36,1.35208125,325,6688,N,60,1,147
7385,37,1.564254,376,7258,N,61.6666666666667,1,147
7097,38,1.48520925,357,7385,N,63.3333333333333,1,147
6579,39,1.62665775,391,7097,N,65,1,147
8023,40,1.57673475,379,6579,N,66.6666666666667,1,147
7840,41,1.72650375,415,8023,N,68.3333333333333,1,147
8632,42,2.013561,484,7840,N,70,1,147
8886,43,1.95115725,469,8632,N,71.6666666666667,1,147
8993,44,2.179971,524,8886,N,73.3333333333333,1,147
8355,45,2.179971,524,8993,N,75,1,147
8216,46,1.11910725,269,8355,Y,76.6666666666667,2,147
9291,47,1.2730365,306,8216,N,78.3333333333333,2,147
9577,48,1.32711975,319,9291,N,80,2,147
9753,49,1.3562415,326,9577,N,81.6666666666667,2,147
10303,50,1.3895235,334,9753,N,83.3333333333333,2,147
11604,51,1.397844,336,10303,N,85,2,147
10636,52,1.71818325,413,11604,N,86.6666666666667,2,147
9994,53,1.7389845,418,10636,N,88.3333333333333,2,147
11092,54,1.8055485,434,9994,N,90,2,147
10725,55,1.78474725,429,11092,N,91.6666666666667,2,147
11748,56,1.86795225,449,10725,N,93.3333333333333,2,147
11743,57,1.980279,476,11748,N,95,2,147
2786,0,0.9069345,218,NA,N,0,0,148
2708,1,1.09414575,263,2786,N,1.66666666666667,0,148
2880,2,1.00262025,241,2708,N,3.33333333333333,0,148
2892,3,1.16487,280,2880,N,5,0,148
2709,4,1.031742,248,2892,N,6.66666666666667,0,148
2651,5,1.05254325,253,2709,N,8.33333333333333,0,148
2987,6,1.21895325,293,2651,N,10,0,148
2700,7,1.21063275,291,2987,N,11.6666666666667,0,148
3739,8,1.32711975,319,2700,N,13.3333333333333,0,148
3390,9,1.33544025,321,3739,N,15,0,148
3327,10,1.397844,336,3390,N,16.6666666666667,0,148
4058,11,1.3728825,330,3327,N,18.3333333333333,0,148
3160,12,1.364562,328,4058,N,20,0,148
3860,13,1.347921,324,3160,N,21.6666666666667,0,148
3994,14,1.414485,340,3860,N,23.3333333333333,0,148
3877,15,1.447767,348,3994,N,25,0,148
4730,16,1.49352975,359,3877,N,26.6666666666667,0,148
5209,17,1.43528625,345,4730,N,28.3333333333333,0,148
4861,18,1.5226515,366,5209,N,30,0,148
4923,19,1.6557795,398,4861,N,31.6666666666667,0,148
5054,20,1.564254,376,4923,N,33.3333333333333,0,148
4770,21,1.64329875,395,5054,N,35,0,148
4787,22,1.6058565,386,4770,N,36.6666666666667,0,148
4763,23,1.69322175,407,4787,N,38.3333333333333,0,148
6005,24,1.89291375,455,4763,N,40,0,148
5958,25,2.05100325,493,6005,N,41.6666666666667,0,148
5947,26,2.4379065,586,5958,N,43.3333333333333,0,148
6169,27,2.462868,592,5947,N,45,0,148
6282,28,2.3047785,554,6169,N,46.6666666666667,0,148
5821,29,2.5044705,602,6282,N,48.3333333333333,0,148
6362,30,2.79984825,673,5821,N,50,0,148
6315,31,1.314639,316,6362,Y,51.6666666666667,1,148
7028,32,1.4228055,342,6315,N,53.3333333333333,1,148
7637,33,1.364562,328,7028,N,55,1,148
7499,34,1.38536325,333,7637,N,56.6666666666667,1,148
6681,35,1.55177325,373,7499,N,58.3333333333333,1,148
7243,36,1.50185025,361,6681,N,60,1,148
7377,37,1.70154225,409,7243,N,61.6666666666667,1,148
7077,38,1.41032475,339,7377,N,63.3333333333333,1,148
6571,39,1.69322175,407,7077,N,65,1,148
8013,40,1.80138825,433,6571,N,66.6666666666667,1,148
7829,41,1.9386765,466,8013,N,68.3333333333333,1,148
8620,42,1.82634975,439,7829,N,70,1,148
8875,43,2.01772125,485,8620,N,71.6666666666667,1,148
9066,44,2.296458,552,8875,N,73.3333333333333,1,148
9005,45,1.198152,288,9066,Y,75,2,148
8219,46,1.32711975,319,9005,N,76.6666666666667,2,148
9294,47,1.35208125,325,8219,N,78.3333333333333,2,148
9580,48,1.41864525,341,9294,N,80,2,148
2786,0,0.9069345,218,NA,N,0,0,149
2708,1,1.09414575,263,2786,N,1.66666666666667,0,149
2880,2,1.00262025,241,2708,N,3.33333333333333,0,149
2892,3,1.16487,280,2880,N,5,0,149
2709,4,1.031742,248,2892,N,6.66666666666667,0,149
2651,5,1.05254325,253,2709,N,8.33333333333333,0,149
2987,6,1.21895325,293,2651,N,10,0,149
2700,7,1.21063275,291,2987,N,11.6666666666667,0,149
3739,8,1.32711975,319,2700,N,13.3333333333333,0,149
3390,9,1.33544025,321,3739,N,15,0,149
3327,10,1.397844,336,3390,N,16.6666666666667,0,149
4058,11,1.3728825,330,3327,N,18.3333333333333,0,149
3160,12,1.364562,328,4058,N,20,0,149
3860,13,1.347921,324,3160,N,21.6666666666667,0,149
3994,14,1.414485,340,3860,N,23.3333333333333,0,149
3877,15,1.447767,348,3994,N,25,0,149
4730,16,1.49352975,359,3877,N,26.6666666666667,0,149
5209,17,1.43528625,345,4730,N,28.3333333333333,0,149
4861,18,1.5226515,366,5209,N,30,0,149
4923,19,1.6557795,398,4861,N,31.6666666666667,0,149
5054,20,1.564254,376,4923,N,33.3333333333333,0,149
4770,21,1.64329875,395,5054,N,35,0,149
4787,22,1.6058565,386,4770,N,36.6666666666667,0,149
4763,23,1.69322175,407,4787,N,38.3333333333333,0,149
6005,24,1.89291375,455,4763,N,40,0,149
5958,25,2.05100325,493,6005,N,41.6666666666667,0,149
5947,26,2.4379065,586,5958,N,43.3333333333333,0,149
6169,27,2.462868,592,5947,N,45,0,149
6282,28,2.3047785,554,6169,N,46.6666666666667,0,149
5821,29,2.5044705,602,6282,N,48.3333333333333,0,149
6362,30,2.79984825,673,5821,N,50,0,149
6315,31,1.314639,316,6362,Y,51.6666666666667,1,149
7028,32,1.4228055,342,6315,N,53.3333333333333,1,149
7637,33,1.364562,328,7028,N,55,1,149
7499,34,1.38536325,333,7637,N,56.6666666666667,1,149
6681,35,1.55177325,373,7499,N,58.3333333333333,1,149
7243,36,1.50185025,361,6681,N,60,1,149
7377,37,1.70154225,409,7243,N,61.6666666666667,1,149
7077,38,1.41032475,339,7377,N,63.3333333333333,1,149
6571,39,1.69322175,407,7077,N,65,1,149
8013,40,1.80138825,433,6571,N,66.6666666666667,1,149
7829,41,1.9386765,466,8013,N,68.3333333333333,1,149
8620,42,1.82634975,439,7829,N,70,1,149
8875,43,2.01772125,485,8620,N,71.6666666666667,1,149
9066,44,2.296458,552,8875,N,73.3333333333333,1,149
9004,45,0.9568575,230,9066,Y,75,2,149
8218,46,1.06918425,257,9004,N,76.6666666666667,2,149
9293,47,1.22727375,295,8218,N,78.3333333333333,2,149
9579,48,1.27719675,307,9293,N,80,2,149
9755,49,1.364562,328,9579,N,81.6666666666667,2,149
10310,50,1.42696575,343,9755,N,83.3333333333333,2,149
11608,51,1.44360675,347,10310,N,85,2,149
10639,52,1.6724205,402,11608,N,86.6666666666667,2,149
9996,53,1.81802925,437,10639,N,88.3333333333333,2,149
11096,54,2.05932375,495,9996,N,90,2,149
11499,55,1.913715,460,11096,N,91.6666666666667,2,149
11767,56,1.9719585,474,11499,N,93.3333333333333,2,149
11770,57,0.9402165,226,11767,Y,95,3,149
2533,0,1.5060105,362,NA,N,0,0,150
2363,1,1.49769,360,2533,N,1.66666666666667,0,150
2457,2,1.61001675,387,2363,N,3.33333333333333,0,150
2662,3,1.57673475,379,2457,N,5,0,150
2435,4,1.863792,448,2662,N,6.66666666666667,0,150
2396,5,1.83467025,441,2435,N,8.33333333333333,0,150
2924,6,1.880433,452,2396,N,10,0,150
2434,7,1.8388305,442,2924,N,11.6666666666667,0,150
3602,8,2.0052405,482,2434,N,13.3333333333333,0,150
3314,9,1.96779825,473,3602,N,15,0,150
3235,10,2.00108025,481,3314,N,16.6666666666667,0,150
3704,11,2.0052405,482,3235,N,18.3333333333333,0,150
3072,12,1.95947775,471,3704,N,20,0,150
3617,13,1.9719585,474,3072,N,21.6666666666667,0,150
3948,14,2.046843,492,3617,N,23.3333333333333,0,150
3770,15,1.96779825,473,3948,N,25,0,150
4347,16,2.0385225,490,3770,N,26.6666666666667,0,150
5153,17,2.25901575,543,4347,N,28.3333333333333,0,150
4435,18,2.1383685,514,5153,N,30,0,150
4664,19,2.05100325,493,4435,N,31.6666666666667,0,150
5003,20,2.363022,568,4664,N,33.3333333333333,0,150
4449,21,2.396304,576,5003,N,35,0,150
4444,22,2.4878295,598,4449,N,36.6666666666667,0,150
4476,23,2.3047785,554,4444,N,38.3333333333333,0,150
5595,24,2.4878295,598,4476,N,40,0,150
5664,25,2.73328425,657,5595,N,41.6666666666667,0,150
5677,26,2.69168175,647,5664,N,43.3333333333333,0,150
5961,27,2.65007925,637,5677,N,45,0,150
6218,28,2.546073,612,5961,N,46.6666666666667,0,150
5554,29,2.5876755,622,6218,N,48.3333333333333,0,150
5903,30,1.1399085,274,5554,Y,50,1,150
5941,31,1.1399085,274,5903,N,51.6666666666667,1,150
6896,32,1.18567125,285,5941,N,53.3333333333333,1,150
7577,33,1.18567125,285,6896,N,55,1,150
7171,34,1.40200425,337,7577,N,56.6666666666667,1,150
2533,0,1.5060105,362,NA,N,0,0,151
2363,1,1.49769,360,2533,N,1.66666666666667,0,151
2457,2,1.61001675,387,2363,N,3.33333333333333,0,151
2662,3,1.57673475,379,2457,N,5,0,151
2435,4,1.863792,448,2662,N,6.66666666666667,0,151
2396,5,1.83467025,441,2435,N,8.33333333333333,0,151
2924,6,1.880433,452,2396,N,10,0,151
2434,7,1.8388305,442,2924,N,11.6666666666667,0,151
3602,8,2.0052405,482,2434,N,13.3333333333333,0,151
3314,9,1.96779825,473,3602,N,15,0,151
3235,10,2.00108025,481,3314,N,16.6666666666667,0,151
3704,11,2.0052405,482,3235,N,18.3333333333333,0,151
3072,12,1.95947775,471,3704,N,20,0,151
3617,13,1.9719585,474,3072,N,21.6666666666667,0,151
3948,14,2.046843,492,3617,N,23.3333333333333,0,151
3770,15,1.96779825,473,3948,N,25,0,151
4347,16,2.0385225,490,3770,N,26.6666666666667,0,151
5153,17,2.25901575,543,4347,N,28.3333333333333,0,151
4435,18,2.1383685,514,5153,N,30,0,151
4664,19,2.05100325,493,4435,N,31.6666666666667,0,151
5003,20,2.363022,568,4664,N,33.3333333333333,0,151
4449,21,2.396304,576,5003,N,35,0,151
4444,22,2.4878295,598,4449,N,36.6666666666667,0,151
4476,23,2.3047785,554,4444,N,38.3333333333333,0,151
5595,24,2.4878295,598,4476,N,40,0,151
5664,25,2.73328425,657,5595,N,41.6666666666667,0,151
5677,26,2.69168175,647,5664,N,43.3333333333333,0,151
5961,27,2.65007925,637,5677,N,45,0,151
6218,28,2.546073,612,5961,N,46.6666666666667,0,151
5554,29,2.5876755,622,6218,N,48.3333333333333,0,151
5897,30,1.41032475,339,5554,Y,50,1,151
5945,31,1.564254,376,5897,N,51.6666666666667,1,151
6898,32,1.6557795,398,5945,N,53.3333333333333,1,151
7578,33,1.4560875,350,6898,N,55,1,151
7173,34,1.481049,356,7578,N,56.6666666666667,1,151
6632,35,1.77642675,427,7173,N,58.3333333333333,1,151
7164,36,1.83467025,441,6632,N,60,1,151
7329,37,1.697382,408,7164,N,61.6666666666667,1,151
6938,38,1.70154225,409,7329,N,63.3333333333333,1,151
6516,39,1.76810625,425,6938,N,65,1,151
7965,40,1.8055485,434,6516,N,66.6666666666667,1,151
7777,41,1.80970875,435,7965,N,68.3333333333333,1,151
8565,42,1.83467025,441,7777,N,70,1,151
8780,43,1.930356,464,8565,N,71.6666666666667,1,151
8956,44,2.11756725,509,8780,N,73.3333333333333,1,151
8376,45,2.23405425,537,8956,N,75,1,151
8149,46,2.20077225,529,8376,N,76.6666666666667,1,151
9220,47,2.32557975,559,8149,N,78.3333333333333,1,151
9502,48,3.0203415,726,9220,N,80,1,151
9685,49,3.02450175,727,9502,N,81.6666666666667,1,151
10166,50,2.89969425,697,9685,N,83.3333333333333,1,151
11453,51,1.447767,348,10166,Y,85,2,151
10502,52,1.5392925,370,11453,N,86.6666666666667,2,151
9923,53,1.61833725,389,10502,N,88.3333333333333,2,151
11006,54,1.79306775,431,9923,N,90,2,151
11348,55,1.797228,432,11006,N,91.6666666666667,2,151
2533,0,1.5060105,362,NA,N,0,0,152
2363,1,1.49769,360,2533,N,1.66666666666667,0,152
2457,2,1.61001675,387,2363,N,3.33333333333333,0,152
2662,3,1.57673475,379,2457,N,5,0,152
2435,4,1.863792,448,2662,N,6.66666666666667,0,152
2396,5,1.83467025,441,2435,N,8.33333333333333,0,152
2924,6,1.880433,452,2396,N,10,0,152
2434,7,1.8388305,442,2924,N,11.6666666666667,0,152
3602,8,2.0052405,482,2434,N,13.3333333333333,0,152
3314,9,1.96779825,473,3602,N,15,0,152
3235,10,2.00108025,481,3314,N,16.6666666666667,0,152
3704,11,2.0052405,482,3235,N,18.3333333333333,0,152
3072,12,1.95947775,471,3704,N,20,0,152
3617,13,1.9719585,474,3072,N,21.6666666666667,0,152
3948,14,2.046843,492,3617,N,23.3333333333333,0,152
3770,15,1.96779825,473,3948,N,25,0,152
4347,16,2.0385225,490,3770,N,26.6666666666667,0,152
5153,17,2.25901575,543,4347,N,28.3333333333333,0,152
4435,18,2.1383685,514,5153,N,30,0,152
4664,19,2.05100325,493,4435,N,31.6666666666667,0,152
5003,20,2.363022,568,4664,N,33.3333333333333,0,152
4449,21,2.396304,576,5003,N,35,0,152
4444,22,2.4878295,598,4449,N,36.6666666666667,0,152
4476,23,2.3047785,554,4444,N,38.3333333333333,0,152
5595,24,2.4878295,598,4476,N,40,0,152
5664,25,2.73328425,657,5595,N,41.6666666666667,0,152
5677,26,2.69168175,647,5664,N,43.3333333333333,0,152
5961,27,2.65007925,637,5677,N,45,0,152
6218,28,2.546073,612,5961,N,46.6666666666667,0,152
5554,29,2.5876755,622,6218,N,48.3333333333333,0,152
5897,30,1.41032475,339,5554,Y,50,1,152
5945,31,1.564254,376,5897,N,51.6666666666667,1,152
6898,32,1.6557795,398,5945,N,53.3333333333333,1,152
7578,33,1.4560875,350,6898,N,55,1,152
7173,34,1.481049,356,7578,N,56.6666666666667,1,152
6632,35,1.77642675,427,7173,N,58.3333333333333,1,152
7164,36,1.83467025,441,6632,N,60,1,152
7329,37,1.697382,408,7164,N,61.6666666666667,1,152
6938,38,1.70154225,409,7329,N,63.3333333333333,1,152
6516,39,1.76810625,425,6938,N,65,1,152
7965,40,1.8055485,434,6516,N,66.6666666666667,1,152
7777,41,1.80970875,435,7965,N,68.3333333333333,1,152
8565,42,1.83467025,441,7777,N,70,1,152
8780,43,1.930356,464,8565,N,71.6666666666667,1,152
8956,44,2.11756725,509,8780,N,73.3333333333333,1,152
8376,45,2.23405425,537,8956,N,75,1,152
8149,46,2.20077225,529,8376,N,76.6666666666667,1,152
9220,47,2.32557975,559,8149,N,78.3333333333333,1,152
9502,48,3.0203415,726,9220,N,80,1,152
9685,49,3.02450175,727,9502,N,81.6666666666667,1,152
10166,50,2.89969425,697,9685,N,83.3333333333333,1,152
11457,51,1.35208125,325,10166,Y,85,2,152
10503,52,1.314639,316,11457,N,86.6666666666667,2,152
9924,53,1.397844,336,10503,N,88.3333333333333,2,152
11008,54,1.5060105,362,9924,N,90,2,152
11350,55,1.680741,404,11008,N,91.6666666666667,2,152
11692,56,1.7223435,414,11350,N,93.3333333333333,2,152
11631,57,1.930356,464,11692,N,95,2,152
12453,60,1.94283675,467,11631,N,100,2,152
13329,61,2.21741325,533,12453,N,101.666666666667,2,152
14211,62,1.2231135,294,13329,Y,103.333333333333,3,152
14025,63,1.4228055,342,14211,N,105,3,152
12947,64,1.50185025,361,14025,N,106.666666666667,3,152
12317,65,1.59337575,383,12947,N,108.333333333333,3,152
14414,66,1.6391385,394,12317,N,110,3,152
14761,67,1.46856825,353,14414,N,111.666666666667,3,152
15776,68,1.89291375,455,14761,N,113.333333333333,3,152
15455,69,2.179971,524,15776,N,115,3,152
2792,0,1.04422275,251,NA,N,0,0,153
2734,1,1.10246625,265,2792,N,1.66666666666667,0,153
2885,2,1.081665,260,2734,N,3.33333333333333,0,153
2894,3,1.1898315,286,2885,N,5,0,153
2777,4,1.198152,288,2894,N,6.66666666666667,0,153
2654,5,1.22727375,295,2777,N,8.33333333333333,0,153
2988,6,1.29383775,311,2654,N,10,0,153
2704,7,1.3562415,326,2988,N,11.6666666666667,0,153
3741,8,1.43528625,345,2704,N,13.3333333333333,0,153
3391,9,1.34376075,323,3741,N,15,0,153
3328,10,1.464408,352,3391,N,16.6666666666667,0,153
4059,11,1.231434,296,3328,N,18.3333333333333,0,153
3162,12,1.31879925,317,4059,N,20,0,153
3865,13,1.33544025,321,3162,N,21.6666666666667,0,153
3995,14,1.514331,364,3865,N,23.3333333333333,0,153
3879,15,1.44360675,347,3995,N,25,0,153
4736,16,1.464408,352,3879,N,26.6666666666667,0,153
5210,17,1.5559335,374,4736,N,28.3333333333333,0,153
4868,18,1.6557795,398,5210,N,30,0,153
4926,19,1.7722665,426,4868,N,31.6666666666667,0,153
5055,20,1.71818325,413,4926,N,33.3333333333333,0,153
4777,21,1.83467025,441,5055,N,35,0,153
4797,22,2.063484,496,4777,N,36.6666666666667,0,153
4773,23,0.99429975,239,4797,Y,38.3333333333333,1,153
6011,24,1.18567125,285,4773,N,40,1,153
5963,25,1.2231135,294,6011,N,41.6666666666667,1,153
5950,26,1.231434,296,5963,N,43.3333333333333,1,153
2792,0,1.04422275,251,NA,N,0,0,154
2734,1,1.10246625,265,2792,N,1.66666666666667,0,154
2885,2,1.081665,260,2734,N,3.33333333333333,0,154
2894,3,1.1898315,286,2885,N,5,0,154
2777,4,1.198152,288,2894,N,6.66666666666667,0,154
2654,5,1.22727375,295,2777,N,8.33333333333333,0,154
2988,6,1.29383775,311,2654,N,10,0,154
2704,7,1.3562415,326,2988,N,11.6666666666667,0,154
3741,8,1.43528625,345,2704,N,13.3333333333333,0,154
3391,9,1.34376075,323,3741,N,15,0,154
3328,10,1.464408,352,3391,N,16.6666666666667,0,154
4059,11,1.231434,296,3328,N,18.3333333333333,0,154
3162,12,1.31879925,317,4059,N,20,0,154
3865,13,1.33544025,321,3162,N,21.6666666666667,0,154
3995,14,1.514331,364,3865,N,23.3333333333333,0,154
3879,15,1.44360675,347,3995,N,25,0,154
4736,16,1.464408,352,3879,N,26.6666666666667,0,154
5210,17,1.5559335,374,4736,N,28.3333333333333,0,154
4868,18,1.6557795,398,5210,N,30,0,154
4926,19,1.7722665,426,4868,N,31.6666666666667,0,154
5055,20,1.71818325,413,4926,N,33.3333333333333,0,154
4777,21,1.83467025,441,5055,N,35,0,154
4797,22,2.063484,496,4777,N,36.6666666666667,0,154
4779,23,1.03590225,249,4797,Y,38.3333333333333,1,154
6017,24,1.1232675,270,4779,N,40,1,154
5967,25,1.114947,268,6017,N,41.6666666666667,1,154
5955,26,1.12742775,271,5967,N,43.3333333333333,1,154
6170,27,1.31047875,315,5955,N,45,1,154
6283,28,1.4061645,338,6170,N,46.6666666666667,1,154
5828,29,1.46856825,353,6283,N,48.3333333333333,1,154
6363,30,1.580895,380,5828,N,50,1,154
6317,31,1.64329875,395,6363,N,51.6666666666667,1,154
7033,32,0.7738065,186,6317,Y,53.3333333333333,2,154
7639,33,0.86949225,209,7033,N,55,2,154
7501,34,0.8902935,214,7639,N,56.6666666666667,2,154
6683,35,0.90277425,217,7501,N,58.3333333333333,2,154
7247,36,1.03590225,249,6683,N,60,2,154
7379,37,0.78628725,189,7247,N,61.6666666666667,2,154
6573,39,0.97765875,235,7379,N,65,2,154
8015,40,1.11078675,267,6573,N,66.6666666666667,2,154
7831,41,1.05254325,253,8015,N,68.3333333333333,2,154
8622,42,0.98597925,237,7831,N,70,2,154
8750,43,1.16487,280,8622,N,71.6666666666667,2,154
9481,48,1.148229,276,8750,N,80,2,154
10142,50,1.16487,280,9481,N,83.3333333333333,2,154
10652,51,1.07750475,259,10142,N,85,2,154
10243,52,1.1731905,282,10652,N,86.6666666666667,2,154
11312,57,1.214793,292,10243,N,95,2,154
2033,0,0.9568575,230,NA,N,0,0,155
2039,1,1.0234215,246,2033,N,1.66666666666667,0,155
2038,2,1.1066265,266,2039,N,3.33333333333333,0,155
2031,3,1.098306,264,2038,N,5,0,155
2029,4,1.181511,284,2031,N,6.66666666666667,0,155
2016,5,1.214793,292,2029,N,8.33333333333333,0,155
2058,6,1.31879925,317,2016,N,10,0,155
2023,7,1.36040175,327,2058,N,11.6666666666667,0,155
3446,8,1.414485,340,2023,N,13.3333333333333,0,155
3177,9,1.35208125,325,3446,N,15,0,155
3096,10,1.4893695,358,3177,N,16.6666666666667,0,155
3417,11,1.36872225,329,3096,N,18.3333333333333,0,155
3011,12,1.38536325,333,3417,N,20,0,155
3466,13,1.4228055,342,3011,N,21.6666666666667,0,155
3430,14,1.47688875,355,3466,N,23.3333333333333,0,155
3429,15,1.38536325,333,3430,N,25,0,155
4088,16,1.4560875,350,3429,N,26.6666666666667,0,155
5086,17,1.60169625,385,4088,N,28.3333333333333,0,155
4096,18,1.63497825,393,5086,N,30,0,155
4116,19,1.60169625,385,4096,N,31.6666666666667,0,155
4492,20,1.6724205,402,4116,N,33.3333333333333,0,155
4144,21,1.7057025,410,4492,N,35,0,155
4099,22,1.73482425,417,4144,N,36.6666666666667,0,155
4230,23,1.85963175,447,4099,N,38.3333333333333,0,155
5257,24,1.9885995,478,4230,N,40,0,155
5353,25,2.113407,508,5257,N,41.6666666666667,0,155
5376,26,2.50031025,601,5353,N,43.3333333333333,0,155
5316,27,2.43374625,585,5376,N,45,0,155
5317,28,2.4545475,590,5316,N,46.6666666666667,0,155
5240,29,1.1565495,278,5317,Y,48.3333333333333,1,155
5324,30,1.297998,312,5240,N,50,1,155
5371,31,1.264716,304,5324,N,51.6666666666667,1,155
6717,32,1.38536325,333,5371,N,53.3333333333333,1,155
7435,33,1.364562,328,6717,N,55,1,155
6746,34,1.431126,344,7435,N,56.6666666666667,1,155
6424,35,1.5226515,366,6746,N,58.3333333333333,1,155
6951,36,1.56841425,377,6424,N,60,1,155
7244,37,1.56009375,375,6951,N,61.6666666666667,1,155
6753,38,1.70986275,411,7244,N,63.3333333333333,1,155
6404,39,1.7722665,426,6753,N,65,1,155
7874,40,1.7556255,422,6404,N,66.6666666666667,1,155
7685,41,2.05100325,493,7874,N,68.3333333333333,1,155
8403,42,1.9386765,466,7685,N,70,1,155
8666,43,1.67658075,403,8403,N,71.6666666666667,1,155
8362,45,1.0733445,258,8666,Y,75,2,155
8139,46,1.15238925,277,8362,N,76.6666666666667,2,155
9209,47,1.181511,284,8139,N,78.3333333333333,2,155
2033,0,0.9568575,230,NA,N,0,0,156
2039,1,1.0234215,246,2033,N,1.66666666666667,0,156
2038,2,1.1066265,266,2039,N,3.33333333333333,0,156
2031,3,1.098306,264,2038,N,5,0,156
2029,4,1.181511,284,2031,N,6.66666666666667,0,156
2016,5,1.214793,292,2029,N,8.33333333333333,0,156
2058,6,1.31879925,317,2016,N,10,0,156
2023,7,1.36040175,327,2058,N,11.6666666666667,0,156
3446,8,1.414485,340,2023,N,13.3333333333333,0,156
3177,9,1.35208125,325,3446,N,15,0,156
3096,10,1.4893695,358,3177,N,16.6666666666667,0,156
3417,11,1.36872225,329,3096,N,18.3333333333333,0,156
3011,12,1.38536325,333,3417,N,20,0,156
3466,13,1.4228055,342,3011,N,21.6666666666667,0,156
3430,14,1.47688875,355,3466,N,23.3333333333333,0,156
3429,15,1.38536325,333,3430,N,25,0,156
4088,16,1.4560875,350,3429,N,26.6666666666667,0,156
5086,17,1.60169625,385,4088,N,28.3333333333333,0,156
4096,18,1.63497825,393,5086,N,30,0,156
4116,19,1.60169625,385,4096,N,31.6666666666667,0,156
4492,20,1.6724205,402,4116,N,33.3333333333333,0,156
4144,21,1.7057025,410,4492,N,35,0,156
4099,22,1.73482425,417,4144,N,36.6666666666667,0,156
4230,23,1.85963175,447,4099,N,38.3333333333333,0,156
5257,24,1.9885995,478,4230,N,40,0,156
5353,25,2.113407,508,5257,N,41.6666666666667,0,156
5376,26,2.50031025,601,5353,N,43.3333333333333,0,156
5316,27,2.43374625,585,5376,N,45,0,156
5317,28,2.4545475,590,5316,N,46.6666666666667,0,156
5239,29,1.181511,284,5317,Y,48.3333333333333,1,156
5323,30,1.36040175,327,5239,N,50,1,156
5367,31,1.397844,336,5323,N,51.6666666666667,1,156
6718,32,1.314639,316,5367,N,53.3333333333333,1,156
7436,33,1.37704275,331,6718,N,55,1,156
6748,34,1.4893695,358,7436,N,56.6666666666667,1,156
6426,35,1.44360675,347,6748,N,58.3333333333333,1,156
6955,36,1.54345275,371,6426,N,60,1,156
7246,37,1.714023,412,6955,N,61.6666666666667,1,156
6756,38,1.84299075,443,7246,N,63.3333333333333,1,156
6406,39,1.90955475,459,6756,N,65,1,156
7875,40,2.0718045,498,6406,N,66.6666666666667,1,156
7686,41,2.08428525,501,7875,N,68.3333333333333,1,156
8405,42,0.898614,216,7686,Y,70,2,156
8668,43,0.815409,196,8405,N,71.6666666666667,2,156
8498,44,0.83205,200,8668,N,73.3333333333333,2,156
8271,45,0.92773575,223,8498,N,75,2,156
8055,46,1.04422275,251,8271,N,76.6666666666667,2,156
9123,47,1.081665,260,8055,N,78.3333333333333,2,156
9397,48,1.0567035,254,9123,N,80,2,156
9347,49,1.15238925,277,9397,N,81.6666666666667,2,156
10061,50,1.16903025,281,9347,N,83.3333333333333,2,156
10843,51,1.28551725,309,10061,N,85,2,156
10377,52,1.36872225,329,10843,N,86.6666666666667,2,156
2033,0,0.9568575,230,NA,N,0,0,157
2039,1,1.0234215,246,2033,N,1.66666666666667,0,157
2038,2,1.1066265,266,2039,N,3.33333333333333,0,157
2031,3,1.098306,264,2038,N,5,0,157
2029,4,1.181511,284,2031,N,6.66666666666667,0,157
2016,5,1.214793,292,2029,N,8.33333333333333,0,157
2058,6,1.31879925,317,2016,N,10,0,157
2023,7,1.36040175,327,2058,N,11.6666666666667,0,157
3446,8,1.414485,340,2023,N,13.3333333333333,0,157
3177,9,1.35208125,325,3446,N,15,0,157
3096,10,1.4893695,358,3177,N,16.6666666666667,0,157
3417,11,1.36872225,329,3096,N,18.3333333333333,0,157
3011,12,1.38536325,333,3417,N,20,0,157
3466,13,1.4228055,342,3011,N,21.6666666666667,0,157
3430,14,1.47688875,355,3466,N,23.3333333333333,0,157
3429,15,1.38536325,333,3430,N,25,0,157
4088,16,1.4560875,350,3429,N,26.6666666666667,0,157
5086,17,1.60169625,385,4088,N,28.3333333333333,0,157
4096,18,1.63497825,393,5086,N,30,0,157
4116,19,1.60169625,385,4096,N,31.6666666666667,0,157
4492,20,1.6724205,402,4116,N,33.3333333333333,0,157
4144,21,1.7057025,410,4492,N,35,0,157
4099,22,1.73482425,417,4144,N,36.6666666666667,0,157
4230,23,1.85963175,447,4099,N,38.3333333333333,0,157
5257,24,1.9885995,478,4230,N,40,0,157
5353,25,2.113407,508,5257,N,41.6666666666667,0,157
5376,26,2.50031025,601,5353,N,43.3333333333333,0,157
5316,27,2.43374625,585,5376,N,45,0,157
5317,28,2.4545475,590,5316,N,46.6666666666667,0,157
5239,29,1.181511,284,5317,Y,48.3333333333333,1,157
5323,30,1.36040175,327,5239,N,50,1,157
5367,31,1.397844,336,5323,N,51.6666666666667,1,157
6718,32,1.314639,316,5367,N,53.3333333333333,1,157
7436,33,1.37704275,331,6718,N,55,1,157
6748,34,1.4893695,358,7436,N,56.6666666666667,1,157
6426,35,1.44360675,347,6748,N,58.3333333333333,1,157
6955,36,1.54345275,371,6426,N,60,1,157
7246,37,1.714023,412,6955,N,61.6666666666667,1,157
6756,38,1.84299075,443,7246,N,63.3333333333333,1,157
6406,39,1.90955475,459,6756,N,65,1,157
7875,40,2.0718045,498,6406,N,66.6666666666667,1,157
7686,41,2.08428525,501,7875,N,68.3333333333333,1,157
8408,42,1.18567125,285,7686,Y,70,2,157
8667,43,1.248075,300,8408,N,71.6666666666667,2,157
8496,44,1.3063185,314,8667,N,73.3333333333333,2,157
8270,45,1.29383775,311,8496,N,75,2,157
8054,46,1.3728825,330,8270,N,76.6666666666667,2,157
9122,47,1.43528625,345,8054,N,78.3333333333333,2,157
9396,48,1.4394465,346,9122,N,80,2,157
9346,49,1.5725745,378,9396,N,81.6666666666667,2,157
10060,50,1.7223435,414,9346,N,83.3333333333333,2,157
10840,51,1.6557795,398,10060,N,85,2,157
10375,52,1.8554715,446,10840,N,86.6666666666667,2,157
9811,53,2.02604175,487,10375,N,88.3333333333333,2,157
10861,54,2.2881375,550,9811,N,90,2,157
11397,55,1.21063275,291,10861,Y,91.6666666666667,3,157
11719,56,1.17735075,283,11397,N,93.3333333333333,3,157
11671,57,1.2896775,310,11719,N,95,3,157
12026,58,1.45192725,349,11671,N,96.6666666666667,3,157
13203,59,1.447767,348,12026,N,98.3333333333333,3,157
12643,60,1.447767,348,13203,N,100,3,157
13510,61,1.65161925,397,12643,N,101.666666666667,3,157
14290,62,1.647459,396,13510,N,103.333333333333,3,157
14111,63,1.9553175,470,14290,N,105,3,157
12994,64,2.07596475,499,14111,N,106.666666666667,3,157
12341,65,2.08428525,501,12994,N,108.333333333333,3,157
14445,66,0.9402165,226,12341,Y,110,4,157
14783,67,1.01926125,245,14445,N,111.666666666667,4,157
15823,68,1.22727375,295,14783,N,113.333333333333,4,157
15513,69,1.3396005,322,15823,N,115,4,157
15629,70,1.32711975,319,15513,N,116.666666666667,4,157
2550,0,1.14406875,275,NA,N,0,0,158
2372,1,1.2896775,310,2550,N,1.66666666666667,0,158
2474,2,1.33544025,321,2372,N,3.33333333333333,0,158
2665,3,1.41864525,341,2474,N,5,0,158
2451,4,1.5392925,370,2665,N,6.66666666666667,0,158
2418,5,1.564254,376,2451,N,8.33333333333333,0,158
2932,6,1.56009375,375,2418,N,10,0,158
2450,7,1.5392925,370,2932,N,11.6666666666667,0,158
3614,8,0.8570115,206,2450,Y,13.3333333333333,1,158
2550,0,1.14406875,275,NA,N,0,0,159
2372,1,1.2896775,310,2550,N,1.66666666666667,0,159
2474,2,1.33544025,321,2372,N,3.33333333333333,0,159
2665,3,1.41864525,341,2474,N,5,0,159
2451,4,1.5392925,370,2665,N,6.66666666666667,0,159
2418,5,1.564254,376,2451,N,8.33333333333333,0,159
2932,6,1.56009375,375,2418,N,10,0,159
2450,7,1.5392925,370,2932,N,11.6666666666667,0,159
3612,8,0.782127,188,2450,Y,13.3333333333333,1,159
3320,9,0.8403705,202,3612,N,15,1,159
3241,10,0.981819,236,3320,N,16.6666666666667,1,159
3710,11,0.948537,228,3241,N,18.3333333333333,1,159
3075,12,0.95269725,229,3710,N,20,1,159
3626,13,0.898614,216,3075,N,21.6666666666667,1,159
3951,14,0.948537,228,3626,N,23.3333333333333,1,159
3777,15,0.96933825,233,3951,N,25,1,159
4358,16,0.91941525,221,3777,N,26.6666666666667,1,159
5156,17,0.87781275,211,4358,N,28.3333333333333,1,159
4455,18,0.91941525,221,5156,N,30,1,159
4689,19,0.9402165,226,4455,N,31.6666666666667,1,159
5008,20,0.94437675,227,4689,N,33.3333333333333,1,159
4479,21,0.98597925,237,5008,N,35,1,159
4459,22,0.99429975,239,4479,N,36.6666666666667,1,159
4503,23,1.031742,248,4459,N,38.3333333333333,1,159
5615,24,1.09414575,263,4503,N,40,1,159
5686,25,1.1731905,282,5615,N,41.6666666666667,1,159
5714,26,1.214793,292,5686,N,43.3333333333333,1,159
5989,27,1.23559425,297,5714,N,45,1,159
6222,28,1.347921,324,5989,N,46.6666666666667,1,159
5574,29,1.39368375,335,6222,N,48.3333333333333,1,159
5984,30,1.464408,352,5574,N,50,1,159
5966,31,1.39368375,335,5984,N,51.6666666666667,1,159
6909,32,1.381203,332,5966,N,53.3333333333333,1,159
7583,33,1.630818,392,6909,N,55,1,159
7183,34,1.514331,364,7583,N,56.6666666666667,1,159
6638,35,1.6724205,402,7183,N,58.3333333333333,1,159
7176,36,1.7057025,410,6638,N,60,1,159
7336,37,1.85131125,445,7176,N,61.6666666666667,1,159
6952,38,1.95115725,469,7336,N,63.3333333333333,1,159
6523,39,2.25901575,543,6952,N,65,1,159
7968,40,2.1716505,522,6523,N,66.6666666666667,1,159
7780,41,2.16333,520,7968,N,68.3333333333333,1,159
8569,42,1.181511,284,7780,Y,70,2,159
8787,43,1.09414575,263,8569,N,71.6666666666667,2,159
8965,44,1.198152,288,8787,N,73.3333333333333,2,159
8383,45,1.181511,284,8965,N,75,2,159
8155,46,1.33544025,321,8383,N,76.6666666666667,2,159
9226,47,1.40200425,337,8155,N,78.3333333333333,2,159
9508,48,1.5892155,382,9226,N,80,2,159
9693,49,1.4893695,358,9508,N,81.6666666666667,2,159
10174,50,1.47688875,355,9693,N,83.3333333333333,2,159
11477,51,1.4560875,350,10174,N,85,2,159
10519,52,1.71818325,413,11477,N,86.6666666666667,2,159
9930,53,1.77642675,427,10519,N,88.3333333333333,2,159
11012,54,1.8887535,454,9930,N,90,2,159
11365,55,0.881973,212,11012,Y,91.6666666666667,3,159
11706,56,0.88613325,213,11365,N,93.3333333333333,3,159
2044,0,0.90277425,217,NA,N,0,0,160
2046,1,1.03590225,249,2044,N,1.66666666666667,0,160
2042,2,1.05254325,253,2046,N,3.33333333333333,0,160
2051,3,0.9901395,238,2042,N,5,0,160
2036,4,1.0899855,262,2051,N,6.66666666666667,0,160
2040,5,1.19399175,287,2036,N,8.33333333333333,0,160
2097,6,1.26055575,303,2040,N,10,0,160
2027,7,1.27719675,307,2097,N,11.6666666666667,0,160
3448,8,1.40200425,337,2027,N,13.3333333333333,0,160
3180,9,1.40200425,337,3448,N,15,0,160
3100,10,1.364562,328,3180,N,16.6666666666667,0,160
3419,11,1.46024775,351,3100,N,18.3333333333333,0,160
3013,12,1.397844,336,3419,N,20,0,160
3469,13,1.4893695,358,3013,N,21.6666666666667,0,160
3434,14,1.47688875,355,3469,N,23.3333333333333,0,160
3435,15,1.53513225,369,3434,N,25,0,160
4089,16,1.431126,344,3435,N,26.6666666666667,0,160
5087,17,1.514331,364,4089,N,28.3333333333333,0,160
4098,18,1.49352975,359,5087,N,30,0,160
4118,19,1.51849125,365,4098,N,31.6666666666667,0,160
4500,20,1.6641,400,4118,N,33.3333333333333,0,160
4147,21,1.61001675,387,4500,N,35,0,160
4103,22,1.647459,396,4147,N,36.6666666666667,0,160
4251,23,1.71818325,413,4103,N,38.3333333333333,0,160
5258,24,1.85131125,445,4251,N,40,0,160
5354,25,1.797228,432,5258,N,41.6666666666667,0,160
5382,26,1.913715,460,5354,N,43.3333333333333,0,160
5346,27,2.00940075,483,5382,N,45,0,160
5370,28,2.3879835,574,5346,N,46.6666666666667,0,160
5242,29,1.2064725,290,5370,Y,48.3333333333333,1,160
5326,30,1.0400625,250,5242,N,50,1,160
5444,31,1.19399175,287,5326,N,51.6666666666667,1,160
6721,32,1.21063275,291,5444,N,53.3333333333333,1,160
7438,33,1.397844,336,6721,N,55,1,160
6754,34,1.36872225,329,7438,N,56.6666666666667,1,160
6431,35,1.414485,340,6754,N,58.3333333333333,1,160
6961,36,1.414485,340,6431,N,60,1,160
7251,37,1.35208125,325,6961,N,61.6666666666667,1,160
6766,38,1.46856825,353,7251,N,63.3333333333333,1,160
6410,39,1.62665775,391,6766,N,65,1,160
7879,40,1.58505525,381,6410,N,66.6666666666667,1,160
7690,41,1.8887535,454,7879,N,68.3333333333333,1,160
8413,42,1.7722665,426,7690,N,70,1,160
8670,43,1.79306775,431,8413,N,71.6666666666667,1,160
8508,44,1.96779825,473,8670,N,73.3333333333333,1,160
8273,45,0.99846,240,8508,Y,75,2,160
9189,47,1.06918425,257,8273,N,78.3333333333333,2,160
9465,48,1.1399085,274,9189,N,80,2,160
2394,0,0.66980025,161,NA,N,0,0,161
2319,1,0.73636425,177,2394,N,1.66666666666667,0,161
2352,2,0.74468475,179,2319,N,3.33333333333333,0,161
2572,3,0.8070885,194,2352,N,5,0,161
2377,4,0.7738065,186,2572,N,6.66666666666667,0,161
2310,5,0.81124875,195,2377,N,8.33333333333333,0,161
2844,6,0.85285125,205,2310,N,10,0,161
2355,7,0.915255,220,2844,N,11.6666666666667,0,161
3573,8,0.92773575,223,2355,N,13.3333333333333,0,161
3292,9,0.9235755,222,3573,N,15,0,161
3209,10,1.01094075,243,3292,N,16.6666666666667,0,161
3680,11,0.915255,220,3209,N,18.3333333333333,0,161
3063,12,0.97765875,235,3680,N,20,0,161
3591,13,1.01926125,245,3063,N,21.6666666666667,0,161
3933,14,0.97765875,235,3591,N,23.3333333333333,0,161
3746,15,0.93605625,225,3933,N,25,0,161
4286,16,0.93605625,225,3746,N,26.6666666666667,0,161
5140,17,0.97765875,235,4286,N,28.3333333333333,0,161
4380,18,1.08582525,261,5140,N,30,0,161
4585,19,1.02758175,247,4380,N,31.6666666666667,0,161
4986,20,1.131588,272,4585,N,33.3333333333333,0,161
4376,21,1.19399175,287,4986,N,35,0,161
4365,22,1.16903025,281,4376,N,36.6666666666667,0,161
4384,23,1.14406875,275,4365,N,38.3333333333333,0,161
5533,24,1.1399085,274,4384,N,40,0,161
5609,25,1.2730365,306,5533,N,41.6666666666667,0,161
5623,26,1.1898315,286,5609,N,43.3333333333333,0,161
5901,27,1.18567125,285,5623,N,45,0,161
6199,28,1.2896775,310,5901,N,46.6666666666667,0,161
5515,29,1.24391475,299,6199,N,48.3333333333333,0,161
5848,30,1.41864525,341,5515,N,50,0,161
5893,31,1.514331,364,5848,N,51.6666666666667,0,161
6877,32,1.680741,404,5893,N,53.3333333333333,0,161
7568,33,1.7556255,422,6877,N,55,0,161
7145,34,1.80138825,433,7568,N,56.6666666666667,0,161
6623,35,1.97611875,475,7145,N,58.3333333333333,0,161
7135,36,2.05932375,495,6623,N,60,0,161
7317,37,1.16070975,279,7135,Y,61.6666666666667,1,161
6906,38,1.11910725,269,7317,N,63.3333333333333,1,161
6485,39,1.2231135,294,6906,N,65,1,161
7952,40,1.264716,304,6485,N,66.6666666666667,1,161
7762,41,1.281357,308,7952,N,68.3333333333333,1,161
8548,42,1.381203,332,7762,N,70,1,161
8748,43,1.26887625,305,8548,N,71.6666666666667,1,161
8932,44,1.214793,292,8748,N,73.3333333333333,1,161
8353,45,1.3396005,322,8932,N,75,1,161
8128,46,1.46024775,351,8353,N,76.6666666666667,1,161
9200,47,1.58505525,381,8128,N,78.3333333333333,1,161
9479,48,1.6641,400,9200,N,80,1,161
9661,49,1.64329875,395,9479,N,81.6666666666667,1,161
10141,50,1.4893695,358,9661,N,83.3333333333333,1,161
11379,51,1.7389845,418,10141,N,85,1,161
10472,52,1.74314475,419,11379,N,86.6666666666667,1,161
9903,53,1.80138825,433,10472,N,88.3333333333333,1,161
10979,54,1.88459325,453,9903,N,90,1,161
11304,55,2.013561,484,10979,N,91.6666666666667,1,161
11651,56,1.92619575,463,11304,N,93.3333333333333,1,161
11546,57,2.2881375,550,11651,N,95,1,161
11997,58,2.412945,580,11546,N,96.6666666666667,1,161
13170,59,2.76656625,665,11997,N,98.3333333333333,1,161
12577,60,1.33544025,321,13170,Y,100,2,161
13477,61,1.29383775,311,12577,N,101.666666666667,2,161
2423,0,1.148229,276,NA,N,0,0,162
2336,1,1.1399085,274,2423,N,1.66666666666667,0,162
2373,2,1.181511,284,2336,N,3.33333333333333,0,162
2398,4,1.38536325,333,2373,N,6.66666666666667,0,162
2324,5,1.49769,360,2398,N,8.33333333333333,0,162
2873,6,1.464408,352,2324,N,10,0,162
2364,7,1.514331,364,2873,N,11.6666666666667,0,162
3580,8,1.5392925,370,2364,N,13.3333333333333,0,162
3300,9,1.49352975,359,3580,N,15,0,162
3065,12,1.59337575,383,3300,N,20,0,162
3596,13,1.580895,380,3065,N,21.6666666666667,0,162
3937,14,1.65993975,399,3596,N,23.3333333333333,0,162
3751,15,1.80138825,433,3937,N,25,0,162
4295,16,1.5892155,382,3751,N,26.6666666666667,0,162
5142,17,1.61833725,389,4295,N,28.3333333333333,0,162
4385,18,1.78474725,429,5142,N,30,0,162
4599,19,1.76810625,425,4385,N,31.6666666666667,0,162
4990,20,1.747305,420,4599,N,33.3333333333333,0,162
4386,21,1.7889075,430,4990,N,35,0,162
4389,22,1.647459,396,4386,N,36.6666666666667,0,162
4409,23,1.797228,432,4389,N,38.3333333333333,0,162
5557,24,1.9220355,462,4409,N,40,0,162
5626,25,1.9553175,470,5557,N,41.6666666666667,0,162
5642,26,2.030202,488,5626,N,43.3333333333333,0,162
5920,27,2.1050865,506,5642,N,45,0,162
6207,28,2.080125,500,5920,N,46.6666666666667,0,162
5529,29,2.0385225,490,6207,N,48.3333333333333,0,162
5862,30,2.1550095,518,5529,N,50,0,162
5908,31,2.21741325,533,5862,N,51.6666666666667,0,162
6883,32,2.18413125,525,5908,N,53.3333333333333,0,162
7571,33,2.08428525,501,6883,N,55,0,162
7153,34,2.27565675,547,7571,N,56.6666666666667,0,162
6624,35,2.3547015,566,7153,N,58.3333333333333,0,162
7138,36,2.479509,596,6624,N,60,0,162
7320,37,2.40878475,579,7138,N,61.6666666666667,0,162
6916,38,2.4711885,594,7320,N,63.3333333333333,0,162
6490,39,2.42542575,583,6916,N,65,0,162
7954,40,2.4046245,578,6490,N,66.6666666666667,0,162
7764,41,2.85809175,687,7954,N,68.3333333333333,0,162
8551,42,2.79152775,671,7764,N,70,0,162
8756,43,1.33128,320,8551,Y,71.6666666666667,1,162
8936,44,1.3728825,330,8756,N,73.3333333333333,1,162
8359,45,1.42696575,343,8936,N,75,1,162
8134,46,1.42696575,343,8359,N,76.6666666666667,1,162
9204,47,1.5060105,362,8134,N,78.3333333333333,1,162
9485,48,1.67658075,403,9204,N,80,1,162
9665,49,1.79306775,431,9485,N,81.6666666666667,1,162
10148,50,1.8388305,442,9665,N,83.3333333333333,1,162
10667,51,1.7722665,426,10148,N,85,1,162
10249,52,2.01772125,485,10667,N,86.6666666666667,1,162
9908,53,1.97611875,475,10249,N,88.3333333333333,1,162
10529,54,1.980279,476,9908,N,90,1,162
10761,55,2.30061825,553,10529,N,91.6666666666667,1,162
11228,56,2.34222075,563,10761,N,93.3333333333333,1,162
11134,57,2.096766,504,11228,N,95,1,162
11874,58,1.24391475,299,11134,Y,96.6666666666667,2,162
12958,59,1.214793,292,11874,N,98.3333333333333,2,162
12445,60,1.148229,276,12958,N,100,2,162
13318,61,1.48520925,357,12445,N,101.666666666667,2,162
13633,62,1.4394465,346,13318,N,103.333333333333,2,162
13704,63,1.5559335,374,13633,N,105,2,162
12694,64,1.61833725,389,13704,N,106.666666666667,2,162
12148,65,1.9053945,458,12694,N,108.333333333333,2,162
14073,66,2.05932375,495,12148,N,110,2,162
14602,67,2.43374625,585,14073,N,111.666666666667,2,162
15200,68,2.645919,636,14602,N,113.333333333333,2,162
14955,69,2.6209575,630,15200,N,115,2,162
15039,70,1.198152,288,14955,Y,116.666666666667,3,162
2711,0,1.6724205,402,NA,N,0,0,163
2579,1,1.89291375,455,2711,N,1.66666666666667,0,163
2763,2,1.847151,444,2579,N,3.33333333333333,0,163
2781,3,1.6058565,386,2763,N,5,0,163
2557,4,1.8554715,446,2781,N,6.66666666666667,0,163
2551,5,1.7057025,410,2557,N,8.33333333333333,0,163
2969,6,2.01772125,485,2551,N,10,0,163
2620,7,2.12588775,511,2969,N,11.6666666666667,0,163
3701,8,1.065024,256,2620,Y,13.3333333333333,1,163
3367,9,1.098306,264,3701,N,15,1,163
3291,10,1.06918425,257,3367,N,16.6666666666667,1,163
4040,11,1.0067805,242,3291,N,18.3333333333333,1,163
3121,12,1.1399085,274,4040,N,20,1,163
3813,13,1.26887625,305,3121,N,21.6666666666667,1,163
3977,14,1.24391475,299,3813,N,23.3333333333333,1,163
3818,15,1.29383775,311,3977,N,25,1,163
4581,16,1.41032475,339,3818,N,26.6666666666667,1,163
5192,17,1.431126,344,4581,N,28.3333333333333,1,163
4775,18,1.364562,328,5192,N,30,1,163
4850,19,1.447767,348,4775,N,31.6666666666667,1,163
5037,20,1.48520925,357,4850,N,33.3333333333333,1,163
4681,21,1.680741,404,5037,N,35,1,163
4700,22,1.7057025,410,4681,N,36.6666666666667,1,163
4673,23,2.08428525,501,4700,N,38.3333333333333,1,163
5868,25,0.93605625,225,4673,Y,41.6666666666667,2,163
5872,27,1.07750475,259,5868,N,45,2,163
6277,28,1.181511,284,5872,N,46.6666666666667,2,163
5805,29,1.181511,284,6277,N,48.3333333333333,2,163
6360,30,1.2730365,306,5805,N,50,2,163
6309,31,1.43528625,345,6360,N,51.6666666666667,2,163
2022,0,1.0733445,258,NA,N,0,0,164
2304,2,1.081665,260,2022,N,3.33333333333333,0,164
4029,14,1.83051,440,2304,N,23.3333333333333,0,164
3740,15,1.6391385,394,4029,N,25,0,164
4276,16,1.8887535,454,3740,N,26.6666666666667,0,164
5137,17,1.90955475,459,4276,N,28.3333333333333,0,164
4564,19,2.13420825,513,5137,N,31.6666666666667,0,164
4982,20,2.2049325,530,4564,N,33.3333333333333,0,164
4366,21,1.980279,476,4982,N,35,0,164
4316,22,2.15916975,519,4366,N,36.6666666666667,0,164
4373,23,2.0385225,490,4316,N,38.3333333333333,0,164
5525,24,2.32974,560,4373,N,40,0,164
5589,25,2.09260575,503,5525,N,41.6666666666667,0,164
5603,26,2.10924675,507,5589,N,43.3333333333333,0,164
5861,27,2.2215735,534,5603,N,45,0,164
6031,28,1.0733445,258,5861,Y,46.6666666666667,1,164
5269,29,1.131588,272,6031,N,48.3333333333333,1,164
5345,30,1.12742775,271,5269,N,50,1,164
5514,31,1.148229,276,5345,N,51.6666666666667,1,164
6742,32,1.17735075,283,5514,N,53.3333333333333,1,164
7480,33,1.11078675,267,6742,N,55,1,164
6799,34,1.16070975,279,7480,N,56.6666666666667,1,164
6496,35,1.11910725,269,6799,N,58.3333333333333,1,164
7006,36,1.2397545,298,6496,N,60,1,164
2022,0,1.0733445,258,NA,N,0,0,165
2304,2,1.081665,260,2022,N,3.33333333333333,0,165
4029,14,1.83051,440,2304,N,23.3333333333333,0,165
3740,15,1.6391385,394,4029,N,25,0,165
4276,16,1.8887535,454,3740,N,26.6666666666667,0,165
5137,17,1.90955475,459,4276,N,28.3333333333333,0,165
4564,19,2.13420825,513,5137,N,31.6666666666667,0,165
4982,20,2.2049325,530,4564,N,33.3333333333333,0,165
4366,21,1.980279,476,4982,N,35,0,165
4316,22,2.15916975,519,4366,N,36.6666666666667,0,165
4373,23,2.0385225,490,4316,N,38.3333333333333,0,165
5525,24,2.32974,560,4373,N,40,0,165
5589,25,2.09260575,503,5525,N,41.6666666666667,0,165
5603,26,2.10924675,507,5589,N,43.3333333333333,0,165
5861,27,2.2215735,534,5603,N,45,0,165
6013,28,0.93605625,225,5861,Y,46.6666666666667,1,165
5267,29,0.94437675,227,6013,N,48.3333333333333,1,165
5343,30,0.98597925,237,5267,N,50,1,165
5507,31,1.031742,248,5343,N,51.6666666666667,1,165
6740,32,1.00262025,241,5507,N,53.3333333333333,1,165
6796,34,1.0567035,254,6740,N,56.6666666666667,1,165
6493,35,1.114947,268,6796,N,58.3333333333333,1,165
7002,36,1.114947,268,6493,N,60,1,165
7274,37,1.39368375,335,7002,N,61.6666666666667,1,165
6815,38,1.431126,344,7274,N,63.3333333333333,1,165
6432,39,1.45192725,349,6815,N,65,1,165
7898,40,1.4893695,358,6432,N,66.6666666666667,1,165
7708,41,1.4727285,354,7898,N,68.3333333333333,1,165
8437,42,1.52681175,367,7708,N,70,1,165
8690,43,1.5892155,382,8437,N,71.6666666666667,1,165
8535,44,1.6391385,394,8690,N,73.3333333333333,1,165
8294,45,1.7556255,422,8535,N,75,1,165
8072,46,1.863792,448,8294,N,76.6666666666667,1,165
9146,47,2.10092625,505,8072,N,78.3333333333333,1,165
9418,48,2.1383685,514,9146,N,80,1,165
9364,49,2.296458,552,9418,N,81.6666666666667,1,165
10080,50,2.45870775,591,9364,N,83.3333333333333,1,165
10541,51,2.2714965,546,10080,N,85,1,165
10188,52,1.1731905,282,10541,Y,86.6666666666667,2,165
9833,53,1.297998,312,10188,N,88.3333333333333,2,165
2022,0,1.0733445,258,NA,N,0,0,166
2304,2,1.081665,260,2022,N,3.33333333333333,0,166
4029,14,1.83051,440,2304,N,23.3333333333333,0,166
3740,15,1.6391385,394,4029,N,25,0,166
4276,16,1.8887535,454,3740,N,26.6666666666667,0,166
5137,17,1.90955475,459,4276,N,28.3333333333333,0,166
4564,19,2.13420825,513,5137,N,31.6666666666667,0,166
4982,20,2.2049325,530,4564,N,33.3333333333333,0,166
4366,21,1.980279,476,4982,N,35,0,166
4316,22,2.15916975,519,4366,N,36.6666666666667,0,166
4373,23,2.0385225,490,4316,N,38.3333333333333,0,166
5525,24,2.32974,560,4373,N,40,0,166
5589,25,2.09260575,503,5525,N,41.6666666666667,0,166
5603,26,2.10924675,507,5589,N,43.3333333333333,0,166
5861,27,2.2215735,534,5603,N,45,0,166
6013,28,0.93605625,225,5861,Y,46.6666666666667,1,166
5267,29,0.94437675,227,6013,N,48.3333333333333,1,166
5343,30,0.98597925,237,5267,N,50,1,166
5507,31,1.031742,248,5343,N,51.6666666666667,1,166
6740,32,1.00262025,241,5507,N,53.3333333333333,1,166
6796,34,1.0567035,254,6740,N,56.6666666666667,1,166
6493,35,1.114947,268,6796,N,58.3333333333333,1,166
7002,36,1.114947,268,6493,N,60,1,166
7274,37,1.39368375,335,7002,N,61.6666666666667,1,166
6815,38,1.431126,344,7274,N,63.3333333333333,1,166
6432,39,1.45192725,349,6815,N,65,1,166
7898,40,1.4893695,358,6432,N,66.6666666666667,1,166
7708,41,1.4727285,354,7898,N,68.3333333333333,1,166
8437,42,1.52681175,367,7708,N,70,1,166
8690,43,1.5892155,382,8437,N,71.6666666666667,1,166
8535,44,1.6391385,394,8690,N,73.3333333333333,1,166
8294,45,1.7556255,422,8535,N,75,1,166
8072,46,1.863792,448,8294,N,76.6666666666667,1,166
9146,47,2.10092625,505,8072,N,78.3333333333333,1,166
9418,48,2.1383685,514,9146,N,80,1,166
9364,49,2.296458,552,9418,N,81.6666666666667,1,166
10080,50,2.45870775,591,9364,N,83.3333333333333,1,166
10541,51,2.2714965,546,10080,N,85,1,166
10186,52,1.16903025,281,10541,Y,86.6666666666667,2,166
9834,53,1.23559425,297,10186,N,88.3333333333333,2,166
10430,54,1.42696575,343,9834,N,90,2,166
10597,55,1.31879925,317,10430,N,91.6666666666667,2,166
11119,56,1.49769,360,10597,N,93.3333333333333,2,166
11044,57,1.5392925,370,11119,N,95,2,166
11841,58,1.4228055,342,11044,N,96.6666666666667,2,166
13100,59,1.4394465,346,11841,N,98.3333333333333,2,166
13280,61,1.67658075,403,13100,N,101.666666666667,2,166
13593,62,2.12588775,511,13280,N,103.333333333333,2,166
13663,63,1.00262025,241,13593,Y,105,3,166
12622,64,1.065024,256,13663,N,106.666666666667,3,166
16169,0,NA,-1,NA,N,0,0,167
2467,2,1.198152,288,16169,N,3.33333333333333,0,167
2445,4,1.25223525,301,2467,N,6.66666666666667,0,167
2411,5,1.22727375,295,2445,N,8.33333333333333,0,167
2929,6,1.36872225,329,2411,N,10,0,167
2444,7,1.1731905,282,2929,N,11.6666666666667,0,167
3608,8,1.49769,360,2444,N,13.3333333333333,0,167
3318,9,1.51849125,365,3608,N,15,0,167
3239,10,1.48520925,357,3318,N,16.6666666666667,0,167
3708,11,1.547613,372,3239,N,18.3333333333333,0,167
3074,12,1.397844,336,3708,N,20,0,167
3623,13,1.5725745,378,3074,N,21.6666666666667,0,167
3950,14,1.6557795,398,3623,N,23.3333333333333,0,167
3775,15,1.730664,416,3950,N,25,0,167
4355,16,1.64329875,395,3775,N,26.6666666666667,0,167
5155,17,1.8055485,434,4355,N,28.3333333333333,0,167
4452,18,0.79460775,191,5155,Y,30,1,167
4683,19,0.9402165,226,4452,N,31.6666666666667,1,167
5007,20,1.02758175,247,4683,N,33.3333333333333,1,167
4475,21,1.03590225,249,5007,N,35,1,167
4453,22,1.11078675,267,4475,N,36.6666666666667,1,167
4482,23,1.04422275,251,4453,N,38.3333333333333,1,167
5605,24,1.01094075,243,4482,N,40,1,167
5674,25,1.031742,248,5605,N,41.6666666666667,1,167
5702,26,1.06918425,257,5674,N,43.3333333333333,1,167
5982,27,1.11078675,267,5702,N,45,1,167
6220,28,1.07750475,259,5982,N,46.6666666666667,1,167
5563,29,1.29383775,311,6220,N,48.3333333333333,1,167
5914,30,1.297998,312,5563,N,50,1,167
5957,31,1.6224975,390,5914,N,51.6666666666667,1,167
6902,32,1.79306775,431,5957,N,53.3333333333333,1,167
7175,34,1.94283675,467,6902,N,56.6666666666667,1,167
6633,35,2.07596475,499,7175,N,58.3333333333333,1,167
7168,36,1.99692,480,6633,N,60,1,167
7332,37,0.981819,236,7168,Y,61.6666666666667,2,167
2819,0,0.74468475,179,NA,N,0,0,168
2753,1,0.73636425,177,2819,N,1.66666666666667,0,168
2915,2,0.76964625,185,2753,N,3.33333333333333,0,168
2898,3,0.848691,204,2915,N,5,0,168
2785,4,1.0067805,242,2898,N,6.66666666666667,0,168
2659,5,0.88613325,213,2785,N,8.33333333333333,0,168
2990,6,1.015101,244,2659,N,10,0,168
2727,7,1.01094075,243,2990,N,11.6666666666667,0,168
3745,8,0.99846,240,2727,N,13.3333333333333,0,168
3393,9,1.08582525,261,3745,N,15,0,168
3334,10,1.031742,248,3393,N,16.6666666666667,0,168
4061,11,1.1066265,266,3334,N,18.3333333333333,0,168
3166,12,1.1399085,274,4061,N,20,0,168
3870,13,1.18567125,285,3166,N,21.6666666666667,0,168
3997,14,1.11910725,269,3870,N,23.3333333333333,0,168
3886,15,1.214793,292,3997,N,25,0,168
4746,16,1.21895325,293,3886,N,26.6666666666667,0,168
5212,17,1.25223525,301,4746,N,28.3333333333333,0,168
4877,18,1.37704275,331,5212,N,30,0,168
4928,19,1.431126,344,4877,N,31.6666666666667,0,168
5058,20,1.447767,348,4928,N,33.3333333333333,0,168
4789,21,1.564254,376,5058,N,35,0,168
4815,22,2.12588775,511,4789,N,36.6666666666667,0,168
4799,23,2.2382145,538,4815,N,38.3333333333333,0,168
6028,24,1.01094075,243,4799,Y,40,1,168
5977,25,1.031742,248,6028,N,41.6666666666667,1,168
5964,26,1.2896775,310,5977,N,43.3333333333333,1,168
6173,27,1.2563955,302,5964,N,45,1,168
6287,28,1.25223525,301,6173,N,46.6666666666667,1,168
5836,29,1.2730365,306,6287,N,48.3333333333333,1,168
6364,30,1.3063185,314,5836,N,50,1,168
6320,31,1.33544025,321,6364,N,51.6666666666667,1,168
7039,32,1.4228055,342,6320,N,53.3333333333333,1,168
7642,33,1.41864525,341,7039,N,55,1,168
7503,34,1.4893695,358,7642,N,56.6666666666667,1,168
6685,35,1.614177,388,7503,N,58.3333333333333,1,168
7252,36,1.547613,372,6685,N,60,1,168
7382,37,1.7057025,410,7252,N,61.6666666666667,1,168
7086,38,1.8388305,442,7382,N,63.3333333333333,1,168
6576,39,1.78474725,429,7086,N,65,1,168
8019,40,1.8554715,446,6576,N,66.6666666666667,1,168
7835,41,1.780587,428,8019,N,68.3333333333333,1,168
8626,42,2.1050865,506,7835,N,70,1,168
8808,43,0.8902935,214,8626,Y,71.6666666666667,2,168
8973,44,1.04422275,251,8808,N,73.3333333333333,2,168
8400,45,1.2064725,290,8973,N,75,2,168
8164,46,1.065024,256,8400,N,76.6666666666667,2,168
9237,47,1.1565495,278,8164,N,78.3333333333333,2,168
2819,0,0.74468475,179,NA,N,0,0,169
2753,1,0.73636425,177,2819,N,1.66666666666667,0,169
2915,2,0.76964625,185,2753,N,3.33333333333333,0,169
2898,3,0.848691,204,2915,N,5,0,169
2785,4,1.0067805,242,2898,N,6.66666666666667,0,169
2659,5,0.88613325,213,2785,N,8.33333333333333,0,169
2990,6,1.015101,244,2659,N,10,0,169
2727,7,1.01094075,243,2990,N,11.6666666666667,0,169
3745,8,0.99846,240,2727,N,13.3333333333333,0,169
3393,9,1.08582525,261,3745,N,15,0,169
3334,10,1.031742,248,3393,N,16.6666666666667,0,169
4061,11,1.1066265,266,3334,N,18.3333333333333,0,169
3166,12,1.1399085,274,4061,N,20,0,169
3870,13,1.18567125,285,3166,N,21.6666666666667,0,169
3997,14,1.11910725,269,3870,N,23.3333333333333,0,169
3886,15,1.214793,292,3997,N,25,0,169
4746,16,1.21895325,293,3886,N,26.6666666666667,0,169
5212,17,1.25223525,301,4746,N,28.3333333333333,0,169
4877,18,1.37704275,331,5212,N,30,0,169
4928,19,1.431126,344,4877,N,31.6666666666667,0,169
5058,20,1.447767,348,4928,N,33.3333333333333,0,169
4789,21,1.564254,376,5058,N,35,0,169
4815,22,2.12588775,511,4789,N,36.6666666666667,0,169
4799,23,2.2382145,538,4815,N,38.3333333333333,0,169
6028,24,1.01094075,243,4799,Y,40,1,169
5977,25,1.031742,248,6028,N,41.6666666666667,1,169
5964,26,1.2896775,310,5977,N,43.3333333333333,1,169
6173,27,1.2563955,302,5964,N,45,1,169
6287,28,1.25223525,301,6173,N,46.6666666666667,1,169
5836,29,1.2730365,306,6287,N,48.3333333333333,1,169
6364,30,1.3063185,314,5836,N,50,1,169
6320,31,1.33544025,321,6364,N,51.6666666666667,1,169
7039,32,1.4228055,342,6320,N,53.3333333333333,1,169
7642,33,1.41864525,341,7039,N,55,1,169
7503,34,1.4893695,358,7642,N,56.6666666666667,1,169
6685,35,1.614177,388,7503,N,58.3333333333333,1,169
7252,36,1.547613,372,6685,N,60,1,169
7382,37,1.7057025,410,7252,N,61.6666666666667,1,169
7086,38,1.8388305,442,7382,N,63.3333333333333,1,169
6576,39,1.78474725,429,7086,N,65,1,169
8019,40,1.8554715,446,6576,N,66.6666666666667,1,169
7835,41,1.780587,428,8019,N,68.3333333333333,1,169
8626,42,2.1050865,506,7835,N,70,1,169
8718,43,1.1066265,266,8626,Y,71.6666666666667,2,169
8866,44,1.198152,288,8718,N,73.3333333333333,2,169
8325,45,1.3229595,318,8866,N,75,2,169
8101,46,1.397844,336,8325,N,76.6666666666667,2,169
9172,47,1.414485,340,8101,N,78.3333333333333,2,169
9450,48,1.49352975,359,9172,N,80,2,169
9637,49,1.49769,360,9450,N,81.6666666666667,2,169
10109,50,1.54345275,371,9637,N,83.3333333333333,2,169
10606,51,1.797228,432,10109,N,85,2,169
10219,52,2.02604175,487,10606,N,86.6666666666667,2,169
9867,53,2.096766,504,10219,N,88.3333333333333,2,169
10479,54,1.2896775,310,9867,Y,90,3,169
10698,55,1.27719675,307,10479,N,91.6666666666667,3,169
11193,56,1.36872225,329,10698,N,93.3333333333333,3,169
11086,57,1.34376075,323,11193,N,95,3,169
11858,58,1.15238925,277,11086,N,96.6666666666667,3,169
12929,59,1.447767,348,11858,N,98.3333333333333,3,169
12429,60,1.58505525,381,12929,N,100,3,169
13299,61,1.70986275,411,12429,N,101.666666666667,3,169
13615,62,1.780587,428,13299,N,103.333333333333,3,169
13688,63,1.1898315,286,13615,Y,105,4,169
12666,64,1.2231135,294,13688,N,106.666666666667,4,169
12124,65,1.1399085,274,12666,N,108.333333333333,4,169
14024,66,1.13574825,273,12124,N,110,4,169
14586,67,1.181511,284,14024,N,111.666666666667,4,169
15145,68,1.447767,348,14586,N,113.333333333333,4,169
14917,69,1.65993975,399,15145,N,115,4,169
14979,70,1.60169625,385,14917,N,116.666666666667,4,169
2837,0,1.55177325,373,NA,N,0,0,170
2778,1,1.614177,388,2837,N,1.66666666666667,0,170
2923,2,1.70986275,411,2778,N,3.33333333333333,0,170
2903,3,1.95947775,471,2923,N,5,0,170
2807,4,1.73482425,417,2903,N,6.66666666666667,0,170
2671,5,1.90123425,457,2807,N,8.33333333333333,0,170
2993,6,1.99692,480,2671,N,10,0,170
2747,7,1.01094075,243,2993,Y,11.6666666666667,1,170
3752,8,1.06918425,257,2747,N,13.3333333333333,1,170
3397,9,1.065024,256,3752,N,15,1,170
3342,10,1.16903025,281,3397,N,16.6666666666667,1,170
4065,11,1.06086375,255,3342,N,18.3333333333333,1,170
3176,12,1.06918425,257,4065,N,20,1,170
3881,13,1.18567125,285,3176,N,21.6666666666667,1,170
4002,14,1.1066265,266,3881,N,23.3333333333333,1,170
3901,15,1.1731905,282,4002,N,25,1,170
4771,16,1.06086375,255,3901,N,26.6666666666667,1,170
5216,17,1.18567125,285,4771,N,28.3333333333333,1,170
4947,18,1.214793,292,5216,N,30,1,170
4933,19,1.248075,300,4947,N,31.6666666666667,1,170
5062,20,1.3063185,314,4933,N,33.3333333333333,1,170
4822,21,1.3396005,322,5062,N,35,1,170
4856,22,1.2896775,310,4822,N,36.6666666666667,1,170
4820,23,1.364562,328,4856,N,38.3333333333333,1,170
6052,24,1.44360675,347,4820,N,40,1,170
6001,25,1.40200425,337,6052,N,41.6666666666667,1,170
5983,26,1.50185025,361,6001,N,43.3333333333333,1,170
6178,27,1.61001675,387,5983,N,45,1,170
6292,28,1.5892155,382,6178,N,46.6666666666667,1,170
5850,29,1.7389845,418,6292,N,48.3333333333333,1,170
6369,30,1.714023,412,5850,N,50,1,170
6330,31,1.79306775,431,6369,N,51.6666666666667,1,170
7049,32,1.85131125,445,6330,N,53.3333333333333,1,170
7649,33,1.90123425,457,7049,N,55,1,170
7509,34,1.89291375,455,7649,N,56.6666666666667,1,170
6690,35,2.246535,540,7509,N,58.3333333333333,1,170
7319,37,2.43374625,585,6690,N,61.6666666666667,1,170
6912,38,2.69168175,647,7319,N,63.3333333333333,1,170
6582,39,1.3229595,318,6912,Y,65,2,170
8026,40,1.51849125,365,6582,N,66.6666666666667,2,170
7843,41,1.4727285,354,8026,N,68.3333333333333,2,170
8635,42,1.547613,372,7843,N,70,2,170
2837,0,1.55177325,373,NA,N,0,0,171
2778,1,1.614177,388,2837,N,1.66666666666667,0,171
2923,2,1.70986275,411,2778,N,3.33333333333333,0,171
2903,3,1.95947775,471,2923,N,5,0,171
2807,4,1.73482425,417,2903,N,6.66666666666667,0,171
2671,5,1.90123425,457,2807,N,8.33333333333333,0,171
2993,6,1.99692,480,2671,N,10,0,171
2747,7,1.01094075,243,2993,Y,11.6666666666667,1,171
3752,8,1.06918425,257,2747,N,13.3333333333333,1,171
3397,9,1.065024,256,3752,N,15,1,171
3342,10,1.16903025,281,3397,N,16.6666666666667,1,171
4065,11,1.06086375,255,3342,N,18.3333333333333,1,171
3176,12,1.06918425,257,4065,N,20,1,171
3881,13,1.18567125,285,3176,N,21.6666666666667,1,171
4002,14,1.1066265,266,3881,N,23.3333333333333,1,171
3901,15,1.1731905,282,4002,N,25,1,171
4771,16,1.06086375,255,3901,N,26.6666666666667,1,171
5216,17,1.18567125,285,4771,N,28.3333333333333,1,171
4947,18,1.214793,292,5216,N,30,1,171
4933,19,1.248075,300,4947,N,31.6666666666667,1,171
5062,20,1.3063185,314,4933,N,33.3333333333333,1,171
4822,21,1.3396005,322,5062,N,35,1,171
4856,22,1.2896775,310,4822,N,36.6666666666667,1,171
4820,23,1.364562,328,4856,N,38.3333333333333,1,171
6052,24,1.44360675,347,4820,N,40,1,171
6001,25,1.40200425,337,6052,N,41.6666666666667,1,171
5983,26,1.50185025,361,6001,N,43.3333333333333,1,171
6178,27,1.61001675,387,5983,N,45,1,171
6292,28,1.5892155,382,6178,N,46.6666666666667,1,171
5850,29,1.7389845,418,6292,N,48.3333333333333,1,171
6369,30,1.714023,412,5850,N,50,1,171
6330,31,1.79306775,431,6369,N,51.6666666666667,1,171
7049,32,1.85131125,445,6330,N,53.3333333333333,1,171
7649,33,1.90123425,457,7049,N,55,1,171
7509,34,1.89291375,455,7649,N,56.6666666666667,1,171
6690,35,2.246535,540,7509,N,58.3333333333333,1,171
7319,37,2.43374625,585,6690,N,61.6666666666667,1,171
6912,38,2.69168175,647,7319,N,63.3333333333333,1,171
6580,39,1.12742775,271,6912,Y,65,2,171
8024,40,1.2397545,298,6580,N,66.6666666666667,2,171
7841,41,1.231434,296,8024,N,68.3333333333333,2,171
8633,42,1.214793,292,7841,N,70,2,171
8888,43,1.314639,316,8633,N,71.6666666666667,2,171
9083,44,1.36872225,329,8888,N,73.3333333333333,2,171
9018,45,1.39368375,335,9083,N,75,2,171
8232,46,1.580895,380,9018,N,76.6666666666667,2,171
9307,47,1.6641,400,8232,N,78.3333333333333,2,171
9593,48,1.6641,400,9307,N,80,2,171
9768,49,1.73482425,417,9593,N,81.6666666666667,2,171
10336,50,1.8055485,434,9768,N,83.3333333333333,2,171
10791,51,1.2231135,294,10336,Y,85,3,171
10316,52,1.2730365,306,10791,N,86.6666666666667,3,171
2075,0,0.898614,216,NA,N,0,0,172
2053,1,0.898614,216,2075,N,1.66666666666667,0,172
2048,2,0.881973,212,2053,N,3.33333333333333,0,172
2061,3,0.8570115,206,2048,N,5,0,172
2041,4,1.00262025,241,2061,N,6.66666666666667,0,172
2045,5,0.8902935,214,2041,N,8.33333333333333,0,172
2109,6,0.99846,240,2045,N,10,0,172
2034,7,0.93605625,225,2109,N,11.6666666666667,0,172
3449,8,0.98597925,237,2034,N,13.3333333333333,0,172
3183,9,1.0567035,254,3449,N,15,0,172
3104,10,1.11078675,267,3183,N,16.6666666666667,0,172
3420,11,1.13574825,273,3104,N,18.3333333333333,0,172
3014,12,1.1399085,274,3420,N,20,0,172
3470,13,1.16487,280,3014,N,21.6666666666667,0,172
3436,14,1.098306,264,3470,N,23.3333333333333,0,172
3437,15,1.21063275,291,3436,N,25,0,172
4090,16,1.2896775,310,3437,N,26.6666666666667,0,172
5088,17,1.297998,312,4090,N,28.3333333333333,0,172
4101,18,1.29383775,311,5088,N,30,0,172
4122,19,1.381203,332,4101,N,31.6666666666667,0,172
4508,20,1.4394465,346,4122,N,33.3333333333333,0,172
4150,21,1.4727285,354,4508,N,35,0,172
4187,22,1.5392925,370,4150,N,36.6666666666667,0,172
4253,23,1.5559335,374,4187,N,38.3333333333333,0,172
5259,24,1.5559335,374,4253,N,40,0,172
5355,25,1.65993975,399,5259,N,41.6666666666667,0,172
5386,26,1.6724205,402,5355,N,43.3333333333333,0,172
5347,27,1.7389845,418,5386,N,45,0,172
5375,28,1.7722665,426,5347,N,46.6666666666667,0,172
5244,29,1.83467025,441,5375,N,48.3333333333333,0,172
5327,30,1.963638,472,5244,N,50,0,172
5451,31,2.080125,500,5327,N,51.6666666666667,0,172
6723,32,2.2714965,546,5451,N,53.3333333333333,0,172
7440,33,2.23405425,537,6723,N,55,0,172
6757,34,2.30893875,555,7440,N,56.6666666666667,0,172
6468,35,2.379663,572,6757,N,58.3333333333333,0,172
6966,36,2.30893875,555,6468,N,60,0,172
7253,37,1.11078675,267,6966,Y,61.6666666666667,1,172
6769,38,0.82788975,199,7253,N,63.3333333333333,1,172
6411,39,1.0567035,254,6769,N,65,1,172
7880,40,1.0733445,258,6411,N,66.6666666666667,1,172
7691,41,1.01926125,245,7880,N,68.3333333333333,1,172
8415,42,1.098306,264,7691,N,70,1,172
8671,43,1.07750475,259,8415,N,71.6666666666667,1,172
8510,44,1.19399175,287,8671,N,73.3333333333333,1,172
8276,45,1.281357,308,8510,N,75,1,172
8057,46,1.364562,328,8276,N,76.6666666666667,1,172
9126,47,1.48520925,357,8057,N,78.3333333333333,1,172
9399,48,1.5725745,378,9126,N,80,1,172
9350,49,1.72650375,415,9399,N,81.6666666666667,1,172
10065,50,1.730664,416,9350,N,83.3333333333333,1,172
10511,51,1.80138825,433,10065,N,85,1,172
10286,52,1.59337575,383,10511,N,86.6666666666667,1,172
9831,53,1.913715,460,10286,N,88.3333333333333,1,172
10417,54,1.1066265,266,9831,Y,90,2,172
10568,55,1.1399085,274,10417,N,91.6666666666667,2,172
11091,56,1.1232675,270,10568,N,93.3333333333333,2,172
11023,57,1.19399175,287,11091,N,95,2,172
2843,0,0.81956925,197,NA,N,0,0,173
2783,1,0.87781275,211,2843,N,1.66666666666667,0,173
2925,2,0.88613325,213,2783,N,3.33333333333333,0,173
2904,3,0.94437675,227,2925,N,5,0,173
2820,4,1.031742,248,2904,N,6.66666666666667,0,173
2678,5,0.9901395,238,2820,N,8.33333333333333,0,173
2995,6,1.0567035,254,2678,N,10,0,173
2761,7,1.248075,300,2995,N,11.6666666666667,0,173
3757,8,1.15238925,277,2761,N,13.3333333333333,0,173
3398,9,1.264716,304,3757,N,15,0,173
3344,10,1.2730365,306,3398,N,16.6666666666667,0,173
4066,11,1.26887625,305,3344,N,18.3333333333333,0,173
3182,12,1.264716,304,4066,N,20,0,173
3885,13,1.36040175,327,3182,N,21.6666666666667,0,173
4003,14,1.46856825,353,3885,N,23.3333333333333,0,173
3904,15,1.4560875,350,4003,N,25,0,173
4783,16,1.4893695,358,3904,N,26.6666666666667,0,173
5219,17,1.5226515,366,4783,N,28.3333333333333,0,173
4954,18,1.62665775,391,5219,N,30,0,173
4935,19,1.680741,404,4954,N,31.6666666666667,0,173
5065,20,1.68490125,405,4935,N,33.3333333333333,0,173
4839,21,1.730664,416,5065,N,35,0,173
4871,22,2.2881375,550,4839,N,36.6666666666667,0,173
4841,23,1.27719675,307,4871,Y,38.3333333333333,1,173
6074,24,1.3063185,314,4841,N,40,1,173
6022,25,1.33544025,321,6074,N,41.6666666666667,1,173
5990,26,1.48520925,357,6022,N,43.3333333333333,1,173
6184,27,1.4560875,350,5990,N,45,1,173
6299,28,1.5060105,362,6184,N,46.6666666666667,1,173
5869,29,1.64329875,395,6299,N,48.3333333333333,1,173
6371,30,1.5892155,382,5869,N,50,1,173
6333,31,1.730664,416,6371,N,51.6666666666667,1,173
7054,32,1.82634975,439,6333,N,53.3333333333333,1,173
7651,33,1.78474725,429,7054,N,55,1,173
7513,34,2.01772125,485,7651,N,56.6666666666667,1,173
6692,35,2.20909275,531,7513,N,58.3333333333333,1,173
7411,36,2.30061825,553,6692,N,60,1,173
7388,37,2.4379065,586,7411,N,61.6666666666667,1,173
7107,38,2.50863075,603,7388,N,63.3333333333333,1,173
6584,39,2.562714,616,7107,N,65,1,173
8028,40,2.6043165,626,6584,N,66.6666666666667,1,173
7845,41,1.24391475,299,8028,Y,68.3333333333333,2,173
8637,42,1.4394465,346,7845,N,70,2,173
8891,43,1.41032475,339,8637,N,71.6666666666667,2,173
9085,44,1.4893695,358,8891,N,73.3333333333333,2,173
9022,45,1.530972,368,9085,N,75,2,173
8234,46,1.5892155,382,9022,N,76.6666666666667,2,173
9309,47,1.65161925,397,8234,N,78.3333333333333,2,173
9595,48,1.65161925,397,9309,N,80,2,173
9770,49,1.83051,440,9595,N,81.6666666666667,2,173
10339,50,2.096766,504,9770,N,83.3333333333333,2,173
10799,51,2.32974,560,10339,N,85,2,173
10325,52,2.4545475,590,10799,N,86.6666666666667,2,173
10014,53,2.70000225,649,10325,N,88.3333333333333,2,173
10703,54,1.231434,296,10014,Y,90,3,173
10874,55,1.347921,324,10703,N,91.6666666666667,3,173
11376,56,1.44360675,347,10874,N,93.3333333333333,3,173
2590,0,1.4893695,358,NA,N,0,0,174
2433,1,1.2730365,306,2590,N,1.66666666666667,0,174
2497,2,1.4228055,342,2433,N,3.33333333333333,0,174
2680,3,1.564254,376,2497,N,5,0,174
2475,4,1.564254,376,2680,N,6.66666666666667,0,174
2436,5,1.6224975,390,2475,N,8.33333333333333,0,174
2945,6,1.7223435,414,2436,N,10,0,174
2485,7,1.78474725,429,2945,N,11.6666666666667,0,174
3633,8,1.730664,416,2485,N,13.3333333333333,0,174
3329,9,1.72650375,415,3633,N,15,0,174
3251,10,2.01772125,485,3329,N,16.6666666666667,0,174
4012,11,1.880433,452,3251,N,18.3333333333333,0,174
3080,12,1.9885995,478,4012,N,20,0,174
3643,13,2.2215735,534,3080,N,21.6666666666667,0,174
3956,14,2.263176,544,3643,N,23.3333333333333,0,174
3787,15,2.3047785,554,3956,N,25,0,174
4431,16,2.146689,516,3787,N,26.6666666666667,0,174
5165,17,1.08582525,261,4431,Y,28.3333333333333,1,174
4517,18,1.10246625,265,5165,N,30,1,174
4731,19,1.11078675,267,4517,N,31.6666666666667,1,174
5017,20,1.35208125,325,4731,N,33.3333333333333,1,174
4543,21,1.2730365,306,5017,N,35,1,174
4506,22,1.2896775,310,4543,N,36.6666666666667,1,174
4558,23,1.3562415,326,4506,N,38.3333333333333,1,174
5649,24,1.3562415,326,4558,N,40,1,174
5735,25,1.41864525,341,5649,N,41.6666666666667,1,174
5767,26,1.37704275,331,5735,N,43.3333333333333,1,174
6045,27,1.41032475,339,5767,N,45,1,174
6232,28,1.5226515,366,6045,N,46.6666666666667,1,174
5621,29,1.44360675,347,6232,N,48.3333333333333,1,174
6391,30,1.7057025,410,5621,N,50,1,174
6353,31,1.73482425,417,6391,N,51.6666666666667,1,174
7109,32,2.0551635,494,6353,N,53.3333333333333,1,174
7674,33,1.95947775,471,7109,N,55,1,174
7550,34,1.9220355,462,7674,N,56.6666666666667,1,174
6620,35,2.213253,532,7550,N,58.3333333333333,1,174
7125,36,2.2382145,538,6620,N,60,1,174
7165,38,1.11910725,269,7125,Y,63.3333333333333,2,174
2590,0,1.4893695,358,NA,N,0,0,175
2433,1,1.2730365,306,2590,N,1.66666666666667,0,175
2497,2,1.4228055,342,2433,N,3.33333333333333,0,175
2680,3,1.564254,376,2497,N,5,0,175
2475,4,1.564254,376,2680,N,6.66666666666667,0,175
2436,5,1.6224975,390,2475,N,8.33333333333333,0,175
2945,6,1.7223435,414,2436,N,10,0,175
2485,7,1.78474725,429,2945,N,11.6666666666667,0,175
3633,8,1.730664,416,2485,N,13.3333333333333,0,175
3329,9,1.72650375,415,3633,N,15,0,175
3251,10,2.01772125,485,3329,N,16.6666666666667,0,175
4012,11,1.880433,452,3251,N,18.3333333333333,0,175
3080,12,1.9885995,478,4012,N,20,0,175
3643,13,2.2215735,534,3080,N,21.6666666666667,0,175
3956,14,2.263176,544,3643,N,23.3333333333333,0,175
3787,15,2.3047785,554,3956,N,25,0,175
4431,16,2.146689,516,3787,N,26.6666666666667,0,175
5164,17,1.08582525,261,4431,Y,28.3333333333333,1,175
4525,18,1.1066265,266,5164,N,30,1,175
4734,19,1.20231225,289,4525,N,31.6666666666667,1,175
5018,20,1.264716,304,4734,N,33.3333333333333,1,175
4548,21,1.2730365,306,5018,N,35,1,175
4513,22,1.33544025,321,4548,N,36.6666666666667,1,175
4565,23,1.381203,332,4513,N,38.3333333333333,1,175
5654,24,1.5226515,366,4565,N,40,1,175
5743,25,1.5725745,378,5654,N,41.6666666666667,1,175
5772,26,1.57673475,379,5743,N,43.3333333333333,1,175
6050,27,1.7722665,426,5772,N,45,1,175
6233,28,1.79306775,431,6050,N,46.6666666666667,1,175
5629,29,1.8554715,446,6233,N,48.3333333333333,1,175
6034,30,1.9885995,478,5629,N,50,1,175
6134,31,2.24237475,539,6034,N,51.6666666666667,1,175
6921,32,2.396304,576,6134,N,53.3333333333333,1,175
7596,33,2.263176,544,6921,N,55,1,175
7212,34,2.0884455,502,7596,N,56.6666666666667,1,175
6647,35,1.98443925,477,7212,N,58.3333333333333,1,175
7192,36,1.264716,304,6647,Y,60,2,175
7344,37,1.37704275,331,7192,N,61.6666666666667,2,175
6968,38,1.36872225,329,7344,N,63.3333333333333,2,175
6538,39,1.47688875,355,6968,N,65,2,175
7977,40,1.5392925,370,6538,N,66.6666666666667,2,175
7791,41,1.5559335,374,7977,N,68.3333333333333,2,175
8578,42,1.63497825,393,7791,N,70,2,175
8811,43,1.780587,428,8578,N,71.6666666666667,2,175
8976,44,2.10092625,505,8811,N,73.3333333333333,2,175
8404,45,1.96779825,473,8976,N,75,2,175
8165,46,2.14252875,515,8404,N,76.6666666666667,2,175
9704,49,2.66256,640,8165,N,81.6666666666667,2,175
10173,52,2.795688,672,9704,N,86.6666666666667,2,175
9941,53,1.697382,408,10173,Y,88.3333333333333,3,175
11022,54,1.7722665,426,9941,N,90,3,175
11390,55,1.813869,436,11022,N,91.6666666666667,3,175
11715,56,1.92619575,463,11390,N,93.3333333333333,3,175
2847,0,0.96933825,233,NA,N,0,0,176
2787,1,1.01094075,243,2847,N,1.66666666666667,0,176
2928,2,1.015101,244,2787,N,3.33333333333333,0,176
2905,3,1.05254325,253,2928,N,5,0,176
2826,4,1.08582525,261,2905,N,6.66666666666667,0,176
2681,5,1.15238925,277,2826,N,8.33333333333333,0,176
2996,6,1.14406875,275,2681,N,10,0,176
2766,7,1.20231225,289,2996,N,11.6666666666667,0,176
3759,8,1.2896775,310,2766,N,13.3333333333333,0,176
3399,9,1.264716,304,3759,N,15,0,176
3346,10,1.36872225,329,3399,N,16.6666666666667,0,176
4067,11,1.364562,328,3346,N,18.3333333333333,0,176
3185,12,1.32711975,319,4067,N,20,0,176
3887,13,1.414485,340,3185,N,21.6666666666667,0,176
4004,14,1.43528625,345,3887,N,23.3333333333333,0,176
3907,15,1.46856825,353,4004,N,25,0,176
4793,16,1.381203,332,3907,N,26.6666666666667,0,176
5221,17,1.464408,352,4793,N,28.3333333333333,0,176
4958,18,1.447767,348,5221,N,30,0,176
4937,19,1.5060105,362,4958,N,31.6666666666667,0,176
5067,20,1.54345275,371,4937,N,33.3333333333333,0,176
4846,21,1.564254,376,5067,N,35,0,176
4879,22,1.53513225,369,4846,N,36.6666666666667,0,176
4847,23,1.64329875,395,4879,N,38.3333333333333,0,176
6080,24,1.747305,420,4847,N,40,0,176
6030,25,1.86795225,449,6080,N,41.6666666666667,0,176
5998,26,1.9553175,470,6030,N,43.3333333333333,0,176
6186,27,1.96779825,473,5998,N,45,0,176
6300,28,2.263176,544,6186,N,46.6666666666667,0,176
5878,29,2.23405425,537,6300,N,48.3333333333333,0,176
6372,30,2.3879835,574,5878,N,50,0,176
6334,31,1.13574825,273,6372,Y,51.6666666666667,1,176
7056,32,1.048383,252,6334,N,53.3333333333333,1,176
7653,33,1.2231135,294,7056,N,55,1,176
7515,34,1.19399175,287,7653,N,56.6666666666667,1,176
6693,35,1.23559425,297,7515,N,58.3333333333333,1,176
7412,36,1.23559425,297,6693,N,60,1,176
7390,37,1.25223525,301,7412,N,61.6666666666667,1,176
7115,38,1.45192725,349,7390,N,63.3333333333333,1,176
6531,39,1.39368375,335,7115,N,65,1,176
7972,40,1.481049,356,6531,N,66.6666666666667,1,176
7785,41,1.564254,376,7972,N,68.3333333333333,1,176
8573,42,1.70154225,409,7785,N,70,1,176
8804,43,1.8055485,434,8573,N,71.6666666666667,1,176
8968,44,2.0551635,494,8804,N,73.3333333333333,1,176
8046,46,1.946997,468,8968,N,76.6666666666667,1,176
9114,47,2.063484,496,8046,N,78.3333333333333,1,176
9387,48,0.89445375,215,9114,Y,80,2,176
9338,49,1.031742,248,9387,N,81.6666666666667,2,176
10052,50,1.25223525,301,9338,N,83.3333333333333,2,176
10828,51,1.33128,320,10052,N,85,2,176
10361,52,1.38536325,333,10828,N,86.6666666666667,2,176
9802,53,1.13574825,273,10361,N,88.3333333333333,2,176
10770,54,1.3229595,318,9802,N,90,2,176
10912,55,1.5892155,382,10770,N,91.6666666666667,2,176
11428,56,1.49769,360,10912,N,93.3333333333333,2,176
11266,57,1.6224975,390,11428,N,95,2,176
11932,58,1.564254,376,11266,N,96.6666666666667,2,176
13088,59,1.78474725,429,11932,N,98.3333333333333,2,176
12514,60,1.9220355,462,13088,N,100,2,176
13404,61,2.03436225,489,12514,N,101.666666666667,2,176
13912,62,0.99429975,239,13404,Y,103.333333333333,3,176
13804,63,0.95269725,229,13912,N,105,3,176
12810,64,1.03590225,249,13804,N,106.666666666667,3,176
12223,65,1.21895325,293,12810,N,108.333333333333,3,176
2083,0,1.32711975,319,NA,N,0,0,177
2060,1,1.38536325,333,2083,N,1.66666666666667,0,177
2054,2,1.364562,328,2060,N,3.33333333333333,0,177
2071,3,1.414485,340,2054,N,5,0,177
2049,4,1.49352975,359,2071,N,6.66666666666667,0,177
2052,5,1.49352975,359,2049,N,8.33333333333333,0,177
2132,6,1.530972,368,2052,N,10,0,177
2047,7,1.597536,384,2132,N,11.6666666666667,0,177
3450,8,1.64329875,395,2047,N,13.3333333333333,0,177
3188,9,1.714023,412,3450,N,15,0,177
3106,10,1.61001675,387,3188,N,16.6666666666667,0,177
3421,11,1.78474725,429,3106,N,18.3333333333333,0,177
3015,12,1.8221895,438,3421,N,20,0,177
3471,13,1.9885995,478,3015,N,21.6666666666667,0,177
3438,14,2.030202,488,3471,N,23.3333333333333,0,177
3439,15,1.747305,420,3438,N,25,0,177
4091,16,2.0884455,502,3439,N,26.6666666666667,0,177
5090,17,1.10246625,265,4091,Y,28.3333333333333,1,177
4108,18,1.14406875,275,5090,N,30,1,177
4128,19,1.14406875,275,4108,N,31.6666666666667,1,177
4514,20,1.18567125,285,4128,N,33.3333333333333,1,177
4152,21,1.27719675,307,4514,N,35,1,177
4188,22,1.18567125,285,4152,N,36.6666666666667,1,177
4254,23,1.231434,296,4188,N,38.3333333333333,1,177
5260,24,1.281357,308,4254,N,40,1,177
5356,25,1.23559425,297,5260,N,41.6666666666667,1,177
5391,26,1.42696575,343,5356,N,43.3333333333333,1,177
5348,27,1.36872225,329,5391,N,45,1,177
5380,28,1.481049,356,5348,N,46.6666666666667,1,177
5245,29,1.4893695,358,5380,N,48.3333333333333,1,177
5329,30,1.56009375,375,5245,N,50,1,177
5457,31,1.70154225,409,5329,N,51.6666666666667,1,177
6724,32,1.76810625,425,5457,N,53.3333333333333,1,177
7443,33,1.813869,436,6724,N,55,1,177
6759,34,1.930356,464,7443,N,56.6666666666667,1,177
6471,35,1.9553175,470,6759,N,58.3333333333333,1,177
6969,36,2.06764425,497,6471,N,60,1,177
7257,37,2.2881375,550,6969,N,61.6666666666667,1,177
6777,38,2.58351525,621,7257,N,63.3333333333333,1,177
6413,39,2.48366925,597,6777,N,65,1,177
7884,40,1.1731905,282,6413,Y,66.6666666666667,2,177
7694,41,1.1731905,282,7884,N,68.3333333333333,2,177
8419,42,1.26055575,303,7694,N,70,2,177
8673,43,1.2563955,302,8419,N,71.6666666666667,2,177
8516,44,1.40200425,337,8673,N,73.3333333333333,2,177
8279,45,1.547613,372,8516,N,75,2,177
8059,46,1.6224975,390,8279,N,76.6666666666667,2,177
9128,47,1.84299075,443,8059,N,78.3333333333333,2,177
9402,48,2.21741325,533,9128,N,80,2,177
9352,49,2.030202,488,9402,N,81.6666666666667,2,177
10067,50,2.030202,488,9352,N,83.3333333333333,2,177
10846,51,2.2881375,550,10067,N,85,2,177
10379,52,2.50031025,601,10846,N,86.6666666666667,2,177
9818,53,2.1882915,526,10379,N,88.3333333333333,2,177
10867,54,2.26733625,545,9818,N,90,2,177
10932,55,2.63343825,633,10867,N,91.6666666666667,2,177
11463,56,1.2397545,298,10932,Y,93.3333333333333,3,177
11291,57,1.26055575,303,11463,N,95,3,177
11945,58,1.11078675,267,11291,N,96.6666666666667,3,177
2863,0,1.7889075,430,NA,N,0,0,178
2804,1,1.90123425,457,2863,N,1.66666666666667,0,178
2939,2,0.98597925,237,2804,Y,3.33333333333333,1,178
2908,3,0.85285125,205,2939,N,5,1,178
2836,4,0.9734985,234,2908,N,6.66666666666667,1,178
2693,5,0.9402165,226,2836,N,8.33333333333333,1,178
2999,6,0.8902935,214,2693,N,10,1,178
2775,7,0.91941525,221,2999,N,11.6666666666667,1,178
3765,8,1.0733445,258,2775,N,13.3333333333333,1,178
3402,9,0.931896,224,3765,N,15,1,178
3352,10,1.1731905,282,3402,N,16.6666666666667,1,178
4070,11,1.19399175,287,3352,N,18.3333333333333,1,178
3192,12,1.11910725,269,4070,N,20,1,178
3894,13,1.04422275,251,3192,N,21.6666666666667,1,178
4006,14,1.06918425,257,3894,N,23.3333333333333,1,178
3913,15,1.16070975,279,4006,N,25,1,178
4804,16,1.2231135,294,3913,N,26.6666666666667,1,178
5224,17,1.4061645,338,4804,N,28.3333333333333,1,178
4964,18,1.3562415,326,5224,N,30,1,178
4942,19,1.3895235,334,4964,N,31.6666666666667,1,178
5070,20,1.4061645,338,4942,N,33.3333333333333,1,178
4852,21,1.431126,344,5070,N,35,1,178
4885,22,1.7057025,410,4852,N,36.6666666666667,1,178
4853,23,1.78474725,429,4885,N,38.3333333333333,1,178
6087,24,1.67658075,403,4853,N,40,1,178
6041,25,2.1217275,510,6087,N,41.6666666666667,1,178
6008,26,2.10092625,505,6041,N,43.3333333333333,1,178
6191,27,2.09260575,503,6008,N,45,1,178
6305,28,2.1050865,506,6191,N,46.6666666666667,1,178
5896,29,2.08428525,501,6305,N,48.3333333333333,1,178
6376,30,2.196612,528,5896,N,50,1,178
6340,31,1.2231135,294,6376,Y,51.6666666666667,2,178
7071,32,1.28551725,309,6340,N,53.3333333333333,2,178
7657,33,1.23559425,297,7071,N,55,2,178
7524,34,1.447767,348,7657,N,56.6666666666667,2,178
6698,35,1.5226515,366,7524,N,58.3333333333333,2,178
7417,36,1.6224975,390,6698,N,60,2,178
7395,37,1.5226515,366,7417,N,61.6666666666667,2,178
7123,38,1.6058565,386,7395,N,63.3333333333333,2,178
6589,39,1.5892155,382,7123,N,65,2,178
8033,40,1.55177325,373,6589,N,66.6666666666667,2,178
7851,41,1.51849125,365,8033,N,68.3333333333333,2,178
8643,42,1.59337575,383,7851,N,70,2,178
8900,43,1.70986275,411,8643,N,71.6666666666667,2,178
9091,44,1.913715,460,8900,N,73.3333333333333,2,178
9034,45,1.7057025,410,9091,N,75,2,178
8240,46,2.1550095,518,9034,N,76.6666666666667,2,178
9318,47,2.38382325,573,8240,N,78.3333333333333,2,178
9602,48,2.11756725,509,9318,N,80,2,178
9778,49,2.56687425,617,9602,N,81.6666666666667,2,178
10354,50,1.0234215,246,9778,Y,83.3333333333333,3,178
11650,51,1.18567125,285,10354,N,85,3,178
10700,52,1.50185025,361,11650,N,86.6666666666667,3,178
10023,53,1.5559335,374,10700,N,88.3333333333333,3,178
2868,0,1.6724205,402,NA,N,0,0,179
2810,1,1.514331,364,2868,N,1.66666666666667,0,179
2944,2,1.67658075,403,2810,N,3.33333333333333,0,179
2910,3,1.72650375,415,2944,N,5,0,179
2848,4,1.780587,428,2910,N,6.66666666666667,0,179
2702,5,1.80138825,433,2848,N,8.33333333333333,0,179
3001,6,1.8221895,438,2702,N,10,0,179
2779,7,1.88459325,453,3001,N,11.6666666666667,0,179
3769,8,1.85963175,447,2779,N,13.3333333333333,0,179
3405,9,1.92619575,463,3769,N,15,0,179
3358,10,1.88459325,453,3405,N,16.6666666666667,0,179
4073,11,1.89291375,455,3358,N,18.3333333333333,0,179
3198,12,1.897074,456,4073,N,20,0,179
3900,13,1.87627275,451,3198,N,21.6666666666667,0,179
4008,14,2.0718045,498,3900,N,23.3333333333333,0,179
3920,15,2.17581075,523,4008,N,25,0,179
4816,16,2.146689,516,3920,N,26.6666666666667,0,179
5226,17,2.44206675,587,4816,N,28.3333333333333,0,179
4970,18,2.4379065,586,5226,N,30,0,179
4949,19,2.462868,592,4970,N,31.6666666666667,0,179
5072,20,2.546073,612,4949,N,33.3333333333333,0,179
4869,21,1.098306,264,5072,Y,35,1,179
4894,22,1.16903025,281,4869,N,36.6666666666667,1,179
4864,23,1.24391475,299,4894,N,38.3333333333333,1,179
6097,24,1.46024775,351,4864,N,40,1,179
6051,25,1.547613,372,6097,N,41.6666666666667,1,179
6018,26,1.4893695,358,6051,N,43.3333333333333,1,179
6195,27,1.49352975,359,6018,N,45,1,179
6308,28,1.6557795,398,6195,N,46.6666666666667,1,179
5909,29,1.580895,380,6308,N,48.3333333333333,1,179
6378,30,1.62665775,391,5909,N,50,1,179
6342,31,1.730664,416,6378,N,51.6666666666667,1,179
7075,32,1.7223435,414,6342,N,53.3333333333333,1,179
7659,33,1.78474725,429,7075,N,55,1,179
7529,34,1.96779825,473,7659,N,56.6666666666667,1,179
6700,35,1.96779825,473,7529,N,58.3333333333333,1,179
7420,36,2.080125,500,6700,N,60,1,179
7397,37,2.16749025,521,7420,N,61.6666666666667,1,179
7130,38,2.279817,548,7397,N,63.3333333333333,1,179
6591,39,2.18413125,525,7130,N,65,1,179
8035,40,1.081665,260,6591,Y,66.6666666666667,2,179
7854,41,1.21895325,293,8035,N,68.3333333333333,2,179
8646,42,1.19399175,287,7854,N,70,2,179
8903,43,1.30215825,313,8646,N,71.6666666666667,2,179
9094,44,1.314639,316,8903,N,73.3333333333333,2,179
9037,45,1.46856825,353,9094,N,75,2,179
8242,46,1.5559335,374,9037,N,76.6666666666667,2,179
9320,47,1.60169625,385,8242,N,78.3333333333333,2,179
9605,48,1.65161925,397,9320,N,80,2,179
9783,49,1.65161925,397,9605,N,81.6666666666667,2,179
10362,50,1.83467025,441,9783,N,83.3333333333333,2,179
11669,51,1.88459325,453,10362,N,85,2,179
10718,52,1.9053945,458,11669,N,86.6666666666667,2,179
10028,53,2.1550095,518,10718,N,88.3333333333333,2,179
11151,54,2.113407,508,10028,N,90,2,179
11568,55,2.14252875,515,11151,N,91.6666666666667,2,179
11794,56,2.45038725,589,11568,N,93.3333333333333,2,179
11814,57,2.5876755,622,11794,N,95,2,179
12070,58,2.40878475,579,11814,N,96.6666666666667,2,179
13249,59,2.59183575,623,12070,N,98.3333333333333,2,179
12744,60,1.36040175,327,13249,Y,100,3,179
13565,61,1.21895325,293,12744,N,101.666666666667,3,179
14486,62,1.4394465,346,13565,N,103.333333333333,3,179
14256,63,1.44360675,347,14486,N,105,3,179
13087,64,1.630818,392,14256,N,106.666666666667,3,179
12389,65,1.763946,424,13087,N,108.333333333333,3,179
14527,66,1.597536,384,12389,N,110,3,179
14840,67,1.59337575,383,14527,N,111.666666666667,3,179
15894,68,2.0551635,494,14840,N,113.333333333333,3,179
15700,69,0.9402165,226,15894,Y,115,4,179
15808,70,0.9734985,234,15700,N,116.666666666667,4,179
2621,0,0.915255,220,NA,N,0,0,180
2537,1,0.881973,212,2621,N,1.66666666666667,0,180
2714,2,0.82788975,199,2537,N,3.33333333333333,0,180
2720,3,0.86949225,209,2714,N,5,0,180
2503,4,0.91109475,219,2720,N,6.66666666666667,0,180
2473,5,0.94437675,227,2503,N,8.33333333333333,0,180
2959,6,0.87781275,211,2473,N,10,0,180
2559,7,0.93605625,225,2959,N,11.6666666666667,0,180
3652,8,1.03590225,249,2559,N,13.3333333333333,0,180
3343,9,0.9901395,238,3652,N,15,0,180
3265,10,1.081665,260,3343,N,16.6666666666667,0,180
4025,11,1.048383,252,3265,N,18.3333333333333,0,180
3090,12,0.98597925,237,4025,N,20,0,180
3666,13,1.03590225,249,3090,N,21.6666666666667,0,180
3964,14,1.01094075,243,3666,N,23.3333333333333,0,180
3795,15,0.981819,236,3964,N,25,0,180
4478,16,0.94437675,227,3795,N,26.6666666666667,0,180
5174,17,1.12742775,271,4478,N,28.3333333333333,0,180
4579,18,1.05254325,253,5174,N,30,0,180
4774,19,1.1066265,266,4579,N,31.6666666666667,0,180
5025,20,1.04422275,251,4774,N,33.3333333333333,0,180
4600,21,1.16903025,281,5025,N,35,0,180
4568,22,1.1066265,266,4600,N,36.6666666666667,0,180
4617,23,1.31047875,315,4568,N,38.3333333333333,0,180
5700,24,1.181511,284,4617,N,40,0,180
5803,25,1.25223525,301,5700,N,41.6666666666667,0,180
5816,26,1.181511,284,5803,N,43.3333333333333,0,180
6085,27,1.17735075,283,5816,N,45,0,180
6241,28,1.29383775,311,6085,N,46.6666666666667,0,180
5661,29,1.22727375,295,6241,N,48.3333333333333,0,180
6070,30,1.41864525,341,5661,N,50,0,180
6253,31,1.25223525,301,6070,N,51.6666666666667,0,180
6937,32,1.38536325,333,6253,N,53.3333333333333,0,180
7601,33,1.29383775,311,6937,N,55,0,180
7264,34,1.36872225,329,7601,N,56.6666666666667,0,180
6652,35,1.19399175,287,7264,N,58.3333333333333,0,180
7198,36,1.314639,316,6652,N,60,0,180
7349,37,1.55177325,373,7198,N,61.6666666666667,0,180
6988,38,1.580895,380,7349,N,63.3333333333333,0,180
6544,39,1.5559335,374,6988,N,65,0,180
7984,40,1.48520925,357,6544,N,66.6666666666667,0,180
7796,41,1.55177325,373,7984,N,68.3333333333333,0,180
8585,42,1.59337575,383,7796,N,70,0,180
8817,43,1.6557795,398,8585,N,71.6666666666667,0,180
8982,44,1.64329875,395,8817,N,73.3333333333333,0,180
8418,45,1.66826025,401,8982,N,75,0,180
8173,46,1.69322175,407,8418,N,76.6666666666667,0,180
9249,47,1.763946,424,8173,N,78.3333333333333,0,180
9531,48,1.74314475,419,9249,N,80,0,180
9714,49,1.714023,412,9531,N,81.6666666666667,0,180
10218,50,1.81802925,437,9714,N,83.3333333333333,0,180
11515,51,1.863792,448,10218,N,85,0,180
10542,52,2.080125,500,11515,N,86.6666666666667,0,180
9947,53,2.229894,536,10542,N,88.3333333333333,0,180
11029,54,2.313099,556,9947,N,90,0,180
11404,55,2.4878295,598,11029,N,91.6666666666667,0,180
11721,56,2.2881375,550,11404,N,93.3333333333333,0,180
11682,57,2.76656625,665,11721,N,95,0,180
12030,58,2.60015625,625,11682,N,96.6666666666667,0,180
13207,59,1.2064725,290,12030,Y,98.3333333333333,1,180
12649,60,1.16487,280,13207,N,100,1,180
13514,61,1.4394465,346,12649,N,101.666666666667,1,180
14299,62,1.58505525,381,13514,N,103.333333333333,1,180
14123,63,1.863792,448,14299,N,105,1,180
13000,64,1.92619575,463,14123,N,106.666666666667,1,180
12346,65,1.97611875,475,13000,N,108.333333333333,1,180
14449,66,1.6391385,394,12346,N,110,1,180
14787,67,1.3396005,322,14449,N,111.666666666667,1,180
15835,68,0.8570115,206,14787,Y,113.333333333333,2,180
15530,69,0.93605625,225,15835,N,115,2,180
15651,70,1.065024,256,15530,N,116.666666666667,2,180
2883,0,1.02758175,247,NA,N,0,0,181
2832,1,1.02758175,247,2883,N,1.66666666666667,0,181
2950,2,1.0400625,250,2832,N,3.33333333333333,0,181
2913,3,1.11078675,267,2950,N,5,0,181
2866,4,1.081665,260,2913,N,6.66666666666667,0,181
2733,5,1.1898315,286,2866,N,8.33333333333333,0,181
3004,6,1.22727375,295,2733,N,10,0,181
2793,7,1.21895325,293,3004,N,11.6666666666667,0,181
3776,8,1.32711975,319,2793,N,13.3333333333333,0,181
3408,9,1.2064725,290,3776,N,15,0,181
3362,10,1.36040175,327,3408,N,16.6666666666667,0,181
4076,11,1.42696575,343,3362,N,18.3333333333333,0,181
3207,12,1.314639,316,4076,N,20,0,181
3911,13,1.381203,332,3207,N,21.6666666666667,0,181
4013,14,1.46024775,351,3911,N,23.3333333333333,0,181
3926,15,1.431126,344,4013,N,25,0,181
4833,16,1.6641,400,3926,N,26.6666666666667,0,181
5229,17,1.547613,372,4833,N,28.3333333333333,0,181
4981,18,1.697382,408,5229,N,30,0,181
4959,19,1.61001675,387,4981,N,31.6666666666667,0,181
5076,20,1.7389845,418,4959,N,33.3333333333333,0,181
4895,21,1.86795225,449,5076,N,35,0,181
4915,22,1.92619575,463,4895,N,36.6666666666667,0,181
4892,23,2.04268275,491,4915,N,38.3333333333333,0,181
6120,24,1.181511,284,4892,Y,40,1,181
6073,25,1.264716,304,6120,N,41.6666666666667,1,181
6029,26,1.35208125,325,6073,N,43.3333333333333,1,181
6200,27,1.42696575,343,6029,N,45,1,181
6314,28,1.40200425,337,6200,N,46.6666666666667,1,181
5925,29,1.49769,360,6314,N,48.3333333333333,1,181
6381,30,1.55177325,373,5925,N,50,1,181
6344,31,1.597536,384,6381,N,51.6666666666667,1,181
7082,32,1.67658075,403,6344,N,53.3333333333333,1,181
7663,33,1.61833725,389,7082,N,55,1,181
7535,34,1.76810625,425,7663,N,56.6666666666667,1,181
6702,35,2.00108025,481,7535,N,58.3333333333333,1,181
7422,36,2.1550095,518,6702,N,60,1,181
7398,37,2.6209575,630,7422,N,61.6666666666667,1,181
7137,38,2.32557975,559,7398,N,63.3333333333333,1,181
6593,39,2.66672025,641,7137,N,65,1,181
8039,40,2.6375985,634,6593,N,66.6666666666667,1,181
7856,41,1.26887625,305,8039,Y,68.3333333333333,2,181
8647,42,1.33544025,321,7856,N,70,2,181
8905,43,1.26055575,303,8647,N,71.6666666666667,2,181
9098,44,1.35208125,325,8905,N,73.3333333333333,2,181
9043,45,1.3396005,322,9098,N,75,2,181
8247,46,1.447767,348,9043,N,76.6666666666667,2,181
9324,47,1.49352975,359,8247,N,78.3333333333333,2,181
9610,48,1.49769,360,9324,N,80,2,181
9787,49,1.730664,416,9610,N,81.6666666666667,2,181
10372,50,1.92619575,463,9787,N,83.3333333333333,2,181
11680,51,2.1217275,510,10372,N,85,2,181
10734,52,2.43374625,585,11680,N,86.6666666666667,2,181
10037,53,1.048383,252,10734,Y,88.3333333333333,3,181
11161,54,1.07750475,259,10037,N,90,3,181
11582,55,1.0400625,250,11161,N,91.6666666666667,3,181
11803,56,1.06086375,255,11582,N,93.3333333333333,3,181
11819,57,1.31879925,317,11803,N,95,3,181
12074,58,1.11910725,269,11819,N,96.6666666666667,3,181
13256,59,1.3895235,334,12074,N,98.3333333333333,3,181
13348,61,1.69322175,407,13256,N,101.666666666667,3,181
13799,62,1.8055485,434,13348,N,103.333333333333,3,181
14265,63,0.748845,180,13799,Y,105,4,181
13098,64,0.81956925,197,14265,N,106.666666666667,4,181
12393,65,0.8070885,194,13098,N,108.333333333333,4,181
14532,66,0.8070885,194,12393,N,110,4,181
14846,67,0.815409,196,14532,N,111.666666666667,4,181
15901,68,0.765486,184,14846,N,113.333333333333,4,181
15723,69,0.92773575,223,15901,N,115,4,181
15818,70,1.04422275,251,15723,N,116.666666666667,4,181
2883,0,1.02758175,247,NA,N,0,0,182
2832,1,1.02758175,247,2883,N,1.66666666666667,0,182
2950,2,1.0400625,250,2832,N,3.33333333333333,0,182
2913,3,1.11078675,267,2950,N,5,0,182
2866,4,1.081665,260,2913,N,6.66666666666667,0,182
2733,5,1.1898315,286,2866,N,8.33333333333333,0,182
3004,6,1.22727375,295,2733,N,10,0,182
2793,7,1.21895325,293,3004,N,11.6666666666667,0,182
3776,8,1.32711975,319,2793,N,13.3333333333333,0,182
3408,9,1.2064725,290,3776,N,15,0,182
3362,10,1.36040175,327,3408,N,16.6666666666667,0,182
4076,11,1.42696575,343,3362,N,18.3333333333333,0,182
3207,12,1.314639,316,4076,N,20,0,182
3911,13,1.381203,332,3207,N,21.6666666666667,0,182
4013,14,1.46024775,351,3911,N,23.3333333333333,0,182
3926,15,1.431126,344,4013,N,25,0,182
4833,16,1.6641,400,3926,N,26.6666666666667,0,182
5229,17,1.547613,372,4833,N,28.3333333333333,0,182
4981,18,1.697382,408,5229,N,30,0,182
4959,19,1.61001675,387,4981,N,31.6666666666667,0,182
5076,20,1.7389845,418,4959,N,33.3333333333333,0,182
4895,21,1.86795225,449,5076,N,35,0,182
4915,22,1.92619575,463,4895,N,36.6666666666667,0,182
4892,23,2.04268275,491,4915,N,38.3333333333333,0,182
6120,24,1.181511,284,4892,Y,40,1,182
6073,25,1.264716,304,6120,N,41.6666666666667,1,182
6029,26,1.35208125,325,6073,N,43.3333333333333,1,182
6200,27,1.42696575,343,6029,N,45,1,182
6314,28,1.40200425,337,6200,N,46.6666666666667,1,182
5925,29,1.49769,360,6314,N,48.3333333333333,1,182
6381,30,1.55177325,373,5925,N,50,1,182
6344,31,1.597536,384,6381,N,51.6666666666667,1,182
7082,32,1.67658075,403,6344,N,53.3333333333333,1,182
7663,33,1.61833725,389,7082,N,55,1,182
7535,34,1.76810625,425,7663,N,56.6666666666667,1,182
6702,35,2.00108025,481,7535,N,58.3333333333333,1,182
7422,36,2.1550095,518,6702,N,60,1,182
7398,37,2.6209575,630,7422,N,61.6666666666667,1,182
7137,38,2.32557975,559,7398,N,63.3333333333333,1,182
6593,39,2.66672025,641,7137,N,65,1,182
8039,40,2.6375985,634,6593,N,66.6666666666667,1,182
7856,41,1.26887625,305,8039,Y,68.3333333333333,2,182
8647,42,1.33544025,321,7856,N,70,2,182
8905,43,1.26055575,303,8647,N,71.6666666666667,2,182
9098,44,1.35208125,325,8905,N,73.3333333333333,2,182
9043,45,1.3396005,322,9098,N,75,2,182
8247,46,1.447767,348,9043,N,76.6666666666667,2,182
9324,47,1.49352975,359,8247,N,78.3333333333333,2,182
9610,48,1.49769,360,9324,N,80,2,182
9787,49,1.730664,416,9610,N,81.6666666666667,2,182
10372,50,1.92619575,463,9787,N,83.3333333333333,2,182
11680,51,2.1217275,510,10372,N,85,2,182
10734,52,2.43374625,585,11680,N,86.6666666666667,2,182
10036,53,1.01094075,243,10734,Y,88.3333333333333,3,182
11158,54,1.0899855,262,10036,N,90,3,182
11580,55,1.3063185,314,11158,N,91.6666666666667,3,182
11801,56,1.40200425,337,11580,N,93.3333333333333,3,182
11818,57,1.41864525,341,11801,N,95,3,182
12073,58,1.37704275,331,11818,N,96.6666666666667,3,182
13255,59,1.38536325,333,12073,N,98.3333333333333,3,182
13570,61,1.64329875,395,13255,N,101.666666666667,3,182
14496,62,1.75146525,421,13570,N,103.333333333333,3,182
14268,63,1.9220355,462,14496,N,105,3,182
13096,64,2.20909275,531,14268,N,106.666666666667,3,182
12392,65,2.30893875,555,13096,N,108.333333333333,3,182
14531,66,2.1550095,518,12392,N,110,3,182
14844,67,0.80292825,193,14531,Y,111.666666666667,4,182
15898,68,0.865332,208,14844,N,113.333333333333,4,182
15717,69,0.98597925,237,15898,N,115,4,182
15814,70,1.06918425,257,15717,N,116.666666666667,4,182
2883,0,1.02758175,247,NA,N,0,0,183
2832,1,1.02758175,247,2883,N,1.66666666666667,0,183
2950,2,1.0400625,250,2832,N,3.33333333333333,0,183
2913,3,1.11078675,267,2950,N,5,0,183
2866,4,1.081665,260,2913,N,6.66666666666667,0,183
2733,5,1.1898315,286,2866,N,8.33333333333333,0,183
3004,6,1.22727375,295,2733,N,10,0,183
2793,7,1.21895325,293,3004,N,11.6666666666667,0,183
3776,8,1.32711975,319,2793,N,13.3333333333333,0,183
3408,9,1.2064725,290,3776,N,15,0,183
3362,10,1.36040175,327,3408,N,16.6666666666667,0,183
4076,11,1.42696575,343,3362,N,18.3333333333333,0,183
3207,12,1.314639,316,4076,N,20,0,183
3911,13,1.381203,332,3207,N,21.6666666666667,0,183
4013,14,1.46024775,351,3911,N,23.3333333333333,0,183
3926,15,1.431126,344,4013,N,25,0,183
4833,16,1.6641,400,3926,N,26.6666666666667,0,183
5229,17,1.547613,372,4833,N,28.3333333333333,0,183
4981,18,1.697382,408,5229,N,30,0,183
4959,19,1.61001675,387,4981,N,31.6666666666667,0,183
5076,20,1.7389845,418,4959,N,33.3333333333333,0,183
4895,21,1.86795225,449,5076,N,35,0,183
4915,22,1.92619575,463,4895,N,36.6666666666667,0,183
4892,23,2.04268275,491,4915,N,38.3333333333333,0,183
6120,24,1.181511,284,4892,Y,40,1,183
6073,25,1.264716,304,6120,N,41.6666666666667,1,183
6029,26,1.35208125,325,6073,N,43.3333333333333,1,183
6200,27,1.42696575,343,6029,N,45,1,183
6314,28,1.40200425,337,6200,N,46.6666666666667,1,183
5925,29,1.49769,360,6314,N,48.3333333333333,1,183
6381,30,1.55177325,373,5925,N,50,1,183
6344,31,1.597536,384,6381,N,51.6666666666667,1,183
7082,32,1.67658075,403,6344,N,53.3333333333333,1,183
7663,33,1.61833725,389,7082,N,55,1,183
7535,34,1.76810625,425,7663,N,56.6666666666667,1,183
6702,35,2.00108025,481,7535,N,58.3333333333333,1,183
7422,36,2.1550095,518,6702,N,60,1,183
7398,37,2.6209575,630,7422,N,61.6666666666667,1,183
7137,38,2.32557975,559,7398,N,63.3333333333333,1,183
6593,39,2.66672025,641,7137,N,65,1,183
8039,40,2.6375985,634,6593,N,66.6666666666667,1,183
7857,41,1.39368375,335,8039,Y,68.3333333333333,2,183
8648,42,1.43528625,345,7857,N,70,2,183
8906,43,1.4228055,342,8648,N,71.6666666666667,2,183
9099,44,1.52681175,367,8906,N,73.3333333333333,2,183
9045,45,1.5226515,366,9099,N,75,2,183
8246,46,1.747305,420,9045,N,76.6666666666667,2,183
9323,47,1.863792,448,8246,N,78.3333333333333,2,183
9611,48,1.7722665,426,9323,N,80,2,183
9788,49,2.0551635,494,9611,N,81.6666666666667,2,183
10374,50,2.17581075,523,9788,N,83.3333333333333,2,183
11683,51,1.098306,264,10374,Y,85,3,183
10736,52,1.098306,264,11683,N,86.6666666666667,3,183
10038,53,1.09414575,263,10736,N,88.3333333333333,3,183
10481,54,1.09414575,263,10038,N,90,3,183
10701,55,1.065024,256,10481,N,91.6666666666667,3,183
11195,56,1.2231135,294,10701,N,93.3333333333333,3,183
11089,57,1.23559425,297,11195,N,95,3,183
11859,58,1.31879925,317,11089,N,96.6666666666667,3,183
12932,59,1.46024775,351,11859,N,98.3333333333333,3,183
12431,60,1.62665775,391,12932,N,100,3,183
13302,61,1.7389845,418,12431,N,101.666666666667,3,183
13618,62,1.9053945,458,13302,N,103.333333333333,3,183
13692,63,1.85131125,445,13618,N,105,3,183
12670,64,0.9901395,238,13692,Y,106.666666666667,4,183
12128,65,0.9568575,230,12670,N,108.333333333333,4,183
14035,66,0.94437675,227,12128,N,110,4,183
14589,67,1.05254325,253,14035,N,111.666666666667,4,183
15159,68,1.09414575,263,14589,N,113.333333333333,4,183
14927,69,1.2563955,302,15159,N,115,4,183
14990,70,1.22727375,295,14927,N,116.666666666667,4,183
2890,0,0.96101775,231,NA,N,0,0,184
2840,1,1.14406875,275,2890,N,1.66666666666667,0,184
2953,2,1.1232675,270,2840,N,3.33333333333333,0,184
2927,3,1.28551725,309,2953,N,5,0,184
2871,4,1.2231135,294,2927,N,6.66666666666667,0,184
2745,5,1.31879925,317,2871,N,8.33333333333333,0,184
3006,6,1.32711975,319,2745,N,10,0,184
2805,7,1.45192725,349,3006,N,11.6666666666667,0,184
3779,8,1.4893695,358,2805,N,13.3333333333333,0,184
3410,9,1.4727285,354,3779,N,15,0,184
3366,10,1.5226515,366,3410,N,16.6666666666667,0,184
4077,11,1.53513225,369,3366,N,18.3333333333333,0,184
3211,12,1.55177325,373,4077,N,20,0,184
3919,13,1.58505525,381,3211,N,21.6666666666667,0,184
4019,14,1.5559335,374,3919,N,23.3333333333333,0,184
3934,15,1.59337575,383,4019,N,25,0,184
4851,16,1.66826025,401,3934,N,26.6666666666667,0,184
5231,17,1.6557795,398,4851,N,28.3333333333333,0,184
4989,18,1.680741,404,5231,N,30,0,184
4971,19,1.78474725,429,4989,N,31.6666666666667,0,184
5080,20,1.80138825,433,4971,N,33.3333333333333,0,184
4907,21,1.797228,432,5080,N,35,0,184
4922,22,1.9220355,462,4907,N,36.6666666666667,0,184
4902,23,2.0218815,486,4922,N,38.3333333333333,0,184
6133,24,2.14252875,515,4902,N,40,0,184
6096,25,2.42542575,583,6133,N,41.6666666666667,0,184
6049,26,2.49198975,599,6096,N,43.3333333333333,0,184
6206,27,2.346381,564,6049,N,45,0,184
6321,28,1.32711975,319,6206,Y,46.6666666666667,1,184
5951,29,1.347921,324,6321,N,48.3333333333333,1,184
6387,30,1.281357,308,5951,N,50,1,184
6350,31,1.44360675,347,6387,N,51.6666666666667,1,184
7095,32,1.67658075,403,6350,N,53.3333333333333,1,184
7668,33,1.37704275,331,7095,N,55,1,184
7538,34,1.71818325,413,7668,N,56.6666666666667,1,184
6703,35,1.61833725,389,7538,N,58.3333333333333,1,184
7423,36,1.5892155,382,6703,N,60,1,184
7399,37,1.847151,444,7423,N,61.6666666666667,1,184
7143,38,1.8887535,454,7399,N,63.3333333333333,1,184
6595,39,2.0385225,490,7143,N,65,1,184
8040,40,1.95947775,471,6595,N,66.6666666666667,1,184
7859,41,2.30061825,553,8040,N,68.3333333333333,1,184
8650,42,2.26733625,545,7859,N,70,1,184
8908,43,2.679201,644,8650,N,71.6666666666667,1,184
9101,44,2.45038725,589,8908,N,73.3333333333333,1,184
9051,45,1.27719675,307,9101,Y,75,2,184
8250,46,1.564254,376,9051,N,76.6666666666667,2,184
9326,47,1.76810625,425,8250,N,78.3333333333333,2,184
9614,48,1.70986275,411,9326,N,80,2,184
9792,49,1.8055485,434,9614,N,81.6666666666667,2,184
10383,50,1.99275975,479,9792,N,83.3333333333333,2,184
10813,51,1.9386765,466,10383,N,85,2,184
10347,52,1.75978575,423,10813,N,86.6666666666667,2,184
10042,53,2.06764425,497,10347,N,88.3333333333333,2,184
10735,54,2.013561,484,10042,N,90,2,184
10892,55,2.7540855,662,10735,N,91.6666666666667,2,184
11403,56,2.729124,656,10892,N,93.3333333333333,2,184
11250,57,2.65007925,637,11403,N,95,2,184
11926,58,1.065024,256,11250,Y,96.6666666666667,3,184
13077,59,1.11078675,267,11926,N,98.3333333333333,3,184
12508,60,1.048383,252,13077,N,100,3,184
13398,61,1.114947,268,12508,N,101.666666666667,3,184
13898,62,1.564254,376,13398,N,103.333333333333,3,184
13791,63,1.4061645,338,13898,N,105,3,184
12803,64,1.7889075,430,13791,N,106.666666666667,3,184
12215,65,1.647459,396,12803,N,108.333333333333,3,184
2890,0,0.96101775,231,NA,N,0,0,185
2840,1,1.14406875,275,2890,N,1.66666666666667,0,185
2953,2,1.1232675,270,2840,N,3.33333333333333,0,185
2927,3,1.28551725,309,2953,N,5,0,185
2871,4,1.2231135,294,2927,N,6.66666666666667,0,185
2745,5,1.31879925,317,2871,N,8.33333333333333,0,185
3006,6,1.32711975,319,2745,N,10,0,185
2805,7,1.45192725,349,3006,N,11.6666666666667,0,185
3779,8,1.4893695,358,2805,N,13.3333333333333,0,185
3410,9,1.4727285,354,3779,N,15,0,185
3366,10,1.5226515,366,3410,N,16.6666666666667,0,185
4077,11,1.53513225,369,3366,N,18.3333333333333,0,185
3211,12,1.55177325,373,4077,N,20,0,185
3919,13,1.58505525,381,3211,N,21.6666666666667,0,185
4019,14,1.5559335,374,3919,N,23.3333333333333,0,185
3934,15,1.59337575,383,4019,N,25,0,185
4851,16,1.66826025,401,3934,N,26.6666666666667,0,185
5231,17,1.6557795,398,4851,N,28.3333333333333,0,185
4989,18,1.680741,404,5231,N,30,0,185
4971,19,1.78474725,429,4989,N,31.6666666666667,0,185
5080,20,1.80138825,433,4971,N,33.3333333333333,0,185
4907,21,1.797228,432,5080,N,35,0,185
4922,22,1.9220355,462,4907,N,36.6666666666667,0,185
4902,23,2.0218815,486,4922,N,38.3333333333333,0,185
6133,24,2.14252875,515,4902,N,40,0,185
6096,25,2.42542575,583,6133,N,41.6666666666667,0,185
6049,26,2.49198975,599,6096,N,43.3333333333333,0,185
6206,27,2.346381,564,6049,N,45,0,185
6321,28,1.32711975,319,6206,Y,46.6666666666667,1,185
5951,29,1.347921,324,6321,N,48.3333333333333,1,185
6387,30,1.281357,308,5951,N,50,1,185
6350,31,1.44360675,347,6387,N,51.6666666666667,1,185
7095,32,1.67658075,403,6350,N,53.3333333333333,1,185
7668,33,1.37704275,331,7095,N,55,1,185
7538,34,1.71818325,413,7668,N,56.6666666666667,1,185
6703,35,1.61833725,389,7538,N,58.3333333333333,1,185
7423,36,1.5892155,382,6703,N,60,1,185
7399,37,1.847151,444,7423,N,61.6666666666667,1,185
7143,38,1.8887535,454,7399,N,63.3333333333333,1,185
6595,39,2.0385225,490,7143,N,65,1,185
8040,40,1.95947775,471,6595,N,66.6666666666667,1,185
7859,41,2.30061825,553,8040,N,68.3333333333333,1,185
8650,42,2.26733625,545,7859,N,70,1,185
8908,43,2.679201,644,8650,N,71.6666666666667,1,185
9101,44,2.45038725,589,8908,N,73.3333333333333,1,185
8319,45,1.21895325,293,9101,Y,75,2,185
8097,46,1.414485,340,8319,N,76.6666666666667,2,185
9169,47,1.52681175,367,8097,N,78.3333333333333,2,185
9445,48,1.68490125,405,9169,N,80,2,185
9630,49,1.730664,416,9445,N,81.6666666666667,2,185
10104,50,1.797228,432,9630,N,83.3333333333333,2,185
11277,51,1.863792,448,10104,N,85,2,185
10421,52,1.813869,436,11277,N,86.6666666666667,2,185
9862,53,1.74314475,419,10421,N,88.3333333333333,2,185
10923,54,1.54345275,371,9862,N,90,2,185
10974,55,1.91787525,461,10923,N,91.6666666666667,2,185
11558,56,1.5060105,362,10974,N,93.3333333333333,2,185
11399,57,1.6391385,394,11558,N,95,2,185
11966,58,1.85963175,447,11399,N,96.6666666666667,2,185
13153,59,2.0884455,502,11966,N,98.3333333333333,2,185
12545,60,1.248075,300,13153,Y,100,3,185
13441,61,1.27719675,307,12545,N,101.666666666667,3,185
14052,62,1.4893695,358,13441,N,103.333333333333,3,185
13886,63,1.5892155,382,14052,N,105,3,185
12854,64,1.4727285,354,13886,N,106.666666666667,3,185
12267,65,1.75146525,421,12854,N,108.333333333333,3,185
14365,66,1.58505525,381,12267,N,110,3,185
2638,0,0.77796675,187,NA,N,0,0,186
2542,1,0.76964625,185,2638,N,1.66666666666667,0,186
2722,2,0.7571655,182,2542,N,3.33333333333333,0,186
2729,3,0.75300525,181,2722,N,5,0,186
2513,4,0.83621025,201,2729,N,6.66666666666667,0,186
2495,5,0.83205,200,2513,N,8.33333333333333,0,186
2962,6,0.881973,212,2495,N,10,0,186
2576,7,0.99846,240,2962,N,11.6666666666667,0,186
3664,8,0.96933825,233,2576,N,13.3333333333333,0,186
3351,9,0.98597925,237,3664,N,15,0,186
3273,10,0.948537,228,3351,N,16.6666666666667,0,186
4031,11,1.03590225,249,3273,N,18.3333333333333,0,186
3099,12,1.0234215,246,4031,N,20,0,186
3679,13,1.0400625,250,3099,N,21.6666666666667,0,186
3968,14,1.065024,256,3679,N,23.3333333333333,0,186
3802,15,1.02758175,247,3968,N,25,0,186
4505,16,1.048383,252,3802,N,26.6666666666667,0,186
5178,17,1.114947,268,4505,N,28.3333333333333,0,186
4603,18,1.1565495,278,5178,N,30,0,186
4786,19,1.248075,300,4603,N,31.6666666666667,0,186
5027,20,1.1232675,270,4786,N,33.3333333333333,0,186
4622,21,1.17735075,283,5027,N,35,0,186
4582,22,1.21895325,293,4622,N,36.6666666666667,0,186
4624,23,1.2896775,310,4582,N,38.3333333333333,0,186
5712,24,1.481049,356,4624,N,40,0,186
5820,25,1.58505525,381,5712,N,41.6666666666667,0,186
5827,26,1.38536325,333,5820,N,43.3333333333333,0,186
6095,27,1.5725745,378,5827,N,45,0,186
6243,28,1.75978575,423,6095,N,46.6666666666667,0,186
5678,29,1.83051,440,6243,N,48.3333333333333,0,186
6084,30,1.24391475,299,5678,Y,50,1,186
6262,31,1.22727375,295,6084,N,51.6666666666667,1,186
6953,32,1.248075,300,6262,N,53.3333333333333,1,186
7606,33,1.0067805,242,6953,N,55,1,186
7445,34,1.06086375,255,7606,N,56.6666666666667,1,186
6658,35,1.26055575,303,7445,N,58.3333333333333,1,186
7209,36,1.30215825,313,6658,N,60,1,186
7353,37,1.41864525,341,7209,N,61.6666666666667,1,186
7001,38,1.4893695,358,7353,N,63.3333333333333,1,186
6548,39,1.51849125,365,7001,N,65,1,186
7988,40,1.6058565,386,6548,N,66.6666666666667,1,186
7800,41,1.6058565,386,7988,N,68.3333333333333,1,186
8589,42,1.72650375,415,7800,N,70,1,186
8824,43,1.5725745,378,8589,N,71.6666666666667,1,186
8989,44,1.80138825,433,8824,N,73.3333333333333,1,186
8443,45,2.07596475,499,8989,N,75,1,186
8177,46,2.046843,492,8443,N,76.6666666666667,1,186
9253,47,2.11756725,509,8177,N,78.3333333333333,1,186
9639,49,1.1066265,266,9253,Y,81.6666666666667,2,186
10112,50,0.9235755,222,9639,N,83.3333333333333,2,186
11313,51,0.87781275,211,10112,N,85,2,186
10434,52,1.11078675,267,11313,N,86.6666666666667,2,186
9869,53,1.17735075,283,10434,N,88.3333333333333,2,186
11832,58,1.231434,296,9869,N,96.6666666666667,2,186
12878,59,1.30215825,313,11832,N,98.3333333333333,2,186
2638,0,0.77796675,187,NA,N,0,0,187
2542,1,0.76964625,185,2638,N,1.66666666666667,0,187
2722,2,0.7571655,182,2542,N,3.33333333333333,0,187
2729,3,0.75300525,181,2722,N,5,0,187
2513,4,0.83621025,201,2729,N,6.66666666666667,0,187
2495,5,0.83205,200,2513,N,8.33333333333333,0,187
2962,6,0.881973,212,2495,N,10,0,187
2576,7,0.99846,240,2962,N,11.6666666666667,0,187
3664,8,0.96933825,233,2576,N,13.3333333333333,0,187
3351,9,0.98597925,237,3664,N,15,0,187
3273,10,0.948537,228,3351,N,16.6666666666667,0,187
4031,11,1.03590225,249,3273,N,18.3333333333333,0,187
3099,12,1.0234215,246,4031,N,20,0,187
3679,13,1.0400625,250,3099,N,21.6666666666667,0,187
3968,14,1.065024,256,3679,N,23.3333333333333,0,187
3802,15,1.02758175,247,3968,N,25,0,187
4505,16,1.048383,252,3802,N,26.6666666666667,0,187
5178,17,1.114947,268,4505,N,28.3333333333333,0,187
4603,18,1.1565495,278,5178,N,30,0,187
4786,19,1.248075,300,4603,N,31.6666666666667,0,187
5027,20,1.1232675,270,4786,N,33.3333333333333,0,187
4622,21,1.17735075,283,5027,N,35,0,187
4582,22,1.21895325,293,4622,N,36.6666666666667,0,187
4624,23,1.2896775,310,4582,N,38.3333333333333,0,187
5712,24,1.481049,356,4624,N,40,0,187
5820,25,1.58505525,381,5712,N,41.6666666666667,0,187
5827,26,1.38536325,333,5820,N,43.3333333333333,0,187
6095,27,1.5725745,378,5827,N,45,0,187
6243,28,1.75978575,423,6095,N,46.6666666666667,0,187
5678,29,1.83051,440,6243,N,48.3333333333333,0,187
6089,30,0.7571655,182,5678,Y,50,1,187
6264,31,0.8070885,194,6089,N,51.6666666666667,1,187
6956,32,0.66980025,161,6264,N,53.3333333333333,1,187
7607,33,0.7904475,190,6956,N,55,1,187
7446,34,0.798768,192,7607,N,56.6666666666667,1,187
6659,35,0.815409,196,7446,N,58.3333333333333,1,187
7211,36,0.91109475,219,6659,N,60,1,187
7354,37,0.80292825,193,7211,N,61.6666666666667,1,187
6549,39,0.9568575,230,7354,N,65,1,187
7989,40,0.96101775,231,6549,N,66.6666666666667,1,187
7801,41,1.09414575,263,7989,N,68.3333333333333,1,187
8590,42,1.0567035,254,7801,N,70,1,187
8825,43,1.11078675,267,8590,N,71.6666666666667,1,187
8990,44,1.16903025,281,8825,N,73.3333333333333,1,187
8446,45,1.51849125,365,8990,N,75,1,187
8178,46,1.46024775,351,8446,N,76.6666666666667,1,187
9254,47,1.3229595,318,8178,N,78.3333333333333,1,187
9537,48,1.6557795,398,9254,N,80,1,187
9720,49,1.7556255,422,9537,N,81.6666666666667,1,187
10230,50,1.98443925,477,9720,N,83.3333333333333,1,187
10727,51,1.0067805,242,10230,Y,85,2,187
10274,52,1.08582525,261,10727,N,86.6666666666667,2,187
9951,53,0.97765875,235,10274,N,88.3333333333333,2,187
10572,54,1.1066265,266,9951,N,90,2,187
10793,55,1.0400625,250,10572,N,91.6666666666667,2,187
11254,56,1.148229,276,10793,N,93.3333333333333,2,187
11180,57,1.29383775,311,11254,N,95,2,187
13581,61,1.297998,312,11180,N,101.666666666667,2,187
14526,62,1.4893695,358,13581,N,103.333333333333,2,187
14306,63,1.7556255,422,14526,N,105,2,187
12602,64,0.98597925,237,14306,Y,106.666666666667,3,187
12090,65,0.8736525,210,12602,N,108.333333333333,3,187
13928,66,1.0400625,250,12090,N,110,3,187
14853,67,1.04422275,251,13928,N,111.666666666667,3,187
15912,68,0.97765875,235,14853,N,113.333333333333,3,187
15763,69,1.04422275,251,15912,N,115,3,187
2160,0,1.0899855,262,NA,N,0,0,188
2121,1,1.12742775,271,2160,N,1.66666666666667,0,188
2124,2,1.15238925,277,2121,N,3.33333333333333,0,188
2180,3,1.25223525,301,2124,N,5,0,188
2112,4,1.1565495,278,2180,N,6.66666666666667,0,188
2144,5,1.30215825,313,2112,N,8.33333333333333,0,188
2386,6,1.264716,304,2144,N,10,0,188
2150,7,1.214793,292,2386,N,11.6666666666667,0,188
3462,8,1.34376075,323,2150,N,13.3333333333333,0,188
3229,9,1.314639,316,3462,N,15,0,188
3134,10,1.364562,328,3229,N,16.6666666666667,0,188
3584,11,1.297998,312,3134,N,18.3333333333333,0,188
3027,12,1.381203,332,3584,N,20,0,188
3482,13,1.41864525,341,3027,N,21.6666666666667,0,188
3850,14,1.41032475,339,3482,N,23.3333333333333,0,188
3506,15,1.49352975,359,3850,N,25,0,188
4126,16,1.530972,368,3506,N,26.6666666666667,0,188
5103,17,1.52681175,367,4126,N,28.3333333333333,0,188
4146,18,1.65161925,397,5103,N,30,0,188
4382,19,1.6890615,406,4146,N,31.6666666666667,0,188
4620,20,1.714023,412,4382,N,33.3333333333333,0,188
4172,21,1.99275975,479,4620,N,35,0,188
4216,22,1.79306775,431,4172,N,36.6666666666667,0,188
4287,23,1.99692,480,4216,N,38.3333333333333,0,188
5283,24,1.99692,480,4287,N,40,0,188
5429,25,1.9220355,462,5283,N,41.6666666666667,0,188
5473,26,2.2548555,542,5429,N,43.3333333333333,0,188
5416,27,1.19399175,287,5473,Y,45,1,188
6043,28,1.31047875,315,5416,N,46.6666666666667,1,188
5275,29,1.281357,308,6043,N,48.3333333333333,1,188
5372,30,1.431126,344,5275,N,50,1,188
5517,31,1.47688875,355,5372,N,51.6666666666667,1,188
6743,32,1.56009375,375,5517,N,53.3333333333333,1,188
7482,33,1.4394465,346,6743,N,55,1,188
6802,34,1.514331,364,7482,N,56.6666666666667,1,188
6498,35,1.68490125,405,6802,N,58.3333333333333,1,188
7009,36,1.82634975,439,6498,N,60,1,188
7276,37,1.96779825,473,7009,N,61.6666666666667,1,188
6822,38,2.196612,528,7276,N,63.3333333333333,1,188
6434,39,2.213253,532,6822,N,65,1,188
7900,40,2.17581075,523,6434,N,66.6666666666667,1,188
7711,41,2.13420825,513,7900,N,68.3333333333333,1,188
8444,42,2.379663,572,7711,N,70,1,188
8693,43,2.3214195,558,8444,N,71.6666666666667,1,188
8767,44,1.2563955,302,8693,Y,73.3333333333333,2,188
8299,45,1.21895325,293,8767,N,75,2,188
8078,46,1.43528625,345,8299,N,76.6666666666667,2,188
9151,47,1.52681175,367,8078,N,78.3333333333333,2,188
9423,48,1.7389845,418,9151,N,80,2,188
9368,49,1.88459325,453,9423,N,81.6666666666667,2,188
10084,50,1.92619575,463,9368,N,83.3333333333333,2,188
10544,51,2.013561,484,10084,N,85,2,188
10190,52,2.13420825,513,10544,N,86.6666666666667,2,188
9836,53,2.512791,604,10190,N,88.3333333333333,2,188
10435,54,2.64175875,635,9836,N,90,2,188
10610,55,2.562714,616,10435,N,91.6666666666667,2,188
11109,57,1.33544025,321,10610,Y,95,3,188
11866,58,1.46024775,351,11109,N,96.6666666666667,3,188
12948,59,1.530972,368,11866,N,98.3333333333333,3,188
12439,60,1.514331,364,12948,N,100,3,188
13312,61,1.83467025,441,12439,N,101.666666666667,3,188
13626,62,1.64329875,395,13312,N,103.333333333333,3,188
13697,63,1.8887535,454,13626,N,105,3,188
12687,64,2.0218815,486,13697,N,106.666666666667,3,188
12140,65,0.81124875,195,12687,Y,108.333333333333,4,188
14056,66,0.881973,212,12140,N,110,4,188
2163,0,1.27719675,307,NA,N,0,0,189
2151,1,1.47688875,355,2163,N,1.66666666666667,0,189
2135,2,1.481049,356,2151,N,3.33333333333333,0,189
2187,3,1.6224975,390,2135,N,5,0,189
2120,4,1.43528625,345,2187,N,6.66666666666667,0,189
2152,5,1.69322175,407,2120,N,8.33333333333333,0,189
2391,6,1.65993975,399,2152,N,10,0,189
2155,7,1.7223435,414,2391,N,11.6666666666667,0,189
3463,8,1.83051,440,2155,N,13.3333333333333,0,189
3230,9,1.0234215,246,3463,Y,15,1,189
3136,10,1.04422275,251,3230,N,16.6666666666667,1,189
3587,11,1.00262025,241,3136,N,18.3333333333333,1,189
3029,12,0.94437675,227,3587,N,20,1,189
3483,13,1.0567035,254,3029,N,21.6666666666667,1,189
3855,14,1.048383,252,3483,N,23.3333333333333,1,189
3510,15,0.96933825,233,3855,N,25,1,189
4133,16,0.99429975,239,3510,N,26.6666666666667,1,189
5105,17,1.0234215,246,4133,N,28.3333333333333,1,189
4162,18,1.06918425,257,5105,N,30,1,189
4391,19,1.00262025,241,4162,N,31.6666666666667,1,189
4628,20,1.03590225,249,4391,N,33.3333333333333,1,189
4226,21,1.10246625,265,4628,N,35,1,189
4218,22,1.16070975,279,4226,N,36.6666666666667,1,189
4291,23,1.1565495,278,4218,N,38.3333333333333,1,189
5284,24,1.30215825,313,4291,N,40,1,189
5432,25,1.21063275,291,5284,N,41.6666666666667,1,189
5478,26,1.3562415,326,5432,N,43.3333333333333,1,189
5426,27,1.39368375,335,5478,N,45,1,189
6059,28,1.39368375,335,5426,N,46.6666666666667,1,189
5293,29,1.4061645,338,6059,N,48.3333333333333,1,189
5377,30,1.46856825,353,5293,N,50,1,189
5519,31,1.50185025,361,5377,N,51.6666666666667,1,189
6745,32,1.54345275,371,5519,N,53.3333333333333,1,189
7486,33,1.4893695,358,6745,N,55,1,189
6806,34,1.5725745,378,7486,N,56.6666666666667,1,189
6500,35,1.6224975,390,6806,N,58.3333333333333,1,189
7012,36,1.66826025,401,6500,N,60,1,189
7277,37,1.730664,416,7012,N,61.6666666666667,1,189
6825,38,1.6641,400,7277,N,63.3333333333333,1,189
6436,39,1.630818,392,6825,N,65,1,189
7903,40,1.597536,384,6436,N,66.6666666666667,1,189
7715,41,1.65161925,397,7903,N,68.3333333333333,1,189
8447,42,1.56841425,377,7715,N,70,1,189
8696,43,1.63497825,393,8447,N,71.6666666666667,1,189
8773,44,1.63497825,393,8696,N,73.3333333333333,1,189
8302,45,1.78474725,429,8773,N,75,1,189
8082,46,1.89291375,455,8302,N,76.6666666666667,1,189
9153,47,1.847151,444,8082,N,78.3333333333333,1,189
9425,48,1.99692,480,9153,N,80,1,189
9373,49,2.0218815,486,9425,N,81.6666666666667,1,189
10087,50,2.3713425,570,9373,N,83.3333333333333,1,189
10554,51,2.19245175,527,10087,N,85,1,189
10196,52,2.56687425,617,10554,N,86.6666666666667,1,189
9840,53,1.31879925,317,10196,Y,88.3333333333333,2,189
10443,54,1.3396005,322,9840,N,90,2,189
10625,55,1.4228055,342,10443,N,91.6666666666667,2,189
11140,56,1.564254,376,10625,N,93.3333333333333,2,189
11052,57,1.47688875,355,11140,N,95,2,189
11843,58,1.4727285,354,11052,N,96.6666666666667,2,189
12899,59,1.5226515,366,11843,N,98.3333333333333,2,189
12417,60,1.61833725,389,12899,N,100,2,189
13284,61,1.6641,400,12417,N,101.666666666667,2,189
13598,62,1.69322175,407,13284,N,103.333333333333,2,189
13667,63,1.80970875,435,13598,N,105,2,189
12631,64,0.7072425,170,13667,Y,106.666666666667,3,189
12105,65,0.89445375,215,12631,N,108.333333333333,3,189
13971,66,1.05254325,253,12105,N,110,3,189
14567,67,1.2397545,298,13971,N,111.666666666667,3,189
15069,68,1.2397545,298,14567,N,113.333333333333,3,189
14879,69,1.0733445,258,15069,N,115,3,189
2165,0,1.28551725,309,NA,N,0,0,190
2161,1,1.347921,324,2165,N,1.66666666666667,0,190
2140,2,1.4560875,350,2161,N,3.33333333333333,0,190
2192,3,1.49352975,359,2140,N,5,0,190
2129,4,1.60169625,385,2192,N,6.66666666666667,0,190
2159,5,1.60169625,385,2129,N,8.33333333333333,0,190
2395,6,1.69322175,407,2159,N,10,0,190
2168,7,1.7389845,418,2395,N,11.6666666666667,0,190
3487,8,1.80970875,435,2168,N,13.3333333333333,0,190
3234,9,1.7722665,426,3487,N,15,0,190
3140,10,1.75146525,421,3234,N,16.6666666666667,0,190
3594,11,1.930356,464,3140,N,18.3333333333333,0,190
3031,12,1.930356,464,3594,N,20,0,190
3512,13,1.946997,468,3031,N,21.6666666666667,0,190
3862,14,1.946997,468,3512,N,23.3333333333333,0,190
3513,15,1.946997,468,3862,N,25,0,190
4137,16,2.030202,488,3513,N,26.6666666666667,0,190
5107,17,2.096766,504,4137,N,28.3333333333333,0,190
4195,18,2.429586,584,5107,N,30,0,190
4400,19,0.95269725,229,4195,Y,31.6666666666667,1,190
4630,20,1.0400625,250,4400,N,33.3333333333333,1,190
4228,21,1.08582525,261,4630,N,35,1,190
4219,22,1.148229,276,4228,N,36.6666666666667,1,190
4300,23,1.21895325,293,4219,N,38.3333333333333,1,190
5286,24,1.264716,304,4300,N,40,1,190
5438,25,1.281357,308,5286,N,41.6666666666667,1,190
5481,26,1.281357,308,5438,N,43.3333333333333,1,190
5431,27,1.33544025,321,5481,N,45,1,190
6065,28,1.33544025,321,5431,N,46.6666666666667,1,190
5294,29,1.45192725,349,6065,N,48.3333333333333,1,190
5381,30,1.4560875,350,5294,N,50,1,190
5521,31,1.47688875,355,5381,N,51.6666666666667,1,190
6747,32,1.54345275,371,5521,N,53.3333333333333,1,190
7490,33,1.49769,360,6747,N,55,1,190
6809,34,1.56841425,377,7490,N,56.6666666666667,1,190
6502,35,1.60169625,385,6809,N,58.3333333333333,1,190
7015,36,1.6641,400,6502,N,60,1,190
7278,37,1.75146525,421,7015,N,61.6666666666667,1,190
6827,38,1.63497825,393,7278,N,63.3333333333333,1,190
6437,39,1.70986275,411,6827,N,65,1,190
7904,40,1.730664,416,6437,N,66.6666666666667,1,190
7716,41,1.763946,424,7904,N,68.3333333333333,1,190
8449,42,2.00108025,481,7716,N,70,1,190
8697,43,1.780587,428,8449,N,71.6666666666667,1,190
8775,44,1.930356,464,8697,N,73.3333333333333,1,190
8303,45,2.113407,508,8775,N,75,1,190
8083,46,2.04268275,491,8303,N,76.6666666666667,1,190
9154,47,2.15916975,519,8083,N,78.3333333333333,1,190
9426,48,2.02604175,487,9154,N,80,1,190
9374,49,2.04268275,491,9426,N,81.6666666666667,1,190
10088,50,1.90123425,457,9374,N,83.3333333333333,1,190
10562,51,2.3713425,570,10088,N,85,1,190
10198,52,2.3879835,574,10562,N,86.6666666666667,1,190
9842,53,1.3895235,334,10198,Y,88.3333333333333,2,190
10447,54,1.37704275,331,9842,N,90,2,190
10633,55,1.41032475,339,10447,N,91.6666666666667,2,190
11146,56,1.41032475,339,10633,N,93.3333333333333,2,190
2165,0,1.28551725,309,NA,N,0,0,191
2161,1,1.347921,324,2165,N,1.66666666666667,0,191
2140,2,1.4560875,350,2161,N,3.33333333333333,0,191
2192,3,1.49352975,359,2140,N,5,0,191
2129,4,1.60169625,385,2192,N,6.66666666666667,0,191
2159,5,1.60169625,385,2129,N,8.33333333333333,0,191
2395,6,1.69322175,407,2159,N,10,0,191
2168,7,1.7389845,418,2395,N,11.6666666666667,0,191
3487,8,1.80970875,435,2168,N,13.3333333333333,0,191
3234,9,1.7722665,426,3487,N,15,0,191
3140,10,1.75146525,421,3234,N,16.6666666666667,0,191
3594,11,1.930356,464,3140,N,18.3333333333333,0,191
3031,12,1.930356,464,3594,N,20,0,191
3512,13,1.946997,468,3031,N,21.6666666666667,0,191
3862,14,1.946997,468,3512,N,23.3333333333333,0,191
3513,15,1.946997,468,3862,N,25,0,191
4137,16,2.030202,488,3513,N,26.6666666666667,0,191
5107,17,2.096766,504,4137,N,28.3333333333333,0,191
4195,18,2.429586,584,5107,N,30,0,191
4400,19,0.95269725,229,4195,Y,31.6666666666667,1,191
4630,20,1.0400625,250,4400,N,33.3333333333333,1,191
4228,21,1.08582525,261,4630,N,35,1,191
4219,22,1.148229,276,4228,N,36.6666666666667,1,191
4300,23,1.21895325,293,4219,N,38.3333333333333,1,191
5286,24,1.264716,304,4300,N,40,1,191
5438,25,1.281357,308,5286,N,41.6666666666667,1,191
5481,26,1.281357,308,5438,N,43.3333333333333,1,191
5431,27,1.33544025,321,5481,N,45,1,191
6065,28,1.33544025,321,5431,N,46.6666666666667,1,191
5294,29,1.45192725,349,6065,N,48.3333333333333,1,191
5381,30,1.4560875,350,5294,N,50,1,191
5521,31,1.47688875,355,5381,N,51.6666666666667,1,191
6747,32,1.54345275,371,5521,N,53.3333333333333,1,191
7490,33,1.49769,360,6747,N,55,1,191
6809,34,1.56841425,377,7490,N,56.6666666666667,1,191
6502,35,1.60169625,385,6809,N,58.3333333333333,1,191
7015,36,1.6641,400,6502,N,60,1,191
7278,37,1.75146525,421,7015,N,61.6666666666667,1,191
6827,38,1.63497825,393,7278,N,63.3333333333333,1,191
6437,39,1.70986275,411,6827,N,65,1,191
7904,40,1.730664,416,6437,N,66.6666666666667,1,191
7716,41,1.763946,424,7904,N,68.3333333333333,1,191
8449,42,2.00108025,481,7716,N,70,1,191
8697,43,1.780587,428,8449,N,71.6666666666667,1,191
8775,44,1.930356,464,8697,N,73.3333333333333,1,191
8303,45,2.113407,508,8775,N,75,1,191
8083,46,2.04268275,491,8303,N,76.6666666666667,1,191
9154,47,2.15916975,519,8083,N,78.3333333333333,1,191
9426,48,2.02604175,487,9154,N,80,1,191
9374,49,2.04268275,491,9426,N,81.6666666666667,1,191
10088,50,1.90123425,457,9374,N,83.3333333333333,1,191
10562,51,2.3713425,570,10088,N,85,1,191
10198,52,2.3879835,574,10562,N,86.6666666666667,1,191
9841,53,1.16487,280,10198,Y,88.3333333333333,2,191
10445,54,1.1898315,286,9841,N,90,2,191
10630,55,1.21895325,293,10445,N,91.6666666666667,2,191
11143,56,1.181511,284,10630,N,93.3333333333333,2,191
11054,57,1.35208125,325,11143,N,95,2,191
11844,58,1.16070975,279,11054,N,96.6666666666667,2,191
12901,59,1.1898315,286,11844,N,98.3333333333333,2,191
12418,60,1.34376075,323,12901,N,100,2,191
13285,61,1.63497825,393,12418,N,101.666666666667,2,191
13599,62,1.747305,420,13285,N,103.333333333333,2,191
13668,63,1.797228,432,13599,N,105,2,191
12635,64,1.79306775,431,13668,N,106.666666666667,2,191
12107,65,2.37550275,571,12635,N,108.333333333333,2,191
13977,66,2.38382325,573,12107,N,110,2,191
14570,67,1.21063275,291,13977,Y,111.666666666667,3,191
2165,0,1.28551725,309,NA,N,0,0,192
2161,1,1.347921,324,2165,N,1.66666666666667,0,192
2140,2,1.4560875,350,2161,N,3.33333333333333,0,192
2192,3,1.49352975,359,2140,N,5,0,192
2129,4,1.60169625,385,2192,N,6.66666666666667,0,192
2159,5,1.60169625,385,2129,N,8.33333333333333,0,192
2395,6,1.69322175,407,2159,N,10,0,192
2168,7,1.7389845,418,2395,N,11.6666666666667,0,192
3487,8,1.80970875,435,2168,N,13.3333333333333,0,192
3234,9,1.7722665,426,3487,N,15,0,192
3140,10,1.75146525,421,3234,N,16.6666666666667,0,192
3594,11,1.930356,464,3140,N,18.3333333333333,0,192
3031,12,1.930356,464,3594,N,20,0,192
3512,13,1.946997,468,3031,N,21.6666666666667,0,192
3862,14,1.946997,468,3512,N,23.3333333333333,0,192
3513,15,1.946997,468,3862,N,25,0,192
4137,16,2.030202,488,3513,N,26.6666666666667,0,192
5107,17,2.096766,504,4137,N,28.3333333333333,0,192
4195,18,2.429586,584,5107,N,30,0,192
4406,19,1.20231225,289,4195,Y,31.6666666666667,1,192
4631,20,1.24391475,299,4406,N,33.3333333333333,1,192
4231,21,1.2064725,290,4631,N,35,1,192
4220,22,1.2397545,298,4231,N,36.6666666666667,1,192
4304,23,1.23559425,297,4220,N,38.3333333333333,1,192
5287,24,1.23559425,297,4304,N,40,1,192
5442,25,1.248075,300,5287,N,41.6666666666667,1,192
5486,26,1.28551725,309,5442,N,43.3333333333333,1,192
5433,27,1.22727375,295,5486,N,45,1,192
6069,28,1.214793,292,5433,N,46.6666666666667,1,192
5295,29,1.2397545,298,6069,N,48.3333333333333,1,192
5385,30,1.3396005,322,5295,N,50,1,192
5526,31,1.3229595,318,5385,N,51.6666666666667,1,192
6749,32,1.50185025,361,5526,N,53.3333333333333,1,192
7491,33,1.70154225,409,6749,N,55,1,192
6813,34,1.70986275,411,7491,N,56.6666666666667,1,192
6504,35,1.763946,424,6813,N,58.3333333333333,1,192
7018,36,1.97611875,475,6504,N,60,1,192
7279,37,1.97611875,475,7018,N,61.6666666666667,1,192
6831,38,2.17581075,523,7279,N,63.3333333333333,1,192
6438,39,2.279817,548,6831,N,65,1,192
7905,40,1.0733445,258,6438,Y,66.6666666666667,2,192
7717,41,1.16903025,281,7905,N,68.3333333333333,2,192
8451,42,1.2896775,310,7717,N,70,2,192
8698,43,1.25223525,301,8451,N,71.6666666666667,2,192
8777,44,1.4560875,350,8698,N,73.3333333333333,2,192
8304,45,1.530972,368,8777,N,75,2,192
8084,46,1.65993975,399,8304,N,76.6666666666667,2,192
9155,47,1.65161925,397,8084,N,78.3333333333333,2,192
9427,48,1.80138825,433,9155,N,80,2,192
9375,49,1.8388305,442,9427,N,81.6666666666667,2,192
10089,50,2.2215735,534,9375,N,83.3333333333333,2,192
10566,51,2.146689,516,10089,N,85,2,192
10288,52,1.065024,256,10566,Y,86.6666666666667,3,192
9966,53,1.1232675,270,10288,N,88.3333333333333,3,192
10618,54,1.214793,292,9966,N,90,3,192
10816,55,1.32711975,319,10618,N,91.6666666666667,3,192
11274,56,1.41864525,341,10816,N,93.3333333333333,3,192
11196,57,1.4394465,346,11274,N,95,3,192
11898,58,1.2896775,310,11196,N,96.6666666666667,3,192
13014,59,1.3229595,318,11898,N,98.3333333333333,3,192
12473,60,1.65161925,397,13014,N,100,3,192
13356,61,1.9386765,466,12473,N,101.666666666667,3,192
13815,62,0.931896,224,13356,Y,103.333333333333,4,192
13742,63,1.0400625,250,13815,N,105,4,192
12769,64,1.18567125,285,13742,N,106.666666666667,4,192
12184,65,1.20231225,289,12769,N,108.333333333333,4,192
14177,66,1.1399085,274,12184,N,110,4,192
14641,67,1.3063185,314,14177,N,111.666666666667,4,192
15376,68,1.73482425,417,14641,N,113.333333333333,4,192
15086,69,1.86795225,449,15376,N,115,4,192
15165,70,1.84299075,443,15086,N,116.666666666667,4,192
2679,0,0.84453075,203,NA,N,0,0,193
2546,1,0.881973,212,2679,N,1.66666666666667,0,193
2724,2,0.96933825,233,2546,N,3.33333333333333,0,193
2736,3,0.99429975,239,2724,N,5,0,193
2518,4,0.981819,236,2736,N,6.66666666666667,0,193
2509,5,0.93605625,225,2518,N,8.33333333333333,0,193
2963,6,1.0400625,250,2509,N,10,0,193
2587,7,1.048383,252,2963,N,11.6666666666667,0,193
3678,8,1.04422275,251,2587,N,13.3333333333333,0,193
3355,9,1.0567035,254,3678,N,15,0,193
3274,10,1.18567125,285,3355,N,16.6666666666667,0,193
4033,11,1.048383,252,3274,N,18.3333333333333,0,193
3103,12,1.081665,260,4033,N,20,0,193
3686,13,1.065024,256,3103,N,21.6666666666667,0,193
3970,14,1.1731905,282,3686,N,23.3333333333333,0,193
3803,15,1.1731905,282,3970,N,25,0,193
4512,16,1.1565495,278,3803,N,26.6666666666667,0,193
5181,17,1.24391475,299,4512,N,28.3333333333333,0,193
4610,18,1.2064725,290,5181,N,30,0,193
4802,19,1.23559425,297,4610,N,31.6666666666667,0,193
5030,20,1.26055575,303,4802,N,33.3333333333333,0,193
4640,21,1.25223525,301,5030,N,35,0,193
4602,22,1.29383775,311,4640,N,36.6666666666667,0,193
4652,23,1.32711975,319,4602,N,38.3333333333333,0,193
5727,24,1.364562,328,4652,N,40,0,193
5845,25,1.42696575,343,5727,N,41.6666666666667,0,193
5846,26,1.464408,352,5845,N,43.3333333333333,0,193
6109,27,1.45192725,349,5846,N,45,0,193
6246,28,1.431126,344,6109,N,46.6666666666667,0,193
5696,29,1.45192725,349,6246,N,48.3333333333333,0,193
6104,30,1.45192725,349,5696,N,50,0,193
6270,31,1.49769,360,6104,N,51.6666666666667,0,193
6964,32,1.58505525,381,6270,N,53.3333333333333,0,193
7610,33,1.54345275,371,6964,N,55,0,193
7457,34,1.597536,384,7610,N,56.6666666666667,0,193
6663,35,1.51017075,363,7457,N,58.3333333333333,0,193
7216,36,1.5892155,382,6663,N,60,0,193
7357,37,1.630818,392,7216,N,61.6666666666667,0,193
7010,38,1.6391385,394,7357,N,63.3333333333333,0,193
6552,39,1.55177325,373,7010,N,65,0,193
7991,40,1.6890615,406,6552,N,66.6666666666667,0,193
7804,41,1.59337575,383,7991,N,68.3333333333333,0,193
8593,42,1.70154225,409,7804,N,70,0,193
8831,43,1.74314475,419,8593,N,71.6666666666667,0,193
8995,44,1.797228,432,8831,N,73.3333333333333,0,193
8454,45,1.77642675,427,8995,N,75,0,193
8183,46,2.046843,492,8454,N,76.6666666666667,0,193
9259,47,2.080125,500,8183,N,78.3333333333333,0,193
9543,48,2.13420825,513,9259,N,80,0,193
9726,49,2.196612,528,9543,N,81.6666666666667,0,193
10242,50,2.34222075,563,9726,N,83.3333333333333,0,193
10746,51,2.55855375,615,10242,N,85,0,193
10282,52,2.812329,676,10746,N,86.6666666666667,0,193
9957,53,1.3063185,314,10282,Y,88.3333333333333,1,193
10583,54,1.3895235,334,9957,N,90,1,193
10800,55,1.40200425,337,10583,N,91.6666666666667,1,193
11263,56,1.62665775,391,10800,N,93.3333333333333,1,193
11188,57,1.6224975,390,11263,N,95,1,193
11893,58,1.73482425,417,11188,N,96.6666666666667,1,193
13003,59,1.90123425,457,11893,N,98.3333333333333,1,193
12470,60,2.10092625,505,13003,N,100,1,193
13349,61,2.113407,508,12470,N,101.666666666667,1,193
13801,62,2.1550095,518,13349,N,103.333333333333,1,193
13733,63,1.414485,340,13801,Y,105,2,193
12727,64,1.47688875,355,13733,N,106.666666666667,2,193
12174,65,1.464408,352,12727,N,108.333333333333,2,193
14144,66,1.580895,380,12174,N,110,2,193
14630,67,1.7389845,418,14144,N,111.666666666667,2,193
15329,68,1.98443925,477,14630,N,113.333333333333,2,193
15053,69,2.0218815,486,15329,N,115,2,193
16015,70,NA,-1,15053,Y,116.666666666667,3,193
2188,0,0.898614,216,NA,N,0,0,194
2170,1,0.95269725,229,2188,N,1.66666666666667,0,194
2173,2,0.965178,232,2170,N,3.33333333333333,0,194
2241,3,0.94437675,227,2173,N,5,0,194
2154,4,1.02758175,247,2241,N,6.66666666666667,0,194
2172,5,1.0567035,254,2154,N,8.33333333333333,0,194
2416,6,1.065024,256,2172,N,10,0,194
2199,7,1.05254325,253,2416,N,11.6666666666667,0,194
3501,8,1.13574825,273,2199,N,13.3333333333333,0,194
3238,9,1.2563955,302,3501,N,15,0,194
3143,10,1.264716,304,3238,N,16.6666666666667,0,194
3600,11,1.281357,308,3143,N,18.3333333333333,0,194
3034,12,1.27719675,307,3600,N,20,0,194
3517,13,1.2563955,302,3034,N,21.6666666666667,0,194
3863,14,1.2896775,310,3517,N,23.3333333333333,0,194
3515,15,1.28551725,309,3863,N,25,0,194
4140,16,1.297998,312,3515,N,26.6666666666667,0,194
5109,17,1.35208125,325,4140,N,28.3333333333333,0,194
4199,18,1.29383775,311,5109,N,30,0,194
4416,19,1.35208125,325,4199,N,31.6666666666667,0,194
4633,20,1.31047875,315,4416,N,33.3333333333333,0,194
4245,21,1.3229595,318,4633,N,35,0,194
4221,22,1.33544025,321,4245,N,36.6666666666667,0,194
4307,23,1.35208125,325,4221,N,38.3333333333333,0,194
5290,24,1.49769,360,4307,N,40,0,194
5459,25,1.5725745,378,5290,N,41.6666666666667,0,194
5509,26,1.6641,400,5459,N,43.3333333333333,0,194
5716,27,1.697382,408,5509,N,45,0,194
6093,28,1.81802925,437,5716,N,46.6666666666667,0,194
5299,29,2.04268275,491,6093,N,48.3333333333333,0,194
5408,30,2.1882915,526,5299,N,50,0,194
5542,31,2.23405425,537,5408,N,51.6666666666667,0,194
6758,32,2.43374625,585,5542,N,53.3333333333333,0,194
7495,33,2.45038725,589,6758,N,55,0,194
6824,34,2.7540855,662,7495,N,56.6666666666667,0,194
6515,35,2.82897,680,6824,N,58.3333333333333,0,194
7038,36,1.5060105,362,6515,Y,60,1,194
7285,37,1.59337575,383,7038,N,61.6666666666667,1,194
6847,38,1.51849125,365,7285,N,63.3333333333333,1,194
6444,39,1.71818325,413,6847,N,65,1,194
7912,40,1.70986275,411,6444,N,66.6666666666667,1,194
7723,41,1.847151,444,7912,N,68.3333333333333,1,194
8463,42,1.95115725,469,7723,N,70,1,194
8706,43,1.7889075,430,8463,N,71.6666666666667,1,194
8795,44,1.94283675,467,8706,N,73.3333333333333,1,194
8312,45,2.0052405,482,8795,N,75,1,194
8090,46,2.113407,508,8312,N,76.6666666666667,1,194
9163,47,2.20077225,529,8090,N,78.3333333333333,1,194
9439,48,2.26733625,545,9163,N,80,1,194
9385,49,2.229894,536,9439,N,81.6666666666667,1,194
10098,50,2.32974,560,9385,N,83.3333333333333,1,194
10594,51,2.30061825,553,10098,N,85,1,194
10214,52,2.762406,664,10594,N,86.6666666666667,1,194
9852,53,2.52527175,607,10214,N,88.3333333333333,1,194
10468,54,2.93297625,705,9852,N,90,1,194
10669,55,3.145149,756,10468,N,91.6666666666667,1,194
11177,56,2.73328425,657,10669,N,93.3333333333333,1,194
11072,57,1.83051,440,11177,Y,95,2,194
11851,58,1.87627275,451,11072,N,96.6666666666667,2,194
12915,59,1.89291375,455,11851,N,98.3333333333333,2,194
12424,60,2.1550095,518,12915,N,100,2,194
13292,61,2.28397725,549,12424,N,101.666666666667,2,194
2713,0,0.9069345,218,NA,N,0,0,195
2588,1,0.96101775,231,2713,N,1.66666666666667,0,195
2784,2,1.0567035,254,2588,N,3.33333333333333,0,195
2809,3,1.12742775,271,2784,N,5,0,195
2567,4,1.048383,252,2809,N,6.66666666666667,0,195
2565,5,1.16070975,279,2567,N,8.33333333333333,0,195
2971,6,1.16487,280,2565,N,10,0,195
2634,7,1.1565495,278,2971,N,11.6666666666667,0,195
3709,8,1.181511,284,2634,N,13.3333333333333,0,195
3373,9,1.17735075,283,3709,N,15,0,195
3297,10,1.26055575,303,3373,N,16.6666666666667,0,195
4043,11,1.26887625,305,3297,N,18.3333333333333,0,195
3129,12,1.24391475,299,4043,N,20,0,195
3821,13,1.264716,304,3129,N,21.6666666666667,0,195
3980,14,1.34376075,323,3821,N,23.3333333333333,0,195
3826,15,1.3895235,334,3980,N,25,0,195
4608,16,1.4394465,346,3826,N,26.6666666666667,0,195
5195,17,1.51017075,363,4608,N,28.3333333333333,0,195
4781,18,1.4228055,342,5195,N,30,0,195
4863,19,1.46856825,353,4781,N,31.6666666666667,0,195
5039,20,1.45192725,349,4863,N,33.3333333333333,0,195
4691,21,1.47688875,355,5039,N,35,0,195
4710,22,1.49352975,359,4691,N,36.6666666666667,0,195
4680,23,1.4893695,358,4710,N,38.3333333333333,0,195
5765,24,1.55177325,373,4680,N,40,0,195
5874,25,1.61001675,387,5765,N,41.6666666666667,0,195
5871,26,1.77642675,427,5874,N,43.3333333333333,0,195
6131,27,1.78474725,429,5871,N,45,0,195
6252,28,1.98443925,477,6131,N,46.6666666666667,0,195
5726,29,2.146689,516,6252,N,48.3333333333333,0,195
6127,30,2.17581075,523,5726,N,50,0,195
6284,31,2.23405425,537,6127,N,51.6666666666667,0,195
6987,32,1.15238925,277,6284,Y,53.3333333333333,1,195
7620,33,1.181511,284,6987,N,55,1,195
7471,34,1.36040175,327,7620,N,56.6666666666667,1,195
6668,35,1.32711975,319,7471,N,58.3333333333333,1,195
7223,36,1.37704275,331,6668,N,60,1,195
7361,37,1.54345275,371,7223,N,61.6666666666667,1,195
7023,38,1.347921,324,7361,N,63.3333333333333,1,195
6555,39,1.59337575,383,7023,N,65,1,195
7995,40,1.72650375,415,6555,N,66.6666666666667,1,195
7807,41,1.797228,432,7995,N,68.3333333333333,1,195
8597,42,1.8388305,442,7807,N,70,1,195
8836,43,1.76810625,425,8597,N,71.6666666666667,1,195
9021,44,0.9734985,234,8836,Y,73.3333333333333,2,195
8471,45,1.0067805,242,9021,N,75,2,195
8194,46,1.048383,252,8471,N,76.6666666666667,2,195
9267,47,1.01926125,245,8194,N,78.3333333333333,2,195
2713,0,0.9069345,218,NA,N,0,0,196
2588,1,0.96101775,231,2713,N,1.66666666666667,0,196
2784,2,1.0567035,254,2588,N,3.33333333333333,0,196
2809,3,1.12742775,271,2784,N,5,0,196
2567,4,1.048383,252,2809,N,6.66666666666667,0,196
2565,5,1.16070975,279,2567,N,8.33333333333333,0,196
2971,6,1.16487,280,2565,N,10,0,196
2634,7,1.1565495,278,2971,N,11.6666666666667,0,196
3709,8,1.181511,284,2634,N,13.3333333333333,0,196
3373,9,1.17735075,283,3709,N,15,0,196
3297,10,1.26055575,303,3373,N,16.6666666666667,0,196
4043,11,1.26887625,305,3297,N,18.3333333333333,0,196
3129,12,1.24391475,299,4043,N,20,0,196
3821,13,1.264716,304,3129,N,21.6666666666667,0,196
3980,14,1.34376075,323,3821,N,23.3333333333333,0,196
3826,15,1.3895235,334,3980,N,25,0,196
4608,16,1.4394465,346,3826,N,26.6666666666667,0,196
5195,17,1.51017075,363,4608,N,28.3333333333333,0,196
4781,18,1.4228055,342,5195,N,30,0,196
4863,19,1.46856825,353,4781,N,31.6666666666667,0,196
5039,20,1.45192725,349,4863,N,33.3333333333333,0,196
4691,21,1.47688875,355,5039,N,35,0,196
4710,22,1.49352975,359,4691,N,36.6666666666667,0,196
4680,23,1.4893695,358,4710,N,38.3333333333333,0,196
5765,24,1.55177325,373,4680,N,40,0,196
5874,25,1.61001675,387,5765,N,41.6666666666667,0,196
5871,26,1.77642675,427,5874,N,43.3333333333333,0,196
6131,27,1.78474725,429,5871,N,45,0,196
6252,28,1.98443925,477,6131,N,46.6666666666667,0,196
5726,29,2.146689,516,6252,N,48.3333333333333,0,196
6127,30,2.17581075,523,5726,N,50,0,196
6284,31,2.23405425,537,6127,N,51.6666666666667,0,196
6987,32,1.15238925,277,6284,Y,53.3333333333333,1,196
7620,33,1.181511,284,6987,N,55,1,196
7471,34,1.36040175,327,7620,N,56.6666666666667,1,196
6668,35,1.32711975,319,7471,N,58.3333333333333,1,196
7223,36,1.37704275,331,6668,N,60,1,196
7361,37,1.54345275,371,7223,N,61.6666666666667,1,196
7023,38,1.347921,324,7361,N,63.3333333333333,1,196
6555,39,1.59337575,383,7023,N,65,1,196
7995,40,1.72650375,415,6555,N,66.6666666666667,1,196
7807,41,1.797228,432,7995,N,68.3333333333333,1,196
8597,42,1.8388305,442,7807,N,70,1,196
8836,43,1.76810625,425,8597,N,71.6666666666667,1,196
9023,44,0.881973,212,8836,Y,73.3333333333333,2,196
8473,45,0.8403705,202,9023,N,75,2,196
8195,46,1.048383,252,8473,N,76.6666666666667,2,196
9268,47,0.9402165,226,8195,N,78.3333333333333,2,196
9552,48,1.131588,272,9268,N,80,2,196
9732,49,1.01926125,245,9552,N,81.6666666666667,2,196
10258,50,1.0400625,250,9732,N,83.3333333333333,2,196
11543,51,1.065024,256,10258,N,85,2,196
10570,52,1.25223525,301,11543,N,86.6666666666667,2,196
9968,53,1.21063275,291,10570,N,88.3333333333333,2,196
11047,54,1.281357,308,9968,N,90,2,196
11436,55,1.381203,332,11047,N,91.6666666666667,2,196
11735,56,1.42696575,343,11436,N,93.3333333333333,2,196
11707,57,1.514331,364,11735,N,95,2,196
13616,62,1.83467025,441,11707,N,103.333333333333,2,196
13690,63,0.96933825,233,13616,Y,105,3,196
12668,64,1.1232675,270,13690,N,106.666666666667,3,196
12125,65,1.16903025,281,12668,N,108.333333333333,3,196
14027,66,1.1898315,286,12125,N,110,3,196
15150,68,1.24391475,299,14027,N,113.333333333333,3,196
15659,69,1.048383,252,15150,N,115,3,196
2718,0,1.21895325,293,NA,N,0,0,197
2599,1,1.21895325,293,2718,N,1.66666666666667,0,197
2812,2,1.28551725,309,2599,N,3.33333333333333,0,197
2824,3,1.314639,316,2812,N,5,0,197
2581,4,1.41032475,339,2824,N,6.66666666666667,0,197
2578,5,1.447767,348,2581,N,8.33333333333333,0,197
2973,6,1.3895235,334,2578,N,10,0,197
2653,7,1.530972,368,2973,N,11.6666666666667,0,197
3713,8,1.564254,376,2653,N,13.3333333333333,0,197
3376,9,1.5892155,382,3713,N,15,0,197
3301,10,1.66826025,401,3376,N,16.6666666666667,0,197
4045,11,1.697382,408,3301,N,18.3333333333333,0,197
3133,12,1.64329875,395,4045,N,20,0,197
3825,13,1.70154225,409,3133,N,21.6666666666667,0,197
3982,14,1.7389845,418,3825,N,23.3333333333333,0,197
3830,15,1.7057025,410,3982,N,25,0,197
4619,16,1.79306775,431,3830,N,26.6666666666667,0,197
5197,17,1.8887535,454,4619,N,28.3333333333333,0,197
4796,18,1.99692,480,5197,N,30,0,197
4875,19,2.0884455,502,4796,N,31.6666666666667,0,197
5042,20,2.00108025,481,4875,N,33.3333333333333,0,197
4703,21,0.92773575,223,5042,Y,35,1,197
4724,22,1.02758175,247,4703,N,36.6666666666667,1,197
4696,23,1.05254325,253,4724,N,38.3333333333333,1,197
5782,24,1.21063275,291,4696,N,40,1,197
5892,25,1.25223525,301,5782,N,41.6666666666667,1,197
5882,26,1.06086375,255,5892,N,43.3333333333333,1,197
6141,27,1.09414575,263,5882,N,45,1,197
6255,28,1.1898315,286,6141,N,46.6666666666667,1,197
5737,29,1.2231135,294,6255,N,48.3333333333333,1,197
6136,30,1.297998,312,5737,N,50,1,197
6993,32,1.4893695,358,6136,N,53.3333333333333,1,197
7622,33,1.381203,332,6993,N,55,1,197
7475,34,1.431126,344,7622,N,56.6666666666667,1,197
6670,35,1.5226515,366,7475,N,58.3333333333333,1,197
7227,36,1.56009375,375,6670,N,60,1,197
7364,37,1.580895,380,7227,N,61.6666666666667,1,197
7031,38,1.56009375,375,7364,N,63.3333333333333,1,197
7998,40,1.74314475,419,7031,N,66.6666666666667,1,197
7810,41,1.697382,408,7998,N,68.3333333333333,1,197
8840,43,1.414485,340,7810,N,71.6666666666667,1,197
9008,45,1.547613,372,8840,N,75,1,197
8222,46,1.85131125,445,9008,N,76.6666666666667,1,197
9297,47,2.1050865,506,8222,N,78.3333333333333,1,197
9582,48,2.113407,508,9297,N,80,1,197
9757,49,2.23405425,537,9582,N,81.6666666666667,1,197
10315,50,2.9038545,698,9757,N,83.3333333333333,1,197
10651,52,2.8539315,686,10315,N,86.6666666666667,1,197
9832,53,1.547613,372,10651,Y,88.3333333333333,2,197
10898,54,1.547613,372,9832,N,90,2,197
10951,55,1.5892155,382,10898,N,91.6666666666667,2,197
11502,56,1.897074,456,10951,N,93.3333333333333,2,197
11329,57,2.096766,504,11502,N,95,2,197
11955,58,2.60847675,627,11329,N,96.6666666666667,2,197
13121,59,2.77488675,667,11955,N,98.3333333333333,2,197
12530,60,1.1565495,278,13121,Y,100,3,197
13427,61,1.25223525,301,12530,N,101.666666666667,3,197
14003,62,1.49769,360,13427,N,103.333333333333,3,197
13855,63,1.60169625,385,14003,N,105,3,197
12834,64,1.91787525,461,13855,N,106.666666666667,3,197
12246,65,1.91787525,461,12834,N,108.333333333333,3,197
14329,66,0.90277425,217,12246,Y,110,4,197
14696,67,1.048383,252,14329,N,111.666666666667,4,197
15564,68,1.214793,292,14696,N,113.333333333333,4,197
15249,69,1.11910725,269,15564,N,115,4,197
15326,70,1.231434,296,15249,N,116.666666666667,4,197
2208,0,0.931896,224,NA,N,0,0,198
2193,1,0.95269725,229,2208,N,1.66666666666667,0,198
2201,2,0.948537,228,2193,N,3.33333333333333,0,198
2252,3,0.98597925,237,2201,N,5,0,198
2176,4,1.065024,256,2252,N,6.66666666666667,0,198
2191,5,1.15238925,277,2176,N,8.33333333333333,0,198
2431,6,1.098306,264,2191,N,10,0,198
2222,7,1.20231225,289,2431,N,11.6666666666667,0,198
3507,8,1.2730365,306,2222,N,13.3333333333333,0,198
3244,9,1.34376075,323,3507,N,15,0,198
3147,10,1.31047875,315,3244,N,16.6666666666667,0,198
3609,11,1.48520925,357,3147,N,18.3333333333333,0,198
3037,12,1.447767,348,3609,N,20,0,198
3523,13,1.5892155,382,3037,N,21.6666666666667,0,198
3872,14,1.57673475,379,3523,N,23.3333333333333,0,198
3522,15,1.547613,372,3872,N,25,0,198
4145,16,1.697382,408,3522,N,26.6666666666667,0,198
5113,17,1.747305,420,4145,N,28.3333333333333,0,198
4205,18,1.78474725,429,5113,N,30,0,198
4439,19,1.99692,480,4205,N,31.6666666666667,0,198
4644,20,2.0551635,494,4439,N,33.3333333333333,0,198
4250,21,2.096766,504,4644,N,35,0,198
4225,22,2.32974,560,4250,N,36.6666666666667,0,198
4319,23,2.32974,560,4225,N,38.3333333333333,0,198
5309,24,2.429586,584,4319,N,40,0,198
5475,25,2.512791,604,5309,N,41.6666666666667,0,198
5522,26,1.114947,268,5475,Y,43.3333333333333,1,198
5741,27,1.2397545,298,5522,N,45,1,198
6121,28,1.34376075,323,5741,N,46.6666666666667,1,198
5306,29,1.3728825,330,6121,N,48.3333333333333,1,198
5709,30,1.32711975,319,5306,N,50,1,198
5583,31,1.32711975,319,5709,N,51.6666666666667,1,198
6782,32,1.3229595,318,5583,N,53.3333333333333,1,198
7528,33,1.40200425,337,6782,N,55,1,198
6848,34,1.347921,324,7528,N,56.6666666666667,1,198
6529,35,1.3229595,318,6848,N,58.3333333333333,1,198
7060,36,1.31879925,317,6529,N,60,1,198
6450,39,1.2231135,294,7060,N,65,1,198
7920,40,1.3895235,334,6450,N,66.6666666666667,1,198
7731,41,1.41032475,339,7920,N,68.3333333333333,1,198
8479,42,1.25223525,301,7731,N,70,1,198
8714,43,1.59337575,383,8479,N,71.6666666666667,1,198
8852,44,1.614177,388,8714,N,73.3333333333333,1,198
8318,45,1.6557795,398,8852,N,75,1,198
8096,46,1.5725745,378,8318,N,76.6666666666667,1,198
9168,47,1.64329875,395,8096,N,78.3333333333333,1,198
9444,48,1.580895,380,9168,N,80,1,198
9629,49,1.68490125,405,9444,N,81.6666666666667,1,198
10103,50,1.66826025,401,9629,N,83.3333333333333,1,198
10886,51,1.697382,408,10103,N,85,1,198
10418,52,1.797228,432,10886,N,86.6666666666667,1,198
9861,53,1.9885995,478,10418,N,88.3333333333333,1,198
10921,54,2.15084925,517,9861,N,90,1,198
10972,55,2.2382145,538,10921,N,91.6666666666667,1,198
11554,56,2.45038725,589,10972,N,93.3333333333333,1,198
11396,57,2.479509,596,11554,N,95,1,198
11965,58,2.146689,516,11396,N,96.6666666666667,1,198
13138,59,1.27719675,307,11965,Y,98.3333333333333,2,198
2208,0,0.931896,224,NA,N,0,0,199
2193,1,0.95269725,229,2208,N,1.66666666666667,0,199
2201,2,0.948537,228,2193,N,3.33333333333333,0,199
2252,3,0.98597925,237,2201,N,5,0,199
2176,4,1.065024,256,2252,N,6.66666666666667,0,199
2191,5,1.15238925,277,2176,N,8.33333333333333,0,199
2431,6,1.098306,264,2191,N,10,0,199
2222,7,1.20231225,289,2431,N,11.6666666666667,0,199
3507,8,1.2730365,306,2222,N,13.3333333333333,0,199
3244,9,1.34376075,323,3507,N,15,0,199
3147,10,1.31047875,315,3244,N,16.6666666666667,0,199
3609,11,1.48520925,357,3147,N,18.3333333333333,0,199
3037,12,1.447767,348,3609,N,20,0,199
3523,13,1.5892155,382,3037,N,21.6666666666667,0,199
3872,14,1.57673475,379,3523,N,23.3333333333333,0,199
3522,15,1.547613,372,3872,N,25,0,199
4145,16,1.697382,408,3522,N,26.6666666666667,0,199
5113,17,1.747305,420,4145,N,28.3333333333333,0,199
4205,18,1.78474725,429,5113,N,30,0,199
4439,19,1.99692,480,4205,N,31.6666666666667,0,199
4644,20,2.0551635,494,4439,N,33.3333333333333,0,199
4250,21,2.096766,504,4644,N,35,0,199
4225,22,2.32974,560,4250,N,36.6666666666667,0,199
4319,23,2.32974,560,4225,N,38.3333333333333,0,199
5309,24,2.429586,584,4319,N,40,0,199
5475,25,2.512791,604,5309,N,41.6666666666667,0,199
5522,26,1.114947,268,5475,Y,43.3333333333333,1,199
5741,27,1.2397545,298,5522,N,45,1,199
6121,28,1.34376075,323,5741,N,46.6666666666667,1,199
5306,29,1.3728825,330,6121,N,48.3333333333333,1,199
5709,30,1.32711975,319,5306,N,50,1,199
5583,31,1.32711975,319,5709,N,51.6666666666667,1,199
6782,32,1.3229595,318,5583,N,53.3333333333333,1,199
7528,33,1.40200425,337,6782,N,55,1,199
6848,34,1.347921,324,7528,N,56.6666666666667,1,199
6529,35,1.3229595,318,6848,N,58.3333333333333,1,199
7060,36,1.31879925,317,6529,N,60,1,199
6450,39,1.2231135,294,7060,N,65,1,199
7920,40,1.3895235,334,6450,N,66.6666666666667,1,199
7731,41,1.41032475,339,7920,N,68.3333333333333,1,199
8479,42,1.25223525,301,7731,N,70,1,199
8714,43,1.59337575,383,8479,N,71.6666666666667,1,199
8852,44,1.614177,388,8714,N,73.3333333333333,1,199
8318,45,1.6557795,398,8852,N,75,1,199
8096,46,1.5725745,378,8318,N,76.6666666666667,1,199
9168,47,1.64329875,395,8096,N,78.3333333333333,1,199
9444,48,1.580895,380,9168,N,80,1,199
9629,49,1.68490125,405,9444,N,81.6666666666667,1,199
10103,50,1.66826025,401,9629,N,83.3333333333333,1,199
10886,51,1.697382,408,10103,N,85,1,199
10418,52,1.797228,432,10886,N,86.6666666666667,1,199
9861,53,1.9885995,478,10418,N,88.3333333333333,1,199
10921,54,2.15084925,517,9861,N,90,1,199
10972,55,2.2382145,538,10921,N,91.6666666666667,1,199
11554,56,2.45038725,589,10972,N,93.3333333333333,1,199
11396,57,2.479509,596,11554,N,95,1,199
11965,58,2.146689,516,11396,N,96.6666666666667,1,199
13137,59,0.8902935,214,11965,Y,98.3333333333333,2,199
12544,60,1.28551725,309,13137,N,100,2,199
13440,61,1.50185025,361,12544,N,101.666666666667,2,199
14049,62,1.53513225,369,13440,N,103.333333333333,2,199
13884,63,1.564254,376,14049,N,105,2,199
12852,64,1.697382,408,13884,N,106.666666666667,2,199
12265,65,1.6557795,398,12852,N,108.333333333333,2,199
14363,66,1.5725745,378,12265,N,110,2,199
15625,68,1.02758175,247,14363,Y,113.333333333333,3,199
15311,69,0.96933825,233,15625,N,115,3,199
15389,70,1.264716,304,15311,N,116.666666666667,3,199
2208,0,0.931896,224,NA,N,0,0,200
2193,1,0.95269725,229,2208,N,1.66666666666667,0,200
2201,2,0.948537,228,2193,N,3.33333333333333,0,200
2252,3,0.98597925,237,2201,N,5,0,200
2176,4,1.065024,256,2252,N,6.66666666666667,0,200
2191,5,1.15238925,277,2176,N,8.33333333333333,0,200
2431,6,1.098306,264,2191,N,10,0,200
2222,7,1.20231225,289,2431,N,11.6666666666667,0,200
3507,8,1.2730365,306,2222,N,13.3333333333333,0,200
3244,9,1.34376075,323,3507,N,15,0,200
3147,10,1.31047875,315,3244,N,16.6666666666667,0,200
3609,11,1.48520925,357,3147,N,18.3333333333333,0,200
3037,12,1.447767,348,3609,N,20,0,200
3523,13,1.5892155,382,3037,N,21.6666666666667,0,200
3872,14,1.57673475,379,3523,N,23.3333333333333,0,200
3522,15,1.547613,372,3872,N,25,0,200
4145,16,1.697382,408,3522,N,26.6666666666667,0,200
5113,17,1.747305,420,4145,N,28.3333333333333,0,200
4205,18,1.78474725,429,5113,N,30,0,200
4439,19,1.99692,480,4205,N,31.6666666666667,0,200
4644,20,2.0551635,494,4439,N,33.3333333333333,0,200
4250,21,2.096766,504,4644,N,35,0,200
4225,22,2.32974,560,4250,N,36.6666666666667,0,200
4319,23,2.32974,560,4225,N,38.3333333333333,0,200
5309,24,2.429586,584,4319,N,40,0,200
5475,25,2.512791,604,5309,N,41.6666666666667,0,200
5516,26,1.26887625,305,5475,Y,43.3333333333333,1,200
5736,27,1.30215825,313,5516,N,45,1,200
6116,28,1.31879925,317,5736,N,46.6666666666667,1,200
5304,29,1.364562,328,6116,N,48.3333333333333,1,200
5704,30,1.447767,348,5304,N,50,1,200
5580,31,1.35208125,325,5704,N,51.6666666666667,1,200
6779,32,1.4893695,358,5580,N,53.3333333333333,1,200
7526,33,1.52681175,367,6779,N,55,1,200
6846,34,1.66826025,401,7526,N,56.6666666666667,1,200
6527,35,1.6890615,406,6846,N,58.3333333333333,1,200
7058,36,1.85131125,445,6527,N,60,1,200
7290,37,2.11756725,509,7058,N,61.6666666666667,1,200
6857,38,2.5543935,614,7290,N,63.3333333333333,1,200
6449,39,2.130048,512,6857,N,65,1,200
7919,40,1.05254325,253,6449,Y,66.6666666666667,2,200
7730,41,0.96101775,231,7919,N,68.3333333333333,2,200
8476,42,1.05254325,253,7730,N,70,2,200
8713,43,1.00262025,241,8476,N,71.6666666666667,2,200
8850,44,1.181511,284,8713,N,73.3333333333333,2,200
8317,45,1.18567125,285,8850,N,75,2,200
8095,46,1.35208125,325,8317,N,76.6666666666667,2,200
9167,47,1.44360675,347,8095,N,78.3333333333333,2,200
9443,48,1.5060105,362,9167,N,80,2,200
9628,49,1.65161925,397,9443,N,81.6666666666667,2,200
10102,50,1.59337575,383,9628,N,83.3333333333333,2,200
10883,51,1.71818325,413,10102,N,85,2,200
10416,52,1.69322175,407,10883,N,86.6666666666667,2,200
9860,53,1.63497825,393,10416,N,88.3333333333333,2,200
10917,54,0.9235755,222,9860,Y,90,3,200
10969,55,1.0067805,242,10917,N,91.6666666666667,3,200
11545,56,1.07750475,259,10969,N,93.3333333333333,3,200
11388,57,1.048383,252,11545,N,95,3,200
2208,0,0.931896,224,NA,N,0,0,201
2193,1,0.95269725,229,2208,N,1.66666666666667,0,201
2201,2,0.948537,228,2193,N,3.33333333333333,0,201
2252,3,0.98597925,237,2201,N,5,0,201
2176,4,1.065024,256,2252,N,6.66666666666667,0,201
2191,5,1.15238925,277,2176,N,8.33333333333333,0,201
2431,6,1.098306,264,2191,N,10,0,201
2222,7,1.20231225,289,2431,N,11.6666666666667,0,201
3507,8,1.2730365,306,2222,N,13.3333333333333,0,201
3244,9,1.34376075,323,3507,N,15,0,201
3147,10,1.31047875,315,3244,N,16.6666666666667,0,201
3609,11,1.48520925,357,3147,N,18.3333333333333,0,201
3037,12,1.447767,348,3609,N,20,0,201
3523,13,1.5892155,382,3037,N,21.6666666666667,0,201
3872,14,1.57673475,379,3523,N,23.3333333333333,0,201
3522,15,1.547613,372,3872,N,25,0,201
4145,16,1.697382,408,3522,N,26.6666666666667,0,201
5113,17,1.747305,420,4145,N,28.3333333333333,0,201
4205,18,1.78474725,429,5113,N,30,0,201
4439,19,1.99692,480,4205,N,31.6666666666667,0,201
4644,20,2.0551635,494,4439,N,33.3333333333333,0,201
4250,21,2.096766,504,4644,N,35,0,201
4225,22,2.32974,560,4250,N,36.6666666666667,0,201
4319,23,2.32974,560,4225,N,38.3333333333333,0,201
5309,24,2.429586,584,4319,N,40,0,201
5475,25,2.512791,604,5309,N,41.6666666666667,0,201
5516,26,1.26887625,305,5475,Y,43.3333333333333,1,201
5736,27,1.30215825,313,5516,N,45,1,201
6116,28,1.31879925,317,5736,N,46.6666666666667,1,201
5304,29,1.364562,328,6116,N,48.3333333333333,1,201
5704,30,1.447767,348,5304,N,50,1,201
5580,31,1.35208125,325,5704,N,51.6666666666667,1,201
6779,32,1.4893695,358,5580,N,53.3333333333333,1,201
7526,33,1.52681175,367,6779,N,55,1,201
6846,34,1.66826025,401,7526,N,56.6666666666667,1,201
6527,35,1.6890615,406,6846,N,58.3333333333333,1,201
7058,36,1.85131125,445,6527,N,60,1,201
7290,37,2.11756725,509,7058,N,61.6666666666667,1,201
6857,38,2.5543935,614,7290,N,63.3333333333333,1,201
6449,39,2.130048,512,6857,N,65,1,201
7919,40,1.05254325,253,6449,Y,66.6666666666667,2,201
7730,41,0.96101775,231,7919,N,68.3333333333333,2,201
8476,42,1.05254325,253,7730,N,70,2,201
8713,43,1.00262025,241,8476,N,71.6666666666667,2,201
8850,44,1.181511,284,8713,N,73.3333333333333,2,201
8317,45,1.18567125,285,8850,N,75,2,201
8095,46,1.35208125,325,8317,N,76.6666666666667,2,201
9167,47,1.44360675,347,8095,N,78.3333333333333,2,201
9443,48,1.5060105,362,9167,N,80,2,201
9628,49,1.65161925,397,9443,N,81.6666666666667,2,201
10102,50,1.59337575,383,9628,N,83.3333333333333,2,201
10883,51,1.71818325,413,10102,N,85,2,201
10416,52,1.69322175,407,10883,N,86.6666666666667,2,201
9860,53,1.63497825,393,10416,N,88.3333333333333,2,201
10919,54,0.8070885,194,9860,Y,90,3,201
10970,55,0.74468475,179,10919,N,91.6666666666667,3,201
11547,56,0.83621025,201,10970,N,93.3333333333333,3,201
11392,57,0.9402165,226,11547,N,95,3,201
11964,58,1.33128,320,11392,N,96.6666666666667,3,201
13136,59,1.26887625,305,11964,N,98.3333333333333,3,201
12543,60,1.3895235,334,13136,N,100,3,201
13439,61,1.65161925,397,12543,N,101.666666666667,3,201
14047,62,1.5892155,382,13439,N,103.333333333333,3,201
13882,63,1.763946,424,14047,N,105,3,201
12851,64,1.8721125,450,13882,N,106.666666666667,3,201
12264,65,1.5226515,366,12851,N,108.333333333333,3,201
14713,67,0.798768,192,12264,Y,111.666666666667,4,201
15620,68,0.9235755,222,14713,N,113.333333333333,4,201
15306,69,1.01094075,243,15620,N,115,4,201
15383,70,1.0733445,258,15306,N,116.666666666667,4,201
2721,0,0.682281,164,NA,N,0,0,202
2616,1,0.75300525,181,2721,N,1.66666666666667,0,202
2829,2,0.7738065,186,2616,N,3.33333333333333,0,202
2845,3,0.8570115,206,2829,N,5,0,202
2601,4,0.92773575,223,2845,N,6.66666666666667,0,202
2602,5,0.9734985,234,2601,N,8.33333333333333,0,202
2979,6,1.048383,252,2602,N,10,0,202
2666,7,0.96101775,231,2979,N,11.6666666666667,0,202
3721,8,1.0067805,242,2666,N,13.3333333333333,0,202
3382,9,0.96933825,233,3721,N,15,0,202
3309,10,1.09414575,263,3382,N,16.6666666666667,0,202
4050,11,1.015101,244,3309,N,18.3333333333333,0,202
3145,12,1.048383,252,4050,N,20,0,202
3836,13,1.0733445,258,3145,N,21.6666666666667,0,202
3986,14,1.198152,288,3836,N,23.3333333333333,0,202
3846,15,1.26887625,305,3986,N,25,0,202
4679,16,1.29383775,311,3846,N,26.6666666666667,0,202
5202,17,1.4228055,342,4679,N,28.3333333333333,0,202
4818,18,1.381203,332,5202,N,30,0,202
4893,19,1.4394465,346,4818,N,31.6666666666667,0,202
5046,20,1.4061645,338,4893,N,33.3333333333333,0,202
4723,21,1.464408,352,5046,N,35,0,202
4744,22,1.53513225,369,4723,N,36.6666666666667,0,202
4727,23,1.56009375,375,4744,N,38.3333333333333,0,202
5808,24,1.62665775,391,4727,N,40,0,202
5922,25,1.8055485,434,5808,N,41.6666666666667,0,202
5911,26,1.847151,444,5922,N,43.3333333333333,0,202
6164,27,1.9719585,474,5911,N,45,0,202
6266,28,2.00940075,483,6164,N,46.6666666666667,0,202
5768,29,2.179971,524,6266,N,48.3333333333333,0,202
6156,30,2.22573375,535,5768,N,50,0,202
6298,31,1.1399085,274,6156,Y,51.6666666666667,1,202
7005,32,1.25223525,301,6298,N,53.3333333333333,1,202
7628,33,1.20231225,289,7005,N,55,1,202
7485,34,1.35208125,325,7628,N,56.6666666666667,1,202
6675,35,1.4061645,338,7485,N,58.3333333333333,1,202
7232,36,1.41032475,339,6675,N,60,1,202
7369,37,1.564254,376,7232,N,61.6666666666667,1,202
7046,38,1.49352975,359,7369,N,63.3333333333333,1,202
6562,39,1.61001675,387,7046,N,65,1,202
8004,40,1.6641,400,6562,N,66.6666666666667,1,202
7817,41,1.80970875,435,8004,N,68.3333333333333,1,202
8607,42,1.91787525,461,7817,N,70,1,202
8848,43,1.9053945,458,8607,N,71.6666666666667,1,202
9042,44,2.013561,484,8848,N,73.3333333333333,1,202
8952,45,2.14252875,515,9042,N,75,1,202
8207,46,2.55023325,613,8952,N,76.6666666666667,1,202
9280,47,2.6542395,638,8207,N,78.3333333333333,1,202
9565,48,1.397844,336,9280,Y,80,2,202
9744,49,1.63497825,393,9565,N,81.6666666666667,2,202
10284,50,1.75146525,421,9744,N,83.3333333333333,2,202
10773,51,1.77642675,427,10284,N,85,2,202
10297,52,1.75978575,423,10773,N,86.6666666666667,2,202
9981,53,1.83051,440,10297,N,88.3333333333333,2,202
10634,54,2.0218815,486,9981,N,90,2,202
10827,55,2.1383685,514,10634,N,91.6666666666667,2,202
11293,56,2.21741325,533,10827,N,93.3333333333333,2,202
11209,57,1.0400625,250,11293,Y,95,3,202
13366,61,1.36872225,329,11209,N,101.666666666667,3,202
13832,62,1.60169625,385,13366,N,103.333333333333,3,202
13752,63,1.6724205,402,13832,N,105,3,202
12776,64,1.77642675,427,13752,N,106.666666666667,3,202
12191,65,1.9220355,462,12776,N,108.333333333333,3,202
14194,66,2.0052405,482,12191,N,110,3,202
14645,67,1.930356,464,14194,N,111.666666666667,3,202
15391,68,0.98597925,237,14645,Y,113.333333333333,4,202
2732,0,1.1898315,286,NA,N,0,0,203
2635,1,1.21895325,293,2732,N,1.66666666666667,0,203
2842,2,1.28551725,309,2635,N,3.33333333333333,0,203
2856,3,1.36872225,329,2842,N,5,0,203
2610,4,1.297998,312,2856,N,6.66666666666667,0,203
2614,5,1.41032475,339,2610,N,8.33333333333333,0,203
2981,6,1.46024775,351,2614,N,10,0,203
2673,7,1.51849125,365,2981,N,11.6666666666667,0,203
3725,8,1.597536,384,2673,N,13.3333333333333,0,203
3384,9,1.51017075,363,3725,N,15,0,203
3313,10,1.6724205,402,3384,N,16.6666666666667,0,203
4052,11,1.39368375,335,3313,N,18.3333333333333,0,203
3148,12,1.52681175,367,4052,N,20,0,203
3842,13,1.51017075,363,3148,N,21.6666666666667,0,203
3988,14,1.4228055,342,3842,N,23.3333333333333,0,203
3852,15,1.6224975,390,3988,N,25,0,203
4690,16,1.57673475,379,3852,N,26.6666666666667,0,203
5204,17,1.5392925,370,4690,N,28.3333333333333,0,203
4830,18,1.5892155,382,5204,N,30,0,203
4904,19,1.63497825,393,4830,N,31.6666666666667,0,203
5048,20,1.6224975,390,4904,N,33.3333333333333,0,203
4735,21,1.67658075,403,5048,N,35,0,203
4757,22,1.78474725,429,4735,N,36.6666666666667,0,203
4741,23,1.76810625,425,4757,N,38.3333333333333,0,203
5825,24,1.7556255,422,4741,N,40,0,203
5937,25,1.79306775,431,5825,N,41.6666666666667,0,203
5924,26,2.16749025,521,5937,N,43.3333333333333,0,203
6165,27,2.0718045,498,5924,N,45,0,203
6268,28,2.32557975,559,6165,N,46.6666666666667,0,203
5778,29,2.379663,572,6268,N,48.3333333333333,0,203
6163,30,2.612637,628,5778,N,50,0,203
6301,31,2.50863075,603,6163,N,51.6666666666667,0,203
7008,32,2.68336125,645,6301,N,53.3333333333333,0,203
7630,33,1.35208125,325,7008,Y,55,1,203
7487,34,1.514331,364,7630,N,56.6666666666667,1,203
6676,35,1.5892155,382,7487,N,58.3333333333333,1,203
7233,36,1.5892155,382,6676,N,60,1,203
7370,37,1.62665775,391,7233,N,61.6666666666667,1,203
7048,38,1.69322175,407,7370,N,63.3333333333333,1,203
6563,39,1.697382,408,7048,N,65,1,203
8005,40,1.880433,452,6563,N,66.6666666666667,1,203
7818,41,1.89291375,455,8005,N,68.3333333333333,1,203
8608,42,1.930356,464,7818,N,70,1,203
8849,43,2.10092625,505,8608,N,71.6666666666667,1,203
9044,44,2.19245175,527,8849,N,73.3333333333333,1,203
8955,45,2.30893875,555,9044,N,75,1,203
8208,46,2.279817,548,8955,N,76.6666666666667,1,203
9281,47,2.36718225,569,8208,N,78.3333333333333,1,203
9567,48,1.3229595,318,9281,Y,80,2,203
9746,49,1.41032475,339,9567,N,81.6666666666667,2,203
10285,50,1.49352975,359,9746,N,83.3333333333333,2,203
11573,51,1.3728825,330,10285,N,85,2,203
10599,52,1.4394465,346,11573,N,86.6666666666667,2,203
9982,53,1.48520925,357,10599,N,88.3333333333333,2,203
11070,54,1.56841425,377,9982,N,90,2,203
11466,55,1.6724205,402,11070,N,91.6666666666667,2,203
11750,56,1.780587,428,11466,N,93.3333333333333,2,203
11745,57,1.847151,444,11750,N,95,2,203
12046,58,2.179971,524,11745,N,96.6666666666667,2,203
13225,59,2.08428525,501,12046,N,98.3333333333333,2,203
12688,60,2.25069525,541,13225,N,100,2,203
13533,61,2.36718225,569,12688,N,101.666666666667,2,203
14342,62,1.11078675,267,13533,Y,103.333333333333,3,203
14178,63,1.198152,288,14342,N,105,3,203
13037,64,1.131588,272,14178,N,106.666666666667,3,203
2225,0,1.45192725,349,NA,N,0,0,204
2223,1,1.4228055,342,2225,N,1.66666666666667,0,204
2214,2,1.564254,376,2223,N,3.33333333333333,0,204
2274,3,1.66826025,401,2214,N,5,0,204
2212,4,1.70154225,409,2274,N,6.66666666666667,0,204
2276,5,1.7556255,422,2212,N,8.33333333333333,0,204
2478,6,1.7556255,422,2276,N,10,0,204
2254,7,1.847151,444,2478,N,11.6666666666667,0,204
3524,8,1.93451625,465,2254,N,13.3333333333333,0,204
3256,9,2.00940075,483,3524,N,15,0,204
3157,10,1.95115725,469,3256,N,16.6666666666667,0,204
3630,11,2.0884455,502,3157,N,18.3333333333333,0,204
3043,12,1.99692,480,3630,N,20,0,204
3545,13,2.0718045,498,3043,N,21.6666666666667,0,204
3889,14,2.0551635,494,3545,N,23.3333333333333,0,204
3688,15,2.213253,532,3889,N,25,0,204
4175,16,2.29229775,551,3688,N,26.6666666666667,0,204
5120,17,2.279817,548,4175,N,28.3333333333333,0,204
4271,18,1.31879925,317,5120,Y,30,1,204
4471,19,1.32711975,319,4271,N,31.6666666666667,1,204
4943,20,1.35208125,325,4471,N,33.3333333333333,1,204
4320,21,1.397844,336,4943,N,35,1,204
4237,22,1.42696575,343,4320,N,36.6666666666667,1,204
4328,23,1.48520925,357,4237,N,38.3333333333333,1,204
5440,24,1.56009375,375,4328,N,40,1,204
5500,25,1.564254,376,5440,N,41.6666666666667,1,204
5535,26,1.60169625,385,5500,N,43.3333333333333,1,204
5759,27,1.5892155,382,5535,N,45,1,204
6138,28,1.65993975,399,5759,N,46.6666666666667,1,204
5310,29,1.697382,408,6138,N,48.3333333333333,1,204
5728,30,1.80970875,435,5310,N,50,1,204
5608,31,1.70986275,411,5728,N,51.6666666666667,1,204
6795,32,1.87627275,451,5608,N,53.3333333333333,1,204
7539,33,1.85963175,447,6795,N,55,1,204
6856,34,1.94283675,467,7539,N,56.6666666666667,1,204
6602,35,2.1716505,522,6856,N,58.3333333333333,1,204
7080,36,2.31725925,557,6602,N,60,1,204
7295,37,2.37550275,571,7080,N,61.6666666666667,1,204
6867,38,2.5211115,606,7295,N,63.3333333333333,1,204
6456,39,2.5876755,622,6867,N,65,1,204
7928,40,2.60847675,627,6456,N,66.6666666666667,1,204
7738,41,2.88305325,693,7928,N,68.3333333333333,1,204
8500,42,2.962098,712,7738,N,70,1,204
8721,43,1.29383775,311,8500,Y,71.6666666666667,2,204
8871,44,1.34376075,323,8721,N,73.3333333333333,2,204
8329,45,1.6058565,386,8871,N,75,2,204
8103,46,1.530972,368,8329,N,76.6666666666667,2,204
9175,47,1.72650375,415,8103,N,78.3333333333333,2,204
9452,48,1.83467025,441,9175,N,80,2,204
9640,49,1.90955475,459,9452,N,81.6666666666667,2,204
10114,50,1.96779825,473,9640,N,83.3333333333333,2,204
11320,51,2.0718045,498,10114,N,85,2,204
10439,52,2.29229775,551,11320,N,86.6666666666667,2,204
9872,53,2.645919,636,10439,N,88.3333333333333,2,204
10942,54,2.4212655,582,9872,N,90,2,204
10991,55,1.33128,320,10942,Y,91.6666666666667,3,204
11598,56,1.347921,324,10991,N,93.3333333333333,3,204
11456,57,1.347921,324,11598,N,95,3,204
11977,58,1.5725745,378,11456,N,96.6666666666667,3,204
13149,59,1.75978575,423,11977,N,98.3333333333333,3,204
12553,60,1.93451625,465,13149,N,100,3,204
13452,61,1.80138825,433,12553,N,101.666666666667,3,204
14091,62,2.37550275,571,13452,N,103.333333333333,3,204
13914,63,2.1882915,526,14091,N,105,3,204
12864,64,2.55855375,615,13914,N,106.666666666667,3,204
12278,65,1.297998,312,12864,Y,108.333333333333,4,204
2483,0,0.8736525,210,NA,N,0,0,205
2345,1,0.915255,220,2483,N,1.66666666666667,0,205
2389,2,0.94437675,227,2345,N,3.33333333333333,0,205
2641,3,0.965178,232,2389,N,5,0,205
2405,4,0.99846,240,2641,N,6.66666666666667,0,205
2338,5,1.05254325,253,2405,N,8.33333333333333,0,205
2896,6,1.07750475,259,2338,N,10,0,205
2413,7,1.09414575,263,2896,N,11.6666666666667,0,205
3592,8,1.11078675,267,2413,N,13.3333333333333,0,205
3308,9,1.114947,268,3592,N,15,0,205
3231,10,1.231434,296,3308,N,16.6666666666667,0,205
3697,11,1.12742775,271,3231,N,18.3333333333333,0,205
3069,12,1.16070975,279,3697,N,20,0,205
3607,13,1.17735075,283,3069,N,21.6666666666667,0,205
3945,14,1.16903025,281,3607,N,23.3333333333333,0,205
3766,15,1.28551725,309,3945,N,25,0,205
4339,16,1.26055575,303,3766,N,26.6666666666667,0,205
5149,17,1.248075,300,4339,N,28.3333333333333,0,205
4413,18,1.281357,308,5149,N,30,0,205
4655,19,1.397844,336,4413,N,31.6666666666667,0,205
5001,20,1.31879925,317,4655,N,33.3333333333333,0,205
4434,21,1.44360675,347,5001,N,35,0,205
4432,22,1.4560875,350,4434,N,36.6666666666667,0,205
4457,23,1.70986275,411,4432,N,38.3333333333333,0,205
5585,24,1.71818325,413,4457,N,40,0,205
5646,25,1.81802925,437,5585,N,41.6666666666667,0,205
5662,26,1.89291375,455,5646,N,43.3333333333333,0,205
5944,27,1.88459325,453,5662,N,45,0,205
6216,28,2.113407,508,5944,N,46.6666666666667,0,205
5238,29,0.98597925,237,6216,Y,48.3333333333333,1,205
5322,30,1.081665,260,5238,N,50,1,205
5361,31,1.065024,256,5322,N,51.6666666666667,1,205
6715,32,0.95269725,229,5361,N,53.3333333333333,1,205
7433,33,0.97765875,235,6715,N,55,1,205
6744,34,1.1898315,286,7433,N,56.6666666666667,1,205
6405,35,1.10246625,265,6744,N,58.3333333333333,1,205
6949,36,1.148229,276,6405,N,60,1,205
7242,37,1.098306,264,6949,N,61.6666666666667,1,205
6733,38,1.33128,320,7242,N,63.3333333333333,1,205
6401,39,1.364562,328,6733,N,65,1,205
7870,40,1.39368375,335,6401,N,66.6666666666667,1,205
7681,41,1.37704275,331,7870,N,68.3333333333333,1,205
8394,42,1.381203,332,7681,N,70,1,205
8663,43,1.49352975,359,8394,N,71.6666666666667,1,205
8489,44,1.49769,360,8663,N,73.3333333333333,1,205
8266,45,1.59337575,383,8489,N,75,1,205
8049,46,1.730664,416,8266,N,76.6666666666667,1,205
9117,47,1.6058565,386,8049,N,78.3333333333333,1,205
9391,48,2.00940075,483,9117,N,80,1,205
9342,49,1.9053945,458,9391,N,81.6666666666667,1,205
10055,50,1.09414575,263,9342,Y,83.3333333333333,2,205
10831,51,1.26887625,305,10055,N,85,2,205
10367,52,1.28551725,309,10831,N,86.6666666666667,2,205
9805,53,1.26887625,305,10367,N,88.3333333333333,2,205
10841,54,1.26055575,303,9805,N,90,2,205
10915,55,1.431126,344,10841,N,91.6666666666667,2,205
11434,56,1.5060105,362,10915,N,93.3333333333333,2,205
11270,57,1.4061645,338,11434,N,95,2,205
11935,58,1.3063185,314,11270,N,96.6666666666667,2,205
13093,59,1.44360675,347,11935,N,98.3333333333333,2,205
12516,60,1.763946,424,13093,N,100,2,205
13406,61,2.10092625,505,12516,N,101.666666666667,2,205
13926,62,2.01772125,485,13406,N,103.333333333333,2,205
13812,63,2.05100325,493,13926,N,105,2,205
16086,64,NA,-1,13812,Y,106.666666666667,3,205
2483,0,0.8736525,210,NA,N,0,0,206
2345,1,0.915255,220,2483,N,1.66666666666667,0,206
2389,2,0.94437675,227,2345,N,3.33333333333333,0,206
2641,3,0.965178,232,2389,N,5,0,206
2405,4,0.99846,240,2641,N,6.66666666666667,0,206
2338,5,1.05254325,253,2405,N,8.33333333333333,0,206
2896,6,1.07750475,259,2338,N,10,0,206
2413,7,1.09414575,263,2896,N,11.6666666666667,0,206
3592,8,1.11078675,267,2413,N,13.3333333333333,0,206
3308,9,1.114947,268,3592,N,15,0,206
3231,10,1.231434,296,3308,N,16.6666666666667,0,206
3697,11,1.12742775,271,3231,N,18.3333333333333,0,206
3069,12,1.16070975,279,3697,N,20,0,206
3607,13,1.17735075,283,3069,N,21.6666666666667,0,206
3945,14,1.16903025,281,3607,N,23.3333333333333,0,206
3766,15,1.28551725,309,3945,N,25,0,206
4339,16,1.26055575,303,3766,N,26.6666666666667,0,206
5149,17,1.248075,300,4339,N,28.3333333333333,0,206
4413,18,1.281357,308,5149,N,30,0,206
4655,19,1.397844,336,4413,N,31.6666666666667,0,206
5001,20,1.31879925,317,4655,N,33.3333333333333,0,206
4434,21,1.44360675,347,5001,N,35,0,206
4432,22,1.4560875,350,4434,N,36.6666666666667,0,206
4457,23,1.70986275,411,4432,N,38.3333333333333,0,206
5585,24,1.71818325,413,4457,N,40,0,206
5646,25,1.81802925,437,5585,N,41.6666666666667,0,206
5662,26,1.89291375,455,5646,N,43.3333333333333,0,206
5944,27,1.88459325,453,5662,N,45,0,206
6216,28,2.113407,508,5944,N,46.6666666666667,0,206
5238,29,0.98597925,237,6216,Y,48.3333333333333,1,206
5322,30,1.081665,260,5238,N,50,1,206
5361,31,1.065024,256,5322,N,51.6666666666667,1,206
6715,32,0.95269725,229,5361,N,53.3333333333333,1,206
7433,33,0.97765875,235,6715,N,55,1,206
6744,34,1.1898315,286,7433,N,56.6666666666667,1,206
6405,35,1.10246625,265,6744,N,58.3333333333333,1,206
6949,36,1.148229,276,6405,N,60,1,206
7242,37,1.098306,264,6949,N,61.6666666666667,1,206
6733,38,1.33128,320,7242,N,63.3333333333333,1,206
6401,39,1.364562,328,6733,N,65,1,206
7870,40,1.39368375,335,6401,N,66.6666666666667,1,206
7681,41,1.37704275,331,7870,N,68.3333333333333,1,206
8394,42,1.381203,332,7681,N,70,1,206
8663,43,1.49352975,359,8394,N,71.6666666666667,1,206
8489,44,1.49769,360,8663,N,73.3333333333333,1,206
8266,45,1.59337575,383,8489,N,75,1,206
8049,46,1.730664,416,8266,N,76.6666666666667,1,206
9117,47,1.6058565,386,8049,N,78.3333333333333,1,206
9391,48,2.00940075,483,9117,N,80,1,206
9342,49,1.9053945,458,9391,N,81.6666666666667,1,206
10056,50,0.782127,188,9342,Y,83.3333333333333,2,206
10833,51,1.21895325,293,10056,N,85,2,206
10369,52,1.1066265,266,10833,N,86.6666666666667,2,206
9806,53,1.16487,280,10369,N,88.3333333333333,2,206
10844,54,1.2896775,310,9806,N,90,2,206
10918,55,1.231434,296,10844,N,91.6666666666667,2,206
11439,56,1.33128,320,10918,N,93.3333333333333,2,206
11272,57,1.4228055,342,11439,N,95,2,206
13095,59,1.61833725,389,11272,N,98.3333333333333,2,206
12517,60,1.946997,468,13095,N,100,2,206
13407,61,1.863792,448,12517,N,101.666666666667,2,206
13930,62,1.99275975,479,13407,N,103.333333333333,2,206
13814,63,0.931896,224,13930,Y,105,3,206
12812,64,0.898614,216,13814,N,106.666666666667,3,206
15242,70,1.2896775,310,12812,N,116.666666666667,3,206
2483,0,0.8736525,210,NA,N,0,0,207
2345,1,0.915255,220,2483,N,1.66666666666667,0,207
2389,2,0.94437675,227,2345,N,3.33333333333333,0,207
2641,3,0.965178,232,2389,N,5,0,207
2405,4,0.99846,240,2641,N,6.66666666666667,0,207
2338,5,1.05254325,253,2405,N,8.33333333333333,0,207
2896,6,1.07750475,259,2338,N,10,0,207
2413,7,1.09414575,263,2896,N,11.6666666666667,0,207
3592,8,1.11078675,267,2413,N,13.3333333333333,0,207
3308,9,1.114947,268,3592,N,15,0,207
3231,10,1.231434,296,3308,N,16.6666666666667,0,207
3697,11,1.12742775,271,3231,N,18.3333333333333,0,207
3069,12,1.16070975,279,3697,N,20,0,207
3607,13,1.17735075,283,3069,N,21.6666666666667,0,207
3945,14,1.16903025,281,3607,N,23.3333333333333,0,207
3766,15,1.28551725,309,3945,N,25,0,207
4339,16,1.26055575,303,3766,N,26.6666666666667,0,207
5149,17,1.248075,300,4339,N,28.3333333333333,0,207
4413,18,1.281357,308,5149,N,30,0,207
4655,19,1.397844,336,4413,N,31.6666666666667,0,207
5001,20,1.31879925,317,4655,N,33.3333333333333,0,207
4434,21,1.44360675,347,5001,N,35,0,207
4432,22,1.4560875,350,4434,N,36.6666666666667,0,207
4457,23,1.70986275,411,4432,N,38.3333333333333,0,207
5585,24,1.71818325,413,4457,N,40,0,207
5646,25,1.81802925,437,5585,N,41.6666666666667,0,207
5662,26,1.89291375,455,5646,N,43.3333333333333,0,207
5944,27,1.88459325,453,5662,N,45,0,207
6216,28,2.113407,508,5944,N,46.6666666666667,0,207
5448,29,1.11910725,269,6216,Y,48.3333333333333,1,207
5763,30,1.16487,280,5448,N,50,1,207
5653,31,1.181511,284,5763,N,51.6666666666667,1,207
6814,32,1.0400625,250,5653,N,53.3333333333333,1,207
7548,33,1.1232675,270,6814,N,55,1,207
6865,34,1.2563955,302,7548,N,56.6666666666667,1,207
6608,35,1.264716,304,6865,N,58.3333333333333,1,207
7096,36,1.34376075,323,6608,N,60,1,207
7301,37,1.34376075,323,7096,N,61.6666666666667,1,207
6880,38,1.35208125,325,7301,N,63.3333333333333,1,207
6463,39,1.447767,348,6880,N,65,1,207
7936,40,1.69322175,407,6463,N,66.6666666666667,1,207
7746,41,1.75978575,423,7936,N,68.3333333333333,1,207
8515,42,1.78474725,429,7746,N,70,1,207
8730,43,1.91787525,461,8515,N,71.6666666666667,1,207
8892,44,1.95947775,471,8730,N,73.3333333333333,1,207
8381,45,1.0567035,254,8892,Y,75,2,207
8154,46,0.93605625,225,8381,N,76.6666666666667,2,207
9225,47,1.01926125,245,8154,N,78.3333333333333,2,207
9507,48,1.0733445,258,9225,N,80,2,207
9692,49,1.21063275,291,9507,N,81.6666666666667,2,207
10172,50,1.2896775,310,9692,N,83.3333333333333,2,207
10682,51,1.40200425,337,10172,N,85,2,207
10257,52,1.3396005,322,10682,N,86.6666666666667,2,207
9929,53,1.26887625,305,10257,N,88.3333333333333,2,207
10533,54,1.31879925,317,9929,N,90,2,207
10772,55,1.53513225,369,10533,N,91.6666666666667,2,207
11236,56,1.5559335,374,10772,N,93.3333333333333,2,207
11142,57,1.74314475,419,11236,N,95,2,207
11879,58,1.90123425,457,11142,N,96.6666666666667,2,207
12968,59,2.20077225,529,11879,N,98.3333333333333,2,207
12452,60,1.148229,276,12968,Y,100,3,207
13328,61,1.1066265,266,12452,N,101.666666666667,3,207
13643,62,1.06086375,255,13328,N,103.333333333333,3,207
13713,63,1.08582525,261,13643,N,105,3,207
12155,65,1.25223525,301,13713,N,108.333333333333,3,207
14095,66,1.13574825,273,12155,N,110,3,207
14991,69,1.34376075,323,14095,N,115,3,207
14974,70,1.0234215,246,14991,Y,116.666666666667,4,207
2750,0,0.9069345,218,NA,N,0,0,208
2687,1,0.8902935,214,2750,N,1.66666666666667,0,208
2859,2,0.9235755,222,2687,N,3.33333333333333,0,208
2872,3,0.9901395,238,2859,N,5,0,208
2631,4,1.02758175,247,2872,N,6.66666666666667,0,208
2627,5,1.06918425,257,2631,N,8.33333333333333,0,208
2983,6,1.098306,264,2627,N,10,0,208
2682,7,1.0400625,250,2983,N,11.6666666666667,0,208
3730,8,1.148229,276,2682,N,13.3333333333333,0,208
3386,9,1.10246625,265,3730,N,15,0,208
3319,10,1.21063275,291,3386,N,16.6666666666667,0,208
4055,11,1.1731905,282,3319,N,18.3333333333333,0,208
3154,12,1.231434,296,4055,N,20,0,208
3848,13,1.21063275,291,3154,N,21.6666666666667,0,208
3990,14,1.23559425,297,3848,N,23.3333333333333,0,208
3861,15,1.2231135,294,3990,N,25,0,208
4702,16,1.2064725,290,3861,N,26.6666666666667,0,208
5206,17,1.22727375,295,4702,N,28.3333333333333,0,208
4843,18,1.31047875,315,5206,N,30,0,208
4914,19,1.297998,312,4843,N,31.6666666666667,0,208
5050,20,1.28551725,309,4914,N,33.3333333333333,0,208
4748,21,1.33128,320,5050,N,35,0,208
4772,22,1.3895235,334,4748,N,36.6666666666667,0,208
4756,23,1.530972,368,4772,N,38.3333333333333,0,208
5837,24,1.54345275,371,4756,N,40,0,208
5948,25,1.547613,372,5837,N,41.6666666666667,0,208
5934,26,1.62665775,391,5948,N,43.3333333333333,0,208
6167,27,1.6557795,398,5934,N,45,0,208
6274,28,1.70154225,409,6167,N,46.6666666666667,0,208
5794,29,1.7889075,430,6274,N,48.3333333333333,0,208
6358,30,1.797228,432,5794,N,50,0,208
6303,31,2.02604175,487,6358,N,51.6666666666667,0,208
7011,32,2.0218815,486,6303,N,53.3333333333333,0,208
7632,33,2.03436225,489,7011,N,55,0,208
7489,34,2.096766,504,7632,N,56.6666666666667,0,208
6678,35,2.32557975,559,7489,N,58.3333333333333,0,208
7235,36,2.3547015,566,6678,N,60,0,208
7373,37,2.60847675,627,7235,N,61.6666666666667,0,208
7061,38,2.546073,612,7373,N,63.3333333333333,0,208
6566,39,2.9038545,698,7061,N,65,0,208
8009,40,2.912175,700,6566,N,66.6666666666667,0,208
7822,41,1.3895235,334,8009,Y,68.3333333333333,1,208
8613,42,1.44360675,347,7822,N,70,1,208
8859,43,1.36040175,327,8613,N,71.6666666666667,1,208
9054,44,1.597536,384,8859,N,73.3333333333333,1,208
8999,45,1.52681175,367,9054,N,75,1,208
8213,46,1.397844,336,8999,N,76.6666666666667,1,208
9286,47,1.65993975,399,8213,N,78.3333333333333,1,208
9572,48,1.69322175,407,9286,N,80,1,208
9749,49,1.8554715,446,9572,N,81.6666666666667,1,208
10294,50,1.6641,400,9749,N,83.3333333333333,1,208
11600,51,2.0884455,502,10294,N,85,1,208
10624,52,1.0733445,258,11600,Y,86.6666666666667,2,208
9988,53,1.09414575,263,10624,N,88.3333333333333,2,208
2251,0,1.21895325,293,NA,N,0,0,209
2288,1,1.2397545,298,2251,N,1.66666666666667,0,209
2264,2,1.314639,316,2288,N,3.33333333333333,0,209
2511,3,1.4228055,342,2264,N,5,0,209
2246,4,1.3728825,330,2511,N,6.66666666666667,0,209
2285,5,1.54345275,371,2246,N,8.33333333333333,0,209
2508,6,1.5725745,378,2285,N,10,0,209
2317,7,1.5392925,370,2508,N,11.6666666666667,0,209
3547,8,1.64329875,395,2317,N,13.3333333333333,0,209
3270,9,1.55177325,373,3547,N,15,0,209
3175,10,1.69322175,407,3270,N,16.6666666666667,0,209
3653,11,1.56009375,375,3175,N,18.3333333333333,0,209
3052,12,1.530972,368,3653,N,20,0,209
3563,13,1.514331,364,3052,N,21.6666666666667,0,209
3912,14,1.61833725,389,3563,N,23.3333333333333,0,209
3728,15,1.71818325,413,3912,N,25,0,209
4182,16,1.714023,412,3728,N,26.6666666666667,0,209
5127,17,1.73482425,417,4182,N,28.3333333333333,0,209
4297,18,1.8388305,442,5127,N,30,0,209
4511,19,1.87627275,451,4297,N,31.6666666666667,0,209
4963,20,1.95115725,469,4511,N,33.3333333333333,0,209
4343,21,1.99692,480,4963,N,35,0,209
4285,22,1.930356,464,4343,N,36.6666666666667,0,209
4342,23,2.36718225,569,4285,N,38.3333333333333,0,209
5468,24,2.2382145,538,4342,N,40,0,209
5546,25,1.11078675,267,5468,Y,41.6666666666667,1,209
5576,26,1.13574825,273,5546,N,43.3333333333333,1,209
5818,27,1.2064725,290,5576,N,45,1,209
6177,28,1.07750475,259,5818,N,46.6666666666667,1,209
5462,29,1.1731905,282,6177,N,48.3333333333333,1,209
5781,30,1.25223525,301,5462,N,50,1,209
5673,31,1.26055575,303,5781,N,51.6666666666667,1,209
6821,32,1.3229595,318,5673,N,53.3333333333333,1,209
7552,33,1.33544025,321,6821,N,55,1,209
6872,34,1.4061645,338,7552,N,56.6666666666667,1,209
6610,35,1.34376075,323,6872,N,58.3333333333333,1,209
7102,36,1.37704275,331,6610,N,60,1,209
7303,37,1.6391385,394,7102,N,61.6666666666667,1,209
6884,38,1.65161925,397,7303,N,63.3333333333333,1,209
6465,39,1.6890615,406,6884,N,65,1,209
7938,40,1.59337575,383,6465,N,66.6666666666667,1,209
7748,41,1.53513225,369,7938,N,68.3333333333333,1,209
8523,42,1.6224975,390,7748,N,70,1,209
8732,43,1.547613,372,8523,N,71.6666666666667,1,209
8897,44,1.88459325,453,8732,N,73.3333333333333,1,209
8336,45,2.080125,500,8897,N,75,1,209
8111,46,2.096766,504,8336,N,76.6666666666667,1,209
9183,47,2.2215735,534,8111,N,78.3333333333333,1,209
9459,48,0.93605625,225,9183,Y,80,2,209
9646,49,0.898614,216,9459,N,81.6666666666667,2,209
10120,50,0.92773575,223,9646,N,83.3333333333333,2,209
11334,51,1.098306,264,10120,N,85,2,209
10446,52,1.07750475,259,11334,N,86.6666666666667,2,209
9883,53,1.2563955,302,10446,N,88.3333333333333,2,209
10950,54,1.31879925,317,9883,N,90,2,209
10995,55,1.447767,348,10950,N,91.6666666666667,2,209
11603,56,1.45192725,349,10995,N,93.3333333333333,2,209
11465,57,1.54345275,371,11603,N,95,2,209
11980,58,1.73482425,417,11465,N,96.6666666666667,2,209
13154,59,1.6224975,390,11980,N,98.3333333333333,2,209
12558,60,1.730664,416,13154,N,100,2,209
13458,61,1.8554715,446,12558,N,101.666666666667,2,209
14110,62,1.880433,452,13458,N,103.333333333333,2,209
13936,63,2.11756725,509,14110,N,105,2,209
12875,64,1.10246625,265,13936,Y,106.666666666667,3,209
12284,65,1.12742775,271,12875,N,108.333333333333,3,209
2255,0,0.97765875,235,NA,N,0,0,210
2293,1,1.0400625,250,2255,N,1.66666666666667,0,210
2297,2,1.031742,248,2293,N,3.33333333333333,0,210
2521,3,1.081665,260,2297,N,5,0,210
2253,4,1.14406875,275,2521,N,6.66666666666667,0,210
2289,5,1.06918425,257,2253,N,8.33333333333333,0,210
2644,6,1.17735075,283,2289,N,10,0,210
2323,7,1.231434,296,2644,N,11.6666666666667,0,210
3552,8,1.25223525,301,2323,N,13.3333333333333,0,210
3275,9,1.2563955,302,3552,N,15,0,210
3181,10,1.48520925,357,3275,N,16.6666666666667,0,210
3659,11,1.28551725,309,3181,N,18.3333333333333,0,210
3054,12,1.4061645,338,3659,N,20,0,210
3569,13,1.40200425,337,3054,N,21.6666666666667,0,210
3918,14,1.2397545,298,3569,N,23.3333333333333,0,210
3731,15,1.21063275,291,3918,N,25,0,210
4184,16,1.57673475,379,3731,N,26.6666666666667,0,210
5129,17,1.58505525,381,4184,N,28.3333333333333,0,210
4305,18,1.6058565,386,5129,N,30,0,210
4527,19,1.65993975,399,4305,N,31.6666666666667,0,210
4969,20,1.74314475,419,4527,N,33.3333333333333,0,210
4349,21,1.94283675,467,4969,N,35,0,210
4293,22,1.89291375,455,4349,N,36.6666666666667,0,210
4348,23,1.94283675,467,4293,N,38.3333333333333,0,210
5476,24,2.4212655,582,4348,N,40,0,210
5555,25,2.30061825,553,5476,N,41.6666666666667,0,210
5586,26,2.50863075,603,5555,N,43.3333333333333,0,210
5830,27,2.40046425,577,5586,N,45,0,210
6181,28,1.0067805,242,5830,Y,46.6666666666667,1,210
5470,29,1.14406875,275,6181,N,48.3333333333333,1,210
5798,30,1.1232675,270,5470,N,50,1,210
5844,31,1.10246625,265,5798,N,51.6666666666667,1,210
6829,32,1.114947,268,5844,N,53.3333333333333,1,210
7558,33,1.314639,316,6829,N,55,1,210
7127,34,1.3229595,318,7558,N,56.6666666666667,1,210
6613,35,1.26055575,303,7127,N,58.3333333333333,1,210
7112,36,1.31879925,317,6613,N,60,1,210
7307,37,1.0067805,242,7112,N,61.6666666666667,1,210
6893,38,1.01094075,243,7307,N,63.3333333333333,1,210
6470,39,1.2231135,294,6893,N,65,1,210
7942,40,1.40200425,337,6470,N,66.6666666666667,1,210
7752,41,1.40200425,337,7942,N,68.3333333333333,1,210
8541,42,1.37704275,331,7752,N,70,1,210
8736,43,1.38536325,333,8541,N,71.6666666666667,1,210
8915,44,1.60169625,385,8736,N,73.3333333333333,1,210
8339,45,1.897074,456,8915,N,75,1,210
8115,46,1.95947775,471,8339,N,76.6666666666667,1,210
9186,47,1.7556255,422,8115,N,78.3333333333333,1,210
9462,48,2.25069525,541,9186,N,80,1,210
9649,49,1.913715,460,9462,N,81.6666666666667,1,210
10125,50,0.94437675,227,9649,Y,83.3333333333333,2,210
11349,51,1.131588,272,10125,N,85,2,210
10456,52,1.148229,276,11349,N,86.6666666666667,2,210
9890,53,1.07750475,259,10456,N,88.3333333333333,2,210
10960,54,1.13574825,273,9890,N,90,2,210
11005,55,1.264716,304,10960,N,91.6666666666667,2,210
11613,56,1.447767,348,11005,N,93.3333333333333,2,210
11486,57,1.31879925,317,11613,N,95,2,210
11986,58,1.52681175,367,11486,N,96.6666666666667,2,210
13158,59,1.414485,340,11986,N,98.3333333333333,2,210
12564,60,1.76810625,425,13158,N,100,2,210
13464,61,0.78628725,189,12564,Y,101.666666666667,3,210
14127,62,0.698922,168,13464,N,103.333333333333,3,210
13952,63,0.86117175,207,14127,N,105,3,210
12886,64,0.765486,184,13952,N,106.666666666667,3,210
12289,65,0.85285125,205,12886,N,108.333333333333,3,210
14384,66,0.67812075,163,12289,N,110,3,210
14733,67,0.81124875,195,14384,N,111.666666666667,3,210
15801,68,0.93605625,225,14733,N,113.333333333333,3,210
2255,0,0.97765875,235,NA,N,0,0,211
2293,1,1.0400625,250,2255,N,1.66666666666667,0,211
2297,2,1.031742,248,2293,N,3.33333333333333,0,211
2521,3,1.081665,260,2297,N,5,0,211
2253,4,1.14406875,275,2521,N,6.66666666666667,0,211
2289,5,1.06918425,257,2253,N,8.33333333333333,0,211
2644,6,1.17735075,283,2289,N,10,0,211
2323,7,1.231434,296,2644,N,11.6666666666667,0,211
3552,8,1.25223525,301,2323,N,13.3333333333333,0,211
3275,9,1.2563955,302,3552,N,15,0,211
3181,10,1.48520925,357,3275,N,16.6666666666667,0,211
3659,11,1.28551725,309,3181,N,18.3333333333333,0,211
3054,12,1.4061645,338,3659,N,20,0,211
3569,13,1.40200425,337,3054,N,21.6666666666667,0,211
3918,14,1.2397545,298,3569,N,23.3333333333333,0,211
3731,15,1.21063275,291,3918,N,25,0,211
4184,16,1.57673475,379,3731,N,26.6666666666667,0,211
5129,17,1.58505525,381,4184,N,28.3333333333333,0,211
4305,18,1.6058565,386,5129,N,30,0,211
4527,19,1.65993975,399,4305,N,31.6666666666667,0,211
4969,20,1.74314475,419,4527,N,33.3333333333333,0,211
4349,21,1.94283675,467,4969,N,35,0,211
4293,22,1.89291375,455,4349,N,36.6666666666667,0,211
4348,23,1.94283675,467,4293,N,38.3333333333333,0,211
5476,24,2.4212655,582,4348,N,40,0,211
5555,25,2.30061825,553,5476,N,41.6666666666667,0,211
5586,26,2.50863075,603,5555,N,43.3333333333333,0,211
5830,27,2.40046425,577,5586,N,45,0,211
6181,28,1.0067805,242,5830,Y,46.6666666666667,1,211
5470,29,1.14406875,275,6181,N,48.3333333333333,1,211
5798,30,1.1232675,270,5470,N,50,1,211
5844,31,1.10246625,265,5798,N,51.6666666666667,1,211
6829,32,1.114947,268,5844,N,53.3333333333333,1,211
7558,33,1.314639,316,6829,N,55,1,211
7127,34,1.3229595,318,7558,N,56.6666666666667,1,211
6613,35,1.26055575,303,7127,N,58.3333333333333,1,211
7112,36,1.31879925,317,6613,N,60,1,211
7307,37,1.0067805,242,7112,N,61.6666666666667,1,211
6893,38,1.01094075,243,7307,N,63.3333333333333,1,211
6470,39,1.2231135,294,6893,N,65,1,211
7942,40,1.40200425,337,6470,N,66.6666666666667,1,211
7752,41,1.40200425,337,7942,N,68.3333333333333,1,211
8541,42,1.37704275,331,7752,N,70,1,211
8736,43,1.38536325,333,8541,N,71.6666666666667,1,211
8915,44,1.60169625,385,8736,N,73.3333333333333,1,211
8339,45,1.897074,456,8915,N,75,1,211
8115,46,1.95947775,471,8339,N,76.6666666666667,1,211
9186,47,1.7556255,422,8115,N,78.3333333333333,1,211
9462,48,2.25069525,541,9186,N,80,1,211
9649,49,1.913715,460,9462,N,81.6666666666667,1,211
10124,50,1.1399085,274,9649,Y,83.3333333333333,2,211
11347,51,1.14406875,275,10124,N,85,2,211
10453,52,1.248075,300,11347,N,86.6666666666667,2,211
9889,53,1.3229595,318,10453,N,88.3333333333333,2,211
10958,54,1.34376075,323,9889,N,90,2,211
11003,55,1.51017075,363,10958,N,91.6666666666667,2,211
11611,56,1.397844,336,11003,N,93.3333333333333,2,211
11482,57,1.4727285,354,11611,N,95,2,211
11985,58,1.51017075,363,11482,N,96.6666666666667,2,211
13157,59,1.597536,384,11985,N,98.3333333333333,2,211
12562,60,1.46024775,351,13157,N,100,2,211
13463,61,0.66147975,159,12562,Y,101.666666666667,3,211
14125,62,0.865332,208,13463,N,103.333333333333,3,211
13947,63,0.931896,224,14125,N,105,3,211
12882,64,0.9901395,238,13947,N,106.666666666667,3,211
12288,65,1.048383,252,12882,N,108.333333333333,3,211
14383,66,1.081665,260,12288,N,110,3,211
14732,67,0.9568575,230,14383,N,111.666666666667,3,211
15683,68,0.90277425,217,14732,N,113.333333333333,3,211
2255,0,0.97765875,235,NA,N,0,0,212
2293,1,1.0400625,250,2255,N,1.66666666666667,0,212
2297,2,1.031742,248,2293,N,3.33333333333333,0,212
2521,3,1.081665,260,2297,N,5,0,212
2253,4,1.14406875,275,2521,N,6.66666666666667,0,212
2289,5,1.06918425,257,2253,N,8.33333333333333,0,212
2644,6,1.17735075,283,2289,N,10,0,212
2323,7,1.231434,296,2644,N,11.6666666666667,0,212
3552,8,1.25223525,301,2323,N,13.3333333333333,0,212
3275,9,1.2563955,302,3552,N,15,0,212
3181,10,1.48520925,357,3275,N,16.6666666666667,0,212
3659,11,1.28551725,309,3181,N,18.3333333333333,0,212
3054,12,1.4061645,338,3659,N,20,0,212
3569,13,1.40200425,337,3054,N,21.6666666666667,0,212
3918,14,1.2397545,298,3569,N,23.3333333333333,0,212
3731,15,1.21063275,291,3918,N,25,0,212
4184,16,1.57673475,379,3731,N,26.6666666666667,0,212
5129,17,1.58505525,381,4184,N,28.3333333333333,0,212
4305,18,1.6058565,386,5129,N,30,0,212
4527,19,1.65993975,399,4305,N,31.6666666666667,0,212
4969,20,1.74314475,419,4527,N,33.3333333333333,0,212
4349,21,1.94283675,467,4969,N,35,0,212
4293,22,1.89291375,455,4349,N,36.6666666666667,0,212
4348,23,1.94283675,467,4293,N,38.3333333333333,0,212
5476,24,2.4212655,582,4348,N,40,0,212
5555,25,2.30061825,553,5476,N,41.6666666666667,0,212
5586,26,2.50863075,603,5555,N,43.3333333333333,0,212
5830,27,2.40046425,577,5586,N,45,0,212
6183,28,1.281357,308,5830,Y,46.6666666666667,1,212
5474,29,1.4061645,338,6183,N,48.3333333333333,1,212
5793,30,1.431126,344,5474,N,50,1,212
5680,31,1.547613,372,5793,N,51.6666666666667,1,212
6826,32,1.57673475,379,5680,N,53.3333333333333,1,212
7557,33,1.747305,420,6826,N,55,1,212
7124,34,1.730664,416,7557,N,56.6666666666667,1,212
6612,35,1.83051,440,7124,N,58.3333333333333,1,212
7108,36,1.730664,416,6612,N,60,1,212
7306,37,1.7223435,414,7108,N,61.6666666666667,1,212
6891,38,1.77642675,427,7306,N,63.3333333333333,1,212
6469,39,1.95115725,469,6891,N,65,1,212
7941,40,2.279817,548,6469,N,66.6666666666667,1,212
7751,41,2.28397725,549,7941,N,68.3333333333333,1,212
8540,42,2.4379065,586,7751,N,70,1,212
8735,43,2.47534875,595,8540,N,71.6666666666667,1,212
8917,44,1.17735075,283,8735,Y,73.3333333333333,2,212
8340,45,1.281357,308,8917,N,75,2,212
8116,46,1.297998,312,8340,N,76.6666666666667,2,212
9187,47,1.51017075,363,8116,N,78.3333333333333,2,212
9463,48,1.481049,356,9187,N,80,2,212
9650,49,1.46024775,351,9463,N,81.6666666666667,2,212
10126,50,1.5226515,366,9650,N,83.3333333333333,2,212
11351,51,1.76810625,425,10126,N,85,2,212
10455,52,1.714023,412,11351,N,86.6666666666667,2,212
9891,53,2.080125,500,10455,N,88.3333333333333,2,212
10962,54,2.16333,520,9891,N,90,2,212
11007,55,2.20909275,531,10962,N,91.6666666666667,2,212
11614,56,2.35054125,565,11007,N,93.3333333333333,2,212
11491,57,2.15916975,519,11614,N,95,2,212
11987,58,2.4545475,590,11491,N,96.6666666666667,2,212
13159,59,2.529432,608,11987,N,98.3333333333333,2,212
12565,60,1.2231135,294,13159,Y,100,3,212
13467,61,1.26055575,303,12565,N,101.666666666667,3,212
14133,62,1.51849125,365,13467,N,103.333333333333,3,212
13955,63,1.73482425,417,14133,N,105,3,212
12888,64,1.8554715,446,13955,N,106.666666666667,3,212
12291,65,1.95115725,469,12888,N,108.333333333333,3,212
14386,66,1.65161925,397,12291,N,110,3,212
14735,67,1.75146525,421,14386,N,111.666666666667,3,212
15690,68,2.11756725,509,14735,N,113.333333333333,3,212
15362,69,1.065024,256,15690,Y,115,4,212
15456,70,1.21063275,291,15362,N,116.666666666667,4,212
2273,0,0.98597925,237,NA,N,0,0,213
2314,1,1.0234215,246,2273,N,1.66666666666667,0,213
2344,2,1.01926125,245,2314,N,3.33333333333333,0,213
2562,3,1.11078675,267,2344,N,5,0,213
2370,4,1.198152,288,2562,N,6.66666666666667,0,213
2307,5,1.2064725,290,2370,N,8.33333333333333,0,213
2834,6,1.131588,272,2307,N,10,0,213
2346,7,1.18567125,285,2834,N,11.6666666666667,0,213
3567,8,1.214793,292,2346,N,13.3333333333333,0,213
3289,9,1.2064725,290,3567,N,15,0,213
3203,10,1.21895325,293,3289,N,16.6666666666667,0,213
3676,11,1.21063275,291,3203,N,18.3333333333333,0,213
3061,12,1.28551725,309,3676,N,20,0,213
3585,13,1.28551725,309,3061,N,21.6666666666667,0,213
3927,14,1.281357,308,3585,N,23.3333333333333,0,213
3742,15,1.31047875,315,3927,N,25,0,213
4280,16,1.464408,352,3742,N,26.6666666666667,0,213
5138,17,1.4394465,346,4280,N,28.3333333333333,0,213
4371,18,1.431126,344,5138,N,30,0,213
4570,19,1.49352975,359,4371,N,31.6666666666667,0,213
4984,20,1.481049,356,4570,N,33.3333333333333,0,213
4372,21,1.49352975,359,4984,N,35,0,213
4318,22,1.51017075,363,4372,N,36.6666666666667,0,213
4378,23,1.49769,360,4318,N,38.3333333333333,0,213
5531,24,1.7057025,410,4378,N,40,0,213
5599,25,1.83467025,441,5531,N,41.6666666666667,0,213
5613,26,1.84299075,443,5599,N,43.3333333333333,0,213
5884,27,1.92619575,463,5613,N,45,0,213
6194,28,2.0052405,482,5884,N,46.6666666666667,0,213
5506,29,2.13420825,513,6194,N,48.3333333333333,0,213
5829,30,2.313099,556,5506,N,50,0,213
5881,31,2.49615,600,5829,N,51.6666666666667,0,213
6873,32,2.612637,628,5881,N,53.3333333333333,0,213
7669,33,1.248075,300,6873,Y,55,1,213
7540,34,1.34376075,323,7669,N,56.6666666666667,1,213
6704,35,1.4727285,354,7540,N,58.3333333333333,1,213
7424,36,1.58505525,381,6704,N,60,1,213
7400,37,1.630818,392,7424,N,61.6666666666667,1,213
7146,38,1.51849125,365,7400,N,63.3333333333333,1,213
6596,39,1.7389845,418,7146,N,65,1,213
8041,40,1.79306775,431,6596,N,66.6666666666667,1,213
7860,41,1.8388305,442,8041,N,68.3333333333333,1,213
8651,42,1.9719585,474,7860,N,70,1,213
8909,43,2.179971,524,8651,N,71.6666666666667,1,213
9102,44,2.1217275,510,8909,N,73.3333333333333,1,213
9055,45,2.05100325,493,9102,N,75,1,213
8251,46,2.27565675,547,9055,N,76.6666666666667,1,213
9327,47,2.59183575,623,8251,N,78.3333333333333,1,213
9499,48,1.2231135,294,9327,Y,80,2,213
9682,49,1.34376075,323,9499,N,81.6666666666667,2,213
10163,50,1.44360675,347,9682,N,83.3333333333333,2,213
11442,51,1.52681175,367,10163,N,85,2,213
10495,52,1.57673475,379,11442,N,86.6666666666667,2,213
9921,53,1.5559335,374,10495,N,88.3333333333333,2,213
11004,54,1.6641,400,9921,N,90,2,213
11346,55,1.8887535,454,11004,N,91.6666666666667,2,213
11684,56,1.64329875,395,11346,N,93.3333333333333,2,213
11626,57,2.15916975,519,11684,N,95,2,213
12007,58,2.27565675,547,11626,N,96.6666666666667,2,213
13276,59,1.13574825,273,12007,Y,98.3333333333333,3,213
12757,60,1.3063185,314,13276,N,100,3,213
13577,61,1.13574825,273,12757,N,101.666666666667,3,213
14520,62,1.13574825,273,13577,N,103.333333333333,3,213
14297,63,1.1565495,278,14520,N,105,3,213
13109,64,1.32711975,319,14297,N,106.666666666667,3,213
12399,65,1.6890615,406,13109,N,108.333333333333,3,213
14537,66,1.680741,404,12399,N,110,3,213
14851,67,1.93451625,465,14537,N,111.666666666667,3,213
15908,68,0.981819,236,14851,Y,113.333333333333,4,213
15748,69,1.07750475,259,15908,N,115,4,213
15836,70,0.92773575,223,15748,N,116.666666666667,4,213
2273,0,0.98597925,237,NA,N,0,0,214
2314,1,1.0234215,246,2273,N,1.66666666666667,0,214
2344,2,1.01926125,245,2314,N,3.33333333333333,0,214
2562,3,1.11078675,267,2344,N,5,0,214
2370,4,1.198152,288,2562,N,6.66666666666667,0,214
2307,5,1.2064725,290,2370,N,8.33333333333333,0,214
2834,6,1.131588,272,2307,N,10,0,214
2346,7,1.18567125,285,2834,N,11.6666666666667,0,214
3567,8,1.214793,292,2346,N,13.3333333333333,0,214
3289,9,1.2064725,290,3567,N,15,0,214
3203,10,1.21895325,293,3289,N,16.6666666666667,0,214
3676,11,1.21063275,291,3203,N,18.3333333333333,0,214
3061,12,1.28551725,309,3676,N,20,0,214
3585,13,1.28551725,309,3061,N,21.6666666666667,0,214
3927,14,1.281357,308,3585,N,23.3333333333333,0,214
3742,15,1.31047875,315,3927,N,25,0,214
4280,16,1.464408,352,3742,N,26.6666666666667,0,214
5138,17,1.4394465,346,4280,N,28.3333333333333,0,214
4371,18,1.431126,344,5138,N,30,0,214
4570,19,1.49352975,359,4371,N,31.6666666666667,0,214
4984,20,1.481049,356,4570,N,33.3333333333333,0,214
4372,21,1.49352975,359,4984,N,35,0,214
4318,22,1.51017075,363,4372,N,36.6666666666667,0,214
4378,23,1.49769,360,4318,N,38.3333333333333,0,214
5531,24,1.7057025,410,4378,N,40,0,214
5599,25,1.83467025,441,5531,N,41.6666666666667,0,214
5613,26,1.84299075,443,5599,N,43.3333333333333,0,214
5884,27,1.92619575,463,5613,N,45,0,214
6194,28,2.0052405,482,5884,N,46.6666666666667,0,214
5506,29,2.13420825,513,6194,N,48.3333333333333,0,214
5829,30,2.313099,556,5506,N,50,0,214
5881,31,2.49615,600,5829,N,51.6666666666667,0,214
6873,32,2.612637,628,5881,N,53.3333333333333,0,214
7669,33,1.248075,300,6873,Y,55,1,214
7540,34,1.34376075,323,7669,N,56.6666666666667,1,214
6704,35,1.4727285,354,7540,N,58.3333333333333,1,214
7424,36,1.58505525,381,6704,N,60,1,214
7400,37,1.630818,392,7424,N,61.6666666666667,1,214
7146,38,1.51849125,365,7400,N,63.3333333333333,1,214
6596,39,1.7389845,418,7146,N,65,1,214
8041,40,1.79306775,431,6596,N,66.6666666666667,1,214
7860,41,1.8388305,442,8041,N,68.3333333333333,1,214
8651,42,1.9719585,474,7860,N,70,1,214
8909,43,2.179971,524,8651,N,71.6666666666667,1,214
9102,44,2.1217275,510,8909,N,73.3333333333333,1,214
9055,45,2.05100325,493,9102,N,75,1,214
8251,46,2.27565675,547,9055,N,76.6666666666667,1,214
9327,47,2.59183575,623,8251,N,78.3333333333333,1,214
9615,48,1.20231225,289,9327,Y,80,2,214
9793,49,1.37704275,331,9615,N,81.6666666666667,2,214
10385,50,1.5060105,362,9793,N,83.3333333333333,2,214
10815,51,1.364562,328,10385,N,85,2,214
10349,52,1.364562,328,10815,N,86.6666666666667,2,214
10043,53,1.53513225,369,10349,N,88.3333333333333,2,214
10739,54,1.45192725,349,10043,N,90,2,214
10894,55,1.68490125,405,10739,N,91.6666666666667,2,214
11407,56,1.80970875,435,10894,N,93.3333333333333,2,214
11253,57,2.13420825,513,11407,N,95,2,214
11927,58,1.96779825,473,11253,N,96.6666666666667,2,214
13079,59,2.246535,540,11927,N,98.3333333333333,2,214
12510,60,1.031742,248,13079,Y,100,3,214
2786,0,0.9069345,218,NA,N,0,0,215
2708,1,1.09414575,263,2786,N,1.66666666666667,0,215
2880,2,1.00262025,241,2708,N,3.33333333333333,0,215
2892,3,1.16487,280,2880,N,5,0,215
2709,4,1.031742,248,2892,N,6.66666666666667,0,215
2651,5,1.05254325,253,2709,N,8.33333333333333,0,215
2987,6,1.21895325,293,2651,N,10,0,215
2700,7,1.21063275,291,2987,N,11.6666666666667,0,215
3739,8,1.32711975,319,2700,N,13.3333333333333,0,215
3390,9,1.33544025,321,3739,N,15,0,215
3327,10,1.397844,336,3390,N,16.6666666666667,0,215
4058,11,1.3728825,330,3327,N,18.3333333333333,0,215
3160,12,1.364562,328,4058,N,20,0,215
3860,13,1.347921,324,3160,N,21.6666666666667,0,215
3994,14,1.414485,340,3860,N,23.3333333333333,0,215
3877,15,1.447767,348,3994,N,25,0,215
4730,16,1.49352975,359,3877,N,26.6666666666667,0,215
5209,17,1.43528625,345,4730,N,28.3333333333333,0,215
4861,18,1.5226515,366,5209,N,30,0,215
4923,19,1.6557795,398,4861,N,31.6666666666667,0,215
5054,20,1.564254,376,4923,N,33.3333333333333,0,215
4770,21,1.64329875,395,5054,N,35,0,215
4787,22,1.6058565,386,4770,N,36.6666666666667,0,215
4763,23,1.69322175,407,4787,N,38.3333333333333,0,215
6005,24,1.89291375,455,4763,N,40,0,215
5958,25,2.05100325,493,6005,N,41.6666666666667,0,215
5947,26,2.4379065,586,5958,N,43.3333333333333,0,215
6169,27,2.462868,592,5947,N,45,0,215
6282,28,2.3047785,554,6169,N,46.6666666666667,0,215
5821,29,2.5044705,602,6282,N,48.3333333333333,0,215
6362,30,2.79984825,673,5821,N,50,0,215
6313,31,1.24391475,299,6362,Y,51.6666666666667,1,215
7026,32,1.31047875,315,6313,N,53.3333333333333,1,215
7647,33,1.28551725,309,7026,N,55,1,215
7507,34,1.46024775,351,7647,N,56.6666666666667,1,215
6688,35,1.42696575,343,7507,N,58.3333333333333,1,215
7258,36,1.35208125,325,6688,N,60,1,215
7385,37,1.564254,376,7258,N,61.6666666666667,1,215
7097,38,1.48520925,357,7385,N,63.3333333333333,1,215
6579,39,1.62665775,391,7097,N,65,1,215
8023,40,1.57673475,379,6579,N,66.6666666666667,1,215
7840,41,1.72650375,415,8023,N,68.3333333333333,1,215
8632,42,2.013561,484,7840,N,70,1,215
8886,43,1.95115725,469,8632,N,71.6666666666667,1,215
8993,44,2.179971,524,8886,N,73.3333333333333,1,215
8355,45,2.179971,524,8993,N,75,1,215
8230,46,1.0400625,250,8355,Y,76.6666666666667,2,215
9157,47,1.22727375,295,8230,N,78.3333333333333,2,215
9430,48,1.55177325,373,9157,N,80,2,215
2033,0,0.9568575,230,NA,N,0,0,216
2039,1,1.0234215,246,2033,N,1.66666666666667,0,216
2038,2,1.1066265,266,2039,N,3.33333333333333,0,216
2031,3,1.098306,264,2038,N,5,0,216
2029,4,1.181511,284,2031,N,6.66666666666667,0,216
2016,5,1.214793,292,2029,N,8.33333333333333,0,216
2058,6,1.31879925,317,2016,N,10,0,216
2023,7,1.36040175,327,2058,N,11.6666666666667,0,216
3446,8,1.414485,340,2023,N,13.3333333333333,0,216
3177,9,1.35208125,325,3446,N,15,0,216
3096,10,1.4893695,358,3177,N,16.6666666666667,0,216
3417,11,1.36872225,329,3096,N,18.3333333333333,0,216
3011,12,1.38536325,333,3417,N,20,0,216
3466,13,1.4228055,342,3011,N,21.6666666666667,0,216
3430,14,1.47688875,355,3466,N,23.3333333333333,0,216
3429,15,1.38536325,333,3430,N,25,0,216
4088,16,1.4560875,350,3429,N,26.6666666666667,0,216
5086,17,1.60169625,385,4088,N,28.3333333333333,0,216
4096,18,1.63497825,393,5086,N,30,0,216
4116,19,1.60169625,385,4096,N,31.6666666666667,0,216
4492,20,1.6724205,402,4116,N,33.3333333333333,0,216
4144,21,1.7057025,410,4492,N,35,0,216
4099,22,1.73482425,417,4144,N,36.6666666666667,0,216
4230,23,1.85963175,447,4099,N,38.3333333333333,0,216
5257,24,1.9885995,478,4230,N,40,0,216
5353,25,2.113407,508,5257,N,41.6666666666667,0,216
5376,26,2.50031025,601,5353,N,43.3333333333333,0,216
5316,27,2.43374625,585,5376,N,45,0,216
5317,28,2.4545475,590,5316,N,46.6666666666667,0,216
5240,29,1.1565495,278,5317,Y,48.3333333333333,1,216
5324,30,1.297998,312,5240,N,50,1,216
5371,31,1.264716,304,5324,N,51.6666666666667,1,216
6717,32,1.38536325,333,5371,N,53.3333333333333,1,216
7435,33,1.364562,328,6717,N,55,1,216
6746,34,1.431126,344,7435,N,56.6666666666667,1,216
6424,35,1.5226515,366,6746,N,58.3333333333333,1,216
6951,36,1.56841425,377,6424,N,60,1,216
7244,37,1.56009375,375,6951,N,61.6666666666667,1,216
6753,38,1.70986275,411,7244,N,63.3333333333333,1,216
6404,39,1.7722665,426,6753,N,65,1,216
7874,40,1.7556255,422,6404,N,66.6666666666667,1,216
7685,41,2.05100325,493,7874,N,68.3333333333333,1,216
8403,42,1.9386765,466,7685,N,70,1,216
8666,43,1.67658075,403,8403,N,71.6666666666667,1,216
16181,45,NA,-1,8666,Y,75,2,216
2033,0,0.9568575,230,NA,N,0,0,217
2039,1,1.0234215,246,2033,N,1.66666666666667,0,217
2038,2,1.1066265,266,2039,N,3.33333333333333,0,217
2031,3,1.098306,264,2038,N,5,0,217
2029,4,1.181511,284,2031,N,6.66666666666667,0,217
2016,5,1.214793,292,2029,N,8.33333333333333,0,217
2058,6,1.31879925,317,2016,N,10,0,217
2023,7,1.36040175,327,2058,N,11.6666666666667,0,217
3446,8,1.414485,340,2023,N,13.3333333333333,0,217
3177,9,1.35208125,325,3446,N,15,0,217
3096,10,1.4893695,358,3177,N,16.6666666666667,0,217
3417,11,1.36872225,329,3096,N,18.3333333333333,0,217
3011,12,1.38536325,333,3417,N,20,0,217
3466,13,1.4228055,342,3011,N,21.6666666666667,0,217
3430,14,1.47688875,355,3466,N,23.3333333333333,0,217
3429,15,1.38536325,333,3430,N,25,0,217
4088,16,1.4560875,350,3429,N,26.6666666666667,0,217
5086,17,1.60169625,385,4088,N,28.3333333333333,0,217
4096,18,1.63497825,393,5086,N,30,0,217
4116,19,1.60169625,385,4096,N,31.6666666666667,0,217
4492,20,1.6724205,402,4116,N,33.3333333333333,0,217
4144,21,1.7057025,410,4492,N,35,0,217
4099,22,1.73482425,417,4144,N,36.6666666666667,0,217
4230,23,1.85963175,447,4099,N,38.3333333333333,0,217
5257,24,1.9885995,478,4230,N,40,0,217
5353,25,2.113407,508,5257,N,41.6666666666667,0,217
5376,26,2.50031025,601,5353,N,43.3333333333333,0,217
5316,27,2.43374625,585,5376,N,45,0,217
5317,28,2.4545475,590,5316,N,46.6666666666667,0,217
5239,29,1.181511,284,5317,Y,48.3333333333333,1,217
5323,30,1.36040175,327,5239,N,50,1,217
5367,31,1.397844,336,5323,N,51.6666666666667,1,217
6718,32,1.314639,316,5367,N,53.3333333333333,1,217
7436,33,1.37704275,331,6718,N,55,1,217
6748,34,1.4893695,358,7436,N,56.6666666666667,1,217
6426,35,1.44360675,347,6748,N,58.3333333333333,1,217
6955,36,1.54345275,371,6426,N,60,1,217
7246,37,1.714023,412,6955,N,61.6666666666667,1,217
6756,38,1.84299075,443,7246,N,63.3333333333333,1,217
6406,39,1.90955475,459,6756,N,65,1,217
7875,40,2.0718045,498,6406,N,66.6666666666667,1,217
7686,41,2.08428525,501,7875,N,68.3333333333333,1,217
8408,42,1.18567125,285,7686,Y,70,2,217
8667,43,1.248075,300,8408,N,71.6666666666667,2,217
8496,44,1.3063185,314,8667,N,73.3333333333333,2,217
8270,45,1.29383775,311,8496,N,75,2,217
8054,46,1.3728825,330,8270,N,76.6666666666667,2,217
9122,47,1.43528625,345,8054,N,78.3333333333333,2,217
9396,48,1.4394465,346,9122,N,80,2,217
9346,49,1.5725745,378,9396,N,81.6666666666667,2,217
10060,50,1.7223435,414,9346,N,83.3333333333333,2,217
10840,51,1.6557795,398,10060,N,85,2,217
10375,52,1.8554715,446,10840,N,86.6666666666667,2,217
9811,53,2.02604175,487,10375,N,88.3333333333333,2,217
10861,54,2.2881375,550,9811,N,90,2,217
11397,55,1.21063275,291,10861,Y,91.6666666666667,3,217
11719,56,1.17735075,283,11397,N,93.3333333333333,3,217
11671,57,1.2896775,310,11719,N,95,3,217
12026,58,1.45192725,349,11671,N,96.6666666666667,3,217
13203,59,1.447767,348,12026,N,98.3333333333333,3,217
12643,60,1.447767,348,13203,N,100,3,217
13510,61,1.65161925,397,12643,N,101.666666666667,3,217
14290,62,1.647459,396,13510,N,103.333333333333,3,217
14111,63,1.9553175,470,14290,N,105,3,217
12994,64,2.07596475,499,14111,N,106.666666666667,3,217
12341,65,2.08428525,501,12994,N,108.333333333333,3,217
14446,66,0.8237295,198,12341,Y,110,4,217
15237,68,1.2896775,310,14446,N,113.333333333333,4,217
14984,69,1.30215825,313,15237,N,115,4,217
2550,0,1.14406875,275,NA,N,0,0,218
2372,1,1.2896775,310,2550,N,1.66666666666667,0,218
2474,2,1.33544025,321,2372,N,3.33333333333333,0,218
2665,3,1.41864525,341,2474,N,5,0,218
2451,4,1.5392925,370,2665,N,6.66666666666667,0,218
2418,5,1.564254,376,2451,N,8.33333333333333,0,218
2932,6,1.56009375,375,2418,N,10,0,218
2450,7,1.5392925,370,2932,N,11.6666666666667,0,218
3612,8,0.782127,188,2450,Y,13.3333333333333,1,218
3320,9,0.8403705,202,3612,N,15,1,218
3241,10,0.981819,236,3320,N,16.6666666666667,1,218
3710,11,0.948537,228,3241,N,18.3333333333333,1,218
3075,12,0.95269725,229,3710,N,20,1,218
3626,13,0.898614,216,3075,N,21.6666666666667,1,218
3951,14,0.948537,228,3626,N,23.3333333333333,1,218
3777,15,0.96933825,233,3951,N,25,1,218
4358,16,0.91941525,221,3777,N,26.6666666666667,1,218
5156,17,0.87781275,211,4358,N,28.3333333333333,1,218
4455,18,0.91941525,221,5156,N,30,1,218
4689,19,0.9402165,226,4455,N,31.6666666666667,1,218
5008,20,0.94437675,227,4689,N,33.3333333333333,1,218
4479,21,0.98597925,237,5008,N,35,1,218
4459,22,0.99429975,239,4479,N,36.6666666666667,1,218
4503,23,1.031742,248,4459,N,38.3333333333333,1,218
5615,24,1.09414575,263,4503,N,40,1,218
5686,25,1.1731905,282,5615,N,41.6666666666667,1,218
5714,26,1.214793,292,5686,N,43.3333333333333,1,218
5989,27,1.23559425,297,5714,N,45,1,218
6222,28,1.347921,324,5989,N,46.6666666666667,1,218
5574,29,1.39368375,335,6222,N,48.3333333333333,1,218
5984,30,1.464408,352,5574,N,50,1,218
5966,31,1.39368375,335,5984,N,51.6666666666667,1,218
6909,32,1.381203,332,5966,N,53.3333333333333,1,218
7583,33,1.630818,392,6909,N,55,1,218
7183,34,1.514331,364,7583,N,56.6666666666667,1,218
6638,35,1.6724205,402,7183,N,58.3333333333333,1,218
7176,36,1.7057025,410,6638,N,60,1,218
7336,37,1.85131125,445,7176,N,61.6666666666667,1,218
6952,38,1.95115725,469,7336,N,63.3333333333333,1,218
6523,39,2.25901575,543,6952,N,65,1,218
7968,40,2.1716505,522,6523,N,66.6666666666667,1,218
7780,41,2.16333,520,7968,N,68.3333333333333,1,218
8569,42,1.181511,284,7780,Y,70,2,218
8787,43,1.09414575,263,8569,N,71.6666666666667,2,218
8965,44,1.198152,288,8787,N,73.3333333333333,2,218
8383,45,1.181511,284,8965,N,75,2,218
8155,46,1.33544025,321,8383,N,76.6666666666667,2,218
9226,47,1.40200425,337,8155,N,78.3333333333333,2,218
9508,48,1.5892155,382,9226,N,80,2,218
9693,49,1.4893695,358,9508,N,81.6666666666667,2,218
10174,50,1.47688875,355,9693,N,83.3333333333333,2,218
11477,51,1.4560875,350,10174,N,85,2,218
10519,52,1.71818325,413,11477,N,86.6666666666667,2,218
9930,53,1.77642675,427,10519,N,88.3333333333333,2,218
11012,54,1.8887535,454,9930,N,90,2,218
11369,55,1.00262025,241,11012,Y,91.6666666666667,3,218
11708,56,1.05254325,253,11369,N,93.3333333333333,3,218
11644,57,1.01926125,245,11708,N,95,3,218
12013,58,0.96933825,233,11644,N,96.6666666666667,3,218
13191,59,1.01094075,243,12013,N,98.3333333333333,3,218
12610,60,1.098306,264,13191,N,100,3,218
13496,61,1.431126,344,12610,N,101.666666666667,3,218
14233,62,1.54345275,371,13496,N,103.333333333333,3,218
14050,63,1.74314475,419,14233,N,105,3,218
12960,64,1.7722665,426,14050,N,106.666666666667,3,218
12323,65,0.87781275,211,12960,Y,108.333333333333,4,218
14426,66,0.77796675,187,12323,N,110,4,218
2044,0,0.90277425,217,NA,N,0,0,219
2046,1,1.03590225,249,2044,N,1.66666666666667,0,219
2042,2,1.05254325,253,2046,N,3.33333333333333,0,219
2051,3,0.9901395,238,2042,N,5,0,219
2036,4,1.0899855,262,2051,N,6.66666666666667,0,219
2040,5,1.19399175,287,2036,N,8.33333333333333,0,219
2097,6,1.26055575,303,2040,N,10,0,219
2027,7,1.27719675,307,2097,N,11.6666666666667,0,219
3448,8,1.40200425,337,2027,N,13.3333333333333,0,219
3180,9,1.40200425,337,3448,N,15,0,219
3100,10,1.364562,328,3180,N,16.6666666666667,0,219
3419,11,1.46024775,351,3100,N,18.3333333333333,0,219
3013,12,1.397844,336,3419,N,20,0,219
3469,13,1.4893695,358,3013,N,21.6666666666667,0,219
3434,14,1.47688875,355,3469,N,23.3333333333333,0,219
3435,15,1.53513225,369,3434,N,25,0,219
4089,16,1.431126,344,3435,N,26.6666666666667,0,219
5087,17,1.514331,364,4089,N,28.3333333333333,0,219
4098,18,1.49352975,359,5087,N,30,0,219
4118,19,1.51849125,365,4098,N,31.6666666666667,0,219
4500,20,1.6641,400,4118,N,33.3333333333333,0,219
4147,21,1.61001675,387,4500,N,35,0,219
4103,22,1.647459,396,4147,N,36.6666666666667,0,219
4251,23,1.71818325,413,4103,N,38.3333333333333,0,219
5258,24,1.85131125,445,4251,N,40,0,219
5354,25,1.797228,432,5258,N,41.6666666666667,0,219
5382,26,1.913715,460,5354,N,43.3333333333333,0,219
5346,27,2.00940075,483,5382,N,45,0,219
5370,28,2.3879835,574,5346,N,46.6666666666667,0,219
5242,29,1.2064725,290,5370,Y,48.3333333333333,1,219
5326,30,1.0400625,250,5242,N,50,1,219
5444,31,1.19399175,287,5326,N,51.6666666666667,1,219
6721,32,1.21063275,291,5444,N,53.3333333333333,1,219
7438,33,1.397844,336,6721,N,55,1,219
6754,34,1.36872225,329,7438,N,56.6666666666667,1,219
6431,35,1.414485,340,6754,N,58.3333333333333,1,219
6961,36,1.414485,340,6431,N,60,1,219
7251,37,1.35208125,325,6961,N,61.6666666666667,1,219
6766,38,1.46856825,353,7251,N,63.3333333333333,1,219
6410,39,1.62665775,391,6766,N,65,1,219
7879,40,1.58505525,381,6410,N,66.6666666666667,1,219
7690,41,1.8887535,454,7879,N,68.3333333333333,1,219
8413,42,1.7722665,426,7690,N,70,1,219
8670,43,1.79306775,431,8413,N,71.6666666666667,1,219
8508,44,1.96779825,473,8670,N,73.3333333333333,1,219
8274,45,1.05254325,253,8508,Y,75,2,219
9190,47,1.07750475,259,8274,N,78.3333333333333,2,219
9466,48,1.11078675,267,9190,N,80,2,219
9651,49,1.264716,304,9466,N,81.6666666666667,2,219
10128,50,1.33544025,321,9651,N,83.3333333333333,2,219
11354,51,1.51849125,365,10128,N,85,2,219
10458,52,1.50185025,361,11354,N,86.6666666666667,2,219
9893,53,1.580895,380,10458,N,88.3333333333333,2,219
10964,54,1.730664,416,9893,N,90,2,219
11279,55,1.78474725,429,10964,N,91.6666666666667,2,219
11619,56,1.83051,440,11279,N,93.3333333333333,2,219
11496,57,2.0218815,486,11619,N,95,2,219
11988,58,1.7223435,414,11496,N,96.6666666666667,2,219
13160,59,2.096766,504,11988,N,98.3333333333333,2,219
12566,60,0.98597925,237,13160,Y,100,3,219
2394,0,0.66980025,161,NA,N,0,0,220
2319,1,0.73636425,177,2394,N,1.66666666666667,0,220
2352,2,0.74468475,179,2319,N,3.33333333333333,0,220
2572,3,0.8070885,194,2352,N,5,0,220
2377,4,0.7738065,186,2572,N,6.66666666666667,0,220
2310,5,0.81124875,195,2377,N,8.33333333333333,0,220
2844,6,0.85285125,205,2310,N,10,0,220
2355,7,0.915255,220,2844,N,11.6666666666667,0,220
3573,8,0.92773575,223,2355,N,13.3333333333333,0,220
3292,9,0.9235755,222,3573,N,15,0,220
3209,10,1.01094075,243,3292,N,16.6666666666667,0,220
3680,11,0.915255,220,3209,N,18.3333333333333,0,220
3063,12,0.97765875,235,3680,N,20,0,220
3591,13,1.01926125,245,3063,N,21.6666666666667,0,220
3933,14,0.97765875,235,3591,N,23.3333333333333,0,220
3746,15,0.93605625,225,3933,N,25,0,220
4286,16,0.93605625,225,3746,N,26.6666666666667,0,220
5140,17,0.97765875,235,4286,N,28.3333333333333,0,220
4380,18,1.08582525,261,5140,N,30,0,220
4585,19,1.02758175,247,4380,N,31.6666666666667,0,220
4986,20,1.131588,272,4585,N,33.3333333333333,0,220
4376,21,1.19399175,287,4986,N,35,0,220
4365,22,1.16903025,281,4376,N,36.6666666666667,0,220
4384,23,1.14406875,275,4365,N,38.3333333333333,0,220
5533,24,1.1399085,274,4384,N,40,0,220
5609,25,1.2730365,306,5533,N,41.6666666666667,0,220
5623,26,1.1898315,286,5609,N,43.3333333333333,0,220
5901,27,1.18567125,285,5623,N,45,0,220
6199,28,1.2896775,310,5901,N,46.6666666666667,0,220
5515,29,1.24391475,299,6199,N,48.3333333333333,0,220
5848,30,1.41864525,341,5515,N,50,0,220
5893,31,1.514331,364,5848,N,51.6666666666667,0,220
6877,32,1.680741,404,5893,N,53.3333333333333,0,220
7568,33,1.7556255,422,6877,N,55,0,220
7145,34,1.80138825,433,7568,N,56.6666666666667,0,220
6623,35,1.97611875,475,7145,N,58.3333333333333,0,220
7135,36,2.05932375,495,6623,N,60,0,220
7317,37,1.16070975,279,7135,Y,61.6666666666667,1,220
6906,38,1.11910725,269,7317,N,63.3333333333333,1,220
6485,39,1.2231135,294,6906,N,65,1,220
7952,40,1.264716,304,6485,N,66.6666666666667,1,220
7762,41,1.281357,308,7952,N,68.3333333333333,1,220
8548,42,1.381203,332,7762,N,70,1,220
8748,43,1.26887625,305,8548,N,71.6666666666667,1,220
8932,44,1.214793,292,8748,N,73.3333333333333,1,220
8353,45,1.3396005,322,8932,N,75,1,220
8128,46,1.46024775,351,8353,N,76.6666666666667,1,220
9200,47,1.58505525,381,8128,N,78.3333333333333,1,220
9479,48,1.6641,400,9200,N,80,1,220
9661,49,1.64329875,395,9479,N,81.6666666666667,1,220
10141,50,1.4893695,358,9661,N,83.3333333333333,1,220
11379,51,1.7389845,418,10141,N,85,1,220
10472,52,1.74314475,419,11379,N,86.6666666666667,1,220
9903,53,1.80138825,433,10472,N,88.3333333333333,1,220
10979,54,1.88459325,453,9903,N,90,1,220
11304,55,2.013561,484,10979,N,91.6666666666667,1,220
11651,56,1.92619575,463,11304,N,93.3333333333333,1,220
11546,57,2.2881375,550,11651,N,95,1,220
11997,58,2.412945,580,11546,N,96.6666666666667,1,220
13170,59,2.76656625,665,11997,N,98.3333333333333,1,220
12576,60,1.28551725,309,13170,Y,100,2,220
13476,61,1.59337575,383,12576,N,101.666666666667,2,220
2423,0,1.148229,276,NA,N,0,0,221
2336,1,1.1399085,274,2423,N,1.66666666666667,0,221
2373,2,1.181511,284,2336,N,3.33333333333333,0,221
2398,4,1.38536325,333,2373,N,6.66666666666667,0,221
2324,5,1.49769,360,2398,N,8.33333333333333,0,221
2873,6,1.464408,352,2324,N,10,0,221
2364,7,1.514331,364,2873,N,11.6666666666667,0,221
3580,8,1.5392925,370,2364,N,13.3333333333333,0,221
3300,9,1.49352975,359,3580,N,15,0,221
3065,12,1.59337575,383,3300,N,20,0,221
3596,13,1.580895,380,3065,N,21.6666666666667,0,221
3937,14,1.65993975,399,3596,N,23.3333333333333,0,221
3751,15,1.80138825,433,3937,N,25,0,221
4295,16,1.5892155,382,3751,N,26.6666666666667,0,221
5142,17,1.61833725,389,4295,N,28.3333333333333,0,221
4385,18,1.78474725,429,5142,N,30,0,221
4599,19,1.76810625,425,4385,N,31.6666666666667,0,221
4990,20,1.747305,420,4599,N,33.3333333333333,0,221
4386,21,1.7889075,430,4990,N,35,0,221
4389,22,1.647459,396,4386,N,36.6666666666667,0,221
4409,23,1.797228,432,4389,N,38.3333333333333,0,221
5557,24,1.9220355,462,4409,N,40,0,221
5626,25,1.9553175,470,5557,N,41.6666666666667,0,221
5642,26,2.030202,488,5626,N,43.3333333333333,0,221
5920,27,2.1050865,506,5642,N,45,0,221
6207,28,2.080125,500,5920,N,46.6666666666667,0,221
5529,29,2.0385225,490,6207,N,48.3333333333333,0,221
5862,30,2.1550095,518,5529,N,50,0,221
5908,31,2.21741325,533,5862,N,51.6666666666667,0,221
6883,32,2.18413125,525,5908,N,53.3333333333333,0,221
7571,33,2.08428525,501,6883,N,55,0,221
7153,34,2.27565675,547,7571,N,56.6666666666667,0,221
6624,35,2.3547015,566,7153,N,58.3333333333333,0,221
7138,36,2.479509,596,6624,N,60,0,221
7320,37,2.40878475,579,7138,N,61.6666666666667,0,221
6916,38,2.4711885,594,7320,N,63.3333333333333,0,221
6490,39,2.42542575,583,6916,N,65,0,221
7954,40,2.4046245,578,6490,N,66.6666666666667,0,221
7764,41,2.85809175,687,7954,N,68.3333333333333,0,221
8551,42,2.79152775,671,7764,N,70,0,221
8756,43,1.33128,320,8551,Y,71.6666666666667,1,221
8936,44,1.3728825,330,8756,N,73.3333333333333,1,221
8359,45,1.42696575,343,8936,N,75,1,221
8134,46,1.42696575,343,8359,N,76.6666666666667,1,221
9204,47,1.5060105,362,8134,N,78.3333333333333,1,221
9485,48,1.67658075,403,9204,N,80,1,221
9665,49,1.79306775,431,9485,N,81.6666666666667,1,221
10148,50,1.8388305,442,9665,N,83.3333333333333,1,221
10667,51,1.7722665,426,10148,N,85,1,221
10249,52,2.01772125,485,10667,N,86.6666666666667,1,221
9908,53,1.97611875,475,10249,N,88.3333333333333,1,221
10529,54,1.980279,476,9908,N,90,1,221
10761,55,2.30061825,553,10529,N,91.6666666666667,1,221
11228,56,2.34222075,563,10761,N,93.3333333333333,1,221
11134,57,2.096766,504,11228,N,95,1,221
16009,58,NA,-1,11134,Y,96.6666666666667,2,221
2423,0,1.148229,276,NA,N,0,0,222
2336,1,1.1399085,274,2423,N,1.66666666666667,0,222
2373,2,1.181511,284,2336,N,3.33333333333333,0,222
2398,4,1.38536325,333,2373,N,6.66666666666667,0,222
2324,5,1.49769,360,2398,N,8.33333333333333,0,222
2873,6,1.464408,352,2324,N,10,0,222
2364,7,1.514331,364,2873,N,11.6666666666667,0,222
3580,8,1.5392925,370,2364,N,13.3333333333333,0,222
3300,9,1.49352975,359,3580,N,15,0,222
3065,12,1.59337575,383,3300,N,20,0,222
3596,13,1.580895,380,3065,N,21.6666666666667,0,222
3937,14,1.65993975,399,3596,N,23.3333333333333,0,222
3751,15,1.80138825,433,3937,N,25,0,222
4295,16,1.5892155,382,3751,N,26.6666666666667,0,222
5142,17,1.61833725,389,4295,N,28.3333333333333,0,222
4385,18,1.78474725,429,5142,N,30,0,222
4599,19,1.76810625,425,4385,N,31.6666666666667,0,222
4990,20,1.747305,420,4599,N,33.3333333333333,0,222
4386,21,1.7889075,430,4990,N,35,0,222
4389,22,1.647459,396,4386,N,36.6666666666667,0,222
4409,23,1.797228,432,4389,N,38.3333333333333,0,222
5557,24,1.9220355,462,4409,N,40,0,222
5626,25,1.9553175,470,5557,N,41.6666666666667,0,222
5642,26,2.030202,488,5626,N,43.3333333333333,0,222
5920,27,2.1050865,506,5642,N,45,0,222
6207,28,2.080125,500,5920,N,46.6666666666667,0,222
5529,29,2.0385225,490,6207,N,48.3333333333333,0,222
5862,30,2.1550095,518,5529,N,50,0,222
5908,31,2.21741325,533,5862,N,51.6666666666667,0,222
6883,32,2.18413125,525,5908,N,53.3333333333333,0,222
7571,33,2.08428525,501,6883,N,55,0,222
7153,34,2.27565675,547,7571,N,56.6666666666667,0,222
6624,35,2.3547015,566,7153,N,58.3333333333333,0,222
7138,36,2.479509,596,6624,N,60,0,222
7320,37,2.40878475,579,7138,N,61.6666666666667,0,222
6916,38,2.4711885,594,7320,N,63.3333333333333,0,222
6490,39,2.42542575,583,6916,N,65,0,222
7954,40,2.4046245,578,6490,N,66.6666666666667,0,222
7764,41,2.85809175,687,7954,N,68.3333333333333,0,222
8551,42,2.79152775,671,7764,N,70,0,222
8756,43,1.33128,320,8551,Y,71.6666666666667,1,222
8936,44,1.3728825,330,8756,N,73.3333333333333,1,222
8359,45,1.42696575,343,8936,N,75,1,222
8134,46,1.42696575,343,8359,N,76.6666666666667,1,222
9204,47,1.5060105,362,8134,N,78.3333333333333,1,222
9485,48,1.67658075,403,9204,N,80,1,222
9665,49,1.79306775,431,9485,N,81.6666666666667,1,222
10148,50,1.8388305,442,9665,N,83.3333333333333,1,222
10667,51,1.7722665,426,10148,N,85,1,222
10249,52,2.01772125,485,10667,N,86.6666666666667,1,222
9908,53,1.97611875,475,10249,N,88.3333333333333,1,222
10529,54,1.980279,476,9908,N,90,1,222
10761,55,2.30061825,553,10529,N,91.6666666666667,1,222
11228,56,2.34222075,563,10761,N,93.3333333333333,1,222
11134,57,2.096766,504,11228,N,95,1,222
11874,58,1.24391475,299,11134,Y,96.6666666666667,2,222
12958,59,1.214793,292,11874,N,98.3333333333333,2,222
12445,60,1.148229,276,12958,N,100,2,222
13318,61,1.48520925,357,12445,N,101.666666666667,2,222
13633,62,1.4394465,346,13318,N,103.333333333333,2,222
13704,63,1.5559335,374,13633,N,105,2,222
12694,64,1.61833725,389,13704,N,106.666666666667,2,222
12148,65,1.9053945,458,12694,N,108.333333333333,2,222
14073,66,2.05932375,495,12148,N,110,2,222
14602,67,2.43374625,585,14073,N,111.666666666667,2,222
15200,68,2.645919,636,14602,N,113.333333333333,2,222
14955,69,2.6209575,630,15200,N,115,2,222
15036,70,1.24391475,299,14955,Y,116.666666666667,3,222
2711,0,1.6724205,402,NA,N,0,0,223
2579,1,1.89291375,455,2711,N,1.66666666666667,0,223
2763,2,1.847151,444,2579,N,3.33333333333333,0,223
2781,3,1.6058565,386,2763,N,5,0,223
2557,4,1.8554715,446,2781,N,6.66666666666667,0,223
2551,5,1.7057025,410,2557,N,8.33333333333333,0,223
2969,6,2.01772125,485,2551,N,10,0,223
2620,7,2.12588775,511,2969,N,11.6666666666667,0,223
3701,8,1.065024,256,2620,Y,13.3333333333333,1,223
3367,9,1.098306,264,3701,N,15,1,223
3291,10,1.06918425,257,3367,N,16.6666666666667,1,223
4040,11,1.0067805,242,3291,N,18.3333333333333,1,223
3121,12,1.1399085,274,4040,N,20,1,223
3813,13,1.26887625,305,3121,N,21.6666666666667,1,223
3977,14,1.24391475,299,3813,N,23.3333333333333,1,223
3818,15,1.29383775,311,3977,N,25,1,223
4581,16,1.41032475,339,3818,N,26.6666666666667,1,223
5192,17,1.431126,344,4581,N,28.3333333333333,1,223
4775,18,1.364562,328,5192,N,30,1,223
4850,19,1.447767,348,4775,N,31.6666666666667,1,223
5037,20,1.48520925,357,4850,N,33.3333333333333,1,223
4681,21,1.680741,404,5037,N,35,1,223
4700,22,1.7057025,410,4681,N,36.6666666666667,1,223
4673,23,2.08428525,501,4700,N,38.3333333333333,1,223
5864,25,0.83205,200,4673,Y,41.6666666666667,2,223
5866,27,0.8403705,202,5864,N,45,2,223
6192,28,1.1898315,286,5866,N,46.6666666666667,2,223
5497,29,1.114947,268,6192,N,48.3333333333333,2,223
5823,30,1.36040175,327,5497,N,50,2,223
5873,31,1.3396005,322,5823,N,51.6666666666667,2,223
6868,32,1.381203,332,5873,N,53.3333333333333,2,223
7565,33,1.597536,384,6868,N,55,2,223
7140,34,1.61833725,389,7565,N,56.6666666666667,2,223
6619,35,1.68490125,405,7140,N,58.3333333333333,2,223
7122,36,1.79306775,431,6619,N,60,2,223
7312,37,2.09260575,503,7122,N,61.6666666666667,2,223
6901,38,2.013561,484,7312,N,63.3333333333333,2,223
6479,39,2.0884455,502,6901,N,65,2,223
7947,40,0.965178,232,6479,Y,66.6666666666667,3,223
7757,41,1.24391475,299,7947,N,68.3333333333333,3,223
8545,42,1.198152,288,7757,N,70,3,223
8741,43,1.248075,300,8545,N,71.6666666666667,3,223
8926,44,1.28551725,309,8741,N,73.3333333333333,3,223
8346,45,1.39368375,335,8926,N,75,3,223
8123,46,1.381203,332,8346,N,76.6666666666667,3,223
9194,47,1.42696575,343,8123,N,78.3333333333333,3,223
9472,48,1.6391385,394,9194,N,80,3,223
9655,49,1.747305,420,9472,N,81.6666666666667,3,223
10134,50,1.90955475,459,9655,N,83.3333333333333,3,223
11362,51,1.95947775,471,10134,N,85,3,223
10466,52,1.98443925,477,11362,N,86.6666666666667,3,223
9897,53,2.03436225,489,10466,N,88.3333333333333,3,223
10971,54,2.32557975,559,9897,N,90,3,223
11292,55,2.14252875,515,10971,N,91.6666666666667,3,223
11633,56,1.04422275,251,11292,Y,93.3333333333333,4,223
11518,57,1.0234215,246,11633,N,95,4,223
11992,58,1.04422275,251,11518,N,96.6666666666667,4,223
13164,59,1.11078675,267,11992,N,98.3333333333333,4,223
12569,60,1.281357,308,13164,N,100,4,223
13470,61,1.347921,324,12569,N,101.666666666667,4,223
14147,62,1.264716,304,13470,N,103.333333333333,4,223
13974,63,1.4893695,358,14147,N,105,4,223
12896,64,1.33128,320,13974,N,106.666666666667,4,223
12295,65,1.71818325,413,12896,N,108.333333333333,4,223
14388,66,0.66147975,159,12295,Y,110,5,223
14737,67,0.848691,204,14388,N,111.666666666667,5,223
15701,68,0.83621025,201,14737,N,113.333333333333,5,223
15377,69,0.8902935,214,15701,N,115,5,223
15468,70,0.83205,200,15377,N,116.666666666667,5,223
16169,0,NA,-1,NA,N,0,0,224
2467,2,1.198152,288,16169,N,3.33333333333333,0,224
2445,4,1.25223525,301,2467,N,6.66666666666667,0,224
2411,5,1.22727375,295,2445,N,8.33333333333333,0,224
2929,6,1.36872225,329,2411,N,10,0,224
2444,7,1.1731905,282,2929,N,11.6666666666667,0,224
3608,8,1.49769,360,2444,N,13.3333333333333,0,224
3318,9,1.51849125,365,3608,N,15,0,224
3239,10,1.48520925,357,3318,N,16.6666666666667,0,224
3708,11,1.547613,372,3239,N,18.3333333333333,0,224
3074,12,1.397844,336,3708,N,20,0,224
3623,13,1.5725745,378,3074,N,21.6666666666667,0,224
3950,14,1.6557795,398,3623,N,23.3333333333333,0,224
3775,15,1.730664,416,3950,N,25,0,224
4355,16,1.64329875,395,3775,N,26.6666666666667,0,224
5155,17,1.8055485,434,4355,N,28.3333333333333,0,224
4452,18,0.79460775,191,5155,Y,30,1,224
4683,19,0.9402165,226,4452,N,31.6666666666667,1,224
5007,20,1.02758175,247,4683,N,33.3333333333333,1,224
4475,21,1.03590225,249,5007,N,35,1,224
4453,22,1.11078675,267,4475,N,36.6666666666667,1,224
4482,23,1.04422275,251,4453,N,38.3333333333333,1,224
5605,24,1.01094075,243,4482,N,40,1,224
5674,25,1.031742,248,5605,N,41.6666666666667,1,224
5702,26,1.06918425,257,5674,N,43.3333333333333,1,224
5982,27,1.11078675,267,5702,N,45,1,224
6220,28,1.07750475,259,5982,N,46.6666666666667,1,224
5563,29,1.29383775,311,6220,N,48.3333333333333,1,224
5914,30,1.297998,312,5563,N,50,1,224
5957,31,1.6224975,390,5914,N,51.6666666666667,1,224
6902,32,1.79306775,431,5957,N,53.3333333333333,1,224
7175,34,1.94283675,467,6902,N,56.6666666666667,1,224
6633,35,2.07596475,499,7175,N,58.3333333333333,1,224
7168,36,1.99692,480,6633,N,60,1,224
7331,37,1.1066265,266,7168,Y,61.6666666666667,2,224
2819,0,0.74468475,179,NA,N,0,0,225
2753,1,0.73636425,177,2819,N,1.66666666666667,0,225
2915,2,0.76964625,185,2753,N,3.33333333333333,0,225
2898,3,0.848691,204,2915,N,5,0,225
2785,4,1.0067805,242,2898,N,6.66666666666667,0,225
2659,5,0.88613325,213,2785,N,8.33333333333333,0,225
2990,6,1.015101,244,2659,N,10,0,225
2727,7,1.01094075,243,2990,N,11.6666666666667,0,225
3745,8,0.99846,240,2727,N,13.3333333333333,0,225
3393,9,1.08582525,261,3745,N,15,0,225
3334,10,1.031742,248,3393,N,16.6666666666667,0,225
4061,11,1.1066265,266,3334,N,18.3333333333333,0,225
3166,12,1.1399085,274,4061,N,20,0,225
3870,13,1.18567125,285,3166,N,21.6666666666667,0,225
3997,14,1.11910725,269,3870,N,23.3333333333333,0,225
3886,15,1.214793,292,3997,N,25,0,225
4746,16,1.21895325,293,3886,N,26.6666666666667,0,225
5212,17,1.25223525,301,4746,N,28.3333333333333,0,225
4877,18,1.37704275,331,5212,N,30,0,225
4928,19,1.431126,344,4877,N,31.6666666666667,0,225
5058,20,1.447767,348,4928,N,33.3333333333333,0,225
4789,21,1.564254,376,5058,N,35,0,225
4815,22,2.12588775,511,4789,N,36.6666666666667,0,225
4799,23,2.2382145,538,4815,N,38.3333333333333,0,225
6028,24,1.01094075,243,4799,Y,40,1,225
5977,25,1.031742,248,6028,N,41.6666666666667,1,225
5964,26,1.2896775,310,5977,N,43.3333333333333,1,225
6173,27,1.2563955,302,5964,N,45,1,225
6287,28,1.25223525,301,6173,N,46.6666666666667,1,225
5836,29,1.2730365,306,6287,N,48.3333333333333,1,225
6364,30,1.3063185,314,5836,N,50,1,225
6320,31,1.33544025,321,6364,N,51.6666666666667,1,225
7039,32,1.4228055,342,6320,N,53.3333333333333,1,225
7642,33,1.41864525,341,7039,N,55,1,225
7503,34,1.4893695,358,7642,N,56.6666666666667,1,225
6685,35,1.614177,388,7503,N,58.3333333333333,1,225
7252,36,1.547613,372,6685,N,60,1,225
7382,37,1.7057025,410,7252,N,61.6666666666667,1,225
7086,38,1.8388305,442,7382,N,63.3333333333333,1,225
6576,39,1.78474725,429,7086,N,65,1,225
8019,40,1.8554715,446,6576,N,66.6666666666667,1,225
7835,41,1.780587,428,8019,N,68.3333333333333,1,225
8626,42,2.1050865,506,7835,N,70,1,225
8718,43,1.1066265,266,8626,Y,71.6666666666667,2,225
8866,44,1.198152,288,8718,N,73.3333333333333,2,225
8325,45,1.3229595,318,8866,N,75,2,225
8101,46,1.397844,336,8325,N,76.6666666666667,2,225
9172,47,1.414485,340,8101,N,78.3333333333333,2,225
9450,48,1.49352975,359,9172,N,80,2,225
9637,49,1.49769,360,9450,N,81.6666666666667,2,225
10109,50,1.54345275,371,9637,N,83.3333333333333,2,225
10606,51,1.797228,432,10109,N,85,2,225
10219,52,2.02604175,487,10606,N,86.6666666666667,2,225
9867,53,2.096766,504,10219,N,88.3333333333333,2,225
10479,54,1.2896775,310,9867,Y,90,3,225
10698,55,1.27719675,307,10479,N,91.6666666666667,3,225
11193,56,1.36872225,329,10698,N,93.3333333333333,3,225
11086,57,1.34376075,323,11193,N,95,3,225
11858,58,1.15238925,277,11086,N,96.6666666666667,3,225
12929,59,1.447767,348,11858,N,98.3333333333333,3,225
12429,60,1.58505525,381,12929,N,100,3,225
13299,61,1.70986275,411,12429,N,101.666666666667,3,225
13615,62,1.780587,428,13299,N,103.333333333333,3,225
13687,63,0.86949225,209,13615,Y,105,4,225
2843,0,0.81956925,197,NA,N,0,0,226
2783,1,0.87781275,211,2843,N,1.66666666666667,0,226
2925,2,0.88613325,213,2783,N,3.33333333333333,0,226
2904,3,0.94437675,227,2925,N,5,0,226
2820,4,1.031742,248,2904,N,6.66666666666667,0,226
2678,5,0.9901395,238,2820,N,8.33333333333333,0,226
2995,6,1.0567035,254,2678,N,10,0,226
2761,7,1.248075,300,2995,N,11.6666666666667,0,226
3757,8,1.15238925,277,2761,N,13.3333333333333,0,226
3398,9,1.264716,304,3757,N,15,0,226
3344,10,1.2730365,306,3398,N,16.6666666666667,0,226
4066,11,1.26887625,305,3344,N,18.3333333333333,0,226
3182,12,1.264716,304,4066,N,20,0,226
3885,13,1.36040175,327,3182,N,21.6666666666667,0,226
4003,14,1.46856825,353,3885,N,23.3333333333333,0,226
3904,15,1.4560875,350,4003,N,25,0,226
4783,16,1.4893695,358,3904,N,26.6666666666667,0,226
5219,17,1.5226515,366,4783,N,28.3333333333333,0,226
4954,18,1.62665775,391,5219,N,30,0,226
4935,19,1.680741,404,4954,N,31.6666666666667,0,226
5065,20,1.68490125,405,4935,N,33.3333333333333,0,226
4839,21,1.730664,416,5065,N,35,0,226
4871,22,2.2881375,550,4839,N,36.6666666666667,0,226
4841,23,1.27719675,307,4871,Y,38.3333333333333,1,226
6074,24,1.3063185,314,4841,N,40,1,226
6022,25,1.33544025,321,6074,N,41.6666666666667,1,226
5990,26,1.48520925,357,6022,N,43.3333333333333,1,226
6184,27,1.4560875,350,5990,N,45,1,226
6299,28,1.5060105,362,6184,N,46.6666666666667,1,226
5869,29,1.64329875,395,6299,N,48.3333333333333,1,226
6371,30,1.5892155,382,5869,N,50,1,226
6333,31,1.730664,416,6371,N,51.6666666666667,1,226
7054,32,1.82634975,439,6333,N,53.3333333333333,1,226
7651,33,1.78474725,429,7054,N,55,1,226
7513,34,2.01772125,485,7651,N,56.6666666666667,1,226
6692,35,2.20909275,531,7513,N,58.3333333333333,1,226
7411,36,2.30061825,553,6692,N,60,1,226
7388,37,2.4379065,586,7411,N,61.6666666666667,1,226
7107,38,2.50863075,603,7388,N,63.3333333333333,1,226
6584,39,2.562714,616,7107,N,65,1,226
8028,40,2.6043165,626,6584,N,66.6666666666667,1,226
7845,41,1.24391475,299,8028,Y,68.3333333333333,2,226
8637,42,1.4394465,346,7845,N,70,2,226
8891,43,1.41032475,339,8637,N,71.6666666666667,2,226
9085,44,1.4893695,358,8891,N,73.3333333333333,2,226
9022,45,1.530972,368,9085,N,75,2,226
8234,46,1.5892155,382,9022,N,76.6666666666667,2,226
9309,47,1.65161925,397,8234,N,78.3333333333333,2,226
9595,48,1.65161925,397,9309,N,80,2,226
9770,49,1.83051,440,9595,N,81.6666666666667,2,226
10339,50,2.096766,504,9770,N,83.3333333333333,2,226
10799,51,2.32974,560,10339,N,85,2,226
10325,52,2.4545475,590,10799,N,86.6666666666667,2,226
10014,53,2.70000225,649,10325,N,88.3333333333333,2,226
10699,54,1.18567125,285,10014,Y,90,3,226
10872,55,1.23559425,297,10699,N,91.6666666666667,3,226
11372,56,1.28551725,309,10872,N,93.3333333333333,3,226
2847,0,0.96933825,233,NA,N,0,0,227
2787,1,1.01094075,243,2847,N,1.66666666666667,0,227
2928,2,1.015101,244,2787,N,3.33333333333333,0,227
2905,3,1.05254325,253,2928,N,5,0,227
2826,4,1.08582525,261,2905,N,6.66666666666667,0,227
2681,5,1.15238925,277,2826,N,8.33333333333333,0,227
2996,6,1.14406875,275,2681,N,10,0,227
2766,7,1.20231225,289,2996,N,11.6666666666667,0,227
3759,8,1.2896775,310,2766,N,13.3333333333333,0,227
3399,9,1.264716,304,3759,N,15,0,227
3346,10,1.36872225,329,3399,N,16.6666666666667,0,227
4067,11,1.364562,328,3346,N,18.3333333333333,0,227
3185,12,1.32711975,319,4067,N,20,0,227
3887,13,1.414485,340,3185,N,21.6666666666667,0,227
4004,14,1.43528625,345,3887,N,23.3333333333333,0,227
3907,15,1.46856825,353,4004,N,25,0,227
4793,16,1.381203,332,3907,N,26.6666666666667,0,227
5221,17,1.464408,352,4793,N,28.3333333333333,0,227
4958,18,1.447767,348,5221,N,30,0,227
4937,19,1.5060105,362,4958,N,31.6666666666667,0,227
5067,20,1.54345275,371,4937,N,33.3333333333333,0,227
4846,21,1.564254,376,5067,N,35,0,227
4879,22,1.53513225,369,4846,N,36.6666666666667,0,227
4847,23,1.64329875,395,4879,N,38.3333333333333,0,227
6080,24,1.747305,420,4847,N,40,0,227
6030,25,1.86795225,449,6080,N,41.6666666666667,0,227
5998,26,1.9553175,470,6030,N,43.3333333333333,0,227
6186,27,1.96779825,473,5998,N,45,0,227
6300,28,2.263176,544,6186,N,46.6666666666667,0,227
5878,29,2.23405425,537,6300,N,48.3333333333333,0,227
6372,30,2.3879835,574,5878,N,50,0,227
6334,31,1.13574825,273,6372,Y,51.6666666666667,1,227
7056,32,1.048383,252,6334,N,53.3333333333333,1,227
7653,33,1.2231135,294,7056,N,55,1,227
7515,34,1.19399175,287,7653,N,56.6666666666667,1,227
6693,35,1.23559425,297,7515,N,58.3333333333333,1,227
7412,36,1.23559425,297,6693,N,60,1,227
7390,37,1.25223525,301,7412,N,61.6666666666667,1,227
7115,38,1.45192725,349,7390,N,63.3333333333333,1,227
6531,39,1.39368375,335,7115,N,65,1,227
7972,40,1.481049,356,6531,N,66.6666666666667,1,227
7785,41,1.564254,376,7972,N,68.3333333333333,1,227
8573,42,1.70154225,409,7785,N,70,1,227
8804,43,1.8055485,434,8573,N,71.6666666666667,1,227
8968,44,2.0551635,494,8804,N,73.3333333333333,1,227
8046,46,1.946997,468,8968,N,76.6666666666667,1,227
9114,47,2.063484,496,8046,N,78.3333333333333,1,227
9387,48,0.89445375,215,9114,Y,80,2,227
9338,49,1.031742,248,9387,N,81.6666666666667,2,227
10052,50,1.25223525,301,9338,N,83.3333333333333,2,227
10828,51,1.33128,320,10052,N,85,2,227
10361,52,1.38536325,333,10828,N,86.6666666666667,2,227
9802,53,1.13574825,273,10361,N,88.3333333333333,2,227
10770,54,1.3229595,318,9802,N,90,2,227
10912,55,1.5892155,382,10770,N,91.6666666666667,2,227
11428,56,1.49769,360,10912,N,93.3333333333333,2,227
11266,57,1.6224975,390,11428,N,95,2,227
11932,58,1.564254,376,11266,N,96.6666666666667,2,227
13088,59,1.78474725,429,11932,N,98.3333333333333,2,227
12514,60,1.9220355,462,13088,N,100,2,227
13404,61,2.03436225,489,12514,N,101.666666666667,2,227
13915,62,0.948537,228,13404,Y,103.333333333333,3,227
13806,63,0.9901395,238,13915,N,105,3,227
2863,0,1.7889075,430,NA,N,0,0,228
2804,1,1.90123425,457,2863,N,1.66666666666667,0,228
2939,2,0.98597925,237,2804,Y,3.33333333333333,1,228
2908,3,0.85285125,205,2939,N,5,1,228
2836,4,0.9734985,234,2908,N,6.66666666666667,1,228
2693,5,0.9402165,226,2836,N,8.33333333333333,1,228
2999,6,0.8902935,214,2693,N,10,1,228
2775,7,0.91941525,221,2999,N,11.6666666666667,1,228
3765,8,1.0733445,258,2775,N,13.3333333333333,1,228
3402,9,0.931896,224,3765,N,15,1,228
3352,10,1.1731905,282,3402,N,16.6666666666667,1,228
4070,11,1.19399175,287,3352,N,18.3333333333333,1,228
3192,12,1.11910725,269,4070,N,20,1,228
3894,13,1.04422275,251,3192,N,21.6666666666667,1,228
4006,14,1.06918425,257,3894,N,23.3333333333333,1,228
3913,15,1.16070975,279,4006,N,25,1,228
4804,16,1.2231135,294,3913,N,26.6666666666667,1,228
5224,17,1.4061645,338,4804,N,28.3333333333333,1,228
4964,18,1.3562415,326,5224,N,30,1,228
4942,19,1.3895235,334,4964,N,31.6666666666667,1,228
5070,20,1.4061645,338,4942,N,33.3333333333333,1,228
4852,21,1.431126,344,5070,N,35,1,228
4885,22,1.7057025,410,4852,N,36.6666666666667,1,228
4853,23,1.78474725,429,4885,N,38.3333333333333,1,228
6087,24,1.67658075,403,4853,N,40,1,228
6041,25,2.1217275,510,6087,N,41.6666666666667,1,228
6008,26,2.10092625,505,6041,N,43.3333333333333,1,228
6191,27,2.09260575,503,6008,N,45,1,228
6305,28,2.1050865,506,6191,N,46.6666666666667,1,228
5896,29,2.08428525,501,6305,N,48.3333333333333,1,228
6376,30,2.196612,528,5896,N,50,1,228
6340,31,1.2231135,294,6376,Y,51.6666666666667,2,228
7071,32,1.28551725,309,6340,N,53.3333333333333,2,228
7657,33,1.23559425,297,7071,N,55,2,228
7524,34,1.447767,348,7657,N,56.6666666666667,2,228
6698,35,1.5226515,366,7524,N,58.3333333333333,2,228
7417,36,1.6224975,390,6698,N,60,2,228
7395,37,1.5226515,366,7417,N,61.6666666666667,2,228
7123,38,1.6058565,386,7395,N,63.3333333333333,2,228
6589,39,1.5892155,382,7123,N,65,2,228
8033,40,1.55177325,373,6589,N,66.6666666666667,2,228
7851,41,1.51849125,365,8033,N,68.3333333333333,2,228
8643,42,1.59337575,383,7851,N,70,2,228
8900,43,1.70986275,411,8643,N,71.6666666666667,2,228
9091,44,1.913715,460,8900,N,73.3333333333333,2,228
9034,45,1.7057025,410,9091,N,75,2,228
8240,46,2.1550095,518,9034,N,76.6666666666667,2,228
9318,47,2.38382325,573,8240,N,78.3333333333333,2,228
9602,48,2.11756725,509,9318,N,80,2,228
9778,49,2.56687425,617,9602,N,81.6666666666667,2,228
10356,50,1.42696575,343,9778,Y,83.3333333333333,3,228
11653,51,1.41032475,339,10356,N,85,3,228
10704,52,1.447767,348,11653,N,86.6666666666667,3,228
10024,53,1.5892155,382,10704,N,88.3333333333333,3,228
11135,54,1.7389845,418,10024,N,90,3,228
11552,55,1.65993975,399,11135,N,91.6666666666667,3,228
11790,56,1.8221895,438,11552,N,93.3333333333333,3,228
11807,57,2.06764425,497,11790,N,95,3,228
12067,58,2.046843,492,11807,N,96.6666666666667,3,228
13246,59,1.88459325,453,12067,N,98.3333333333333,3,228
12739,60,0.84453075,203,13246,Y,100,4,228
13560,61,1.13574825,273,12739,N,101.666666666667,4,228
2868,0,1.6724205,402,NA,N,0,0,229
2810,1,1.514331,364,2868,N,1.66666666666667,0,229
2944,2,1.67658075,403,2810,N,3.33333333333333,0,229
2910,3,1.72650375,415,2944,N,5,0,229
2848,4,1.780587,428,2910,N,6.66666666666667,0,229
2702,5,1.80138825,433,2848,N,8.33333333333333,0,229
3001,6,1.8221895,438,2702,N,10,0,229
2779,7,1.88459325,453,3001,N,11.6666666666667,0,229
3769,8,1.85963175,447,2779,N,13.3333333333333,0,229
3405,9,1.92619575,463,3769,N,15,0,229
3358,10,1.88459325,453,3405,N,16.6666666666667,0,229
4073,11,1.89291375,455,3358,N,18.3333333333333,0,229
3198,12,1.897074,456,4073,N,20,0,229
3900,13,1.87627275,451,3198,N,21.6666666666667,0,229
4008,14,2.0718045,498,3900,N,23.3333333333333,0,229
3920,15,2.17581075,523,4008,N,25,0,229
4816,16,2.146689,516,3920,N,26.6666666666667,0,229
5226,17,2.44206675,587,4816,N,28.3333333333333,0,229
4970,18,2.4379065,586,5226,N,30,0,229
4949,19,2.462868,592,4970,N,31.6666666666667,0,229
5072,20,2.546073,612,4949,N,33.3333333333333,0,229
4869,21,1.098306,264,5072,Y,35,1,229
4894,22,1.16903025,281,4869,N,36.6666666666667,1,229
4864,23,1.24391475,299,4894,N,38.3333333333333,1,229
6097,24,1.46024775,351,4864,N,40,1,229
6051,25,1.547613,372,6097,N,41.6666666666667,1,229
6018,26,1.4893695,358,6051,N,43.3333333333333,1,229
6195,27,1.49352975,359,6018,N,45,1,229
6308,28,1.6557795,398,6195,N,46.6666666666667,1,229
5909,29,1.580895,380,6308,N,48.3333333333333,1,229
6378,30,1.62665775,391,5909,N,50,1,229
6342,31,1.730664,416,6378,N,51.6666666666667,1,229
7075,32,1.7223435,414,6342,N,53.3333333333333,1,229
7659,33,1.78474725,429,7075,N,55,1,229
7529,34,1.96779825,473,7659,N,56.6666666666667,1,229
6700,35,1.96779825,473,7529,N,58.3333333333333,1,229
7420,36,2.080125,500,6700,N,60,1,229
7397,37,2.16749025,521,7420,N,61.6666666666667,1,229
7130,38,2.279817,548,7397,N,63.3333333333333,1,229
6591,39,2.18413125,525,7130,N,65,1,229
8035,40,1.081665,260,6591,Y,66.6666666666667,2,229
7854,41,1.21895325,293,8035,N,68.3333333333333,2,229
8646,42,1.19399175,287,7854,N,70,2,229
8903,43,1.30215825,313,8646,N,71.6666666666667,2,229
9094,44,1.314639,316,8903,N,73.3333333333333,2,229
9037,45,1.46856825,353,9094,N,75,2,229
8242,46,1.5559335,374,9037,N,76.6666666666667,2,229
9320,47,1.60169625,385,8242,N,78.3333333333333,2,229
9605,48,1.65161925,397,9320,N,80,2,229
9783,49,1.65161925,397,9605,N,81.6666666666667,2,229
10362,50,1.83467025,441,9783,N,83.3333333333333,2,229
11669,51,1.88459325,453,10362,N,85,2,229
10718,52,1.9053945,458,11669,N,86.6666666666667,2,229
10028,53,2.1550095,518,10718,N,88.3333333333333,2,229
11151,54,2.113407,508,10028,N,90,2,229
11568,55,2.14252875,515,11151,N,91.6666666666667,2,229
11794,56,2.45038725,589,11568,N,93.3333333333333,2,229
11814,57,2.5876755,622,11794,N,95,2,229
12070,58,2.40878475,579,11814,N,96.6666666666667,2,229
13249,59,2.59183575,623,12070,N,98.3333333333333,2,229
12743,60,1.26055575,303,13249,Y,100,3,229
13564,61,1.36872225,329,12743,N,101.666666666667,3,229
2868,0,1.6724205,402,NA,N,0,0,230
2810,1,1.514331,364,2868,N,1.66666666666667,0,230
2944,2,1.67658075,403,2810,N,3.33333333333333,0,230
2910,3,1.72650375,415,2944,N,5,0,230
2848,4,1.780587,428,2910,N,6.66666666666667,0,230
2702,5,1.80138825,433,2848,N,8.33333333333333,0,230
3001,6,1.8221895,438,2702,N,10,0,230
2779,7,1.88459325,453,3001,N,11.6666666666667,0,230
3769,8,1.85963175,447,2779,N,13.3333333333333,0,230
3405,9,1.92619575,463,3769,N,15,0,230
3358,10,1.88459325,453,3405,N,16.6666666666667,0,230
4073,11,1.89291375,455,3358,N,18.3333333333333,0,230
3198,12,1.897074,456,4073,N,20,0,230
3900,13,1.87627275,451,3198,N,21.6666666666667,0,230
4008,14,2.0718045,498,3900,N,23.3333333333333,0,230
3920,15,2.17581075,523,4008,N,25,0,230
4816,16,2.146689,516,3920,N,26.6666666666667,0,230
5226,17,2.44206675,587,4816,N,28.3333333333333,0,230
4970,18,2.4379065,586,5226,N,30,0,230
4949,19,2.462868,592,4970,N,31.6666666666667,0,230
5072,20,2.546073,612,4949,N,33.3333333333333,0,230
4869,21,1.098306,264,5072,Y,35,1,230
4894,22,1.16903025,281,4869,N,36.6666666666667,1,230
4864,23,1.24391475,299,4894,N,38.3333333333333,1,230
6097,24,1.46024775,351,4864,N,40,1,230
6051,25,1.547613,372,6097,N,41.6666666666667,1,230
6018,26,1.4893695,358,6051,N,43.3333333333333,1,230
6195,27,1.49352975,359,6018,N,45,1,230
6308,28,1.6557795,398,6195,N,46.6666666666667,1,230
5909,29,1.580895,380,6308,N,48.3333333333333,1,230
6378,30,1.62665775,391,5909,N,50,1,230
6342,31,1.730664,416,6378,N,51.6666666666667,1,230
7075,32,1.7223435,414,6342,N,53.3333333333333,1,230
7659,33,1.78474725,429,7075,N,55,1,230
7529,34,1.96779825,473,7659,N,56.6666666666667,1,230
6700,35,1.96779825,473,7529,N,58.3333333333333,1,230
7420,36,2.080125,500,6700,N,60,1,230
7397,37,2.16749025,521,7420,N,61.6666666666667,1,230
7130,38,2.279817,548,7397,N,63.3333333333333,1,230
6591,39,2.18413125,525,7130,N,65,1,230
8035,40,1.081665,260,6591,Y,66.6666666666667,2,230
7854,41,1.21895325,293,8035,N,68.3333333333333,2,230
8646,42,1.19399175,287,7854,N,70,2,230
8903,43,1.30215825,313,8646,N,71.6666666666667,2,230
9094,44,1.314639,316,8903,N,73.3333333333333,2,230
9037,45,1.46856825,353,9094,N,75,2,230
8242,46,1.5559335,374,9037,N,76.6666666666667,2,230
9320,47,1.60169625,385,8242,N,78.3333333333333,2,230
9605,48,1.65161925,397,9320,N,80,2,230
9783,49,1.65161925,397,9605,N,81.6666666666667,2,230
10362,50,1.83467025,441,9783,N,83.3333333333333,2,230
11669,51,1.88459325,453,10362,N,85,2,230
10718,52,1.9053945,458,11669,N,86.6666666666667,2,230
10028,53,2.1550095,518,10718,N,88.3333333333333,2,230
11151,54,2.113407,508,10028,N,90,2,230
11568,55,2.14252875,515,11151,N,91.6666666666667,2,230
11794,56,2.45038725,589,11568,N,93.3333333333333,2,230
11814,57,2.5876755,622,11794,N,95,2,230
12070,58,2.40878475,579,11814,N,96.6666666666667,2,230
13249,59,2.59183575,623,12070,N,98.3333333333333,2,230
12744,60,1.36040175,327,13249,Y,100,3,230
13565,61,1.21895325,293,12744,N,101.666666666667,3,230
14486,62,1.4394465,346,13565,N,103.333333333333,3,230
14256,63,1.44360675,347,14486,N,105,3,230
13087,64,1.630818,392,14256,N,106.666666666667,3,230
12389,65,1.763946,424,13087,N,108.333333333333,3,230
14527,66,1.597536,384,12389,N,110,3,230
14840,67,1.59337575,383,14527,N,111.666666666667,3,230
15894,68,2.0551635,494,14840,N,113.333333333333,3,230
15703,69,0.97765875,235,15894,Y,115,4,230
15806,70,0.9568575,230,15703,N,116.666666666667,4,230
2883,0,1.02758175,247,NA,N,0,0,231
2832,1,1.02758175,247,2883,N,1.66666666666667,0,231
2950,2,1.0400625,250,2832,N,3.33333333333333,0,231
2913,3,1.11078675,267,2950,N,5,0,231
2866,4,1.081665,260,2913,N,6.66666666666667,0,231
2733,5,1.1898315,286,2866,N,8.33333333333333,0,231
3004,6,1.22727375,295,2733,N,10,0,231
2793,7,1.21895325,293,3004,N,11.6666666666667,0,231
3776,8,1.32711975,319,2793,N,13.3333333333333,0,231
3408,9,1.2064725,290,3776,N,15,0,231
3362,10,1.36040175,327,3408,N,16.6666666666667,0,231
4076,11,1.42696575,343,3362,N,18.3333333333333,0,231
3207,12,1.314639,316,4076,N,20,0,231
3911,13,1.381203,332,3207,N,21.6666666666667,0,231
4013,14,1.46024775,351,3911,N,23.3333333333333,0,231
3926,15,1.431126,344,4013,N,25,0,231
4833,16,1.6641,400,3926,N,26.6666666666667,0,231
5229,17,1.547613,372,4833,N,28.3333333333333,0,231
4981,18,1.697382,408,5229,N,30,0,231
4959,19,1.61001675,387,4981,N,31.6666666666667,0,231
5076,20,1.7389845,418,4959,N,33.3333333333333,0,231
4895,21,1.86795225,449,5076,N,35,0,231
4915,22,1.92619575,463,4895,N,36.6666666666667,0,231
4892,23,2.04268275,491,4915,N,38.3333333333333,0,231
6120,24,1.181511,284,4892,Y,40,1,231
6073,25,1.264716,304,6120,N,41.6666666666667,1,231
6029,26,1.35208125,325,6073,N,43.3333333333333,1,231
6200,27,1.42696575,343,6029,N,45,1,231
6314,28,1.40200425,337,6200,N,46.6666666666667,1,231
5925,29,1.49769,360,6314,N,48.3333333333333,1,231
6381,30,1.55177325,373,5925,N,50,1,231
6344,31,1.597536,384,6381,N,51.6666666666667,1,231
7082,32,1.67658075,403,6344,N,53.3333333333333,1,231
7663,33,1.61833725,389,7082,N,55,1,231
7535,34,1.76810625,425,7663,N,56.6666666666667,1,231
6702,35,2.00108025,481,7535,N,58.3333333333333,1,231
7422,36,2.1550095,518,6702,N,60,1,231
7398,37,2.6209575,630,7422,N,61.6666666666667,1,231
7137,38,2.32557975,559,7398,N,63.3333333333333,1,231
6593,39,2.66672025,641,7137,N,65,1,231
8039,40,2.6375985,634,6593,N,66.6666666666667,1,231
7856,41,1.26887625,305,8039,Y,68.3333333333333,2,231
8647,42,1.33544025,321,7856,N,70,2,231
8905,43,1.26055575,303,8647,N,71.6666666666667,2,231
9098,44,1.35208125,325,8905,N,73.3333333333333,2,231
9043,45,1.3396005,322,9098,N,75,2,231
8247,46,1.447767,348,9043,N,76.6666666666667,2,231
9324,47,1.49352975,359,8247,N,78.3333333333333,2,231
9610,48,1.49769,360,9324,N,80,2,231
9787,49,1.730664,416,9610,N,81.6666666666667,2,231
10372,50,1.92619575,463,9787,N,83.3333333333333,2,231
11680,51,2.1217275,510,10372,N,85,2,231
10734,52,2.43374625,585,11680,N,86.6666666666667,2,231
10037,53,1.048383,252,10734,Y,88.3333333333333,3,231
11161,54,1.07750475,259,10037,N,90,3,231
11582,55,1.0400625,250,11161,N,91.6666666666667,3,231
11803,56,1.06086375,255,11582,N,93.3333333333333,3,231
11819,57,1.31879925,317,11803,N,95,3,231
12074,58,1.11910725,269,11819,N,96.6666666666667,3,231
13256,59,1.3895235,334,12074,N,98.3333333333333,3,231
13348,61,1.69322175,407,13256,N,101.666666666667,3,231
13799,62,1.8055485,434,13348,N,103.333333333333,3,231
13724,63,0.948537,228,13799,Y,105,4,231
12710,64,0.88613325,213,13724,N,106.666666666667,4,231
12163,65,0.85285125,205,12710,N,108.333333333333,4,231
14114,66,0.9235755,222,12163,N,110,4,231
14619,67,1.098306,264,14114,N,111.666666666667,4,231
2890,0,0.96101775,231,NA,N,0,0,232
2840,1,1.14406875,275,2890,N,1.66666666666667,0,232
2953,2,1.1232675,270,2840,N,3.33333333333333,0,232
2927,3,1.28551725,309,2953,N,5,0,232
2871,4,1.2231135,294,2927,N,6.66666666666667,0,232
2745,5,1.31879925,317,2871,N,8.33333333333333,0,232
3006,6,1.32711975,319,2745,N,10,0,232
2805,7,1.45192725,349,3006,N,11.6666666666667,0,232
3779,8,1.4893695,358,2805,N,13.3333333333333,0,232
3410,9,1.4727285,354,3779,N,15,0,232
3366,10,1.5226515,366,3410,N,16.6666666666667,0,232
4077,11,1.53513225,369,3366,N,18.3333333333333,0,232
3211,12,1.55177325,373,4077,N,20,0,232
3919,13,1.58505525,381,3211,N,21.6666666666667,0,232
4019,14,1.5559335,374,3919,N,23.3333333333333,0,232
3934,15,1.59337575,383,4019,N,25,0,232
4851,16,1.66826025,401,3934,N,26.6666666666667,0,232
5231,17,1.6557795,398,4851,N,28.3333333333333,0,232
4989,18,1.680741,404,5231,N,30,0,232
4971,19,1.78474725,429,4989,N,31.6666666666667,0,232
5080,20,1.80138825,433,4971,N,33.3333333333333,0,232
4907,21,1.797228,432,5080,N,35,0,232
4922,22,1.9220355,462,4907,N,36.6666666666667,0,232
4902,23,2.0218815,486,4922,N,38.3333333333333,0,232
6133,24,2.14252875,515,4902,N,40,0,232
6096,25,2.42542575,583,6133,N,41.6666666666667,0,232
6049,26,2.49198975,599,6096,N,43.3333333333333,0,232
6206,27,2.346381,564,6049,N,45,0,232
6321,28,1.32711975,319,6206,Y,46.6666666666667,1,232
5951,29,1.347921,324,6321,N,48.3333333333333,1,232
6387,30,1.281357,308,5951,N,50,1,232
6350,31,1.44360675,347,6387,N,51.6666666666667,1,232
7095,32,1.67658075,403,6350,N,53.3333333333333,1,232
7668,33,1.37704275,331,7095,N,55,1,232
7538,34,1.71818325,413,7668,N,56.6666666666667,1,232
6703,35,1.61833725,389,7538,N,58.3333333333333,1,232
7423,36,1.5892155,382,6703,N,60,1,232
7399,37,1.847151,444,7423,N,61.6666666666667,1,232
7143,38,1.8887535,454,7399,N,63.3333333333333,1,232
6595,39,2.0385225,490,7143,N,65,1,232
8040,40,1.95947775,471,6595,N,66.6666666666667,1,232
7859,41,2.30061825,553,8040,N,68.3333333333333,1,232
8650,42,2.26733625,545,7859,N,70,1,232
8908,43,2.679201,644,8650,N,71.6666666666667,1,232
9101,44,2.45038725,589,8908,N,73.3333333333333,1,232
9051,45,1.27719675,307,9101,Y,75,2,232
8250,46,1.564254,376,9051,N,76.6666666666667,2,232
9326,47,1.76810625,425,8250,N,78.3333333333333,2,232
9614,48,1.70986275,411,9326,N,80,2,232
9792,49,1.8055485,434,9614,N,81.6666666666667,2,232
10383,50,1.99275975,479,9792,N,83.3333333333333,2,232
10813,51,1.9386765,466,10383,N,85,2,232
10347,52,1.75978575,423,10813,N,86.6666666666667,2,232
10042,53,2.06764425,497,10347,N,88.3333333333333,2,232
10735,54,2.013561,484,10042,N,90,2,232
10892,55,2.7540855,662,10735,N,91.6666666666667,2,232
11403,56,2.729124,656,10892,N,93.3333333333333,2,232
11250,57,2.65007925,637,11403,N,95,2,232
11925,58,1.36872225,329,11250,Y,96.6666666666667,3,232
13075,59,1.2231135,294,11925,N,98.3333333333333,3,232
12507,60,1.26887625,305,13075,N,100,3,232
13397,61,1.19399175,287,12507,N,101.666666666667,3,232
13896,62,1.5559335,374,13397,N,103.333333333333,3,232
12804,64,1.80138825,433,13896,N,106.666666666667,3,232
12216,65,2.26733625,545,12804,N,108.333333333333,3,232
14266,66,2.080125,500,12216,N,110,3,232
14672,67,1.29383775,311,14266,Y,111.666666666667,4,232
15472,68,1.24391475,299,14672,N,113.333333333333,4,232
15169,69,1.30215825,313,15472,N,115,4,232
15247,70,1.38536325,333,15169,N,116.666666666667,4,232
2679,0,0.84453075,203,NA,N,0,0,233
2546,1,0.881973,212,2679,N,1.66666666666667,0,233
2724,2,0.96933825,233,2546,N,3.33333333333333,0,233
2736,3,0.99429975,239,2724,N,5,0,233
2518,4,0.981819,236,2736,N,6.66666666666667,0,233
2509,5,0.93605625,225,2518,N,8.33333333333333,0,233
2963,6,1.0400625,250,2509,N,10,0,233
2587,7,1.048383,252,2963,N,11.6666666666667,0,233
3678,8,1.04422275,251,2587,N,13.3333333333333,0,233
3355,9,1.0567035,254,3678,N,15,0,233
3274,10,1.18567125,285,3355,N,16.6666666666667,0,233
4033,11,1.048383,252,3274,N,18.3333333333333,0,233
3103,12,1.081665,260,4033,N,20,0,233
3686,13,1.065024,256,3103,N,21.6666666666667,0,233
3970,14,1.1731905,282,3686,N,23.3333333333333,0,233
3803,15,1.1731905,282,3970,N,25,0,233
4512,16,1.1565495,278,3803,N,26.6666666666667,0,233
5181,17,1.24391475,299,4512,N,28.3333333333333,0,233
4610,18,1.2064725,290,5181,N,30,0,233
4802,19,1.23559425,297,4610,N,31.6666666666667,0,233
5030,20,1.26055575,303,4802,N,33.3333333333333,0,233
4640,21,1.25223525,301,5030,N,35,0,233
4602,22,1.29383775,311,4640,N,36.6666666666667,0,233
4652,23,1.32711975,319,4602,N,38.3333333333333,0,233
5727,24,1.364562,328,4652,N,40,0,233
5845,25,1.42696575,343,5727,N,41.6666666666667,0,233
5846,26,1.464408,352,5845,N,43.3333333333333,0,233
6109,27,1.45192725,349,5846,N,45,0,233
6246,28,1.431126,344,6109,N,46.6666666666667,0,233
5696,29,1.45192725,349,6246,N,48.3333333333333,0,233
6104,30,1.45192725,349,5696,N,50,0,233
6270,31,1.49769,360,6104,N,51.6666666666667,0,233
6964,32,1.58505525,381,6270,N,53.3333333333333,0,233
7610,33,1.54345275,371,6964,N,55,0,233
7457,34,1.597536,384,7610,N,56.6666666666667,0,233
6663,35,1.51017075,363,7457,N,58.3333333333333,0,233
7216,36,1.5892155,382,6663,N,60,0,233
7357,37,1.630818,392,7216,N,61.6666666666667,0,233
7010,38,1.6391385,394,7357,N,63.3333333333333,0,233
6552,39,1.55177325,373,7010,N,65,0,233
7991,40,1.6890615,406,6552,N,66.6666666666667,0,233
7804,41,1.59337575,383,7991,N,68.3333333333333,0,233
8593,42,1.70154225,409,7804,N,70,0,233
8831,43,1.74314475,419,8593,N,71.6666666666667,0,233
8995,44,1.797228,432,8831,N,73.3333333333333,0,233
8454,45,1.77642675,427,8995,N,75,0,233
8183,46,2.046843,492,8454,N,76.6666666666667,0,233
9259,47,2.080125,500,8183,N,78.3333333333333,0,233
9543,48,2.13420825,513,9259,N,80,0,233
9726,49,2.196612,528,9543,N,81.6666666666667,0,233
10242,50,2.34222075,563,9726,N,83.3333333333333,0,233
10746,51,2.55855375,615,10242,N,85,0,233
10282,52,2.812329,676,10746,N,86.6666666666667,0,233
9957,53,1.3063185,314,10282,Y,88.3333333333333,1,233
10583,54,1.3895235,334,9957,N,90,1,233
10800,55,1.40200425,337,10583,N,91.6666666666667,1,233
11263,56,1.62665775,391,10800,N,93.3333333333333,1,233
11188,57,1.6224975,390,11263,N,95,1,233
11893,58,1.73482425,417,11188,N,96.6666666666667,1,233
13003,59,1.90123425,457,11893,N,98.3333333333333,1,233
12470,60,2.10092625,505,13003,N,100,1,233
13349,61,2.113407,508,12470,N,101.666666666667,1,233
13801,62,2.1550095,518,13349,N,103.333333333333,1,233
13733,63,1.414485,340,13801,Y,105,2,233
12727,64,1.47688875,355,13733,N,106.666666666667,2,233
12174,65,1.464408,352,12727,N,108.333333333333,2,233
14144,66,1.580895,380,12174,N,110,2,233
14630,67,1.7389845,418,14144,N,111.666666666667,2,233
15329,68,1.98443925,477,14630,N,113.333333333333,2,233
15053,69,2.0218815,486,15329,N,115,2,233
15134,70,1.10246625,265,15053,Y,116.666666666667,3,233
2718,0,1.21895325,293,NA,N,0,0,234
2599,1,1.21895325,293,2718,N,1.66666666666667,0,234
2812,2,1.28551725,309,2599,N,3.33333333333333,0,234
2824,3,1.314639,316,2812,N,5,0,234
2581,4,1.41032475,339,2824,N,6.66666666666667,0,234
2578,5,1.447767,348,2581,N,8.33333333333333,0,234
2973,6,1.3895235,334,2578,N,10,0,234
2653,7,1.530972,368,2973,N,11.6666666666667,0,234
3713,8,1.564254,376,2653,N,13.3333333333333,0,234
3376,9,1.5892155,382,3713,N,15,0,234
3301,10,1.66826025,401,3376,N,16.6666666666667,0,234
4045,11,1.697382,408,3301,N,18.3333333333333,0,234
3133,12,1.64329875,395,4045,N,20,0,234
3825,13,1.70154225,409,3133,N,21.6666666666667,0,234
3982,14,1.7389845,418,3825,N,23.3333333333333,0,234
3830,15,1.7057025,410,3982,N,25,0,234
4619,16,1.79306775,431,3830,N,26.6666666666667,0,234
5197,17,1.8887535,454,4619,N,28.3333333333333,0,234
4796,18,1.99692,480,5197,N,30,0,234
4875,19,2.0884455,502,4796,N,31.6666666666667,0,234
5042,20,2.00108025,481,4875,N,33.3333333333333,0,234
4703,21,0.92773575,223,5042,Y,35,1,234
4724,22,1.02758175,247,4703,N,36.6666666666667,1,234
4696,23,1.05254325,253,4724,N,38.3333333333333,1,234
5782,24,1.21063275,291,4696,N,40,1,234
5892,25,1.25223525,301,5782,N,41.6666666666667,1,234
5882,26,1.06086375,255,5892,N,43.3333333333333,1,234
6141,27,1.09414575,263,5882,N,45,1,234
6255,28,1.1898315,286,6141,N,46.6666666666667,1,234
5737,29,1.2231135,294,6255,N,48.3333333333333,1,234
6136,30,1.297998,312,5737,N,50,1,234
6993,32,1.4893695,358,6136,N,53.3333333333333,1,234
7622,33,1.381203,332,6993,N,55,1,234
7475,34,1.431126,344,7622,N,56.6666666666667,1,234
6670,35,1.5226515,366,7475,N,58.3333333333333,1,234
7227,36,1.56009375,375,6670,N,60,1,234
7364,37,1.580895,380,7227,N,61.6666666666667,1,234
7031,38,1.56009375,375,7364,N,63.3333333333333,1,234
7998,40,1.74314475,419,7031,N,66.6666666666667,1,234
7810,41,1.697382,408,7998,N,68.3333333333333,1,234
8840,43,1.414485,340,7810,N,71.6666666666667,1,234
9008,45,1.547613,372,8840,N,75,1,234
8222,46,1.85131125,445,9008,N,76.6666666666667,1,234
9297,47,2.1050865,506,8222,N,78.3333333333333,1,234
9582,48,2.113407,508,9297,N,80,1,234
9757,49,2.23405425,537,9582,N,81.6666666666667,1,234
10315,50,2.9038545,698,9757,N,83.3333333333333,1,234
10651,52,2.8539315,686,10315,N,86.6666666666667,1,234
9832,53,1.547613,372,10651,Y,88.3333333333333,2,234
10898,54,1.547613,372,9832,N,90,2,234
10951,55,1.5892155,382,10898,N,91.6666666666667,2,234
11502,56,1.897074,456,10951,N,93.3333333333333,2,234
11329,57,2.096766,504,11502,N,95,2,234
11955,58,2.60847675,627,11329,N,96.6666666666667,2,234
13121,59,2.77488675,667,11955,N,98.3333333333333,2,234
12530,60,1.1565495,278,13121,Y,100,3,234
13427,61,1.25223525,301,12530,N,101.666666666667,3,234
14003,62,1.49769,360,13427,N,103.333333333333,3,234
13855,63,1.60169625,385,14003,N,105,3,234
12834,64,1.91787525,461,13855,N,106.666666666667,3,234
12246,65,1.91787525,461,12834,N,108.333333333333,3,234
14331,66,0.8403705,202,12246,Y,110,4,234
14697,67,0.865332,208,14331,N,111.666666666667,4,234
2721,0,0.682281,164,NA,N,0,0,235
2616,1,0.75300525,181,2721,N,1.66666666666667,0,235
2829,2,0.7738065,186,2616,N,3.33333333333333,0,235
2845,3,0.8570115,206,2829,N,5,0,235
2601,4,0.92773575,223,2845,N,6.66666666666667,0,235
2602,5,0.9734985,234,2601,N,8.33333333333333,0,235
2979,6,1.048383,252,2602,N,10,0,235
2666,7,0.96101775,231,2979,N,11.6666666666667,0,235
3721,8,1.0067805,242,2666,N,13.3333333333333,0,235
3382,9,0.96933825,233,3721,N,15,0,235
3309,10,1.09414575,263,3382,N,16.6666666666667,0,235
4050,11,1.015101,244,3309,N,18.3333333333333,0,235
3145,12,1.048383,252,4050,N,20,0,235
3836,13,1.0733445,258,3145,N,21.6666666666667,0,235
3986,14,1.198152,288,3836,N,23.3333333333333,0,235
3846,15,1.26887625,305,3986,N,25,0,235
4679,16,1.29383775,311,3846,N,26.6666666666667,0,235
5202,17,1.4228055,342,4679,N,28.3333333333333,0,235
4818,18,1.381203,332,5202,N,30,0,235
4893,19,1.4394465,346,4818,N,31.6666666666667,0,235
5046,20,1.4061645,338,4893,N,33.3333333333333,0,235
4723,21,1.464408,352,5046,N,35,0,235
4744,22,1.53513225,369,4723,N,36.6666666666667,0,235
4727,23,1.56009375,375,4744,N,38.3333333333333,0,235
5808,24,1.62665775,391,4727,N,40,0,235
5922,25,1.8055485,434,5808,N,41.6666666666667,0,235
5911,26,1.847151,444,5922,N,43.3333333333333,0,235
6164,27,1.9719585,474,5911,N,45,0,235
6266,28,2.00940075,483,6164,N,46.6666666666667,0,235
5768,29,2.179971,524,6266,N,48.3333333333333,0,235
6156,30,2.22573375,535,5768,N,50,0,235
6298,31,1.1399085,274,6156,Y,51.6666666666667,1,235
7005,32,1.25223525,301,6298,N,53.3333333333333,1,235
7628,33,1.20231225,289,7005,N,55,1,235
7485,34,1.35208125,325,7628,N,56.6666666666667,1,235
6675,35,1.4061645,338,7485,N,58.3333333333333,1,235
7232,36,1.41032475,339,6675,N,60,1,235
7369,37,1.564254,376,7232,N,61.6666666666667,1,235
7046,38,1.49352975,359,7369,N,63.3333333333333,1,235
6562,39,1.61001675,387,7046,N,65,1,235
8004,40,1.6641,400,6562,N,66.6666666666667,1,235
7817,41,1.80970875,435,8004,N,68.3333333333333,1,235
8607,42,1.91787525,461,7817,N,70,1,235
8848,43,1.9053945,458,8607,N,71.6666666666667,1,235
9042,44,2.013561,484,8848,N,73.3333333333333,1,235
8952,45,2.14252875,515,9042,N,75,1,235
8207,46,2.55023325,613,8952,N,76.6666666666667,1,235
9280,47,2.6542395,638,8207,N,78.3333333333333,1,235
9565,48,1.397844,336,9280,Y,80,2,235
9744,49,1.63497825,393,9565,N,81.6666666666667,2,235
10284,50,1.75146525,421,9744,N,83.3333333333333,2,235
10773,51,1.77642675,427,10284,N,85,2,235
10297,52,1.75978575,423,10773,N,86.6666666666667,2,235
9981,53,1.83051,440,10297,N,88.3333333333333,2,235
10634,54,2.0218815,486,9981,N,90,2,235
10827,55,2.1383685,514,10634,N,91.6666666666667,2,235
11293,56,2.21741325,533,10827,N,93.3333333333333,2,235
11209,57,1.0400625,250,11293,Y,95,3,235
13366,61,1.36872225,329,11209,N,101.666666666667,3,235
13832,62,1.60169625,385,13366,N,103.333333333333,3,235
13752,63,1.6724205,402,13832,N,105,3,235
12776,64,1.77642675,427,13752,N,106.666666666667,3,235
12191,65,1.9220355,462,12776,N,108.333333333333,3,235
14194,66,2.0052405,482,12191,N,110,3,235
14645,67,1.930356,464,14194,N,111.666666666667,3,235
15393,68,0.9402165,226,14645,Y,113.333333333333,4,235
15097,69,1.231434,296,15393,N,115,4,235
15177,70,1.04422275,251,15097,N,116.666666666667,4,235
2225,0,1.45192725,349,NA,N,0,0,236
2223,1,1.4228055,342,2225,N,1.66666666666667,0,236
2214,2,1.564254,376,2223,N,3.33333333333333,0,236
2274,3,1.66826025,401,2214,N,5,0,236
2212,4,1.70154225,409,2274,N,6.66666666666667,0,236
2276,5,1.7556255,422,2212,N,8.33333333333333,0,236
2478,6,1.7556255,422,2276,N,10,0,236
2254,7,1.847151,444,2478,N,11.6666666666667,0,236
3524,8,1.93451625,465,2254,N,13.3333333333333,0,236
3256,9,2.00940075,483,3524,N,15,0,236
3157,10,1.95115725,469,3256,N,16.6666666666667,0,236
3630,11,2.0884455,502,3157,N,18.3333333333333,0,236
3043,12,1.99692,480,3630,N,20,0,236
3545,13,2.0718045,498,3043,N,21.6666666666667,0,236
3889,14,2.0551635,494,3545,N,23.3333333333333,0,236
3688,15,2.213253,532,3889,N,25,0,236
4175,16,2.29229775,551,3688,N,26.6666666666667,0,236
5120,17,2.279817,548,4175,N,28.3333333333333,0,236
4271,18,1.31879925,317,5120,Y,30,1,236
4471,19,1.32711975,319,4271,N,31.6666666666667,1,236
4943,20,1.35208125,325,4471,N,33.3333333333333,1,236
4320,21,1.397844,336,4943,N,35,1,236
4237,22,1.42696575,343,4320,N,36.6666666666667,1,236
4328,23,1.48520925,357,4237,N,38.3333333333333,1,236
5440,24,1.56009375,375,4328,N,40,1,236
5500,25,1.564254,376,5440,N,41.6666666666667,1,236
5535,26,1.60169625,385,5500,N,43.3333333333333,1,236
5759,27,1.5892155,382,5535,N,45,1,236
6138,28,1.65993975,399,5759,N,46.6666666666667,1,236
5310,29,1.697382,408,6138,N,48.3333333333333,1,236
5728,30,1.80970875,435,5310,N,50,1,236
5608,31,1.70986275,411,5728,N,51.6666666666667,1,236
6795,32,1.87627275,451,5608,N,53.3333333333333,1,236
7539,33,1.85963175,447,6795,N,55,1,236
6856,34,1.94283675,467,7539,N,56.6666666666667,1,236
6602,35,2.1716505,522,6856,N,58.3333333333333,1,236
7080,36,2.31725925,557,6602,N,60,1,236
7295,37,2.37550275,571,7080,N,61.6666666666667,1,236
6867,38,2.5211115,606,7295,N,63.3333333333333,1,236
6456,39,2.5876755,622,6867,N,65,1,236
7928,40,2.60847675,627,6456,N,66.6666666666667,1,236
7738,41,2.88305325,693,7928,N,68.3333333333333,1,236
8500,42,2.962098,712,7738,N,70,1,236
8721,43,1.29383775,311,8500,Y,71.6666666666667,2,236
8871,44,1.34376075,323,8721,N,73.3333333333333,2,236
8329,45,1.6058565,386,8871,N,75,2,236
8103,46,1.530972,368,8329,N,76.6666666666667,2,236
9175,47,1.72650375,415,8103,N,78.3333333333333,2,236
9452,48,1.83467025,441,9175,N,80,2,236
9640,49,1.90955475,459,9452,N,81.6666666666667,2,236
10114,50,1.96779825,473,9640,N,83.3333333333333,2,236
11320,51,2.0718045,498,10114,N,85,2,236
10439,52,2.29229775,551,11320,N,86.6666666666667,2,236
9872,53,2.645919,636,10439,N,88.3333333333333,2,236
10942,54,2.4212655,582,9872,N,90,2,236
10990,55,1.28551725,309,10942,Y,91.6666666666667,3,236
11594,56,1.3562415,326,10990,N,93.3333333333333,3,236
11452,57,1.464408,352,11594,N,95,3,236
2225,0,1.45192725,349,NA,N,0,0,237
2223,1,1.4228055,342,2225,N,1.66666666666667,0,237
2214,2,1.564254,376,2223,N,3.33333333333333,0,237
2274,3,1.66826025,401,2214,N,5,0,237
2212,4,1.70154225,409,2274,N,6.66666666666667,0,237
2276,5,1.7556255,422,2212,N,8.33333333333333,0,237
2478,6,1.7556255,422,2276,N,10,0,237
2254,7,1.847151,444,2478,N,11.6666666666667,0,237
3524,8,1.93451625,465,2254,N,13.3333333333333,0,237
3256,9,2.00940075,483,3524,N,15,0,237
3157,10,1.95115725,469,3256,N,16.6666666666667,0,237
3630,11,2.0884455,502,3157,N,18.3333333333333,0,237
3043,12,1.99692,480,3630,N,20,0,237
3545,13,2.0718045,498,3043,N,21.6666666666667,0,237
3889,14,2.0551635,494,3545,N,23.3333333333333,0,237
3688,15,2.213253,532,3889,N,25,0,237
4175,16,2.29229775,551,3688,N,26.6666666666667,0,237
5120,17,2.279817,548,4175,N,28.3333333333333,0,237
4271,18,1.31879925,317,5120,Y,30,1,237
4471,19,1.32711975,319,4271,N,31.6666666666667,1,237
4943,20,1.35208125,325,4471,N,33.3333333333333,1,237
4320,21,1.397844,336,4943,N,35,1,237
4237,22,1.42696575,343,4320,N,36.6666666666667,1,237
4328,23,1.48520925,357,4237,N,38.3333333333333,1,237
5440,24,1.56009375,375,4328,N,40,1,237
5500,25,1.564254,376,5440,N,41.6666666666667,1,237
5535,26,1.60169625,385,5500,N,43.3333333333333,1,237
5759,27,1.5892155,382,5535,N,45,1,237
6138,28,1.65993975,399,5759,N,46.6666666666667,1,237
5310,29,1.697382,408,6138,N,48.3333333333333,1,237
5728,30,1.80970875,435,5310,N,50,1,237
5608,31,1.70986275,411,5728,N,51.6666666666667,1,237
6795,32,1.87627275,451,5608,N,53.3333333333333,1,237
7539,33,1.85963175,447,6795,N,55,1,237
6856,34,1.94283675,467,7539,N,56.6666666666667,1,237
6602,35,2.1716505,522,6856,N,58.3333333333333,1,237
7080,36,2.31725925,557,6602,N,60,1,237
7295,37,2.37550275,571,7080,N,61.6666666666667,1,237
6867,38,2.5211115,606,7295,N,63.3333333333333,1,237
6456,39,2.5876755,622,6867,N,65,1,237
7928,40,2.60847675,627,6456,N,66.6666666666667,1,237
7738,41,2.88305325,693,7928,N,68.3333333333333,1,237
8500,42,2.962098,712,7738,N,70,1,237
8721,43,1.29383775,311,8500,Y,71.6666666666667,2,237
8871,44,1.34376075,323,8721,N,73.3333333333333,2,237
8329,45,1.6058565,386,8871,N,75,2,237
8103,46,1.530972,368,8329,N,76.6666666666667,2,237
9175,47,1.72650375,415,8103,N,78.3333333333333,2,237
9452,48,1.83467025,441,9175,N,80,2,237
9640,49,1.90955475,459,9452,N,81.6666666666667,2,237
10114,50,1.96779825,473,9640,N,83.3333333333333,2,237
11320,51,2.0718045,498,10114,N,85,2,237
10439,52,2.29229775,551,11320,N,86.6666666666667,2,237
9872,53,2.645919,636,10439,N,88.3333333333333,2,237
10942,54,2.4212655,582,9872,N,90,2,237
10991,55,1.33128,320,10942,Y,91.6666666666667,3,237
11598,56,1.347921,324,10991,N,93.3333333333333,3,237
11456,57,1.347921,324,11598,N,95,3,237
11977,58,1.5725745,378,11456,N,96.6666666666667,3,237
13149,59,1.75978575,423,11977,N,98.3333333333333,3,237
12553,60,1.93451625,465,13149,N,100,3,237
13452,61,1.80138825,433,12553,N,101.666666666667,3,237
14091,62,2.37550275,571,13452,N,103.333333333333,3,237
13914,63,2.1882915,526,14091,N,105,3,237
12864,64,2.55855375,615,13914,N,106.666666666667,3,237
12277,65,0.931896,224,12864,Y,108.333333333333,4,237
2483,0,0.8736525,210,NA,N,0,0,238
2345,1,0.915255,220,2483,N,1.66666666666667,0,238
2389,2,0.94437675,227,2345,N,3.33333333333333,0,238
2641,3,0.965178,232,2389,N,5,0,238
2405,4,0.99846,240,2641,N,6.66666666666667,0,238
2338,5,1.05254325,253,2405,N,8.33333333333333,0,238
2896,6,1.07750475,259,2338,N,10,0,238
2413,7,1.09414575,263,2896,N,11.6666666666667,0,238
3592,8,1.11078675,267,2413,N,13.3333333333333,0,238
3308,9,1.114947,268,3592,N,15,0,238
3231,10,1.231434,296,3308,N,16.6666666666667,0,238
3697,11,1.12742775,271,3231,N,18.3333333333333,0,238
3069,12,1.16070975,279,3697,N,20,0,238
3607,13,1.17735075,283,3069,N,21.6666666666667,0,238
3945,14,1.16903025,281,3607,N,23.3333333333333,0,238
3766,15,1.28551725,309,3945,N,25,0,238
4339,16,1.26055575,303,3766,N,26.6666666666667,0,238
5149,17,1.248075,300,4339,N,28.3333333333333,0,238
4413,18,1.281357,308,5149,N,30,0,238
4655,19,1.397844,336,4413,N,31.6666666666667,0,238
5001,20,1.31879925,317,4655,N,33.3333333333333,0,238
4434,21,1.44360675,347,5001,N,35,0,238
4432,22,1.4560875,350,4434,N,36.6666666666667,0,238
4457,23,1.70986275,411,4432,N,38.3333333333333,0,238
5585,24,1.71818325,413,4457,N,40,0,238
5646,25,1.81802925,437,5585,N,41.6666666666667,0,238
5662,26,1.89291375,455,5646,N,43.3333333333333,0,238
5944,27,1.88459325,453,5662,N,45,0,238
6216,28,2.113407,508,5944,N,46.6666666666667,0,238
5238,29,0.98597925,237,6216,Y,48.3333333333333,1,238
5322,30,1.081665,260,5238,N,50,1,238
5361,31,1.065024,256,5322,N,51.6666666666667,1,238
6715,32,0.95269725,229,5361,N,53.3333333333333,1,238
7433,33,0.97765875,235,6715,N,55,1,238
6744,34,1.1898315,286,7433,N,56.6666666666667,1,238
6405,35,1.10246625,265,6744,N,58.3333333333333,1,238
6949,36,1.148229,276,6405,N,60,1,238
7242,37,1.098306,264,6949,N,61.6666666666667,1,238
6733,38,1.33128,320,7242,N,63.3333333333333,1,238
6401,39,1.364562,328,6733,N,65,1,238
7870,40,1.39368375,335,6401,N,66.6666666666667,1,238
7681,41,1.37704275,331,7870,N,68.3333333333333,1,238
8394,42,1.381203,332,7681,N,70,1,238
8663,43,1.49352975,359,8394,N,71.6666666666667,1,238
8489,44,1.49769,360,8663,N,73.3333333333333,1,238
8266,45,1.59337575,383,8489,N,75,1,238
8049,46,1.730664,416,8266,N,76.6666666666667,1,238
9117,47,1.6058565,386,8049,N,78.3333333333333,1,238
9391,48,2.00940075,483,9117,N,80,1,238
9342,49,1.9053945,458,9391,N,81.6666666666667,1,238
10055,50,1.09414575,263,9342,Y,83.3333333333333,2,238
10831,51,1.26887625,305,10055,N,85,2,238
10367,52,1.28551725,309,10831,N,86.6666666666667,2,238
9805,53,1.26887625,305,10367,N,88.3333333333333,2,238
10841,54,1.26055575,303,9805,N,90,2,238
10915,55,1.431126,344,10841,N,91.6666666666667,2,238
11434,56,1.5060105,362,10915,N,93.3333333333333,2,238
11270,57,1.4061645,338,11434,N,95,2,238
11935,58,1.3063185,314,11270,N,96.6666666666667,2,238
13093,59,1.44360675,347,11935,N,98.3333333333333,2,238
12516,60,1.763946,424,13093,N,100,2,238
13406,61,2.10092625,505,12516,N,101.666666666667,2,238
13926,62,2.01772125,485,13406,N,103.333333333333,2,238
13812,63,2.05100325,493,13926,N,105,2,238
12922,64,1.231434,296,13812,Y,106.666666666667,3,238
12306,65,1.23559425,297,12922,N,108.333333333333,3,238
14399,66,1.04422275,251,12306,N,110,3,238
15745,68,1.21063275,291,14399,N,113.333333333333,3,238
15419,69,1.5559335,374,15745,N,115,3,238
15521,70,1.74314475,419,15419,N,116.666666666667,3,238
2483,0,0.8736525,210,NA,N,0,0,239
2345,1,0.915255,220,2483,N,1.66666666666667,0,239
2389,2,0.94437675,227,2345,N,3.33333333333333,0,239
2641,3,0.965178,232,2389,N,5,0,239
2405,4,0.99846,240,2641,N,6.66666666666667,0,239
2338,5,1.05254325,253,2405,N,8.33333333333333,0,239
2896,6,1.07750475,259,2338,N,10,0,239
2413,7,1.09414575,263,2896,N,11.6666666666667,0,239
3592,8,1.11078675,267,2413,N,13.3333333333333,0,239
3308,9,1.114947,268,3592,N,15,0,239
3231,10,1.231434,296,3308,N,16.6666666666667,0,239
3697,11,1.12742775,271,3231,N,18.3333333333333,0,239
3069,12,1.16070975,279,3697,N,20,0,239
3607,13,1.17735075,283,3069,N,21.6666666666667,0,239
3945,14,1.16903025,281,3607,N,23.3333333333333,0,239
3766,15,1.28551725,309,3945,N,25,0,239
4339,16,1.26055575,303,3766,N,26.6666666666667,0,239
5149,17,1.248075,300,4339,N,28.3333333333333,0,239
4413,18,1.281357,308,5149,N,30,0,239
4655,19,1.397844,336,4413,N,31.6666666666667,0,239
5001,20,1.31879925,317,4655,N,33.3333333333333,0,239
4434,21,1.44360675,347,5001,N,35,0,239
4432,22,1.4560875,350,4434,N,36.6666666666667,0,239
4457,23,1.70986275,411,4432,N,38.3333333333333,0,239
5585,24,1.71818325,413,4457,N,40,0,239
5646,25,1.81802925,437,5585,N,41.6666666666667,0,239
5662,26,1.89291375,455,5646,N,43.3333333333333,0,239
5944,27,1.88459325,453,5662,N,45,0,239
6216,28,2.113407,508,5944,N,46.6666666666667,0,239
5448,29,1.11910725,269,6216,Y,48.3333333333333,1,239
5763,30,1.16487,280,5448,N,50,1,239
5653,31,1.181511,284,5763,N,51.6666666666667,1,239
6814,32,1.0400625,250,5653,N,53.3333333333333,1,239
7548,33,1.1232675,270,6814,N,55,1,239
6865,34,1.2563955,302,7548,N,56.6666666666667,1,239
6608,35,1.264716,304,6865,N,58.3333333333333,1,239
7096,36,1.34376075,323,6608,N,60,1,239
7301,37,1.34376075,323,7096,N,61.6666666666667,1,239
6880,38,1.35208125,325,7301,N,63.3333333333333,1,239
6463,39,1.447767,348,6880,N,65,1,239
7936,40,1.69322175,407,6463,N,66.6666666666667,1,239
7746,41,1.75978575,423,7936,N,68.3333333333333,1,239
8515,42,1.78474725,429,7746,N,70,1,239
8730,43,1.91787525,461,8515,N,71.6666666666667,1,239
8892,44,1.95947775,471,8730,N,73.3333333333333,1,239
8381,45,1.0567035,254,8892,Y,75,2,239
8154,46,0.93605625,225,8381,N,76.6666666666667,2,239
9225,47,1.01926125,245,8154,N,78.3333333333333,2,239
9507,48,1.0733445,258,9225,N,80,2,239
9692,49,1.21063275,291,9507,N,81.6666666666667,2,239
10172,50,1.2896775,310,9692,N,83.3333333333333,2,239
10682,51,1.40200425,337,10172,N,85,2,239
10257,52,1.3396005,322,10682,N,86.6666666666667,2,239
9929,53,1.26887625,305,10257,N,88.3333333333333,2,239
10533,54,1.31879925,317,9929,N,90,2,239
10772,55,1.53513225,369,10533,N,91.6666666666667,2,239
11236,56,1.5559335,374,10772,N,93.3333333333333,2,239
11142,57,1.74314475,419,11236,N,95,2,239
11879,58,1.90123425,457,11142,N,96.6666666666667,2,239
12968,59,2.20077225,529,11879,N,98.3333333333333,2,239
12452,60,1.148229,276,12968,Y,100,3,239
13328,61,1.1066265,266,12452,N,101.666666666667,3,239
13643,62,1.06086375,255,13328,N,103.333333333333,3,239
13713,63,1.08582525,261,13643,N,105,3,239
12155,65,1.25223525,301,13713,N,108.333333333333,3,239
14095,66,1.13574825,273,12155,N,110,3,239
14991,69,1.34376075,323,14095,N,115,3,239
15268,70,0.8736525,210,14991,Y,116.666666666667,4,239
2255,0,0.97765875,235,NA,N,0,0,240
2293,1,1.0400625,250,2255,N,1.66666666666667,0,240
2297,2,1.031742,248,2293,N,3.33333333333333,0,240
2521,3,1.081665,260,2297,N,5,0,240
2253,4,1.14406875,275,2521,N,6.66666666666667,0,240
2289,5,1.06918425,257,2253,N,8.33333333333333,0,240
2644,6,1.17735075,283,2289,N,10,0,240
2323,7,1.231434,296,2644,N,11.6666666666667,0,240
3552,8,1.25223525,301,2323,N,13.3333333333333,0,240
3275,9,1.2563955,302,3552,N,15,0,240
3181,10,1.48520925,357,3275,N,16.6666666666667,0,240
3659,11,1.28551725,309,3181,N,18.3333333333333,0,240
3054,12,1.4061645,338,3659,N,20,0,240
3569,13,1.40200425,337,3054,N,21.6666666666667,0,240
3918,14,1.2397545,298,3569,N,23.3333333333333,0,240
3731,15,1.21063275,291,3918,N,25,0,240
4184,16,1.57673475,379,3731,N,26.6666666666667,0,240
5129,17,1.58505525,381,4184,N,28.3333333333333,0,240
4305,18,1.6058565,386,5129,N,30,0,240
4527,19,1.65993975,399,4305,N,31.6666666666667,0,240
4969,20,1.74314475,419,4527,N,33.3333333333333,0,240
4349,21,1.94283675,467,4969,N,35,0,240
4293,22,1.89291375,455,4349,N,36.6666666666667,0,240
4348,23,1.94283675,467,4293,N,38.3333333333333,0,240
5476,24,2.4212655,582,4348,N,40,0,240
5555,25,2.30061825,553,5476,N,41.6666666666667,0,240
5586,26,2.50863075,603,5555,N,43.3333333333333,0,240
5830,27,2.40046425,577,5586,N,45,0,240
6181,28,1.0067805,242,5830,Y,46.6666666666667,1,240
5470,29,1.14406875,275,6181,N,48.3333333333333,1,240
5798,30,1.1232675,270,5470,N,50,1,240
5844,31,1.10246625,265,5798,N,51.6666666666667,1,240
6829,32,1.114947,268,5844,N,53.3333333333333,1,240
7558,33,1.314639,316,6829,N,55,1,240
7127,34,1.3229595,318,7558,N,56.6666666666667,1,240
6613,35,1.26055575,303,7127,N,58.3333333333333,1,240
7112,36,1.31879925,317,6613,N,60,1,240
7307,37,1.0067805,242,7112,N,61.6666666666667,1,240
6893,38,1.01094075,243,7307,N,63.3333333333333,1,240
6470,39,1.2231135,294,6893,N,65,1,240
7942,40,1.40200425,337,6470,N,66.6666666666667,1,240
7752,41,1.40200425,337,7942,N,68.3333333333333,1,240
8541,42,1.37704275,331,7752,N,70,1,240
8736,43,1.38536325,333,8541,N,71.6666666666667,1,240
8915,44,1.60169625,385,8736,N,73.3333333333333,1,240
8339,45,1.897074,456,8915,N,75,1,240
8115,46,1.95947775,471,8339,N,76.6666666666667,1,240
9186,47,1.7556255,422,8115,N,78.3333333333333,1,240
9462,48,2.25069525,541,9186,N,80,1,240
9649,49,1.913715,460,9462,N,81.6666666666667,1,240
10125,50,0.94437675,227,9649,Y,83.3333333333333,2,240
11349,51,1.131588,272,10125,N,85,2,240
10456,52,1.148229,276,11349,N,86.6666666666667,2,240
9890,53,1.07750475,259,10456,N,88.3333333333333,2,240
10960,54,1.13574825,273,9890,N,90,2,240
11005,55,1.264716,304,10960,N,91.6666666666667,2,240
11613,56,1.447767,348,11005,N,93.3333333333333,2,240
11486,57,1.31879925,317,11613,N,95,2,240
11986,58,1.52681175,367,11486,N,96.6666666666667,2,240
13158,59,1.414485,340,11986,N,98.3333333333333,2,240
12564,60,1.76810625,425,13158,N,100,2,240
13465,61,0.86949225,209,12564,Y,101.666666666667,3,240
14130,62,0.86949225,209,13465,N,103.333333333333,3,240
13950,63,0.86949225,209,14130,N,105,3,240
12884,64,0.94437675,227,13950,N,106.666666666667,3,240
12290,65,0.94437675,227,12884,N,108.333333333333,3,240
14385,66,1.081665,260,12290,N,110,3,240
14734,67,1.081665,260,14385,N,111.666666666667,3,240
15685,68,1.00262025,241,14734,N,113.333333333333,3,240
15357,69,1.13574825,273,15685,N,115,3,240
15452,70,1.1232675,270,15357,N,116.666666666667,3,240
2255,0,0.97765875,235,NA,N,0,0,241
2293,1,1.0400625,250,2255,N,1.66666666666667,0,241
2297,2,1.031742,248,2293,N,3.33333333333333,0,241
2521,3,1.081665,260,2297,N,5,0,241
2253,4,1.14406875,275,2521,N,6.66666666666667,0,241
2289,5,1.06918425,257,2253,N,8.33333333333333,0,241
2644,6,1.17735075,283,2289,N,10,0,241
2323,7,1.231434,296,2644,N,11.6666666666667,0,241
3552,8,1.25223525,301,2323,N,13.3333333333333,0,241
3275,9,1.2563955,302,3552,N,15,0,241
3181,10,1.48520925,357,3275,N,16.6666666666667,0,241
3659,11,1.28551725,309,3181,N,18.3333333333333,0,241
3054,12,1.4061645,338,3659,N,20,0,241
3569,13,1.40200425,337,3054,N,21.6666666666667,0,241
3918,14,1.2397545,298,3569,N,23.3333333333333,0,241
3731,15,1.21063275,291,3918,N,25,0,241
4184,16,1.57673475,379,3731,N,26.6666666666667,0,241
5129,17,1.58505525,381,4184,N,28.3333333333333,0,241
4305,18,1.6058565,386,5129,N,30,0,241
4527,19,1.65993975,399,4305,N,31.6666666666667,0,241
4969,20,1.74314475,419,4527,N,33.3333333333333,0,241
4349,21,1.94283675,467,4969,N,35,0,241
4293,22,1.89291375,455,4349,N,36.6666666666667,0,241
4348,23,1.94283675,467,4293,N,38.3333333333333,0,241
5476,24,2.4212655,582,4348,N,40,0,241
5555,25,2.30061825,553,5476,N,41.6666666666667,0,241
5586,26,2.50863075,603,5555,N,43.3333333333333,0,241
5830,27,2.40046425,577,5586,N,45,0,241
6183,28,1.281357,308,5830,Y,46.6666666666667,1,241
5474,29,1.4061645,338,6183,N,48.3333333333333,1,241
5793,30,1.431126,344,5474,N,50,1,241
5680,31,1.547613,372,5793,N,51.6666666666667,1,241
6826,32,1.57673475,379,5680,N,53.3333333333333,1,241
7557,33,1.747305,420,6826,N,55,1,241
7124,34,1.730664,416,7557,N,56.6666666666667,1,241
6612,35,1.83051,440,7124,N,58.3333333333333,1,241
7108,36,1.730664,416,6612,N,60,1,241
7306,37,1.7223435,414,7108,N,61.6666666666667,1,241
6891,38,1.77642675,427,7306,N,63.3333333333333,1,241
6469,39,1.95115725,469,6891,N,65,1,241
7941,40,2.279817,548,6469,N,66.6666666666667,1,241
7751,41,2.28397725,549,7941,N,68.3333333333333,1,241
8540,42,2.4379065,586,7751,N,70,1,241
8735,43,2.47534875,595,8540,N,71.6666666666667,1,241
8917,44,1.17735075,283,8735,Y,73.3333333333333,2,241
8340,45,1.281357,308,8917,N,75,2,241
8116,46,1.297998,312,8340,N,76.6666666666667,2,241
9187,47,1.51017075,363,8116,N,78.3333333333333,2,241
9463,48,1.481049,356,9187,N,80,2,241
9650,49,1.46024775,351,9463,N,81.6666666666667,2,241
10126,50,1.5226515,366,9650,N,83.3333333333333,2,241
11351,51,1.76810625,425,10126,N,85,2,241
10455,52,1.714023,412,11351,N,86.6666666666667,2,241
9891,53,2.080125,500,10455,N,88.3333333333333,2,241
10962,54,2.16333,520,9891,N,90,2,241
11007,55,2.20909275,531,10962,N,91.6666666666667,2,241
11614,56,2.35054125,565,11007,N,93.3333333333333,2,241
11491,57,2.15916975,519,11614,N,95,2,241
11987,58,2.4545475,590,11491,N,96.6666666666667,2,241
13159,59,2.529432,608,11987,N,98.3333333333333,2,241
12565,60,1.2231135,294,13159,Y,100,3,241
13467,61,1.26055575,303,12565,N,101.666666666667,3,241
14133,62,1.51849125,365,13467,N,103.333333333333,3,241
13955,63,1.73482425,417,14133,N,105,3,241
12888,64,1.8554715,446,13955,N,106.666666666667,3,241
12291,65,1.95115725,469,12888,N,108.333333333333,3,241
14386,66,1.65161925,397,12291,N,110,3,241
14735,67,1.75146525,421,14386,N,111.666666666667,3,241
15690,68,2.11756725,509,14735,N,113.333333333333,3,241
15360,69,1.10246625,265,15690,Y,115,4,241
15454,70,1.16903025,281,15360,N,116.666666666667,4,241
2273,0,0.98597925,237,NA,N,0,0,242
2314,1,1.0234215,246,2273,N,1.66666666666667,0,242
2344,2,1.01926125,245,2314,N,3.33333333333333,0,242
2562,3,1.11078675,267,2344,N,5,0,242
2370,4,1.198152,288,2562,N,6.66666666666667,0,242
2307,5,1.2064725,290,2370,N,8.33333333333333,0,242
2834,6,1.131588,272,2307,N,10,0,242
2346,7,1.18567125,285,2834,N,11.6666666666667,0,242
3567,8,1.214793,292,2346,N,13.3333333333333,0,242
3289,9,1.2064725,290,3567,N,15,0,242
3203,10,1.21895325,293,3289,N,16.6666666666667,0,242
3676,11,1.21063275,291,3203,N,18.3333333333333,0,242
3061,12,1.28551725,309,3676,N,20,0,242
3585,13,1.28551725,309,3061,N,21.6666666666667,0,242
3927,14,1.281357,308,3585,N,23.3333333333333,0,242
3742,15,1.31047875,315,3927,N,25,0,242
4280,16,1.464408,352,3742,N,26.6666666666667,0,242
5138,17,1.4394465,346,4280,N,28.3333333333333,0,242
4371,18,1.431126,344,5138,N,30,0,242
4570,19,1.49352975,359,4371,N,31.6666666666667,0,242
4984,20,1.481049,356,4570,N,33.3333333333333,0,242
4372,21,1.49352975,359,4984,N,35,0,242
4318,22,1.51017075,363,4372,N,36.6666666666667,0,242
4378,23,1.49769,360,4318,N,38.3333333333333,0,242
5531,24,1.7057025,410,4378,N,40,0,242
5599,25,1.83467025,441,5531,N,41.6666666666667,0,242
5613,26,1.84299075,443,5599,N,43.3333333333333,0,242
5884,27,1.92619575,463,5613,N,45,0,242
6194,28,2.0052405,482,5884,N,46.6666666666667,0,242
5506,29,2.13420825,513,6194,N,48.3333333333333,0,242
5829,30,2.313099,556,5506,N,50,0,242
5881,31,2.49615,600,5829,N,51.6666666666667,0,242
6873,32,2.612637,628,5881,N,53.3333333333333,0,242
7669,33,1.248075,300,6873,Y,55,1,242
7540,34,1.34376075,323,7669,N,56.6666666666667,1,242
6704,35,1.4727285,354,7540,N,58.3333333333333,1,242
7424,36,1.58505525,381,6704,N,60,1,242
7400,37,1.630818,392,7424,N,61.6666666666667,1,242
7146,38,1.51849125,365,7400,N,63.3333333333333,1,242
6596,39,1.7389845,418,7146,N,65,1,242
8041,40,1.79306775,431,6596,N,66.6666666666667,1,242
7860,41,1.8388305,442,8041,N,68.3333333333333,1,242
8651,42,1.9719585,474,7860,N,70,1,242
8909,43,2.179971,524,8651,N,71.6666666666667,1,242
9102,44,2.1217275,510,8909,N,73.3333333333333,1,242
9055,45,2.05100325,493,9102,N,75,1,242
8251,46,2.27565675,547,9055,N,76.6666666666667,1,242
9327,47,2.59183575,623,8251,N,78.3333333333333,1,242
9499,48,1.2231135,294,9327,Y,80,2,242
9682,49,1.34376075,323,9499,N,81.6666666666667,2,242
10163,50,1.44360675,347,9682,N,83.3333333333333,2,242
11442,51,1.52681175,367,10163,N,85,2,242
10495,52,1.57673475,379,11442,N,86.6666666666667,2,242
9921,53,1.5559335,374,10495,N,88.3333333333333,2,242
11004,54,1.6641,400,9921,N,90,2,242
11346,55,1.8887535,454,11004,N,91.6666666666667,2,242
11684,56,1.64329875,395,11346,N,93.3333333333333,2,242
11626,57,2.15916975,519,11684,N,95,2,242
12007,58,2.27565675,547,11626,N,96.6666666666667,2,242
12895,59,1.01926125,245,12007,Y,98.3333333333333,3,242
12415,60,1.281357,308,12895,N,100,3,242
13281,61,1.15238925,277,12415,N,101.666666666667,3,242
13594,62,1.17735075,283,13281,N,103.333333333333,3,242
13664,63,1.21895325,293,13594,N,105,3,242
12626,64,1.181511,284,13664,N,106.666666666667,3,242
12102,65,1.397844,336,12626,N,108.333333333333,3,242
13965,66,1.44360675,347,12102,N,110,3,242
14565,67,1.5392925,370,13965,N,111.666666666667,3,242
15054,68,1.797228,432,14565,N,113.333333333333,3,242
14875,69,1.9386765,466,15054,N,115,3,242
14930,70,1.96779825,473,14875,N,116.666666666667,3,242
2273,0,0.98597925,237,NA,N,0,0,243
2314,1,1.0234215,246,2273,N,1.66666666666667,0,243
2344,2,1.01926125,245,2314,N,3.33333333333333,0,243
2562,3,1.11078675,267,2344,N,5,0,243
2370,4,1.198152,288,2562,N,6.66666666666667,0,243
2307,5,1.2064725,290,2370,N,8.33333333333333,0,243
2834,6,1.131588,272,2307,N,10,0,243
2346,7,1.18567125,285,2834,N,11.6666666666667,0,243
3567,8,1.214793,292,2346,N,13.3333333333333,0,243
3289,9,1.2064725,290,3567,N,15,0,243
3203,10,1.21895325,293,3289,N,16.6666666666667,0,243
3676,11,1.21063275,291,3203,N,18.3333333333333,0,243
3061,12,1.28551725,309,3676,N,20,0,243
3585,13,1.28551725,309,3061,N,21.6666666666667,0,243
3927,14,1.281357,308,3585,N,23.3333333333333,0,243
3742,15,1.31047875,315,3927,N,25,0,243
4280,16,1.464408,352,3742,N,26.6666666666667,0,243
5138,17,1.4394465,346,4280,N,28.3333333333333,0,243
4371,18,1.431126,344,5138,N,30,0,243
4570,19,1.49352975,359,4371,N,31.6666666666667,0,243
4984,20,1.481049,356,4570,N,33.3333333333333,0,243
4372,21,1.49352975,359,4984,N,35,0,243
4318,22,1.51017075,363,4372,N,36.6666666666667,0,243
4378,23,1.49769,360,4318,N,38.3333333333333,0,243
5531,24,1.7057025,410,4378,N,40,0,243
5599,25,1.83467025,441,5531,N,41.6666666666667,0,243
5613,26,1.84299075,443,5599,N,43.3333333333333,0,243
5884,27,1.92619575,463,5613,N,45,0,243
6194,28,2.0052405,482,5884,N,46.6666666666667,0,243
5506,29,2.13420825,513,6194,N,48.3333333333333,0,243
5829,30,2.313099,556,5506,N,50,0,243
5881,31,2.49615,600,5829,N,51.6666666666667,0,243
6873,32,2.612637,628,5881,N,53.3333333333333,0,243
7669,33,1.248075,300,6873,Y,55,1,243
7540,34,1.34376075,323,7669,N,56.6666666666667,1,243
6704,35,1.4727285,354,7540,N,58.3333333333333,1,243
7424,36,1.58505525,381,6704,N,60,1,243
7400,37,1.630818,392,7424,N,61.6666666666667,1,243
7146,38,1.51849125,365,7400,N,63.3333333333333,1,243
6596,39,1.7389845,418,7146,N,65,1,243
8041,40,1.79306775,431,6596,N,66.6666666666667,1,243
7860,41,1.8388305,442,8041,N,68.3333333333333,1,243
8651,42,1.9719585,474,7860,N,70,1,243
8909,43,2.179971,524,8651,N,71.6666666666667,1,243
9102,44,2.1217275,510,8909,N,73.3333333333333,1,243
9055,45,2.05100325,493,9102,N,75,1,243
8251,46,2.27565675,547,9055,N,76.6666666666667,1,243
9327,47,2.59183575,623,8251,N,78.3333333333333,1,243
9499,48,1.2231135,294,9327,Y,80,2,243
9682,49,1.34376075,323,9499,N,81.6666666666667,2,243
10163,50,1.44360675,347,9682,N,83.3333333333333,2,243
11442,51,1.52681175,367,10163,N,85,2,243
10495,52,1.57673475,379,11442,N,86.6666666666667,2,243
9921,53,1.5559335,374,10495,N,88.3333333333333,2,243
11004,54,1.6641,400,9921,N,90,2,243
11346,55,1.8887535,454,11004,N,91.6666666666667,2,243
11684,56,1.64329875,395,11346,N,93.3333333333333,2,243
11626,57,2.15916975,519,11684,N,95,2,243
12007,58,2.27565675,547,11626,N,96.6666666666667,2,243
13276,59,1.13574825,273,12007,Y,98.3333333333333,3,243
12757,60,1.3063185,314,13276,N,100,3,243
13577,61,1.13574825,273,12757,N,101.666666666667,3,243
14520,62,1.13574825,273,13577,N,103.333333333333,3,243
14297,63,1.1565495,278,14520,N,105,3,243
13109,64,1.32711975,319,14297,N,106.666666666667,3,243
12399,65,1.6890615,406,13109,N,108.333333333333,3,243
14537,66,1.680741,404,12399,N,110,3,243
14851,67,1.93451625,465,14537,N,111.666666666667,3,243
15907,68,1.01926125,245,14851,Y,113.333333333333,4,243
15746,69,1.06086375,255,15907,N,115,4,243
15834,70,1.114947,268,15746,N,116.666666666667,4,243
2550,0,1.14406875,275,NA,N,0,0,244
2372,1,1.2896775,310,2550,N,1.66666666666667,0,244
2474,2,1.33544025,321,2372,N,3.33333333333333,0,244
2665,3,1.41864525,341,2474,N,5,0,244
2451,4,1.5392925,370,2665,N,6.66666666666667,0,244
2418,5,1.564254,376,2451,N,8.33333333333333,0,244
2932,6,1.56009375,375,2418,N,10,0,244
2450,7,1.5392925,370,2932,N,11.6666666666667,0,244
3612,8,0.782127,188,2450,Y,13.3333333333333,1,244
3320,9,0.8403705,202,3612,N,15,1,244
3241,10,0.981819,236,3320,N,16.6666666666667,1,244
3710,11,0.948537,228,3241,N,18.3333333333333,1,244
3075,12,0.95269725,229,3710,N,20,1,244
3626,13,0.898614,216,3075,N,21.6666666666667,1,244
3951,14,0.948537,228,3626,N,23.3333333333333,1,244
3777,15,0.96933825,233,3951,N,25,1,244
4358,16,0.91941525,221,3777,N,26.6666666666667,1,244
5156,17,0.87781275,211,4358,N,28.3333333333333,1,244
4455,18,0.91941525,221,5156,N,30,1,244
4689,19,0.9402165,226,4455,N,31.6666666666667,1,244
5008,20,0.94437675,227,4689,N,33.3333333333333,1,244
4479,21,0.98597925,237,5008,N,35,1,244
4459,22,0.99429975,239,4479,N,36.6666666666667,1,244
4503,23,1.031742,248,4459,N,38.3333333333333,1,244
5615,24,1.09414575,263,4503,N,40,1,244
5686,25,1.1731905,282,5615,N,41.6666666666667,1,244
5714,26,1.214793,292,5686,N,43.3333333333333,1,244
5989,27,1.23559425,297,5714,N,45,1,244
6222,28,1.347921,324,5989,N,46.6666666666667,1,244
5574,29,1.39368375,335,6222,N,48.3333333333333,1,244
5984,30,1.464408,352,5574,N,50,1,244
5966,31,1.39368375,335,5984,N,51.6666666666667,1,244
6909,32,1.381203,332,5966,N,53.3333333333333,1,244
7583,33,1.630818,392,6909,N,55,1,244
7183,34,1.514331,364,7583,N,56.6666666666667,1,244
6638,35,1.6724205,402,7183,N,58.3333333333333,1,244
7176,36,1.7057025,410,6638,N,60,1,244
7336,37,1.85131125,445,7176,N,61.6666666666667,1,244
6952,38,1.95115725,469,7336,N,63.3333333333333,1,244
6523,39,2.25901575,543,6952,N,65,1,244
7968,40,2.1716505,522,6523,N,66.6666666666667,1,244
7780,41,2.16333,520,7968,N,68.3333333333333,1,244
8569,42,1.181511,284,7780,Y,70,2,244
8787,43,1.09414575,263,8569,N,71.6666666666667,2,244
8965,44,1.198152,288,8787,N,73.3333333333333,2,244
8383,45,1.181511,284,8965,N,75,2,244
8155,46,1.33544025,321,8383,N,76.6666666666667,2,244
9226,47,1.40200425,337,8155,N,78.3333333333333,2,244
9508,48,1.5892155,382,9226,N,80,2,244
9693,49,1.4893695,358,9508,N,81.6666666666667,2,244
10174,50,1.47688875,355,9693,N,83.3333333333333,2,244
11477,51,1.4560875,350,10174,N,85,2,244
10519,52,1.71818325,413,11477,N,86.6666666666667,2,244
9930,53,1.77642675,427,10519,N,88.3333333333333,2,244
11012,54,1.8887535,454,9930,N,90,2,244
11369,55,1.00262025,241,11012,Y,91.6666666666667,3,244
11708,56,1.05254325,253,11369,N,93.3333333333333,3,244
11644,57,1.01926125,245,11708,N,95,3,244
12013,58,0.96933825,233,11644,N,96.6666666666667,3,244
13191,59,1.01094075,243,12013,N,98.3333333333333,3,244
12610,60,1.098306,264,13191,N,100,3,244
13496,61,1.431126,344,12610,N,101.666666666667,3,244
14233,62,1.54345275,371,13496,N,103.333333333333,3,244
14050,63,1.74314475,419,14233,N,105,3,244
12960,64,1.7722665,426,14050,N,106.666666666667,3,244
12324,65,1.081665,260,12960,Y,108.333333333333,4,244
14770,67,1.09414575,263,12324,N,111.666666666667,4,244
15792,68,1.1565495,278,14770,N,113.333333333333,4,244
15482,69,1.16070975,279,15792,N,115,4,244
15588,70,1.148229,276,15482,N,116.666666666667,4,244
2044,0,0.90277425,217,NA,N,0,0,245
2046,1,1.03590225,249,2044,N,1.66666666666667,0,245
2042,2,1.05254325,253,2046,N,3.33333333333333,0,245
2051,3,0.9901395,238,2042,N,5,0,245
2036,4,1.0899855,262,2051,N,6.66666666666667,0,245
2040,5,1.19399175,287,2036,N,8.33333333333333,0,245
2097,6,1.26055575,303,2040,N,10,0,245
2027,7,1.27719675,307,2097,N,11.6666666666667,0,245
3448,8,1.40200425,337,2027,N,13.3333333333333,0,245
3180,9,1.40200425,337,3448,N,15,0,245
3100,10,1.364562,328,3180,N,16.6666666666667,0,245
3419,11,1.46024775,351,3100,N,18.3333333333333,0,245
3013,12,1.397844,336,3419,N,20,0,245
3469,13,1.4893695,358,3013,N,21.6666666666667,0,245
3434,14,1.47688875,355,3469,N,23.3333333333333,0,245
3435,15,1.53513225,369,3434,N,25,0,245
4089,16,1.431126,344,3435,N,26.6666666666667,0,245
5087,17,1.514331,364,4089,N,28.3333333333333,0,245
4098,18,1.49352975,359,5087,N,30,0,245
4118,19,1.51849125,365,4098,N,31.6666666666667,0,245
4500,20,1.6641,400,4118,N,33.3333333333333,0,245
4147,21,1.61001675,387,4500,N,35,0,245
4103,22,1.647459,396,4147,N,36.6666666666667,0,245
4251,23,1.71818325,413,4103,N,38.3333333333333,0,245
5258,24,1.85131125,445,4251,N,40,0,245
5354,25,1.797228,432,5258,N,41.6666666666667,0,245
5382,26,1.913715,460,5354,N,43.3333333333333,0,245
5346,27,2.00940075,483,5382,N,45,0,245
5370,28,2.3879835,574,5346,N,46.6666666666667,0,245
5242,29,1.2064725,290,5370,Y,48.3333333333333,1,245
5326,30,1.0400625,250,5242,N,50,1,245
5444,31,1.19399175,287,5326,N,51.6666666666667,1,245
6721,32,1.21063275,291,5444,N,53.3333333333333,1,245
7438,33,1.397844,336,6721,N,55,1,245
6754,34,1.36872225,329,7438,N,56.6666666666667,1,245
6431,35,1.414485,340,6754,N,58.3333333333333,1,245
6961,36,1.414485,340,6431,N,60,1,245
7251,37,1.35208125,325,6961,N,61.6666666666667,1,245
6766,38,1.46856825,353,7251,N,63.3333333333333,1,245
6410,39,1.62665775,391,6766,N,65,1,245
7879,40,1.58505525,381,6410,N,66.6666666666667,1,245
7690,41,1.8887535,454,7879,N,68.3333333333333,1,245
8413,42,1.7722665,426,7690,N,70,1,245
8670,43,1.79306775,431,8413,N,71.6666666666667,1,245
8508,44,1.96779825,473,8670,N,73.3333333333333,1,245
8274,45,1.05254325,253,8508,Y,75,2,245
9190,47,1.07750475,259,8274,N,78.3333333333333,2,245
9466,48,1.11078675,267,9190,N,80,2,245
9651,49,1.264716,304,9466,N,81.6666666666667,2,245
10128,50,1.33544025,321,9651,N,83.3333333333333,2,245
11354,51,1.51849125,365,10128,N,85,2,245
10458,52,1.50185025,361,11354,N,86.6666666666667,2,245
9893,53,1.580895,380,10458,N,88.3333333333333,2,245
10964,54,1.730664,416,9893,N,90,2,245
11279,55,1.78474725,429,10964,N,91.6666666666667,2,245
11619,56,1.83051,440,11279,N,93.3333333333333,2,245
11496,57,2.0218815,486,11619,N,95,2,245
11988,58,1.7223435,414,11496,N,96.6666666666667,2,245
13160,59,2.096766,504,11988,N,98.3333333333333,2,245
12567,60,1.2730365,306,13160,Y,100,3,245
2711,0,1.6724205,402,NA,N,0,0,246
2579,1,1.89291375,455,2711,N,1.66666666666667,0,246
2763,2,1.847151,444,2579,N,3.33333333333333,0,246
2781,3,1.6058565,386,2763,N,5,0,246
2557,4,1.8554715,446,2781,N,6.66666666666667,0,246
2551,5,1.7057025,410,2557,N,8.33333333333333,0,246
2969,6,2.01772125,485,2551,N,10,0,246
2620,7,2.12588775,511,2969,N,11.6666666666667,0,246
3701,8,1.065024,256,2620,Y,13.3333333333333,1,246
3367,9,1.098306,264,3701,N,15,1,246
3291,10,1.06918425,257,3367,N,16.6666666666667,1,246
4040,11,1.0067805,242,3291,N,18.3333333333333,1,246
3121,12,1.1399085,274,4040,N,20,1,246
3813,13,1.26887625,305,3121,N,21.6666666666667,1,246
3977,14,1.24391475,299,3813,N,23.3333333333333,1,246
3818,15,1.29383775,311,3977,N,25,1,246
4581,16,1.41032475,339,3818,N,26.6666666666667,1,246
5192,17,1.431126,344,4581,N,28.3333333333333,1,246
4775,18,1.364562,328,5192,N,30,1,246
4850,19,1.447767,348,4775,N,31.6666666666667,1,246
5037,20,1.48520925,357,4850,N,33.3333333333333,1,246
4681,21,1.680741,404,5037,N,35,1,246
4700,22,1.7057025,410,4681,N,36.6666666666667,1,246
4673,23,2.08428525,501,4700,N,38.3333333333333,1,246
5864,25,0.83205,200,4673,Y,41.6666666666667,2,246
5866,27,0.8403705,202,5864,N,45,2,246
6192,28,1.1898315,286,5866,N,46.6666666666667,2,246
5497,29,1.114947,268,6192,N,48.3333333333333,2,246
5823,30,1.36040175,327,5497,N,50,2,246
5873,31,1.3396005,322,5823,N,51.6666666666667,2,246
6868,32,1.381203,332,5873,N,53.3333333333333,2,246
7565,33,1.597536,384,6868,N,55,2,246
7140,34,1.61833725,389,7565,N,56.6666666666667,2,246
6619,35,1.68490125,405,7140,N,58.3333333333333,2,246
7122,36,1.79306775,431,6619,N,60,2,246
7312,37,2.09260575,503,7122,N,61.6666666666667,2,246
6901,38,2.013561,484,7312,N,63.3333333333333,2,246
6479,39,2.0884455,502,6901,N,65,2,246
7946,40,0.898614,216,6479,Y,66.6666666666667,3,246
7756,41,1.08582525,261,7946,N,68.3333333333333,3,246
8544,42,1.02758175,247,7756,N,70,3,246
8740,43,1.2231135,294,8544,N,71.6666666666667,3,246
8925,44,1.17735075,283,8740,N,73.3333333333333,3,246
8345,45,1.26055575,303,8925,N,75,3,246
2711,0,1.6724205,402,NA,N,0,0,247
2579,1,1.89291375,455,2711,N,1.66666666666667,0,247
2763,2,1.847151,444,2579,N,3.33333333333333,0,247
2781,3,1.6058565,386,2763,N,5,0,247
2557,4,1.8554715,446,2781,N,6.66666666666667,0,247
2551,5,1.7057025,410,2557,N,8.33333333333333,0,247
2969,6,2.01772125,485,2551,N,10,0,247
2620,7,2.12588775,511,2969,N,11.6666666666667,0,247
3701,8,1.065024,256,2620,Y,13.3333333333333,1,247
3367,9,1.098306,264,3701,N,15,1,247
3291,10,1.06918425,257,3367,N,16.6666666666667,1,247
4040,11,1.0067805,242,3291,N,18.3333333333333,1,247
3121,12,1.1399085,274,4040,N,20,1,247
3813,13,1.26887625,305,3121,N,21.6666666666667,1,247
3977,14,1.24391475,299,3813,N,23.3333333333333,1,247
3818,15,1.29383775,311,3977,N,25,1,247
4581,16,1.41032475,339,3818,N,26.6666666666667,1,247
5192,17,1.431126,344,4581,N,28.3333333333333,1,247
4775,18,1.364562,328,5192,N,30,1,247
4850,19,1.447767,348,4775,N,31.6666666666667,1,247
5037,20,1.48520925,357,4850,N,33.3333333333333,1,247
4681,21,1.680741,404,5037,N,35,1,247
4700,22,1.7057025,410,4681,N,36.6666666666667,1,247
4673,23,2.08428525,501,4700,N,38.3333333333333,1,247
5864,25,0.83205,200,4673,Y,41.6666666666667,2,247
5866,27,0.8403705,202,5864,N,45,2,247
6192,28,1.1898315,286,5866,N,46.6666666666667,2,247
5497,29,1.114947,268,6192,N,48.3333333333333,2,247
5823,30,1.36040175,327,5497,N,50,2,247
5873,31,1.3396005,322,5823,N,51.6666666666667,2,247
6868,32,1.381203,332,5873,N,53.3333333333333,2,247
7565,33,1.597536,384,6868,N,55,2,247
7140,34,1.61833725,389,7565,N,56.6666666666667,2,247
6619,35,1.68490125,405,7140,N,58.3333333333333,2,247
7122,36,1.79306775,431,6619,N,60,2,247
7312,37,2.09260575,503,7122,N,61.6666666666667,2,247
6901,38,2.013561,484,7312,N,63.3333333333333,2,247
6479,39,2.0884455,502,6901,N,65,2,247
7947,40,0.965178,232,6479,Y,66.6666666666667,3,247
7757,41,1.24391475,299,7947,N,68.3333333333333,3,247
8545,42,1.198152,288,7757,N,70,3,247
8741,43,1.248075,300,8545,N,71.6666666666667,3,247
8926,44,1.28551725,309,8741,N,73.3333333333333,3,247
8346,45,1.39368375,335,8926,N,75,3,247
8123,46,1.381203,332,8346,N,76.6666666666667,3,247
9194,47,1.42696575,343,8123,N,78.3333333333333,3,247
9472,48,1.6391385,394,9194,N,80,3,247
9655,49,1.747305,420,9472,N,81.6666666666667,3,247
10134,50,1.90955475,459,9655,N,83.3333333333333,3,247
11362,51,1.95947775,471,10134,N,85,3,247
10466,52,1.98443925,477,11362,N,86.6666666666667,3,247
9897,53,2.03436225,489,10466,N,88.3333333333333,3,247
10971,54,2.32557975,559,9897,N,90,3,247
11292,55,2.14252875,515,10971,N,91.6666666666667,3,247
11636,56,1.181511,284,11292,Y,93.3333333333333,4,247
11514,57,1.20231225,289,11636,N,95,4,247
11991,58,1.131588,272,11514,N,96.6666666666667,4,247
13163,59,1.481049,356,11991,N,98.3333333333333,4,247
12568,60,1.57673475,379,13163,N,100,4,247
13469,61,1.6391385,394,12568,N,101.666666666667,4,247
14145,62,1.50185025,361,13469,N,103.333333333333,4,247
13970,63,1.70154225,409,14145,N,105,4,247
2711,0,1.6724205,402,NA,N,0,0,248
2579,1,1.89291375,455,2711,N,1.66666666666667,0,248
2763,2,1.847151,444,2579,N,3.33333333333333,0,248
2781,3,1.6058565,386,2763,N,5,0,248
2557,4,1.8554715,446,2781,N,6.66666666666667,0,248
2551,5,1.7057025,410,2557,N,8.33333333333333,0,248
2969,6,2.01772125,485,2551,N,10,0,248
2620,7,2.12588775,511,2969,N,11.6666666666667,0,248
3701,8,1.065024,256,2620,Y,13.3333333333333,1,248
3367,9,1.098306,264,3701,N,15,1,248
3291,10,1.06918425,257,3367,N,16.6666666666667,1,248
4040,11,1.0067805,242,3291,N,18.3333333333333,1,248
3121,12,1.1399085,274,4040,N,20,1,248
3813,13,1.26887625,305,3121,N,21.6666666666667,1,248
3977,14,1.24391475,299,3813,N,23.3333333333333,1,248
3818,15,1.29383775,311,3977,N,25,1,248
4581,16,1.41032475,339,3818,N,26.6666666666667,1,248
5192,17,1.431126,344,4581,N,28.3333333333333,1,248
4775,18,1.364562,328,5192,N,30,1,248
4850,19,1.447767,348,4775,N,31.6666666666667,1,248
5037,20,1.48520925,357,4850,N,33.3333333333333,1,248
4681,21,1.680741,404,5037,N,35,1,248
4700,22,1.7057025,410,4681,N,36.6666666666667,1,248
4673,23,2.08428525,501,4700,N,38.3333333333333,1,248
5864,25,0.83205,200,4673,Y,41.6666666666667,2,248
5866,27,0.8403705,202,5864,N,45,2,248
6192,28,1.1898315,286,5866,N,46.6666666666667,2,248
5497,29,1.114947,268,6192,N,48.3333333333333,2,248
5823,30,1.36040175,327,5497,N,50,2,248
5873,31,1.3396005,322,5823,N,51.6666666666667,2,248
6868,32,1.381203,332,5873,N,53.3333333333333,2,248
7565,33,1.597536,384,6868,N,55,2,248
7140,34,1.61833725,389,7565,N,56.6666666666667,2,248
6619,35,1.68490125,405,7140,N,58.3333333333333,2,248
7122,36,1.79306775,431,6619,N,60,2,248
7312,37,2.09260575,503,7122,N,61.6666666666667,2,248
6901,38,2.013561,484,7312,N,63.3333333333333,2,248
6479,39,2.0884455,502,6901,N,65,2,248
7947,40,0.965178,232,6479,Y,66.6666666666667,3,248
7757,41,1.24391475,299,7947,N,68.3333333333333,3,248
8545,42,1.198152,288,7757,N,70,3,248
8741,43,1.248075,300,8545,N,71.6666666666667,3,248
8926,44,1.28551725,309,8741,N,73.3333333333333,3,248
8346,45,1.39368375,335,8926,N,75,3,248
8123,46,1.381203,332,8346,N,76.6666666666667,3,248
9194,47,1.42696575,343,8123,N,78.3333333333333,3,248
9472,48,1.6391385,394,9194,N,80,3,248
9655,49,1.747305,420,9472,N,81.6666666666667,3,248
10134,50,1.90955475,459,9655,N,83.3333333333333,3,248
11362,51,1.95947775,471,10134,N,85,3,248
10466,52,1.98443925,477,11362,N,86.6666666666667,3,248
9897,53,2.03436225,489,10466,N,88.3333333333333,3,248
10971,54,2.32557975,559,9897,N,90,3,248
11292,55,2.14252875,515,10971,N,91.6666666666667,3,248
11633,56,1.04422275,251,11292,Y,93.3333333333333,4,248
11518,57,1.0234215,246,11633,N,95,4,248
11992,58,1.04422275,251,11518,N,96.6666666666667,4,248
13164,59,1.11078675,267,11992,N,98.3333333333333,4,248
12569,60,1.281357,308,13164,N,100,4,248
13470,61,1.347921,324,12569,N,101.666666666667,4,248
14147,62,1.264716,304,13470,N,103.333333333333,4,248
13974,63,1.4893695,358,14147,N,105,4,248
12896,64,1.33128,320,13974,N,106.666666666667,4,248
12295,65,1.71818325,413,12896,N,108.333333333333,4,248
14389,66,0.75300525,181,12295,Y,110,5,248
14738,67,0.86117175,207,14389,N,111.666666666667,5,248
15704,68,0.81124875,195,14738,N,113.333333333333,5,248
15375,69,0.85285125,205,15704,N,115,5,248
15471,70,0.91941525,221,15375,N,116.666666666667,5,248
2863,0,1.7889075,430,NA,N,0,0,249
2804,1,1.90123425,457,2863,N,1.66666666666667,0,249
2939,2,0.98597925,237,2804,Y,3.33333333333333,1,249
2908,3,0.85285125,205,2939,N,5,1,249
2836,4,0.9734985,234,2908,N,6.66666666666667,1,249
2693,5,0.9402165,226,2836,N,8.33333333333333,1,249
2999,6,0.8902935,214,2693,N,10,1,249
2775,7,0.91941525,221,2999,N,11.6666666666667,1,249
3765,8,1.0733445,258,2775,N,13.3333333333333,1,249
3402,9,0.931896,224,3765,N,15,1,249
3352,10,1.1731905,282,3402,N,16.6666666666667,1,249
4070,11,1.19399175,287,3352,N,18.3333333333333,1,249
3192,12,1.11910725,269,4070,N,20,1,249
3894,13,1.04422275,251,3192,N,21.6666666666667,1,249
4006,14,1.06918425,257,3894,N,23.3333333333333,1,249
3913,15,1.16070975,279,4006,N,25,1,249
4804,16,1.2231135,294,3913,N,26.6666666666667,1,249
5224,17,1.4061645,338,4804,N,28.3333333333333,1,249
4964,18,1.3562415,326,5224,N,30,1,249
4942,19,1.3895235,334,4964,N,31.6666666666667,1,249
5070,20,1.4061645,338,4942,N,33.3333333333333,1,249
4852,21,1.431126,344,5070,N,35,1,249
4885,22,1.7057025,410,4852,N,36.6666666666667,1,249
4853,23,1.78474725,429,4885,N,38.3333333333333,1,249
6087,24,1.67658075,403,4853,N,40,1,249
6041,25,2.1217275,510,6087,N,41.6666666666667,1,249
6008,26,2.10092625,505,6041,N,43.3333333333333,1,249
6191,27,2.09260575,503,6008,N,45,1,249
6305,28,2.1050865,506,6191,N,46.6666666666667,1,249
5896,29,2.08428525,501,6305,N,48.3333333333333,1,249
6376,30,2.196612,528,5896,N,50,1,249
6340,31,1.2231135,294,6376,Y,51.6666666666667,2,249
7071,32,1.28551725,309,6340,N,53.3333333333333,2,249
7657,33,1.23559425,297,7071,N,55,2,249
7524,34,1.447767,348,7657,N,56.6666666666667,2,249
6698,35,1.5226515,366,7524,N,58.3333333333333,2,249
7417,36,1.6224975,390,6698,N,60,2,249
7395,37,1.5226515,366,7417,N,61.6666666666667,2,249
7123,38,1.6058565,386,7395,N,63.3333333333333,2,249
6589,39,1.5892155,382,7123,N,65,2,249
8033,40,1.55177325,373,6589,N,66.6666666666667,2,249
7851,41,1.51849125,365,8033,N,68.3333333333333,2,249
8643,42,1.59337575,383,7851,N,70,2,249
8900,43,1.70986275,411,8643,N,71.6666666666667,2,249
9091,44,1.913715,460,8900,N,73.3333333333333,2,249
9034,45,1.7057025,410,9091,N,75,2,249
8240,46,2.1550095,518,9034,N,76.6666666666667,2,249
9318,47,2.38382325,573,8240,N,78.3333333333333,2,249
9602,48,2.11756725,509,9318,N,80,2,249
9778,49,2.56687425,617,9602,N,81.6666666666667,2,249
10356,50,1.42696575,343,9778,Y,83.3333333333333,3,249
11653,51,1.41032475,339,10356,N,85,3,249
10704,52,1.447767,348,11653,N,86.6666666666667,3,249
10024,53,1.5892155,382,10704,N,88.3333333333333,3,249
11135,54,1.7389845,418,10024,N,90,3,249
11552,55,1.65993975,399,11135,N,91.6666666666667,3,249
11790,56,1.8221895,438,11552,N,93.3333333333333,3,249
11807,57,2.06764425,497,11790,N,95,3,249
12067,58,2.046843,492,11807,N,96.6666666666667,3,249
13246,59,1.88459325,453,12067,N,98.3333333333333,3,249
12740,60,1.26887625,305,13246,Y,100,4,249
13561,61,1.26055575,303,12740,N,101.666666666667,4,249
2890,0,0.96101775,231,NA,N,0,0,250
2840,1,1.14406875,275,2890,N,1.66666666666667,0,250
2953,2,1.1232675,270,2840,N,3.33333333333333,0,250
2927,3,1.28551725,309,2953,N,5,0,250
2871,4,1.2231135,294,2927,N,6.66666666666667,0,250
2745,5,1.31879925,317,2871,N,8.33333333333333,0,250
3006,6,1.32711975,319,2745,N,10,0,250
2805,7,1.45192725,349,3006,N,11.6666666666667,0,250
3779,8,1.4893695,358,2805,N,13.3333333333333,0,250
3410,9,1.4727285,354,3779,N,15,0,250
3366,10,1.5226515,366,3410,N,16.6666666666667,0,250
4077,11,1.53513225,369,3366,N,18.3333333333333,0,250
3211,12,1.55177325,373,4077,N,20,0,250
3919,13,1.58505525,381,3211,N,21.6666666666667,0,250
4019,14,1.5559335,374,3919,N,23.3333333333333,0,250
3934,15,1.59337575,383,4019,N,25,0,250
4851,16,1.66826025,401,3934,N,26.6666666666667,0,250
5231,17,1.6557795,398,4851,N,28.3333333333333,0,250
4989,18,1.680741,404,5231,N,30,0,250
4971,19,1.78474725,429,4989,N,31.6666666666667,0,250
5080,20,1.80138825,433,4971,N,33.3333333333333,0,250
4907,21,1.797228,432,5080,N,35,0,250
4922,22,1.9220355,462,4907,N,36.6666666666667,0,250
4902,23,2.0218815,486,4922,N,38.3333333333333,0,250
6133,24,2.14252875,515,4902,N,40,0,250
6096,25,2.42542575,583,6133,N,41.6666666666667,0,250
6049,26,2.49198975,599,6096,N,43.3333333333333,0,250
6206,27,2.346381,564,6049,N,45,0,250
6321,28,1.32711975,319,6206,Y,46.6666666666667,1,250
5951,29,1.347921,324,6321,N,48.3333333333333,1,250
6387,30,1.281357,308,5951,N,50,1,250
6350,31,1.44360675,347,6387,N,51.6666666666667,1,250
7095,32,1.67658075,403,6350,N,53.3333333333333,1,250
7668,33,1.37704275,331,7095,N,55,1,250
7538,34,1.71818325,413,7668,N,56.6666666666667,1,250
6703,35,1.61833725,389,7538,N,58.3333333333333,1,250
7423,36,1.5892155,382,6703,N,60,1,250
7399,37,1.847151,444,7423,N,61.6666666666667,1,250
7143,38,1.8887535,454,7399,N,63.3333333333333,1,250
6595,39,2.0385225,490,7143,N,65,1,250
8040,40,1.95947775,471,6595,N,66.6666666666667,1,250
7859,41,2.30061825,553,8040,N,68.3333333333333,1,250
8650,42,2.26733625,545,7859,N,70,1,250
8908,43,2.679201,644,8650,N,71.6666666666667,1,250
9101,44,2.45038725,589,8908,N,73.3333333333333,1,250
9051,45,1.27719675,307,9101,Y,75,2,250
8250,46,1.564254,376,9051,N,76.6666666666667,2,250
9326,47,1.76810625,425,8250,N,78.3333333333333,2,250
9614,48,1.70986275,411,9326,N,80,2,250
9792,49,1.8055485,434,9614,N,81.6666666666667,2,250
10383,50,1.99275975,479,9792,N,83.3333333333333,2,250
10813,51,1.9386765,466,10383,N,85,2,250
10347,52,1.75978575,423,10813,N,86.6666666666667,2,250
10042,53,2.06764425,497,10347,N,88.3333333333333,2,250
10735,54,2.013561,484,10042,N,90,2,250
10892,55,2.7540855,662,10735,N,91.6666666666667,2,250
11403,56,2.729124,656,10892,N,93.3333333333333,2,250
11250,57,2.65007925,637,11403,N,95,2,250
11925,58,1.36872225,329,11250,Y,96.6666666666667,3,250
13075,59,1.2231135,294,11925,N,98.3333333333333,3,250
12507,60,1.26887625,305,13075,N,100,3,250
13397,61,1.19399175,287,12507,N,101.666666666667,3,250
13896,62,1.5559335,374,13397,N,103.333333333333,3,250
12804,64,1.80138825,433,13896,N,106.666666666667,3,250
12216,65,2.26733625,545,12804,N,108.333333333333,3,250
14266,66,2.080125,500,12216,N,110,3,250
14673,67,0.5574735,134,14266,Y,111.666666666667,4,250
15474,68,0.87781275,211,14673,N,113.333333333333,4,250
15172,69,0.898614,216,15474,N,115,4,250
