Spot.ID,Frame,Area,Quality,Source.spot.ID,IF_Divided,Time,generation_count,track
2561,0,1.065024,256,NA,N,0,0,1
2672,1,1.16487,280,2561,N,1.66666666666667,0,1
2555,2,1.1066265,266,2672,N,3.33333333333333,0,1
2893,3,1.248075,300,2555,N,5,0,1
2557,4,1.15238925,277,2893,N,6.66666666666667,0,1
2980,5,1.22727375,295,2557,N,8.33333333333333,0,1
2642,6,1.281357,308,2980,N,10,0,1
2581,7,1.19399175,287,2642,N,11.6666666666667,0,1
3620,8,1.30215825,313,2581,N,13.3333333333333,0,1
4130,9,1.248075,300,3620,N,15,0,1
4060,10,1.16487,280,4130,N,16.6666666666667,0,1
3898,11,1.314639,316,4060,N,18.3333333333333,0,1
4428,12,1.1731905,282,3898,N,20,0,1
3667,13,1.231434,296,4428,N,21.6666666666667,0,1
3993,14,1.18567125,285,3667,N,23.3333333333333,0,1
3931,15,1.28551725,309,3993,N,25,0,1
5007,16,1.30215825,313,3931,N,26.6666666666667,0,1
5304,17,1.6224975,390,5007,N,28.3333333333333,0,1
5044,18,1.64329875,395,5304,N,30,0,1
5004,19,1.35208125,325,5044,N,31.6666666666667,0,1
5812,20,1.69322175,407,5004,N,33.3333333333333,0,1
5761,21,1.897074,456,5812,N,35,0,1
5036,22,2.16749025,521,5761,N,36.6666666666667,0,1
5510,23,2.30893875,555,5036,N,38.3333333333333,0,1
7205,24,2.595996,624,5510,N,40,0,1
6181,25,1.38536325,333,7205,Y,41.6666666666667,1,1
2817,0,1.20231225,289,NA,N,0,0,2
2915,1,1.364562,328,2817,N,1.66666666666667,0,2
3011,2,1.29383775,311,2915,N,3.33333333333333,0,2
3137,3,1.3728825,330,3011,N,5,0,2
2770,4,1.36040175,327,3137,N,6.66666666666667,0,2
3221,5,1.41032475,339,2770,N,8.33333333333333,0,2
2939,6,1.36872225,329,3221,N,10,0,2
2756,7,1.4228055,342,2939,N,11.6666666666667,0,2
4455,8,1.43528625,345,2756,N,13.3333333333333,0,2
4319,9,1.297998,312,4455,N,15,0,2
4258,10,1.20231225,289,4319,N,16.6666666666667,0,2
4082,11,1.19399175,287,4258,N,18.3333333333333,0,2
4500,12,1.26055575,303,4082,N,20,0,2
3856,13,1.24391475,299,4500,N,21.6666666666667,0,2
4194,14,1.3229595,318,3856,N,23.3333333333333,0,2
4118,15,1.214793,292,4194,N,25,0,2
5209,16,1.33128,320,4118,N,26.6666666666667,0,2
5529,17,1.4394465,346,5209,N,28.3333333333333,0,2
5271,18,1.5060105,362,5529,N,30,0,2
5243,19,1.6391385,394,5271,N,31.6666666666667,0,2
5900,20,1.65161925,397,5243,N,33.3333333333333,0,2
5853,21,1.747305,420,5900,N,35,0,2
5254,22,1.96779825,473,5853,N,36.6666666666667,0,2
5591,23,1.913715,460,5254,N,38.3333333333333,0,2
7252,24,0.91109475,219,5591,Y,40,1,2
6302,25,1.048383,252,7252,N,41.6666666666667,1,2
2564,0,0.748845,180,NA,N,0,0,3
2677,1,0.7738065,186,2564,N,1.66666666666667,0,3
2707,2,0.798768,192,2677,N,3.33333333333333,0,3
2894,3,0.8570115,206,2707,N,5,0,3
2559,4,0.815409,196,2894,N,6.66666666666667,0,3
2986,5,0.815409,196,2559,N,8.33333333333333,0,3
2645,6,0.76132575,183,2986,N,10,0,3
2589,7,0.7738065,186,2645,N,11.6666666666667,0,3
3622,8,0.72804375,175,2589,N,13.3333333333333,0,3
4135,9,0.815409,196,3622,N,15,0,3
4064,10,0.77796675,187,4135,N,16.6666666666667,0,3
3902,11,0.748845,180,4064,N,18.3333333333333,0,3
4430,12,0.74468475,179,3902,N,20,0,3
3668,13,0.78628725,189,4430,N,21.6666666666667,0,3
3998,14,0.748845,180,3668,N,23.3333333333333,0,3
3936,15,0.7738065,186,3998,N,25,0,3
5011,16,0.748845,180,3936,N,26.6666666666667,0,3
5309,17,0.748845,180,5011,N,28.3333333333333,0,3
5055,18,0.81956925,197,5309,N,30,0,3
5015,19,0.86117175,207,5055,N,31.6666666666667,0,3
5816,20,0.85285125,205,5015,N,33.3333333333333,0,3
5763,21,0.80292825,193,5816,N,35,0,3
5045,22,0.80292825,193,5763,N,36.6666666666667,0,3
5515,23,0.76964625,185,5045,N,38.3333333333333,0,3
7213,24,0.62819775,151,5515,N,40,0,3
6200,25,0.5907555,142,7213,N,41.6666666666667,0,3
7102,26,0.52835175,127,6200,N,43.3333333333333,0,3
6842,27,0.56995425,137,7102,N,45,0,3
6803,28,0.5075505,122,6842,N,46.6666666666667,0,3
6222,29,0.5241915,126,6803,N,48.3333333333333,0,3
6975,30,0.65315925,157,6222,N,50,0,3
6303,31,0.54499275,131,6975,N,51.6666666666667,0,3
7558,32,0.5241915,126,6303,N,53.3333333333333,0,3
8401,33,0.49923,120,7558,N,55,0,3
7960,34,0.53667225,129,8401,N,56.6666666666667,0,3
7618,35,0.59491575,143,7960,N,58.3333333333333,0,3
8441,36,0.60323625,145,7618,N,60,0,3
8141,37,0.4576275,110,8441,N,61.6666666666667,0,3
7650,38,0.549153,132,8141,N,63.3333333333333,0,3
8672,39,0.54499275,131,7650,N,65,0,3
9047,40,0.565794,136,8672,N,66.6666666666667,0,3
8865,41,0.56995425,137,9047,N,68.3333333333333,0,3
9445,42,0.5408325,130,8865,N,70,0,3
9244,43,0.7238835,174,9445,N,71.6666666666667,0,3
9641,44,0.6739605,162,9244,N,73.3333333333333,0,3
9852,45,0.75300525,181,9641,N,75,0,3
10176,46,0.71140275,171,9852,N,76.6666666666667,0,3
10145,47,0.68644125,165,10176,N,78.3333333333333,0,3
10521,48,0.75300525,181,10145,N,80,0,3
11951,49,0.72804375,175,10521,N,81.6666666666667,0,3
10936,50,0.7238835,174,11951,N,83.3333333333333,0,3
11656,51,0.79460775,191,10936,N,85,0,3
11011,52,0.698922,168,11656,N,86.6666666666667,0,3
11563,53,0.86117175,207,11011,N,88.3333333333333,0,3
11338,54,0.8070885,194,11563,N,90,0,3
10672,55,0.798768,192,11338,N,91.6666666666667,0,3
12762,56,0.7738065,186,10672,N,93.3333333333333,0,3
12516,57,0.7738065,186,12762,N,95,0,3
13556,62,0.66564,160,12516,N,103.333333333333,0,3
13543,63,0.71140275,171,13556,N,105,0,3
15273,64,0.79460775,191,13543,N,106.666666666667,0,3
14804,65,0.7405245,178,15273,N,108.333333333333,0,3
15000,66,0.77796675,187,14804,N,110,0,3
14778,67,0.69476175,167,15000,N,111.666666666667,0,3
14633,68,0.632358,152,14778,N,113.333333333333,0,3
14693,69,0.66147975,159,14633,N,115,0,3
15474,70,0.582435,140,14693,N,116.666666666667,0,3
2823,0,0.7738065,186,NA,N,0,0,4
2918,1,0.99429975,239,2823,N,1.66666666666667,0,4
3018,2,1.0400625,250,2918,N,3.33333333333333,0,4
3141,3,0.9568575,230,3018,N,5,0,4
2946,6,1.248075,300,3141,N,10,0,4
2762,7,1.12742775,271,2946,N,11.6666666666667,0,4
4457,8,1.2064725,290,2762,N,13.3333333333333,0,4
4324,9,1.16903025,281,4457,N,15,0,4
4264,10,1.22727375,295,4324,N,16.6666666666667,0,4
4087,11,1.1898315,286,4264,N,18.3333333333333,0,4
4502,12,1.3229595,318,4087,N,20,0,4
3861,13,1.33128,320,4502,N,21.6666666666667,0,4
4199,14,1.2730365,306,3861,N,23.3333333333333,0,4
4125,15,1.40200425,337,4199,N,25,0,4
5215,16,1.4061645,338,4125,N,26.6666666666667,0,4
5531,17,1.44360675,347,5215,N,28.3333333333333,0,4
5277,18,1.53513225,369,5531,N,30,0,4
5252,19,1.5392925,370,5277,N,31.6666666666667,0,4
5902,20,1.54345275,371,5252,N,33.3333333333333,0,4
5855,21,1.647459,396,5902,N,35,0,4
5260,22,1.6890615,406,5855,N,36.6666666666667,0,4
5592,23,1.74314475,419,5260,N,38.3333333333333,0,4
7254,24,1.85963175,447,5592,N,40,0,4
6308,25,1.93451625,465,7254,N,41.6666666666667,0,4
7297,26,2.0385225,490,6308,N,43.3333333333333,0,4
6933,27,2.313099,556,7297,N,45,0,4
6910,28,2.48366925,597,6933,N,46.6666666666667,0,4
6296,29,1.22727375,295,6910,Y,48.3333333333333,1,4
7076,30,1.248075,300,6296,N,50,1,4
6379,31,1.33128,320,7076,N,51.6666666666667,1,4
2056,0,0.80292825,193,NA,N,0,0,5
2053,1,0.78628725,189,2056,N,1.66666666666667,0,5
2113,2,0.8403705,202,2053,N,3.33333333333333,0,5
2102,3,0.881973,212,2113,N,5,0,5
2078,4,0.85285125,205,2102,N,6.66666666666667,0,5
2052,5,0.931896,224,2078,N,8.33333333333333,0,5
2110,6,0.90277425,217,2052,N,10,0,5
2080,7,0.93605625,225,2110,N,11.6666666666667,0,5
3378,8,0.9402165,226,2080,N,13.3333333333333,0,5
3771,9,0.915255,220,3378,N,15,0,5
3290,10,0.931896,224,3771,N,16.6666666666667,0,5
3350,11,0.94437675,227,3290,N,18.3333333333333,0,5
3369,12,0.9734985,234,3350,N,20,0,5
3431,13,0.9235755,222,3369,N,21.6666666666667,0,5
3540,14,0.96101775,231,3431,N,23.3333333333333,0,5
3492,15,1.02758175,247,3540,N,25,0,5
4643,16,1.03590225,249,3492,N,26.6666666666667,0,5
4916,17,1.0067805,242,4643,N,28.3333333333333,0,5
4669,18,1.0067805,242,4916,N,30,0,5
4607,19,0.97765875,235,4669,N,31.6666666666667,0,5
5491,20,1.031742,248,4607,N,33.3333333333333,0,5
5508,21,1.06086375,255,5491,N,35,0,5
4656,22,1.03590225,249,5508,N,36.6666666666667,0,5
4627,23,1.01094075,243,4656,N,38.3333333333333,0,5
6651,24,1.0733445,258,4627,N,40,0,5
5968,25,1.1232675,270,6651,N,41.6666666666667,0,5
6447,26,1.148229,276,5968,N,43.3333333333333,0,5
2314,0,0.798768,192,NA,N,0,0,6
2288,1,0.815409,196,2314,N,1.66666666666667,0,6
2333,2,0.848691,204,2288,N,3.33333333333333,0,6
2372,3,0.86117175,207,2333,N,5,0,6
2344,4,1.00262025,241,2372,N,6.66666666666667,0,6
2367,5,0.89445375,215,2344,N,8.33333333333333,0,6
2388,6,0.965178,232,2367,N,10,0,6
2412,7,0.96933825,233,2388,N,11.6666666666667,0,6
3479,8,1.00262025,241,2412,N,13.3333333333333,0,6
3930,9,1.00262025,241,3479,N,15,0,6
3593,10,1.031742,248,3930,N,16.6666666666667,0,6
3713,11,0.99429975,239,3593,N,18.3333333333333,0,6
3487,12,1.01926125,245,3713,N,20,0,6
3565,13,1.031742,248,3487,N,21.6666666666667,0,6
3775,14,1.0567035,254,3565,N,23.3333333333333,0,6
3734,15,1.0899855,262,3775,N,25,0,6
4813,16,1.248075,300,3734,N,26.6666666666667,0,6
5085,17,1.2231135,294,4813,N,28.3333333333333,0,6
4857,18,1.1399085,274,5085,N,30,0,6
4776,19,1.16487,280,4857,N,31.6666666666667,0,6
5703,20,1.13574825,273,4776,N,33.3333333333333,0,6
5677,21,1.24391475,299,5703,N,35,0,6
4841,22,1.198152,288,5677,N,36.6666666666667,0,6
4823,23,1.181511,284,4841,N,38.3333333333333,0,6
6946,24,1.21063275,291,4823,N,40,0,6
6067,25,1.1731905,282,6946,N,41.6666666666667,0,6
6719,26,1.2231135,294,6067,N,43.3333333333333,0,6
6725,27,1.22727375,295,6719,N,45,0,6
6688,28,1.148229,276,6725,N,46.6666666666667,0,6
6096,29,1.198152,288,6688,N,48.3333333333333,0,6
6793,30,1.19399175,287,6096,N,50,0,6
6143,31,1.1565495,278,6793,N,51.6666666666667,0,6
7442,32,1.181511,284,6143,N,53.3333333333333,0,6
8273,33,1.11910725,269,7442,N,55,0,6
7914,34,1.26887625,305,8273,N,56.6666666666667,0,6
7567,35,1.15238925,277,7914,N,58.3333333333333,0,6
8328,36,1.1731905,282,7567,N,60,0,6
8085,37,1.15238925,277,8328,N,61.6666666666667,0,6
7487,38,1.16903025,281,8085,N,63.3333333333333,0,6
8629,39,1.214793,292,7487,N,65,0,6
9007,40,1.16070975,279,8629,N,66.6666666666667,0,6
8822,41,1.0733445,258,9007,N,68.3333333333333,0,6
9402,42,1.131588,272,8822,N,70,0,6
9198,43,1.06086375,255,9402,N,71.6666666666667,0,6
9598,44,1.07750475,259,9198,N,73.3333333333333,0,6
9805,45,1.09414575,263,9598,N,75,0,6
10065,46,1.131588,272,9805,N,76.6666666666667,0,6
10044,47,1.16903025,281,10065,N,78.3333333333333,0,6
10482,48,1.10246625,265,10044,N,80,0,6
11911,49,1.11078675,267,10482,N,81.6666666666667,0,6
10785,50,1.06086375,255,11911,N,83.3333333333333,0,6
11589,51,1.15238925,277,10785,N,85,0,6
10891,52,1.0733445,258,11589,N,86.6666666666667,0,6
11442,53,1.0400625,250,10891,N,88.3333333333333,0,6
11259,54,1.14406875,275,11442,N,90,0,6
10631,55,1.131588,272,11259,N,91.6666666666667,0,6
12598,56,1.15238925,277,10631,N,93.3333333333333,0,6
12270,57,1.1399085,274,12598,N,95,0,6
12332,58,1.12742775,271,12270,N,96.6666666666667,0,6
12228,59,1.081665,260,12332,N,98.3333333333333,0,6
2060,0,0.97765875,235,NA,N,0,0,7
2058,1,1.1898315,286,2060,N,1.66666666666667,0,7
2122,2,1.28551725,309,2058,N,3.33333333333333,0,7
2118,3,1.2730365,306,2122,N,5,0,7
2087,4,1.35208125,325,2118,N,6.66666666666667,0,7
2059,5,1.36040175,327,2087,N,8.33333333333333,0,7
2117,6,1.43528625,345,2059,N,10,0,7
2099,7,1.5226515,366,2117,N,11.6666666666667,0,7
3381,8,1.4394465,346,2099,N,13.3333333333333,0,7
3776,9,1.36872225,329,3381,N,15,0,7
3291,10,1.42696575,343,3776,N,16.6666666666667,0,7
3355,11,1.48520925,357,3291,N,18.3333333333333,0,7
3373,12,1.46856825,353,3355,N,20,0,7
3434,13,1.46024775,351,3373,N,21.6666666666667,0,7
3544,14,1.431126,344,3434,N,23.3333333333333,0,7
3497,15,1.4893695,358,3544,N,25,0,7
4654,16,1.4893695,358,3497,N,26.6666666666667,0,7
4921,17,1.414485,340,4654,N,28.3333333333333,0,7
4675,18,1.41032475,339,4921,N,30,0,7
4609,19,1.3728825,330,4675,N,31.6666666666667,0,7
5493,20,1.3562415,326,4609,N,33.3333333333333,0,7
5511,21,1.71818325,413,5493,N,35,0,7
4661,22,1.83467025,441,5511,N,36.6666666666667,0,7
4639,23,2.00940075,483,4661,N,38.3333333333333,0,7
6655,24,2.0884455,502,4639,N,40,0,7
5976,25,0.865332,208,6655,Y,41.6666666666667,1,7
2318,0,0.648999,156,NA,N,0,0,8
2299,1,0.70308225,169,2318,N,1.66666666666667,0,8
2336,2,0.66147975,159,2299,N,3.33333333333333,0,8
2392,3,0.67812075,163,2336,N,5,0,8
2348,4,0.69476175,167,2392,N,6.66666666666667,0,8
2369,5,0.6906015,166,2348,N,8.33333333333333,0,8
2391,6,0.69476175,167,2369,N,10,0,8
2420,7,0.7072425,170,2391,N,11.6666666666667,0,8
3482,8,0.69476175,167,2420,N,13.3333333333333,0,8
3940,9,0.70308225,169,3482,N,15,0,8
3643,10,0.6739605,162,3940,N,16.6666666666667,0,8
3715,11,0.6739605,162,3643,N,18.3333333333333,0,8
3491,12,0.69476175,167,3715,N,20,0,8
3584,13,0.748845,180,3491,N,21.6666666666667,0,8
3786,14,0.71972325,173,3584,N,23.3333333333333,0,8
3739,15,0.68644125,165,3786,N,25,0,8
4822,16,0.6906015,166,3739,N,26.6666666666667,0,8
5093,17,0.74468475,179,4822,N,28.3333333333333,0,8
4861,18,0.68644125,165,5093,N,30,0,8
4781,19,0.70308225,169,4861,N,31.6666666666667,0,8
5704,20,0.782127,188,4781,N,33.3333333333333,0,8
5679,21,0.782127,188,5704,N,35,0,8
4843,22,0.732204,176,5679,N,36.6666666666667,0,8
4827,23,0.7238835,174,4843,N,38.3333333333333,0,8
6950,24,0.7571655,182,4827,N,40,0,8
6068,25,0.67812075,163,6950,N,41.6666666666667,0,8
6721,26,0.63651825,153,6068,N,43.3333333333333,0,8
6727,27,0.75300525,181,6721,N,45,0,8
6689,28,0.55331325,133,6727,N,46.6666666666667,0,8
6099,29,0.6906015,166,6689,N,48.3333333333333,0,8
6796,30,0.76132575,183,6099,N,50,0,8
6146,31,0.6739605,162,6796,N,51.6666666666667,0,8
7443,32,0.715563,172,6146,N,53.3333333333333,0,8
8330,36,0.7571655,182,7443,N,60,0,8
8630,39,0.532512,128,8330,N,65,0,8
9008,40,0.61987725,149,8630,N,66.6666666666667,0,8
8823,41,0.648999,156,9008,N,68.3333333333333,0,8
9403,42,0.76964625,185,8823,N,70,0,8
9199,43,0.71140275,171,9403,N,71.6666666666667,0,8
9599,44,0.748845,180,9199,N,73.3333333333333,0,8
9806,45,0.7238835,174,9599,N,75,0,8
10067,46,0.71140275,171,9806,N,76.6666666666667,0,8
10050,47,0.80292825,193,10067,N,78.3333333333333,0,8
10484,48,0.732204,176,10050,N,80,0,8
11912,49,0.748845,180,10484,N,81.6666666666667,0,8
10786,50,0.68644125,165,11912,N,83.3333333333333,0,8
11590,51,0.66980025,161,10786,N,85,0,8
10894,52,0.7571655,182,11590,N,86.6666666666667,0,8
11445,53,0.72804375,175,10894,N,88.3333333333333,0,8
11260,54,0.69476175,167,11445,N,90,0,8
10632,55,0.70308225,169,11260,N,91.6666666666667,0,8
12601,56,0.7238835,174,10632,N,93.3333333333333,0,8
12271,57,0.66564,160,12601,N,95,0,8
13469,62,0.69476175,167,12271,N,103.333333333333,0,8
13456,63,0.67812075,163,13469,N,105,0,8
15224,64,0.65315925,157,13456,N,106.666666666667,0,8
14669,65,0.70308225,169,15224,N,108.333333333333,0,8
14844,66,0.7072425,170,14669,N,110,0,8
14631,67,0.63651825,153,14844,N,111.666666666667,0,8
15445,70,0.6406785,154,14631,N,116.666666666667,0,8
2575,0,0.32033925,77,NA,N,0,0,9
2692,1,0.26209575,63,2575,N,1.66666666666667,0,9
2712,2,0.282897,68,2692,N,3.33333333333333,0,9
2895,3,0.32865975,79,2712,N,5,0,9
2563,4,0.23713425,57,2895,N,6.66666666666667,0,9
2992,5,0.28705725,69,2563,N,8.33333333333333,0,9
2650,6,0.2412945,58,2992,N,10,0,9
2592,7,0.24545475,59,2650,N,11.6666666666667,0,9
3623,8,0.249615,60,2592,N,13.3333333333333,0,9
4138,9,0.2412945,58,3623,N,15,0,9
4068,10,0.249615,60,4138,N,16.6666666666667,0,9
3907,11,0.266256,64,4068,N,18.3333333333333,0,9
4431,12,0.249615,60,3907,N,20,0,9
3669,13,0.216333,52,4431,N,21.6666666666667,0,9
4002,14,0.22881375,55,3669,N,23.3333333333333,0,9
3938,15,0.316179,76,4002,N,25,0,9
5014,16,0.232974,56,3938,N,26.6666666666667,0,9
5311,17,0.25377525,61,5014,N,28.3333333333333,0,9
5059,18,0.24545475,59,5311,N,30,0,9
5049,22,0.23713425,57,5059,N,36.6666666666667,0,9
5517,23,0.22049325,53,5049,N,38.3333333333333,0,9
2832,0,1.39368375,335,NA,N,0,0,10
2923,1,1.47688875,355,2832,N,1.66666666666667,0,10
3029,2,1.35208125,325,2923,N,3.33333333333333,0,10
3148,3,1.63497825,393,3029,N,5,0,10
2775,4,1.564254,376,3148,N,6.66666666666667,0,10
3224,5,1.5392925,370,2775,N,8.33333333333333,0,10
2067,0,0.46178775,111,NA,N,0,0,11
2065,1,0.5241915,126,2067,N,1.66666666666667,0,11
2129,2,0.515871,124,2065,N,3.33333333333333,0,11
2125,3,0.52003125,125,2129,N,5,0,11
2093,4,0.54499275,131,2125,N,6.66666666666667,0,11
2066,5,0.49923,120,2093,N,8.33333333333333,0,11
2126,6,0.5408325,130,2066,N,10,0,11
2111,7,0.55331325,133,2126,N,11.6666666666667,0,11
3384,8,0.549153,132,2111,N,13.3333333333333,0,11
3780,9,0.549153,132,3384,N,15,0,11
3293,10,0.47842875,115,3780,N,16.6666666666667,0,11
3357,11,0.49506975,119,3293,N,18.3333333333333,0,11
3376,12,0.532512,128,3357,N,20,0,11
3437,13,0.54499275,131,3376,N,21.6666666666667,0,11
3547,14,0.5241915,126,3437,N,23.3333333333333,0,11
3500,15,0.5408325,130,3547,N,25,0,11
4658,16,0.5241915,126,3500,N,26.6666666666667,0,11
4925,17,0.5075505,122,4658,N,28.3333333333333,0,11
4678,18,0.49506975,119,4925,N,30,0,11
4612,19,0.515871,124,4678,N,31.6666666666667,0,11
5495,20,0.37858275,91,4612,N,33.3333333333333,0,11
4664,22,0.53667225,129,5495,N,36.6666666666667,0,11
4641,23,0.49506975,119,4664,N,38.3333333333333,0,11
9184,43,0.39522375,95,4641,N,71.6666666666667,0,11
9787,45,0.44514675,107,9184,N,75,0,11
11393,53,0.42850575,103,9787,N,88.3333333333333,0,11
11236,54,0.41186475,99,11393,N,90,0,11
12385,56,0.4742685,114,11236,N,93.3333333333333,0,11
12212,57,0.38690325,93,12385,N,95,0,11
13304,62,0.41186475,99,12212,N,103.333333333333,0,11
13290,63,0.43682625,105,13304,N,105,0,11
15030,64,0.38690325,93,13290,N,106.666666666667,0,11
14630,66,0.32033925,77,15030,N,110,0,11
2580,0,1.88459325,453,NA,N,0,0,12
2698,1,1.7389845,418,2580,N,1.66666666666667,0,12
2716,2,1.9220355,462,2698,N,3.33333333333333,0,12
2896,3,0.88613325,213,2716,Y,5,1,12
2568,4,0.782127,188,2896,N,6.66666666666667,1,12
2998,5,0.87781275,211,2568,N,8.33333333333333,1,12
2655,6,0.81956925,197,2998,N,10,1,12
2595,7,0.931896,224,2655,N,11.6666666666667,1,12
3625,8,0.91109475,219,2595,N,13.3333333333333,1,12
3917,9,0.9901395,238,3625,N,15,1,12
3322,10,1.11078675,267,3917,N,16.6666666666667,1,12
3704,11,0.9901395,238,3322,N,18.3333333333333,1,12
3476,12,1.22727375,295,3704,N,20,1,12
3557,13,0.931896,224,3476,N,21.6666666666667,1,12
3760,14,1.2231135,294,3557,N,23.3333333333333,1,12
3721,15,1.11078675,267,3760,N,25,1,12
4792,16,1.1898315,286,3721,N,26.6666666666667,1,12
5066,17,1.3562415,326,4792,N,28.3333333333333,1,12
4835,18,1.38536325,333,5066,N,30,1,12
4758,19,1.414485,340,4835,N,31.6666666666667,1,12
5687,20,1.51017075,363,4758,N,33.3333333333333,1,12
5660,21,1.53513225,369,5687,N,35,1,12
4820,22,1.56009375,375,5660,N,36.6666666666667,1,12
4795,23,1.70154225,409,4820,N,38.3333333333333,1,12
6710,24,1.73482425,417,4795,N,40,1,12
6057,25,1.66826025,401,6710,N,41.6666666666667,1,12
6608,26,1.70154225,409,6057,N,43.3333333333333,1,12
6595,27,1.97611875,475,6608,N,45,1,12
6637,28,2.13420825,513,6595,N,46.6666666666667,1,12
6054,29,2.16333,520,6637,N,48.3333333333333,1,12
6660,30,2.20077225,529,6054,N,50,1,12
6087,31,0.9734985,234,6660,Y,51.6666666666667,2,12
7427,32,1.1232675,270,6087,N,53.3333333333333,2,12
8225,33,1.30215825,313,7427,N,55,2,12
7895,34,1.2563955,302,8225,N,56.6666666666667,2,12
2327,0,0.67812075,163,NA,N,0,0,13
2301,1,0.6073965,146,2327,N,1.66666666666667,0,13
2341,2,0.615717,148,2301,N,3.33333333333333,0,13
2405,3,0.65315925,157,2341,N,5,0,13
2356,4,0.65315925,157,2405,N,6.66666666666667,0,13
2378,5,0.66147975,159,2356,N,8.33333333333333,0,13
2402,6,0.65315925,157,2378,N,10,0,13
2421,7,0.65315925,157,2402,N,11.6666666666667,0,13
3485,8,0.632358,152,2421,N,13.3333333333333,0,13
3942,9,0.66564,160,3485,N,15,0,13
3646,10,0.682281,164,3942,N,16.6666666666667,0,13
3719,11,0.63651825,153,3646,N,18.3333333333333,0,13
3495,12,0.71140275,171,3719,N,20,0,13
3586,13,0.615717,148,3495,N,21.6666666666667,0,13
3789,14,0.66980025,161,3586,N,23.3333333333333,0,13
3745,15,0.61987725,149,3789,N,25,0,13
4826,16,0.59491575,143,3745,N,26.6666666666667,0,13
5097,17,0.56995425,137,4826,N,28.3333333333333,0,13
4865,18,0.60323625,145,5097,N,30,0,13
4786,19,0.599076,144,4865,N,31.6666666666667,0,13
5710,20,0.59491575,143,4786,N,33.3333333333333,0,13
5682,21,0.6240375,150,5710,N,35,0,13
4851,22,0.6073965,146,5682,N,36.6666666666667,0,13
4834,23,0.582435,140,4851,N,38.3333333333333,0,13
6958,24,0.582435,140,4834,N,40,0,13
6074,25,0.53667225,129,6958,N,41.6666666666667,0,13
6726,26,0.515871,124,6074,N,43.3333333333333,0,13
6732,27,0.59491575,143,6726,N,45,0,13
6103,29,0.515871,124,6732,N,48.3333333333333,0,13
6801,30,0.56995425,137,6103,N,50,0,13
6151,31,0.46178775,111,6801,N,51.6666666666667,0,13
7445,32,0.53667225,129,6151,N,53.3333333333333,0,13
8332,36,0.5741145,138,7445,N,60,0,13
8899,41,0.549153,132,8332,N,68.3333333333333,0,13
9482,42,0.56163375,135,8899,N,70,0,13
9284,43,0.57827475,139,9482,N,71.6666666666667,0,13
9674,44,0.61987725,149,9284,N,73.3333333333333,0,13
9948,45,0.5907555,142,9674,N,75,0,13
10249,46,0.5574735,134,9948,N,76.6666666666667,0,13
10227,47,0.61987725,149,10249,N,78.3333333333333,0,13
10817,48,0.565794,136,10227,N,80,0,13
11996,49,0.56995425,137,10817,N,81.6666666666667,0,13
11123,50,0.5574735,134,11996,N,83.3333333333333,0,13
11775,51,0.55331325,133,11123,N,85,0,13
11076,52,0.61155675,147,11775,N,86.6666666666667,0,13
11687,53,0.6240375,150,11076,N,88.3333333333333,0,13
11392,54,0.5741145,138,11687,N,90,0,13
10813,55,0.6240375,150,11392,N,91.6666666666667,0,13
12828,56,0.615717,148,10813,N,93.3333333333333,0,13
12654,57,0.6073965,146,12828,N,95,0,13
13640,62,0.56995425,137,12654,N,103.333333333333,0,13
13704,63,0.66147975,159,13640,N,105,0,13
14805,64,0.64483875,155,13704,N,106.666666666667,0,13
14216,65,0.56995425,137,14805,N,108.333333333333,0,13
14413,66,0.61155675,147,14216,N,110,0,13
14179,67,0.53667225,129,14413,N,111.666666666667,0,13
13928,68,0.55331325,133,14179,N,113.333333333333,0,13
14029,69,0.5241915,126,13928,N,115,0,13
15293,70,0.549153,132,14029,N,116.666666666667,0,13
2583,0,1.06918425,257,NA,N,0,0,14
2703,1,1.0067805,242,2583,N,1.66666666666667,0,14
2736,2,1.0400625,250,2703,N,3.33333333333333,0,14
2900,3,1.06918425,257,2736,N,5,0,14
2582,4,1.1898315,286,2900,N,6.66666666666667,0,14
3020,5,1.1731905,282,2582,N,8.33333333333333,0,14
2666,6,1.0400625,250,3020,N,10,0,14
2602,7,1.16487,280,2666,N,11.6666666666667,0,14
3630,8,1.23559425,297,2602,N,13.3333333333333,0,14
2331,0,1.065024,256,NA,N,0,0,15
2305,1,0.94437675,227,2331,N,1.66666666666667,0,15
2345,2,1.06086375,255,2305,N,3.33333333333333,0,15
2419,3,1.1066265,266,2345,N,5,0,15
2362,4,1.13574825,273,2419,N,6.66666666666667,0,15
2379,5,1.015101,244,2362,N,8.33333333333333,0,15
2410,6,1.11910725,269,2379,N,10,0,15
2077,0,1.5892155,382,NA,N,0,0,16
2073,1,1.66826025,401,2077,N,1.66666666666667,0,16
2140,2,1.70154225,409,2073,N,3.33333333333333,0,16
2137,3,1.70986275,411,2140,N,5,0,16
2115,4,1.813869,436,2137,N,6.66666666666667,0,16
2074,5,1.880433,452,2115,N,8.33333333333333,0,16
2139,6,2.1550095,518,2074,N,10,0,16
2120,7,2.1882915,526,2139,N,11.6666666666667,0,16
3392,8,2.24237475,539,2120,N,13.3333333333333,0,16
3792,9,2.24237475,539,3392,N,15,0,16
3295,10,1.0567035,254,3792,Y,16.6666666666667,1,16
3368,11,1.081665,260,3295,N,18.3333333333333,1,16
3386,12,1.18567125,285,3368,N,20,1,16
3447,13,1.0899855,262,3386,N,21.6666666666667,1,16
3677,14,1.1565495,278,3447,N,23.3333333333333,1,16
3511,15,1.364562,328,3677,N,25,1,16
4667,16,1.2896775,310,3511,N,26.6666666666667,1,16
4940,17,1.4061645,338,4667,N,28.3333333333333,1,16
4692,18,1.4394465,346,4940,N,30,1,16
4619,19,1.4727285,354,4692,N,31.6666666666667,1,16
5501,20,1.44360675,347,4619,N,33.3333333333333,1,16
5519,21,1.51017075,363,5501,N,35,1,16
4679,22,1.7057025,410,5519,N,36.6666666666667,1,16
4653,23,1.6224975,390,4679,N,38.3333333333333,1,16
6663,24,1.4893695,358,4653,N,40,1,16
5972,25,1.83467025,441,6663,N,41.6666666666667,1,16
6463,26,1.863792,448,5972,N,43.3333333333333,1,16
6506,27,1.8388305,442,6463,N,45,1,16
2845,0,0.86949225,209,NA,N,0,0,17
2943,1,0.92773575,223,2845,N,1.66666666666667,0,17
3044,2,1.33544025,321,2943,N,3.33333333333333,0,17
3156,3,1.264716,304,3044,N,5,0,17
2785,4,1.38536325,333,3156,N,6.66666666666667,0,17
3230,5,1.49352975,359,2785,N,8.33333333333333,0,17
2960,6,1.07750475,259,3230,N,10,0,17
2777,7,1.1731905,282,2960,N,11.6666666666667,0,17
4464,8,1.38536325,333,2777,N,13.3333333333333,0,17
4336,9,1.3396005,322,4464,N,15,0,17
4280,10,1.49769,360,4336,N,16.6666666666667,0,17
4102,11,1.4893695,358,4280,N,18.3333333333333,0,17
4508,12,1.42696575,343,4102,N,20,0,17
3870,13,1.3562415,326,4508,N,21.6666666666667,0,17
4208,14,1.3895235,334,3870,N,23.3333333333333,0,17
4134,15,1.481049,356,4208,N,25,0,17
5231,16,1.59337575,383,4134,N,26.6666666666667,0,17
5536,17,1.61833725,389,5231,N,28.3333333333333,0,17
5291,18,1.6890615,406,5536,N,30,0,17
5264,19,1.61001675,387,5291,N,31.6666666666667,0,17
5906,20,1.64329875,395,5264,N,33.3333333333333,0,17
5858,21,1.73482425,417,5906,N,35,0,17
5268,22,2.0218815,486,5858,N,36.6666666666667,0,17
5594,23,2.03436225,489,5268,N,38.3333333333333,0,17
7256,24,2.20077225,529,5594,N,40,0,17
6315,25,2.10092625,505,7256,N,41.6666666666667,0,17
7299,26,2.21741325,533,6315,N,43.3333333333333,0,17
6941,27,2.3047785,554,7299,N,45,0,17
6915,28,2.679201,644,6941,N,46.6666666666667,0,17
6339,29,2.446227,588,6915,N,48.3333333333333,0,17
7110,30,2.629278,632,6339,N,50,0,17
6413,31,2.92465575,703,7110,N,51.6666666666667,0,17
7715,32,3.10770675,747,6413,N,53.3333333333333,0,17
8486,33,3.07442475,739,7715,N,55,0,17
7948,34,1.41864525,341,8486,Y,56.6666666666667,1,17
7685,35,1.65993975,399,7948,N,58.3333333333333,1,17
8491,36,1.6724205,402,7685,N,60,1,17
8178,37,1.70154225,409,8491,N,61.6666666666667,1,17
7722,38,1.80970875,435,8178,N,63.3333333333333,1,17
8673,39,1.69322175,407,7722,N,65,1,17
2593,0,1.00262025,241,NA,N,0,0,18
2718,1,0.91109475,219,2593,N,1.66666666666667,0,18
2745,2,0.91109475,219,2718,N,3.33333333333333,0,18
2913,3,1.02758175,247,2745,N,5,0,18
2596,4,0.97765875,235,2913,N,6.66666666666667,0,18
3031,5,1.01094075,243,2596,N,8.33333333333333,0,18
2674,6,1.0067805,242,3031,N,10,0,18
2610,7,1.06918425,257,2674,N,11.6666666666667,0,18
3634,8,1.131588,272,2610,N,13.3333333333333,0,18
4163,9,1.13574825,273,3634,N,15,0,18
4093,10,1.18567125,285,4163,N,16.6666666666667,0,18
3922,11,1.214793,292,4093,N,18.3333333333333,0,18
4439,12,1.19399175,287,3922,N,20,0,18
3673,13,1.231434,296,4439,N,21.6666666666667,0,18
4018,14,1.181511,284,3673,N,23.3333333333333,0,18
3951,15,1.24391475,299,4018,N,25,0,18
5033,16,1.36872225,329,3951,N,26.6666666666667,0,18
5333,17,1.31047875,315,5033,N,28.3333333333333,0,18
5082,18,1.41864525,341,5333,N,30,0,18
5032,19,1.38536325,333,5082,N,31.6666666666667,0,18
5822,20,1.431126,344,5032,N,33.3333333333333,0,18
5772,21,1.481049,356,5822,N,35,0,18
5068,22,1.5725745,378,5772,N,36.6666666666667,0,18
5526,23,1.514331,364,5068,N,38.3333333333333,0,18
7218,24,1.65993975,399,5526,N,40,0,18
6214,25,1.6557795,398,7218,N,41.6666666666667,0,18
7111,26,1.84299075,443,6214,N,43.3333333333333,0,18
6858,27,1.78474725,429,7111,N,45,0,18
6822,28,1.85963175,447,6858,N,46.6666666666667,0,18
6243,29,2.013561,484,6822,N,48.3333333333333,0,18
7008,30,2.246535,540,6243,N,50,0,18
6330,31,2.45870775,591,7008,N,51.6666666666667,0,18
7622,32,2.46702825,593,6330,N,53.3333333333333,0,18
8411,33,0.73636425,177,7622,Y,55,1,18
7969,34,0.948537,228,8411,N,56.6666666666667,1,18
7636,35,1.0567035,254,7969,N,58.3333333333333,1,18
2850,0,0.81956925,197,NA,N,0,0,19
2950,1,0.97765875,235,2850,N,1.66666666666667,0,19
3052,2,0.8736525,210,2950,N,3.33333333333333,0,19
3160,3,0.86949225,209,3052,N,5,0,19
2802,4,0.96933825,233,3160,N,6.66666666666667,0,19
3235,5,0.98597925,237,2802,N,8.33333333333333,0,19
2965,6,0.94437675,227,3235,N,10,0,19
2782,7,0.9402165,226,2965,N,11.6666666666667,0,19
4467,8,1.01926125,245,2782,N,13.3333333333333,0,19
4339,9,1.0067805,242,4467,N,15,0,19
4285,10,0.96933825,233,4339,N,16.6666666666667,0,19
4105,11,1.098306,264,4285,N,18.3333333333333,0,19
4510,12,1.048383,252,4105,N,20,0,19
3875,13,1.1066265,266,4510,N,21.6666666666667,0,19
4217,14,1.21895325,293,3875,N,23.3333333333333,0,19
4139,15,1.2231135,294,4217,N,25,0,19
5236,16,1.131588,272,4139,N,26.6666666666667,0,19
5537,17,1.40200425,337,5236,N,28.3333333333333,0,19
5296,18,1.4061645,338,5537,N,30,0,19
5269,19,1.47688875,355,5296,N,31.6666666666667,0,19
5907,20,1.31047875,315,5269,N,33.3333333333333,0,19
5860,21,1.42696575,343,5907,N,35,0,19
5274,22,1.4061645,338,5860,N,36.6666666666667,0,19
5595,23,1.697382,408,5274,N,38.3333333333333,0,19
7258,24,1.863792,448,5595,N,40,0,19
6317,25,1.6890615,406,7258,N,41.6666666666667,0,19
7300,26,2.07596475,499,6317,N,43.3333333333333,0,19
6948,27,2.05932375,495,7300,N,45,0,19
6814,28,0.80292825,193,6948,Y,46.6666666666667,1,19
6233,29,0.8237295,198,6814,N,48.3333333333333,1,19
6998,30,0.86949225,209,6233,N,50,1,19
6321,31,0.965178,232,6998,N,51.6666666666667,1,19
7616,32,0.98597925,237,6321,N,53.3333333333333,1,19
8404,33,0.99429975,239,7616,N,55,1,19
7965,34,1.065024,256,8404,N,56.6666666666667,1,19
7629,35,1.05254325,253,7965,N,58.3333333333333,1,19
8453,36,1.12742775,271,7629,N,60,1,19
8147,37,1.3895235,334,8453,N,61.6666666666667,1,19
7667,38,1.3229595,318,8147,N,63.3333333333333,1,19
8678,39,1.36040175,327,7667,N,65,1,19
9052,40,1.31047875,315,8678,N,66.6666666666667,1,19
8871,41,1.34376075,323,9052,N,68.3333333333333,1,19
9451,42,1.33544025,321,8871,N,70,1,19
9251,43,1.51017075,363,9451,N,71.6666666666667,1,19
9648,44,1.6724205,402,9251,N,73.3333333333333,1,19
9862,45,1.597536,384,9648,N,75,1,19
10190,46,1.57673475,379,9862,N,76.6666666666667,1,19
10161,47,1.880433,452,10190,N,78.3333333333333,1,19
10862,48,0.91941525,221,10161,Y,80,2,19
12018,49,1.00262025,241,10862,N,81.6666666666667,2,19
11156,50,0.915255,220,12018,N,83.3333333333333,2,19
11803,51,0.9069345,218,11156,N,85,2,19
2597,0,1.564254,376,NA,N,0,0,20
2723,1,1.6641,400,2597,N,1.66666666666667,0,20
2752,2,1.70986275,411,2723,N,3.33333333333333,0,20
2916,3,1.80138825,433,2752,N,5,0,20
2603,4,1.90123425,457,2916,N,6.66666666666667,0,20
3046,5,1.90955475,459,2603,N,8.33333333333333,0,20
2679,6,1.9220355,462,3046,N,10,0,20
2615,7,1.9885995,478,2679,N,11.6666666666667,0,20
3636,8,1.98443925,477,2615,N,13.3333333333333,0,20
4169,9,2.179971,524,3636,N,15,0,20
4098,10,2.1050865,506,4169,N,16.6666666666667,0,20
3928,11,2.08428525,501,4098,N,18.3333333333333,0,20
4441,12,2.20077225,529,3928,N,20,0,20
3674,13,2.20909275,531,4441,N,21.6666666666667,0,20
4023,14,2.25069525,541,3674,N,23.3333333333333,0,20
3955,15,2.33390025,561,4023,N,25,0,20
5040,16,2.30893875,555,3955,N,26.6666666666667,0,20
5342,17,1.19399175,287,5040,Y,28.3333333333333,1,20
5090,18,1.23559425,297,5342,N,30,1,20
5043,19,1.231434,296,5090,N,31.6666666666667,1,20
5825,20,1.18567125,285,5043,N,33.3333333333333,1,20
5776,21,1.35208125,325,5825,N,35,1,20
5077,22,1.36872225,329,5776,N,36.6666666666667,1,20
5530,23,1.381203,332,5077,N,38.3333333333333,1,20
7220,24,1.46856825,353,5530,N,40,1,20
6221,25,1.4560875,350,7220,N,41.6666666666667,1,20
7114,26,1.481049,356,6221,N,43.3333333333333,1,20
6863,27,1.48520925,357,7114,N,45,1,20
6829,28,1.5559335,374,6863,N,46.6666666666667,1,20
6249,29,1.630818,392,6829,N,48.3333333333333,1,20
7014,30,1.63497825,393,6249,N,50,1,20
6337,31,1.747305,420,7014,N,51.6666666666667,1,20
7626,32,1.83467025,441,6337,N,53.3333333333333,1,20
8420,33,1.96779825,473,7626,N,55,1,20
7973,34,2.51695125,605,8420,N,56.6666666666667,1,20
3110,0,1.02758175,247,NA,N,0,0,21
3079,1,1.02758175,247,3110,N,1.66666666666667,0,21
3194,2,1.11078675,267,3079,N,3.33333333333333,0,21
3238,3,1.19399175,287,3194,N,5,0,21
3119,4,1.16070975,279,3238,N,6.66666666666667,0,21
3271,5,1.2563955,302,3119,N,8.33333333333333,0,21
3199,6,1.30215825,313,3271,N,10,0,21
2917,7,1.3562415,326,3199,N,11.6666666666667,0,21
4573,8,1.364562,328,2917,N,13.3333333333333,0,21
4515,9,1.41864525,341,4573,N,15,0,21
4369,10,1.39368375,335,4515,N,16.6666666666667,0,21
4250,11,1.43528625,345,4369,N,18.3333333333333,0,21
4558,12,1.45192725,349,4250,N,20,0,21
4368,13,1.4560875,350,4558,N,21.6666666666667,0,21
4337,14,1.51849125,365,4368,N,23.3333333333333,0,21
4261,15,1.5559335,374,4337,N,25,0,21
5364,16,1.52681175,367,4261,N,26.6666666666667,0,21
5713,17,1.56841425,377,5364,N,28.3333333333333,0,21
5421,18,1.5559335,374,5713,N,30,0,21
5412,19,1.58505525,381,5421,N,31.6666666666667,0,21
5943,20,1.5226515,366,5412,N,33.3333333333333,0,21
5915,21,1.6224975,390,5943,N,35,0,21
5411,22,1.77642675,427,5915,N,36.6666666666667,0,21
5640,23,1.847151,444,5411,N,38.3333333333333,0,21
7286,24,1.86795225,449,5640,N,40,0,21
6487,25,2.01772125,485,7286,N,41.6666666666667,0,21
7327,26,2.05100325,493,6487,N,43.3333333333333,0,21
7161,27,2.14252875,515,7327,N,45,0,21
7028,28,2.21741325,533,7161,N,46.6666666666667,0,21
6451,29,2.396304,576,7028,N,48.3333333333333,0,21
7184,30,2.529432,608,6451,N,50,0,21
6522,31,2.64175875,635,7184,N,51.6666666666667,0,21
7785,32,2.7374445,658,6522,N,53.3333333333333,0,21
8529,33,3.01618125,725,7785,N,55,0,21
8029,34,1.2563955,302,8529,Y,56.6666666666667,1,21
7805,35,1.41864525,341,8029,N,58.3333333333333,1,21
8565,36,1.41864525,341,7805,N,60,1,21
8325,37,1.42696575,343,8565,N,61.6666666666667,1,21
7855,38,1.56009375,375,8325,N,63.3333333333333,1,21
8760,39,1.8221895,438,7855,N,65,1,21
9128,40,1.85131125,445,8760,N,66.6666666666667,1,21
8952,41,1.95947775,471,9128,N,68.3333333333333,1,21
9532,42,2.02604175,487,8952,N,70,1,21
9336,43,2.02604175,487,9532,N,71.6666666666667,1,21
9724,44,2.10092625,505,9336,N,73.3333333333333,1,21
10099,45,2.09260575,503,9724,N,75,1,21
10333,46,2.19245175,527,10099,N,76.6666666666667,1,21
10312,47,2.41710525,581,10333,N,78.3333333333333,1,21
10962,48,2.512791,604,10312,N,80,1,21
12041,49,2.66256,640,10962,N,81.6666666666667,1,21
11176,50,2.62511775,631,12041,N,83.3333333333333,1,21
11830,51,1.47688875,355,11176,Y,85,2,21
11124,52,1.44360675,347,11830,N,86.6666666666667,2,21
11772,53,1.4394465,346,11124,N,88.3333333333333,2,21
11527,54,1.50185025,361,11772,N,90,2,21
2600,0,0.865332,208,NA,N,0,0,22
2727,1,0.8736525,210,2600,N,1.66666666666667,0,22
2758,2,0.931896,224,2727,N,3.33333333333333,0,22
2919,3,0.9069345,218,2758,N,5,0,22
2606,4,1.00262025,241,2919,N,6.66666666666667,0,22
3051,5,0.948537,228,2606,N,8.33333333333333,0,22
2685,6,0.9069345,218,3051,N,10,0,22
2618,7,0.915255,220,2685,N,11.6666666666667,0,22
3638,8,0.91941525,221,2618,N,13.3333333333333,0,22
4174,9,0.9402165,226,3638,N,15,0,22
4103,10,0.97765875,235,4174,N,16.6666666666667,0,22
3933,11,0.94437675,227,4103,N,18.3333333333333,0,22
4443,12,0.9901395,238,3933,N,20,0,22
3675,13,1.04422275,251,4443,N,21.6666666666667,0,22
4028,14,1.02758175,247,3675,N,23.3333333333333,0,22
3959,15,1.08582525,261,4028,N,25,0,22
5046,16,1.19399175,287,3959,N,26.6666666666667,0,22
5347,17,1.248075,300,5046,N,28.3333333333333,0,22
5095,18,1.24391475,299,5347,N,30,0,22
5048,19,1.25223525,301,5095,N,31.6666666666667,0,22
5827,20,1.23559425,297,5048,N,33.3333333333333,0,22
5778,21,1.314639,316,5827,N,35,0,22
5081,22,1.30215825,313,5778,N,36.6666666666667,0,22
5533,23,1.281357,308,5081,N,38.3333333333333,0,22
7221,24,1.347921,324,5533,N,40,0,22
6224,25,1.381203,332,7221,N,41.6666666666667,0,22
7116,26,1.49352975,359,6224,N,43.3333333333333,0,22
6866,27,1.464408,352,7116,N,45,0,22
6832,28,1.63497825,393,6866,N,46.6666666666667,0,22
6252,29,1.680741,404,6832,N,48.3333333333333,0,22
7017,30,1.8221895,438,6252,N,50,0,22
6340,31,1.946997,468,7017,N,51.6666666666667,0,22
7631,32,2.0218815,486,6340,N,53.3333333333333,0,22
8422,33,1.9885995,478,7631,N,55,0,22
7975,34,1.85131125,445,8422,N,56.6666666666667,0,22
7647,35,1.863792,448,7975,N,58.3333333333333,0,22
8465,36,2.013561,484,7647,N,60,0,22
8154,37,2.0052405,482,8465,N,61.6666666666667,0,22
7686,38,2.0052405,482,8154,N,63.3333333333333,0,22
8684,39,1.897074,456,7686,N,65,0,22
9058,40,1.83467025,441,8684,N,66.6666666666667,0,22
9458,42,2.0718045,498,9058,N,70,0,22
9259,43,2.04268275,491,9458,N,71.6666666666667,0,22
9654,44,2.00108025,481,9259,N,73.3333333333333,0,22
9882,45,2.29229775,551,9654,N,75,0,22
10205,46,2.09260575,503,9882,N,76.6666666666667,0,22
10178,47,2.15084925,517,10205,N,78.3333333333333,0,22
10538,48,1.76810625,425,10178,N,80,0,22
11969,49,1.0899855,262,10538,Y,81.6666666666667,1,22
2856,0,1.1232675,270,NA,N,0,0,23
2956,1,1.181511,284,2856,N,1.66666666666667,0,23
3060,2,1.16903025,281,2956,N,3.33333333333333,0,23
3166,3,1.26055575,303,3060,N,5,0,23
2808,4,1.30215825,313,3166,N,6.66666666666667,0,23
3246,5,1.31047875,315,2808,N,8.33333333333333,0,23
2971,6,1.46856825,353,3246,N,10,0,23
2786,7,1.55177325,373,2971,N,11.6666666666667,0,23
4470,8,1.44360675,347,2786,N,13.3333333333333,0,23
4345,9,1.564254,376,4470,N,15,0,23
4290,10,1.530972,368,4345,N,16.6666666666667,0,23
4111,11,1.514331,364,4290,N,18.3333333333333,0,23
4514,12,1.42696575,343,4111,N,20,0,23
3887,13,1.52681175,367,4514,N,21.6666666666667,0,23
4226,14,1.55177325,373,3887,N,23.3333333333333,0,23
4149,15,1.5559335,374,4226,N,25,0,23
5246,16,1.5725745,378,4149,N,26.6666666666667,0,23
5539,17,1.60169625,385,5246,N,28.3333333333333,0,23
5310,18,1.69322175,407,5539,N,30,0,23
5284,19,1.797228,432,5310,N,31.6666666666667,0,23
5912,20,1.6641,400,5284,N,33.3333333333333,0,23
5866,21,1.780587,428,5912,N,35,0,23
5288,22,1.83051,440,5866,N,36.6666666666667,0,23
5597,23,1.86795225,449,5288,N,38.3333333333333,0,23
7260,24,1.9053945,458,5597,N,40,0,23
6322,25,1.9719585,474,7260,N,41.6666666666667,0,23
7302,26,1.86795225,449,6322,N,43.3333333333333,0,23
2604,0,0.6739605,162,NA,N,0,0,24
2734,1,0.71972325,173,2604,N,1.66666666666667,0,24
2764,2,0.70308225,169,2734,N,3.33333333333333,0,24
2921,3,0.881973,212,2764,N,5,0,24
2611,4,0.94437675,227,2921,N,6.66666666666667,0,24
3065,5,0.91941525,221,2611,N,8.33333333333333,0,24
2689,6,0.9402165,226,3065,N,10,0,24
2622,7,0.965178,232,2689,N,11.6666666666667,0,24
4370,8,1.00262025,241,2622,N,13.3333333333333,0,24
4179,9,0.98597925,237,4370,N,15,0,24
4109,10,0.9568575,230,4179,N,16.6666666666667,0,24
3937,11,0.9901395,238,4109,N,18.3333333333333,0,24
4444,12,0.9734985,234,3937,N,20,0,24
3676,13,0.98597925,237,4444,N,21.6666666666667,0,24
4033,14,1.05254325,253,3676,N,23.3333333333333,0,24
3963,15,1.09414575,263,4033,N,25,0,24
5050,16,1.114947,268,3963,N,26.6666666666667,0,24
5352,17,1.14406875,275,5050,N,28.3333333333333,0,24
5100,18,1.1399085,274,5352,N,30,0,24
5053,19,1.14406875,275,5100,N,31.6666666666667,0,24
5829,20,1.15238925,277,5053,N,33.3333333333333,0,24
5780,21,1.20231225,289,5829,N,35,0,24
5087,22,1.2231135,294,5780,N,36.6666666666667,0,24
5535,23,1.297998,312,5087,N,38.3333333333333,0,24
7222,24,1.32711975,319,5535,N,40,0,24
6226,25,1.414485,340,7222,N,41.6666666666667,0,24
7118,26,1.3396005,322,6226,N,43.3333333333333,0,24
6869,27,1.26887625,305,7118,N,45,0,24
6835,28,1.3229595,318,6869,N,46.6666666666667,0,24
6255,29,1.42696575,343,6835,N,48.3333333333333,0,24
7020,30,1.51017075,363,6255,N,50,0,24
6343,31,1.59337575,383,7020,N,51.6666666666667,0,24
7633,32,1.514331,364,6343,N,53.3333333333333,0,24
8423,33,1.747305,420,7633,N,55,0,24
7976,34,1.797228,432,8423,N,56.6666666666667,0,24
7651,35,1.980279,476,7976,N,58.3333333333333,0,24
8467,36,2.0718045,498,7651,N,60,0,24
8155,37,1.90123425,457,8467,N,61.6666666666667,0,24
7690,38,2.146689,516,8155,N,63.3333333333333,0,24
8685,39,2.34222075,563,7690,N,65,0,24
9059,40,2.41710525,581,8685,N,66.6666666666667,0,24
8877,41,1.181511,284,9059,Y,68.3333333333333,1,24
9459,42,1.16903025,281,8877,N,70,1,24
9260,43,1.19399175,287,9459,N,71.6666666666667,1,24
2350,0,1.9553175,470,NA,N,0,0,25
2310,1,1.7389845,418,2350,N,1.66666666666667,0,25
2361,2,2.063484,496,2310,N,3.33333333333333,0,25
2425,3,2.09260575,503,2361,N,5,0,25
2364,4,0.92773575,223,2425,Y,6.66666666666667,1,25
2381,5,1.00262025,241,2364,N,8.33333333333333,1,25
2429,6,0.98597925,237,2381,N,10,1,25
2423,7,0.97765875,235,2429,N,11.6666666666667,1,25
3493,8,1.0067805,242,2423,N,13.3333333333333,1,25
3950,9,1.01926125,245,3493,N,15,1,25
3648,10,1.1232675,270,3950,N,16.6666666666667,1,25
3729,11,1.098306,264,3648,N,18.3333333333333,1,25
3502,12,1.0733445,258,3729,N,20,1,25
3589,13,1.14406875,275,3502,N,21.6666666666667,1,25
3800,14,1.21063275,291,3589,N,23.3333333333333,1,25
3753,15,1.2397545,298,3800,N,25,1,25
4836,16,1.36040175,327,3753,N,26.6666666666667,1,25
5109,17,1.31047875,315,4836,N,28.3333333333333,1,25
4873,18,1.34376075,323,5109,N,30,1,25
4801,19,1.38536325,333,4873,N,31.6666666666667,1,25
5730,20,1.3728825,330,4801,N,33.3333333333333,1,25
5689,21,1.3396005,322,5730,N,35,1,25
4862,22,1.431126,344,5689,N,36.6666666666667,1,25
4840,23,1.52681175,367,4862,N,38.3333333333333,1,25
6964,24,1.59337575,383,4840,N,40,1,25
6079,25,1.5392925,370,6964,N,41.6666666666667,1,25
6982,26,1.6224975,390,6079,N,43.3333333333333,1,25
6736,27,1.80138825,433,6982,N,45,1,25
6696,28,1.980279,476,6736,N,46.6666666666667,1,25
6109,29,2.08428525,501,6696,N,48.3333333333333,1,25
6810,30,2.55023325,613,6109,N,50,1,25
6159,31,2.57519475,619,6810,N,51.6666666666667,1,25
7447,32,1.22727375,295,6159,Y,53.3333333333333,2,25
8281,33,1.17735075,283,7447,N,55,2,25
7917,34,1.35208125,325,8281,N,56.6666666666667,2,25
7570,35,1.4228055,342,7917,N,58.3333333333333,2,25
2608,0,1.0899855,262,NA,N,0,0,26
2742,1,1.364562,328,2608,N,1.66666666666667,0,26
2771,2,1.62665775,391,2742,N,3.33333333333333,0,26
2926,3,1.5392925,370,2771,N,5,0,26
2617,4,1.647459,396,2926,N,6.66666666666667,0,26
3076,5,1.50185025,361,2617,N,8.33333333333333,0,26
2700,6,0.97765875,235,3076,Y,10,1,26
2626,7,0.9402165,226,2700,N,11.6666666666667,1,26
4392,8,0.9069345,218,2626,N,13.3333333333333,1,26
4184,9,0.96933825,233,4392,N,15,1,26
4122,10,0.9734985,234,4184,N,16.6666666666667,1,26
3941,11,1.0234215,246,4122,N,18.3333333333333,1,26
4446,12,1.00262025,241,3941,N,20,1,26
3701,13,1.02758175,247,4446,N,21.6666666666667,1,26
4044,14,1.0899855,262,3701,N,23.3333333333333,1,26
3973,15,1.00262025,241,4044,N,25,1,26
5061,16,1.081665,260,3973,N,26.6666666666667,1,26
5360,17,1.13574825,273,5061,N,28.3333333333333,1,26
5108,18,1.26055575,303,5360,N,30,1,26
5064,19,1.181511,284,5108,N,31.6666666666667,1,26
5832,20,1.1399085,274,5064,N,33.3333333333333,1,26
5784,21,1.11910725,269,5832,N,35,1,26
5094,22,1.09414575,263,5784,N,36.6666666666667,1,26
5543,23,1.16487,280,5094,N,38.3333333333333,1,26
7223,24,1.2730365,306,5543,N,40,1,26
6229,25,1.25223525,301,7223,N,41.6666666666667,1,26
7120,26,1.29383775,311,6229,N,43.3333333333333,1,26
6871,27,1.314639,316,7120,N,45,1,26
6838,28,1.32711975,319,6871,N,46.6666666666667,1,26
6258,29,1.39368375,335,6838,N,48.3333333333333,1,26
7026,30,1.5392925,370,6258,N,50,1,26
6347,31,1.52681175,367,7026,N,51.6666666666667,1,26
7635,32,1.5060105,362,6347,N,53.3333333333333,1,26
8425,33,1.57673475,379,7635,N,55,1,26
7977,34,1.65161925,397,8425,N,56.6666666666667,1,26
7654,35,1.6391385,394,7977,N,58.3333333333333,1,26
8471,36,1.7889075,430,7654,N,60,1,26
8157,37,1.747305,420,8471,N,61.6666666666667,1,26
7695,38,1.9053945,458,8157,N,63.3333333333333,1,26
8686,39,1.9553175,470,7695,N,65,1,26
9060,40,2.0385225,490,8686,N,66.6666666666667,1,26
8879,41,2.09260575,503,9060,N,68.3333333333333,1,26
9461,42,2.4212655,582,8879,N,70,1,26
9262,43,2.32974,560,9461,N,71.6666666666667,1,26
9656,44,2.5543935,614,9262,N,73.3333333333333,1,26
9887,45,2.679201,644,9656,N,75,1,26
10208,46,2.612637,628,9887,N,76.6666666666667,1,26
10183,47,3.00786075,723,10208,N,78.3333333333333,1,26
10540,48,2.86641225,689,10183,N,80,1,26
11973,49,1.44360675,347,10540,Y,81.6666666666667,2,26
10997,50,1.597536,384,11973,N,83.3333333333333,2,26
11715,51,1.62665775,391,10997,N,85,2,26
11043,52,1.963638,472,11715,N,86.6666666666667,2,26
11649,53,1.946997,468,11043,N,88.3333333333333,2,26
11358,54,2.28397725,549,11649,N,90,2,26
10696,55,2.32974,560,11358,N,91.6666666666667,2,26
12794,56,2.3214195,558,10696,N,93.3333333333333,2,26
12583,57,2.21741325,533,12794,N,95,2,26
12614,58,1.5060105,362,12583,Y,96.6666666666667,3,26
12410,59,1.464408,352,12614,N,98.3333333333333,3,26
13117,60,1.4061645,338,12410,N,100,3,26
2355,0,0.91941525,221,NA,N,0,0,27
2313,1,0.965178,232,2355,N,1.66666666666667,0,27
2376,2,0.95269725,229,2313,N,3.33333333333333,0,27
2428,3,1.01926125,245,2376,N,5,0,27
2371,4,1.11078675,267,2428,N,6.66666666666667,0,27
2387,5,1.01926125,245,2371,N,8.33333333333333,0,27
2440,6,1.12742775,271,2387,N,10,0,27
2432,7,1.16903025,281,2440,N,11.6666666666667,0,27
3501,8,1.2064725,290,2432,N,13.3333333333333,0,27
3957,9,1.23559425,297,3501,N,15,0,27
3650,10,1.198152,288,3957,N,16.6666666666667,0,27
3740,11,1.23559425,297,3650,N,18.3333333333333,0,27
3510,12,1.3063185,314,3740,N,20,0,27
3595,13,1.297998,312,3510,N,21.6666666666667,0,27
3810,14,1.31047875,315,3595,N,23.3333333333333,0,27
3763,15,1.43528625,345,3810,N,25,0,27
4846,16,1.35208125,325,3763,N,26.6666666666667,0,27
5118,17,1.40200425,337,4846,N,28.3333333333333,0,27
4882,18,1.414485,340,5118,N,30,0,27
4811,19,1.414485,340,4882,N,31.6666666666667,0,27
5735,20,1.381203,332,4811,N,33.3333333333333,0,27
5697,21,1.48520925,357,5735,N,35,0,27
4871,22,1.547613,372,5697,N,36.6666666666667,0,27
4854,23,1.6391385,394,4871,N,38.3333333333333,0,27
6969,24,1.75978575,423,4854,N,40,0,27
6085,25,1.8221895,438,6969,N,41.6666666666667,0,27
7000,26,1.98443925,477,6085,N,43.3333333333333,0,27
6742,27,2.15084925,517,7000,N,45,0,27
6701,28,2.35054125,565,6742,N,46.6666666666667,0,27
6116,29,2.65839975,639,6701,N,48.3333333333333,0,27
6819,30,2.65007925,637,6116,N,50,0,27
6169,31,2.73328425,657,6819,N,51.6666666666667,0,27
7451,32,1.50185025,361,6169,Y,53.3333333333333,1,27
8295,33,1.364562,328,7451,N,55,1,27
2612,0,0.92773575,223,NA,N,0,0,28
2746,1,1.0234215,246,2612,N,1.66666666666667,0,28
2776,2,0.99846,240,2746,N,3.33333333333333,0,28
2930,3,1.14406875,275,2776,N,5,0,28
2623,4,1.17735075,283,2930,N,6.66666666666667,0,28
3091,5,1.0899855,262,2623,N,8.33333333333333,0,28
2741,6,1.1232675,270,3091,N,10,0,28
2632,7,1.248075,300,2741,N,11.6666666666667,0,28
4395,8,1.08582525,261,2632,N,13.3333333333333,0,28
4191,9,1.3063185,314,4395,N,15,0,28
4128,10,1.23559425,297,4191,N,16.6666666666667,0,28
3945,11,1.25223525,301,4128,N,18.3333333333333,0,28
4448,12,1.281357,308,3945,N,20,0,28
3705,13,1.30215825,313,4448,N,21.6666666666667,0,28
4049,14,1.3562415,326,3705,N,23.3333333333333,0,28
3978,15,1.3895235,334,4049,N,25,0,28
5065,16,1.28551725,309,3978,N,26.6666666666667,0,28
5365,17,1.3396005,322,5065,N,28.3333333333333,0,28
5115,18,1.414485,340,5365,N,30,0,28
5074,19,1.38536325,333,5115,N,31.6666666666667,0,28
5834,20,1.3562415,326,5074,N,33.3333333333333,0,28
5786,21,1.33544025,321,5834,N,35,0,28
5099,22,1.36872225,329,5786,N,36.6666666666667,0,28
2868,0,1.131588,272,NA,N,0,0,29
2961,1,1.0899855,262,2868,N,1.66666666666667,0,29
3070,2,1.114947,268,2961,N,3.33333333333333,0,29
3171,3,1.11910725,269,3070,N,5,0,29
2814,4,1.3229595,318,3171,N,6.66666666666667,0,29
3247,5,1.31879925,317,2814,N,8.33333333333333,0,29
2978,6,1.2896775,310,3247,N,10,0,29
2789,7,1.3562415,326,2978,N,11.6666666666667,0,29
4472,8,1.314639,316,2789,N,13.3333333333333,0,29
4349,9,1.3728825,330,4472,N,15,0,29
4294,10,1.42696575,343,4349,N,16.6666666666667,0,29
4115,11,1.364562,328,4294,N,18.3333333333333,0,29
4516,12,1.38536325,333,4115,N,20,0,29
3893,13,1.4228055,342,4516,N,21.6666666666667,0,29
4231,14,1.43528625,345,3893,N,23.3333333333333,0,29
4153,15,1.41864525,341,4231,N,25,0,29
5250,16,1.51017075,363,4153,N,26.6666666666667,0,29
5541,17,1.530972,368,5250,N,28.3333333333333,0,29
5315,18,1.5725745,378,5541,N,30,0,29
5290,19,1.5559335,374,5315,N,31.6666666666667,0,29
5914,20,1.53513225,369,5290,N,33.3333333333333,0,29
5868,21,1.57673475,379,5914,N,35,0,29
5292,22,1.59337575,383,5868,N,36.6666666666667,0,29
5598,23,1.62665775,391,5292,N,38.3333333333333,0,29
7261,24,1.61833725,389,5598,N,40,0,29
6326,25,1.70154225,409,7261,N,41.6666666666667,0,29
7303,26,1.70986275,411,6326,N,43.3333333333333,0,29
6956,27,1.76810625,425,7303,N,45,0,29
6922,28,1.80970875,435,6956,N,46.6666666666667,0,29
6349,29,1.88459325,453,6922,N,48.3333333333333,0,29
7115,30,1.797228,432,6349,N,50,0,29
6419,31,1.9220355,462,7115,N,51.6666666666667,0,29
7721,32,1.9220355,462,6419,N,53.3333333333333,0,29
8490,33,1.8887535,454,7721,N,55,0,29
8007,34,2.0551635,494,8490,N,56.6666666666667,0,29
7741,35,2.03436225,489,8007,N,58.3333333333333,0,29
8541,36,2.09260575,503,7741,N,60,0,29
8243,37,2.013561,484,8541,N,61.6666666666667,0,29
7813,38,2.0884455,502,8243,N,63.3333333333333,0,29
8728,39,2.21741325,533,7813,N,65,0,29
9099,40,2.32557975,559,8728,N,66.6666666666667,0,29
8922,41,2.1882915,526,9099,N,68.3333333333333,0,29
9504,42,2.14252875,515,8922,N,70,0,29
9306,43,2.446227,588,9504,N,71.6666666666667,0,29
9695,44,2.70000225,649,9306,N,73.3333333333333,0,29
10015,45,2.86641225,689,9695,N,75,0,29
10287,46,1.2730365,306,10015,Y,76.6666666666667,1,29
10260,47,1.614177,388,10287,N,78.3333333333333,1,29
10856,48,1.680741,404,10260,N,80,1,29
12015,49,1.77642675,427,10856,N,81.6666666666667,1,29
11153,50,1.93451625,465,12015,N,83.3333333333333,1,29
11798,51,1.946997,468,11153,N,85,1,29
11095,52,2.013561,484,11798,N,86.6666666666667,1,29
11723,53,1.95947775,471,11095,N,88.3333333333333,1,29
11432,54,2.4379065,586,11723,N,90,1,29
10847,55,2.5044705,602,11432,N,91.6666666666667,1,29
12870,56,2.2049325,530,10847,N,93.3333333333333,1,29
12706,57,1.198152,288,12870,Y,95,2,29
12740,58,0.865332,208,12706,N,96.6666666666667,2,29
2360,0,0.9402165,226,NA,N,0,0,30
2316,1,0.83205,200,2360,N,1.66666666666667,0,30
2400,2,0.915255,220,2316,N,3.33333333333333,0,30
2433,3,0.9402165,226,2400,N,5,0,30
2374,4,0.95269725,229,2433,N,6.66666666666667,0,30
2389,5,0.965178,232,2374,N,8.33333333333333,0,30
2450,6,0.948537,228,2389,N,10,0,30
2435,7,0.99429975,239,2450,N,11.6666666666667,0,30
3504,8,1.01926125,245,2435,N,13.3333333333333,0,30
3961,9,1.01094075,243,3504,N,15,0,30
3651,10,1.015101,244,3961,N,16.6666666666667,0,30
3743,11,0.981819,236,3651,N,18.3333333333333,0,30
3514,12,1.01926125,245,3743,N,20,0,30
3596,13,1.04422275,251,3514,N,21.6666666666667,0,30
3816,14,1.04422275,251,3596,N,23.3333333333333,0,30
3767,15,1.015101,244,3816,N,25,0,30
4852,16,0.99846,240,3767,N,26.6666666666667,0,30
5123,17,1.04422275,251,4852,N,28.3333333333333,0,30
4885,18,1.04422275,251,5123,N,30,0,30
4816,19,1.0400625,250,4885,N,31.6666666666667,0,30
5736,20,1.06086375,255,4816,N,33.3333333333333,0,30
5699,21,1.3895235,334,5736,N,35,0,30
4875,22,1.314639,316,5699,N,36.6666666666667,0,30
4859,23,1.4893695,358,4875,N,38.3333333333333,0,30
6972,24,1.6557795,398,4859,N,40,0,30
6089,25,1.98443925,477,6972,N,41.6666666666667,0,30
7005,26,2.0718045,498,6089,N,43.3333333333333,0,30
2616,0,0.732204,176,NA,N,0,0,31
2749,1,0.49923,120,2616,N,1.66666666666667,0,31
2781,2,0.5574735,134,2749,N,3.33333333333333,0,31
2942,3,0.7738065,186,2781,N,5,0,31
3049,4,0.4243455,102,2942,N,6.66666666666667,0,31
3255,5,0.51171075,123,3049,N,8.33333333333333,0,31
3041,6,0.399384,96,3255,N,10,0,31
2828,7,0.40354425,97,3041,N,11.6666666666667,0,31
4542,8,0.416025,100,2828,N,13.3333333333333,0,31
4367,9,0.399384,96,4542,N,15,0,31
4534,12,0.4576275,110,4367,N,20,0,31
3935,13,0.416025,100,4534,N,21.6666666666667,0,31
4283,14,0.4077045,98,3935,N,23.3333333333333,0,31
5285,16,0.39522375,95,4283,N,26.6666666666667,0,31
5655,17,0.382743,92,5285,N,28.3333333333333,0,31
5326,19,0.39522375,95,5655,N,31.6666666666667,0,31
5927,20,0.37858275,91,5326,N,33.3333333333333,0,31
5882,21,0.366102,88,5927,N,35,0,31
5332,22,0.42850575,103,5882,N,36.6666666666667,0,31
5609,23,0.40354425,97,5332,N,38.3333333333333,0,31
7267,24,0.4077045,98,5609,N,40,0,31
6346,25,0.382743,92,7267,N,41.6666666666667,0,31
7308,26,0.3744225,90,6346,N,43.3333333333333,0,31
6978,27,0.366102,88,7308,N,45,0,31
6368,29,0.4077045,98,6978,N,48.3333333333333,0,31
6438,31,0.399384,96,6368,N,51.6666666666667,0,31
8321,36,0.465948,112,6438,N,60,0,31
9442,42,0.4077045,98,8321,N,70,0,31
9240,43,0.39522375,95,9442,N,71.6666666666667,0,31
9638,44,0.33282,80,9240,N,73.3333333333333,0,31
9848,45,0.37858275,91,9638,N,75,0,31
10169,46,0.3577815,86,9848,N,76.6666666666667,0,31
10139,47,0.399384,96,10169,N,78.3333333333333,0,31
10517,48,0.3411405,82,10139,N,80,0,31
11947,49,0.34530075,83,10517,N,81.6666666666667,0,31
10913,50,0.349461,84,11947,N,83.3333333333333,0,31
11644,51,0.39522375,95,10913,N,85,0,31
11008,52,0.366102,88,11644,N,86.6666666666667,0,31
11557,53,0.39522375,95,11008,N,88.3333333333333,0,31
11335,54,0.37858275,91,11557,N,90,0,31
10667,55,0.36194175,87,11335,N,91.6666666666667,0,31
12758,56,0.416025,100,10667,N,93.3333333333333,0,31
12508,57,0.399384,96,12758,N,95,0,31
12535,58,0.3411405,82,12508,N,96.6666666666667,0,31
12366,59,0.36194175,87,12535,N,98.3333333333333,0,31
13544,62,0.38690325,93,12366,N,103.333333333333,0,31
13531,63,0.4077045,98,13544,N,105,0,31
14685,64,0.39522375,95,13531,N,106.666666666667,0,31
14290,66,0.40354425,97,14685,N,110,0,31
14068,67,0.4077045,98,14290,N,111.666666666667,0,31
15231,70,0.399384,96,14068,N,116.666666666667,0,31
2106,0,1.13574825,273,NA,N,0,0,32
2088,1,0.98597925,237,2106,N,1.66666666666667,0,32
2163,2,1.41032475,339,2088,N,3.33333333333333,0,32
2147,3,1.1399085,274,2163,N,5,0,32
2130,4,1.60169625,385,2147,N,6.66666666666667,0,32
2089,5,1.11078675,267,2130,N,8.33333333333333,0,32
2158,6,1.065024,256,2089,N,10,0,32
2133,7,1.5392925,370,2158,N,11.6666666666667,0,32
3396,8,1.56009375,375,2133,N,13.3333333333333,0,32
3801,9,1.41864525,341,3396,N,15,0,32
3298,10,1.4560875,350,3801,N,16.6666666666667,0,32
3380,11,1.31047875,315,3298,N,18.3333333333333,0,32
3399,12,1.66826025,401,3380,N,20,0,32
3461,13,1.74314475,419,3399,N,21.6666666666667,0,32
3681,14,1.93451625,465,3461,N,23.3333333333333,0,32
4047,15,1.95947775,471,3681,N,25,0,32
5134,16,2.15084925,517,4047,N,26.6666666666667,0,32
5434,17,2.229894,536,5134,N,28.3333333333333,0,32
5193,18,2.645919,636,5434,N,30,0,32
2620,0,1.72650375,415,NA,N,0,0,33
2755,1,1.76810625,425,2620,N,1.66666666666667,0,33
2787,2,1.7556255,422,2755,N,3.33333333333333,0,33
2949,3,1.77642675,427,2787,N,5,0,33
2633,4,1.91787525,461,2949,N,6.66666666666667,0,33
3097,5,1.7556255,422,2633,N,8.33333333333333,0,33
2753,6,1.93451625,465,3097,N,10,0,33
2639,7,1.880433,452,2753,N,11.6666666666667,0,33
4399,8,1.95947775,471,2639,N,13.3333333333333,0,33
4198,9,2.16749025,521,4399,N,15,0,33
4140,10,2.2382145,538,4198,N,16.6666666666667,0,33
3954,11,2.645919,636,4140,N,18.3333333333333,0,33
4452,12,2.42542575,583,3954,N,20,0,33
3718,13,2.55855375,615,4452,N,21.6666666666667,0,33
4057,14,1.09414575,263,3718,Y,23.3333333333333,1,33
3981,15,1.19399175,287,4057,N,25,1,33
5070,16,1.16070975,279,3981,N,26.6666666666667,1,33
5370,17,1.26055575,303,5070,N,28.3333333333333,1,33
5119,18,1.29383775,311,5370,N,30,1,33
5084,19,1.3396005,322,5119,N,31.6666666666667,1,33
5839,20,1.25223525,301,5084,N,33.3333333333333,1,33
5794,21,1.4394465,346,5839,N,35,1,33
5120,22,1.41864525,341,5794,N,36.6666666666667,1,33
5559,23,1.60169625,385,5120,N,38.3333333333333,1,33
7225,24,1.680741,404,5559,N,40,1,33
6232,25,1.863792,448,7225,N,41.6666666666667,1,33
7122,26,1.980279,476,6232,N,43.3333333333333,1,33
6874,27,1.97611875,475,7122,N,45,1,33
6841,28,2.10924675,507,6874,N,46.6666666666667,1,33
6262,29,2.15916975,519,6841,N,48.3333333333333,1,33
7029,30,2.3713425,570,6262,N,50,1,33
6350,31,2.346381,564,7029,N,51.6666666666667,1,33
7638,32,2.246535,540,6350,N,53.3333333333333,1,33
8429,33,2.55855375,615,7638,N,55,1,33
7978,34,1.347921,324,8429,Y,56.6666666666667,2,33
7657,35,1.414485,340,7978,N,58.3333333333333,2,33
8472,36,1.56841425,377,7657,N,60,2,33
8159,37,1.6557795,398,8472,N,61.6666666666667,2,33
7698,38,1.60169625,385,8159,N,63.3333333333333,2,33
8687,39,1.680741,404,7698,N,65,2,33
9061,40,1.71818325,413,8687,N,66.6666666666667,2,33
8880,41,1.7889075,430,9061,N,68.3333333333333,2,33
9462,42,1.75146525,421,8880,N,70,2,33
9263,43,1.95115725,469,9462,N,71.6666666666667,2,33
9657,44,2.0218815,486,9263,N,73.3333333333333,2,33
9891,45,2.146689,516,9657,N,75,2,33
10211,46,2.3214195,558,9891,N,76.6666666666667,2,33
10187,47,2.30893875,555,10211,N,78.3333333333333,2,33
10541,48,2.7041625,650,10187,N,80,2,33
11974,49,1.55177325,373,10541,Y,81.6666666666667,3,33
10999,50,1.481049,356,11974,N,83.3333333333333,3,33
11718,51,1.547613,372,10999,N,85,3,33
11044,52,1.6557795,398,11718,N,86.6666666666667,3,33
11650,53,1.7223435,414,11044,N,88.3333333333333,3,33
11359,54,1.75146525,421,11650,N,90,3,33
10697,55,1.75978575,423,11359,N,91.6666666666667,3,33
12801,56,1.797228,432,10697,N,93.3333333333333,3,33
12586,57,2.08428525,501,12801,N,95,3,33
12619,58,2.19245175,527,12586,N,96.6666666666667,3,33
12415,59,2.2049325,530,12619,N,98.3333333333333,3,33
13128,60,2.2382145,538,12415,N,100,3,33
13197,61,2.37550275,571,13128,N,101.666666666667,3,33
13619,62,2.2714965,546,13197,N,103.333333333333,3,33
13580,63,2.3713425,570,13619,N,105,3,33
14756,64,2.5876755,622,13580,N,106.666666666667,3,33
14163,65,2.5876755,622,14756,N,108.333333333333,3,33
14347,66,2.7208035,654,14163,N,110,3,33
14125,67,3.00786075,723,14347,N,111.666666666667,3,33
13867,68,1.8388305,442,14125,Y,113.333333333333,4,33
13970,69,2.03436225,489,13867,N,115,4,33
15261,70,2.263176,544,13970,N,116.666666666667,4,33
2112,0,1.15238925,277,NA,N,0,0,34
2098,1,1.45192725,349,2112,N,1.66666666666667,0,34
2169,2,1.547613,372,2098,N,3.33333333333333,0,34
2174,3,1.52681175,367,2169,N,5,0,34
2135,4,1.4394465,346,2174,N,6.66666666666667,0,34
2105,5,1.6224975,390,2135,N,8.33333333333333,0,34
2166,6,1.5725745,378,2105,N,10,0,34
2136,7,1.564254,376,2166,N,11.6666666666667,0,34
3397,8,1.630818,392,2136,N,13.3333333333333,0,34
3806,9,1.87627275,451,3397,N,15,0,34
3299,10,1.980279,476,3806,N,16.6666666666667,0,34
3385,11,2.0052405,482,3299,N,18.3333333333333,0,34
3402,12,2.0718045,498,3385,N,20,0,34
3466,13,2.1383685,514,3402,N,21.6666666666667,0,34
3682,14,2.17581075,523,3466,N,23.3333333333333,0,34
3529,15,2.30893875,555,3682,N,25,0,34
4688,16,2.34222075,563,3529,N,26.6666666666667,0,34
4962,17,2.412945,580,4688,N,28.3333333333333,0,34
4711,18,1.12742775,271,4962,Y,30,1,34
4632,19,1.214793,292,4711,N,31.6666666666667,1,34
5512,20,1.1731905,282,4632,N,33.3333333333333,1,34
5555,21,1.1399085,274,5512,N,35,1,34
4699,22,1.231434,296,5555,N,36.6666666666667,1,34
4676,23,1.248075,300,4699,N,38.3333333333333,1,34
6667,24,1.24391475,299,4676,N,40,1,34
5986,25,1.214793,292,6667,N,41.6666666666667,1,34
6491,26,1.2896775,310,5986,N,43.3333333333333,1,34
6535,27,1.33128,320,6491,N,45,1,34
6528,28,1.34376075,323,6535,N,46.6666666666667,1,34
6006,29,1.37704275,331,6528,N,48.3333333333333,1,34
6618,30,1.48520925,357,6006,N,50,1,34
6020,31,1.64329875,395,6618,N,51.6666666666667,1,34
7411,32,1.6557795,398,6020,N,53.3333333333333,1,34
8180,33,1.797228,432,7411,N,55,1,34
7880,34,2.04268275,491,8180,N,56.6666666666667,1,34
7369,35,2.0884455,502,7880,N,58.3333333333333,1,34
8234,36,2.03436225,489,7369,N,60,1,34
8058,37,2.07596475,499,8234,N,61.6666666666667,1,34
7396,38,2.21741325,533,8058,N,63.3333333333333,1,34
8600,39,0.86949225,209,7396,Y,65,2,34
8980,40,1.00262025,241,8600,N,66.6666666666667,2,34
8793,41,1.148229,276,8980,N,68.3333333333333,2,34
9369,42,1.2730365,306,8793,N,70,2,34
2627,0,1.214793,292,NA,N,0,0,35
2760,1,1.33128,320,2627,N,1.66666666666667,0,35
2799,2,1.4228055,342,2760,N,3.33333333333333,0,35
2958,3,1.547613,372,2799,N,5,0,35
2643,4,1.5559335,374,2958,N,6.66666666666667,0,35
3103,5,1.64329875,395,2643,N,8.33333333333333,0,35
2765,6,1.70986275,411,3103,N,10,0,35
2649,7,1.763946,424,2765,N,11.6666666666667,0,35
4402,8,1.7389845,418,2649,N,13.3333333333333,0,35
4205,9,1.763946,424,4402,N,15,0,35
4144,10,1.76810625,425,4205,N,16.6666666666667,0,35
3960,11,1.75146525,421,4144,N,18.3333333333333,0,35
4454,12,1.90955475,459,3960,N,20,0,35
3722,13,1.8055485,434,4454,N,21.6666666666667,0,35
4067,14,1.97611875,475,3722,N,23.3333333333333,0,35
3992,15,2.15916975,519,4067,N,25,0,35
5083,16,1.9719585,474,3992,N,26.6666666666667,0,35
5383,17,2.06764425,497,5083,N,28.3333333333333,0,35
5132,18,2.1383685,514,5383,N,30,0,35
5098,19,2.20077225,529,5132,N,31.6666666666667,0,35
5844,20,2.44206675,587,5098,N,33.3333333333333,0,35
5799,21,2.246535,540,5844,N,35,0,35
5128,22,1.24391475,299,5799,Y,36.6666666666667,1,35
5561,23,1.1731905,282,5128,N,38.3333333333333,1,35
7227,24,1.26887625,305,5561,N,40,1,35
6238,25,1.33544025,321,7227,N,41.6666666666667,1,35
7126,26,1.3396005,322,6238,N,43.3333333333333,1,35
6880,27,1.3063185,314,7126,N,45,1,35
6847,28,1.381203,332,6880,N,46.6666666666667,1,35
6269,29,1.564254,376,6847,N,48.3333333333333,1,35
7037,30,1.7057025,410,6269,N,50,1,35
6359,31,1.78474725,429,7037,N,51.6666666666667,1,35
7645,32,1.83467025,441,6359,N,53.3333333333333,1,35
8435,33,1.863792,448,7645,N,55,1,35
7982,34,1.91787525,461,8435,N,56.6666666666667,1,35
7668,35,2.50863075,603,7982,N,58.3333333333333,1,35
8478,36,2.1217275,510,7668,N,60,1,35
7706,38,2.54191275,611,8478,N,63.3333333333333,1,35
8690,39,1.15238925,277,7706,Y,65,2,35
9064,40,1.21063275,291,8690,N,66.6666666666667,2,35
8882,41,1.3562415,326,9064,N,68.3333333333333,2,35
9464,42,1.60169625,385,8882,N,70,2,35
2373,0,1.414485,340,NA,N,0,0,36
2325,1,1.381203,332,2373,N,1.66666666666667,0,36
2408,2,1.431126,344,2325,N,3.33333333333333,0,36
2438,3,1.43528625,345,2408,N,5,0,36
2390,4,1.47688875,355,2438,N,6.66666666666667,0,36
2416,5,1.4727285,354,2390,N,8.33333333333333,0,36
2464,6,1.47688875,355,2416,N,10,0,36
2441,7,1.49352975,359,2464,N,11.6666666666667,0,36
3512,8,1.53513225,369,2441,N,13.3333333333333,0,36
3980,9,1.5392925,370,3512,N,15,0,36
3655,10,1.59337575,383,3980,N,16.6666666666667,0,36
3759,11,1.51849125,365,3655,N,18.3333333333333,0,36
3524,12,1.75978575,423,3759,N,20,0,36
3599,13,1.847151,444,3524,N,21.6666666666667,0,36
3828,14,1.847151,444,3599,N,23.3333333333333,0,36
3779,15,1.81802925,437,3828,N,25,0,36
4864,16,1.880433,452,3779,N,26.6666666666667,0,36
5142,17,2.130048,512,4864,N,28.3333333333333,0,36
4899,18,1.930356,464,5142,N,30,0,36
4833,19,2.20077225,529,4899,N,31.6666666666667,0,36
5750,20,2.3380605,562,4833,N,33.3333333333333,0,36
5706,21,2.27565675,547,5750,N,35,0,36
4883,22,1.281357,308,5706,Y,36.6666666666667,1,36
4868,23,1.26055575,303,4883,N,38.3333333333333,1,36
6979,24,1.36872225,329,4868,N,40,1,36
6095,25,1.42696575,343,6979,N,41.6666666666667,1,36
7010,26,1.48520925,357,6095,N,43.3333333333333,1,36
6748,27,1.55177325,373,7010,N,45,1,36
6709,28,1.630818,392,6748,N,46.6666666666667,1,36
6122,29,1.730664,416,6709,N,48.3333333333333,1,36
6827,30,1.647459,396,6122,N,50,1,36
6176,31,1.62665775,391,6827,N,51.6666666666667,1,36
7454,32,1.597536,384,6176,N,53.3333333333333,1,36
8308,33,1.580895,380,7454,N,55,1,36
7924,34,1.62665775,391,8308,N,56.6666666666667,1,36
7576,35,1.70986275,411,7924,N,58.3333333333333,1,36
8352,36,2.10092625,505,7576,N,60,1,36
8094,37,1.8554715,446,8352,N,61.6666666666667,1,36
7496,38,1.946997,468,8094,N,63.3333333333333,1,36
8638,39,2.16333,520,7496,N,65,1,36
9017,40,2.17581075,523,8638,N,66.6666666666667,1,36
8833,41,2.313099,556,9017,N,68.3333333333333,1,36
9412,42,2.34222075,563,8833,N,70,1,36
9207,43,0.981819,236,9412,Y,71.6666666666667,2,36
9606,44,1.214793,292,9207,N,73.3333333333333,2,36
9813,45,1.0067805,242,9606,N,75,2,36
10491,48,0.96933825,233,9813,N,80,2,36
11920,49,1.081665,260,10491,N,81.6666666666667,2,36
10795,50,1.04422275,251,11920,N,83.3333333333333,2,36
11598,51,0.93605625,225,10795,N,85,2,36
10930,52,1.031742,248,11598,N,86.6666666666667,2,36
2630,0,0.82788975,199,NA,N,0,0,37
2768,1,0.8902935,214,2630,N,1.66666666666667,0,37
2805,2,0.931896,224,2768,N,3.33333333333333,0,37
2962,3,0.948537,228,2805,N,5,0,37
2648,4,0.931896,224,2962,N,6.66666666666667,0,37
3106,5,0.898614,216,2648,N,8.33333333333333,0,37
2769,6,0.91109475,219,3106,N,10,0,37
2652,7,0.91109475,219,2769,N,11.6666666666667,0,37
4404,8,0.9235755,222,2652,N,13.3333333333333,0,37
4209,9,0.88613325,213,4404,N,15,0,37
4148,10,0.90277425,217,4209,N,16.6666666666667,0,37
3964,11,0.8902935,214,4148,N,18.3333333333333,0,37
4456,12,0.9069345,218,3964,N,20,0,37
3728,13,0.931896,224,4456,N,21.6666666666667,0,37
4072,14,0.9235755,222,3728,N,23.3333333333333,0,37
3995,15,0.9235755,222,4072,N,25,0,37
5088,16,0.86949225,209,3995,N,26.6666666666667,0,37
5386,17,0.948537,228,5088,N,28.3333333333333,0,37
5136,18,0.89445375,215,5386,N,30,0,37
5102,19,0.90277425,217,5136,N,31.6666666666667,0,37
5846,20,0.88613325,213,5102,N,33.3333333333333,0,37
5801,21,0.91109475,219,5846,N,35,0,37
5137,22,0.9402165,226,5801,N,36.6666666666667,0,37
5563,23,0.90277425,217,5137,N,38.3333333333333,0,37
7229,24,0.898614,216,5563,N,40,0,37
6242,25,0.9069345,218,7229,N,41.6666666666667,0,37
7129,26,0.8736525,210,6242,N,43.3333333333333,0,37
6886,27,0.881973,212,7129,N,45,0,37
6275,29,0.865332,208,6886,N,48.3333333333333,0,37
7043,30,0.881973,212,6275,N,50,0,37
6365,31,0.84453075,203,7043,N,51.6666666666667,0,37
7652,32,0.85285125,205,6365,N,53.3333333333333,0,37
8340,36,0.86949225,209,7652,N,60,0,37
8785,41,0.75300525,181,8340,N,68.3333333333333,0,37
9361,42,0.83205,200,8785,N,70,0,37
9159,43,0.8736525,210,9361,N,71.6666666666667,0,37
9560,44,0.898614,216,9159,N,73.3333333333333,0,37
9757,45,0.94437675,227,9560,N,75,0,37
9930,46,0.8902935,214,9757,N,76.6666666666667,0,37
9910,47,0.89445375,215,9930,N,78.3333333333333,0,37
10429,48,0.8736525,210,9910,N,80,0,37
11863,49,0.8736525,210,10429,N,81.6666666666667,0,37
10740,50,0.89445375,215,11863,N,83.3333333333333,0,37
11479,51,0.86949225,209,10740,N,85,0,37
10365,52,0.83205,200,11479,N,86.6666666666667,0,37
11298,53,0.85285125,205,10365,N,88.3333333333333,0,37
11205,54,0.898614,216,11298,N,90,0,37
10579,55,0.898614,216,11205,N,91.6666666666667,0,37
12134,56,0.931896,224,10579,N,93.3333333333333,0,37
12154,57,0.7904475,190,12134,N,95,0,37
13660,62,0.8070885,194,12154,N,103.333333333333,0,37
13727,63,0.782127,188,13660,N,105,0,37
15350,64,0.8570115,206,13727,N,106.666666666667,0,37
15021,65,0.70308225,169,15350,N,108.333333333333,0,37
15173,66,0.732204,176,15021,N,110,0,37
15008,67,0.765486,184,15173,N,111.666666666667,0,37
14866,68,0.73636425,177,15008,N,113.333333333333,0,37
14980,69,0.66147975,159,14866,N,115,0,37
15510,70,0.698922,168,14980,N,116.666666666667,0,37
2119,0,1.0567035,254,NA,N,0,0,38
2103,1,0.99846,240,2119,N,1.66666666666667,0,38
2176,2,0.9734985,234,2103,N,3.33333333333333,0,38
2182,3,1.01094075,243,2176,N,5,0,38
2144,4,1.06918425,257,2182,N,6.66666666666667,0,38
2107,5,1.12742775,271,2144,N,8.33333333333333,0,38
2173,6,1.21063275,291,2107,N,10,0,38
2145,7,1.30215825,313,2173,N,11.6666666666667,0,38
3398,8,1.42696575,343,2145,N,13.3333333333333,0,38
3812,9,1.51849125,365,3398,N,15,0,38
3300,10,1.41864525,341,3812,N,16.6666666666667,0,38
3571,11,1.51849125,365,3300,N,18.3333333333333,0,38
3403,12,1.51017075,363,3571,N,20,0,38
3469,13,1.41864525,341,3403,N,21.6666666666667,0,38
3684,14,1.4228055,342,3469,N,23.3333333333333,0,38
3533,15,1.4893695,358,3684,N,25,0,38
4693,16,1.464408,352,3533,N,26.6666666666667,0,38
4967,17,1.647459,396,4693,N,28.3333333333333,0,38
4725,18,1.6890615,406,4967,N,30,0,38
4644,19,1.83051,440,4725,N,31.6666666666667,0,38
5518,20,1.8721125,450,4644,N,33.3333333333333,0,38
5570,21,1.74314475,419,5518,N,35,0,38
4708,22,2.0385225,490,5570,N,36.6666666666667,0,38
4687,23,0.90277425,217,4708,Y,38.3333333333333,1,38
6670,24,0.981819,236,4687,N,40,1,38
5994,25,1.031742,248,6670,N,41.6666666666667,1,38
6509,26,1.0067805,242,5994,N,43.3333333333333,1,38
6549,27,1.1565495,278,6509,N,45,1,38
6542,28,1.10246625,265,6549,N,46.6666666666667,1,38
6014,29,1.30215825,313,6542,N,48.3333333333333,1,38
6621,30,1.19399175,287,6014,N,50,1,38
6028,31,1.231434,296,6621,N,51.6666666666667,1,38
7414,32,1.3396005,322,6028,N,53.3333333333333,1,38
8190,33,1.32711975,319,7414,N,55,1,38
7883,34,1.31047875,315,8190,N,56.6666666666667,1,38
7378,35,1.314639,316,7883,N,58.3333333333333,1,38
8242,36,1.381203,332,7378,N,60,1,38
8061,37,1.22727375,295,8242,N,61.6666666666667,1,38
7405,38,1.36040175,327,8061,N,63.3333333333333,1,38
8603,39,1.547613,372,7405,N,65,1,38
8983,40,1.564254,376,8603,N,66.6666666666667,1,38
8796,41,1.79306775,431,8983,N,68.3333333333333,1,38
9372,42,1.8887535,454,8796,N,70,1,38
9167,43,1.83467025,441,9372,N,71.6666666666667,1,38
9568,44,2.15916975,519,9167,N,73.3333333333333,1,38
9767,45,2.17581075,523,9568,N,75,1,38
9950,46,2.35054125,565,9767,N,76.6666666666667,1,38
9935,47,2.3547015,566,9950,N,78.3333333333333,1,38
10438,48,2.479509,596,9935,N,80,1,38
11872,49,2.58351525,621,10438,N,81.6666666666667,1,38
10748,50,1.2064725,290,11872,Y,83.3333333333333,2,38
11504,51,1.2397545,298,10748,N,85,2,38
2887,0,0.8070885,194,NA,N,0,0,39
2966,1,0.8902935,214,2887,N,1.66666666666667,0,39
3080,2,0.931896,224,2966,N,3.33333333333333,0,39
3176,3,0.94437675,227,3080,N,5,0,39
2820,4,0.948537,228,3176,N,6.66666666666667,0,39
3248,5,1.07750475,259,2820,N,8.33333333333333,0,39
2985,6,0.898614,216,3248,N,10,0,39
2794,7,0.98597925,237,2985,N,11.6666666666667,0,39
4475,8,0.931896,224,2794,N,13.3333333333333,0,39
4352,9,0.90277425,217,4475,N,15,0,39
4298,10,0.92773575,223,4352,N,16.6666666666667,0,39
4119,11,0.88613325,213,4298,N,18.3333333333333,0,39
4518,12,0.93605625,225,4119,N,20,0,39
3900,13,1.1066265,266,4518,N,21.6666666666667,0,39
4237,14,1.06086375,255,3900,N,23.3333333333333,0,39
3845,15,1.2231135,294,4237,N,25,0,39
4931,16,1.24391475,299,3845,N,26.6666666666667,0,39
5211,17,1.49352975,359,4931,N,28.3333333333333,0,39
4968,18,1.56009375,375,5211,N,30,0,39
4923,19,1.4727285,354,4968,N,31.6666666666667,0,39
5777,20,1.58505525,381,4923,N,33.3333333333333,0,39
5737,21,1.5060105,362,5777,N,35,0,39
4951,22,1.70154225,409,5737,N,36.6666666666667,0,39
5474,23,1.930356,464,4951,N,38.3333333333333,0,39
7162,24,1.963638,472,5474,N,40,0,39
6128,25,1.015101,244,7162,Y,41.6666666666667,1,39
6560,26,0.965178,232,6128,N,43.3333333333333,1,39
6789,27,1.17735075,283,6560,N,45,1,39
6746,28,1.198152,288,6789,N,46.6666666666667,1,39
6174,29,1.131588,272,6746,N,48.3333333333333,1,39
6887,30,1.27719675,307,6174,N,50,1,39
6240,31,0.99429975,239,6887,N,51.6666666666667,1,39
7517,32,1.2064725,290,6240,N,53.3333333333333,1,39
8408,33,1.6058565,386,7517,N,55,1,39
7967,34,1.55177325,373,8408,N,56.6666666666667,1,39
7632,35,1.65161925,397,7967,N,58.3333333333333,1,39
8457,36,1.8221895,438,7632,N,60,1,39
8149,37,1.98443925,477,8457,N,61.6666666666667,1,39
7673,38,1.9220355,462,8149,N,63.3333333333333,1,39
8680,39,2.146689,516,7673,N,65,1,39
9054,40,2.0884455,502,8680,N,66.6666666666667,1,39
8873,41,2.279817,548,9054,N,68.3333333333333,1,39
9453,42,2.22573375,535,8873,N,70,1,39
3145,0,1.031742,248,NA,N,0,0,40
3083,1,0.965178,232,3145,N,1.66666666666667,0,40
3195,2,0.97765875,235,3083,N,3.33333333333333,0,40
3241,3,0.96933825,233,3195,N,5,0,40
3129,4,0.99846,240,3241,N,6.66666666666667,0,40
3273,5,0.96101775,231,3129,N,8.33333333333333,0,40
3206,6,1.02758175,247,3273,N,10,0,40
2925,7,0.96101775,231,3206,N,11.6666666666667,0,40
4574,8,0.9568575,230,2925,N,13.3333333333333,0,40
4520,9,0.96933825,233,4574,N,15,0,40
4388,10,1.0067805,242,4520,N,16.6666666666667,0,40
4260,11,0.99846,240,4388,N,18.3333333333333,0,40
4560,12,0.96101775,231,4260,N,20,0,40
4372,13,0.9734985,234,4560,N,21.6666666666667,0,40
4342,14,0.99429975,239,4372,N,23.3333333333333,0,40
4265,15,1.00262025,241,4342,N,25,0,40
5373,16,1.0733445,258,4265,N,26.6666666666667,0,40
5719,17,1.065024,256,5373,N,28.3333333333333,0,40
5429,18,0.99429975,239,5719,N,30,0,40
5419,19,1.01926125,245,5429,N,31.6666666666667,0,40
5945,20,1.02758175,247,5419,N,33.3333333333333,0,40
5918,21,1.01094075,243,5945,N,35,0,40
5418,22,1.0733445,258,5918,N,36.6666666666667,0,40
5643,23,1.01926125,245,5418,N,38.3333333333333,0,40
7288,24,0.91109475,219,5643,N,40,0,40
6497,25,0.948537,228,7288,N,41.6666666666667,0,40
7330,26,0.81124875,195,6497,N,43.3333333333333,0,40
7180,27,0.87781275,211,7330,N,45,0,40
6469,29,0.83205,200,7180,N,48.3333333333333,0,40
7199,30,0.91109475,219,6469,N,50,0,40
6548,31,0.75300525,181,7199,N,51.6666666666667,0,40
7798,32,0.89445375,215,6548,N,53.3333333333333,0,40
8570,36,0.96101775,231,7798,N,60,0,40
8907,41,0.83621025,201,8570,N,68.3333333333333,0,40
9490,42,0.96933825,233,8907,N,70,0,40
9293,43,0.98597925,237,9490,N,71.6666666666667,0,40
9682,44,0.915255,220,9293,N,73.3333333333333,0,40
9970,45,1.0234215,246,9682,N,75,0,40
10267,46,0.93605625,225,9970,N,76.6666666666667,0,40
10832,48,0.9568575,230,10267,N,80,0,40
12004,49,0.9235755,222,10832,N,81.6666666666667,0,40
11137,50,0.98597925,237,12004,N,83.3333333333333,0,40
11781,51,0.97765875,235,11137,N,85,0,40
11082,52,1.0067805,242,11781,N,86.6666666666667,0,40
11694,53,1.031742,248,11082,N,88.3333333333333,0,40
11400,54,1.0400625,250,11694,N,90,0,40
10818,55,1.065024,256,11400,N,91.6666666666667,0,40
12836,56,1.0733445,258,10818,N,93.3333333333333,0,40
12662,57,0.898614,216,12836,N,95,0,40
13644,62,0.9402165,226,12662,N,103.333333333333,0,40
13708,63,1.0400625,250,13644,N,105,0,40
14821,64,0.92773575,223,13708,N,106.666666666667,0,40
14237,65,0.798768,192,14821,N,108.333333333333,0,40
14439,66,0.898614,216,14237,N,110,0,40
14202,67,0.80292825,193,14439,N,111.666666666667,0,40
13950,68,0.765486,184,14202,N,113.333333333333,0,40
14058,69,0.7904475,190,13950,N,115,0,40
15310,70,0.6573195,158,14058,N,116.666666666667,0,40
2637,0,0.7072425,170,NA,N,0,0,41
2778,1,0.965178,232,2637,N,1.66666666666667,0,41
2818,2,0.88613325,213,2778,N,3.33333333333333,0,41
2973,3,0.95269725,229,2818,N,5,0,41
2662,4,0.90277425,217,2973,N,6.66666666666667,0,41
3116,5,1.081665,260,2662,N,8.33333333333333,0,41
2784,6,1.0567035,254,3116,N,10,0,41
2664,7,1.148229,276,2784,N,11.6666666666667,0,41
4410,8,1.15238925,277,2664,N,13.3333333333333,0,41
4224,9,1.098306,264,4410,N,15,0,41
4162,10,1.0567035,254,4224,N,16.6666666666667,0,41
3979,11,1.0733445,258,4162,N,18.3333333333333,0,41
4461,12,1.18567125,285,3979,N,20,0,41
3744,13,1.17735075,283,4461,N,21.6666666666667,0,41
4090,14,1.21895325,293,3744,N,23.3333333333333,0,41
4009,15,1.15238925,277,4090,N,25,0,41
5101,16,1.264716,304,4009,N,26.6666666666667,0,41
5401,17,1.16903025,281,5101,N,28.3333333333333,0,41
5150,18,1.24391475,299,5401,N,30,0,41
5117,19,1.2397545,298,5150,N,31.6666666666667,0,41
5854,20,1.2231135,294,5117,N,33.3333333333333,0,41
5805,21,1.26055575,303,5854,N,35,0,41
5145,22,1.29383775,311,5805,N,36.6666666666667,0,41
5565,23,1.34376075,323,5145,N,38.3333333333333,0,41
7231,24,1.42696575,343,5565,N,40,0,41
6248,25,1.56841425,377,7231,N,41.6666666666667,0,41
7133,26,1.747305,420,6248,N,43.3333333333333,0,41
6891,27,1.94283675,467,7133,N,45,0,41
6856,28,2.0718045,498,6891,N,46.6666666666667,0,41
6281,29,1.780587,428,6856,N,48.3333333333333,0,41
7055,30,1.15238925,277,6281,Y,50,1,41
6373,31,1.12742775,271,7055,N,51.6666666666667,1,41
7658,32,1.19399175,287,6373,N,53.3333333333333,1,41
8442,33,1.38536325,333,7658,N,55,1,41
7986,34,1.314639,316,8442,N,56.6666666666667,1,41
7679,35,1.2064725,290,7986,N,58.3333333333333,1,41
8487,36,1.181511,284,7679,N,60,1,41
8171,37,1.35208125,325,8487,N,61.6666666666667,1,41
7716,38,1.51017075,363,8171,N,63.3333333333333,1,41
8694,39,1.57673475,379,7716,N,65,1,41
9068,40,1.51017075,363,8694,N,66.6666666666667,1,41
8887,41,1.63497825,393,9068,N,68.3333333333333,1,41
9469,42,1.72650375,415,8887,N,70,1,41
9271,43,2.15084925,517,9469,N,71.6666666666667,1,41
9664,44,2.10092625,505,9271,N,73.3333333333333,1,41
9912,45,2.19245175,527,9664,N,75,1,41
10222,46,1.12742775,271,9912,Y,76.6666666666667,2,41
10203,47,1.10246625,265,10222,N,78.3333333333333,2,41
10546,48,1.26887625,305,10203,N,80,2,41
11981,49,1.3063185,314,10546,N,81.6666666666667,2,41
11035,50,1.29383775,311,11981,N,83.3333333333333,2,41
11734,51,1.46024775,351,11035,N,85,2,41
11057,52,1.41032475,339,11734,N,86.6666666666667,2,41
11664,53,1.40200425,337,11057,N,88.3333333333333,2,41
11368,54,1.4893695,358,11664,N,90,2,41
2382,0,1.0899855,262,NA,N,0,0,42
2328,1,1.06918425,257,2382,N,1.66666666666667,0,42
2415,2,1.08582525,261,2328,N,3.33333333333333,0,42
2442,3,1.065024,256,2415,N,5,0,42
2397,4,1.2397545,298,2442,N,6.66666666666667,0,42
2418,5,1.16487,280,2397,N,8.33333333333333,0,42
2475,6,1.3063185,314,2418,N,10,0,42
2445,7,1.42696575,343,2475,N,11.6666666666667,0,42
3520,8,1.414485,340,2445,N,13.3333333333333,0,42
3990,9,1.4394465,346,3520,N,15,0,42
3657,10,1.61833725,389,3990,N,16.6666666666667,0,42
3769,11,1.514331,364,3657,N,18.3333333333333,0,42
4378,12,1.56841425,377,3769,N,20,0,42
3603,13,1.6391385,394,4378,N,21.6666666666667,0,42
3839,14,1.5226515,366,3603,N,23.3333333333333,0,42
3783,15,1.714023,412,3839,N,25,0,42
4872,16,1.714023,412,3783,N,26.6666666666667,0,42
5152,17,1.64329875,395,4872,N,28.3333333333333,0,42
4911,18,1.4893695,358,5152,N,30,0,42
2128,0,0.84453075,203,NA,N,0,0,43
2114,1,0.94437675,227,2128,N,1.66666666666667,0,43
2183,2,0.90277425,217,2114,N,3.33333333333333,0,43
2199,3,0.8570115,206,2183,N,5,0,43
2162,4,0.9568575,230,2199,N,6.66666666666667,0,43
2123,5,1.031742,248,2162,N,8.33333333333333,0,43
2194,6,0.92773575,223,2123,N,10,0,43
2168,7,1.11910725,269,2194,N,11.6666666666667,0,43
3401,8,1.1731905,282,2168,N,13.3333333333333,0,43
3820,9,1.01094075,243,3401,N,15,0,43
3302,10,0.98597925,237,3820,N,16.6666666666667,0,43
3573,11,1.048383,252,3302,N,18.3333333333333,0,43
3408,12,1.10246625,265,3573,N,20,0,43
3475,13,1.12742775,271,3408,N,21.6666666666667,0,43
3686,14,1.131588,272,3475,N,23.3333333333333,0,43
3538,15,1.11078675,267,3686,N,25,0,43
4700,16,1.18567125,285,3538,N,26.6666666666667,0,43
4971,17,1.148229,276,4700,N,28.3333333333333,0,43
4729,18,1.20231225,289,4971,N,30,0,43
4650,19,1.231434,296,4729,N,31.6666666666667,0,43
5523,20,1.29383775,311,4650,N,33.3333333333333,0,43
5606,21,1.2397545,298,5523,N,35,0,43
4714,22,1.23559425,297,5606,N,36.6666666666667,0,43
4691,23,1.1898315,286,4714,N,38.3333333333333,0,43
6672,24,1.297998,312,4691,N,40,0,43
6000,25,1.231434,296,6672,N,41.6666666666667,0,43
6518,26,1.2064725,290,6000,N,43.3333333333333,0,43
6551,27,1.18567125,285,6518,N,45,0,43
6546,28,1.18567125,285,6551,N,46.6666666666667,0,43
6016,29,1.24391475,299,6546,N,48.3333333333333,0,43
6623,30,1.24391475,299,6016,N,50,0,43
6034,31,1.40200425,337,6623,N,51.6666666666667,0,43
7416,32,1.54345275,371,6034,N,53.3333333333333,0,43
8196,33,1.78474725,429,7416,N,55,0,43
7884,34,1.91787525,461,8196,N,56.6666666666667,0,43
7386,35,2.146689,516,7884,N,58.3333333333333,0,43
8258,36,1.02758175,247,7386,Y,60,1,43
2386,0,1.0067805,242,NA,N,0,0,44
2332,1,0.931896,224,2386,N,1.66666666666667,0,44
2453,2,0.948537,228,2332,N,3.33333333333333,0,44
2444,3,0.948537,228,2453,N,5,0,44
2399,4,1.0400625,250,2444,N,6.66666666666667,0,44
2422,5,1.0733445,258,2399,N,8.33333333333333,0,44
2483,6,1.04422275,251,2422,N,10,0,44
2446,7,1.1232675,270,2483,N,11.6666666666667,0,44
3525,8,1.15238925,277,2446,N,13.3333333333333,0,44
3994,9,1.21895325,293,3525,N,15,0,44
3659,10,1.181511,284,3994,N,16.6666666666667,0,44
3774,11,1.26055575,303,3659,N,18.3333333333333,0,44
4379,12,1.28551725,309,3774,N,20,0,44
3606,13,1.32711975,319,4379,N,21.6666666666667,0,44
3843,14,1.3229595,318,3606,N,23.3333333333333,0,44
3787,15,1.2563955,302,3843,N,25,0,44
4876,16,1.3229595,318,3787,N,26.6666666666667,0,44
5156,17,1.38536325,333,4876,N,28.3333333333333,0,44
4917,18,1.38536325,333,5156,N,30,0,44
4845,19,1.40200425,337,4917,N,31.6666666666667,0,44
5755,20,1.364562,328,4845,N,33.3333333333333,0,44
5712,21,1.49352975,359,5755,N,35,0,44
4895,22,1.75146525,421,5712,N,36.6666666666667,0,44
5462,23,1.8554715,446,4895,N,38.3333333333333,0,44
6990,24,1.90955475,459,5462,N,40,0,44
6107,25,2.15084925,517,6990,N,41.6666666666667,0,44
7022,26,2.25069525,541,6107,N,43.3333333333333,0,44
6761,27,2.4379065,586,7022,N,45,0,44
6723,28,2.4212655,582,6761,N,46.6666666666667,0,44
6138,29,2.595996,624,6723,N,48.3333333333333,0,44
6843,30,1.11910725,269,6138,Y,50,1,44
6191,31,1.148229,276,6843,N,51.6666666666667,1,44
7459,32,1.1399085,274,6191,N,53.3333333333333,1,44
8323,33,1.20231225,289,7459,N,55,1,44
7929,34,1.21895325,293,8323,N,56.6666666666667,1,44
7581,35,1.39368375,335,7929,N,58.3333333333333,1,44
8366,36,1.3895235,334,7581,N,60,1,44
8099,37,1.5226515,366,8366,N,61.6666666666667,1,44
7502,38,1.67658075,403,8099,N,63.3333333333333,1,44
8643,39,1.6724205,402,7502,N,65,1,44
9022,40,1.680741,404,8643,N,66.6666666666667,1,44
8838,41,1.90955475,459,9022,N,68.3333333333333,1,44
9418,42,1.880433,452,8838,N,70,1,44
9215,43,1.94283675,467,9418,N,71.6666666666667,1,44
9614,44,1.92619575,463,9215,N,73.3333333333333,1,44
9821,45,2.09260575,503,9614,N,75,1,44
10116,46,2.60015625,625,9821,N,76.6666666666667,1,44
2646,0,1.015101,244,NA,N,0,0,45
2791,1,1.05254325,253,2646,N,1.66666666666667,0,45
2831,2,1.14406875,275,2791,N,3.33333333333333,0,45
2977,3,1.1731905,282,2831,N,5,0,45
2668,4,1.16903025,281,2977,N,6.66666666666667,0,45
3121,5,1.21895325,293,2668,N,8.33333333333333,0,45
2788,6,1.21063275,291,3121,N,10,0,45
2670,7,1.2896775,310,2788,N,11.6666666666667,0,45
4413,8,1.2896775,310,2670,N,13.3333333333333,0,45
4227,9,1.4228055,342,4413,N,15,0,45
4165,10,1.29383775,311,4227,N,16.6666666666667,0,45
3984,11,1.347921,324,4165,N,18.3333333333333,0,45
4463,12,1.43528625,345,3984,N,20,0,45
3750,13,1.3562415,326,4463,N,21.6666666666667,0,45
4095,14,1.34376075,323,3750,N,23.3333333333333,0,45
4014,15,1.614177,388,4095,N,25,0,45
5106,16,1.53513225,369,4014,N,26.6666666666667,0,45
5405,17,1.5725745,378,5106,N,28.3333333333333,0,45
5155,18,1.62665775,391,5405,N,30,0,45
5122,19,1.57673475,379,5155,N,31.6666666666667,0,45
5856,20,1.54345275,371,5122,N,33.3333333333333,0,45
5807,21,1.614177,388,5856,N,35,0,45
5151,22,1.6724205,402,5807,N,36.6666666666667,0,45
5566,23,1.54345275,371,5151,N,38.3333333333333,0,45
7232,24,1.6391385,394,5566,N,40,0,45
6251,25,1.61833725,389,7232,N,41.6666666666667,0,45
7135,26,1.63497825,393,6251,N,43.3333333333333,0,45
6897,27,1.73482425,417,7135,N,45,0,45
6864,28,1.75978575,423,6897,N,46.6666666666667,0,45
6284,29,1.75978575,423,6864,N,48.3333333333333,0,45
7062,30,1.81802925,437,6284,N,50,0,45
6375,31,1.8554715,446,7062,N,51.6666666666667,0,45
7661,32,1.93451625,465,6375,N,53.3333333333333,0,45
8444,33,2.04268275,491,7661,N,55,0,45
7988,34,2.246535,540,8444,N,56.6666666666667,0,45
7687,35,2.30061825,553,7988,N,58.3333333333333,0,45
8493,36,2.31725925,557,7687,N,60,0,45
8181,37,2.363022,568,8493,N,61.6666666666667,0,45
7727,38,2.5377525,610,8181,N,63.3333333333333,0,45
8699,39,2.49198975,599,7727,N,65,0,45
9070,40,2.5377525,610,8699,N,66.6666666666667,0,45
8890,41,2.73328425,657,9070,N,68.3333333333333,0,45
9472,42,3.41556525,821,8890,N,70,0,45
9274,43,3.1534695,758,9472,N,71.6666666666667,0,45
9665,44,3.25747575,783,9274,N,73.3333333333333,0,45
9915,45,1.7057025,410,9665,Y,75,1,45
10226,46,1.5559335,374,9915,N,76.6666666666667,1,45
2393,0,1.364562,328,NA,N,0,0,46
2335,1,1.431126,344,2393,N,1.66666666666667,0,46
2457,2,1.564254,376,2335,N,3.33333333333333,0,46
2447,3,1.6058565,386,2457,N,5,0,46
2407,4,1.63497825,393,2447,N,6.66666666666667,0,46
2424,5,1.79306775,431,2407,N,8.33333333333333,0,46
2489,6,1.7556255,422,2424,N,10,0,46
2448,7,1.813869,436,2489,N,11.6666666666667,0,46
3539,8,1.8388305,442,2448,N,13.3333333333333,0,46
4016,9,1.9053945,458,3539,N,15,0,46
3958,10,1.94283675,467,4016,N,16.6666666666667,0,46
3794,11,1.980279,476,3958,N,18.3333333333333,0,46
4382,12,2.1550095,518,3794,N,20,0,46
3615,13,2.18413125,525,4382,N,21.6666666666667,0,46
3866,14,2.24237475,539,3615,N,23.3333333333333,0,46
3808,15,2.28397725,549,3866,N,25,0,46
4892,16,2.28397725,549,3808,N,26.6666666666667,0,46
5173,17,2.21741325,533,4892,N,28.3333333333333,0,46
4930,18,1.048383,252,5173,Y,30,1,46
4860,19,1.12742775,271,4930,N,31.6666666666667,1,46
5759,20,1.114947,268,4860,N,33.3333333333333,1,46
5718,21,1.17735075,283,5759,N,35,1,46
4901,22,1.281357,308,5718,N,36.6666666666667,1,46
5464,23,1.41032475,339,4901,N,38.3333333333333,1,46
6992,24,1.35208125,325,5464,N,40,1,46
6115,25,1.231434,296,6992,N,41.6666666666667,1,46
7030,26,1.3562415,326,6115,N,43.3333333333333,1,46
6766,27,1.46856825,353,7030,N,45,1,46
6731,28,1.3229595,318,6766,N,46.6666666666667,1,46
6148,29,1.33544025,321,6731,N,48.3333333333333,1,46
6852,30,1.49352975,359,6148,N,50,1,46
6201,31,1.381203,332,6852,N,51.6666666666667,1,46
7461,32,1.33128,320,6201,N,53.3333333333333,1,46
8427,33,1.2563955,302,7461,N,55,1,46
7964,34,1.49352975,359,8427,N,56.6666666666667,1,46
7627,35,1.60169625,385,7964,N,58.3333333333333,1,46
8451,36,1.56009375,375,7627,N,60,1,46
8145,37,1.481049,356,8451,N,61.6666666666667,1,46
7379,38,1.43528625,345,8145,N,63.3333333333333,1,46
3162,0,1.1066265,266,NA,N,0,0,47
3088,1,1.20231225,289,3162,N,1.66666666666667,0,47
3205,2,1.214793,292,3088,N,3.33333333333333,0,47
3243,3,1.20231225,289,3205,N,5,0,47
3133,4,1.231434,296,3243,N,6.66666666666667,0,47
3274,5,1.33544025,321,3133,N,8.33333333333333,0,47
3210,6,1.214793,292,3274,N,10,0,47
2929,7,1.13574825,273,3210,N,11.6666666666667,0,47
4575,8,1.26887625,305,2929,N,13.3333333333333,0,47
4522,9,1.23559425,297,4575,N,15,0,47
4390,10,1.34376075,323,4522,N,16.6666666666667,0,47
4266,11,1.36872225,329,4390,N,18.3333333333333,0,47
4562,12,1.38536325,333,4266,N,20,0,47
4373,13,1.3229595,318,4562,N,21.6666666666667,0,47
4344,14,1.43528625,345,4373,N,23.3333333333333,0,47
4270,15,1.36040175,327,4344,N,25,0,47
5378,16,1.44360675,347,4270,N,26.6666666666667,0,47
5721,17,1.55177325,373,5378,N,28.3333333333333,0,47
5432,18,1.68490125,405,5721,N,30,0,47
5423,19,1.83051,440,5432,N,31.6666666666667,0,47
5946,20,1.897074,456,5423,N,33.3333333333333,0,47
5921,21,1.747305,420,5946,N,35,0,47
5422,22,2.080125,500,5921,N,36.6666666666667,0,47
5645,23,1.02758175,247,5422,Y,38.3333333333333,1,47
7289,24,1.065024,256,5645,N,40,1,47
6503,25,1.26887625,305,7289,N,41.6666666666667,1,47
7331,26,1.25223525,301,6503,N,43.3333333333333,1,47
7183,27,1.21063275,291,7331,N,45,1,47
7038,28,1.3895235,334,7183,N,46.6666666666667,1,47
6484,29,1.35208125,325,7038,N,48.3333333333333,1,47
7201,30,1.314639,316,6484,N,50,1,47
6552,31,1.3562415,326,7201,N,51.6666666666667,1,47
7800,32,1.41032475,339,6552,N,53.3333333333333,1,47
8538,33,1.464408,352,7800,N,55,1,47
8036,34,1.60169625,385,8538,N,56.6666666666667,1,47
7822,35,1.83467025,441,8036,N,58.3333333333333,1,47
8571,36,1.90123425,457,7822,N,60,1,47
7859,38,1.87627275,451,8571,N,63.3333333333333,1,47
8764,39,1.8721125,450,7859,N,65,1,47
9134,40,1.9553175,470,8764,N,66.6666666666667,1,47
8957,41,1.863792,448,9134,N,68.3333333333333,1,47
9535,42,1.76810625,425,8957,N,70,1,47
9340,43,0.965178,232,9535,Y,71.6666666666667,2,47
9729,44,0.9734985,234,9340,N,73.3333333333333,2,47
10112,45,0.981819,236,9729,N,75,2,47
10337,46,1.17735075,283,10112,N,76.6666666666667,2,47
10317,47,1.198152,288,10337,N,78.3333333333333,2,47
2651,0,1.3063185,314,NA,N,0,0,48
2796,1,1.16070975,279,2651,N,1.66666666666667,0,48
2838,2,1.1399085,274,2796,N,3.33333333333333,0,48
2982,3,1.248075,300,2838,N,5,0,48
2673,4,1.248075,300,2982,N,6.66666666666667,0,48
3125,5,1.31047875,315,2673,N,8.33333333333333,0,48
2793,6,1.297998,312,3125,N,10,0,48
2675,7,1.33128,320,2793,N,11.6666666666667,0,48
4415,8,1.32711975,319,2675,N,13.3333333333333,0,48
4233,9,1.3396005,322,4415,N,15,0,48
4170,10,1.35208125,325,4233,N,16.6666666666667,0,48
3989,11,1.33544025,321,4170,N,18.3333333333333,0,48
4465,12,1.3562415,326,3989,N,20,0,48
3754,13,1.3562415,326,4465,N,21.6666666666667,0,48
4100,14,1.46024775,351,3754,N,23.3333333333333,0,48
4022,15,1.514331,364,4100,N,25,0,48
5110,16,1.4560875,350,4022,N,26.6666666666667,0,48
5409,17,1.514331,364,5110,N,28.3333333333333,0,48
5162,18,1.70986275,411,5409,N,30,0,48
5127,19,1.6724205,402,5162,N,31.6666666666667,0,48
5859,20,1.780587,428,5127,N,33.3333333333333,0,48
5809,21,1.85131125,445,5859,N,35,0,48
5158,22,2.1217275,510,5809,N,36.6666666666667,0,48
5567,23,1.780587,428,5158,N,38.3333333333333,0,48
7234,24,1.01926125,245,5567,Y,40,1,48
6257,25,1.0899855,262,7234,N,41.6666666666667,1,48
2142,0,1.80970875,435,NA,N,0,0,49
2124,1,2.07596475,499,2142,N,1.66666666666667,0,49
2193,2,2.16749025,521,2124,N,3.33333333333333,0,49
2206,3,2.096766,504,2193,N,5,0,49
2170,4,2.1716505,522,2206,N,6.66666666666667,0,49
2141,5,2.179971,524,2170,N,8.33333333333333,0,49
2208,6,2.3547015,566,2141,N,10,0,49
2186,7,2.3214195,558,2208,N,11.6666666666667,0,49
3404,8,2.29229775,551,2186,N,13.3333333333333,0,49
3825,9,2.3879835,574,3404,N,15,0,49
3303,10,2.35886175,567,3825,N,16.6666666666667,0,49
3575,11,1.131588,272,3303,Y,18.3333333333333,1,49
3414,12,1.10246625,265,3575,N,20,1,49
3481,13,1.07750475,259,3414,N,21.6666666666667,1,49
3688,14,0.97765875,235,3481,N,23.3333333333333,1,49
5298,16,1.10246625,265,3688,N,26.6666666666667,1,49
5665,17,1.2231135,294,5298,N,28.3333333333333,1,49
5361,18,1.2397545,298,5665,N,30,1,49
5341,19,1.148229,276,5361,N,31.6666666666667,1,49
5932,20,1.1399085,274,5341,N,33.3333333333333,1,49
5890,21,0.99846,240,5932,N,35,1,49
5348,22,1.081665,260,5890,N,36.6666666666667,1,49
5615,23,1.1898315,286,5348,N,38.3333333333333,1,49
7036,26,1.4394465,346,5615,N,43.3333333333333,1,49
6776,27,1.6890615,406,7036,N,45,1,49
6157,29,1.11078675,267,6776,Y,48.3333333333333,2,49
6868,30,1.19399175,287,6157,N,50,2,49
6215,31,1.16903025,281,6868,N,51.6666666666667,2,49
7465,32,1.2896775,310,6215,N,53.3333333333333,2,49
8341,33,1.27719675,307,7465,N,55,2,49
2654,0,1.3229595,318,NA,N,0,0,50
2803,1,1.3895235,334,2654,N,1.66666666666667,0,50
2843,2,1.464408,352,2803,N,3.33333333333333,0,50
2988,3,1.580895,380,2843,N,5,0,50
2678,4,1.5060105,362,2988,N,6.66666666666667,0,50
3130,5,1.57673475,379,2678,N,8.33333333333333,0,50
2798,6,1.580895,380,3130,N,10,0,50
2682,7,1.59337575,383,2798,N,11.6666666666667,0,50
4417,8,1.65993975,399,2682,N,13.3333333333333,0,50
4239,9,1.66826025,401,4417,N,15,0,50
4176,10,1.6641,400,4239,N,16.6666666666667,0,50
3997,11,1.65993975,399,4176,N,18.3333333333333,0,50
4468,12,1.93451625,465,3997,N,20,0,50
3761,13,2.08428525,501,4468,N,21.6666666666667,0,50
4108,14,2.12588775,511,3761,N,23.3333333333333,0,50
4027,15,2.2714965,546,4108,N,25,0,50
5116,16,2.196612,528,4027,N,26.6666666666667,0,50
5413,17,0.9734985,234,5116,Y,28.3333333333333,1,50
5165,18,0.97765875,235,5413,N,30,1,50
5131,19,0.9568575,230,5165,N,31.6666666666667,1,50
5861,20,1.031742,248,5131,N,33.3333333333333,1,50
5811,21,1.0899855,262,5861,N,35,1,50
5161,22,1.1565495,278,5811,N,36.6666666666667,1,50
5568,23,1.26887625,305,5161,N,38.3333333333333,1,50
7235,24,1.264716,304,5568,N,40,1,50
6260,25,1.3063185,314,7235,N,41.6666666666667,1,50
7139,26,1.37704275,331,6260,N,43.3333333333333,1,50
6900,27,1.297998,312,7139,N,45,1,50
6870,28,1.4893695,358,6900,N,46.6666666666667,1,50
6290,29,1.5892155,382,6870,N,48.3333333333333,1,50
7071,30,1.71818325,413,6290,N,50,1,50
6377,31,1.980279,476,7071,N,51.6666666666667,1,50
7666,32,1.8221895,438,6377,N,53.3333333333333,1,50
8447,33,1.946997,468,7666,N,55,1,50
7990,34,2.31725925,557,8447,N,56.6666666666667,1,50
7694,35,2.15916975,519,7990,N,58.3333333333333,1,50
8498,36,0.9568575,230,7694,Y,60,2,50
8187,37,0.99429975,239,8498,N,61.6666666666667,2,50
7742,38,1.0234215,246,8187,N,63.3333333333333,2,50
8701,39,1.10246625,265,7742,N,65,2,50
9072,40,1.13574825,273,8701,N,66.6666666666667,2,50
8892,41,1.25223525,301,9072,N,68.3333333333333,2,50
9474,42,1.148229,276,8892,N,70,2,50
9276,43,1.20231225,289,9474,N,71.6666666666667,2,50
9667,44,1.16070975,279,9276,N,73.3333333333333,2,50
9926,45,1.2896775,310,9667,N,75,2,50
10232,46,1.3895235,334,9926,N,76.6666666666667,2,50
10210,47,1.3396005,322,10232,N,78.3333333333333,2,50
10551,48,1.38536325,333,10210,N,80,2,50
11985,49,1.4061645,338,10551,N,81.6666666666667,2,50
11047,50,1.48520925,357,11985,N,83.3333333333333,2,50
11750,51,1.547613,372,11047,N,85,2,50
11065,52,1.63497825,393,11750,N,86.6666666666667,2,50
11669,53,1.8388305,442,11065,N,88.3333333333333,2,50
11376,54,1.897074,456,11669,N,90,2,50
10708,55,1.9885995,478,11376,N,91.6666666666667,2,50
12815,56,2.07596475,499,10708,N,93.3333333333333,2,50
12620,57,2.49198975,599,12815,N,95,2,50
12641,58,1.3562415,326,12620,Y,96.6666666666667,3,50
12428,59,1.51849125,365,12641,N,98.3333333333333,3,50
13138,60,1.67658075,403,12428,N,100,3,50
13213,61,1.77642675,427,13138,N,101.666666666667,3,50
13627,62,1.63497825,393,13213,N,103.333333333333,3,50
13587,63,1.863792,448,13627,N,105,3,50
15311,64,2.02604175,487,13587,N,106.666666666667,3,50
14906,65,2.43374625,585,15311,N,108.333333333333,3,50
15104,66,2.5377525,610,14906,N,110,3,50
14870,67,2.28397725,549,15104,N,111.666666666667,3,50
14725,68,2.47534875,595,14870,N,113.333333333333,3,50
14838,69,1.3229595,318,14725,Y,115,4,50
15492,70,1.35208125,325,14838,N,116.666666666667,4,50
2663,0,1.16487,280,NA,N,0,0,51
2815,1,1.31047875,315,2663,N,1.66666666666667,0,51
2852,2,1.3728825,330,2815,N,3.33333333333333,0,51
2999,3,1.4727285,354,2852,N,5,0,51
2690,4,1.4061645,338,2999,N,6.66666666666667,0,51
3139,5,1.397844,336,2690,N,8.33333333333333,0,51
2811,6,1.3396005,322,3139,N,10,0,51
2691,7,1.4727285,354,2811,N,11.6666666666667,0,51
4421,8,1.5392925,370,2691,N,13.3333333333333,0,51
4251,9,1.55177325,373,4421,N,15,0,51
4186,10,1.5392925,370,4251,N,16.6666666666667,0,51
4007,11,1.48520925,357,4186,N,18.3333333333333,0,51
4474,12,1.53513225,369,4007,N,20,0,51
3773,13,1.597536,384,4474,N,21.6666666666667,0,51
4116,14,1.763946,424,3773,N,23.3333333333333,0,51
4037,15,1.69322175,407,4116,N,25,0,51
5126,16,1.83051,440,4037,N,26.6666666666667,0,51
5425,17,1.8388305,442,5126,N,28.3333333333333,0,51
5182,18,1.78474725,429,5425,N,30,0,51
5144,19,2.01772125,485,5182,N,31.6666666666667,0,51
5867,20,2.06764425,497,5144,N,33.3333333333333,0,51
5815,21,2.096766,504,5867,N,35,0,51
5171,22,2.1882915,526,5815,N,36.6666666666667,0,51
5469,23,1.1232675,270,5171,Y,38.3333333333333,1,51
7151,24,1.04422275,251,5469,N,40,1,51
6123,25,1.2730365,306,7151,N,41.6666666666667,1,51
7045,26,1.1399085,274,6123,N,43.3333333333333,1,51
6783,27,1.10246625,265,7045,N,45,1,51
6738,28,0.965178,232,6783,N,46.6666666666667,1,51
6162,29,1.048383,252,6738,N,48.3333333333333,1,51
6875,30,1.3728825,330,6162,N,50,1,51
6227,31,1.47688875,355,6875,N,51.6666666666667,1,51
7504,32,1.5725745,378,6227,N,53.3333333333333,1,51
8349,33,1.65161925,397,7504,N,55,1,51
7937,34,1.763946,424,8349,N,56.6666666666667,1,51
7588,35,2.15916975,519,7937,N,58.3333333333333,1,51
8388,36,2.030202,488,7588,N,60,1,51
8106,37,2.10092625,505,8388,N,61.6666666666667,1,51
7511,38,2.23405425,537,8106,N,63.3333333333333,1,51
8649,39,2.16749025,521,7511,N,65,1,51
9026,40,2.412945,580,8649,N,66.6666666666667,1,51
8842,41,2.59183575,623,9026,N,68.3333333333333,1,51
9424,42,2.2881375,550,8842,N,70,1,51
9222,43,1.37704275,331,9424,Y,71.6666666666667,2,51
9620,44,1.35208125,325,9222,N,73.3333333333333,2,51
9829,45,1.53513225,369,9620,N,75,2,51
10132,46,1.70986275,411,9829,N,76.6666666666667,2,51
10100,47,1.47688875,355,10132,N,78.3333333333333,2,51
10500,48,1.71818325,413,10100,N,80,2,51
11930,49,1.85963175,447,10500,N,81.6666666666667,2,51
10808,50,1.8055485,434,11930,N,83.3333333333333,2,51
11613,51,1.80970875,435,10808,N,85,2,51
10979,52,1.9053945,458,11613,N,86.6666666666667,2,51
11508,53,1.95947775,471,10979,N,88.3333333333333,2,51
11320,54,1.9719585,474,11508,N,90,2,51
10651,55,2.05932375,495,11320,N,91.6666666666667,2,51
12695,56,2.23405425,537,10651,N,93.3333333333333,2,51
12465,57,2.22573375,535,12695,N,95,2,51
12488,58,2.49615,600,12465,N,96.6666666666667,2,51
12318,59,2.7041625,650,12488,N,98.3333333333333,2,51
13049,60,1.57673475,379,12318,Y,100,3,51
13110,61,1.56841425,377,13049,N,101.666666666667,3,51
13500,62,1.51849125,365,13110,N,103.333333333333,3,51
13486,63,1.67658075,403,13500,N,105,3,51
3175,0,0.798768,192,NA,N,0,0,52
3090,1,0.86117175,207,3175,N,1.66666666666667,0,52
3208,2,0.8736525,210,3090,N,3.33333333333333,0,52
3244,3,0.9235755,222,3208,N,5,0,52
3136,4,0.8736525,210,3244,N,6.66666666666667,0,52
3276,5,0.9402165,226,3136,N,8.33333333333333,0,52
3216,6,0.99846,240,3276,N,10,0,52
2941,7,0.98597925,237,3216,N,11.6666666666667,0,52
4577,8,1.0567035,254,2941,N,13.3333333333333,0,52
4527,9,1.10246625,265,4577,N,15,0,52
4396,10,1.181511,284,4527,N,16.6666666666667,0,52
4276,11,1.23559425,297,4396,N,18.3333333333333,0,52
4565,12,1.29383775,311,4276,N,20,0,52
4375,13,1.22727375,295,4565,N,21.6666666666667,0,52
4350,14,1.24391475,299,4375,N,23.3333333333333,0,52
4279,15,1.26055575,303,4350,N,25,0,52
5389,16,1.2563955,302,4279,N,26.6666666666667,0,52
5724,17,1.26887625,305,5389,N,28.3333333333333,0,52
5440,18,1.31047875,315,5724,N,30,0,52
5431,19,1.36040175,327,5440,N,31.6666666666667,0,52
5948,20,1.397844,336,5431,N,33.3333333333333,0,52
5925,21,1.61001675,387,5948,N,35,0,52
5428,22,1.714023,412,5925,N,36.6666666666667,0,52
5651,23,1.96779825,473,5428,N,38.3333333333333,0,52
7292,24,2.14252875,515,5651,N,40,0,52
6521,25,2.43374625,585,7292,N,41.6666666666667,0,52
7333,26,2.36718225,569,6521,N,43.3333333333333,0,52
7187,27,2.38382325,573,7333,N,45,0,52
7042,28,1.06918425,257,7187,Y,46.6666666666667,1,52
6488,29,1.1399085,274,7042,N,48.3333333333333,1,52
7203,30,1.0400625,250,6488,N,50,1,52
6555,31,0.99846,240,7203,N,51.6666666666667,1,52
7803,32,1.06918425,257,6555,N,53.3333333333333,1,52
8540,33,1.1898315,286,7803,N,55,1,52
8037,34,1.1232675,270,8540,N,56.6666666666667,1,52
2154,0,1.21895325,293,NA,N,0,0,53
2132,1,1.3728825,330,2154,N,1.66666666666667,0,53
2201,2,1.364562,328,2132,N,3.33333333333333,0,53
2215,3,1.42696575,343,2201,N,5,0,53
2177,4,1.431126,344,2215,N,6.66666666666667,0,53
2155,5,1.44360675,347,2177,N,8.33333333333333,0,53
2212,6,1.56841425,377,2155,N,10,0,53
2196,7,1.46024775,351,2212,N,11.6666666666667,0,53
3407,8,1.51849125,365,2196,N,13.3333333333333,0,53
3830,9,1.597536,384,3407,N,15,0,53
3304,10,1.61833725,389,3830,N,16.6666666666667,0,53
3576,11,1.5892155,382,3304,N,18.3333333333333,0,53
3417,12,1.580895,380,3576,N,20,0,53
3490,13,1.66826025,401,3417,N,21.6666666666667,0,53
3691,14,1.6641,400,3490,N,23.3333333333333,0,53
3548,15,1.7556255,422,3691,N,25,0,53
4713,16,1.763946,424,3548,N,26.6666666666667,0,53
4983,17,1.8388305,442,4713,N,28.3333333333333,0,53
4739,18,1.7556255,422,4983,N,30,0,53
4663,19,1.89291375,455,4739,N,31.6666666666667,0,53
5550,20,1.99692,480,4663,N,33.3333333333333,0,53
5612,21,2.1882915,526,5550,N,35,0,53
4727,22,2.25069525,541,5612,N,36.6666666666667,0,53
4704,23,2.2881375,550,4727,N,38.3333333333333,0,53
6674,24,2.40878475,579,4704,N,40,0,53
6004,25,2.70000225,649,6674,N,41.6666666666667,0,53
6525,26,2.945457,708,6004,N,43.3333333333333,0,53
6557,27,2.90801475,699,6525,N,45,0,53
6550,28,1.40200425,337,6557,Y,46.6666666666667,1,53
6021,29,1.45192725,349,6550,N,48.3333333333333,1,53
6624,30,1.530972,368,6021,N,50,1,53
6037,31,1.5060105,362,6624,N,51.6666666666667,1,53
7417,32,1.597536,384,6037,N,53.3333333333333,1,53
8199,33,1.7556255,422,7417,N,55,1,53
7885,34,1.83467025,441,8199,N,56.6666666666667,1,53
7392,35,1.83467025,441,7885,N,58.3333333333333,1,53
8264,36,1.9386765,466,7392,N,60,1,53
8065,37,2.146689,516,8264,N,61.6666666666667,1,53
7468,38,2.29229775,551,8065,N,63.3333333333333,1,53
8607,39,2.4878295,598,7468,N,65,1,53
8987,40,2.49615,600,8607,N,66.6666666666667,1,53
8800,41,2.34222075,563,8987,N,68.3333333333333,1,53
9377,42,2.91633525,701,8800,N,70,1,53
9172,43,2.65007925,637,9377,N,71.6666666666667,1,53
9573,44,2.779047,668,9172,N,73.3333333333333,1,53
9773,45,1.39368375,335,9573,Y,75,2,53
9971,46,1.57673475,379,9773,N,76.6666666666667,2,53
9957,47,1.5725745,378,9971,N,78.3333333333333,2,53
10446,48,1.597536,384,9957,N,80,2,53
11880,49,1.61001675,387,10446,N,81.6666666666667,2,53
10758,50,1.61833725,389,11880,N,83.3333333333333,2,53
11537,51,1.79306775,431,10758,N,85,2,53
10384,52,2.00108025,481,11537,N,86.6666666666667,2,53
11319,53,2.05100325,493,10384,N,88.3333333333333,2,53
3181,0,1.5559335,374,NA,N,0,0,54
3093,1,1.5725745,378,3181,N,1.66666666666667,0,54
3212,2,1.57673475,379,3093,N,3.33333333333333,0,54
3245,3,1.6724205,402,3212,N,5,0,54
3142,4,1.564254,376,3245,N,6.66666666666667,0,54
3277,5,1.614177,388,3142,N,8.33333333333333,0,54
3219,6,1.52681175,367,3277,N,10,0,54
2948,7,1.963638,472,3219,N,11.6666666666667,0,54
4579,8,0.97765875,235,2948,Y,13.3333333333333,1,54
4568,9,1.031742,248,4579,N,15,1,54
4401,10,0.99846,240,4568,N,16.6666666666667,1,54
4286,11,0.97765875,235,4401,N,18.3333333333333,1,54
4567,12,1.01926125,245,4286,N,20,1,54
4377,13,1.03590225,249,4567,N,21.6666666666667,1,54
4356,14,1.06086375,255,4377,N,23.3333333333333,1,54
4289,15,1.06918425,257,4356,N,25,1,54
5397,16,1.07750475,259,4289,N,26.6666666666667,1,54
5729,17,1.148229,276,5397,N,28.3333333333333,1,54
5447,18,1.22727375,295,5729,N,30,1,54
5442,19,1.22727375,295,5447,N,31.6666666666667,1,54
5950,20,1.16070975,279,5442,N,33.3333333333333,1,54
5930,21,1.14406875,275,5950,N,35,1,54
5437,22,1.181511,284,5930,N,36.6666666666667,1,54
5658,23,1.1898315,286,5437,N,38.3333333333333,1,54
7296,24,1.25223525,301,5658,N,40,1,54
6541,25,1.25223525,301,7296,N,41.6666666666667,1,54
7338,26,1.2563955,302,6541,N,43.3333333333333,1,54
7276,27,1.22727375,295,7338,N,45,1,54
7061,28,1.19399175,287,7276,N,46.6666666666667,1,54
6515,29,1.18567125,285,7061,N,48.3333333333333,1,54
7211,30,1.198152,288,6515,N,50,1,54
6604,31,1.26055575,303,7211,N,51.6666666666667,1,54
7815,32,1.22727375,295,6604,N,53.3333333333333,1,54
8547,33,1.314639,316,7815,N,55,1,54
8041,34,1.3895235,334,8547,N,56.6666666666667,1,54
7830,35,1.347921,324,8041,N,58.3333333333333,1,54
8577,36,1.36040175,327,7830,N,60,1,54
8368,37,1.46024775,351,8577,N,61.6666666666667,1,54
7863,38,1.53513225,369,8368,N,63.3333333333333,1,54
8768,39,1.530972,368,7863,N,65,1,54
9140,40,1.530972,368,8768,N,66.6666666666667,1,54
8961,41,1.56009375,375,9140,N,68.3333333333333,1,54
9538,42,1.5559335,374,8961,N,70,1,54
9343,43,1.47688875,355,9538,N,71.6666666666667,1,54
9733,44,1.514331,364,9343,N,73.3333333333333,1,54
10117,45,1.49769,360,9733,N,75,1,54
10341,46,1.51849125,365,10117,N,76.6666666666667,1,54
10325,47,1.46856825,353,10341,N,78.3333333333333,1,54
11017,48,1.514331,364,10325,N,80,1,54
12049,49,1.52681175,367,11017,N,81.6666666666667,1,54
11184,50,1.50185025,361,12049,N,83.3333333333333,1,54
11841,51,1.54345275,371,11184,N,85,1,54
11142,52,1.62665775,391,11841,N,86.6666666666667,1,54
11799,53,1.63497825,393,11142,N,88.3333333333333,1,54
11556,54,1.63497825,393,11799,N,90,1,54
10987,55,1.59337575,383,11556,N,91.6666666666667,1,54
12921,56,1.70986275,411,10987,N,93.3333333333333,1,54
12813,57,1.73482425,417,12921,N,95,1,54
12897,58,1.79306775,431,12813,N,96.6666666666667,1,54
12607,59,1.62665775,391,12897,N,98.3333333333333,1,54
13264,60,1.50185025,361,12607,N,100,1,54
13363,61,1.75978575,423,13264,N,101.666666666667,1,54
13697,62,1.697382,408,13363,N,103.333333333333,1,54
13765,63,1.62665775,391,13697,N,105,1,54
15002,64,1.7057025,410,13765,N,106.666666666667,1,54
14363,65,1.72650375,415,15002,N,108.333333333333,1,54
14603,66,1.7223435,414,14363,N,110,1,54
14365,67,1.78474725,429,14603,N,111.666666666667,1,54
14142,68,1.73482425,417,14365,N,113.333333333333,1,54
14253,69,1.763946,424,14142,N,115,1,54
15382,70,1.747305,420,14253,N,116.666666666667,1,54
2671,0,0.86117175,207,NA,N,0,0,55
2821,1,0.80292825,193,2671,N,1.66666666666667,0,55
2858,2,0.7571655,182,2821,N,3.33333333333333,0,55
3008,3,0.78628725,189,2858,N,5,0,55
2695,4,0.78628725,189,3008,N,6.66666666666667,0,55
3143,5,0.85285125,205,2695,N,8.33333333333333,0,55
2816,6,0.87781275,211,3143,N,10,0,55
2696,7,0.8902935,214,2816,N,11.6666666666667,0,55
4423,8,0.915255,220,2696,N,13.3333333333333,0,55
4254,9,0.91109475,219,4423,N,15,0,55
4189,10,0.91109475,219,4254,N,16.6666666666667,0,55
4011,11,0.9901395,238,4189,N,18.3333333333333,0,55
4479,12,0.99846,240,4011,N,20,0,55
3778,13,0.99429975,239,4479,N,21.6666666666667,0,55
4121,14,1.01926125,245,3778,N,23.3333333333333,0,55
4042,15,1.081665,260,4121,N,25,0,55
5130,16,1.22727375,295,4042,N,26.6666666666667,0,55
5430,17,1.26055575,303,5130,N,28.3333333333333,0,55
5187,18,1.32711975,319,5430,N,30,0,55
5149,19,1.314639,316,5187,N,31.6666666666667,0,55
5869,20,1.3562415,326,5149,N,33.3333333333333,0,55
5819,21,1.347921,324,5869,N,35,0,55
5177,22,1.4061645,338,5819,N,36.6666666666667,0,55
5572,23,1.45192725,349,5177,N,38.3333333333333,0,55
7236,24,1.48520925,357,5572,N,40,0,55
6263,25,1.530972,368,7236,N,41.6666666666667,0,55
7141,26,1.53513225,369,6263,N,43.3333333333333,0,55
6902,27,1.597536,384,7141,N,45,0,55
6873,28,1.73482425,417,6902,N,46.6666666666667,0,55
6294,29,1.76810625,425,6873,N,48.3333333333333,0,55
7074,30,1.93451625,465,6294,N,50,0,55
6378,31,1.9885995,478,7074,N,51.6666666666667,0,55
7670,32,2.1050865,506,6378,N,53.3333333333333,0,55
8452,33,2.15084925,517,7670,N,55,0,55
7992,34,1.1399085,274,8452,Y,56.6666666666667,1,55
7700,35,1.098306,264,7992,N,58.3333333333333,1,55
8505,36,1.15238925,277,7700,N,60,1,55
8198,37,1.214793,292,8505,N,61.6666666666667,1,55
7750,38,1.248075,300,8198,N,63.3333333333333,1,55
8704,39,1.3396005,322,7750,N,65,1,55
9075,40,1.31047875,315,8704,N,66.6666666666667,1,55
8895,41,1.297998,312,9075,N,68.3333333333333,1,55
9477,42,1.57673475,379,8895,N,70,1,55
9279,43,1.55177325,373,9477,N,71.6666666666667,1,55
9669,44,1.71818325,413,9279,N,73.3333333333333,1,55
9933,45,1.847151,444,9669,N,75,1,55
10236,46,1.6557795,398,9933,N,76.6666666666667,1,55
10214,47,1.7889075,430,10236,N,78.3333333333333,1,55
10554,48,2.046843,492,10214,N,80,1,55
11991,49,1.2896775,310,10554,Y,81.6666666666667,2,55
11059,50,1.06918425,257,11991,N,83.3333333333333,2,55
11761,51,1.11910725,269,11059,N,85,2,55
11072,52,1.20231225,289,11761,N,86.6666666666667,2,55
11679,53,1.248075,300,11072,N,88.3333333333333,2,55
11382,54,1.26055575,303,11679,N,90,2,55
10714,55,1.281357,308,11382,N,91.6666666666667,2,55
12822,56,1.381203,332,10714,N,93.3333333333333,2,55
12637,57,1.30215825,313,12822,N,95,2,55
12659,58,1.514331,364,12637,N,96.6666666666667,2,55
12433,59,1.51849125,365,12659,N,98.3333333333333,2,55
13147,60,1.514331,364,12433,N,100,2,55
13230,61,1.79306775,431,13147,N,101.666666666667,2,55
13637,62,1.763946,424,13230,N,103.333333333333,2,55
13701,63,1.946997,468,13637,N,105,2,55
15325,64,2.31725925,557,13701,N,106.666666666667,2,55
14943,65,2.54191275,611,15325,N,108.333333333333,2,55
15201,66,1.0899855,262,14943,Y,110,3,55
14689,67,1.06086375,255,15201,N,111.666666666667,3,55
14532,68,1.081665,260,14689,N,113.333333333333,3,55
2928,0,0.75300525,181,NA,N,0,0,56
2975,1,0.782127,188,2928,N,1.66666666666667,0,56
3105,2,0.798768,192,2975,N,3.33333333333333,0,56
3188,3,0.80292825,193,3105,N,5,0,56
2885,4,0.75300525,181,3188,N,6.66666666666667,0,56
3249,5,0.782127,188,2885,N,8.33333333333333,0,56
3003,6,0.77796675,187,3249,N,10,0,56
2797,7,0.7571655,182,3003,N,11.6666666666667,0,56
4483,8,0.7571655,182,2797,N,13.3333333333333,0,56
4354,9,0.73636425,177,4483,N,15,0,56
4308,10,0.748845,180,4354,N,16.6666666666667,0,56
4133,11,0.72804375,175,4308,N,18.3333333333333,0,56
4521,12,0.7738065,186,4133,N,20,0,56
3909,13,0.76132575,183,4521,N,21.6666666666667,0,56
4248,14,0.73636425,177,3909,N,23.3333333333333,0,56
4157,15,0.74468475,179,4248,N,25,0,56
5258,16,0.782127,188,4157,N,26.6666666666667,0,56
5546,17,0.70308225,169,5258,N,28.3333333333333,0,56
5324,18,0.71972325,173,5546,N,30,0,56
5300,19,0.66980025,161,5324,N,31.6666666666667,0,56
5919,20,0.65315925,157,5300,N,33.3333333333333,0,56
5872,21,0.532512,128,5919,N,35,0,56
5301,22,0.6906015,166,5872,N,36.6666666666667,0,56
5601,23,0.67812075,163,5301,N,38.3333333333333,0,56
9254,43,0.75300525,181,5601,N,71.6666666666667,0,56
9869,45,0.72804375,175,9254,N,75,0,56
10197,46,0.7405245,178,9869,N,76.6666666666667,0,56
10534,48,0.65315925,157,10197,N,80,0,56
11964,49,0.66980025,161,10534,N,81.6666666666667,0,56
10982,50,0.68644125,165,11964,N,83.3333333333333,0,56
11695,51,0.7738065,186,10982,N,85,0,56
11030,52,0.715563,172,11695,N,86.6666666666667,0,56
11631,53,0.80292825,193,11030,N,88.3333333333333,0,56
11348,54,0.76964625,185,11631,N,90,0,56
10687,55,0.748845,180,11348,N,91.6666666666667,0,56
12777,56,0.78628725,189,10687,N,93.3333333333333,0,56
12549,57,0.615717,148,12777,N,95,0,56
13434,62,0.7238835,174,12549,N,103.333333333333,0,56
13417,63,0.76964625,185,13434,N,105,0,56
15197,64,0.71140275,171,13417,N,106.666666666667,0,56
14792,66,0.6739605,162,15197,N,110,0,56
14584,67,0.4576275,110,14792,N,111.666666666667,0,56
2164,0,0.48674925,117,NA,N,0,0,57
2138,1,0.5574735,134,2164,N,1.66666666666667,0,57
2204,2,0.58659525,141,2138,N,3.33333333333333,0,57
2225,3,0.6240375,150,2204,N,5,0,57
2181,4,0.6240375,150,2225,N,6.66666666666667,0,57
2160,5,0.66564,160,2181,N,8.33333333333333,0,57
2224,6,0.7571655,182,2160,N,10,0,57
2214,7,0.748845,180,2224,N,11.6666666666667,0,57
3413,8,0.71972325,173,2214,N,13.3333333333333,0,57
3841,9,0.75300525,181,3413,N,15,0,57
3306,10,0.72804375,175,3841,N,16.6666666666667,0,57
3578,11,0.76132575,183,3306,N,18.3333333333333,0,57
3423,12,0.8736525,210,3578,N,20,0,57
3498,13,0.931896,224,3423,N,21.6666666666667,0,57
3695,14,0.92773575,223,3498,N,23.3333333333333,0,57
3554,15,0.9901395,238,3695,N,25,0,57
4721,16,0.91109475,219,3554,N,26.6666666666667,0,57
4991,17,0.96933825,233,4721,N,28.3333333333333,0,57
4750,18,1.11910725,269,4991,N,30,0,57
4673,19,1.098306,264,4750,N,31.6666666666667,0,57
5556,20,1.16487,280,4673,N,33.3333333333333,0,57
5616,21,1.11910725,269,5556,N,35,0,57
4736,22,1.1898315,286,5616,N,36.6666666666667,0,57
4705,23,1.23559425,297,4736,N,38.3333333333333,0,57
6675,24,1.4394465,346,4705,N,40,0,57
6007,25,1.4893695,358,6675,N,41.6666666666667,0,57
6534,26,1.5392925,370,6007,N,43.3333333333333,0,57
6562,27,1.78474725,429,6534,N,45,0,57
6561,28,1.913715,460,6562,N,46.6666666666667,0,57
6029,29,1.89291375,455,6561,N,48.3333333333333,0,57
6628,30,1.9220355,462,6029,N,50,0,57
6045,31,1.647459,396,6628,N,51.6666666666667,0,57
7420,32,0.8570115,206,6045,Y,53.3333333333333,1,57
8205,33,0.84453075,203,7420,N,55,1,57
7887,34,0.9235755,222,8205,N,56.6666666666667,1,57
7397,35,0.97765875,235,7887,N,58.3333333333333,1,57
8268,36,1.17735075,283,7397,N,60,1,57
8066,37,1.21895325,293,8268,N,61.6666666666667,1,57
7469,38,1.21063275,291,8066,N,63.3333333333333,1,57
8608,39,1.1399085,274,7469,N,65,1,57
8988,40,1.131588,272,8608,N,66.6666666666667,1,57
8801,41,1.181511,284,8988,N,68.3333333333333,1,57
9378,42,1.19399175,287,8801,N,70,1,57
9173,43,1.62665775,391,9378,N,71.6666666666667,1,57
9574,44,1.6391385,394,9173,N,73.3333333333333,1,57
9980,46,1.464408,352,9574,N,76.6666666666667,1,57
9963,47,1.93451625,465,9980,N,78.3333333333333,1,57
10448,48,2.00108025,481,9963,N,80,1,57
11883,49,1.01094075,243,10448,Y,81.6666666666667,2,57
2680,0,0.7405245,178,NA,N,0,0,58
2833,1,0.77796675,187,2680,N,1.66666666666667,0,58
2869,2,0.8070885,194,2833,N,3.33333333333333,0,58
3016,3,0.898614,216,2869,N,5,0,58
2709,4,0.848691,204,3016,N,6.66666666666667,0,58
3150,5,0.88613325,213,2709,N,8.33333333333333,0,58
2829,6,0.91109475,219,3150,N,10,0,58
2708,7,0.99846,240,2829,N,11.6666666666667,0,58
4427,8,0.95269725,229,2708,N,13.3333333333333,0,58
4263,9,0.93605625,225,4427,N,15,0,58
4202,10,0.9402165,226,4263,N,16.6666666666667,0,58
4020,11,0.99429975,239,4202,N,18.3333333333333,0,58
4484,12,0.93605625,225,4020,N,20,0,58
3788,13,0.965178,232,4484,N,21.6666666666667,0,58
4131,14,1.09414575,263,3788,N,23.3333333333333,0,58
4058,15,0.981819,236,4131,N,25,0,58
5143,16,1.015101,244,4058,N,26.6666666666667,0,58
5441,17,1.04422275,251,5143,N,28.3333333333333,0,58
5202,18,1.08582525,261,5441,N,30,0,58
5159,19,1.148229,276,5202,N,31.6666666666667,0,58
5873,20,1.11910725,269,5159,N,33.3333333333333,0,58
5823,21,1.16070975,279,5873,N,35,0,58
5185,22,1.19399175,287,5823,N,36.6666666666667,0,58
5574,23,1.2563955,302,5185,N,38.3333333333333,0,58
7239,24,1.19399175,287,5574,N,40,0,58
6268,25,1.26055575,303,7239,N,41.6666666666667,0,58
7144,26,1.231434,296,6268,N,43.3333333333333,0,58
6908,27,1.23559425,297,7144,N,45,0,58
6879,28,1.28551725,309,6908,N,46.6666666666667,0,58
6304,29,1.23559425,297,6879,N,48.3333333333333,0,58
7080,30,1.23559425,297,6304,N,50,0,58
6381,31,1.214793,292,7080,N,51.6666666666667,0,58
7675,32,1.25223525,301,6381,N,53.3333333333333,0,58
8456,33,1.33128,320,7675,N,55,0,58
7994,34,1.447767,348,8456,N,56.6666666666667,0,58
7704,35,1.46856825,353,7994,N,58.3333333333333,0,58
8509,36,1.47688875,355,7704,N,60,0,58
8204,37,1.63497825,393,8509,N,61.6666666666667,0,58
7756,38,1.71818325,413,8204,N,63.3333333333333,0,58
8706,39,1.74314475,419,7756,N,65,0,58
9078,40,1.95115725,469,8706,N,66.6666666666667,0,58
8897,41,1.91787525,461,9078,N,68.3333333333333,0,58
9480,42,2.25069525,541,8897,N,70,0,58
9282,43,2.23405425,537,9480,N,71.6666666666667,0,58
9672,44,2.130048,512,9282,N,73.3333333333333,0,58
9941,45,1.248075,300,9672,Y,75,1,58
10244,46,1.264716,304,9941,N,76.6666666666667,1,58
10221,47,1.37704275,331,10244,N,78.3333333333333,1,58
10557,48,1.34376075,323,10221,N,80,1,58
11994,49,1.447767,348,10557,N,81.6666666666667,1,58
11103,50,1.5392925,370,11994,N,83.3333333333333,1,58
11773,51,1.66826025,401,11103,N,85,1,58
11075,52,1.68490125,405,11773,N,86.6666666666667,1,58
11685,53,1.63497825,393,11075,N,88.3333333333333,1,58
11388,54,1.93451625,465,11685,N,90,1,58
10811,55,2.02604175,487,11388,N,91.6666666666667,1,58
12824,56,2.412945,580,10811,N,93.3333333333333,1,58
12644,57,2.2215735,534,12824,N,95,1,58
12665,58,0.58659525,141,12644,Y,96.6666666666667,2,58
12371,59,1.11078675,267,12665,N,98.3333333333333,2,58
13551,62,1.464408,352,12371,N,103.333333333333,2,58
13535,63,1.62665775,391,13551,N,105,2,58
14692,64,1.68490125,405,13535,N,106.666666666667,2,58
14087,65,1.53513225,369,14692,N,108.333333333333,2,58
14304,66,1.897074,456,14087,N,110,2,58
14908,67,0.87781275,211,14304,Y,111.666666666667,3,58
14753,68,0.848691,204,14908,N,113.333333333333,3,58
14869,69,0.97765875,235,14753,N,115,3,58
15494,70,0.99846,240,14869,N,116.666666666667,3,58
2937,0,0.3078585,74,NA,N,0,0,59
2981,1,0.30369825,73,2937,N,1.66666666666667,0,59
3108,2,0.32033925,77,2981,N,3.33333333333333,0,59
3190,3,0.37026225,89,3108,N,5,0,59
2909,4,0.29537775,71,3190,N,6.66666666666667,0,59
3250,5,0.32033925,77,2909,N,8.33333333333333,0,59
3007,6,0.28705725,69,3250,N,10,0,59
2801,7,0.2912175,70,3007,N,11.6666666666667,0,59
4485,8,0.30369825,73,2801,N,13.3333333333333,0,59
4311,10,0.32033925,77,4485,N,16.6666666666667,0,59
4137,11,0.32033925,77,4311,N,18.3333333333333,0,59
4523,12,0.28705725,69,4137,N,20,0,59
4161,15,0.3411405,82,4523,N,25,0,59
5262,16,0.299538,72,4161,N,26.6666666666667,0,59
5549,17,0.316179,76,5262,N,28.3333333333333,0,59
5327,18,0.32865975,79,5549,N,30,0,59
5302,22,0.316179,76,5327,N,36.6666666666667,0,59
5602,23,0.282897,68,5302,N,38.3333333333333,0,59
11635,51,0.2745765,66,5602,N,85,0,59
11552,53,0.316179,76,11635,N,88.3333333333333,0,59
11333,54,0.2912175,70,11552,N,90,0,59
10665,55,0.299538,72,11333,N,91.6666666666667,0,59
12748,56,0.32033925,77,10665,N,93.3333333333333,0,59
13689,62,0.33698025,81,12748,N,103.333333333333,0,59
13757,63,0.366102,88,13689,N,105,0,59
15389,64,0.3411405,82,13757,N,106.666666666667,0,59
2171,0,1.39368375,335,NA,N,0,0,60
2146,1,1.47688875,355,2171,N,1.66666666666667,0,60
2216,2,1.47688875,355,2146,N,3.33333333333333,0,60
2230,3,1.56841425,377,2216,N,5,0,60
2189,4,1.6058565,386,2230,N,6.66666666666667,0,60
2167,5,1.680741,404,2189,N,8.33333333333333,0,60
2232,6,1.7223435,414,2167,N,10,0,60
2258,7,1.930356,464,2232,N,11.6666666666667,0,60
3416,8,1.93451625,465,2258,N,13.3333333333333,0,60
3847,9,1.85963175,447,3416,N,15,0,60
3307,10,1.8554715,446,3847,N,16.6666666666667,0,60
3579,11,1.86795225,449,3307,N,18.3333333333333,0,60
3427,12,1.89291375,455,3579,N,20,0,60
3505,13,1.97611875,475,3427,N,21.6666666666667,0,60
3697,14,2.19245175,527,3505,N,23.3333333333333,0,60
3559,15,2.16749025,521,3697,N,25,0,60
4726,16,2.29229775,551,3559,N,26.6666666666667,0,60
4999,17,2.23405425,537,4726,N,28.3333333333333,0,60
4757,18,2.17581075,523,4999,N,30,0,60
4685,19,2.3547015,566,4757,N,31.6666666666667,0,60
5580,20,2.313099,556,4685,N,33.3333333333333,0,60
5618,21,1.07750475,259,5580,Y,35,1,60
4741,22,1.16070975,279,5618,N,36.6666666666667,1,60
4710,23,1.23559425,297,4741,N,38.3333333333333,1,60
6676,24,1.231434,296,4710,N,40,1,60
6009,25,1.264716,304,6676,N,41.6666666666667,1,60
6539,26,1.29383775,311,6009,N,43.3333333333333,1,60
6563,27,1.29383775,311,6539,N,45,1,60
6565,28,1.3063185,314,6563,N,46.6666666666667,1,60
6032,29,1.347921,324,6565,N,48.3333333333333,1,60
6630,30,1.39368375,335,6032,N,50,1,60
6048,31,1.38536325,333,6630,N,51.6666666666667,1,60
7421,32,1.46856825,353,6048,N,53.3333333333333,1,60
8209,33,1.597536,384,7421,N,55,1,60
7889,34,1.597536,384,8209,N,56.6666666666667,1,60
7403,35,1.7389845,418,7889,N,58.3333333333333,1,60
8272,36,1.65161925,397,7403,N,60,1,60
8068,37,2.1050865,506,8272,N,61.6666666666667,1,60
7470,38,1.897074,456,8068,N,63.3333333333333,1,60
8609,39,1.97611875,475,7470,N,65,1,60
8989,40,1.95115725,469,8609,N,66.6666666666667,1,60
8802,41,2.21741325,533,8989,N,68.3333333333333,1,60
9381,42,1.081665,260,8802,Y,70,2,60
9175,43,1.1731905,282,9381,N,71.6666666666667,2,60
9577,44,1.148229,276,9175,N,73.3333333333333,2,60
9776,45,1.25223525,301,9577,N,75,2,60
9986,46,1.25223525,301,9776,N,76.6666666666667,2,60
9969,47,1.14406875,275,9986,N,78.3333333333333,2,60
10450,48,1.34376075,323,9969,N,80,2,60
11885,49,1.3396005,322,10450,N,81.6666666666667,2,60
10762,50,1.6724205,402,11885,N,83.3333333333333,2,60
11547,51,1.763946,424,10762,N,85,2,60
10389,52,1.763946,424,11547,N,86.6666666666667,2,60
11369,53,1.847151,444,10389,N,88.3333333333333,2,60
11229,54,2.16333,520,11369,N,90,2,60
10603,55,2.246535,540,11229,N,91.6666666666667,2,60
12401,56,2.2714965,546,10603,N,93.3333333333333,2,60
12222,57,2.17581075,523,12401,N,95,2,60
12544,58,0.74468475,179,12222,Y,96.6666666666667,3,60
12381,59,1.05254325,253,12544,N,98.3333333333333,3,60
13156,61,1.2397545,298,12381,N,101.666666666667,3,60
13558,62,1.3063185,314,13156,N,103.333333333333,3,60
13545,63,1.347921,324,13558,N,105,3,60
15275,64,1.431126,344,13545,N,106.666666666667,3,60
14808,65,1.4560875,350,15275,N,108.333333333333,3,60
15007,66,1.5060105,362,14808,N,110,3,60
14785,67,1.65993975,399,15007,N,111.666666666667,3,60
14640,68,1.76810625,425,14785,N,113.333333333333,3,60
14701,69,1.90123425,457,14640,N,115,3,60
15475,70,1.90123425,457,14701,N,116.666666666667,3,60
2684,0,0.565794,136,NA,N,0,0,61
2836,1,0.56163375,135,2684,N,1.66666666666667,0,61
2891,2,0.5907555,142,2836,N,3.33333333333333,0,61
3023,3,0.64483875,155,2891,N,5,0,61
2713,4,0.599076,144,3023,N,6.66666666666667,0,61
3155,5,0.52003125,125,2713,N,8.33333333333333,0,61
2835,6,0.55331325,133,3155,N,10,0,61
2711,7,0.565794,136,2835,N,11.6666666666667,0,61
4429,8,0.47010825,113,2711,N,13.3333333333333,0,61
4267,9,0.515871,124,4429,N,15,0,61
4204,10,0.52003125,125,4267,N,16.6666666666667,0,61
3793,13,0.57827475,139,4204,N,21.6666666666667,0,61
4136,14,0.57827475,139,3793,N,23.3333333333333,0,61
5148,16,0.5075505,122,4136,N,26.6666666666667,0,61
4824,22,0.71972325,173,5148,N,36.6666666666667,0,61
4799,23,0.698922,168,4824,N,38.3333333333333,0,61
6859,30,0.60323625,145,4799,N,50,0,61
8395,36,0.5574735,134,6859,N,60,0,61
9419,42,0.465948,112,8395,N,70,0,61
9216,43,0.56995425,137,9419,N,71.6666666666667,0,61
9822,45,0.63651825,153,9216,N,75,0,61
10119,46,0.62819775,151,9822,N,76.6666666666667,0,61
11571,51,0.71140275,171,10119,N,85,0,61
10396,52,0.6573195,158,11571,N,86.6666666666667,0,61
11395,53,0.6573195,158,10396,N,88.3333333333333,0,61
11237,54,0.648999,156,11395,N,90,0,61
10610,55,0.632358,152,11237,N,91.6666666666667,0,61
12418,56,0.60323625,145,10610,N,93.3333333333333,0,61
12235,57,0.632358,152,12418,N,95,0,61
13488,62,0.6073965,146,12235,N,103.333333333333,0,61
13477,63,0.6240375,150,13488,N,105,0,61
14632,64,0.5574735,134,13477,N,106.666666666667,0,61
14244,66,0.582435,140,14632,N,110,0,61
2688,0,1.13574825,273,NA,N,0,0,62
2841,1,1.0733445,258,2688,N,1.66666666666667,0,62
2938,2,1.12742775,271,2841,N,3.33333333333333,0,62
3028,3,1.2563955,302,2938,N,5,0,62
2717,4,1.198152,288,3028,N,6.66666666666667,0,62
3158,5,1.198152,288,2717,N,8.33333333333333,0,62
2840,6,1.181511,284,3158,N,10,0,62
2715,7,1.21895325,293,2840,N,11.6666666666667,0,62
4432,8,1.1898315,286,2715,N,13.3333333333333,0,62
4272,9,1.181511,284,4432,N,15,0,62
4210,10,1.181511,284,4272,N,16.6666666666667,0,62
4024,11,1.15238925,277,4210,N,18.3333333333333,0,62
4486,12,1.1565495,278,4024,N,20,0,62
3799,13,1.231434,296,4486,N,21.6666666666667,0,62
4141,14,1.26887625,305,3799,N,23.3333333333333,0,62
4066,15,1.364562,328,4141,N,25,0,62
5153,16,1.5725745,378,4066,N,26.6666666666667,0,62
5444,17,1.7889075,430,5153,N,28.3333333333333,0,62
5213,18,1.90123425,457,5444,N,30,0,62
5169,19,1.95947775,471,5213,N,31.6666666666667,0,62
5875,20,2.02604175,487,5169,N,33.3333333333333,0,62
5826,21,2.313099,556,5875,N,35,0,62
5194,22,2.529432,608,5826,N,36.6666666666667,0,62
5576,23,1.03590225,249,5194,Y,38.3333333333333,1,62
7241,24,1.131588,272,5576,N,40,1,62
6271,25,1.33544025,321,7241,N,41.6666666666667,1,62
7147,26,1.281357,308,6271,N,43.3333333333333,1,62
6909,27,1.198152,288,7147,N,45,1,62
6882,28,1.281357,308,6909,N,46.6666666666667,1,62
6306,29,1.297998,312,6882,N,48.3333333333333,1,62
7082,30,1.281357,308,6306,N,50,1,62
6382,31,1.34376075,323,7082,N,51.6666666666667,1,62
7678,32,1.31879925,317,6382,N,53.3333333333333,1,62
8458,33,1.44360675,347,7678,N,55,1,62
7995,34,1.44360675,347,8458,N,56.6666666666667,1,62
7711,35,1.46856825,353,7995,N,58.3333333333333,1,62
8514,36,1.52681175,367,7711,N,60,1,62
8210,37,1.4560875,350,8514,N,61.6666666666667,1,62
7764,38,1.5392925,370,8210,N,63.3333333333333,1,62
8709,39,1.4727285,354,7764,N,65,1,62
9080,40,1.46024775,351,8709,N,66.6666666666667,1,62
8898,41,1.47688875,355,9080,N,68.3333333333333,1,62
9481,42,1.6890615,406,8898,N,70,1,62
9283,43,1.847151,444,9481,N,71.6666666666667,1,62
9673,44,2.096766,504,9283,N,73.3333333333333,1,62
9947,45,1.963638,472,9673,N,75,1,62
10248,46,2.09260575,503,9947,N,76.6666666666667,1,62
10225,47,2.40878475,579,10248,N,78.3333333333333,1,62
10674,48,2.546073,612,10225,N,80,1,62
11983,49,1.00262025,241,10674,Y,81.6666666666667,2,62
11040,50,1.27719675,307,11983,N,83.3333333333333,2,62
11741,51,1.17735075,283,11040,N,85,2,62
11062,52,1.231434,296,11741,N,86.6666666666667,2,62
11666,53,1.16070975,279,11062,N,88.3333333333333,2,62
11374,54,1.5226515,366,11666,N,90,2,62
10706,55,1.72650375,415,11374,N,91.6666666666667,2,62
12675,56,1.68490125,405,10706,N,93.3333333333333,2,62
2944,0,1.28551725,309,NA,N,0,0,63
2987,1,1.4394465,346,2944,N,1.66666666666667,0,63
3112,2,1.447767,348,2987,N,3.33333333333333,0,63
3193,3,1.42696575,343,3112,N,5,0,63
3017,4,1.5892155,382,3193,N,6.66666666666667,0,63
3251,5,1.56009375,375,3017,N,8.33333333333333,0,63
3012,6,1.56009375,375,3251,N,10,0,63
2807,7,1.57673475,379,3012,N,11.6666666666667,0,63
4526,8,1.62665775,391,2807,N,13.3333333333333,0,63
4358,9,1.56009375,375,4526,N,15,0,63
4317,10,1.73482425,417,4358,N,16.6666666666667,0,63
4143,11,1.70154225,409,4317,N,18.3333333333333,0,63
4525,12,1.80970875,435,4143,N,20,0,63
3915,13,1.9553175,470,4525,N,21.6666666666667,0,63
4257,14,1.897074,456,3915,N,23.3333333333333,0,63
4166,15,1.86795225,449,4257,N,25,0,63
5267,16,1.93451625,465,4166,N,26.6666666666667,0,63
5553,17,2.12588775,511,5267,N,28.3333333333333,0,63
5335,18,1.813869,436,5553,N,30,0,63
5306,19,2.263176,544,5335,N,31.6666666666667,0,63
5920,20,1.6557795,398,5306,N,33.3333333333333,0,63
5874,21,2.27565675,547,5920,N,35,0,63
5313,22,1.06918425,257,5874,Y,36.6666666666667,1,63
5604,23,1.231434,296,5313,N,38.3333333333333,1,63
7264,24,1.22727375,295,5604,N,40,1,63
6335,25,1.42696575,343,7264,N,41.6666666666667,1,63
7306,26,1.281357,308,6335,N,43.3333333333333,1,63
6966,27,1.3562415,326,7306,N,45,1,63
6932,28,1.41864525,341,6966,N,46.6666666666667,1,63
6357,29,1.5559335,374,6932,N,48.3333333333333,1,63
7123,30,1.5392925,370,6357,N,50,1,63
6432,31,1.797228,432,7123,N,51.6666666666667,1,63
7729,32,1.9553175,470,6432,N,53.3333333333333,1,63
8494,33,1.8721125,450,7729,N,55,1,63
8009,34,2.0385225,490,8494,N,56.6666666666667,1,63
7752,35,1.930356,464,8009,N,58.3333333333333,1,63
8544,36,2.0718045,498,7752,N,60,1,63
8253,37,1.06918425,257,8544,Y,61.6666666666667,2,63
7821,38,1.10246625,265,8253,N,63.3333333333333,2,63
8731,39,1.06918425,257,7821,N,65,2,63
9100,40,1.1232675,270,8731,N,66.6666666666667,2,63
8925,41,1.09414575,263,9100,N,68.3333333333333,2,63
9507,42,1.0899855,262,8925,N,70,2,63
9310,43,1.015101,244,9507,N,71.6666666666667,2,63
9698,44,1.02758175,247,9310,N,73.3333333333333,2,63
10026,45,0.84453075,203,9698,N,75,2,63
2693,0,1.214793,292,NA,N,0,0,64
2846,1,1.347921,324,2693,N,1.66666666666667,0,64
2947,2,1.5060105,362,2846,N,3.33333333333333,0,64
3032,3,1.56009375,375,2947,N,5,0,64
2721,4,1.46856825,353,3032,N,6.66666666666667,0,64
3163,5,1.49352975,359,2721,N,8.33333333333333,0,64
2847,6,1.5559335,374,3163,N,10,0,64
2719,7,1.514331,364,2847,N,11.6666666666667,0,64
4434,8,1.564254,376,2719,N,13.3333333333333,0,64
4282,9,1.5892155,382,4434,N,15,0,64
4215,10,1.56841425,377,4282,N,16.6666666666667,0,64
4035,11,1.5892155,382,4215,N,18.3333333333333,0,64
4489,12,1.597536,384,4035,N,20,0,64
3809,13,1.63497825,393,4489,N,21.6666666666667,0,64
4150,14,1.747305,420,3809,N,23.3333333333333,0,64
4077,15,1.7389845,418,4150,N,25,0,64
5163,16,1.83051,440,4077,N,26.6666666666667,0,64
5448,17,1.84299075,443,5163,N,28.3333333333333,0,64
5223,18,1.91787525,461,5448,N,30,0,64
5184,19,1.96779825,473,5223,N,31.6666666666667,0,64
5881,20,1.92619575,463,5184,N,33.3333333333333,0,64
5831,21,2.1882915,526,5881,N,35,0,64
5204,22,1.04422275,251,5831,Y,36.6666666666667,1,64
5578,23,1.21895325,293,5204,N,38.3333333333333,1,64
7243,24,1.3063185,314,5578,N,40,1,64
6278,25,1.43528625,345,7243,N,41.6666666666667,1,64
7154,26,1.43528625,345,6278,N,43.3333333333333,1,64
6911,27,1.46856825,353,7154,N,45,1,64
6885,28,1.52681175,367,6911,N,46.6666666666667,1,64
6309,29,1.4893695,358,6885,N,48.3333333333333,1,64
7084,30,1.56009375,375,6309,N,50,1,64
6388,31,1.697382,408,7084,N,51.6666666666667,1,64
7681,32,1.8055485,434,6388,N,53.3333333333333,1,64
8460,33,1.8388305,442,7681,N,55,1,64
7996,34,1.85963175,447,8460,N,56.6666666666667,1,64
7713,35,1.863792,448,7996,N,58.3333333333333,1,64
8519,36,2.113407,508,7713,N,60,1,64
7360,38,1.26887625,305,8519,Y,63.3333333333333,2,64
8588,39,1.17735075,283,7360,N,65,2,64
8969,40,1.19399175,287,8588,N,66.6666666666667,2,64
8780,41,1.21063275,291,8969,N,68.3333333333333,2,64
9356,42,1.16487,280,8780,N,70,2,64
9154,43,1.22727375,295,9356,N,71.6666666666667,2,64
9554,44,1.1898315,286,9154,N,73.3333333333333,2,64
9753,45,1.3063185,314,9554,N,75,2,64
9914,46,1.26055575,303,9753,N,76.6666666666667,2,64
9889,47,1.29383775,311,9914,N,78.3333333333333,2,64
10424,48,1.347921,324,9889,N,80,2,64
11857,49,1.33128,320,10424,N,81.6666666666667,2,64
10734,50,1.4727285,354,11857,N,83.3333333333333,2,64
11296,54,2.20077225,529,10734,N,90,2,64
10649,55,2.03436225,489,11296,N,91.6666666666667,2,64
12348,57,2.2714965,546,10649,N,95,2,64
12309,59,1.297998,312,12348,Y,98.3333333333333,3,64
13044,60,0.94437675,227,12309,N,100,3,64
2439,0,0.96101775,231,NA,N,0,0,65
2343,1,0.99429975,239,2439,N,1.66666666666667,0,65
2467,2,1.06086375,255,2343,N,3.33333333333333,0,65
2452,3,1.06918425,257,2467,N,5,0,65
2414,4,1.1232675,270,2452,N,6.66666666666667,0,65
2430,5,1.12742775,271,2414,N,8.33333333333333,0,65
2545,6,1.16070975,279,2430,N,10,0,65
2455,7,1.1898315,286,2545,N,11.6666666666667,0,65
3546,8,1.2231135,294,2455,N,13.3333333333333,0,65
4025,9,1.281357,308,3546,N,15,0,65
3970,10,1.39368375,335,4025,N,16.6666666666667,0,65
3807,11,1.364562,328,3970,N,18.3333333333333,0,65
4385,12,1.32711975,319,3807,N,20,0,65
3621,13,1.41032475,339,4385,N,21.6666666666667,0,65
3882,14,1.46024775,351,3621,N,23.3333333333333,0,65
3822,15,1.431126,344,3882,N,25,0,65
4902,16,1.481049,356,3822,N,26.6666666666667,0,65
5186,17,1.5559335,374,4902,N,28.3333333333333,0,65
4945,18,1.57673475,379,5186,N,30,0,65
4894,19,1.614177,388,4945,N,31.6666666666667,0,65
5764,20,1.55177325,373,4894,N,33.3333333333333,0,65
5725,21,1.5725745,378,5764,N,35,0,65
4922,22,1.547613,372,5725,N,36.6666666666667,0,65
5467,23,1.5892155,382,4922,N,38.3333333333333,0,65
7148,24,1.52681175,367,5467,N,40,0,65
6120,25,1.5559335,374,7148,N,41.6666666666667,0,65
7040,26,1.481049,356,6120,N,43.3333333333333,0,65
6778,27,1.43528625,345,7040,N,45,0,65
6737,28,1.447767,348,6778,N,46.6666666666667,0,65
6160,29,1.44360675,347,6737,N,48.3333333333333,0,65
6872,30,1.39368375,335,6160,N,50,0,65
6223,31,1.4893695,358,6872,N,51.6666666666667,0,65
7501,32,1.3895235,334,6223,N,53.3333333333333,0,65
8343,33,1.4061645,338,7501,N,55,0,65
7936,34,1.4061645,338,8343,N,56.6666666666667,0,65
7587,35,1.41032475,339,7936,N,58.3333333333333,0,65
8386,36,1.364562,328,7587,N,60,0,65
8105,37,1.447767,348,8386,N,61.6666666666667,0,65
7510,38,1.35208125,325,8105,N,63.3333333333333,0,65
8648,39,1.36040175,327,7510,N,65,0,65
9025,40,1.381203,332,8648,N,66.6666666666667,0,65
8841,41,1.381203,332,9025,N,68.3333333333333,0,65
9423,42,1.3728825,330,8841,N,70,0,65
9220,43,1.40200425,337,9423,N,71.6666666666667,0,65
9618,44,1.2896775,310,9220,N,73.3333333333333,0,65
9827,45,1.35208125,325,9618,N,75,0,65
10130,46,1.35208125,325,9827,N,76.6666666666667,0,65
10097,47,1.38536325,333,10130,N,78.3333333333333,0,65
10499,48,1.40200425,337,10097,N,80,0,65
11929,49,1.3895235,334,10499,N,81.6666666666667,0,65
10807,50,1.38536325,333,11929,N,83.3333333333333,0,65
11612,51,1.364562,328,10807,N,85,0,65
10976,52,1.41864525,341,11612,N,86.6666666666667,0,65
11505,53,1.38536325,333,10976,N,88.3333333333333,0,65
11300,54,1.3895235,334,11505,N,90,0,65
10650,55,1.42696575,343,11300,N,91.6666666666667,0,65
12687,56,1.33544025,321,10650,N,93.3333333333333,0,65
12351,57,1.43528625,345,12687,N,95,0,65
12397,58,1.34376075,323,12351,N,96.6666666666667,0,65
12311,59,1.464408,352,12397,N,98.3333333333333,0,65
13046,60,1.148229,276,12311,N,100,0,65
13106,61,1.3229595,318,13046,N,101.666666666667,0,65
13497,62,1.41864525,341,13106,N,103.333333333333,0,65
13484,63,1.40200425,337,13497,N,105,0,65
14637,64,1.38536325,333,13484,N,106.666666666667,0,65
14043,65,1.41032475,339,14637,N,108.333333333333,0,65
14247,66,1.4560875,350,14043,N,110,0,65
14025,67,1.4560875,350,14247,N,111.666666666667,0,65
13819,68,1.447767,348,14025,N,113.333333333333,0,65
13869,69,1.4893695,358,13819,N,115,0,65
15203,70,1.4394465,346,13869,N,116.666666666667,0,65
2184,0,1.2730365,306,NA,N,0,0,66
2150,1,1.3396005,322,2184,N,1.66666666666667,0,66
2222,2,1.38536325,333,2150,N,3.33333333333333,0,66
2235,3,1.36040175,327,2222,N,5,0,66
2195,4,1.43528625,345,2235,N,6.66666666666667,0,66
2175,5,1.43528625,345,2195,N,8.33333333333333,0,66
2240,6,1.46856825,353,2175,N,10,0,66
2270,7,1.7223435,414,2240,N,11.6666666666667,0,66
3419,8,1.697382,408,2270,N,13.3333333333333,0,66
3850,9,1.56009375,375,3419,N,15,0,66
3308,10,1.65993975,399,3850,N,16.6666666666667,0,66
3580,11,1.7722665,426,3308,N,18.3333333333333,0,66
3430,12,1.9386765,466,3580,N,20,0,66
3509,13,1.88459325,453,3430,N,21.6666666666667,0,66
3699,14,1.9719585,474,3509,N,23.3333333333333,0,66
3564,15,1.8221895,438,3699,N,25,0,66
4732,16,2.0052405,482,3564,N,26.6666666666667,0,66
5005,17,2.0052405,482,4732,N,28.3333333333333,0,66
4764,18,2.15084925,517,5005,N,30,0,66
4690,19,2.046843,492,4764,N,31.6666666666667,0,66
5583,20,2.15084925,517,4690,N,33.3333333333333,0,66
5622,21,2.06764425,497,5583,N,35,0,66
4751,22,1.89291375,455,5622,N,36.6666666666667,0,66
4633,23,2.23405425,537,4751,N,38.3333333333333,0,66
7257,24,0.9568575,230,4633,Y,40,1,66
6452,26,0.9568575,230,7257,N,43.3333333333333,1,66
6492,27,0.965178,232,6452,N,45,1,66
2697,0,0.865332,208,NA,N,0,0,67
2853,1,0.9734985,234,2697,N,1.66666666666667,0,67
2953,2,0.67812075,163,2853,N,3.33333333333333,0,67
3037,3,0.915255,220,2953,N,5,0,67
2725,4,0.91941525,221,3037,N,6.66666666666667,0,67
3167,5,0.94437675,227,2725,N,8.33333333333333,0,67
2854,6,0.95269725,229,3167,N,10,0,67
2722,7,1.0733445,258,2854,N,11.6666666666667,0,67
4436,8,0.97765875,235,2722,N,13.3333333333333,0,67
4287,9,0.93605625,225,4436,N,15,0,67
4220,10,0.931896,224,4287,N,16.6666666666667,0,67
4039,11,1.00262025,241,4220,N,18.3333333333333,0,67
4490,12,1.07750475,259,4039,N,20,0,67
3814,13,0.99846,240,4490,N,21.6666666666667,0,67
4155,14,1.10246625,265,3814,N,23.3333333333333,0,67
4081,15,1.1565495,278,4155,N,25,0,67
5168,16,1.1565495,278,4081,N,26.6666666666667,0,67
5449,17,1.17735075,283,5168,N,28.3333333333333,0,67
5228,18,1.2231135,294,5449,N,30,0,67
5190,19,1.2563955,302,5228,N,31.6666666666667,0,67
5883,20,1.25223525,301,5190,N,33.3333333333333,0,67
5833,21,1.297998,312,5883,N,35,0,67
5210,22,1.264716,304,5833,N,36.6666666666667,0,67
5579,23,1.41032475,339,5210,N,38.3333333333333,0,67
7244,24,1.26887625,305,5579,N,40,0,67
6280,25,1.41864525,341,7244,N,41.6666666666667,0,67
7158,26,1.181511,284,6280,N,43.3333333333333,0,67
6914,27,1.3063185,314,7158,N,45,0,67
6890,28,1.36872225,329,6914,N,46.6666666666667,0,67
6314,29,1.397844,336,6890,N,48.3333333333333,0,67
7089,30,1.44360675,347,6314,N,50,0,67
6397,31,1.6058565,386,7089,N,51.6666666666667,0,67
7688,32,1.66826025,401,6397,N,53.3333333333333,0,67
8464,33,1.697382,408,7688,N,55,0,67
7998,34,1.7223435,414,8464,N,56.6666666666667,0,67
7720,35,1.813869,436,7998,N,58.3333333333333,0,67
8524,36,1.88459325,453,7720,N,60,0,67
8221,37,2.00940075,483,8524,N,61.6666666666667,0,67
7777,38,2.40046425,577,8221,N,63.3333333333333,0,67
8714,39,2.16749025,521,7777,N,65,0,67
9085,40,2.55855375,615,8714,N,66.6666666666667,0,67
8904,41,1.264716,304,9085,Y,68.3333333333333,1,67
9487,42,1.347921,324,8904,N,70,1,67
9289,43,1.37704275,331,9487,N,71.6666666666667,1,67
9679,44,1.41864525,341,9289,N,73.3333333333333,1,67
9962,45,1.59337575,383,9679,N,75,1,67
10262,46,1.66826025,401,9962,N,76.6666666666667,1,67
10237,47,1.847151,444,10262,N,78.3333333333333,1,67
10828,48,1.94283675,467,10237,N,80,1,67
12001,49,2.11756725,509,10828,N,81.6666666666667,1,67
11135,50,2.33390025,561,12001,N,83.3333333333333,1,67
11780,51,2.29229775,551,11135,N,85,1,67
11080,52,1.06918425,257,11780,Y,86.6666666666667,2,67
11690,53,1.098306,264,11080,N,88.3333333333333,2,67
11396,54,1.364562,328,11690,N,90,2,67
10815,55,1.43528625,345,11396,N,91.6666666666667,2,67
12833,56,1.264716,304,10815,N,93.3333333333333,2,67
12658,57,1.23559425,297,12833,N,95,2,67
12680,58,1.148229,276,12658,N,96.6666666666667,2,67
12442,59,1.5725745,378,12680,N,98.3333333333333,2,67
13162,60,1.1898315,286,12442,N,100,2,67
13237,61,1.59337575,383,13162,N,101.666666666667,2,67
13641,62,1.8055485,434,13237,N,103.333333333333,2,67
13705,63,2.11756725,509,13641,N,105,2,67
14809,64,1.9386765,466,13705,N,106.666666666667,2,67
14226,65,1.980279,476,14809,N,108.333333333333,2,67
14425,66,2.02604175,487,14226,N,110,2,67
14187,67,1.12742775,271,14425,Y,111.666666666667,3,67
13938,68,1.031742,248,14187,N,113.333333333333,3,67
2699,0,0.582435,140,NA,N,0,0,68
2855,1,0.61987725,149,2699,N,1.66666666666667,0,68
2959,2,0.6406785,154,2855,N,3.33333333333333,0,68
3043,3,0.5741145,138,2959,N,5,0,68
2728,4,0.64483875,155,3043,N,6.66666666666667,0,68
3169,5,0.56995425,137,2728,N,8.33333333333333,0,68
2857,6,0.58659525,141,3169,N,10,0,68
2726,7,0.582435,140,2857,N,11.6666666666667,0,68
4438,8,0.56163375,135,2726,N,13.3333333333333,0,68
4291,9,0.59491575,143,4438,N,15,0,68
4222,10,0.5907555,142,4291,N,16.6666666666667,0,68
4043,11,0.58659525,141,4222,N,18.3333333333333,0,68
4491,12,0.615717,148,4043,N,20,0,68
3819,13,0.5907555,142,4491,N,21.6666666666667,0,68
4160,14,0.582435,140,3819,N,23.3333333333333,0,68
4086,15,0.55331325,133,4160,N,25,0,68
5170,16,0.5741145,138,4086,N,26.6666666666667,0,68
5450,17,0.565794,136,5170,N,28.3333333333333,0,68
5237,18,0.5907555,142,5450,N,30,0,68
5200,19,0.56163375,135,5237,N,31.6666666666667,0,68
5887,20,0.615717,148,5200,N,33.3333333333333,0,68
5837,21,0.6073965,146,5887,N,35,0,68
5219,22,0.54499275,131,5837,N,36.6666666666667,0,68
5582,23,0.51171075,123,5219,N,38.3333333333333,0,68
7246,24,0.5907555,142,5582,N,40,0,68
6285,25,0.49923,120,7246,N,41.6666666666667,0,68
7163,26,0.47842875,115,6285,N,43.3333333333333,0,68
6918,27,0.57827475,139,7163,N,45,0,68
6320,29,0.55331325,133,6918,N,48.3333333333333,0,68
7093,30,0.63651825,153,6320,N,50,0,68
6398,31,0.5241915,126,7093,N,51.6666666666667,0,68
7689,32,0.549153,132,6398,N,53.3333333333333,0,68
8525,36,0.5574735,134,7689,N,60,0,68
8814,41,0.4576275,110,8525,N,68.3333333333333,0,68
9392,42,0.54499275,131,8814,N,70,0,68
9187,43,0.565794,136,9392,N,71.6666666666667,0,68
9587,44,0.549153,132,9187,N,73.3333333333333,0,68
9790,45,0.565794,136,9587,N,75,0,68
10025,46,0.57827475,139,9790,N,76.6666666666667,0,68
10003,47,0.56163375,135,10025,N,78.3333333333333,0,68
10465,48,0.565794,136,10003,N,80,0,68
11897,49,0.55331325,133,10465,N,81.6666666666667,0,68
10770,50,0.565794,136,11897,N,83.3333333333333,0,68
11573,51,0.6073965,146,10770,N,85,0,68
10398,52,0.5574735,134,11573,N,86.6666666666667,0,68
11399,53,0.52835175,127,10398,N,88.3333333333333,0,68
11239,54,0.55331325,133,11399,N,90,0,68
10612,55,0.56995425,137,11239,N,91.6666666666667,0,68
12422,56,0.56995425,137,10612,N,93.3333333333333,0,68
12238,57,0.5907555,142,12422,N,95,0,68
13430,62,0.59491575,143,12238,N,103.333333333333,0,68
13413,63,0.58659525,141,13430,N,105,0,68
15190,64,0.58659525,141,13413,N,106.666666666667,0,68
14556,65,0.57827475,139,15190,N,108.333333333333,0,68
14784,66,0.56995425,137,14556,N,110,0,68
14574,67,0.55331325,133,14784,N,111.666666666667,0,68
14394,68,0.54499275,131,14574,N,113.333333333333,0,68
14453,69,0.532512,128,14394,N,115,0,68
15430,70,0.5075505,122,14453,N,116.666666666667,0,68
2957,0,0.4909095,118,NA,N,0,0,69
3000,1,0.416025,100,2957,N,1.66666666666667,0,69
3120,2,0.4742685,114,3000,N,3.33333333333333,0,69
3197,3,0.47842875,115,3120,N,5,0,69
3033,4,0.48674925,117,3197,N,6.66666666666667,0,69
3253,5,0.46178775,111,3033,N,8.33333333333333,0,69
3027,6,0.44514675,107,3253,N,10,0,69
2819,7,0.48674925,117,3027,N,11.6666666666667,0,69
4538,8,0.482589,116,2819,N,13.3333333333333,0,69
4361,9,0.482589,116,4538,N,15,0,69
4323,10,0.416025,100,4361,N,16.6666666666667,0,69
4151,11,0.399384,96,4323,N,18.3333333333333,0,69
4531,12,0.416025,100,4151,N,20,0,69
3924,13,0.416025,100,4531,N,21.6666666666667,0,69
4268,14,0.39522375,95,3924,N,23.3333333333333,0,69
4175,15,0.482589,116,4268,N,25,0,69
5278,16,0.4409865,106,4175,N,26.6666666666667,0,69
5569,17,0.4909095,118,5278,N,28.3333333333333,0,69
5344,18,0.50339025,121,5569,N,30,0,69
5316,19,0.47842875,115,5344,N,31.6666666666667,0,69
5924,20,0.53667225,129,5316,N,33.3333333333333,0,69
5879,21,0.42018525,101,5924,N,35,0,69
5325,22,0.449307,108,5879,N,36.6666666666667,0,69
5607,23,0.49506975,119,5325,N,38.3333333333333,0,69
9190,43,0.44514675,107,5607,N,71.6666666666667,0,69
9793,45,0.47010825,113,9190,N,75,0,69
10032,46,0.432666,104,9793,N,76.6666666666667,0,69
10470,48,0.432666,104,10032,N,80,0,69
11901,49,0.44514675,107,10470,N,81.6666666666667,0,69
10773,50,0.42850575,103,11901,N,83.3333333333333,0,69
11576,51,0.4576275,110,10773,N,85,0,69
10401,52,0.43682625,105,11576,N,86.6666666666667,0,69
11404,53,0.49923,120,10401,N,88.3333333333333,0,69
11243,54,0.46178775,111,11404,N,90,0,69
10616,55,0.46178775,111,11243,N,91.6666666666667,0,69
12536,56,0.4909095,118,10616,N,93.3333333333333,0,69
12243,57,0.42850575,103,12536,N,95,0,69
13436,63,0.43682625,105,12243,N,105,0,69
2192,0,0.9734985,234,NA,N,0,0,70
2157,1,1.03590225,249,2192,N,1.66666666666667,0,70
2259,2,1.0567035,254,2157,N,3.33333333333333,0,70
2239,3,1.19399175,287,2259,N,5,0,70
2213,4,1.22727375,295,2239,N,6.66666666666667,0,70
2197,5,1.22727375,295,2213,N,8.33333333333333,0,70
2255,6,1.26055575,303,2197,N,10,0,70
2286,7,1.3895235,334,2255,N,11.6666666666667,0,70
3428,8,1.35208125,325,2286,N,13.3333333333333,0,70
3864,9,1.44360675,347,3428,N,15,0,70
3311,10,1.3895235,334,3864,N,16.6666666666667,0,70
3583,11,1.4061645,338,3311,N,18.3333333333333,0,70
3440,12,1.44360675,347,3583,N,20,0,70
3522,13,1.48520925,357,3440,N,21.6666666666667,0,70
3712,14,1.4560875,350,3522,N,23.3333333333333,0,70
3605,15,1.5226515,366,3712,N,25,0,70
4744,16,1.5559335,374,3605,N,26.6666666666667,0,70
5023,17,1.60169625,385,4744,N,28.3333333333333,0,70
4784,18,1.5226515,366,5023,N,30,0,70
4706,19,1.6557795,398,4784,N,31.6666666666667,0,70
5661,20,1.63497825,393,4706,N,33.3333333333333,0,70
5630,21,1.597536,384,5661,N,35,0,70
4766,22,1.80138825,433,5630,N,36.6666666666667,0,70
4733,23,1.83467025,441,4766,N,38.3333333333333,0,70
6681,24,1.8055485,434,4733,N,40,0,70
6030,25,2.14252875,515,6681,N,41.6666666666667,0,70
6583,26,1.84299075,443,6030,N,43.3333333333333,0,70
6577,27,1.07750475,259,6583,Y,45,1,70
6634,28,1.015101,244,6577,N,46.6666666666667,1,70
6051,29,1.16070975,279,6634,N,48.3333333333333,1,70
6656,30,1.2231135,294,6051,N,50,1,70
6084,31,1.16903025,281,6656,N,51.6666666666667,1,70
7426,32,1.21895325,293,6084,N,53.3333333333333,1,70
8223,33,1.3396005,322,7426,N,55,1,70
7894,34,1.33544025,321,8223,N,56.6666666666667,1,70
7547,35,1.4228055,342,7894,N,58.3333333333333,1,70
8288,36,1.481049,356,7547,N,60,1,70
8073,37,1.4394465,346,8288,N,61.6666666666667,1,70
7475,38,1.75146525,421,8073,N,63.3333333333333,1,70
8614,39,1.73482425,417,7475,N,65,1,70
8994,40,1.87627275,451,8614,N,66.6666666666667,1,70
8808,41,2.02604175,487,8994,N,68.3333333333333,1,70
9387,42,2.0218815,486,8808,N,70,1,70
9180,43,2.0884455,502,9387,N,71.6666666666667,1,70
9582,44,2.146689,516,9180,N,73.3333333333333,1,70
9781,45,1.01094075,243,9582,Y,75,2,70
9997,46,0.9069345,218,9781,N,76.6666666666667,2,70
9983,47,0.91109475,219,9997,N,78.3333333333333,2,70
10456,48,0.99846,240,9983,N,80,2,70
11891,49,1.14406875,275,10456,N,81.6666666666667,2,70
2200,0,1.11078675,267,NA,N,0,0,71
2165,1,1.11078675,267,2200,N,1.66666666666667,0,71
2262,2,1.15238925,277,2165,N,3.33333333333333,0,71
2260,3,1.198152,288,2262,N,5,0,71
2218,4,1.19399175,287,2260,N,6.66666666666667,0,71
2205,5,1.347921,324,2218,N,8.33333333333333,0,71
2256,6,1.364562,328,2205,N,10,0,71
2291,7,1.42696575,343,2256,N,11.6666666666667,0,71
3432,8,1.381203,332,2291,N,13.3333333333333,0,71
3869,9,1.4727285,354,3432,N,15,0,71
3312,10,1.5559335,374,3869,N,16.6666666666667,0,71
3585,11,1.5060105,362,3312,N,18.3333333333333,0,71
3445,12,1.530972,368,3585,N,20,0,71
3526,13,1.5725745,378,3445,N,21.6666666666667,0,71
3716,14,1.65161925,397,3526,N,23.3333333333333,0,71
3608,15,1.61833725,389,3716,N,25,0,71
4752,16,1.60169625,385,3608,N,26.6666666666667,0,71
5027,17,1.730664,416,4752,N,28.3333333333333,0,71
4790,18,1.9220355,462,5027,N,30,0,71
4719,19,1.9553175,470,4790,N,31.6666666666667,0,71
5664,20,1.963638,472,4719,N,33.3333333333333,0,71
5636,21,1.9386765,466,5664,N,35,0,71
4771,22,2.10092625,505,5636,N,36.6666666666667,0,71
4740,23,2.396304,576,4771,N,38.3333333333333,0,71
6685,24,2.45038725,589,4740,N,40,0,71
6036,25,2.81648925,677,6685,N,41.6666666666667,0,71
6590,26,2.82897,680,6036,N,43.3333333333333,0,71
6849,27,2.6209575,630,6590,N,45,0,71
6809,28,1.148229,276,6849,Y,46.6666666666667,1,71
6228,29,1.20231225,289,6809,N,48.3333333333333,1,71
6985,30,1.2064725,290,6228,N,50,1,71
6310,31,1.44360675,347,6985,N,51.6666666666667,1,71
7612,32,1.41864525,341,6310,N,53.3333333333333,1,71
7923,34,1.564254,376,7612,N,56.6666666666667,1,71
7575,35,1.597536,384,7923,N,58.3333333333333,1,71
8348,36,1.714023,412,7575,N,60,1,71
8093,37,1.8887535,454,8348,N,61.6666666666667,1,71
8637,39,2.22573375,535,8093,N,65,1,71
9016,40,2.17581075,523,8637,N,66.6666666666667,1,71
8831,41,1.22727375,295,9016,Y,68.3333333333333,2,71
9410,42,1.25223525,301,8831,N,70,2,71
2970,0,0.66980025,161,NA,N,0,0,72
3009,1,0.72804375,175,2970,N,1.66666666666667,0,72
3127,2,0.7072425,170,3009,N,3.33333333333333,0,72
3204,3,0.71972325,173,3127,N,5,0,72
3057,4,0.7072425,170,3204,N,6.66666666666667,0,72
3256,5,0.7405245,178,3057,N,8.33333333333333,0,72
3048,6,0.71140275,171,3256,N,10,0,72
2834,7,0.65315925,157,3048,N,11.6666666666667,0,72
4544,8,0.7238835,174,2834,N,13.3333333333333,0,72
4466,9,0.76132575,183,4544,N,15,0,72
4335,10,0.75300525,181,4466,N,16.6666666666667,0,72
4173,11,0.6406785,154,4335,N,18.3333333333333,0,72
4535,12,0.76132575,183,4173,N,20,0,72
4292,13,0.68644125,165,4535,N,21.6666666666667,0,72
4288,14,0.6739605,162,4292,N,23.3333333333333,0,72
4190,15,0.748845,180,4288,N,25,0,72
5289,16,0.75300525,181,4190,N,26.6666666666667,0,72
5659,17,0.7238835,174,5289,N,28.3333333333333,0,72
5351,18,0.71972325,173,5659,N,30,0,72
5331,19,0.7072425,170,5351,N,31.6666666666667,0,72
5929,20,0.7238835,174,5331,N,33.3333333333333,0,72
5884,21,0.62819775,151,5929,N,35,0,72
5337,22,0.69476175,167,5884,N,36.6666666666667,0,72
5611,23,0.6906015,166,5337,N,38.3333333333333,0,72
7023,30,0.6573195,158,5611,N,50,0,72
9736,45,0.632358,152,7023,N,75,0,72
9878,46,0.56163375,135,9736,N,76.6666666666667,0,72
10410,48,0.582435,140,9878,N,80,0,72
11843,49,0.5408325,130,10410,N,81.6666666666667,0,72
10717,50,0.5741145,138,11843,N,83.3333333333333,0,72
11416,51,0.6573195,158,10717,N,85,0,72
10344,52,0.6406785,154,11416,N,86.6666666666667,0,72
11272,53,0.64483875,155,10344,N,88.3333333333333,0,72
11186,54,0.64483875,155,11272,N,90,0,72
10561,55,0.6739605,162,11186,N,91.6666666666667,0,72
12061,56,0.632358,152,10561,N,93.3333333333333,0,72
12080,57,0.599076,144,12061,N,95,0,72
13293,62,0.6906015,166,12080,N,103.333333333333,0,72
13280,63,0.64483875,155,13293,N,105,0,72
15006,64,0.6073965,146,13280,N,106.666666666667,0,72
14606,66,0.47842875,115,15006,N,110,0,72
2720,0,1.16070975,279,NA,N,0,0,73
2860,1,1.30215825,313,2720,N,1.66666666666667,0,73
2967,2,1.297998,312,2860,N,3.33333333333333,0,73
3050,3,1.33544025,321,2967,N,5,0,73
2733,4,1.40200425,337,3050,N,6.66666666666667,0,73
3173,5,1.4061645,338,2733,N,8.33333333333333,0,73
2861,6,1.4228055,342,3173,N,10,0,73
2729,7,1.36872225,329,2861,N,11.6666666666667,0,73
4440,8,1.38536325,333,2729,N,13.3333333333333,0,73
4295,9,1.46856825,353,4440,N,15,0,73
4229,10,1.49769,360,4295,N,16.6666666666667,0,73
4048,11,1.51017075,363,4229,N,18.3333333333333,0,73
4493,12,1.564254,376,4048,N,20,0,73
3824,13,1.564254,376,4493,N,21.6666666666667,0,73
4164,14,1.64329875,395,3824,N,23.3333333333333,0,73
4091,15,1.77642675,427,4164,N,25,0,73
5179,16,1.8388305,442,4091,N,26.6666666666667,0,73
5452,17,1.680741,404,5179,N,28.3333333333333,0,73
5242,18,1.880433,452,5452,N,30,0,73
5208,19,1.99692,480,5242,N,31.6666666666667,0,73
5889,20,1.980279,476,5208,N,33.3333333333333,0,73
5840,21,2.19245175,527,5889,N,35,0,73
5225,22,2.346381,564,5840,N,36.6666666666667,0,73
5584,23,2.363022,568,5225,N,38.3333333333333,0,73
7247,24,1.16487,280,5584,Y,40,1,73
6288,25,1.18567125,285,7247,N,41.6666666666667,1,73
7167,26,1.36872225,329,6288,N,43.3333333333333,1,73
6920,27,1.3396005,322,7167,N,45,1,73
6896,28,1.45192725,349,6920,N,46.6666666666667,1,73
6323,29,1.42696575,343,6896,N,48.3333333333333,1,73
7095,30,1.47688875,355,6323,N,50,1,73
6399,31,1.397844,336,7095,N,51.6666666666667,1,73
7693,32,1.5892155,382,6399,N,53.3333333333333,1,73
8466,33,1.6557795,398,7693,N,55,1,73
7999,34,1.73482425,417,8466,N,56.6666666666667,1,73
7723,35,1.797228,432,7999,N,58.3333333333333,1,73
8527,36,1.85131125,445,7723,N,60,1,73
8224,37,1.963638,472,8527,N,61.6666666666667,1,73
7786,38,1.91787525,461,8224,N,63.3333333333333,1,73
8716,39,2.15084925,517,7786,N,65,1,73
9087,40,2.24237475,539,8716,N,66.6666666666667,1,73
8908,41,2.2881375,550,9087,N,68.3333333333333,1,73
9491,42,1.930356,464,8908,N,70,1,73
9294,43,0.88613325,213,9491,Y,71.6666666666667,2,73
9683,44,1.0567035,254,9294,N,73.3333333333333,2,73
9973,45,1.0567035,254,9683,N,75,2,73
10268,46,1.15238925,277,9973,N,76.6666666666667,2,73
10241,47,1.181511,284,10268,N,78.3333333333333,2,73
10834,48,1.46024775,351,10241,N,80,2,73
2976,0,1.6224975,390,NA,N,0,0,74
3015,1,1.547613,372,2976,N,1.66666666666667,0,74
3134,2,1.53513225,369,3015,N,3.33333333333333,0,74
3207,3,1.65161925,397,3134,N,5,0,74
3064,4,1.597536,384,3207,N,6.66666666666667,0,74
3257,5,1.7556255,422,3064,N,8.33333333333333,0,74
3061,6,1.930356,464,3257,N,10,0,74
2839,7,1.81802925,437,3061,N,11.6666666666667,0,74
4546,8,1.481049,356,2839,N,13.3333333333333,0,74
4469,9,1.847151,444,4546,N,15,0,74
4338,10,1.85963175,447,4469,N,16.6666666666667,0,74
4182,11,1.913715,460,4338,N,18.3333333333333,0,74
2210,0,0.915255,220,NA,N,0,0,75
2172,1,1.01926125,245,2210,N,1.66666666666667,0,75
2268,2,0.981819,236,2172,N,3.33333333333333,0,75
2264,3,0.99846,240,2268,N,5,0,75
2223,4,1.081665,260,2264,N,6.66666666666667,0,75
2217,5,1.11078675,267,2223,N,8.33333333333333,0,75
2261,6,1.1898315,286,2217,N,10,0,75
2297,7,1.181511,284,2261,N,11.6666666666667,0,75
3435,8,1.24391475,299,2297,N,13.3333333333333,0,75
3874,9,1.23559425,297,3435,N,15,0,75
3313,10,1.1731905,282,3874,N,16.6666666666667,0,75
3587,11,1.27719675,307,3313,N,18.3333333333333,0,75
3449,12,1.297998,312,3587,N,20,0,75
3530,13,1.297998,312,3449,N,21.6666666666667,0,75
3724,14,1.281357,308,3530,N,23.3333333333333,0,75
3611,15,1.29383775,311,3724,N,25,0,75
4755,16,1.36872225,329,3611,N,26.6666666666667,0,75
5031,17,1.38536325,333,4755,N,28.3333333333333,0,75
4794,18,1.39368375,335,5031,N,30,0,75
4723,19,1.44360675,347,4794,N,31.6666666666667,0,75
5668,20,1.5226515,366,4723,N,33.3333333333333,0,75
5639,21,1.49769,360,5668,N,35,0,75
4775,22,1.50185025,361,5639,N,36.6666666666667,0,75
4747,23,1.55177325,373,4775,N,38.3333333333333,0,75
6687,24,1.66826025,401,4747,N,40,0,75
6039,25,1.6641,400,6687,N,41.6666666666667,0,75
6596,26,1.7223435,414,6039,N,43.3333333333333,0,75
6579,27,1.73482425,417,6596,N,45,0,75
6639,28,1.87627275,451,6579,N,46.6666666666667,0,75
6056,29,1.78474725,429,6639,N,48.3333333333333,0,75
6743,30,1.863792,448,6056,N,50,0,75
6097,31,1.963638,472,6743,N,51.6666666666667,0,75
7429,32,1.92619575,463,6097,N,53.3333333333333,0,75
8232,33,1.9053945,458,7429,N,55,0,75
7898,34,1.99275975,479,8232,N,56.6666666666667,0,75
7551,35,1.96779825,473,7898,N,58.3333333333333,0,75
8294,36,2.030202,488,7551,N,60,0,75
8075,37,2.2382145,538,8294,N,61.6666666666667,0,75
7477,38,2.22573375,535,8075,N,63.3333333333333,0,75
8616,39,2.21741325,533,7477,N,65,0,75
8996,40,2.45870775,591,8616,N,66.6666666666667,0,75
8810,41,2.7707265,666,8996,N,68.3333333333333,0,75
9389,42,2.70000225,649,8810,N,70,0,75
9182,43,2.7041625,650,9389,N,71.6666666666667,0,75
9584,44,3.04946325,733,9182,N,73.3333333333333,0,75
9785,45,1.38536325,333,9584,Y,75,1,75
10012,46,1.49769,360,9785,N,76.6666666666667,1,75
9995,47,1.547613,372,10012,N,78.3333333333333,1,75
2724,0,0.931896,224,NA,N,0,0,76
2865,1,1.065024,256,2724,N,1.66666666666667,0,76
2974,2,1.065024,256,2865,N,3.33333333333333,0,76
3056,3,1.13574825,273,2974,N,5,0,76
2739,4,1.1066265,266,3056,N,6.66666666666667,0,76
3179,5,1.114947,268,2739,N,8.33333333333333,0,76
2866,6,1.21063275,291,3179,N,10,0,76
2732,7,1.27719675,307,2866,N,11.6666666666667,0,76
4442,8,1.2896775,310,2732,N,13.3333333333333,0,76
4299,9,1.297998,312,4442,N,15,0,76
4234,10,1.35208125,325,4299,N,16.6666666666667,0,76
4054,11,1.3562415,326,4234,N,18.3333333333333,0,76
4495,12,1.347921,324,4054,N,20,0,76
3829,13,1.4228055,342,4495,N,21.6666666666667,0,76
4167,14,1.42696575,343,3829,N,23.3333333333333,0,76
4097,15,1.431126,344,4167,N,25,0,76
5183,16,1.51849125,365,4097,N,26.6666666666667,0,76
5454,17,1.5559335,374,5183,N,28.3333333333333,0,76
5247,18,1.597536,384,5454,N,30,0,76
5217,19,1.59337575,383,5247,N,31.6666666666667,0,76
5891,20,1.597536,384,5217,N,33.3333333333333,0,76
5842,21,1.57673475,379,5891,N,35,0,76
5230,22,1.61833725,389,5842,N,36.6666666666667,0,76
5586,23,1.6224975,390,5230,N,38.3333333333333,0,76
7249,24,1.62665775,391,5586,N,40,0,76
6293,25,1.65161925,397,7249,N,41.6666666666667,0,76
7171,26,1.680741,404,6293,N,43.3333333333333,0,76
6923,27,1.61833725,389,7171,N,45,0,76
6901,28,1.647459,396,6923,N,46.6666666666667,0,76
6327,29,1.70154225,409,6901,N,48.3333333333333,0,76
7098,30,1.68490125,405,6327,N,50,0,76
6400,31,1.697382,408,7098,N,51.6666666666667,0,76
7696,32,1.697382,408,6400,N,53.3333333333333,0,76
8468,33,1.70986275,411,7696,N,55,0,76
8000,34,1.73482425,417,8468,N,56.6666666666667,0,76
7725,35,1.714023,412,8000,N,58.3333333333333,0,76
8528,36,1.7556255,422,7725,N,60,0,76
8227,37,1.7389845,418,8528,N,61.6666666666667,0,76
7791,38,1.79306775,431,8227,N,63.3333333333333,0,76
8717,39,1.797228,432,7791,N,65,0,76
9088,40,1.78474725,429,8717,N,66.6666666666667,0,76
8909,41,1.797228,432,9088,N,68.3333333333333,0,76
9492,42,1.780587,428,8909,N,70,0,76
9296,43,1.797228,432,9492,N,71.6666666666667,0,76
9685,44,1.8388305,442,9296,N,73.3333333333333,0,76
9985,45,1.80970875,435,9685,N,75,0,76
10272,46,1.82634975,439,9985,N,76.6666666666667,0,76
10245,47,1.897074,456,10272,N,78.3333333333333,0,76
10840,48,1.930356,464,10245,N,80,0,76
12007,49,1.9553175,470,10840,N,81.6666666666667,0,76
11143,50,1.97611875,475,12007,N,83.3333333333333,0,76
11785,51,1.85131125,445,11143,N,85,0,76
11086,52,1.980279,476,11785,N,86.6666666666667,0,76
11702,53,2.02604175,487,11086,N,88.3333333333333,0,76
11408,54,2.063484,496,11702,N,90,0,76
10825,55,2.0718045,498,11408,N,91.6666666666667,0,76
12845,56,2.17581075,523,10825,N,93.3333333333333,0,76
12672,57,2.0718045,498,12845,N,95,0,76
12702,58,2.26733625,545,12672,N,96.6666666666667,0,76
12453,59,2.25901575,543,12702,N,98.3333333333333,0,76
13178,60,2.04268275,491,12453,N,100,0,76
13256,61,2.17581075,523,13178,N,101.666666666667,0,76
13652,62,2.612637,628,13256,N,103.333333333333,0,76
13716,63,2.479509,596,13652,N,105,0,76
14867,64,2.4379065,586,13716,N,106.666666666667,0,76
14272,65,3.00786075,723,14867,N,108.333333333333,0,76
14484,66,1.4228055,342,14272,Y,110,1,76
14239,67,1.5392925,370,14484,N,111.666666666667,1,76
13990,68,1.5559335,374,14239,N,113.333333333333,1,76
14108,69,1.530972,368,13990,N,115,1,76
15326,70,1.714023,412,14108,N,116.666666666667,1,76
2983,0,0.815409,196,NA,N,0,0,77
3021,1,0.965178,232,2983,N,1.66666666666667,0,77
3138,2,1.098306,264,3021,N,3.33333333333333,0,77
3211,3,1.14406875,275,3138,N,5,0,77
3067,4,1.098306,264,3211,N,6.66666666666667,0,77
3258,5,1.264716,304,3067,N,8.33333333333333,0,77
3068,6,1.23559425,297,3258,N,10,0,77
2844,7,1.3728825,330,3068,N,11.6666666666667,0,77
4549,8,1.25223525,301,2844,N,13.3333333333333,0,77
4473,9,1.2896775,310,4549,N,15,0,77
4341,10,1.464408,352,4473,N,16.6666666666667,0,77
4187,11,1.51849125,365,4341,N,18.3333333333333,0,77
4536,12,1.564254,376,4187,N,20,0,77
4296,13,1.580895,380,4536,N,21.6666666666667,0,77
4293,14,1.61001675,387,4296,N,23.3333333333333,0,77
4200,15,1.65161925,397,4293,N,25,0,77
5303,16,1.7389845,418,4200,N,26.6666666666667,0,77
5667,17,1.863792,448,5303,N,28.3333333333333,0,77
5366,18,1.7389845,418,5667,N,30,0,77
5349,19,1.85131125,445,5366,N,31.6666666666667,0,77
5933,20,1.80970875,435,5349,N,33.3333333333333,0,77
5892,21,1.83051,440,5933,N,35,0,77
5353,22,1.847151,444,5892,N,36.6666666666667,0,77
5617,23,1.813869,436,5353,N,38.3333333333333,0,77
7268,24,1.8721125,450,5617,N,40,0,77
6351,25,1.9885995,478,7268,N,41.6666666666667,0,77
7311,26,1.97611875,475,6351,N,43.3333333333333,0,77
6984,27,1.946997,468,7311,N,45,0,77
6951,28,1.9719585,474,6984,N,46.6666666666667,0,77
6389,29,2.16749025,521,6951,N,48.3333333333333,0,77
7134,30,2.36718225,569,6389,N,50,0,77
6446,31,2.34222075,563,7134,N,51.6666666666667,0,77
7740,32,2.25901575,543,6446,N,53.3333333333333,0,77
8501,33,2.47534875,595,7740,N,55,0,77
8013,34,2.562714,616,8501,N,56.6666666666667,0,77
7763,35,2.729124,656,8013,N,58.3333333333333,0,77
8551,36,3.05778375,735,7763,N,60,0,77
8274,37,3.03282225,729,8551,N,61.6666666666667,0,77
7833,38,1.34376075,323,8274,Y,63.3333333333333,1,77
8738,39,1.46024775,351,7833,N,65,1,77
9108,40,1.40200425,337,8738,N,66.6666666666667,1,77
8933,41,1.52681175,367,9108,N,68.3333333333333,1,77
9515,42,1.6391385,394,8933,N,70,1,77
9318,43,1.70986275,411,9515,N,71.6666666666667,1,77
9705,44,1.813869,436,9318,N,73.3333333333333,1,77
10055,45,1.85131125,445,9705,N,75,1,77
2730,0,0.60323625,145,NA,N,0,0,78
2870,1,0.63651825,153,2730,N,1.66666666666667,0,78
2979,2,0.63651825,153,2870,N,3.33333333333333,0,78
3066,3,0.75300525,181,2979,N,5,0,78
2744,4,0.71140275,171,3066,N,6.66666666666667,0,78
3182,5,0.71140275,171,2744,N,8.33333333333333,0,78
2871,6,0.6573195,158,3182,N,10,0,78
2737,7,0.59491575,143,2871,N,11.6666666666667,0,78
4445,8,0.63651825,153,2737,N,13.3333333333333,0,78
4302,9,0.582435,140,4445,N,15,0,78
4238,10,0.748845,180,4302,N,16.6666666666667,0,78
4059,11,0.7072425,170,4238,N,18.3333333333333,0,78
4496,12,0.70308225,169,4059,N,20,0,78
3834,13,0.5741145,138,4496,N,21.6666666666667,0,78
4172,14,0.565794,136,3834,N,23.3333333333333,0,78
4101,15,0.648999,156,4172,N,25,0,78
5188,16,0.66564,160,4101,N,26.6666666666667,0,78
5457,17,0.58659525,141,5188,N,28.3333333333333,0,78
5251,18,0.682281,164,5457,N,30,0,78
5221,19,0.515871,124,5251,N,31.6666666666667,0,78
5893,20,0.432666,104,5221,N,33.3333333333333,0,78
5843,21,0.3244995,78,5893,N,35,0,78
5234,22,0.549153,132,5843,N,36.6666666666667,0,78
5587,23,0.5741145,138,5234,N,38.3333333333333,0,78
9300,43,0.532512,128,5587,N,71.6666666666667,0,78
9996,45,0.49506975,119,9300,N,75,0,78
11608,51,0.5907555,142,9996,N,85,0,78
10963,52,0.45346725,109,11608,N,86.6666666666667,0,78
11495,53,0.5907555,142,10963,N,88.3333333333333,0,78
11289,54,0.582435,140,11495,N,90,0,78
10647,55,0.57827475,139,11289,N,91.6666666666667,0,78
12666,56,0.61155675,147,10647,N,93.3333333333333,0,78
12336,57,0.45346725,109,12666,N,95,0,78
13368,62,0.532512,128,12336,N,103.333333333333,0,78
13346,63,0.57827475,139,13368,N,105,0,78
15078,64,0.532512,128,13346,N,106.666666666667,0,78
14688,66,0.465948,112,15078,N,110,0,78
2735,0,0.76132575,183,NA,N,0,0,79
2874,1,0.848691,204,2735,N,1.66666666666667,0,79
2984,2,0.915255,220,2874,N,3.33333333333333,0,79
3071,3,0.97765875,235,2984,N,5,0,79
2750,4,0.8902935,214,3071,N,6.66666666666667,0,79
3186,5,1.02758175,247,2750,N,8.33333333333333,0,79
2886,6,1.0899855,262,3186,N,10,0,79
2738,7,1.08582525,261,2886,N,11.6666666666667,0,79
4447,8,1.031742,248,2738,N,13.3333333333333,0,79
4306,9,0.99846,240,4447,N,15,0,79
4242,10,0.9568575,230,4306,N,16.6666666666667,0,79
4063,11,0.948537,228,4242,N,18.3333333333333,0,79
4497,12,0.95269725,229,4063,N,20,0,79
3838,13,1.081665,260,4497,N,21.6666666666667,0,79
4177,14,1.10246625,265,3838,N,23.3333333333333,0,79
4106,15,1.13574825,273,4177,N,25,0,79
5191,16,1.15238925,277,4106,N,26.6666666666667,0,79
5459,17,1.20231225,289,5191,N,28.3333333333333,0,79
5256,18,1.24391475,299,5459,N,30,0,79
5227,19,1.23559425,297,5256,N,31.6666666666667,0,79
5894,20,1.231434,296,5227,N,33.3333333333333,0,79
5845,21,1.2563955,302,5894,N,35,0,79
5239,22,1.2563955,302,5845,N,36.6666666666667,0,79
5588,23,1.29383775,311,5239,N,38.3333333333333,0,79
7250,24,1.2896775,310,5588,N,40,0,79
6297,25,1.347921,324,7250,N,41.6666666666667,0,79
7174,26,1.30215825,313,6297,N,43.3333333333333,0,79
6926,27,1.314639,316,7174,N,45,0,79
6903,28,1.264716,304,6926,N,46.6666666666667,0,79
6328,29,1.38536325,333,6903,N,48.3333333333333,0,79
7100,30,1.41032475,339,6328,N,50,0,79
6404,31,1.614177,388,7100,N,51.6666666666667,0,79
7699,32,1.73482425,417,6404,N,53.3333333333333,0,79
8470,33,1.897074,456,7699,N,55,0,79
8001,34,1.99692,480,8470,N,56.6666666666667,0,79
7728,35,1.913715,460,8001,N,58.3333333333333,0,79
8531,36,2.1050865,506,7728,N,60,0,79
8231,37,2.46702825,593,8531,N,61.6666666666667,0,79
7794,38,2.629278,632,8231,N,63.3333333333333,0,79
8719,39,1.1898315,286,7794,Y,65,1,79
9090,40,1.3063185,314,8719,N,66.6666666666667,1,79
2482,0,0.5408325,130,NA,N,0,0,80
2368,1,0.52835175,127,2482,N,1.66666666666667,0,80
2472,2,0.60323625,145,2368,N,3.33333333333333,0,80
2454,3,0.5907555,142,2472,N,5,0,80
2458,4,0.5741145,138,2454,N,6.66666666666667,0,80
2434,5,0.6240375,150,2458,N,8.33333333333333,0,80
2550,6,0.51171075,123,2434,N,10,0,80
2459,7,0.61155675,147,2550,N,11.6666666666667,0,80
3550,8,0.53667225,129,2459,N,13.3333333333333,0,80
4029,9,0.55331325,133,3550,N,15,0,80
3972,10,0.5408325,130,4029,N,16.6666666666667,0,80
3811,11,0.64483875,155,3972,N,18.3333333333333,0,80
4387,12,0.615717,148,3811,N,20,0,80
3624,13,0.56163375,135,4387,N,21.6666666666667,0,80
3886,14,0.57827475,139,3624,N,23.3333333333333,0,80
3826,15,0.532512,128,3886,N,25,0,80
4905,16,0.52003125,125,3826,N,26.6666666666667,0,80
5189,17,0.54499275,131,4905,N,28.3333333333333,0,80
4947,18,0.5574735,134,5189,N,30,0,80
4898,19,0.56163375,135,4947,N,31.6666666666667,0,80
5766,20,0.51171075,123,4898,N,33.3333333333333,0,80
5727,21,0.4742685,114,5766,N,35,0,80
4926,22,0.5408325,130,5727,N,36.6666666666667,0,80
5468,23,0.549153,132,4926,N,38.3333333333333,0,80
9152,43,0.515871,124,5468,N,71.6666666666667,0,80
9751,45,0.49506975,119,9152,N,75,0,80
10016,46,0.46178775,111,9751,N,76.6666666666667,0,80
10462,48,0.3744225,90,10016,N,80,0,80
11895,49,0.399384,96,10462,N,81.6666666666667,0,80
10732,50,0.449307,108,11895,N,83.3333333333333,0,80
10359,52,0.4909095,118,10732,N,86.6666666666667,0,80
11287,53,0.4742685,114,10359,N,88.3333333333333,0,80
11200,54,0.4909095,118,11287,N,90,0,80
12119,56,0.52003125,125,11200,N,93.3333333333333,0,80
12139,57,0.449307,108,12119,N,95,0,80
13512,62,0.48674925,117,12139,N,103.333333333333,0,80
13501,63,0.50339025,121,13512,N,105,0,80
14657,64,0.50339025,121,13501,N,106.666666666667,0,80
14266,66,0.5241915,126,14657,N,110,0,80
2228,0,1.33544025,321,NA,N,0,0,81
2179,1,1.031742,248,2228,N,1.66666666666667,0,81
2271,2,0.99429975,239,2179,N,3.33333333333333,0,81
2269,3,1.281357,308,2271,N,5,0,81
2248,4,1.25223525,301,2269,N,6.66666666666667,0,81
2221,5,1.431126,344,2248,N,8.33333333333333,0,81
2266,6,1.46856825,353,2221,N,10,0,81
2304,7,1.46856825,353,2266,N,11.6666666666667,0,81
3438,8,1.47688875,355,2304,N,13.3333333333333,0,81
3879,9,1.580895,380,3438,N,15,0,81
3314,10,1.61001675,387,3879,N,16.6666666666667,0,81
3614,11,1.6391385,394,3314,N,18.3333333333333,0,81
3453,12,1.56841425,377,3614,N,20,0,81
3534,13,1.647459,396,3453,N,21.6666666666667,0,81
3733,14,1.66826025,401,3534,N,23.3333333333333,0,81
3644,15,1.9053945,458,3733,N,25,0,81
4761,16,1.84299075,443,3644,N,26.6666666666667,0,81
5035,17,1.8388305,442,4761,N,28.3333333333333,0,81
4800,18,2.0052405,482,5035,N,30,0,81
4730,19,2.29229775,551,4800,N,31.6666666666667,0,81
5672,20,2.00940075,483,4730,N,33.3333333333333,0,81
5644,21,0.898614,216,5672,Y,35,1,81
4785,22,0.9901395,238,5644,N,36.6666666666667,1,81
4754,23,1.19399175,287,4785,N,38.3333333333333,1,81
6692,24,1.048383,252,4754,N,40,1,81
6044,25,1.1399085,274,6692,N,41.6666666666667,1,81
6598,26,1.25223525,301,6044,N,43.3333333333333,1,81
6582,27,1.3396005,322,6598,N,45,1,81
6641,28,1.3063185,314,6582,N,46.6666666666667,1,81
6060,29,1.3063185,314,6641,N,48.3333333333333,1,81
6751,30,1.464408,352,6060,N,50,1,81
6105,31,1.44360675,347,6751,N,51.6666666666667,1,81
7431,32,1.53513225,369,6105,N,53.3333333333333,1,81
8238,33,1.5892155,382,7431,N,55,1,81
7901,34,1.78474725,429,8238,N,56.6666666666667,1,81
7559,35,1.61833725,389,7901,N,58.3333333333333,1,81
8306,36,1.75146525,421,7559,N,60,1,81
3002,0,0.8070885,194,NA,N,0,0,82
3036,1,0.9402165,226,3002,N,1.66666666666667,0,82
3149,2,0.9568575,230,3036,N,3.33333333333333,0,82
3220,3,1.015101,244,3149,N,5,0,82
3087,4,1.0400625,250,3220,N,6.66666666666667,0,82
3262,5,1.0733445,258,3087,N,8.33333333333333,0,82
3126,6,1.06086375,255,3262,N,10,0,82
2863,7,1.015101,244,3126,N,11.6666666666667,0,82
4556,8,1.02758175,247,2863,N,13.3333333333333,0,82
4487,9,0.99846,240,4556,N,15,0,82
4348,10,1.015101,244,4487,N,16.6666666666667,0,82
4201,11,1.0234215,246,4348,N,18.3333333333333,0,82
4541,12,1.1731905,282,4201,N,20,0,82
4307,13,1.0733445,258,4541,N,21.6666666666667,0,82
4309,14,1.14406875,275,4307,N,23.3333333333333,0,82
4219,15,1.12742775,271,4309,N,25,0,82
5318,16,1.214793,292,4219,N,26.6666666666667,0,82
5676,17,1.2896775,310,5318,N,28.3333333333333,0,82
5382,18,1.2896775,310,5676,N,30,0,82
5368,19,1.33128,320,5382,N,31.6666666666667,0,82
5936,20,1.414485,340,5368,N,33.3333333333333,0,82
5899,21,1.42696575,343,5936,N,35,0,82
5367,22,1.50185025,361,5899,N,36.6666666666667,0,82
5623,23,1.5060105,362,5367,N,38.3333333333333,0,82
7273,24,1.67658075,403,5623,N,40,0,82
6361,25,1.630818,392,7273,N,41.6666666666667,0,82
7315,26,1.53513225,369,6361,N,43.3333333333333,0,82
7044,27,1.6557795,398,7315,N,45,0,82
6997,28,1.597536,384,7044,N,46.6666666666667,0,82
6410,29,1.5226515,366,6997,N,48.3333333333333,0,82
7142,30,1.75146525,421,6410,N,50,0,82
6462,31,1.714023,412,7142,N,51.6666666666667,0,82
7757,32,1.65993975,399,6462,N,53.3333333333333,0,82
8510,33,1.69322175,407,7757,N,55,0,82
8018,34,1.714023,412,8510,N,56.6666666666667,0,82
7775,35,1.80138825,433,8018,N,58.3333333333333,0,82
8555,36,1.8221895,438,7775,N,60,0,82
8286,37,1.8221895,438,8555,N,61.6666666666667,0,82
7838,38,1.81802925,437,8286,N,63.3333333333333,0,82
8744,39,1.597536,384,7838,N,65,0,82
9114,40,1.84299075,443,8744,N,66.6666666666667,0,82
8939,41,1.514331,364,9114,N,68.3333333333333,0,82
9519,42,1.730664,416,8939,N,70,0,82
9323,43,1.70154225,409,9519,N,71.6666666666667,0,82
9709,44,1.946997,468,9323,N,73.3333333333333,0,82
10063,45,1.64329875,395,9709,N,75,0,82
10311,46,1.7722665,426,10063,N,76.6666666666667,0,82
10283,47,1.90123425,457,10311,N,78.3333333333333,0,82
10900,48,1.946997,468,10283,N,80,0,82
12028,49,1.9053945,458,10900,N,81.6666666666667,0,82
11166,50,1.84299075,443,12028,N,83.3333333333333,0,82
11814,51,1.8055485,434,11166,N,85,0,82
11110,52,1.9053945,458,11814,N,86.6666666666667,0,82
11749,53,1.91787525,461,11110,N,88.3333333333333,0,82
11484,54,1.88459325,453,11749,N,90,0,82
10902,55,1.813869,436,11484,N,91.6666666666667,0,82
12899,56,1.697382,408,10902,N,93.3333333333333,0,82
12756,57,1.80138825,433,12899,N,95,0,82
12848,58,1.81802925,437,12756,N,96.6666666666667,0,82
12509,59,1.80970875,435,12848,N,98.3333333333333,0,82
13031,61,1.51849125,365,12509,N,101.666666666667,0,82
13409,62,1.93451625,465,13031,N,103.333333333333,0,82
13398,63,1.8221895,438,13409,N,105,0,82
15175,64,1.74314475,419,13398,N,106.666666666667,0,82
14531,65,1.69322175,407,15175,N,108.333333333333,0,82
14759,66,1.99692,480,14531,N,110,0,82
14533,67,1.64329875,395,14759,N,111.666666666667,0,82
14359,68,1.74314475,419,14533,N,113.333333333333,0,82
14423,69,2.0218815,486,14359,N,115,0,82
15423,70,1.880433,452,14423,N,116.666666666667,0,82
2238,0,0.96933825,233,NA,N,0,0,83
2211,1,0.96101775,231,2238,N,1.66666666666667,0,83
2290,2,1.02758175,247,2211,N,3.33333333333333,0,83
2324,3,0.95269725,229,2290,N,5,0,83
2289,4,1.0234215,246,2324,N,6.66666666666667,0,83
2231,5,1.0733445,258,2289,N,8.33333333333333,0,83
2294,6,1.131588,272,2231,N,10,0,83
2321,7,1.21895325,293,2294,N,11.6666666666667,0,83
3454,8,1.21063275,291,2321,N,13.3333333333333,0,83
3895,9,1.22727375,295,3454,N,15,0,83
3318,10,1.148229,276,3895,N,16.6666666666667,0,83
3696,11,1.198152,288,3318,N,18.3333333333333,0,83
3467,12,1.29383775,311,3696,N,20,0,83
3549,13,1.31047875,315,3467,N,21.6666666666667,0,83
3747,14,1.29383775,311,3549,N,23.3333333333333,0,83
3711,15,1.38536325,333,3747,N,25,0,83
4778,16,1.5060105,362,3711,N,26.6666666666667,0,83
5052,17,1.38536325,333,4778,N,28.3333333333333,0,83
4819,18,1.431126,344,5052,N,30,0,83
4743,19,1.51017075,363,4819,N,31.6666666666667,0,83
5680,20,1.3895235,334,4743,N,33.3333333333333,0,83
5650,21,1.4228055,342,5680,N,35,0,83
4805,22,1.464408,352,5650,N,36.6666666666667,0,83
4769,23,1.51849125,365,4805,N,38.3333333333333,0,83
6697,24,1.30215825,313,4769,N,40,0,83
6052,25,1.4893695,358,6697,N,41.6666666666667,0,83
6602,26,1.3562415,326,6052,N,43.3333333333333,0,83
6588,27,1.481049,356,6602,N,45,0,83
6646,28,1.414485,340,6588,N,46.6666666666667,0,83
6069,29,1.2896775,310,6646,N,48.3333333333333,0,83
6768,30,1.40200425,337,6069,N,50,0,83
6117,31,1.580895,380,6768,N,51.6666666666667,0,83
7434,32,1.614177,388,6117,N,53.3333333333333,0,83
8254,33,1.564254,376,7434,N,55,0,83
7905,34,1.51849125,365,8254,N,56.6666666666667,0,83
7562,35,1.464408,352,7905,N,58.3333333333333,0,83
8314,36,1.4394465,346,7562,N,60,0,83
8081,37,1.51849125,365,8314,N,61.6666666666667,0,83
7483,38,1.4727285,354,8081,N,63.3333333333333,0,83
8622,39,1.347921,324,7483,N,65,0,83
9001,40,1.4560875,350,8622,N,66.6666666666667,0,83
8816,41,1.47688875,355,9001,N,68.3333333333333,0,83
9396,42,1.5892155,382,8816,N,70,0,83
9193,43,1.51017075,363,9396,N,71.6666666666667,0,83
9592,44,1.53513225,369,9193,N,73.3333333333333,0,83
9796,45,1.50185025,361,9592,N,75,0,83
10042,46,1.40200425,337,9796,N,76.6666666666667,0,83
10021,47,1.4394465,346,10042,N,78.3333333333333,0,83
10473,48,1.35208125,325,10021,N,80,0,83
11904,49,1.46024775,351,10473,N,81.6666666666667,0,83
10776,50,1.6224975,390,11904,N,83.3333333333333,0,83
11580,51,1.61001675,387,10776,N,85,0,83
10404,52,1.5392925,370,11580,N,86.6666666666667,0,83
11415,53,1.65993975,399,10404,N,88.3333333333333,0,83
11247,54,1.61833725,389,11415,N,90,0,83
10619,55,1.6724205,402,11247,N,91.6666666666667,0,83
12550,56,1.647459,396,10619,N,93.3333333333333,0,83
12246,57,1.580895,380,12550,N,95,0,83
12312,58,1.50185025,361,12246,N,96.6666666666667,0,83
12202,59,1.56841425,377,12312,N,98.3333333333333,0,83
12999,60,1.30215825,313,12202,N,100,0,83
13054,61,1.7889075,430,12999,N,101.666666666667,0,83
13444,62,1.5559335,374,13054,N,103.333333333333,0,83
13431,63,1.4061645,338,13444,N,105,0,83
15202,64,1.564254,376,13431,N,106.666666666667,0,83
14634,65,1.564254,376,15202,N,108.333333333333,0,83
14807,66,1.52681175,367,14634,N,110,0,83
14600,67,1.580895,380,14807,N,111.666666666667,0,83
14424,68,1.547613,372,14600,N,113.333333333333,0,83
14480,69,1.5559335,374,14424,N,115,0,83
15435,70,1.630818,392,14480,N,116.666666666667,0,83
3010,0,0.86117175,207,NA,N,0,0,84
3040,1,0.782127,188,3010,N,1.66666666666667,0,84
3154,2,0.77796675,187,3040,N,3.33333333333333,0,84
3222,3,0.85285125,205,3154,N,5,0,84
3089,4,0.9901395,238,3222,N,6.66666666666667,0,84
3263,5,0.97765875,235,3089,N,8.33333333333333,0,84
3132,6,0.99846,240,3263,N,10,0,84
2867,7,0.99846,240,3132,N,11.6666666666667,0,84
4559,8,0.9568575,230,2867,N,13.3333333333333,0,84
4492,9,0.99846,240,4559,N,15,0,84
4351,10,1.01926125,245,4492,N,16.6666666666667,0,84
4206,11,1.0067805,242,4351,N,18.3333333333333,0,84
4543,12,1.01926125,245,4206,N,20,0,84
4312,13,1.05254325,253,4543,N,21.6666666666667,0,84
4314,14,1.1066265,266,4312,N,23.3333333333333,0,84
4223,15,1.09414575,263,4314,N,25,0,84
5323,16,1.26055575,303,4223,N,26.6666666666667,0,84
5690,17,1.1232675,270,5323,N,28.3333333333333,0,84
5385,18,1.181511,284,5690,N,30,0,84
5374,19,1.2231135,294,5385,N,31.6666666666667,0,84
5937,20,1.2397545,298,5374,N,33.3333333333333,0,84
5901,21,1.3063185,314,5937,N,35,0,84
5372,22,1.281357,308,5901,N,36.6666666666667,0,84
5625,23,1.28551725,309,5372,N,38.3333333333333,0,84
7275,24,1.4061645,338,5625,N,40,0,84
6364,25,1.4560875,350,7275,N,41.6666666666667,0,84
7316,26,1.46856825,353,6364,N,43.3333333333333,0,84
7048,27,1.46856825,353,7316,N,45,0,84
6999,28,1.4893695,358,7048,N,46.6666666666667,0,84
6411,29,1.41864525,341,6999,N,48.3333333333333,0,84
7146,30,1.41864525,341,6411,N,50,0,84
6467,31,1.514331,364,7146,N,51.6666666666667,0,84
7760,32,1.62665775,391,6467,N,53.3333333333333,0,84
8512,33,1.7556255,422,7760,N,55,0,84
8019,34,1.7057025,410,8512,N,56.6666666666667,0,84
7778,35,1.79306775,431,8019,N,58.3333333333333,0,84
8556,36,1.9220355,462,7778,N,60,0,84
8291,37,1.95115725,469,8556,N,61.6666666666667,0,84
7839,38,2.10924675,507,8291,N,63.3333333333333,0,84
8745,39,2.20909275,531,7839,N,65,0,84
9115,40,2.3380605,562,8745,N,66.6666666666667,0,84
8940,41,2.35886175,567,9115,N,68.3333333333333,0,84
9520,42,2.55023325,613,8940,N,70,0,84
9325,43,1.05254325,253,9520,Y,71.6666666666667,1,84
9711,44,1.131588,272,9325,N,73.3333333333333,1,84
10069,45,1.1399085,274,9711,N,75,1,84
10316,46,1.2730365,306,10069,N,76.6666666666667,1,84
10288,47,1.45192725,349,10316,N,78.3333333333333,1,84
10907,48,1.52681175,367,10288,N,80,1,84
12029,49,1.73482425,417,10907,N,81.6666666666667,1,84
11167,50,1.64329875,395,12029,N,83.3333333333333,1,84
11815,51,1.62665775,391,11167,N,85,1,84
11111,52,2.013561,484,11815,N,86.6666666666667,1,84
11751,53,1.913715,460,11111,N,88.3333333333333,1,84
11488,54,2.2548555,542,11751,N,90,1,84
10905,55,2.213253,532,11488,N,91.6666666666667,1,84
12901,56,1.05254325,253,10905,Y,93.3333333333333,2,84
12772,57,1.2064725,290,12901,N,95,2,84
12852,58,1.32711975,319,12772,N,96.6666666666667,2,84
12513,59,1.42696575,343,12852,N,98.3333333333333,2,84
13222,60,1.481049,356,12513,N,100,2,84
13300,61,1.3562415,326,13222,N,101.666666666667,2,84
13680,62,1.6724205,402,13300,N,103.333333333333,2,84
13744,63,2.04268275,491,13680,N,105,2,84
15376,64,2.08428525,501,13744,N,106.666666666667,2,84
15097,65,0.881973,212,15376,Y,108.333333333333,3,84
15212,66,1.06918425,257,15097,N,110,3,84
15065,67,1.248075,300,15212,N,111.666666666667,3,84
14926,68,1.38536325,333,15065,N,113.333333333333,3,84
15040,69,1.4228055,342,14926,N,115,3,84
15521,70,1.70154225,409,15040,N,116.666666666667,3,84
2250,0,0.798768,192,NA,N,0,0,85
2237,1,0.8237295,198,2250,N,1.66666666666667,0,85
2296,2,0.82788975,199,2237,N,3.33333333333333,0,85
2334,3,0.8403705,202,2296,N,5,0,85
2302,4,0.7904475,190,2334,N,6.66666666666667,0,85
2241,5,0.78628725,189,2302,N,8.33333333333333,0,85
2322,6,0.80292825,193,2241,N,10,0,85
2363,7,0.765486,184,2322,N,11.6666666666667,0,85
3462,8,0.76964625,185,2363,N,13.3333333333333,0,85
3903,9,0.71972325,173,3462,N,15,0,85
3320,10,0.73636425,177,3903,N,16.6666666666667,0,85
3700,11,0.7238835,174,3320,N,18.3333333333333,0,85
3473,12,0.77796675,187,3700,N,20,0,85
3555,13,0.81124875,195,3473,N,21.6666666666667,0,85
3756,14,0.7738065,186,3555,N,23.3333333333333,0,85
3717,15,0.748845,180,3756,N,25,0,85
4788,16,0.75300525,181,3717,N,26.6666666666667,0,85
5062,17,0.765486,184,4788,N,28.3333333333333,0,85
4829,18,0.782127,188,5062,N,30,0,85
4753,19,0.815409,196,4829,N,31.6666666666667,0,85
5684,20,0.7571655,182,4753,N,33.3333333333333,0,85
5657,21,0.698922,168,5684,N,35,0,85
4812,22,0.82788975,199,5657,N,36.6666666666667,0,85
4782,23,0.798768,192,4812,N,38.3333333333333,0,85
9791,45,0.7904475,190,4782,N,75,0,85
10028,46,0.798768,192,9791,N,76.6666666666667,0,85
10466,48,0.765486,184,10028,N,80,0,85
11898,49,0.75300525,181,10466,N,81.6666666666667,0,85
10771,50,0.765486,184,11898,N,83.3333333333333,0,85
11574,51,0.782127,188,10771,N,85,0,85
10399,52,0.74468475,179,11574,N,86.6666666666667,0,85
11401,53,0.8070885,194,10399,N,88.3333333333333,0,85
11241,54,0.798768,192,11401,N,90,0,85
10614,55,0.782127,188,11241,N,91.6666666666667,0,85
12526,56,0.81124875,195,10614,N,93.3333333333333,0,85
12240,57,0.7571655,182,12526,N,95,0,85
13432,62,0.73636425,177,12240,N,103.333333333333,0,85
13414,63,0.8237295,198,13432,N,105,0,85
15193,64,0.80292825,193,13414,N,106.666666666667,0,85
14788,66,0.698922,168,15193,N,110,0,85
3019,0,0.89445375,215,NA,N,0,0,86
3047,1,0.9235755,222,3019,N,1.66666666666667,0,86
3161,2,0.915255,220,3047,N,3.33333333333333,0,86
3225,3,0.95269725,229,3161,N,5,0,86
3094,4,0.93605625,225,3225,N,6.66666666666667,0,86
3265,5,0.99429975,239,3094,N,8.33333333333333,0,86
3152,6,1.0234215,246,3265,N,10,0,86
2872,7,0.99429975,239,3152,N,11.6666666666667,0,86
4561,8,0.96933825,233,2872,N,13.3333333333333,0,86
4501,9,1.0067805,242,4561,N,15,0,86
4355,10,1.065024,256,4501,N,16.6666666666667,0,86
4211,11,1.08582525,261,4355,N,18.3333333333333,0,86
4545,12,1.12742775,271,4211,N,20,0,86
4315,13,1.015101,244,4545,N,21.6666666666667,0,86
4318,14,1.01094075,243,4315,N,23.3333333333333,0,86
4228,15,1.02758175,247,4318,N,25,0,86
5329,16,1.06086375,255,4228,N,26.6666666666667,0,86
5692,17,1.0899855,262,5329,N,28.3333333333333,0,86
5390,18,1.098306,264,5692,N,30,0,86
5379,19,1.07750475,259,5390,N,31.6666666666667,0,86
5938,20,1.098306,264,5379,N,33.3333333333333,0,86
5903,21,1.20231225,289,5938,N,35,0,86
5375,22,1.11078675,267,5903,N,36.6666666666667,0,86
5627,23,1.231434,296,5375,N,38.3333333333333,0,86
7277,24,1.2231135,294,5627,N,40,0,86
6370,25,1.214793,292,7277,N,41.6666666666667,0,86
7318,26,1.231434,296,6370,N,43.3333333333333,0,86
7052,27,1.16903025,281,7318,N,45,0,86
7004,28,1.19399175,287,7052,N,46.6666666666667,0,86
6417,29,1.148229,276,7004,N,48.3333333333333,0,86
7153,30,1.21895325,293,6417,N,50,0,86
6476,31,1.231434,296,7153,N,51.6666666666667,0,86
7765,32,1.13574825,273,6476,N,53.3333333333333,0,86
8515,33,1.2231135,294,7765,N,55,0,86
8021,34,1.264716,304,8515,N,56.6666666666667,0,86
7783,35,1.26055575,303,8021,N,58.3333333333333,0,86
8557,36,1.1898315,286,7783,N,60,0,86
8299,37,1.1565495,278,8557,N,61.6666666666667,0,86
7843,38,1.27719675,307,8299,N,63.3333333333333,0,86
8748,39,1.15238925,277,7843,N,65,0,86
9118,40,1.18567125,285,8748,N,66.6666666666667,0,86
8943,41,1.181511,284,9118,N,68.3333333333333,0,86
9524,42,1.1232675,270,8943,N,70,0,86
9328,43,1.14406875,275,9524,N,71.6666666666667,0,86
9714,44,1.1399085,274,9328,N,73.3333333333333,0,86
10074,45,1.03590225,249,9714,N,75,0,86
10320,46,1.11910725,269,10074,N,76.6666666666667,0,86
10293,47,1.03590225,249,10320,N,78.3333333333333,0,86
10922,48,1.214793,292,10293,N,80,0,86
12032,49,1.16070975,279,10922,N,81.6666666666667,0,86
11169,50,1.1066265,266,12032,N,83.3333333333333,0,86
11818,51,1.0067805,242,11169,N,85,0,86
11113,52,1.281357,308,11818,N,86.6666666666667,0,86
11755,53,1.148229,276,11113,N,88.3333333333333,0,86
11494,54,1.17735075,283,11755,N,90,0,86
10914,55,1.21063275,291,11494,N,91.6666666666667,0,86
12903,56,1.114947,268,10914,N,93.3333333333333,0,86
12778,57,1.1898315,286,12903,N,95,0,86
12855,58,1.15238925,277,12778,N,96.6666666666667,0,86
12515,59,1.21063275,291,12855,N,98.3333333333333,0,86
13226,60,1.1731905,282,12515,N,100,0,86
13306,61,1.181511,284,13226,N,101.666666666667,0,86
13681,62,1.03590225,249,13306,N,103.333333333333,0,86
13748,63,1.065024,256,13681,N,105,0,86
15380,64,1.2064725,290,13748,N,106.666666666667,0,86
15105,65,1.1066265,266,15380,N,108.333333333333,0,86
15218,66,1.16903025,281,15105,N,110,0,86
15082,67,1.11910725,269,15218,N,111.666666666667,0,86
14942,68,1.13574825,273,15082,N,113.333333333333,0,86
15088,69,1.148229,276,14942,N,115,0,86
15525,70,1.15238925,277,15088,N,116.666666666667,0,86
2508,0,0.90277425,217,NA,N,0,0,87
2409,1,0.84453075,203,2508,N,1.66666666666667,0,87
2486,2,0.95269725,229,2409,N,3.33333333333333,0,87
2465,3,0.97765875,235,2486,N,5,0,87
2473,4,0.8570115,206,2465,N,6.66666666666667,0,87
2881,5,0.86117175,207,2473,N,8.33333333333333,0,87
2565,6,0.798768,192,2881,N,10,0,87
2497,7,0.81124875,195,2565,N,11.6666666666667,0,87
3561,8,0.8736525,210,2497,N,13.3333333333333,0,87
4050,9,0.8403705,202,3561,N,15,0,87
3987,10,0.848691,204,4050,N,16.6666666666667,0,87
3827,11,0.82788975,199,3987,N,18.3333333333333,0,87
4394,12,0.78628725,189,3827,N,20,0,87
3629,13,0.77796675,187,4394,N,21.6666666666667,0,87
3901,14,0.81124875,195,3629,N,23.3333333333333,0,87
3835,15,0.898614,216,3901,N,25,0,87
4919,16,0.8570115,206,3835,N,26.6666666666667,0,87
5201,17,0.81124875,195,4919,N,28.3333333333333,0,87
4959,18,0.79460775,191,5201,N,30,0,87
4913,19,0.81124875,195,4959,N,31.6666666666667,0,87
5773,20,0.7738065,186,4913,N,33.3333333333333,0,87
5733,21,0.715563,172,5773,N,35,0,87
4939,22,0.55331325,133,5733,N,36.6666666666667,0,87
5472,23,0.52003125,125,4939,N,38.3333333333333,0,87
7157,24,0.60323625,145,5472,N,40,0,87
6125,25,0.62819775,151,7157,N,41.6666666666667,0,87
7050,26,0.66147975,159,6125,N,43.3333333333333,0,87
6786,27,0.60323625,145,7050,N,45,0,87
6744,28,0.69476175,167,6786,N,46.6666666666667,0,87
6171,29,0.66980025,161,6744,N,48.3333333333333,0,87
6884,30,0.599076,144,6171,N,50,0,87
6236,31,0.66564,160,6884,N,51.6666666666667,0,87
7515,32,0.67812075,163,6236,N,53.3333333333333,0,87
8357,33,0.5408325,130,7515,N,55,0,87
7940,34,0.66147975,159,8357,N,56.6666666666667,0,87
7591,35,0.65315925,157,7940,N,58.3333333333333,0,87
8394,36,0.78628725,189,7591,N,60,0,87
8109,37,0.55331325,133,8394,N,61.6666666666667,0,87
7514,38,0.7072425,170,8109,N,63.3333333333333,0,87
8651,39,0.81956925,197,7514,N,65,0,87
9028,40,0.7238835,174,8651,N,66.6666666666667,0,87
8844,41,0.85285125,205,9028,N,68.3333333333333,0,87
9426,42,0.881973,212,8844,N,70,0,87
9223,43,0.848691,204,9426,N,71.6666666666667,0,87
9621,44,0.86949225,209,9223,N,73.3333333333333,0,87
9830,45,0.848691,204,9621,N,75,0,87
10134,46,0.92773575,223,9830,N,76.6666666666667,0,87
10103,47,0.915255,220,10134,N,78.3333333333333,0,87
10501,48,0.91941525,221,10103,N,80,0,87
11931,49,0.91941525,221,10501,N,81.6666666666667,0,87
10809,50,0.95269725,229,11931,N,83.3333333333333,0,87
11614,51,1.181511,284,10809,N,85,0,87
10983,52,1.16903025,281,11614,N,86.6666666666667,0,87
11511,53,1.048383,252,10983,N,88.3333333333333,0,87
11321,54,1.131588,272,11511,N,90,0,87
10652,55,1.11078675,267,11321,N,91.6666666666667,0,87
12697,56,1.065024,256,10652,N,93.3333333333333,0,87
12467,57,1.13574825,273,12697,N,95,0,87
13504,62,0.99846,240,12467,N,103.333333333333,0,87
13490,63,0.898614,216,13504,N,105,0,87
14641,64,0.95269725,229,13490,N,106.666666666667,0,87
14046,65,0.9901395,238,14641,N,108.333333333333,0,87
14252,66,1.07750475,259,14046,N,110,0,87
14030,67,1.02758175,247,14252,N,111.666666666667,0,87
13821,68,1.08582525,261,14030,N,113.333333333333,0,87
13871,69,0.90277425,217,13821,N,115,0,87
15204,70,0.76132575,183,13871,N,116.666666666667,0,87
2254,0,0.88613325,213,NA,N,0,0,88
2243,1,1.05254325,253,2254,N,1.66666666666667,0,88
2298,2,0.9901395,238,2243,N,3.33333333333333,0,88
2337,3,1.06918425,257,2298,N,5,0,88
2307,4,1.01094075,243,2337,N,6.66666666666667,0,88
2245,5,1.048383,252,2307,N,8.33333333333333,0,88
2351,6,1.16903025,281,2245,N,10,0,88
2365,7,1.098306,264,2351,N,11.6666666666667,0,88
3465,8,1.131588,272,2365,N,13.3333333333333,0,88
3908,9,1.114947,268,3465,N,15,0,88
3321,10,1.1898315,286,3908,N,16.6666666666667,0,88
2512,0,0.77796675,187,NA,N,0,0,89
2462,1,0.6573195,158,2512,N,1.66666666666667,0,89
2491,2,0.682281,164,2462,N,3.33333333333333,0,89
2471,3,0.715563,172,2491,N,5,0,89
2478,4,0.66564,160,2471,N,6.66666666666667,0,89
2888,5,0.6573195,158,2478,N,8.33333333333333,0,89
2569,6,0.64483875,155,2888,N,10,0,89
2502,7,0.62819775,151,2569,N,11.6666666666667,0,89
3563,8,0.6573195,158,2502,N,13.3333333333333,0,89
4053,9,0.66564,160,3563,N,15,0,89
3991,10,0.66980025,161,4053,N,16.6666666666667,0,89
3832,11,0.6573195,158,3991,N,18.3333333333333,0,89
4397,12,0.6406785,154,3832,N,20,0,89
3631,13,0.64483875,155,4397,N,21.6666666666667,0,89
3905,14,0.66564,160,3631,N,23.3333333333333,0,89
3840,15,0.6906015,166,3905,N,25,0,89
4924,16,0.6240375,150,3840,N,26.6666666666667,0,89
5205,17,0.65315925,157,4924,N,28.3333333333333,0,89
4963,18,0.6573195,158,5205,N,30,0,89
4918,19,0.6073965,146,4963,N,31.6666666666667,0,89
5775,20,0.5907555,142,4918,N,33.3333333333333,0,89
5734,21,0.57827475,139,5775,N,35,0,89
4942,22,0.6240375,150,5734,N,36.6666666666667,0,89
5473,23,0.59491575,143,4942,N,38.3333333333333,0,89
9866,45,0.7072425,170,5473,N,75,0,89
10193,46,0.6906015,166,9866,N,76.6666666666667,0,89
10531,48,0.465948,112,10193,N,80,0,89
11962,49,0.4742685,114,10531,N,81.6666666666667,0,89
10978,50,0.62819775,151,11962,N,83.3333333333333,0,89
11688,51,0.7072425,170,10978,N,85,0,89
11027,52,0.6406785,154,11688,N,86.6666666666667,0,89
11628,53,0.7072425,170,11027,N,88.3333333333333,0,89
11346,54,0.7072425,170,11628,N,90,0,89
10685,55,0.69476175,167,11346,N,91.6666666666667,0,89
12773,56,0.732204,176,10685,N,93.3333333333333,0,89
12543,57,0.65315925,157,12773,N,95,0,89
13466,62,0.6573195,158,12543,N,103.333333333333,0,89
13454,63,0.698922,168,13466,N,105,0,89
15221,64,0.682281,164,13454,N,106.666666666667,0,89
14841,66,0.599076,144,15221,N,110,0,89
2257,0,0.99429975,239,NA,N,0,0,90
2247,1,0.9734985,234,2257,N,1.66666666666667,0,90
2300,2,0.91109475,219,2247,N,3.33333333333333,0,90
2342,3,0.98597925,237,2300,N,5,0,90
2309,4,0.9734985,234,2342,N,6.66666666666667,0,90
2252,5,1.11078675,267,2309,N,8.33333333333333,0,90
2357,6,1.1066265,266,2252,N,10,0,90
2398,7,0.99846,240,2357,N,11.6666666666667,0,90
3471,8,1.19399175,287,2398,N,13.3333333333333,0,90
2516,0,1.397844,336,NA,N,0,0,91
2468,1,1.530972,368,2516,N,1.66666666666667,0,91
2496,2,1.464408,352,2468,N,3.33333333333333,0,91
2474,3,1.54345275,371,2496,N,5,0,91
2484,4,1.65161925,397,2474,N,6.66666666666667,0,91
2899,5,1.7057025,410,2484,N,8.33333333333333,0,91
2574,6,1.83467025,441,2899,N,10,0,91
2506,7,1.90955475,459,2574,N,11.6666666666667,0,91
3567,8,1.92619575,463,2506,N,13.3333333333333,0,91
4061,9,1.880433,452,3567,N,15,0,91
3996,10,2.00940075,483,4061,N,16.6666666666667,0,91
3837,11,2.046843,492,3996,N,18.3333333333333,0,91
4400,12,2.07596475,499,3837,N,20,0,91
3633,13,2.13420825,513,4400,N,21.6666666666667,0,91
3913,14,2.2714965,546,3633,N,23.3333333333333,0,91
3854,15,2.32974,560,3913,N,25,0,91
4938,16,2.4046245,578,3854,N,26.6666666666667,0,91
5220,17,1.27719675,307,4938,Y,28.3333333333333,1,91
4973,18,1.1565495,278,5220,N,30,1,91
4928,19,1.20231225,289,4973,N,31.6666666666667,1,91
5779,20,1.27719675,307,4928,N,33.3333333333333,1,91
5739,21,1.33544025,321,5779,N,35,1,91
4957,22,1.43528625,345,5739,N,36.6666666666667,1,91
5475,23,1.414485,340,4957,N,38.3333333333333,1,91
7166,24,1.50185025,361,5475,N,40,1,91
6133,25,1.547613,372,7166,N,41.6666666666667,1,91
7060,26,1.5392925,370,6133,N,43.3333333333333,1,91
6798,27,1.514331,364,7060,N,45,1,91
6749,28,1.67658075,403,6798,N,46.6666666666667,1,91
6177,29,1.96779825,473,6749,N,48.3333333333333,1,91
6892,30,2.229894,536,6177,N,50,1,91
6244,31,2.18413125,525,6892,N,51.6666666666667,1,91
7520,32,2.60015625,625,6244,N,53.3333333333333,1,91
8361,33,2.53359225,609,7520,N,55,1,91
7941,34,2.60015625,625,8361,N,56.6666666666667,1,91
7593,35,1.148229,276,7941,Y,58.3333333333333,2,91
8400,36,1.4228055,342,7593,N,60,2,91
8110,37,1.17735075,283,8400,N,61.6666666666667,2,91
7516,38,1.37704275,331,8110,N,63.3333333333333,2,91
8652,39,1.31047875,315,7516,N,65,2,91
9029,40,1.74314475,419,8652,N,66.6666666666667,2,91
8845,41,1.78474725,429,9029,N,68.3333333333333,2,91
9427,42,2.03436225,489,8845,N,70,2,91
9224,43,1.98443925,477,9427,N,71.6666666666667,2,91
9622,44,2.00108025,481,9224,N,73.3333333333333,2,91
9831,45,2.37550275,571,9622,N,75,2,91
2007,0,1.06086375,255,NA,N,0,0,92
2012,1,1.148229,276,2007,N,1.66666666666667,0,92
2003,2,1.20231225,289,2012,N,3.33333333333333,0,92
2001,3,1.32711975,319,2003,N,5,0,92
2000,4,1.264716,304,2001,N,6.66666666666667,0,92
2005,5,1.26055575,303,2000,N,8.33333333333333,0,92
2002,6,1.3229595,318,2005,N,10,0,92
2004,7,1.381203,332,2002,N,11.6666666666667,0,92
3324,8,1.41032475,339,2004,N,13.3333333333333,0,92
3642,9,1.44360675,347,3324,N,15,0,92
3279,10,1.381203,332,3642,N,16.6666666666667,0,92
3326,11,1.4893695,358,3279,N,18.3333333333333,0,92
3333,12,1.44360675,347,3326,N,20,0,92
3331,13,1.50185025,361,3333,N,21.6666666666667,0,92
3439,14,1.431126,344,3331,N,23.3333333333333,0,92
3353,15,1.47688875,355,3439,N,25,0,92
4584,16,1.530972,368,3353,N,26.6666666666667,0,92
4582,17,1.56009375,375,4584,N,28.3333333333333,0,92
4590,18,1.5725745,378,4582,N,30,0,92
4585,19,1.58505525,381,4590,N,31.6666666666667,0,92
4586,20,1.7057025,410,4585,N,33.3333333333333,0,92
2263,0,0.77796675,187,NA,N,0,0,93
2249,1,0.7904475,190,2263,N,1.66666666666667,0,93
2303,2,0.84453075,203,2249,N,3.33333333333333,0,93
2346,3,0.86949225,209,2303,N,5,0,93
2312,4,0.898614,216,2346,N,6.66666666666667,0,93
2293,5,0.92773575,223,2312,N,8.33333333333333,0,93
2377,6,0.9402165,226,2293,N,10,0,93
2401,7,1.03590225,249,2377,N,11.6666666666667,0,93
3474,8,1.015101,244,2401,N,13.3333333333333,0,93
3921,9,1.06086375,255,3474,N,15,0,93
3323,10,1.1066265,266,3921,N,16.6666666666667,0,93
3707,11,1.1232675,270,3323,N,18.3333333333333,0,93
3480,12,1.13574825,273,3707,N,20,0,93
3560,13,1.1232675,270,3480,N,21.6666666666667,0,93
3765,14,1.10246625,265,3560,N,23.3333333333333,0,93
3726,15,1.15238925,277,3765,N,25,0,93
4797,16,1.1731905,282,3726,N,26.6666666666667,0,93
5071,17,1.181511,284,4797,N,28.3333333333333,0,93
4844,18,1.1898315,286,5071,N,30,0,93
4763,19,1.16070975,279,4844,N,31.6666666666667,0,93
5694,20,1.21063275,291,4763,N,33.3333333333333,0,93
5669,21,1.264716,304,5694,N,35,0,93
4832,22,1.29383775,311,5669,N,36.6666666666667,0,93
4815,23,1.21063275,291,4832,N,38.3333333333333,0,93
6937,24,1.314639,316,4815,N,40,0,93
6062,25,1.43528625,345,6937,N,41.6666666666667,0,93
6703,26,1.8221895,438,6062,N,43.3333333333333,0,93
6712,27,1.76810625,425,6703,N,45,0,93
6683,28,2.546073,612,6712,N,46.6666666666667,0,93
6086,29,1.28551725,309,6683,Y,48.3333333333333,1,93
2008,0,0.71140275,171,NA,N,0,0,94
2015,1,0.80292825,193,2008,N,1.66666666666667,0,94
2063,2,0.75300525,181,2015,N,3.33333333333333,0,94
2023,3,0.7904475,190,2063,N,5,0,94
2036,4,0.898614,216,2023,N,6.66666666666667,0,94
2022,5,0.9069345,218,2036,N,8.33333333333333,0,94
2046,6,0.96101775,231,2022,N,10,0,94
2029,7,0.9568575,230,2046,N,11.6666666666667,0,94
3344,8,0.915255,220,2029,N,13.3333333333333,0,94
3727,9,1.00262025,241,3344,N,15,0,94
3282,10,0.99846,240,3727,N,16.6666666666667,0,94
3329,11,0.98597925,237,3282,N,18.3333333333333,0,94
3340,12,1.06086375,255,3329,N,20,0,94
3409,13,1.081665,260,3340,N,21.6666666666667,0,94
3452,14,1.1232675,270,3409,N,23.3333333333333,0,94
3366,15,1.03590225,249,3452,N,25,0,94
4608,16,1.065024,256,3366,N,26.6666666666667,0,94
4878,17,1.06918425,257,4608,N,28.3333333333333,0,94
4637,18,1.14406875,275,4878,N,30,0,94
4597,19,1.148229,276,4637,N,31.6666666666667,0,94
5461,20,1.198152,288,4597,N,33.3333333333333,0,94
5453,21,1.14406875,275,5461,N,35,0,94
4621,22,1.231434,296,5453,N,36.6666666666667,0,94
4589,23,1.19399175,287,4621,N,38.3333333333333,0,94
6431,24,1.26055575,303,4589,N,40,0,94
5955,25,1.3229595,318,6431,N,41.6666666666667,0,94
6414,26,1.31047875,315,5955,N,43.3333333333333,0,94
6444,27,1.3728825,330,6414,N,45,0,94
6387,28,1.414485,340,6444,N,46.6666666666667,0,94
5967,29,1.3396005,322,6387,N,48.3333333333333,0,94
6553,30,1.3396005,322,5967,N,50,0,94
5973,31,1.33544025,321,6553,N,51.6666666666667,0,94
7374,32,1.36040175,327,5973,N,53.3333333333333,0,94
8130,33,1.47688875,355,7374,N,55,0,94
7868,34,1.60169625,385,8130,N,56.6666666666667,0,94
7343,35,1.597536,384,7868,N,58.3333333333333,0,94
8182,36,1.6641,400,7343,N,60,0,94
8045,37,1.5392925,370,8182,N,61.6666666666667,0,94
7351,38,1.78474725,429,8045,N,63.3333333333333,0,94
8583,39,1.72650375,415,7351,N,65,0,94
8964,40,1.7389845,418,8583,N,66.6666666666667,0,94
8773,41,1.7057025,410,8964,N,68.3333333333333,0,94
9351,42,1.59337575,383,8773,N,70,0,94
9147,43,1.45192725,349,9351,N,71.6666666666667,0,94
9547,44,1.514331,364,9147,N,73.3333333333333,0,94
9743,45,1.5226515,366,9547,N,75,0,94
9896,46,1.36040175,327,9743,N,76.6666666666667,0,94
9870,47,1.464408,352,9896,N,78.3333333333333,0,94
10416,48,1.464408,352,9870,N,80,0,94
11849,49,1.5559335,374,10416,N,81.6666666666667,0,94
10724,50,1.51849125,365,11849,N,83.3333333333333,0,94
11440,51,1.42696575,343,10724,N,85,0,94
10351,52,1.4394465,346,11440,N,86.6666666666667,0,94
11279,53,1.51849125,365,10351,N,88.3333333333333,0,94
11194,54,1.49352975,359,11279,N,90,0,94
10569,55,1.464408,352,11194,N,91.6666666666667,0,94
12085,56,1.580895,380,10569,N,93.3333333333333,0,94
12111,57,1.4893695,358,12085,N,95,0,94
12097,58,1.431126,344,12111,N,96.6666666666667,0,94
12064,59,1.38536325,333,12097,N,98.3333333333333,0,94
12931,60,1.49352975,359,12064,N,100,0,94
12957,61,1.5226515,366,12931,N,101.666666666667,0,94
13324,62,1.54345275,371,12957,N,103.333333333333,0,94
13308,63,1.5725745,378,13324,N,105,0,94
14434,64,1.514331,364,13308,N,106.666666666667,0,94
13888,65,1.38536325,333,14434,N,108.333333333333,0,94
14042,66,1.41032475,339,13888,N,110,0,94
13875,67,1.414485,340,14042,N,111.666666666667,0,94
13768,68,1.3728825,330,13875,N,113.333333333333,0,94
13790,69,1.4560875,350,13768,N,115,0,94
15054,70,1.481049,356,13790,N,116.666666666667,0,94
2267,0,0.79460775,191,NA,N,0,0,95
2253,1,0.85285125,205,2267,N,1.66666666666667,0,95
2319,2,0.6906015,166,2253,N,3.33333333333333,0,95
2352,3,0.83621025,201,2319,N,5,0,95
2317,4,0.732204,176,2352,N,6.66666666666667,0,95
2330,5,0.81124875,195,2317,N,8.33333333333333,0,95
2380,6,0.7072425,170,2330,N,10,0,95
2403,7,0.765486,184,2380,N,11.6666666666667,0,95
3477,8,0.798768,192,2403,N,13.3333333333333,0,95
3926,9,0.798768,192,3477,N,15,0,95
3325,10,0.798768,192,3926,N,16.6666666666667,0,95
3710,11,0.7904475,190,3325,N,18.3333333333333,0,95
3484,12,0.78628725,189,3710,N,20,0,95
3562,13,0.81124875,195,3484,N,21.6666666666667,0,95
3770,14,0.7904475,190,3562,N,23.3333333333333,0,95
3730,15,0.765486,184,3770,N,25,0,95
4807,16,0.84453075,203,3730,N,26.6666666666667,0,95
5080,17,0.798768,192,4807,N,28.3333333333333,0,95
4853,18,0.815409,196,5080,N,30,0,95
4772,19,0.82788975,199,4853,N,31.6666666666667,0,95
5700,20,0.648999,156,4772,N,33.3333333333333,0,95
5673,21,0.71972325,173,5700,N,35,0,95
4837,22,0.79460775,191,5673,N,36.6666666666667,0,95
4818,23,0.648999,156,4837,N,38.3333333333333,0,95
6943,24,0.6906015,166,4818,N,40,0,95
6064,25,0.6573195,158,6943,N,41.6666666666667,0,95
6708,26,0.49506975,119,6064,N,43.3333333333333,0,95
6716,27,0.60323625,145,6708,N,45,0,95
6684,28,0.45346725,109,6716,N,46.6666666666667,0,95
6093,29,0.532512,128,6684,N,48.3333333333333,0,95
6791,30,0.66564,160,6093,N,50,0,95
6140,31,0.532512,128,6791,N,51.6666666666667,0,95
7441,32,0.51171075,123,6140,N,53.3333333333333,0,95
8326,36,0.615717,148,7441,N,60,0,95
8923,41,0.5741145,138,8326,N,68.3333333333333,0,95
9505,42,0.53667225,129,8923,N,70,0,95
9307,43,0.698922,168,9505,N,71.6666666666667,0,95
9696,44,0.565794,136,9307,N,73.3333333333333,0,95
10018,45,0.6906015,166,9696,N,75,0,95
10290,46,0.6573195,158,10018,N,76.6666666666667,0,95
10261,47,0.56995425,137,10290,N,78.3333333333333,0,95
10859,48,0.648999,156,10261,N,80,0,95
12016,49,0.60323625,145,10859,N,81.6666666666667,0,95
11154,50,0.63651825,153,12016,N,83.3333333333333,0,95
11800,51,0.682281,164,11154,N,85,0,95
11096,52,0.65315925,157,11800,N,86.6666666666667,0,95
11724,53,0.71140275,171,11096,N,88.3333333333333,0,95
11434,54,0.64483875,155,11724,N,90,0,95
10849,55,0.67812075,163,11434,N,91.6666666666667,0,95
12871,56,0.66980025,161,10849,N,93.3333333333333,0,95
12710,57,0.632358,152,12871,N,95,0,95
13402,62,0.62819775,151,12710,N,103.333333333333,0,95
13384,63,0.648999,156,13402,N,105,0,95
14525,64,0.599076,144,13384,N,106.666666666667,0,95
14130,66,0.5741145,138,14525,N,110,0,95
13933,67,0.599076,144,14130,N,111.666666666667,0,95
13782,68,0.56995425,137,13933,N,113.333333333333,0,95
13818,69,0.465948,112,13782,N,115,0,95
15136,70,0.55331325,133,13818,N,116.666666666667,0,95
2523,0,1.08582525,261,NA,N,0,0,96
2481,1,1.081665,260,2523,N,1.66666666666667,0,96
2505,2,1.16903025,281,2481,N,3.33333333333333,0,96
2490,3,1.481049,356,2505,N,5,0,96
2498,4,1.431126,344,2490,N,6.66666666666667,0,96
2904,5,1.21063275,291,2498,N,8.33333333333333,0,96
2584,6,1.414485,340,2904,N,10,0,96
2519,7,1.5226515,366,2584,N,11.6666666666667,0,96
3591,8,1.34376075,323,2519,N,13.3333333333333,0,96
4075,9,1.44360675,347,3591,N,15,0,96
4012,10,1.58505525,381,4075,N,16.6666666666667,0,96
3846,11,1.6641,400,4012,N,18.3333333333333,0,96
4407,12,1.58505525,381,3846,N,20,0,96
3641,13,1.6724205,402,4407,N,21.6666666666667,0,96
3934,14,1.5892155,382,3641,N,23.3333333333333,0,96
3868,15,1.880433,452,3934,N,25,0,96
4949,16,1.9053945,458,3868,N,26.6666666666667,0,96
5235,17,1.79306775,431,4949,N,28.3333333333333,0,96
4989,18,2.12588775,511,5235,N,30,0,96
4946,19,2.1050865,506,4989,N,31.6666666666667,0,96
5785,20,2.10924675,507,4946,N,33.3333333333333,0,96
5742,21,2.296458,552,5785,N,35,0,96
4972,22,2.0551635,494,5742,N,36.6666666666667,0,96
5480,23,2.30061825,553,4972,N,38.3333333333333,0,96
7181,24,2.28397725,549,5480,N,40,0,96
6145,25,2.0551635,494,7181,N,41.6666666666667,0,96
7073,26,2.42542575,583,6145,N,43.3333333333333,0,96
6759,28,2.43374625,585,7073,N,46.6666666666667,0,96
6187,29,2.47534875,595,6759,N,48.3333333333333,0,96
6928,30,2.59183575,623,6187,N,50,0,96
6259,31,1.264716,304,6928,Y,51.6666666666667,1,96
7535,32,1.2896775,310,6259,N,53.3333333333333,1,96
8372,33,1.37704275,331,7535,N,55,1,96
7945,34,1.48520925,357,8372,N,56.6666666666667,1,96
7597,35,1.5060105,362,7945,N,58.3333333333333,1,96
8412,36,1.45192725,349,7597,N,60,1,96
8114,37,1.4893695,358,8412,N,61.6666666666667,1,96
7519,38,1.51849125,365,8114,N,63.3333333333333,1,96
8654,39,1.58505525,381,7519,N,65,1,96
9031,40,1.57673475,379,8654,N,66.6666666666667,1,96
8847,41,1.59337575,383,9031,N,68.3333333333333,1,96
9429,42,1.547613,372,8847,N,70,1,96
2525,0,0.715563,172,NA,N,0,0,97
2492,1,0.65315925,157,2525,N,1.66666666666667,0,97
2511,2,0.83205,200,2492,N,3.33333333333333,0,97
2499,3,0.83205,200,2511,N,5,0,97
2509,4,0.70308225,169,2499,N,6.66666666666667,0,97
2907,5,0.66980025,161,2509,N,8.33333333333333,0,97
2594,6,0.782127,188,2907,N,10,0,97
2530,7,0.75300525,181,2594,N,11.6666666666667,0,97
3598,8,0.798768,192,2530,N,13.3333333333333,0,97
4084,9,0.7238835,174,3598,N,15,0,97
4015,10,0.7405245,178,4084,N,16.6666666666667,0,97
3853,11,0.7904475,190,4015,N,18.3333333333333,0,97
4411,12,0.798768,192,3853,N,20,0,97
3652,13,0.9402165,226,4411,N,21.6666666666667,0,97
3944,14,0.865332,208,3652,N,23.3333333333333,0,97
3878,15,1.048383,252,3944,N,25,0,97
4960,16,0.881973,212,3878,N,26.6666666666667,0,97
5244,17,0.965178,232,4960,N,28.3333333333333,0,97
4996,18,0.9734985,234,5244,N,30,0,97
4953,19,0.99429975,239,4996,N,31.6666666666667,0,97
5789,20,1.00262025,241,4953,N,33.3333333333333,0,97
5744,21,1.07750475,259,5789,N,35,0,97
4980,22,1.0400625,250,5744,N,36.6666666666667,0,97
5483,23,1.15238925,277,4980,N,38.3333333333333,0,97
7188,24,1.148229,276,5483,N,40,0,97
6150,25,1.181511,284,7188,N,41.6666666666667,0,97
7077,26,1.198152,288,6150,N,43.3333333333333,0,97
6811,27,1.16487,280,7077,N,45,0,97
6765,28,1.181511,284,6811,N,46.6666666666667,0,97
6192,29,1.1898315,286,6765,N,48.3333333333333,0,97
6936,30,1.131588,272,6192,N,50,0,97
6264,31,1.181511,284,6936,N,51.6666666666667,0,97
7538,32,1.15238925,277,6264,N,53.3333333333333,0,97
8376,33,1.1565495,278,7538,N,55,0,97
7947,34,1.21895325,293,8376,N,56.6666666666667,0,97
7599,35,1.2064725,290,7947,N,58.3333333333333,0,97
8415,36,1.1565495,278,7599,N,60,0,97
8116,37,1.181511,284,8415,N,61.6666666666667,0,97
7522,38,1.314639,316,8116,N,63.3333333333333,0,97
8656,39,1.21063275,291,7522,N,65,0,97
9033,40,1.2231135,294,8656,N,66.6666666666667,0,97
8849,41,1.2730365,306,9033,N,68.3333333333333,0,97
9430,42,1.214793,292,8849,N,70,0,97
9227,43,1.148229,276,9430,N,71.6666666666667,0,97
9625,44,1.20231225,289,9227,N,73.3333333333333,0,97
9835,45,1.21895325,293,9625,N,75,0,97
10140,46,1.081665,260,9835,N,76.6666666666667,0,97
10111,47,1.11910725,269,10140,N,78.3333333333333,0,97
10504,48,1.1565495,278,10111,N,80,0,97
11934,49,1.04422275,251,10504,N,81.6666666666667,0,97
10865,50,1.01926125,245,11934,N,83.3333333333333,0,97
11617,51,1.015101,244,10865,N,85,0,97
10989,52,1.00262025,241,11617,N,86.6666666666667,0,97
11518,53,1.048383,252,10989,N,88.3333333333333,0,97
11323,54,1.0234215,246,11518,N,90,0,97
10654,55,1.048383,252,11323,N,91.6666666666667,0,97
12708,56,1.16903025,281,10654,N,93.3333333333333,0,97
12473,57,0.931896,224,12708,N,95,0,97
12496,58,1.0234215,246,12473,N,96.6666666666667,0,97
12326,59,1.1232675,270,12496,N,98.3333333333333,0,97
13061,60,1.07750475,259,12326,N,100,0,97
12955,61,1.1565495,278,13061,N,101.666666666667,0,97
13673,62,1.2397545,298,12955,N,103.333333333333,0,97
13494,63,0.85285125,205,13673,N,105,0,97
15369,64,1.0067805,242,13494,N,106.666666666667,0,97
14401,65,1.281357,308,15369,N,108.333333333333,0,97
14647,66,1.1898315,286,14401,N,110,0,97
14405,67,1.16487,280,14647,N,111.666666666667,0,97
14180,68,1.0234215,246,14405,N,113.333333333333,0,97
14298,69,0.88613325,213,14180,N,115,0,97
15400,70,0.848691,204,14298,N,116.666666666667,0,97
2272,0,1.11910725,269,NA,N,0,0,98
2279,1,1.2397545,298,2272,N,1.66666666666667,0,98
2323,2,1.34376075,323,2279,N,3.33333333333333,0,98
2358,3,1.33128,320,2323,N,5,0,98
2320,4,1.2064725,290,2358,N,6.66666666666667,0,98
2354,5,0.9402165,226,2320,N,8.33333333333333,0,98
2384,6,1.14406875,275,2354,N,10,0,98
2529,0,0.88613325,213,NA,N,0,0,99
2607,1,0.9568575,230,2529,N,1.66666666666667,0,99
2521,2,0.92773575,223,2607,N,3.33333333333333,0,99
2570,3,0.8902935,214,2521,N,5,0,99
2513,4,1.0234215,246,2570,N,6.66666666666667,0,99
2922,5,1.048383,252,2513,N,8.33333333333333,0,99
2598,6,1.0234215,246,2922,N,10,0,99
2534,7,0.9734985,234,2598,N,11.6666666666667,0,99
3600,8,1.131588,272,2534,N,13.3333333333333,0,99
4089,9,1.03590225,249,3600,N,15,0,99
4019,10,1.12742775,271,4089,N,16.6666666666667,0,99
3857,11,0.99429975,239,4019,N,18.3333333333333,0,99
4412,12,1.0400625,250,3857,N,20,0,99
3654,13,1.0899855,262,4412,N,21.6666666666667,0,99
3948,14,1.1898315,286,3654,N,23.3333333333333,0,99
3883,15,1.1232675,270,3948,N,25,0,99
4964,16,1.16070975,279,3883,N,26.6666666666667,0,99
5253,17,1.1232675,270,4964,N,28.3333333333333,0,99
5000,18,0.948537,228,5253,N,30,0,99
4958,19,1.11910725,269,5000,N,31.6666666666667,0,99
5792,20,1.21063275,291,4958,N,33.3333333333333,0,99
5745,21,1.06086375,255,5792,N,35,0,99
4985,22,0.948537,228,5745,N,36.6666666666667,0,99
5485,23,1.59337575,383,4985,N,38.3333333333333,0,99
7189,24,1.6641,400,5485,N,40,0,99
6153,25,1.3562415,326,7189,N,41.6666666666667,0,99
2536,0,1.198152,288,NA,N,0,0,100
2631,1,1.297998,312,2536,N,1.66666666666667,0,100
2531,2,1.39368375,335,2631,N,3.33333333333333,0,100
2873,3,1.42696575,343,2531,N,5,0,100
2527,4,1.4560875,350,2873,N,6.66666666666667,0,100
2940,5,1.530972,368,2527,N,8.33333333333333,0,100
2614,6,1.54345275,371,2940,N,10,0,100
2554,7,1.547613,372,2614,N,11.6666666666667,0,100
3607,8,1.59337575,383,2554,N,13.3333333333333,0,100
4104,9,1.57673475,379,3607,N,15,0,100
4036,10,1.64329875,395,4104,N,16.6666666666667,0,100
3873,11,1.6391385,394,4036,N,18.3333333333333,0,100
4418,12,1.65161925,397,3873,N,20,0,100
3660,13,1.64329875,395,4418,N,21.6666666666667,0,100
3962,14,1.647459,396,3660,N,23.3333333333333,0,100
3899,15,1.70986275,411,3962,N,25,0,100
4979,16,1.730664,416,3899,N,26.6666666666667,0,100
5270,17,1.8055485,434,4979,N,28.3333333333333,0,100
5017,18,1.8721125,450,5270,N,30,0,100
4970,19,1.97611875,475,5017,N,31.6666666666667,0,100
5797,20,2.17581075,523,4970,N,33.3333333333333,0,100
5747,21,2.296458,552,5797,N,35,0,100
4998,22,2.38382325,573,5747,N,36.6666666666667,0,100
5492,23,1.081665,260,4998,Y,38.3333333333333,1,100
7193,24,1.098306,264,5492,N,40,1,100
2792,0,0.8736525,210,NA,N,0,0,101
2879,1,0.898614,216,2792,N,1.66666666666667,0,101
2990,2,0.93605625,225,2879,N,3.33333333333333,0,101
3122,3,0.97765875,235,2990,N,5,0,101
2759,4,0.93605625,225,3122,N,6.66666666666667,0,101
3202,5,0.9734985,234,2759,N,8.33333333333333,0,101
2924,6,1.05254325,253,3202,N,10,0,101
2743,7,1.015101,244,2924,N,11.6666666666667,0,101
4450,8,1.015101,244,2743,N,13.3333333333333,0,101
4310,9,1.0899855,262,4450,N,15,0,101
4247,10,1.0234215,246,4310,N,16.6666666666667,0,101
4070,11,1.09414575,263,4247,N,18.3333333333333,0,101
4498,12,1.1898315,286,4070,N,20,0,101
3844,13,1.18567125,285,4498,N,21.6666666666667,0,101
4181,14,1.1898315,286,3844,N,23.3333333333333,0,101
4110,15,1.25223525,301,4181,N,25,0,101
5196,16,1.24391475,299,4110,N,26.6666666666667,0,101
5522,17,1.33128,320,5196,N,28.3333333333333,0,101
5261,18,1.4560875,350,5522,N,30,0,101
5232,19,1.41032475,339,5261,N,31.6666666666667,0,101
5896,20,1.49352975,359,5232,N,33.3333333333333,0,101
5847,21,1.48520925,357,5896,N,35,0,101
5245,22,1.49769,360,5847,N,36.6666666666667,0,101
5589,23,1.38536325,333,5245,N,38.3333333333333,0,101
7251,24,1.57673475,379,5589,N,40,0,101
6299,25,1.57673475,379,7251,N,41.6666666666667,0,101
7178,26,1.564254,376,6299,N,43.3333333333333,0,101
6927,27,1.59337575,383,7178,N,45,0,101
6905,28,1.70154225,409,6927,N,46.6666666666667,0,101
6331,29,1.80138825,433,6905,N,48.3333333333333,0,101
7103,30,1.880433,452,6331,N,50,0,101
6406,31,1.94283675,467,7103,N,51.6666666666667,0,101
7703,32,2.10092625,505,6406,N,53.3333333333333,0,101
8473,33,2.00940075,483,7703,N,55,0,101
8003,34,0.91109475,219,8473,Y,56.6666666666667,1,101
7730,35,1.1731905,282,8003,N,58.3333333333333,1,101
8533,36,1.248075,300,7730,N,60,1,101
8233,37,1.09414575,263,8533,N,61.6666666666667,1,101
7797,38,1.24391475,299,8233,N,63.3333333333333,1,101
8720,39,1.37704275,331,7797,N,65,1,101
9091,40,1.431126,344,8720,N,66.6666666666667,1,101
8912,41,1.397844,336,9091,N,68.3333333333333,1,101
9494,42,1.447767,348,8912,N,70,1,101
9298,43,1.46856825,353,9494,N,71.6666666666667,1,101
9687,44,1.41032475,339,9298,N,73.3333333333333,1,101
9991,45,1.481049,356,9687,N,75,1,101
10278,46,1.40200425,337,9991,N,76.6666666666667,1,101
10250,47,1.530972,368,10278,N,78.3333333333333,1,101
10846,48,1.7389845,418,10250,N,80,1,101
12010,49,1.847151,444,10846,N,81.6666666666667,1,101
11147,50,1.897074,456,12010,N,83.3333333333333,1,101
11790,51,2.0052405,482,11147,N,85,1,101
11089,52,2.0385225,490,11790,N,86.6666666666667,1,101
11706,53,1.00262025,241,11089,Y,88.3333333333333,2,101
11413,54,1.02758175,247,11706,N,90,2,101
10831,55,1.01926125,245,11413,N,91.6666666666667,2,101
12849,56,0.99846,240,10831,N,93.3333333333333,2,101
2538,0,0.82788975,199,NA,N,0,0,102
2640,1,0.96933825,233,2538,N,1.66666666666667,0,102
2535,2,0.898614,216,2640,N,3.33333333333333,0,102
2876,3,0.898614,216,2535,N,5,0,102
2532,4,0.965178,232,2876,N,6.66666666666667,0,102
2945,5,0.931896,224,2532,N,8.33333333333333,0,102
2619,6,0.99846,240,2945,N,10,0,102
2562,7,0.9402165,226,2619,N,11.6666666666667,0,102
3610,8,0.91941525,221,2562,N,13.3333333333333,0,102
4107,9,1.04422275,251,3610,N,15,0,102
4040,10,0.96933825,233,4107,N,16.6666666666667,0,102
3877,11,0.9901395,238,4040,N,18.3333333333333,0,102
4420,12,1.10246625,265,3877,N,20,0,102
3662,13,1.10246625,265,4420,N,21.6666666666667,0,102
3969,14,1.1731905,282,3662,N,23.3333333333333,0,102
3910,15,1.0733445,258,3969,N,25,0,102
4988,16,1.14406875,275,3910,N,26.6666666666667,0,102
5282,17,1.148229,276,4988,N,28.3333333333333,0,102
5026,18,1.12742775,271,5282,N,30,0,102
4981,19,1.081665,260,5026,N,31.6666666666667,0,102
5802,20,1.18567125,285,4981,N,33.3333333333333,0,102
5751,21,1.114947,268,5802,N,35,0,102
5006,22,1.148229,276,5751,N,36.6666666666667,0,102
5496,23,1.1565495,278,5006,N,38.3333333333333,0,102
7195,24,1.231434,296,5496,N,40,0,102
6167,25,1.2397545,298,7195,N,41.6666666666667,0,102
7088,26,1.1898315,286,6167,N,43.3333333333333,0,102
6823,27,1.33128,320,7088,N,45,0,102
6780,28,1.37704275,331,6823,N,46.6666666666667,0,102
6204,29,1.43528625,345,6780,N,48.3333333333333,0,102
6962,30,1.5392925,370,6204,N,50,0,102
6282,31,1.54345275,371,6962,N,51.6666666666667,0,102
7543,32,1.564254,376,6282,N,53.3333333333333,0,102
8387,33,1.580895,380,7543,N,55,0,102
7953,34,1.49352975,359,8387,N,56.6666666666667,0,102
7605,35,1.51849125,365,7953,N,58.3333333333333,0,102
8428,36,1.530972,368,7605,N,60,0,102
8123,37,1.57673475,379,8428,N,61.6666666666667,0,102
7529,38,1.647459,396,8123,N,63.3333333333333,0,102
8663,39,1.65161925,397,7529,N,65,0,102
9040,40,1.630818,392,8663,N,66.6666666666667,0,102
8856,41,1.63497825,393,9040,N,68.3333333333333,0,102
3053,0,1.35208125,325,NA,N,0,0,103
3055,1,1.3229595,318,3053,N,1.66666666666667,0,103
3174,2,1.0567035,254,3055,N,3.33333333333333,0,103
3231,3,1.07750475,259,3174,N,5,0,103
3101,4,1.0567035,254,3231,N,6.66666666666667,0,103
3267,5,1.12742775,271,3101,N,8.33333333333333,0,103
3164,6,1.43528625,345,3267,N,10,0,103
2882,7,1.6724205,402,3164,N,11.6666666666667,0,103
4569,8,1.697382,408,2882,N,13.3333333333333,0,103
4505,9,1.62665775,391,4569,N,15,0,103
4359,10,1.63497825,393,4505,N,16.6666666666667,0,103
4225,11,1.67658075,403,4359,N,18.3333333333333,0,103
4551,12,1.70154225,409,4225,N,20,0,103
4320,13,1.7722665,426,4551,N,21.6666666666667,0,103
4322,14,1.697382,408,4320,N,23.3333333333333,0,103
4241,15,1.7889075,430,4322,N,25,0,103
5339,16,1.80138825,433,4241,N,26.6666666666667,0,103
5698,17,1.92619575,463,5339,N,28.3333333333333,0,103
5399,18,1.9719585,474,5698,N,30,0,103
5388,19,1.94283675,467,5399,N,31.6666666666667,0,103
5939,20,1.880433,452,5388,N,33.3333333333333,0,103
5905,21,1.880433,452,5939,N,35,0,103
5387,22,1.92619575,463,5905,N,36.6666666666667,0,103
5631,23,1.880433,452,5387,N,38.3333333333333,0,103
7279,24,1.98443925,477,5631,N,40,0,103
6392,25,1.91787525,461,7279,N,41.6666666666667,0,103
7321,26,2.1050865,506,6392,N,43.3333333333333,0,103
7063,27,2.03436225,489,7321,N,45,0,103
7012,28,1.8721125,450,7063,N,46.6666666666667,0,103
6425,29,2.06764425,497,7012,N,48.3333333333333,0,103
7165,30,2.10924675,507,6425,N,50,0,103
6495,31,2.08428525,501,7165,N,51.6666666666667,0,103
7774,32,2.0884455,502,6495,N,53.3333333333333,0,103
8520,33,2.2215735,534,7774,N,55,0,103
8025,34,2.09260575,503,8520,N,56.6666666666667,0,103
7792,35,1.9719585,474,8025,N,58.3333333333333,0,103
8560,36,1.9719585,474,7792,N,60,0,103
8304,37,2.06764425,497,8560,N,61.6666666666667,0,103
7848,38,2.00940075,483,8304,N,63.3333333333333,0,103
8753,39,1.9719585,474,7848,N,65,0,103
9121,40,2.03436225,489,8753,N,66.6666666666667,0,103
8946,41,1.84299075,443,9121,N,68.3333333333333,0,103
2032,0,1.00262025,241,NA,N,0,0,104
2030,1,0.95269725,229,2032,N,1.66666666666667,0,104
2085,2,1.01926125,245,2030,N,3.33333333333333,0,104
2043,3,1.05254325,253,2085,N,5,0,104
2079,6,1.048383,252,2043,N,10,0,104
2057,7,1.24391475,299,2079,N,11.6666666666667,0,104
3363,8,1.32711975,319,2057,N,13.3333333333333,0,104
3755,9,1.42696575,343,3363,N,15,0,104
3286,10,1.30215825,313,3755,N,16.6666666666667,0,104
3339,11,1.314639,316,3286,N,18.3333333333333,0,104
3352,12,1.3063185,314,3339,N,20,0,104
3421,13,1.3229595,318,3352,N,21.6666666666667,0,104
3521,14,1.41864525,341,3421,N,23.3333333333333,0,104
3390,15,1.2064725,290,3521,N,25,0,104
4628,16,1.41032475,339,3390,N,26.6666666666667,0,104
4896,17,1.49769,360,4628,N,28.3333333333333,0,104
4651,18,1.49769,360,4896,N,30,0,104
4600,19,1.67658075,403,4651,N,31.6666666666667,0,104
5484,20,1.597536,384,4600,N,33.3333333333333,0,104
5497,21,1.85131125,445,5484,N,35,0,104
4635,22,1.88459325,453,5497,N,36.6666666666667,0,104
4613,23,1.6557795,398,4635,N,38.3333333333333,0,104
6645,24,0.9901395,238,4613,Y,40,1,104
5963,25,1.01094075,243,6645,N,41.6666666666667,1,104
6435,26,1.01094075,243,5963,N,43.3333333333333,1,104
3058,0,0.981819,236,NA,N,0,0,105
3063,1,1.0400625,250,3058,N,1.66666666666667,0,105
3183,2,1.048383,252,3063,N,3.33333333333333,0,105
3234,3,1.16903025,281,3183,N,5,0,105
3107,4,1.2064725,290,3234,N,6.66666666666667,0,105
3269,5,1.015101,244,3107,N,8.33333333333333,0,105
3177,6,1.30215825,313,3269,N,10,0,105
2908,7,1.30215825,313,3177,N,11.6666666666667,0,105
4571,8,1.3895235,334,2908,N,13.3333333333333,0,105
4509,9,1.37704275,331,4571,N,15,0,105
4364,10,1.4560875,350,4509,N,16.6666666666667,0,105
4235,11,1.41032475,339,4364,N,18.3333333333333,0,105
4553,12,1.464408,352,4235,N,20,0,105
4325,13,1.44360675,347,4553,N,21.6666666666667,0,105
4326,14,1.33128,320,4325,N,23.3333333333333,0,105
4252,15,1.53513225,369,4326,N,25,0,105
5350,16,1.530972,368,4252,N,26.6666666666667,0,105
5705,17,1.61833725,389,5350,N,28.3333333333333,0,105
5406,18,1.60169625,385,5705,N,30,0,105
5400,19,1.6058565,386,5406,N,31.6666666666667,0,105
5940,20,1.5892155,382,5400,N,33.3333333333333,0,105
5908,21,1.6890615,406,5940,N,35,0,105
5398,22,2.0218815,486,5908,N,36.6666666666667,0,105
5635,23,2.31725925,557,5398,N,38.3333333333333,0,105
7282,24,2.0218815,486,5635,N,40,0,105
6402,25,2.39214375,575,7282,N,41.6666666666667,0,105
7323,26,1.8887535,454,6402,N,43.3333333333333,0,105
7070,27,1.26055575,303,7323,Y,45,1,105
7018,28,1.26887625,305,7070,N,46.6666666666667,1,105
2549,0,1.580895,380,NA,N,0,0,106
2653,1,1.50185025,361,2549,N,1.66666666666667,0,106
2544,2,1.47688875,355,2653,N,3.33333333333333,0,106
2884,3,1.52681175,367,2544,N,5,0,106
2540,4,1.614177,388,2884,N,6.66666666666667,0,106
2963,5,1.6391385,394,2540,N,8.33333333333333,0,106
2629,6,1.67658075,403,2963,N,10,0,106
2571,7,1.71818325,413,2629,N,11.6666666666667,0,106
3616,8,1.79306775,431,2571,N,13.3333333333333,0,106
4120,9,1.880433,452,3616,N,15,0,106
4051,10,1.99692,480,4120,N,16.6666666666667,0,106
3890,11,2.06764425,497,4051,N,18.3333333333333,0,106
4424,12,2.01772125,485,3890,N,20,0,106
3665,13,1.9553175,470,4424,N,21.6666666666667,0,106
3983,14,2.1217275,510,3665,N,23.3333333333333,0,106
3923,15,2.1217275,510,3983,N,25,0,106
4997,16,2.40046425,577,3923,N,26.6666666666667,0,106
5293,17,2.38382325,573,4997,N,28.3333333333333,0,106
5034,18,2.20077225,529,5293,N,30,0,106
4995,19,1.22727375,295,5034,Y,31.6666666666667,1,106
5808,20,1.16487,280,4995,N,33.3333333333333,1,106
5756,21,1.39368375,335,5808,N,35,1,106
2038,0,0.91109475,219,NA,N,0,0,107
2035,1,0.96933825,233,2038,N,1.66666666666667,0,107
2094,2,0.94437675,227,2035,N,3.33333333333333,0,107
2051,3,1.08582525,261,2094,N,5,0,107
2055,4,1.015101,244,2051,N,6.66666666666667,0,107
2034,5,1.0733445,258,2055,N,8.33333333333333,0,107
2086,6,1.07750475,259,2034,N,10,0,107
2061,7,1.1232675,270,2086,N,11.6666666666667,0,107
3367,8,1.06918425,257,2061,N,13.3333333333333,0,107
3757,9,1.114947,268,3367,N,15,0,107
3287,10,1.098306,264,3757,N,16.6666666666667,0,107
3342,11,1.0733445,258,3287,N,18.3333333333333,0,107
3356,12,1.0733445,258,3342,N,20,0,107
3424,13,1.0400625,250,3356,N,21.6666666666667,0,107
3527,14,1.031742,248,3424,N,23.3333333333333,0,107
3393,15,1.1731905,282,3527,N,25,0,107
4631,16,1.16903025,281,3393,N,26.6666666666667,0,107
4900,17,1.2064725,290,4631,N,28.3333333333333,0,107
4655,18,1.19399175,287,4900,N,30,0,107
4601,19,1.16487,280,4655,N,31.6666666666667,0,107
5486,20,1.2231135,294,4601,N,33.3333333333333,0,107
5499,21,1.248075,300,5486,N,35,0,107
4640,22,1.16070975,279,5499,N,36.6666666666667,0,107
4616,23,1.23559425,297,4640,N,38.3333333333333,0,107
3062,0,1.0567035,254,NA,N,0,0,108
3069,1,1.06086375,255,3062,N,1.66666666666667,0,108
3187,2,1.1399085,274,3069,N,3.33333333333333,0,108
3236,3,1.21063275,291,3187,N,5,0,108
3111,4,1.11078675,267,3236,N,6.66666666666667,0,108
3270,5,1.214793,292,3111,N,8.33333333333333,0,108
3185,6,1.214793,292,3270,N,10,0,108
2912,7,1.11910725,269,3185,N,11.6666666666667,0,108
4572,8,1.1399085,274,2912,N,13.3333333333333,0,108
4511,9,1.13574825,273,4572,N,15,0,108
4366,10,1.18567125,285,4511,N,16.6666666666667,0,108
4240,11,1.17735075,283,4366,N,18.3333333333333,0,108
2044,0,0.748845,180,NA,N,0,0,109
2041,1,0.91941525,221,2044,N,1.66666666666667,0,109
2100,2,1.065024,256,2041,N,3.33333333333333,0,109
2092,3,0.848691,204,2100,N,5,0,109
2062,4,1.06086375,255,2092,N,6.66666666666667,0,109
2040,5,1.07750475,259,2062,N,8.33333333333333,0,109
2096,6,1.2231135,294,2040,N,10,0,109
2068,7,1.131588,272,2096,N,11.6666666666667,0,109
3370,8,1.17735075,283,2068,N,13.3333333333333,0,109
3762,9,1.11910725,269,3370,N,15,0,109
3288,10,1.05254325,253,3762,N,16.6666666666667,0,109
3345,11,1.11078675,267,3288,N,18.3333333333333,0,109
3360,12,1.131588,272,3345,N,20,0,109
3426,13,1.1731905,282,3360,N,21.6666666666667,0,109
3532,14,1.18567125,285,3426,N,23.3333333333333,0,109
3483,15,1.37704275,331,3532,N,25,0,109
4634,16,1.27719675,307,3483,N,26.6666666666667,0,109
4907,17,1.42696575,343,4634,N,28.3333333333333,0,109
4660,18,1.51017075,363,4907,N,30,0,109
4603,19,1.54345275,371,4660,N,31.6666666666667,0,109
5487,20,1.31879925,317,4603,N,33.3333333333333,0,109
5502,21,1.40200425,337,5487,N,35,0,109
4645,22,1.597536,384,5502,N,36.6666666666667,0,109
4620,23,1.62665775,391,4645,N,38.3333333333333,0,109
6647,24,1.57673475,379,4620,N,40,0,109
5964,25,1.71818325,413,6647,N,41.6666666666667,0,109
6437,26,1.51849125,365,5964,N,43.3333333333333,0,109
6466,27,1.63497825,393,6437,N,45,0,109
6472,28,1.87627275,451,6466,N,46.6666666666667,0,109
5981,29,1.6641,400,6472,N,48.3333333333333,0,109
6609,30,1.53513225,369,5981,N,50,0,109
5996,31,1.9719585,474,6609,N,51.6666666666667,0,109
7395,32,1.913715,460,5996,N,53.3333333333333,0,109
8162,33,2.030202,488,7395,N,55,0,109
7874,34,2.063484,496,8162,N,56.6666666666667,0,109
7355,35,2.10924675,507,7874,N,58.3333333333333,0,109
8208,36,2.10924675,507,7355,N,60,0,109
8051,37,1.963638,472,8208,N,61.6666666666667,0,109
7370,38,2.1050865,506,8051,N,63.3333333333333,0,109
8591,39,2.33390025,561,7370,N,65,0,109
8972,40,2.2215735,534,8591,N,66.6666666666667,0,109
8783,41,2.229894,536,8972,N,68.3333333333333,0,109
9359,42,2.80816875,675,8783,N,70,0,109
9157,43,2.645919,636,9359,N,71.6666666666667,0,109
9558,44,2.645919,636,9157,N,73.3333333333333,0,109
9923,46,2.5710345,618,9558,N,76.6666666666667,0,109
10427,48,2.68336125,645,9923,N,80,0,109
11860,49,2.61679725,629,10427,N,81.6666666666667,0,109
10737,50,2.8040085,674,11860,N,83.3333333333333,0,109
11471,51,1.0400625,250,10737,Y,85,1,109
10362,52,1.31047875,315,11471,N,86.6666666666667,1,109
11294,53,1.2064725,290,10362,N,88.3333333333333,1,109
11429,54,1.3562415,326,11294,N,90,1,109
10845,55,1.2064725,290,11429,N,91.6666666666667,1,109
12867,56,1.29383775,311,10845,N,93.3333333333333,1,109
14974,64,1.24391475,299,12867,N,106.666666666667,1,109
14338,67,1.33544025,321,14974,N,111.666666666667,1,109
2558,0,0.79460775,191,NA,N,0,0,110
2665,1,0.8570115,206,2558,N,1.66666666666667,0,110
2551,2,0.95269725,229,2665,N,3.33333333333333,0,110
2892,3,0.96933825,233,2551,N,5,0,110
2552,4,1.031742,248,2892,N,6.66666666666667,0,110
2969,5,1.11078675,267,2552,N,8.33333333333333,0,110
2636,6,1.2231135,294,2969,N,10,0,110
2576,7,1.2231135,294,2636,N,11.6666666666667,0,110
3618,8,1.28551725,309,2576,N,13.3333333333333,0,110
4124,9,1.297998,312,3618,N,15,0,110
4056,10,1.36040175,327,4124,N,16.6666666666667,0,110
3894,11,1.26055575,303,4056,N,18.3333333333333,0,110
4426,12,1.347921,324,3894,N,20,0,110
3666,13,1.4228055,342,4426,N,21.6666666666667,0,110
3988,14,1.48520925,357,3666,N,23.3333333333333,0,110
3927,15,1.530972,368,3988,N,25,0,110
5002,16,1.54345275,371,3927,N,26.6666666666667,0,110
5299,17,1.49769,360,5002,N,28.3333333333333,0,110
5039,18,1.49352975,359,5299,N,30,0,110
5001,19,1.56841425,377,5039,N,31.6666666666667,0,110
5810,20,1.547613,372,5001,N,33.3333333333333,0,110
5758,21,1.54345275,371,5810,N,35,0,110
5022,22,1.580895,380,5758,N,36.6666666666667,0,110
5505,23,1.60169625,385,5022,N,38.3333333333333,0,110
7202,24,1.61833725,389,5505,N,40,0,110
6178,25,1.647459,396,7202,N,41.6666666666667,0,110
7096,26,1.3063185,314,6178,N,43.3333333333333,0,110
6834,27,1.03590225,249,7096,N,45,0,110
6792,28,1.131588,272,6834,N,46.6666666666667,0,110
6216,29,1.0067805,242,6792,N,48.3333333333333,0,110
6973,30,1.081665,260,6216,N,50,0,110
6298,31,1.13574825,273,6973,N,51.6666666666667,0,110
7556,32,1.02758175,247,6298,N,53.3333333333333,0,110
8398,33,1.065024,256,7556,N,55,0,110
7958,34,1.16487,280,8398,N,56.6666666666667,0,110
7613,35,1.06086375,255,7958,N,58.3333333333333,0,110
8437,36,1.06918425,257,7613,N,60,0,110
8138,37,1.081665,260,8437,N,61.6666666666667,0,110
7643,38,1.15238925,277,8138,N,63.3333333333333,0,110
8669,39,1.12742775,271,7643,N,65,0,110
9044,40,1.1565495,278,8669,N,66.6666666666667,0,110
8862,41,1.1066265,266,9044,N,68.3333333333333,0,110
9443,42,1.11910725,269,8862,N,70,0,110
9242,43,1.14406875,275,9443,N,71.6666666666667,0,110
9639,44,1.081665,260,9242,N,73.3333333333333,0,110
9850,45,1.1565495,278,9639,N,75,0,110
10173,46,1.11078675,267,9850,N,76.6666666666667,0,110
10142,47,1.12742775,271,10173,N,78.3333333333333,0,110
10519,48,1.11910725,269,10142,N,80,0,110
11949,49,1.16487,280,10519,N,81.6666666666667,0,110
10929,50,1.114947,268,11949,N,83.3333333333333,0,110
11648,51,1.231434,296,10929,N,85,0,110
11010,52,1.14406875,275,11648,N,86.6666666666667,0,110
11561,53,1.12742775,271,11010,N,88.3333333333333,0,110
11336,54,1.1066265,266,11561,N,90,0,110
10669,55,1.15238925,277,11336,N,91.6666666666667,0,110
12760,56,1.18567125,285,10669,N,93.3333333333333,0,110
12512,57,1.1898315,286,12760,N,95,0,110
12540,58,1.06086375,255,12512,N,96.6666666666667,0,110
12377,59,1.04422275,251,12540,N,98.3333333333333,0,110
13084,60,0.7904475,190,12377,N,100,0,110
13153,61,1.06086375,255,13084,N,101.666666666667,0,110
13554,62,1.1399085,274,13153,N,103.333333333333,0,110
13539,63,1.14406875,275,13554,N,105,0,110
14700,64,1.114947,268,13539,N,106.666666666667,0,110
2049,0,0.92773575,223,NA,N,0,0,111
2048,1,0.9402165,226,2049,N,1.66666666666667,0,111
2108,2,0.88613325,213,2048,N,3.33333333333333,0,111
2097,3,0.96933825,233,2108,N,5,0,111
2070,4,0.95269725,229,2097,N,6.66666666666667,0,111
2047,5,1.0899855,262,2070,N,8.33333333333333,0,111
2104,6,1.09414575,263,2047,N,10,0,111
2075,7,1.065024,256,2104,N,11.6666666666667,0,111
3374,8,1.24391475,299,2075,N,13.3333333333333,0,111
3768,9,1.198152,288,3374,N,15,0,111
3289,10,1.23559425,297,3768,N,16.6666666666667,0,111
3348,11,1.21895325,293,3289,N,18.3333333333333,0,111
3365,12,1.23559425,297,3348,N,20,0,111
3429,13,1.26887625,305,3365,N,21.6666666666667,0,111
3536,14,1.281357,308,3429,N,23.3333333333333,0,111
3488,15,1.3895235,334,3536,N,25,0,111
4638,16,1.397844,336,3488,N,26.6666666666667,0,111
4912,17,1.54345275,371,4638,N,28.3333333333333,0,111
4666,18,1.481049,356,4912,N,30,0,111
4604,19,1.49352975,359,4666,N,31.6666666666667,0,111
5489,20,1.6224975,390,4604,N,33.3333333333333,0,111
5506,21,1.6724205,402,5489,N,35,0,111
4652,22,1.72650375,415,5506,N,36.6666666666667,0,111
4625,23,1.763946,424,4652,N,38.3333333333333,0,111
6649,24,1.91787525,461,4625,N,40,0,111
5966,25,1.90123425,457,6649,N,41.6666666666667,0,111
6478,27,1.897074,456,5966,N,45,0,111
6480,28,1.16487,280,6478,Y,46.6666666666667,1,111
5985,29,1.01926125,245,6480,N,48.3333333333333,1,111
2500,0,1.031742,248,NA,N,0,0,112
2394,1,1.01926125,245,2500,N,1.66666666666667,0,112
2476,2,0.981819,236,2394,N,3.33333333333333,0,112
2460,3,1.0067805,242,2476,N,5,0,112
2463,4,0.9734985,234,2460,N,6.66666666666667,0,112
2706,5,0.965178,232,2463,N,8.33333333333333,0,112
2556,6,0.98597925,237,2706,N,10,0,112
2466,7,0.94437675,227,2556,N,11.6666666666667,0,112
3556,8,0.965178,232,2466,N,13.3333333333333,0,112
4041,9,0.96101775,231,3556,N,15,0,112
3977,10,0.91109475,219,4041,N,16.6666666666667,0,112
3817,11,0.92773575,223,3977,N,18.3333333333333,0,112
4389,12,0.948537,228,3817,N,20,0,112
3626,13,0.98597925,237,4389,N,21.6666666666667,0,112
3891,14,0.9568575,230,3626,N,23.3333333333333,0,112
3831,15,0.931896,224,3891,N,25,0,112
4909,16,0.94437675,227,3831,N,26.6666666666667,0,112
5192,17,0.9235755,222,4909,N,28.3333333333333,0,112
4952,18,0.9568575,230,5192,N,30,0,112
4903,19,0.99429975,239,4952,N,31.6666666666667,0,112
5770,20,1.01094075,243,4903,N,33.3333333333333,0,112
5728,21,0.99429975,239,5770,N,35,0,112
4929,22,1.065024,256,5728,N,36.6666666666667,0,112
5470,23,1.05254325,253,4929,N,38.3333333333333,0,112
7237,24,0.88613325,213,5470,N,40,0,112
6904,27,0.81956925,197,7237,N,45,0,112
9241,43,0.8237295,198,6904,N,71.6666666666667,0,112
9737,45,0.78628725,189,9241,N,75,0,112
9880,46,0.9734985,234,9737,N,76.6666666666667,0,112
10718,50,0.948537,228,9880,N,83.3333333333333,0,112
11418,51,0.99846,240,10718,N,85,0,112
10345,52,0.96101775,231,11418,N,86.6666666666667,0,112
11273,53,0.9901395,238,10345,N,88.3333333333333,0,112
11187,54,0.92773575,223,11273,N,90,0,112
10562,55,0.948537,228,11187,N,91.6666666666667,0,112
12063,56,0.96933825,233,10562,N,93.3333333333333,0,112
12084,57,1.0067805,242,12063,N,95,0,112
13453,62,1.01926125,245,12084,N,103.333333333333,0,112
13442,63,0.981819,236,13453,N,105,0,112
15211,64,1.00262025,241,13442,N,106.666666666667,0,112
14818,66,0.94437675,227,15211,N,110,0,112
2989,0,0.85285125,205,NA,N,0,0,113
3025,1,0.9235755,222,2989,N,1.66666666666667,0,113
3140,2,0.97765875,235,3025,N,3.33333333333333,0,113
3215,3,0.9402165,226,3140,N,5,0,113
3072,4,1.08582525,261,3215,N,6.66666666666667,0,113
3259,5,1.03590225,249,3072,N,8.33333333333333,0,113
3073,6,1.03590225,249,3259,N,10,0,113
2849,7,1.05254325,253,3073,N,11.6666666666667,0,113
4552,8,1.09414575,263,2849,N,13.3333333333333,0,113
4476,9,1.0899855,262,4552,N,15,0,113
4343,10,1.114947,268,4476,N,16.6666666666667,0,113
4192,11,1.16070975,279,4343,N,18.3333333333333,0,113
4537,12,1.248075,300,4192,N,20,0,113
4300,13,1.181511,284,4537,N,21.6666666666667,0,113
4297,14,1.264716,304,4300,N,23.3333333333333,0,113
4207,15,1.15238925,277,4297,N,25,0,113
5308,16,1.21063275,291,4207,N,26.6666666666667,0,113
5670,17,1.44360675,347,5308,N,28.3333333333333,0,113
5371,18,1.447767,348,5670,N,30,0,113
5354,19,1.61833725,389,5371,N,31.6666666666667,0,113
5934,20,1.4560875,350,5354,N,33.3333333333333,0,113
5895,21,1.580895,380,5934,N,35,0,113
5358,22,1.54345275,371,5895,N,36.6666666666667,0,113
5619,23,2.1050865,506,5358,N,38.3333333333333,0,113
7269,24,1.90955475,459,5619,N,40,0,113
6355,25,1.93451625,465,7269,N,41.6666666666667,0,113
7312,26,1.06086375,255,6355,Y,43.3333333333333,1,113
2996,0,0.81124875,195,NA,N,0,0,114
3030,1,0.96101775,231,2996,N,1.66666666666667,0,114
3146,2,0.9069345,218,3030,N,3.33333333333333,0,114
3218,3,1.0234215,246,3146,N,5,0,114
3085,4,0.98597925,237,3218,N,6.66666666666667,0,114
3261,5,1.065024,256,3085,N,8.33333333333333,0,114
3118,6,1.16070975,279,3261,N,10,0,114
2859,7,1.13574825,273,3118,N,11.6666666666667,0,114
4554,8,1.148229,276,2859,N,13.3333333333333,0,114
4480,9,1.148229,276,4554,N,15,0,114
4346,10,1.148229,276,4480,N,16.6666666666667,0,114
4196,11,1.1399085,274,4346,N,18.3333333333333,0,114
4539,12,1.1898315,286,4196,N,20,0,114
4304,13,1.2064725,290,4539,N,21.6666666666667,0,114
4301,14,1.33128,320,4304,N,23.3333333333333,0,114
4212,15,1.3063185,314,4301,N,25,0,114
5314,16,1.414485,340,4212,N,26.6666666666667,0,114
5674,17,1.397844,336,5314,N,28.3333333333333,0,114
5377,18,1.42696575,343,5674,N,30,0,114
5363,19,1.36872225,329,5377,N,31.6666666666667,0,114
5935,20,1.3562415,326,5363,N,33.3333333333333,0,114
5897,21,1.364562,328,5935,N,35,0,114
5362,22,1.51017075,363,5897,N,36.6666666666667,0,114
5621,23,1.7889075,430,5362,N,38.3333333333333,0,114
7270,24,1.81802925,437,5621,N,40,0,114
6358,25,1.946997,468,7270,N,41.6666666666667,0,114
7314,26,2.2049325,530,6358,N,43.3333333333333,0,114
7039,27,2.213253,532,7314,N,45,0,114
6019,29,2.3547015,566,7039,N,48.3333333333333,0,114
6947,30,1.081665,260,6019,Y,50,1,114
6273,31,0.7738065,186,6947,N,51.6666666666667,1,114
7751,32,1.031742,248,6273,N,53.3333333333333,1,114
8125,33,1.09414575,263,7751,N,55,1,114
7864,34,1.0899855,262,8125,N,56.6666666666667,1,114
7340,35,1.1898315,286,7864,N,58.3333333333333,1,114
8126,36,1.3063185,314,7340,N,60,1,114
7344,38,1.39368375,335,8126,N,63.3333333333333,1,114
8578,39,1.41032475,339,7344,N,65,1,114
2234,0,1.0733445,258,NA,N,0,0,115
2198,1,0.95269725,229,2234,N,1.66666666666667,0,115
2285,2,0.981819,236,2198,N,3.33333333333333,0,115
2277,3,0.9901395,238,2285,N,5,0,115
2284,4,0.931896,224,2277,N,6.66666666666667,0,115
2229,5,0.97765875,235,2284,N,8.33333333333333,0,115
2287,6,0.99429975,239,2229,N,10,0,115
2315,7,0.99429975,239,2287,N,11.6666666666667,0,115
3450,8,1.02758175,247,2315,N,13.3333333333333,0,115
3889,9,0.99846,240,3450,N,15,0,115
3317,10,0.95269725,229,3889,N,16.6666666666667,0,115
3694,11,0.93605625,225,3317,N,18.3333333333333,0,115
3464,12,0.98597925,237,3694,N,20,0,115
3545,13,0.965178,232,3464,N,21.6666666666667,0,115
3742,14,0.97765875,235,3545,N,23.3333333333333,0,115
3706,15,1.0067805,242,3742,N,25,0,115
4773,16,0.915255,220,3706,N,26.6666666666667,0,115
5047,17,0.981819,236,4773,N,28.3333333333333,0,115
4814,18,0.98597925,237,5047,N,30,0,115
4738,19,0.9734985,234,4814,N,31.6666666666667,0,115
5678,20,0.9734985,234,4738,N,33.3333333333333,0,115
5648,21,0.96101775,231,5678,N,35,0,115
4798,22,0.965178,232,5648,N,36.6666666666667,0,115
4765,23,0.83621025,201,4798,N,38.3333333333333,0,115
6695,24,0.78628725,189,4765,N,40,0,115
6050,25,0.8570115,206,6695,N,41.6666666666667,0,115
6600,26,0.86949225,209,6050,N,43.3333333333333,0,115
6586,27,0.87781275,211,6600,N,45,0,115
6644,28,0.81956925,197,6586,N,46.6666666666667,0,115
6066,29,0.881973,212,6644,N,48.3333333333333,0,115
6760,30,0.86949225,209,6066,N,50,0,115
6114,31,0.83621025,201,6760,N,51.6666666666667,0,115
7433,32,0.90277425,217,6114,N,53.3333333333333,0,115
7904,34,0.915255,220,7433,N,56.6666666666667,0,115
7561,35,0.881973,212,7904,N,58.3333333333333,0,115
8310,36,0.89445375,215,7561,N,60,0,115
8080,37,0.748845,180,8310,N,61.6666666666667,0,115
7481,38,0.8237295,198,8080,N,63.3333333333333,0,115
8621,39,0.915255,220,7481,N,65,0,115
9000,40,0.94437675,227,8621,N,66.6666666666667,0,115
8815,41,0.9235755,222,9000,N,68.3333333333333,0,115
9393,42,0.96101775,231,8815,N,70,0,115
9189,43,0.981819,236,9393,N,71.6666666666667,0,115
9589,44,0.9568575,230,9189,N,73.3333333333333,0,115
9792,45,0.9235755,222,9589,N,75,0,115
10031,46,0.98597925,237,9792,N,76.6666666666667,0,115
10011,47,0.948537,228,10031,N,78.3333333333333,0,115
10469,48,1.06086375,255,10011,N,80,0,115
11900,49,1.01094075,243,10469,N,81.6666666666667,0,115
10772,50,0.9734985,234,11900,N,83.3333333333333,0,115
11575,51,0.96933825,233,10772,N,85,0,115
10400,52,1.08582525,261,11575,N,86.6666666666667,0,115
11402,53,1.01094075,243,10400,N,88.3333333333333,0,115
11242,54,0.95269725,229,11402,N,90,0,115
10615,55,0.92773575,223,11242,N,91.6666666666667,0,115
12532,56,0.95269725,229,10615,N,93.3333333333333,0,115
12241,57,0.931896,224,12532,N,95,0,115
12307,58,0.80292825,193,12241,N,96.6666666666667,0,115
12196,59,0.898614,216,12307,N,98.3333333333333,0,115
13433,62,1.065024,256,12196,N,103.333333333333,0,115
13416,63,1.048383,252,13433,N,105,0,115
15195,64,0.99429975,239,13416,N,106.666666666667,0,115
14560,65,1.01094075,243,15195,N,108.333333333333,0,115
14789,66,0.99429975,239,14560,N,110,0,115
14580,67,0.99846,240,14789,N,111.666666666667,0,115
14400,68,0.9568575,230,14580,N,113.333333333333,0,115
14462,69,0.91941525,221,14400,N,115,0,115
15432,70,0.75300525,181,14462,N,116.666666666667,0,115
2543,0,1.15238925,277,NA,N,0,0,116
2647,1,1.2064725,290,2543,N,1.66666666666667,0,116
2539,2,1.16903025,281,2647,N,3.33333333333333,0,116
2880,3,1.314639,316,2539,N,5,0,116
2537,4,1.297998,312,2880,N,6.66666666666667,0,116
2955,5,1.4727285,354,2537,N,8.33333333333333,0,116
2624,6,1.3895235,334,2955,N,10,0,116
2566,7,1.347921,324,2624,N,11.6666666666667,0,116
3613,8,1.48520925,357,2566,N,13.3333333333333,0,116
4112,9,1.4560875,350,3613,N,15,0,116
4045,10,1.61833725,389,4112,N,16.6666666666667,0,116
3884,11,1.75978575,423,4045,N,18.3333333333333,0,116
4422,12,1.60169625,385,3884,N,20,0,116
3663,13,1.5892155,382,4422,N,21.6666666666667,0,116
3974,14,1.54345275,371,3663,N,23.3333333333333,0,116
3916,15,1.75146525,421,3974,N,25,0,116
4993,16,1.6224975,390,3916,N,26.6666666666667,0,116
5287,17,1.447767,348,4993,N,28.3333333333333,0,116
5030,18,1.4893695,358,5287,N,30,0,116
4986,19,1.6224975,390,5030,N,31.6666666666667,0,116
5804,20,1.7889075,430,4986,N,33.3333333333333,0,116
5753,21,1.82634975,439,5804,N,35,0,116
5013,22,2.1882915,526,5753,N,36.6666666666667,0,116
5500,23,2.6043165,626,5013,N,38.3333333333333,0,116
7197,24,2.629278,632,5500,N,40,0,116
6173,25,1.46024775,351,7197,Y,41.6666666666667,1,116
7092,26,1.33544025,321,6173,N,43.3333333333333,1,116
6828,27,1.36872225,329,7092,N,45,1,116
6787,28,1.40200425,337,6828,N,46.6666666666667,1,116
6210,29,1.530972,368,6787,N,48.3333333333333,1,116
6968,30,1.60169625,385,6210,N,50,1,116
6289,31,1.4727285,354,6968,N,51.6666666666667,1,116
7550,32,1.65993975,399,6289,N,53.3333333333333,1,116
8391,33,1.597536,384,7550,N,55,1,116
7954,34,1.84299075,443,8391,N,56.6666666666667,1,116
7607,35,1.80138825,433,7954,N,58.3333333333333,1,116
8432,36,1.99275975,479,7607,N,60,1,116
8127,37,2.030202,488,8432,N,61.6666666666667,1,116
7532,38,2.4046245,578,8127,N,63.3333333333333,1,116
8665,39,2.4711885,594,7532,N,65,1,116
9041,40,1.098306,264,8665,Y,66.6666666666667,2,116
8858,41,0.90277425,217,9041,N,68.3333333333333,2,116
9439,42,1.2064725,290,8858,N,70,2,116
9236,43,0.94437675,227,9439,N,71.6666666666667,2,116
9635,44,1.01926125,245,9236,N,73.3333333333333,2,116
9844,45,1.0400625,250,9635,N,75,2,116
10162,46,1.22727375,295,9844,N,76.6666666666667,2,116
10131,47,1.0567035,254,10162,N,78.3333333333333,2,116
2561,0,1.065024,256,NA,N,0,0,117
2672,1,1.16487,280,2561,N,1.66666666666667,0,117
2555,2,1.1066265,266,2672,N,3.33333333333333,0,117
2893,3,1.248075,300,2555,N,5,0,117
2557,4,1.15238925,277,2893,N,6.66666666666667,0,117
2980,5,1.22727375,295,2557,N,8.33333333333333,0,117
2642,6,1.281357,308,2980,N,10,0,117
2581,7,1.19399175,287,2642,N,11.6666666666667,0,117
3620,8,1.30215825,313,2581,N,13.3333333333333,0,117
4130,9,1.248075,300,3620,N,15,0,117
4060,10,1.16487,280,4130,N,16.6666666666667,0,117
3898,11,1.314639,316,4060,N,18.3333333333333,0,117
4428,12,1.1731905,282,3898,N,20,0,117
3667,13,1.231434,296,4428,N,21.6666666666667,0,117
3993,14,1.18567125,285,3667,N,23.3333333333333,0,117
3931,15,1.28551725,309,3993,N,25,0,117
5007,16,1.30215825,313,3931,N,26.6666666666667,0,117
5304,17,1.6224975,390,5007,N,28.3333333333333,0,117
5044,18,1.64329875,395,5304,N,30,0,117
5004,19,1.35208125,325,5044,N,31.6666666666667,0,117
5812,20,1.69322175,407,5004,N,33.3333333333333,0,117
5761,21,1.897074,456,5812,N,35,0,117
5036,22,2.16749025,521,5761,N,36.6666666666667,0,117
5510,23,2.30893875,555,5036,N,38.3333333333333,0,117
7205,24,2.595996,624,5510,N,40,0,117
6184,25,1.33128,320,7205,Y,41.6666666666667,1,117
2817,0,1.20231225,289,NA,N,0,0,118
2915,1,1.364562,328,2817,N,1.66666666666667,0,118
3011,2,1.29383775,311,2915,N,3.33333333333333,0,118
3137,3,1.3728825,330,3011,N,5,0,118
2770,4,1.36040175,327,3137,N,6.66666666666667,0,118
3221,5,1.41032475,339,2770,N,8.33333333333333,0,118
2939,6,1.36872225,329,3221,N,10,0,118
2756,7,1.4228055,342,2939,N,11.6666666666667,0,118
4455,8,1.43528625,345,2756,N,13.3333333333333,0,118
4319,9,1.297998,312,4455,N,15,0,118
4258,10,1.20231225,289,4319,N,16.6666666666667,0,118
4082,11,1.19399175,287,4258,N,18.3333333333333,0,118
4500,12,1.26055575,303,4082,N,20,0,118
3856,13,1.24391475,299,4500,N,21.6666666666667,0,118
4194,14,1.3229595,318,3856,N,23.3333333333333,0,118
4118,15,1.214793,292,4194,N,25,0,118
5209,16,1.33128,320,4118,N,26.6666666666667,0,118
5529,17,1.4394465,346,5209,N,28.3333333333333,0,118
5271,18,1.5060105,362,5529,N,30,0,118
5243,19,1.6391385,394,5271,N,31.6666666666667,0,118
5900,20,1.65161925,397,5243,N,33.3333333333333,0,118
5853,21,1.747305,420,5900,N,35,0,118
5254,22,1.96779825,473,5853,N,36.6666666666667,0,118
5591,23,1.913715,460,5254,N,38.3333333333333,0,118
7253,24,1.07750475,259,5591,Y,40,1,118
6305,25,1.181511,284,7253,N,41.6666666666667,1,118
7182,26,1.2730365,306,6305,N,43.3333333333333,1,118
6930,27,1.2563955,302,7182,N,45,1,118
6907,28,1.30215825,313,6930,N,46.6666666666667,1,118
6334,29,1.40200425,337,6907,N,48.3333333333333,1,118
7105,30,1.4893695,358,6334,N,50,1,118
6407,31,1.65161925,397,7105,N,51.6666666666667,1,118
7708,32,1.614177,388,6407,N,53.3333333333333,1,118
8477,33,1.6058565,386,7708,N,55,1,118
8005,34,1.6391385,394,8477,N,56.6666666666667,1,118
7733,35,1.714023,412,8005,N,58.3333333333333,1,118
8537,36,1.8721125,450,7733,N,60,1,118
8237,37,1.92619575,463,8537,N,61.6666666666667,1,118
7802,38,2.24237475,539,8237,N,63.3333333333333,1,118
8724,39,2.096766,504,7802,N,65,1,118
9094,40,2.379663,572,8724,N,66.6666666666667,1,118
8916,41,2.49615,600,9094,N,68.3333333333333,1,118
9497,42,1.2563955,302,8916,Y,70,2,118
9302,43,1.264716,304,9497,N,71.6666666666667,2,118
9691,44,1.45192725,349,9302,N,73.3333333333333,2,118
10008,45,1.52681175,367,9691,N,75,2,118
10284,46,1.51017075,363,10008,N,76.6666666666667,2,118
10256,47,1.61833725,389,10284,N,78.3333333333333,2,118
10853,48,1.60169625,385,10256,N,80,2,118
12013,49,1.8721125,450,10853,N,81.6666666666667,2,118
11150,50,1.85131125,445,12013,N,83.3333333333333,2,118
11795,51,1.71818325,413,11150,N,85,2,118
11092,52,2.00940075,483,11795,N,86.6666666666667,2,118
11713,53,2.1716505,522,11092,N,88.3333333333333,2,118
11425,54,1.91787525,461,11713,N,90,2,118
10839,55,2.179971,524,11425,N,91.6666666666667,2,118
12860,56,1.946997,468,10839,N,93.3333333333333,2,118
12692,57,2.19245175,527,12860,N,95,2,118
12720,58,2.16333,520,12692,N,96.6666666666667,2,118
12458,59,2.5710345,618,12720,N,98.3333333333333,2,118
13185,60,1.281357,308,12458,Y,100,3,118
2823,0,0.7738065,186,NA,N,0,0,119
2918,1,0.99429975,239,2823,N,1.66666666666667,0,119
3018,2,1.0400625,250,2918,N,3.33333333333333,0,119
3141,3,0.9568575,230,3018,N,5,0,119
2946,6,1.248075,300,3141,N,10,0,119
2762,7,1.12742775,271,2946,N,11.6666666666667,0,119
4457,8,1.2064725,290,2762,N,13.3333333333333,0,119
4324,9,1.16903025,281,4457,N,15,0,119
4264,10,1.22727375,295,4324,N,16.6666666666667,0,119
4087,11,1.1898315,286,4264,N,18.3333333333333,0,119
4502,12,1.3229595,318,4087,N,20,0,119
3861,13,1.33128,320,4502,N,21.6666666666667,0,119
4199,14,1.2730365,306,3861,N,23.3333333333333,0,119
4125,15,1.40200425,337,4199,N,25,0,119
5215,16,1.4061645,338,4125,N,26.6666666666667,0,119
5531,17,1.44360675,347,5215,N,28.3333333333333,0,119
5277,18,1.53513225,369,5531,N,30,0,119
5252,19,1.5392925,370,5277,N,31.6666666666667,0,119
5902,20,1.54345275,371,5252,N,33.3333333333333,0,119
5855,21,1.647459,396,5902,N,35,0,119
5260,22,1.6890615,406,5855,N,36.6666666666667,0,119
5592,23,1.74314475,419,5260,N,38.3333333333333,0,119
7254,24,1.85963175,447,5592,N,40,0,119
6308,25,1.93451625,465,7254,N,41.6666666666667,0,119
7297,26,2.0385225,490,6308,N,43.3333333333333,0,119
6933,27,2.313099,556,7297,N,45,0,119
6910,28,2.48366925,597,6933,N,46.6666666666667,0,119
5978,29,1.11078675,267,6910,Y,48.3333333333333,1,119
6607,30,1.13574825,273,5978,N,50,1,119
5993,31,1.17735075,283,6607,N,51.6666666666667,1,119
7391,32,1.16070975,279,5993,N,53.3333333333333,1,119
8160,33,1.16070975,279,7391,N,55,1,119
7873,34,1.2896775,310,8160,N,56.6666666666667,1,119
7353,35,1.3229595,318,7873,N,58.3333333333333,1,119
8203,36,1.347921,324,7353,N,60,1,119
8050,37,1.39368375,335,8203,N,61.6666666666667,1,119
7368,38,1.397844,336,8050,N,63.3333333333333,1,119
8590,39,1.414485,340,7368,N,65,1,119
8971,40,1.49769,360,8590,N,66.6666666666667,1,119
8782,41,1.680741,404,8971,N,68.3333333333333,1,119
9358,42,1.8221895,438,8782,N,70,1,119
9156,43,1.9053945,458,9358,N,71.6666666666667,1,119
9557,44,2.07596475,499,9156,N,73.3333333333333,1,119
9801,45,0.95269725,229,9557,Y,75,2,119
10054,46,0.9402165,226,9801,N,76.6666666666667,2,119
10035,47,1.03590225,249,10054,N,78.3333333333333,2,119
10477,48,1.2397545,298,10035,N,80,2,119
11907,49,1.17735075,283,10477,N,81.6666666666667,2,119
10781,50,1.33128,320,11907,N,83.3333333333333,2,119
11586,51,1.35208125,325,10781,N,85,2,119
10875,52,1.33128,320,11586,N,86.6666666666667,2,119
11431,53,1.4228055,342,10875,N,88.3333333333333,2,119
11255,54,1.46856825,353,11431,N,90,2,119
10625,55,1.4893695,358,11255,N,91.6666666666667,2,119
12579,56,1.59337575,383,10625,N,93.3333333333333,2,119
12263,57,1.7389845,418,12579,N,95,2,119
12319,58,1.36040175,327,12263,N,96.6666666666667,2,119
12053,59,1.630818,392,12319,N,98.3333333333333,2,119
13296,62,1.75146525,421,12053,N,103.333333333333,2,119
13284,63,1.75978575,423,13296,N,105,2,119
15011,64,1.7556255,422,13284,N,106.666666666667,2,119
14371,65,1.7223435,414,15011,N,108.333333333333,2,119
14611,66,2.00940075,483,14371,N,110,2,119
14378,67,1.7556255,422,14611,N,111.666666666667,2,119
14150,68,1.94283675,467,14378,N,113.333333333333,2,119
14267,69,1.95115725,469,14150,N,115,2,119
15390,70,2.07596475,499,14267,N,116.666666666667,2,119
2060,0,0.97765875,235,NA,N,0,0,120
2058,1,1.1898315,286,2060,N,1.66666666666667,0,120
2122,2,1.28551725,309,2058,N,3.33333333333333,0,120
2118,3,1.2730365,306,2122,N,5,0,120
2087,4,1.35208125,325,2118,N,6.66666666666667,0,120
2059,5,1.36040175,327,2087,N,8.33333333333333,0,120
2117,6,1.43528625,345,2059,N,10,0,120
2099,7,1.5226515,366,2117,N,11.6666666666667,0,120
3381,8,1.4394465,346,2099,N,13.3333333333333,0,120
3776,9,1.36872225,329,3381,N,15,0,120
3291,10,1.42696575,343,3776,N,16.6666666666667,0,120
3355,11,1.48520925,357,3291,N,18.3333333333333,0,120
3373,12,1.46856825,353,3355,N,20,0,120
3434,13,1.46024775,351,3373,N,21.6666666666667,0,120
3544,14,1.431126,344,3434,N,23.3333333333333,0,120
3497,15,1.4893695,358,3544,N,25,0,120
4654,16,1.4893695,358,3497,N,26.6666666666667,0,120
4921,17,1.414485,340,4654,N,28.3333333333333,0,120
4675,18,1.41032475,339,4921,N,30,0,120
4609,19,1.3728825,330,4675,N,31.6666666666667,0,120
5493,20,1.3562415,326,4609,N,33.3333333333333,0,120
5511,21,1.71818325,413,5493,N,35,0,120
4661,22,1.83467025,441,5511,N,36.6666666666667,0,120
4639,23,2.00940075,483,4661,N,38.3333333333333,0,120
6655,24,2.0884455,502,4639,N,40,0,120
6197,25,1.07750475,259,6655,Y,41.6666666666667,1,120
6585,26,1.1066265,266,6197,N,43.3333333333333,1,120
2580,0,1.88459325,453,NA,N,0,0,121
2698,1,1.7389845,418,2580,N,1.66666666666667,0,121
2716,2,1.9220355,462,2698,N,3.33333333333333,0,121
2897,3,0.915255,220,2716,Y,5,1,121
2573,4,0.881973,212,2897,N,6.66666666666667,1,121
3005,5,0.9734985,234,2573,N,8.33333333333333,1,121
2661,6,1.048383,252,3005,N,10,1,121
2599,7,1.131588,272,2661,N,11.6666666666667,1,121
3627,8,1.1731905,282,2599,N,13.3333333333333,1,121
4142,9,1.19399175,287,3627,N,15,1,121
4074,10,1.16070975,279,4142,N,16.6666666666667,1,121
3911,11,1.131588,272,4074,N,18.3333333333333,1,121
4433,12,1.1898315,286,3911,N,20,1,121
3670,13,1.22727375,295,4433,N,21.6666666666667,1,121
4008,14,1.27719675,307,3670,N,23.3333333333333,1,121
3943,15,1.26055575,303,4008,N,25,1,121
5019,16,1.3562415,326,3943,N,26.6666666666667,1,121
5317,17,1.36872225,329,5019,N,28.3333333333333,1,121
5067,18,1.3562415,326,5317,N,30,1,121
5020,19,1.3895235,334,5067,N,31.6666666666667,1,121
5817,20,1.381203,332,5020,N,33.3333333333333,1,121
5765,21,1.46024775,351,5817,N,35,1,121
5054,22,1.414485,340,5765,N,36.6666666666667,1,121
5520,23,1.297998,312,5054,N,38.3333333333333,1,121
7214,24,1.5060105,362,5520,N,40,1,121
6203,25,1.53513225,369,7214,N,41.6666666666667,1,121
7104,26,1.547613,372,6203,N,43.3333333333333,1,121
6845,27,1.5060105,362,7104,N,45,1,121
6806,28,1.51017075,363,6845,N,46.6666666666667,1,121
6225,29,1.56009375,375,6806,N,48.3333333333333,1,121
6981,30,1.580895,380,6225,N,50,1,121
6307,31,1.630818,392,6981,N,51.6666666666667,1,121
7610,32,1.6391385,394,6307,N,53.3333333333333,1,121
8402,33,1.66826025,401,7610,N,55,1,121
7961,34,1.81802925,437,8402,N,56.6666666666667,1,121
7623,35,1.75978575,423,7961,N,58.3333333333333,1,121
8445,36,1.72650375,415,7623,N,60,1,121
8143,37,1.863792,448,8445,N,61.6666666666667,1,121
7660,38,1.85131125,445,8143,N,63.3333333333333,1,121
8675,39,2.01772125,485,7660,N,65,1,121
9049,40,2.12588775,511,8675,N,66.6666666666667,1,121
8867,41,2.26733625,545,9049,N,68.3333333333333,1,121
9447,42,2.74992525,661,8867,N,70,1,121
9247,43,2.5377525,610,9447,N,71.6666666666667,1,121
9644,44,2.5211115,606,9247,N,73.3333333333333,1,121
9855,45,1.13574825,273,9644,Y,75,2,121
10181,46,1.3396005,322,9855,N,76.6666666666667,2,121
10150,47,1.5392925,370,10181,N,78.3333333333333,2,121
10524,48,1.61833725,389,10150,N,80,2,121
11954,49,1.6391385,394,10524,N,81.6666666666667,2,121
10950,50,1.797228,432,11954,N,83.3333333333333,2,121
11668,51,1.80138825,433,10950,N,85,2,121
11019,52,2.0218815,486,11668,N,86.6666666666667,2,121
11567,53,2.04268275,491,11019,N,88.3333333333333,2,121
11340,54,2.379663,572,11567,N,90,2,121
10675,55,2.19245175,527,11340,N,91.6666666666667,2,121
12765,56,1.031742,248,10675,Y,93.3333333333333,3,121
12525,57,1.098306,264,12765,N,95,3,121
12558,58,1.214793,292,12525,N,96.6666666666667,3,121
2580,0,1.88459325,453,NA,N,0,0,122
2698,1,1.7389845,418,2580,N,1.66666666666667,0,122
2716,2,1.9220355,462,2698,N,3.33333333333333,0,122
2896,3,0.88613325,213,2716,Y,5,1,122
2568,4,0.782127,188,2896,N,6.66666666666667,1,122
2998,5,0.87781275,211,2568,N,8.33333333333333,1,122
2655,6,0.81956925,197,2998,N,10,1,122
2595,7,0.931896,224,2655,N,11.6666666666667,1,122
3625,8,0.91109475,219,2595,N,13.3333333333333,1,122
3917,9,0.9901395,238,3625,N,15,1,122
3322,10,1.11078675,267,3917,N,16.6666666666667,1,122
3704,11,0.9901395,238,3322,N,18.3333333333333,1,122
3476,12,1.22727375,295,3704,N,20,1,122
3557,13,0.931896,224,3476,N,21.6666666666667,1,122
3760,14,1.2231135,294,3557,N,23.3333333333333,1,122
3721,15,1.11078675,267,3760,N,25,1,122
4792,16,1.1898315,286,3721,N,26.6666666666667,1,122
5066,17,1.3562415,326,4792,N,28.3333333333333,1,122
4835,18,1.38536325,333,5066,N,30,1,122
4758,19,1.414485,340,4835,N,31.6666666666667,1,122
5687,20,1.51017075,363,4758,N,33.3333333333333,1,122
5660,21,1.53513225,369,5687,N,35,1,122
4820,22,1.56009375,375,5660,N,36.6666666666667,1,122
4795,23,1.70154225,409,4820,N,38.3333333333333,1,122
6710,24,1.73482425,417,4795,N,40,1,122
6057,25,1.66826025,401,6710,N,41.6666666666667,1,122
6608,26,1.70154225,409,6057,N,43.3333333333333,1,122
6595,27,1.97611875,475,6608,N,45,1,122
6637,28,2.13420825,513,6595,N,46.6666666666667,1,122
6054,29,2.16333,520,6637,N,48.3333333333333,1,122
6660,30,2.20077225,529,6054,N,50,1,122
6090,31,1.13574825,273,6660,Y,51.6666666666667,2,122
7428,32,1.21895325,293,6090,N,53.3333333333333,2,122
8228,33,1.25223525,301,7428,N,55,2,122
7896,34,1.31047875,315,8228,N,56.6666666666667,2,122
7549,35,1.3063185,314,7896,N,58.3333333333333,2,122
8290,36,1.29383775,311,7549,N,60,2,122
8074,37,1.4228055,342,8290,N,61.6666666666667,2,122
7476,38,1.48520925,357,8074,N,63.3333333333333,2,122
8615,39,1.4727285,354,7476,N,65,2,122
8995,40,1.4394465,346,8615,N,66.6666666666667,2,122
8809,41,1.414485,340,8995,N,68.3333333333333,2,122
9388,42,1.65161925,397,8809,N,70,2,122
9181,43,1.69322175,407,9388,N,71.6666666666667,2,122
9583,44,1.9220355,462,9181,N,73.3333333333333,2,122
9783,45,1.7057025,410,9583,N,75,2,122
10004,46,2.08428525,501,9783,N,76.6666666666667,2,122
9989,47,2.179971,524,10004,N,78.3333333333333,2,122
10458,48,2.2881375,550,9989,N,80,2,122
11892,49,2.39214375,575,10458,N,81.6666666666667,2,122
10766,50,1.065024,256,11892,Y,83.3333333333333,3,122
11564,51,1.25223525,301,10766,N,85,3,122
10392,52,1.297998,312,11564,N,86.6666666666667,3,122
11386,53,1.47688875,355,10392,N,88.3333333333333,3,122
11232,54,1.514331,364,11386,N,90,3,122
10606,55,1.3229595,318,11232,N,91.6666666666667,3,122
2077,0,1.5892155,382,NA,N,0,0,123
2073,1,1.66826025,401,2077,N,1.66666666666667,0,123
2140,2,1.70154225,409,2073,N,3.33333333333333,0,123
2137,3,1.70986275,411,2140,N,5,0,123
2115,4,1.813869,436,2137,N,6.66666666666667,0,123
2074,5,1.880433,452,2115,N,8.33333333333333,0,123
2139,6,2.1550095,518,2074,N,10,0,123
2120,7,2.1882915,526,2139,N,11.6666666666667,0,123
3392,8,2.24237475,539,2120,N,13.3333333333333,0,123
3792,9,2.24237475,539,3392,N,15,0,123
3296,10,1.14406875,275,3792,Y,16.6666666666667,1,123
3372,11,1.12742775,271,3296,N,18.3333333333333,1,123
3389,12,1.214793,292,3372,N,20,1,123
3451,13,1.23559425,297,3389,N,21.6666666666667,1,123
3678,14,1.32711975,319,3451,N,23.3333333333333,1,123
3515,15,1.28551725,309,3678,N,25,1,123
4672,16,1.36872225,329,3515,N,26.6666666666667,1,123
4944,17,1.397844,336,4672,N,28.3333333333333,1,123
4698,18,1.48520925,357,4944,N,30,1,123
4622,19,1.547613,372,4698,N,31.6666666666667,1,123
5504,20,1.530972,368,4622,N,33.3333333333333,1,123
5542,21,1.54345275,371,5504,N,35,1,123
4682,22,1.564254,376,5542,N,36.6666666666667,1,123
4659,23,1.6058565,386,4682,N,38.3333333333333,1,123
6664,24,1.5226515,366,4659,N,40,1,123
5975,25,1.72650375,415,6664,N,41.6666666666667,1,123
6468,26,1.71818325,413,5975,N,43.3333333333333,1,123
6512,27,1.74314475,419,6468,N,45,1,123
2845,0,0.86949225,209,NA,N,0,0,124
2943,1,0.92773575,223,2845,N,1.66666666666667,0,124
3044,2,1.33544025,321,2943,N,3.33333333333333,0,124
3156,3,1.264716,304,3044,N,5,0,124
2785,4,1.38536325,333,3156,N,6.66666666666667,0,124
3230,5,1.49352975,359,2785,N,8.33333333333333,0,124
2960,6,1.07750475,259,3230,N,10,0,124
2777,7,1.1731905,282,2960,N,11.6666666666667,0,124
4464,8,1.38536325,333,2777,N,13.3333333333333,0,124
4336,9,1.3396005,322,4464,N,15,0,124
4280,10,1.49769,360,4336,N,16.6666666666667,0,124
4102,11,1.4893695,358,4280,N,18.3333333333333,0,124
4508,12,1.42696575,343,4102,N,20,0,124
3870,13,1.3562415,326,4508,N,21.6666666666667,0,124
4208,14,1.3895235,334,3870,N,23.3333333333333,0,124
4134,15,1.481049,356,4208,N,25,0,124
5231,16,1.59337575,383,4134,N,26.6666666666667,0,124
5536,17,1.61833725,389,5231,N,28.3333333333333,0,124
5291,18,1.6890615,406,5536,N,30,0,124
5264,19,1.61001675,387,5291,N,31.6666666666667,0,124
5906,20,1.64329875,395,5264,N,33.3333333333333,0,124
5858,21,1.73482425,417,5906,N,35,0,124
5268,22,2.0218815,486,5858,N,36.6666666666667,0,124
5594,23,2.03436225,489,5268,N,38.3333333333333,0,124
7256,24,2.20077225,529,5594,N,40,0,124
6315,25,2.10092625,505,7256,N,41.6666666666667,0,124
7299,26,2.21741325,533,6315,N,43.3333333333333,0,124
6941,27,2.3047785,554,7299,N,45,0,124
6915,28,2.679201,644,6941,N,46.6666666666667,0,124
6339,29,2.446227,588,6915,N,48.3333333333333,0,124
7110,30,2.629278,632,6339,N,50,0,124
6413,31,2.92465575,703,7110,N,51.6666666666667,0,124
7715,32,3.10770675,747,6413,N,53.3333333333333,0,124
8486,33,3.07442475,739,7715,N,55,0,124
7987,34,1.53513225,369,8486,Y,56.6666666666667,1,124
7682,35,1.5559335,374,7987,N,58.3333333333333,1,124
8489,36,1.64329875,395,7682,N,60,1,124
8174,37,1.70154225,409,8489,N,61.6666666666667,1,124
7719,38,1.697382,408,8174,N,63.3333333333333,1,124
8696,39,1.60169625,385,7719,N,65,1,124
2593,0,1.00262025,241,NA,N,0,0,125
2718,1,0.91109475,219,2593,N,1.66666666666667,0,125
2745,2,0.91109475,219,2718,N,3.33333333333333,0,125
2913,3,1.02758175,247,2745,N,5,0,125
2596,4,0.97765875,235,2913,N,6.66666666666667,0,125
3031,5,1.01094075,243,2596,N,8.33333333333333,0,125
2674,6,1.0067805,242,3031,N,10,0,125
2610,7,1.06918425,257,2674,N,11.6666666666667,0,125
3634,8,1.131588,272,2610,N,13.3333333333333,0,125
4163,9,1.13574825,273,3634,N,15,0,125
4093,10,1.18567125,285,4163,N,16.6666666666667,0,125
3922,11,1.214793,292,4093,N,18.3333333333333,0,125
4439,12,1.19399175,287,3922,N,20,0,125
3673,13,1.231434,296,4439,N,21.6666666666667,0,125
4018,14,1.181511,284,3673,N,23.3333333333333,0,125
3951,15,1.24391475,299,4018,N,25,0,125
5033,16,1.36872225,329,3951,N,26.6666666666667,0,125
5333,17,1.31047875,315,5033,N,28.3333333333333,0,125
5082,18,1.41864525,341,5333,N,30,0,125
5032,19,1.38536325,333,5082,N,31.6666666666667,0,125
5822,20,1.431126,344,5032,N,33.3333333333333,0,125
5772,21,1.481049,356,5822,N,35,0,125
5068,22,1.5725745,378,5772,N,36.6666666666667,0,125
5526,23,1.514331,364,5068,N,38.3333333333333,0,125
7218,24,1.65993975,399,5526,N,40,0,125
6214,25,1.6557795,398,7218,N,41.6666666666667,0,125
7111,26,1.84299075,443,6214,N,43.3333333333333,0,125
6858,27,1.78474725,429,7111,N,45,0,125
6822,28,1.85963175,447,6858,N,46.6666666666667,0,125
6243,29,2.013561,484,6822,N,48.3333333333333,0,125
7008,30,2.246535,540,6243,N,50,0,125
6330,31,2.45870775,591,7008,N,51.6666666666667,0,125
7622,32,2.46702825,593,6330,N,53.3333333333333,0,125
8414,33,1.46024775,351,7622,Y,55,1,125
7970,34,1.61833725,389,8414,N,56.6666666666667,1,125
7639,35,1.580895,380,7970,N,58.3333333333333,1,125
8459,36,1.65993975,399,7639,N,60,1,125
8150,37,1.77642675,427,8459,N,61.6666666666667,1,125
7677,38,1.82634975,439,8150,N,63.3333333333333,1,125
8681,39,1.80970875,435,7677,N,65,1,125
9055,40,1.81802925,437,8681,N,66.6666666666667,1,125
8874,41,1.8554715,446,9055,N,68.3333333333333,1,125
9455,42,1.91787525,461,8874,N,70,1,125
9255,43,2.17581075,523,9455,N,71.6666666666667,1,125
9651,44,2.50863075,603,9255,N,73.3333333333333,1,125
9872,45,2.4545475,590,9651,N,75,1,125
10200,46,2.57519475,619,9872,N,76.6666666666667,1,125
10172,47,1.31047875,315,10200,Y,78.3333333333333,2,125
10536,48,1.51849125,365,10172,N,80,2,125
11946,49,1.61833725,389,10536,N,81.6666666666667,2,125
10910,50,1.5392925,370,11946,N,83.3333333333333,2,125
11581,51,1.73482425,417,10910,N,85,2,125
10406,52,1.69322175,407,11581,N,86.6666666666667,2,125
11420,53,1.8554715,446,10406,N,88.3333333333333,2,125
11249,54,1.780587,428,11420,N,90,2,125
10622,55,1.91787525,461,11249,N,91.6666666666667,2,125
12621,56,2.229894,536,10622,N,93.3333333333333,2,125
12285,57,2.213253,532,12621,N,95,2,125
12354,58,2.47534875,595,12285,N,96.6666666666667,2,125
12245,59,2.82897,680,12354,N,98.3333333333333,2,125
2850,0,0.81956925,197,NA,N,0,0,126
2950,1,0.97765875,235,2850,N,1.66666666666667,0,126
3052,2,0.8736525,210,2950,N,3.33333333333333,0,126
3160,3,0.86949225,209,3052,N,5,0,126
2802,4,0.96933825,233,3160,N,6.66666666666667,0,126
3235,5,0.98597925,237,2802,N,8.33333333333333,0,126
2965,6,0.94437675,227,3235,N,10,0,126
2782,7,0.9402165,226,2965,N,11.6666666666667,0,126
4467,8,1.01926125,245,2782,N,13.3333333333333,0,126
4339,9,1.0067805,242,4467,N,15,0,126
4285,10,0.96933825,233,4339,N,16.6666666666667,0,126
4105,11,1.098306,264,4285,N,18.3333333333333,0,126
4510,12,1.048383,252,4105,N,20,0,126
3875,13,1.1066265,266,4510,N,21.6666666666667,0,126
4217,14,1.21895325,293,3875,N,23.3333333333333,0,126
4139,15,1.2231135,294,4217,N,25,0,126
5236,16,1.131588,272,4139,N,26.6666666666667,0,126
5537,17,1.40200425,337,5236,N,28.3333333333333,0,126
5296,18,1.4061645,338,5537,N,30,0,126
5269,19,1.47688875,355,5296,N,31.6666666666667,0,126
5907,20,1.31047875,315,5269,N,33.3333333333333,0,126
5860,21,1.42696575,343,5907,N,35,0,126
5274,22,1.4061645,338,5860,N,36.6666666666667,0,126
5595,23,1.697382,408,5274,N,38.3333333333333,0,126
7258,24,1.863792,448,5595,N,40,0,126
6317,25,1.6890615,406,7258,N,41.6666666666667,0,126
7300,26,2.07596475,499,6317,N,43.3333333333333,0,126
6948,27,2.05932375,495,7300,N,45,0,126
6954,28,1.36040175,327,6948,Y,46.6666666666667,1,126
6391,29,1.31879925,317,6954,N,48.3333333333333,1,126
7136,30,1.49352975,359,6391,N,50,1,126
6450,31,1.547613,372,7136,N,51.6666666666667,1,126
7746,32,1.68490125,405,6450,N,53.3333333333333,1,126
8504,33,1.54345275,371,7746,N,55,1,126
8015,34,1.630818,392,8504,N,56.6666666666667,1,126
7767,35,1.77642675,427,8015,N,58.3333333333333,1,126
8552,36,1.53513225,369,7767,N,60,1,126
8277,37,1.8721125,450,8552,N,61.6666666666667,1,126
7835,38,2.02604175,487,8277,N,63.3333333333333,1,126
8740,39,1.97611875,475,7835,N,65,1,126
9110,40,2.3047785,554,8740,N,66.6666666666667,1,126
8935,41,2.196612,528,9110,N,68.3333333333333,1,126
9345,42,2.346381,564,8935,N,70,1,126
9210,43,1.248075,300,9345,Y,71.6666666666667,2,126
9689,44,1.214793,292,9210,N,73.3333333333333,2,126
9999,45,1.39368375,335,9689,N,75,2,126
10282,46,1.464408,352,9999,N,76.6666666666667,2,126
10254,47,1.40200425,337,10282,N,78.3333333333333,2,126
10850,48,1.52681175,367,10254,N,80,2,126
12012,49,1.8055485,434,10850,N,81.6666666666667,2,126
11149,50,1.69322175,407,12012,N,83.3333333333333,2,126
11682,51,1.97611875,475,11149,N,85,2,126
2850,0,0.81956925,197,NA,N,0,0,127
2950,1,0.97765875,235,2850,N,1.66666666666667,0,127
3052,2,0.8736525,210,2950,N,3.33333333333333,0,127
3160,3,0.86949225,209,3052,N,5,0,127
2802,4,0.96933825,233,3160,N,6.66666666666667,0,127
3235,5,0.98597925,237,2802,N,8.33333333333333,0,127
2965,6,0.94437675,227,3235,N,10,0,127
2782,7,0.9402165,226,2965,N,11.6666666666667,0,127
4467,8,1.01926125,245,2782,N,13.3333333333333,0,127
4339,9,1.0067805,242,4467,N,15,0,127
4285,10,0.96933825,233,4339,N,16.6666666666667,0,127
4105,11,1.098306,264,4285,N,18.3333333333333,0,127
4510,12,1.048383,252,4105,N,20,0,127
3875,13,1.1066265,266,4510,N,21.6666666666667,0,127
4217,14,1.21895325,293,3875,N,23.3333333333333,0,127
4139,15,1.2231135,294,4217,N,25,0,127
5236,16,1.131588,272,4139,N,26.6666666666667,0,127
5537,17,1.40200425,337,5236,N,28.3333333333333,0,127
5296,18,1.4061645,338,5537,N,30,0,127
5269,19,1.47688875,355,5296,N,31.6666666666667,0,127
5907,20,1.31047875,315,5269,N,33.3333333333333,0,127
5860,21,1.42696575,343,5907,N,35,0,127
5274,22,1.4061645,338,5860,N,36.6666666666667,0,127
5595,23,1.697382,408,5274,N,38.3333333333333,0,127
7258,24,1.863792,448,5595,N,40,0,127
6317,25,1.6890615,406,7258,N,41.6666666666667,0,127
7300,26,2.07596475,499,6317,N,43.3333333333333,0,127
6948,27,2.05932375,495,7300,N,45,0,127
6814,28,0.80292825,193,6948,Y,46.6666666666667,1,127
6233,29,0.8237295,198,6814,N,48.3333333333333,1,127
6998,30,0.86949225,209,6233,N,50,1,127
6321,31,0.965178,232,6998,N,51.6666666666667,1,127
7616,32,0.98597925,237,6321,N,53.3333333333333,1,127
8404,33,0.99429975,239,7616,N,55,1,127
7965,34,1.065024,256,8404,N,56.6666666666667,1,127
7629,35,1.05254325,253,7965,N,58.3333333333333,1,127
8453,36,1.12742775,271,7629,N,60,1,127
8147,37,1.3895235,334,8453,N,61.6666666666667,1,127
7667,38,1.3229595,318,8147,N,63.3333333333333,1,127
8678,39,1.36040175,327,7667,N,65,1,127
9052,40,1.31047875,315,8678,N,66.6666666666667,1,127
8871,41,1.34376075,323,9052,N,68.3333333333333,1,127
9451,42,1.33544025,321,8871,N,70,1,127
9251,43,1.51017075,363,9451,N,71.6666666666667,1,127
9648,44,1.6724205,402,9251,N,73.3333333333333,1,127
9862,45,1.597536,384,9648,N,75,1,127
10190,46,1.57673475,379,9862,N,76.6666666666667,1,127
10161,47,1.880433,452,10190,N,78.3333333333333,1,127
10480,48,1.098306,264,10161,Y,80,2,127
11910,49,1.03590225,249,10480,N,81.6666666666667,2,127
10784,50,1.148229,276,11910,N,83.3333333333333,2,127
11588,51,1.198152,288,10784,N,85,2,127
10883,52,1.281357,308,11588,N,86.6666666666667,2,127
2597,0,1.564254,376,NA,N,0,0,128
2723,1,1.6641,400,2597,N,1.66666666666667,0,128
2752,2,1.70986275,411,2723,N,3.33333333333333,0,128
2916,3,1.80138825,433,2752,N,5,0,128
2603,4,1.90123425,457,2916,N,6.66666666666667,0,128
3046,5,1.90955475,459,2603,N,8.33333333333333,0,128
2679,6,1.9220355,462,3046,N,10,0,128
2615,7,1.9885995,478,2679,N,11.6666666666667,0,128
3636,8,1.98443925,477,2615,N,13.3333333333333,0,128
4169,9,2.179971,524,3636,N,15,0,128
4098,10,2.1050865,506,4169,N,16.6666666666667,0,128
3928,11,2.08428525,501,4098,N,18.3333333333333,0,128
4441,12,2.20077225,529,3928,N,20,0,128
3674,13,2.20909275,531,4441,N,21.6666666666667,0,128
4023,14,2.25069525,541,3674,N,23.3333333333333,0,128
3955,15,2.33390025,561,4023,N,25,0,128
5040,16,2.30893875,555,3955,N,26.6666666666667,0,128
5338,17,1.14406875,275,5040,Y,28.3333333333333,1,128
5086,18,1.21895325,293,5338,N,30,1,128
5038,19,1.2563955,302,5086,N,31.6666666666667,1,128
5824,20,1.30215825,313,5038,N,33.3333333333333,1,128
5774,21,1.35208125,325,5824,N,35,1,128
5073,22,1.3396005,322,5774,N,36.6666666666667,1,128
5528,23,1.447767,348,5073,N,38.3333333333333,1,128
7219,24,1.4727285,354,5528,N,40,1,128
6217,25,1.55177325,373,7219,N,41.6666666666667,1,128
7112,26,1.6224975,390,6217,N,43.3333333333333,1,128
6860,27,1.80970875,435,7112,N,45,1,128
6825,28,1.98443925,477,6860,N,46.6666666666667,1,128
6246,29,2.113407,508,6825,N,48.3333333333333,1,128
7011,30,2.18413125,525,6246,N,50,1,128
6333,31,2.080125,500,7011,N,51.6666666666667,1,128
7628,32,1.06086375,255,6333,Y,53.3333333333333,2,128
8417,33,1.031742,248,7628,N,55,2,128
7974,34,1.10246625,265,8417,N,56.6666666666667,2,128
3110,0,1.02758175,247,NA,N,0,0,129
3079,1,1.02758175,247,3110,N,1.66666666666667,0,129
3194,2,1.11078675,267,3079,N,3.33333333333333,0,129
3238,3,1.19399175,287,3194,N,5,0,129
3119,4,1.16070975,279,3238,N,6.66666666666667,0,129
3271,5,1.2563955,302,3119,N,8.33333333333333,0,129
3199,6,1.30215825,313,3271,N,10,0,129
2917,7,1.3562415,326,3199,N,11.6666666666667,0,129
4573,8,1.364562,328,2917,N,13.3333333333333,0,129
4515,9,1.41864525,341,4573,N,15,0,129
4369,10,1.39368375,335,4515,N,16.6666666666667,0,129
4250,11,1.43528625,345,4369,N,18.3333333333333,0,129
4558,12,1.45192725,349,4250,N,20,0,129
4368,13,1.4560875,350,4558,N,21.6666666666667,0,129
4337,14,1.51849125,365,4368,N,23.3333333333333,0,129
4261,15,1.5559335,374,4337,N,25,0,129
5364,16,1.52681175,367,4261,N,26.6666666666667,0,129
5713,17,1.56841425,377,5364,N,28.3333333333333,0,129
5421,18,1.5559335,374,5713,N,30,0,129
5412,19,1.58505525,381,5421,N,31.6666666666667,0,129
5943,20,1.5226515,366,5412,N,33.3333333333333,0,129
5915,21,1.6224975,390,5943,N,35,0,129
5411,22,1.77642675,427,5915,N,36.6666666666667,0,129
5640,23,1.847151,444,5411,N,38.3333333333333,0,129
7286,24,1.86795225,449,5640,N,40,0,129
6487,25,2.01772125,485,7286,N,41.6666666666667,0,129
7327,26,2.05100325,493,6487,N,43.3333333333333,0,129
7161,27,2.14252875,515,7327,N,45,0,129
7028,28,2.21741325,533,7161,N,46.6666666666667,0,129
6451,29,2.396304,576,7028,N,48.3333333333333,0,129
7184,30,2.529432,608,6451,N,50,0,129
6522,31,2.64175875,635,7184,N,51.6666666666667,0,129
7785,32,2.7374445,658,6522,N,53.3333333333333,0,129
8529,33,3.01618125,725,7785,N,55,0,129
8030,34,1.54345275,371,8529,Y,56.6666666666667,1,129
7807,35,1.76810625,425,8030,N,58.3333333333333,1,129
8566,36,1.57673475,379,7807,N,60,1,129
8329,37,1.614177,388,8566,N,61.6666666666667,1,129
7856,38,1.697382,408,8329,N,63.3333333333333,1,129
3110,0,1.02758175,247,NA,N,0,0,130
3079,1,1.02758175,247,3110,N,1.66666666666667,0,130
3194,2,1.11078675,267,3079,N,3.33333333333333,0,130
3238,3,1.19399175,287,3194,N,5,0,130
3119,4,1.16070975,279,3238,N,6.66666666666667,0,130
3271,5,1.2563955,302,3119,N,8.33333333333333,0,130
3199,6,1.30215825,313,3271,N,10,0,130
2917,7,1.3562415,326,3199,N,11.6666666666667,0,130
4573,8,1.364562,328,2917,N,13.3333333333333,0,130
4515,9,1.41864525,341,4573,N,15,0,130
4369,10,1.39368375,335,4515,N,16.6666666666667,0,130
4250,11,1.43528625,345,4369,N,18.3333333333333,0,130
4558,12,1.45192725,349,4250,N,20,0,130
4368,13,1.4560875,350,4558,N,21.6666666666667,0,130
4337,14,1.51849125,365,4368,N,23.3333333333333,0,130
4261,15,1.5559335,374,4337,N,25,0,130
5364,16,1.52681175,367,4261,N,26.6666666666667,0,130
5713,17,1.56841425,377,5364,N,28.3333333333333,0,130
5421,18,1.5559335,374,5713,N,30,0,130
5412,19,1.58505525,381,5421,N,31.6666666666667,0,130
5943,20,1.5226515,366,5412,N,33.3333333333333,0,130
5915,21,1.6224975,390,5943,N,35,0,130
5411,22,1.77642675,427,5915,N,36.6666666666667,0,130
5640,23,1.847151,444,5411,N,38.3333333333333,0,130
7286,24,1.86795225,449,5640,N,40,0,130
6487,25,2.01772125,485,7286,N,41.6666666666667,0,130
7327,26,2.05100325,493,6487,N,43.3333333333333,0,130
7161,27,2.14252875,515,7327,N,45,0,130
7028,28,2.21741325,533,7161,N,46.6666666666667,0,130
6451,29,2.396304,576,7028,N,48.3333333333333,0,130
7184,30,2.529432,608,6451,N,50,0,130
6522,31,2.64175875,635,7184,N,51.6666666666667,0,130
7785,32,2.7374445,658,6522,N,53.3333333333333,0,130
8529,33,3.01618125,725,7785,N,55,0,130
8029,34,1.2563955,302,8529,Y,56.6666666666667,1,130
7805,35,1.41864525,341,8029,N,58.3333333333333,1,130
8565,36,1.41864525,341,7805,N,60,1,130
8325,37,1.42696575,343,8565,N,61.6666666666667,1,130
7855,38,1.56009375,375,8325,N,63.3333333333333,1,130
8760,39,1.8221895,438,7855,N,65,1,130
9128,40,1.85131125,445,8760,N,66.6666666666667,1,130
8952,41,1.95947775,471,9128,N,68.3333333333333,1,130
9532,42,2.02604175,487,8952,N,70,1,130
9336,43,2.02604175,487,9532,N,71.6666666666667,1,130
9724,44,2.10092625,505,9336,N,73.3333333333333,1,130
10099,45,2.09260575,503,9724,N,75,1,130
10333,46,2.19245175,527,10099,N,76.6666666666667,1,130
10312,47,2.41710525,581,10333,N,78.3333333333333,1,130
10962,48,2.512791,604,10312,N,80,1,130
12041,49,2.66256,640,10962,N,81.6666666666667,1,130
11176,50,2.62511775,631,12041,N,83.3333333333333,1,130
11829,51,1.41032475,339,11176,Y,85,2,130
11122,52,1.47688875,355,11829,N,86.6666666666667,2,130
11770,53,1.51849125,365,11122,N,88.3333333333333,2,130
11523,54,1.60169625,385,11770,N,90,2,130
10955,55,1.90123425,457,11523,N,91.6666666666667,2,130
12914,56,2.0218815,486,10955,N,93.3333333333333,2,130
12798,57,2.046843,492,12914,N,95,2,130
12880,58,2.13420825,513,12798,N,96.6666666666667,2,130
12564,59,2.4212655,582,12880,N,98.3333333333333,2,130
13334,61,1.447767,348,12564,Y,101.666666666667,3,130
13690,62,1.231434,296,13334,N,103.333333333333,3,130
13758,63,1.3229595,318,13690,N,105,3,130
14964,64,1.530972,368,13758,N,106.666666666667,3,130
14342,65,1.6557795,398,14964,N,108.333333333333,3,130
14575,66,1.714023,412,14342,N,110,3,130
14333,67,1.797228,432,14575,N,111.666666666667,3,130
14110,68,1.88459325,453,14333,N,113.333333333333,3,130
14222,69,2.10092625,505,14110,N,115,3,130
15367,70,2.246535,540,14222,N,116.666666666667,3,130
2600,0,0.865332,208,NA,N,0,0,131
2727,1,0.8736525,210,2600,N,1.66666666666667,0,131
2758,2,0.931896,224,2727,N,3.33333333333333,0,131
2919,3,0.9069345,218,2758,N,5,0,131
2606,4,1.00262025,241,2919,N,6.66666666666667,0,131
3051,5,0.948537,228,2606,N,8.33333333333333,0,131
2685,6,0.9069345,218,3051,N,10,0,131
2618,7,0.915255,220,2685,N,11.6666666666667,0,131
3638,8,0.91941525,221,2618,N,13.3333333333333,0,131
4174,9,0.9402165,226,3638,N,15,0,131
4103,10,0.97765875,235,4174,N,16.6666666666667,0,131
3933,11,0.94437675,227,4103,N,18.3333333333333,0,131
4443,12,0.9901395,238,3933,N,20,0,131
3675,13,1.04422275,251,4443,N,21.6666666666667,0,131
4028,14,1.02758175,247,3675,N,23.3333333333333,0,131
3959,15,1.08582525,261,4028,N,25,0,131
5046,16,1.19399175,287,3959,N,26.6666666666667,0,131
5347,17,1.248075,300,5046,N,28.3333333333333,0,131
5095,18,1.24391475,299,5347,N,30,0,131
5048,19,1.25223525,301,5095,N,31.6666666666667,0,131
5827,20,1.23559425,297,5048,N,33.3333333333333,0,131
5778,21,1.314639,316,5827,N,35,0,131
5081,22,1.30215825,313,5778,N,36.6666666666667,0,131
5533,23,1.281357,308,5081,N,38.3333333333333,0,131
7221,24,1.347921,324,5533,N,40,0,131
6224,25,1.381203,332,7221,N,41.6666666666667,0,131
7116,26,1.49352975,359,6224,N,43.3333333333333,0,131
6866,27,1.464408,352,7116,N,45,0,131
6832,28,1.63497825,393,6866,N,46.6666666666667,0,131
6252,29,1.680741,404,6832,N,48.3333333333333,0,131
7017,30,1.8221895,438,6252,N,50,0,131
6340,31,1.946997,468,7017,N,51.6666666666667,0,131
7631,32,2.0218815,486,6340,N,53.3333333333333,0,131
8422,33,1.9885995,478,7631,N,55,0,131
7975,34,1.85131125,445,8422,N,56.6666666666667,0,131
7647,35,1.863792,448,7975,N,58.3333333333333,0,131
8465,36,2.013561,484,7647,N,60,0,131
8154,37,2.0052405,482,8465,N,61.6666666666667,0,131
7686,38,2.0052405,482,8154,N,63.3333333333333,0,131
8684,39,1.897074,456,7686,N,65,0,131
9058,40,1.83467025,441,8684,N,66.6666666666667,0,131
9458,42,2.0718045,498,9058,N,70,0,131
9259,43,2.04268275,491,9458,N,71.6666666666667,0,131
9654,44,2.00108025,481,9259,N,73.3333333333333,0,131
9882,45,2.29229775,551,9654,N,75,0,131
10205,46,2.09260575,503,9882,N,76.6666666666667,0,131
10178,47,2.15084925,517,10205,N,78.3333333333333,0,131
10538,48,1.76810625,425,10178,N,80,0,131
11968,49,0.86117175,207,10538,Y,81.6666666666667,1,131
2604,0,0.6739605,162,NA,N,0,0,132
2734,1,0.71972325,173,2604,N,1.66666666666667,0,132
2764,2,0.70308225,169,2734,N,3.33333333333333,0,132
2921,3,0.881973,212,2764,N,5,0,132
2611,4,0.94437675,227,2921,N,6.66666666666667,0,132
3065,5,0.91941525,221,2611,N,8.33333333333333,0,132
2689,6,0.9402165,226,3065,N,10,0,132
2622,7,0.965178,232,2689,N,11.6666666666667,0,132
4370,8,1.00262025,241,2622,N,13.3333333333333,0,132
4179,9,0.98597925,237,4370,N,15,0,132
4109,10,0.9568575,230,4179,N,16.6666666666667,0,132
3937,11,0.9901395,238,4109,N,18.3333333333333,0,132
4444,12,0.9734985,234,3937,N,20,0,132
3676,13,0.98597925,237,4444,N,21.6666666666667,0,132
4033,14,1.05254325,253,3676,N,23.3333333333333,0,132
3963,15,1.09414575,263,4033,N,25,0,132
5050,16,1.114947,268,3963,N,26.6666666666667,0,132
5352,17,1.14406875,275,5050,N,28.3333333333333,0,132
5100,18,1.1399085,274,5352,N,30,0,132
5053,19,1.14406875,275,5100,N,31.6666666666667,0,132
5829,20,1.15238925,277,5053,N,33.3333333333333,0,132
5780,21,1.20231225,289,5829,N,35,0,132
5087,22,1.2231135,294,5780,N,36.6666666666667,0,132
5535,23,1.297998,312,5087,N,38.3333333333333,0,132
7222,24,1.32711975,319,5535,N,40,0,132
6226,25,1.414485,340,7222,N,41.6666666666667,0,132
7118,26,1.3396005,322,6226,N,43.3333333333333,0,132
6869,27,1.26887625,305,7118,N,45,0,132
6835,28,1.3229595,318,6869,N,46.6666666666667,0,132
6255,29,1.42696575,343,6835,N,48.3333333333333,0,132
7020,30,1.51017075,363,6255,N,50,0,132
6343,31,1.59337575,383,7020,N,51.6666666666667,0,132
7633,32,1.514331,364,6343,N,53.3333333333333,0,132
8423,33,1.747305,420,7633,N,55,0,132
7976,34,1.797228,432,8423,N,56.6666666666667,0,132
7651,35,1.980279,476,7976,N,58.3333333333333,0,132
8467,36,2.0718045,498,7651,N,60,0,132
8155,37,1.90123425,457,8467,N,61.6666666666667,0,132
7690,38,2.146689,516,8155,N,63.3333333333333,0,132
8685,39,2.34222075,563,7690,N,65,0,132
9059,40,2.41710525,581,8685,N,66.6666666666667,0,132
8878,41,1.3229595,318,9059,Y,68.3333333333333,1,132
9460,42,1.3396005,322,8878,N,70,1,132
9261,43,1.3895235,334,9460,N,71.6666666666667,1,132
9655,44,1.48520925,357,9261,N,73.3333333333333,1,132
9885,45,1.614177,388,9655,N,75,1,132
10206,46,1.7223435,414,9885,N,76.6666666666667,1,132
10180,47,1.880433,452,10206,N,78.3333333333333,1,132
10539,48,1.99275975,479,10180,N,80,1,132
11970,49,2.15916975,519,10539,N,81.6666666666667,1,132
10993,50,2.096766,504,11970,N,83.3333333333333,1,132
11704,51,2.296458,552,10993,N,85,1,132
11038,52,2.130048,512,11704,N,86.6666666666667,1,132
11641,53,1.015101,244,11038,Y,88.3333333333333,2,132
11353,54,1.18567125,285,11641,N,90,2,132
10691,55,1.131588,272,11353,N,91.6666666666667,2,132
12787,56,1.07750475,259,10691,N,93.3333333333333,2,132
2350,0,1.9553175,470,NA,N,0,0,133
2310,1,1.7389845,418,2350,N,1.66666666666667,0,133
2361,2,2.063484,496,2310,N,3.33333333333333,0,133
2425,3,2.09260575,503,2361,N,5,0,133
2366,4,1.00262025,241,2425,Y,6.66666666666667,1,133
2383,5,1.01926125,245,2366,N,8.33333333333333,1,133
2436,6,1.065024,256,2383,N,10,1,133
2427,7,1.081665,260,2436,N,11.6666666666667,1,133
3496,8,1.1066265,266,2427,N,13.3333333333333,1,133
3953,9,1.16903025,281,3496,N,15,1,133
3649,10,1.21063275,291,3953,N,16.6666666666667,1,133
3735,11,1.1898315,286,3649,N,18.3333333333333,1,133
3507,12,1.34376075,323,3735,N,20,1,133
3594,13,1.414485,340,3507,N,21.6666666666667,1,133
3805,14,1.51849125,365,3594,N,23.3333333333333,1,133
3758,15,1.5392925,370,3805,N,25,1,133
4842,16,1.53513225,369,3758,N,26.6666666666667,1,133
5113,17,1.60169625,385,4842,N,28.3333333333333,1,133
4877,18,1.56009375,375,5113,N,30,1,133
4806,19,1.6224975,390,4877,N,31.6666666666667,1,133
5732,20,1.68490125,405,4806,N,33.3333333333333,1,133
5693,21,1.76810625,425,5732,N,35,1,133
4867,22,1.73482425,417,5693,N,36.6666666666667,1,133
4847,23,1.83051,440,4867,N,38.3333333333333,1,133
6967,24,1.94283675,467,4847,N,40,1,133
6082,25,1.99692,480,6967,N,41.6666666666667,1,133
6988,26,2.08428525,501,6082,N,43.3333333333333,1,133
6739,27,2.1050865,506,6988,N,45,1,133
6698,28,2.4379065,586,6739,N,46.6666666666667,1,133
6113,29,2.5543935,614,6698,N,48.3333333333333,1,133
6815,30,2.6542395,638,6113,N,50,1,133
6163,31,2.93297625,705,6815,N,51.6666666666667,1,133
7449,32,2.7540855,662,6163,N,53.3333333333333,1,133
8287,33,1.2730365,306,7449,Y,55,2,133
7919,34,1.547613,372,8287,N,56.6666666666667,2,133
7572,35,1.5559335,374,7919,N,58.3333333333333,2,133
8337,36,1.547613,372,7572,N,60,2,133
8089,37,1.5559335,374,8337,N,61.6666666666667,2,133
7492,38,1.58505525,381,8089,N,63.3333333333333,2,133
8635,39,1.65993975,399,7492,N,65,2,133
9013,40,1.6641,400,8635,N,66.6666666666667,2,133
8828,41,1.70154225,409,9013,N,68.3333333333333,2,133
9407,42,1.813869,436,8828,N,70,2,133
9203,43,1.7057025,410,9407,N,71.6666666666667,2,133
9602,44,1.77642675,427,9203,N,73.3333333333333,2,133
9809,45,1.81802925,437,9602,N,75,2,133
10075,46,1.91787525,461,9809,N,76.6666666666667,2,133
10058,47,2.11756725,509,10075,N,78.3333333333333,2,133
10487,48,2.25901575,543,10058,N,80,2,133
11915,49,2.313099,556,10487,N,81.6666666666667,2,133
10789,50,2.412945,580,11915,N,83.3333333333333,2,133
11593,51,2.40878475,579,10789,N,85,2,133
10908,52,2.37550275,571,11593,N,86.6666666666667,2,133
11456,53,2.4212655,582,10908,N,88.3333333333333,2,133
11264,54,2.4878295,598,11456,N,90,2,133
10636,55,2.695842,648,11264,N,91.6666666666667,2,133
12613,56,1.48520925,357,10636,Y,93.3333333333333,3,133
12280,57,1.747305,420,12613,N,95,3,133
12342,58,2.013561,484,12280,N,96.6666666666667,3,133
12236,59,2.030202,488,12342,N,98.3333333333333,3,133
13024,60,1.7057025,410,12236,N,100,3,133
13077,61,2.1383685,514,13024,N,101.666666666667,3,133
13475,62,2.1716505,522,13077,N,103.333333333333,3,133
13462,63,2.16749025,521,13475,N,105,3,133
15227,64,2.2714965,546,13462,N,106.666666666667,3,133
14676,65,2.3214195,558,15227,N,108.333333333333,3,133
14853,66,2.579355,620,14676,N,110,3,133
14639,67,2.7208035,654,14853,N,111.666666666667,3,133
14471,68,2.83313025,681,14639,N,113.333333333333,3,133
14538,69,3.29075775,791,14471,N,115,3,133
15446,70,1.45192725,349,14538,Y,116.666666666667,4,133
2350,0,1.9553175,470,NA,N,0,0,134
2310,1,1.7389845,418,2350,N,1.66666666666667,0,134
2361,2,2.063484,496,2310,N,3.33333333333333,0,134
2425,3,2.09260575,503,2361,N,5,0,134
2364,4,0.92773575,223,2425,Y,6.66666666666667,1,134
2381,5,1.00262025,241,2364,N,8.33333333333333,1,134
2429,6,0.98597925,237,2381,N,10,1,134
2423,7,0.97765875,235,2429,N,11.6666666666667,1,134
3493,8,1.0067805,242,2423,N,13.3333333333333,1,134
3950,9,1.01926125,245,3493,N,15,1,134
3648,10,1.1232675,270,3950,N,16.6666666666667,1,134
3729,11,1.098306,264,3648,N,18.3333333333333,1,134
3502,12,1.0733445,258,3729,N,20,1,134
3589,13,1.14406875,275,3502,N,21.6666666666667,1,134
3800,14,1.21063275,291,3589,N,23.3333333333333,1,134
3753,15,1.2397545,298,3800,N,25,1,134
4836,16,1.36040175,327,3753,N,26.6666666666667,1,134
5109,17,1.31047875,315,4836,N,28.3333333333333,1,134
4873,18,1.34376075,323,5109,N,30,1,134
4801,19,1.38536325,333,4873,N,31.6666666666667,1,134
5730,20,1.3728825,330,4801,N,33.3333333333333,1,134
5689,21,1.3396005,322,5730,N,35,1,134
4862,22,1.431126,344,5689,N,36.6666666666667,1,134
4840,23,1.52681175,367,4862,N,38.3333333333333,1,134
6964,24,1.59337575,383,4840,N,40,1,134
6079,25,1.5392925,370,6964,N,41.6666666666667,1,134
6982,26,1.6224975,390,6079,N,43.3333333333333,1,134
6736,27,1.80138825,433,6982,N,45,1,134
6696,28,1.980279,476,6736,N,46.6666666666667,1,134
6109,29,2.08428525,501,6696,N,48.3333333333333,1,134
6810,30,2.55023325,613,6109,N,50,1,134
6159,31,2.57519475,619,6810,N,51.6666666666667,1,134
7448,32,1.3229595,318,6159,Y,53.3333333333333,2,134
8284,33,1.21895325,293,7448,N,55,2,134
7918,34,1.16903025,281,8284,N,56.6666666666667,2,134
7571,35,1.248075,300,7918,N,58.3333333333333,2,134
8335,36,1.31047875,315,7571,N,60,2,134
8088,37,1.3229595,318,8335,N,61.6666666666667,2,134
7491,38,1.381203,332,8088,N,63.3333333333333,2,134
8634,39,1.36040175,327,7491,N,65,2,134
9012,40,1.414485,340,8634,N,66.6666666666667,2,134
8827,41,1.59337575,383,9012,N,68.3333333333333,2,134
9748,45,1.680741,404,8827,N,75,2,134
9902,46,1.68490125,405,9748,N,76.6666666666667,2,134
9877,47,1.74314475,419,9902,N,78.3333333333333,2,134
10420,48,1.797228,432,9877,N,80,2,134
11853,49,1.8721125,450,10420,N,81.6666666666667,2,134
10728,50,2.05100325,493,11853,N,83.3333333333333,2,134
11454,51,2.15084925,517,10728,N,85,2,134
10355,52,2.3380605,562,11454,N,86.6666666666667,2,134
11282,53,2.52527175,607,10355,N,88.3333333333333,2,134
11390,54,2.4046245,578,11282,N,90,2,134
10812,55,2.38382325,573,11390,N,91.6666666666667,2,134
12827,56,2.812329,676,10812,N,93.3333333333333,2,134
12650,57,1.530972,368,12827,Y,95,3,134
12670,58,1.65993975,399,12650,N,96.6666666666667,3,134
12436,59,1.75978575,423,12670,N,98.3333333333333,3,134
13155,60,1.913715,460,12436,N,100,3,134
13233,61,1.80970875,435,13155,N,101.666666666667,3,134
13639,62,1.9053945,458,13233,N,103.333333333333,3,134
2608,0,1.0899855,262,NA,N,0,0,135
2742,1,1.364562,328,2608,N,1.66666666666667,0,135
2771,2,1.62665775,391,2742,N,3.33333333333333,0,135
2926,3,1.5392925,370,2771,N,5,0,135
2617,4,1.647459,396,2926,N,6.66666666666667,0,135
3076,5,1.50185025,361,2617,N,8.33333333333333,0,135
2694,6,0.898614,216,3076,Y,10,1,135
2037,7,1.015101,244,2694,N,11.6666666666667,1,135
3347,8,0.9402165,226,2037,N,13.3333333333333,1,135
3732,9,0.965178,232,3347,N,15,1,135
4117,10,0.9901395,238,3732,N,16.6666666666667,1,135
4030,11,1.081665,260,4117,N,18.3333333333333,1,135
4488,12,1.11910725,269,4030,N,20,1,135
3804,13,1.11078675,267,4488,N,21.6666666666667,1,135
4146,14,1.06086375,255,3804,N,23.3333333333333,1,135
4071,15,1.20231225,289,4146,N,25,1,135
5157,16,1.14406875,275,4071,N,26.6666666666667,1,135
5446,17,1.131588,272,5157,N,28.3333333333333,1,135
5218,18,1.198152,288,5446,N,30,1,135
5174,19,1.26887625,305,5218,N,31.6666666666667,1,135
5876,20,1.4727285,354,5174,N,33.3333333333333,1,135
5923,21,1.5060105,362,5876,N,35,1,135
5426,22,1.48520925,357,5923,N,36.6666666666667,1,135
5649,23,1.57673475,379,5426,N,38.3333333333333,1,135
7291,24,1.530972,368,5649,N,40,1,135
6510,25,1.7389845,418,7291,N,41.6666666666667,1,135
7332,26,1.530972,368,6510,N,43.3333333333333,1,135
2608,0,1.0899855,262,NA,N,0,0,136
2742,1,1.364562,328,2608,N,1.66666666666667,0,136
2771,2,1.62665775,391,2742,N,3.33333333333333,0,136
2926,3,1.5392925,370,2771,N,5,0,136
2617,4,1.647459,396,2926,N,6.66666666666667,0,136
3076,5,1.50185025,361,2617,N,8.33333333333333,0,136
2700,6,0.97765875,235,3076,Y,10,1,136
2626,7,0.9402165,226,2700,N,11.6666666666667,1,136
4392,8,0.9069345,218,2626,N,13.3333333333333,1,136
4184,9,0.96933825,233,4392,N,15,1,136
4122,10,0.9734985,234,4184,N,16.6666666666667,1,136
3941,11,1.0234215,246,4122,N,18.3333333333333,1,136
4446,12,1.00262025,241,3941,N,20,1,136
3701,13,1.02758175,247,4446,N,21.6666666666667,1,136
4044,14,1.0899855,262,3701,N,23.3333333333333,1,136
3973,15,1.00262025,241,4044,N,25,1,136
5061,16,1.081665,260,3973,N,26.6666666666667,1,136
5360,17,1.13574825,273,5061,N,28.3333333333333,1,136
5108,18,1.26055575,303,5360,N,30,1,136
5064,19,1.181511,284,5108,N,31.6666666666667,1,136
5832,20,1.1399085,274,5064,N,33.3333333333333,1,136
5784,21,1.11910725,269,5832,N,35,1,136
5094,22,1.09414575,263,5784,N,36.6666666666667,1,136
5543,23,1.16487,280,5094,N,38.3333333333333,1,136
7223,24,1.2730365,306,5543,N,40,1,136
6229,25,1.25223525,301,7223,N,41.6666666666667,1,136
7120,26,1.29383775,311,6229,N,43.3333333333333,1,136
6871,27,1.314639,316,7120,N,45,1,136
6838,28,1.32711975,319,6871,N,46.6666666666667,1,136
6258,29,1.39368375,335,6838,N,48.3333333333333,1,136
7026,30,1.5392925,370,6258,N,50,1,136
6347,31,1.52681175,367,7026,N,51.6666666666667,1,136
7635,32,1.5060105,362,6347,N,53.3333333333333,1,136
8425,33,1.57673475,379,7635,N,55,1,136
7977,34,1.65161925,397,8425,N,56.6666666666667,1,136
7654,35,1.6391385,394,7977,N,58.3333333333333,1,136
8471,36,1.7889075,430,7654,N,60,1,136
8157,37,1.747305,420,8471,N,61.6666666666667,1,136
7695,38,1.9053945,458,8157,N,63.3333333333333,1,136
8686,39,1.9553175,470,7695,N,65,1,136
9060,40,2.0385225,490,8686,N,66.6666666666667,1,136
8879,41,2.09260575,503,9060,N,68.3333333333333,1,136
9461,42,2.4212655,582,8879,N,70,1,136
9262,43,2.32974,560,9461,N,71.6666666666667,1,136
9656,44,2.5543935,614,9262,N,73.3333333333333,1,136
9887,45,2.679201,644,9656,N,75,1,136
10208,46,2.612637,628,9887,N,76.6666666666667,1,136
10183,47,3.00786075,723,10208,N,78.3333333333333,1,136
10540,48,2.86641225,689,10183,N,80,1,136
11972,49,1.50185025,361,10540,Y,81.6666666666667,2,136
10995,50,1.54345275,371,11972,N,83.3333333333333,2,136
11712,51,1.614177,388,10995,N,85,2,136
2608,0,1.0899855,262,NA,N,0,0,137
2742,1,1.364562,328,2608,N,1.66666666666667,0,137
2771,2,1.62665775,391,2742,N,3.33333333333333,0,137
2926,3,1.5392925,370,2771,N,5,0,137
2617,4,1.647459,396,2926,N,6.66666666666667,0,137
3076,5,1.50185025,361,2617,N,8.33333333333333,0,137
2700,6,0.97765875,235,3076,Y,10,1,137
2626,7,0.9402165,226,2700,N,11.6666666666667,1,137
4392,8,0.9069345,218,2626,N,13.3333333333333,1,137
4184,9,0.96933825,233,4392,N,15,1,137
4122,10,0.9734985,234,4184,N,16.6666666666667,1,137
3941,11,1.0234215,246,4122,N,18.3333333333333,1,137
4446,12,1.00262025,241,3941,N,20,1,137
3701,13,1.02758175,247,4446,N,21.6666666666667,1,137
4044,14,1.0899855,262,3701,N,23.3333333333333,1,137
3973,15,1.00262025,241,4044,N,25,1,137
5061,16,1.081665,260,3973,N,26.6666666666667,1,137
5360,17,1.13574825,273,5061,N,28.3333333333333,1,137
5108,18,1.26055575,303,5360,N,30,1,137
5064,19,1.181511,284,5108,N,31.6666666666667,1,137
5832,20,1.1399085,274,5064,N,33.3333333333333,1,137
5784,21,1.11910725,269,5832,N,35,1,137
5094,22,1.09414575,263,5784,N,36.6666666666667,1,137
5543,23,1.16487,280,5094,N,38.3333333333333,1,137
7223,24,1.2730365,306,5543,N,40,1,137
6229,25,1.25223525,301,7223,N,41.6666666666667,1,137
7120,26,1.29383775,311,6229,N,43.3333333333333,1,137
6871,27,1.314639,316,7120,N,45,1,137
6838,28,1.32711975,319,6871,N,46.6666666666667,1,137
6258,29,1.39368375,335,6838,N,48.3333333333333,1,137
7026,30,1.5392925,370,6258,N,50,1,137
6347,31,1.52681175,367,7026,N,51.6666666666667,1,137
7635,32,1.5060105,362,6347,N,53.3333333333333,1,137
8425,33,1.57673475,379,7635,N,55,1,137
7977,34,1.65161925,397,8425,N,56.6666666666667,1,137
7654,35,1.6391385,394,7977,N,58.3333333333333,1,137
8471,36,1.7889075,430,7654,N,60,1,137
8157,37,1.747305,420,8471,N,61.6666666666667,1,137
7695,38,1.9053945,458,8157,N,63.3333333333333,1,137
8686,39,1.9553175,470,7695,N,65,1,137
9060,40,2.0385225,490,8686,N,66.6666666666667,1,137
8879,41,2.09260575,503,9060,N,68.3333333333333,1,137
9461,42,2.4212655,582,8879,N,70,1,137
9262,43,2.32974,560,9461,N,71.6666666666667,1,137
9656,44,2.5543935,614,9262,N,73.3333333333333,1,137
9887,45,2.679201,644,9656,N,75,1,137
10208,46,2.612637,628,9887,N,76.6666666666667,1,137
10183,47,3.00786075,723,10208,N,78.3333333333333,1,137
10540,48,2.86641225,689,10183,N,80,1,137
11973,49,1.44360675,347,10540,Y,81.6666666666667,2,137
10997,50,1.597536,384,11973,N,83.3333333333333,2,137
11715,51,1.62665775,391,10997,N,85,2,137
11043,52,1.963638,472,11715,N,86.6666666666667,2,137
11649,53,1.946997,468,11043,N,88.3333333333333,2,137
11358,54,2.28397725,549,11649,N,90,2,137
10696,55,2.32974,560,11358,N,91.6666666666667,2,137
12794,56,2.3214195,558,10696,N,93.3333333333333,2,137
12583,57,2.21741325,533,12794,N,95,2,137
12611,58,0.87781275,211,12583,Y,96.6666666666667,3,137
12411,59,0.97765875,235,12611,N,98.3333333333333,3,137
13119,60,0.73636425,177,12411,N,100,3,137
13193,61,0.9901395,238,13119,N,101.666666666667,3,137
13618,62,1.19399175,287,13193,N,103.333333333333,3,137
13579,63,0.9734985,234,13618,N,105,3,137
2355,0,0.91941525,221,NA,N,0,0,138
2313,1,0.965178,232,2355,N,1.66666666666667,0,138
2376,2,0.95269725,229,2313,N,3.33333333333333,0,138
2428,3,1.01926125,245,2376,N,5,0,138
2371,4,1.11078675,267,2428,N,6.66666666666667,0,138
2387,5,1.01926125,245,2371,N,8.33333333333333,0,138
2440,6,1.12742775,271,2387,N,10,0,138
2432,7,1.16903025,281,2440,N,11.6666666666667,0,138
3501,8,1.2064725,290,2432,N,13.3333333333333,0,138
3957,9,1.23559425,297,3501,N,15,0,138
3650,10,1.198152,288,3957,N,16.6666666666667,0,138
3740,11,1.23559425,297,3650,N,18.3333333333333,0,138
3510,12,1.3063185,314,3740,N,20,0,138
3595,13,1.297998,312,3510,N,21.6666666666667,0,138
3810,14,1.31047875,315,3595,N,23.3333333333333,0,138
3763,15,1.43528625,345,3810,N,25,0,138
4846,16,1.35208125,325,3763,N,26.6666666666667,0,138
5118,17,1.40200425,337,4846,N,28.3333333333333,0,138
4882,18,1.414485,340,5118,N,30,0,138
4811,19,1.414485,340,4882,N,31.6666666666667,0,138
5735,20,1.381203,332,4811,N,33.3333333333333,0,138
5697,21,1.48520925,357,5735,N,35,0,138
4871,22,1.547613,372,5697,N,36.6666666666667,0,138
4854,23,1.6391385,394,4871,N,38.3333333333333,0,138
6969,24,1.75978575,423,4854,N,40,0,138
6085,25,1.8221895,438,6969,N,41.6666666666667,0,138
7000,26,1.98443925,477,6085,N,43.3333333333333,0,138
6742,27,2.15084925,517,7000,N,45,0,138
6701,28,2.35054125,565,6742,N,46.6666666666667,0,138
6116,29,2.65839975,639,6701,N,48.3333333333333,0,138
6819,30,2.65007925,637,6116,N,50,0,138
6169,31,2.73328425,657,6819,N,51.6666666666667,0,138
7450,32,1.148229,276,6169,Y,53.3333333333333,1,138
8293,33,1.248075,300,7450,N,55,1,138
7920,34,1.37704275,331,8293,N,56.6666666666667,1,138
7573,35,1.32711975,319,7920,N,58.3333333333333,1,138
8339,36,1.3728825,330,7573,N,60,1,138
8090,37,1.3562415,326,8339,N,61.6666666666667,1,138
7493,38,1.5226515,366,8090,N,63.3333333333333,1,138
8636,39,1.5559335,374,7493,N,65,1,138
9014,40,1.63497825,393,8636,N,66.6666666666667,1,138
8829,41,1.80138825,433,9014,N,68.3333333333333,1,138
9408,42,1.7556255,422,8829,N,70,1,138
9204,43,1.70154225,409,9408,N,71.6666666666667,1,138
9603,44,1.8055485,434,9204,N,73.3333333333333,1,138
9810,45,1.9885995,478,9603,N,75,1,138
10079,46,2.196612,528,9810,N,76.6666666666667,1,138
10061,47,2.35054125,565,10079,N,78.3333333333333,1,138
10488,48,2.00940075,483,10061,N,80,1,138
11917,49,1.16070975,279,10488,Y,81.6666666666667,2,138
10792,50,1.214793,292,11917,N,83.3333333333333,2,138
11595,51,1.264716,304,10792,N,85,2,138
10915,52,1.35208125,325,11595,N,86.6666666666667,2,138
11463,53,1.33544025,321,10915,N,88.3333333333333,2,138
11266,54,1.39368375,335,11463,N,90,2,138
10638,55,1.347921,324,11266,N,91.6666666666667,2,138
12618,56,1.481049,356,10638,N,93.3333333333333,2,138
12283,57,1.59337575,383,12618,N,95,2,138
12349,58,1.63497825,393,12283,N,96.6666666666667,2,138
12239,59,1.66826025,401,12349,N,98.3333333333333,2,138
13027,60,1.880433,452,12239,N,100,2,138
13080,61,1.99275975,479,13027,N,101.666666666667,2,138
13479,62,1.980279,476,13080,N,103.333333333333,2,138
15067,64,1.12742775,271,13479,Y,106.666666666667,3,138
14433,65,1.0899855,262,15067,N,108.333333333333,3,138
14679,66,1.1898315,286,14433,N,110,3,138
2868,0,1.131588,272,NA,N,0,0,139
2961,1,1.0899855,262,2868,N,1.66666666666667,0,139
3070,2,1.114947,268,2961,N,3.33333333333333,0,139
3171,3,1.11910725,269,3070,N,5,0,139
2814,4,1.3229595,318,3171,N,6.66666666666667,0,139
3247,5,1.31879925,317,2814,N,8.33333333333333,0,139
2978,6,1.2896775,310,3247,N,10,0,139
2789,7,1.3562415,326,2978,N,11.6666666666667,0,139
4472,8,1.314639,316,2789,N,13.3333333333333,0,139
4349,9,1.3728825,330,4472,N,15,0,139
4294,10,1.42696575,343,4349,N,16.6666666666667,0,139
4115,11,1.364562,328,4294,N,18.3333333333333,0,139
4516,12,1.38536325,333,4115,N,20,0,139
3893,13,1.4228055,342,4516,N,21.6666666666667,0,139
4231,14,1.43528625,345,3893,N,23.3333333333333,0,139
4153,15,1.41864525,341,4231,N,25,0,139
5250,16,1.51017075,363,4153,N,26.6666666666667,0,139
5541,17,1.530972,368,5250,N,28.3333333333333,0,139
5315,18,1.5725745,378,5541,N,30,0,139
5290,19,1.5559335,374,5315,N,31.6666666666667,0,139
5914,20,1.53513225,369,5290,N,33.3333333333333,0,139
5868,21,1.57673475,379,5914,N,35,0,139
5292,22,1.59337575,383,5868,N,36.6666666666667,0,139
5598,23,1.62665775,391,5292,N,38.3333333333333,0,139
7261,24,1.61833725,389,5598,N,40,0,139
6326,25,1.70154225,409,7261,N,41.6666666666667,0,139
7303,26,1.70986275,411,6326,N,43.3333333333333,0,139
6956,27,1.76810625,425,7303,N,45,0,139
6922,28,1.80970875,435,6956,N,46.6666666666667,0,139
6349,29,1.88459325,453,6922,N,48.3333333333333,0,139
7115,30,1.797228,432,6349,N,50,0,139
6419,31,1.9220355,462,7115,N,51.6666666666667,0,139
7721,32,1.9220355,462,6419,N,53.3333333333333,0,139
8490,33,1.8887535,454,7721,N,55,0,139
8007,34,2.0551635,494,8490,N,56.6666666666667,0,139
7741,35,2.03436225,489,8007,N,58.3333333333333,0,139
8541,36,2.09260575,503,7741,N,60,0,139
8243,37,2.013561,484,8541,N,61.6666666666667,0,139
7813,38,2.0884455,502,8243,N,63.3333333333333,0,139
8728,39,2.21741325,533,7813,N,65,0,139
9099,40,2.32557975,559,8728,N,66.6666666666667,0,139
8922,41,2.1882915,526,9099,N,68.3333333333333,0,139
9504,42,2.14252875,515,8922,N,70,0,139
9306,43,2.446227,588,9504,N,71.6666666666667,0,139
9695,44,2.70000225,649,9306,N,73.3333333333333,0,139
10015,45,2.86641225,689,9695,N,75,0,139
10289,46,1.26055575,303,10015,Y,76.6666666666667,1,139
2868,0,1.131588,272,NA,N,0,0,140
2961,1,1.0899855,262,2868,N,1.66666666666667,0,140
3070,2,1.114947,268,2961,N,3.33333333333333,0,140
3171,3,1.11910725,269,3070,N,5,0,140
2814,4,1.3229595,318,3171,N,6.66666666666667,0,140
3247,5,1.31879925,317,2814,N,8.33333333333333,0,140
2978,6,1.2896775,310,3247,N,10,0,140
2789,7,1.3562415,326,2978,N,11.6666666666667,0,140
4472,8,1.314639,316,2789,N,13.3333333333333,0,140
4349,9,1.3728825,330,4472,N,15,0,140
4294,10,1.42696575,343,4349,N,16.6666666666667,0,140
4115,11,1.364562,328,4294,N,18.3333333333333,0,140
4516,12,1.38536325,333,4115,N,20,0,140
3893,13,1.4228055,342,4516,N,21.6666666666667,0,140
4231,14,1.43528625,345,3893,N,23.3333333333333,0,140
4153,15,1.41864525,341,4231,N,25,0,140
5250,16,1.51017075,363,4153,N,26.6666666666667,0,140
5541,17,1.530972,368,5250,N,28.3333333333333,0,140
5315,18,1.5725745,378,5541,N,30,0,140
5290,19,1.5559335,374,5315,N,31.6666666666667,0,140
5914,20,1.53513225,369,5290,N,33.3333333333333,0,140
5868,21,1.57673475,379,5914,N,35,0,140
5292,22,1.59337575,383,5868,N,36.6666666666667,0,140
5598,23,1.62665775,391,5292,N,38.3333333333333,0,140
7261,24,1.61833725,389,5598,N,40,0,140
6326,25,1.70154225,409,7261,N,41.6666666666667,0,140
7303,26,1.70986275,411,6326,N,43.3333333333333,0,140
6956,27,1.76810625,425,7303,N,45,0,140
6922,28,1.80970875,435,6956,N,46.6666666666667,0,140
6349,29,1.88459325,453,6922,N,48.3333333333333,0,140
7115,30,1.797228,432,6349,N,50,0,140
6419,31,1.9220355,462,7115,N,51.6666666666667,0,140
7721,32,1.9220355,462,6419,N,53.3333333333333,0,140
8490,33,1.8887535,454,7721,N,55,0,140
8007,34,2.0551635,494,8490,N,56.6666666666667,0,140
7741,35,2.03436225,489,8007,N,58.3333333333333,0,140
8541,36,2.09260575,503,7741,N,60,0,140
8243,37,2.013561,484,8541,N,61.6666666666667,0,140
7813,38,2.0884455,502,8243,N,63.3333333333333,0,140
8728,39,2.21741325,533,7813,N,65,0,140
9099,40,2.32557975,559,8728,N,66.6666666666667,0,140
8922,41,2.1882915,526,9099,N,68.3333333333333,0,140
9504,42,2.14252875,515,8922,N,70,0,140
9306,43,2.446227,588,9504,N,71.6666666666667,0,140
9695,44,2.70000225,649,9306,N,73.3333333333333,0,140
10015,45,2.86641225,689,9695,N,75,0,140
10287,46,1.2730365,306,10015,Y,76.6666666666667,1,140
10260,47,1.614177,388,10287,N,78.3333333333333,1,140
10856,48,1.680741,404,10260,N,80,1,140
12015,49,1.77642675,427,10856,N,81.6666666666667,1,140
11153,50,1.93451625,465,12015,N,83.3333333333333,1,140
11798,51,1.946997,468,11153,N,85,1,140
11095,52,2.013561,484,11798,N,86.6666666666667,1,140
11723,53,1.95947775,471,11095,N,88.3333333333333,1,140
11432,54,2.4379065,586,11723,N,90,1,140
10847,55,2.5044705,602,11432,N,91.6666666666667,1,140
12870,56,2.2049325,530,10847,N,93.3333333333333,1,140
12703,57,1.26887625,305,12870,Y,95,2,140
12738,58,1.33128,320,12703,N,96.6666666666667,2,140
12464,59,1.52681175,367,12738,N,98.3333333333333,2,140
13199,60,1.7722665,426,12464,N,100,2,140
13270,61,1.630818,392,13199,N,101.666666666667,2,140
13663,62,1.76810625,425,13270,N,103.333333333333,2,140
13729,63,1.89291375,455,13663,N,105,2,140
15356,64,2.34222075,563,13729,N,106.666666666667,2,140
2620,0,1.72650375,415,NA,N,0,0,141
2755,1,1.76810625,425,2620,N,1.66666666666667,0,141
2787,2,1.7556255,422,2755,N,3.33333333333333,0,141
2949,3,1.77642675,427,2787,N,5,0,141
2633,4,1.91787525,461,2949,N,6.66666666666667,0,141
3097,5,1.7556255,422,2633,N,8.33333333333333,0,141
2753,6,1.93451625,465,3097,N,10,0,141
2639,7,1.880433,452,2753,N,11.6666666666667,0,141
4399,8,1.95947775,471,2639,N,13.3333333333333,0,141
4198,9,2.16749025,521,4399,N,15,0,141
4140,10,2.2382145,538,4198,N,16.6666666666667,0,141
3954,11,2.645919,636,4140,N,18.3333333333333,0,141
4452,12,2.42542575,583,3954,N,20,0,141
3718,13,2.55855375,615,4452,N,21.6666666666667,0,141
4062,14,1.24391475,299,3718,Y,23.3333333333333,1,141
3986,15,1.3063185,314,4062,N,25,1,141
5078,16,1.37704275,331,3986,N,26.6666666666667,1,141
5376,17,1.48520925,357,5078,N,28.3333333333333,1,141
5124,18,1.514331,364,5376,N,30,1,141
5089,19,1.51849125,365,5124,N,31.6666666666667,1,141
5841,20,1.52681175,367,5089,N,33.3333333333333,1,141
5796,21,1.55177325,373,5841,N,35,1,141
5125,22,1.597536,384,5796,N,36.6666666666667,1,141
5560,23,1.580895,380,5125,N,38.3333333333333,1,141
7226,24,1.65161925,397,5560,N,40,1,141
6235,25,1.813869,436,7226,N,41.6666666666667,1,141
7124,26,1.95115725,469,6235,N,43.3333333333333,1,141
6878,27,1.8554715,446,7124,N,45,1,141
6844,28,2.1217275,510,6878,N,46.6666666666667,1,141
6266,29,2.13420825,513,6844,N,48.3333333333333,1,141
7034,30,2.44206675,587,6266,N,50,1,141
6354,31,2.313099,556,7034,N,51.6666666666667,1,141
7642,32,2.5710345,618,6354,N,53.3333333333333,1,141
8431,33,0.9069345,218,7642,Y,55,2,141
7980,34,1.198152,288,8431,N,56.6666666666667,2,141
7665,35,1.564254,376,7980,N,58.3333333333333,2,141
8476,36,1.630818,392,7665,N,60,2,141
8161,37,1.77642675,427,8476,N,61.6666666666667,2,141
7701,38,1.7057025,410,8161,N,63.3333333333333,2,141
8688,39,1.847151,444,7701,N,65,2,141
9062,40,1.84299075,443,8688,N,66.6666666666667,2,141
8881,41,1.98443925,477,9062,N,68.3333333333333,2,141
9463,42,2.0551635,494,8881,N,70,2,141
9264,43,2.08428525,501,9463,N,71.6666666666667,2,141
9658,44,2.130048,512,9264,N,73.3333333333333,2,141
9895,45,2.2548555,542,9658,N,75,2,141
10213,46,2.61679725,629,9895,N,76.6666666666667,2,141
10189,47,2.73328425,657,10213,N,78.3333333333333,2,141
10542,48,2.695842,648,10189,N,80,2,141
11976,49,2.74160475,659,10542,N,81.6666666666667,2,141
11005,50,2.61679725,629,11976,N,83.3333333333333,2,141
11720,51,1.12742775,271,11005,Y,85,3,141
11046,52,1.281357,308,11720,N,86.6666666666667,3,141
11651,53,1.28551725,309,11046,N,88.3333333333333,3,141
11360,54,1.26887625,305,11651,N,90,3,141
10698,55,1.42696575,343,11360,N,91.6666666666667,3,141
12802,56,1.58505525,381,10698,N,93.3333333333333,3,141
2620,0,1.72650375,415,NA,N,0,0,142
2755,1,1.76810625,425,2620,N,1.66666666666667,0,142
2787,2,1.7556255,422,2755,N,3.33333333333333,0,142
2949,3,1.77642675,427,2787,N,5,0,142
2633,4,1.91787525,461,2949,N,6.66666666666667,0,142
3097,5,1.7556255,422,2633,N,8.33333333333333,0,142
2753,6,1.93451625,465,3097,N,10,0,142
2639,7,1.880433,452,2753,N,11.6666666666667,0,142
4399,8,1.95947775,471,2639,N,13.3333333333333,0,142
4198,9,2.16749025,521,4399,N,15,0,142
4140,10,2.2382145,538,4198,N,16.6666666666667,0,142
3954,11,2.645919,636,4140,N,18.3333333333333,0,142
4452,12,2.42542575,583,3954,N,20,0,142
3718,13,2.55855375,615,4452,N,21.6666666666667,0,142
4057,14,1.09414575,263,3718,Y,23.3333333333333,1,142
3981,15,1.19399175,287,4057,N,25,1,142
5070,16,1.16070975,279,3981,N,26.6666666666667,1,142
5370,17,1.26055575,303,5070,N,28.3333333333333,1,142
5119,18,1.29383775,311,5370,N,30,1,142
5084,19,1.3396005,322,5119,N,31.6666666666667,1,142
5839,20,1.25223525,301,5084,N,33.3333333333333,1,142
5794,21,1.4394465,346,5839,N,35,1,142
5120,22,1.41864525,341,5794,N,36.6666666666667,1,142
5559,23,1.60169625,385,5120,N,38.3333333333333,1,142
7225,24,1.680741,404,5559,N,40,1,142
6232,25,1.863792,448,7225,N,41.6666666666667,1,142
7122,26,1.980279,476,6232,N,43.3333333333333,1,142
6874,27,1.97611875,475,7122,N,45,1,142
6841,28,2.10924675,507,6874,N,46.6666666666667,1,142
6262,29,2.15916975,519,6841,N,48.3333333333333,1,142
7029,30,2.3713425,570,6262,N,50,1,142
6350,31,2.346381,564,7029,N,51.6666666666667,1,142
7638,32,2.246535,540,6350,N,53.3333333333333,1,142
8429,33,2.55855375,615,7638,N,55,1,142
7979,34,1.1898315,286,8429,Y,56.6666666666667,2,142
7659,35,1.13574825,273,7979,N,58.3333333333333,2,142
2620,0,1.72650375,415,NA,N,0,0,143
2755,1,1.76810625,425,2620,N,1.66666666666667,0,143
2787,2,1.7556255,422,2755,N,3.33333333333333,0,143
2949,3,1.77642675,427,2787,N,5,0,143
2633,4,1.91787525,461,2949,N,6.66666666666667,0,143
3097,5,1.7556255,422,2633,N,8.33333333333333,0,143
2753,6,1.93451625,465,3097,N,10,0,143
2639,7,1.880433,452,2753,N,11.6666666666667,0,143
4399,8,1.95947775,471,2639,N,13.3333333333333,0,143
4198,9,2.16749025,521,4399,N,15,0,143
4140,10,2.2382145,538,4198,N,16.6666666666667,0,143
3954,11,2.645919,636,4140,N,18.3333333333333,0,143
4452,12,2.42542575,583,3954,N,20,0,143
3718,13,2.55855375,615,4452,N,21.6666666666667,0,143
4057,14,1.09414575,263,3718,Y,23.3333333333333,1,143
3981,15,1.19399175,287,4057,N,25,1,143
5070,16,1.16070975,279,3981,N,26.6666666666667,1,143
5370,17,1.26055575,303,5070,N,28.3333333333333,1,143
5119,18,1.29383775,311,5370,N,30,1,143
5084,19,1.3396005,322,5119,N,31.6666666666667,1,143
5839,20,1.25223525,301,5084,N,33.3333333333333,1,143
5794,21,1.4394465,346,5839,N,35,1,143
5120,22,1.41864525,341,5794,N,36.6666666666667,1,143
5559,23,1.60169625,385,5120,N,38.3333333333333,1,143
7225,24,1.680741,404,5559,N,40,1,143
6232,25,1.863792,448,7225,N,41.6666666666667,1,143
7122,26,1.980279,476,6232,N,43.3333333333333,1,143
6874,27,1.97611875,475,7122,N,45,1,143
6841,28,2.10924675,507,6874,N,46.6666666666667,1,143
6262,29,2.15916975,519,6841,N,48.3333333333333,1,143
7029,30,2.3713425,570,6262,N,50,1,143
6350,31,2.346381,564,7029,N,51.6666666666667,1,143
7638,32,2.246535,540,6350,N,53.3333333333333,1,143
8429,33,2.55855375,615,7638,N,55,1,143
7978,34,1.347921,324,8429,Y,56.6666666666667,2,143
7657,35,1.414485,340,7978,N,58.3333333333333,2,143
8472,36,1.56841425,377,7657,N,60,2,143
8159,37,1.6557795,398,8472,N,61.6666666666667,2,143
7698,38,1.60169625,385,8159,N,63.3333333333333,2,143
8687,39,1.680741,404,7698,N,65,2,143
9061,40,1.71818325,413,8687,N,66.6666666666667,2,143
8880,41,1.7889075,430,9061,N,68.3333333333333,2,143
9462,42,1.75146525,421,8880,N,70,2,143
9263,43,1.95115725,469,9462,N,71.6666666666667,2,143
9657,44,2.0218815,486,9263,N,73.3333333333333,2,143
9891,45,2.146689,516,9657,N,75,2,143
10211,46,2.3214195,558,9891,N,76.6666666666667,2,143
10187,47,2.30893875,555,10211,N,78.3333333333333,2,143
10541,48,2.7041625,650,10187,N,80,2,143
11975,49,1.11078675,267,10541,Y,81.6666666666667,3,143
11001,50,1.15238925,277,11975,N,83.3333333333333,3,143
11719,51,1.281357,308,11001,N,85,3,143
2620,0,1.72650375,415,NA,N,0,0,144
2755,1,1.76810625,425,2620,N,1.66666666666667,0,144
2787,2,1.7556255,422,2755,N,3.33333333333333,0,144
2949,3,1.77642675,427,2787,N,5,0,144
2633,4,1.91787525,461,2949,N,6.66666666666667,0,144
3097,5,1.7556255,422,2633,N,8.33333333333333,0,144
2753,6,1.93451625,465,3097,N,10,0,144
2639,7,1.880433,452,2753,N,11.6666666666667,0,144
4399,8,1.95947775,471,2639,N,13.3333333333333,0,144
4198,9,2.16749025,521,4399,N,15,0,144
4140,10,2.2382145,538,4198,N,16.6666666666667,0,144
3954,11,2.645919,636,4140,N,18.3333333333333,0,144
4452,12,2.42542575,583,3954,N,20,0,144
3718,13,2.55855375,615,4452,N,21.6666666666667,0,144
4057,14,1.09414575,263,3718,Y,23.3333333333333,1,144
3981,15,1.19399175,287,4057,N,25,1,144
5070,16,1.16070975,279,3981,N,26.6666666666667,1,144
5370,17,1.26055575,303,5070,N,28.3333333333333,1,144
5119,18,1.29383775,311,5370,N,30,1,144
5084,19,1.3396005,322,5119,N,31.6666666666667,1,144
5839,20,1.25223525,301,5084,N,33.3333333333333,1,144
5794,21,1.4394465,346,5839,N,35,1,144
5120,22,1.41864525,341,5794,N,36.6666666666667,1,144
5559,23,1.60169625,385,5120,N,38.3333333333333,1,144
7225,24,1.680741,404,5559,N,40,1,144
6232,25,1.863792,448,7225,N,41.6666666666667,1,144
7122,26,1.980279,476,6232,N,43.3333333333333,1,144
6874,27,1.97611875,475,7122,N,45,1,144
6841,28,2.10924675,507,6874,N,46.6666666666667,1,144
6262,29,2.15916975,519,6841,N,48.3333333333333,1,144
7029,30,2.3713425,570,6262,N,50,1,144
6350,31,2.346381,564,7029,N,51.6666666666667,1,144
7638,32,2.246535,540,6350,N,53.3333333333333,1,144
8429,33,2.55855375,615,7638,N,55,1,144
7978,34,1.347921,324,8429,Y,56.6666666666667,2,144
7657,35,1.414485,340,7978,N,58.3333333333333,2,144
8472,36,1.56841425,377,7657,N,60,2,144
8159,37,1.6557795,398,8472,N,61.6666666666667,2,144
7698,38,1.60169625,385,8159,N,63.3333333333333,2,144
8687,39,1.680741,404,7698,N,65,2,144
9061,40,1.71818325,413,8687,N,66.6666666666667,2,144
8880,41,1.7889075,430,9061,N,68.3333333333333,2,144
9462,42,1.75146525,421,8880,N,70,2,144
9263,43,1.95115725,469,9462,N,71.6666666666667,2,144
9657,44,2.0218815,486,9263,N,73.3333333333333,2,144
9891,45,2.146689,516,9657,N,75,2,144
10211,46,2.3214195,558,9891,N,76.6666666666667,2,144
10187,47,2.30893875,555,10211,N,78.3333333333333,2,144
10541,48,2.7041625,650,10187,N,80,2,144
11974,49,1.55177325,373,10541,Y,81.6666666666667,3,144
10999,50,1.481049,356,11974,N,83.3333333333333,3,144
11718,51,1.547613,372,10999,N,85,3,144
11044,52,1.6557795,398,11718,N,86.6666666666667,3,144
11650,53,1.7223435,414,11044,N,88.3333333333333,3,144
11359,54,1.75146525,421,11650,N,90,3,144
10697,55,1.75978575,423,11359,N,91.6666666666667,3,144
12801,56,1.797228,432,10697,N,93.3333333333333,3,144
12586,57,2.08428525,501,12801,N,95,3,144
12619,58,2.19245175,527,12586,N,96.6666666666667,3,144
12415,59,2.2049325,530,12619,N,98.3333333333333,3,144
13128,60,2.2382145,538,12415,N,100,3,144
13197,61,2.37550275,571,13128,N,101.666666666667,3,144
13619,62,2.2714965,546,13197,N,103.333333333333,3,144
13580,63,2.3713425,570,13619,N,105,3,144
14756,64,2.5876755,622,13580,N,106.666666666667,3,144
14163,65,2.5876755,622,14756,N,108.333333333333,3,144
14347,66,2.7208035,654,14163,N,110,3,144
14125,67,3.00786075,723,14347,N,111.666666666667,3,144
13870,68,1.198152,288,14125,Y,113.333333333333,4,144
13966,69,1.49352975,359,13870,N,115,4,144
2112,0,1.15238925,277,NA,N,0,0,145
2098,1,1.45192725,349,2112,N,1.66666666666667,0,145
2169,2,1.547613,372,2098,N,3.33333333333333,0,145
2174,3,1.52681175,367,2169,N,5,0,145
2135,4,1.4394465,346,2174,N,6.66666666666667,0,145
2105,5,1.6224975,390,2135,N,8.33333333333333,0,145
2166,6,1.5725745,378,2105,N,10,0,145
2136,7,1.564254,376,2166,N,11.6666666666667,0,145
3397,8,1.630818,392,2136,N,13.3333333333333,0,145
3806,9,1.87627275,451,3397,N,15,0,145
3299,10,1.980279,476,3806,N,16.6666666666667,0,145
3385,11,2.0052405,482,3299,N,18.3333333333333,0,145
3402,12,2.0718045,498,3385,N,20,0,145
3466,13,2.1383685,514,3402,N,21.6666666666667,0,145
3682,14,2.17581075,523,3466,N,23.3333333333333,0,145
3529,15,2.30893875,555,3682,N,25,0,145
4688,16,2.34222075,563,3529,N,26.6666666666667,0,145
4962,17,2.412945,580,4688,N,28.3333333333333,0,145
4716,18,1.14406875,275,4962,Y,30,1,145
4636,19,1.15238925,277,4716,N,31.6666666666667,1,145
5514,20,1.0899855,262,4636,N,33.3333333333333,1,145
5557,21,1.2896775,310,5514,N,35,1,145
4702,22,1.1399085,274,5557,N,36.6666666666667,1,145
4680,23,1.26055575,303,4702,N,38.3333333333333,1,145
6668,24,1.43528625,345,4680,N,40,1,145
5988,25,1.48520925,357,6668,N,41.6666666666667,1,145
6499,26,1.64329875,395,5988,N,43.3333333333333,1,145
6540,27,1.57673475,379,6499,N,45,1,145
6533,28,1.7722665,426,6540,N,46.6666666666667,1,145
6008,29,1.9386765,466,6533,N,48.3333333333333,1,145
6619,30,1.9386765,466,6008,N,50,1,145
6023,31,2.03436225,489,6619,N,51.6666666666667,1,145
7412,32,2.1716505,522,6023,N,53.3333333333333,1,145
8183,33,2.2215735,534,7412,N,55,1,145
7881,34,2.33390025,561,8183,N,56.6666666666667,1,145
7373,35,2.41710525,581,7881,N,58.3333333333333,1,145
8236,36,1.1731905,282,7373,Y,60,2,145
8059,37,1.0400625,250,8236,N,61.6666666666667,2,145
7400,38,1.22727375,295,8059,N,63.3333333333333,2,145
8601,39,1.16903025,281,7400,N,65,2,145
8981,40,1.18567125,285,8601,N,66.6666666666667,2,145
8794,41,1.264716,304,8981,N,68.3333333333333,2,145
9370,42,1.3063185,314,8794,N,70,2,145
9165,43,1.62665775,391,9370,N,71.6666666666667,2,145
9566,44,1.43528625,345,9165,N,73.3333333333333,2,145
9765,45,1.61001675,387,9566,N,75,2,145
2112,0,1.15238925,277,NA,N,0,0,146
2098,1,1.45192725,349,2112,N,1.66666666666667,0,146
2169,2,1.547613,372,2098,N,3.33333333333333,0,146
2174,3,1.52681175,367,2169,N,5,0,146
2135,4,1.4394465,346,2174,N,6.66666666666667,0,146
2105,5,1.6224975,390,2135,N,8.33333333333333,0,146
2166,6,1.5725745,378,2105,N,10,0,146
2136,7,1.564254,376,2166,N,11.6666666666667,0,146
3397,8,1.630818,392,2136,N,13.3333333333333,0,146
3806,9,1.87627275,451,3397,N,15,0,146
3299,10,1.980279,476,3806,N,16.6666666666667,0,146
3385,11,2.0052405,482,3299,N,18.3333333333333,0,146
3402,12,2.0718045,498,3385,N,20,0,146
3466,13,2.1383685,514,3402,N,21.6666666666667,0,146
3682,14,2.17581075,523,3466,N,23.3333333333333,0,146
3529,15,2.30893875,555,3682,N,25,0,146
4688,16,2.34222075,563,3529,N,26.6666666666667,0,146
4962,17,2.412945,580,4688,N,28.3333333333333,0,146
4711,18,1.12742775,271,4962,Y,30,1,146
4632,19,1.214793,292,4711,N,31.6666666666667,1,146
5512,20,1.1731905,282,4632,N,33.3333333333333,1,146
5555,21,1.1399085,274,5512,N,35,1,146
4699,22,1.231434,296,5555,N,36.6666666666667,1,146
4676,23,1.248075,300,4699,N,38.3333333333333,1,146
6667,24,1.24391475,299,4676,N,40,1,146
5986,25,1.214793,292,6667,N,41.6666666666667,1,146
6491,26,1.2896775,310,5986,N,43.3333333333333,1,146
6535,27,1.33128,320,6491,N,45,1,146
6528,28,1.34376075,323,6535,N,46.6666666666667,1,146
6006,29,1.37704275,331,6528,N,48.3333333333333,1,146
6618,30,1.48520925,357,6006,N,50,1,146
6020,31,1.64329875,395,6618,N,51.6666666666667,1,146
7411,32,1.6557795,398,6020,N,53.3333333333333,1,146
8180,33,1.797228,432,7411,N,55,1,146
7880,34,2.04268275,491,8180,N,56.6666666666667,1,146
7369,35,2.0884455,502,7880,N,58.3333333333333,1,146
8234,36,2.03436225,489,7369,N,60,1,146
8058,37,2.07596475,499,8234,N,61.6666666666667,1,146
7396,38,2.21741325,533,8058,N,63.3333333333333,1,146
8599,39,0.84453075,203,7396,Y,65,2,146
8979,40,0.96101775,231,8599,N,66.6666666666667,2,146
8792,41,1.231434,296,8979,N,68.3333333333333,2,146
9368,42,1.2896775,310,8792,N,70,2,146
9164,43,1.381203,332,9368,N,71.6666666666667,2,146
9565,44,1.4228055,342,9164,N,73.3333333333333,2,146
9764,45,1.5892155,382,9565,N,75,2,146
9942,46,1.680741,404,9764,N,76.6666666666667,2,146
9928,47,1.83051,440,9942,N,78.3333333333333,2,146
10436,48,1.65161925,397,9928,N,80,2,146
11870,49,1.66826025,401,10436,N,81.6666666666667,2,146
10746,50,1.797228,432,11870,N,83.3333333333333,2,146
11496,51,2.0551635,494,10746,N,85,2,146
10371,52,2.31725925,557,11496,N,86.6666666666667,2,146
11306,53,2.3879835,574,10371,N,88.3333333333333,2,146
11212,54,2.48366925,597,11306,N,90,2,146
10585,55,1.6557795,398,11212,Y,91.6666666666667,3,146
12253,56,1.64329875,395,10585,N,93.3333333333333,3,146
12184,57,1.84299075,443,12253,N,95,3,146
12266,58,1.863792,448,12184,N,96.6666666666667,3,146
12133,59,1.9719585,474,12266,N,98.3333333333333,3,146
12961,60,1.913715,460,12133,N,100,3,146
12997,61,1.94283675,467,12961,N,101.666666666667,3,146
13375,62,2.1050865,506,12997,N,103.333333333333,3,146
13356,63,2.113407,508,13375,N,105,3,146
15093,64,2.2215735,534,13356,N,106.666666666667,3,146
14463,65,2.29229775,551,15093,N,108.333333333333,3,146
14704,66,3.00786075,723,14463,N,110,3,146
14460,67,2.762406,664,14704,N,111.666666666667,3,146
14250,68,2.21741325,533,14460,Y,113.333333333333,4,146
14351,69,2.3547015,566,14250,N,115,4,146
15412,70,2.49615,600,14351,N,116.666666666667,4,146
2627,0,1.214793,292,NA,N,0,0,147
2760,1,1.33128,320,2627,N,1.66666666666667,0,147
2799,2,1.4228055,342,2760,N,3.33333333333333,0,147
2958,3,1.547613,372,2799,N,5,0,147
2643,4,1.5559335,374,2958,N,6.66666666666667,0,147
3103,5,1.64329875,395,2643,N,8.33333333333333,0,147
2765,6,1.70986275,411,3103,N,10,0,147
2649,7,1.763946,424,2765,N,11.6666666666667,0,147
4402,8,1.7389845,418,2649,N,13.3333333333333,0,147
4205,9,1.763946,424,4402,N,15,0,147
4144,10,1.76810625,425,4205,N,16.6666666666667,0,147
3960,11,1.75146525,421,4144,N,18.3333333333333,0,147
4454,12,1.90955475,459,3960,N,20,0,147
3722,13,1.8055485,434,4454,N,21.6666666666667,0,147
4067,14,1.97611875,475,3722,N,23.3333333333333,0,147
3992,15,2.15916975,519,4067,N,25,0,147
5083,16,1.9719585,474,3992,N,26.6666666666667,0,147
5383,17,2.06764425,497,5083,N,28.3333333333333,0,147
5132,18,2.1383685,514,5383,N,30,0,147
5098,19,2.20077225,529,5132,N,31.6666666666667,0,147
5844,20,2.44206675,587,5098,N,33.3333333333333,0,147
5799,21,2.246535,540,5844,N,35,0,147
5133,22,1.21895325,293,5799,Y,36.6666666666667,1,147
5562,23,1.16487,280,5133,N,38.3333333333333,1,147
7228,24,1.314639,316,5562,N,40,1,147
6241,25,1.49769,360,7228,N,41.6666666666667,1,147
7128,26,1.4727285,354,6241,N,43.3333333333333,1,147
6883,27,1.41032475,339,7128,N,45,1,147
6850,28,1.51849125,365,6883,N,46.6666666666667,1,147
6272,29,1.7057025,410,6850,N,48.3333333333333,1,147
7041,30,1.73482425,417,6272,N,50,1,147
6362,31,1.813869,436,7041,N,51.6666666666667,1,147
7649,32,1.97611875,475,6362,N,53.3333333333333,1,147
8438,33,2.013561,484,7649,N,55,1,147
7983,34,1.75146525,421,8438,N,56.6666666666667,1,147
7671,35,1.8887535,454,7983,N,58.3333333333333,1,147
8480,36,1.0899855,262,7671,Y,60,2,147
8165,37,0.96933825,233,8480,N,61.6666666666667,2,147
7709,38,1.22727375,295,8165,N,63.3333333333333,2,147
8691,39,1.2730365,306,7709,N,65,2,147
9065,40,1.39368375,335,8691,N,66.6666666666667,2,147
8884,41,1.431126,344,9065,N,68.3333333333333,2,147
9466,42,1.6058565,386,8884,N,70,2,147
9266,43,1.5060105,362,9466,N,71.6666666666667,2,147
9660,44,1.5392925,370,9266,N,73.3333333333333,2,147
2627,0,1.214793,292,NA,N,0,0,148
2760,1,1.33128,320,2627,N,1.66666666666667,0,148
2799,2,1.4228055,342,2760,N,3.33333333333333,0,148
2958,3,1.547613,372,2799,N,5,0,148
2643,4,1.5559335,374,2958,N,6.66666666666667,0,148
3103,5,1.64329875,395,2643,N,8.33333333333333,0,148
2765,6,1.70986275,411,3103,N,10,0,148
2649,7,1.763946,424,2765,N,11.6666666666667,0,148
4402,8,1.7389845,418,2649,N,13.3333333333333,0,148
4205,9,1.763946,424,4402,N,15,0,148
4144,10,1.76810625,425,4205,N,16.6666666666667,0,148
3960,11,1.75146525,421,4144,N,18.3333333333333,0,148
4454,12,1.90955475,459,3960,N,20,0,148
3722,13,1.8055485,434,4454,N,21.6666666666667,0,148
4067,14,1.97611875,475,3722,N,23.3333333333333,0,148
3992,15,2.15916975,519,4067,N,25,0,148
5083,16,1.9719585,474,3992,N,26.6666666666667,0,148
5383,17,2.06764425,497,5083,N,28.3333333333333,0,148
5132,18,2.1383685,514,5383,N,30,0,148
5098,19,2.20077225,529,5132,N,31.6666666666667,0,148
5844,20,2.44206675,587,5098,N,33.3333333333333,0,148
5799,21,2.246535,540,5844,N,35,0,148
5128,22,1.24391475,299,5799,Y,36.6666666666667,1,148
5561,23,1.1731905,282,5128,N,38.3333333333333,1,148
7227,24,1.26887625,305,5561,N,40,1,148
6238,25,1.33544025,321,7227,N,41.6666666666667,1,148
7126,26,1.3396005,322,6238,N,43.3333333333333,1,148
6880,27,1.3063185,314,7126,N,45,1,148
6847,28,1.381203,332,6880,N,46.6666666666667,1,148
6269,29,1.564254,376,6847,N,48.3333333333333,1,148
7037,30,1.7057025,410,6269,N,50,1,148
6359,31,1.78474725,429,7037,N,51.6666666666667,1,148
7645,32,1.83467025,441,6359,N,53.3333333333333,1,148
8435,33,1.863792,448,7645,N,55,1,148
7982,34,1.91787525,461,8435,N,56.6666666666667,1,148
7668,35,2.50863075,603,7982,N,58.3333333333333,1,148
8478,36,2.1217275,510,7668,N,60,1,148
7706,38,2.54191275,611,8478,N,63.3333333333333,1,148
8689,39,1.04422275,251,7706,Y,65,2,148
9063,40,1.01094075,243,8689,N,66.6666666666667,2,148
8883,41,1.08582525,261,9063,N,68.3333333333333,2,148
9465,42,1.3063185,314,8883,N,70,2,148
9265,43,1.3229595,318,9465,N,71.6666666666667,2,148
9659,44,1.36040175,327,9265,N,73.3333333333333,2,148
9900,45,1.60169625,385,9659,N,75,2,148
10215,46,1.68490125,405,9900,N,76.6666666666667,2,148
10191,47,1.913715,460,10215,N,78.3333333333333,2,148
10543,48,2.0551635,494,10191,N,80,2,148
11977,49,2.12588775,511,10543,N,81.6666666666667,2,148
11025,50,2.1550095,518,11977,N,83.3333333333333,2,148
11726,51,2.16333,520,11025,N,85,2,148
11050,52,2.10924675,507,11726,N,86.6666666666667,2,148
11657,53,1.0234215,246,11050,Y,88.3333333333333,3,148
11365,54,1.065024,256,11657,N,90,3,148
10701,55,1.098306,264,11365,N,91.6666666666667,3,148
2373,0,1.414485,340,NA,N,0,0,149
2325,1,1.381203,332,2373,N,1.66666666666667,0,149
2408,2,1.431126,344,2325,N,3.33333333333333,0,149
2438,3,1.43528625,345,2408,N,5,0,149
2390,4,1.47688875,355,2438,N,6.66666666666667,0,149
2416,5,1.4727285,354,2390,N,8.33333333333333,0,149
2464,6,1.47688875,355,2416,N,10,0,149
2441,7,1.49352975,359,2464,N,11.6666666666667,0,149
3512,8,1.53513225,369,2441,N,13.3333333333333,0,149
3980,9,1.5392925,370,3512,N,15,0,149
3655,10,1.59337575,383,3980,N,16.6666666666667,0,149
3759,11,1.51849125,365,3655,N,18.3333333333333,0,149
3524,12,1.75978575,423,3759,N,20,0,149
3599,13,1.847151,444,3524,N,21.6666666666667,0,149
3828,14,1.847151,444,3599,N,23.3333333333333,0,149
3779,15,1.81802925,437,3828,N,25,0,149
4864,16,1.880433,452,3779,N,26.6666666666667,0,149
5142,17,2.130048,512,4864,N,28.3333333333333,0,149
4899,18,1.930356,464,5142,N,30,0,149
4833,19,2.20077225,529,4899,N,31.6666666666667,0,149
5750,20,2.3380605,562,4833,N,33.3333333333333,0,149
5706,21,2.27565675,547,5750,N,35,0,149
4886,22,1.1066265,266,5706,Y,36.6666666666667,1,149
4870,23,1.198152,288,4886,N,38.3333333333333,1,149
6983,24,1.24391475,299,4870,N,40,1,149
6098,25,1.26055575,303,6983,N,41.6666666666667,1,149
7013,26,1.2231135,294,6098,N,43.3333333333333,1,149
6750,27,1.23559425,297,7013,N,45,1,149
6713,28,1.314639,316,6750,N,46.6666666666667,1,149
6124,29,1.281357,308,6713,N,48.3333333333333,1,149
6830,30,1.2563955,302,6124,N,50,1,149
6179,31,1.42696575,343,6830,N,51.6666666666667,1,149
7455,32,1.40200425,337,6179,N,53.3333333333333,1,149
8311,33,1.26055575,303,7455,N,55,1,149
7925,34,1.3562415,326,8311,N,56.6666666666667,1,149
7577,35,1.4061645,338,7925,N,58.3333333333333,1,149
8355,36,1.597536,384,7577,N,60,1,149
8095,37,1.39368375,335,8355,N,61.6666666666667,1,149
7497,38,1.4394465,346,8095,N,63.3333333333333,1,149
8639,39,1.63497825,393,7497,N,65,1,149
9018,40,1.64329875,395,8639,N,66.6666666666667,1,149
8834,41,1.813869,436,9018,N,68.3333333333333,1,149
9413,42,1.83051,440,8834,N,70,1,149
9209,43,1.7556255,422,9413,N,71.6666666666667,1,149
9608,44,1.99275975,479,9209,N,73.3333333333333,1,149
9815,45,1.897074,456,9608,N,75,1,149
10493,48,2.1050865,506,9815,N,80,1,149
11922,49,1.031742,248,10493,Y,81.6666666666667,2,149
10797,50,1.01926125,245,11922,N,83.3333333333333,2,149
11600,51,1.2064725,290,10797,N,85,2,149
10939,52,1.2397545,298,11600,N,86.6666666666667,2,149
12826,58,0.91109475,219,10939,N,96.6666666666667,2,149
12368,59,1.03590225,249,12826,N,98.3333333333333,2,149
2373,0,1.414485,340,NA,N,0,0,150
2325,1,1.381203,332,2373,N,1.66666666666667,0,150
2408,2,1.431126,344,2325,N,3.33333333333333,0,150
2438,3,1.43528625,345,2408,N,5,0,150
2390,4,1.47688875,355,2438,N,6.66666666666667,0,150
2416,5,1.4727285,354,2390,N,8.33333333333333,0,150
2464,6,1.47688875,355,2416,N,10,0,150
2441,7,1.49352975,359,2464,N,11.6666666666667,0,150
3512,8,1.53513225,369,2441,N,13.3333333333333,0,150
3980,9,1.5392925,370,3512,N,15,0,150
3655,10,1.59337575,383,3980,N,16.6666666666667,0,150
3759,11,1.51849125,365,3655,N,18.3333333333333,0,150
3524,12,1.75978575,423,3759,N,20,0,150
3599,13,1.847151,444,3524,N,21.6666666666667,0,150
3828,14,1.847151,444,3599,N,23.3333333333333,0,150
3779,15,1.81802925,437,3828,N,25,0,150
4864,16,1.880433,452,3779,N,26.6666666666667,0,150
5142,17,2.130048,512,4864,N,28.3333333333333,0,150
4899,18,1.930356,464,5142,N,30,0,150
4833,19,2.20077225,529,4899,N,31.6666666666667,0,150
5750,20,2.3380605,562,4833,N,33.3333333333333,0,150
5706,21,2.27565675,547,5750,N,35,0,150
4883,22,1.281357,308,5706,Y,36.6666666666667,1,150
4868,23,1.26055575,303,4883,N,38.3333333333333,1,150
6979,24,1.36872225,329,4868,N,40,1,150
6095,25,1.42696575,343,6979,N,41.6666666666667,1,150
7010,26,1.48520925,357,6095,N,43.3333333333333,1,150
6748,27,1.55177325,373,7010,N,45,1,150
6709,28,1.630818,392,6748,N,46.6666666666667,1,150
6122,29,1.730664,416,6709,N,48.3333333333333,1,150
6827,30,1.647459,396,6122,N,50,1,150
6176,31,1.62665775,391,6827,N,51.6666666666667,1,150
7454,32,1.597536,384,6176,N,53.3333333333333,1,150
8308,33,1.580895,380,7454,N,55,1,150
7924,34,1.62665775,391,8308,N,56.6666666666667,1,150
7576,35,1.70986275,411,7924,N,58.3333333333333,1,150
8352,36,2.10092625,505,7576,N,60,1,150
8094,37,1.8554715,446,8352,N,61.6666666666667,1,150
7496,38,1.946997,468,8094,N,63.3333333333333,1,150
8638,39,2.16333,520,7496,N,65,1,150
9017,40,2.17581075,523,8638,N,66.6666666666667,1,150
8833,41,2.313099,556,9017,N,68.3333333333333,1,150
9412,42,2.34222075,563,8833,N,70,1,150
9208,43,1.2563955,302,9412,Y,71.6666666666667,2,150
9607,44,1.4394465,346,9208,N,73.3333333333333,2,150
9814,45,1.3728825,330,9607,N,75,2,150
10087,46,1.481049,356,9814,N,76.6666666666667,2,150
10071,47,1.514331,364,10087,N,78.3333333333333,2,150
10492,48,1.54345275,371,10071,N,80,2,150
11921,49,1.5892155,382,10492,N,81.6666666666667,2,150
10796,50,1.597536,384,11921,N,83.3333333333333,2,150
11599,51,1.64329875,395,10796,N,85,2,150
10935,52,1.82634975,439,11599,N,86.6666666666667,2,150
11477,53,2.0884455,502,10935,N,88.3333333333333,2,150
11270,54,2.213253,532,11477,N,90,2,150
10642,55,2.50863075,603,11270,N,91.6666666666667,2,150
12632,56,2.59183575,623,10642,N,93.3333333333333,2,150
12290,57,1.07750475,259,12632,Y,95,3,150
12359,58,1.314639,316,12290,N,96.6666666666667,3,150
12249,59,1.4560875,350,12359,N,98.3333333333333,3,150
13148,61,1.747305,420,12249,N,101.666666666667,3,150
13546,62,1.76810625,425,13148,N,103.333333333333,3,150
13534,63,1.82634975,439,13546,N,105,3,150
15243,64,0.94437675,227,13534,Y,106.666666666667,4,150
14699,65,1.0234215,246,15243,N,108.333333333333,4,150
2119,0,1.0567035,254,NA,N,0,0,151
2103,1,0.99846,240,2119,N,1.66666666666667,0,151
2176,2,0.9734985,234,2103,N,3.33333333333333,0,151
2182,3,1.01094075,243,2176,N,5,0,151
2144,4,1.06918425,257,2182,N,6.66666666666667,0,151
2107,5,1.12742775,271,2144,N,8.33333333333333,0,151
2173,6,1.21063275,291,2107,N,10,0,151
2145,7,1.30215825,313,2173,N,11.6666666666667,0,151
3398,8,1.42696575,343,2145,N,13.3333333333333,0,151
3812,9,1.51849125,365,3398,N,15,0,151
3300,10,1.41864525,341,3812,N,16.6666666666667,0,151
3571,11,1.51849125,365,3300,N,18.3333333333333,0,151
3403,12,1.51017075,363,3571,N,20,0,151
3469,13,1.41864525,341,3403,N,21.6666666666667,0,151
3684,14,1.4228055,342,3469,N,23.3333333333333,0,151
3533,15,1.4893695,358,3684,N,25,0,151
4693,16,1.464408,352,3533,N,26.6666666666667,0,151
4967,17,1.647459,396,4693,N,28.3333333333333,0,151
4725,18,1.6890615,406,4967,N,30,0,151
4644,19,1.83051,440,4725,N,31.6666666666667,0,151
5518,20,1.8721125,450,4644,N,33.3333333333333,0,151
5570,21,1.74314475,419,5518,N,35,0,151
4708,22,2.0385225,490,5570,N,36.6666666666667,0,151
4684,23,1.1731905,282,4708,Y,38.3333333333333,1,151
6669,24,1.148229,276,4684,N,40,1,151
5991,25,1.16903025,281,6669,N,41.6666666666667,1,151
6504,26,1.131588,272,5991,N,43.3333333333333,1,151
6544,27,1.29383775,311,6504,N,45,1,151
6538,28,1.03590225,249,6544,N,46.6666666666667,1,151
6011,29,1.181511,284,6538,N,48.3333333333333,1,151
6620,30,1.31047875,315,6011,N,50,1,151
6026,31,1.50185025,361,6620,N,51.6666666666667,1,151
7413,32,1.3895235,334,6026,N,53.3333333333333,1,151
8186,33,1.40200425,337,7413,N,55,1,151
7882,34,1.46856825,353,8186,N,56.6666666666667,1,151
7376,35,1.564254,376,7882,N,58.3333333333333,1,151
2119,0,1.0567035,254,NA,N,0,0,152
2103,1,0.99846,240,2119,N,1.66666666666667,0,152
2176,2,0.9734985,234,2103,N,3.33333333333333,0,152
2182,3,1.01094075,243,2176,N,5,0,152
2144,4,1.06918425,257,2182,N,6.66666666666667,0,152
2107,5,1.12742775,271,2144,N,8.33333333333333,0,152
2173,6,1.21063275,291,2107,N,10,0,152
2145,7,1.30215825,313,2173,N,11.6666666666667,0,152
3398,8,1.42696575,343,2145,N,13.3333333333333,0,152
3812,9,1.51849125,365,3398,N,15,0,152
3300,10,1.41864525,341,3812,N,16.6666666666667,0,152
3571,11,1.51849125,365,3300,N,18.3333333333333,0,152
3403,12,1.51017075,363,3571,N,20,0,152
3469,13,1.41864525,341,3403,N,21.6666666666667,0,152
3684,14,1.4228055,342,3469,N,23.3333333333333,0,152
3533,15,1.4893695,358,3684,N,25,0,152
4693,16,1.464408,352,3533,N,26.6666666666667,0,152
4967,17,1.647459,396,4693,N,28.3333333333333,0,152
4725,18,1.6890615,406,4967,N,30,0,152
4644,19,1.83051,440,4725,N,31.6666666666667,0,152
5518,20,1.8721125,450,4644,N,33.3333333333333,0,152
5570,21,1.74314475,419,5518,N,35,0,152
4708,22,2.0385225,490,5570,N,36.6666666666667,0,152
4687,23,0.90277425,217,4708,Y,38.3333333333333,1,152
6670,24,0.981819,236,4687,N,40,1,152
5994,25,1.031742,248,6670,N,41.6666666666667,1,152
6509,26,1.0067805,242,5994,N,43.3333333333333,1,152
6549,27,1.1565495,278,6509,N,45,1,152
6542,28,1.10246625,265,6549,N,46.6666666666667,1,152
6014,29,1.30215825,313,6542,N,48.3333333333333,1,152
6621,30,1.19399175,287,6014,N,50,1,152
6028,31,1.231434,296,6621,N,51.6666666666667,1,152
7414,32,1.3396005,322,6028,N,53.3333333333333,1,152
8190,33,1.32711975,319,7414,N,55,1,152
7883,34,1.31047875,315,8190,N,56.6666666666667,1,152
7378,35,1.314639,316,7883,N,58.3333333333333,1,152
8242,36,1.381203,332,7378,N,60,1,152
8061,37,1.22727375,295,8242,N,61.6666666666667,1,152
7405,38,1.36040175,327,8061,N,63.3333333333333,1,152
8603,39,1.547613,372,7405,N,65,1,152
8983,40,1.564254,376,8603,N,66.6666666666667,1,152
8796,41,1.79306775,431,8983,N,68.3333333333333,1,152
9372,42,1.8887535,454,8796,N,70,1,152
9167,43,1.83467025,441,9372,N,71.6666666666667,1,152
9568,44,2.15916975,519,9167,N,73.3333333333333,1,152
9767,45,2.17581075,523,9568,N,75,1,152
9950,46,2.35054125,565,9767,N,76.6666666666667,1,152
9935,47,2.3547015,566,9950,N,78.3333333333333,1,152
10438,48,2.479509,596,9935,N,80,1,152
11872,49,2.58351525,621,10438,N,81.6666666666667,1,152
10749,50,1.015101,244,11872,Y,83.3333333333333,2,152
11501,51,1.21895325,293,10749,N,85,2,152
10373,52,1.3229595,318,11501,N,86.6666666666667,2,152
11308,53,1.231434,296,10373,N,88.3333333333333,2,152
11214,54,1.3063185,314,11308,N,90,2,152
10588,55,1.3063185,314,11214,N,91.6666666666667,2,152
12347,56,1.36872225,329,10588,N,93.3333333333333,2,152
12189,57,1.42696575,343,12347,N,95,2,152
12272,58,1.41032475,339,12189,N,96.6666666666667,2,152
12144,59,1.4228055,342,12272,N,98.3333333333333,2,152
13001,61,1.46856825,353,12144,N,101.666666666667,2,152
13380,62,1.65161925,397,13001,N,103.333333333333,2,152
13365,63,2.013561,484,13380,N,105,2,152
14498,64,1.68490125,405,13365,N,106.666666666667,2,152
14118,66,1.9553175,470,14498,N,110,2,152
13921,67,1.065024,256,14118,Y,111.666666666667,3,152
13778,68,1.16487,280,13921,N,113.333333333333,3,152
13815,69,1.24391475,299,13778,N,115,3,152
15134,70,1.3229595,318,13815,N,116.666666666667,3,152
2887,0,0.8070885,194,NA,N,0,0,153
2966,1,0.8902935,214,2887,N,1.66666666666667,0,153
3080,2,0.931896,224,2966,N,3.33333333333333,0,153
3176,3,0.94437675,227,3080,N,5,0,153
2820,4,0.948537,228,3176,N,6.66666666666667,0,153
3248,5,1.07750475,259,2820,N,8.33333333333333,0,153
2985,6,0.898614,216,3248,N,10,0,153
2794,7,0.98597925,237,2985,N,11.6666666666667,0,153
4475,8,0.931896,224,2794,N,13.3333333333333,0,153
4352,9,0.90277425,217,4475,N,15,0,153
4298,10,0.92773575,223,4352,N,16.6666666666667,0,153
4119,11,0.88613325,213,4298,N,18.3333333333333,0,153
4518,12,0.93605625,225,4119,N,20,0,153
3900,13,1.1066265,266,4518,N,21.6666666666667,0,153
4237,14,1.06086375,255,3900,N,23.3333333333333,0,153
3845,15,1.2231135,294,4237,N,25,0,153
4931,16,1.24391475,299,3845,N,26.6666666666667,0,153
5211,17,1.49352975,359,4931,N,28.3333333333333,0,153
4968,18,1.56009375,375,5211,N,30,0,153
4923,19,1.4727285,354,4968,N,31.6666666666667,0,153
5777,20,1.58505525,381,4923,N,33.3333333333333,0,153
5737,21,1.5060105,362,5777,N,35,0,153
4951,22,1.70154225,409,5737,N,36.6666666666667,0,153
5474,23,1.930356,464,4951,N,38.3333333333333,0,153
7162,24,1.963638,472,5474,N,40,0,153
6130,25,1.081665,260,7162,Y,41.6666666666667,1,153
7054,26,0.9069345,218,6130,N,43.3333333333333,1,153
6795,27,1.05254325,253,7054,N,45,1,153
2637,0,0.7072425,170,NA,N,0,0,154
2778,1,0.965178,232,2637,N,1.66666666666667,0,154
2818,2,0.88613325,213,2778,N,3.33333333333333,0,154
2973,3,0.95269725,229,2818,N,5,0,154
2662,4,0.90277425,217,2973,N,6.66666666666667,0,154
3116,5,1.081665,260,2662,N,8.33333333333333,0,154
2784,6,1.0567035,254,3116,N,10,0,154
2664,7,1.148229,276,2784,N,11.6666666666667,0,154
4410,8,1.15238925,277,2664,N,13.3333333333333,0,154
4224,9,1.098306,264,4410,N,15,0,154
4162,10,1.0567035,254,4224,N,16.6666666666667,0,154
3979,11,1.0733445,258,4162,N,18.3333333333333,0,154
4461,12,1.18567125,285,3979,N,20,0,154
3744,13,1.17735075,283,4461,N,21.6666666666667,0,154
4090,14,1.21895325,293,3744,N,23.3333333333333,0,154
4009,15,1.15238925,277,4090,N,25,0,154
5101,16,1.264716,304,4009,N,26.6666666666667,0,154
5401,17,1.16903025,281,5101,N,28.3333333333333,0,154
5150,18,1.24391475,299,5401,N,30,0,154
5117,19,1.2397545,298,5150,N,31.6666666666667,0,154
5854,20,1.2231135,294,5117,N,33.3333333333333,0,154
5805,21,1.26055575,303,5854,N,35,0,154
5145,22,1.29383775,311,5805,N,36.6666666666667,0,154
5565,23,1.34376075,323,5145,N,38.3333333333333,0,154
7231,24,1.42696575,343,5565,N,40,0,154
6248,25,1.56841425,377,7231,N,41.6666666666667,0,154
7133,26,1.747305,420,6248,N,43.3333333333333,0,154
6891,27,1.94283675,467,7133,N,45,0,154
6856,28,2.0718045,498,6891,N,46.6666666666667,0,154
6281,29,1.780587,428,6856,N,48.3333333333333,0,154
7051,30,1.098306,264,6281,Y,50,1,154
6372,31,1.15238925,277,7051,N,51.6666666666667,1,154
7656,32,1.16903025,281,6372,N,53.3333333333333,1,154
7676,35,1.37704275,331,7656,N,58.3333333333333,1,154
8485,36,1.3895235,334,7676,N,60,1,154
8168,37,1.347921,324,8485,N,61.6666666666667,1,154
7714,38,1.4727285,354,8168,N,63.3333333333333,1,154
8693,39,1.60169625,385,7714,N,65,1,154
9067,40,1.49769,360,8693,N,66.6666666666667,1,154
8886,41,1.697382,408,9067,N,68.3333333333333,1,154
9468,42,1.8221895,438,8886,N,70,1,154
9270,43,1.76810625,425,9468,N,71.6666666666667,1,154
9663,44,2.1383685,514,9270,N,73.3333333333333,1,154
9909,45,2.0052405,482,9663,N,75,1,154
10220,46,2.1050865,506,9909,N,76.6666666666667,1,154
10201,47,2.22573375,535,10220,N,78.3333333333333,1,154
10545,48,2.30061825,553,10201,N,80,1,154
11979,49,1.1898315,286,10545,Y,81.6666666666667,2,154
11033,50,1.21895325,293,11979,N,83.3333333333333,2,154
11730,51,1.26887625,305,11033,N,85,2,154
11053,52,1.41032475,339,11730,N,86.6666666666667,2,154
11662,53,1.47688875,355,11053,N,88.3333333333333,2,154
2637,0,0.7072425,170,NA,N,0,0,155
2778,1,0.965178,232,2637,N,1.66666666666667,0,155
2818,2,0.88613325,213,2778,N,3.33333333333333,0,155
2973,3,0.95269725,229,2818,N,5,0,155
2662,4,0.90277425,217,2973,N,6.66666666666667,0,155
3116,5,1.081665,260,2662,N,8.33333333333333,0,155
2784,6,1.0567035,254,3116,N,10,0,155
2664,7,1.148229,276,2784,N,11.6666666666667,0,155
4410,8,1.15238925,277,2664,N,13.3333333333333,0,155
4224,9,1.098306,264,4410,N,15,0,155
4162,10,1.0567035,254,4224,N,16.6666666666667,0,155
3979,11,1.0733445,258,4162,N,18.3333333333333,0,155
4461,12,1.18567125,285,3979,N,20,0,155
3744,13,1.17735075,283,4461,N,21.6666666666667,0,155
4090,14,1.21895325,293,3744,N,23.3333333333333,0,155
4009,15,1.15238925,277,4090,N,25,0,155
5101,16,1.264716,304,4009,N,26.6666666666667,0,155
5401,17,1.16903025,281,5101,N,28.3333333333333,0,155
5150,18,1.24391475,299,5401,N,30,0,155
5117,19,1.2397545,298,5150,N,31.6666666666667,0,155
5854,20,1.2231135,294,5117,N,33.3333333333333,0,155
5805,21,1.26055575,303,5854,N,35,0,155
5145,22,1.29383775,311,5805,N,36.6666666666667,0,155
5565,23,1.34376075,323,5145,N,38.3333333333333,0,155
7231,24,1.42696575,343,5565,N,40,0,155
6248,25,1.56841425,377,7231,N,41.6666666666667,0,155
7133,26,1.747305,420,6248,N,43.3333333333333,0,155
6891,27,1.94283675,467,7133,N,45,0,155
6856,28,2.0718045,498,6891,N,46.6666666666667,0,155
6281,29,1.780587,428,6856,N,48.3333333333333,0,155
7055,30,1.15238925,277,6281,Y,50,1,155
6373,31,1.12742775,271,7055,N,51.6666666666667,1,155
7658,32,1.19399175,287,6373,N,53.3333333333333,1,155
8442,33,1.38536325,333,7658,N,55,1,155
7986,34,1.314639,316,8442,N,56.6666666666667,1,155
7679,35,1.2064725,290,7986,N,58.3333333333333,1,155
8487,36,1.181511,284,7679,N,60,1,155
8171,37,1.35208125,325,8487,N,61.6666666666667,1,155
7716,38,1.51017075,363,8171,N,63.3333333333333,1,155
8694,39,1.57673475,379,7716,N,65,1,155
9068,40,1.51017075,363,8694,N,66.6666666666667,1,155
8887,41,1.63497825,393,9068,N,68.3333333333333,1,155
9469,42,1.72650375,415,8887,N,70,1,155
9271,43,2.15084925,517,9469,N,71.6666666666667,1,155
9664,44,2.10092625,505,9271,N,73.3333333333333,1,155
9912,45,2.19245175,527,9664,N,75,1,155
10224,46,1.33128,320,9912,Y,76.6666666666667,2,155
10204,47,1.35208125,325,10224,N,78.3333333333333,2,155
10547,48,1.3063185,314,10204,N,80,2,155
11982,49,1.4061645,338,10547,N,81.6666666666667,2,155
11037,50,1.597536,384,11982,N,83.3333333333333,2,155
11736,51,1.547613,372,11037,N,85,2,155
11058,52,1.697382,408,11736,N,86.6666666666667,2,155
11665,53,1.780587,428,11058,N,88.3333333333333,2,155
11371,54,1.5060105,362,11665,N,90,2,155
10704,55,1.547613,372,11371,N,91.6666666666667,2,155
12811,56,1.59337575,383,10704,N,93.3333333333333,2,155
12605,57,1.913715,460,12811,N,95,2,155
12634,58,1.880433,452,12605,N,96.6666666666667,2,155
12424,59,2.013561,484,12634,N,98.3333333333333,2,155
13209,61,2.196612,528,12424,N,101.666666666667,2,155
13624,62,2.20909275,531,13209,N,103.333333333333,2,155
13585,63,2.36718225,569,13624,N,105,2,155
15305,64,1.1066265,266,13585,Y,106.666666666667,3,155
2128,0,0.84453075,203,NA,N,0,0,156
2114,1,0.94437675,227,2128,N,1.66666666666667,0,156
2183,2,0.90277425,217,2114,N,3.33333333333333,0,156
2199,3,0.8570115,206,2183,N,5,0,156
2162,4,0.9568575,230,2199,N,6.66666666666667,0,156
2123,5,1.031742,248,2162,N,8.33333333333333,0,156
2194,6,0.92773575,223,2123,N,10,0,156
2168,7,1.11910725,269,2194,N,11.6666666666667,0,156
3401,8,1.1731905,282,2168,N,13.3333333333333,0,156
3820,9,1.01094075,243,3401,N,15,0,156
3302,10,0.98597925,237,3820,N,16.6666666666667,0,156
3573,11,1.048383,252,3302,N,18.3333333333333,0,156
3408,12,1.10246625,265,3573,N,20,0,156
3475,13,1.12742775,271,3408,N,21.6666666666667,0,156
3686,14,1.131588,272,3475,N,23.3333333333333,0,156
3538,15,1.11078675,267,3686,N,25,0,156
4700,16,1.18567125,285,3538,N,26.6666666666667,0,156
4971,17,1.148229,276,4700,N,28.3333333333333,0,156
4729,18,1.20231225,289,4971,N,30,0,156
4650,19,1.231434,296,4729,N,31.6666666666667,0,156
5523,20,1.29383775,311,4650,N,33.3333333333333,0,156
5606,21,1.2397545,298,5523,N,35,0,156
4714,22,1.23559425,297,5606,N,36.6666666666667,0,156
4691,23,1.1898315,286,4714,N,38.3333333333333,0,156
6672,24,1.297998,312,4691,N,40,0,156
6000,25,1.231434,296,6672,N,41.6666666666667,0,156
6518,26,1.2064725,290,6000,N,43.3333333333333,0,156
6551,27,1.18567125,285,6518,N,45,0,156
6546,28,1.18567125,285,6551,N,46.6666666666667,0,156
6016,29,1.24391475,299,6546,N,48.3333333333333,0,156
6623,30,1.24391475,299,6016,N,50,0,156
6034,31,1.40200425,337,6623,N,51.6666666666667,0,156
7416,32,1.54345275,371,6034,N,53.3333333333333,0,156
8196,33,1.78474725,429,7416,N,55,0,156
7884,34,1.91787525,461,8196,N,56.6666666666667,0,156
7386,35,2.146689,516,7884,N,58.3333333333333,0,156
8255,36,1.11910725,269,7386,Y,60,1,156
8064,37,1.21063275,291,8255,N,61.6666666666667,1,156
7467,38,1.26055575,303,8064,N,63.3333333333333,1,156
8606,39,1.347921,324,7467,N,65,1,156
8986,40,1.297998,312,8606,N,66.6666666666667,1,156
8799,41,1.27719675,307,8986,N,68.3333333333333,1,156
9376,42,1.51017075,363,8799,N,70,1,156
9171,43,1.57673475,379,9376,N,71.6666666666667,1,156
9572,44,1.36040175,327,9171,N,73.3333333333333,1,156
9772,45,1.55177325,373,9572,N,75,1,156
9967,46,1.5392925,370,9772,N,76.6666666666667,1,156
9954,47,1.8721125,450,9967,N,78.3333333333333,1,156
10445,48,1.80970875,435,9954,N,80,1,156
11879,49,1.913715,460,10445,N,81.6666666666667,1,156
10757,50,2.18413125,525,11879,N,83.3333333333333,1,156
11530,51,2.246535,540,10757,N,85,1,156
10381,52,0.765486,184,11530,Y,86.6666666666667,2,156
11316,53,0.7904475,190,10381,N,88.3333333333333,2,156
11224,54,0.77796675,187,11316,N,90,2,156
10598,55,0.85285125,205,11224,N,91.6666666666667,2,156
2386,0,1.0067805,242,NA,N,0,0,157
2332,1,0.931896,224,2386,N,1.66666666666667,0,157
2453,2,0.948537,228,2332,N,3.33333333333333,0,157
2444,3,0.948537,228,2453,N,5,0,157
2399,4,1.0400625,250,2444,N,6.66666666666667,0,157
2422,5,1.0733445,258,2399,N,8.33333333333333,0,157
2483,6,1.04422275,251,2422,N,10,0,157
2446,7,1.1232675,270,2483,N,11.6666666666667,0,157
3525,8,1.15238925,277,2446,N,13.3333333333333,0,157
3994,9,1.21895325,293,3525,N,15,0,157
3659,10,1.181511,284,3994,N,16.6666666666667,0,157
3774,11,1.26055575,303,3659,N,18.3333333333333,0,157
4379,12,1.28551725,309,3774,N,20,0,157
3606,13,1.32711975,319,4379,N,21.6666666666667,0,157
3843,14,1.3229595,318,3606,N,23.3333333333333,0,157
3787,15,1.2563955,302,3843,N,25,0,157
4876,16,1.3229595,318,3787,N,26.6666666666667,0,157
5156,17,1.38536325,333,4876,N,28.3333333333333,0,157
4917,18,1.38536325,333,5156,N,30,0,157
4845,19,1.40200425,337,4917,N,31.6666666666667,0,157
5755,20,1.364562,328,4845,N,33.3333333333333,0,157
5712,21,1.49352975,359,5755,N,35,0,157
4895,22,1.75146525,421,5712,N,36.6666666666667,0,157
5462,23,1.8554715,446,4895,N,38.3333333333333,0,157
6990,24,1.90955475,459,5462,N,40,0,157
6107,25,2.15084925,517,6990,N,41.6666666666667,0,157
7022,26,2.25069525,541,6107,N,43.3333333333333,0,157
6761,27,2.4379065,586,7022,N,45,0,157
6723,28,2.4212655,582,6761,N,46.6666666666667,0,157
6138,29,2.595996,624,6723,N,48.3333333333333,0,157
6839,30,1.347921,324,6138,Y,50,1,157
6188,31,1.4394465,346,6839,N,51.6666666666667,1,157
7458,32,1.48520925,357,6188,N,53.3333333333333,1,157
8320,33,1.48520925,357,7458,N,55,1,157
7928,34,1.56841425,377,8320,N,56.6666666666667,1,157
7580,35,1.55177325,373,7928,N,58.3333333333333,1,157
8363,36,1.66826025,401,7580,N,60,1,157
8098,37,1.48520925,357,8363,N,61.6666666666667,1,157
7500,38,1.66826025,401,8098,N,63.3333333333333,1,157
8642,39,1.7722665,426,7500,N,65,1,157
9021,40,1.95947775,471,8642,N,66.6666666666667,1,157
8837,41,2.00940075,483,9021,N,68.3333333333333,1,157
9417,42,2.446227,588,8837,N,70,1,157
9214,43,1.0400625,250,9417,Y,71.6666666666667,2,157
9613,44,1.07750475,259,9214,N,73.3333333333333,2,157
9820,45,1.18567125,285,9613,N,75,2,157
10107,46,1.13574825,273,9820,N,76.6666666666667,2,157
2646,0,1.015101,244,NA,N,0,0,158
2791,1,1.05254325,253,2646,N,1.66666666666667,0,158
2831,2,1.14406875,275,2791,N,3.33333333333333,0,158
2977,3,1.1731905,282,2831,N,5,0,158
2668,4,1.16903025,281,2977,N,6.66666666666667,0,158
3121,5,1.21895325,293,2668,N,8.33333333333333,0,158
2788,6,1.21063275,291,3121,N,10,0,158
2670,7,1.2896775,310,2788,N,11.6666666666667,0,158
4413,8,1.2896775,310,2670,N,13.3333333333333,0,158
4227,9,1.4228055,342,4413,N,15,0,158
4165,10,1.29383775,311,4227,N,16.6666666666667,0,158
3984,11,1.347921,324,4165,N,18.3333333333333,0,158
4463,12,1.43528625,345,3984,N,20,0,158
3750,13,1.3562415,326,4463,N,21.6666666666667,0,158
4095,14,1.34376075,323,3750,N,23.3333333333333,0,158
4014,15,1.614177,388,4095,N,25,0,158
5106,16,1.53513225,369,4014,N,26.6666666666667,0,158
5405,17,1.5725745,378,5106,N,28.3333333333333,0,158
5155,18,1.62665775,391,5405,N,30,0,158
5122,19,1.57673475,379,5155,N,31.6666666666667,0,158
5856,20,1.54345275,371,5122,N,33.3333333333333,0,158
5807,21,1.614177,388,5856,N,35,0,158
5151,22,1.6724205,402,5807,N,36.6666666666667,0,158
5566,23,1.54345275,371,5151,N,38.3333333333333,0,158
7232,24,1.6391385,394,5566,N,40,0,158
6251,25,1.61833725,389,7232,N,41.6666666666667,0,158
7135,26,1.63497825,393,6251,N,43.3333333333333,0,158
6897,27,1.73482425,417,7135,N,45,0,158
6864,28,1.75978575,423,6897,N,46.6666666666667,0,158
6284,29,1.75978575,423,6864,N,48.3333333333333,0,158
7062,30,1.81802925,437,6284,N,50,0,158
6375,31,1.8554715,446,7062,N,51.6666666666667,0,158
7661,32,1.93451625,465,6375,N,53.3333333333333,0,158
8444,33,2.04268275,491,7661,N,55,0,158
7988,34,2.246535,540,8444,N,56.6666666666667,0,158
7687,35,2.30061825,553,7988,N,58.3333333333333,0,158
8493,36,2.31725925,557,7687,N,60,0,158
8181,37,2.363022,568,8493,N,61.6666666666667,0,158
7727,38,2.5377525,610,8181,N,63.3333333333333,0,158
8699,39,2.49198975,599,7727,N,65,0,158
9070,40,2.5377525,610,8699,N,66.6666666666667,0,158
8890,41,2.73328425,657,9070,N,68.3333333333333,0,158
9472,42,3.41556525,821,8890,N,70,0,158
9274,43,3.1534695,758,9472,N,71.6666666666667,0,158
9665,44,3.25747575,783,9274,N,73.3333333333333,0,158
9918,45,1.43528625,345,9665,Y,75,1,158
10228,46,1.4061645,338,9918,N,76.6666666666667,1,158
2393,0,1.364562,328,NA,N,0,0,159
2335,1,1.431126,344,2393,N,1.66666666666667,0,159
2457,2,1.564254,376,2335,N,3.33333333333333,0,159
2447,3,1.6058565,386,2457,N,5,0,159
2407,4,1.63497825,393,2447,N,6.66666666666667,0,159
2424,5,1.79306775,431,2407,N,8.33333333333333,0,159
2489,6,1.7556255,422,2424,N,10,0,159
2448,7,1.813869,436,2489,N,11.6666666666667,0,159
3539,8,1.8388305,442,2448,N,13.3333333333333,0,159
4016,9,1.9053945,458,3539,N,15,0,159
3958,10,1.94283675,467,4016,N,16.6666666666667,0,159
3794,11,1.980279,476,3958,N,18.3333333333333,0,159
4382,12,2.1550095,518,3794,N,20,0,159
3615,13,2.18413125,525,4382,N,21.6666666666667,0,159
3866,14,2.24237475,539,3615,N,23.3333333333333,0,159
3808,15,2.28397725,549,3866,N,25,0,159
4892,16,2.28397725,549,3808,N,26.6666666666667,0,159
5173,17,2.21741325,533,4892,N,28.3333333333333,0,159
4927,18,1.16070975,279,5173,Y,30,1,159
4855,19,1.14406875,275,4927,N,31.6666666666667,1,159
5757,20,1.1399085,274,4855,N,33.3333333333333,1,159
5715,21,1.20231225,289,5757,N,35,1,159
4906,22,1.16903025,281,5715,N,36.6666666666667,1,159
5463,23,1.36040175,327,4906,N,38.3333333333333,1,159
6991,24,1.3396005,322,5463,N,40,1,159
6112,25,1.29383775,311,6991,N,41.6666666666667,1,159
7027,26,1.41032475,339,6112,N,43.3333333333333,1,159
6769,27,1.6557795,398,7027,N,45,1,159
6733,28,1.79306775,431,6769,N,46.6666666666667,1,159
6152,29,1.85963175,447,6733,N,48.3333333333333,1,159
6857,30,1.99275975,479,6152,N,50,1,159
6205,31,1.963638,472,6857,N,51.6666666666667,1,159
7462,32,2.15084925,517,6205,N,53.3333333333333,1,159
8333,33,2.229894,536,7462,N,55,1,159
7933,34,2.4878295,598,8333,N,56.6666666666667,1,159
7584,35,2.363022,568,7933,N,58.3333333333333,1,159
8373,36,1.098306,264,7584,Y,60,2,159
8100,37,1.2730365,306,8373,N,61.6666666666667,2,159
7503,38,1.24391475,299,8100,N,63.3333333333333,2,159
3162,0,1.1066265,266,NA,N,0,0,160
3088,1,1.20231225,289,3162,N,1.66666666666667,0,160
3205,2,1.214793,292,3088,N,3.33333333333333,0,160
3243,3,1.20231225,289,3205,N,5,0,160
3133,4,1.231434,296,3243,N,6.66666666666667,0,160
3274,5,1.33544025,321,3133,N,8.33333333333333,0,160
3210,6,1.214793,292,3274,N,10,0,160
2929,7,1.13574825,273,3210,N,11.6666666666667,0,160
4575,8,1.26887625,305,2929,N,13.3333333333333,0,160
4522,9,1.23559425,297,4575,N,15,0,160
4390,10,1.34376075,323,4522,N,16.6666666666667,0,160
4266,11,1.36872225,329,4390,N,18.3333333333333,0,160
4562,12,1.38536325,333,4266,N,20,0,160
4373,13,1.3229595,318,4562,N,21.6666666666667,0,160
4344,14,1.43528625,345,4373,N,23.3333333333333,0,160
4270,15,1.36040175,327,4344,N,25,0,160
5378,16,1.44360675,347,4270,N,26.6666666666667,0,160
5721,17,1.55177325,373,5378,N,28.3333333333333,0,160
5432,18,1.68490125,405,5721,N,30,0,160
5423,19,1.83051,440,5432,N,31.6666666666667,0,160
5946,20,1.897074,456,5423,N,33.3333333333333,0,160
5921,21,1.747305,420,5946,N,35,0,160
5422,22,2.080125,500,5921,N,36.6666666666667,0,160
5647,23,1.10246625,265,5422,Y,38.3333333333333,1,160
7290,24,1.03590225,249,5647,N,40,1,160
3162,0,1.1066265,266,NA,N,0,0,161
3088,1,1.20231225,289,3162,N,1.66666666666667,0,161
3205,2,1.214793,292,3088,N,3.33333333333333,0,161
3243,3,1.20231225,289,3205,N,5,0,161
3133,4,1.231434,296,3243,N,6.66666666666667,0,161
3274,5,1.33544025,321,3133,N,8.33333333333333,0,161
3210,6,1.214793,292,3274,N,10,0,161
2929,7,1.13574825,273,3210,N,11.6666666666667,0,161
4575,8,1.26887625,305,2929,N,13.3333333333333,0,161
4522,9,1.23559425,297,4575,N,15,0,161
4390,10,1.34376075,323,4522,N,16.6666666666667,0,161
4266,11,1.36872225,329,4390,N,18.3333333333333,0,161
4562,12,1.38536325,333,4266,N,20,0,161
4373,13,1.3229595,318,4562,N,21.6666666666667,0,161
4344,14,1.43528625,345,4373,N,23.3333333333333,0,161
4270,15,1.36040175,327,4344,N,25,0,161
5378,16,1.44360675,347,4270,N,26.6666666666667,0,161
5721,17,1.55177325,373,5378,N,28.3333333333333,0,161
5432,18,1.68490125,405,5721,N,30,0,161
5423,19,1.83051,440,5432,N,31.6666666666667,0,161
5946,20,1.897074,456,5423,N,33.3333333333333,0,161
5921,21,1.747305,420,5946,N,35,0,161
5422,22,2.080125,500,5921,N,36.6666666666667,0,161
5645,23,1.02758175,247,5422,Y,38.3333333333333,1,161
7289,24,1.065024,256,5645,N,40,1,161
6503,25,1.26887625,305,7289,N,41.6666666666667,1,161
7331,26,1.25223525,301,6503,N,43.3333333333333,1,161
7183,27,1.21063275,291,7331,N,45,1,161
7038,28,1.3895235,334,7183,N,46.6666666666667,1,161
6484,29,1.35208125,325,7038,N,48.3333333333333,1,161
7201,30,1.314639,316,6484,N,50,1,161
6552,31,1.3562415,326,7201,N,51.6666666666667,1,161
7800,32,1.41032475,339,6552,N,53.3333333333333,1,161
8538,33,1.464408,352,7800,N,55,1,161
8036,34,1.60169625,385,8538,N,56.6666666666667,1,161
7822,35,1.83467025,441,8036,N,58.3333333333333,1,161
8571,36,1.90123425,457,7822,N,60,1,161
7859,38,1.87627275,451,8571,N,63.3333333333333,1,161
8764,39,1.8721125,450,7859,N,65,1,161
9134,40,1.9553175,470,8764,N,66.6666666666667,1,161
8957,41,1.863792,448,9134,N,68.3333333333333,1,161
9535,42,1.76810625,425,8957,N,70,1,161
9339,43,1.07750475,259,9535,Y,71.6666666666667,2,161
9728,44,1.081665,260,9339,N,73.3333333333333,2,161
10110,45,1.17735075,283,9728,N,75,2,161
10336,46,1.25223525,301,10110,N,76.6666666666667,2,161
10315,47,1.2563955,302,10336,N,78.3333333333333,2,161
11013,48,1.39368375,335,10315,N,80,2,161
12045,49,1.29383775,311,11013,N,81.6666666666667,2,161
11180,50,1.44360675,347,12045,N,83.3333333333333,2,161
11836,51,1.4560875,350,11180,N,85,2,161
11136,52,1.447767,348,11836,N,86.6666666666667,2,161
11793,53,1.4727285,354,11136,N,88.3333333333333,2,161
11544,54,1.55177325,373,11793,N,90,2,161
10974,55,1.60169625,385,11544,N,91.6666666666667,2,161
12918,56,1.63497825,393,10974,N,93.3333333333333,2,161
12807,57,1.7722665,426,12918,N,95,2,161
12892,58,1.980279,476,12807,N,96.6666666666667,2,161
12589,59,2.03436225,489,12892,N,98.3333333333333,2,161
13259,60,2.03436225,489,12589,N,100,2,161
13354,61,2.479509,596,13259,N,101.666666666667,2,161
13693,62,2.49198975,599,13354,N,103.333333333333,2,161
13761,63,1.081665,260,13693,Y,105,3,161
15392,64,1.17735075,283,13761,N,106.666666666667,3,161
15138,65,1.2896775,310,15392,N,108.333333333333,3,161
15235,66,1.17735075,283,15138,N,110,3,161
2651,0,1.3063185,314,NA,N,0,0,162
2796,1,1.16070975,279,2651,N,1.66666666666667,0,162
2838,2,1.1399085,274,2796,N,3.33333333333333,0,162
2982,3,1.248075,300,2838,N,5,0,162
2673,4,1.248075,300,2982,N,6.66666666666667,0,162
3125,5,1.31047875,315,2673,N,8.33333333333333,0,162
2793,6,1.297998,312,3125,N,10,0,162
2675,7,1.33128,320,2793,N,11.6666666666667,0,162
4415,8,1.32711975,319,2675,N,13.3333333333333,0,162
4233,9,1.3396005,322,4415,N,15,0,162
4170,10,1.35208125,325,4233,N,16.6666666666667,0,162
3989,11,1.33544025,321,4170,N,18.3333333333333,0,162
4465,12,1.3562415,326,3989,N,20,0,162
3754,13,1.3562415,326,4465,N,21.6666666666667,0,162
4100,14,1.46024775,351,3754,N,23.3333333333333,0,162
4022,15,1.514331,364,4100,N,25,0,162
5110,16,1.4560875,350,4022,N,26.6666666666667,0,162
5409,17,1.514331,364,5110,N,28.3333333333333,0,162
5162,18,1.70986275,411,5409,N,30,0,162
5127,19,1.6724205,402,5162,N,31.6666666666667,0,162
5859,20,1.780587,428,5127,N,33.3333333333333,0,162
5809,21,1.85131125,445,5859,N,35,0,162
5158,22,2.1217275,510,5809,N,36.6666666666667,0,162
5567,23,1.780587,428,5158,N,38.3333333333333,0,162
7233,24,1.1232675,270,5567,Y,40,1,162
6254,25,1.08582525,261,7233,N,41.6666666666667,1,162
7137,26,1.24391475,299,6254,N,43.3333333333333,1,162
6898,27,1.3728825,330,7137,N,45,1,162
6867,28,1.3895235,334,6898,N,46.6666666666667,1,162
6287,29,1.44360675,347,6867,N,48.3333333333333,1,162
7068,30,1.51849125,365,6287,N,50,1,162
6376,31,1.60169625,385,7068,N,51.6666666666667,1,162
7663,32,1.67658075,403,6376,N,53.3333333333333,1,162
8446,33,1.7556255,422,7663,N,55,1,162
7989,34,1.8388305,442,8446,N,56.6666666666667,1,162
7691,35,1.84299075,443,7989,N,58.3333333333333,1,162
8496,36,2.16333,520,7691,N,60,1,162
8184,37,2.1550095,518,8496,N,61.6666666666667,1,162
7739,38,2.1882915,526,8184,N,63.3333333333333,1,162
8700,39,1.98443925,477,7739,N,65,1,162
9071,40,2.00108025,481,8700,N,66.6666666666667,1,162
8891,41,2.14252875,515,9071,N,68.3333333333333,1,162
9473,42,2.64175875,635,8891,N,70,1,162
9275,43,2.36718225,569,9473,N,71.6666666666667,1,162
9666,44,2.50863075,603,9275,N,73.3333333333333,1,162
9921,45,2.67504075,643,9666,N,75,1,162
10230,46,2.8372905,682,9921,N,76.6666666666667,1,162
10209,47,3.1867515,766,10230,N,78.3333333333333,1,162
10550,48,2.94129675,707,10209,N,80,1,162
11984,49,2.84977125,685,10550,N,81.6666666666667,1,162
11045,50,1.63497825,393,11984,Y,83.3333333333333,2,162
11747,51,1.62665775,391,11045,N,85,2,162
11064,52,1.83051,440,11747,N,86.6666666666667,2,162
11667,53,1.9719585,474,11064,N,88.3333333333333,2,162
11375,54,2.130048,512,11667,N,90,2,162
10707,55,2.1882915,526,11375,N,91.6666666666667,2,162
12814,56,2.23405425,537,10707,N,93.3333333333333,2,162
12617,57,2.4878295,598,12814,N,95,2,162
12639,58,2.70000225,649,12617,N,96.6666666666667,2,162
12427,59,1.4394465,346,12639,Y,98.3333333333333,3,162
13211,61,1.6724205,402,12427,N,101.666666666667,3,162
13626,62,1.8388305,442,13211,N,103.333333333333,3,162
13586,63,2.0218815,486,13626,N,105,3,162
2142,0,1.80970875,435,NA,N,0,0,163
2124,1,2.07596475,499,2142,N,1.66666666666667,0,163
2193,2,2.16749025,521,2124,N,3.33333333333333,0,163
2206,3,2.096766,504,2193,N,5,0,163
2170,4,2.1716505,522,2206,N,6.66666666666667,0,163
2141,5,2.179971,524,2170,N,8.33333333333333,0,163
2208,6,2.3547015,566,2141,N,10,0,163
2186,7,2.3214195,558,2208,N,11.6666666666667,0,163
3404,8,2.29229775,551,2186,N,13.3333333333333,0,163
3825,9,2.3879835,574,3404,N,15,0,163
3303,10,2.35886175,567,3825,N,16.6666666666667,0,163
3574,11,1.231434,296,3303,Y,18.3333333333333,1,163
3412,12,1.32711975,319,3574,N,20,1,163
3478,13,1.36040175,327,3412,N,21.6666666666667,1,163
3687,14,1.4893695,358,3478,N,23.3333333333333,1,163
5294,16,1.42696575,343,3687,N,26.6666666666667,1,163
5662,17,1.6890615,406,5294,N,28.3333333333333,1,163
5355,18,1.5226515,366,5662,N,30,1,163
5336,19,1.56841425,377,5355,N,31.6666666666667,1,163
5931,20,1.65161925,397,5336,N,33.3333333333333,1,163
5888,21,1.6641,400,5931,N,35,1,163
5343,22,1.67658075,403,5888,N,36.6666666666667,1,163
5613,23,1.630818,392,5343,N,38.3333333333333,1,163
7310,26,1.75146525,421,5613,N,43.3333333333333,1,163
6441,27,1.78474725,429,7310,N,45,1,163
7867,34,1.76810625,425,6441,N,56.6666666666667,1,163
8179,36,1.89291375,455,7867,N,60,1,163
8582,39,1.76810625,425,8179,N,65,1,163
9350,42,1.89291375,455,8582,N,70,1,163
9146,43,1.85131125,445,9350,N,71.6666666666667,1,163
9546,44,1.9719585,474,9146,N,73.3333333333333,1,163
9742,45,2.03436225,489,9546,N,75,1,163
9894,46,1.963638,472,9742,N,76.6666666666667,1,163
9868,47,2.2382145,538,9894,N,78.3333333333333,1,163
10415,48,2.10924675,507,9868,N,80,1,163
11848,49,2.479509,596,10415,N,81.6666666666667,1,163
10723,50,2.31725925,557,11848,N,83.3333333333333,1,163
11436,51,2.35886175,567,10723,N,85,1,163
10350,52,2.2049325,530,11436,N,86.6666666666667,1,163
11278,53,2.8539315,686,10350,N,88.3333333333333,1,163
11193,54,2.59183575,623,11278,N,90,1,163
10568,55,2.45038725,589,11193,N,91.6666666666667,1,163
12082,56,1.18567125,285,10568,Y,93.3333333333333,2,163
12107,57,1.2397545,298,12082,N,95,2,163
2142,0,1.80970875,435,NA,N,0,0,164
2124,1,2.07596475,499,2142,N,1.66666666666667,0,164
2193,2,2.16749025,521,2124,N,3.33333333333333,0,164
2206,3,2.096766,504,2193,N,5,0,164
2170,4,2.1716505,522,2206,N,6.66666666666667,0,164
2141,5,2.179971,524,2170,N,8.33333333333333,0,164
2208,6,2.3547015,566,2141,N,10,0,164
2186,7,2.3214195,558,2208,N,11.6666666666667,0,164
3404,8,2.29229775,551,2186,N,13.3333333333333,0,164
3825,9,2.3879835,574,3404,N,15,0,164
3303,10,2.35886175,567,3825,N,16.6666666666667,0,164
3575,11,1.131588,272,3303,Y,18.3333333333333,1,164
3414,12,1.10246625,265,3575,N,20,1,164
3481,13,1.07750475,259,3414,N,21.6666666666667,1,164
3688,14,0.97765875,235,3481,N,23.3333333333333,1,164
5298,16,1.10246625,265,3688,N,26.6666666666667,1,164
5665,17,1.2231135,294,5298,N,28.3333333333333,1,164
5361,18,1.2397545,298,5665,N,30,1,164
5341,19,1.148229,276,5361,N,31.6666666666667,1,164
5932,20,1.1399085,274,5341,N,33.3333333333333,1,164
5890,21,0.99846,240,5932,N,35,1,164
5348,22,1.081665,260,5890,N,36.6666666666667,1,164
5615,23,1.1898315,286,5348,N,38.3333333333333,1,164
7036,26,1.4394465,346,5615,N,43.3333333333333,1,164
6776,27,1.6890615,406,7036,N,45,1,164
15664,29,NA,-1,6776,Y,48.3333333333333,2,164
2654,0,1.3229595,318,NA,N,0,0,165
2803,1,1.3895235,334,2654,N,1.66666666666667,0,165
2843,2,1.464408,352,2803,N,3.33333333333333,0,165
2988,3,1.580895,380,2843,N,5,0,165
2678,4,1.5060105,362,2988,N,6.66666666666667,0,165
3130,5,1.57673475,379,2678,N,8.33333333333333,0,165
2798,6,1.580895,380,3130,N,10,0,165
2682,7,1.59337575,383,2798,N,11.6666666666667,0,165
4417,8,1.65993975,399,2682,N,13.3333333333333,0,165
4239,9,1.66826025,401,4417,N,15,0,165
4176,10,1.6641,400,4239,N,16.6666666666667,0,165
3997,11,1.65993975,399,4176,N,18.3333333333333,0,165
4468,12,1.93451625,465,3997,N,20,0,165
3761,13,2.08428525,501,4468,N,21.6666666666667,0,165
4108,14,2.12588775,511,3761,N,23.3333333333333,0,165
4027,15,2.2714965,546,4108,N,25,0,165
5116,16,2.196612,528,4027,N,26.6666666666667,0,165
5416,17,1.13574825,273,5116,Y,28.3333333333333,1,165
5172,18,1.1232675,270,5416,N,30,1,165
5135,19,1.1565495,278,5172,N,31.6666666666667,1,165
5863,20,1.198152,288,5135,N,33.3333333333333,1,165
5813,21,1.198152,288,5863,N,35,1,165
2654,0,1.3229595,318,NA,N,0,0,166
2803,1,1.3895235,334,2654,N,1.66666666666667,0,166
2843,2,1.464408,352,2803,N,3.33333333333333,0,166
2988,3,1.580895,380,2843,N,5,0,166
2678,4,1.5060105,362,2988,N,6.66666666666667,0,166
3130,5,1.57673475,379,2678,N,8.33333333333333,0,166
2798,6,1.580895,380,3130,N,10,0,166
2682,7,1.59337575,383,2798,N,11.6666666666667,0,166
4417,8,1.65993975,399,2682,N,13.3333333333333,0,166
4239,9,1.66826025,401,4417,N,15,0,166
4176,10,1.6641,400,4239,N,16.6666666666667,0,166
3997,11,1.65993975,399,4176,N,18.3333333333333,0,166
4468,12,1.93451625,465,3997,N,20,0,166
3761,13,2.08428525,501,4468,N,21.6666666666667,0,166
4108,14,2.12588775,511,3761,N,23.3333333333333,0,166
4027,15,2.2714965,546,4108,N,25,0,166
5116,16,2.196612,528,4027,N,26.6666666666667,0,166
5413,17,0.9734985,234,5116,Y,28.3333333333333,1,166
5165,18,0.97765875,235,5413,N,30,1,166
5131,19,0.9568575,230,5165,N,31.6666666666667,1,166
5861,20,1.031742,248,5131,N,33.3333333333333,1,166
5811,21,1.0899855,262,5861,N,35,1,166
5161,22,1.1565495,278,5811,N,36.6666666666667,1,166
5568,23,1.26887625,305,5161,N,38.3333333333333,1,166
7235,24,1.264716,304,5568,N,40,1,166
6260,25,1.3063185,314,7235,N,41.6666666666667,1,166
7139,26,1.37704275,331,6260,N,43.3333333333333,1,166
6900,27,1.297998,312,7139,N,45,1,166
6870,28,1.4893695,358,6900,N,46.6666666666667,1,166
6290,29,1.5892155,382,6870,N,48.3333333333333,1,166
7071,30,1.71818325,413,6290,N,50,1,166
6377,31,1.980279,476,7071,N,51.6666666666667,1,166
7666,32,1.8221895,438,6377,N,53.3333333333333,1,166
8447,33,1.946997,468,7666,N,55,1,166
7990,34,2.31725925,557,8447,N,56.6666666666667,1,166
7694,35,2.15916975,519,7990,N,58.3333333333333,1,166
8500,36,1.05254325,253,7694,Y,60,2,166
8189,37,1.16070975,279,8500,N,61.6666666666667,2,166
7744,38,1.08582525,261,8189,N,63.3333333333333,2,166
2654,0,1.3229595,318,NA,N,0,0,167
2803,1,1.3895235,334,2654,N,1.66666666666667,0,167
2843,2,1.464408,352,2803,N,3.33333333333333,0,167
2988,3,1.580895,380,2843,N,5,0,167
2678,4,1.5060105,362,2988,N,6.66666666666667,0,167
3130,5,1.57673475,379,2678,N,8.33333333333333,0,167
2798,6,1.580895,380,3130,N,10,0,167
2682,7,1.59337575,383,2798,N,11.6666666666667,0,167
4417,8,1.65993975,399,2682,N,13.3333333333333,0,167
4239,9,1.66826025,401,4417,N,15,0,167
4176,10,1.6641,400,4239,N,16.6666666666667,0,167
3997,11,1.65993975,399,4176,N,18.3333333333333,0,167
4468,12,1.93451625,465,3997,N,20,0,167
3761,13,2.08428525,501,4468,N,21.6666666666667,0,167
4108,14,2.12588775,511,3761,N,23.3333333333333,0,167
4027,15,2.2714965,546,4108,N,25,0,167
5116,16,2.196612,528,4027,N,26.6666666666667,0,167
5413,17,0.9734985,234,5116,Y,28.3333333333333,1,167
5165,18,0.97765875,235,5413,N,30,1,167
5131,19,0.9568575,230,5165,N,31.6666666666667,1,167
5861,20,1.031742,248,5131,N,33.3333333333333,1,167
5811,21,1.0899855,262,5861,N,35,1,167
5161,22,1.1565495,278,5811,N,36.6666666666667,1,167
5568,23,1.26887625,305,5161,N,38.3333333333333,1,167
7235,24,1.264716,304,5568,N,40,1,167
6260,25,1.3063185,314,7235,N,41.6666666666667,1,167
7139,26,1.37704275,331,6260,N,43.3333333333333,1,167
6900,27,1.297998,312,7139,N,45,1,167
6870,28,1.4893695,358,6900,N,46.6666666666667,1,167
6290,29,1.5892155,382,6870,N,48.3333333333333,1,167
7071,30,1.71818325,413,6290,N,50,1,167
6377,31,1.980279,476,7071,N,51.6666666666667,1,167
7666,32,1.8221895,438,6377,N,53.3333333333333,1,167
8447,33,1.946997,468,7666,N,55,1,167
7990,34,2.31725925,557,8447,N,56.6666666666667,1,167
7694,35,2.15916975,519,7990,N,58.3333333333333,1,167
8498,36,0.9568575,230,7694,Y,60,2,167
8187,37,0.99429975,239,8498,N,61.6666666666667,2,167
7742,38,1.0234215,246,8187,N,63.3333333333333,2,167
8701,39,1.10246625,265,7742,N,65,2,167
9072,40,1.13574825,273,8701,N,66.6666666666667,2,167
8892,41,1.25223525,301,9072,N,68.3333333333333,2,167
9474,42,1.148229,276,8892,N,70,2,167
9276,43,1.20231225,289,9474,N,71.6666666666667,2,167
9667,44,1.16070975,279,9276,N,73.3333333333333,2,167
9926,45,1.2896775,310,9667,N,75,2,167
10232,46,1.3895235,334,9926,N,76.6666666666667,2,167
10210,47,1.3396005,322,10232,N,78.3333333333333,2,167
10551,48,1.38536325,333,10210,N,80,2,167
11985,49,1.4061645,338,10551,N,81.6666666666667,2,167
11047,50,1.48520925,357,11985,N,83.3333333333333,2,167
11750,51,1.547613,372,11047,N,85,2,167
11065,52,1.63497825,393,11750,N,86.6666666666667,2,167
11669,53,1.8388305,442,11065,N,88.3333333333333,2,167
11376,54,1.897074,456,11669,N,90,2,167
10708,55,1.9885995,478,11376,N,91.6666666666667,2,167
12815,56,2.07596475,499,10708,N,93.3333333333333,2,167
12620,57,2.49198975,599,12815,N,95,2,167
12643,58,1.297998,312,12620,Y,96.6666666666667,3,167
12429,59,1.231434,296,12643,N,98.3333333333333,3,167
13139,60,1.4228055,342,12429,N,100,3,167
13215,61,1.248075,300,13139,N,101.666666666667,3,167
13628,62,1.2730365,306,13215,N,103.333333333333,3,167
2654,0,1.3229595,318,NA,N,0,0,168
2803,1,1.3895235,334,2654,N,1.66666666666667,0,168
2843,2,1.464408,352,2803,N,3.33333333333333,0,168
2988,3,1.580895,380,2843,N,5,0,168
2678,4,1.5060105,362,2988,N,6.66666666666667,0,168
3130,5,1.57673475,379,2678,N,8.33333333333333,0,168
2798,6,1.580895,380,3130,N,10,0,168
2682,7,1.59337575,383,2798,N,11.6666666666667,0,168
4417,8,1.65993975,399,2682,N,13.3333333333333,0,168
4239,9,1.66826025,401,4417,N,15,0,168
4176,10,1.6641,400,4239,N,16.6666666666667,0,168
3997,11,1.65993975,399,4176,N,18.3333333333333,0,168
4468,12,1.93451625,465,3997,N,20,0,168
3761,13,2.08428525,501,4468,N,21.6666666666667,0,168
4108,14,2.12588775,511,3761,N,23.3333333333333,0,168
4027,15,2.2714965,546,4108,N,25,0,168
5116,16,2.196612,528,4027,N,26.6666666666667,0,168
5413,17,0.9734985,234,5116,Y,28.3333333333333,1,168
5165,18,0.97765875,235,5413,N,30,1,168
5131,19,0.9568575,230,5165,N,31.6666666666667,1,168
5861,20,1.031742,248,5131,N,33.3333333333333,1,168
5811,21,1.0899855,262,5861,N,35,1,168
5161,22,1.1565495,278,5811,N,36.6666666666667,1,168
5568,23,1.26887625,305,5161,N,38.3333333333333,1,168
7235,24,1.264716,304,5568,N,40,1,168
6260,25,1.3063185,314,7235,N,41.6666666666667,1,168
7139,26,1.37704275,331,6260,N,43.3333333333333,1,168
6900,27,1.297998,312,7139,N,45,1,168
6870,28,1.4893695,358,6900,N,46.6666666666667,1,168
6290,29,1.5892155,382,6870,N,48.3333333333333,1,168
7071,30,1.71818325,413,6290,N,50,1,168
6377,31,1.980279,476,7071,N,51.6666666666667,1,168
7666,32,1.8221895,438,6377,N,53.3333333333333,1,168
8447,33,1.946997,468,7666,N,55,1,168
7990,34,2.31725925,557,8447,N,56.6666666666667,1,168
7694,35,2.15916975,519,7990,N,58.3333333333333,1,168
8498,36,0.9568575,230,7694,Y,60,2,168
8187,37,0.99429975,239,8498,N,61.6666666666667,2,168
7742,38,1.0234215,246,8187,N,63.3333333333333,2,168
8701,39,1.10246625,265,7742,N,65,2,168
9072,40,1.13574825,273,8701,N,66.6666666666667,2,168
8892,41,1.25223525,301,9072,N,68.3333333333333,2,168
9474,42,1.148229,276,8892,N,70,2,168
9276,43,1.20231225,289,9474,N,71.6666666666667,2,168
9667,44,1.16070975,279,9276,N,73.3333333333333,2,168
9926,45,1.2896775,310,9667,N,75,2,168
10232,46,1.3895235,334,9926,N,76.6666666666667,2,168
10210,47,1.3396005,322,10232,N,78.3333333333333,2,168
10551,48,1.38536325,333,10210,N,80,2,168
11985,49,1.4061645,338,10551,N,81.6666666666667,2,168
11047,50,1.48520925,357,11985,N,83.3333333333333,2,168
11750,51,1.547613,372,11047,N,85,2,168
11065,52,1.63497825,393,11750,N,86.6666666666667,2,168
11669,53,1.8388305,442,11065,N,88.3333333333333,2,168
11376,54,1.897074,456,11669,N,90,2,168
10708,55,1.9885995,478,11376,N,91.6666666666667,2,168
12815,56,2.07596475,499,10708,N,93.3333333333333,2,168
12620,57,2.49198975,599,12815,N,95,2,168
12641,58,1.3562415,326,12620,Y,96.6666666666667,3,168
12428,59,1.51849125,365,12641,N,98.3333333333333,3,168
13138,60,1.67658075,403,12428,N,100,3,168
13213,61,1.77642675,427,13138,N,101.666666666667,3,168
13627,62,1.63497825,393,13213,N,103.333333333333,3,168
13587,63,1.863792,448,13627,N,105,3,168
15311,64,2.02604175,487,13587,N,106.666666666667,3,168
14906,65,2.43374625,585,15311,N,108.333333333333,3,168
15104,66,2.5377525,610,14906,N,110,3,168
14870,67,2.28397725,549,15104,N,111.666666666667,3,168
14725,68,2.47534875,595,14870,N,113.333333333333,3,168
14833,69,1.4061645,338,14725,Y,115,4,168
15491,70,1.4061645,338,14833,N,116.666666666667,4,168
2663,0,1.16487,280,NA,N,0,0,169
2815,1,1.31047875,315,2663,N,1.66666666666667,0,169
2852,2,1.3728825,330,2815,N,3.33333333333333,0,169
2999,3,1.4727285,354,2852,N,5,0,169
2690,4,1.4061645,338,2999,N,6.66666666666667,0,169
3139,5,1.397844,336,2690,N,8.33333333333333,0,169
2811,6,1.3396005,322,3139,N,10,0,169
2691,7,1.4727285,354,2811,N,11.6666666666667,0,169
4421,8,1.5392925,370,2691,N,13.3333333333333,0,169
4251,9,1.55177325,373,4421,N,15,0,169
4186,10,1.5392925,370,4251,N,16.6666666666667,0,169
4007,11,1.48520925,357,4186,N,18.3333333333333,0,169
4474,12,1.53513225,369,4007,N,20,0,169
3773,13,1.597536,384,4474,N,21.6666666666667,0,169
4116,14,1.763946,424,3773,N,23.3333333333333,0,169
4037,15,1.69322175,407,4116,N,25,0,169
5126,16,1.83051,440,4037,N,26.6666666666667,0,169
5425,17,1.8388305,442,5126,N,28.3333333333333,0,169
5182,18,1.78474725,429,5425,N,30,0,169
5144,19,2.01772125,485,5182,N,31.6666666666667,0,169
5867,20,2.06764425,497,5144,N,33.3333333333333,0,169
5815,21,2.096766,504,5867,N,35,0,169
5171,22,2.1882915,526,5815,N,36.6666666666667,0,169
4774,23,1.098306,264,5171,Y,38.3333333333333,1,169
6699,24,1.13574825,273,4774,N,40,1,169
6053,25,1.13574825,273,6699,N,41.6666666666667,1,169
6603,26,1.214793,292,6053,N,43.3333333333333,1,169
6589,27,1.20231225,289,6603,N,45,1,169
6648,28,1.114947,268,6589,N,46.6666666666667,1,169
6072,29,1.18567125,285,6648,N,48.3333333333333,1,169
7058,30,1.44360675,347,6072,N,50,1,169
6374,31,1.314639,316,7058,N,51.6666666666667,1,169
2663,0,1.16487,280,NA,N,0,0,170
2815,1,1.31047875,315,2663,N,1.66666666666667,0,170
2852,2,1.3728825,330,2815,N,3.33333333333333,0,170
2999,3,1.4727285,354,2852,N,5,0,170
2690,4,1.4061645,338,2999,N,6.66666666666667,0,170
3139,5,1.397844,336,2690,N,8.33333333333333,0,170
2811,6,1.3396005,322,3139,N,10,0,170
2691,7,1.4727285,354,2811,N,11.6666666666667,0,170
4421,8,1.5392925,370,2691,N,13.3333333333333,0,170
4251,9,1.55177325,373,4421,N,15,0,170
4186,10,1.5392925,370,4251,N,16.6666666666667,0,170
4007,11,1.48520925,357,4186,N,18.3333333333333,0,170
4474,12,1.53513225,369,4007,N,20,0,170
3773,13,1.597536,384,4474,N,21.6666666666667,0,170
4116,14,1.763946,424,3773,N,23.3333333333333,0,170
4037,15,1.69322175,407,4116,N,25,0,170
5126,16,1.83051,440,4037,N,26.6666666666667,0,170
5425,17,1.8388305,442,5126,N,28.3333333333333,0,170
5182,18,1.78474725,429,5425,N,30,0,170
5144,19,2.01772125,485,5182,N,31.6666666666667,0,170
5867,20,2.06764425,497,5144,N,33.3333333333333,0,170
5815,21,2.096766,504,5867,N,35,0,170
5171,22,2.1882915,526,5815,N,36.6666666666667,0,170
5469,23,1.1232675,270,5171,Y,38.3333333333333,1,170
7151,24,1.04422275,251,5469,N,40,1,170
6123,25,1.2730365,306,7151,N,41.6666666666667,1,170
7045,26,1.1399085,274,6123,N,43.3333333333333,1,170
6783,27,1.10246625,265,7045,N,45,1,170
6738,28,0.965178,232,6783,N,46.6666666666667,1,170
6162,29,1.048383,252,6738,N,48.3333333333333,1,170
6875,30,1.3728825,330,6162,N,50,1,170
6227,31,1.47688875,355,6875,N,51.6666666666667,1,170
7504,32,1.5725745,378,6227,N,53.3333333333333,1,170
8349,33,1.65161925,397,7504,N,55,1,170
7937,34,1.763946,424,8349,N,56.6666666666667,1,170
7588,35,2.15916975,519,7937,N,58.3333333333333,1,170
8388,36,2.030202,488,7588,N,60,1,170
8106,37,2.10092625,505,8388,N,61.6666666666667,1,170
7511,38,2.23405425,537,8106,N,63.3333333333333,1,170
8649,39,2.16749025,521,7511,N,65,1,170
9026,40,2.412945,580,8649,N,66.6666666666667,1,170
8842,41,2.59183575,623,9026,N,68.3333333333333,1,170
9424,42,2.2881375,550,8842,N,70,1,170
9221,43,1.3229595,318,9424,Y,71.6666666666667,2,170
9619,44,1.62665775,391,9221,N,73.3333333333333,2,170
9828,45,1.4228055,342,9619,N,75,2,170
2663,0,1.16487,280,NA,N,0,0,171
2815,1,1.31047875,315,2663,N,1.66666666666667,0,171
2852,2,1.3728825,330,2815,N,3.33333333333333,0,171
2999,3,1.4727285,354,2852,N,5,0,171
2690,4,1.4061645,338,2999,N,6.66666666666667,0,171
3139,5,1.397844,336,2690,N,8.33333333333333,0,171
2811,6,1.3396005,322,3139,N,10,0,171
2691,7,1.4727285,354,2811,N,11.6666666666667,0,171
4421,8,1.5392925,370,2691,N,13.3333333333333,0,171
4251,9,1.55177325,373,4421,N,15,0,171
4186,10,1.5392925,370,4251,N,16.6666666666667,0,171
4007,11,1.48520925,357,4186,N,18.3333333333333,0,171
4474,12,1.53513225,369,4007,N,20,0,171
3773,13,1.597536,384,4474,N,21.6666666666667,0,171
4116,14,1.763946,424,3773,N,23.3333333333333,0,171
4037,15,1.69322175,407,4116,N,25,0,171
5126,16,1.83051,440,4037,N,26.6666666666667,0,171
5425,17,1.8388305,442,5126,N,28.3333333333333,0,171
5182,18,1.78474725,429,5425,N,30,0,171
5144,19,2.01772125,485,5182,N,31.6666666666667,0,171
5867,20,2.06764425,497,5144,N,33.3333333333333,0,171
5815,21,2.096766,504,5867,N,35,0,171
5171,22,2.1882915,526,5815,N,36.6666666666667,0,171
5469,23,1.1232675,270,5171,Y,38.3333333333333,1,171
7151,24,1.04422275,251,5469,N,40,1,171
6123,25,1.2730365,306,7151,N,41.6666666666667,1,171
7045,26,1.1399085,274,6123,N,43.3333333333333,1,171
6783,27,1.10246625,265,7045,N,45,1,171
6738,28,0.965178,232,6783,N,46.6666666666667,1,171
6162,29,1.048383,252,6738,N,48.3333333333333,1,171
6875,30,1.3728825,330,6162,N,50,1,171
6227,31,1.47688875,355,6875,N,51.6666666666667,1,171
7504,32,1.5725745,378,6227,N,53.3333333333333,1,171
8349,33,1.65161925,397,7504,N,55,1,171
7937,34,1.763946,424,8349,N,56.6666666666667,1,171
7588,35,2.15916975,519,7937,N,58.3333333333333,1,171
8388,36,2.030202,488,7588,N,60,1,171
8106,37,2.10092625,505,8388,N,61.6666666666667,1,171
7511,38,2.23405425,537,8106,N,63.3333333333333,1,171
8649,39,2.16749025,521,7511,N,65,1,171
9026,40,2.412945,580,8649,N,66.6666666666667,1,171
8842,41,2.59183575,623,9026,N,68.3333333333333,1,171
9424,42,2.2881375,550,8842,N,70,1,171
9222,43,1.37704275,331,9424,Y,71.6666666666667,2,171
9620,44,1.35208125,325,9222,N,73.3333333333333,2,171
9829,45,1.53513225,369,9620,N,75,2,171
10132,46,1.70986275,411,9829,N,76.6666666666667,2,171
10100,47,1.47688875,355,10132,N,78.3333333333333,2,171
10500,48,1.71818325,413,10100,N,80,2,171
11930,49,1.85963175,447,10500,N,81.6666666666667,2,171
10808,50,1.8055485,434,11930,N,83.3333333333333,2,171
11613,51,1.80970875,435,10808,N,85,2,171
10979,52,1.9053945,458,11613,N,86.6666666666667,2,171
11508,53,1.95947775,471,10979,N,88.3333333333333,2,171
11320,54,1.9719585,474,11508,N,90,2,171
10651,55,2.05932375,495,11320,N,91.6666666666667,2,171
12695,56,2.23405425,537,10651,N,93.3333333333333,2,171
12465,57,2.22573375,535,12695,N,95,2,171
12488,58,2.49615,600,12465,N,96.6666666666667,2,171
12318,59,2.7041625,650,12488,N,98.3333333333333,2,171
13052,60,1.281357,308,12318,Y,100,3,171
13112,61,1.49769,360,13052,N,101.666666666667,3,171
13503,62,1.5725745,378,13112,N,103.333333333333,3,171
13489,63,1.6557795,398,13503,N,105,3,171
15252,64,1.8055485,434,13489,N,106.666666666667,3,171
14739,65,2.03436225,489,15252,N,108.333333333333,3,171
14914,66,2.05100325,493,14739,N,110,3,171
14702,67,2.05100325,493,14914,N,111.666666666667,3,171
14544,68,1.8887535,454,14702,N,113.333333333333,3,171
14607,69,2.14252875,515,14544,N,115,3,171
15460,70,2.42542575,583,14607,N,116.666666666667,3,171
3175,0,0.798768,192,NA,N,0,0,172
3090,1,0.86117175,207,3175,N,1.66666666666667,0,172
3208,2,0.8736525,210,3090,N,3.33333333333333,0,172
3244,3,0.9235755,222,3208,N,5,0,172
3136,4,0.8736525,210,3244,N,6.66666666666667,0,172
3276,5,0.9402165,226,3136,N,8.33333333333333,0,172
3216,6,0.99846,240,3276,N,10,0,172
2941,7,0.98597925,237,3216,N,11.6666666666667,0,172
4577,8,1.0567035,254,2941,N,13.3333333333333,0,172
4527,9,1.10246625,265,4577,N,15,0,172
4396,10,1.181511,284,4527,N,16.6666666666667,0,172
4276,11,1.23559425,297,4396,N,18.3333333333333,0,172
4565,12,1.29383775,311,4276,N,20,0,172
4375,13,1.22727375,295,4565,N,21.6666666666667,0,172
4350,14,1.24391475,299,4375,N,23.3333333333333,0,172
4279,15,1.26055575,303,4350,N,25,0,172
5389,16,1.2563955,302,4279,N,26.6666666666667,0,172
5724,17,1.26887625,305,5389,N,28.3333333333333,0,172
5440,18,1.31047875,315,5724,N,30,0,172
5431,19,1.36040175,327,5440,N,31.6666666666667,0,172
5948,20,1.397844,336,5431,N,33.3333333333333,0,172
5925,21,1.61001675,387,5948,N,35,0,172
5428,22,1.714023,412,5925,N,36.6666666666667,0,172
5651,23,1.96779825,473,5428,N,38.3333333333333,0,172
7292,24,2.14252875,515,5651,N,40,0,172
6521,25,2.43374625,585,7292,N,41.6666666666667,0,172
7333,26,2.36718225,569,6521,N,43.3333333333333,0,172
7187,27,2.38382325,573,7333,N,45,0,172
7046,28,1.13574825,273,7187,Y,46.6666666666667,1,172
6494,29,1.2563955,302,7046,N,48.3333333333333,1,172
7204,30,1.36040175,327,6494,N,50,1,172
6559,31,1.29383775,311,7204,N,51.6666666666667,1,172
7806,32,1.33544025,321,6559,N,53.3333333333333,1,172
8542,33,1.29383775,311,7806,N,55,1,172
8038,34,1.31879925,317,8542,N,56.6666666666667,1,172
7825,35,1.414485,340,8038,N,58.3333333333333,1,172
8573,36,1.51849125,365,7825,N,60,1,172
8359,37,1.730664,416,8573,N,61.6666666666667,1,172
7860,38,1.847151,444,8359,N,63.3333333333333,1,172
8765,39,1.9719585,474,7860,N,65,1,172
9137,40,2.046843,492,8765,N,66.6666666666667,1,172
8958,41,2.12588775,511,9137,N,68.3333333333333,1,172
9536,42,2.3047785,554,8958,N,70,1,172
9341,43,2.246535,540,9536,N,71.6666666666667,1,172
9731,44,2.4212655,582,9341,N,73.3333333333333,1,172
2154,0,1.21895325,293,NA,N,0,0,173
2132,1,1.3728825,330,2154,N,1.66666666666667,0,173
2201,2,1.364562,328,2132,N,3.33333333333333,0,173
2215,3,1.42696575,343,2201,N,5,0,173
2177,4,1.431126,344,2215,N,6.66666666666667,0,173
2155,5,1.44360675,347,2177,N,8.33333333333333,0,173
2212,6,1.56841425,377,2155,N,10,0,173
2196,7,1.46024775,351,2212,N,11.6666666666667,0,173
3407,8,1.51849125,365,2196,N,13.3333333333333,0,173
3830,9,1.597536,384,3407,N,15,0,173
3304,10,1.61833725,389,3830,N,16.6666666666667,0,173
3576,11,1.5892155,382,3304,N,18.3333333333333,0,173
3417,12,1.580895,380,3576,N,20,0,173
3490,13,1.66826025,401,3417,N,21.6666666666667,0,173
3691,14,1.6641,400,3490,N,23.3333333333333,0,173
3548,15,1.7556255,422,3691,N,25,0,173
4713,16,1.763946,424,3548,N,26.6666666666667,0,173
4983,17,1.8388305,442,4713,N,28.3333333333333,0,173
4739,18,1.7556255,422,4983,N,30,0,173
4663,19,1.89291375,455,4739,N,31.6666666666667,0,173
5550,20,1.99692,480,4663,N,33.3333333333333,0,173
5612,21,2.1882915,526,5550,N,35,0,173
4727,22,2.25069525,541,5612,N,36.6666666666667,0,173
4704,23,2.2881375,550,4727,N,38.3333333333333,0,173
6674,24,2.40878475,579,4704,N,40,0,173
6004,25,2.70000225,649,6674,N,41.6666666666667,0,173
6525,26,2.945457,708,6004,N,43.3333333333333,0,173
6557,27,2.90801475,699,6525,N,45,0,173
6554,28,1.4061645,338,6557,Y,46.6666666666667,1,173
6025,29,1.2730365,306,6554,N,48.3333333333333,1,173
6626,30,1.3562415,326,6025,N,50,1,173
6040,31,1.36872225,329,6626,N,51.6666666666667,1,173
7418,32,1.56009375,375,6040,N,53.3333333333333,1,173
8202,33,1.580895,380,7418,N,55,1,173
7886,34,1.6391385,394,8202,N,56.6666666666667,1,173
2154,0,1.21895325,293,NA,N,0,0,174
2132,1,1.3728825,330,2154,N,1.66666666666667,0,174
2201,2,1.364562,328,2132,N,3.33333333333333,0,174
2215,3,1.42696575,343,2201,N,5,0,174
2177,4,1.431126,344,2215,N,6.66666666666667,0,174
2155,5,1.44360675,347,2177,N,8.33333333333333,0,174
2212,6,1.56841425,377,2155,N,10,0,174
2196,7,1.46024775,351,2212,N,11.6666666666667,0,174
3407,8,1.51849125,365,2196,N,13.3333333333333,0,174
3830,9,1.597536,384,3407,N,15,0,174
3304,10,1.61833725,389,3830,N,16.6666666666667,0,174
3576,11,1.5892155,382,3304,N,18.3333333333333,0,174
3417,12,1.580895,380,3576,N,20,0,174
3490,13,1.66826025,401,3417,N,21.6666666666667,0,174
3691,14,1.6641,400,3490,N,23.3333333333333,0,174
3548,15,1.7556255,422,3691,N,25,0,174
4713,16,1.763946,424,3548,N,26.6666666666667,0,174
4983,17,1.8388305,442,4713,N,28.3333333333333,0,174
4739,18,1.7556255,422,4983,N,30,0,174
4663,19,1.89291375,455,4739,N,31.6666666666667,0,174
5550,20,1.99692,480,4663,N,33.3333333333333,0,174
5612,21,2.1882915,526,5550,N,35,0,174
4727,22,2.25069525,541,5612,N,36.6666666666667,0,174
4704,23,2.2881375,550,4727,N,38.3333333333333,0,174
6674,24,2.40878475,579,4704,N,40,0,174
6004,25,2.70000225,649,6674,N,41.6666666666667,0,174
6525,26,2.945457,708,6004,N,43.3333333333333,0,174
6557,27,2.90801475,699,6525,N,45,0,174
6550,28,1.40200425,337,6557,Y,46.6666666666667,1,174
6021,29,1.45192725,349,6550,N,48.3333333333333,1,174
6624,30,1.530972,368,6021,N,50,1,174
6037,31,1.5060105,362,6624,N,51.6666666666667,1,174
7417,32,1.597536,384,6037,N,53.3333333333333,1,174
8199,33,1.7556255,422,7417,N,55,1,174
7885,34,1.83467025,441,8199,N,56.6666666666667,1,174
7392,35,1.83467025,441,7885,N,58.3333333333333,1,174
8264,36,1.9386765,466,7392,N,60,1,174
8065,37,2.146689,516,8264,N,61.6666666666667,1,174
7468,38,2.29229775,551,8065,N,63.3333333333333,1,174
8607,39,2.4878295,598,7468,N,65,1,174
8987,40,2.49615,600,8607,N,66.6666666666667,1,174
8800,41,2.34222075,563,8987,N,68.3333333333333,1,174
9377,42,2.91633525,701,8800,N,70,1,174
9172,43,2.65007925,637,9377,N,71.6666666666667,1,174
9573,44,2.779047,668,9172,N,73.3333333333333,1,174
9774,45,1.2563955,302,9573,Y,75,2,174
9974,46,1.79306775,431,9774,N,76.6666666666667,2,174
9960,47,1.4228055,342,9974,N,78.3333333333333,2,174
10447,48,1.48520925,357,9960,N,80,2,174
11881,49,1.35208125,325,10447,N,81.6666666666667,2,174
10759,50,1.83051,440,11881,N,83.3333333333333,2,174
11540,51,1.6557795,398,10759,N,85,2,174
10385,52,1.6391385,394,11540,N,86.6666666666667,2,174
11361,53,1.93451625,465,10385,N,88.3333333333333,2,174
3181,0,1.5559335,374,NA,N,0,0,175
3093,1,1.5725745,378,3181,N,1.66666666666667,0,175
3212,2,1.57673475,379,3093,N,3.33333333333333,0,175
3245,3,1.6724205,402,3212,N,5,0,175
3142,4,1.564254,376,3245,N,6.66666666666667,0,175
3277,5,1.614177,388,3142,N,8.33333333333333,0,175
3219,6,1.52681175,367,3277,N,10,0,175
2948,7,1.963638,472,3219,N,11.6666666666667,0,175
4578,8,0.981819,236,2948,Y,13.3333333333333,1,175
4529,9,0.9901395,238,4578,N,15,1,175
4398,10,0.97765875,235,4529,N,16.6666666666667,1,175
4281,11,0.9901395,238,4398,N,18.3333333333333,1,175
4566,12,0.96933825,233,4281,N,20,1,175
4376,13,1.06918425,257,4566,N,21.6666666666667,1,175
4353,14,1.031742,248,4376,N,23.3333333333333,1,175
4284,15,1.06918425,257,4353,N,25,1,175
5394,16,0.97765875,235,4284,N,26.6666666666667,1,175
5726,17,1.0733445,258,5394,N,28.3333333333333,1,175
5445,18,1.08582525,261,5726,N,30,1,175
5439,19,1.098306,264,5445,N,31.6666666666667,1,175
5949,20,1.10246625,265,5439,N,33.3333333333333,1,175
5928,21,1.065024,256,5949,N,35,1,175
5433,22,1.114947,268,5928,N,36.6666666666667,1,175
5654,23,1.1565495,278,5433,N,38.3333333333333,1,175
7295,24,1.26055575,303,5654,N,40,1,175
6536,25,1.2064725,290,7295,N,41.6666666666667,1,175
7337,26,1.15238925,277,6536,N,43.3333333333333,1,175
7274,27,1.2231135,294,7337,N,45,1,175
7057,28,1.18567125,285,7274,N,46.6666666666667,1,175
6511,29,1.3229595,318,7057,N,48.3333333333333,1,175
7209,30,1.31879925,317,6511,N,50,1,175
6593,31,1.30215825,313,7209,N,51.6666666666667,1,175
7812,32,1.31879925,317,6593,N,53.3333333333333,1,175
8545,33,1.35208125,325,7812,N,55,1,175
8040,34,1.347921,324,8545,N,56.6666666666667,1,175
7829,35,1.36040175,327,8040,N,58.3333333333333,1,175
8576,36,1.46024775,351,7829,N,60,1,175
8365,37,1.43528625,345,8576,N,61.6666666666667,1,175
7862,38,1.5392925,370,8365,N,63.3333333333333,1,175
8767,39,1.597536,384,7862,N,65,1,175
9139,40,1.61833725,389,8767,N,66.6666666666667,1,175
8960,41,1.7389845,418,9139,N,68.3333333333333,1,175
9539,42,1.90123425,457,8960,N,70,1,175
9344,43,2.0052405,482,9539,N,71.6666666666667,1,175
9734,44,2.113407,508,9344,N,73.3333333333333,1,175
10120,45,2.05100325,493,9734,N,75,1,175
10340,46,1.33544025,321,10120,Y,76.6666666666667,2,175
10323,47,1.17735075,283,10340,N,78.3333333333333,2,175
11016,48,1.38536325,333,10323,N,80,2,175
12048,49,1.53513225,369,11016,N,81.6666666666667,2,175
11183,50,1.56841425,377,12048,N,83.3333333333333,2,175
11839,51,1.580895,380,11183,N,85,2,175
11144,52,1.57673475,379,11839,N,86.6666666666667,2,175
11801,53,1.62665775,391,11144,N,88.3333333333333,2,175
11560,54,1.763946,424,11801,N,90,2,175
10990,55,1.5725745,378,11560,N,91.6666666666667,2,175
2671,0,0.86117175,207,NA,N,0,0,176
2821,1,0.80292825,193,2671,N,1.66666666666667,0,176
2858,2,0.7571655,182,2821,N,3.33333333333333,0,176
3008,3,0.78628725,189,2858,N,5,0,176
2695,4,0.78628725,189,3008,N,6.66666666666667,0,176
3143,5,0.85285125,205,2695,N,8.33333333333333,0,176
2816,6,0.87781275,211,3143,N,10,0,176
2696,7,0.8902935,214,2816,N,11.6666666666667,0,176
4423,8,0.915255,220,2696,N,13.3333333333333,0,176
4254,9,0.91109475,219,4423,N,15,0,176
4189,10,0.91109475,219,4254,N,16.6666666666667,0,176
4011,11,0.9901395,238,4189,N,18.3333333333333,0,176
4479,12,0.99846,240,4011,N,20,0,176
3778,13,0.99429975,239,4479,N,21.6666666666667,0,176
4121,14,1.01926125,245,3778,N,23.3333333333333,0,176
4042,15,1.081665,260,4121,N,25,0,176
5130,16,1.22727375,295,4042,N,26.6666666666667,0,176
5430,17,1.26055575,303,5130,N,28.3333333333333,0,176
5187,18,1.32711975,319,5430,N,30,0,176
5149,19,1.314639,316,5187,N,31.6666666666667,0,176
5869,20,1.3562415,326,5149,N,33.3333333333333,0,176
5819,21,1.347921,324,5869,N,35,0,176
5177,22,1.4061645,338,5819,N,36.6666666666667,0,176
5572,23,1.45192725,349,5177,N,38.3333333333333,0,176
7236,24,1.48520925,357,5572,N,40,0,176
6263,25,1.530972,368,7236,N,41.6666666666667,0,176
7141,26,1.53513225,369,6263,N,43.3333333333333,0,176
6902,27,1.597536,384,7141,N,45,0,176
6873,28,1.73482425,417,6902,N,46.6666666666667,0,176
6294,29,1.76810625,425,6873,N,48.3333333333333,0,176
7074,30,1.93451625,465,6294,N,50,0,176
6378,31,1.9885995,478,7074,N,51.6666666666667,0,176
7670,32,2.1050865,506,6378,N,53.3333333333333,0,176
8452,33,2.15084925,517,7670,N,55,0,176
7991,34,1.1399085,274,8452,Y,56.6666666666667,1,176
7697,35,1.1898315,286,7991,N,58.3333333333333,1,176
8503,36,1.15238925,277,7697,N,60,1,176
8195,37,1.3063185,314,8503,N,61.6666666666667,1,176
7747,38,1.47688875,355,8195,N,63.3333333333333,1,176
8703,39,1.431126,344,7747,N,65,1,176
9076,40,1.397844,336,8703,N,66.6666666666667,1,176
8894,41,1.5392925,370,9076,N,68.3333333333333,1,176
9478,42,1.43528625,345,8894,N,70,1,176
9280,43,1.6557795,398,9478,N,71.6666666666667,1,176
9670,44,1.75146525,421,9280,N,73.3333333333333,1,176
9936,45,1.99275975,479,9670,N,75,1,176
10239,46,1.930356,464,9936,N,76.6666666666667,1,176
10216,47,1.9386765,466,10239,N,78.3333333333333,1,176
10553,48,1.06086375,255,10216,Y,80,2,176
11989,49,1.08582525,261,10553,N,81.6666666666667,2,176
11056,50,1.16903025,281,11989,N,83.3333333333333,2,176
11759,51,0.98597925,237,11056,N,85,2,176
11070,52,0.86117175,207,11759,N,86.6666666666667,2,176
11676,53,0.95269725,229,11070,N,88.3333333333333,2,176
11381,54,1.081665,260,11676,N,90,2,176
10713,55,1.30215825,313,11381,N,91.6666666666667,2,176
12636,57,1.248075,300,10713,N,95,2,176
2671,0,0.86117175,207,NA,N,0,0,177
2821,1,0.80292825,193,2671,N,1.66666666666667,0,177
2858,2,0.7571655,182,2821,N,3.33333333333333,0,177
3008,3,0.78628725,189,2858,N,5,0,177
2695,4,0.78628725,189,3008,N,6.66666666666667,0,177
3143,5,0.85285125,205,2695,N,8.33333333333333,0,177
2816,6,0.87781275,211,3143,N,10,0,177
2696,7,0.8902935,214,2816,N,11.6666666666667,0,177
4423,8,0.915255,220,2696,N,13.3333333333333,0,177
4254,9,0.91109475,219,4423,N,15,0,177
4189,10,0.91109475,219,4254,N,16.6666666666667,0,177
4011,11,0.9901395,238,4189,N,18.3333333333333,0,177
4479,12,0.99846,240,4011,N,20,0,177
3778,13,0.99429975,239,4479,N,21.6666666666667,0,177
4121,14,1.01926125,245,3778,N,23.3333333333333,0,177
4042,15,1.081665,260,4121,N,25,0,177
5130,16,1.22727375,295,4042,N,26.6666666666667,0,177
5430,17,1.26055575,303,5130,N,28.3333333333333,0,177
5187,18,1.32711975,319,5430,N,30,0,177
5149,19,1.314639,316,5187,N,31.6666666666667,0,177
5869,20,1.3562415,326,5149,N,33.3333333333333,0,177
5819,21,1.347921,324,5869,N,35,0,177
5177,22,1.4061645,338,5819,N,36.6666666666667,0,177
5572,23,1.45192725,349,5177,N,38.3333333333333,0,177
7236,24,1.48520925,357,5572,N,40,0,177
6263,25,1.530972,368,7236,N,41.6666666666667,0,177
7141,26,1.53513225,369,6263,N,43.3333333333333,0,177
6902,27,1.597536,384,7141,N,45,0,177
6873,28,1.73482425,417,6902,N,46.6666666666667,0,177
6294,29,1.76810625,425,6873,N,48.3333333333333,0,177
7074,30,1.93451625,465,6294,N,50,0,177
6378,31,1.9885995,478,7074,N,51.6666666666667,0,177
7670,32,2.1050865,506,6378,N,53.3333333333333,0,177
8452,33,2.15084925,517,7670,N,55,0,177
7992,34,1.1399085,274,8452,Y,56.6666666666667,1,177
7700,35,1.098306,264,7992,N,58.3333333333333,1,177
8505,36,1.15238925,277,7700,N,60,1,177
8198,37,1.214793,292,8505,N,61.6666666666667,1,177
7750,38,1.248075,300,8198,N,63.3333333333333,1,177
8704,39,1.3396005,322,7750,N,65,1,177
9075,40,1.31047875,315,8704,N,66.6666666666667,1,177
8895,41,1.297998,312,9075,N,68.3333333333333,1,177
9477,42,1.57673475,379,8895,N,70,1,177
9279,43,1.55177325,373,9477,N,71.6666666666667,1,177
9669,44,1.71818325,413,9279,N,73.3333333333333,1,177
9933,45,1.847151,444,9669,N,75,1,177
10236,46,1.6557795,398,9933,N,76.6666666666667,1,177
10214,47,1.7889075,430,10236,N,78.3333333333333,1,177
10554,48,2.046843,492,10214,N,80,1,177
11990,49,0.74468475,179,10554,Y,81.6666666666667,2,177
11061,50,1.06918425,257,11990,N,83.3333333333333,2,177
11763,51,1.19399175,287,11061,N,85,2,177
11071,52,1.131588,272,11763,N,86.6666666666667,2,177
11677,53,1.21063275,291,11071,N,88.3333333333333,2,177
11383,54,1.16903025,281,11677,N,90,2,177
10715,55,1.231434,296,11383,N,91.6666666666667,2,177
12823,56,1.45192725,349,10715,N,93.3333333333333,2,177
12640,57,1.2231135,294,12823,N,95,2,177
12661,58,1.1731905,282,12640,N,96.6666666666667,2,177
12434,59,1.14406875,275,12661,N,98.3333333333333,2,177
13636,62,1.564254,376,12434,N,103.333333333333,2,177
13698,63,0.898614,216,13636,Y,105,3,177
15321,64,0.9069345,218,13698,N,106.666666666667,3,177
2671,0,0.86117175,207,NA,N,0,0,178
2821,1,0.80292825,193,2671,N,1.66666666666667,0,178
2858,2,0.7571655,182,2821,N,3.33333333333333,0,178
3008,3,0.78628725,189,2858,N,5,0,178
2695,4,0.78628725,189,3008,N,6.66666666666667,0,178
3143,5,0.85285125,205,2695,N,8.33333333333333,0,178
2816,6,0.87781275,211,3143,N,10,0,178
2696,7,0.8902935,214,2816,N,11.6666666666667,0,178
4423,8,0.915255,220,2696,N,13.3333333333333,0,178
4254,9,0.91109475,219,4423,N,15,0,178
4189,10,0.91109475,219,4254,N,16.6666666666667,0,178
4011,11,0.9901395,238,4189,N,18.3333333333333,0,178
4479,12,0.99846,240,4011,N,20,0,178
3778,13,0.99429975,239,4479,N,21.6666666666667,0,178
4121,14,1.01926125,245,3778,N,23.3333333333333,0,178
4042,15,1.081665,260,4121,N,25,0,178
5130,16,1.22727375,295,4042,N,26.6666666666667,0,178
5430,17,1.26055575,303,5130,N,28.3333333333333,0,178
5187,18,1.32711975,319,5430,N,30,0,178
5149,19,1.314639,316,5187,N,31.6666666666667,0,178
5869,20,1.3562415,326,5149,N,33.3333333333333,0,178
5819,21,1.347921,324,5869,N,35,0,178
5177,22,1.4061645,338,5819,N,36.6666666666667,0,178
5572,23,1.45192725,349,5177,N,38.3333333333333,0,178
7236,24,1.48520925,357,5572,N,40,0,178
6263,25,1.530972,368,7236,N,41.6666666666667,0,178
7141,26,1.53513225,369,6263,N,43.3333333333333,0,178
6902,27,1.597536,384,7141,N,45,0,178
6873,28,1.73482425,417,6902,N,46.6666666666667,0,178
6294,29,1.76810625,425,6873,N,48.3333333333333,0,178
7074,30,1.93451625,465,6294,N,50,0,178
6378,31,1.9885995,478,7074,N,51.6666666666667,0,178
7670,32,2.1050865,506,6378,N,53.3333333333333,0,178
8452,33,2.15084925,517,7670,N,55,0,178
7992,34,1.1399085,274,8452,Y,56.6666666666667,1,178
7700,35,1.098306,264,7992,N,58.3333333333333,1,178
8505,36,1.15238925,277,7700,N,60,1,178
8198,37,1.214793,292,8505,N,61.6666666666667,1,178
7750,38,1.248075,300,8198,N,63.3333333333333,1,178
8704,39,1.3396005,322,7750,N,65,1,178
9075,40,1.31047875,315,8704,N,66.6666666666667,1,178
8895,41,1.297998,312,9075,N,68.3333333333333,1,178
9477,42,1.57673475,379,8895,N,70,1,178
9279,43,1.55177325,373,9477,N,71.6666666666667,1,178
9669,44,1.71818325,413,9279,N,73.3333333333333,1,178
9933,45,1.847151,444,9669,N,75,1,178
10236,46,1.6557795,398,9933,N,76.6666666666667,1,178
10214,47,1.7889075,430,10236,N,78.3333333333333,1,178
10554,48,2.046843,492,10214,N,80,1,178
11991,49,1.2896775,310,10554,Y,81.6666666666667,2,178
11059,50,1.06918425,257,11991,N,83.3333333333333,2,178
11761,51,1.11910725,269,11059,N,85,2,178
11072,52,1.20231225,289,11761,N,86.6666666666667,2,178
11679,53,1.248075,300,11072,N,88.3333333333333,2,178
11382,54,1.26055575,303,11679,N,90,2,178
10714,55,1.281357,308,11382,N,91.6666666666667,2,178
12822,56,1.381203,332,10714,N,93.3333333333333,2,178
12637,57,1.30215825,313,12822,N,95,2,178
12659,58,1.514331,364,12637,N,96.6666666666667,2,178
12433,59,1.51849125,365,12659,N,98.3333333333333,2,178
13147,60,1.514331,364,12433,N,100,2,178
13230,61,1.79306775,431,13147,N,101.666666666667,2,178
13637,62,1.763946,424,13230,N,103.333333333333,2,178
13701,63,1.946997,468,13637,N,105,2,178
15325,64,2.31725925,557,13701,N,106.666666666667,2,178
14943,65,2.54191275,611,15325,N,108.333333333333,2,178
15129,66,1.1399085,274,14943,Y,110,3,178
14915,67,1.01926125,245,15129,N,111.666666666667,3,178
14758,68,1.22727375,295,14915,N,113.333333333333,3,178
14876,69,1.19399175,287,14758,N,115,3,178
15495,70,1.3562415,326,14876,N,116.666666666667,3,178
2164,0,0.48674925,117,NA,N,0,0,179
2138,1,0.5574735,134,2164,N,1.66666666666667,0,179
2204,2,0.58659525,141,2138,N,3.33333333333333,0,179
2225,3,0.6240375,150,2204,N,5,0,179
2181,4,0.6240375,150,2225,N,6.66666666666667,0,179
2160,5,0.66564,160,2181,N,8.33333333333333,0,179
2224,6,0.7571655,182,2160,N,10,0,179
2214,7,0.748845,180,2224,N,11.6666666666667,0,179
3413,8,0.71972325,173,2214,N,13.3333333333333,0,179
3841,9,0.75300525,181,3413,N,15,0,179
3306,10,0.72804375,175,3841,N,16.6666666666667,0,179
3578,11,0.76132575,183,3306,N,18.3333333333333,0,179
3423,12,0.8736525,210,3578,N,20,0,179
3498,13,0.931896,224,3423,N,21.6666666666667,0,179
3695,14,0.92773575,223,3498,N,23.3333333333333,0,179
3554,15,0.9901395,238,3695,N,25,0,179
4721,16,0.91109475,219,3554,N,26.6666666666667,0,179
4991,17,0.96933825,233,4721,N,28.3333333333333,0,179
4750,18,1.11910725,269,4991,N,30,0,179
4673,19,1.098306,264,4750,N,31.6666666666667,0,179
5556,20,1.16487,280,4673,N,33.3333333333333,0,179
5616,21,1.11910725,269,5556,N,35,0,179
4736,22,1.1898315,286,5616,N,36.6666666666667,0,179
4705,23,1.23559425,297,4736,N,38.3333333333333,0,179
6675,24,1.4394465,346,4705,N,40,0,179
6007,25,1.4893695,358,6675,N,41.6666666666667,0,179
6534,26,1.5392925,370,6007,N,43.3333333333333,0,179
6562,27,1.78474725,429,6534,N,45,0,179
6561,28,1.913715,460,6562,N,46.6666666666667,0,179
6029,29,1.89291375,455,6561,N,48.3333333333333,0,179
6628,30,1.9220355,462,6029,N,50,0,179
6045,31,1.647459,396,6628,N,51.6666666666667,0,179
7419,32,0.915255,220,6045,Y,53.3333333333333,1,179
2164,0,0.48674925,117,NA,N,0,0,180
2138,1,0.5574735,134,2164,N,1.66666666666667,0,180
2204,2,0.58659525,141,2138,N,3.33333333333333,0,180
2225,3,0.6240375,150,2204,N,5,0,180
2181,4,0.6240375,150,2225,N,6.66666666666667,0,180
2160,5,0.66564,160,2181,N,8.33333333333333,0,180
2224,6,0.7571655,182,2160,N,10,0,180
2214,7,0.748845,180,2224,N,11.6666666666667,0,180
3413,8,0.71972325,173,2214,N,13.3333333333333,0,180
3841,9,0.75300525,181,3413,N,15,0,180
3306,10,0.72804375,175,3841,N,16.6666666666667,0,180
3578,11,0.76132575,183,3306,N,18.3333333333333,0,180
3423,12,0.8736525,210,3578,N,20,0,180
3498,13,0.931896,224,3423,N,21.6666666666667,0,180
3695,14,0.92773575,223,3498,N,23.3333333333333,0,180
3554,15,0.9901395,238,3695,N,25,0,180
4721,16,0.91109475,219,3554,N,26.6666666666667,0,180
4991,17,0.96933825,233,4721,N,28.3333333333333,0,180
4750,18,1.11910725,269,4991,N,30,0,180
4673,19,1.098306,264,4750,N,31.6666666666667,0,180
5556,20,1.16487,280,4673,N,33.3333333333333,0,180
5616,21,1.11910725,269,5556,N,35,0,180
4736,22,1.1898315,286,5616,N,36.6666666666667,0,180
4705,23,1.23559425,297,4736,N,38.3333333333333,0,180
6675,24,1.4394465,346,4705,N,40,0,180
6007,25,1.4893695,358,6675,N,41.6666666666667,0,180
6534,26,1.5392925,370,6007,N,43.3333333333333,0,180
6562,27,1.78474725,429,6534,N,45,0,180
6561,28,1.913715,460,6562,N,46.6666666666667,0,180
6029,29,1.89291375,455,6561,N,48.3333333333333,0,180
6628,30,1.9220355,462,6029,N,50,0,180
6045,31,1.647459,396,6628,N,51.6666666666667,0,180
7420,32,0.8570115,206,6045,Y,53.3333333333333,1,180
8205,33,0.84453075,203,7420,N,55,1,180
7887,34,0.9235755,222,8205,N,56.6666666666667,1,180
7397,35,0.97765875,235,7887,N,58.3333333333333,1,180
8268,36,1.17735075,283,7397,N,60,1,180
8066,37,1.21895325,293,8268,N,61.6666666666667,1,180
7469,38,1.21063275,291,8066,N,63.3333333333333,1,180
8608,39,1.1399085,274,7469,N,65,1,180
8988,40,1.131588,272,8608,N,66.6666666666667,1,180
8801,41,1.181511,284,8988,N,68.3333333333333,1,180
9378,42,1.19399175,287,8801,N,70,1,180
9173,43,1.62665775,391,9378,N,71.6666666666667,1,180
9574,44,1.6391385,394,9173,N,73.3333333333333,1,180
9980,46,1.464408,352,9574,N,76.6666666666667,1,180
9963,47,1.93451625,465,9980,N,78.3333333333333,1,180
10448,48,2.00108025,481,9963,N,80,1,180
11882,49,1.05254325,253,10448,Y,81.6666666666667,2,180
10760,50,1.06918425,257,11882,N,83.3333333333333,2,180
11543,51,1.13574825,273,10760,N,85,2,180
10386,52,1.0733445,258,11543,N,86.6666666666667,2,180
11364,53,1.031742,248,10386,N,88.3333333333333,2,180
11227,54,1.1898315,286,11364,N,90,2,180
10601,55,1.414485,340,11227,N,91.6666666666667,2,180
12393,56,1.35208125,325,10601,N,93.3333333333333,2,180
12214,57,1.31047875,315,12393,N,95,2,180
12296,58,1.7556255,422,12214,N,96.6666666666667,2,180
12215,59,0.81956925,197,12296,Y,98.3333333333333,3,180
13010,60,1.1399085,274,12215,N,100,3,180
13067,61,1.02758175,247,13010,N,101.666666666667,3,180
13451,62,0.92773575,223,13067,N,103.333333333333,3,180
13439,63,1.0067805,242,13451,N,105,3,180
14590,64,1.08582525,261,13439,N,106.666666666667,3,180
13996,65,0.96933825,233,14590,N,108.333333333333,3,180
14189,66,1.16070975,279,13996,N,110,3,180
14260,67,1.21895325,293,14189,N,111.666666666667,3,180
13845,69,0.7738065,186,14260,Y,115,4,180
15161,70,0.77796675,187,13845,N,116.666666666667,4,180
2680,0,0.7405245,178,NA,N,0,0,181
2833,1,0.77796675,187,2680,N,1.66666666666667,0,181
2869,2,0.8070885,194,2833,N,3.33333333333333,0,181
3016,3,0.898614,216,2869,N,5,0,181
2709,4,0.848691,204,3016,N,6.66666666666667,0,181
3150,5,0.88613325,213,2709,N,8.33333333333333,0,181
2829,6,0.91109475,219,3150,N,10,0,181
2708,7,0.99846,240,2829,N,11.6666666666667,0,181
4427,8,0.95269725,229,2708,N,13.3333333333333,0,181
4263,9,0.93605625,225,4427,N,15,0,181
4202,10,0.9402165,226,4263,N,16.6666666666667,0,181
4020,11,0.99429975,239,4202,N,18.3333333333333,0,181
4484,12,0.93605625,225,4020,N,20,0,181
3788,13,0.965178,232,4484,N,21.6666666666667,0,181
4131,14,1.09414575,263,3788,N,23.3333333333333,0,181
4058,15,0.981819,236,4131,N,25,0,181
5143,16,1.015101,244,4058,N,26.6666666666667,0,181
5441,17,1.04422275,251,5143,N,28.3333333333333,0,181
5202,18,1.08582525,261,5441,N,30,0,181
5159,19,1.148229,276,5202,N,31.6666666666667,0,181
5873,20,1.11910725,269,5159,N,33.3333333333333,0,181
5823,21,1.16070975,279,5873,N,35,0,181
5185,22,1.19399175,287,5823,N,36.6666666666667,0,181
5574,23,1.2563955,302,5185,N,38.3333333333333,0,181
7239,24,1.19399175,287,5574,N,40,0,181
6268,25,1.26055575,303,7239,N,41.6666666666667,0,181
7144,26,1.231434,296,6268,N,43.3333333333333,0,181
6908,27,1.23559425,297,7144,N,45,0,181
6879,28,1.28551725,309,6908,N,46.6666666666667,0,181
6304,29,1.23559425,297,6879,N,48.3333333333333,0,181
7080,30,1.23559425,297,6304,N,50,0,181
6381,31,1.214793,292,7080,N,51.6666666666667,0,181
7675,32,1.25223525,301,6381,N,53.3333333333333,0,181
8456,33,1.33128,320,7675,N,55,0,181
7994,34,1.447767,348,8456,N,56.6666666666667,0,181
7704,35,1.46856825,353,7994,N,58.3333333333333,0,181
8509,36,1.47688875,355,7704,N,60,0,181
8204,37,1.63497825,393,8509,N,61.6666666666667,0,181
7756,38,1.71818325,413,8204,N,63.3333333333333,0,181
8706,39,1.74314475,419,7756,N,65,0,181
9078,40,1.95115725,469,8706,N,66.6666666666667,0,181
8897,41,1.91787525,461,9078,N,68.3333333333333,0,181
9480,42,2.25069525,541,8897,N,70,0,181
9282,43,2.23405425,537,9480,N,71.6666666666667,0,181
9672,44,2.130048,512,9282,N,73.3333333333333,0,181
9944,45,1.031742,248,9672,Y,75,1,181
10246,46,1.12742775,271,9944,N,76.6666666666667,1,181
10223,47,1.29383775,311,10246,N,78.3333333333333,1,181
10558,48,1.2896775,310,10223,N,80,1,181
11995,49,1.30215825,313,10558,N,81.6666666666667,1,181
2680,0,0.7405245,178,NA,N,0,0,182
2833,1,0.77796675,187,2680,N,1.66666666666667,0,182
2869,2,0.8070885,194,2833,N,3.33333333333333,0,182
3016,3,0.898614,216,2869,N,5,0,182
2709,4,0.848691,204,3016,N,6.66666666666667,0,182
3150,5,0.88613325,213,2709,N,8.33333333333333,0,182
2829,6,0.91109475,219,3150,N,10,0,182
2708,7,0.99846,240,2829,N,11.6666666666667,0,182
4427,8,0.95269725,229,2708,N,13.3333333333333,0,182
4263,9,0.93605625,225,4427,N,15,0,182
4202,10,0.9402165,226,4263,N,16.6666666666667,0,182
4020,11,0.99429975,239,4202,N,18.3333333333333,0,182
4484,12,0.93605625,225,4020,N,20,0,182
3788,13,0.965178,232,4484,N,21.6666666666667,0,182
4131,14,1.09414575,263,3788,N,23.3333333333333,0,182
4058,15,0.981819,236,4131,N,25,0,182
5143,16,1.015101,244,4058,N,26.6666666666667,0,182
5441,17,1.04422275,251,5143,N,28.3333333333333,0,182
5202,18,1.08582525,261,5441,N,30,0,182
5159,19,1.148229,276,5202,N,31.6666666666667,0,182
5873,20,1.11910725,269,5159,N,33.3333333333333,0,182
5823,21,1.16070975,279,5873,N,35,0,182
5185,22,1.19399175,287,5823,N,36.6666666666667,0,182
5574,23,1.2563955,302,5185,N,38.3333333333333,0,182
7239,24,1.19399175,287,5574,N,40,0,182
6268,25,1.26055575,303,7239,N,41.6666666666667,0,182
7144,26,1.231434,296,6268,N,43.3333333333333,0,182
6908,27,1.23559425,297,7144,N,45,0,182
6879,28,1.28551725,309,6908,N,46.6666666666667,0,182
6304,29,1.23559425,297,6879,N,48.3333333333333,0,182
7080,30,1.23559425,297,6304,N,50,0,182
6381,31,1.214793,292,7080,N,51.6666666666667,0,182
7675,32,1.25223525,301,6381,N,53.3333333333333,0,182
8456,33,1.33128,320,7675,N,55,0,182
7994,34,1.447767,348,8456,N,56.6666666666667,0,182
7704,35,1.46856825,353,7994,N,58.3333333333333,0,182
8509,36,1.47688875,355,7704,N,60,0,182
8204,37,1.63497825,393,8509,N,61.6666666666667,0,182
7756,38,1.71818325,413,8204,N,63.3333333333333,0,182
8706,39,1.74314475,419,7756,N,65,0,182
9078,40,1.95115725,469,8706,N,66.6666666666667,0,182
8897,41,1.91787525,461,9078,N,68.3333333333333,0,182
9480,42,2.25069525,541,8897,N,70,0,182
9282,43,2.23405425,537,9480,N,71.6666666666667,0,182
9672,44,2.130048,512,9282,N,73.3333333333333,0,182
9941,45,1.248075,300,9672,Y,75,1,182
10244,46,1.264716,304,9941,N,76.6666666666667,1,182
10221,47,1.37704275,331,10244,N,78.3333333333333,1,182
10557,48,1.34376075,323,10221,N,80,1,182
11994,49,1.447767,348,10557,N,81.6666666666667,1,182
11103,50,1.5392925,370,11994,N,83.3333333333333,1,182
11773,51,1.66826025,401,11103,N,85,1,182
11075,52,1.68490125,405,11773,N,86.6666666666667,1,182
11685,53,1.63497825,393,11075,N,88.3333333333333,1,182
11388,54,1.93451625,465,11685,N,90,1,182
10811,55,2.02604175,487,11388,N,91.6666666666667,1,182
12824,56,2.412945,580,10811,N,93.3333333333333,1,182
12644,57,2.2215735,534,12824,N,95,1,182
12663,58,1.16070975,279,12644,Y,96.6666666666667,2,182
2680,0,0.7405245,178,NA,N,0,0,183
2833,1,0.77796675,187,2680,N,1.66666666666667,0,183
2869,2,0.8070885,194,2833,N,3.33333333333333,0,183
3016,3,0.898614,216,2869,N,5,0,183
2709,4,0.848691,204,3016,N,6.66666666666667,0,183
3150,5,0.88613325,213,2709,N,8.33333333333333,0,183
2829,6,0.91109475,219,3150,N,10,0,183
2708,7,0.99846,240,2829,N,11.6666666666667,0,183
4427,8,0.95269725,229,2708,N,13.3333333333333,0,183
4263,9,0.93605625,225,4427,N,15,0,183
4202,10,0.9402165,226,4263,N,16.6666666666667,0,183
4020,11,0.99429975,239,4202,N,18.3333333333333,0,183
4484,12,0.93605625,225,4020,N,20,0,183
3788,13,0.965178,232,4484,N,21.6666666666667,0,183
4131,14,1.09414575,263,3788,N,23.3333333333333,0,183
4058,15,0.981819,236,4131,N,25,0,183
5143,16,1.015101,244,4058,N,26.6666666666667,0,183
5441,17,1.04422275,251,5143,N,28.3333333333333,0,183
5202,18,1.08582525,261,5441,N,30,0,183
5159,19,1.148229,276,5202,N,31.6666666666667,0,183
5873,20,1.11910725,269,5159,N,33.3333333333333,0,183
5823,21,1.16070975,279,5873,N,35,0,183
5185,22,1.19399175,287,5823,N,36.6666666666667,0,183
5574,23,1.2563955,302,5185,N,38.3333333333333,0,183
7239,24,1.19399175,287,5574,N,40,0,183
6268,25,1.26055575,303,7239,N,41.6666666666667,0,183
7144,26,1.231434,296,6268,N,43.3333333333333,0,183
6908,27,1.23559425,297,7144,N,45,0,183
6879,28,1.28551725,309,6908,N,46.6666666666667,0,183
6304,29,1.23559425,297,6879,N,48.3333333333333,0,183
7080,30,1.23559425,297,6304,N,50,0,183
6381,31,1.214793,292,7080,N,51.6666666666667,0,183
7675,32,1.25223525,301,6381,N,53.3333333333333,0,183
8456,33,1.33128,320,7675,N,55,0,183
7994,34,1.447767,348,8456,N,56.6666666666667,0,183
7704,35,1.46856825,353,7994,N,58.3333333333333,0,183
8509,36,1.47688875,355,7704,N,60,0,183
8204,37,1.63497825,393,8509,N,61.6666666666667,0,183
7756,38,1.71818325,413,8204,N,63.3333333333333,0,183
8706,39,1.74314475,419,7756,N,65,0,183
9078,40,1.95115725,469,8706,N,66.6666666666667,0,183
8897,41,1.91787525,461,9078,N,68.3333333333333,0,183
9480,42,2.25069525,541,8897,N,70,0,183
9282,43,2.23405425,537,9480,N,71.6666666666667,0,183
9672,44,2.130048,512,9282,N,73.3333333333333,0,183
9941,45,1.248075,300,9672,Y,75,1,183
10244,46,1.264716,304,9941,N,76.6666666666667,1,183
10221,47,1.37704275,331,10244,N,78.3333333333333,1,183
10557,48,1.34376075,323,10221,N,80,1,183
11994,49,1.447767,348,10557,N,81.6666666666667,1,183
11103,50,1.5392925,370,11994,N,83.3333333333333,1,183
11773,51,1.66826025,401,11103,N,85,1,183
11075,52,1.68490125,405,11773,N,86.6666666666667,1,183
11685,53,1.63497825,393,11075,N,88.3333333333333,1,183
11388,54,1.93451625,465,11685,N,90,1,183
10811,55,2.02604175,487,11388,N,91.6666666666667,1,183
12824,56,2.412945,580,10811,N,93.3333333333333,1,183
12644,57,2.2215735,534,12824,N,95,1,183
12665,58,0.58659525,141,12644,Y,96.6666666666667,2,183
12371,59,1.11078675,267,12665,N,98.3333333333333,2,183
13551,62,1.464408,352,12371,N,103.333333333333,2,183
13535,63,1.62665775,391,13551,N,105,2,183
14692,64,1.68490125,405,13535,N,106.666666666667,2,183
14087,65,1.53513225,369,14692,N,108.333333333333,2,183
14304,66,1.897074,456,14087,N,110,2,183
13930,67,0.881973,212,14304,Y,111.666666666667,3,183
13781,68,0.79460775,191,13930,N,113.333333333333,3,183
13816,69,0.98597925,237,13781,N,115,3,183
15135,70,1.16903025,281,13816,N,116.666666666667,3,183
2171,0,1.39368375,335,NA,N,0,0,184
2146,1,1.47688875,355,2171,N,1.66666666666667,0,184
2216,2,1.47688875,355,2146,N,3.33333333333333,0,184
2230,3,1.56841425,377,2216,N,5,0,184
2189,4,1.6058565,386,2230,N,6.66666666666667,0,184
2167,5,1.680741,404,2189,N,8.33333333333333,0,184
2232,6,1.7223435,414,2167,N,10,0,184
2258,7,1.930356,464,2232,N,11.6666666666667,0,184
3416,8,1.93451625,465,2258,N,13.3333333333333,0,184
3847,9,1.85963175,447,3416,N,15,0,184
3307,10,1.8554715,446,3847,N,16.6666666666667,0,184
3579,11,1.86795225,449,3307,N,18.3333333333333,0,184
3427,12,1.89291375,455,3579,N,20,0,184
3505,13,1.97611875,475,3427,N,21.6666666666667,0,184
3697,14,2.19245175,527,3505,N,23.3333333333333,0,184
3559,15,2.16749025,521,3697,N,25,0,184
4726,16,2.29229775,551,3559,N,26.6666666666667,0,184
4999,17,2.23405425,537,4726,N,28.3333333333333,0,184
4757,18,2.17581075,523,4999,N,30,0,184
4685,19,2.3547015,566,4757,N,31.6666666666667,0,184
5580,20,2.313099,556,4685,N,33.3333333333333,0,184
5620,21,1.1232675,270,5580,Y,35,1,184
4746,22,1.148229,276,5620,N,36.6666666666667,1,184
4715,23,1.3063185,314,4746,N,38.3333333333333,1,184
6677,24,1.33544025,321,4715,N,40,1,184
6012,25,1.33544025,321,6677,N,41.6666666666667,1,184
6543,26,1.33544025,321,6012,N,43.3333333333333,1,184
6569,27,1.3396005,322,6543,N,45,1,184
6570,28,1.40200425,337,6569,N,46.6666666666667,1,184
6035,29,1.46856825,353,6570,N,48.3333333333333,1,184
6632,30,1.46856825,353,6035,N,50,1,184
6065,31,1.5559335,374,6632,N,51.6666666666667,1,184
7422,32,1.68490125,405,6065,N,53.3333333333333,1,184
8212,33,1.5392925,370,7422,N,55,1,184
7890,34,1.714023,412,8212,N,56.6666666666667,1,184
7406,35,1.9053945,458,7890,N,58.3333333333333,1,184
8275,36,2.20077225,529,7406,N,60,1,184
8069,37,1.46024775,351,8275,Y,61.6666666666667,2,184
7471,38,1.45192725,349,8069,N,63.3333333333333,2,184
8610,39,1.23559425,297,7471,N,65,2,184
8990,40,1.38536325,333,8610,N,66.6666666666667,2,184
2171,0,1.39368375,335,NA,N,0,0,185
2146,1,1.47688875,355,2171,N,1.66666666666667,0,185
2216,2,1.47688875,355,2146,N,3.33333333333333,0,185
2230,3,1.56841425,377,2216,N,5,0,185
2189,4,1.6058565,386,2230,N,6.66666666666667,0,185
2167,5,1.680741,404,2189,N,8.33333333333333,0,185
2232,6,1.7223435,414,2167,N,10,0,185
2258,7,1.930356,464,2232,N,11.6666666666667,0,185
3416,8,1.93451625,465,2258,N,13.3333333333333,0,185
3847,9,1.85963175,447,3416,N,15,0,185
3307,10,1.8554715,446,3847,N,16.6666666666667,0,185
3579,11,1.86795225,449,3307,N,18.3333333333333,0,185
3427,12,1.89291375,455,3579,N,20,0,185
3505,13,1.97611875,475,3427,N,21.6666666666667,0,185
3697,14,2.19245175,527,3505,N,23.3333333333333,0,185
3559,15,2.16749025,521,3697,N,25,0,185
4726,16,2.29229775,551,3559,N,26.6666666666667,0,185
4999,17,2.23405425,537,4726,N,28.3333333333333,0,185
4757,18,2.17581075,523,4999,N,30,0,185
4685,19,2.3547015,566,4757,N,31.6666666666667,0,185
5580,20,2.313099,556,4685,N,33.3333333333333,0,185
5618,21,1.07750475,259,5580,Y,35,1,185
4741,22,1.16070975,279,5618,N,36.6666666666667,1,185
4710,23,1.23559425,297,4741,N,38.3333333333333,1,185
6676,24,1.231434,296,4710,N,40,1,185
6009,25,1.264716,304,6676,N,41.6666666666667,1,185
6539,26,1.29383775,311,6009,N,43.3333333333333,1,185
6563,27,1.29383775,311,6539,N,45,1,185
6565,28,1.3063185,314,6563,N,46.6666666666667,1,185
6032,29,1.347921,324,6565,N,48.3333333333333,1,185
6630,30,1.39368375,335,6032,N,50,1,185
6048,31,1.38536325,333,6630,N,51.6666666666667,1,185
7421,32,1.46856825,353,6048,N,53.3333333333333,1,185
8209,33,1.597536,384,7421,N,55,1,185
7889,34,1.597536,384,8209,N,56.6666666666667,1,185
7403,35,1.7389845,418,7889,N,58.3333333333333,1,185
8272,36,1.65161925,397,7403,N,60,1,185
8068,37,2.1050865,506,8272,N,61.6666666666667,1,185
7470,38,1.897074,456,8068,N,63.3333333333333,1,185
8609,39,1.97611875,475,7470,N,65,1,185
8989,40,1.95115725,469,8609,N,66.6666666666667,1,185
8802,41,2.21741325,533,8989,N,68.3333333333333,1,185
9380,42,1.231434,296,8802,Y,70,2,185
9174,43,1.1399085,274,9380,N,71.6666666666667,2,185
9576,44,1.314639,316,9174,N,73.3333333333333,2,185
9775,45,1.34376075,323,9576,N,75,2,185
9982,46,1.347921,324,9775,N,76.6666666666667,2,185
9966,47,1.41032475,339,9982,N,78.3333333333333,2,185
10449,48,1.6224975,390,9966,N,80,2,185
11884,49,1.59337575,383,10449,N,81.6666666666667,2,185
10761,50,1.76810625,425,11884,N,83.3333333333333,2,185
11545,51,1.747305,420,10761,N,85,2,185
10388,52,1.97611875,475,11545,N,86.6666666666667,2,185
11366,53,1.97611875,475,10388,N,88.3333333333333,2,185
11228,54,2.26733625,545,11366,N,90,2,185
10602,55,2.4212655,582,11228,N,91.6666666666667,2,185
12398,56,2.25901575,543,10602,N,93.3333333333333,2,185
12218,57,2.39214375,575,12398,N,95,2,185
12298,58,1.01094075,243,12218,Y,96.6666666666667,3,185
12174,59,1.23559425,297,12298,N,98.3333333333333,3,185
13026,61,1.37704275,331,12174,N,101.666666666667,3,185
13405,62,1.33544025,321,13026,N,103.333333333333,3,185
13391,63,1.5892155,382,13405,N,105,3,185
15170,64,1.547613,372,13391,N,106.666666666667,3,185
14522,65,2.1882915,526,15170,N,108.333333333333,3,185
14752,66,2.2714965,546,14522,N,110,3,185
14529,67,1.21895325,293,14752,Y,111.666666666667,4,185
14354,68,1.41864525,341,14529,N,113.333333333333,4,185
14415,69,1.47688875,355,14354,N,115,4,185
15422,70,1.3728825,330,14415,N,116.666666666667,4,185
2171,0,1.39368375,335,NA,N,0,0,186
2146,1,1.47688875,355,2171,N,1.66666666666667,0,186
2216,2,1.47688875,355,2146,N,3.33333333333333,0,186
2230,3,1.56841425,377,2216,N,5,0,186
2189,4,1.6058565,386,2230,N,6.66666666666667,0,186
2167,5,1.680741,404,2189,N,8.33333333333333,0,186
2232,6,1.7223435,414,2167,N,10,0,186
2258,7,1.930356,464,2232,N,11.6666666666667,0,186
3416,8,1.93451625,465,2258,N,13.3333333333333,0,186
3847,9,1.85963175,447,3416,N,15,0,186
3307,10,1.8554715,446,3847,N,16.6666666666667,0,186
3579,11,1.86795225,449,3307,N,18.3333333333333,0,186
3427,12,1.89291375,455,3579,N,20,0,186
3505,13,1.97611875,475,3427,N,21.6666666666667,0,186
3697,14,2.19245175,527,3505,N,23.3333333333333,0,186
3559,15,2.16749025,521,3697,N,25,0,186
4726,16,2.29229775,551,3559,N,26.6666666666667,0,186
4999,17,2.23405425,537,4726,N,28.3333333333333,0,186
4757,18,2.17581075,523,4999,N,30,0,186
4685,19,2.3547015,566,4757,N,31.6666666666667,0,186
5580,20,2.313099,556,4685,N,33.3333333333333,0,186
5618,21,1.07750475,259,5580,Y,35,1,186
4741,22,1.16070975,279,5618,N,36.6666666666667,1,186
4710,23,1.23559425,297,4741,N,38.3333333333333,1,186
6676,24,1.231434,296,4710,N,40,1,186
6009,25,1.264716,304,6676,N,41.6666666666667,1,186
6539,26,1.29383775,311,6009,N,43.3333333333333,1,186
6563,27,1.29383775,311,6539,N,45,1,186
6565,28,1.3063185,314,6563,N,46.6666666666667,1,186
6032,29,1.347921,324,6565,N,48.3333333333333,1,186
6630,30,1.39368375,335,6032,N,50,1,186
6048,31,1.38536325,333,6630,N,51.6666666666667,1,186
7421,32,1.46856825,353,6048,N,53.3333333333333,1,186
8209,33,1.597536,384,7421,N,55,1,186
7889,34,1.597536,384,8209,N,56.6666666666667,1,186
7403,35,1.7389845,418,7889,N,58.3333333333333,1,186
8272,36,1.65161925,397,7403,N,60,1,186
8068,37,2.1050865,506,8272,N,61.6666666666667,1,186
7470,38,1.897074,456,8068,N,63.3333333333333,1,186
8609,39,1.97611875,475,7470,N,65,1,186
8989,40,1.95115725,469,8609,N,66.6666666666667,1,186
8802,41,2.21741325,533,8989,N,68.3333333333333,1,186
9381,42,1.081665,260,8802,Y,70,2,186
9175,43,1.1731905,282,9381,N,71.6666666666667,2,186
9577,44,1.148229,276,9175,N,73.3333333333333,2,186
9776,45,1.25223525,301,9577,N,75,2,186
9986,46,1.25223525,301,9776,N,76.6666666666667,2,186
9969,47,1.14406875,275,9986,N,78.3333333333333,2,186
10450,48,1.34376075,323,9969,N,80,2,186
11885,49,1.3396005,322,10450,N,81.6666666666667,2,186
10762,50,1.6724205,402,11885,N,83.3333333333333,2,186
11547,51,1.763946,424,10762,N,85,2,186
10389,52,1.763946,424,11547,N,86.6666666666667,2,186
11369,53,1.847151,444,10389,N,88.3333333333333,2,186
11229,54,2.16333,520,11369,N,90,2,186
10603,55,2.246535,540,11229,N,91.6666666666667,2,186
12401,56,2.2714965,546,10603,N,93.3333333333333,2,186
12222,57,2.17581075,523,12401,N,95,2,186
12531,58,0.88613325,213,12222,Y,96.6666666666667,3,186
12365,59,1.12742775,271,12531,N,98.3333333333333,3,186
2688,0,1.13574825,273,NA,N,0,0,187
2841,1,1.0733445,258,2688,N,1.66666666666667,0,187
2938,2,1.12742775,271,2841,N,3.33333333333333,0,187
3028,3,1.2563955,302,2938,N,5,0,187
2717,4,1.198152,288,3028,N,6.66666666666667,0,187
3158,5,1.198152,288,2717,N,8.33333333333333,0,187
2840,6,1.181511,284,3158,N,10,0,187
2715,7,1.21895325,293,2840,N,11.6666666666667,0,187
4432,8,1.1898315,286,2715,N,13.3333333333333,0,187
4272,9,1.181511,284,4432,N,15,0,187
4210,10,1.181511,284,4272,N,16.6666666666667,0,187
4024,11,1.15238925,277,4210,N,18.3333333333333,0,187
4486,12,1.1565495,278,4024,N,20,0,187
3799,13,1.231434,296,4486,N,21.6666666666667,0,187
4141,14,1.26887625,305,3799,N,23.3333333333333,0,187
4066,15,1.364562,328,4141,N,25,0,187
5153,16,1.5725745,378,4066,N,26.6666666666667,0,187
5444,17,1.7889075,430,5153,N,28.3333333333333,0,187
5213,18,1.90123425,457,5444,N,30,0,187
5169,19,1.95947775,471,5213,N,31.6666666666667,0,187
5875,20,2.02604175,487,5169,N,33.3333333333333,0,187
5826,21,2.313099,556,5875,N,35,0,187
5194,22,2.529432,608,5826,N,36.6666666666667,0,187
5575,23,1.181511,284,5194,Y,38.3333333333333,1,187
7240,24,1.33544025,321,5575,N,40,1,187
2688,0,1.13574825,273,NA,N,0,0,188
2841,1,1.0733445,258,2688,N,1.66666666666667,0,188
2938,2,1.12742775,271,2841,N,3.33333333333333,0,188
3028,3,1.2563955,302,2938,N,5,0,188
2717,4,1.198152,288,3028,N,6.66666666666667,0,188
3158,5,1.198152,288,2717,N,8.33333333333333,0,188
2840,6,1.181511,284,3158,N,10,0,188
2715,7,1.21895325,293,2840,N,11.6666666666667,0,188
4432,8,1.1898315,286,2715,N,13.3333333333333,0,188
4272,9,1.181511,284,4432,N,15,0,188
4210,10,1.181511,284,4272,N,16.6666666666667,0,188
4024,11,1.15238925,277,4210,N,18.3333333333333,0,188
4486,12,1.1565495,278,4024,N,20,0,188
3799,13,1.231434,296,4486,N,21.6666666666667,0,188
4141,14,1.26887625,305,3799,N,23.3333333333333,0,188
4066,15,1.364562,328,4141,N,25,0,188
5153,16,1.5725745,378,4066,N,26.6666666666667,0,188
5444,17,1.7889075,430,5153,N,28.3333333333333,0,188
5213,18,1.90123425,457,5444,N,30,0,188
5169,19,1.95947775,471,5213,N,31.6666666666667,0,188
5875,20,2.02604175,487,5169,N,33.3333333333333,0,188
5826,21,2.313099,556,5875,N,35,0,188
5194,22,2.529432,608,5826,N,36.6666666666667,0,188
5576,23,1.03590225,249,5194,Y,38.3333333333333,1,188
7241,24,1.131588,272,5576,N,40,1,188
6271,25,1.33544025,321,7241,N,41.6666666666667,1,188
7147,26,1.281357,308,6271,N,43.3333333333333,1,188
6909,27,1.198152,288,7147,N,45,1,188
6882,28,1.281357,308,6909,N,46.6666666666667,1,188
6306,29,1.297998,312,6882,N,48.3333333333333,1,188
7082,30,1.281357,308,6306,N,50,1,188
6382,31,1.34376075,323,7082,N,51.6666666666667,1,188
7678,32,1.31879925,317,6382,N,53.3333333333333,1,188
8458,33,1.44360675,347,7678,N,55,1,188
7995,34,1.44360675,347,8458,N,56.6666666666667,1,188
7711,35,1.46856825,353,7995,N,58.3333333333333,1,188
8514,36,1.52681175,367,7711,N,60,1,188
8210,37,1.4560875,350,8514,N,61.6666666666667,1,188
7764,38,1.5392925,370,8210,N,63.3333333333333,1,188
8709,39,1.4727285,354,7764,N,65,1,188
9080,40,1.46024775,351,8709,N,66.6666666666667,1,188
8898,41,1.47688875,355,9080,N,68.3333333333333,1,188
9481,42,1.6890615,406,8898,N,70,1,188
9283,43,1.847151,444,9481,N,71.6666666666667,1,188
9673,44,2.096766,504,9283,N,73.3333333333333,1,188
9947,45,1.963638,472,9673,N,75,1,188
10248,46,2.09260575,503,9947,N,76.6666666666667,1,188
10225,47,2.40878475,579,10248,N,78.3333333333333,1,188
10674,48,2.546073,612,10225,N,80,1,188
11986,49,1.31879925,317,10674,Y,81.6666666666667,2,188
11049,50,1.3396005,322,11986,N,83.3333333333333,2,188
11752,51,1.26055575,303,11049,N,85,2,188
11067,52,1.481049,356,11752,N,86.6666666666667,2,188
11671,53,1.2730365,306,11067,N,88.3333333333333,2,188
11378,54,1.28551725,309,11671,N,90,2,188
10710,55,1.28551725,309,11378,N,91.6666666666667,2,188
12819,56,1.60169625,385,10710,N,93.3333333333333,2,188
12629,57,1.60169625,385,12819,N,95,2,188
12653,58,1.80138825,433,12629,N,96.6666666666667,2,188
12431,59,1.863792,448,12653,N,98.3333333333333,2,188
13116,61,1.980279,476,12431,N,101.666666666667,2,188
13509,62,2.246535,540,13116,N,103.333333333333,2,188
13498,63,1.01094075,243,13509,Y,105,3,188
15255,64,1.1898315,286,13498,N,106.666666666667,3,188
14750,65,1.29383775,311,15255,N,108.333333333333,3,188
14931,66,1.2563955,302,14750,N,110,3,188
14978,68,1.481049,356,14931,N,113.333333333333,3,188
2944,0,1.28551725,309,NA,N,0,0,189
2987,1,1.4394465,346,2944,N,1.66666666666667,0,189
3112,2,1.447767,348,2987,N,3.33333333333333,0,189
3193,3,1.42696575,343,3112,N,5,0,189
3017,4,1.5892155,382,3193,N,6.66666666666667,0,189
3251,5,1.56009375,375,3017,N,8.33333333333333,0,189
3012,6,1.56009375,375,3251,N,10,0,189
2807,7,1.57673475,379,3012,N,11.6666666666667,0,189
4526,8,1.62665775,391,2807,N,13.3333333333333,0,189
4358,9,1.56009375,375,4526,N,15,0,189
4317,10,1.73482425,417,4358,N,16.6666666666667,0,189
4143,11,1.70154225,409,4317,N,18.3333333333333,0,189
4525,12,1.80970875,435,4143,N,20,0,189
3915,13,1.9553175,470,4525,N,21.6666666666667,0,189
4257,14,1.897074,456,3915,N,23.3333333333333,0,189
4166,15,1.86795225,449,4257,N,25,0,189
5267,16,1.93451625,465,4166,N,26.6666666666667,0,189
5553,17,2.12588775,511,5267,N,28.3333333333333,0,189
5335,18,1.813869,436,5553,N,30,0,189
5306,19,2.263176,544,5335,N,31.6666666666667,0,189
5920,20,1.6557795,398,5306,N,33.3333333333333,0,189
5874,21,2.27565675,547,5920,N,35,0,189
5307,22,1.2064725,290,5874,Y,36.6666666666667,1,189
5603,23,1.297998,312,5307,N,38.3333333333333,1,189
2944,0,1.28551725,309,NA,N,0,0,190
2987,1,1.4394465,346,2944,N,1.66666666666667,0,190
3112,2,1.447767,348,2987,N,3.33333333333333,0,190
3193,3,1.42696575,343,3112,N,5,0,190
3017,4,1.5892155,382,3193,N,6.66666666666667,0,190
3251,5,1.56009375,375,3017,N,8.33333333333333,0,190
3012,6,1.56009375,375,3251,N,10,0,190
2807,7,1.57673475,379,3012,N,11.6666666666667,0,190
4526,8,1.62665775,391,2807,N,13.3333333333333,0,190
4358,9,1.56009375,375,4526,N,15,0,190
4317,10,1.73482425,417,4358,N,16.6666666666667,0,190
4143,11,1.70154225,409,4317,N,18.3333333333333,0,190
4525,12,1.80970875,435,4143,N,20,0,190
3915,13,1.9553175,470,4525,N,21.6666666666667,0,190
4257,14,1.897074,456,3915,N,23.3333333333333,0,190
4166,15,1.86795225,449,4257,N,25,0,190
5267,16,1.93451625,465,4166,N,26.6666666666667,0,190
5553,17,2.12588775,511,5267,N,28.3333333333333,0,190
5335,18,1.813869,436,5553,N,30,0,190
5306,19,2.263176,544,5335,N,31.6666666666667,0,190
5920,20,1.6557795,398,5306,N,33.3333333333333,0,190
5874,21,2.27565675,547,5920,N,35,0,190
5313,22,1.06918425,257,5874,Y,36.6666666666667,1,190
5604,23,1.231434,296,5313,N,38.3333333333333,1,190
7264,24,1.22727375,295,5604,N,40,1,190
6335,25,1.42696575,343,7264,N,41.6666666666667,1,190
7306,26,1.281357,308,6335,N,43.3333333333333,1,190
6966,27,1.3562415,326,7306,N,45,1,190
6932,28,1.41864525,341,6966,N,46.6666666666667,1,190
6357,29,1.5559335,374,6932,N,48.3333333333333,1,190
7123,30,1.5392925,370,6357,N,50,1,190
6432,31,1.797228,432,7123,N,51.6666666666667,1,190
7729,32,1.9553175,470,6432,N,53.3333333333333,1,190
8494,33,1.8721125,450,7729,N,55,1,190
8009,34,2.0385225,490,8494,N,56.6666666666667,1,190
7752,35,1.930356,464,8009,N,58.3333333333333,1,190
8544,36,2.0718045,498,7752,N,60,1,190
8256,37,0.632358,152,8544,Y,61.6666666666667,2,190
7823,38,0.93605625,225,8256,N,63.3333333333333,2,190
8732,39,0.98597925,237,7823,N,65,2,190
9101,40,0.92773575,223,8732,N,66.6666666666667,2,190
8926,41,1.0899855,262,9101,N,68.3333333333333,2,190
9508,42,1.11910725,269,8926,N,70,2,190
9311,43,1.15238925,277,9508,N,71.6666666666667,2,190
9699,44,1.3063185,314,9311,N,73.3333333333333,2,190
10029,45,1.065024,256,9699,N,75,2,190
10266,47,1.41032475,339,10029,N,78.3333333333333,2,190
10866,48,1.42696575,343,10266,N,80,2,190
12020,49,1.59337575,383,10866,N,81.6666666666667,2,190
11158,50,1.49769,360,12020,N,83.3333333333333,2,190
11805,51,1.50185025,361,11158,N,85,2,190
11099,52,1.45192725,349,11805,N,86.6666666666667,2,190
11727,53,1.4893695,358,11099,N,88.3333333333333,2,190
11447,54,1.5060105,362,11727,N,90,2,190
10857,55,1.50185025,361,11447,N,91.6666666666667,2,190
12879,56,1.730664,416,10857,N,93.3333333333333,2,190
12724,57,1.59337575,383,12879,N,95,2,190
12751,58,1.68490125,405,12724,N,96.6666666666667,2,190
12474,59,1.95947775,471,12751,N,98.3333333333333,2,190
13274,61,1.863792,448,12474,N,101.666666666667,2,190
13667,62,2.16333,520,13274,N,103.333333333333,2,190
13732,63,2.10924675,507,13667,N,105,2,190
14887,64,2.15084925,517,13732,N,106.666666666667,2,190
14289,65,1.1066265,266,14887,Y,108.333333333333,3,190
14501,66,1.0733445,258,14289,N,110,3,190
14275,67,1.06086375,255,14501,N,111.666666666667,3,190
14019,68,1.29383775,311,14275,N,113.333333333333,3,190
14138,69,1.34376075,323,14019,N,115,3,190
15340,70,1.46856825,353,14138,N,116.666666666667,3,190
2693,0,1.214793,292,NA,N,0,0,191
2846,1,1.347921,324,2693,N,1.66666666666667,0,191
2947,2,1.5060105,362,2846,N,3.33333333333333,0,191
3032,3,1.56009375,375,2947,N,5,0,191
2721,4,1.46856825,353,3032,N,6.66666666666667,0,191
3163,5,1.49352975,359,2721,N,8.33333333333333,0,191
2847,6,1.5559335,374,3163,N,10,0,191
2719,7,1.514331,364,2847,N,11.6666666666667,0,191
4434,8,1.564254,376,2719,N,13.3333333333333,0,191
4282,9,1.5892155,382,4434,N,15,0,191
4215,10,1.56841425,377,4282,N,16.6666666666667,0,191
4035,11,1.5892155,382,4215,N,18.3333333333333,0,191
4489,12,1.597536,384,4035,N,20,0,191
3809,13,1.63497825,393,4489,N,21.6666666666667,0,191
4150,14,1.747305,420,3809,N,23.3333333333333,0,191
4077,15,1.7389845,418,4150,N,25,0,191
5163,16,1.83051,440,4077,N,26.6666666666667,0,191
5448,17,1.84299075,443,5163,N,28.3333333333333,0,191
5223,18,1.91787525,461,5448,N,30,0,191
5184,19,1.96779825,473,5223,N,31.6666666666667,0,191
5881,20,1.92619575,463,5184,N,33.3333333333333,0,191
5831,21,2.1882915,526,5881,N,35,0,191
5199,22,1.1399085,274,5831,Y,36.6666666666667,1,191
5577,23,1.11910725,269,5199,N,38.3333333333333,1,191
7242,24,1.148229,276,5577,N,40,1,191
6274,25,1.231434,296,7242,N,41.6666666666667,1,191
7149,26,1.25223525,301,6274,N,43.3333333333333,1,191
6913,27,1.38536325,333,7149,N,45,1,191
6888,28,1.33544025,321,6913,N,46.6666666666667,1,191
6312,29,1.57673475,379,6888,N,48.3333333333333,1,191
7086,30,1.564254,376,6312,N,50,1,191
6394,31,1.7057025,410,7086,N,51.6666666666667,1,191
7684,32,1.77642675,427,6394,N,53.3333333333333,1,191
8462,33,2.113407,508,7684,N,55,1,191
7997,34,1.99692,480,8462,N,56.6666666666667,1,191
7717,35,2.0551635,494,7997,N,58.3333333333333,1,191
8521,36,2.00108025,481,7717,N,60,1,191
8217,37,2.2881375,550,8521,N,61.6666666666667,1,191
7773,38,0.96101775,231,8217,Y,63.3333333333333,2,191
8713,39,1.048383,252,7773,N,65,2,191
9084,40,0.981819,236,8713,N,66.6666666666667,2,191
8903,41,1.0899855,262,9084,N,68.3333333333333,2,191
9486,42,1.0400625,250,8903,N,70,2,191
9288,43,1.09414575,263,9486,N,71.6666666666667,2,191
9678,44,0.98597925,237,9288,N,73.3333333333333,2,191
9959,45,0.82788975,199,9678,N,75,2,191
10257,46,0.865332,208,9959,N,76.6666666666667,2,191
10235,47,0.9235755,222,10257,N,78.3333333333333,2,191
10826,48,1.098306,264,10235,N,80,2,191
12000,49,0.9901395,238,10826,N,81.6666666666667,2,191
11133,50,1.11910725,269,12000,N,83.3333333333333,2,191
11779,51,1.11910725,269,11133,N,85,2,191
11079,52,1.6557795,398,11779,N,86.6666666666667,2,191
11689,53,1.39368375,335,11079,N,88.3333333333333,2,191
2693,0,1.214793,292,NA,N,0,0,192
2846,1,1.347921,324,2693,N,1.66666666666667,0,192
2947,2,1.5060105,362,2846,N,3.33333333333333,0,192
3032,3,1.56009375,375,2947,N,5,0,192
2721,4,1.46856825,353,3032,N,6.66666666666667,0,192
3163,5,1.49352975,359,2721,N,8.33333333333333,0,192
2847,6,1.5559335,374,3163,N,10,0,192
2719,7,1.514331,364,2847,N,11.6666666666667,0,192
4434,8,1.564254,376,2719,N,13.3333333333333,0,192
4282,9,1.5892155,382,4434,N,15,0,192
4215,10,1.56841425,377,4282,N,16.6666666666667,0,192
4035,11,1.5892155,382,4215,N,18.3333333333333,0,192
4489,12,1.597536,384,4035,N,20,0,192
3809,13,1.63497825,393,4489,N,21.6666666666667,0,192
4150,14,1.747305,420,3809,N,23.3333333333333,0,192
4077,15,1.7389845,418,4150,N,25,0,192
5163,16,1.83051,440,4077,N,26.6666666666667,0,192
5448,17,1.84299075,443,5163,N,28.3333333333333,0,192
5223,18,1.91787525,461,5448,N,30,0,192
5184,19,1.96779825,473,5223,N,31.6666666666667,0,192
5881,20,1.92619575,463,5184,N,33.3333333333333,0,192
5831,21,2.1882915,526,5881,N,35,0,192
5204,22,1.04422275,251,5831,Y,36.6666666666667,1,192
5578,23,1.21895325,293,5204,N,38.3333333333333,1,192
7243,24,1.3063185,314,5578,N,40,1,192
6278,25,1.43528625,345,7243,N,41.6666666666667,1,192
7154,26,1.43528625,345,6278,N,43.3333333333333,1,192
6911,27,1.46856825,353,7154,N,45,1,192
6885,28,1.52681175,367,6911,N,46.6666666666667,1,192
6309,29,1.4893695,358,6885,N,48.3333333333333,1,192
7084,30,1.56009375,375,6309,N,50,1,192
6388,31,1.697382,408,7084,N,51.6666666666667,1,192
7681,32,1.8055485,434,6388,N,53.3333333333333,1,192
8460,33,1.8388305,442,7681,N,55,1,192
7996,34,1.85963175,447,8460,N,56.6666666666667,1,192
7713,35,1.863792,448,7996,N,58.3333333333333,1,192
8519,36,2.113407,508,7713,N,60,1,192
8671,39,0.948537,228,8519,Y,65,2,192
9046,40,0.99846,240,8671,N,66.6666666666667,2,192
8864,41,1.0067805,242,9046,N,68.3333333333333,2,192
9444,42,1.03590225,249,8864,N,70,2,192
9243,43,1.148229,276,9444,N,71.6666666666667,2,192
9640,44,0.9402165,226,9243,N,73.3333333333333,2,192
9851,45,0.96101775,231,9640,N,75,2,192
10174,46,0.8902935,214,9851,N,76.6666666666667,2,192
10144,47,1.0234215,246,10174,N,78.3333333333333,2,192
10520,48,1.00262025,241,10144,N,80,2,192
11950,49,1.04422275,251,10520,N,81.6666666666667,2,192
10932,50,1.16487,280,11950,N,83.3333333333333,2,192
2693,0,1.214793,292,NA,N,0,0,193
2846,1,1.347921,324,2693,N,1.66666666666667,0,193
2947,2,1.5060105,362,2846,N,3.33333333333333,0,193
3032,3,1.56009375,375,2947,N,5,0,193
2721,4,1.46856825,353,3032,N,6.66666666666667,0,193
3163,5,1.49352975,359,2721,N,8.33333333333333,0,193
2847,6,1.5559335,374,3163,N,10,0,193
2719,7,1.514331,364,2847,N,11.6666666666667,0,193
4434,8,1.564254,376,2719,N,13.3333333333333,0,193
4282,9,1.5892155,382,4434,N,15,0,193
4215,10,1.56841425,377,4282,N,16.6666666666667,0,193
4035,11,1.5892155,382,4215,N,18.3333333333333,0,193
4489,12,1.597536,384,4035,N,20,0,193
3809,13,1.63497825,393,4489,N,21.6666666666667,0,193
4150,14,1.747305,420,3809,N,23.3333333333333,0,193
4077,15,1.7389845,418,4150,N,25,0,193
5163,16,1.83051,440,4077,N,26.6666666666667,0,193
5448,17,1.84299075,443,5163,N,28.3333333333333,0,193
5223,18,1.91787525,461,5448,N,30,0,193
5184,19,1.96779825,473,5223,N,31.6666666666667,0,193
5881,20,1.92619575,463,5184,N,33.3333333333333,0,193
5831,21,2.1882915,526,5881,N,35,0,193
5204,22,1.04422275,251,5831,Y,36.6666666666667,1,193
5578,23,1.21895325,293,5204,N,38.3333333333333,1,193
7243,24,1.3063185,314,5578,N,40,1,193
6278,25,1.43528625,345,7243,N,41.6666666666667,1,193
7154,26,1.43528625,345,6278,N,43.3333333333333,1,193
6911,27,1.46856825,353,7154,N,45,1,193
6885,28,1.52681175,367,6911,N,46.6666666666667,1,193
6309,29,1.4893695,358,6885,N,48.3333333333333,1,193
7084,30,1.56009375,375,6309,N,50,1,193
6388,31,1.697382,408,7084,N,51.6666666666667,1,193
7681,32,1.8055485,434,6388,N,53.3333333333333,1,193
8460,33,1.8388305,442,7681,N,55,1,193
7996,34,1.85963175,447,8460,N,56.6666666666667,1,193
7713,35,1.863792,448,7996,N,58.3333333333333,1,193
8519,36,2.113407,508,7713,N,60,1,193
7360,38,1.26887625,305,8519,Y,63.3333333333333,2,193
8588,39,1.17735075,283,7360,N,65,2,193
8969,40,1.19399175,287,8588,N,66.6666666666667,2,193
8780,41,1.21063275,291,8969,N,68.3333333333333,2,193
9356,42,1.16487,280,8780,N,70,2,193
9154,43,1.22727375,295,9356,N,71.6666666666667,2,193
9554,44,1.1898315,286,9154,N,73.3333333333333,2,193
9753,45,1.3063185,314,9554,N,75,2,193
9914,46,1.26055575,303,9753,N,76.6666666666667,2,193
9889,47,1.29383775,311,9914,N,78.3333333333333,2,193
10424,48,1.347921,324,9889,N,80,2,193
11857,49,1.33128,320,10424,N,81.6666666666667,2,193
10734,50,1.4727285,354,11857,N,83.3333333333333,2,193
11296,54,2.20077225,529,10734,N,90,2,193
10649,55,2.03436225,489,11296,N,91.6666666666667,2,193
12348,57,2.2714965,546,10649,N,95,2,193
12308,59,1.1399085,274,12348,Y,98.3333333333333,3,193
13043,60,1.13574825,273,12308,N,100,3,193
2184,0,1.2730365,306,NA,N,0,0,194
2150,1,1.3396005,322,2184,N,1.66666666666667,0,194
2222,2,1.38536325,333,2150,N,3.33333333333333,0,194
2235,3,1.36040175,327,2222,N,5,0,194
2195,4,1.43528625,345,2235,N,6.66666666666667,0,194
2175,5,1.43528625,345,2195,N,8.33333333333333,0,194
2240,6,1.46856825,353,2175,N,10,0,194
2270,7,1.7223435,414,2240,N,11.6666666666667,0,194
3419,8,1.697382,408,2270,N,13.3333333333333,0,194
3850,9,1.56009375,375,3419,N,15,0,194
3308,10,1.65993975,399,3850,N,16.6666666666667,0,194
3580,11,1.7722665,426,3308,N,18.3333333333333,0,194
3430,12,1.9386765,466,3580,N,20,0,194
3509,13,1.88459325,453,3430,N,21.6666666666667,0,194
3699,14,1.9719585,474,3509,N,23.3333333333333,0,194
3564,15,1.8221895,438,3699,N,25,0,194
4732,16,2.0052405,482,3564,N,26.6666666666667,0,194
5005,17,2.0052405,482,4732,N,28.3333333333333,0,194
4764,18,2.15084925,517,5005,N,30,0,194
4690,19,2.046843,492,4764,N,31.6666666666667,0,194
5583,20,2.15084925,517,4690,N,33.3333333333333,0,194
5622,21,2.06764425,497,5583,N,35,0,194
4751,22,1.89291375,455,5622,N,36.6666666666667,0,194
4633,23,2.23405425,537,4751,N,38.3333333333333,0,194
7293,24,1.1399085,274,4633,Y,40,1,194
7334,26,1.21895325,293,7293,N,43.3333333333333,1,194
7271,27,1.11078675,267,7334,N,45,1,194
7049,28,1.39368375,335,7271,N,46.6666666666667,1,194
6500,29,1.41032475,339,7049,N,48.3333333333333,1,194
7206,30,1.49769,360,6500,N,50,1,194
6567,31,1.53513225,369,7206,N,51.6666666666667,1,194
7808,32,1.60169625,385,6567,N,53.3333333333333,1,194
8543,33,1.49352975,359,7808,N,55,1,194
8039,34,1.56009375,375,8543,N,56.6666666666667,1,194
7827,35,1.67658075,403,8039,N,58.3333333333333,1,194
8574,36,1.8055485,434,7827,N,60,1,194
8362,37,1.797228,432,8574,N,61.6666666666667,1,194
7861,38,1.88459325,453,8362,N,63.3333333333333,1,194
8766,39,1.95947775,471,7861,N,65,1,194
9138,40,1.99275975,479,8766,N,66.6666666666667,1,194
8959,41,2.20077225,529,9138,N,68.3333333333333,1,194
9537,42,2.44206675,587,8959,N,70,1,194
9342,43,2.429586,584,9537,N,71.6666666666667,1,194
9732,44,2.479509,596,9342,N,73.3333333333333,1,194
10114,45,2.612637,628,9732,N,75,1,194
10339,46,1.36040175,327,10114,Y,76.6666666666667,2,194
10321,47,1.49352975,359,10339,N,78.3333333333333,2,194
11015,48,1.52681175,367,10321,N,80,2,194
12047,49,1.730664,416,11015,N,81.6666666666667,2,194
11182,50,1.57673475,379,12047,N,83.3333333333333,2,194
11838,51,1.80970875,435,11182,N,85,2,194
11140,52,1.85131125,445,11838,N,86.6666666666667,2,194
11797,53,2.08428525,501,11140,N,88.3333333333333,2,194
11548,54,2.06764425,497,11797,N,90,2,194
10980,55,2.246535,540,11548,N,91.6666666666667,2,194
12920,56,2.15084925,517,10980,N,93.3333333333333,2,194
12809,57,2.53359225,609,12920,N,95,2,194
12895,58,2.5377525,610,12809,N,96.6666666666667,2,194
12599,59,2.60847675,627,12895,N,98.3333333333333,2,194
13007,60,1.27719675,307,12599,Y,100,3,194
2697,0,0.865332,208,NA,N,0,0,195
2853,1,0.9734985,234,2697,N,1.66666666666667,0,195
2953,2,0.67812075,163,2853,N,3.33333333333333,0,195
3037,3,0.915255,220,2953,N,5,0,195
2725,4,0.91941525,221,3037,N,6.66666666666667,0,195
3167,5,0.94437675,227,2725,N,8.33333333333333,0,195
2854,6,0.95269725,229,3167,N,10,0,195
2722,7,1.0733445,258,2854,N,11.6666666666667,0,195
4436,8,0.97765875,235,2722,N,13.3333333333333,0,195
4287,9,0.93605625,225,4436,N,15,0,195
4220,10,0.931896,224,4287,N,16.6666666666667,0,195
4039,11,1.00262025,241,4220,N,18.3333333333333,0,195
4490,12,1.07750475,259,4039,N,20,0,195
3814,13,0.99846,240,4490,N,21.6666666666667,0,195
4155,14,1.10246625,265,3814,N,23.3333333333333,0,195
4081,15,1.1565495,278,4155,N,25,0,195
5168,16,1.1565495,278,4081,N,26.6666666666667,0,195
5449,17,1.17735075,283,5168,N,28.3333333333333,0,195
5228,18,1.2231135,294,5449,N,30,0,195
5190,19,1.2563955,302,5228,N,31.6666666666667,0,195
5883,20,1.25223525,301,5190,N,33.3333333333333,0,195
5833,21,1.297998,312,5883,N,35,0,195
5210,22,1.264716,304,5833,N,36.6666666666667,0,195
5579,23,1.41032475,339,5210,N,38.3333333333333,0,195
7244,24,1.26887625,305,5579,N,40,0,195
6280,25,1.41864525,341,7244,N,41.6666666666667,0,195
7158,26,1.181511,284,6280,N,43.3333333333333,0,195
6914,27,1.3063185,314,7158,N,45,0,195
6890,28,1.36872225,329,6914,N,46.6666666666667,0,195
6314,29,1.397844,336,6890,N,48.3333333333333,0,195
7089,30,1.44360675,347,6314,N,50,0,195
6397,31,1.6058565,386,7089,N,51.6666666666667,0,195
7688,32,1.66826025,401,6397,N,53.3333333333333,0,195
8464,33,1.697382,408,7688,N,55,0,195
7998,34,1.7223435,414,8464,N,56.6666666666667,0,195
7720,35,1.813869,436,7998,N,58.3333333333333,0,195
8524,36,1.88459325,453,7720,N,60,0,195
8221,37,2.00940075,483,8524,N,61.6666666666667,0,195
7777,38,2.40046425,577,8221,N,63.3333333333333,0,195
8714,39,2.16749025,521,7777,N,65,0,195
9085,40,2.55855375,615,8714,N,66.6666666666667,0,195
8905,41,1.3396005,322,9085,Y,68.3333333333333,1,195
9488,42,1.31879925,317,8905,N,70,1,195
9290,43,1.34376075,323,9488,N,71.6666666666667,1,195
9680,44,1.5060105,362,9290,N,73.3333333333333,1,195
9965,45,1.5060105,362,9680,N,75,1,195
10259,46,1.7889075,430,9965,N,76.6666666666667,1,195
2697,0,0.865332,208,NA,N,0,0,196
2853,1,0.9734985,234,2697,N,1.66666666666667,0,196
2953,2,0.67812075,163,2853,N,3.33333333333333,0,196
3037,3,0.915255,220,2953,N,5,0,196
2725,4,0.91941525,221,3037,N,6.66666666666667,0,196
3167,5,0.94437675,227,2725,N,8.33333333333333,0,196
2854,6,0.95269725,229,3167,N,10,0,196
2722,7,1.0733445,258,2854,N,11.6666666666667,0,196
4436,8,0.97765875,235,2722,N,13.3333333333333,0,196
4287,9,0.93605625,225,4436,N,15,0,196
4220,10,0.931896,224,4287,N,16.6666666666667,0,196
4039,11,1.00262025,241,4220,N,18.3333333333333,0,196
4490,12,1.07750475,259,4039,N,20,0,196
3814,13,0.99846,240,4490,N,21.6666666666667,0,196
4155,14,1.10246625,265,3814,N,23.3333333333333,0,196
4081,15,1.1565495,278,4155,N,25,0,196
5168,16,1.1565495,278,4081,N,26.6666666666667,0,196
5449,17,1.17735075,283,5168,N,28.3333333333333,0,196
5228,18,1.2231135,294,5449,N,30,0,196
5190,19,1.2563955,302,5228,N,31.6666666666667,0,196
5883,20,1.25223525,301,5190,N,33.3333333333333,0,196
5833,21,1.297998,312,5883,N,35,0,196
5210,22,1.264716,304,5833,N,36.6666666666667,0,196
5579,23,1.41032475,339,5210,N,38.3333333333333,0,196
7244,24,1.26887625,305,5579,N,40,0,196
6280,25,1.41864525,341,7244,N,41.6666666666667,0,196
7158,26,1.181511,284,6280,N,43.3333333333333,0,196
6914,27,1.3063185,314,7158,N,45,0,196
6890,28,1.36872225,329,6914,N,46.6666666666667,0,196
6314,29,1.397844,336,6890,N,48.3333333333333,0,196
7089,30,1.44360675,347,6314,N,50,0,196
6397,31,1.6058565,386,7089,N,51.6666666666667,0,196
7688,32,1.66826025,401,6397,N,53.3333333333333,0,196
8464,33,1.697382,408,7688,N,55,0,196
7998,34,1.7223435,414,8464,N,56.6666666666667,0,196
7720,35,1.813869,436,7998,N,58.3333333333333,0,196
8524,36,1.88459325,453,7720,N,60,0,196
8221,37,2.00940075,483,8524,N,61.6666666666667,0,196
7777,38,2.40046425,577,8221,N,63.3333333333333,0,196
8714,39,2.16749025,521,7777,N,65,0,196
9085,40,2.55855375,615,8714,N,66.6666666666667,0,196
8904,41,1.264716,304,9085,Y,68.3333333333333,1,196
9487,42,1.347921,324,8904,N,70,1,196
9289,43,1.37704275,331,9487,N,71.6666666666667,1,196
9679,44,1.41864525,341,9289,N,73.3333333333333,1,196
9962,45,1.59337575,383,9679,N,75,1,196
10262,46,1.66826025,401,9962,N,76.6666666666667,1,196
10237,47,1.847151,444,10262,N,78.3333333333333,1,196
10828,48,1.94283675,467,10237,N,80,1,196
12001,49,2.11756725,509,10828,N,81.6666666666667,1,196
11135,50,2.33390025,561,12001,N,83.3333333333333,1,196
11780,51,2.29229775,551,11135,N,85,1,196
11081,52,1.3063185,314,11780,Y,86.6666666666667,2,196
11692,53,1.248075,300,11081,N,88.3333333333333,2,196
11398,54,1.28551725,309,11692,N,90,2,196
10816,55,1.47688875,355,11398,N,91.6666666666667,2,196
12834,56,1.39368375,335,10816,N,93.3333333333333,2,196
12660,57,1.52681175,367,12834,N,95,2,196
12682,58,1.530972,368,12660,N,96.6666666666667,2,196
12443,59,1.67658075,403,12682,N,98.3333333333333,2,196
13164,60,1.6391385,394,12443,N,100,2,196
13240,61,1.747305,420,13164,N,101.666666666667,2,196
13642,62,2.2548555,542,13240,N,103.333333333333,2,196
13706,63,2.2049325,530,13642,N,105,2,196
14817,64,2.50031025,601,13706,N,106.666666666667,2,196
14233,65,2.50863075,603,14817,N,108.333333333333,2,196
14431,66,1.16903025,281,14233,Y,110,3,196
14195,67,1.37704275,331,14431,N,111.666666666667,3,196
2697,0,0.865332,208,NA,N,0,0,197
2853,1,0.9734985,234,2697,N,1.66666666666667,0,197
2953,2,0.67812075,163,2853,N,3.33333333333333,0,197
3037,3,0.915255,220,2953,N,5,0,197
2725,4,0.91941525,221,3037,N,6.66666666666667,0,197
3167,5,0.94437675,227,2725,N,8.33333333333333,0,197
2854,6,0.95269725,229,3167,N,10,0,197
2722,7,1.0733445,258,2854,N,11.6666666666667,0,197
4436,8,0.97765875,235,2722,N,13.3333333333333,0,197
4287,9,0.93605625,225,4436,N,15,0,197
4220,10,0.931896,224,4287,N,16.6666666666667,0,197
4039,11,1.00262025,241,4220,N,18.3333333333333,0,197
4490,12,1.07750475,259,4039,N,20,0,197
3814,13,0.99846,240,4490,N,21.6666666666667,0,197
4155,14,1.10246625,265,3814,N,23.3333333333333,0,197
4081,15,1.1565495,278,4155,N,25,0,197
5168,16,1.1565495,278,4081,N,26.6666666666667,0,197
5449,17,1.17735075,283,5168,N,28.3333333333333,0,197
5228,18,1.2231135,294,5449,N,30,0,197
5190,19,1.2563955,302,5228,N,31.6666666666667,0,197
5883,20,1.25223525,301,5190,N,33.3333333333333,0,197
5833,21,1.297998,312,5883,N,35,0,197
5210,22,1.264716,304,5833,N,36.6666666666667,0,197
5579,23,1.41032475,339,5210,N,38.3333333333333,0,197
7244,24,1.26887625,305,5579,N,40,0,197
6280,25,1.41864525,341,7244,N,41.6666666666667,0,197
7158,26,1.181511,284,6280,N,43.3333333333333,0,197
6914,27,1.3063185,314,7158,N,45,0,197
6890,28,1.36872225,329,6914,N,46.6666666666667,0,197
6314,29,1.397844,336,6890,N,48.3333333333333,0,197
7089,30,1.44360675,347,6314,N,50,0,197
6397,31,1.6058565,386,7089,N,51.6666666666667,0,197
7688,32,1.66826025,401,6397,N,53.3333333333333,0,197
8464,33,1.697382,408,7688,N,55,0,197
7998,34,1.7223435,414,8464,N,56.6666666666667,0,197
7720,35,1.813869,436,7998,N,58.3333333333333,0,197
8524,36,1.88459325,453,7720,N,60,0,197
8221,37,2.00940075,483,8524,N,61.6666666666667,0,197
7777,38,2.40046425,577,8221,N,63.3333333333333,0,197
8714,39,2.16749025,521,7777,N,65,0,197
9085,40,2.55855375,615,8714,N,66.6666666666667,0,197
8904,41,1.264716,304,9085,Y,68.3333333333333,1,197
9487,42,1.347921,324,8904,N,70,1,197
9289,43,1.37704275,331,9487,N,71.6666666666667,1,197
9679,44,1.41864525,341,9289,N,73.3333333333333,1,197
9962,45,1.59337575,383,9679,N,75,1,197
10262,46,1.66826025,401,9962,N,76.6666666666667,1,197
10237,47,1.847151,444,10262,N,78.3333333333333,1,197
10828,48,1.94283675,467,10237,N,80,1,197
12001,49,2.11756725,509,10828,N,81.6666666666667,1,197
11135,50,2.33390025,561,12001,N,83.3333333333333,1,197
11780,51,2.29229775,551,11135,N,85,1,197
11080,52,1.06918425,257,11780,Y,86.6666666666667,2,197
11690,53,1.098306,264,11080,N,88.3333333333333,2,197
11396,54,1.364562,328,11690,N,90,2,197
10815,55,1.43528625,345,11396,N,91.6666666666667,2,197
12833,56,1.264716,304,10815,N,93.3333333333333,2,197
12658,57,1.23559425,297,12833,N,95,2,197
12680,58,1.148229,276,12658,N,96.6666666666667,2,197
12442,59,1.5725745,378,12680,N,98.3333333333333,2,197
13162,60,1.1898315,286,12442,N,100,2,197
13237,61,1.59337575,383,13162,N,101.666666666667,2,197
13641,62,1.8055485,434,13237,N,103.333333333333,2,197
13705,63,2.11756725,509,13641,N,105,2,197
14809,64,1.9386765,466,13705,N,106.666666666667,2,197
14226,65,1.980279,476,14809,N,108.333333333333,2,197
14425,66,2.02604175,487,14226,N,110,2,197
14191,67,1.1399085,274,14425,Y,111.666666666667,3,197
13942,68,1.14406875,275,14191,N,113.333333333333,3,197
14050,69,1.214793,292,13942,N,115,3,197
15307,70,1.214793,292,14050,N,116.666666666667,3,197
2192,0,0.9734985,234,NA,N,0,0,198
2157,1,1.03590225,249,2192,N,1.66666666666667,0,198
2259,2,1.0567035,254,2157,N,3.33333333333333,0,198
2239,3,1.19399175,287,2259,N,5,0,198
2213,4,1.22727375,295,2239,N,6.66666666666667,0,198
2197,5,1.22727375,295,2213,N,8.33333333333333,0,198
2255,6,1.26055575,303,2197,N,10,0,198
2286,7,1.3895235,334,2255,N,11.6666666666667,0,198
3428,8,1.35208125,325,2286,N,13.3333333333333,0,198
3864,9,1.44360675,347,3428,N,15,0,198
3311,10,1.3895235,334,3864,N,16.6666666666667,0,198
3583,11,1.4061645,338,3311,N,18.3333333333333,0,198
3440,12,1.44360675,347,3583,N,20,0,198
3522,13,1.48520925,357,3440,N,21.6666666666667,0,198
3712,14,1.4560875,350,3522,N,23.3333333333333,0,198
3605,15,1.5226515,366,3712,N,25,0,198
4744,16,1.5559335,374,3605,N,26.6666666666667,0,198
5023,17,1.60169625,385,4744,N,28.3333333333333,0,198
4784,18,1.5226515,366,5023,N,30,0,198
4706,19,1.6557795,398,4784,N,31.6666666666667,0,198
5661,20,1.63497825,393,4706,N,33.3333333333333,0,198
5630,21,1.597536,384,5661,N,35,0,198
4766,22,1.80138825,433,5630,N,36.6666666666667,0,198
4733,23,1.83467025,441,4766,N,38.3333333333333,0,198
6681,24,1.8055485,434,4733,N,40,0,198
6030,25,2.14252875,515,6681,N,41.6666666666667,0,198
6583,26,1.84299075,443,6030,N,43.3333333333333,0,198
6576,27,0.9734985,234,6583,Y,45,1,198
6633,28,0.93605625,225,6576,N,46.6666666666667,1,198
6049,29,1.0234215,246,6633,N,48.3333333333333,1,198
6653,30,0.98597925,237,6049,N,50,1,198
6080,31,1.19399175,287,6653,N,51.6666666666667,1,198
7425,32,1.0733445,258,6080,N,53.3333333333333,1,198
8220,33,1.048383,252,7425,N,55,1,198
7893,34,1.281357,308,8220,N,56.6666666666667,1,198
7546,35,1.081665,260,7893,N,58.3333333333333,1,198
8285,36,1.31879925,317,7546,N,60,1,198
8072,37,1.4228055,342,8285,N,61.6666666666667,1,198
7474,38,1.414485,340,8072,N,63.3333333333333,1,198
8613,39,1.381203,332,7474,N,65,1,198
8993,40,1.50185025,361,8613,N,66.6666666666667,1,198
8807,41,1.5559335,374,8993,N,68.3333333333333,1,198
9386,42,1.69322175,407,8807,N,70,1,198
9179,43,1.714023,412,9386,N,71.6666666666667,1,198
9581,44,1.71818325,413,9179,N,73.3333333333333,1,198
9780,45,1.80970875,435,9581,N,75,1,198
9994,46,1.93451625,465,9780,N,76.6666666666667,1,198
9981,47,1.60169625,385,9994,N,78.3333333333333,1,198
10455,48,1.863792,448,9981,N,80,1,198
11890,49,1.92619575,463,10455,N,81.6666666666667,1,198
2192,0,0.9734985,234,NA,N,0,0,199
2157,1,1.03590225,249,2192,N,1.66666666666667,0,199
2259,2,1.0567035,254,2157,N,3.33333333333333,0,199
2239,3,1.19399175,287,2259,N,5,0,199
2213,4,1.22727375,295,2239,N,6.66666666666667,0,199
2197,5,1.22727375,295,2213,N,8.33333333333333,0,199
2255,6,1.26055575,303,2197,N,10,0,199
2286,7,1.3895235,334,2255,N,11.6666666666667,0,199
3428,8,1.35208125,325,2286,N,13.3333333333333,0,199
3864,9,1.44360675,347,3428,N,15,0,199
3311,10,1.3895235,334,3864,N,16.6666666666667,0,199
3583,11,1.4061645,338,3311,N,18.3333333333333,0,199
3440,12,1.44360675,347,3583,N,20,0,199
3522,13,1.48520925,357,3440,N,21.6666666666667,0,199
3712,14,1.4560875,350,3522,N,23.3333333333333,0,199
3605,15,1.5226515,366,3712,N,25,0,199
4744,16,1.5559335,374,3605,N,26.6666666666667,0,199
5023,17,1.60169625,385,4744,N,28.3333333333333,0,199
4784,18,1.5226515,366,5023,N,30,0,199
4706,19,1.6557795,398,4784,N,31.6666666666667,0,199
5661,20,1.63497825,393,4706,N,33.3333333333333,0,199
5630,21,1.597536,384,5661,N,35,0,199
4766,22,1.80138825,433,5630,N,36.6666666666667,0,199
4733,23,1.83467025,441,4766,N,38.3333333333333,0,199
6681,24,1.8055485,434,4733,N,40,0,199
6030,25,2.14252875,515,6681,N,41.6666666666667,0,199
6583,26,1.84299075,443,6030,N,43.3333333333333,0,199
6577,27,1.07750475,259,6583,Y,45,1,199
6634,28,1.015101,244,6577,N,46.6666666666667,1,199
6051,29,1.16070975,279,6634,N,48.3333333333333,1,199
6656,30,1.2231135,294,6051,N,50,1,199
6084,31,1.16903025,281,6656,N,51.6666666666667,1,199
7426,32,1.21895325,293,6084,N,53.3333333333333,1,199
8223,33,1.3396005,322,7426,N,55,1,199
7894,34,1.33544025,321,8223,N,56.6666666666667,1,199
7547,35,1.4228055,342,7894,N,58.3333333333333,1,199
8288,36,1.481049,356,7547,N,60,1,199
8073,37,1.4394465,346,8288,N,61.6666666666667,1,199
7475,38,1.75146525,421,8073,N,63.3333333333333,1,199
8614,39,1.73482425,417,7475,N,65,1,199
8994,40,1.87627275,451,8614,N,66.6666666666667,1,199
8808,41,2.02604175,487,8994,N,68.3333333333333,1,199
9387,42,2.0218815,486,8808,N,70,1,199
9180,43,2.0884455,502,9387,N,71.6666666666667,1,199
9582,44,2.146689,516,9180,N,73.3333333333333,1,199
9782,45,1.12742775,271,9582,Y,75,2,199
10000,46,1.1399085,274,9782,N,76.6666666666667,2,199
9984,47,1.131588,272,10000,N,78.3333333333333,2,199
10457,48,1.26887625,305,9984,N,80,2,199
2200,0,1.11078675,267,NA,N,0,0,200
2165,1,1.11078675,267,2200,N,1.66666666666667,0,200
2262,2,1.15238925,277,2165,N,3.33333333333333,0,200
2260,3,1.198152,288,2262,N,5,0,200
2218,4,1.19399175,287,2260,N,6.66666666666667,0,200
2205,5,1.347921,324,2218,N,8.33333333333333,0,200
2256,6,1.364562,328,2205,N,10,0,200
2291,7,1.42696575,343,2256,N,11.6666666666667,0,200
3432,8,1.381203,332,2291,N,13.3333333333333,0,200
3869,9,1.4727285,354,3432,N,15,0,200
3312,10,1.5559335,374,3869,N,16.6666666666667,0,200
3585,11,1.5060105,362,3312,N,18.3333333333333,0,200
3445,12,1.530972,368,3585,N,20,0,200
3526,13,1.5725745,378,3445,N,21.6666666666667,0,200
3716,14,1.65161925,397,3526,N,23.3333333333333,0,200
3608,15,1.61833725,389,3716,N,25,0,200
4752,16,1.60169625,385,3608,N,26.6666666666667,0,200
5027,17,1.730664,416,4752,N,28.3333333333333,0,200
4790,18,1.9220355,462,5027,N,30,0,200
4719,19,1.9553175,470,4790,N,31.6666666666667,0,200
5664,20,1.963638,472,4719,N,33.3333333333333,0,200
5636,21,1.9386765,466,5664,N,35,0,200
4771,22,2.10092625,505,5636,N,36.6666666666667,0,200
4740,23,2.396304,576,4771,N,38.3333333333333,0,200
6685,24,2.45038725,589,4740,N,40,0,200
6036,25,2.81648925,677,6685,N,41.6666666666667,0,200
6590,26,2.82897,680,6036,N,43.3333333333333,0,200
6849,27,2.6209575,630,6590,N,45,0,200
6812,28,1.43528625,345,6849,Y,46.6666666666667,1,200
6231,29,1.36040175,327,6812,N,48.3333333333333,1,200
6989,30,1.514331,364,6231,N,50,1,200
6313,31,1.49769,360,6989,N,51.6666666666667,1,200
7614,32,1.68490125,405,6313,N,53.3333333333333,1,200
7963,34,1.4394465,346,7614,N,56.6666666666667,1,200
7625,35,1.4893695,358,7963,N,58.3333333333333,1,200
8450,36,1.66826025,401,7625,N,60,1,200
8144,37,1.70154225,409,8450,N,61.6666666666667,1,200
8677,39,1.763946,424,8144,N,65,1,200
9051,40,1.8055485,434,8677,N,66.6666666666667,1,200
8870,41,1.897074,456,9051,N,68.3333333333333,1,200
9450,42,1.930356,464,8870,N,70,1,200
9250,43,2.08428525,501,9450,N,71.6666666666667,1,200
9647,44,2.2714965,546,9250,N,73.3333333333333,1,200
9859,45,2.562714,616,9647,N,75,1,200
10188,46,2.78320725,669,9859,N,76.6666666666667,1,200
10159,47,2.66256,640,10188,N,78.3333333333333,1,200
10528,48,2.645919,636,10159,N,80,1,200
11958,49,2.695842,648,10528,N,81.6666666666667,1,200
10968,50,2.30061825,553,11958,N,83.3333333333333,1,200
11678,51,2.679201,644,10968,N,85,1,200
11022,52,2.529432,608,11678,N,86.6666666666667,1,200
11584,53,2.38382325,573,11022,N,88.3333333333333,1,200
11342,54,2.3713425,570,11584,N,90,1,200
10679,55,1.148229,276,11342,Y,91.6666666666667,2,200
12876,58,1.264716,304,10679,N,96.6666666666667,2,200
2200,0,1.11078675,267,NA,N,0,0,201
2165,1,1.11078675,267,2200,N,1.66666666666667,0,201
2262,2,1.15238925,277,2165,N,3.33333333333333,0,201
2260,3,1.198152,288,2262,N,5,0,201
2218,4,1.19399175,287,2260,N,6.66666666666667,0,201
2205,5,1.347921,324,2218,N,8.33333333333333,0,201
2256,6,1.364562,328,2205,N,10,0,201
2291,7,1.42696575,343,2256,N,11.6666666666667,0,201
3432,8,1.381203,332,2291,N,13.3333333333333,0,201
3869,9,1.4727285,354,3432,N,15,0,201
3312,10,1.5559335,374,3869,N,16.6666666666667,0,201
3585,11,1.5060105,362,3312,N,18.3333333333333,0,201
3445,12,1.530972,368,3585,N,20,0,201
3526,13,1.5725745,378,3445,N,21.6666666666667,0,201
3716,14,1.65161925,397,3526,N,23.3333333333333,0,201
3608,15,1.61833725,389,3716,N,25,0,201
4752,16,1.60169625,385,3608,N,26.6666666666667,0,201
5027,17,1.730664,416,4752,N,28.3333333333333,0,201
4790,18,1.9220355,462,5027,N,30,0,201
4719,19,1.9553175,470,4790,N,31.6666666666667,0,201
5664,20,1.963638,472,4719,N,33.3333333333333,0,201
5636,21,1.9386765,466,5664,N,35,0,201
4771,22,2.10092625,505,5636,N,36.6666666666667,0,201
4740,23,2.396304,576,4771,N,38.3333333333333,0,201
6685,24,2.45038725,589,4740,N,40,0,201
6036,25,2.81648925,677,6685,N,41.6666666666667,0,201
6590,26,2.82897,680,6036,N,43.3333333333333,0,201
6849,27,2.6209575,630,6590,N,45,0,201
6809,28,1.148229,276,6849,Y,46.6666666666667,1,201
6228,29,1.20231225,289,6809,N,48.3333333333333,1,201
6985,30,1.2064725,290,6228,N,50,1,201
6310,31,1.44360675,347,6985,N,51.6666666666667,1,201
7612,32,1.41864525,341,6310,N,53.3333333333333,1,201
7923,34,1.564254,376,7612,N,56.6666666666667,1,201
7575,35,1.597536,384,7923,N,58.3333333333333,1,201
8348,36,1.714023,412,7575,N,60,1,201
8093,37,1.8887535,454,8348,N,61.6666666666667,1,201
8637,39,2.22573375,535,8093,N,65,1,201
9016,40,2.17581075,523,8637,N,66.6666666666667,1,201
8832,41,1.031742,248,9016,Y,68.3333333333333,2,201
9411,42,1.11078675,267,8832,N,70,2,201
9206,43,1.20231225,289,9411,N,71.6666666666667,2,201
9605,44,1.231434,296,9206,N,73.3333333333333,2,201
9812,45,1.37704275,331,9605,N,75,2,201
10085,46,1.2397545,298,9812,N,76.6666666666667,2,201
10068,47,1.30215825,313,10085,N,78.3333333333333,2,201
10490,48,1.49352975,359,10068,N,80,2,201
11919,49,1.5892155,382,10490,N,81.6666666666667,2,201
10794,50,1.747305,420,11919,N,83.3333333333333,2,201
11597,51,1.82634975,439,10794,N,85,2,201
10926,52,1.70986275,411,11597,N,86.6666666666667,2,201
11473,53,0.82788975,199,10926,Y,88.3333333333333,3,201
11269,54,0.965178,232,11473,N,90,3,201
10641,55,0.92773575,223,11269,N,91.6666666666667,3,201
12627,56,1.32711975,319,10641,N,93.3333333333333,3,201
12289,57,1.35208125,325,12627,N,95,3,201
12356,58,1.3895235,334,12289,N,96.6666666666667,3,201
12247,59,1.43528625,345,12356,N,98.3333333333333,3,201
2720,0,1.16070975,279,NA,N,0,0,202
2860,1,1.30215825,313,2720,N,1.66666666666667,0,202
2967,2,1.297998,312,2860,N,3.33333333333333,0,202
3050,3,1.33544025,321,2967,N,5,0,202
2733,4,1.40200425,337,3050,N,6.66666666666667,0,202
3173,5,1.4061645,338,2733,N,8.33333333333333,0,202
2861,6,1.4228055,342,3173,N,10,0,202
2729,7,1.36872225,329,2861,N,11.6666666666667,0,202
4440,8,1.38536325,333,2729,N,13.3333333333333,0,202
4295,9,1.46856825,353,4440,N,15,0,202
4229,10,1.49769,360,4295,N,16.6666666666667,0,202
4048,11,1.51017075,363,4229,N,18.3333333333333,0,202
4493,12,1.564254,376,4048,N,20,0,202
3824,13,1.564254,376,4493,N,21.6666666666667,0,202
4164,14,1.64329875,395,3824,N,23.3333333333333,0,202
4091,15,1.77642675,427,4164,N,25,0,202
5179,16,1.8388305,442,4091,N,26.6666666666667,0,202
5452,17,1.680741,404,5179,N,28.3333333333333,0,202
5242,18,1.880433,452,5452,N,30,0,202
5208,19,1.99692,480,5242,N,31.6666666666667,0,202
5889,20,1.980279,476,5208,N,33.3333333333333,0,202
5840,21,2.19245175,527,5889,N,35,0,202
5225,22,2.346381,564,5840,N,36.6666666666667,0,202
5584,23,2.363022,568,5225,N,38.3333333333333,0,202
7248,24,1.231434,296,5584,Y,40,1,202
6291,25,1.17735075,283,7248,N,41.6666666666667,1,202
2720,0,1.16070975,279,NA,N,0,0,203
2860,1,1.30215825,313,2720,N,1.66666666666667,0,203
2967,2,1.297998,312,2860,N,3.33333333333333,0,203
3050,3,1.33544025,321,2967,N,5,0,203
2733,4,1.40200425,337,3050,N,6.66666666666667,0,203
3173,5,1.4061645,338,2733,N,8.33333333333333,0,203
2861,6,1.4228055,342,3173,N,10,0,203
2729,7,1.36872225,329,2861,N,11.6666666666667,0,203
4440,8,1.38536325,333,2729,N,13.3333333333333,0,203
4295,9,1.46856825,353,4440,N,15,0,203
4229,10,1.49769,360,4295,N,16.6666666666667,0,203
4048,11,1.51017075,363,4229,N,18.3333333333333,0,203
4493,12,1.564254,376,4048,N,20,0,203
3824,13,1.564254,376,4493,N,21.6666666666667,0,203
4164,14,1.64329875,395,3824,N,23.3333333333333,0,203
4091,15,1.77642675,427,4164,N,25,0,203
5179,16,1.8388305,442,4091,N,26.6666666666667,0,203
5452,17,1.680741,404,5179,N,28.3333333333333,0,203
5242,18,1.880433,452,5452,N,30,0,203
5208,19,1.99692,480,5242,N,31.6666666666667,0,203
5889,20,1.980279,476,5208,N,33.3333333333333,0,203
5840,21,2.19245175,527,5889,N,35,0,203
5225,22,2.346381,564,5840,N,36.6666666666667,0,203
5584,23,2.363022,568,5225,N,38.3333333333333,0,203
7247,24,1.16487,280,5584,Y,40,1,203
6288,25,1.18567125,285,7247,N,41.6666666666667,1,203
7167,26,1.36872225,329,6288,N,43.3333333333333,1,203
6920,27,1.3396005,322,7167,N,45,1,203
6896,28,1.45192725,349,6920,N,46.6666666666667,1,203
6323,29,1.42696575,343,6896,N,48.3333333333333,1,203
7095,30,1.47688875,355,6323,N,50,1,203
6399,31,1.397844,336,7095,N,51.6666666666667,1,203
7693,32,1.5892155,382,6399,N,53.3333333333333,1,203
8466,33,1.6557795,398,7693,N,55,1,203
7999,34,1.73482425,417,8466,N,56.6666666666667,1,203
7723,35,1.797228,432,7999,N,58.3333333333333,1,203
8527,36,1.85131125,445,7723,N,60,1,203
8224,37,1.963638,472,8527,N,61.6666666666667,1,203
7786,38,1.91787525,461,8224,N,63.3333333333333,1,203
8716,39,2.15084925,517,7786,N,65,1,203
9087,40,2.24237475,539,8716,N,66.6666666666667,1,203
8908,41,2.2881375,550,9087,N,68.3333333333333,1,203
9491,42,1.930356,464,8908,N,70,1,203
9295,43,1.24391475,299,9491,Y,71.6666666666667,2,203
9684,44,1.181511,284,9295,N,73.3333333333333,2,203
9976,45,1.25223525,301,9684,N,75,2,203
10270,46,1.2730365,306,9976,N,76.6666666666667,2,203
10243,47,1.264716,304,10270,N,78.3333333333333,2,203
10837,48,1.35208125,325,10243,N,80,2,203
12005,49,1.74314475,419,10837,N,81.6666666666667,2,203
11139,50,1.69322175,407,12005,N,83.3333333333333,2,203
11782,51,1.6890615,406,11139,N,85,2,203
11083,52,1.87627275,451,11782,N,86.6666666666667,2,203
11696,53,1.95947775,471,11083,N,88.3333333333333,2,203
11403,54,2.14252875,515,11696,N,90,2,203
10820,55,2.00108025,481,11403,N,91.6666666666667,2,203
12837,56,0.91941525,221,10820,Y,93.3333333333333,3,203
12685,58,1.364562,328,12837,N,96.6666666666667,3,203
12446,59,1.26055575,303,12685,N,98.3333333333333,3,203
13243,61,1.38536325,333,12446,N,101.666666666667,3,203
13645,62,1.32711975,319,13243,N,103.333333333333,3,203
13709,63,1.2730365,306,13645,N,105,3,203
14828,64,1.48520925,357,13709,N,106.666666666667,3,203
14242,65,1.50185025,361,14828,N,108.333333333333,3,203
14448,66,1.59337575,383,14242,N,110,3,203
14205,67,1.780587,428,14448,N,111.666666666667,3,203
13955,68,1.697382,408,14205,N,113.333333333333,3,203
14064,69,2.030202,488,13955,N,115,3,203
15772,70,NA,-1,14064,Y,116.666666666667,4,203
2210,0,0.915255,220,NA,N,0,0,204
2172,1,1.01926125,245,2210,N,1.66666666666667,0,204
2268,2,0.981819,236,2172,N,3.33333333333333,0,204
2264,3,0.99846,240,2268,N,5,0,204
2223,4,1.081665,260,2264,N,6.66666666666667,0,204
2217,5,1.11078675,267,2223,N,8.33333333333333,0,204
2261,6,1.1898315,286,2217,N,10,0,204
2297,7,1.181511,284,2261,N,11.6666666666667,0,204
3435,8,1.24391475,299,2297,N,13.3333333333333,0,204
3874,9,1.23559425,297,3435,N,15,0,204
3313,10,1.1731905,282,3874,N,16.6666666666667,0,204
3587,11,1.27719675,307,3313,N,18.3333333333333,0,204
3449,12,1.297998,312,3587,N,20,0,204
3530,13,1.297998,312,3449,N,21.6666666666667,0,204
3724,14,1.281357,308,3530,N,23.3333333333333,0,204
3611,15,1.29383775,311,3724,N,25,0,204
4755,16,1.36872225,329,3611,N,26.6666666666667,0,204
5031,17,1.38536325,333,4755,N,28.3333333333333,0,204
4794,18,1.39368375,335,5031,N,30,0,204
4723,19,1.44360675,347,4794,N,31.6666666666667,0,204
5668,20,1.5226515,366,4723,N,33.3333333333333,0,204
5639,21,1.49769,360,5668,N,35,0,204
4775,22,1.50185025,361,5639,N,36.6666666666667,0,204
4747,23,1.55177325,373,4775,N,38.3333333333333,0,204
6687,24,1.66826025,401,4747,N,40,0,204
6039,25,1.6641,400,6687,N,41.6666666666667,0,204
6596,26,1.7223435,414,6039,N,43.3333333333333,0,204
6579,27,1.73482425,417,6596,N,45,0,204
6639,28,1.87627275,451,6579,N,46.6666666666667,0,204
6056,29,1.78474725,429,6639,N,48.3333333333333,0,204
6743,30,1.863792,448,6056,N,50,0,204
6097,31,1.963638,472,6743,N,51.6666666666667,0,204
7429,32,1.92619575,463,6097,N,53.3333333333333,0,204
8232,33,1.9053945,458,7429,N,55,0,204
7898,34,1.99275975,479,8232,N,56.6666666666667,0,204
7551,35,1.96779825,473,7898,N,58.3333333333333,0,204
8294,36,2.030202,488,7551,N,60,0,204
8075,37,2.2382145,538,8294,N,61.6666666666667,0,204
7477,38,2.22573375,535,8075,N,63.3333333333333,0,204
8616,39,2.21741325,533,7477,N,65,0,204
8996,40,2.45870775,591,8616,N,66.6666666666667,0,204
8810,41,2.7707265,666,8996,N,68.3333333333333,0,204
9389,42,2.70000225,649,8810,N,70,0,204
9182,43,2.7041625,650,9389,N,71.6666666666667,0,204
9584,44,3.04946325,733,9182,N,73.3333333333333,0,204
9784,45,1.42696575,343,9584,Y,75,1,204
10007,46,1.61001675,387,9784,N,76.6666666666667,1,204
9992,47,1.6890615,406,10007,N,78.3333333333333,1,204
10460,48,1.87627275,451,9992,N,80,1,204
11893,49,1.8221895,438,10460,N,81.6666666666667,1,204
10767,50,1.91787525,461,11893,N,83.3333333333333,1,204
11568,51,1.89291375,455,10767,N,85,1,204
10394,52,2.04268275,491,11568,N,86.6666666666667,1,204
11389,53,1.9885995,478,10394,N,88.3333333333333,1,204
11233,54,2.063484,496,11389,N,90,1,204
10607,55,2.1050865,506,11233,N,91.6666666666667,1,204
12412,56,2.30061825,553,10607,N,93.3333333333333,1,204
12229,57,2.5377525,610,12412,N,95,1,204
12302,58,2.28397725,549,12229,N,96.6666666666667,1,204
12181,59,1.264716,304,12302,Y,98.3333333333333,2,204
12986,60,1.0567035,254,12181,N,100,2,204
13034,61,1.5392925,370,12986,N,101.666666666667,2,204
13420,62,1.8055485,434,13034,N,103.333333333333,2,204
13406,63,1.9220355,462,13420,N,105,2,204
15179,64,2.130048,512,13406,N,106.666666666667,2,204
14536,65,2.02604175,487,15179,N,108.333333333333,2,204
14767,66,2.2382145,538,14536,N,110,2,204
14543,67,2.6708805,642,14767,N,111.666666666667,2,204
14368,68,2.67504075,643,14543,N,113.333333333333,2,204
14436,69,1.32711975,319,14368,Y,115,3,204
15426,70,1.47688875,355,14436,N,116.666666666667,3,204
2724,0,0.931896,224,NA,N,0,0,205
2865,1,1.065024,256,2724,N,1.66666666666667,0,205
2974,2,1.065024,256,2865,N,3.33333333333333,0,205
3056,3,1.13574825,273,2974,N,5,0,205
2739,4,1.1066265,266,3056,N,6.66666666666667,0,205
3179,5,1.114947,268,2739,N,8.33333333333333,0,205
2866,6,1.21063275,291,3179,N,10,0,205
2732,7,1.27719675,307,2866,N,11.6666666666667,0,205
4442,8,1.2896775,310,2732,N,13.3333333333333,0,205
4299,9,1.297998,312,4442,N,15,0,205
4234,10,1.35208125,325,4299,N,16.6666666666667,0,205
4054,11,1.3562415,326,4234,N,18.3333333333333,0,205
4495,12,1.347921,324,4054,N,20,0,205
3829,13,1.4228055,342,4495,N,21.6666666666667,0,205
4167,14,1.42696575,343,3829,N,23.3333333333333,0,205
4097,15,1.431126,344,4167,N,25,0,205
5183,16,1.51849125,365,4097,N,26.6666666666667,0,205
5454,17,1.5559335,374,5183,N,28.3333333333333,0,205
5247,18,1.597536,384,5454,N,30,0,205
5217,19,1.59337575,383,5247,N,31.6666666666667,0,205
5891,20,1.597536,384,5217,N,33.3333333333333,0,205
5842,21,1.57673475,379,5891,N,35,0,205
5230,22,1.61833725,389,5842,N,36.6666666666667,0,205
5586,23,1.6224975,390,5230,N,38.3333333333333,0,205
7249,24,1.62665775,391,5586,N,40,0,205
6293,25,1.65161925,397,7249,N,41.6666666666667,0,205
7171,26,1.680741,404,6293,N,43.3333333333333,0,205
6923,27,1.61833725,389,7171,N,45,0,205
6901,28,1.647459,396,6923,N,46.6666666666667,0,205
6327,29,1.70154225,409,6901,N,48.3333333333333,0,205
7098,30,1.68490125,405,6327,N,50,0,205
6400,31,1.697382,408,7098,N,51.6666666666667,0,205
7696,32,1.697382,408,6400,N,53.3333333333333,0,205
8468,33,1.70986275,411,7696,N,55,0,205
8000,34,1.73482425,417,8468,N,56.6666666666667,0,205
7725,35,1.714023,412,8000,N,58.3333333333333,0,205
8528,36,1.7556255,422,7725,N,60,0,205
8227,37,1.7389845,418,8528,N,61.6666666666667,0,205
7791,38,1.79306775,431,8227,N,63.3333333333333,0,205
8717,39,1.797228,432,7791,N,65,0,205
9088,40,1.78474725,429,8717,N,66.6666666666667,0,205
8909,41,1.797228,432,9088,N,68.3333333333333,0,205
9492,42,1.780587,428,8909,N,70,0,205
9296,43,1.797228,432,9492,N,71.6666666666667,0,205
9685,44,1.8388305,442,9296,N,73.3333333333333,0,205
9985,45,1.80970875,435,9685,N,75,0,205
10272,46,1.82634975,439,9985,N,76.6666666666667,0,205
10245,47,1.897074,456,10272,N,78.3333333333333,0,205
10840,48,1.930356,464,10245,N,80,0,205
12007,49,1.9553175,470,10840,N,81.6666666666667,0,205
11143,50,1.97611875,475,12007,N,83.3333333333333,0,205
11785,51,1.85131125,445,11143,N,85,0,205
11086,52,1.980279,476,11785,N,86.6666666666667,0,205
11702,53,2.02604175,487,11086,N,88.3333333333333,0,205
11408,54,2.063484,496,11702,N,90,0,205
10825,55,2.0718045,498,11408,N,91.6666666666667,0,205
12845,56,2.17581075,523,10825,N,93.3333333333333,0,205
12672,57,2.0718045,498,12845,N,95,0,205
12702,58,2.26733625,545,12672,N,96.6666666666667,0,205
12453,59,2.25901575,543,12702,N,98.3333333333333,0,205
13178,60,2.04268275,491,12453,N,100,0,205
13256,61,2.17581075,523,13178,N,101.666666666667,0,205
13652,62,2.612637,628,13256,N,103.333333333333,0,205
13716,63,2.479509,596,13652,N,105,0,205
14867,64,2.4379065,586,13716,N,106.666666666667,0,205
14272,65,3.00786075,723,14867,N,108.333333333333,0,205
14479,66,1.4560875,350,14272,Y,110,1,205
14232,67,1.564254,376,14479,N,111.666666666667,1,205
13986,68,1.55177325,373,14232,N,113.333333333333,1,205
14103,69,1.6058565,386,13986,N,115,1,205
15324,70,1.7889075,430,14103,N,116.666666666667,1,205
2983,0,0.815409,196,NA,N,0,0,206
3021,1,0.965178,232,2983,N,1.66666666666667,0,206
3138,2,1.098306,264,3021,N,3.33333333333333,0,206
3211,3,1.14406875,275,3138,N,5,0,206
3067,4,1.098306,264,3211,N,6.66666666666667,0,206
3258,5,1.264716,304,3067,N,8.33333333333333,0,206
3068,6,1.23559425,297,3258,N,10,0,206
2844,7,1.3728825,330,3068,N,11.6666666666667,0,206
4549,8,1.25223525,301,2844,N,13.3333333333333,0,206
4473,9,1.2896775,310,4549,N,15,0,206
4341,10,1.464408,352,4473,N,16.6666666666667,0,206
4187,11,1.51849125,365,4341,N,18.3333333333333,0,206
4536,12,1.564254,376,4187,N,20,0,206
4296,13,1.580895,380,4536,N,21.6666666666667,0,206
4293,14,1.61001675,387,4296,N,23.3333333333333,0,206
4200,15,1.65161925,397,4293,N,25,0,206
5303,16,1.7389845,418,4200,N,26.6666666666667,0,206
5667,17,1.863792,448,5303,N,28.3333333333333,0,206
5366,18,1.7389845,418,5667,N,30,0,206
5349,19,1.85131125,445,5366,N,31.6666666666667,0,206
5933,20,1.80970875,435,5349,N,33.3333333333333,0,206
5892,21,1.83051,440,5933,N,35,0,206
5353,22,1.847151,444,5892,N,36.6666666666667,0,206
5617,23,1.813869,436,5353,N,38.3333333333333,0,206
7268,24,1.8721125,450,5617,N,40,0,206
6351,25,1.9885995,478,7268,N,41.6666666666667,0,206
7311,26,1.97611875,475,6351,N,43.3333333333333,0,206
6984,27,1.946997,468,7311,N,45,0,206
6951,28,1.9719585,474,6984,N,46.6666666666667,0,206
6389,29,2.16749025,521,6951,N,48.3333333333333,0,206
7134,30,2.36718225,569,6389,N,50,0,206
6446,31,2.34222075,563,7134,N,51.6666666666667,0,206
7740,32,2.25901575,543,6446,N,53.3333333333333,0,206
8501,33,2.47534875,595,7740,N,55,0,206
8013,34,2.562714,616,8501,N,56.6666666666667,0,206
7763,35,2.729124,656,8013,N,58.3333333333333,0,206
8551,36,3.05778375,735,7763,N,60,0,206
8274,37,3.03282225,729,8551,N,61.6666666666667,0,206
7834,38,1.397844,336,8274,Y,63.3333333333333,1,206
8739,39,1.36040175,327,7834,N,65,1,206
9109,40,1.464408,352,8739,N,66.6666666666667,1,206
8934,41,1.5892155,382,9109,N,68.3333333333333,1,206
9516,42,1.530972,368,8934,N,70,1,206
9319,43,1.72650375,415,9516,N,71.6666666666667,1,206
9706,44,1.8221895,438,9319,N,73.3333333333333,1,206
10057,45,1.87627275,451,9706,N,75,1,206
10306,46,1.930356,464,10057,N,76.6666666666667,1,206
10276,47,1.87627275,451,10306,N,78.3333333333333,1,206
10888,48,2.10924675,507,10276,N,80,1,206
12025,49,2.1217275,510,10888,N,81.6666666666667,1,206
11163,50,2.2714965,546,12025,N,83.3333333333333,1,206
11810,51,2.50863075,603,11163,N,85,1,206
11106,52,2.712483,652,11810,N,86.6666666666667,1,206
11742,53,2.58351525,621,11106,N,88.3333333333333,1,206
11472,54,1.2896775,310,11742,Y,90,2,206
10886,55,1.364562,328,11472,N,91.6666666666667,2,206
12893,56,1.45192725,349,10886,N,93.3333333333333,2,206
12747,57,1.381203,332,12893,N,95,2,206
12835,58,1.6224975,390,12747,N,96.6666666666667,2,206
12490,59,1.71818325,413,12835,N,98.3333333333333,2,206
13287,61,1.980279,476,12490,N,101.666666666667,2,206
13675,62,2.09260575,503,13287,N,103.333333333333,2,206
13739,63,2.1383685,514,13675,N,105,2,206
14910,64,2.34222075,563,13739,N,106.666666666667,2,206
14309,65,2.429586,584,14910,N,108.333333333333,2,206
14535,66,2.279817,548,14309,N,110,2,206
14299,67,2.58351525,621,14535,N,111.666666666667,2,206
14047,68,1.2397545,298,14299,Y,113.333333333333,3,206
14161,69,1.2231135,294,14047,N,115,3,206
2735,0,0.76132575,183,NA,N,0,0,207
2874,1,0.848691,204,2735,N,1.66666666666667,0,207
2984,2,0.915255,220,2874,N,3.33333333333333,0,207
3071,3,0.97765875,235,2984,N,5,0,207
2750,4,0.8902935,214,3071,N,6.66666666666667,0,207
3186,5,1.02758175,247,2750,N,8.33333333333333,0,207
2886,6,1.0899855,262,3186,N,10,0,207
2738,7,1.08582525,261,2886,N,11.6666666666667,0,207
4447,8,1.031742,248,2738,N,13.3333333333333,0,207
4306,9,0.99846,240,4447,N,15,0,207
4242,10,0.9568575,230,4306,N,16.6666666666667,0,207
4063,11,0.948537,228,4242,N,18.3333333333333,0,207
4497,12,0.95269725,229,4063,N,20,0,207
3838,13,1.081665,260,4497,N,21.6666666666667,0,207
4177,14,1.10246625,265,3838,N,23.3333333333333,0,207
4106,15,1.13574825,273,4177,N,25,0,207
5191,16,1.15238925,277,4106,N,26.6666666666667,0,207
5459,17,1.20231225,289,5191,N,28.3333333333333,0,207
5256,18,1.24391475,299,5459,N,30,0,207
5227,19,1.23559425,297,5256,N,31.6666666666667,0,207
5894,20,1.231434,296,5227,N,33.3333333333333,0,207
5845,21,1.2563955,302,5894,N,35,0,207
5239,22,1.2563955,302,5845,N,36.6666666666667,0,207
5588,23,1.29383775,311,5239,N,38.3333333333333,0,207
7250,24,1.2896775,310,5588,N,40,0,207
6297,25,1.347921,324,7250,N,41.6666666666667,0,207
7174,26,1.30215825,313,6297,N,43.3333333333333,0,207
6926,27,1.314639,316,7174,N,45,0,207
6903,28,1.264716,304,6926,N,46.6666666666667,0,207
6328,29,1.38536325,333,6903,N,48.3333333333333,0,207
7100,30,1.41032475,339,6328,N,50,0,207
6404,31,1.614177,388,7100,N,51.6666666666667,0,207
7699,32,1.73482425,417,6404,N,53.3333333333333,0,207
8470,33,1.897074,456,7699,N,55,0,207
8001,34,1.99692,480,8470,N,56.6666666666667,0,207
7728,35,1.913715,460,8001,N,58.3333333333333,0,207
8531,36,2.1050865,506,7728,N,60,0,207
8231,37,2.46702825,593,8531,N,61.6666666666667,0,207
7794,38,2.629278,632,8231,N,63.3333333333333,0,207
8718,39,1.264716,304,7794,Y,65,1,207
9089,40,1.347921,324,8718,N,66.6666666666667,1,207
8911,41,1.40200425,337,9089,N,68.3333333333333,1,207
9493,42,1.5392925,370,8911,N,70,1,207
9297,43,1.49769,360,9493,N,71.6666666666667,1,207
9686,44,1.647459,396,9297,N,73.3333333333333,1,207
9988,45,1.70154225,409,9686,N,75,1,207
10277,46,1.963638,472,9988,N,76.6666666666667,1,207
10247,47,2.07596475,499,10277,N,78.3333333333333,1,207
10842,48,1.1066265,266,10247,Y,80,2,207
12008,49,1.12742775,271,10842,N,81.6666666666667,2,207
11145,50,1.20231225,289,12008,N,83.3333333333333,2,207
11786,51,1.2397545,298,11145,N,85,2,207
11087,52,1.414485,340,11786,N,86.6666666666667,2,207
11703,53,1.42696575,343,11087,N,88.3333333333333,2,207
11410,54,1.4061645,338,11703,N,90,2,207
10827,55,1.364562,328,11410,N,91.6666666666667,2,207
12847,56,1.447767,348,10827,N,93.3333333333333,2,207
12676,57,1.630818,392,12847,N,95,2,207
12705,58,1.597536,384,12676,N,96.6666666666667,2,207
12454,59,1.80970875,435,12705,N,98.3333333333333,2,207
13180,60,0.96101775,231,12454,Y,100,3,207
13258,61,1.01926125,245,13180,N,101.666666666667,3,207
13653,62,1.1565495,278,13258,N,103.333333333333,3,207
13717,63,1.17735075,283,13653,N,105,3,207
15332,64,1.24391475,299,13717,N,106.666666666667,3,207
14983,65,1.3396005,322,15332,N,108.333333333333,3,207
15151,66,1.32711975,319,14983,N,110,3,207
14939,67,1.297998,312,15151,N,111.666666666667,3,207
14823,68,1.54345275,371,14939,N,113.333333333333,3,207
14921,69,1.6058565,386,14823,N,115,3,207
15500,70,2.0052405,482,14921,N,116.666666666667,3,207
2228,0,1.33544025,321,NA,N,0,0,208
2179,1,1.031742,248,2228,N,1.66666666666667,0,208
2271,2,0.99429975,239,2179,N,3.33333333333333,0,208
2269,3,1.281357,308,2271,N,5,0,208
2248,4,1.25223525,301,2269,N,6.66666666666667,0,208
2221,5,1.431126,344,2248,N,8.33333333333333,0,208
2266,6,1.46856825,353,2221,N,10,0,208
2304,7,1.46856825,353,2266,N,11.6666666666667,0,208
3438,8,1.47688875,355,2304,N,13.3333333333333,0,208
3879,9,1.580895,380,3438,N,15,0,208
3314,10,1.61001675,387,3879,N,16.6666666666667,0,208
3614,11,1.6391385,394,3314,N,18.3333333333333,0,208
3453,12,1.56841425,377,3614,N,20,0,208
3534,13,1.647459,396,3453,N,21.6666666666667,0,208
3733,14,1.66826025,401,3534,N,23.3333333333333,0,208
3644,15,1.9053945,458,3733,N,25,0,208
4761,16,1.84299075,443,3644,N,26.6666666666667,0,208
5035,17,1.8388305,442,4761,N,28.3333333333333,0,208
4800,18,2.0052405,482,5035,N,30,0,208
4730,19,2.29229775,551,4800,N,31.6666666666667,0,208
5672,20,2.00940075,483,4730,N,33.3333333333333,0,208
5641,21,0.965178,232,5672,Y,35,1,208
4780,22,1.0400625,250,5641,N,36.6666666666667,1,208
4749,23,1.0733445,258,4780,N,38.3333333333333,1,208
6690,24,1.1232675,270,4749,N,40,1,208
6042,25,1.19399175,287,6690,N,41.6666666666667,1,208
6597,26,1.2563955,302,6042,N,43.3333333333333,1,208
6581,27,1.31879925,317,6597,N,45,1,208
6640,28,1.48520925,357,6581,N,46.6666666666667,1,208
6058,29,1.75146525,421,6640,N,48.3333333333333,1,208
6747,30,1.847151,444,6058,N,50,1,208
6102,31,1.763946,424,6747,N,51.6666666666667,1,208
7430,32,1.9553175,470,6102,N,53.3333333333333,1,208
8235,33,2.0218815,486,7430,N,55,1,208
7900,34,1.99692,480,8235,N,56.6666666666667,1,208
7557,35,1.081665,260,7900,Y,58.3333333333333,2,208
8303,36,1.0234215,246,7557,N,60,2,208
3010,0,0.86117175,207,NA,N,0,0,209
3040,1,0.782127,188,3010,N,1.66666666666667,0,209
3154,2,0.77796675,187,3040,N,3.33333333333333,0,209
3222,3,0.85285125,205,3154,N,5,0,209
3089,4,0.9901395,238,3222,N,6.66666666666667,0,209
3263,5,0.97765875,235,3089,N,8.33333333333333,0,209
3132,6,0.99846,240,3263,N,10,0,209
2867,7,0.99846,240,3132,N,11.6666666666667,0,209
4559,8,0.9568575,230,2867,N,13.3333333333333,0,209
4492,9,0.99846,240,4559,N,15,0,209
4351,10,1.01926125,245,4492,N,16.6666666666667,0,209
4206,11,1.0067805,242,4351,N,18.3333333333333,0,209
4543,12,1.01926125,245,4206,N,20,0,209
4312,13,1.05254325,253,4543,N,21.6666666666667,0,209
4314,14,1.1066265,266,4312,N,23.3333333333333,0,209
4223,15,1.09414575,263,4314,N,25,0,209
5323,16,1.26055575,303,4223,N,26.6666666666667,0,209
5690,17,1.1232675,270,5323,N,28.3333333333333,0,209
5385,18,1.181511,284,5690,N,30,0,209
5374,19,1.2231135,294,5385,N,31.6666666666667,0,209
5937,20,1.2397545,298,5374,N,33.3333333333333,0,209
5901,21,1.3063185,314,5937,N,35,0,209
5372,22,1.281357,308,5901,N,36.6666666666667,0,209
5625,23,1.28551725,309,5372,N,38.3333333333333,0,209
7275,24,1.4061645,338,5625,N,40,0,209
6364,25,1.4560875,350,7275,N,41.6666666666667,0,209
7316,26,1.46856825,353,6364,N,43.3333333333333,0,209
7048,27,1.46856825,353,7316,N,45,0,209
6999,28,1.4893695,358,7048,N,46.6666666666667,0,209
6411,29,1.41864525,341,6999,N,48.3333333333333,0,209
7146,30,1.41864525,341,6411,N,50,0,209
6467,31,1.514331,364,7146,N,51.6666666666667,0,209
7760,32,1.62665775,391,6467,N,53.3333333333333,0,209
8512,33,1.7556255,422,7760,N,55,0,209
8019,34,1.7057025,410,8512,N,56.6666666666667,0,209
7778,35,1.79306775,431,8019,N,58.3333333333333,0,209
8556,36,1.9220355,462,7778,N,60,0,209
8291,37,1.95115725,469,8556,N,61.6666666666667,0,209
7839,38,2.10924675,507,8291,N,63.3333333333333,0,209
8745,39,2.20909275,531,7839,N,65,0,209
9115,40,2.3380605,562,8745,N,66.6666666666667,0,209
8940,41,2.35886175,567,9115,N,68.3333333333333,0,209
9520,42,2.55023325,613,8940,N,70,0,209
9324,43,1.31879925,317,9520,Y,71.6666666666667,1,209
9710,44,1.31879925,317,9324,N,73.3333333333333,1,209
10066,45,1.20231225,289,9710,N,75,1,209
10313,46,1.4394465,346,10066,N,76.6666666666667,1,209
10286,47,1.60169625,385,10313,N,78.3333333333333,1,209
10904,48,1.5392925,370,10286,N,80,1,209
3010,0,0.86117175,207,NA,N,0,0,210
3040,1,0.782127,188,3010,N,1.66666666666667,0,210
3154,2,0.77796675,187,3040,N,3.33333333333333,0,210
3222,3,0.85285125,205,3154,N,5,0,210
3089,4,0.9901395,238,3222,N,6.66666666666667,0,210
3263,5,0.97765875,235,3089,N,8.33333333333333,0,210
3132,6,0.99846,240,3263,N,10,0,210
2867,7,0.99846,240,3132,N,11.6666666666667,0,210
4559,8,0.9568575,230,2867,N,13.3333333333333,0,210
4492,9,0.99846,240,4559,N,15,0,210
4351,10,1.01926125,245,4492,N,16.6666666666667,0,210
4206,11,1.0067805,242,4351,N,18.3333333333333,0,210
4543,12,1.01926125,245,4206,N,20,0,210
4312,13,1.05254325,253,4543,N,21.6666666666667,0,210
4314,14,1.1066265,266,4312,N,23.3333333333333,0,210
4223,15,1.09414575,263,4314,N,25,0,210
5323,16,1.26055575,303,4223,N,26.6666666666667,0,210
5690,17,1.1232675,270,5323,N,28.3333333333333,0,210
5385,18,1.181511,284,5690,N,30,0,210
5374,19,1.2231135,294,5385,N,31.6666666666667,0,210
5937,20,1.2397545,298,5374,N,33.3333333333333,0,210
5901,21,1.3063185,314,5937,N,35,0,210
5372,22,1.281357,308,5901,N,36.6666666666667,0,210
5625,23,1.28551725,309,5372,N,38.3333333333333,0,210
7275,24,1.4061645,338,5625,N,40,0,210
6364,25,1.4560875,350,7275,N,41.6666666666667,0,210
7316,26,1.46856825,353,6364,N,43.3333333333333,0,210
7048,27,1.46856825,353,7316,N,45,0,210
6999,28,1.4893695,358,7048,N,46.6666666666667,0,210
6411,29,1.41864525,341,6999,N,48.3333333333333,0,210
7146,30,1.41864525,341,6411,N,50,0,210
6467,31,1.514331,364,7146,N,51.6666666666667,0,210
7760,32,1.62665775,391,6467,N,53.3333333333333,0,210
8512,33,1.7556255,422,7760,N,55,0,210
8019,34,1.7057025,410,8512,N,56.6666666666667,0,210
7778,35,1.79306775,431,8019,N,58.3333333333333,0,210
8556,36,1.9220355,462,7778,N,60,0,210
8291,37,1.95115725,469,8556,N,61.6666666666667,0,210
7839,38,2.10924675,507,8291,N,63.3333333333333,0,210
8745,39,2.20909275,531,7839,N,65,0,210
9115,40,2.3380605,562,8745,N,66.6666666666667,0,210
8940,41,2.35886175,567,9115,N,68.3333333333333,0,210
9520,42,2.55023325,613,8940,N,70,0,210
9325,43,1.05254325,253,9520,Y,71.6666666666667,1,210
9711,44,1.131588,272,9325,N,73.3333333333333,1,210
10069,45,1.1399085,274,9711,N,75,1,210
10316,46,1.2730365,306,10069,N,76.6666666666667,1,210
10288,47,1.45192725,349,10316,N,78.3333333333333,1,210
10907,48,1.52681175,367,10288,N,80,1,210
12029,49,1.73482425,417,10907,N,81.6666666666667,1,210
11167,50,1.64329875,395,12029,N,83.3333333333333,1,210
11815,51,1.62665775,391,11167,N,85,1,210
11111,52,2.013561,484,11815,N,86.6666666666667,1,210
11751,53,1.913715,460,11111,N,88.3333333333333,1,210
11488,54,2.2548555,542,11751,N,90,1,210
10905,55,2.213253,532,11488,N,91.6666666666667,1,210
12900,56,1.04422275,251,10905,Y,93.3333333333333,2,210
12770,57,1.06918425,257,12900,N,95,2,210
3010,0,0.86117175,207,NA,N,0,0,211
3040,1,0.782127,188,3010,N,1.66666666666667,0,211
3154,2,0.77796675,187,3040,N,3.33333333333333,0,211
3222,3,0.85285125,205,3154,N,5,0,211
3089,4,0.9901395,238,3222,N,6.66666666666667,0,211
3263,5,0.97765875,235,3089,N,8.33333333333333,0,211
3132,6,0.99846,240,3263,N,10,0,211
2867,7,0.99846,240,3132,N,11.6666666666667,0,211
4559,8,0.9568575,230,2867,N,13.3333333333333,0,211
4492,9,0.99846,240,4559,N,15,0,211
4351,10,1.01926125,245,4492,N,16.6666666666667,0,211
4206,11,1.0067805,242,4351,N,18.3333333333333,0,211
4543,12,1.01926125,245,4206,N,20,0,211
4312,13,1.05254325,253,4543,N,21.6666666666667,0,211
4314,14,1.1066265,266,4312,N,23.3333333333333,0,211
4223,15,1.09414575,263,4314,N,25,0,211
5323,16,1.26055575,303,4223,N,26.6666666666667,0,211
5690,17,1.1232675,270,5323,N,28.3333333333333,0,211
5385,18,1.181511,284,5690,N,30,0,211
5374,19,1.2231135,294,5385,N,31.6666666666667,0,211
5937,20,1.2397545,298,5374,N,33.3333333333333,0,211
5901,21,1.3063185,314,5937,N,35,0,211
5372,22,1.281357,308,5901,N,36.6666666666667,0,211
5625,23,1.28551725,309,5372,N,38.3333333333333,0,211
7275,24,1.4061645,338,5625,N,40,0,211
6364,25,1.4560875,350,7275,N,41.6666666666667,0,211
7316,26,1.46856825,353,6364,N,43.3333333333333,0,211
7048,27,1.46856825,353,7316,N,45,0,211
6999,28,1.4893695,358,7048,N,46.6666666666667,0,211
6411,29,1.41864525,341,6999,N,48.3333333333333,0,211
7146,30,1.41864525,341,6411,N,50,0,211
6467,31,1.514331,364,7146,N,51.6666666666667,0,211
7760,32,1.62665775,391,6467,N,53.3333333333333,0,211
8512,33,1.7556255,422,7760,N,55,0,211
8019,34,1.7057025,410,8512,N,56.6666666666667,0,211
7778,35,1.79306775,431,8019,N,58.3333333333333,0,211
8556,36,1.9220355,462,7778,N,60,0,211
8291,37,1.95115725,469,8556,N,61.6666666666667,0,211
7839,38,2.10924675,507,8291,N,63.3333333333333,0,211
8745,39,2.20909275,531,7839,N,65,0,211
9115,40,2.3380605,562,8745,N,66.6666666666667,0,211
8940,41,2.35886175,567,9115,N,68.3333333333333,0,211
9520,42,2.55023325,613,8940,N,70,0,211
9325,43,1.05254325,253,9520,Y,71.6666666666667,1,211
9711,44,1.131588,272,9325,N,73.3333333333333,1,211
10069,45,1.1399085,274,9711,N,75,1,211
10316,46,1.2730365,306,10069,N,76.6666666666667,1,211
10288,47,1.45192725,349,10316,N,78.3333333333333,1,211
10907,48,1.52681175,367,10288,N,80,1,211
12029,49,1.73482425,417,10907,N,81.6666666666667,1,211
11167,50,1.64329875,395,12029,N,83.3333333333333,1,211
11815,51,1.62665775,391,11167,N,85,1,211
11111,52,2.013561,484,11815,N,86.6666666666667,1,211
11751,53,1.913715,460,11111,N,88.3333333333333,1,211
11488,54,2.2548555,542,11751,N,90,1,211
10905,55,2.213253,532,11488,N,91.6666666666667,1,211
12901,56,1.05254325,253,10905,Y,93.3333333333333,2,211
12772,57,1.2064725,290,12901,N,95,2,211
12852,58,1.32711975,319,12772,N,96.6666666666667,2,211
12513,59,1.42696575,343,12852,N,98.3333333333333,2,211
13222,60,1.481049,356,12513,N,100,2,211
13300,61,1.3562415,326,13222,N,101.666666666667,2,211
13680,62,1.6724205,402,13300,N,103.333333333333,2,211
13744,63,2.04268275,491,13680,N,105,2,211
15376,64,2.08428525,501,13744,N,106.666666666667,2,211
15091,65,1.04422275,251,15376,Y,108.333333333333,3,211
15209,66,1.15238925,277,15091,N,110,3,211
2516,0,1.397844,336,NA,N,0,0,212
2468,1,1.530972,368,2516,N,1.66666666666667,0,212
2496,2,1.464408,352,2468,N,3.33333333333333,0,212
2474,3,1.54345275,371,2496,N,5,0,212
2484,4,1.65161925,397,2474,N,6.66666666666667,0,212
2899,5,1.7057025,410,2484,N,8.33333333333333,0,212
2574,6,1.83467025,441,2899,N,10,0,212
2506,7,1.90955475,459,2574,N,11.6666666666667,0,212
3567,8,1.92619575,463,2506,N,13.3333333333333,0,212
4061,9,1.880433,452,3567,N,15,0,212
3996,10,2.00940075,483,4061,N,16.6666666666667,0,212
3837,11,2.046843,492,3996,N,18.3333333333333,0,212
4400,12,2.07596475,499,3837,N,20,0,212
3633,13,2.13420825,513,4400,N,21.6666666666667,0,212
3913,14,2.2714965,546,3633,N,23.3333333333333,0,212
3854,15,2.32974,560,3913,N,25,0,212
4938,16,2.4046245,578,3854,N,26.6666666666667,0,212
5214,17,1.1066265,266,4938,Y,28.3333333333333,1,212
5233,18,1.231434,296,5214,N,30,1,212
5195,19,1.231434,296,5233,N,31.6666666666667,1,212
5885,20,1.28551725,309,5195,N,33.3333333333333,1,212
5835,21,1.45192725,349,5885,N,35,1,212
5216,22,1.41032475,339,5835,N,36.6666666666667,1,212
5581,23,1.57673475,379,5216,N,38.3333333333333,1,212
7245,24,1.6058565,386,5581,N,40,1,212
6283,25,1.44360675,347,7245,N,41.6666666666667,1,212
7160,26,1.56841425,377,6283,N,43.3333333333333,1,212
6917,27,1.56009375,375,7160,N,45,1,212
6893,28,1.75146525,421,6917,N,46.6666666666667,1,212
6318,29,2.0551635,494,6893,N,48.3333333333333,1,212
7091,30,2.030202,488,6318,N,50,1,212
6537,31,2.16749025,521,7091,N,51.6666666666667,1,212
7793,32,2.429586,584,6537,N,53.3333333333333,1,212
8532,33,2.346381,564,7793,N,55,1,212
8033,34,2.363022,568,8532,N,56.6666666666667,1,212
7817,35,2.57519475,619,8033,N,58.3333333333333,1,212
8568,36,2.36718225,569,7817,N,60,1,212
8344,37,1.431126,344,8568,Y,61.6666666666667,2,212
8726,39,1.45192725,349,8344,N,65,2,212
9097,40,1.41864525,341,8726,N,66.6666666666667,2,212
8920,41,1.431126,344,9097,N,68.3333333333333,2,212
9502,42,1.4560875,350,8920,N,70,2,212
2516,0,1.397844,336,NA,N,0,0,213
2468,1,1.530972,368,2516,N,1.66666666666667,0,213
2496,2,1.464408,352,2468,N,3.33333333333333,0,213
2474,3,1.54345275,371,2496,N,5,0,213
2484,4,1.65161925,397,2474,N,6.66666666666667,0,213
2899,5,1.7057025,410,2484,N,8.33333333333333,0,213
2574,6,1.83467025,441,2899,N,10,0,213
2506,7,1.90955475,459,2574,N,11.6666666666667,0,213
3567,8,1.92619575,463,2506,N,13.3333333333333,0,213
4061,9,1.880433,452,3567,N,15,0,213
3996,10,2.00940075,483,4061,N,16.6666666666667,0,213
3837,11,2.046843,492,3996,N,18.3333333333333,0,213
4400,12,2.07596475,499,3837,N,20,0,213
3633,13,2.13420825,513,4400,N,21.6666666666667,0,213
3913,14,2.2714965,546,3633,N,23.3333333333333,0,213
3854,15,2.32974,560,3913,N,25,0,213
4938,16,2.4046245,578,3854,N,26.6666666666667,0,213
5220,17,1.27719675,307,4938,Y,28.3333333333333,1,213
4973,18,1.1565495,278,5220,N,30,1,213
4928,19,1.20231225,289,4973,N,31.6666666666667,1,213
5779,20,1.27719675,307,4928,N,33.3333333333333,1,213
5739,21,1.33544025,321,5779,N,35,1,213
4957,22,1.43528625,345,5739,N,36.6666666666667,1,213
5475,23,1.414485,340,4957,N,38.3333333333333,1,213
7166,24,1.50185025,361,5475,N,40,1,213
6133,25,1.547613,372,7166,N,41.6666666666667,1,213
7060,26,1.5392925,370,6133,N,43.3333333333333,1,213
6798,27,1.514331,364,7060,N,45,1,213
6749,28,1.67658075,403,6798,N,46.6666666666667,1,213
6177,29,1.96779825,473,6749,N,48.3333333333333,1,213
6892,30,2.229894,536,6177,N,50,1,213
6244,31,2.18413125,525,6892,N,51.6666666666667,1,213
7520,32,2.60015625,625,6244,N,53.3333333333333,1,213
8361,33,2.53359225,609,7520,N,55,1,213
7941,34,2.60015625,625,8361,N,56.6666666666667,1,213
7592,35,1.23559425,297,7941,Y,58.3333333333333,2,213
8397,36,1.4061645,338,7592,N,60,2,213
8111,37,1.4061645,338,8397,N,61.6666666666667,2,213
2263,0,0.77796675,187,NA,N,0,0,214
2249,1,0.7904475,190,2263,N,1.66666666666667,0,214
2303,2,0.84453075,203,2249,N,3.33333333333333,0,214
2346,3,0.86949225,209,2303,N,5,0,214
2312,4,0.898614,216,2346,N,6.66666666666667,0,214
2293,5,0.92773575,223,2312,N,8.33333333333333,0,214
2377,6,0.9402165,226,2293,N,10,0,214
2401,7,1.03590225,249,2377,N,11.6666666666667,0,214
3474,8,1.015101,244,2401,N,13.3333333333333,0,214
3921,9,1.06086375,255,3474,N,15,0,214
3323,10,1.1066265,266,3921,N,16.6666666666667,0,214
3707,11,1.1232675,270,3323,N,18.3333333333333,0,214
3480,12,1.13574825,273,3707,N,20,0,214
3560,13,1.1232675,270,3480,N,21.6666666666667,0,214
3765,14,1.10246625,265,3560,N,23.3333333333333,0,214
3726,15,1.15238925,277,3765,N,25,0,214
4797,16,1.1731905,282,3726,N,26.6666666666667,0,214
5071,17,1.181511,284,4797,N,28.3333333333333,0,214
4844,18,1.1898315,286,5071,N,30,0,214
4763,19,1.16070975,279,4844,N,31.6666666666667,0,214
5694,20,1.21063275,291,4763,N,33.3333333333333,0,214
5669,21,1.264716,304,5694,N,35,0,214
4832,22,1.29383775,311,5669,N,36.6666666666667,0,214
4815,23,1.21063275,291,4832,N,38.3333333333333,0,214
6937,24,1.314639,316,4815,N,40,0,214
6062,25,1.43528625,345,6937,N,41.6666666666667,0,214
6703,26,1.8221895,438,6062,N,43.3333333333333,0,214
6712,27,1.76810625,425,6703,N,45,0,214
6683,28,2.546073,612,6712,N,46.6666666666667,0,214
6088,29,1.181511,284,6683,Y,48.3333333333333,1,214
2523,0,1.08582525,261,NA,N,0,0,215
2481,1,1.081665,260,2523,N,1.66666666666667,0,215
2505,2,1.16903025,281,2481,N,3.33333333333333,0,215
2490,3,1.481049,356,2505,N,5,0,215
2498,4,1.431126,344,2490,N,6.66666666666667,0,215
2904,5,1.21063275,291,2498,N,8.33333333333333,0,215
2584,6,1.414485,340,2904,N,10,0,215
2519,7,1.5226515,366,2584,N,11.6666666666667,0,215
3591,8,1.34376075,323,2519,N,13.3333333333333,0,215
4075,9,1.44360675,347,3591,N,15,0,215
4012,10,1.58505525,381,4075,N,16.6666666666667,0,215
3846,11,1.6641,400,4012,N,18.3333333333333,0,215
4407,12,1.58505525,381,3846,N,20,0,215
3641,13,1.6724205,402,4407,N,21.6666666666667,0,215
3934,14,1.5892155,382,3641,N,23.3333333333333,0,215
3868,15,1.880433,452,3934,N,25,0,215
4949,16,1.9053945,458,3868,N,26.6666666666667,0,215
5235,17,1.79306775,431,4949,N,28.3333333333333,0,215
4989,18,2.12588775,511,5235,N,30,0,215
4946,19,2.1050865,506,4989,N,31.6666666666667,0,215
5785,20,2.10924675,507,4946,N,33.3333333333333,0,215
5742,21,2.296458,552,5785,N,35,0,215
4972,22,2.0551635,494,5742,N,36.6666666666667,0,215
5480,23,2.30061825,553,4972,N,38.3333333333333,0,215
7181,24,2.28397725,549,5480,N,40,0,215
6145,25,2.0551635,494,7181,N,41.6666666666667,0,215
7073,26,2.42542575,583,6145,N,43.3333333333333,0,215
6759,28,2.43374625,585,7073,N,46.6666666666667,0,215
6187,29,2.47534875,595,6759,N,48.3333333333333,0,215
6928,30,2.59183575,623,6187,N,50,0,215
6256,31,1.28551725,309,6928,Y,51.6666666666667,1,215
7536,32,1.32711975,319,6256,N,53.3333333333333,1,215
8370,33,1.21063275,291,7536,N,55,1,215
7944,34,1.4228055,342,8370,N,56.6666666666667,1,215
7596,35,1.42696575,343,7944,N,58.3333333333333,1,215
8409,36,1.564254,376,7596,N,60,1,215
2536,0,1.198152,288,NA,N,0,0,216
2631,1,1.297998,312,2536,N,1.66666666666667,0,216
2531,2,1.39368375,335,2631,N,3.33333333333333,0,216
2873,3,1.42696575,343,2531,N,5,0,216
2527,4,1.4560875,350,2873,N,6.66666666666667,0,216
2940,5,1.530972,368,2527,N,8.33333333333333,0,216
2614,6,1.54345275,371,2940,N,10,0,216
2554,7,1.547613,372,2614,N,11.6666666666667,0,216
3607,8,1.59337575,383,2554,N,13.3333333333333,0,216
4104,9,1.57673475,379,3607,N,15,0,216
4036,10,1.64329875,395,4104,N,16.6666666666667,0,216
3873,11,1.6391385,394,4036,N,18.3333333333333,0,216
4418,12,1.65161925,397,3873,N,20,0,216
3660,13,1.64329875,395,4418,N,21.6666666666667,0,216
3962,14,1.647459,396,3660,N,23.3333333333333,0,216
3899,15,1.70986275,411,3962,N,25,0,216
4979,16,1.730664,416,3899,N,26.6666666666667,0,216
5270,17,1.8055485,434,4979,N,28.3333333333333,0,216
5017,18,1.8721125,450,5270,N,30,0,216
4970,19,1.97611875,475,5017,N,31.6666666666667,0,216
5797,20,2.17581075,523,4970,N,33.3333333333333,0,216
5747,21,2.296458,552,5797,N,35,0,216
4998,22,2.38382325,573,5747,N,36.6666666666667,0,216
5490,23,1.29383775,311,4998,Y,38.3333333333333,1,216
7192,24,1.3895235,334,5490,N,40,1,216
6161,25,1.597536,384,7192,N,41.6666666666667,1,216
7083,26,1.61833725,389,6161,N,43.3333333333333,1,216
6818,27,1.614177,388,7083,N,45,1,216
6773,28,1.7389845,418,6818,N,46.6666666666667,1,216
6199,29,1.79306775,431,6773,N,48.3333333333333,1,216
6955,30,1.88459325,453,6199,N,50,1,216
6276,31,2.00108025,481,6955,N,51.6666666666667,1,216
7541,32,2.030202,488,6276,N,53.3333333333333,1,216
8383,33,2.07596475,499,7541,N,55,1,216
7951,34,2.3879835,574,8383,N,56.6666666666667,1,216
7603,35,2.629278,632,7951,N,58.3333333333333,1,216
8424,36,2.6209575,630,7603,N,60,1,216
8121,37,2.6708805,642,8424,N,61.6666666666667,1,216
7527,38,1.2397545,298,8121,Y,63.3333333333333,2,216
8661,39,1.198152,288,7527,N,65,2,216
9038,40,1.2231135,294,8661,N,66.6666666666667,2,216
8854,41,1.231434,296,9038,N,68.3333333333333,2,216
9436,42,1.4394465,346,8854,N,70,2,216
9233,43,1.397844,336,9436,N,71.6666666666667,2,216
9632,44,1.4061645,338,9233,N,73.3333333333333,2,216
9841,45,1.597536,384,9632,N,75,2,216
10155,46,1.61001675,387,9841,N,76.6666666666667,2,216
10123,47,1.963638,472,10155,N,78.3333333333333,2,216
10510,48,1.96779825,473,10123,N,80,2,216
11940,49,1.813869,436,10510,N,81.6666666666667,2,216
10890,50,2.03436225,489,11940,N,83.3333333333333,2,216
11630,51,2.313099,556,10890,N,85,2,216
11003,52,1.23559425,297,11630,Y,86.6666666666667,3,216
11539,53,1.16903025,281,11003,N,88.3333333333333,3,216
11331,54,1.41864525,341,11539,N,90,3,216
10661,55,1.24391475,299,11331,N,91.6666666666667,3,216
12741,56,1.51849125,365,10661,N,93.3333333333333,3,216
12497,57,1.431126,344,12741,N,95,3,216
12524,58,1.630818,392,12497,N,96.6666666666667,3,216
12358,59,1.7389845,418,12524,N,98.3333333333333,3,216
13401,63,1.71818325,413,12358,N,105,3,216
15342,64,0.92773575,223,13401,Y,106.666666666667,4,216
15009,65,1.1066265,266,15342,N,108.333333333333,4,216
15162,66,0.89445375,215,15009,N,110,4,216
14979,67,1.11078675,267,15162,N,111.666666666667,4,216
14854,68,1.048383,252,14979,N,113.333333333333,4,216
14950,69,1.11078675,267,14854,N,115,4,216
15506,70,1.16903025,281,14950,N,116.666666666667,4,216
2792,0,0.8736525,210,NA,N,0,0,217
2879,1,0.898614,216,2792,N,1.66666666666667,0,217
2990,2,0.93605625,225,2879,N,3.33333333333333,0,217
3122,3,0.97765875,235,2990,N,5,0,217
2759,4,0.93605625,225,3122,N,6.66666666666667,0,217
3202,5,0.9734985,234,2759,N,8.33333333333333,0,217
2924,6,1.05254325,253,3202,N,10,0,217
2743,7,1.015101,244,2924,N,11.6666666666667,0,217
4450,8,1.015101,244,2743,N,13.3333333333333,0,217
4310,9,1.0899855,262,4450,N,15,0,217
4247,10,1.0234215,246,4310,N,16.6666666666667,0,217
4070,11,1.09414575,263,4247,N,18.3333333333333,0,217
4498,12,1.1898315,286,4070,N,20,0,217
3844,13,1.18567125,285,4498,N,21.6666666666667,0,217
4181,14,1.1898315,286,3844,N,23.3333333333333,0,217
4110,15,1.25223525,301,4181,N,25,0,217
5196,16,1.24391475,299,4110,N,26.6666666666667,0,217
5522,17,1.33128,320,5196,N,28.3333333333333,0,217
5261,18,1.4560875,350,5522,N,30,0,217
5232,19,1.41032475,339,5261,N,31.6666666666667,0,217
5896,20,1.49352975,359,5232,N,33.3333333333333,0,217
5847,21,1.48520925,357,5896,N,35,0,217
5245,22,1.49769,360,5847,N,36.6666666666667,0,217
5589,23,1.38536325,333,5245,N,38.3333333333333,0,217
7251,24,1.57673475,379,5589,N,40,0,217
6299,25,1.57673475,379,7251,N,41.6666666666667,0,217
7178,26,1.564254,376,6299,N,43.3333333333333,0,217
6927,27,1.59337575,383,7178,N,45,0,217
6905,28,1.70154225,409,6927,N,46.6666666666667,0,217
6331,29,1.80138825,433,6905,N,48.3333333333333,0,217
7103,30,1.880433,452,6331,N,50,0,217
6406,31,1.94283675,467,7103,N,51.6666666666667,0,217
7703,32,2.10092625,505,6406,N,53.3333333333333,0,217
8473,33,2.00940075,483,7703,N,55,0,217
8002,34,1.2064725,290,8473,Y,56.6666666666667,1,217
2792,0,0.8736525,210,NA,N,0,0,218
2879,1,0.898614,216,2792,N,1.66666666666667,0,218
2990,2,0.93605625,225,2879,N,3.33333333333333,0,218
3122,3,0.97765875,235,2990,N,5,0,218
2759,4,0.93605625,225,3122,N,6.66666666666667,0,218
3202,5,0.9734985,234,2759,N,8.33333333333333,0,218
2924,6,1.05254325,253,3202,N,10,0,218
2743,7,1.015101,244,2924,N,11.6666666666667,0,218
4450,8,1.015101,244,2743,N,13.3333333333333,0,218
4310,9,1.0899855,262,4450,N,15,0,218
4247,10,1.0234215,246,4310,N,16.6666666666667,0,218
4070,11,1.09414575,263,4247,N,18.3333333333333,0,218
4498,12,1.1898315,286,4070,N,20,0,218
3844,13,1.18567125,285,4498,N,21.6666666666667,0,218
4181,14,1.1898315,286,3844,N,23.3333333333333,0,218
4110,15,1.25223525,301,4181,N,25,0,218
5196,16,1.24391475,299,4110,N,26.6666666666667,0,218
5522,17,1.33128,320,5196,N,28.3333333333333,0,218
5261,18,1.4560875,350,5522,N,30,0,218
5232,19,1.41032475,339,5261,N,31.6666666666667,0,218
5896,20,1.49352975,359,5232,N,33.3333333333333,0,218
5847,21,1.48520925,357,5896,N,35,0,218
5245,22,1.49769,360,5847,N,36.6666666666667,0,218
5589,23,1.38536325,333,5245,N,38.3333333333333,0,218
7251,24,1.57673475,379,5589,N,40,0,218
6299,25,1.57673475,379,7251,N,41.6666666666667,0,218
7178,26,1.564254,376,6299,N,43.3333333333333,0,218
6927,27,1.59337575,383,7178,N,45,0,218
6905,28,1.70154225,409,6927,N,46.6666666666667,0,218
6331,29,1.80138825,433,6905,N,48.3333333333333,0,218
7103,30,1.880433,452,6331,N,50,0,218
6406,31,1.94283675,467,7103,N,51.6666666666667,0,218
7703,32,2.10092625,505,6406,N,53.3333333333333,0,218
8473,33,2.00940075,483,7703,N,55,0,218
8003,34,0.91109475,219,8473,Y,56.6666666666667,1,218
7730,35,1.1731905,282,8003,N,58.3333333333333,1,218
8533,36,1.248075,300,7730,N,60,1,218
8233,37,1.09414575,263,8533,N,61.6666666666667,1,218
7797,38,1.24391475,299,8233,N,63.3333333333333,1,218
8720,39,1.37704275,331,7797,N,65,1,218
9091,40,1.431126,344,8720,N,66.6666666666667,1,218
8912,41,1.397844,336,9091,N,68.3333333333333,1,218
9494,42,1.447767,348,8912,N,70,1,218
9298,43,1.46856825,353,9494,N,71.6666666666667,1,218
9687,44,1.41032475,339,9298,N,73.3333333333333,1,218
9991,45,1.481049,356,9687,N,75,1,218
10278,46,1.40200425,337,9991,N,76.6666666666667,1,218
10250,47,1.530972,368,10278,N,78.3333333333333,1,218
10846,48,1.7389845,418,10250,N,80,1,218
12010,49,1.847151,444,10846,N,81.6666666666667,1,218
11147,50,1.897074,456,12010,N,83.3333333333333,1,218
11790,51,2.0052405,482,11147,N,85,1,218
11089,52,2.0385225,490,11790,N,86.6666666666667,1,218
11707,53,1.11078675,267,11089,Y,88.3333333333333,2,218
11417,54,0.981819,236,11707,N,90,2,218
10833,55,0.97765875,235,11417,N,91.6666666666667,2,218
12851,56,0.95269725,229,10833,N,93.3333333333333,2,218
12679,57,1.148229,276,12851,N,95,2,218
12709,58,1.1898315,286,12679,N,96.6666666666667,2,218
12455,59,1.28551725,309,12709,N,98.3333333333333,2,218
13261,61,1.25223525,301,12455,N,101.666666666667,2,218
13655,62,1.33544025,321,13261,N,103.333333333333,2,218
13719,63,1.0733445,258,13655,N,105,2,218
15336,64,1.37704275,331,13719,N,106.666666666667,2,218
14993,65,1.248075,300,15336,N,108.333333333333,2,218
15155,66,1.21063275,291,14993,N,110,2,218
14947,67,1.3063185,314,15155,N,111.666666666667,2,218
14830,68,1.26055575,303,14947,N,113.333333333333,2,218
14925,69,1.22727375,295,14830,N,115,2,218
15501,70,1.33128,320,14925,N,116.666666666667,2,218
2032,0,1.00262025,241,NA,N,0,0,219
2030,1,0.95269725,229,2032,N,1.66666666666667,0,219
2085,2,1.01926125,245,2030,N,3.33333333333333,0,219
2043,3,1.05254325,253,2085,N,5,0,219
2079,6,1.048383,252,2043,N,10,0,219
2057,7,1.24391475,299,2079,N,11.6666666666667,0,219
3363,8,1.32711975,319,2057,N,13.3333333333333,0,219
3755,9,1.42696575,343,3363,N,15,0,219
3286,10,1.30215825,313,3755,N,16.6666666666667,0,219
3339,11,1.314639,316,3286,N,18.3333333333333,0,219
3352,12,1.3063185,314,3339,N,20,0,219
3421,13,1.3229595,318,3352,N,21.6666666666667,0,219
3521,14,1.41864525,341,3421,N,23.3333333333333,0,219
3390,15,1.2064725,290,3521,N,25,0,219
4628,16,1.41032475,339,3390,N,26.6666666666667,0,219
4896,17,1.49769,360,4628,N,28.3333333333333,0,219
4651,18,1.49769,360,4896,N,30,0,219
4600,19,1.67658075,403,4651,N,31.6666666666667,0,219
5484,20,1.597536,384,4600,N,33.3333333333333,0,219
5497,21,1.85131125,445,5484,N,35,0,219
4635,22,1.88459325,453,5497,N,36.6666666666667,0,219
4613,23,1.6557795,398,4635,N,38.3333333333333,0,219
6642,24,0.87781275,211,4613,Y,40,1,219
5961,25,0.99846,240,6642,N,41.6666666666667,1,219
6433,26,1.01094075,243,5961,N,43.3333333333333,1,219
6461,27,1.11078675,267,6433,N,45,1,219
6464,28,1.23559425,297,6461,N,46.6666666666667,1,219
5977,29,1.198152,288,6464,N,48.3333333333333,1,219
6605,30,1.264716,304,5977,N,50,1,219
5992,31,1.2397545,298,6605,N,51.6666666666667,1,219
7388,32,1.281357,308,5992,N,53.3333333333333,1,219
8158,33,1.26055575,303,7388,N,55,1,219
7872,34,1.214793,292,8158,N,56.6666666666667,1,219
7352,35,1.36040175,327,7872,N,58.3333333333333,1,219
8200,36,1.36872225,329,7352,N,60,1,219
8049,37,1.397844,336,8200,N,61.6666666666667,1,219
7365,38,1.530972,368,8049,N,63.3333333333333,1,219
8589,39,1.564254,376,7365,N,65,1,219
8970,40,1.54345275,371,8589,N,66.6666666666667,1,219
8781,41,1.7556255,422,8970,N,68.3333333333333,1,219
9357,42,1.75146525,421,8781,N,70,1,219
9155,43,1.6557795,398,9357,N,71.6666666666667,1,219
9556,44,0.8237295,198,9155,Y,73.3333333333333,2,219
9755,45,0.84453075,203,9556,N,75,2,219
9919,46,0.9568575,230,9755,N,76.6666666666667,2,219
9892,47,0.83621025,201,9919,N,78.3333333333333,2,219
10426,48,0.865332,208,9892,N,80,2,219
11859,49,0.94437675,227,10426,N,81.6666666666667,2,219
10736,50,1.01094075,243,11859,N,83.3333333333333,2,219
11468,51,1.10246625,265,10736,N,85,2,219
10361,52,1.11078675,267,11468,N,86.6666666666667,2,219
11292,53,1.3229595,318,10361,N,88.3333333333333,2,219
11202,54,1.16487,280,11292,N,90,2,219
10576,55,1.22727375,295,11202,N,91.6666666666667,2,219
12125,56,1.11910725,269,10576,N,93.3333333333333,2,219
12143,57,1.015101,244,12125,N,95,2,219
3058,0,0.981819,236,NA,N,0,0,220
3063,1,1.0400625,250,3058,N,1.66666666666667,0,220
3183,2,1.048383,252,3063,N,3.33333333333333,0,220
3234,3,1.16903025,281,3183,N,5,0,220
3107,4,1.2064725,290,3234,N,6.66666666666667,0,220
3269,5,1.015101,244,3107,N,8.33333333333333,0,220
3177,6,1.30215825,313,3269,N,10,0,220
2908,7,1.30215825,313,3177,N,11.6666666666667,0,220
4571,8,1.3895235,334,2908,N,13.3333333333333,0,220
4509,9,1.37704275,331,4571,N,15,0,220
4364,10,1.4560875,350,4509,N,16.6666666666667,0,220
4235,11,1.41032475,339,4364,N,18.3333333333333,0,220
4553,12,1.464408,352,4235,N,20,0,220
4325,13,1.44360675,347,4553,N,21.6666666666667,0,220
4326,14,1.33128,320,4325,N,23.3333333333333,0,220
4252,15,1.53513225,369,4326,N,25,0,220
5350,16,1.530972,368,4252,N,26.6666666666667,0,220
5705,17,1.61833725,389,5350,N,28.3333333333333,0,220
5406,18,1.60169625,385,5705,N,30,0,220
5400,19,1.6058565,386,5406,N,31.6666666666667,0,220
5940,20,1.5892155,382,5400,N,33.3333333333333,0,220
5908,21,1.6890615,406,5940,N,35,0,220
5398,22,2.0218815,486,5908,N,36.6666666666667,0,220
5635,23,2.31725925,557,5398,N,38.3333333333333,0,220
7282,24,2.0218815,486,5635,N,40,0,220
6402,25,2.39214375,575,7282,N,41.6666666666667,0,220
7323,26,1.8887535,454,6402,N,43.3333333333333,0,220
7067,27,1.20231225,289,7323,Y,45,1,220
7015,28,1.2064725,290,7067,N,46.6666666666667,1,220
2549,0,1.580895,380,NA,N,0,0,221
2653,1,1.50185025,361,2549,N,1.66666666666667,0,221
2544,2,1.47688875,355,2653,N,3.33333333333333,0,221
2884,3,1.52681175,367,2544,N,5,0,221
2540,4,1.614177,388,2884,N,6.66666666666667,0,221
2963,5,1.6391385,394,2540,N,8.33333333333333,0,221
2629,6,1.67658075,403,2963,N,10,0,221
2571,7,1.71818325,413,2629,N,11.6666666666667,0,221
3616,8,1.79306775,431,2571,N,13.3333333333333,0,221
4120,9,1.880433,452,3616,N,15,0,221
4051,10,1.99692,480,4120,N,16.6666666666667,0,221
3890,11,2.06764425,497,4051,N,18.3333333333333,0,221
4424,12,2.01772125,485,3890,N,20,0,221
3665,13,1.9553175,470,4424,N,21.6666666666667,0,221
3983,14,2.1217275,510,3665,N,23.3333333333333,0,221
3923,15,2.1217275,510,3983,N,25,0,221
4997,16,2.40046425,577,3923,N,26.6666666666667,0,221
5293,17,2.38382325,573,4997,N,28.3333333333333,0,221
5034,18,2.20077225,529,5293,N,30,0,221
4990,19,1.11078675,267,5034,Y,31.6666666666667,1,221
5806,20,1.081665,260,4990,N,33.3333333333333,1,221
5754,21,1.198152,288,5806,N,35,1,221
5016,22,1.32711975,319,5754,N,36.6666666666667,1,221
5503,23,1.33544025,321,5016,N,38.3333333333333,1,221
7198,24,1.26887625,305,5503,N,40,1,221
6175,25,1.3063185,314,7198,N,41.6666666666667,1,221
7094,26,1.297998,312,6175,N,43.3333333333333,1,221
6831,27,1.30215825,313,7094,N,45,1,221
6790,28,1.281357,308,6831,N,46.6666666666667,1,221
6213,29,1.41864525,341,6790,N,48.3333333333333,1,221
6971,30,1.49769,360,6213,N,50,1,221
6295,31,1.580895,380,6971,N,51.6666666666667,1,221
7554,32,1.5226515,366,6295,N,53.3333333333333,1,221
8396,33,1.630818,392,7554,N,55,1,221
7955,34,1.647459,396,8396,N,56.6666666666667,1,221
7609,35,1.47688875,355,7955,N,58.3333333333333,1,221
8434,36,1.6557795,398,7609,N,60,1,221
8136,37,1.514331,364,8434,N,61.6666666666667,1,221
7637,38,1.69322175,407,8136,N,63.3333333333333,1,221
8666,39,2.0884455,502,7637,N,65,1,221
9043,40,2.10924675,507,8666,N,66.6666666666667,1,221
8860,41,2.213253,532,9043,N,68.3333333333333,1,221
9441,42,2.65007925,637,8860,N,70,1,221
9239,43,2.44206675,587,9441,N,71.6666666666667,1,221
9637,44,2.5044705,602,9239,N,73.3333333333333,1,221
9847,45,1.148229,276,9637,Y,75,2,221
10168,46,1.248075,300,9847,N,76.6666666666667,2,221
10137,47,1.36872225,329,10168,N,78.3333333333333,2,221
10516,48,1.3229595,318,10137,N,80,2,221
2044,0,0.748845,180,NA,N,0,0,222
2041,1,0.91941525,221,2044,N,1.66666666666667,0,222
2100,2,1.065024,256,2041,N,3.33333333333333,0,222
2092,3,0.848691,204,2100,N,5,0,222
2062,4,1.06086375,255,2092,N,6.66666666666667,0,222
2040,5,1.07750475,259,2062,N,8.33333333333333,0,222
2096,6,1.2231135,294,2040,N,10,0,222
2068,7,1.131588,272,2096,N,11.6666666666667,0,222
3370,8,1.17735075,283,2068,N,13.3333333333333,0,222
3762,9,1.11910725,269,3370,N,15,0,222
3288,10,1.05254325,253,3762,N,16.6666666666667,0,222
3345,11,1.11078675,267,3288,N,18.3333333333333,0,222
3360,12,1.131588,272,3345,N,20,0,222
3426,13,1.1731905,282,3360,N,21.6666666666667,0,222
3532,14,1.18567125,285,3426,N,23.3333333333333,0,222
3483,15,1.37704275,331,3532,N,25,0,222
4634,16,1.27719675,307,3483,N,26.6666666666667,0,222
4907,17,1.42696575,343,4634,N,28.3333333333333,0,222
4660,18,1.51017075,363,4907,N,30,0,222
4603,19,1.54345275,371,4660,N,31.6666666666667,0,222
5487,20,1.31879925,317,4603,N,33.3333333333333,0,222
5502,21,1.40200425,337,5487,N,35,0,222
4645,22,1.597536,384,5502,N,36.6666666666667,0,222
4620,23,1.62665775,391,4645,N,38.3333333333333,0,222
6647,24,1.57673475,379,4620,N,40,0,222
5964,25,1.71818325,413,6647,N,41.6666666666667,0,222
6437,26,1.51849125,365,5964,N,43.3333333333333,0,222
6466,27,1.63497825,393,6437,N,45,0,222
6472,28,1.87627275,451,6466,N,46.6666666666667,0,222
5981,29,1.6641,400,6472,N,48.3333333333333,0,222
6609,30,1.53513225,369,5981,N,50,0,222
5996,31,1.9719585,474,6609,N,51.6666666666667,0,222
7395,32,1.913715,460,5996,N,53.3333333333333,0,222
8162,33,2.030202,488,7395,N,55,0,222
7874,34,2.063484,496,8162,N,56.6666666666667,0,222
7355,35,2.10924675,507,7874,N,58.3333333333333,0,222
8208,36,2.10924675,507,7355,N,60,0,222
8051,37,1.963638,472,8208,N,61.6666666666667,0,222
7370,38,2.1050865,506,8051,N,63.3333333333333,0,222
8591,39,2.33390025,561,7370,N,65,0,222
8972,40,2.2215735,534,8591,N,66.6666666666667,0,222
8783,41,2.229894,536,8972,N,68.3333333333333,0,222
9359,42,2.80816875,675,8783,N,70,0,222
9157,43,2.645919,636,9359,N,71.6666666666667,0,222
9558,44,2.645919,636,9157,N,73.3333333333333,0,222
9923,46,2.5710345,618,9558,N,76.6666666666667,0,222
10427,48,2.68336125,645,9923,N,80,0,222
11860,49,2.61679725,629,10427,N,81.6666666666667,0,222
10737,50,2.8040085,674,11860,N,83.3333333333333,0,222
11474,51,1.46024775,351,10737,Y,85,1,222
10363,52,1.347921,324,11474,N,86.6666666666667,1,222
11295,53,1.36040175,327,10363,N,88.3333333333333,1,222
11203,54,1.3396005,322,11295,N,90,1,222
10577,55,1.32711975,319,11203,N,91.6666666666667,1,222
12128,56,1.27719675,307,10577,N,93.3333333333333,1,222
14981,64,1.56009375,375,12128,N,106.666666666667,1,222
14341,67,1.431126,344,14981,N,111.666666666667,1,222
2049,0,0.92773575,223,NA,N,0,0,223
2048,1,0.9402165,226,2049,N,1.66666666666667,0,223
2108,2,0.88613325,213,2048,N,3.33333333333333,0,223
2097,3,0.96933825,233,2108,N,5,0,223
2070,4,0.95269725,229,2097,N,6.66666666666667,0,223
2047,5,1.0899855,262,2070,N,8.33333333333333,0,223
2104,6,1.09414575,263,2047,N,10,0,223
2075,7,1.065024,256,2104,N,11.6666666666667,0,223
3374,8,1.24391475,299,2075,N,13.3333333333333,0,223
3768,9,1.198152,288,3374,N,15,0,223
3289,10,1.23559425,297,3768,N,16.6666666666667,0,223
3348,11,1.21895325,293,3289,N,18.3333333333333,0,223
3365,12,1.23559425,297,3348,N,20,0,223
3429,13,1.26887625,305,3365,N,21.6666666666667,0,223
3536,14,1.281357,308,3429,N,23.3333333333333,0,223
3488,15,1.3895235,334,3536,N,25,0,223
4638,16,1.397844,336,3488,N,26.6666666666667,0,223
4912,17,1.54345275,371,4638,N,28.3333333333333,0,223
4666,18,1.481049,356,4912,N,30,0,223
4604,19,1.49352975,359,4666,N,31.6666666666667,0,223
5489,20,1.6224975,390,4604,N,33.3333333333333,0,223
5506,21,1.6724205,402,5489,N,35,0,223
4652,22,1.72650375,415,5506,N,36.6666666666667,0,223
4625,23,1.763946,424,4652,N,38.3333333333333,0,223
6649,24,1.91787525,461,4625,N,40,0,223
5966,25,1.90123425,457,6649,N,41.6666666666667,0,223
6478,27,1.897074,456,5966,N,45,0,223
6486,28,0.9568575,230,6478,Y,46.6666666666667,1,223
5987,29,1.02758175,247,6486,N,48.3333333333333,1,223
6612,30,1.114947,268,5987,N,50,1,223
6002,31,1.198152,288,6612,N,51.6666666666667,1,223
7398,32,1.1731905,282,6002,N,53.3333333333333,1,223
8164,33,1.18567125,285,7398,N,55,1,223
7875,34,1.24391475,299,8164,N,56.6666666666667,1,223
7357,35,1.50185025,361,7875,N,58.3333333333333,1,223
8213,36,1.5559335,374,7357,N,60,1,223
8052,37,1.53513225,369,8213,N,61.6666666666667,1,223
7372,38,1.65161925,397,8052,N,63.3333333333333,1,223
8592,39,1.7556255,422,7372,N,65,1,223
8973,40,1.8221895,438,8592,N,66.6666666666667,1,223
8784,41,1.7889075,430,8973,N,68.3333333333333,1,223
9360,42,1.9053945,458,8784,N,70,1,223
9158,43,1.95947775,471,9360,N,71.6666666666667,1,223
9559,44,2.11756725,509,9158,N,73.3333333333333,1,223
9756,45,2.3380605,562,9559,N,75,1,223
9927,46,2.35054125,565,9756,N,76.6666666666667,1,223
9907,47,2.479509,596,9927,N,78.3333333333333,1,223
10428,48,2.49198975,599,9907,N,80,1,223
11861,49,1.26887625,305,10428,Y,81.6666666666667,2,223
10738,50,1.35208125,325,11861,N,83.3333333333333,2,223
2989,0,0.85285125,205,NA,N,0,0,224
3025,1,0.9235755,222,2989,N,1.66666666666667,0,224
3140,2,0.97765875,235,3025,N,3.33333333333333,0,224
3215,3,0.9402165,226,3140,N,5,0,224
3072,4,1.08582525,261,3215,N,6.66666666666667,0,224
3259,5,1.03590225,249,3072,N,8.33333333333333,0,224
3073,6,1.03590225,249,3259,N,10,0,224
2849,7,1.05254325,253,3073,N,11.6666666666667,0,224
4552,8,1.09414575,263,2849,N,13.3333333333333,0,224
4476,9,1.0899855,262,4552,N,15,0,224
4343,10,1.114947,268,4476,N,16.6666666666667,0,224
4192,11,1.16070975,279,4343,N,18.3333333333333,0,224
4537,12,1.248075,300,4192,N,20,0,224
4300,13,1.181511,284,4537,N,21.6666666666667,0,224
4297,14,1.264716,304,4300,N,23.3333333333333,0,224
4207,15,1.15238925,277,4297,N,25,0,224
5308,16,1.21063275,291,4207,N,26.6666666666667,0,224
5670,17,1.44360675,347,5308,N,28.3333333333333,0,224
5371,18,1.447767,348,5670,N,30,0,224
5354,19,1.61833725,389,5371,N,31.6666666666667,0,224
5934,20,1.4560875,350,5354,N,33.3333333333333,0,224
5895,21,1.580895,380,5934,N,35,0,224
5358,22,1.54345275,371,5895,N,36.6666666666667,0,224
5619,23,2.1050865,506,5358,N,38.3333333333333,0,224
7269,24,1.90955475,459,5619,N,40,0,224
6355,25,1.93451625,465,7269,N,41.6666666666667,0,224
7313,26,0.86949225,209,6355,Y,43.3333333333333,1,224
6987,27,1.031742,248,7313,N,45,1,224
6957,28,1.0733445,258,6987,N,46.6666666666667,1,224
6403,29,1.02758175,247,6957,N,48.3333333333333,1,224
7138,30,0.9402165,226,6403,N,50,1,224
6454,31,1.2064725,290,7138,N,51.6666666666667,1,224
7748,32,1.25223525,301,6454,N,53.3333333333333,1,224
8506,33,1.15238925,277,7748,N,55,1,224
8016,34,1.214793,292,8506,N,56.6666666666667,1,224
7770,35,1.03590225,249,8016,N,58.3333333333333,1,224
8553,36,1.3562415,326,7770,N,60,1,224
8280,37,1.7057025,410,8553,N,61.6666666666667,1,224
7836,38,1.946997,468,8280,N,63.3333333333333,1,224
8741,39,0.66147975,159,7836,Y,65,2,224
9111,40,0.765486,184,8741,N,66.6666666666667,2,224
8936,41,0.91941525,221,9111,N,68.3333333333333,2,224
2996,0,0.81124875,195,NA,N,0,0,225
3030,1,0.96101775,231,2996,N,1.66666666666667,0,225
3146,2,0.9069345,218,3030,N,3.33333333333333,0,225
3218,3,1.0234215,246,3146,N,5,0,225
3085,4,0.98597925,237,3218,N,6.66666666666667,0,225
3261,5,1.065024,256,3085,N,8.33333333333333,0,225
3118,6,1.16070975,279,3261,N,10,0,225
2859,7,1.13574825,273,3118,N,11.6666666666667,0,225
4554,8,1.148229,276,2859,N,13.3333333333333,0,225
4480,9,1.148229,276,4554,N,15,0,225
4346,10,1.148229,276,4480,N,16.6666666666667,0,225
4196,11,1.1399085,274,4346,N,18.3333333333333,0,225
4539,12,1.1898315,286,4196,N,20,0,225
4304,13,1.2064725,290,4539,N,21.6666666666667,0,225
4301,14,1.33128,320,4304,N,23.3333333333333,0,225
4212,15,1.3063185,314,4301,N,25,0,225
5314,16,1.414485,340,4212,N,26.6666666666667,0,225
5674,17,1.397844,336,5314,N,28.3333333333333,0,225
5377,18,1.42696575,343,5674,N,30,0,225
5363,19,1.36872225,329,5377,N,31.6666666666667,0,225
5935,20,1.3562415,326,5363,N,33.3333333333333,0,225
5897,21,1.364562,328,5935,N,35,0,225
5362,22,1.51017075,363,5897,N,36.6666666666667,0,225
5621,23,1.7889075,430,5362,N,38.3333333333333,0,225
7270,24,1.81802925,437,5621,N,40,0,225
6358,25,1.946997,468,7270,N,41.6666666666667,0,225
7314,26,2.2049325,530,6358,N,43.3333333333333,0,225
7039,27,2.213253,532,7314,N,45,0,225
6019,29,2.3547015,566,7039,N,48.3333333333333,0,225
7140,30,1.03590225,249,6019,Y,50,1,225
6457,31,1.015101,244,7140,N,51.6666666666667,1,225
7754,32,1.19399175,287,6457,N,53.3333333333333,1,225
8508,33,1.26887625,305,7754,N,55,1,225
8017,34,1.314639,316,8508,N,56.6666666666667,1,225
7772,35,1.397844,336,8017,N,58.3333333333333,1,225
8554,36,1.447767,348,7772,N,60,1,225
8283,37,1.347921,324,8554,N,61.6666666666667,1,225
7837,38,1.55177325,373,8283,N,63.3333333333333,1,225
8743,39,1.85131125,445,7837,N,65,1,225
9113,40,1.73482425,417,8743,N,66.6666666666667,1,225
8938,41,1.98443925,477,9113,N,68.3333333333333,1,225
9518,42,1.930356,464,8938,N,70,1,225
9322,43,1.01926125,245,9518,Y,71.6666666666667,2,225
9692,44,0.8902935,214,9322,N,73.3333333333333,2,225
2543,0,1.15238925,277,NA,N,0,0,226
2647,1,1.2064725,290,2543,N,1.66666666666667,0,226
2539,2,1.16903025,281,2647,N,3.33333333333333,0,226
2880,3,1.314639,316,2539,N,5,0,226
2537,4,1.297998,312,2880,N,6.66666666666667,0,226
2955,5,1.4727285,354,2537,N,8.33333333333333,0,226
2624,6,1.3895235,334,2955,N,10,0,226
2566,7,1.347921,324,2624,N,11.6666666666667,0,226
3613,8,1.48520925,357,2566,N,13.3333333333333,0,226
4112,9,1.4560875,350,3613,N,15,0,226
4045,10,1.61833725,389,4112,N,16.6666666666667,0,226
3884,11,1.75978575,423,4045,N,18.3333333333333,0,226
4422,12,1.60169625,385,3884,N,20,0,226
3663,13,1.5892155,382,4422,N,21.6666666666667,0,226
3974,14,1.54345275,371,3663,N,23.3333333333333,0,226
3916,15,1.75146525,421,3974,N,25,0,226
4993,16,1.6224975,390,3916,N,26.6666666666667,0,226
5287,17,1.447767,348,4993,N,28.3333333333333,0,226
5030,18,1.4893695,358,5287,N,30,0,226
4986,19,1.6224975,390,5030,N,31.6666666666667,0,226
5804,20,1.7889075,430,4986,N,33.3333333333333,0,226
5753,21,1.82634975,439,5804,N,35,0,226
5013,22,2.1882915,526,5753,N,36.6666666666667,0,226
5500,23,2.6043165,626,5013,N,38.3333333333333,0,226
7197,24,2.629278,632,5500,N,40,0,226
6170,25,1.29383775,311,7197,Y,41.6666666666667,1,226
7090,26,1.2896775,310,6170,N,43.3333333333333,1,226
6826,27,1.4560875,350,7090,N,45,1,226
6784,28,1.29383775,311,6826,N,46.6666666666667,1,226
6207,29,1.3396005,322,6784,N,48.3333333333333,1,226
6965,30,1.43528625,345,6207,N,50,1,226
6286,31,1.7057025,410,6965,N,51.6666666666667,1,226
7548,32,1.46856825,353,6286,N,53.3333333333333,1,226
8389,33,1.6724205,402,7548,N,55,1,226
2543,0,1.15238925,277,NA,N,0,0,227
2647,1,1.2064725,290,2543,N,1.66666666666667,0,227
2539,2,1.16903025,281,2647,N,3.33333333333333,0,227
2880,3,1.314639,316,2539,N,5,0,227
2537,4,1.297998,312,2880,N,6.66666666666667,0,227
2955,5,1.4727285,354,2537,N,8.33333333333333,0,227
2624,6,1.3895235,334,2955,N,10,0,227
2566,7,1.347921,324,2624,N,11.6666666666667,0,227
3613,8,1.48520925,357,2566,N,13.3333333333333,0,227
4112,9,1.4560875,350,3613,N,15,0,227
4045,10,1.61833725,389,4112,N,16.6666666666667,0,227
3884,11,1.75978575,423,4045,N,18.3333333333333,0,227
4422,12,1.60169625,385,3884,N,20,0,227
3663,13,1.5892155,382,4422,N,21.6666666666667,0,227
3974,14,1.54345275,371,3663,N,23.3333333333333,0,227
3916,15,1.75146525,421,3974,N,25,0,227
4993,16,1.6224975,390,3916,N,26.6666666666667,0,227
5287,17,1.447767,348,4993,N,28.3333333333333,0,227
5030,18,1.4893695,358,5287,N,30,0,227
4986,19,1.6224975,390,5030,N,31.6666666666667,0,227
5804,20,1.7889075,430,4986,N,33.3333333333333,0,227
5753,21,1.82634975,439,5804,N,35,0,227
5013,22,2.1882915,526,5753,N,36.6666666666667,0,227
5500,23,2.6043165,626,5013,N,38.3333333333333,0,227
7197,24,2.629278,632,5500,N,40,0,227
6173,25,1.46024775,351,7197,Y,41.6666666666667,1,227
7092,26,1.33544025,321,6173,N,43.3333333333333,1,227
6828,27,1.36872225,329,7092,N,45,1,227
6787,28,1.40200425,337,6828,N,46.6666666666667,1,227
6210,29,1.530972,368,6787,N,48.3333333333333,1,227
6968,30,1.60169625,385,6210,N,50,1,227
6289,31,1.4727285,354,6968,N,51.6666666666667,1,227
7550,32,1.65993975,399,6289,N,53.3333333333333,1,227
8391,33,1.597536,384,7550,N,55,1,227
7954,34,1.84299075,443,8391,N,56.6666666666667,1,227
7607,35,1.80138825,433,7954,N,58.3333333333333,1,227
8432,36,1.99275975,479,7607,N,60,1,227
8127,37,2.030202,488,8432,N,61.6666666666667,1,227
7532,38,2.4046245,578,8127,N,63.3333333333333,1,227
8665,39,2.4711885,594,7532,N,65,1,227
9042,40,1.15238925,277,8665,Y,66.6666666666667,2,227
8857,41,1.32711975,319,9042,N,68.3333333333333,2,227
9438,42,1.2231135,294,8857,N,70,2,227
9235,43,1.70986275,411,9438,N,71.6666666666667,2,227
9634,44,1.397844,336,9235,N,73.3333333333333,2,227
9843,45,1.4228055,342,9634,N,75,2,227
10160,46,1.70154225,409,9843,N,76.6666666666667,2,227
10129,47,1.763946,424,10160,N,78.3333333333333,2,227
10881,48,2.27565675,547,10129,N,80,2,227
11161,50,2.40878475,579,10881,N,83.3333333333333,2,227
11809,51,1.06086375,255,11161,Y,85,3,227
11104,52,1.04422275,251,11809,N,86.6666666666667,3,227
11737,53,1.098306,264,11104,N,88.3333333333333,3,227
11461,54,1.20231225,289,11737,N,90,3,227
10873,55,1.17735075,283,11461,N,91.6666666666667,3,227
12888,56,1.048383,252,10873,N,93.3333333333333,3,227
12737,57,1.16070975,279,12888,N,95,3,227
12831,58,1.26887625,305,12737,N,96.6666666666667,3,227
12485,59,1.60169625,385,12831,N,98.3333333333333,3,227
13283,61,1.31879925,317,12485,N,101.666666666667,3,227
13672,62,1.564254,376,13283,N,103.333333333333,3,227
15368,64,1.60169625,385,13672,N,106.666666666667,3,227
15066,65,1.6890615,406,15368,N,108.333333333333,3,227
15189,66,1.780587,428,15066,N,110,3,227
15044,67,1.5559335,374,15189,N,111.666666666667,3,227
14990,68,0.965178,232,15044,Y,113.333333333333,4,227
2817,0,1.20231225,289,NA,N,0,0,228
2915,1,1.364562,328,2817,N,1.66666666666667,0,228
3011,2,1.29383775,311,2915,N,3.33333333333333,0,228
3137,3,1.3728825,330,3011,N,5,0,228
2770,4,1.36040175,327,3137,N,6.66666666666667,0,228
3221,5,1.41032475,339,2770,N,8.33333333333333,0,228
2939,6,1.36872225,329,3221,N,10,0,228
2756,7,1.4228055,342,2939,N,11.6666666666667,0,228
4455,8,1.43528625,345,2756,N,13.3333333333333,0,228
4319,9,1.297998,312,4455,N,15,0,228
4258,10,1.20231225,289,4319,N,16.6666666666667,0,228
4082,11,1.19399175,287,4258,N,18.3333333333333,0,228
4500,12,1.26055575,303,4082,N,20,0,228
3856,13,1.24391475,299,4500,N,21.6666666666667,0,228
4194,14,1.3229595,318,3856,N,23.3333333333333,0,228
4118,15,1.214793,292,4194,N,25,0,228
5209,16,1.33128,320,4118,N,26.6666666666667,0,228
5529,17,1.4394465,346,5209,N,28.3333333333333,0,228
5271,18,1.5060105,362,5529,N,30,0,228
5243,19,1.6391385,394,5271,N,31.6666666666667,0,228
5900,20,1.65161925,397,5243,N,33.3333333333333,0,228
5853,21,1.747305,420,5900,N,35,0,228
5254,22,1.96779825,473,5853,N,36.6666666666667,0,228
5591,23,1.913715,460,5254,N,38.3333333333333,0,228
7253,24,1.07750475,259,5591,Y,40,1,228
6305,25,1.181511,284,7253,N,41.6666666666667,1,228
7182,26,1.2730365,306,6305,N,43.3333333333333,1,228
6930,27,1.2563955,302,7182,N,45,1,228
6907,28,1.30215825,313,6930,N,46.6666666666667,1,228
6334,29,1.40200425,337,6907,N,48.3333333333333,1,228
7105,30,1.4893695,358,6334,N,50,1,228
6407,31,1.65161925,397,7105,N,51.6666666666667,1,228
7708,32,1.614177,388,6407,N,53.3333333333333,1,228
8477,33,1.6058565,386,7708,N,55,1,228
8005,34,1.6391385,394,8477,N,56.6666666666667,1,228
7733,35,1.714023,412,8005,N,58.3333333333333,1,228
8537,36,1.8721125,450,7733,N,60,1,228
8237,37,1.92619575,463,8537,N,61.6666666666667,1,228
7802,38,2.24237475,539,8237,N,63.3333333333333,1,228
8724,39,2.096766,504,7802,N,65,1,228
9094,40,2.379663,572,8724,N,66.6666666666667,1,228
8916,41,2.49615,600,9094,N,68.3333333333333,1,228
9498,42,1.17735075,283,8916,Y,70,2,228
9303,43,1.281357,308,9498,N,71.6666666666667,2,228
2817,0,1.20231225,289,NA,N,0,0,229
2915,1,1.364562,328,2817,N,1.66666666666667,0,229
3011,2,1.29383775,311,2915,N,3.33333333333333,0,229
3137,3,1.3728825,330,3011,N,5,0,229
2770,4,1.36040175,327,3137,N,6.66666666666667,0,229
3221,5,1.41032475,339,2770,N,8.33333333333333,0,229
2939,6,1.36872225,329,3221,N,10,0,229
2756,7,1.4228055,342,2939,N,11.6666666666667,0,229
4455,8,1.43528625,345,2756,N,13.3333333333333,0,229
4319,9,1.297998,312,4455,N,15,0,229
4258,10,1.20231225,289,4319,N,16.6666666666667,0,229
4082,11,1.19399175,287,4258,N,18.3333333333333,0,229
4500,12,1.26055575,303,4082,N,20,0,229
3856,13,1.24391475,299,4500,N,21.6666666666667,0,229
4194,14,1.3229595,318,3856,N,23.3333333333333,0,229
4118,15,1.214793,292,4194,N,25,0,229
5209,16,1.33128,320,4118,N,26.6666666666667,0,229
5529,17,1.4394465,346,5209,N,28.3333333333333,0,229
5271,18,1.5060105,362,5529,N,30,0,229
5243,19,1.6391385,394,5271,N,31.6666666666667,0,229
5900,20,1.65161925,397,5243,N,33.3333333333333,0,229
5853,21,1.747305,420,5900,N,35,0,229
5254,22,1.96779825,473,5853,N,36.6666666666667,0,229
5591,23,1.913715,460,5254,N,38.3333333333333,0,229
7253,24,1.07750475,259,5591,Y,40,1,229
6305,25,1.181511,284,7253,N,41.6666666666667,1,229
7182,26,1.2730365,306,6305,N,43.3333333333333,1,229
6930,27,1.2563955,302,7182,N,45,1,229
6907,28,1.30215825,313,6930,N,46.6666666666667,1,229
6334,29,1.40200425,337,6907,N,48.3333333333333,1,229
7105,30,1.4893695,358,6334,N,50,1,229
6407,31,1.65161925,397,7105,N,51.6666666666667,1,229
7708,32,1.614177,388,6407,N,53.3333333333333,1,229
8477,33,1.6058565,386,7708,N,55,1,229
8005,34,1.6391385,394,8477,N,56.6666666666667,1,229
7733,35,1.714023,412,8005,N,58.3333333333333,1,229
8537,36,1.8721125,450,7733,N,60,1,229
8237,37,1.92619575,463,8537,N,61.6666666666667,1,229
7802,38,2.24237475,539,8237,N,63.3333333333333,1,229
8724,39,2.096766,504,7802,N,65,1,229
9094,40,2.379663,572,8724,N,66.6666666666667,1,229
8916,41,2.49615,600,9094,N,68.3333333333333,1,229
9497,42,1.2563955,302,8916,Y,70,2,229
9302,43,1.264716,304,9497,N,71.6666666666667,2,229
9691,44,1.45192725,349,9302,N,73.3333333333333,2,229
10008,45,1.52681175,367,9691,N,75,2,229
10284,46,1.51017075,363,10008,N,76.6666666666667,2,229
10256,47,1.61833725,389,10284,N,78.3333333333333,2,229
10853,48,1.60169625,385,10256,N,80,2,229
12013,49,1.8721125,450,10853,N,81.6666666666667,2,229
11150,50,1.85131125,445,12013,N,83.3333333333333,2,229
11795,51,1.71818325,413,11150,N,85,2,229
11092,52,2.00940075,483,11795,N,86.6666666666667,2,229
11713,53,2.1716505,522,11092,N,88.3333333333333,2,229
11425,54,1.91787525,461,11713,N,90,2,229
10839,55,2.179971,524,11425,N,91.6666666666667,2,229
12860,56,1.946997,468,10839,N,93.3333333333333,2,229
12692,57,2.19245175,527,12860,N,95,2,229
12720,58,2.16333,520,12692,N,96.6666666666667,2,229
12458,59,2.5710345,618,12720,N,98.3333333333333,2,229
13187,60,0.965178,232,12458,Y,100,3,229
13266,61,1.3562415,326,13187,N,101.666666666667,3,229
13658,62,1.50185025,361,13266,N,103.333333333333,3,229
13722,63,1.55177325,373,13658,N,105,3,229
15341,64,1.5725745,378,13722,N,106.666666666667,3,229
15004,65,1.73482425,417,15341,N,108.333333333333,3,229
15160,66,1.9885995,478,15004,N,110,3,229
14973,67,1.9220355,462,15160,N,111.666666666667,3,229
14847,68,2.14252875,515,14973,N,113.333333333333,3,229
14944,69,1.99275975,479,14847,N,115,3,229
15505,70,2.0218815,486,14944,N,116.666666666667,3,229
2823,0,0.7738065,186,NA,N,0,0,230
2918,1,0.99429975,239,2823,N,1.66666666666667,0,230
3018,2,1.0400625,250,2918,N,3.33333333333333,0,230
3141,3,0.9568575,230,3018,N,5,0,230
2946,6,1.248075,300,3141,N,10,0,230
2762,7,1.12742775,271,2946,N,11.6666666666667,0,230
4457,8,1.2064725,290,2762,N,13.3333333333333,0,230
4324,9,1.16903025,281,4457,N,15,0,230
4264,10,1.22727375,295,4324,N,16.6666666666667,0,230
4087,11,1.1898315,286,4264,N,18.3333333333333,0,230
4502,12,1.3229595,318,4087,N,20,0,230
3861,13,1.33128,320,4502,N,21.6666666666667,0,230
4199,14,1.2730365,306,3861,N,23.3333333333333,0,230
4125,15,1.40200425,337,4199,N,25,0,230
5215,16,1.4061645,338,4125,N,26.6666666666667,0,230
5531,17,1.44360675,347,5215,N,28.3333333333333,0,230
5277,18,1.53513225,369,5531,N,30,0,230
5252,19,1.5392925,370,5277,N,31.6666666666667,0,230
5902,20,1.54345275,371,5252,N,33.3333333333333,0,230
5855,21,1.647459,396,5902,N,35,0,230
5260,22,1.6890615,406,5855,N,36.6666666666667,0,230
5592,23,1.74314475,419,5260,N,38.3333333333333,0,230
7254,24,1.85963175,447,5592,N,40,0,230
6308,25,1.93451625,465,7254,N,41.6666666666667,0,230
7297,26,2.0385225,490,6308,N,43.3333333333333,0,230
6933,27,2.313099,556,7297,N,45,0,230
6910,28,2.48366925,597,6933,N,46.6666666666667,0,230
5978,29,1.11078675,267,6910,Y,48.3333333333333,1,230
6607,30,1.13574825,273,5978,N,50,1,230
5993,31,1.17735075,283,6607,N,51.6666666666667,1,230
7391,32,1.16070975,279,5993,N,53.3333333333333,1,230
8160,33,1.16070975,279,7391,N,55,1,230
7873,34,1.2896775,310,8160,N,56.6666666666667,1,230
7353,35,1.3229595,318,7873,N,58.3333333333333,1,230
8203,36,1.347921,324,7353,N,60,1,230
8050,37,1.39368375,335,8203,N,61.6666666666667,1,230
7368,38,1.397844,336,8050,N,63.3333333333333,1,230
8590,39,1.414485,340,7368,N,65,1,230
8971,40,1.49769,360,8590,N,66.6666666666667,1,230
8782,41,1.680741,404,8971,N,68.3333333333333,1,230
9358,42,1.8221895,438,8782,N,70,1,230
9156,43,1.9053945,458,9358,N,71.6666666666667,1,230
9557,44,2.07596475,499,9156,N,73.3333333333333,1,230
9849,45,0.85285125,205,9557,Y,75,2,230
10171,46,0.848691,204,9849,N,76.6666666666667,2,230
10141,47,0.9235755,222,10171,N,78.3333333333333,2,230
10518,48,0.96933825,233,10141,N,80,2,230
11948,49,1.05254325,253,10518,N,81.6666666666667,2,230
2580,0,1.88459325,453,NA,N,0,0,231
2698,1,1.7389845,418,2580,N,1.66666666666667,0,231
2716,2,1.9220355,462,2698,N,3.33333333333333,0,231
2897,3,0.915255,220,2716,Y,5,1,231
2573,4,0.881973,212,2897,N,6.66666666666667,1,231
3005,5,0.9734985,234,2573,N,8.33333333333333,1,231
2661,6,1.048383,252,3005,N,10,1,231
2599,7,1.131588,272,2661,N,11.6666666666667,1,231
3627,8,1.1731905,282,2599,N,13.3333333333333,1,231
4142,9,1.19399175,287,3627,N,15,1,231
4074,10,1.16070975,279,4142,N,16.6666666666667,1,231
3911,11,1.131588,272,4074,N,18.3333333333333,1,231
4433,12,1.1898315,286,3911,N,20,1,231
3670,13,1.22727375,295,4433,N,21.6666666666667,1,231
4008,14,1.27719675,307,3670,N,23.3333333333333,1,231
3943,15,1.26055575,303,4008,N,25,1,231
5019,16,1.3562415,326,3943,N,26.6666666666667,1,231
5317,17,1.36872225,329,5019,N,28.3333333333333,1,231
5067,18,1.3562415,326,5317,N,30,1,231
5020,19,1.3895235,334,5067,N,31.6666666666667,1,231
5817,20,1.381203,332,5020,N,33.3333333333333,1,231
5765,21,1.46024775,351,5817,N,35,1,231
5054,22,1.414485,340,5765,N,36.6666666666667,1,231
5520,23,1.297998,312,5054,N,38.3333333333333,1,231
7214,24,1.5060105,362,5520,N,40,1,231
6203,25,1.53513225,369,7214,N,41.6666666666667,1,231
7104,26,1.547613,372,6203,N,43.3333333333333,1,231
6845,27,1.5060105,362,7104,N,45,1,231
6806,28,1.51017075,363,6845,N,46.6666666666667,1,231
6225,29,1.56009375,375,6806,N,48.3333333333333,1,231
6981,30,1.580895,380,6225,N,50,1,231
6307,31,1.630818,392,6981,N,51.6666666666667,1,231
7610,32,1.6391385,394,6307,N,53.3333333333333,1,231
8402,33,1.66826025,401,7610,N,55,1,231
7961,34,1.81802925,437,8402,N,56.6666666666667,1,231
7623,35,1.75978575,423,7961,N,58.3333333333333,1,231
8445,36,1.72650375,415,7623,N,60,1,231
8143,37,1.863792,448,8445,N,61.6666666666667,1,231
7660,38,1.85131125,445,8143,N,63.3333333333333,1,231
8675,39,2.01772125,485,7660,N,65,1,231
9049,40,2.12588775,511,8675,N,66.6666666666667,1,231
8867,41,2.26733625,545,9049,N,68.3333333333333,1,231
9447,42,2.74992525,661,8867,N,70,1,231
9247,43,2.5377525,610,9447,N,71.6666666666667,1,231
9644,44,2.5211115,606,9247,N,73.3333333333333,1,231
9856,45,1.07750475,259,9644,Y,75,2,231
10182,46,1.03590225,249,9856,N,76.6666666666667,2,231
10152,47,1.38536325,333,10182,N,78.3333333333333,2,231
10525,48,1.49352975,359,10152,N,80,2,231
10953,50,1.77642675,427,10525,N,83.3333333333333,2,231
11670,51,1.747305,420,10953,N,85,2,231
11020,52,1.88459325,453,11670,N,86.6666666666667,2,231
11569,53,1.8887535,454,11020,N,88.3333333333333,2,231
10676,55,1.10246625,265,11569,Y,91.6666666666667,3,231
12638,56,1.24391475,299,10676,N,93.3333333333333,3,231
12294,57,1.36040175,327,12638,N,95,3,231
2580,0,1.88459325,453,NA,N,0,0,232
2698,1,1.7389845,418,2580,N,1.66666666666667,0,232
2716,2,1.9220355,462,2698,N,3.33333333333333,0,232
2897,3,0.915255,220,2716,Y,5,1,232
2573,4,0.881973,212,2897,N,6.66666666666667,1,232
3005,5,0.9734985,234,2573,N,8.33333333333333,1,232
2661,6,1.048383,252,3005,N,10,1,232
2599,7,1.131588,272,2661,N,11.6666666666667,1,232
3627,8,1.1731905,282,2599,N,13.3333333333333,1,232
4142,9,1.19399175,287,3627,N,15,1,232
4074,10,1.16070975,279,4142,N,16.6666666666667,1,232
3911,11,1.131588,272,4074,N,18.3333333333333,1,232
4433,12,1.1898315,286,3911,N,20,1,232
3670,13,1.22727375,295,4433,N,21.6666666666667,1,232
4008,14,1.27719675,307,3670,N,23.3333333333333,1,232
3943,15,1.26055575,303,4008,N,25,1,232
5019,16,1.3562415,326,3943,N,26.6666666666667,1,232
5317,17,1.36872225,329,5019,N,28.3333333333333,1,232
5067,18,1.3562415,326,5317,N,30,1,232
5020,19,1.3895235,334,5067,N,31.6666666666667,1,232
5817,20,1.381203,332,5020,N,33.3333333333333,1,232
5765,21,1.46024775,351,5817,N,35,1,232
5054,22,1.414485,340,5765,N,36.6666666666667,1,232
5520,23,1.297998,312,5054,N,38.3333333333333,1,232
7214,24,1.5060105,362,5520,N,40,1,232
6203,25,1.53513225,369,7214,N,41.6666666666667,1,232
7104,26,1.547613,372,6203,N,43.3333333333333,1,232
6845,27,1.5060105,362,7104,N,45,1,232
6806,28,1.51017075,363,6845,N,46.6666666666667,1,232
6225,29,1.56009375,375,6806,N,48.3333333333333,1,232
6981,30,1.580895,380,6225,N,50,1,232
6307,31,1.630818,392,6981,N,51.6666666666667,1,232
7610,32,1.6391385,394,6307,N,53.3333333333333,1,232
8402,33,1.66826025,401,7610,N,55,1,232
7961,34,1.81802925,437,8402,N,56.6666666666667,1,232
7623,35,1.75978575,423,7961,N,58.3333333333333,1,232
8445,36,1.72650375,415,7623,N,60,1,232
8143,37,1.863792,448,8445,N,61.6666666666667,1,232
7660,38,1.85131125,445,8143,N,63.3333333333333,1,232
8675,39,2.01772125,485,7660,N,65,1,232
9049,40,2.12588775,511,8675,N,66.6666666666667,1,232
8867,41,2.26733625,545,9049,N,68.3333333333333,1,232
9447,42,2.74992525,661,8867,N,70,1,232
9247,43,2.5377525,610,9447,N,71.6666666666667,1,232
9644,44,2.5211115,606,9247,N,73.3333333333333,1,232
9855,45,1.13574825,273,9644,Y,75,2,232
10181,46,1.3396005,322,9855,N,76.6666666666667,2,232
10150,47,1.5392925,370,10181,N,78.3333333333333,2,232
10524,48,1.61833725,389,10150,N,80,2,232
11954,49,1.6391385,394,10524,N,81.6666666666667,2,232
10950,50,1.797228,432,11954,N,83.3333333333333,2,232
11668,51,1.80138825,433,10950,N,85,2,232
11019,52,2.0218815,486,11668,N,86.6666666666667,2,232
11567,53,2.04268275,491,11019,N,88.3333333333333,2,232
11340,54,2.379663,572,11567,N,90,2,232
10675,55,2.19245175,527,11340,N,91.6666666666667,2,232
12764,56,1.35208125,325,10675,Y,93.3333333333333,3,232
12522,57,1.26887625,305,12764,N,95,3,232
12554,58,1.397844,336,12522,N,96.6666666666667,3,232
12388,59,1.58505525,381,12554,N,98.3333333333333,3,232
13090,60,1.481049,356,12388,N,100,3,232
13160,61,1.6641,400,13090,N,101.666666666667,3,232
13595,62,1.86795225,449,13160,N,103.333333333333,3,232
13552,63,2.07596475,499,13595,N,105,3,232
15283,64,2.0718045,498,13552,N,106.666666666667,3,232
14824,65,1.065024,256,15283,Y,108.333333333333,4,232
15025,66,1.12742775,271,14824,N,110,4,232
14798,67,1.08582525,261,15025,N,111.666666666667,4,232
14663,68,1.42696575,343,14798,N,113.333333333333,4,232
14727,69,1.54345275,371,14663,N,115,4,232
15479,70,1.680741,404,14727,N,116.666666666667,4,232
2580,0,1.88459325,453,NA,N,0,0,233
2698,1,1.7389845,418,2580,N,1.66666666666667,0,233
2716,2,1.9220355,462,2698,N,3.33333333333333,0,233
2896,3,0.88613325,213,2716,Y,5,1,233
2568,4,0.782127,188,2896,N,6.66666666666667,1,233
2998,5,0.87781275,211,2568,N,8.33333333333333,1,233
2655,6,0.81956925,197,2998,N,10,1,233
2595,7,0.931896,224,2655,N,11.6666666666667,1,233
3625,8,0.91109475,219,2595,N,13.3333333333333,1,233
3917,9,0.9901395,238,3625,N,15,1,233
3322,10,1.11078675,267,3917,N,16.6666666666667,1,233
3704,11,0.9901395,238,3322,N,18.3333333333333,1,233
3476,12,1.22727375,295,3704,N,20,1,233
3557,13,0.931896,224,3476,N,21.6666666666667,1,233
3760,14,1.2231135,294,3557,N,23.3333333333333,1,233
3721,15,1.11078675,267,3760,N,25,1,233
4792,16,1.1898315,286,3721,N,26.6666666666667,1,233
5066,17,1.3562415,326,4792,N,28.3333333333333,1,233
4835,18,1.38536325,333,5066,N,30,1,233
4758,19,1.414485,340,4835,N,31.6666666666667,1,233
5687,20,1.51017075,363,4758,N,33.3333333333333,1,233
5660,21,1.53513225,369,5687,N,35,1,233
4820,22,1.56009375,375,5660,N,36.6666666666667,1,233
4795,23,1.70154225,409,4820,N,38.3333333333333,1,233
6710,24,1.73482425,417,4795,N,40,1,233
6057,25,1.66826025,401,6710,N,41.6666666666667,1,233
6608,26,1.70154225,409,6057,N,43.3333333333333,1,233
6595,27,1.97611875,475,6608,N,45,1,233
6637,28,2.13420825,513,6595,N,46.6666666666667,1,233
6054,29,2.16333,520,6637,N,48.3333333333333,1,233
6660,30,2.20077225,529,6054,N,50,1,233
6090,31,1.13574825,273,6660,Y,51.6666666666667,2,233
7428,32,1.21895325,293,6090,N,53.3333333333333,2,233
8228,33,1.25223525,301,7428,N,55,2,233
7896,34,1.31047875,315,8228,N,56.6666666666667,2,233
7549,35,1.3063185,314,7896,N,58.3333333333333,2,233
8290,36,1.29383775,311,7549,N,60,2,233
8074,37,1.4228055,342,8290,N,61.6666666666667,2,233
7476,38,1.48520925,357,8074,N,63.3333333333333,2,233
8615,39,1.4727285,354,7476,N,65,2,233
8995,40,1.4394465,346,8615,N,66.6666666666667,2,233
8809,41,1.414485,340,8995,N,68.3333333333333,2,233
9388,42,1.65161925,397,8809,N,70,2,233
9181,43,1.69322175,407,9388,N,71.6666666666667,2,233
9583,44,1.9220355,462,9181,N,73.3333333333333,2,233
9783,45,1.7057025,410,9583,N,75,2,233
10004,46,2.08428525,501,9783,N,76.6666666666667,2,233
9989,47,2.179971,524,10004,N,78.3333333333333,2,233
10458,48,2.2881375,550,9989,N,80,2,233
11892,49,2.39214375,575,10458,N,81.6666666666667,2,233
10765,50,1.14406875,275,11892,Y,83.3333333333333,3,233
11566,51,1.3562415,326,10765,N,85,3,233
10393,52,1.46024775,351,11566,N,86.6666666666667,3,233
2593,0,1.00262025,241,NA,N,0,0,234
2718,1,0.91109475,219,2593,N,1.66666666666667,0,234
2745,2,0.91109475,219,2718,N,3.33333333333333,0,234
2913,3,1.02758175,247,2745,N,5,0,234
2596,4,0.97765875,235,2913,N,6.66666666666667,0,234
3031,5,1.01094075,243,2596,N,8.33333333333333,0,234
2674,6,1.0067805,242,3031,N,10,0,234
2610,7,1.06918425,257,2674,N,11.6666666666667,0,234
3634,8,1.131588,272,2610,N,13.3333333333333,0,234
4163,9,1.13574825,273,3634,N,15,0,234
4093,10,1.18567125,285,4163,N,16.6666666666667,0,234
3922,11,1.214793,292,4093,N,18.3333333333333,0,234
4439,12,1.19399175,287,3922,N,20,0,234
3673,13,1.231434,296,4439,N,21.6666666666667,0,234
4018,14,1.181511,284,3673,N,23.3333333333333,0,234
3951,15,1.24391475,299,4018,N,25,0,234
5033,16,1.36872225,329,3951,N,26.6666666666667,0,234
5333,17,1.31047875,315,5033,N,28.3333333333333,0,234
5082,18,1.41864525,341,5333,N,30,0,234
5032,19,1.38536325,333,5082,N,31.6666666666667,0,234
5822,20,1.431126,344,5032,N,33.3333333333333,0,234
5772,21,1.481049,356,5822,N,35,0,234
5068,22,1.5725745,378,5772,N,36.6666666666667,0,234
5526,23,1.514331,364,5068,N,38.3333333333333,0,234
7218,24,1.65993975,399,5526,N,40,0,234
6214,25,1.6557795,398,7218,N,41.6666666666667,0,234
7111,26,1.84299075,443,6214,N,43.3333333333333,0,234
6858,27,1.78474725,429,7111,N,45,0,234
6822,28,1.85963175,447,6858,N,46.6666666666667,0,234
6243,29,2.013561,484,6822,N,48.3333333333333,0,234
7008,30,2.246535,540,6243,N,50,0,234
6330,31,2.45870775,591,7008,N,51.6666666666667,0,234
7622,32,2.46702825,593,6330,N,53.3333333333333,0,234
8414,33,1.46024775,351,7622,Y,55,1,234
7970,34,1.61833725,389,8414,N,56.6666666666667,1,234
7639,35,1.580895,380,7970,N,58.3333333333333,1,234
8459,36,1.65993975,399,7639,N,60,1,234
8150,37,1.77642675,427,8459,N,61.6666666666667,1,234
7677,38,1.82634975,439,8150,N,63.3333333333333,1,234
8681,39,1.80970875,435,7677,N,65,1,234
9055,40,1.81802925,437,8681,N,66.6666666666667,1,234
8874,41,1.8554715,446,9055,N,68.3333333333333,1,234
9455,42,1.91787525,461,8874,N,70,1,234
9255,43,2.17581075,523,9455,N,71.6666666666667,1,234
9651,44,2.50863075,603,9255,N,73.3333333333333,1,234
9872,45,2.4545475,590,9651,N,75,1,234
10200,46,2.57519475,619,9872,N,76.6666666666667,1,234
10170,47,1.36040175,327,10200,Y,78.3333333333333,2,234
10535,48,1.37704275,331,10170,N,80,2,234
11965,49,1.47688875,355,10535,N,81.6666666666667,2,234
10985,50,1.61833725,389,11965,N,83.3333333333333,2,234
11697,51,1.614177,388,10985,N,85,2,234
11032,52,1.763946,424,11697,N,86.6666666666667,2,234
11633,53,1.8554715,446,11032,N,88.3333333333333,2,234
11349,54,2.13420825,513,11633,N,90,2,234
10688,55,1.95115725,469,11349,N,91.6666666666667,2,234
12779,56,2.18413125,525,10688,N,93.3333333333333,2,234
12555,57,2.24237475,539,12779,N,95,2,234
12588,58,2.16749025,521,12555,N,96.6666666666667,2,234
12402,59,2.24237475,539,12588,N,98.3333333333333,2,234
12941,61,2.47534875,595,12402,N,101.666666666667,2,234
13307,62,1.26055575,303,12941,Y,103.333333333333,3,234
2850,0,0.81956925,197,NA,N,0,0,235
2950,1,0.97765875,235,2850,N,1.66666666666667,0,235
3052,2,0.8736525,210,2950,N,3.33333333333333,0,235
3160,3,0.86949225,209,3052,N,5,0,235
2802,4,0.96933825,233,3160,N,6.66666666666667,0,235
3235,5,0.98597925,237,2802,N,8.33333333333333,0,235
2965,6,0.94437675,227,3235,N,10,0,235
2782,7,0.9402165,226,2965,N,11.6666666666667,0,235
4467,8,1.01926125,245,2782,N,13.3333333333333,0,235
4339,9,1.0067805,242,4467,N,15,0,235
4285,10,0.96933825,233,4339,N,16.6666666666667,0,235
4105,11,1.098306,264,4285,N,18.3333333333333,0,235
4510,12,1.048383,252,4105,N,20,0,235
3875,13,1.1066265,266,4510,N,21.6666666666667,0,235
4217,14,1.21895325,293,3875,N,23.3333333333333,0,235
4139,15,1.2231135,294,4217,N,25,0,235
5236,16,1.131588,272,4139,N,26.6666666666667,0,235
5537,17,1.40200425,337,5236,N,28.3333333333333,0,235
5296,18,1.4061645,338,5537,N,30,0,235
5269,19,1.47688875,355,5296,N,31.6666666666667,0,235
5907,20,1.31047875,315,5269,N,33.3333333333333,0,235
5860,21,1.42696575,343,5907,N,35,0,235
5274,22,1.4061645,338,5860,N,36.6666666666667,0,235
5595,23,1.697382,408,5274,N,38.3333333333333,0,235
7258,24,1.863792,448,5595,N,40,0,235
6317,25,1.6890615,406,7258,N,41.6666666666667,0,235
7300,26,2.07596475,499,6317,N,43.3333333333333,0,235
6948,27,2.05932375,495,7300,N,45,0,235
6954,28,1.36040175,327,6948,Y,46.6666666666667,1,235
6391,29,1.31879925,317,6954,N,48.3333333333333,1,235
7136,30,1.49352975,359,6391,N,50,1,235
6450,31,1.547613,372,7136,N,51.6666666666667,1,235
7746,32,1.68490125,405,6450,N,53.3333333333333,1,235
8504,33,1.54345275,371,7746,N,55,1,235
8015,34,1.630818,392,8504,N,56.6666666666667,1,235
7767,35,1.77642675,427,8015,N,58.3333333333333,1,235
8552,36,1.53513225,369,7767,N,60,1,235
8277,37,1.8721125,450,8552,N,61.6666666666667,1,235
7835,38,2.02604175,487,8277,N,63.3333333333333,1,235
8740,39,1.97611875,475,7835,N,65,1,235
9110,40,2.3047785,554,8740,N,66.6666666666667,1,235
8935,41,2.196612,528,9110,N,68.3333333333333,1,235
9345,42,2.346381,564,8935,N,70,1,235
9238,43,1.31047875,315,9345,Y,71.6666666666667,2,235
9609,44,1.49769,360,9238,N,73.3333333333333,2,235
9816,45,1.547613,372,9609,N,75,2,235
10096,46,1.53513225,369,9816,N,76.6666666666667,2,235
10080,47,1.64329875,395,10096,N,78.3333333333333,2,235
10494,48,1.7722665,426,10080,N,80,2,235
11924,49,1.70154225,409,10494,N,81.6666666666667,2,235
10799,50,1.70154225,409,11924,N,83.3333333333333,2,235
11602,51,1.65993975,399,10799,N,85,2,235
2597,0,1.564254,376,NA,N,0,0,236
2723,1,1.6641,400,2597,N,1.66666666666667,0,236
2752,2,1.70986275,411,2723,N,3.33333333333333,0,236
2916,3,1.80138825,433,2752,N,5,0,236
2603,4,1.90123425,457,2916,N,6.66666666666667,0,236
3046,5,1.90955475,459,2603,N,8.33333333333333,0,236
2679,6,1.9220355,462,3046,N,10,0,236
2615,7,1.9885995,478,2679,N,11.6666666666667,0,236
3636,8,1.98443925,477,2615,N,13.3333333333333,0,236
4169,9,2.179971,524,3636,N,15,0,236
4098,10,2.1050865,506,4169,N,16.6666666666667,0,236
3928,11,2.08428525,501,4098,N,18.3333333333333,0,236
4441,12,2.20077225,529,3928,N,20,0,236
3674,13,2.20909275,531,4441,N,21.6666666666667,0,236
4023,14,2.25069525,541,3674,N,23.3333333333333,0,236
3955,15,2.33390025,561,4023,N,25,0,236
5040,16,2.30893875,555,3955,N,26.6666666666667,0,236
5338,17,1.14406875,275,5040,Y,28.3333333333333,1,236
5086,18,1.21895325,293,5338,N,30,1,236
5038,19,1.2563955,302,5086,N,31.6666666666667,1,236
5824,20,1.30215825,313,5038,N,33.3333333333333,1,236
5774,21,1.35208125,325,5824,N,35,1,236
5073,22,1.3396005,322,5774,N,36.6666666666667,1,236
5528,23,1.447767,348,5073,N,38.3333333333333,1,236
7219,24,1.4727285,354,5528,N,40,1,236
6217,25,1.55177325,373,7219,N,41.6666666666667,1,236
7112,26,1.6224975,390,6217,N,43.3333333333333,1,236
6860,27,1.80970875,435,7112,N,45,1,236
6825,28,1.98443925,477,6860,N,46.6666666666667,1,236
6246,29,2.113407,508,6825,N,48.3333333333333,1,236
7011,30,2.18413125,525,6246,N,50,1,236
6333,31,2.080125,500,7011,N,51.6666666666667,1,236
7624,32,1.12742775,271,6333,Y,53.3333333333333,2,236
8416,33,1.1565495,278,7624,N,55,2,236
7972,34,1.198152,288,8416,N,56.6666666666667,2,236
7644,35,1.464408,352,7972,N,58.3333333333333,2,236
8463,36,1.4893695,358,7644,N,60,2,236
8152,37,1.42696575,343,8463,N,61.6666666666667,2,236
7683,38,1.49352975,359,8152,N,63.3333333333333,2,236
8683,39,1.66826025,401,7683,N,65,2,236
9057,40,1.580895,380,8683,N,66.6666666666667,2,236
8876,41,1.68490125,405,9057,N,68.3333333333333,2,236
9457,42,1.647459,396,8876,N,70,2,236
9257,43,1.82634975,439,9457,N,71.6666666666667,2,236
9653,44,1.85963175,447,9257,N,73.3333333333333,2,236
9879,45,2.10092625,505,9653,N,75,2,236
10202,46,2.33390025,561,9879,N,76.6666666666667,2,236
10175,47,2.4046245,578,10202,N,78.3333333333333,2,236
10537,48,2.23405425,537,10175,N,80,2,236
11967,49,1.08582525,261,10537,Y,81.6666666666667,3,236
10991,50,1.32711975,319,11967,N,83.3333333333333,3,236
11701,51,1.32711975,319,10991,N,85,3,236
11036,52,1.048383,252,11701,N,86.6666666666667,3,236
11639,53,1.4394465,346,11036,N,88.3333333333333,3,236
11352,54,1.30215825,313,11639,N,90,3,236
10690,55,1.60169625,385,11352,N,91.6666666666667,3,236
12783,56,1.614177,388,10690,N,93.3333333333333,3,236
3110,0,1.02758175,247,NA,N,0,0,237
3079,1,1.02758175,247,3110,N,1.66666666666667,0,237
3194,2,1.11078675,267,3079,N,3.33333333333333,0,237
3238,3,1.19399175,287,3194,N,5,0,237
3119,4,1.16070975,279,3238,N,6.66666666666667,0,237
3271,5,1.2563955,302,3119,N,8.33333333333333,0,237
3199,6,1.30215825,313,3271,N,10,0,237
2917,7,1.3562415,326,3199,N,11.6666666666667,0,237
4573,8,1.364562,328,2917,N,13.3333333333333,0,237
4515,9,1.41864525,341,4573,N,15,0,237
4369,10,1.39368375,335,4515,N,16.6666666666667,0,237
4250,11,1.43528625,345,4369,N,18.3333333333333,0,237
4558,12,1.45192725,349,4250,N,20,0,237
4368,13,1.4560875,350,4558,N,21.6666666666667,0,237
4337,14,1.51849125,365,4368,N,23.3333333333333,0,237
4261,15,1.5559335,374,4337,N,25,0,237
5364,16,1.52681175,367,4261,N,26.6666666666667,0,237
5713,17,1.56841425,377,5364,N,28.3333333333333,0,237
5421,18,1.5559335,374,5713,N,30,0,237
5412,19,1.58505525,381,5421,N,31.6666666666667,0,237
5943,20,1.5226515,366,5412,N,33.3333333333333,0,237
5915,21,1.6224975,390,5943,N,35,0,237
5411,22,1.77642675,427,5915,N,36.6666666666667,0,237
5640,23,1.847151,444,5411,N,38.3333333333333,0,237
7286,24,1.86795225,449,5640,N,40,0,237
6487,25,2.01772125,485,7286,N,41.6666666666667,0,237
7327,26,2.05100325,493,6487,N,43.3333333333333,0,237
7161,27,2.14252875,515,7327,N,45,0,237
7028,28,2.21741325,533,7161,N,46.6666666666667,0,237
6451,29,2.396304,576,7028,N,48.3333333333333,0,237
7184,30,2.529432,608,6451,N,50,0,237
6522,31,2.64175875,635,7184,N,51.6666666666667,0,237
7785,32,2.7374445,658,6522,N,53.3333333333333,0,237
8529,33,3.01618125,725,7785,N,55,0,237
8029,34,1.2563955,302,8529,Y,56.6666666666667,1,237
7805,35,1.41864525,341,8029,N,58.3333333333333,1,237
8565,36,1.41864525,341,7805,N,60,1,237
8325,37,1.42696575,343,8565,N,61.6666666666667,1,237
7855,38,1.56009375,375,8325,N,63.3333333333333,1,237
8760,39,1.8221895,438,7855,N,65,1,237
9128,40,1.85131125,445,8760,N,66.6666666666667,1,237
8952,41,1.95947775,471,9128,N,68.3333333333333,1,237
9532,42,2.02604175,487,8952,N,70,1,237
9336,43,2.02604175,487,9532,N,71.6666666666667,1,237
9724,44,2.10092625,505,9336,N,73.3333333333333,1,237
10099,45,2.09260575,503,9724,N,75,1,237
10333,46,2.19245175,527,10099,N,76.6666666666667,1,237
10312,47,2.41710525,581,10333,N,78.3333333333333,1,237
10962,48,2.512791,604,10312,N,80,1,237
12041,49,2.66256,640,10962,N,81.6666666666667,1,237
11176,50,2.62511775,631,12041,N,83.3333333333333,1,237
11829,51,1.41032475,339,11176,Y,85,2,237
11122,52,1.47688875,355,11829,N,86.6666666666667,2,237
11770,53,1.51849125,365,11122,N,88.3333333333333,2,237
11523,54,1.60169625,385,11770,N,90,2,237
10955,55,1.90123425,457,11523,N,91.6666666666667,2,237
12914,56,2.0218815,486,10955,N,93.3333333333333,2,237
12798,57,2.046843,492,12914,N,95,2,237
12880,58,2.13420825,513,12798,N,96.6666666666667,2,237
12564,59,2.4212655,582,12880,N,98.3333333333333,2,237
13533,62,1.36040175,327,12564,Y,103.333333333333,3,237
13522,63,1.530972,368,13533,N,105,3,237
14675,64,1.597536,384,13522,N,106.666666666667,3,237
2604,0,0.6739605,162,NA,N,0,0,238
2734,1,0.71972325,173,2604,N,1.66666666666667,0,238
2764,2,0.70308225,169,2734,N,3.33333333333333,0,238
2921,3,0.881973,212,2764,N,5,0,238
2611,4,0.94437675,227,2921,N,6.66666666666667,0,238
3065,5,0.91941525,221,2611,N,8.33333333333333,0,238
2689,6,0.9402165,226,3065,N,10,0,238
2622,7,0.965178,232,2689,N,11.6666666666667,0,238
4370,8,1.00262025,241,2622,N,13.3333333333333,0,238
4179,9,0.98597925,237,4370,N,15,0,238
4109,10,0.9568575,230,4179,N,16.6666666666667,0,238
3937,11,0.9901395,238,4109,N,18.3333333333333,0,238
4444,12,0.9734985,234,3937,N,20,0,238
3676,13,0.98597925,237,4444,N,21.6666666666667,0,238
4033,14,1.05254325,253,3676,N,23.3333333333333,0,238
3963,15,1.09414575,263,4033,N,25,0,238
5050,16,1.114947,268,3963,N,26.6666666666667,0,238
5352,17,1.14406875,275,5050,N,28.3333333333333,0,238
5100,18,1.1399085,274,5352,N,30,0,238
5053,19,1.14406875,275,5100,N,31.6666666666667,0,238
5829,20,1.15238925,277,5053,N,33.3333333333333,0,238
5780,21,1.20231225,289,5829,N,35,0,238
5087,22,1.2231135,294,5780,N,36.6666666666667,0,238
5535,23,1.297998,312,5087,N,38.3333333333333,0,238
7222,24,1.32711975,319,5535,N,40,0,238
6226,25,1.414485,340,7222,N,41.6666666666667,0,238
7118,26,1.3396005,322,6226,N,43.3333333333333,0,238
6869,27,1.26887625,305,7118,N,45,0,238
6835,28,1.3229595,318,6869,N,46.6666666666667,0,238
6255,29,1.42696575,343,6835,N,48.3333333333333,0,238
7020,30,1.51017075,363,6255,N,50,0,238
6343,31,1.59337575,383,7020,N,51.6666666666667,0,238
7633,32,1.514331,364,6343,N,53.3333333333333,0,238
8423,33,1.747305,420,7633,N,55,0,238
7976,34,1.797228,432,8423,N,56.6666666666667,0,238
7651,35,1.980279,476,7976,N,58.3333333333333,0,238
8467,36,2.0718045,498,7651,N,60,0,238
8155,37,1.90123425,457,8467,N,61.6666666666667,0,238
7690,38,2.146689,516,8155,N,63.3333333333333,0,238
8685,39,2.34222075,563,7690,N,65,0,238
9059,40,2.41710525,581,8685,N,66.6666666666667,0,238
8878,41,1.3229595,318,9059,Y,68.3333333333333,1,238
9460,42,1.3396005,322,8878,N,70,1,238
9261,43,1.3895235,334,9460,N,71.6666666666667,1,238
9655,44,1.48520925,357,9261,N,73.3333333333333,1,238
9885,45,1.614177,388,9655,N,75,1,238
10206,46,1.7223435,414,9885,N,76.6666666666667,1,238
10180,47,1.880433,452,10206,N,78.3333333333333,1,238
10539,48,1.99275975,479,10180,N,80,1,238
11970,49,2.15916975,519,10539,N,81.6666666666667,1,238
10993,50,2.096766,504,11970,N,83.3333333333333,1,238
11704,51,2.296458,552,10993,N,85,1,238
11038,52,2.130048,512,11704,N,86.6666666666667,1,238
11643,53,1.2231135,294,11038,Y,88.3333333333333,2,238
11354,54,1.3229595,318,11643,N,90,2,238
10692,55,1.3396005,322,11354,N,91.6666666666667,2,238
12790,56,1.3562415,326,10692,N,93.3333333333333,2,238
12567,57,1.53513225,369,12790,N,95,2,238
12600,58,1.62665775,391,12567,N,96.6666666666667,2,238
12406,59,1.59337575,383,12600,N,98.3333333333333,2,238
13111,60,1.414485,340,12406,N,100,2,238
13184,61,1.647459,396,13111,N,101.666666666667,2,238
13610,62,2.02604175,487,13184,N,103.333333333333,2,238
13573,63,2.4212655,582,13610,N,105,2,238
15299,64,2.66672025,641,13573,N,106.666666666667,2,238
14858,65,2.5044705,602,15299,N,108.333333333333,2,238
15058,66,1.2896775,310,14858,Y,110,3,238
14832,67,1.41864525,341,15058,N,111.666666666667,3,238
14698,68,1.364562,328,14832,N,113.333333333333,3,238
14762,69,1.56009375,375,14698,N,115,3,238
15487,70,1.7057025,410,14762,N,116.666666666667,3,238
2350,0,1.9553175,470,NA,N,0,0,239
2310,1,1.7389845,418,2350,N,1.66666666666667,0,239
2361,2,2.063484,496,2310,N,3.33333333333333,0,239
2425,3,2.09260575,503,2361,N,5,0,239
2366,4,1.00262025,241,2425,Y,6.66666666666667,1,239
2383,5,1.01926125,245,2366,N,8.33333333333333,1,239
2436,6,1.065024,256,2383,N,10,1,239
2427,7,1.081665,260,2436,N,11.6666666666667,1,239
3496,8,1.1066265,266,2427,N,13.3333333333333,1,239
3953,9,1.16903025,281,3496,N,15,1,239
3649,10,1.21063275,291,3953,N,16.6666666666667,1,239
3735,11,1.1898315,286,3649,N,18.3333333333333,1,239
3507,12,1.34376075,323,3735,N,20,1,239
3594,13,1.414485,340,3507,N,21.6666666666667,1,239
3805,14,1.51849125,365,3594,N,23.3333333333333,1,239
3758,15,1.5392925,370,3805,N,25,1,239
4842,16,1.53513225,369,3758,N,26.6666666666667,1,239
5113,17,1.60169625,385,4842,N,28.3333333333333,1,239
4877,18,1.56009375,375,5113,N,30,1,239
4806,19,1.6224975,390,4877,N,31.6666666666667,1,239
5732,20,1.68490125,405,4806,N,33.3333333333333,1,239
5693,21,1.76810625,425,5732,N,35,1,239
4867,22,1.73482425,417,5693,N,36.6666666666667,1,239
4847,23,1.83051,440,4867,N,38.3333333333333,1,239
6967,24,1.94283675,467,4847,N,40,1,239
6082,25,1.99692,480,6967,N,41.6666666666667,1,239
6988,26,2.08428525,501,6082,N,43.3333333333333,1,239
6739,27,2.1050865,506,6988,N,45,1,239
6698,28,2.4379065,586,6739,N,46.6666666666667,1,239
6113,29,2.5543935,614,6698,N,48.3333333333333,1,239
6815,30,2.6542395,638,6113,N,50,1,239
6163,31,2.93297625,705,6815,N,51.6666666666667,1,239
7449,32,2.7540855,662,6163,N,53.3333333333333,1,239
8289,33,1.37704275,331,7449,Y,55,2,239
2350,0,1.9553175,470,NA,N,0,0,240
2310,1,1.7389845,418,2350,N,1.66666666666667,0,240
2361,2,2.063484,496,2310,N,3.33333333333333,0,240
2425,3,2.09260575,503,2361,N,5,0,240
2366,4,1.00262025,241,2425,Y,6.66666666666667,1,240
2383,5,1.01926125,245,2366,N,8.33333333333333,1,240
2436,6,1.065024,256,2383,N,10,1,240
2427,7,1.081665,260,2436,N,11.6666666666667,1,240
3496,8,1.1066265,266,2427,N,13.3333333333333,1,240
3953,9,1.16903025,281,3496,N,15,1,240
3649,10,1.21063275,291,3953,N,16.6666666666667,1,240
3735,11,1.1898315,286,3649,N,18.3333333333333,1,240
3507,12,1.34376075,323,3735,N,20,1,240
3594,13,1.414485,340,3507,N,21.6666666666667,1,240
3805,14,1.51849125,365,3594,N,23.3333333333333,1,240
3758,15,1.5392925,370,3805,N,25,1,240
4842,16,1.53513225,369,3758,N,26.6666666666667,1,240
5113,17,1.60169625,385,4842,N,28.3333333333333,1,240
4877,18,1.56009375,375,5113,N,30,1,240
4806,19,1.6224975,390,4877,N,31.6666666666667,1,240
5732,20,1.68490125,405,4806,N,33.3333333333333,1,240
5693,21,1.76810625,425,5732,N,35,1,240
4867,22,1.73482425,417,5693,N,36.6666666666667,1,240
4847,23,1.83051,440,4867,N,38.3333333333333,1,240
6967,24,1.94283675,467,4847,N,40,1,240
6082,25,1.99692,480,6967,N,41.6666666666667,1,240
6988,26,2.08428525,501,6082,N,43.3333333333333,1,240
6739,27,2.1050865,506,6988,N,45,1,240
6698,28,2.4379065,586,6739,N,46.6666666666667,1,240
6113,29,2.5543935,614,6698,N,48.3333333333333,1,240
6815,30,2.6542395,638,6113,N,50,1,240
6163,31,2.93297625,705,6815,N,51.6666666666667,1,240
7449,32,2.7540855,662,6163,N,53.3333333333333,1,240
8287,33,1.2730365,306,7449,Y,55,2,240
7919,34,1.547613,372,8287,N,56.6666666666667,2,240
7572,35,1.5559335,374,7919,N,58.3333333333333,2,240
8337,36,1.547613,372,7572,N,60,2,240
8089,37,1.5559335,374,8337,N,61.6666666666667,2,240
7492,38,1.58505525,381,8089,N,63.3333333333333,2,240
8635,39,1.65993975,399,7492,N,65,2,240
9013,40,1.6641,400,8635,N,66.6666666666667,2,240
8828,41,1.70154225,409,9013,N,68.3333333333333,2,240
9407,42,1.813869,436,8828,N,70,2,240
9203,43,1.7057025,410,9407,N,71.6666666666667,2,240
9602,44,1.77642675,427,9203,N,73.3333333333333,2,240
9809,45,1.81802925,437,9602,N,75,2,240
10075,46,1.91787525,461,9809,N,76.6666666666667,2,240
10058,47,2.11756725,509,10075,N,78.3333333333333,2,240
10487,48,2.25901575,543,10058,N,80,2,240
11915,49,2.313099,556,10487,N,81.6666666666667,2,240
10789,50,2.412945,580,11915,N,83.3333333333333,2,240
11593,51,2.40878475,579,10789,N,85,2,240
10908,52,2.37550275,571,11593,N,86.6666666666667,2,240
11456,53,2.4212655,582,10908,N,88.3333333333333,2,240
11264,54,2.4878295,598,11456,N,90,2,240
10636,55,2.695842,648,11264,N,91.6666666666667,2,240
12608,56,1.081665,260,10636,Y,93.3333333333333,3,240
12278,57,1.231434,296,12608,N,95,3,240
2350,0,1.9553175,470,NA,N,0,0,241
2310,1,1.7389845,418,2350,N,1.66666666666667,0,241
2361,2,2.063484,496,2310,N,3.33333333333333,0,241
2425,3,2.09260575,503,2361,N,5,0,241
2366,4,1.00262025,241,2425,Y,6.66666666666667,1,241
2383,5,1.01926125,245,2366,N,8.33333333333333,1,241
2436,6,1.065024,256,2383,N,10,1,241
2427,7,1.081665,260,2436,N,11.6666666666667,1,241
3496,8,1.1066265,266,2427,N,13.3333333333333,1,241
3953,9,1.16903025,281,3496,N,15,1,241
3649,10,1.21063275,291,3953,N,16.6666666666667,1,241
3735,11,1.1898315,286,3649,N,18.3333333333333,1,241
3507,12,1.34376075,323,3735,N,20,1,241
3594,13,1.414485,340,3507,N,21.6666666666667,1,241
3805,14,1.51849125,365,3594,N,23.3333333333333,1,241
3758,15,1.5392925,370,3805,N,25,1,241
4842,16,1.53513225,369,3758,N,26.6666666666667,1,241
5113,17,1.60169625,385,4842,N,28.3333333333333,1,241
4877,18,1.56009375,375,5113,N,30,1,241
4806,19,1.6224975,390,4877,N,31.6666666666667,1,241
5732,20,1.68490125,405,4806,N,33.3333333333333,1,241
5693,21,1.76810625,425,5732,N,35,1,241
4867,22,1.73482425,417,5693,N,36.6666666666667,1,241
4847,23,1.83051,440,4867,N,38.3333333333333,1,241
6967,24,1.94283675,467,4847,N,40,1,241
6082,25,1.99692,480,6967,N,41.6666666666667,1,241
6988,26,2.08428525,501,6082,N,43.3333333333333,1,241
6739,27,2.1050865,506,6988,N,45,1,241
6698,28,2.4379065,586,6739,N,46.6666666666667,1,241
6113,29,2.5543935,614,6698,N,48.3333333333333,1,241
6815,30,2.6542395,638,6113,N,50,1,241
6163,31,2.93297625,705,6815,N,51.6666666666667,1,241
7449,32,2.7540855,662,6163,N,53.3333333333333,1,241
8287,33,1.2730365,306,7449,Y,55,2,241
7919,34,1.547613,372,8287,N,56.6666666666667,2,241
7572,35,1.5559335,374,7919,N,58.3333333333333,2,241
8337,36,1.547613,372,7572,N,60,2,241
8089,37,1.5559335,374,8337,N,61.6666666666667,2,241
7492,38,1.58505525,381,8089,N,63.3333333333333,2,241
8635,39,1.65993975,399,7492,N,65,2,241
9013,40,1.6641,400,8635,N,66.6666666666667,2,241
8828,41,1.70154225,409,9013,N,68.3333333333333,2,241
9407,42,1.813869,436,8828,N,70,2,241
9203,43,1.7057025,410,9407,N,71.6666666666667,2,241
9602,44,1.77642675,427,9203,N,73.3333333333333,2,241
9809,45,1.81802925,437,9602,N,75,2,241
10075,46,1.91787525,461,9809,N,76.6666666666667,2,241
10058,47,2.11756725,509,10075,N,78.3333333333333,2,241
10487,48,2.25901575,543,10058,N,80,2,241
11915,49,2.313099,556,10487,N,81.6666666666667,2,241
10789,50,2.412945,580,11915,N,83.3333333333333,2,241
11593,51,2.40878475,579,10789,N,85,2,241
10908,52,2.37550275,571,11593,N,86.6666666666667,2,241
11456,53,2.4212655,582,10908,N,88.3333333333333,2,241
11264,54,2.4878295,598,11456,N,90,2,241
10636,55,2.695842,648,11264,N,91.6666666666667,2,241
12613,56,1.48520925,357,10636,Y,93.3333333333333,3,241
12280,57,1.747305,420,12613,N,95,3,241
12342,58,2.013561,484,12280,N,96.6666666666667,3,241
12236,59,2.030202,488,12342,N,98.3333333333333,3,241
13024,60,1.7057025,410,12236,N,100,3,241
13077,61,2.1383685,514,13024,N,101.666666666667,3,241
13475,62,2.1716505,522,13077,N,103.333333333333,3,241
13462,63,2.16749025,521,13475,N,105,3,241
15227,64,2.2714965,546,13462,N,106.666666666667,3,241
14676,65,2.3214195,558,15227,N,108.333333333333,3,241
14853,66,2.579355,620,14676,N,110,3,241
14639,67,2.7208035,654,14853,N,111.666666666667,3,241
14471,68,2.83313025,681,14639,N,113.333333333333,3,241
14538,69,3.29075775,791,14471,N,115,3,241
15447,70,1.73482425,417,14538,Y,116.666666666667,4,241
2350,0,1.9553175,470,NA,N,0,0,242
2310,1,1.7389845,418,2350,N,1.66666666666667,0,242
2361,2,2.063484,496,2310,N,3.33333333333333,0,242
2425,3,2.09260575,503,2361,N,5,0,242
2364,4,0.92773575,223,2425,Y,6.66666666666667,1,242
2381,5,1.00262025,241,2364,N,8.33333333333333,1,242
2429,6,0.98597925,237,2381,N,10,1,242
2423,7,0.97765875,235,2429,N,11.6666666666667,1,242
3493,8,1.0067805,242,2423,N,13.3333333333333,1,242
3950,9,1.01926125,245,3493,N,15,1,242
3648,10,1.1232675,270,3950,N,16.6666666666667,1,242
3729,11,1.098306,264,3648,N,18.3333333333333,1,242
3502,12,1.0733445,258,3729,N,20,1,242
3589,13,1.14406875,275,3502,N,21.6666666666667,1,242
3800,14,1.21063275,291,3589,N,23.3333333333333,1,242
3753,15,1.2397545,298,3800,N,25,1,242
4836,16,1.36040175,327,3753,N,26.6666666666667,1,242
5109,17,1.31047875,315,4836,N,28.3333333333333,1,242
4873,18,1.34376075,323,5109,N,30,1,242
4801,19,1.38536325,333,4873,N,31.6666666666667,1,242
5730,20,1.3728825,330,4801,N,33.3333333333333,1,242
5689,21,1.3396005,322,5730,N,35,1,242
4862,22,1.431126,344,5689,N,36.6666666666667,1,242
4840,23,1.52681175,367,4862,N,38.3333333333333,1,242
6964,24,1.59337575,383,4840,N,40,1,242
6079,25,1.5392925,370,6964,N,41.6666666666667,1,242
6982,26,1.6224975,390,6079,N,43.3333333333333,1,242
6736,27,1.80138825,433,6982,N,45,1,242
6696,28,1.980279,476,6736,N,46.6666666666667,1,242
6109,29,2.08428525,501,6696,N,48.3333333333333,1,242
6810,30,2.55023325,613,6109,N,50,1,242
6159,31,2.57519475,619,6810,N,51.6666666666667,1,242
7448,32,1.3229595,318,6159,Y,53.3333333333333,2,242
8284,33,1.21895325,293,7448,N,55,2,242
7918,34,1.16903025,281,8284,N,56.6666666666667,2,242
7571,35,1.248075,300,7918,N,58.3333333333333,2,242
8335,36,1.31047875,315,7571,N,60,2,242
8088,37,1.3229595,318,8335,N,61.6666666666667,2,242
7491,38,1.381203,332,8088,N,63.3333333333333,2,242
8634,39,1.36040175,327,7491,N,65,2,242
9012,40,1.414485,340,8634,N,66.6666666666667,2,242
8827,41,1.59337575,383,9012,N,68.3333333333333,2,242
9748,45,1.680741,404,8827,N,75,2,242
9902,46,1.68490125,405,9748,N,76.6666666666667,2,242
9877,47,1.74314475,419,9902,N,78.3333333333333,2,242
10420,48,1.797228,432,9877,N,80,2,242
11853,49,1.8721125,450,10420,N,81.6666666666667,2,242
10728,50,2.05100325,493,11853,N,83.3333333333333,2,242
11454,51,2.15084925,517,10728,N,85,2,242
10355,52,2.3380605,562,11454,N,86.6666666666667,2,242
11282,53,2.52527175,607,10355,N,88.3333333333333,2,242
11390,54,2.4046245,578,11282,N,90,2,242
10812,55,2.38382325,573,11390,N,91.6666666666667,2,242
12827,56,2.812329,676,10812,N,93.3333333333333,2,242
12647,57,1.264716,304,12827,Y,95,3,242
12668,58,1.381203,332,12647,N,96.6666666666667,3,242
12435,59,1.46024775,351,12668,N,98.3333333333333,3,242
13152,60,1.580895,380,12435,N,100,3,242
13231,61,1.56009375,375,13152,N,101.666666666667,3,242
13638,62,1.66826025,401,13231,N,103.333333333333,3,242
13702,63,2.20077225,529,13638,N,105,3,242
14797,64,2.0718045,498,13702,N,106.666666666667,3,242
14209,65,1.95947775,471,14797,N,108.333333333333,3,242
14407,66,2.23405425,537,14209,N,110,3,242
14176,67,2.23405425,537,14407,N,111.666666666667,3,242
13919,68,2.68336125,645,14176,N,113.333333333333,3,242
14018,69,1.39368375,335,13919,Y,115,4,242
15287,70,1.51017075,363,14018,N,116.666666666667,4,242
2355,0,0.91941525,221,NA,N,0,0,243
2313,1,0.965178,232,2355,N,1.66666666666667,0,243
2376,2,0.95269725,229,2313,N,3.33333333333333,0,243
2428,3,1.01926125,245,2376,N,5,0,243
2371,4,1.11078675,267,2428,N,6.66666666666667,0,243
2387,5,1.01926125,245,2371,N,8.33333333333333,0,243
2440,6,1.12742775,271,2387,N,10,0,243
2432,7,1.16903025,281,2440,N,11.6666666666667,0,243
3501,8,1.2064725,290,2432,N,13.3333333333333,0,243
3957,9,1.23559425,297,3501,N,15,0,243
3650,10,1.198152,288,3957,N,16.6666666666667,0,243
3740,11,1.23559425,297,3650,N,18.3333333333333,0,243
3510,12,1.3063185,314,3740,N,20,0,243
3595,13,1.297998,312,3510,N,21.6666666666667,0,243
3810,14,1.31047875,315,3595,N,23.3333333333333,0,243
3763,15,1.43528625,345,3810,N,25,0,243
4846,16,1.35208125,325,3763,N,26.6666666666667,0,243
5118,17,1.40200425,337,4846,N,28.3333333333333,0,243
4882,18,1.414485,340,5118,N,30,0,243
4811,19,1.414485,340,4882,N,31.6666666666667,0,243
5735,20,1.381203,332,4811,N,33.3333333333333,0,243
5697,21,1.48520925,357,5735,N,35,0,243
4871,22,1.547613,372,5697,N,36.6666666666667,0,243
4854,23,1.6391385,394,4871,N,38.3333333333333,0,243
6969,24,1.75978575,423,4854,N,40,0,243
6085,25,1.8221895,438,6969,N,41.6666666666667,0,243
7000,26,1.98443925,477,6085,N,43.3333333333333,0,243
6742,27,2.15084925,517,7000,N,45,0,243
6701,28,2.35054125,565,6742,N,46.6666666666667,0,243
6116,29,2.65839975,639,6701,N,48.3333333333333,0,243
6819,30,2.65007925,637,6116,N,50,0,243
6169,31,2.73328425,657,6819,N,51.6666666666667,0,243
7450,32,1.148229,276,6169,Y,53.3333333333333,1,243
8293,33,1.248075,300,7450,N,55,1,243
7920,34,1.37704275,331,8293,N,56.6666666666667,1,243
7573,35,1.32711975,319,7920,N,58.3333333333333,1,243
8339,36,1.3728825,330,7573,N,60,1,243
8090,37,1.3562415,326,8339,N,61.6666666666667,1,243
7493,38,1.5226515,366,8090,N,63.3333333333333,1,243
8636,39,1.5559335,374,7493,N,65,1,243
9014,40,1.63497825,393,8636,N,66.6666666666667,1,243
8829,41,1.80138825,433,9014,N,68.3333333333333,1,243
9408,42,1.7556255,422,8829,N,70,1,243
9204,43,1.70154225,409,9408,N,71.6666666666667,1,243
9603,44,1.8055485,434,9204,N,73.3333333333333,1,243
9810,45,1.9885995,478,9603,N,75,1,243
10079,46,2.196612,528,9810,N,76.6666666666667,1,243
10061,47,2.35054125,565,10079,N,78.3333333333333,1,243
10488,48,2.00940075,483,10061,N,80,1,243
11916,49,1.2397545,298,10488,Y,81.6666666666667,2,243
10791,50,1.231434,296,11916,N,83.3333333333333,2,243
11594,51,1.248075,300,10791,N,85,2,243
10911,52,1.38536325,333,11594,N,86.6666666666667,2,243
11459,53,1.43528625,345,10911,N,88.3333333333333,2,243
11265,54,1.4727285,354,11459,N,90,2,243
10637,55,1.431126,344,11265,N,91.6666666666667,2,243
12615,56,1.5060105,362,10637,N,93.3333333333333,2,243
12282,57,1.69322175,407,12615,N,95,2,243
12346,58,1.6890615,406,12282,N,96.6666666666667,2,243
12242,59,1.747305,420,12346,N,98.3333333333333,2,243
13083,61,1.67658075,403,12242,N,101.666666666667,2,243
13481,62,2.096766,504,13083,N,103.333333333333,2,243
15234,64,1.2231135,294,13481,Y,106.666666666667,3,243
14687,65,1.098306,264,15234,N,108.333333333333,3,243
2355,0,0.91941525,221,NA,N,0,0,244
2313,1,0.965178,232,2355,N,1.66666666666667,0,244
2376,2,0.95269725,229,2313,N,3.33333333333333,0,244
2428,3,1.01926125,245,2376,N,5,0,244
2371,4,1.11078675,267,2428,N,6.66666666666667,0,244
2387,5,1.01926125,245,2371,N,8.33333333333333,0,244
2440,6,1.12742775,271,2387,N,10,0,244
2432,7,1.16903025,281,2440,N,11.6666666666667,0,244
3501,8,1.2064725,290,2432,N,13.3333333333333,0,244
3957,9,1.23559425,297,3501,N,15,0,244
3650,10,1.198152,288,3957,N,16.6666666666667,0,244
3740,11,1.23559425,297,3650,N,18.3333333333333,0,244
3510,12,1.3063185,314,3740,N,20,0,244
3595,13,1.297998,312,3510,N,21.6666666666667,0,244
3810,14,1.31047875,315,3595,N,23.3333333333333,0,244
3763,15,1.43528625,345,3810,N,25,0,244
4846,16,1.35208125,325,3763,N,26.6666666666667,0,244
5118,17,1.40200425,337,4846,N,28.3333333333333,0,244
4882,18,1.414485,340,5118,N,30,0,244
4811,19,1.414485,340,4882,N,31.6666666666667,0,244
5735,20,1.381203,332,4811,N,33.3333333333333,0,244
5697,21,1.48520925,357,5735,N,35,0,244
4871,22,1.547613,372,5697,N,36.6666666666667,0,244
4854,23,1.6391385,394,4871,N,38.3333333333333,0,244
6969,24,1.75978575,423,4854,N,40,0,244
6085,25,1.8221895,438,6969,N,41.6666666666667,0,244
7000,26,1.98443925,477,6085,N,43.3333333333333,0,244
6742,27,2.15084925,517,7000,N,45,0,244
6701,28,2.35054125,565,6742,N,46.6666666666667,0,244
6116,29,2.65839975,639,6701,N,48.3333333333333,0,244
6819,30,2.65007925,637,6116,N,50,0,244
6169,31,2.73328425,657,6819,N,51.6666666666667,0,244
7450,32,1.148229,276,6169,Y,53.3333333333333,1,244
8293,33,1.248075,300,7450,N,55,1,244
7920,34,1.37704275,331,8293,N,56.6666666666667,1,244
7573,35,1.32711975,319,7920,N,58.3333333333333,1,244
8339,36,1.3728825,330,7573,N,60,1,244
8090,37,1.3562415,326,8339,N,61.6666666666667,1,244
7493,38,1.5226515,366,8090,N,63.3333333333333,1,244
8636,39,1.5559335,374,7493,N,65,1,244
9014,40,1.63497825,393,8636,N,66.6666666666667,1,244
8829,41,1.80138825,433,9014,N,68.3333333333333,1,244
9408,42,1.7556255,422,8829,N,70,1,244
9204,43,1.70154225,409,9408,N,71.6666666666667,1,244
9603,44,1.8055485,434,9204,N,73.3333333333333,1,244
9810,45,1.9885995,478,9603,N,75,1,244
10079,46,2.196612,528,9810,N,76.6666666666667,1,244
10061,47,2.35054125,565,10079,N,78.3333333333333,1,244
10488,48,2.00940075,483,10061,N,80,1,244
11917,49,1.16070975,279,10488,Y,81.6666666666667,2,244
10792,50,1.214793,292,11917,N,83.3333333333333,2,244
11595,51,1.264716,304,10792,N,85,2,244
10915,52,1.35208125,325,11595,N,86.6666666666667,2,244
11463,53,1.33544025,321,10915,N,88.3333333333333,2,244
11266,54,1.39368375,335,11463,N,90,2,244
10638,55,1.347921,324,11266,N,91.6666666666667,2,244
12618,56,1.481049,356,10638,N,93.3333333333333,2,244
12283,57,1.59337575,383,12618,N,95,2,244
12349,58,1.63497825,393,12283,N,96.6666666666667,2,244
12239,59,1.66826025,401,12349,N,98.3333333333333,2,244
13027,60,1.880433,452,12239,N,100,2,244
13080,61,1.99275975,479,13027,N,101.666666666667,2,244
13479,62,1.980279,476,13080,N,103.333333333333,2,244
14801,64,0.80292825,193,13479,Y,106.666666666667,3,244
14212,65,0.89445375,215,14801,N,108.333333333333,3,244
2620,0,1.72650375,415,NA,N,0,0,245
2755,1,1.76810625,425,2620,N,1.66666666666667,0,245
2787,2,1.7556255,422,2755,N,3.33333333333333,0,245
2949,3,1.77642675,427,2787,N,5,0,245
2633,4,1.91787525,461,2949,N,6.66666666666667,0,245
3097,5,1.7556255,422,2633,N,8.33333333333333,0,245
2753,6,1.93451625,465,3097,N,10,0,245
2639,7,1.880433,452,2753,N,11.6666666666667,0,245
4399,8,1.95947775,471,2639,N,13.3333333333333,0,245
4198,9,2.16749025,521,4399,N,15,0,245
4140,10,2.2382145,538,4198,N,16.6666666666667,0,245
3954,11,2.645919,636,4140,N,18.3333333333333,0,245
4452,12,2.42542575,583,3954,N,20,0,245
3718,13,2.55855375,615,4452,N,21.6666666666667,0,245
4062,14,1.24391475,299,3718,Y,23.3333333333333,1,245
3986,15,1.3063185,314,4062,N,25,1,245
5078,16,1.37704275,331,3986,N,26.6666666666667,1,245
5376,17,1.48520925,357,5078,N,28.3333333333333,1,245
5124,18,1.514331,364,5376,N,30,1,245
5089,19,1.51849125,365,5124,N,31.6666666666667,1,245
5841,20,1.52681175,367,5089,N,33.3333333333333,1,245
5796,21,1.55177325,373,5841,N,35,1,245
5125,22,1.597536,384,5796,N,36.6666666666667,1,245
5560,23,1.580895,380,5125,N,38.3333333333333,1,245
7226,24,1.65161925,397,5560,N,40,1,245
6235,25,1.813869,436,7226,N,41.6666666666667,1,245
7124,26,1.95115725,469,6235,N,43.3333333333333,1,245
6878,27,1.8554715,446,7124,N,45,1,245
6844,28,2.1217275,510,6878,N,46.6666666666667,1,245
6266,29,2.13420825,513,6844,N,48.3333333333333,1,245
7034,30,2.44206675,587,6266,N,50,1,245
6354,31,2.313099,556,7034,N,51.6666666666667,1,245
7642,32,2.5710345,618,6354,N,53.3333333333333,1,245
8433,33,1.30215825,313,7642,Y,55,2,245
7981,34,1.33128,320,8433,N,56.6666666666667,2,245
7662,35,1.33544025,321,7981,N,58.3333333333333,2,245
8474,36,1.314639,316,7662,N,60,2,245
2620,0,1.72650375,415,NA,N,0,0,246
2755,1,1.76810625,425,2620,N,1.66666666666667,0,246
2787,2,1.7556255,422,2755,N,3.33333333333333,0,246
2949,3,1.77642675,427,2787,N,5,0,246
2633,4,1.91787525,461,2949,N,6.66666666666667,0,246
3097,5,1.7556255,422,2633,N,8.33333333333333,0,246
2753,6,1.93451625,465,3097,N,10,0,246
2639,7,1.880433,452,2753,N,11.6666666666667,0,246
4399,8,1.95947775,471,2639,N,13.3333333333333,0,246
4198,9,2.16749025,521,4399,N,15,0,246
4140,10,2.2382145,538,4198,N,16.6666666666667,0,246
3954,11,2.645919,636,4140,N,18.3333333333333,0,246
4452,12,2.42542575,583,3954,N,20,0,246
3718,13,2.55855375,615,4452,N,21.6666666666667,0,246
4062,14,1.24391475,299,3718,Y,23.3333333333333,1,246
3986,15,1.3063185,314,4062,N,25,1,246
5078,16,1.37704275,331,3986,N,26.6666666666667,1,246
5376,17,1.48520925,357,5078,N,28.3333333333333,1,246
5124,18,1.514331,364,5376,N,30,1,246
5089,19,1.51849125,365,5124,N,31.6666666666667,1,246
5841,20,1.52681175,367,5089,N,33.3333333333333,1,246
5796,21,1.55177325,373,5841,N,35,1,246
5125,22,1.597536,384,5796,N,36.6666666666667,1,246
5560,23,1.580895,380,5125,N,38.3333333333333,1,246
7226,24,1.65161925,397,5560,N,40,1,246
6235,25,1.813869,436,7226,N,41.6666666666667,1,246
7124,26,1.95115725,469,6235,N,43.3333333333333,1,246
6878,27,1.8554715,446,7124,N,45,1,246
6844,28,2.1217275,510,6878,N,46.6666666666667,1,246
6266,29,2.13420825,513,6844,N,48.3333333333333,1,246
7034,30,2.44206675,587,6266,N,50,1,246
6354,31,2.313099,556,7034,N,51.6666666666667,1,246
7642,32,2.5710345,618,6354,N,53.3333333333333,1,246
8431,33,0.9069345,218,7642,Y,55,2,246
7980,34,1.198152,288,8431,N,56.6666666666667,2,246
7665,35,1.564254,376,7980,N,58.3333333333333,2,246
8476,36,1.630818,392,7665,N,60,2,246
8161,37,1.77642675,427,8476,N,61.6666666666667,2,246
7701,38,1.7057025,410,8161,N,63.3333333333333,2,246
8688,39,1.847151,444,7701,N,65,2,246
9062,40,1.84299075,443,8688,N,66.6666666666667,2,246
8881,41,1.98443925,477,9062,N,68.3333333333333,2,246
9463,42,2.0551635,494,8881,N,70,2,246
9264,43,2.08428525,501,9463,N,71.6666666666667,2,246
9658,44,2.130048,512,9264,N,73.3333333333333,2,246
9895,45,2.2548555,542,9658,N,75,2,246
10213,46,2.61679725,629,9895,N,76.6666666666667,2,246
10189,47,2.73328425,657,10213,N,78.3333333333333,2,246
10542,48,2.695842,648,10189,N,80,2,246
11976,49,2.74160475,659,10542,N,81.6666666666667,2,246
11005,50,2.61679725,629,11976,N,83.3333333333333,2,246
11722,51,1.231434,296,11005,Y,85,3,246
11048,52,1.397844,336,11722,N,86.6666666666667,3,246
11653,53,1.3895235,334,11048,N,88.3333333333333,3,246
11362,54,1.51017075,363,11653,N,90,3,246
10699,55,1.431126,344,11362,N,91.6666666666667,3,246
12804,56,1.50185025,361,10699,N,93.3333333333333,3,246
12590,57,1.76810625,425,12804,N,95,3,246
12623,58,1.697382,408,12590,N,96.6666666666667,3,246
12417,59,1.946997,468,12623,N,98.3333333333333,3,246
13200,61,1.7722665,426,12417,N,101.666666666667,3,246
13620,62,2.03436225,489,13200,N,103.333333333333,3,246
13581,63,2.063484,496,13620,N,105,3,246
14763,64,2.1550095,518,13581,N,106.666666666667,3,246
14167,65,2.2382145,538,14763,N,108.333333333333,3,246
14355,66,2.313099,556,14167,N,110,3,246
14132,67,2.54191275,611,14355,N,111.666666666667,3,246
13873,68,1.32711975,319,14132,Y,113.333333333333,4,246
13975,69,1.5392925,370,13873,N,115,4,246
15263,70,1.547613,372,13975,N,116.666666666667,4,246
2112,0,1.15238925,277,NA,N,0,0,247
2098,1,1.45192725,349,2112,N,1.66666666666667,0,247
2169,2,1.547613,372,2098,N,3.33333333333333,0,247
2174,3,1.52681175,367,2169,N,5,0,247
2135,4,1.4394465,346,2174,N,6.66666666666667,0,247
2105,5,1.6224975,390,2135,N,8.33333333333333,0,247
2166,6,1.5725745,378,2105,N,10,0,247
2136,7,1.564254,376,2166,N,11.6666666666667,0,247
3397,8,1.630818,392,2136,N,13.3333333333333,0,247
3806,9,1.87627275,451,3397,N,15,0,247
3299,10,1.980279,476,3806,N,16.6666666666667,0,247
3385,11,2.0052405,482,3299,N,18.3333333333333,0,247
3402,12,2.0718045,498,3385,N,20,0,247
3466,13,2.1383685,514,3402,N,21.6666666666667,0,247
3682,14,2.17581075,523,3466,N,23.3333333333333,0,247
3529,15,2.30893875,555,3682,N,25,0,247
4688,16,2.34222075,563,3529,N,26.6666666666667,0,247
4962,17,2.412945,580,4688,N,28.3333333333333,0,247
4716,18,1.14406875,275,4962,Y,30,1,247
4636,19,1.15238925,277,4716,N,31.6666666666667,1,247
5514,20,1.0899855,262,4636,N,33.3333333333333,1,247
5557,21,1.2896775,310,5514,N,35,1,247
4702,22,1.1399085,274,5557,N,36.6666666666667,1,247
4680,23,1.26055575,303,4702,N,38.3333333333333,1,247
6668,24,1.43528625,345,4680,N,40,1,247
5988,25,1.48520925,357,6668,N,41.6666666666667,1,247
6499,26,1.64329875,395,5988,N,43.3333333333333,1,247
6540,27,1.57673475,379,6499,N,45,1,247
6533,28,1.7722665,426,6540,N,46.6666666666667,1,247
6008,29,1.9386765,466,6533,N,48.3333333333333,1,247
6619,30,1.9386765,466,6008,N,50,1,247
6023,31,2.03436225,489,6619,N,51.6666666666667,1,247
7412,32,2.1716505,522,6023,N,53.3333333333333,1,247
8183,33,2.2215735,534,7412,N,55,1,247
7881,34,2.33390025,561,8183,N,56.6666666666667,1,247
7373,35,2.41710525,581,7881,N,58.3333333333333,1,247
8241,36,1.447767,348,7373,Y,60,2,247
8060,37,1.5060105,362,8241,N,61.6666666666667,2,247
7402,38,1.53513225,369,8060,N,63.3333333333333,2,247
8602,39,1.48520925,357,7402,N,65,2,247
8982,40,1.6724205,402,8602,N,66.6666666666667,2,247
8795,41,1.67658075,403,8982,N,68.3333333333333,2,247
9371,42,1.85963175,447,8795,N,70,2,247
9166,43,1.83051,440,9371,N,71.6666666666667,2,247
9567,44,1.547613,372,9166,N,73.3333333333333,2,247
9766,45,1.6224975,390,9567,N,75,2,247
9945,46,1.84299075,443,9766,N,76.6666666666667,2,247
9931,47,1.94283675,467,9945,N,78.3333333333333,2,247
10437,48,1.97611875,475,9931,N,80,2,247
11871,49,2.063484,496,10437,N,81.6666666666667,2,247
10747,50,2.1882915,526,11871,N,83.3333333333333,2,247
11499,51,2.25069525,541,10747,N,85,2,247
10372,52,2.10092625,505,11499,N,86.6666666666667,2,247
11307,53,2.2049325,530,10372,N,88.3333333333333,2,247
11213,54,2.05100325,493,11307,N,90,2,247
10587,55,2.080125,500,11213,N,91.6666666666667,2,247
12345,56,2.346381,564,10587,N,93.3333333333333,2,247
12187,57,2.3214195,558,12345,N,95,2,247
12269,58,2.612637,628,12187,N,96.6666666666667,2,247
12140,59,2.54191275,611,12269,N,98.3333333333333,2,247
12964,60,2.579355,620,12140,N,100,2,247
13000,61,2.83313025,681,12964,N,101.666666666667,2,247
13378,62,3.34068075,803,13000,N,103.333333333333,2,247
13361,63,3.261636,784,13378,N,105,2,247
15106,64,1.66826025,401,13361,Y,106.666666666667,3,247
14477,65,2.10092625,505,15106,N,108.333333333333,3,247
14718,66,2.0884455,502,14477,N,110,3,247
14474,67,2.0718045,498,14718,N,111.666666666667,3,247
14263,68,2.14252875,515,14474,N,113.333333333333,3,247
14362,69,2.29229775,551,14263,N,115,3,247
15414,70,2.1882915,526,14362,N,116.666666666667,3,247
2112,0,1.15238925,277,NA,N,0,0,248
2098,1,1.45192725,349,2112,N,1.66666666666667,0,248
2169,2,1.547613,372,2098,N,3.33333333333333,0,248
2174,3,1.52681175,367,2169,N,5,0,248
2135,4,1.4394465,346,2174,N,6.66666666666667,0,248
2105,5,1.6224975,390,2135,N,8.33333333333333,0,248
2166,6,1.5725745,378,2105,N,10,0,248
2136,7,1.564254,376,2166,N,11.6666666666667,0,248
3397,8,1.630818,392,2136,N,13.3333333333333,0,248
3806,9,1.87627275,451,3397,N,15,0,248
3299,10,1.980279,476,3806,N,16.6666666666667,0,248
3385,11,2.0052405,482,3299,N,18.3333333333333,0,248
3402,12,2.0718045,498,3385,N,20,0,248
3466,13,2.1383685,514,3402,N,21.6666666666667,0,248
3682,14,2.17581075,523,3466,N,23.3333333333333,0,248
3529,15,2.30893875,555,3682,N,25,0,248
4688,16,2.34222075,563,3529,N,26.6666666666667,0,248
4962,17,2.412945,580,4688,N,28.3333333333333,0,248
4711,18,1.12742775,271,4962,Y,30,1,248
4632,19,1.214793,292,4711,N,31.6666666666667,1,248
5512,20,1.1731905,282,4632,N,33.3333333333333,1,248
5555,21,1.1399085,274,5512,N,35,1,248
4699,22,1.231434,296,5555,N,36.6666666666667,1,248
4676,23,1.248075,300,4699,N,38.3333333333333,1,248
6667,24,1.24391475,299,4676,N,40,1,248
5986,25,1.214793,292,6667,N,41.6666666666667,1,248
6491,26,1.2896775,310,5986,N,43.3333333333333,1,248
6535,27,1.33128,320,6491,N,45,1,248
6528,28,1.34376075,323,6535,N,46.6666666666667,1,248
6006,29,1.37704275,331,6528,N,48.3333333333333,1,248
6618,30,1.48520925,357,6006,N,50,1,248
6020,31,1.64329875,395,6618,N,51.6666666666667,1,248
7411,32,1.6557795,398,6020,N,53.3333333333333,1,248
8180,33,1.797228,432,7411,N,55,1,248
7880,34,2.04268275,491,8180,N,56.6666666666667,1,248
7369,35,2.0884455,502,7880,N,58.3333333333333,1,248
8234,36,2.03436225,489,7369,N,60,1,248
8058,37,2.07596475,499,8234,N,61.6666666666667,1,248
7396,38,2.21741325,533,8058,N,63.3333333333333,1,248
8599,39,0.84453075,203,7396,Y,65,2,248
8979,40,0.96101775,231,8599,N,66.6666666666667,2,248
8792,41,1.231434,296,8979,N,68.3333333333333,2,248
9368,42,1.2896775,310,8792,N,70,2,248
9164,43,1.381203,332,9368,N,71.6666666666667,2,248
9565,44,1.4228055,342,9164,N,73.3333333333333,2,248
9764,45,1.5892155,382,9565,N,75,2,248
9942,46,1.680741,404,9764,N,76.6666666666667,2,248
9928,47,1.83051,440,9942,N,78.3333333333333,2,248
10436,48,1.65161925,397,9928,N,80,2,248
11870,49,1.66826025,401,10436,N,81.6666666666667,2,248
10746,50,1.797228,432,11870,N,83.3333333333333,2,248
11496,51,2.0551635,494,10746,N,85,2,248
10371,52,2.31725925,557,11496,N,86.6666666666667,2,248
11306,53,2.3879835,574,10371,N,88.3333333333333,2,248
11212,54,2.48366925,597,11306,N,90,2,248
10586,55,0.83621025,201,11212,Y,91.6666666666667,3,248
12340,56,1.048383,252,10586,N,93.3333333333333,3,248
2112,0,1.15238925,277,NA,N,0,0,249
2098,1,1.45192725,349,2112,N,1.66666666666667,0,249
2169,2,1.547613,372,2098,N,3.33333333333333,0,249
2174,3,1.52681175,367,2169,N,5,0,249
2135,4,1.4394465,346,2174,N,6.66666666666667,0,249
2105,5,1.6224975,390,2135,N,8.33333333333333,0,249
2166,6,1.5725745,378,2105,N,10,0,249
2136,7,1.564254,376,2166,N,11.6666666666667,0,249
3397,8,1.630818,392,2136,N,13.3333333333333,0,249
3806,9,1.87627275,451,3397,N,15,0,249
3299,10,1.980279,476,3806,N,16.6666666666667,0,249
3385,11,2.0052405,482,3299,N,18.3333333333333,0,249
3402,12,2.0718045,498,3385,N,20,0,249
3466,13,2.1383685,514,3402,N,21.6666666666667,0,249
3682,14,2.17581075,523,3466,N,23.3333333333333,0,249
3529,15,2.30893875,555,3682,N,25,0,249
4688,16,2.34222075,563,3529,N,26.6666666666667,0,249
4962,17,2.412945,580,4688,N,28.3333333333333,0,249
4711,18,1.12742775,271,4962,Y,30,1,249
4632,19,1.214793,292,4711,N,31.6666666666667,1,249
5512,20,1.1731905,282,4632,N,33.3333333333333,1,249
5555,21,1.1399085,274,5512,N,35,1,249
4699,22,1.231434,296,5555,N,36.6666666666667,1,249
4676,23,1.248075,300,4699,N,38.3333333333333,1,249
6667,24,1.24391475,299,4676,N,40,1,249
5986,25,1.214793,292,6667,N,41.6666666666667,1,249
6491,26,1.2896775,310,5986,N,43.3333333333333,1,249
6535,27,1.33128,320,6491,N,45,1,249
6528,28,1.34376075,323,6535,N,46.6666666666667,1,249
6006,29,1.37704275,331,6528,N,48.3333333333333,1,249
6618,30,1.48520925,357,6006,N,50,1,249
6020,31,1.64329875,395,6618,N,51.6666666666667,1,249
7411,32,1.6557795,398,6020,N,53.3333333333333,1,249
8180,33,1.797228,432,7411,N,55,1,249
7880,34,2.04268275,491,8180,N,56.6666666666667,1,249
7369,35,2.0884455,502,7880,N,58.3333333333333,1,249
8234,36,2.03436225,489,7369,N,60,1,249
8058,37,2.07596475,499,8234,N,61.6666666666667,1,249
7396,38,2.21741325,533,8058,N,63.3333333333333,1,249
8599,39,0.84453075,203,7396,Y,65,2,249
8979,40,0.96101775,231,8599,N,66.6666666666667,2,249
8792,41,1.231434,296,8979,N,68.3333333333333,2,249
9368,42,1.2896775,310,8792,N,70,2,249
9164,43,1.381203,332,9368,N,71.6666666666667,2,249
9565,44,1.4228055,342,9164,N,73.3333333333333,2,249
9764,45,1.5892155,382,9565,N,75,2,249
9942,46,1.680741,404,9764,N,76.6666666666667,2,249
9928,47,1.83051,440,9942,N,78.3333333333333,2,249
10436,48,1.65161925,397,9928,N,80,2,249
11870,49,1.66826025,401,10436,N,81.6666666666667,2,249
10746,50,1.797228,432,11870,N,83.3333333333333,2,249
11496,51,2.0551635,494,10746,N,85,2,249
10371,52,2.31725925,557,11496,N,86.6666666666667,2,249
11306,53,2.3879835,574,10371,N,88.3333333333333,2,249
11212,54,2.48366925,597,11306,N,90,2,249
10585,55,1.6557795,398,11212,Y,91.6666666666667,3,249
12253,56,1.64329875,395,10585,N,93.3333333333333,3,249
12184,57,1.84299075,443,12253,N,95,3,249
12266,58,1.863792,448,12184,N,96.6666666666667,3,249
12133,59,1.9719585,474,12266,N,98.3333333333333,3,249
12961,60,1.913715,460,12133,N,100,3,249
12997,61,1.94283675,467,12961,N,101.666666666667,3,249
13375,62,2.1050865,506,12997,N,103.333333333333,3,249
13356,63,2.113407,508,13375,N,105,3,249
15093,64,2.2215735,534,13356,N,106.666666666667,3,249
14463,65,2.29229775,551,15093,N,108.333333333333,3,249
14704,66,3.00786075,723,14463,N,110,3,249
14460,67,2.762406,664,14704,N,111.666666666667,3,249
14246,68,0.5741145,138,14460,Y,113.333333333333,4,249
14343,69,0.57827475,139,14246,N,115,4,249
15411,70,0.71140275,171,14343,N,116.666666666667,4,249
2627,0,1.214793,292,NA,N,0,0,250
2760,1,1.33128,320,2627,N,1.66666666666667,0,250
2799,2,1.4228055,342,2760,N,3.33333333333333,0,250
2958,3,1.547613,372,2799,N,5,0,250
2643,4,1.5559335,374,2958,N,6.66666666666667,0,250
3103,5,1.64329875,395,2643,N,8.33333333333333,0,250
2765,6,1.70986275,411,3103,N,10,0,250
2649,7,1.763946,424,2765,N,11.6666666666667,0,250
4402,8,1.7389845,418,2649,N,13.3333333333333,0,250
4205,9,1.763946,424,4402,N,15,0,250
4144,10,1.76810625,425,4205,N,16.6666666666667,0,250
3960,11,1.75146525,421,4144,N,18.3333333333333,0,250
4454,12,1.90955475,459,3960,N,20,0,250
3722,13,1.8055485,434,4454,N,21.6666666666667,0,250
4067,14,1.97611875,475,3722,N,23.3333333333333,0,250
3992,15,2.15916975,519,4067,N,25,0,250
5083,16,1.9719585,474,3992,N,26.6666666666667,0,250
5383,17,2.06764425,497,5083,N,28.3333333333333,0,250
5132,18,2.1383685,514,5383,N,30,0,250
5098,19,2.20077225,529,5132,N,31.6666666666667,0,250
5844,20,2.44206675,587,5098,N,33.3333333333333,0,250
5799,21,2.246535,540,5844,N,35,0,250
5133,22,1.21895325,293,5799,Y,36.6666666666667,1,250
5562,23,1.16487,280,5133,N,38.3333333333333,1,250
7228,24,1.314639,316,5562,N,40,1,250
6241,25,1.49769,360,7228,N,41.6666666666667,1,250
7128,26,1.4727285,354,6241,N,43.3333333333333,1,250
6883,27,1.41032475,339,7128,N,45,1,250
6850,28,1.51849125,365,6883,N,46.6666666666667,1,250
6272,29,1.7057025,410,6850,N,48.3333333333333,1,250
7041,30,1.73482425,417,6272,N,50,1,250
6362,31,1.813869,436,7041,N,51.6666666666667,1,250
7649,32,1.97611875,475,6362,N,53.3333333333333,1,250
8438,33,2.013561,484,7649,N,55,1,250
7983,34,1.75146525,421,8438,N,56.6666666666667,1,250
7671,35,1.8887535,454,7983,N,58.3333333333333,1,250
8482,36,1.21895325,293,7671,Y,60,2,250
2627,0,1.214793,292,NA,N,0,0,251
2760,1,1.33128,320,2627,N,1.66666666666667,0,251
2799,2,1.4228055,342,2760,N,3.33333333333333,0,251
2958,3,1.547613,372,2799,N,5,0,251
2643,4,1.5559335,374,2958,N,6.66666666666667,0,251
3103,5,1.64329875,395,2643,N,8.33333333333333,0,251
2765,6,1.70986275,411,3103,N,10,0,251
2649,7,1.763946,424,2765,N,11.6666666666667,0,251
4402,8,1.7389845,418,2649,N,13.3333333333333,0,251
4205,9,1.763946,424,4402,N,15,0,251
4144,10,1.76810625,425,4205,N,16.6666666666667,0,251
3960,11,1.75146525,421,4144,N,18.3333333333333,0,251
4454,12,1.90955475,459,3960,N,20,0,251
3722,13,1.8055485,434,4454,N,21.6666666666667,0,251
4067,14,1.97611875,475,3722,N,23.3333333333333,0,251
3992,15,2.15916975,519,4067,N,25,0,251
5083,16,1.9719585,474,3992,N,26.6666666666667,0,251
5383,17,2.06764425,497,5083,N,28.3333333333333,0,251
5132,18,2.1383685,514,5383,N,30,0,251
5098,19,2.20077225,529,5132,N,31.6666666666667,0,251
5844,20,2.44206675,587,5098,N,33.3333333333333,0,251
5799,21,2.246535,540,5844,N,35,0,251
5128,22,1.24391475,299,5799,Y,36.6666666666667,1,251
5561,23,1.1731905,282,5128,N,38.3333333333333,1,251
7227,24,1.26887625,305,5561,N,40,1,251
6238,25,1.33544025,321,7227,N,41.6666666666667,1,251
7126,26,1.3396005,322,6238,N,43.3333333333333,1,251
6880,27,1.3063185,314,7126,N,45,1,251
6847,28,1.381203,332,6880,N,46.6666666666667,1,251
6269,29,1.564254,376,6847,N,48.3333333333333,1,251
7037,30,1.7057025,410,6269,N,50,1,251
6359,31,1.78474725,429,7037,N,51.6666666666667,1,251
7645,32,1.83467025,441,6359,N,53.3333333333333,1,251
8435,33,1.863792,448,7645,N,55,1,251
7982,34,1.91787525,461,8435,N,56.6666666666667,1,251
7668,35,2.50863075,603,7982,N,58.3333333333333,1,251
8478,36,2.1217275,510,7668,N,60,1,251
7706,38,2.54191275,611,8478,N,63.3333333333333,1,251
8689,39,1.04422275,251,7706,Y,65,2,251
9063,40,1.01094075,243,8689,N,66.6666666666667,2,251
8883,41,1.08582525,261,9063,N,68.3333333333333,2,251
9465,42,1.3063185,314,8883,N,70,2,251
9265,43,1.3229595,318,9465,N,71.6666666666667,2,251
9659,44,1.36040175,327,9265,N,73.3333333333333,2,251
9900,45,1.60169625,385,9659,N,75,2,251
10215,46,1.68490125,405,9900,N,76.6666666666667,2,251
10191,47,1.913715,460,10215,N,78.3333333333333,2,251
10543,48,2.0551635,494,10191,N,80,2,251
11977,49,2.12588775,511,10543,N,81.6666666666667,2,251
11025,50,2.1550095,518,11977,N,83.3333333333333,2,251
11726,51,2.16333,520,11025,N,85,2,251
11050,52,2.10924675,507,11726,N,86.6666666666667,2,251
11655,53,1.11078675,267,11050,Y,88.3333333333333,3,251
11363,54,1.1898315,286,11655,N,90,3,251
10700,55,1.2730365,306,11363,N,91.6666666666667,3,251
12806,56,1.414485,340,10700,N,93.3333333333333,3,251
12594,57,1.44360675,347,12806,N,95,3,251
12625,58,1.42696575,343,12594,N,96.6666666666667,3,251
12419,59,1.42696575,343,12625,N,98.3333333333333,3,251
13202,61,1.50185025,361,12419,N,101.666666666667,3,251
13621,62,1.67658075,403,13202,N,103.333333333333,3,251
13582,63,1.946997,468,13621,N,105,3,251
14769,64,1.980279,476,13582,N,106.666666666667,3,251
14173,65,1.963638,472,14769,N,108.333333333333,3,251
14366,66,2.130048,512,14173,N,110,3,251
14139,67,2.1217275,510,14366,N,111.666666666667,3,251
13882,68,1.1232675,270,14139,Y,113.333333333333,4,251
13985,69,1.081665,260,13882,N,115,4,251
15265,70,1.19399175,287,13985,N,116.666666666667,4,251
2373,0,1.414485,340,NA,N,0,0,252
2325,1,1.381203,332,2373,N,1.66666666666667,0,252
2408,2,1.431126,344,2325,N,3.33333333333333,0,252
2438,3,1.43528625,345,2408,N,5,0,252
2390,4,1.47688875,355,2438,N,6.66666666666667,0,252
2416,5,1.4727285,354,2390,N,8.33333333333333,0,252
2464,6,1.47688875,355,2416,N,10,0,252
2441,7,1.49352975,359,2464,N,11.6666666666667,0,252
3512,8,1.53513225,369,2441,N,13.3333333333333,0,252
3980,9,1.5392925,370,3512,N,15,0,252
3655,10,1.59337575,383,3980,N,16.6666666666667,0,252
3759,11,1.51849125,365,3655,N,18.3333333333333,0,252
3524,12,1.75978575,423,3759,N,20,0,252
3599,13,1.847151,444,3524,N,21.6666666666667,0,252
3828,14,1.847151,444,3599,N,23.3333333333333,0,252
3779,15,1.81802925,437,3828,N,25,0,252
4864,16,1.880433,452,3779,N,26.6666666666667,0,252
5142,17,2.130048,512,4864,N,28.3333333333333,0,252
4899,18,1.930356,464,5142,N,30,0,252
4833,19,2.20077225,529,4899,N,31.6666666666667,0,252
5750,20,2.3380605,562,4833,N,33.3333333333333,0,252
5706,21,2.27565675,547,5750,N,35,0,252
4886,22,1.1066265,266,5706,Y,36.6666666666667,1,252
4870,23,1.198152,288,4886,N,38.3333333333333,1,252
6983,24,1.24391475,299,4870,N,40,1,252
6098,25,1.26055575,303,6983,N,41.6666666666667,1,252
7013,26,1.2231135,294,6098,N,43.3333333333333,1,252
6750,27,1.23559425,297,7013,N,45,1,252
6713,28,1.314639,316,6750,N,46.6666666666667,1,252
6124,29,1.281357,308,6713,N,48.3333333333333,1,252
6830,30,1.2563955,302,6124,N,50,1,252
6179,31,1.42696575,343,6830,N,51.6666666666667,1,252
7455,32,1.40200425,337,6179,N,53.3333333333333,1,252
8311,33,1.26055575,303,7455,N,55,1,252
7925,34,1.3562415,326,8311,N,56.6666666666667,1,252
7577,35,1.4061645,338,7925,N,58.3333333333333,1,252
8355,36,1.597536,384,7577,N,60,1,252
8095,37,1.39368375,335,8355,N,61.6666666666667,1,252
7497,38,1.4394465,346,8095,N,63.3333333333333,1,252
8639,39,1.63497825,393,7497,N,65,1,252
9018,40,1.64329875,395,8639,N,66.6666666666667,1,252
8834,41,1.813869,436,9018,N,68.3333333333333,1,252
9413,42,1.83051,440,8834,N,70,1,252
9209,43,1.7556255,422,9413,N,71.6666666666667,1,252
9608,44,1.99275975,479,9209,N,73.3333333333333,1,252
9815,45,1.897074,456,9608,N,75,1,252
10493,48,2.1050865,506,9815,N,80,1,252
11923,49,0.881973,212,10493,Y,81.6666666666667,2,252
10798,50,1.0567035,254,11923,N,83.3333333333333,2,252
11601,51,1.0899855,262,10798,N,85,2,252
10943,52,1.21063275,291,11601,N,86.6666666666667,2,252
2373,0,1.414485,340,NA,N,0,0,253
2325,1,1.381203,332,2373,N,1.66666666666667,0,253
2408,2,1.431126,344,2325,N,3.33333333333333,0,253
2438,3,1.43528625,345,2408,N,5,0,253
2390,4,1.47688875,355,2438,N,6.66666666666667,0,253
2416,5,1.4727285,354,2390,N,8.33333333333333,0,253
2464,6,1.47688875,355,2416,N,10,0,253
2441,7,1.49352975,359,2464,N,11.6666666666667,0,253
3512,8,1.53513225,369,2441,N,13.3333333333333,0,253
3980,9,1.5392925,370,3512,N,15,0,253
3655,10,1.59337575,383,3980,N,16.6666666666667,0,253
3759,11,1.51849125,365,3655,N,18.3333333333333,0,253
3524,12,1.75978575,423,3759,N,20,0,253
3599,13,1.847151,444,3524,N,21.6666666666667,0,253
3828,14,1.847151,444,3599,N,23.3333333333333,0,253
3779,15,1.81802925,437,3828,N,25,0,253
4864,16,1.880433,452,3779,N,26.6666666666667,0,253
5142,17,2.130048,512,4864,N,28.3333333333333,0,253
4899,18,1.930356,464,5142,N,30,0,253
4833,19,2.20077225,529,4899,N,31.6666666666667,0,253
5750,20,2.3380605,562,4833,N,33.3333333333333,0,253
5706,21,2.27565675,547,5750,N,35,0,253
4883,22,1.281357,308,5706,Y,36.6666666666667,1,253
4868,23,1.26055575,303,4883,N,38.3333333333333,1,253
6979,24,1.36872225,329,4868,N,40,1,253
6095,25,1.42696575,343,6979,N,41.6666666666667,1,253
7010,26,1.48520925,357,6095,N,43.3333333333333,1,253
6748,27,1.55177325,373,7010,N,45,1,253
6709,28,1.630818,392,6748,N,46.6666666666667,1,253
6122,29,1.730664,416,6709,N,48.3333333333333,1,253
6827,30,1.647459,396,6122,N,50,1,253
6176,31,1.62665775,391,6827,N,51.6666666666667,1,253
7454,32,1.597536,384,6176,N,53.3333333333333,1,253
8308,33,1.580895,380,7454,N,55,1,253
7924,34,1.62665775,391,8308,N,56.6666666666667,1,253
7576,35,1.70986275,411,7924,N,58.3333333333333,1,253
8352,36,2.10092625,505,7576,N,60,1,253
8094,37,1.8554715,446,8352,N,61.6666666666667,1,253
7496,38,1.946997,468,8094,N,63.3333333333333,1,253
8638,39,2.16333,520,7496,N,65,1,253
9017,40,2.17581075,523,8638,N,66.6666666666667,1,253
8833,41,2.313099,556,9017,N,68.3333333333333,1,253
9412,42,2.34222075,563,8833,N,70,1,253
9208,43,1.2563955,302,9412,Y,71.6666666666667,2,253
9607,44,1.4394465,346,9208,N,73.3333333333333,2,253
9814,45,1.3728825,330,9607,N,75,2,253
10087,46,1.481049,356,9814,N,76.6666666666667,2,253
10071,47,1.514331,364,10087,N,78.3333333333333,2,253
10492,48,1.54345275,371,10071,N,80,2,253
11921,49,1.5892155,382,10492,N,81.6666666666667,2,253
10796,50,1.597536,384,11921,N,83.3333333333333,2,253
11599,51,1.64329875,395,10796,N,85,2,253
10935,52,1.82634975,439,11599,N,86.6666666666667,2,253
11477,53,2.0884455,502,10935,N,88.3333333333333,2,253
11270,54,2.213253,532,11477,N,90,2,253
10642,55,2.50863075,603,11270,N,91.6666666666667,2,253
12632,56,2.59183575,623,10642,N,93.3333333333333,2,253
12292,57,1.2231135,294,12632,Y,95,3,253
2373,0,1.414485,340,NA,N,0,0,254
2325,1,1.381203,332,2373,N,1.66666666666667,0,254
2408,2,1.431126,344,2325,N,3.33333333333333,0,254
2438,3,1.43528625,345,2408,N,5,0,254
2390,4,1.47688875,355,2438,N,6.66666666666667,0,254
2416,5,1.4727285,354,2390,N,8.33333333333333,0,254
2464,6,1.47688875,355,2416,N,10,0,254
2441,7,1.49352975,359,2464,N,11.6666666666667,0,254
3512,8,1.53513225,369,2441,N,13.3333333333333,0,254
3980,9,1.5392925,370,3512,N,15,0,254
3655,10,1.59337575,383,3980,N,16.6666666666667,0,254
3759,11,1.51849125,365,3655,N,18.3333333333333,0,254
3524,12,1.75978575,423,3759,N,20,0,254
3599,13,1.847151,444,3524,N,21.6666666666667,0,254
3828,14,1.847151,444,3599,N,23.3333333333333,0,254
3779,15,1.81802925,437,3828,N,25,0,254
4864,16,1.880433,452,3779,N,26.6666666666667,0,254
5142,17,2.130048,512,4864,N,28.3333333333333,0,254
4899,18,1.930356,464,5142,N,30,0,254
4833,19,2.20077225,529,4899,N,31.6666666666667,0,254
5750,20,2.3380605,562,4833,N,33.3333333333333,0,254
5706,21,2.27565675,547,5750,N,35,0,254
4883,22,1.281357,308,5706,Y,36.6666666666667,1,254
4868,23,1.26055575,303,4883,N,38.3333333333333,1,254
6979,24,1.36872225,329,4868,N,40,1,254
6095,25,1.42696575,343,6979,N,41.6666666666667,1,254
7010,26,1.48520925,357,6095,N,43.3333333333333,1,254
6748,27,1.55177325,373,7010,N,45,1,254
6709,28,1.630818,392,6748,N,46.6666666666667,1,254
6122,29,1.730664,416,6709,N,48.3333333333333,1,254
6827,30,1.647459,396,6122,N,50,1,254
6176,31,1.62665775,391,6827,N,51.6666666666667,1,254
7454,32,1.597536,384,6176,N,53.3333333333333,1,254
8308,33,1.580895,380,7454,N,55,1,254
7924,34,1.62665775,391,8308,N,56.6666666666667,1,254
7576,35,1.70986275,411,7924,N,58.3333333333333,1,254
8352,36,2.10092625,505,7576,N,60,1,254
8094,37,1.8554715,446,8352,N,61.6666666666667,1,254
7496,38,1.946997,468,8094,N,63.3333333333333,1,254
8638,39,2.16333,520,7496,N,65,1,254
9017,40,2.17581075,523,8638,N,66.6666666666667,1,254
8833,41,2.313099,556,9017,N,68.3333333333333,1,254
9412,42,2.34222075,563,8833,N,70,1,254
9208,43,1.2563955,302,9412,Y,71.6666666666667,2,254
9607,44,1.4394465,346,9208,N,73.3333333333333,2,254
9814,45,1.3728825,330,9607,N,75,2,254
10087,46,1.481049,356,9814,N,76.6666666666667,2,254
10071,47,1.514331,364,10087,N,78.3333333333333,2,254
10492,48,1.54345275,371,10071,N,80,2,254
11921,49,1.5892155,382,10492,N,81.6666666666667,2,254
10796,50,1.597536,384,11921,N,83.3333333333333,2,254
11599,51,1.64329875,395,10796,N,85,2,254
10935,52,1.82634975,439,11599,N,86.6666666666667,2,254
11477,53,2.0884455,502,10935,N,88.3333333333333,2,254
11270,54,2.213253,532,11477,N,90,2,254
10642,55,2.50863075,603,11270,N,91.6666666666667,2,254
12632,56,2.59183575,623,10642,N,93.3333333333333,2,254
12290,57,1.07750475,259,12632,Y,95,3,254
12359,58,1.314639,316,12290,N,96.6666666666667,3,254
12249,59,1.4560875,350,12359,N,98.3333333333333,3,254
13148,61,1.747305,420,12249,N,101.666666666667,3,254
13546,62,1.76810625,425,13148,N,103.333333333333,3,254
13534,63,1.82634975,439,13546,N,105,3,254
14297,65,1.01094075,243,13534,Y,108.333333333333,4,254
14515,66,1.1232675,270,14297,N,110,4,254
2119,0,1.0567035,254,NA,N,0,0,255
2103,1,0.99846,240,2119,N,1.66666666666667,0,255
2176,2,0.9734985,234,2103,N,3.33333333333333,0,255
2182,3,1.01094075,243,2176,N,5,0,255
2144,4,1.06918425,257,2182,N,6.66666666666667,0,255
2107,5,1.12742775,271,2144,N,8.33333333333333,0,255
2173,6,1.21063275,291,2107,N,10,0,255
2145,7,1.30215825,313,2173,N,11.6666666666667,0,255
3398,8,1.42696575,343,2145,N,13.3333333333333,0,255
3812,9,1.51849125,365,3398,N,15,0,255
3300,10,1.41864525,341,3812,N,16.6666666666667,0,255
3571,11,1.51849125,365,3300,N,18.3333333333333,0,255
3403,12,1.51017075,363,3571,N,20,0,255
3469,13,1.41864525,341,3403,N,21.6666666666667,0,255
3684,14,1.4228055,342,3469,N,23.3333333333333,0,255
3533,15,1.4893695,358,3684,N,25,0,255
4693,16,1.464408,352,3533,N,26.6666666666667,0,255
4967,17,1.647459,396,4693,N,28.3333333333333,0,255
4725,18,1.6890615,406,4967,N,30,0,255
4644,19,1.83051,440,4725,N,31.6666666666667,0,255
5518,20,1.8721125,450,4644,N,33.3333333333333,0,255
5570,21,1.74314475,419,5518,N,35,0,255
4708,22,2.0385225,490,5570,N,36.6666666666667,0,255
4687,23,0.90277425,217,4708,Y,38.3333333333333,1,255
6670,24,0.981819,236,4687,N,40,1,255
5994,25,1.031742,248,6670,N,41.6666666666667,1,255
6509,26,1.0067805,242,5994,N,43.3333333333333,1,255
6549,27,1.1565495,278,6509,N,45,1,255
6542,28,1.10246625,265,6549,N,46.6666666666667,1,255
6014,29,1.30215825,313,6542,N,48.3333333333333,1,255
6621,30,1.19399175,287,6014,N,50,1,255
6028,31,1.231434,296,6621,N,51.6666666666667,1,255
7414,32,1.3396005,322,6028,N,53.3333333333333,1,255
8190,33,1.32711975,319,7414,N,55,1,255
7883,34,1.31047875,315,8190,N,56.6666666666667,1,255
7378,35,1.314639,316,7883,N,58.3333333333333,1,255
8242,36,1.381203,332,7378,N,60,1,255
8061,37,1.22727375,295,8242,N,61.6666666666667,1,255
7405,38,1.36040175,327,8061,N,63.3333333333333,1,255
8603,39,1.547613,372,7405,N,65,1,255
8983,40,1.564254,376,8603,N,66.6666666666667,1,255
8796,41,1.79306775,431,8983,N,68.3333333333333,1,255
9372,42,1.8887535,454,8796,N,70,1,255
9167,43,1.83467025,441,9372,N,71.6666666666667,1,255
9568,44,2.15916975,519,9167,N,73.3333333333333,1,255
9767,45,2.17581075,523,9568,N,75,1,255
9950,46,2.35054125,565,9767,N,76.6666666666667,1,255
9935,47,2.3547015,566,9950,N,78.3333333333333,1,255
10438,48,2.479509,596,9935,N,80,1,255
11872,49,2.58351525,621,10438,N,81.6666666666667,1,255
10749,50,1.015101,244,11872,Y,83.3333333333333,2,255
11501,51,1.21895325,293,10749,N,85,2,255
10373,52,1.3229595,318,11501,N,86.6666666666667,2,255
11308,53,1.231434,296,10373,N,88.3333333333333,2,255
11214,54,1.3063185,314,11308,N,90,2,255
10588,55,1.3063185,314,11214,N,91.6666666666667,2,255
12347,56,1.36872225,329,10588,N,93.3333333333333,2,255
12189,57,1.42696575,343,12347,N,95,2,255
12272,58,1.41032475,339,12189,N,96.6666666666667,2,255
12144,59,1.4228055,342,12272,N,98.3333333333333,2,255
13001,61,1.46856825,353,12144,N,101.666666666667,2,255
13380,62,1.65161925,397,13001,N,103.333333333333,2,255
13365,63,2.013561,484,13380,N,105,2,255
14498,64,1.68490125,405,13365,N,106.666666666667,2,255
14118,66,1.9553175,470,14498,N,110,2,255
13917,67,0.948537,228,14118,Y,111.666666666667,3,255
2637,0,0.7072425,170,NA,N,0,0,256
2778,1,0.965178,232,2637,N,1.66666666666667,0,256
2818,2,0.88613325,213,2778,N,3.33333333333333,0,256
2973,3,0.95269725,229,2818,N,5,0,256
2662,4,0.90277425,217,2973,N,6.66666666666667,0,256
3116,5,1.081665,260,2662,N,8.33333333333333,0,256
2784,6,1.0567035,254,3116,N,10,0,256
2664,7,1.148229,276,2784,N,11.6666666666667,0,256
4410,8,1.15238925,277,2664,N,13.3333333333333,0,256
4224,9,1.098306,264,4410,N,15,0,256
4162,10,1.0567035,254,4224,N,16.6666666666667,0,256
3979,11,1.0733445,258,4162,N,18.3333333333333,0,256
4461,12,1.18567125,285,3979,N,20,0,256
3744,13,1.17735075,283,4461,N,21.6666666666667,0,256
4090,14,1.21895325,293,3744,N,23.3333333333333,0,256
4009,15,1.15238925,277,4090,N,25,0,256
5101,16,1.264716,304,4009,N,26.6666666666667,0,256
5401,17,1.16903025,281,5101,N,28.3333333333333,0,256
5150,18,1.24391475,299,5401,N,30,0,256
5117,19,1.2397545,298,5150,N,31.6666666666667,0,256
5854,20,1.2231135,294,5117,N,33.3333333333333,0,256
5805,21,1.26055575,303,5854,N,35,0,256
5145,22,1.29383775,311,5805,N,36.6666666666667,0,256
5565,23,1.34376075,323,5145,N,38.3333333333333,0,256
7231,24,1.42696575,343,5565,N,40,0,256
6248,25,1.56841425,377,7231,N,41.6666666666667,0,256
7133,26,1.747305,420,6248,N,43.3333333333333,0,256
6891,27,1.94283675,467,7133,N,45,0,256
6856,28,2.0718045,498,6891,N,46.6666666666667,0,256
6281,29,1.780587,428,6856,N,48.3333333333333,0,256
7051,30,1.098306,264,6281,Y,50,1,256
6372,31,1.15238925,277,7051,N,51.6666666666667,1,256
7656,32,1.16903025,281,6372,N,53.3333333333333,1,256
7676,35,1.37704275,331,7656,N,58.3333333333333,1,256
8485,36,1.3895235,334,7676,N,60,1,256
8168,37,1.347921,324,8485,N,61.6666666666667,1,256
7714,38,1.4727285,354,8168,N,63.3333333333333,1,256
8693,39,1.60169625,385,7714,N,65,1,256
9067,40,1.49769,360,8693,N,66.6666666666667,1,256
8886,41,1.697382,408,9067,N,68.3333333333333,1,256
9468,42,1.8221895,438,8886,N,70,1,256
9270,43,1.76810625,425,9468,N,71.6666666666667,1,256
9663,44,2.1383685,514,9270,N,73.3333333333333,1,256
9909,45,2.0052405,482,9663,N,75,1,256
10220,46,2.1050865,506,9909,N,76.6666666666667,1,256
10201,47,2.22573375,535,10220,N,78.3333333333333,1,256
10545,48,2.30061825,553,10201,N,80,1,256
11980,49,1.12742775,271,10545,Y,81.6666666666667,2,256
11031,50,1.16487,280,11980,N,83.3333333333333,2,256
11732,51,1.20231225,289,11031,N,85,2,256
11055,52,1.21895325,293,11732,N,86.6666666666667,2,256
11663,53,1.514331,364,11055,N,88.3333333333333,2,256
11370,54,1.50185025,361,11663,N,90,2,256
10703,55,1.5392925,370,11370,N,91.6666666666667,2,256
12810,56,1.6391385,394,10703,N,93.3333333333333,2,256
12602,57,1.714023,412,12810,N,95,2,256
12630,58,1.76810625,425,12602,N,96.6666666666667,2,256
12423,59,1.61833725,389,12630,N,98.3333333333333,2,256
13206,61,1.514331,364,12423,N,101.666666666667,2,256
13623,62,1.70986275,411,13206,N,103.333333333333,2,256
13584,63,1.71818325,413,13623,N,105,2,256
15304,64,1.564254,376,13584,N,106.666666666667,2,256
14891,65,1.547613,372,15304,N,108.333333333333,2,256
15090,66,1.2896775,310,14891,N,110,2,256
14862,67,1.5226515,366,15090,N,111.666666666667,2,256
2637,0,0.7072425,170,NA,N,0,0,257
2778,1,0.965178,232,2637,N,1.66666666666667,0,257
2818,2,0.88613325,213,2778,N,3.33333333333333,0,257
2973,3,0.95269725,229,2818,N,5,0,257
2662,4,0.90277425,217,2973,N,6.66666666666667,0,257
3116,5,1.081665,260,2662,N,8.33333333333333,0,257
2784,6,1.0567035,254,3116,N,10,0,257
2664,7,1.148229,276,2784,N,11.6666666666667,0,257
4410,8,1.15238925,277,2664,N,13.3333333333333,0,257
4224,9,1.098306,264,4410,N,15,0,257
4162,10,1.0567035,254,4224,N,16.6666666666667,0,257
3979,11,1.0733445,258,4162,N,18.3333333333333,0,257
4461,12,1.18567125,285,3979,N,20,0,257
3744,13,1.17735075,283,4461,N,21.6666666666667,0,257
4090,14,1.21895325,293,3744,N,23.3333333333333,0,257
4009,15,1.15238925,277,4090,N,25,0,257
5101,16,1.264716,304,4009,N,26.6666666666667,0,257
5401,17,1.16903025,281,5101,N,28.3333333333333,0,257
5150,18,1.24391475,299,5401,N,30,0,257
5117,19,1.2397545,298,5150,N,31.6666666666667,0,257
5854,20,1.2231135,294,5117,N,33.3333333333333,0,257
5805,21,1.26055575,303,5854,N,35,0,257
5145,22,1.29383775,311,5805,N,36.6666666666667,0,257
5565,23,1.34376075,323,5145,N,38.3333333333333,0,257
7231,24,1.42696575,343,5565,N,40,0,257
6248,25,1.56841425,377,7231,N,41.6666666666667,0,257
7133,26,1.747305,420,6248,N,43.3333333333333,0,257
6891,27,1.94283675,467,7133,N,45,0,257
6856,28,2.0718045,498,6891,N,46.6666666666667,0,257
6281,29,1.780587,428,6856,N,48.3333333333333,0,257
7055,30,1.15238925,277,6281,Y,50,1,257
6373,31,1.12742775,271,7055,N,51.6666666666667,1,257
7658,32,1.19399175,287,6373,N,53.3333333333333,1,257
8442,33,1.38536325,333,7658,N,55,1,257
7986,34,1.314639,316,8442,N,56.6666666666667,1,257
7679,35,1.2064725,290,7986,N,58.3333333333333,1,257
8487,36,1.181511,284,7679,N,60,1,257
8171,37,1.35208125,325,8487,N,61.6666666666667,1,257
7716,38,1.51017075,363,8171,N,63.3333333333333,1,257
8694,39,1.57673475,379,7716,N,65,1,257
9068,40,1.51017075,363,8694,N,66.6666666666667,1,257
8887,41,1.63497825,393,9068,N,68.3333333333333,1,257
9469,42,1.72650375,415,8887,N,70,1,257
9271,43,2.15084925,517,9469,N,71.6666666666667,1,257
9664,44,2.10092625,505,9271,N,73.3333333333333,1,257
9912,45,2.19245175,527,9664,N,75,1,257
10224,46,1.33128,320,9912,Y,76.6666666666667,2,257
10204,47,1.35208125,325,10224,N,78.3333333333333,2,257
10547,48,1.3063185,314,10204,N,80,2,257
11982,49,1.4061645,338,10547,N,81.6666666666667,2,257
11037,50,1.597536,384,11982,N,83.3333333333333,2,257
11736,51,1.547613,372,11037,N,85,2,257
11058,52,1.697382,408,11736,N,86.6666666666667,2,257
11665,53,1.780587,428,11058,N,88.3333333333333,2,257
11371,54,1.5060105,362,11665,N,90,2,257
10704,55,1.547613,372,11371,N,91.6666666666667,2,257
12811,56,1.59337575,383,10704,N,93.3333333333333,2,257
12605,57,1.913715,460,12811,N,95,2,257
12634,58,1.880433,452,12605,N,96.6666666666667,2,257
12424,59,2.013561,484,12634,N,98.3333333333333,2,257
13209,61,2.196612,528,12424,N,101.666666666667,2,257
13624,62,2.20909275,531,13209,N,103.333333333333,2,257
13585,63,2.36718225,569,13624,N,105,2,257
15306,64,1.36040175,327,13585,Y,106.666666666667,3,257
14895,65,1.181511,284,15306,N,108.333333333333,3,257
15095,66,1.32711975,319,14895,N,110,3,257
2128,0,0.84453075,203,NA,N,0,0,258
2114,1,0.94437675,227,2128,N,1.66666666666667,0,258
2183,2,0.90277425,217,2114,N,3.33333333333333,0,258
2199,3,0.8570115,206,2183,N,5,0,258
2162,4,0.9568575,230,2199,N,6.66666666666667,0,258
2123,5,1.031742,248,2162,N,8.33333333333333,0,258
2194,6,0.92773575,223,2123,N,10,0,258
2168,7,1.11910725,269,2194,N,11.6666666666667,0,258
3401,8,1.1731905,282,2168,N,13.3333333333333,0,258
3820,9,1.01094075,243,3401,N,15,0,258
3302,10,0.98597925,237,3820,N,16.6666666666667,0,258
3573,11,1.048383,252,3302,N,18.3333333333333,0,258
3408,12,1.10246625,265,3573,N,20,0,258
3475,13,1.12742775,271,3408,N,21.6666666666667,0,258
3686,14,1.131588,272,3475,N,23.3333333333333,0,258
3538,15,1.11078675,267,3686,N,25,0,258
4700,16,1.18567125,285,3538,N,26.6666666666667,0,258
4971,17,1.148229,276,4700,N,28.3333333333333,0,258
4729,18,1.20231225,289,4971,N,30,0,258
4650,19,1.231434,296,4729,N,31.6666666666667,0,258
5523,20,1.29383775,311,4650,N,33.3333333333333,0,258
5606,21,1.2397545,298,5523,N,35,0,258
4714,22,1.23559425,297,5606,N,36.6666666666667,0,258
4691,23,1.1898315,286,4714,N,38.3333333333333,0,258
6672,24,1.297998,312,4691,N,40,0,258
6000,25,1.231434,296,6672,N,41.6666666666667,0,258
6518,26,1.2064725,290,6000,N,43.3333333333333,0,258
6551,27,1.18567125,285,6518,N,45,0,258
6546,28,1.18567125,285,6551,N,46.6666666666667,0,258
6016,29,1.24391475,299,6546,N,48.3333333333333,0,258
6623,30,1.24391475,299,6016,N,50,0,258
6034,31,1.40200425,337,6623,N,51.6666666666667,0,258
7416,32,1.54345275,371,6034,N,53.3333333333333,0,258
8196,33,1.78474725,429,7416,N,55,0,258
7884,34,1.91787525,461,8196,N,56.6666666666667,0,258
7386,35,2.146689,516,7884,N,58.3333333333333,0,258
8255,36,1.11910725,269,7386,Y,60,1,258
8064,37,1.21063275,291,8255,N,61.6666666666667,1,258
7467,38,1.26055575,303,8064,N,63.3333333333333,1,258
8606,39,1.347921,324,7467,N,65,1,258
8986,40,1.297998,312,8606,N,66.6666666666667,1,258
8799,41,1.27719675,307,8986,N,68.3333333333333,1,258
9376,42,1.51017075,363,8799,N,70,1,258
9171,43,1.57673475,379,9376,N,71.6666666666667,1,258
9572,44,1.36040175,327,9171,N,73.3333333333333,1,258
9772,45,1.55177325,373,9572,N,75,1,258
9967,46,1.5392925,370,9772,N,76.6666666666667,1,258
9954,47,1.8721125,450,9967,N,78.3333333333333,1,258
10445,48,1.80970875,435,9954,N,80,1,258
11879,49,1.913715,460,10445,N,81.6666666666667,1,258
10757,50,2.18413125,525,11879,N,83.3333333333333,1,258
11530,51,2.246535,540,10757,N,85,1,258
10382,52,1.4394465,346,11530,Y,86.6666666666667,2,258
11317,53,1.5226515,366,10382,N,88.3333333333333,2,258
11225,54,1.431126,344,11317,N,90,2,258
10599,55,1.614177,388,11225,N,91.6666666666667,2,258
12382,56,1.73482425,417,10599,N,93.3333333333333,2,258
12210,57,1.8721125,450,12382,N,95,2,258
12291,58,2.10092625,505,12210,N,96.6666666666667,2,258
12169,59,2.179971,524,12291,N,98.3333333333333,2,258
13020,61,2.0551635,494,12169,N,101.666666666667,2,258
13399,62,2.32974,560,13020,N,103.333333333333,2,258
13381,63,2.65007925,637,13399,N,105,2,258
15164,64,2.928816,704,13381,N,106.666666666667,2,258
14514,65,3.26579625,785,15164,N,108.333333333333,2,258
2386,0,1.0067805,242,NA,N,0,0,259
2332,1,0.931896,224,2386,N,1.66666666666667,0,259
2453,2,0.948537,228,2332,N,3.33333333333333,0,259
2444,3,0.948537,228,2453,N,5,0,259
2399,4,1.0400625,250,2444,N,6.66666666666667,0,259
2422,5,1.0733445,258,2399,N,8.33333333333333,0,259
2483,6,1.04422275,251,2422,N,10,0,259
2446,7,1.1232675,270,2483,N,11.6666666666667,0,259
3525,8,1.15238925,277,2446,N,13.3333333333333,0,259
3994,9,1.21895325,293,3525,N,15,0,259
3659,10,1.181511,284,3994,N,16.6666666666667,0,259
3774,11,1.26055575,303,3659,N,18.3333333333333,0,259
4379,12,1.28551725,309,3774,N,20,0,259
3606,13,1.32711975,319,4379,N,21.6666666666667,0,259
3843,14,1.3229595,318,3606,N,23.3333333333333,0,259
3787,15,1.2563955,302,3843,N,25,0,259
4876,16,1.3229595,318,3787,N,26.6666666666667,0,259
5156,17,1.38536325,333,4876,N,28.3333333333333,0,259
4917,18,1.38536325,333,5156,N,30,0,259
4845,19,1.40200425,337,4917,N,31.6666666666667,0,259
5755,20,1.364562,328,4845,N,33.3333333333333,0,259
5712,21,1.49352975,359,5755,N,35,0,259
4895,22,1.75146525,421,5712,N,36.6666666666667,0,259
5462,23,1.8554715,446,4895,N,38.3333333333333,0,259
6990,24,1.90955475,459,5462,N,40,0,259
6107,25,2.15084925,517,6990,N,41.6666666666667,0,259
7022,26,2.25069525,541,6107,N,43.3333333333333,0,259
6761,27,2.4379065,586,7022,N,45,0,259
6723,28,2.4212655,582,6761,N,46.6666666666667,0,259
6138,29,2.595996,624,6723,N,48.3333333333333,0,259
6839,30,1.347921,324,6138,Y,50,1,259
6188,31,1.4394465,346,6839,N,51.6666666666667,1,259
7458,32,1.48520925,357,6188,N,53.3333333333333,1,259
8320,33,1.48520925,357,7458,N,55,1,259
7928,34,1.56841425,377,8320,N,56.6666666666667,1,259
7580,35,1.55177325,373,7928,N,58.3333333333333,1,259
8363,36,1.66826025,401,7580,N,60,1,259
8098,37,1.48520925,357,8363,N,61.6666666666667,1,259
7500,38,1.66826025,401,8098,N,63.3333333333333,1,259
8642,39,1.7722665,426,7500,N,65,1,259
9021,40,1.95947775,471,8642,N,66.6666666666667,1,259
8837,41,2.00940075,483,9021,N,68.3333333333333,1,259
9417,42,2.446227,588,8837,N,70,1,259
9213,43,1.24391475,299,9417,Y,71.6666666666667,2,259
9612,44,1.33128,320,9213,N,73.3333333333333,2,259
9819,45,1.3895235,334,9612,N,75,2,259
10104,46,1.3728825,330,9819,N,76.6666666666667,2,259
10086,47,1.6058565,386,10104,N,78.3333333333333,2,259
10496,48,1.647459,396,10086,N,80,2,259
10801,50,1.8554715,446,10496,N,83.3333333333333,2,259
11605,51,2.00108025,481,10801,N,85,2,259
2393,0,1.364562,328,NA,N,0,0,260
2335,1,1.431126,344,2393,N,1.66666666666667,0,260
2457,2,1.564254,376,2335,N,3.33333333333333,0,260
2447,3,1.6058565,386,2457,N,5,0,260
2407,4,1.63497825,393,2447,N,6.66666666666667,0,260
2424,5,1.79306775,431,2407,N,8.33333333333333,0,260
2489,6,1.7556255,422,2424,N,10,0,260
2448,7,1.813869,436,2489,N,11.6666666666667,0,260
3539,8,1.8388305,442,2448,N,13.3333333333333,0,260
4016,9,1.9053945,458,3539,N,15,0,260
3958,10,1.94283675,467,4016,N,16.6666666666667,0,260
3794,11,1.980279,476,3958,N,18.3333333333333,0,260
4382,12,2.1550095,518,3794,N,20,0,260
3615,13,2.18413125,525,4382,N,21.6666666666667,0,260
3866,14,2.24237475,539,3615,N,23.3333333333333,0,260
3808,15,2.28397725,549,3866,N,25,0,260
4892,16,2.28397725,549,3808,N,26.6666666666667,0,260
5173,17,2.21741325,533,4892,N,28.3333333333333,0,260
4927,18,1.16070975,279,5173,Y,30,1,260
4855,19,1.14406875,275,4927,N,31.6666666666667,1,260
5757,20,1.1399085,274,4855,N,33.3333333333333,1,260
5715,21,1.20231225,289,5757,N,35,1,260
4906,22,1.16903025,281,5715,N,36.6666666666667,1,260
5463,23,1.36040175,327,4906,N,38.3333333333333,1,260
6991,24,1.3396005,322,5463,N,40,1,260
6112,25,1.29383775,311,6991,N,41.6666666666667,1,260
7027,26,1.41032475,339,6112,N,43.3333333333333,1,260
6769,27,1.6557795,398,7027,N,45,1,260
6733,28,1.79306775,431,6769,N,46.6666666666667,1,260
6152,29,1.85963175,447,6733,N,48.3333333333333,1,260
6857,30,1.99275975,479,6152,N,50,1,260
6205,31,1.963638,472,6857,N,51.6666666666667,1,260
7462,32,2.15084925,517,6205,N,53.3333333333333,1,260
8333,33,2.229894,536,7462,N,55,1,260
7933,34,2.4878295,598,8333,N,56.6666666666667,1,260
7584,35,2.363022,568,7933,N,58.3333333333333,1,260
8375,36,1.314639,316,7584,Y,60,2,260
8101,37,1.50185025,361,8375,N,61.6666666666667,2,260
7505,38,1.51849125,365,8101,N,63.3333333333333,2,260
8644,39,1.64329875,395,7505,N,65,2,260
9023,40,1.714023,412,8644,N,66.6666666666667,2,260
8839,41,1.75978575,423,9023,N,68.3333333333333,2,260
9421,42,1.81802925,437,8839,N,70,2,260
9217,43,1.89291375,455,9421,N,71.6666666666667,2,260
9615,44,2.2049325,530,9217,N,73.3333333333333,2,260
9824,45,2.32974,560,9615,N,75,2,260
10124,46,2.57519475,619,9824,N,76.6666666666667,2,260
10089,47,2.74992525,661,10124,N,78.3333333333333,2,260
10497,48,2.74992525,661,10089,N,80,2,260
11927,49,2.34222075,563,10497,N,81.6666666666667,2,260
10804,50,1.31879925,317,11927,Y,83.3333333333333,3,260
11610,51,1.481049,356,10804,N,85,3,260
11060,52,1.347921,324,11610,N,86.6666666666667,3,260
3162,0,1.1066265,266,NA,N,0,0,261
3088,1,1.20231225,289,3162,N,1.66666666666667,0,261
3205,2,1.214793,292,3088,N,3.33333333333333,0,261
3243,3,1.20231225,289,3205,N,5,0,261
3133,4,1.231434,296,3243,N,6.66666666666667,0,261
3274,5,1.33544025,321,3133,N,8.33333333333333,0,261
3210,6,1.214793,292,3274,N,10,0,261
2929,7,1.13574825,273,3210,N,11.6666666666667,0,261
4575,8,1.26887625,305,2929,N,13.3333333333333,0,261
4522,9,1.23559425,297,4575,N,15,0,261
4390,10,1.34376075,323,4522,N,16.6666666666667,0,261
4266,11,1.36872225,329,4390,N,18.3333333333333,0,261
4562,12,1.38536325,333,4266,N,20,0,261
4373,13,1.3229595,318,4562,N,21.6666666666667,0,261
4344,14,1.43528625,345,4373,N,23.3333333333333,0,261
4270,15,1.36040175,327,4344,N,25,0,261
5378,16,1.44360675,347,4270,N,26.6666666666667,0,261
5721,17,1.55177325,373,5378,N,28.3333333333333,0,261
5432,18,1.68490125,405,5721,N,30,0,261
5423,19,1.83051,440,5432,N,31.6666666666667,0,261
5946,20,1.897074,456,5423,N,33.3333333333333,0,261
5921,21,1.747305,420,5946,N,35,0,261
5422,22,2.080125,500,5921,N,36.6666666666667,0,261
5645,23,1.02758175,247,5422,Y,38.3333333333333,1,261
7289,24,1.065024,256,5645,N,40,1,261
6503,25,1.26887625,305,7289,N,41.6666666666667,1,261
7331,26,1.25223525,301,6503,N,43.3333333333333,1,261
7183,27,1.21063275,291,7331,N,45,1,261
7038,28,1.3895235,334,7183,N,46.6666666666667,1,261
6484,29,1.35208125,325,7038,N,48.3333333333333,1,261
7201,30,1.314639,316,6484,N,50,1,261
6552,31,1.3562415,326,7201,N,51.6666666666667,1,261
7800,32,1.41032475,339,6552,N,53.3333333333333,1,261
8538,33,1.464408,352,7800,N,55,1,261
8036,34,1.60169625,385,8538,N,56.6666666666667,1,261
7822,35,1.83467025,441,8036,N,58.3333333333333,1,261
8571,36,1.90123425,457,7822,N,60,1,261
7859,38,1.87627275,451,8571,N,63.3333333333333,1,261
8764,39,1.8721125,450,7859,N,65,1,261
9134,40,1.9553175,470,8764,N,66.6666666666667,1,261
8957,41,1.863792,448,9134,N,68.3333333333333,1,261
9535,42,1.76810625,425,8957,N,70,1,261
9339,43,1.07750475,259,9535,Y,71.6666666666667,2,261
9728,44,1.081665,260,9339,N,73.3333333333333,2,261
10110,45,1.17735075,283,9728,N,75,2,261
10336,46,1.25223525,301,10110,N,76.6666666666667,2,261
10315,47,1.2563955,302,10336,N,78.3333333333333,2,261
11013,48,1.39368375,335,10315,N,80,2,261
12045,49,1.29383775,311,11013,N,81.6666666666667,2,261
11180,50,1.44360675,347,12045,N,83.3333333333333,2,261
11836,51,1.4560875,350,11180,N,85,2,261
11136,52,1.447767,348,11836,N,86.6666666666667,2,261
11793,53,1.4727285,354,11136,N,88.3333333333333,2,261
11544,54,1.55177325,373,11793,N,90,2,261
10974,55,1.60169625,385,11544,N,91.6666666666667,2,261
12918,56,1.63497825,393,10974,N,93.3333333333333,2,261
12807,57,1.7722665,426,12918,N,95,2,261
12892,58,1.980279,476,12807,N,96.6666666666667,2,261
12589,59,2.03436225,489,12892,N,98.3333333333333,2,261
13259,60,2.03436225,489,12589,N,100,2,261
13354,61,2.479509,596,13259,N,101.666666666667,2,261
13693,62,2.49198975,599,13354,N,103.333333333333,2,261
13762,63,1.35208125,325,13693,Y,105,3,261
15393,64,1.1731905,282,13762,N,106.666666666667,3,261
15140,65,1.4727285,354,15393,N,108.333333333333,3,261
15238,66,1.25223525,301,15140,N,110,3,261
15107,67,1.364562,328,15238,N,111.666666666667,3,261
14972,68,1.1066265,266,15107,N,113.333333333333,3,261
15126,69,1.08582525,261,14972,N,115,3,261
15532,70,1.21063275,291,15126,N,116.666666666667,3,261
2651,0,1.3063185,314,NA,N,0,0,262
2796,1,1.16070975,279,2651,N,1.66666666666667,0,262
2838,2,1.1399085,274,2796,N,3.33333333333333,0,262
2982,3,1.248075,300,2838,N,5,0,262
2673,4,1.248075,300,2982,N,6.66666666666667,0,262
3125,5,1.31047875,315,2673,N,8.33333333333333,0,262
2793,6,1.297998,312,3125,N,10,0,262
2675,7,1.33128,320,2793,N,11.6666666666667,0,262
4415,8,1.32711975,319,2675,N,13.3333333333333,0,262
4233,9,1.3396005,322,4415,N,15,0,262
4170,10,1.35208125,325,4233,N,16.6666666666667,0,262
3989,11,1.33544025,321,4170,N,18.3333333333333,0,262
4465,12,1.3562415,326,3989,N,20,0,262
3754,13,1.3562415,326,4465,N,21.6666666666667,0,262
4100,14,1.46024775,351,3754,N,23.3333333333333,0,262
4022,15,1.514331,364,4100,N,25,0,262
5110,16,1.4560875,350,4022,N,26.6666666666667,0,262
5409,17,1.514331,364,5110,N,28.3333333333333,0,262
5162,18,1.70986275,411,5409,N,30,0,262
5127,19,1.6724205,402,5162,N,31.6666666666667,0,262
5859,20,1.780587,428,5127,N,33.3333333333333,0,262
5809,21,1.85131125,445,5859,N,35,0,262
5158,22,2.1217275,510,5809,N,36.6666666666667,0,262
5567,23,1.780587,428,5158,N,38.3333333333333,0,262
7233,24,1.1232675,270,5567,Y,40,1,262
6254,25,1.08582525,261,7233,N,41.6666666666667,1,262
7137,26,1.24391475,299,6254,N,43.3333333333333,1,262
6898,27,1.3728825,330,7137,N,45,1,262
6867,28,1.3895235,334,6898,N,46.6666666666667,1,262
6287,29,1.44360675,347,6867,N,48.3333333333333,1,262
7068,30,1.51849125,365,6287,N,50,1,262
6376,31,1.60169625,385,7068,N,51.6666666666667,1,262
7663,32,1.67658075,403,6376,N,53.3333333333333,1,262
8446,33,1.7556255,422,7663,N,55,1,262
7989,34,1.8388305,442,8446,N,56.6666666666667,1,262
7691,35,1.84299075,443,7989,N,58.3333333333333,1,262
8496,36,2.16333,520,7691,N,60,1,262
8184,37,2.1550095,518,8496,N,61.6666666666667,1,262
7739,38,2.1882915,526,8184,N,63.3333333333333,1,262
8700,39,1.98443925,477,7739,N,65,1,262
9071,40,2.00108025,481,8700,N,66.6666666666667,1,262
8891,41,2.14252875,515,9071,N,68.3333333333333,1,262
9473,42,2.64175875,635,8891,N,70,1,262
9275,43,2.36718225,569,9473,N,71.6666666666667,1,262
9666,44,2.50863075,603,9275,N,73.3333333333333,1,262
9921,45,2.67504075,643,9666,N,75,1,262
10230,46,2.8372905,682,9921,N,76.6666666666667,1,262
10209,47,3.1867515,766,10230,N,78.3333333333333,1,262
10550,48,2.94129675,707,10209,N,80,1,262
11984,49,2.84977125,685,10550,N,81.6666666666667,1,262
11042,50,1.48520925,357,11984,Y,83.3333333333333,2,262
11743,51,1.630818,392,11042,N,85,2,262
2651,0,1.3063185,314,NA,N,0,0,263
2796,1,1.16070975,279,2651,N,1.66666666666667,0,263
2838,2,1.1399085,274,2796,N,3.33333333333333,0,263
2982,3,1.248075,300,2838,N,5,0,263
2673,4,1.248075,300,2982,N,6.66666666666667,0,263
3125,5,1.31047875,315,2673,N,8.33333333333333,0,263
2793,6,1.297998,312,3125,N,10,0,263
2675,7,1.33128,320,2793,N,11.6666666666667,0,263
4415,8,1.32711975,319,2675,N,13.3333333333333,0,263
4233,9,1.3396005,322,4415,N,15,0,263
4170,10,1.35208125,325,4233,N,16.6666666666667,0,263
3989,11,1.33544025,321,4170,N,18.3333333333333,0,263
4465,12,1.3562415,326,3989,N,20,0,263
3754,13,1.3562415,326,4465,N,21.6666666666667,0,263
4100,14,1.46024775,351,3754,N,23.3333333333333,0,263
4022,15,1.514331,364,4100,N,25,0,263
5110,16,1.4560875,350,4022,N,26.6666666666667,0,263
5409,17,1.514331,364,5110,N,28.3333333333333,0,263
5162,18,1.70986275,411,5409,N,30,0,263
5127,19,1.6724205,402,5162,N,31.6666666666667,0,263
5859,20,1.780587,428,5127,N,33.3333333333333,0,263
5809,21,1.85131125,445,5859,N,35,0,263
5158,22,2.1217275,510,5809,N,36.6666666666667,0,263
5567,23,1.780587,428,5158,N,38.3333333333333,0,263
7233,24,1.1232675,270,5567,Y,40,1,263
6254,25,1.08582525,261,7233,N,41.6666666666667,1,263
7137,26,1.24391475,299,6254,N,43.3333333333333,1,263
6898,27,1.3728825,330,7137,N,45,1,263
6867,28,1.3895235,334,6898,N,46.6666666666667,1,263
6287,29,1.44360675,347,6867,N,48.3333333333333,1,263
7068,30,1.51849125,365,6287,N,50,1,263
6376,31,1.60169625,385,7068,N,51.6666666666667,1,263
7663,32,1.67658075,403,6376,N,53.3333333333333,1,263
8446,33,1.7556255,422,7663,N,55,1,263
7989,34,1.8388305,442,8446,N,56.6666666666667,1,263
7691,35,1.84299075,443,7989,N,58.3333333333333,1,263
8496,36,2.16333,520,7691,N,60,1,263
8184,37,2.1550095,518,8496,N,61.6666666666667,1,263
7739,38,2.1882915,526,8184,N,63.3333333333333,1,263
8700,39,1.98443925,477,7739,N,65,1,263
9071,40,2.00108025,481,8700,N,66.6666666666667,1,263
8891,41,2.14252875,515,9071,N,68.3333333333333,1,263
9473,42,2.64175875,635,8891,N,70,1,263
9275,43,2.36718225,569,9473,N,71.6666666666667,1,263
9666,44,2.50863075,603,9275,N,73.3333333333333,1,263
9921,45,2.67504075,643,9666,N,75,1,263
10230,46,2.8372905,682,9921,N,76.6666666666667,1,263
10209,47,3.1867515,766,10230,N,78.3333333333333,1,263
10550,48,2.94129675,707,10209,N,80,1,263
11984,49,2.84977125,685,10550,N,81.6666666666667,1,263
11045,50,1.63497825,393,11984,Y,83.3333333333333,2,263
11747,51,1.62665775,391,11045,N,85,2,263
11064,52,1.83051,440,11747,N,86.6666666666667,2,263
11667,53,1.9719585,474,11064,N,88.3333333333333,2,263
11375,54,2.130048,512,11667,N,90,2,263
10707,55,2.1882915,526,11375,N,91.6666666666667,2,263
12814,56,2.23405425,537,10707,N,93.3333333333333,2,263
12617,57,2.4878295,598,12814,N,95,2,263
12639,58,2.70000225,649,12617,N,96.6666666666667,2,263
12426,59,1.4061645,338,12639,Y,98.3333333333333,3,263
2142,0,1.80970875,435,NA,N,0,0,264
2124,1,2.07596475,499,2142,N,1.66666666666667,0,264
2193,2,2.16749025,521,2124,N,3.33333333333333,0,264
2206,3,2.096766,504,2193,N,5,0,264
2170,4,2.1716505,522,2206,N,6.66666666666667,0,264
2141,5,2.179971,524,2170,N,8.33333333333333,0,264
2208,6,2.3547015,566,2141,N,10,0,264
2186,7,2.3214195,558,2208,N,11.6666666666667,0,264
3404,8,2.29229775,551,2186,N,13.3333333333333,0,264
3825,9,2.3879835,574,3404,N,15,0,264
3303,10,2.35886175,567,3825,N,16.6666666666667,0,264
3574,11,1.231434,296,3303,Y,18.3333333333333,1,264
3412,12,1.32711975,319,3574,N,20,1,264
3478,13,1.36040175,327,3412,N,21.6666666666667,1,264
3687,14,1.4893695,358,3478,N,23.3333333333333,1,264
5294,16,1.42696575,343,3687,N,26.6666666666667,1,264
5662,17,1.6890615,406,5294,N,28.3333333333333,1,264
5355,18,1.5226515,366,5662,N,30,1,264
5336,19,1.56841425,377,5355,N,31.6666666666667,1,264
5931,20,1.65161925,397,5336,N,33.3333333333333,1,264
5888,21,1.6641,400,5931,N,35,1,264
5343,22,1.67658075,403,5888,N,36.6666666666667,1,264
5613,23,1.630818,392,5343,N,38.3333333333333,1,264
7310,26,1.75146525,421,5613,N,43.3333333333333,1,264
6441,27,1.78474725,429,7310,N,45,1,264
7867,34,1.76810625,425,6441,N,56.6666666666667,1,264
8179,36,1.89291375,455,7867,N,60,1,264
8582,39,1.76810625,425,8179,N,65,1,264
9350,42,1.89291375,455,8582,N,70,1,264
9146,43,1.85131125,445,9350,N,71.6666666666667,1,264
9546,44,1.9719585,474,9146,N,73.3333333333333,1,264
9742,45,2.03436225,489,9546,N,75,1,264
9894,46,1.963638,472,9742,N,76.6666666666667,1,264
9868,47,2.2382145,538,9894,N,78.3333333333333,1,264
10415,48,2.10924675,507,9868,N,80,1,264
11848,49,2.479509,596,10415,N,81.6666666666667,1,264
10723,50,2.31725925,557,11848,N,83.3333333333333,1,264
11436,51,2.35886175,567,10723,N,85,1,264
10350,52,2.2049325,530,11436,N,86.6666666666667,1,264
11278,53,2.8539315,686,10350,N,88.3333333333333,1,264
11193,54,2.59183575,623,11278,N,90,1,264
10568,55,2.45038725,589,11193,N,91.6666666666667,1,264
12078,56,1.2064725,290,10568,Y,93.3333333333333,2,264
12104,57,1.23559425,297,12078,N,95,2,264
12093,58,1.34376075,323,12104,N,96.6666666666667,2,264
12062,59,1.347921,324,12093,N,98.3333333333333,2,264
12930,60,1.3562415,326,12062,N,100,2,264
12953,61,1.464408,352,12930,N,101.666666666667,2,264
13321,62,1.49769,360,12953,N,103.333333333333,2,264
13305,63,1.597536,384,13321,N,105,2,264
15041,64,1.6890615,406,13305,N,106.666666666667,2,264
14398,65,1.71818325,413,15041,N,108.333333333333,2,264
14643,66,1.797228,432,14398,N,110,2,264
14402,67,1.980279,476,14643,N,111.666666666667,2,264
14175,68,2.00940075,483,14402,N,113.333333333333,2,264
14292,69,0.915255,220,14175,Y,115,3,264
15398,70,1.114947,268,14292,N,116.666666666667,3,264
3181,0,1.5559335,374,NA,N,0,0,265
3093,1,1.5725745,378,3181,N,1.66666666666667,0,265
3212,2,1.57673475,379,3093,N,3.33333333333333,0,265
3245,3,1.6724205,402,3212,N,5,0,265
3142,4,1.564254,376,3245,N,6.66666666666667,0,265
3277,5,1.614177,388,3142,N,8.33333333333333,0,265
3219,6,1.52681175,367,3277,N,10,0,265
2948,7,1.963638,472,3219,N,11.6666666666667,0,265
4578,8,0.981819,236,2948,Y,13.3333333333333,1,265
4529,9,0.9901395,238,4578,N,15,1,265
4398,10,0.97765875,235,4529,N,16.6666666666667,1,265
4281,11,0.9901395,238,4398,N,18.3333333333333,1,265
4566,12,0.96933825,233,4281,N,20,1,265
4376,13,1.06918425,257,4566,N,21.6666666666667,1,265
4353,14,1.031742,248,4376,N,23.3333333333333,1,265
4284,15,1.06918425,257,4353,N,25,1,265
5394,16,0.97765875,235,4284,N,26.6666666666667,1,265
5726,17,1.0733445,258,5394,N,28.3333333333333,1,265
5445,18,1.08582525,261,5726,N,30,1,265
5439,19,1.098306,264,5445,N,31.6666666666667,1,265
5949,20,1.10246625,265,5439,N,33.3333333333333,1,265
5928,21,1.065024,256,5949,N,35,1,265
5433,22,1.114947,268,5928,N,36.6666666666667,1,265
5654,23,1.1565495,278,5433,N,38.3333333333333,1,265
7295,24,1.26055575,303,5654,N,40,1,265
6536,25,1.2064725,290,7295,N,41.6666666666667,1,265
7337,26,1.15238925,277,6536,N,43.3333333333333,1,265
7274,27,1.2231135,294,7337,N,45,1,265
7057,28,1.18567125,285,7274,N,46.6666666666667,1,265
6511,29,1.3229595,318,7057,N,48.3333333333333,1,265
7209,30,1.31879925,317,6511,N,50,1,265
6593,31,1.30215825,313,7209,N,51.6666666666667,1,265
7812,32,1.31879925,317,6593,N,53.3333333333333,1,265
8545,33,1.35208125,325,7812,N,55,1,265
8040,34,1.347921,324,8545,N,56.6666666666667,1,265
7829,35,1.36040175,327,8040,N,58.3333333333333,1,265
8576,36,1.46024775,351,7829,N,60,1,265
8365,37,1.43528625,345,8576,N,61.6666666666667,1,265
7862,38,1.5392925,370,8365,N,63.3333333333333,1,265
8767,39,1.597536,384,7862,N,65,1,265
9139,40,1.61833725,389,8767,N,66.6666666666667,1,265
8960,41,1.7389845,418,9139,N,68.3333333333333,1,265
9539,42,1.90123425,457,8960,N,70,1,265
9344,43,2.0052405,482,9539,N,71.6666666666667,1,265
9734,44,2.113407,508,9344,N,73.3333333333333,1,265
10120,45,2.05100325,493,9734,N,75,1,265
10342,46,1.131588,272,10120,Y,76.6666666666667,2,265
10327,47,1.34376075,323,10342,N,78.3333333333333,2,265
11018,48,1.2563955,302,10327,N,80,2,265
12050,49,1.44360675,347,11018,N,81.6666666666667,2,265
2671,0,0.86117175,207,NA,N,0,0,266
2821,1,0.80292825,193,2671,N,1.66666666666667,0,266
2858,2,0.7571655,182,2821,N,3.33333333333333,0,266
3008,3,0.78628725,189,2858,N,5,0,266
2695,4,0.78628725,189,3008,N,6.66666666666667,0,266
3143,5,0.85285125,205,2695,N,8.33333333333333,0,266
2816,6,0.87781275,211,3143,N,10,0,266
2696,7,0.8902935,214,2816,N,11.6666666666667,0,266
4423,8,0.915255,220,2696,N,13.3333333333333,0,266
4254,9,0.91109475,219,4423,N,15,0,266
4189,10,0.91109475,219,4254,N,16.6666666666667,0,266
4011,11,0.9901395,238,4189,N,18.3333333333333,0,266
4479,12,0.99846,240,4011,N,20,0,266
3778,13,0.99429975,239,4479,N,21.6666666666667,0,266
4121,14,1.01926125,245,3778,N,23.3333333333333,0,266
4042,15,1.081665,260,4121,N,25,0,266
5130,16,1.22727375,295,4042,N,26.6666666666667,0,266
5430,17,1.26055575,303,5130,N,28.3333333333333,0,266
5187,18,1.32711975,319,5430,N,30,0,266
5149,19,1.314639,316,5187,N,31.6666666666667,0,266
5869,20,1.3562415,326,5149,N,33.3333333333333,0,266
5819,21,1.347921,324,5869,N,35,0,266
5177,22,1.4061645,338,5819,N,36.6666666666667,0,266
5572,23,1.45192725,349,5177,N,38.3333333333333,0,266
7236,24,1.48520925,357,5572,N,40,0,266
6263,25,1.530972,368,7236,N,41.6666666666667,0,266
7141,26,1.53513225,369,6263,N,43.3333333333333,0,266
6902,27,1.597536,384,7141,N,45,0,266
6873,28,1.73482425,417,6902,N,46.6666666666667,0,266
6294,29,1.76810625,425,6873,N,48.3333333333333,0,266
7074,30,1.93451625,465,6294,N,50,0,266
6378,31,1.9885995,478,7074,N,51.6666666666667,0,266
7670,32,2.1050865,506,6378,N,53.3333333333333,0,266
8452,33,2.15084925,517,7670,N,55,0,266
7991,34,1.1399085,274,8452,Y,56.6666666666667,1,266
7697,35,1.1898315,286,7991,N,58.3333333333333,1,266
8503,36,1.15238925,277,7697,N,60,1,266
8195,37,1.3063185,314,8503,N,61.6666666666667,1,266
7747,38,1.47688875,355,8195,N,63.3333333333333,1,266
8703,39,1.431126,344,7747,N,65,1,266
9076,40,1.397844,336,8703,N,66.6666666666667,1,266
8894,41,1.5392925,370,9076,N,68.3333333333333,1,266
9478,42,1.43528625,345,8894,N,70,1,266
9280,43,1.6557795,398,9478,N,71.6666666666667,1,266
9670,44,1.75146525,421,9280,N,73.3333333333333,1,266
9936,45,1.99275975,479,9670,N,75,1,266
10239,46,1.930356,464,9936,N,76.6666666666667,1,266
10216,47,1.9386765,466,10239,N,78.3333333333333,1,266
10555,48,0.95269725,229,10216,Y,80,2,266
11992,49,1.02758175,247,10555,N,81.6666666666667,2,266
11063,50,1.17735075,283,11992,N,83.3333333333333,2,266
11766,51,1.06086375,255,11063,N,85,2,266
11073,52,1.181511,284,11766,N,86.6666666666667,2,266
11681,53,1.31879925,317,11073,N,88.3333333333333,2,266
11384,54,1.20231225,289,11681,N,90,2,266
10790,55,1.46856825,353,11384,N,91.6666666666667,2,266
12176,57,1.61833725,389,10790,N,95,2,266
2671,0,0.86117175,207,NA,N,0,0,267
2821,1,0.80292825,193,2671,N,1.66666666666667,0,267
2858,2,0.7571655,182,2821,N,3.33333333333333,0,267
3008,3,0.78628725,189,2858,N,5,0,267
2695,4,0.78628725,189,3008,N,6.66666666666667,0,267
3143,5,0.85285125,205,2695,N,8.33333333333333,0,267
2816,6,0.87781275,211,3143,N,10,0,267
2696,7,0.8902935,214,2816,N,11.6666666666667,0,267
4423,8,0.915255,220,2696,N,13.3333333333333,0,267
4254,9,0.91109475,219,4423,N,15,0,267
4189,10,0.91109475,219,4254,N,16.6666666666667,0,267
4011,11,0.9901395,238,4189,N,18.3333333333333,0,267
4479,12,0.99846,240,4011,N,20,0,267
3778,13,0.99429975,239,4479,N,21.6666666666667,0,267
4121,14,1.01926125,245,3778,N,23.3333333333333,0,267
4042,15,1.081665,260,4121,N,25,0,267
5130,16,1.22727375,295,4042,N,26.6666666666667,0,267
5430,17,1.26055575,303,5130,N,28.3333333333333,0,267
5187,18,1.32711975,319,5430,N,30,0,267
5149,19,1.314639,316,5187,N,31.6666666666667,0,267
5869,20,1.3562415,326,5149,N,33.3333333333333,0,267
5819,21,1.347921,324,5869,N,35,0,267
5177,22,1.4061645,338,5819,N,36.6666666666667,0,267
5572,23,1.45192725,349,5177,N,38.3333333333333,0,267
7236,24,1.48520925,357,5572,N,40,0,267
6263,25,1.530972,368,7236,N,41.6666666666667,0,267
7141,26,1.53513225,369,6263,N,43.3333333333333,0,267
6902,27,1.597536,384,7141,N,45,0,267
6873,28,1.73482425,417,6902,N,46.6666666666667,0,267
6294,29,1.76810625,425,6873,N,48.3333333333333,0,267
7074,30,1.93451625,465,6294,N,50,0,267
6378,31,1.9885995,478,7074,N,51.6666666666667,0,267
7670,32,2.1050865,506,6378,N,53.3333333333333,0,267
8452,33,2.15084925,517,7670,N,55,0,267
7992,34,1.1399085,274,8452,Y,56.6666666666667,1,267
7700,35,1.098306,264,7992,N,58.3333333333333,1,267
8505,36,1.15238925,277,7700,N,60,1,267
8198,37,1.214793,292,8505,N,61.6666666666667,1,267
7750,38,1.248075,300,8198,N,63.3333333333333,1,267
8704,39,1.3396005,322,7750,N,65,1,267
9075,40,1.31047875,315,8704,N,66.6666666666667,1,267
8895,41,1.297998,312,9075,N,68.3333333333333,1,267
9477,42,1.57673475,379,8895,N,70,1,267
9279,43,1.55177325,373,9477,N,71.6666666666667,1,267
9669,44,1.71818325,413,9279,N,73.3333333333333,1,267
9933,45,1.847151,444,9669,N,75,1,267
10236,46,1.6557795,398,9933,N,76.6666666666667,1,267
10214,47,1.7889075,430,10236,N,78.3333333333333,1,267
10554,48,2.046843,492,10214,N,80,1,267
11990,49,0.74468475,179,10554,Y,81.6666666666667,2,267
11061,50,1.06918425,257,11990,N,83.3333333333333,2,267
11763,51,1.19399175,287,11061,N,85,2,267
11071,52,1.131588,272,11763,N,86.6666666666667,2,267
11677,53,1.21063275,291,11071,N,88.3333333333333,2,267
11383,54,1.16903025,281,11677,N,90,2,267
10715,55,1.231434,296,11383,N,91.6666666666667,2,267
12823,56,1.45192725,349,10715,N,93.3333333333333,2,267
12640,57,1.2231135,294,12823,N,95,2,267
12661,58,1.1731905,282,12640,N,96.6666666666667,2,267
12434,59,1.14406875,275,12661,N,98.3333333333333,2,267
13636,62,1.564254,376,12434,N,103.333333333333,2,267
13700,63,0.86949225,209,13636,Y,105,3,267
14012,65,0.83205,200,13700,N,108.333333333333,3,267
14214,66,1.0567035,254,14012,N,110,3,267
13994,67,0.95269725,229,14214,N,111.666666666667,3,267
13808,68,0.86949225,209,13994,N,113.333333333333,3,267
2164,0,0.48674925,117,NA,N,0,0,268
2138,1,0.5574735,134,2164,N,1.66666666666667,0,268
2204,2,0.58659525,141,2138,N,3.33333333333333,0,268
2225,3,0.6240375,150,2204,N,5,0,268
2181,4,0.6240375,150,2225,N,6.66666666666667,0,268
2160,5,0.66564,160,2181,N,8.33333333333333,0,268
2224,6,0.7571655,182,2160,N,10,0,268
2214,7,0.748845,180,2224,N,11.6666666666667,0,268
3413,8,0.71972325,173,2214,N,13.3333333333333,0,268
3841,9,0.75300525,181,3413,N,15,0,268
3306,10,0.72804375,175,3841,N,16.6666666666667,0,268
3578,11,0.76132575,183,3306,N,18.3333333333333,0,268
3423,12,0.8736525,210,3578,N,20,0,268
3498,13,0.931896,224,3423,N,21.6666666666667,0,268
3695,14,0.92773575,223,3498,N,23.3333333333333,0,268
3554,15,0.9901395,238,3695,N,25,0,268
4721,16,0.91109475,219,3554,N,26.6666666666667,0,268
4991,17,0.96933825,233,4721,N,28.3333333333333,0,268
4750,18,1.11910725,269,4991,N,30,0,268
4673,19,1.098306,264,4750,N,31.6666666666667,0,268
5556,20,1.16487,280,4673,N,33.3333333333333,0,268
5616,21,1.11910725,269,5556,N,35,0,268
4736,22,1.1898315,286,5616,N,36.6666666666667,0,268
4705,23,1.23559425,297,4736,N,38.3333333333333,0,268
6675,24,1.4394465,346,4705,N,40,0,268
6007,25,1.4893695,358,6675,N,41.6666666666667,0,268
6534,26,1.5392925,370,6007,N,43.3333333333333,0,268
6562,27,1.78474725,429,6534,N,45,0,268
6561,28,1.913715,460,6562,N,46.6666666666667,0,268
6029,29,1.89291375,455,6561,N,48.3333333333333,0,268
6628,30,1.9220355,462,6029,N,50,0,268
6045,31,1.647459,396,6628,N,51.6666666666667,0,268
7420,32,0.8570115,206,6045,Y,53.3333333333333,1,268
8205,33,0.84453075,203,7420,N,55,1,268
7887,34,0.9235755,222,8205,N,56.6666666666667,1,268
7397,35,0.97765875,235,7887,N,58.3333333333333,1,268
8268,36,1.17735075,283,7397,N,60,1,268
8066,37,1.21895325,293,8268,N,61.6666666666667,1,268
7469,38,1.21063275,291,8066,N,63.3333333333333,1,268
8608,39,1.1399085,274,7469,N,65,1,268
8988,40,1.131588,272,8608,N,66.6666666666667,1,268
8801,41,1.181511,284,8988,N,68.3333333333333,1,268
9378,42,1.19399175,287,8801,N,70,1,268
9173,43,1.62665775,391,9378,N,71.6666666666667,1,268
9574,44,1.6391385,394,9173,N,73.3333333333333,1,268
9980,46,1.464408,352,9574,N,76.6666666666667,1,268
9963,47,1.93451625,465,9980,N,78.3333333333333,1,268
10448,48,2.00108025,481,9963,N,80,1,268
11882,49,1.05254325,253,10448,Y,81.6666666666667,2,268
10760,50,1.06918425,257,11882,N,83.3333333333333,2,268
11543,51,1.13574825,273,10760,N,85,2,268
10386,52,1.0733445,258,11543,N,86.6666666666667,2,268
11364,53,1.031742,248,10386,N,88.3333333333333,2,268
11227,54,1.1898315,286,11364,N,90,2,268
10601,55,1.414485,340,11227,N,91.6666666666667,2,268
12393,56,1.35208125,325,10601,N,93.3333333333333,2,268
12214,57,1.31047875,315,12393,N,95,2,268
12296,58,1.7556255,422,12214,N,96.6666666666667,2,268
15685,59,NA,-1,12296,Y,98.3333333333333,3,268
2164,0,0.48674925,117,NA,N,0,0,269
2138,1,0.5574735,134,2164,N,1.66666666666667,0,269
2204,2,0.58659525,141,2138,N,3.33333333333333,0,269
2225,3,0.6240375,150,2204,N,5,0,269
2181,4,0.6240375,150,2225,N,6.66666666666667,0,269
2160,5,0.66564,160,2181,N,8.33333333333333,0,269
2224,6,0.7571655,182,2160,N,10,0,269
2214,7,0.748845,180,2224,N,11.6666666666667,0,269
3413,8,0.71972325,173,2214,N,13.3333333333333,0,269
3841,9,0.75300525,181,3413,N,15,0,269
3306,10,0.72804375,175,3841,N,16.6666666666667,0,269
3578,11,0.76132575,183,3306,N,18.3333333333333,0,269
3423,12,0.8736525,210,3578,N,20,0,269
3498,13,0.931896,224,3423,N,21.6666666666667,0,269
3695,14,0.92773575,223,3498,N,23.3333333333333,0,269
3554,15,0.9901395,238,3695,N,25,0,269
4721,16,0.91109475,219,3554,N,26.6666666666667,0,269
4991,17,0.96933825,233,4721,N,28.3333333333333,0,269
4750,18,1.11910725,269,4991,N,30,0,269
4673,19,1.098306,264,4750,N,31.6666666666667,0,269
5556,20,1.16487,280,4673,N,33.3333333333333,0,269
5616,21,1.11910725,269,5556,N,35,0,269
4736,22,1.1898315,286,5616,N,36.6666666666667,0,269
4705,23,1.23559425,297,4736,N,38.3333333333333,0,269
6675,24,1.4394465,346,4705,N,40,0,269
6007,25,1.4893695,358,6675,N,41.6666666666667,0,269
6534,26,1.5392925,370,6007,N,43.3333333333333,0,269
6562,27,1.78474725,429,6534,N,45,0,269
6561,28,1.913715,460,6562,N,46.6666666666667,0,269
6029,29,1.89291375,455,6561,N,48.3333333333333,0,269
6628,30,1.9220355,462,6029,N,50,0,269
6045,31,1.647459,396,6628,N,51.6666666666667,0,269
7420,32,0.8570115,206,6045,Y,53.3333333333333,1,269
8205,33,0.84453075,203,7420,N,55,1,269
7887,34,0.9235755,222,8205,N,56.6666666666667,1,269
7397,35,0.97765875,235,7887,N,58.3333333333333,1,269
8268,36,1.17735075,283,7397,N,60,1,269
8066,37,1.21895325,293,8268,N,61.6666666666667,1,269
7469,38,1.21063275,291,8066,N,63.3333333333333,1,269
8608,39,1.1399085,274,7469,N,65,1,269
8988,40,1.131588,272,8608,N,66.6666666666667,1,269
8801,41,1.181511,284,8988,N,68.3333333333333,1,269
9378,42,1.19399175,287,8801,N,70,1,269
9173,43,1.62665775,391,9378,N,71.6666666666667,1,269
9574,44,1.6391385,394,9173,N,73.3333333333333,1,269
9980,46,1.464408,352,9574,N,76.6666666666667,1,269
9963,47,1.93451625,465,9980,N,78.3333333333333,1,269
10448,48,2.00108025,481,9963,N,80,1,269
11882,49,1.05254325,253,10448,Y,81.6666666666667,2,269
10760,50,1.06918425,257,11882,N,83.3333333333333,2,269
11543,51,1.13574825,273,10760,N,85,2,269
10386,52,1.0733445,258,11543,N,86.6666666666667,2,269
11364,53,1.031742,248,10386,N,88.3333333333333,2,269
11227,54,1.1898315,286,11364,N,90,2,269
10601,55,1.414485,340,11227,N,91.6666666666667,2,269
12393,56,1.35208125,325,10601,N,93.3333333333333,2,269
12214,57,1.31047875,315,12393,N,95,2,269
12296,58,1.7556255,422,12214,N,96.6666666666667,2,269
12215,59,0.81956925,197,12296,Y,98.3333333333333,3,269
13010,60,1.1399085,274,12215,N,100,3,269
13067,61,1.02758175,247,13010,N,101.666666666667,3,269
13451,62,0.92773575,223,13067,N,103.333333333333,3,269
13439,63,1.0067805,242,13451,N,105,3,269
14590,64,1.08582525,261,13439,N,106.666666666667,3,269
13996,65,0.96933825,233,14590,N,108.333333333333,3,269
14189,66,1.16070975,279,13996,N,110,3,269
14260,67,1.21895325,293,14189,N,111.666666666667,3,269
14128,69,0.815409,196,14260,Y,115,4,269
2171,0,1.39368375,335,NA,N,0,0,270
2146,1,1.47688875,355,2171,N,1.66666666666667,0,270
2216,2,1.47688875,355,2146,N,3.33333333333333,0,270
2230,3,1.56841425,377,2216,N,5,0,270
2189,4,1.6058565,386,2230,N,6.66666666666667,0,270
2167,5,1.680741,404,2189,N,8.33333333333333,0,270
2232,6,1.7223435,414,2167,N,10,0,270
2258,7,1.930356,464,2232,N,11.6666666666667,0,270
3416,8,1.93451625,465,2258,N,13.3333333333333,0,270
3847,9,1.85963175,447,3416,N,15,0,270
3307,10,1.8554715,446,3847,N,16.6666666666667,0,270
3579,11,1.86795225,449,3307,N,18.3333333333333,0,270
3427,12,1.89291375,455,3579,N,20,0,270
3505,13,1.97611875,475,3427,N,21.6666666666667,0,270
3697,14,2.19245175,527,3505,N,23.3333333333333,0,270
3559,15,2.16749025,521,3697,N,25,0,270
4726,16,2.29229775,551,3559,N,26.6666666666667,0,270
4999,17,2.23405425,537,4726,N,28.3333333333333,0,270
4757,18,2.17581075,523,4999,N,30,0,270
4685,19,2.3547015,566,4757,N,31.6666666666667,0,270
5580,20,2.313099,556,4685,N,33.3333333333333,0,270
5620,21,1.1232675,270,5580,Y,35,1,270
4746,22,1.148229,276,5620,N,36.6666666666667,1,270
4715,23,1.3063185,314,4746,N,38.3333333333333,1,270
6677,24,1.33544025,321,4715,N,40,1,270
6012,25,1.33544025,321,6677,N,41.6666666666667,1,270
6543,26,1.33544025,321,6012,N,43.3333333333333,1,270
6569,27,1.3396005,322,6543,N,45,1,270
6570,28,1.40200425,337,6569,N,46.6666666666667,1,270
6035,29,1.46856825,353,6570,N,48.3333333333333,1,270
6632,30,1.46856825,353,6035,N,50,1,270
6065,31,1.5559335,374,6632,N,51.6666666666667,1,270
7422,32,1.68490125,405,6065,N,53.3333333333333,1,270
8212,33,1.5392925,370,7422,N,55,1,270
7890,34,1.714023,412,8212,N,56.6666666666667,1,270
7406,35,1.9053945,458,7890,N,58.3333333333333,1,270
8275,36,2.20077225,529,7406,N,60,1,270
8722,39,1.02758175,247,8275,Y,65,2,270
9092,40,1.015101,244,8722,N,66.6666666666667,2,270
8913,41,1.3229595,318,9092,N,68.3333333333333,2,270
9495,42,1.26055575,303,8913,N,70,2,270
9299,43,1.29383775,311,9495,N,71.6666666666667,2,270
9688,44,1.4394465,346,9299,N,73.3333333333333,2,270
9993,45,1.31879925,317,9688,N,75,2,270
10280,46,1.26055575,303,9993,N,76.6666666666667,2,270
10252,47,1.51017075,363,10280,N,78.3333333333333,2,270
10848,48,1.77642675,427,10252,N,80,2,270
12011,49,1.747305,420,10848,N,81.6666666666667,2,270
11148,50,1.9719585,474,12011,N,83.3333333333333,2,270
11792,51,2.13420825,513,11148,N,85,2,270
11091,52,2.246535,540,11792,N,86.6666666666667,2,270
11709,53,1.19399175,287,11091,Y,88.3333333333333,3,270
11419,54,1.098306,264,11709,N,90,3,270
10835,55,1.14406875,275,11419,N,91.6666666666667,3,270
12854,56,1.131588,272,10835,N,93.3333333333333,3,270
12681,57,1.16487,280,12854,N,95,3,270
12711,58,1.07750475,259,12681,N,96.6666666666667,3,270
12456,59,1.27719675,307,12711,N,98.3333333333333,3,270
13263,61,1.46856825,353,12456,N,101.666666666667,3,270
13656,62,1.414485,340,13263,N,103.333333333333,3,270
13720,63,1.50185025,361,13656,N,105,3,270
15339,64,1.91787525,461,13720,N,106.666666666667,3,270
14998,65,2.063484,496,15339,N,108.333333333333,3,270
15158,66,2.3713425,570,14998,N,110,3,270
14958,67,2.36718225,569,15158,N,111.666666666667,3,270
14840,68,2.2215735,534,14958,N,113.333333333333,3,270
14937,69,2.3047785,554,14840,N,115,3,270
15504,70,1.1565495,278,14937,Y,116.666666666667,4,270
2171,0,1.39368375,335,NA,N,0,0,271
2146,1,1.47688875,355,2171,N,1.66666666666667,0,271
2216,2,1.47688875,355,2146,N,3.33333333333333,0,271
2230,3,1.56841425,377,2216,N,5,0,271
2189,4,1.6058565,386,2230,N,6.66666666666667,0,271
2167,5,1.680741,404,2189,N,8.33333333333333,0,271
2232,6,1.7223435,414,2167,N,10,0,271
2258,7,1.930356,464,2232,N,11.6666666666667,0,271
3416,8,1.93451625,465,2258,N,13.3333333333333,0,271
3847,9,1.85963175,447,3416,N,15,0,271
3307,10,1.8554715,446,3847,N,16.6666666666667,0,271
3579,11,1.86795225,449,3307,N,18.3333333333333,0,271
3427,12,1.89291375,455,3579,N,20,0,271
3505,13,1.97611875,475,3427,N,21.6666666666667,0,271
3697,14,2.19245175,527,3505,N,23.3333333333333,0,271
3559,15,2.16749025,521,3697,N,25,0,271
4726,16,2.29229775,551,3559,N,26.6666666666667,0,271
4999,17,2.23405425,537,4726,N,28.3333333333333,0,271
4757,18,2.17581075,523,4999,N,30,0,271
4685,19,2.3547015,566,4757,N,31.6666666666667,0,271
5580,20,2.313099,556,4685,N,33.3333333333333,0,271
5618,21,1.07750475,259,5580,Y,35,1,271
4741,22,1.16070975,279,5618,N,36.6666666666667,1,271
4710,23,1.23559425,297,4741,N,38.3333333333333,1,271
6676,24,1.231434,296,4710,N,40,1,271
6009,25,1.264716,304,6676,N,41.6666666666667,1,271
6539,26,1.29383775,311,6009,N,43.3333333333333,1,271
6563,27,1.29383775,311,6539,N,45,1,271
6565,28,1.3063185,314,6563,N,46.6666666666667,1,271
6032,29,1.347921,324,6565,N,48.3333333333333,1,271
6630,30,1.39368375,335,6032,N,50,1,271
6048,31,1.38536325,333,6630,N,51.6666666666667,1,271
7421,32,1.46856825,353,6048,N,53.3333333333333,1,271
8209,33,1.597536,384,7421,N,55,1,271
7889,34,1.597536,384,8209,N,56.6666666666667,1,271
7403,35,1.7389845,418,7889,N,58.3333333333333,1,271
8272,36,1.65161925,397,7403,N,60,1,271
8068,37,2.1050865,506,8272,N,61.6666666666667,1,271
7470,38,1.897074,456,8068,N,63.3333333333333,1,271
8609,39,1.97611875,475,7470,N,65,1,271
8989,40,1.95115725,469,8609,N,66.6666666666667,1,271
8802,41,2.21741325,533,8989,N,68.3333333333333,1,271
9380,42,1.231434,296,8802,Y,70,2,271
9174,43,1.1399085,274,9380,N,71.6666666666667,2,271
9576,44,1.314639,316,9174,N,73.3333333333333,2,271
9775,45,1.34376075,323,9576,N,75,2,271
9982,46,1.347921,324,9775,N,76.6666666666667,2,271
9966,47,1.41032475,339,9982,N,78.3333333333333,2,271
10449,48,1.6224975,390,9966,N,80,2,271
11884,49,1.59337575,383,10449,N,81.6666666666667,2,271
10761,50,1.76810625,425,11884,N,83.3333333333333,2,271
11545,51,1.747305,420,10761,N,85,2,271
10388,52,1.97611875,475,11545,N,86.6666666666667,2,271
11366,53,1.97611875,475,10388,N,88.3333333333333,2,271
11228,54,2.26733625,545,11366,N,90,2,271
10602,55,2.4212655,582,11228,N,91.6666666666667,2,271
12398,56,2.25901575,543,10602,N,93.3333333333333,2,271
12218,57,2.39214375,575,12398,N,95,2,271
12297,58,1.4061645,338,12218,Y,96.6666666666667,3,271
12173,59,1.52681175,367,12297,N,98.3333333333333,3,271
12979,60,1.49352975,359,12173,N,100,3,271
13025,61,1.79306775,431,12979,N,101.666666666667,3,271
13404,62,1.7223435,414,13025,N,103.333333333333,3,271
13389,63,2.0218815,486,13404,N,105,3,271
2171,0,1.39368375,335,NA,N,0,0,272
2146,1,1.47688875,355,2171,N,1.66666666666667,0,272
2216,2,1.47688875,355,2146,N,3.33333333333333,0,272
2230,3,1.56841425,377,2216,N,5,0,272
2189,4,1.6058565,386,2230,N,6.66666666666667,0,272
2167,5,1.680741,404,2189,N,8.33333333333333,0,272
2232,6,1.7223435,414,2167,N,10,0,272
2258,7,1.930356,464,2232,N,11.6666666666667,0,272
3416,8,1.93451625,465,2258,N,13.3333333333333,0,272
3847,9,1.85963175,447,3416,N,15,0,272
3307,10,1.8554715,446,3847,N,16.6666666666667,0,272
3579,11,1.86795225,449,3307,N,18.3333333333333,0,272
3427,12,1.89291375,455,3579,N,20,0,272
3505,13,1.97611875,475,3427,N,21.6666666666667,0,272
3697,14,2.19245175,527,3505,N,23.3333333333333,0,272
3559,15,2.16749025,521,3697,N,25,0,272
4726,16,2.29229775,551,3559,N,26.6666666666667,0,272
4999,17,2.23405425,537,4726,N,28.3333333333333,0,272
4757,18,2.17581075,523,4999,N,30,0,272
4685,19,2.3547015,566,4757,N,31.6666666666667,0,272
5580,20,2.313099,556,4685,N,33.3333333333333,0,272
5618,21,1.07750475,259,5580,Y,35,1,272
4741,22,1.16070975,279,5618,N,36.6666666666667,1,272
4710,23,1.23559425,297,4741,N,38.3333333333333,1,272
6676,24,1.231434,296,4710,N,40,1,272
6009,25,1.264716,304,6676,N,41.6666666666667,1,272
6539,26,1.29383775,311,6009,N,43.3333333333333,1,272
6563,27,1.29383775,311,6539,N,45,1,272
6565,28,1.3063185,314,6563,N,46.6666666666667,1,272
6032,29,1.347921,324,6565,N,48.3333333333333,1,272
6630,30,1.39368375,335,6032,N,50,1,272
6048,31,1.38536325,333,6630,N,51.6666666666667,1,272
7421,32,1.46856825,353,6048,N,53.3333333333333,1,272
8209,33,1.597536,384,7421,N,55,1,272
7889,34,1.597536,384,8209,N,56.6666666666667,1,272
7403,35,1.7389845,418,7889,N,58.3333333333333,1,272
8272,36,1.65161925,397,7403,N,60,1,272
8068,37,2.1050865,506,8272,N,61.6666666666667,1,272
7470,38,1.897074,456,8068,N,63.3333333333333,1,272
8609,39,1.97611875,475,7470,N,65,1,272
8989,40,1.95115725,469,8609,N,66.6666666666667,1,272
8802,41,2.21741325,533,8989,N,68.3333333333333,1,272
9380,42,1.231434,296,8802,Y,70,2,272
9174,43,1.1399085,274,9380,N,71.6666666666667,2,272
9576,44,1.314639,316,9174,N,73.3333333333333,2,272
9775,45,1.34376075,323,9576,N,75,2,272
9982,46,1.347921,324,9775,N,76.6666666666667,2,272
9966,47,1.41032475,339,9982,N,78.3333333333333,2,272
10449,48,1.6224975,390,9966,N,80,2,272
11884,49,1.59337575,383,10449,N,81.6666666666667,2,272
10761,50,1.76810625,425,11884,N,83.3333333333333,2,272
11545,51,1.747305,420,10761,N,85,2,272
10388,52,1.97611875,475,11545,N,86.6666666666667,2,272
11366,53,1.97611875,475,10388,N,88.3333333333333,2,272
11228,54,2.26733625,545,11366,N,90,2,272
10602,55,2.4212655,582,11228,N,91.6666666666667,2,272
12398,56,2.25901575,543,10602,N,93.3333333333333,2,272
12218,57,2.39214375,575,12398,N,95,2,272
12298,58,1.01094075,243,12218,Y,96.6666666666667,3,272
12174,59,1.23559425,297,12298,N,98.3333333333333,3,272
13026,61,1.37704275,331,12174,N,101.666666666667,3,272
13405,62,1.33544025,321,13026,N,103.333333333333,3,272
13391,63,1.5892155,382,13405,N,105,3,272
15170,64,1.547613,372,13391,N,106.666666666667,3,272
14522,65,2.1882915,526,15170,N,108.333333333333,3,272
14752,66,2.2714965,546,14522,N,110,3,272
14524,67,0.9402165,226,14752,Y,111.666666666667,4,272
14348,68,1.05254325,253,14524,N,113.333333333333,4,272
14408,69,1.0899855,262,14348,N,115,4,272
15421,70,1.281357,308,14408,N,116.666666666667,4,272
2688,0,1.13574825,273,NA,N,0,0,273
2841,1,1.0733445,258,2688,N,1.66666666666667,0,273
2938,2,1.12742775,271,2841,N,3.33333333333333,0,273
3028,3,1.2563955,302,2938,N,5,0,273
2717,4,1.198152,288,3028,N,6.66666666666667,0,273
3158,5,1.198152,288,2717,N,8.33333333333333,0,273
2840,6,1.181511,284,3158,N,10,0,273
2715,7,1.21895325,293,2840,N,11.6666666666667,0,273
4432,8,1.1898315,286,2715,N,13.3333333333333,0,273
4272,9,1.181511,284,4432,N,15,0,273
4210,10,1.181511,284,4272,N,16.6666666666667,0,273
4024,11,1.15238925,277,4210,N,18.3333333333333,0,273
4486,12,1.1565495,278,4024,N,20,0,273
3799,13,1.231434,296,4486,N,21.6666666666667,0,273
4141,14,1.26887625,305,3799,N,23.3333333333333,0,273
4066,15,1.364562,328,4141,N,25,0,273
5153,16,1.5725745,378,4066,N,26.6666666666667,0,273
5444,17,1.7889075,430,5153,N,28.3333333333333,0,273
5213,18,1.90123425,457,5444,N,30,0,273
5169,19,1.95947775,471,5213,N,31.6666666666667,0,273
5875,20,2.02604175,487,5169,N,33.3333333333333,0,273
5826,21,2.313099,556,5875,N,35,0,273
5194,22,2.529432,608,5826,N,36.6666666666667,0,273
5576,23,1.03590225,249,5194,Y,38.3333333333333,1,273
7241,24,1.131588,272,5576,N,40,1,273
6271,25,1.33544025,321,7241,N,41.6666666666667,1,273
7147,26,1.281357,308,6271,N,43.3333333333333,1,273
6909,27,1.198152,288,7147,N,45,1,273
6882,28,1.281357,308,6909,N,46.6666666666667,1,273
6306,29,1.297998,312,6882,N,48.3333333333333,1,273
7082,30,1.281357,308,6306,N,50,1,273
6382,31,1.34376075,323,7082,N,51.6666666666667,1,273
7678,32,1.31879925,317,6382,N,53.3333333333333,1,273
8458,33,1.44360675,347,7678,N,55,1,273
7995,34,1.44360675,347,8458,N,56.6666666666667,1,273
7711,35,1.46856825,353,7995,N,58.3333333333333,1,273
8514,36,1.52681175,367,7711,N,60,1,273
8210,37,1.4560875,350,8514,N,61.6666666666667,1,273
7764,38,1.5392925,370,8210,N,63.3333333333333,1,273
8709,39,1.4727285,354,7764,N,65,1,273
9080,40,1.46024775,351,8709,N,66.6666666666667,1,273
8898,41,1.47688875,355,9080,N,68.3333333333333,1,273
9481,42,1.6890615,406,8898,N,70,1,273
9283,43,1.847151,444,9481,N,71.6666666666667,1,273
9673,44,2.096766,504,9283,N,73.3333333333333,1,273
9947,45,1.963638,472,9673,N,75,1,273
10248,46,2.09260575,503,9947,N,76.6666666666667,1,273
10225,47,2.40878475,579,10248,N,78.3333333333333,1,273
10674,48,2.546073,612,10225,N,80,1,273
11986,49,1.31879925,317,10674,Y,81.6666666666667,2,273
11049,50,1.3396005,322,11986,N,83.3333333333333,2,273
11752,51,1.26055575,303,11049,N,85,2,273
11067,52,1.481049,356,11752,N,86.6666666666667,2,273
11671,53,1.2730365,306,11067,N,88.3333333333333,2,273
11378,54,1.28551725,309,11671,N,90,2,273
10710,55,1.28551725,309,11378,N,91.6666666666667,2,273
12819,56,1.60169625,385,10710,N,93.3333333333333,2,273
12629,57,1.60169625,385,12819,N,95,2,273
12653,58,1.80138825,433,12629,N,96.6666666666667,2,273
12431,59,1.863792,448,12653,N,98.3333333333333,2,273
13116,61,1.980279,476,12431,N,101.666666666667,2,273
13509,62,2.246535,540,13116,N,103.333333333333,2,273
13496,63,1.1066265,266,13509,Y,105,3,273
2944,0,1.28551725,309,NA,N,0,0,274
2987,1,1.4394465,346,2944,N,1.66666666666667,0,274
3112,2,1.447767,348,2987,N,3.33333333333333,0,274
3193,3,1.42696575,343,3112,N,5,0,274
3017,4,1.5892155,382,3193,N,6.66666666666667,0,274
3251,5,1.56009375,375,3017,N,8.33333333333333,0,274
3012,6,1.56009375,375,3251,N,10,0,274
2807,7,1.57673475,379,3012,N,11.6666666666667,0,274
4526,8,1.62665775,391,2807,N,13.3333333333333,0,274
4358,9,1.56009375,375,4526,N,15,0,274
4317,10,1.73482425,417,4358,N,16.6666666666667,0,274
4143,11,1.70154225,409,4317,N,18.3333333333333,0,274
4525,12,1.80970875,435,4143,N,20,0,274
3915,13,1.9553175,470,4525,N,21.6666666666667,0,274
4257,14,1.897074,456,3915,N,23.3333333333333,0,274
4166,15,1.86795225,449,4257,N,25,0,274
5267,16,1.93451625,465,4166,N,26.6666666666667,0,274
5553,17,2.12588775,511,5267,N,28.3333333333333,0,274
5335,18,1.813869,436,5553,N,30,0,274
5306,19,2.263176,544,5335,N,31.6666666666667,0,274
5920,20,1.6557795,398,5306,N,33.3333333333333,0,274
5874,21,2.27565675,547,5920,N,35,0,274
5313,22,1.06918425,257,5874,Y,36.6666666666667,1,274
5604,23,1.231434,296,5313,N,38.3333333333333,1,274
7264,24,1.22727375,295,5604,N,40,1,274
6335,25,1.42696575,343,7264,N,41.6666666666667,1,274
7306,26,1.281357,308,6335,N,43.3333333333333,1,274
6966,27,1.3562415,326,7306,N,45,1,274
6932,28,1.41864525,341,6966,N,46.6666666666667,1,274
6357,29,1.5559335,374,6932,N,48.3333333333333,1,274
7123,30,1.5392925,370,6357,N,50,1,274
6432,31,1.797228,432,7123,N,51.6666666666667,1,274
7729,32,1.9553175,470,6432,N,53.3333333333333,1,274
8494,33,1.8721125,450,7729,N,55,1,274
8009,34,2.0385225,490,8494,N,56.6666666666667,1,274
7752,35,1.930356,464,8009,N,58.3333333333333,1,274
8544,36,2.0718045,498,7752,N,60,1,274
8256,37,0.632358,152,8544,Y,61.6666666666667,2,274
7823,38,0.93605625,225,8256,N,63.3333333333333,2,274
8732,39,0.98597925,237,7823,N,65,2,274
9101,40,0.92773575,223,8732,N,66.6666666666667,2,274
8926,41,1.0899855,262,9101,N,68.3333333333333,2,274
9508,42,1.11910725,269,8926,N,70,2,274
9311,43,1.15238925,277,9508,N,71.6666666666667,2,274
9699,44,1.3063185,314,9311,N,73.3333333333333,2,274
10029,45,1.065024,256,9699,N,75,2,274
10266,47,1.41032475,339,10029,N,78.3333333333333,2,274
10866,48,1.42696575,343,10266,N,80,2,274
12020,49,1.59337575,383,10866,N,81.6666666666667,2,274
11158,50,1.49769,360,12020,N,83.3333333333333,2,274
11805,51,1.50185025,361,11158,N,85,2,274
11099,52,1.45192725,349,11805,N,86.6666666666667,2,274
11727,53,1.4893695,358,11099,N,88.3333333333333,2,274
11447,54,1.5060105,362,11727,N,90,2,274
10857,55,1.50185025,361,11447,N,91.6666666666667,2,274
12879,56,1.730664,416,10857,N,93.3333333333333,2,274
12724,57,1.59337575,383,12879,N,95,2,274
12751,58,1.68490125,405,12724,N,96.6666666666667,2,274
12474,59,1.95947775,471,12751,N,98.3333333333333,2,274
13274,61,1.863792,448,12474,N,101.666666666667,2,274
13667,62,2.16333,520,13274,N,103.333333333333,2,274
13732,63,2.10924675,507,13667,N,105,2,274
14887,64,2.15084925,517,13732,N,106.666666666667,2,274
14286,65,0.9901395,238,14887,Y,108.333333333333,3,274
14496,66,0.898614,216,14286,N,110,3,274
14270,67,0.9568575,230,14496,N,111.666666666667,3,274
2693,0,1.214793,292,NA,N,0,0,275
2846,1,1.347921,324,2693,N,1.66666666666667,0,275
2947,2,1.5060105,362,2846,N,3.33333333333333,0,275
3032,3,1.56009375,375,2947,N,5,0,275
2721,4,1.46856825,353,3032,N,6.66666666666667,0,275
3163,5,1.49352975,359,2721,N,8.33333333333333,0,275
2847,6,1.5559335,374,3163,N,10,0,275
2719,7,1.514331,364,2847,N,11.6666666666667,0,275
4434,8,1.564254,376,2719,N,13.3333333333333,0,275
4282,9,1.5892155,382,4434,N,15,0,275
4215,10,1.56841425,377,4282,N,16.6666666666667,0,275
4035,11,1.5892155,382,4215,N,18.3333333333333,0,275
4489,12,1.597536,384,4035,N,20,0,275
3809,13,1.63497825,393,4489,N,21.6666666666667,0,275
4150,14,1.747305,420,3809,N,23.3333333333333,0,275
4077,15,1.7389845,418,4150,N,25,0,275
5163,16,1.83051,440,4077,N,26.6666666666667,0,275
5448,17,1.84299075,443,5163,N,28.3333333333333,0,275
5223,18,1.91787525,461,5448,N,30,0,275
5184,19,1.96779825,473,5223,N,31.6666666666667,0,275
5881,20,1.92619575,463,5184,N,33.3333333333333,0,275
5831,21,2.1882915,526,5881,N,35,0,275
5199,22,1.1399085,274,5831,Y,36.6666666666667,1,275
5577,23,1.11910725,269,5199,N,38.3333333333333,1,275
7242,24,1.148229,276,5577,N,40,1,275
6274,25,1.231434,296,7242,N,41.6666666666667,1,275
7149,26,1.25223525,301,6274,N,43.3333333333333,1,275
6913,27,1.38536325,333,7149,N,45,1,275
6888,28,1.33544025,321,6913,N,46.6666666666667,1,275
6312,29,1.57673475,379,6888,N,48.3333333333333,1,275
7086,30,1.564254,376,6312,N,50,1,275
6394,31,1.7057025,410,7086,N,51.6666666666667,1,275
7684,32,1.77642675,427,6394,N,53.3333333333333,1,275
8462,33,2.113407,508,7684,N,55,1,275
7997,34,1.99692,480,8462,N,56.6666666666667,1,275
7717,35,2.0551635,494,7997,N,58.3333333333333,1,275
8521,36,2.00108025,481,7717,N,60,1,275
8217,37,2.2881375,550,8521,N,61.6666666666667,1,275
7771,38,1.098306,264,8217,Y,63.3333333333333,2,275
8712,39,1.01094075,243,7771,N,65,2,275
9083,40,1.16487,280,8712,N,66.6666666666667,2,275
8902,41,1.15238925,277,9083,N,68.3333333333333,2,275
9485,42,1.231434,296,8902,N,70,2,275
9287,43,1.431126,344,9485,N,71.6666666666667,2,275
9677,44,1.29383775,311,9287,N,73.3333333333333,2,275
9958,45,1.27719675,307,9677,N,75,2,275
10255,46,1.381203,332,9958,N,76.6666666666667,2,275
10233,47,1.364562,328,10255,N,78.3333333333333,2,275
10824,48,1.38536325,333,10233,N,80,2,275
11999,49,1.5725745,378,10824,N,81.6666666666667,2,275
11131,50,1.70986275,411,11999,N,83.3333333333333,2,275
11778,51,1.5559335,374,11131,N,85,2,275
11078,52,1.45192725,349,11778,N,86.6666666666667,2,275
11744,53,2.179971,524,11078,N,88.3333333333333,2,275
12838,58,2.8872135,694,11744,N,96.6666666666667,2,275
12494,59,2.5543935,614,12838,N,98.3333333333333,2,275
13017,60,2.845611,684,12494,N,100,2,275
13607,62,1.04422275,251,13017,Y,103.333333333333,3,275
13569,63,1.0400625,250,13607,N,105,3,275
14916,64,0.96101775,231,13569,N,106.666666666667,3,275
2184,0,1.2730365,306,NA,N,0,0,276
2150,1,1.3396005,322,2184,N,1.66666666666667,0,276
2222,2,1.38536325,333,2150,N,3.33333333333333,0,276
2235,3,1.36040175,327,2222,N,5,0,276
2195,4,1.43528625,345,2235,N,6.66666666666667,0,276
2175,5,1.43528625,345,2195,N,8.33333333333333,0,276
2240,6,1.46856825,353,2175,N,10,0,276
2270,7,1.7223435,414,2240,N,11.6666666666667,0,276
3419,8,1.697382,408,2270,N,13.3333333333333,0,276
3850,9,1.56009375,375,3419,N,15,0,276
3308,10,1.65993975,399,3850,N,16.6666666666667,0,276
3580,11,1.7722665,426,3308,N,18.3333333333333,0,276
3430,12,1.9386765,466,3580,N,20,0,276
3509,13,1.88459325,453,3430,N,21.6666666666667,0,276
3699,14,1.9719585,474,3509,N,23.3333333333333,0,276
3564,15,1.8221895,438,3699,N,25,0,276
4732,16,2.0052405,482,3564,N,26.6666666666667,0,276
5005,17,2.0052405,482,4732,N,28.3333333333333,0,276
4764,18,2.15084925,517,5005,N,30,0,276
4690,19,2.046843,492,4764,N,31.6666666666667,0,276
5583,20,2.15084925,517,4690,N,33.3333333333333,0,276
5622,21,2.06764425,497,5583,N,35,0,276
4751,22,1.89291375,455,5622,N,36.6666666666667,0,276
4633,23,2.23405425,537,4751,N,38.3333333333333,0,276
7293,24,1.1399085,274,4633,Y,40,1,276
7334,26,1.21895325,293,7293,N,43.3333333333333,1,276
7271,27,1.11078675,267,7334,N,45,1,276
7049,28,1.39368375,335,7271,N,46.6666666666667,1,276
6500,29,1.41032475,339,7049,N,48.3333333333333,1,276
7206,30,1.49769,360,6500,N,50,1,276
6567,31,1.53513225,369,7206,N,51.6666666666667,1,276
7808,32,1.60169625,385,6567,N,53.3333333333333,1,276
8543,33,1.49352975,359,7808,N,55,1,276
8039,34,1.56009375,375,8543,N,56.6666666666667,1,276
7827,35,1.67658075,403,8039,N,58.3333333333333,1,276
8574,36,1.8055485,434,7827,N,60,1,276
8362,37,1.797228,432,8574,N,61.6666666666667,1,276
7861,38,1.88459325,453,8362,N,63.3333333333333,1,276
8766,39,1.95947775,471,7861,N,65,1,276
9138,40,1.99275975,479,8766,N,66.6666666666667,1,276
8959,41,2.20077225,529,9138,N,68.3333333333333,1,276
9537,42,2.44206675,587,8959,N,70,1,276
9342,43,2.429586,584,9537,N,71.6666666666667,1,276
9732,44,2.479509,596,9342,N,73.3333333333333,1,276
10114,45,2.612637,628,9732,N,75,1,276
10338,46,1.46024775,351,10114,Y,76.6666666666667,2,276
10048,47,1.36872225,329,10338,N,78.3333333333333,2,276
10483,48,1.57673475,379,10048,N,80,2,276
2184,0,1.2730365,306,NA,N,0,0,277
2150,1,1.3396005,322,2184,N,1.66666666666667,0,277
2222,2,1.38536325,333,2150,N,3.33333333333333,0,277
2235,3,1.36040175,327,2222,N,5,0,277
2195,4,1.43528625,345,2235,N,6.66666666666667,0,277
2175,5,1.43528625,345,2195,N,8.33333333333333,0,277
2240,6,1.46856825,353,2175,N,10,0,277
2270,7,1.7223435,414,2240,N,11.6666666666667,0,277
3419,8,1.697382,408,2270,N,13.3333333333333,0,277
3850,9,1.56009375,375,3419,N,15,0,277
3308,10,1.65993975,399,3850,N,16.6666666666667,0,277
3580,11,1.7722665,426,3308,N,18.3333333333333,0,277
3430,12,1.9386765,466,3580,N,20,0,277
3509,13,1.88459325,453,3430,N,21.6666666666667,0,277
3699,14,1.9719585,474,3509,N,23.3333333333333,0,277
3564,15,1.8221895,438,3699,N,25,0,277
4732,16,2.0052405,482,3564,N,26.6666666666667,0,277
5005,17,2.0052405,482,4732,N,28.3333333333333,0,277
4764,18,2.15084925,517,5005,N,30,0,277
4690,19,2.046843,492,4764,N,31.6666666666667,0,277
5583,20,2.15084925,517,4690,N,33.3333333333333,0,277
5622,21,2.06764425,497,5583,N,35,0,277
4751,22,1.89291375,455,5622,N,36.6666666666667,0,277
4633,23,2.23405425,537,4751,N,38.3333333333333,0,277
7293,24,1.1399085,274,4633,Y,40,1,277
7334,26,1.21895325,293,7293,N,43.3333333333333,1,277
7271,27,1.11078675,267,7334,N,45,1,277
7049,28,1.39368375,335,7271,N,46.6666666666667,1,277
6500,29,1.41032475,339,7049,N,48.3333333333333,1,277
7206,30,1.49769,360,6500,N,50,1,277
6567,31,1.53513225,369,7206,N,51.6666666666667,1,277
7808,32,1.60169625,385,6567,N,53.3333333333333,1,277
8543,33,1.49352975,359,7808,N,55,1,277
8039,34,1.56009375,375,8543,N,56.6666666666667,1,277
7827,35,1.67658075,403,8039,N,58.3333333333333,1,277
8574,36,1.8055485,434,7827,N,60,1,277
8362,37,1.797228,432,8574,N,61.6666666666667,1,277
7861,38,1.88459325,453,8362,N,63.3333333333333,1,277
8766,39,1.95947775,471,7861,N,65,1,277
9138,40,1.99275975,479,8766,N,66.6666666666667,1,277
8959,41,2.20077225,529,9138,N,68.3333333333333,1,277
9537,42,2.44206675,587,8959,N,70,1,277
9342,43,2.429586,584,9537,N,71.6666666666667,1,277
9732,44,2.479509,596,9342,N,73.3333333333333,1,277
10114,45,2.612637,628,9732,N,75,1,277
10339,46,1.36040175,327,10114,Y,76.6666666666667,2,277
10321,47,1.49352975,359,10339,N,78.3333333333333,2,277
11015,48,1.52681175,367,10321,N,80,2,277
12047,49,1.730664,416,11015,N,81.6666666666667,2,277
11182,50,1.57673475,379,12047,N,83.3333333333333,2,277
11838,51,1.80970875,435,11182,N,85,2,277
11140,52,1.85131125,445,11838,N,86.6666666666667,2,277
11797,53,2.08428525,501,11140,N,88.3333333333333,2,277
11548,54,2.06764425,497,11797,N,90,2,277
10980,55,2.246535,540,11548,N,91.6666666666667,2,277
12920,56,2.15084925,517,10980,N,93.3333333333333,2,277
12809,57,2.53359225,609,12920,N,95,2,277
12895,58,2.5377525,610,12809,N,96.6666666666667,2,277
12599,59,2.60847675,627,12895,N,98.3333333333333,2,277
13360,61,1.5392925,370,12599,Y,101.666666666667,3,277
13696,62,1.63497825,393,13360,N,103.333333333333,3,277
13764,63,1.68490125,405,13696,N,105,3,277
14996,64,1.697382,408,13764,N,106.666666666667,3,277
14358,65,1.89291375,455,14996,N,108.333333333333,3,277
14598,66,1.95115725,469,14358,N,110,3,277
14361,67,1.9220355,462,14598,N,111.666666666667,3,277
14136,68,1.70154225,409,14361,N,113.333333333333,3,277
2697,0,0.865332,208,NA,N,0,0,278
2853,1,0.9734985,234,2697,N,1.66666666666667,0,278
2953,2,0.67812075,163,2853,N,3.33333333333333,0,278
3037,3,0.915255,220,2953,N,5,0,278
2725,4,0.91941525,221,3037,N,6.66666666666667,0,278
3167,5,0.94437675,227,2725,N,8.33333333333333,0,278
2854,6,0.95269725,229,3167,N,10,0,278
2722,7,1.0733445,258,2854,N,11.6666666666667,0,278
4436,8,0.97765875,235,2722,N,13.3333333333333,0,278
4287,9,0.93605625,225,4436,N,15,0,278
4220,10,0.931896,224,4287,N,16.6666666666667,0,278
4039,11,1.00262025,241,4220,N,18.3333333333333,0,278
4490,12,1.07750475,259,4039,N,20,0,278
3814,13,0.99846,240,4490,N,21.6666666666667,0,278
4155,14,1.10246625,265,3814,N,23.3333333333333,0,278
4081,15,1.1565495,278,4155,N,25,0,278
5168,16,1.1565495,278,4081,N,26.6666666666667,0,278
5449,17,1.17735075,283,5168,N,28.3333333333333,0,278
5228,18,1.2231135,294,5449,N,30,0,278
5190,19,1.2563955,302,5228,N,31.6666666666667,0,278
5883,20,1.25223525,301,5190,N,33.3333333333333,0,278
5833,21,1.297998,312,5883,N,35,0,278
5210,22,1.264716,304,5833,N,36.6666666666667,0,278
5579,23,1.41032475,339,5210,N,38.3333333333333,0,278
7244,24,1.26887625,305,5579,N,40,0,278
6280,25,1.41864525,341,7244,N,41.6666666666667,0,278
7158,26,1.181511,284,6280,N,43.3333333333333,0,278
6914,27,1.3063185,314,7158,N,45,0,278
6890,28,1.36872225,329,6914,N,46.6666666666667,0,278
6314,29,1.397844,336,6890,N,48.3333333333333,0,278
7089,30,1.44360675,347,6314,N,50,0,278
6397,31,1.6058565,386,7089,N,51.6666666666667,0,278
7688,32,1.66826025,401,6397,N,53.3333333333333,0,278
8464,33,1.697382,408,7688,N,55,0,278
7998,34,1.7223435,414,8464,N,56.6666666666667,0,278
7720,35,1.813869,436,7998,N,58.3333333333333,0,278
8524,36,1.88459325,453,7720,N,60,0,278
8221,37,2.00940075,483,8524,N,61.6666666666667,0,278
7777,38,2.40046425,577,8221,N,63.3333333333333,0,278
8714,39,2.16749025,521,7777,N,65,0,278
9085,40,2.55855375,615,8714,N,66.6666666666667,0,278
8904,41,1.264716,304,9085,Y,68.3333333333333,1,278
9487,42,1.347921,324,8904,N,70,1,278
9289,43,1.37704275,331,9487,N,71.6666666666667,1,278
9679,44,1.41864525,341,9289,N,73.3333333333333,1,278
9962,45,1.59337575,383,9679,N,75,1,278
10262,46,1.66826025,401,9962,N,76.6666666666667,1,278
10237,47,1.847151,444,10262,N,78.3333333333333,1,278
10828,48,1.94283675,467,10237,N,80,1,278
12001,49,2.11756725,509,10828,N,81.6666666666667,1,278
11135,50,2.33390025,561,12001,N,83.3333333333333,1,278
11780,51,2.29229775,551,11135,N,85,1,278
11081,52,1.3063185,314,11780,Y,86.6666666666667,2,278
11692,53,1.248075,300,11081,N,88.3333333333333,2,278
11398,54,1.28551725,309,11692,N,90,2,278
10816,55,1.47688875,355,11398,N,91.6666666666667,2,278
12834,56,1.39368375,335,10816,N,93.3333333333333,2,278
12660,57,1.52681175,367,12834,N,95,2,278
12682,58,1.530972,368,12660,N,96.6666666666667,2,278
12443,59,1.67658075,403,12682,N,98.3333333333333,2,278
13164,60,1.6391385,394,12443,N,100,2,278
13240,61,1.747305,420,13164,N,101.666666666667,2,278
13642,62,2.2548555,542,13240,N,103.333333333333,2,278
13706,63,2.2049325,530,13642,N,105,2,278
14817,64,2.50031025,601,13706,N,106.666666666667,2,278
14233,65,2.50863075,603,14817,N,108.333333333333,2,278
14437,66,1.148229,276,14233,Y,110,3,278
14200,67,1.25223525,301,14437,N,111.666666666667,3,278
13947,68,1.2563955,302,14200,N,113.333333333333,3,278
14054,69,1.31879925,317,13947,N,115,3,278
15308,70,1.43528625,345,14054,N,116.666666666667,3,278
2200,0,1.11078675,267,NA,N,0,0,279
2165,1,1.11078675,267,2200,N,1.66666666666667,0,279
2262,2,1.15238925,277,2165,N,3.33333333333333,0,279
2260,3,1.198152,288,2262,N,5,0,279
2218,4,1.19399175,287,2260,N,6.66666666666667,0,279
2205,5,1.347921,324,2218,N,8.33333333333333,0,279
2256,6,1.364562,328,2205,N,10,0,279
2291,7,1.42696575,343,2256,N,11.6666666666667,0,279
3432,8,1.381203,332,2291,N,13.3333333333333,0,279
3869,9,1.4727285,354,3432,N,15,0,279
3312,10,1.5559335,374,3869,N,16.6666666666667,0,279
3585,11,1.5060105,362,3312,N,18.3333333333333,0,279
3445,12,1.530972,368,3585,N,20,0,279
3526,13,1.5725745,378,3445,N,21.6666666666667,0,279
3716,14,1.65161925,397,3526,N,23.3333333333333,0,279
3608,15,1.61833725,389,3716,N,25,0,279
4752,16,1.60169625,385,3608,N,26.6666666666667,0,279
5027,17,1.730664,416,4752,N,28.3333333333333,0,279
4790,18,1.9220355,462,5027,N,30,0,279
4719,19,1.9553175,470,4790,N,31.6666666666667,0,279
5664,20,1.963638,472,4719,N,33.3333333333333,0,279
5636,21,1.9386765,466,5664,N,35,0,279
4771,22,2.10092625,505,5636,N,36.6666666666667,0,279
4740,23,2.396304,576,4771,N,38.3333333333333,0,279
6685,24,2.45038725,589,4740,N,40,0,279
6036,25,2.81648925,677,6685,N,41.6666666666667,0,279
6590,26,2.82897,680,6036,N,43.3333333333333,0,279
6849,27,2.6209575,630,6590,N,45,0,279
6812,28,1.43528625,345,6849,Y,46.6666666666667,1,279
6231,29,1.36040175,327,6812,N,48.3333333333333,1,279
6989,30,1.514331,364,6231,N,50,1,279
6313,31,1.49769,360,6989,N,51.6666666666667,1,279
7614,32,1.68490125,405,6313,N,53.3333333333333,1,279
7963,34,1.4394465,346,7614,N,56.6666666666667,1,279
7625,35,1.4893695,358,7963,N,58.3333333333333,1,279
8450,36,1.66826025,401,7625,N,60,1,279
8144,37,1.70154225,409,8450,N,61.6666666666667,1,279
8677,39,1.763946,424,8144,N,65,1,279
9051,40,1.8055485,434,8677,N,66.6666666666667,1,279
8870,41,1.897074,456,9051,N,68.3333333333333,1,279
9450,42,1.930356,464,8870,N,70,1,279
9250,43,2.08428525,501,9450,N,71.6666666666667,1,279
9647,44,2.2714965,546,9250,N,73.3333333333333,1,279
9859,45,2.562714,616,9647,N,75,1,279
10188,46,2.78320725,669,9859,N,76.6666666666667,1,279
10159,47,2.66256,640,10188,N,78.3333333333333,1,279
10528,48,2.645919,636,10159,N,80,1,279
11958,49,2.695842,648,10528,N,81.6666666666667,1,279
10968,50,2.30061825,553,11958,N,83.3333333333333,1,279
11678,51,2.679201,644,10968,N,85,1,279
11022,52,2.529432,608,11678,N,86.6666666666667,1,279
11584,53,2.38382325,573,11022,N,88.3333333333333,1,279
11342,54,2.3713425,570,11584,N,90,1,279
10678,55,1.2064725,290,11342,Y,91.6666666666667,2,279
12565,58,1.447767,348,10678,N,96.6666666666667,2,279
2200,0,1.11078675,267,NA,N,0,0,280
2165,1,1.11078675,267,2200,N,1.66666666666667,0,280
2262,2,1.15238925,277,2165,N,3.33333333333333,0,280
2260,3,1.198152,288,2262,N,5,0,280
2218,4,1.19399175,287,2260,N,6.66666666666667,0,280
2205,5,1.347921,324,2218,N,8.33333333333333,0,280
2256,6,1.364562,328,2205,N,10,0,280
2291,7,1.42696575,343,2256,N,11.6666666666667,0,280
3432,8,1.381203,332,2291,N,13.3333333333333,0,280
3869,9,1.4727285,354,3432,N,15,0,280
3312,10,1.5559335,374,3869,N,16.6666666666667,0,280
3585,11,1.5060105,362,3312,N,18.3333333333333,0,280
3445,12,1.530972,368,3585,N,20,0,280
3526,13,1.5725745,378,3445,N,21.6666666666667,0,280
3716,14,1.65161925,397,3526,N,23.3333333333333,0,280
3608,15,1.61833725,389,3716,N,25,0,280
4752,16,1.60169625,385,3608,N,26.6666666666667,0,280
5027,17,1.730664,416,4752,N,28.3333333333333,0,280
4790,18,1.9220355,462,5027,N,30,0,280
4719,19,1.9553175,470,4790,N,31.6666666666667,0,280
5664,20,1.963638,472,4719,N,33.3333333333333,0,280
5636,21,1.9386765,466,5664,N,35,0,280
4771,22,2.10092625,505,5636,N,36.6666666666667,0,280
4740,23,2.396304,576,4771,N,38.3333333333333,0,280
6685,24,2.45038725,589,4740,N,40,0,280
6036,25,2.81648925,677,6685,N,41.6666666666667,0,280
6590,26,2.82897,680,6036,N,43.3333333333333,0,280
6849,27,2.6209575,630,6590,N,45,0,280
6809,28,1.148229,276,6849,Y,46.6666666666667,1,280
6228,29,1.20231225,289,6809,N,48.3333333333333,1,280
6985,30,1.2064725,290,6228,N,50,1,280
6310,31,1.44360675,347,6985,N,51.6666666666667,1,280
7612,32,1.41864525,341,6310,N,53.3333333333333,1,280
7923,34,1.564254,376,7612,N,56.6666666666667,1,280
7575,35,1.597536,384,7923,N,58.3333333333333,1,280
8348,36,1.714023,412,7575,N,60,1,280
8093,37,1.8887535,454,8348,N,61.6666666666667,1,280
8637,39,2.22573375,535,8093,N,65,1,280
9016,40,2.17581075,523,8637,N,66.6666666666667,1,280
8832,41,1.031742,248,9016,Y,68.3333333333333,2,280
9411,42,1.11078675,267,8832,N,70,2,280
9206,43,1.20231225,289,9411,N,71.6666666666667,2,280
9605,44,1.231434,296,9206,N,73.3333333333333,2,280
9812,45,1.37704275,331,9605,N,75,2,280
10085,46,1.2397545,298,9812,N,76.6666666666667,2,280
10068,47,1.30215825,313,10085,N,78.3333333333333,2,280
10490,48,1.49352975,359,10068,N,80,2,280
11919,49,1.5892155,382,10490,N,81.6666666666667,2,280
10794,50,1.747305,420,11919,N,83.3333333333333,2,280
11597,51,1.82634975,439,10794,N,85,2,280
10926,52,1.70986275,411,11597,N,86.6666666666667,2,280
11470,53,0.78628725,189,10926,Y,88.3333333333333,3,280
11268,54,0.86117175,207,11470,N,90,3,280
10640,55,0.92773575,223,11268,N,91.6666666666667,3,280
2720,0,1.16070975,279,NA,N,0,0,281
2860,1,1.30215825,313,2720,N,1.66666666666667,0,281
2967,2,1.297998,312,2860,N,3.33333333333333,0,281
3050,3,1.33544025,321,2967,N,5,0,281
2733,4,1.40200425,337,3050,N,6.66666666666667,0,281
3173,5,1.4061645,338,2733,N,8.33333333333333,0,281
2861,6,1.4228055,342,3173,N,10,0,281
2729,7,1.36872225,329,2861,N,11.6666666666667,0,281
4440,8,1.38536325,333,2729,N,13.3333333333333,0,281
4295,9,1.46856825,353,4440,N,15,0,281
4229,10,1.49769,360,4295,N,16.6666666666667,0,281
4048,11,1.51017075,363,4229,N,18.3333333333333,0,281
4493,12,1.564254,376,4048,N,20,0,281
3824,13,1.564254,376,4493,N,21.6666666666667,0,281
4164,14,1.64329875,395,3824,N,23.3333333333333,0,281
4091,15,1.77642675,427,4164,N,25,0,281
5179,16,1.8388305,442,4091,N,26.6666666666667,0,281
5452,17,1.680741,404,5179,N,28.3333333333333,0,281
5242,18,1.880433,452,5452,N,30,0,281
5208,19,1.99692,480,5242,N,31.6666666666667,0,281
5889,20,1.980279,476,5208,N,33.3333333333333,0,281
5840,21,2.19245175,527,5889,N,35,0,281
5225,22,2.346381,564,5840,N,36.6666666666667,0,281
5584,23,2.363022,568,5225,N,38.3333333333333,0,281
7247,24,1.16487,280,5584,Y,40,1,281
6288,25,1.18567125,285,7247,N,41.6666666666667,1,281
7167,26,1.36872225,329,6288,N,43.3333333333333,1,281
6920,27,1.3396005,322,7167,N,45,1,281
6896,28,1.45192725,349,6920,N,46.6666666666667,1,281
6323,29,1.42696575,343,6896,N,48.3333333333333,1,281
7095,30,1.47688875,355,6323,N,50,1,281
6399,31,1.397844,336,7095,N,51.6666666666667,1,281
7693,32,1.5892155,382,6399,N,53.3333333333333,1,281
8466,33,1.6557795,398,7693,N,55,1,281
7999,34,1.73482425,417,8466,N,56.6666666666667,1,281
7723,35,1.797228,432,7999,N,58.3333333333333,1,281
8527,36,1.85131125,445,7723,N,60,1,281
8224,37,1.963638,472,8527,N,61.6666666666667,1,281
7786,38,1.91787525,461,8224,N,63.3333333333333,1,281
8716,39,2.15084925,517,7786,N,65,1,281
9087,40,2.24237475,539,8716,N,66.6666666666667,1,281
8908,41,2.2881375,550,9087,N,68.3333333333333,1,281
9491,42,1.930356,464,8908,N,70,1,281
9295,43,1.24391475,299,9491,Y,71.6666666666667,2,281
9684,44,1.181511,284,9295,N,73.3333333333333,2,281
9976,45,1.25223525,301,9684,N,75,2,281
10270,46,1.2730365,306,9976,N,76.6666666666667,2,281
10243,47,1.264716,304,10270,N,78.3333333333333,2,281
10837,48,1.35208125,325,10243,N,80,2,281
12005,49,1.74314475,419,10837,N,81.6666666666667,2,281
11139,50,1.69322175,407,12005,N,83.3333333333333,2,281
11782,51,1.6890615,406,11139,N,85,2,281
11083,52,1.87627275,451,11782,N,86.6666666666667,2,281
11696,53,1.95947775,471,11083,N,88.3333333333333,2,281
11403,54,2.14252875,515,11696,N,90,2,281
10820,55,2.00108025,481,11403,N,91.6666666666667,2,281
12839,56,1.1731905,282,10820,Y,93.3333333333333,3,281
12664,57,1.28551725,309,12839,N,95,3,281
12688,58,1.35208125,325,12664,N,96.6666666666667,3,281
12447,59,1.2896775,310,12688,N,98.3333333333333,3,281
13245,61,1.4228055,342,12447,N,101.666666666667,3,281
13646,62,1.65993975,399,13245,N,103.333333333333,3,281
13710,63,1.6890615,406,13646,N,105,3,281
14834,64,1.763946,424,13710,N,106.666666666667,3,281
14249,65,1.8221895,438,14834,N,108.333333333333,3,281
14455,66,1.95947775,471,14249,N,110,3,281
14211,67,2.063484,496,14455,N,111.666666666667,3,281
13957,68,0.86117175,207,14211,Y,113.333333333333,4,281
14069,69,0.96101775,231,13957,N,115,4,281
15312,70,1.07750475,259,14069,N,116.666666666667,4,281
2720,0,1.16070975,279,NA,N,0,0,282
2860,1,1.30215825,313,2720,N,1.66666666666667,0,282
2967,2,1.297998,312,2860,N,3.33333333333333,0,282
3050,3,1.33544025,321,2967,N,5,0,282
2733,4,1.40200425,337,3050,N,6.66666666666667,0,282
3173,5,1.4061645,338,2733,N,8.33333333333333,0,282
2861,6,1.4228055,342,3173,N,10,0,282
2729,7,1.36872225,329,2861,N,11.6666666666667,0,282
4440,8,1.38536325,333,2729,N,13.3333333333333,0,282
4295,9,1.46856825,353,4440,N,15,0,282
4229,10,1.49769,360,4295,N,16.6666666666667,0,282
4048,11,1.51017075,363,4229,N,18.3333333333333,0,282
4493,12,1.564254,376,4048,N,20,0,282
3824,13,1.564254,376,4493,N,21.6666666666667,0,282
4164,14,1.64329875,395,3824,N,23.3333333333333,0,282
4091,15,1.77642675,427,4164,N,25,0,282
5179,16,1.8388305,442,4091,N,26.6666666666667,0,282
5452,17,1.680741,404,5179,N,28.3333333333333,0,282
5242,18,1.880433,452,5452,N,30,0,282
5208,19,1.99692,480,5242,N,31.6666666666667,0,282
5889,20,1.980279,476,5208,N,33.3333333333333,0,282
5840,21,2.19245175,527,5889,N,35,0,282
5225,22,2.346381,564,5840,N,36.6666666666667,0,282
5584,23,2.363022,568,5225,N,38.3333333333333,0,282
7247,24,1.16487,280,5584,Y,40,1,282
6288,25,1.18567125,285,7247,N,41.6666666666667,1,282
7167,26,1.36872225,329,6288,N,43.3333333333333,1,282
6920,27,1.3396005,322,7167,N,45,1,282
6896,28,1.45192725,349,6920,N,46.6666666666667,1,282
6323,29,1.42696575,343,6896,N,48.3333333333333,1,282
7095,30,1.47688875,355,6323,N,50,1,282
6399,31,1.397844,336,7095,N,51.6666666666667,1,282
7693,32,1.5892155,382,6399,N,53.3333333333333,1,282
8466,33,1.6557795,398,7693,N,55,1,282
7999,34,1.73482425,417,8466,N,56.6666666666667,1,282
7723,35,1.797228,432,7999,N,58.3333333333333,1,282
8527,36,1.85131125,445,7723,N,60,1,282
8224,37,1.963638,472,8527,N,61.6666666666667,1,282
7786,38,1.91787525,461,8224,N,63.3333333333333,1,282
8716,39,2.15084925,517,7786,N,65,1,282
9087,40,2.24237475,539,8716,N,66.6666666666667,1,282
8908,41,2.2881375,550,9087,N,68.3333333333333,1,282
9491,42,1.930356,464,8908,N,70,1,282
9295,43,1.24391475,299,9491,Y,71.6666666666667,2,282
9684,44,1.181511,284,9295,N,73.3333333333333,2,282
9976,45,1.25223525,301,9684,N,75,2,282
10270,46,1.2730365,306,9976,N,76.6666666666667,2,282
10243,47,1.264716,304,10270,N,78.3333333333333,2,282
10837,48,1.35208125,325,10243,N,80,2,282
12005,49,1.74314475,419,10837,N,81.6666666666667,2,282
11139,50,1.69322175,407,12005,N,83.3333333333333,2,282
11782,51,1.6890615,406,11139,N,85,2,282
11083,52,1.87627275,451,11782,N,86.6666666666667,2,282
11696,53,1.95947775,471,11083,N,88.3333333333333,2,282
11403,54,2.14252875,515,11696,N,90,2,282
10820,55,2.00108025,481,11403,N,91.6666666666667,2,282
12837,56,0.91941525,221,10820,Y,93.3333333333333,3,282
12685,58,1.364562,328,12837,N,96.6666666666667,3,282
12446,59,1.26055575,303,12685,N,98.3333333333333,3,282
13243,61,1.38536325,333,12446,N,101.666666666667,3,282
13645,62,1.32711975,319,13243,N,103.333333333333,3,282
13709,63,1.2730365,306,13645,N,105,3,282
14828,64,1.48520925,357,13709,N,106.666666666667,3,282
14242,65,1.50185025,361,14828,N,108.333333333333,3,282
14448,66,1.59337575,383,14242,N,110,3,282
14205,67,1.780587,428,14448,N,111.666666666667,3,282
13955,68,1.697382,408,14205,N,113.333333333333,3,282
14064,69,2.030202,488,13955,N,115,3,282
15329,70,1.065024,256,14064,Y,116.666666666667,4,282
2210,0,0.915255,220,NA,N,0,0,283
2172,1,1.01926125,245,2210,N,1.66666666666667,0,283
2268,2,0.981819,236,2172,N,3.33333333333333,0,283
2264,3,0.99846,240,2268,N,5,0,283
2223,4,1.081665,260,2264,N,6.66666666666667,0,283
2217,5,1.11078675,267,2223,N,8.33333333333333,0,283
2261,6,1.1898315,286,2217,N,10,0,283
2297,7,1.181511,284,2261,N,11.6666666666667,0,283
3435,8,1.24391475,299,2297,N,13.3333333333333,0,283
3874,9,1.23559425,297,3435,N,15,0,283
3313,10,1.1731905,282,3874,N,16.6666666666667,0,283
3587,11,1.27719675,307,3313,N,18.3333333333333,0,283
3449,12,1.297998,312,3587,N,20,0,283
3530,13,1.297998,312,3449,N,21.6666666666667,0,283
3724,14,1.281357,308,3530,N,23.3333333333333,0,283
3611,15,1.29383775,311,3724,N,25,0,283
4755,16,1.36872225,329,3611,N,26.6666666666667,0,283
5031,17,1.38536325,333,4755,N,28.3333333333333,0,283
4794,18,1.39368375,335,5031,N,30,0,283
4723,19,1.44360675,347,4794,N,31.6666666666667,0,283
5668,20,1.5226515,366,4723,N,33.3333333333333,0,283
5639,21,1.49769,360,5668,N,35,0,283
4775,22,1.50185025,361,5639,N,36.6666666666667,0,283
4747,23,1.55177325,373,4775,N,38.3333333333333,0,283
6687,24,1.66826025,401,4747,N,40,0,283
6039,25,1.6641,400,6687,N,41.6666666666667,0,283
6596,26,1.7223435,414,6039,N,43.3333333333333,0,283
6579,27,1.73482425,417,6596,N,45,0,283
6639,28,1.87627275,451,6579,N,46.6666666666667,0,283
6056,29,1.78474725,429,6639,N,48.3333333333333,0,283
6743,30,1.863792,448,6056,N,50,0,283
6097,31,1.963638,472,6743,N,51.6666666666667,0,283
7429,32,1.92619575,463,6097,N,53.3333333333333,0,283
8232,33,1.9053945,458,7429,N,55,0,283
7898,34,1.99275975,479,8232,N,56.6666666666667,0,283
7551,35,1.96779825,473,7898,N,58.3333333333333,0,283
8294,36,2.030202,488,7551,N,60,0,283
8075,37,2.2382145,538,8294,N,61.6666666666667,0,283
7477,38,2.22573375,535,8075,N,63.3333333333333,0,283
8616,39,2.21741325,533,7477,N,65,0,283
8996,40,2.45870775,591,8616,N,66.6666666666667,0,283
8810,41,2.7707265,666,8996,N,68.3333333333333,0,283
9389,42,2.70000225,649,8810,N,70,0,283
9182,43,2.7041625,650,9389,N,71.6666666666667,0,283
9584,44,3.04946325,733,9182,N,73.3333333333333,0,283
9784,45,1.42696575,343,9584,Y,75,1,283
10007,46,1.61001675,387,9784,N,76.6666666666667,1,283
9992,47,1.6890615,406,10007,N,78.3333333333333,1,283
10460,48,1.87627275,451,9992,N,80,1,283
11893,49,1.8221895,438,10460,N,81.6666666666667,1,283
10767,50,1.91787525,461,11893,N,83.3333333333333,1,283
11568,51,1.89291375,455,10767,N,85,1,283
10394,52,2.04268275,491,11568,N,86.6666666666667,1,283
11389,53,1.9885995,478,10394,N,88.3333333333333,1,283
11233,54,2.063484,496,11389,N,90,1,283
10607,55,2.1050865,506,11233,N,91.6666666666667,1,283
12412,56,2.30061825,553,10607,N,93.3333333333333,1,283
12229,57,2.5377525,610,12412,N,95,1,283
12302,58,2.28397725,549,12229,N,96.6666666666667,1,283
12183,59,1.25223525,301,12302,Y,98.3333333333333,2,283
12988,60,1.15238925,277,12183,N,100,2,283
13037,61,1.41864525,341,12988,N,101.666666666667,2,283
2210,0,0.915255,220,NA,N,0,0,284
2172,1,1.01926125,245,2210,N,1.66666666666667,0,284
2268,2,0.981819,236,2172,N,3.33333333333333,0,284
2264,3,0.99846,240,2268,N,5,0,284
2223,4,1.081665,260,2264,N,6.66666666666667,0,284
2217,5,1.11078675,267,2223,N,8.33333333333333,0,284
2261,6,1.1898315,286,2217,N,10,0,284
2297,7,1.181511,284,2261,N,11.6666666666667,0,284
3435,8,1.24391475,299,2297,N,13.3333333333333,0,284
3874,9,1.23559425,297,3435,N,15,0,284
3313,10,1.1731905,282,3874,N,16.6666666666667,0,284
3587,11,1.27719675,307,3313,N,18.3333333333333,0,284
3449,12,1.297998,312,3587,N,20,0,284
3530,13,1.297998,312,3449,N,21.6666666666667,0,284
3724,14,1.281357,308,3530,N,23.3333333333333,0,284
3611,15,1.29383775,311,3724,N,25,0,284
4755,16,1.36872225,329,3611,N,26.6666666666667,0,284
5031,17,1.38536325,333,4755,N,28.3333333333333,0,284
4794,18,1.39368375,335,5031,N,30,0,284
4723,19,1.44360675,347,4794,N,31.6666666666667,0,284
5668,20,1.5226515,366,4723,N,33.3333333333333,0,284
5639,21,1.49769,360,5668,N,35,0,284
4775,22,1.50185025,361,5639,N,36.6666666666667,0,284
4747,23,1.55177325,373,4775,N,38.3333333333333,0,284
6687,24,1.66826025,401,4747,N,40,0,284
6039,25,1.6641,400,6687,N,41.6666666666667,0,284
6596,26,1.7223435,414,6039,N,43.3333333333333,0,284
6579,27,1.73482425,417,6596,N,45,0,284
6639,28,1.87627275,451,6579,N,46.6666666666667,0,284
6056,29,1.78474725,429,6639,N,48.3333333333333,0,284
6743,30,1.863792,448,6056,N,50,0,284
6097,31,1.963638,472,6743,N,51.6666666666667,0,284
7429,32,1.92619575,463,6097,N,53.3333333333333,0,284
8232,33,1.9053945,458,7429,N,55,0,284
7898,34,1.99275975,479,8232,N,56.6666666666667,0,284
7551,35,1.96779825,473,7898,N,58.3333333333333,0,284
8294,36,2.030202,488,7551,N,60,0,284
8075,37,2.2382145,538,8294,N,61.6666666666667,0,284
7477,38,2.22573375,535,8075,N,63.3333333333333,0,284
8616,39,2.21741325,533,7477,N,65,0,284
8996,40,2.45870775,591,8616,N,66.6666666666667,0,284
8810,41,2.7707265,666,8996,N,68.3333333333333,0,284
9389,42,2.70000225,649,8810,N,70,0,284
9182,43,2.7041625,650,9389,N,71.6666666666667,0,284
9584,44,3.04946325,733,9182,N,73.3333333333333,0,284
9784,45,1.42696575,343,9584,Y,75,1,284
10007,46,1.61001675,387,9784,N,76.6666666666667,1,284
9992,47,1.6890615,406,10007,N,78.3333333333333,1,284
10460,48,1.87627275,451,9992,N,80,1,284
11893,49,1.8221895,438,10460,N,81.6666666666667,1,284
10767,50,1.91787525,461,11893,N,83.3333333333333,1,284
11568,51,1.89291375,455,10767,N,85,1,284
10394,52,2.04268275,491,11568,N,86.6666666666667,1,284
11389,53,1.9885995,478,10394,N,88.3333333333333,1,284
11233,54,2.063484,496,11389,N,90,1,284
10607,55,2.1050865,506,11233,N,91.6666666666667,1,284
12412,56,2.30061825,553,10607,N,93.3333333333333,1,284
12229,57,2.5377525,610,12412,N,95,1,284
12302,58,2.28397725,549,12229,N,96.6666666666667,1,284
12181,59,1.264716,304,12302,Y,98.3333333333333,2,284
12986,60,1.0567035,254,12181,N,100,2,284
13034,61,1.5392925,370,12986,N,101.666666666667,2,284
13420,62,1.8055485,434,13034,N,103.333333333333,2,284
13406,63,1.9220355,462,13420,N,105,2,284
15179,64,2.130048,512,13406,N,106.666666666667,2,284
14536,65,2.02604175,487,15179,N,108.333333333333,2,284
14767,66,2.2382145,538,14536,N,110,2,284
14543,67,2.6708805,642,14767,N,111.666666666667,2,284
14368,68,2.67504075,643,14543,N,113.333333333333,2,284
14430,69,1.3396005,322,14368,Y,115,3,284
15425,70,1.281357,308,14430,N,116.666666666667,3,284
2983,0,0.815409,196,NA,N,0,0,285
3021,1,0.965178,232,2983,N,1.66666666666667,0,285
3138,2,1.098306,264,3021,N,3.33333333333333,0,285
3211,3,1.14406875,275,3138,N,5,0,285
3067,4,1.098306,264,3211,N,6.66666666666667,0,285
3258,5,1.264716,304,3067,N,8.33333333333333,0,285
3068,6,1.23559425,297,3258,N,10,0,285
2844,7,1.3728825,330,3068,N,11.6666666666667,0,285
4549,8,1.25223525,301,2844,N,13.3333333333333,0,285
4473,9,1.2896775,310,4549,N,15,0,285
4341,10,1.464408,352,4473,N,16.6666666666667,0,285
4187,11,1.51849125,365,4341,N,18.3333333333333,0,285
4536,12,1.564254,376,4187,N,20,0,285
4296,13,1.580895,380,4536,N,21.6666666666667,0,285
4293,14,1.61001675,387,4296,N,23.3333333333333,0,285
4200,15,1.65161925,397,4293,N,25,0,285
5303,16,1.7389845,418,4200,N,26.6666666666667,0,285
5667,17,1.863792,448,5303,N,28.3333333333333,0,285
5366,18,1.7389845,418,5667,N,30,0,285
5349,19,1.85131125,445,5366,N,31.6666666666667,0,285
5933,20,1.80970875,435,5349,N,33.3333333333333,0,285
5892,21,1.83051,440,5933,N,35,0,285
5353,22,1.847151,444,5892,N,36.6666666666667,0,285
5617,23,1.813869,436,5353,N,38.3333333333333,0,285
7268,24,1.8721125,450,5617,N,40,0,285
6351,25,1.9885995,478,7268,N,41.6666666666667,0,285
7311,26,1.97611875,475,6351,N,43.3333333333333,0,285
6984,27,1.946997,468,7311,N,45,0,285
6951,28,1.9719585,474,6984,N,46.6666666666667,0,285
6389,29,2.16749025,521,6951,N,48.3333333333333,0,285
7134,30,2.36718225,569,6389,N,50,0,285
6446,31,2.34222075,563,7134,N,51.6666666666667,0,285
7740,32,2.25901575,543,6446,N,53.3333333333333,0,285
8501,33,2.47534875,595,7740,N,55,0,285
8013,34,2.562714,616,8501,N,56.6666666666667,0,285
7763,35,2.729124,656,8013,N,58.3333333333333,0,285
8551,36,3.05778375,735,7763,N,60,0,285
8274,37,3.03282225,729,8551,N,61.6666666666667,0,285
7834,38,1.397844,336,8274,Y,63.3333333333333,1,285
8739,39,1.36040175,327,7834,N,65,1,285
9109,40,1.464408,352,8739,N,66.6666666666667,1,285
8934,41,1.5892155,382,9109,N,68.3333333333333,1,285
9516,42,1.530972,368,8934,N,70,1,285
9319,43,1.72650375,415,9516,N,71.6666666666667,1,285
9706,44,1.8221895,438,9319,N,73.3333333333333,1,285
10057,45,1.87627275,451,9706,N,75,1,285
10306,46,1.930356,464,10057,N,76.6666666666667,1,285
10276,47,1.87627275,451,10306,N,78.3333333333333,1,285
10888,48,2.10924675,507,10276,N,80,1,285
12025,49,2.1217275,510,10888,N,81.6666666666667,1,285
11163,50,2.2714965,546,12025,N,83.3333333333333,1,285
11810,51,2.50863075,603,11163,N,85,1,285
11106,52,2.712483,652,11810,N,86.6666666666667,1,285
11742,53,2.58351525,621,11106,N,88.3333333333333,1,285
11469,54,1.3229595,318,11742,Y,90,2,285
10882,55,1.26887625,305,11469,N,91.6666666666667,2,285
12891,56,1.34376075,323,10882,N,93.3333333333333,2,285
12743,57,1.50185025,361,12891,N,95,2,285
2983,0,0.815409,196,NA,N,0,0,286
3021,1,0.965178,232,2983,N,1.66666666666667,0,286
3138,2,1.098306,264,3021,N,3.33333333333333,0,286
3211,3,1.14406875,275,3138,N,5,0,286
3067,4,1.098306,264,3211,N,6.66666666666667,0,286
3258,5,1.264716,304,3067,N,8.33333333333333,0,286
3068,6,1.23559425,297,3258,N,10,0,286
2844,7,1.3728825,330,3068,N,11.6666666666667,0,286
4549,8,1.25223525,301,2844,N,13.3333333333333,0,286
4473,9,1.2896775,310,4549,N,15,0,286
4341,10,1.464408,352,4473,N,16.6666666666667,0,286
4187,11,1.51849125,365,4341,N,18.3333333333333,0,286
4536,12,1.564254,376,4187,N,20,0,286
4296,13,1.580895,380,4536,N,21.6666666666667,0,286
4293,14,1.61001675,387,4296,N,23.3333333333333,0,286
4200,15,1.65161925,397,4293,N,25,0,286
5303,16,1.7389845,418,4200,N,26.6666666666667,0,286
5667,17,1.863792,448,5303,N,28.3333333333333,0,286
5366,18,1.7389845,418,5667,N,30,0,286
5349,19,1.85131125,445,5366,N,31.6666666666667,0,286
5933,20,1.80970875,435,5349,N,33.3333333333333,0,286
5892,21,1.83051,440,5933,N,35,0,286
5353,22,1.847151,444,5892,N,36.6666666666667,0,286
5617,23,1.813869,436,5353,N,38.3333333333333,0,286
7268,24,1.8721125,450,5617,N,40,0,286
6351,25,1.9885995,478,7268,N,41.6666666666667,0,286
7311,26,1.97611875,475,6351,N,43.3333333333333,0,286
6984,27,1.946997,468,7311,N,45,0,286
6951,28,1.9719585,474,6984,N,46.6666666666667,0,286
6389,29,2.16749025,521,6951,N,48.3333333333333,0,286
7134,30,2.36718225,569,6389,N,50,0,286
6446,31,2.34222075,563,7134,N,51.6666666666667,0,286
7740,32,2.25901575,543,6446,N,53.3333333333333,0,286
8501,33,2.47534875,595,7740,N,55,0,286
8013,34,2.562714,616,8501,N,56.6666666666667,0,286
7763,35,2.729124,656,8013,N,58.3333333333333,0,286
8551,36,3.05778375,735,7763,N,60,0,286
8274,37,3.03282225,729,8551,N,61.6666666666667,0,286
7834,38,1.397844,336,8274,Y,63.3333333333333,1,286
8739,39,1.36040175,327,7834,N,65,1,286
9109,40,1.464408,352,8739,N,66.6666666666667,1,286
8934,41,1.5892155,382,9109,N,68.3333333333333,1,286
9516,42,1.530972,368,8934,N,70,1,286
9319,43,1.72650375,415,9516,N,71.6666666666667,1,286
9706,44,1.8221895,438,9319,N,73.3333333333333,1,286
10057,45,1.87627275,451,9706,N,75,1,286
10306,46,1.930356,464,10057,N,76.6666666666667,1,286
10276,47,1.87627275,451,10306,N,78.3333333333333,1,286
10888,48,2.10924675,507,10276,N,80,1,286
12025,49,2.1217275,510,10888,N,81.6666666666667,1,286
11163,50,2.2714965,546,12025,N,83.3333333333333,1,286
11810,51,2.50863075,603,11163,N,85,1,286
11106,52,2.712483,652,11810,N,86.6666666666667,1,286
11742,53,2.58351525,621,11106,N,88.3333333333333,1,286
11472,54,1.2896775,310,11742,Y,90,2,286
10886,55,1.364562,328,11472,N,91.6666666666667,2,286
12893,56,1.45192725,349,10886,N,93.3333333333333,2,286
12747,57,1.381203,332,12893,N,95,2,286
12835,58,1.6224975,390,12747,N,96.6666666666667,2,286
12490,59,1.71818325,413,12835,N,98.3333333333333,2,286
13287,61,1.980279,476,12490,N,101.666666666667,2,286
13675,62,2.09260575,503,13287,N,103.333333333333,2,286
13739,63,2.1383685,514,13675,N,105,2,286
14910,64,2.34222075,563,13739,N,106.666666666667,2,286
14309,65,2.429586,584,14910,N,108.333333333333,2,286
14535,66,2.279817,548,14309,N,110,2,286
14299,67,2.58351525,621,14535,N,111.666666666667,2,286
14052,68,1.464408,352,14299,Y,113.333333333333,3,286
14166,69,1.48520925,357,14052,N,115,3,286
15351,70,1.7889075,430,14166,N,116.666666666667,3,286
2735,0,0.76132575,183,NA,N,0,0,287
2874,1,0.848691,204,2735,N,1.66666666666667,0,287
2984,2,0.915255,220,2874,N,3.33333333333333,0,287
3071,3,0.97765875,235,2984,N,5,0,287
2750,4,0.8902935,214,3071,N,6.66666666666667,0,287
3186,5,1.02758175,247,2750,N,8.33333333333333,0,287
2886,6,1.0899855,262,3186,N,10,0,287
2738,7,1.08582525,261,2886,N,11.6666666666667,0,287
4447,8,1.031742,248,2738,N,13.3333333333333,0,287
4306,9,0.99846,240,4447,N,15,0,287
4242,10,0.9568575,230,4306,N,16.6666666666667,0,287
4063,11,0.948537,228,4242,N,18.3333333333333,0,287
4497,12,0.95269725,229,4063,N,20,0,287
3838,13,1.081665,260,4497,N,21.6666666666667,0,287
4177,14,1.10246625,265,3838,N,23.3333333333333,0,287
4106,15,1.13574825,273,4177,N,25,0,287
5191,16,1.15238925,277,4106,N,26.6666666666667,0,287
5459,17,1.20231225,289,5191,N,28.3333333333333,0,287
5256,18,1.24391475,299,5459,N,30,0,287
5227,19,1.23559425,297,5256,N,31.6666666666667,0,287
5894,20,1.231434,296,5227,N,33.3333333333333,0,287
5845,21,1.2563955,302,5894,N,35,0,287
5239,22,1.2563955,302,5845,N,36.6666666666667,0,287
5588,23,1.29383775,311,5239,N,38.3333333333333,0,287
7250,24,1.2896775,310,5588,N,40,0,287
6297,25,1.347921,324,7250,N,41.6666666666667,0,287
7174,26,1.30215825,313,6297,N,43.3333333333333,0,287
6926,27,1.314639,316,7174,N,45,0,287
6903,28,1.264716,304,6926,N,46.6666666666667,0,287
6328,29,1.38536325,333,6903,N,48.3333333333333,0,287
7100,30,1.41032475,339,6328,N,50,0,287
6404,31,1.614177,388,7100,N,51.6666666666667,0,287
7699,32,1.73482425,417,6404,N,53.3333333333333,0,287
8470,33,1.897074,456,7699,N,55,0,287
8001,34,1.99692,480,8470,N,56.6666666666667,0,287
7728,35,1.913715,460,8001,N,58.3333333333333,0,287
8531,36,2.1050865,506,7728,N,60,0,287
8231,37,2.46702825,593,8531,N,61.6666666666667,0,287
7794,38,2.629278,632,8231,N,63.3333333333333,0,287
8718,39,1.264716,304,7794,Y,65,1,287
9089,40,1.347921,324,8718,N,66.6666666666667,1,287
8911,41,1.40200425,337,9089,N,68.3333333333333,1,287
9493,42,1.5392925,370,8911,N,70,1,287
9297,43,1.49769,360,9493,N,71.6666666666667,1,287
9686,44,1.647459,396,9297,N,73.3333333333333,1,287
9988,45,1.70154225,409,9686,N,75,1,287
10277,46,1.963638,472,9988,N,76.6666666666667,1,287
10247,47,2.07596475,499,10277,N,78.3333333333333,1,287
10844,48,0.9402165,226,10247,Y,80,2,287
12009,49,0.87781275,211,10844,N,81.6666666666667,2,287
11146,50,1.16487,280,12009,N,83.3333333333333,2,287
11788,51,0.9568575,230,11146,N,85,2,287
11088,52,1.1565495,278,11788,N,86.6666666666667,2,287
11705,53,1.10246625,265,11088,N,88.3333333333333,2,287
11412,54,1.364562,328,11705,N,90,2,287
10829,55,1.36040175,327,11412,N,91.6666666666667,2,287
2735,0,0.76132575,183,NA,N,0,0,288
2874,1,0.848691,204,2735,N,1.66666666666667,0,288
2984,2,0.915255,220,2874,N,3.33333333333333,0,288
3071,3,0.97765875,235,2984,N,5,0,288
2750,4,0.8902935,214,3071,N,6.66666666666667,0,288
3186,5,1.02758175,247,2750,N,8.33333333333333,0,288
2886,6,1.0899855,262,3186,N,10,0,288
2738,7,1.08582525,261,2886,N,11.6666666666667,0,288
4447,8,1.031742,248,2738,N,13.3333333333333,0,288
4306,9,0.99846,240,4447,N,15,0,288
4242,10,0.9568575,230,4306,N,16.6666666666667,0,288
4063,11,0.948537,228,4242,N,18.3333333333333,0,288
4497,12,0.95269725,229,4063,N,20,0,288
3838,13,1.081665,260,4497,N,21.6666666666667,0,288
4177,14,1.10246625,265,3838,N,23.3333333333333,0,288
4106,15,1.13574825,273,4177,N,25,0,288
5191,16,1.15238925,277,4106,N,26.6666666666667,0,288
5459,17,1.20231225,289,5191,N,28.3333333333333,0,288
5256,18,1.24391475,299,5459,N,30,0,288
5227,19,1.23559425,297,5256,N,31.6666666666667,0,288
5894,20,1.231434,296,5227,N,33.3333333333333,0,288
5845,21,1.2563955,302,5894,N,35,0,288
5239,22,1.2563955,302,5845,N,36.6666666666667,0,288
5588,23,1.29383775,311,5239,N,38.3333333333333,0,288
7250,24,1.2896775,310,5588,N,40,0,288
6297,25,1.347921,324,7250,N,41.6666666666667,0,288
7174,26,1.30215825,313,6297,N,43.3333333333333,0,288
6926,27,1.314639,316,7174,N,45,0,288
6903,28,1.264716,304,6926,N,46.6666666666667,0,288
6328,29,1.38536325,333,6903,N,48.3333333333333,0,288
7100,30,1.41032475,339,6328,N,50,0,288
6404,31,1.614177,388,7100,N,51.6666666666667,0,288
7699,32,1.73482425,417,6404,N,53.3333333333333,0,288
8470,33,1.897074,456,7699,N,55,0,288
8001,34,1.99692,480,8470,N,56.6666666666667,0,288
7728,35,1.913715,460,8001,N,58.3333333333333,0,288
8531,36,2.1050865,506,7728,N,60,0,288
8231,37,2.46702825,593,8531,N,61.6666666666667,0,288
7794,38,2.629278,632,8231,N,63.3333333333333,0,288
8718,39,1.264716,304,7794,Y,65,1,288
9089,40,1.347921,324,8718,N,66.6666666666667,1,288
8911,41,1.40200425,337,9089,N,68.3333333333333,1,288
9493,42,1.5392925,370,8911,N,70,1,288
9297,43,1.49769,360,9493,N,71.6666666666667,1,288
9686,44,1.647459,396,9297,N,73.3333333333333,1,288
9988,45,1.70154225,409,9686,N,75,1,288
10277,46,1.963638,472,9988,N,76.6666666666667,1,288
10247,47,2.07596475,499,10277,N,78.3333333333333,1,288
10842,48,1.1066265,266,10247,Y,80,2,288
12008,49,1.12742775,271,10842,N,81.6666666666667,2,288
11145,50,1.20231225,289,12008,N,83.3333333333333,2,288
11786,51,1.2397545,298,11145,N,85,2,288
11087,52,1.414485,340,11786,N,86.6666666666667,2,288
11703,53,1.42696575,343,11087,N,88.3333333333333,2,288
11410,54,1.4061645,338,11703,N,90,2,288
10827,55,1.364562,328,11410,N,91.6666666666667,2,288
12847,56,1.447767,348,10827,N,93.3333333333333,2,288
12676,57,1.630818,392,12847,N,95,2,288
12705,58,1.597536,384,12676,N,96.6666666666667,2,288
12454,59,1.80970875,435,12705,N,98.3333333333333,2,288
13181,60,0.71140275,171,12454,Y,100,3,288
13260,61,0.73636425,177,13181,N,101.666666666667,3,288
13654,62,1.048383,252,13260,N,103.333333333333,3,288
13718,63,1.015101,244,13654,N,105,3,288
15334,64,1.081665,260,13718,N,106.666666666667,3,288
14988,65,0.981819,236,15334,N,108.333333333333,3,288
15153,66,1.198152,288,14988,N,110,3,288
13856,68,1.2730365,306,15153,N,113.333333333333,3,288
13929,69,1.48520925,357,13856,N,115,3,288
15253,70,1.5226515,366,13929,N,116.666666666667,3,288
2228,0,1.33544025,321,NA,N,0,0,289
2179,1,1.031742,248,2228,N,1.66666666666667,0,289
2271,2,0.99429975,239,2179,N,3.33333333333333,0,289
2269,3,1.281357,308,2271,N,5,0,289
2248,4,1.25223525,301,2269,N,6.66666666666667,0,289
2221,5,1.431126,344,2248,N,8.33333333333333,0,289
2266,6,1.46856825,353,2221,N,10,0,289
2304,7,1.46856825,353,2266,N,11.6666666666667,0,289
3438,8,1.47688875,355,2304,N,13.3333333333333,0,289
3879,9,1.580895,380,3438,N,15,0,289
3314,10,1.61001675,387,3879,N,16.6666666666667,0,289
3614,11,1.6391385,394,3314,N,18.3333333333333,0,289
3453,12,1.56841425,377,3614,N,20,0,289
3534,13,1.647459,396,3453,N,21.6666666666667,0,289
3733,14,1.66826025,401,3534,N,23.3333333333333,0,289
3644,15,1.9053945,458,3733,N,25,0,289
4761,16,1.84299075,443,3644,N,26.6666666666667,0,289
5035,17,1.8388305,442,4761,N,28.3333333333333,0,289
4800,18,2.0052405,482,5035,N,30,0,289
4730,19,2.29229775,551,4800,N,31.6666666666667,0,289
5672,20,2.00940075,483,4730,N,33.3333333333333,0,289
5641,21,0.965178,232,5672,Y,35,1,289
4780,22,1.0400625,250,5641,N,36.6666666666667,1,289
4749,23,1.0733445,258,4780,N,38.3333333333333,1,289
6690,24,1.1232675,270,4749,N,40,1,289
6042,25,1.19399175,287,6690,N,41.6666666666667,1,289
6597,26,1.2563955,302,6042,N,43.3333333333333,1,289
6581,27,1.31879925,317,6597,N,45,1,289
6640,28,1.48520925,357,6581,N,46.6666666666667,1,289
6058,29,1.75146525,421,6640,N,48.3333333333333,1,289
6747,30,1.847151,444,6058,N,50,1,289
6102,31,1.763946,424,6747,N,51.6666666666667,1,289
7430,32,1.9553175,470,6102,N,53.3333333333333,1,289
8235,33,2.0218815,486,7430,N,55,1,289
7900,34,1.99692,480,8235,N,56.6666666666667,1,289
7555,35,0.931896,224,7900,Y,58.3333333333333,2,289
8301,36,0.96933825,233,7555,N,60,2,289
8077,37,1.1399085,274,8301,N,61.6666666666667,2,289
7479,38,1.16070975,279,8077,N,63.3333333333333,2,289
8618,39,1.22727375,295,7479,N,65,2,289
8998,40,1.24391475,299,8618,N,66.6666666666667,2,289
8812,41,1.364562,328,8998,N,68.3333333333333,2,289
9390,42,1.33128,320,8812,N,70,2,289
9183,43,1.45192725,349,9390,N,71.6666666666667,2,289
9585,44,1.50185025,361,9183,N,73.3333333333333,2,289
9786,45,1.67658075,403,9585,N,75,2,289
10014,46,1.61001675,387,9786,N,76.6666666666667,2,289
9998,47,1.747305,420,10014,N,78.3333333333333,2,289
10461,48,1.82634975,439,9998,N,80,2,289
11894,49,2.0052405,482,10461,N,81.6666666666667,2,289
10768,50,1.9885995,478,11894,N,83.3333333333333,2,289
11570,51,2.06764425,497,10768,N,85,2,289
10395,52,2.17581075,523,11570,N,86.6666666666667,2,289
11391,53,2.40878475,579,10395,N,88.3333333333333,2,289
11235,54,1.1565495,278,11391,Y,90,3,289
10609,55,1.10246625,265,11235,N,91.6666666666667,3,289
12414,56,1.1232675,270,10609,N,93.3333333333333,3,289
12231,57,1.18567125,285,12414,N,95,3,289
12303,58,1.264716,304,12231,N,96.6666666666667,3,289
12185,59,1.27719675,307,12303,N,98.3333333333333,3,289
12990,60,1.46856825,353,12185,N,100,3,289
13038,61,1.714023,412,12990,N,101.666666666667,3,289
13422,62,1.6058565,386,13038,N,103.333333333333,3,289
13408,63,1.697382,408,13422,N,105,3,289
15183,64,1.89291375,455,13408,N,106.666666666667,3,289
14541,65,1.714023,412,15183,N,108.333333333333,3,289
14773,66,1.930356,464,14541,N,110,3,289
14550,67,2.03436225,489,14773,N,111.666666666667,3,289
14374,68,1.82634975,439,14550,N,113.333333333333,3,289
14740,69,0.93605625,225,14374,Y,115,4,289
15482,70,1.0899855,262,14740,N,116.666666666667,4,289
2516,0,1.397844,336,NA,N,0,0,290
2468,1,1.530972,368,2516,N,1.66666666666667,0,290
2496,2,1.464408,352,2468,N,3.33333333333333,0,290
2474,3,1.54345275,371,2496,N,5,0,290
2484,4,1.65161925,397,2474,N,6.66666666666667,0,290
2899,5,1.7057025,410,2484,N,8.33333333333333,0,290
2574,6,1.83467025,441,2899,N,10,0,290
2506,7,1.90955475,459,2574,N,11.6666666666667,0,290
3567,8,1.92619575,463,2506,N,13.3333333333333,0,290
4061,9,1.880433,452,3567,N,15,0,290
3996,10,2.00940075,483,4061,N,16.6666666666667,0,290
3837,11,2.046843,492,3996,N,18.3333333333333,0,290
4400,12,2.07596475,499,3837,N,20,0,290
3633,13,2.13420825,513,4400,N,21.6666666666667,0,290
3913,14,2.2714965,546,3633,N,23.3333333333333,0,290
3854,15,2.32974,560,3913,N,25,0,290
4938,16,2.4046245,578,3854,N,26.6666666666667,0,290
5214,17,1.1066265,266,4938,Y,28.3333333333333,1,290
5233,18,1.231434,296,5214,N,30,1,290
5195,19,1.231434,296,5233,N,31.6666666666667,1,290
5885,20,1.28551725,309,5195,N,33.3333333333333,1,290
5835,21,1.45192725,349,5885,N,35,1,290
5216,22,1.41032475,339,5835,N,36.6666666666667,1,290
5581,23,1.57673475,379,5216,N,38.3333333333333,1,290
7245,24,1.6058565,386,5581,N,40,1,290
6283,25,1.44360675,347,7245,N,41.6666666666667,1,290
7160,26,1.56841425,377,6283,N,43.3333333333333,1,290
6917,27,1.56009375,375,7160,N,45,1,290
6893,28,1.75146525,421,6917,N,46.6666666666667,1,290
6318,29,2.0551635,494,6893,N,48.3333333333333,1,290
7091,30,2.030202,488,6318,N,50,1,290
6537,31,2.16749025,521,7091,N,51.6666666666667,1,290
7793,32,2.429586,584,6537,N,53.3333333333333,1,290
8532,33,2.346381,564,7793,N,55,1,290
8033,34,2.363022,568,8532,N,56.6666666666667,1,290
7817,35,2.57519475,619,8033,N,58.3333333333333,1,290
8568,36,2.36718225,569,7817,N,60,1,290
8346,37,0.96101775,231,8568,Y,61.6666666666667,2,290
8727,39,1.43528625,345,8346,N,65,2,290
9098,40,1.5060105,362,8727,N,66.6666666666667,2,290
8921,41,1.364562,328,9098,N,68.3333333333333,2,290
9503,42,1.53513225,369,8921,N,70,2,290
9305,43,1.47688875,355,9503,N,71.6666666666667,2,290
9694,44,1.6557795,398,9305,N,73.3333333333333,2,290
2536,0,1.198152,288,NA,N,0,0,291
2631,1,1.297998,312,2536,N,1.66666666666667,0,291
2531,2,1.39368375,335,2631,N,3.33333333333333,0,291
2873,3,1.42696575,343,2531,N,5,0,291
2527,4,1.4560875,350,2873,N,6.66666666666667,0,291
2940,5,1.530972,368,2527,N,8.33333333333333,0,291
2614,6,1.54345275,371,2940,N,10,0,291
2554,7,1.547613,372,2614,N,11.6666666666667,0,291
3607,8,1.59337575,383,2554,N,13.3333333333333,0,291
4104,9,1.57673475,379,3607,N,15,0,291
4036,10,1.64329875,395,4104,N,16.6666666666667,0,291
3873,11,1.6391385,394,4036,N,18.3333333333333,0,291
4418,12,1.65161925,397,3873,N,20,0,291
3660,13,1.64329875,395,4418,N,21.6666666666667,0,291
3962,14,1.647459,396,3660,N,23.3333333333333,0,291
3899,15,1.70986275,411,3962,N,25,0,291
4979,16,1.730664,416,3899,N,26.6666666666667,0,291
5270,17,1.8055485,434,4979,N,28.3333333333333,0,291
5017,18,1.8721125,450,5270,N,30,0,291
4970,19,1.97611875,475,5017,N,31.6666666666667,0,291
5797,20,2.17581075,523,4970,N,33.3333333333333,0,291
5747,21,2.296458,552,5797,N,35,0,291
4998,22,2.38382325,573,5747,N,36.6666666666667,0,291
5490,23,1.29383775,311,4998,Y,38.3333333333333,1,291
7192,24,1.3895235,334,5490,N,40,1,291
6161,25,1.597536,384,7192,N,41.6666666666667,1,291
7083,26,1.61833725,389,6161,N,43.3333333333333,1,291
6818,27,1.614177,388,7083,N,45,1,291
6773,28,1.7389845,418,6818,N,46.6666666666667,1,291
6199,29,1.79306775,431,6773,N,48.3333333333333,1,291
6955,30,1.88459325,453,6199,N,50,1,291
6276,31,2.00108025,481,6955,N,51.6666666666667,1,291
7541,32,2.030202,488,6276,N,53.3333333333333,1,291
8383,33,2.07596475,499,7541,N,55,1,291
7951,34,2.3879835,574,8383,N,56.6666666666667,1,291
7603,35,2.629278,632,7951,N,58.3333333333333,1,291
8424,36,2.6209575,630,7603,N,60,1,291
8121,37,2.6708805,642,8424,N,61.6666666666667,1,291
7526,38,1.26887625,305,8121,Y,63.3333333333333,2,291
8660,39,1.3229595,318,7526,N,65,2,291
9037,40,1.2563955,302,8660,N,66.6666666666667,2,291
8853,41,1.27719675,307,9037,N,68.3333333333333,2,291
9435,42,1.364562,328,8853,N,70,2,291
9232,43,1.31879925,317,9435,N,71.6666666666667,2,291
9631,44,1.39368375,335,9232,N,73.3333333333333,2,291
9840,45,1.46024775,351,9631,N,75,2,291
10153,46,1.48520925,357,9840,N,76.6666666666667,2,291
10121,47,1.7223435,414,10153,N,78.3333333333333,2,291
10509,48,1.63497825,393,10121,N,80,2,291
11939,49,1.80138825,433,10509,N,81.6666666666667,2,291
10885,50,1.897074,456,11939,N,83.3333333333333,2,291
11626,51,2.1882915,526,10885,N,85,2,291
11002,52,2.2714965,546,11626,N,86.6666666666667,2,291
11535,53,1.198152,288,11002,Y,88.3333333333333,3,291
11329,54,1.16903025,281,11535,N,90,3,291
10660,55,1.314639,316,11329,N,91.6666666666667,3,291
12733,56,1.30215825,313,10660,N,93.3333333333333,3,291
12493,57,1.32711975,319,12733,N,95,3,291
12518,58,1.5559335,374,12493,N,96.6666666666667,3,291
12352,59,1.464408,352,12518,N,98.3333333333333,3,291
13076,60,1.47688875,355,12352,N,100,3,291
13129,61,1.47688875,355,13076,N,101.666666666667,3,291
13524,62,1.67658075,403,13129,N,103.333333333333,3,291
13516,63,1.51849125,365,13524,N,105,3,291
15266,64,1.76810625,425,13516,N,106.666666666667,3,291
14777,65,1.59337575,383,15266,N,108.333333333333,3,291
14328,66,2.1050865,506,14777,N,110,3,291
2536,0,1.198152,288,NA,N,0,0,292
2631,1,1.297998,312,2536,N,1.66666666666667,0,292
2531,2,1.39368375,335,2631,N,3.33333333333333,0,292
2873,3,1.42696575,343,2531,N,5,0,292
2527,4,1.4560875,350,2873,N,6.66666666666667,0,292
2940,5,1.530972,368,2527,N,8.33333333333333,0,292
2614,6,1.54345275,371,2940,N,10,0,292
2554,7,1.547613,372,2614,N,11.6666666666667,0,292
3607,8,1.59337575,383,2554,N,13.3333333333333,0,292
4104,9,1.57673475,379,3607,N,15,0,292
4036,10,1.64329875,395,4104,N,16.6666666666667,0,292
3873,11,1.6391385,394,4036,N,18.3333333333333,0,292
4418,12,1.65161925,397,3873,N,20,0,292
3660,13,1.64329875,395,4418,N,21.6666666666667,0,292
3962,14,1.647459,396,3660,N,23.3333333333333,0,292
3899,15,1.70986275,411,3962,N,25,0,292
4979,16,1.730664,416,3899,N,26.6666666666667,0,292
5270,17,1.8055485,434,4979,N,28.3333333333333,0,292
5017,18,1.8721125,450,5270,N,30,0,292
4970,19,1.97611875,475,5017,N,31.6666666666667,0,292
5797,20,2.17581075,523,4970,N,33.3333333333333,0,292
5747,21,2.296458,552,5797,N,35,0,292
4998,22,2.38382325,573,5747,N,36.6666666666667,0,292
5490,23,1.29383775,311,4998,Y,38.3333333333333,1,292
7192,24,1.3895235,334,5490,N,40,1,292
6161,25,1.597536,384,7192,N,41.6666666666667,1,292
7083,26,1.61833725,389,6161,N,43.3333333333333,1,292
6818,27,1.614177,388,7083,N,45,1,292
6773,28,1.7389845,418,6818,N,46.6666666666667,1,292
6199,29,1.79306775,431,6773,N,48.3333333333333,1,292
6955,30,1.88459325,453,6199,N,50,1,292
6276,31,2.00108025,481,6955,N,51.6666666666667,1,292
7541,32,2.030202,488,6276,N,53.3333333333333,1,292
8383,33,2.07596475,499,7541,N,55,1,292
7951,34,2.3879835,574,8383,N,56.6666666666667,1,292
7603,35,2.629278,632,7951,N,58.3333333333333,1,292
8424,36,2.6209575,630,7603,N,60,1,292
8121,37,2.6708805,642,8424,N,61.6666666666667,1,292
7527,38,1.2397545,298,8121,Y,63.3333333333333,2,292
8661,39,1.198152,288,7527,N,65,2,292
9038,40,1.2231135,294,8661,N,66.6666666666667,2,292
8854,41,1.231434,296,9038,N,68.3333333333333,2,292
9436,42,1.4394465,346,8854,N,70,2,292
9233,43,1.397844,336,9436,N,71.6666666666667,2,292
9632,44,1.4061645,338,9233,N,73.3333333333333,2,292
9841,45,1.597536,384,9632,N,75,2,292
10155,46,1.61001675,387,9841,N,76.6666666666667,2,292
10123,47,1.963638,472,10155,N,78.3333333333333,2,292
10510,48,1.96779825,473,10123,N,80,2,292
11940,49,1.813869,436,10510,N,81.6666666666667,2,292
10890,50,2.03436225,489,11940,N,83.3333333333333,2,292
11630,51,2.313099,556,10890,N,85,2,292
11000,52,1.08582525,261,11630,Y,86.6666666666667,3,292
11534,53,1.031742,248,11000,N,88.3333333333333,3,292
11328,54,1.19399175,287,11534,N,90,3,292
10659,55,1.3396005,322,11328,N,91.6666666666667,3,292
2536,0,1.198152,288,NA,N,0,0,293
2631,1,1.297998,312,2536,N,1.66666666666667,0,293
2531,2,1.39368375,335,2631,N,3.33333333333333,0,293
2873,3,1.42696575,343,2531,N,5,0,293
2527,4,1.4560875,350,2873,N,6.66666666666667,0,293
2940,5,1.530972,368,2527,N,8.33333333333333,0,293
2614,6,1.54345275,371,2940,N,10,0,293
2554,7,1.547613,372,2614,N,11.6666666666667,0,293
3607,8,1.59337575,383,2554,N,13.3333333333333,0,293
4104,9,1.57673475,379,3607,N,15,0,293
4036,10,1.64329875,395,4104,N,16.6666666666667,0,293
3873,11,1.6391385,394,4036,N,18.3333333333333,0,293
4418,12,1.65161925,397,3873,N,20,0,293
3660,13,1.64329875,395,4418,N,21.6666666666667,0,293
3962,14,1.647459,396,3660,N,23.3333333333333,0,293
3899,15,1.70986275,411,3962,N,25,0,293
4979,16,1.730664,416,3899,N,26.6666666666667,0,293
5270,17,1.8055485,434,4979,N,28.3333333333333,0,293
5017,18,1.8721125,450,5270,N,30,0,293
4970,19,1.97611875,475,5017,N,31.6666666666667,0,293
5797,20,2.17581075,523,4970,N,33.3333333333333,0,293
5747,21,2.296458,552,5797,N,35,0,293
4998,22,2.38382325,573,5747,N,36.6666666666667,0,293
5490,23,1.29383775,311,4998,Y,38.3333333333333,1,293
7192,24,1.3895235,334,5490,N,40,1,293
6161,25,1.597536,384,7192,N,41.6666666666667,1,293
7083,26,1.61833725,389,6161,N,43.3333333333333,1,293
6818,27,1.614177,388,7083,N,45,1,293
6773,28,1.7389845,418,6818,N,46.6666666666667,1,293
6199,29,1.79306775,431,6773,N,48.3333333333333,1,293
6955,30,1.88459325,453,6199,N,50,1,293
6276,31,2.00108025,481,6955,N,51.6666666666667,1,293
7541,32,2.030202,488,6276,N,53.3333333333333,1,293
8383,33,2.07596475,499,7541,N,55,1,293
7951,34,2.3879835,574,8383,N,56.6666666666667,1,293
7603,35,2.629278,632,7951,N,58.3333333333333,1,293
8424,36,2.6209575,630,7603,N,60,1,293
8121,37,2.6708805,642,8424,N,61.6666666666667,1,293
7527,38,1.2397545,298,8121,Y,63.3333333333333,2,293
8661,39,1.198152,288,7527,N,65,2,293
9038,40,1.2231135,294,8661,N,66.6666666666667,2,293
8854,41,1.231434,296,9038,N,68.3333333333333,2,293
9436,42,1.4394465,346,8854,N,70,2,293
9233,43,1.397844,336,9436,N,71.6666666666667,2,293
9632,44,1.4061645,338,9233,N,73.3333333333333,2,293
9841,45,1.597536,384,9632,N,75,2,293
10155,46,1.61001675,387,9841,N,76.6666666666667,2,293
10123,47,1.963638,472,10155,N,78.3333333333333,2,293
10510,48,1.96779825,473,10123,N,80,2,293
11940,49,1.813869,436,10510,N,81.6666666666667,2,293
10890,50,2.03436225,489,11940,N,83.3333333333333,2,293
11630,51,2.313099,556,10890,N,85,2,293
11003,52,1.23559425,297,11630,Y,86.6666666666667,3,293
11539,53,1.16903025,281,11003,N,88.3333333333333,3,293
11331,54,1.41864525,341,11539,N,90,3,293
10661,55,1.24391475,299,11331,N,91.6666666666667,3,293
12741,56,1.51849125,365,10661,N,93.3333333333333,3,293
12497,57,1.431126,344,12741,N,95,3,293
12524,58,1.630818,392,12497,N,96.6666666666667,3,293
12358,59,1.7389845,418,12524,N,98.3333333333333,3,293
13401,63,1.71818325,413,12358,N,105,3,293
15062,64,0.83205,200,13401,Y,106.666666666667,4,293
14420,65,0.99429975,239,15062,N,108.333333333333,4,293
14969,66,1.231434,296,14420,N,110,4,293
14748,67,1.297998,312,14969,N,111.666666666667,4,293
14597,68,1.381203,332,14748,N,113.333333333333,4,293
14671,69,1.50185025,361,14597,N,115,4,293
15468,70,1.66826025,401,14671,N,116.666666666667,4,293
2032,0,1.00262025,241,NA,N,0,0,294
2030,1,0.95269725,229,2032,N,1.66666666666667,0,294
2085,2,1.01926125,245,2030,N,3.33333333333333,0,294
2043,3,1.05254325,253,2085,N,5,0,294
2079,6,1.048383,252,2043,N,10,0,294
2057,7,1.24391475,299,2079,N,11.6666666666667,0,294
3363,8,1.32711975,319,2057,N,13.3333333333333,0,294
3755,9,1.42696575,343,3363,N,15,0,294
3286,10,1.30215825,313,3755,N,16.6666666666667,0,294
3339,11,1.314639,316,3286,N,18.3333333333333,0,294
3352,12,1.3063185,314,3339,N,20,0,294
3421,13,1.3229595,318,3352,N,21.6666666666667,0,294
3521,14,1.41864525,341,3421,N,23.3333333333333,0,294
3390,15,1.2064725,290,3521,N,25,0,294
4628,16,1.41032475,339,3390,N,26.6666666666667,0,294
4896,17,1.49769,360,4628,N,28.3333333333333,0,294
4651,18,1.49769,360,4896,N,30,0,294
4600,19,1.67658075,403,4651,N,31.6666666666667,0,294
5484,20,1.597536,384,4600,N,33.3333333333333,0,294
5497,21,1.85131125,445,5484,N,35,0,294
4635,22,1.88459325,453,5497,N,36.6666666666667,0,294
4613,23,1.6557795,398,4635,N,38.3333333333333,0,294
6642,24,0.87781275,211,4613,Y,40,1,294
5961,25,0.99846,240,6642,N,41.6666666666667,1,294
6433,26,1.01094075,243,5961,N,43.3333333333333,1,294
6461,27,1.11078675,267,6433,N,45,1,294
6464,28,1.23559425,297,6461,N,46.6666666666667,1,294
5977,29,1.198152,288,6464,N,48.3333333333333,1,294
6605,30,1.264716,304,5977,N,50,1,294
5992,31,1.2397545,298,6605,N,51.6666666666667,1,294
7388,32,1.281357,308,5992,N,53.3333333333333,1,294
8158,33,1.26055575,303,7388,N,55,1,294
7872,34,1.214793,292,8158,N,56.6666666666667,1,294
7352,35,1.36040175,327,7872,N,58.3333333333333,1,294
8200,36,1.36872225,329,7352,N,60,1,294
8049,37,1.397844,336,8200,N,61.6666666666667,1,294
7365,38,1.530972,368,8049,N,63.3333333333333,1,294
8589,39,1.564254,376,7365,N,65,1,294
8970,40,1.54345275,371,8589,N,66.6666666666667,1,294
8781,41,1.7556255,422,8970,N,68.3333333333333,1,294
9357,42,1.75146525,421,8781,N,70,1,294
9155,43,1.6557795,398,9357,N,71.6666666666667,1,294
9555,44,0.82788975,199,9155,Y,73.3333333333333,2,294
9754,45,0.76964625,185,9555,N,75,2,294
9916,46,0.76132575,183,9754,N,76.6666666666667,2,294
9890,47,0.648999,156,9916,N,78.3333333333333,2,294
10425,48,0.73636425,177,9890,N,80,2,294
11858,49,0.87781275,211,10425,N,81.6666666666667,2,294
10735,50,0.86117175,207,11858,N,83.3333333333333,2,294
11465,51,0.86117175,207,10735,N,85,2,294
10360,52,0.881973,212,11465,N,86.6666666666667,2,294
11290,53,1.015101,244,10360,N,88.3333333333333,2,294
11201,54,0.898614,216,11290,N,90,2,294
10575,55,1.00262025,241,11201,N,91.6666666666667,2,294
12121,56,0.8902935,214,10575,N,93.3333333333333,2,294
12146,57,0.915255,220,12121,N,95,2,294
12138,58,1.031742,248,12146,N,96.6666666666667,2,294
12091,59,1.0067805,242,12138,N,98.3333333333333,2,294
12938,60,1.16487,280,12091,N,100,2,294
12970,61,1.081665,260,12938,N,101.666666666667,2,294
13342,62,1.08582525,261,12970,N,103.333333333333,2,294
13319,63,1.05254325,253,13342,N,105,2,294
14444,64,1.00262025,241,13319,N,106.666666666667,2,294
13900,65,1.1066265,266,14444,N,108.333333333333,2,294
14066,66,1.031742,248,13900,N,110,2,294
13887,67,1.065024,256,14066,N,111.666666666667,2,294
13771,68,1.1565495,278,13887,N,113.333333333333,2,294
13798,69,1.081665,260,13771,N,115,2,294
15081,70,1.0400625,250,13798,N,116.666666666667,2,294
2549,0,1.580895,380,NA,N,0,0,295
2653,1,1.50185025,361,2549,N,1.66666666666667,0,295
2544,2,1.47688875,355,2653,N,3.33333333333333,0,295
2884,3,1.52681175,367,2544,N,5,0,295
2540,4,1.614177,388,2884,N,6.66666666666667,0,295
2963,5,1.6391385,394,2540,N,8.33333333333333,0,295
2629,6,1.67658075,403,2963,N,10,0,295
2571,7,1.71818325,413,2629,N,11.6666666666667,0,295
3616,8,1.79306775,431,2571,N,13.3333333333333,0,295
4120,9,1.880433,452,3616,N,15,0,295
4051,10,1.99692,480,4120,N,16.6666666666667,0,295
3890,11,2.06764425,497,4051,N,18.3333333333333,0,295
4424,12,2.01772125,485,3890,N,20,0,295
3665,13,1.9553175,470,4424,N,21.6666666666667,0,295
3983,14,2.1217275,510,3665,N,23.3333333333333,0,295
3923,15,2.1217275,510,3983,N,25,0,295
4997,16,2.40046425,577,3923,N,26.6666666666667,0,295
5293,17,2.38382325,573,4997,N,28.3333333333333,0,295
5034,18,2.20077225,529,5293,N,30,0,295
4990,19,1.11078675,267,5034,Y,31.6666666666667,1,295
5806,20,1.081665,260,4990,N,33.3333333333333,1,295
5754,21,1.198152,288,5806,N,35,1,295
5016,22,1.32711975,319,5754,N,36.6666666666667,1,295
5503,23,1.33544025,321,5016,N,38.3333333333333,1,295
7198,24,1.26887625,305,5503,N,40,1,295
6175,25,1.3063185,314,7198,N,41.6666666666667,1,295
7094,26,1.297998,312,6175,N,43.3333333333333,1,295
6831,27,1.30215825,313,7094,N,45,1,295
6790,28,1.281357,308,6831,N,46.6666666666667,1,295
6213,29,1.41864525,341,6790,N,48.3333333333333,1,295
6971,30,1.49769,360,6213,N,50,1,295
6295,31,1.580895,380,6971,N,51.6666666666667,1,295
7554,32,1.5226515,366,6295,N,53.3333333333333,1,295
8396,33,1.630818,392,7554,N,55,1,295
7955,34,1.647459,396,8396,N,56.6666666666667,1,295
7609,35,1.47688875,355,7955,N,58.3333333333333,1,295
8434,36,1.6557795,398,7609,N,60,1,295
8136,37,1.514331,364,8434,N,61.6666666666667,1,295
7637,38,1.69322175,407,8136,N,63.3333333333333,1,295
8666,39,2.0884455,502,7637,N,65,1,295
9043,40,2.10924675,507,8666,N,66.6666666666667,1,295
8860,41,2.213253,532,9043,N,68.3333333333333,1,295
9441,42,2.65007925,637,8860,N,70,1,295
9239,43,2.44206675,587,9441,N,71.6666666666667,1,295
9637,44,2.5044705,602,9239,N,73.3333333333333,1,295
9846,45,1.37704275,331,9637,Y,75,2,295
10166,46,1.314639,316,9846,N,76.6666666666667,2,295
10135,47,1.431126,344,10166,N,78.3333333333333,2,295
10515,48,1.45192725,349,10135,N,80,2,295
11944,49,1.7722665,426,10515,N,81.6666666666667,2,295
10906,50,1.780587,428,11944,N,83.3333333333333,2,295
11642,51,1.84299075,443,10906,N,85,2,295
11007,52,1.93451625,465,11642,N,86.6666666666667,2,295
11555,53,2.1050865,506,11007,N,88.3333333333333,2,295
11334,54,2.05100325,493,11555,N,90,2,295
10666,55,2.2714965,546,11334,N,91.6666666666667,2,295
12757,56,2.30061825,553,10666,N,93.3333333333333,2,295
12506,57,2.67504075,643,12757,N,95,2,295
2049,0,0.92773575,223,NA,N,0,0,296
2048,1,0.9402165,226,2049,N,1.66666666666667,0,296
2108,2,0.88613325,213,2048,N,3.33333333333333,0,296
2097,3,0.96933825,233,2108,N,5,0,296
2070,4,0.95269725,229,2097,N,6.66666666666667,0,296
2047,5,1.0899855,262,2070,N,8.33333333333333,0,296
2104,6,1.09414575,263,2047,N,10,0,296
2075,7,1.065024,256,2104,N,11.6666666666667,0,296
3374,8,1.24391475,299,2075,N,13.3333333333333,0,296
3768,9,1.198152,288,3374,N,15,0,296
3289,10,1.23559425,297,3768,N,16.6666666666667,0,296
3348,11,1.21895325,293,3289,N,18.3333333333333,0,296
3365,12,1.23559425,297,3348,N,20,0,296
3429,13,1.26887625,305,3365,N,21.6666666666667,0,296
3536,14,1.281357,308,3429,N,23.3333333333333,0,296
3488,15,1.3895235,334,3536,N,25,0,296
4638,16,1.397844,336,3488,N,26.6666666666667,0,296
4912,17,1.54345275,371,4638,N,28.3333333333333,0,296
4666,18,1.481049,356,4912,N,30,0,296
4604,19,1.49352975,359,4666,N,31.6666666666667,0,296
5489,20,1.6224975,390,4604,N,33.3333333333333,0,296
5506,21,1.6724205,402,5489,N,35,0,296
4652,22,1.72650375,415,5506,N,36.6666666666667,0,296
4625,23,1.763946,424,4652,N,38.3333333333333,0,296
6649,24,1.91787525,461,4625,N,40,0,296
5966,25,1.90123425,457,6649,N,41.6666666666667,0,296
6478,27,1.897074,456,5966,N,45,0,296
6486,28,0.9568575,230,6478,Y,46.6666666666667,1,296
5987,29,1.02758175,247,6486,N,48.3333333333333,1,296
6612,30,1.114947,268,5987,N,50,1,296
6002,31,1.198152,288,6612,N,51.6666666666667,1,296
7398,32,1.1731905,282,6002,N,53.3333333333333,1,296
8164,33,1.18567125,285,7398,N,55,1,296
7875,34,1.24391475,299,8164,N,56.6666666666667,1,296
7357,35,1.50185025,361,7875,N,58.3333333333333,1,296
8213,36,1.5559335,374,7357,N,60,1,296
8052,37,1.53513225,369,8213,N,61.6666666666667,1,296
7372,38,1.65161925,397,8052,N,63.3333333333333,1,296
8592,39,1.7556255,422,7372,N,65,1,296
8973,40,1.8221895,438,8592,N,66.6666666666667,1,296
8784,41,1.7889075,430,8973,N,68.3333333333333,1,296
9360,42,1.9053945,458,8784,N,70,1,296
9158,43,1.95947775,471,9360,N,71.6666666666667,1,296
9559,44,2.11756725,509,9158,N,73.3333333333333,1,296
9756,45,2.3380605,562,9559,N,75,1,296
9927,46,2.35054125,565,9756,N,76.6666666666667,1,296
9907,47,2.479509,596,9927,N,78.3333333333333,1,296
10428,48,2.49198975,599,9907,N,80,1,296
11862,49,1.26887625,305,10428,Y,81.6666666666667,2,296
10739,50,1.33128,320,11862,N,83.3333333333333,2,296
11476,51,1.48520925,357,10739,N,85,2,296
10364,52,1.52681175,367,11476,N,86.6666666666667,2,296
11297,53,1.4228055,342,10364,N,88.3333333333333,2,296
11204,54,1.46024775,351,11297,N,90,2,296
10578,55,1.4893695,358,11204,N,91.6666666666667,2,296
12131,56,1.5060105,362,10578,N,93.3333333333333,2,296
12150,57,1.70986275,411,12131,N,95,2,296
12142,58,1.60169625,385,12150,N,96.6666666666667,2,296
12096,59,1.76810625,425,12142,N,98.3333333333333,2,296
13225,61,2.50863075,603,12096,N,101.666666666667,2,296
13633,62,1.248075,300,13225,Y,103.333333333333,3,296
13592,63,1.20231225,289,13633,N,105,3,296
15317,64,1.4228055,342,13592,N,106.666666666667,3,296
14929,65,1.52681175,367,15317,N,108.333333333333,3,296
15119,66,1.481049,356,14929,N,110,3,296
14897,67,1.67658075,403,15119,N,111.666666666667,3,296
2989,0,0.85285125,205,NA,N,0,0,297
3025,1,0.9235755,222,2989,N,1.66666666666667,0,297
3140,2,0.97765875,235,3025,N,3.33333333333333,0,297
3215,3,0.9402165,226,3140,N,5,0,297
3072,4,1.08582525,261,3215,N,6.66666666666667,0,297
3259,5,1.03590225,249,3072,N,8.33333333333333,0,297
3073,6,1.03590225,249,3259,N,10,0,297
2849,7,1.05254325,253,3073,N,11.6666666666667,0,297
4552,8,1.09414575,263,2849,N,13.3333333333333,0,297
4476,9,1.0899855,262,4552,N,15,0,297
4343,10,1.114947,268,4476,N,16.6666666666667,0,297
4192,11,1.16070975,279,4343,N,18.3333333333333,0,297
4537,12,1.248075,300,4192,N,20,0,297
4300,13,1.181511,284,4537,N,21.6666666666667,0,297
4297,14,1.264716,304,4300,N,23.3333333333333,0,297
4207,15,1.15238925,277,4297,N,25,0,297
5308,16,1.21063275,291,4207,N,26.6666666666667,0,297
5670,17,1.44360675,347,5308,N,28.3333333333333,0,297
5371,18,1.447767,348,5670,N,30,0,297
5354,19,1.61833725,389,5371,N,31.6666666666667,0,297
5934,20,1.4560875,350,5354,N,33.3333333333333,0,297
5895,21,1.580895,380,5934,N,35,0,297
5358,22,1.54345275,371,5895,N,36.6666666666667,0,297
5619,23,2.1050865,506,5358,N,38.3333333333333,0,297
7269,24,1.90955475,459,5619,N,40,0,297
6355,25,1.93451625,465,7269,N,41.6666666666667,0,297
7313,26,0.86949225,209,6355,Y,43.3333333333333,1,297
6987,27,1.031742,248,7313,N,45,1,297
6957,28,1.0733445,258,6987,N,46.6666666666667,1,297
6403,29,1.02758175,247,6957,N,48.3333333333333,1,297
7138,30,0.9402165,226,6403,N,50,1,297
6454,31,1.2064725,290,7138,N,51.6666666666667,1,297
7748,32,1.25223525,301,6454,N,53.3333333333333,1,297
8506,33,1.15238925,277,7748,N,55,1,297
8016,34,1.214793,292,8506,N,56.6666666666667,1,297
7770,35,1.03590225,249,8016,N,58.3333333333333,1,297
8553,36,1.3562415,326,7770,N,60,1,297
8280,37,1.7057025,410,8553,N,61.6666666666667,1,297
7836,38,1.946997,468,8280,N,63.3333333333333,1,297
8742,39,0.881973,212,7836,Y,65,2,297
9112,40,0.86117175,207,8742,N,66.6666666666667,2,297
8937,41,0.9235755,222,9112,N,68.3333333333333,2,297
9517,42,0.91941525,221,8937,N,70,2,297
9320,43,0.99429975,239,9517,N,71.6666666666667,2,297
9707,44,1.081665,260,9320,N,73.3333333333333,2,297
10059,45,1.21895325,293,9707,N,75,2,297
10307,46,1.21895325,293,10059,N,76.6666666666667,2,297
10279,47,1.31047875,315,10307,N,78.3333333333333,2,297
10892,48,1.364562,328,10279,N,80,2,297
12026,49,1.27719675,307,10892,N,81.6666666666667,2,297
11164,50,1.61001675,387,12026,N,83.3333333333333,2,297
11812,51,1.51017075,363,11164,N,85,2,297
11107,52,1.797228,432,11812,N,86.6666666666667,2,297
11745,53,1.91787525,461,11107,N,88.3333333333333,2,297
11439,54,0.94437675,227,11745,Y,90,3,297
10851,55,1.01094075,243,11439,N,91.6666666666667,3,297
12873,56,1.01094075,243,10851,N,93.3333333333333,3,297
12715,57,1.16903025,281,12873,N,95,3,297
12744,58,0.90277425,217,12715,N,96.6666666666667,3,297
12468,59,1.18567125,285,12744,N,98.3333333333333,3,297
13272,61,1.01094075,243,12468,N,101.666666666667,3,297
13665,62,1.51017075,363,13272,N,103.333333333333,3,297
13730,63,1.6724205,402,13665,N,105,3,297
15358,64,0.81124875,195,13730,Y,106.666666666667,4,297
15038,65,0.83205,200,15358,N,108.333333333333,4,297
2996,0,0.81124875,195,NA,N,0,0,298
3030,1,0.96101775,231,2996,N,1.66666666666667,0,298
3146,2,0.9069345,218,3030,N,3.33333333333333,0,298
3218,3,1.0234215,246,3146,N,5,0,298
3085,4,0.98597925,237,3218,N,6.66666666666667,0,298
3261,5,1.065024,256,3085,N,8.33333333333333,0,298
3118,6,1.16070975,279,3261,N,10,0,298
2859,7,1.13574825,273,3118,N,11.6666666666667,0,298
4554,8,1.148229,276,2859,N,13.3333333333333,0,298
4480,9,1.148229,276,4554,N,15,0,298
4346,10,1.148229,276,4480,N,16.6666666666667,0,298
4196,11,1.1399085,274,4346,N,18.3333333333333,0,298
4539,12,1.1898315,286,4196,N,20,0,298
4304,13,1.2064725,290,4539,N,21.6666666666667,0,298
4301,14,1.33128,320,4304,N,23.3333333333333,0,298
4212,15,1.3063185,314,4301,N,25,0,298
5314,16,1.414485,340,4212,N,26.6666666666667,0,298
5674,17,1.397844,336,5314,N,28.3333333333333,0,298
5377,18,1.42696575,343,5674,N,30,0,298
5363,19,1.36872225,329,5377,N,31.6666666666667,0,298
5935,20,1.3562415,326,5363,N,33.3333333333333,0,298
5897,21,1.364562,328,5935,N,35,0,298
5362,22,1.51017075,363,5897,N,36.6666666666667,0,298
5621,23,1.7889075,430,5362,N,38.3333333333333,0,298
7270,24,1.81802925,437,5621,N,40,0,298
6358,25,1.946997,468,7270,N,41.6666666666667,0,298
7314,26,2.2049325,530,6358,N,43.3333333333333,0,298
7039,27,2.213253,532,7314,N,45,0,298
6019,29,2.3547015,566,7039,N,48.3333333333333,0,298
7140,30,1.03590225,249,6019,Y,50,1,298
6457,31,1.015101,244,7140,N,51.6666666666667,1,298
7754,32,1.19399175,287,6457,N,53.3333333333333,1,298
8508,33,1.26887625,305,7754,N,55,1,298
8017,34,1.314639,316,8508,N,56.6666666666667,1,298
7772,35,1.397844,336,8017,N,58.3333333333333,1,298
8554,36,1.447767,348,7772,N,60,1,298
8283,37,1.347921,324,8554,N,61.6666666666667,1,298
7837,38,1.55177325,373,8283,N,63.3333333333333,1,298
8743,39,1.85131125,445,7837,N,65,1,298
9113,40,1.73482425,417,8743,N,66.6666666666667,1,298
8938,41,1.98443925,477,9113,N,68.3333333333333,1,298
9518,42,1.930356,464,8938,N,70,1,298
9321,43,0.82788975,199,9518,Y,71.6666666666667,2,298
9708,44,0.88613325,213,9321,N,73.3333333333333,2,298
10060,45,1.02758175,247,9708,N,75,2,298
10309,46,0.91941525,221,10060,N,76.6666666666667,2,298
10281,47,0.9901395,238,10309,N,78.3333333333333,2,298
10896,48,1.11910725,269,10281,N,80,2,298
12027,49,1.46024775,351,10896,N,81.6666666666667,2,298
11165,50,1.47688875,355,12027,N,83.3333333333333,2,298
11813,51,1.281357,308,11165,N,85,2,298
11109,52,1.37704275,331,11813,N,86.6666666666667,2,298
11748,53,1.6224975,390,11109,N,88.3333333333333,2,298
11481,54,1.797228,432,11748,N,90,2,298
10899,55,1.880433,452,11481,N,91.6666666666667,2,298
12898,56,1.90955475,459,10899,N,93.3333333333333,2,298
12752,57,2.07596475,499,12898,N,95,2,298
12846,58,1.2896775,310,12752,Y,96.6666666666667,3,298
12505,59,1.06918425,257,12846,N,98.3333333333333,3,298
13297,61,1.3229595,318,12505,N,101.666666666667,3,298
13679,62,1.40200425,337,13297,N,103.333333333333,3,298
13743,63,1.41032475,339,13679,N,105,3,298
14930,64,1.66826025,401,13743,N,106.666666666667,3,298
14319,65,1.56841425,377,14930,N,108.333333333333,3,298
14547,66,1.85131125,445,14319,N,110,3,298
14312,67,1.85963175,447,14547,N,111.666666666667,3,298
14083,68,1.98443925,477,14312,N,113.333333333333,3,298
14186,69,2.146689,516,14083,N,115,3,298
15361,70,1.01094075,243,14186,Y,116.666666666667,4,298
2543,0,1.15238925,277,NA,N,0,0,299
2647,1,1.2064725,290,2543,N,1.66666666666667,0,299
2539,2,1.16903025,281,2647,N,3.33333333333333,0,299
2880,3,1.314639,316,2539,N,5,0,299
2537,4,1.297998,312,2880,N,6.66666666666667,0,299
2955,5,1.4727285,354,2537,N,8.33333333333333,0,299
2624,6,1.3895235,334,2955,N,10,0,299
2566,7,1.347921,324,2624,N,11.6666666666667,0,299
3613,8,1.48520925,357,2566,N,13.3333333333333,0,299
4112,9,1.4560875,350,3613,N,15,0,299
4045,10,1.61833725,389,4112,N,16.6666666666667,0,299
3884,11,1.75978575,423,4045,N,18.3333333333333,0,299
4422,12,1.60169625,385,3884,N,20,0,299
3663,13,1.5892155,382,4422,N,21.6666666666667,0,299
3974,14,1.54345275,371,3663,N,23.3333333333333,0,299
3916,15,1.75146525,421,3974,N,25,0,299
4993,16,1.6224975,390,3916,N,26.6666666666667,0,299
5287,17,1.447767,348,4993,N,28.3333333333333,0,299
5030,18,1.4893695,358,5287,N,30,0,299
4986,19,1.6224975,390,5030,N,31.6666666666667,0,299
5804,20,1.7889075,430,4986,N,33.3333333333333,0,299
5753,21,1.82634975,439,5804,N,35,0,299
5013,22,2.1882915,526,5753,N,36.6666666666667,0,299
5500,23,2.6043165,626,5013,N,38.3333333333333,0,299
7197,24,2.629278,632,5500,N,40,0,299
6173,25,1.46024775,351,7197,Y,41.6666666666667,1,299
7092,26,1.33544025,321,6173,N,43.3333333333333,1,299
6828,27,1.36872225,329,7092,N,45,1,299
6787,28,1.40200425,337,6828,N,46.6666666666667,1,299
6210,29,1.530972,368,6787,N,48.3333333333333,1,299
6968,30,1.60169625,385,6210,N,50,1,299
6289,31,1.4727285,354,6968,N,51.6666666666667,1,299
7550,32,1.65993975,399,6289,N,53.3333333333333,1,299
8391,33,1.597536,384,7550,N,55,1,299
7954,34,1.84299075,443,8391,N,56.6666666666667,1,299
7607,35,1.80138825,433,7954,N,58.3333333333333,1,299
8432,36,1.99275975,479,7607,N,60,1,299
8127,37,2.030202,488,8432,N,61.6666666666667,1,299
7532,38,2.4046245,578,8127,N,63.3333333333333,1,299
8665,39,2.4711885,594,7532,N,65,1,299
9042,40,1.15238925,277,8665,Y,66.6666666666667,2,299
8857,41,1.32711975,319,9042,N,68.3333333333333,2,299
9438,42,1.2231135,294,8857,N,70,2,299
9235,43,1.70986275,411,9438,N,71.6666666666667,2,299
9634,44,1.397844,336,9235,N,73.3333333333333,2,299
9843,45,1.4228055,342,9634,N,75,2,299
10160,46,1.70154225,409,9843,N,76.6666666666667,2,299
10129,47,1.763946,424,10160,N,78.3333333333333,2,299
10881,48,2.27565675,547,10129,N,80,2,299
11161,50,2.40878475,579,10881,N,83.3333333333333,2,299
11808,51,1.06918425,257,11161,Y,85,3,299
11102,52,1.297998,312,11808,N,86.6666666666667,3,299
11735,53,1.1399085,274,11102,N,88.3333333333333,3,299
11458,54,1.314639,316,11735,N,90,3,299
10871,55,1.397844,336,11458,N,91.6666666666667,3,299
12886,56,1.32711975,319,10871,N,93.3333333333333,3,299
12734,57,1.31879925,317,12886,N,95,3,299
12829,58,1.5559335,374,12734,N,96.6666666666667,3,299
12482,59,1.70154225,409,12829,N,98.3333333333333,3,299
13210,60,1.75978575,423,12482,N,100,3,299
13281,61,1.93451625,465,13210,N,101.666666666667,3,299
13671,62,1.7889075,430,13281,N,103.333333333333,3,299
13736,63,2.12588775,511,13671,N,105,3,299
15366,64,2.35886175,567,13736,N,106.666666666667,3,299
15059,65,2.20077225,529,15366,N,108.333333333333,3,299
15182,66,1.00262025,241,15059,Y,110,4,299
15032,67,1.131588,272,15182,N,111.666666666667,4,299
2543,0,1.15238925,277,NA,N,0,0,300
2647,1,1.2064725,290,2543,N,1.66666666666667,0,300
2539,2,1.16903025,281,2647,N,3.33333333333333,0,300
2880,3,1.314639,316,2539,N,5,0,300
2537,4,1.297998,312,2880,N,6.66666666666667,0,300
2955,5,1.4727285,354,2537,N,8.33333333333333,0,300
2624,6,1.3895235,334,2955,N,10,0,300
2566,7,1.347921,324,2624,N,11.6666666666667,0,300
3613,8,1.48520925,357,2566,N,13.3333333333333,0,300
4112,9,1.4560875,350,3613,N,15,0,300
4045,10,1.61833725,389,4112,N,16.6666666666667,0,300
3884,11,1.75978575,423,4045,N,18.3333333333333,0,300
4422,12,1.60169625,385,3884,N,20,0,300
3663,13,1.5892155,382,4422,N,21.6666666666667,0,300
3974,14,1.54345275,371,3663,N,23.3333333333333,0,300
3916,15,1.75146525,421,3974,N,25,0,300
4993,16,1.6224975,390,3916,N,26.6666666666667,0,300
5287,17,1.447767,348,4993,N,28.3333333333333,0,300
5030,18,1.4893695,358,5287,N,30,0,300
4986,19,1.6224975,390,5030,N,31.6666666666667,0,300
5804,20,1.7889075,430,4986,N,33.3333333333333,0,300
5753,21,1.82634975,439,5804,N,35,0,300
5013,22,2.1882915,526,5753,N,36.6666666666667,0,300
5500,23,2.6043165,626,5013,N,38.3333333333333,0,300
7197,24,2.629278,632,5500,N,40,0,300
6173,25,1.46024775,351,7197,Y,41.6666666666667,1,300
7092,26,1.33544025,321,6173,N,43.3333333333333,1,300
6828,27,1.36872225,329,7092,N,45,1,300
6787,28,1.40200425,337,6828,N,46.6666666666667,1,300
6210,29,1.530972,368,6787,N,48.3333333333333,1,300
6968,30,1.60169625,385,6210,N,50,1,300
6289,31,1.4727285,354,6968,N,51.6666666666667,1,300
7550,32,1.65993975,399,6289,N,53.3333333333333,1,300
8391,33,1.597536,384,7550,N,55,1,300
7954,34,1.84299075,443,8391,N,56.6666666666667,1,300
7607,35,1.80138825,433,7954,N,58.3333333333333,1,300
8432,36,1.99275975,479,7607,N,60,1,300
8127,37,2.030202,488,8432,N,61.6666666666667,1,300
7532,38,2.4046245,578,8127,N,63.3333333333333,1,300
8665,39,2.4711885,594,7532,N,65,1,300
9042,40,1.15238925,277,8665,Y,66.6666666666667,2,300
8857,41,1.32711975,319,9042,N,68.3333333333333,2,300
9438,42,1.2231135,294,8857,N,70,2,300
9235,43,1.70986275,411,9438,N,71.6666666666667,2,300
9634,44,1.397844,336,9235,N,73.3333333333333,2,300
9843,45,1.4228055,342,9634,N,75,2,300
10160,46,1.70154225,409,9843,N,76.6666666666667,2,300
10129,47,1.763946,424,10160,N,78.3333333333333,2,300
10881,48,2.27565675,547,10129,N,80,2,300
11161,50,2.40878475,579,10881,N,83.3333333333333,2,300
11809,51,1.06086375,255,11161,Y,85,3,300
11104,52,1.04422275,251,11809,N,86.6666666666667,3,300
11737,53,1.098306,264,11104,N,88.3333333333333,3,300
11461,54,1.20231225,289,11737,N,90,3,300
10873,55,1.17735075,283,11461,N,91.6666666666667,3,300
12888,56,1.048383,252,10873,N,93.3333333333333,3,300
12737,57,1.16070975,279,12888,N,95,3,300
12831,58,1.26887625,305,12737,N,96.6666666666667,3,300
12485,59,1.60169625,385,12831,N,98.3333333333333,3,300
13283,61,1.31879925,317,12485,N,101.666666666667,3,300
13672,62,1.564254,376,13283,N,103.333333333333,3,300
15368,64,1.60169625,385,13672,N,106.666666666667,3,300
15066,65,1.6890615,406,15368,N,108.333333333333,3,300
15189,66,1.780587,428,15066,N,110,3,300
15044,67,1.5559335,374,15189,N,111.666666666667,3,300
14898,68,0.7904475,190,15044,Y,113.333333333333,4,300
2580,0,1.88459325,453,NA,N,0,0,301
2698,1,1.7389845,418,2580,N,1.66666666666667,0,301
2716,2,1.9220355,462,2698,N,3.33333333333333,0,301
2897,3,0.915255,220,2716,Y,5,1,301
2573,4,0.881973,212,2897,N,6.66666666666667,1,301
3005,5,0.9734985,234,2573,N,8.33333333333333,1,301
2661,6,1.048383,252,3005,N,10,1,301
2599,7,1.131588,272,2661,N,11.6666666666667,1,301
3627,8,1.1731905,282,2599,N,13.3333333333333,1,301
4142,9,1.19399175,287,3627,N,15,1,301
4074,10,1.16070975,279,4142,N,16.6666666666667,1,301
3911,11,1.131588,272,4074,N,18.3333333333333,1,301
4433,12,1.1898315,286,3911,N,20,1,301
3670,13,1.22727375,295,4433,N,21.6666666666667,1,301
4008,14,1.27719675,307,3670,N,23.3333333333333,1,301
3943,15,1.26055575,303,4008,N,25,1,301
5019,16,1.3562415,326,3943,N,26.6666666666667,1,301
5317,17,1.36872225,329,5019,N,28.3333333333333,1,301
5067,18,1.3562415,326,5317,N,30,1,301
5020,19,1.3895235,334,5067,N,31.6666666666667,1,301
5817,20,1.381203,332,5020,N,33.3333333333333,1,301
5765,21,1.46024775,351,5817,N,35,1,301
5054,22,1.414485,340,5765,N,36.6666666666667,1,301
5520,23,1.297998,312,5054,N,38.3333333333333,1,301
7214,24,1.5060105,362,5520,N,40,1,301
6203,25,1.53513225,369,7214,N,41.6666666666667,1,301
7104,26,1.547613,372,6203,N,43.3333333333333,1,301
6845,27,1.5060105,362,7104,N,45,1,301
6806,28,1.51017075,363,6845,N,46.6666666666667,1,301
6225,29,1.56009375,375,6806,N,48.3333333333333,1,301
6981,30,1.580895,380,6225,N,50,1,301
6307,31,1.630818,392,6981,N,51.6666666666667,1,301
7610,32,1.6391385,394,6307,N,53.3333333333333,1,301
8402,33,1.66826025,401,7610,N,55,1,301
7961,34,1.81802925,437,8402,N,56.6666666666667,1,301
7623,35,1.75978575,423,7961,N,58.3333333333333,1,301
8445,36,1.72650375,415,7623,N,60,1,301
8143,37,1.863792,448,8445,N,61.6666666666667,1,301
7660,38,1.85131125,445,8143,N,63.3333333333333,1,301
8675,39,2.01772125,485,7660,N,65,1,301
9049,40,2.12588775,511,8675,N,66.6666666666667,1,301
8867,41,2.26733625,545,9049,N,68.3333333333333,1,301
9447,42,2.74992525,661,8867,N,70,1,301
9247,43,2.5377525,610,9447,N,71.6666666666667,1,301
9644,44,2.5211115,606,9247,N,73.3333333333333,1,301
9856,45,1.07750475,259,9644,Y,75,2,301
10182,46,1.03590225,249,9856,N,76.6666666666667,2,301
10152,47,1.38536325,333,10182,N,78.3333333333333,2,301
10525,48,1.49352975,359,10152,N,80,2,301
10953,50,1.77642675,427,10525,N,83.3333333333333,2,301
11670,51,1.747305,420,10953,N,85,2,301
11020,52,1.88459325,453,11670,N,86.6666666666667,2,301
11569,53,1.8887535,454,11020,N,88.3333333333333,2,301
10682,55,1.19399175,287,11569,Y,91.6666666666667,3,301
12857,56,1.13574825,273,10682,N,93.3333333333333,3,301
12689,57,1.431126,344,12857,N,95,3,301
2580,0,1.88459325,453,NA,N,0,0,302
2698,1,1.7389845,418,2580,N,1.66666666666667,0,302
2716,2,1.9220355,462,2698,N,3.33333333333333,0,302
2897,3,0.915255,220,2716,Y,5,1,302
2573,4,0.881973,212,2897,N,6.66666666666667,1,302
3005,5,0.9734985,234,2573,N,8.33333333333333,1,302
2661,6,1.048383,252,3005,N,10,1,302
2599,7,1.131588,272,2661,N,11.6666666666667,1,302
3627,8,1.1731905,282,2599,N,13.3333333333333,1,302
4142,9,1.19399175,287,3627,N,15,1,302
4074,10,1.16070975,279,4142,N,16.6666666666667,1,302
3911,11,1.131588,272,4074,N,18.3333333333333,1,302
4433,12,1.1898315,286,3911,N,20,1,302
3670,13,1.22727375,295,4433,N,21.6666666666667,1,302
4008,14,1.27719675,307,3670,N,23.3333333333333,1,302
3943,15,1.26055575,303,4008,N,25,1,302
5019,16,1.3562415,326,3943,N,26.6666666666667,1,302
5317,17,1.36872225,329,5019,N,28.3333333333333,1,302
5067,18,1.3562415,326,5317,N,30,1,302
5020,19,1.3895235,334,5067,N,31.6666666666667,1,302
5817,20,1.381203,332,5020,N,33.3333333333333,1,302
5765,21,1.46024775,351,5817,N,35,1,302
5054,22,1.414485,340,5765,N,36.6666666666667,1,302
5520,23,1.297998,312,5054,N,38.3333333333333,1,302
7214,24,1.5060105,362,5520,N,40,1,302
6203,25,1.53513225,369,7214,N,41.6666666666667,1,302
7104,26,1.547613,372,6203,N,43.3333333333333,1,302
6845,27,1.5060105,362,7104,N,45,1,302
6806,28,1.51017075,363,6845,N,46.6666666666667,1,302
6225,29,1.56009375,375,6806,N,48.3333333333333,1,302
6981,30,1.580895,380,6225,N,50,1,302
6307,31,1.630818,392,6981,N,51.6666666666667,1,302
7610,32,1.6391385,394,6307,N,53.3333333333333,1,302
8402,33,1.66826025,401,7610,N,55,1,302
7961,34,1.81802925,437,8402,N,56.6666666666667,1,302
7623,35,1.75978575,423,7961,N,58.3333333333333,1,302
8445,36,1.72650375,415,7623,N,60,1,302
8143,37,1.863792,448,8445,N,61.6666666666667,1,302
7660,38,1.85131125,445,8143,N,63.3333333333333,1,302
8675,39,2.01772125,485,7660,N,65,1,302
9049,40,2.12588775,511,8675,N,66.6666666666667,1,302
8867,41,2.26733625,545,9049,N,68.3333333333333,1,302
9447,42,2.74992525,661,8867,N,70,1,302
9247,43,2.5377525,610,9447,N,71.6666666666667,1,302
9644,44,2.5211115,606,9247,N,73.3333333333333,1,302
9855,45,1.13574825,273,9644,Y,75,2,302
10181,46,1.3396005,322,9855,N,76.6666666666667,2,302
10150,47,1.5392925,370,10181,N,78.3333333333333,2,302
10524,48,1.61833725,389,10150,N,80,2,302
11954,49,1.6391385,394,10524,N,81.6666666666667,2,302
10950,50,1.797228,432,11954,N,83.3333333333333,2,302
11668,51,1.80138825,433,10950,N,85,2,302
11019,52,2.0218815,486,11668,N,86.6666666666667,2,302
11567,53,2.04268275,491,11019,N,88.3333333333333,2,302
11340,54,2.379663,572,11567,N,90,2,302
10675,55,2.19245175,527,11340,N,91.6666666666667,2,302
12764,56,1.35208125,325,10675,Y,93.3333333333333,3,302
12522,57,1.26887625,305,12764,N,95,3,302
12554,58,1.397844,336,12522,N,96.6666666666667,3,302
12388,59,1.58505525,381,12554,N,98.3333333333333,3,302
13090,60,1.481049,356,12388,N,100,3,302
13160,61,1.6641,400,13090,N,101.666666666667,3,302
13595,62,1.86795225,449,13160,N,103.333333333333,3,302
13552,63,2.07596475,499,13595,N,105,3,302
15283,64,2.0718045,498,13552,N,106.666666666667,3,302
14829,65,1.01926125,245,15283,Y,108.333333333333,4,302
15022,66,0.8570115,206,14829,N,110,4,302
14802,67,0.948537,228,15022,N,111.666666666667,4,302
2593,0,1.00262025,241,NA,N,0,0,303
2718,1,0.91109475,219,2593,N,1.66666666666667,0,303
2745,2,0.91109475,219,2718,N,3.33333333333333,0,303
2913,3,1.02758175,247,2745,N,5,0,303
2596,4,0.97765875,235,2913,N,6.66666666666667,0,303
3031,5,1.01094075,243,2596,N,8.33333333333333,0,303
2674,6,1.0067805,242,3031,N,10,0,303
2610,7,1.06918425,257,2674,N,11.6666666666667,0,303
3634,8,1.131588,272,2610,N,13.3333333333333,0,303
4163,9,1.13574825,273,3634,N,15,0,303
4093,10,1.18567125,285,4163,N,16.6666666666667,0,303
3922,11,1.214793,292,4093,N,18.3333333333333,0,303
4439,12,1.19399175,287,3922,N,20,0,303
3673,13,1.231434,296,4439,N,21.6666666666667,0,303
4018,14,1.181511,284,3673,N,23.3333333333333,0,303
3951,15,1.24391475,299,4018,N,25,0,303
5033,16,1.36872225,329,3951,N,26.6666666666667,0,303
5333,17,1.31047875,315,5033,N,28.3333333333333,0,303
5082,18,1.41864525,341,5333,N,30,0,303
5032,19,1.38536325,333,5082,N,31.6666666666667,0,303
5822,20,1.431126,344,5032,N,33.3333333333333,0,303
5772,21,1.481049,356,5822,N,35,0,303
5068,22,1.5725745,378,5772,N,36.6666666666667,0,303
5526,23,1.514331,364,5068,N,38.3333333333333,0,303
7218,24,1.65993975,399,5526,N,40,0,303
6214,25,1.6557795,398,7218,N,41.6666666666667,0,303
7111,26,1.84299075,443,6214,N,43.3333333333333,0,303
6858,27,1.78474725,429,7111,N,45,0,303
6822,28,1.85963175,447,6858,N,46.6666666666667,0,303
6243,29,2.013561,484,6822,N,48.3333333333333,0,303
7008,30,2.246535,540,6243,N,50,0,303
6330,31,2.45870775,591,7008,N,51.6666666666667,0,303
7622,32,2.46702825,593,6330,N,53.3333333333333,0,303
8414,33,1.46024775,351,7622,Y,55,1,303
7970,34,1.61833725,389,8414,N,56.6666666666667,1,303
7639,35,1.580895,380,7970,N,58.3333333333333,1,303
8459,36,1.65993975,399,7639,N,60,1,303
8150,37,1.77642675,427,8459,N,61.6666666666667,1,303
7677,38,1.82634975,439,8150,N,63.3333333333333,1,303
8681,39,1.80970875,435,7677,N,65,1,303
9055,40,1.81802925,437,8681,N,66.6666666666667,1,303
8874,41,1.8554715,446,9055,N,68.3333333333333,1,303
9455,42,1.91787525,461,8874,N,70,1,303
9255,43,2.17581075,523,9455,N,71.6666666666667,1,303
9651,44,2.50863075,603,9255,N,73.3333333333333,1,303
9872,45,2.4545475,590,9651,N,75,1,303
10200,46,2.57519475,619,9872,N,76.6666666666667,1,303
10170,47,1.36040175,327,10200,Y,78.3333333333333,2,303
10535,48,1.37704275,331,10170,N,80,2,303
11965,49,1.47688875,355,10535,N,81.6666666666667,2,303
10985,50,1.61833725,389,11965,N,83.3333333333333,2,303
11697,51,1.614177,388,10985,N,85,2,303
11032,52,1.763946,424,11697,N,86.6666666666667,2,303
11633,53,1.8554715,446,11032,N,88.3333333333333,2,303
11349,54,2.13420825,513,11633,N,90,2,303
10688,55,1.95115725,469,11349,N,91.6666666666667,2,303
12779,56,2.18413125,525,10688,N,93.3333333333333,2,303
12555,57,2.24237475,539,12779,N,95,2,303
12588,58,2.16749025,521,12555,N,96.6666666666667,2,303
12402,59,2.24237475,539,12588,N,98.3333333333333,2,303
12941,61,2.47534875,595,12402,N,101.666666666667,2,303
13310,62,1.2064725,290,12941,Y,103.333333333333,3,303
13292,63,1.21063275,291,13310,N,105,3,303
15034,64,1.2231135,294,13292,N,106.666666666667,3,303
14391,65,1.3229595,318,15034,N,108.333333333333,3,303
14636,66,1.51849125,365,14391,N,110,3,303
14395,67,1.57673475,379,14636,N,111.666666666667,3,303
14170,68,1.7389845,418,14395,N,113.333333333333,3,303
14287,69,1.763946,424,14170,N,115,3,303
15397,70,1.763946,424,14287,N,116.666666666667,3,303
2597,0,1.564254,376,NA,N,0,0,304
2723,1,1.6641,400,2597,N,1.66666666666667,0,304
2752,2,1.70986275,411,2723,N,3.33333333333333,0,304
2916,3,1.80138825,433,2752,N,5,0,304
2603,4,1.90123425,457,2916,N,6.66666666666667,0,304
3046,5,1.90955475,459,2603,N,8.33333333333333,0,304
2679,6,1.9220355,462,3046,N,10,0,304
2615,7,1.9885995,478,2679,N,11.6666666666667,0,304
3636,8,1.98443925,477,2615,N,13.3333333333333,0,304
4169,9,2.179971,524,3636,N,15,0,304
4098,10,2.1050865,506,4169,N,16.6666666666667,0,304
3928,11,2.08428525,501,4098,N,18.3333333333333,0,304
4441,12,2.20077225,529,3928,N,20,0,304
3674,13,2.20909275,531,4441,N,21.6666666666667,0,304
4023,14,2.25069525,541,3674,N,23.3333333333333,0,304
3955,15,2.33390025,561,4023,N,25,0,304
5040,16,2.30893875,555,3955,N,26.6666666666667,0,304
5338,17,1.14406875,275,5040,Y,28.3333333333333,1,304
5086,18,1.21895325,293,5338,N,30,1,304
5038,19,1.2563955,302,5086,N,31.6666666666667,1,304
5824,20,1.30215825,313,5038,N,33.3333333333333,1,304
5774,21,1.35208125,325,5824,N,35,1,304
5073,22,1.3396005,322,5774,N,36.6666666666667,1,304
5528,23,1.447767,348,5073,N,38.3333333333333,1,304
7219,24,1.4727285,354,5528,N,40,1,304
6217,25,1.55177325,373,7219,N,41.6666666666667,1,304
7112,26,1.6224975,390,6217,N,43.3333333333333,1,304
6860,27,1.80970875,435,7112,N,45,1,304
6825,28,1.98443925,477,6860,N,46.6666666666667,1,304
6246,29,2.113407,508,6825,N,48.3333333333333,1,304
7011,30,2.18413125,525,6246,N,50,1,304
6333,31,2.080125,500,7011,N,51.6666666666667,1,304
7624,32,1.12742775,271,6333,Y,53.3333333333333,2,304
8416,33,1.1565495,278,7624,N,55,2,304
7972,34,1.198152,288,8416,N,56.6666666666667,2,304
7644,35,1.464408,352,7972,N,58.3333333333333,2,304
8463,36,1.4893695,358,7644,N,60,2,304
8152,37,1.42696575,343,8463,N,61.6666666666667,2,304
7683,38,1.49352975,359,8152,N,63.3333333333333,2,304
8683,39,1.66826025,401,7683,N,65,2,304
9057,40,1.580895,380,8683,N,66.6666666666667,2,304
8876,41,1.68490125,405,9057,N,68.3333333333333,2,304
9457,42,1.647459,396,8876,N,70,2,304
9257,43,1.82634975,439,9457,N,71.6666666666667,2,304
9653,44,1.85963175,447,9257,N,73.3333333333333,2,304
9879,45,2.10092625,505,9653,N,75,2,304
10202,46,2.33390025,561,9879,N,76.6666666666667,2,304
10175,47,2.4046245,578,10202,N,78.3333333333333,2,304
10537,48,2.23405425,537,10175,N,80,2,304
11966,49,1.13574825,273,10537,Y,81.6666666666667,3,304
10988,50,1.17735075,283,11966,N,83.3333333333333,3,304
11699,51,1.26055575,303,10988,N,85,3,304
11034,52,1.30215825,313,11699,N,86.6666666666667,3,304
11638,53,1.38536325,333,11034,N,88.3333333333333,3,304
11351,54,1.53513225,369,11638,N,90,3,304
10689,55,1.5060105,362,11351,N,91.6666666666667,3,304
12781,56,1.48520925,357,10689,N,93.3333333333333,3,304
12560,57,1.64329875,395,12781,N,95,3,304
12592,58,1.5392925,370,12560,N,96.6666666666667,3,304
12404,59,1.9053945,458,12592,N,98.3333333333333,3,304
13107,60,1.763946,424,12404,N,100,3,304
13179,61,1.9553175,470,13107,N,101.666666666667,3,304
13608,62,2.40878475,579,13179,N,103.333333333333,3,304
13570,63,2.64175875,635,13608,N,105,3,304
15298,64,2.7208035,654,13570,N,106.666666666667,3,304
14849,65,1.2563955,302,15298,Y,108.333333333333,4,304
15049,66,1.32711975,319,14849,N,110,4,304
14822,67,1.50185025,361,15049,N,111.666666666667,4,304
14686,68,1.630818,392,14822,N,113.333333333333,4,304
14757,69,1.72650375,415,14686,N,115,4,304
15485,70,1.730664,416,14757,N,116.666666666667,4,304
2604,0,0.6739605,162,NA,N,0,0,305
2734,1,0.71972325,173,2604,N,1.66666666666667,0,305
2764,2,0.70308225,169,2734,N,3.33333333333333,0,305
2921,3,0.881973,212,2764,N,5,0,305
2611,4,0.94437675,227,2921,N,6.66666666666667,0,305
3065,5,0.91941525,221,2611,N,8.33333333333333,0,305
2689,6,0.9402165,226,3065,N,10,0,305
2622,7,0.965178,232,2689,N,11.6666666666667,0,305
4370,8,1.00262025,241,2622,N,13.3333333333333,0,305
4179,9,0.98597925,237,4370,N,15,0,305
4109,10,0.9568575,230,4179,N,16.6666666666667,0,305
3937,11,0.9901395,238,4109,N,18.3333333333333,0,305
4444,12,0.9734985,234,3937,N,20,0,305
3676,13,0.98597925,237,4444,N,21.6666666666667,0,305
4033,14,1.05254325,253,3676,N,23.3333333333333,0,305
3963,15,1.09414575,263,4033,N,25,0,305
5050,16,1.114947,268,3963,N,26.6666666666667,0,305
5352,17,1.14406875,275,5050,N,28.3333333333333,0,305
5100,18,1.1399085,274,5352,N,30,0,305
5053,19,1.14406875,275,5100,N,31.6666666666667,0,305
5829,20,1.15238925,277,5053,N,33.3333333333333,0,305
5780,21,1.20231225,289,5829,N,35,0,305
5087,22,1.2231135,294,5780,N,36.6666666666667,0,305
5535,23,1.297998,312,5087,N,38.3333333333333,0,305
7222,24,1.32711975,319,5535,N,40,0,305
6226,25,1.414485,340,7222,N,41.6666666666667,0,305
7118,26,1.3396005,322,6226,N,43.3333333333333,0,305
6869,27,1.26887625,305,7118,N,45,0,305
6835,28,1.3229595,318,6869,N,46.6666666666667,0,305
6255,29,1.42696575,343,6835,N,48.3333333333333,0,305
7020,30,1.51017075,363,6255,N,50,0,305
6343,31,1.59337575,383,7020,N,51.6666666666667,0,305
7633,32,1.514331,364,6343,N,53.3333333333333,0,305
8423,33,1.747305,420,7633,N,55,0,305
7976,34,1.797228,432,8423,N,56.6666666666667,0,305
7651,35,1.980279,476,7976,N,58.3333333333333,0,305
8467,36,2.0718045,498,7651,N,60,0,305
8155,37,1.90123425,457,8467,N,61.6666666666667,0,305
7690,38,2.146689,516,8155,N,63.3333333333333,0,305
8685,39,2.34222075,563,7690,N,65,0,305
9059,40,2.41710525,581,8685,N,66.6666666666667,0,305
8878,41,1.3229595,318,9059,Y,68.3333333333333,1,305
9460,42,1.3396005,322,8878,N,70,1,305
9261,43,1.3895235,334,9460,N,71.6666666666667,1,305
9655,44,1.48520925,357,9261,N,73.3333333333333,1,305
9885,45,1.614177,388,9655,N,75,1,305
10206,46,1.7223435,414,9885,N,76.6666666666667,1,305
10180,47,1.880433,452,10206,N,78.3333333333333,1,305
10539,48,1.99275975,479,10180,N,80,1,305
11970,49,2.15916975,519,10539,N,81.6666666666667,1,305
10993,50,2.096766,504,11970,N,83.3333333333333,1,305
11704,51,2.296458,552,10993,N,85,1,305
11038,52,2.130048,512,11704,N,86.6666666666667,1,305
11643,53,1.2231135,294,11038,Y,88.3333333333333,2,305
11354,54,1.3229595,318,11643,N,90,2,305
10692,55,1.3396005,322,11354,N,91.6666666666667,2,305
12790,56,1.3562415,326,10692,N,93.3333333333333,2,305
12567,57,1.53513225,369,12790,N,95,2,305
12600,58,1.62665775,391,12567,N,96.6666666666667,2,305
12406,59,1.59337575,383,12600,N,98.3333333333333,2,305
13111,60,1.414485,340,12406,N,100,2,305
13184,61,1.647459,396,13111,N,101.666666666667,2,305
13610,62,2.02604175,487,13184,N,103.333333333333,2,305
13573,63,2.4212655,582,13610,N,105,2,305
15299,64,2.66672025,641,13573,N,106.666666666667,2,305
14858,65,2.5044705,602,15299,N,108.333333333333,2,305
15055,66,1.0067805,242,14858,Y,110,3,305
14827,67,1.2064725,290,15055,N,111.666666666667,3,305
14691,68,1.27719675,307,14827,N,113.333333333333,3,305
2350,0,1.9553175,470,NA,N,0,0,306
2310,1,1.7389845,418,2350,N,1.66666666666667,0,306
2361,2,2.063484,496,2310,N,3.33333333333333,0,306
2425,3,2.09260575,503,2361,N,5,0,306
2364,4,0.92773575,223,2425,Y,6.66666666666667,1,306
2381,5,1.00262025,241,2364,N,8.33333333333333,1,306
2429,6,0.98597925,237,2381,N,10,1,306
2423,7,0.97765875,235,2429,N,11.6666666666667,1,306
3493,8,1.0067805,242,2423,N,13.3333333333333,1,306
3950,9,1.01926125,245,3493,N,15,1,306
3648,10,1.1232675,270,3950,N,16.6666666666667,1,306
3729,11,1.098306,264,3648,N,18.3333333333333,1,306
3502,12,1.0733445,258,3729,N,20,1,306
3589,13,1.14406875,275,3502,N,21.6666666666667,1,306
3800,14,1.21063275,291,3589,N,23.3333333333333,1,306
3753,15,1.2397545,298,3800,N,25,1,306
4836,16,1.36040175,327,3753,N,26.6666666666667,1,306
5109,17,1.31047875,315,4836,N,28.3333333333333,1,306
4873,18,1.34376075,323,5109,N,30,1,306
4801,19,1.38536325,333,4873,N,31.6666666666667,1,306
5730,20,1.3728825,330,4801,N,33.3333333333333,1,306
5689,21,1.3396005,322,5730,N,35,1,306
4862,22,1.431126,344,5689,N,36.6666666666667,1,306
4840,23,1.52681175,367,4862,N,38.3333333333333,1,306
6964,24,1.59337575,383,4840,N,40,1,306
6079,25,1.5392925,370,6964,N,41.6666666666667,1,306
6982,26,1.6224975,390,6079,N,43.3333333333333,1,306
6736,27,1.80138825,433,6982,N,45,1,306
6696,28,1.980279,476,6736,N,46.6666666666667,1,306
6109,29,2.08428525,501,6696,N,48.3333333333333,1,306
6810,30,2.55023325,613,6109,N,50,1,306
6159,31,2.57519475,619,6810,N,51.6666666666667,1,306
7448,32,1.3229595,318,6159,Y,53.3333333333333,2,306
8284,33,1.21895325,293,7448,N,55,2,306
7918,34,1.16903025,281,8284,N,56.6666666666667,2,306
7571,35,1.248075,300,7918,N,58.3333333333333,2,306
8335,36,1.31047875,315,7571,N,60,2,306
8088,37,1.3229595,318,8335,N,61.6666666666667,2,306
7491,38,1.381203,332,8088,N,63.3333333333333,2,306
8634,39,1.36040175,327,7491,N,65,2,306
9012,40,1.414485,340,8634,N,66.6666666666667,2,306
8827,41,1.59337575,383,9012,N,68.3333333333333,2,306
9748,45,1.680741,404,8827,N,75,2,306
9902,46,1.68490125,405,9748,N,76.6666666666667,2,306
9877,47,1.74314475,419,9902,N,78.3333333333333,2,306
10420,48,1.797228,432,9877,N,80,2,306
11853,49,1.8721125,450,10420,N,81.6666666666667,2,306
10728,50,2.05100325,493,11853,N,83.3333333333333,2,306
11454,51,2.15084925,517,10728,N,85,2,306
10355,52,2.3380605,562,11454,N,86.6666666666667,2,306
11282,53,2.52527175,607,10355,N,88.3333333333333,2,306
11390,54,2.4046245,578,11282,N,90,2,306
10812,55,2.38382325,573,11390,N,91.6666666666667,2,306
12827,56,2.812329,676,10812,N,93.3333333333333,2,306
12647,57,1.264716,304,12827,Y,95,3,306
12668,58,1.381203,332,12647,N,96.6666666666667,3,306
12435,59,1.46024775,351,12668,N,98.3333333333333,3,306
13152,60,1.580895,380,12435,N,100,3,306
13231,61,1.56009375,375,13152,N,101.666666666667,3,306
13638,62,1.66826025,401,13231,N,103.333333333333,3,306
13702,63,2.20077225,529,13638,N,105,3,306
14797,64,2.0718045,498,13702,N,106.666666666667,3,306
14209,65,1.95947775,471,14797,N,108.333333333333,3,306
14407,66,2.23405425,537,14209,N,110,3,306
14176,67,2.23405425,537,14407,N,111.666666666667,3,306
13919,68,2.68336125,645,14176,N,113.333333333333,3,306
14021,69,1.1731905,282,13919,Y,115,4,306
15289,70,1.49352975,359,14021,N,116.666666666667,4,306
2355,0,0.91941525,221,NA,N,0,0,307
2313,1,0.965178,232,2355,N,1.66666666666667,0,307
2376,2,0.95269725,229,2313,N,3.33333333333333,0,307
2428,3,1.01926125,245,2376,N,5,0,307
2371,4,1.11078675,267,2428,N,6.66666666666667,0,307
2387,5,1.01926125,245,2371,N,8.33333333333333,0,307
2440,6,1.12742775,271,2387,N,10,0,307
2432,7,1.16903025,281,2440,N,11.6666666666667,0,307
3501,8,1.2064725,290,2432,N,13.3333333333333,0,307
3957,9,1.23559425,297,3501,N,15,0,307
3650,10,1.198152,288,3957,N,16.6666666666667,0,307
3740,11,1.23559425,297,3650,N,18.3333333333333,0,307
3510,12,1.3063185,314,3740,N,20,0,307
3595,13,1.297998,312,3510,N,21.6666666666667,0,307
3810,14,1.31047875,315,3595,N,23.3333333333333,0,307
3763,15,1.43528625,345,3810,N,25,0,307
4846,16,1.35208125,325,3763,N,26.6666666666667,0,307
5118,17,1.40200425,337,4846,N,28.3333333333333,0,307
4882,18,1.414485,340,5118,N,30,0,307
4811,19,1.414485,340,4882,N,31.6666666666667,0,307
5735,20,1.381203,332,4811,N,33.3333333333333,0,307
5697,21,1.48520925,357,5735,N,35,0,307
4871,22,1.547613,372,5697,N,36.6666666666667,0,307
4854,23,1.6391385,394,4871,N,38.3333333333333,0,307
6969,24,1.75978575,423,4854,N,40,0,307
6085,25,1.8221895,438,6969,N,41.6666666666667,0,307
7000,26,1.98443925,477,6085,N,43.3333333333333,0,307
6742,27,2.15084925,517,7000,N,45,0,307
6701,28,2.35054125,565,6742,N,46.6666666666667,0,307
6116,29,2.65839975,639,6701,N,48.3333333333333,0,307
6819,30,2.65007925,637,6116,N,50,0,307
6169,31,2.73328425,657,6819,N,51.6666666666667,0,307
7450,32,1.148229,276,6169,Y,53.3333333333333,1,307
8293,33,1.248075,300,7450,N,55,1,307
7920,34,1.37704275,331,8293,N,56.6666666666667,1,307
7573,35,1.32711975,319,7920,N,58.3333333333333,1,307
8339,36,1.3728825,330,7573,N,60,1,307
8090,37,1.3562415,326,8339,N,61.6666666666667,1,307
7493,38,1.5226515,366,8090,N,63.3333333333333,1,307
8636,39,1.5559335,374,7493,N,65,1,307
9014,40,1.63497825,393,8636,N,66.6666666666667,1,307
8829,41,1.80138825,433,9014,N,68.3333333333333,1,307
9408,42,1.7556255,422,8829,N,70,1,307
9204,43,1.70154225,409,9408,N,71.6666666666667,1,307
9603,44,1.8055485,434,9204,N,73.3333333333333,1,307
9810,45,1.9885995,478,9603,N,75,1,307
10079,46,2.196612,528,9810,N,76.6666666666667,1,307
10061,47,2.35054125,565,10079,N,78.3333333333333,1,307
10488,48,2.00940075,483,10061,N,80,1,307
11916,49,1.2397545,298,10488,Y,81.6666666666667,2,307
10791,50,1.231434,296,11916,N,83.3333333333333,2,307
11594,51,1.248075,300,10791,N,85,2,307
10911,52,1.38536325,333,11594,N,86.6666666666667,2,307
11459,53,1.43528625,345,10911,N,88.3333333333333,2,307
11265,54,1.4727285,354,11459,N,90,2,307
10637,55,1.431126,344,11265,N,91.6666666666667,2,307
12615,56,1.5060105,362,10637,N,93.3333333333333,2,307
12282,57,1.69322175,407,12615,N,95,2,307
12346,58,1.6890615,406,12282,N,96.6666666666667,2,307
12242,59,1.747305,420,12346,N,98.3333333333333,2,307
13083,61,1.67658075,403,12242,N,101.666666666667,2,307
13481,62,2.096766,504,13083,N,103.333333333333,2,307
15230,64,1.32711975,319,13481,Y,106.666666666667,3,307
14682,65,1.214793,292,15230,N,108.333333333333,3,307
14856,66,1.3562415,326,14682,N,110,3,307
14644,67,1.4560875,350,14856,N,111.666666666667,3,307
14476,68,1.4727285,354,14644,N,113.333333333333,3,307
14546,69,1.314639,316,14476,N,115,3,307
15449,70,1.36040175,327,14546,N,116.666666666667,3,307
2620,0,1.72650375,415,NA,N,0,0,308
2755,1,1.76810625,425,2620,N,1.66666666666667,0,308
2787,2,1.7556255,422,2755,N,3.33333333333333,0,308
2949,3,1.77642675,427,2787,N,5,0,308
2633,4,1.91787525,461,2949,N,6.66666666666667,0,308
3097,5,1.7556255,422,2633,N,8.33333333333333,0,308
2753,6,1.93451625,465,3097,N,10,0,308
2639,7,1.880433,452,2753,N,11.6666666666667,0,308
4399,8,1.95947775,471,2639,N,13.3333333333333,0,308
4198,9,2.16749025,521,4399,N,15,0,308
4140,10,2.2382145,538,4198,N,16.6666666666667,0,308
3954,11,2.645919,636,4140,N,18.3333333333333,0,308
4452,12,2.42542575,583,3954,N,20,0,308
3718,13,2.55855375,615,4452,N,21.6666666666667,0,308
4062,14,1.24391475,299,3718,Y,23.3333333333333,1,308
3986,15,1.3063185,314,4062,N,25,1,308
5078,16,1.37704275,331,3986,N,26.6666666666667,1,308
5376,17,1.48520925,357,5078,N,28.3333333333333,1,308
5124,18,1.514331,364,5376,N,30,1,308
5089,19,1.51849125,365,5124,N,31.6666666666667,1,308
5841,20,1.52681175,367,5089,N,33.3333333333333,1,308
5796,21,1.55177325,373,5841,N,35,1,308
5125,22,1.597536,384,5796,N,36.6666666666667,1,308
5560,23,1.580895,380,5125,N,38.3333333333333,1,308
7226,24,1.65161925,397,5560,N,40,1,308
6235,25,1.813869,436,7226,N,41.6666666666667,1,308
7124,26,1.95115725,469,6235,N,43.3333333333333,1,308
6878,27,1.8554715,446,7124,N,45,1,308
6844,28,2.1217275,510,6878,N,46.6666666666667,1,308
6266,29,2.13420825,513,6844,N,48.3333333333333,1,308
7034,30,2.44206675,587,6266,N,50,1,308
6354,31,2.313099,556,7034,N,51.6666666666667,1,308
7642,32,2.5710345,618,6354,N,53.3333333333333,1,308
8431,33,0.9069345,218,7642,Y,55,2,308
7980,34,1.198152,288,8431,N,56.6666666666667,2,308
7665,35,1.564254,376,7980,N,58.3333333333333,2,308
8476,36,1.630818,392,7665,N,60,2,308
8161,37,1.77642675,427,8476,N,61.6666666666667,2,308
7701,38,1.7057025,410,8161,N,63.3333333333333,2,308
8688,39,1.847151,444,7701,N,65,2,308
9062,40,1.84299075,443,8688,N,66.6666666666667,2,308
8881,41,1.98443925,477,9062,N,68.3333333333333,2,308
9463,42,2.0551635,494,8881,N,70,2,308
9264,43,2.08428525,501,9463,N,71.6666666666667,2,308
9658,44,2.130048,512,9264,N,73.3333333333333,2,308
9895,45,2.2548555,542,9658,N,75,2,308
10213,46,2.61679725,629,9895,N,76.6666666666667,2,308
10189,47,2.73328425,657,10213,N,78.3333333333333,2,308
10542,48,2.695842,648,10189,N,80,2,308
11976,49,2.74160475,659,10542,N,81.6666666666667,2,308
11005,50,2.61679725,629,11976,N,83.3333333333333,2,308
11722,51,1.231434,296,11005,Y,85,3,308
11048,52,1.397844,336,11722,N,86.6666666666667,3,308
11653,53,1.3895235,334,11048,N,88.3333333333333,3,308
11362,54,1.51017075,363,11653,N,90,3,308
10699,55,1.431126,344,11362,N,91.6666666666667,3,308
12804,56,1.50185025,361,10699,N,93.3333333333333,3,308
12590,57,1.76810625,425,12804,N,95,3,308
12623,58,1.697382,408,12590,N,96.6666666666667,3,308
12417,59,1.946997,468,12623,N,98.3333333333333,3,308
13200,61,1.7722665,426,12417,N,101.666666666667,3,308
13620,62,2.03436225,489,13200,N,103.333333333333,3,308
13581,63,2.063484,496,13620,N,105,3,308
14763,64,2.1550095,518,13581,N,106.666666666667,3,308
14167,65,2.2382145,538,14763,N,108.333333333333,3,308
14355,66,2.313099,556,14167,N,110,3,308
14132,67,2.54191275,611,14355,N,111.666666666667,3,308
13876,68,1.34376075,323,14132,Y,113.333333333333,4,308
13978,69,1.45192725,349,13876,N,115,4,308
2112,0,1.15238925,277,NA,N,0,0,309
2098,1,1.45192725,349,2112,N,1.66666666666667,0,309
2169,2,1.547613,372,2098,N,3.33333333333333,0,309
2174,3,1.52681175,367,2169,N,5,0,309
2135,4,1.4394465,346,2174,N,6.66666666666667,0,309
2105,5,1.6224975,390,2135,N,8.33333333333333,0,309
2166,6,1.5725745,378,2105,N,10,0,309
2136,7,1.564254,376,2166,N,11.6666666666667,0,309
3397,8,1.630818,392,2136,N,13.3333333333333,0,309
3806,9,1.87627275,451,3397,N,15,0,309
3299,10,1.980279,476,3806,N,16.6666666666667,0,309
3385,11,2.0052405,482,3299,N,18.3333333333333,0,309
3402,12,2.0718045,498,3385,N,20,0,309
3466,13,2.1383685,514,3402,N,21.6666666666667,0,309
3682,14,2.17581075,523,3466,N,23.3333333333333,0,309
3529,15,2.30893875,555,3682,N,25,0,309
4688,16,2.34222075,563,3529,N,26.6666666666667,0,309
4962,17,2.412945,580,4688,N,28.3333333333333,0,309
4716,18,1.14406875,275,4962,Y,30,1,309
4636,19,1.15238925,277,4716,N,31.6666666666667,1,309
5514,20,1.0899855,262,4636,N,33.3333333333333,1,309
5557,21,1.2896775,310,5514,N,35,1,309
4702,22,1.1399085,274,5557,N,36.6666666666667,1,309
4680,23,1.26055575,303,4702,N,38.3333333333333,1,309
6668,24,1.43528625,345,4680,N,40,1,309
5988,25,1.48520925,357,6668,N,41.6666666666667,1,309
6499,26,1.64329875,395,5988,N,43.3333333333333,1,309
6540,27,1.57673475,379,6499,N,45,1,309
6533,28,1.7722665,426,6540,N,46.6666666666667,1,309
6008,29,1.9386765,466,6533,N,48.3333333333333,1,309
6619,30,1.9386765,466,6008,N,50,1,309
6023,31,2.03436225,489,6619,N,51.6666666666667,1,309
7412,32,2.1716505,522,6023,N,53.3333333333333,1,309
8183,33,2.2215735,534,7412,N,55,1,309
7881,34,2.33390025,561,8183,N,56.6666666666667,1,309
7373,35,2.41710525,581,7881,N,58.3333333333333,1,309
8241,36,1.447767,348,7373,Y,60,2,309
8060,37,1.5060105,362,8241,N,61.6666666666667,2,309
7402,38,1.53513225,369,8060,N,63.3333333333333,2,309
8602,39,1.48520925,357,7402,N,65,2,309
8982,40,1.6724205,402,8602,N,66.6666666666667,2,309
8795,41,1.67658075,403,8982,N,68.3333333333333,2,309
9371,42,1.85963175,447,8795,N,70,2,309
9166,43,1.83051,440,9371,N,71.6666666666667,2,309
9567,44,1.547613,372,9166,N,73.3333333333333,2,309
9766,45,1.6224975,390,9567,N,75,2,309
9945,46,1.84299075,443,9766,N,76.6666666666667,2,309
9931,47,1.94283675,467,9945,N,78.3333333333333,2,309
10437,48,1.97611875,475,9931,N,80,2,309
11871,49,2.063484,496,10437,N,81.6666666666667,2,309
10747,50,2.1882915,526,11871,N,83.3333333333333,2,309
11499,51,2.25069525,541,10747,N,85,2,309
10372,52,2.10092625,505,11499,N,86.6666666666667,2,309
11307,53,2.2049325,530,10372,N,88.3333333333333,2,309
11213,54,2.05100325,493,11307,N,90,2,309
10587,55,2.080125,500,11213,N,91.6666666666667,2,309
12345,56,2.346381,564,10587,N,93.3333333333333,2,309
12187,57,2.3214195,558,12345,N,95,2,309
12269,58,2.612637,628,12187,N,96.6666666666667,2,309
12140,59,2.54191275,611,12269,N,98.3333333333333,2,309
12964,60,2.579355,620,12140,N,100,2,309
13000,61,2.83313025,681,12964,N,101.666666666667,2,309
13378,62,3.34068075,803,13000,N,103.333333333333,2,309
13361,63,3.261636,784,13378,N,105,2,309
15099,64,1.61001675,387,13361,Y,106.666666666667,3,309
14469,65,1.59337575,383,15099,N,108.333333333333,3,309
14710,66,1.93451625,465,14469,N,110,3,309
14466,67,1.75978575,423,14710,N,111.666666666667,3,309
14256,68,1.7389845,418,14466,N,113.333333333333,3,309
14356,69,1.46856825,353,14256,N,115,3,309
15413,70,1.49769,360,14356,N,116.666666666667,3,309
2627,0,1.214793,292,NA,N,0,0,310
2760,1,1.33128,320,2627,N,1.66666666666667,0,310
2799,2,1.4228055,342,2760,N,3.33333333333333,0,310
2958,3,1.547613,372,2799,N,5,0,310
2643,4,1.5559335,374,2958,N,6.66666666666667,0,310
3103,5,1.64329875,395,2643,N,8.33333333333333,0,310
2765,6,1.70986275,411,3103,N,10,0,310
2649,7,1.763946,424,2765,N,11.6666666666667,0,310
4402,8,1.7389845,418,2649,N,13.3333333333333,0,310
4205,9,1.763946,424,4402,N,15,0,310
4144,10,1.76810625,425,4205,N,16.6666666666667,0,310
3960,11,1.75146525,421,4144,N,18.3333333333333,0,310
4454,12,1.90955475,459,3960,N,20,0,310
3722,13,1.8055485,434,4454,N,21.6666666666667,0,310
4067,14,1.97611875,475,3722,N,23.3333333333333,0,310
3992,15,2.15916975,519,4067,N,25,0,310
5083,16,1.9719585,474,3992,N,26.6666666666667,0,310
5383,17,2.06764425,497,5083,N,28.3333333333333,0,310
5132,18,2.1383685,514,5383,N,30,0,310
5098,19,2.20077225,529,5132,N,31.6666666666667,0,310
5844,20,2.44206675,587,5098,N,33.3333333333333,0,310
5799,21,2.246535,540,5844,N,35,0,310
5128,22,1.24391475,299,5799,Y,36.6666666666667,1,310
5561,23,1.1731905,282,5128,N,38.3333333333333,1,310
7227,24,1.26887625,305,5561,N,40,1,310
6238,25,1.33544025,321,7227,N,41.6666666666667,1,310
7126,26,1.3396005,322,6238,N,43.3333333333333,1,310
6880,27,1.3063185,314,7126,N,45,1,310
6847,28,1.381203,332,6880,N,46.6666666666667,1,310
6269,29,1.564254,376,6847,N,48.3333333333333,1,310
7037,30,1.7057025,410,6269,N,50,1,310
6359,31,1.78474725,429,7037,N,51.6666666666667,1,310
7645,32,1.83467025,441,6359,N,53.3333333333333,1,310
8435,33,1.863792,448,7645,N,55,1,310
7982,34,1.91787525,461,8435,N,56.6666666666667,1,310
7668,35,2.50863075,603,7982,N,58.3333333333333,1,310
8478,36,2.1217275,510,7668,N,60,1,310
7706,38,2.54191275,611,8478,N,63.3333333333333,1,310
8689,39,1.04422275,251,7706,Y,65,2,310
9063,40,1.01094075,243,8689,N,66.6666666666667,2,310
8883,41,1.08582525,261,9063,N,68.3333333333333,2,310
9465,42,1.3063185,314,8883,N,70,2,310
9265,43,1.3229595,318,9465,N,71.6666666666667,2,310
9659,44,1.36040175,327,9265,N,73.3333333333333,2,310
9900,45,1.60169625,385,9659,N,75,2,310
10215,46,1.68490125,405,9900,N,76.6666666666667,2,310
10191,47,1.913715,460,10215,N,78.3333333333333,2,310
10543,48,2.0551635,494,10191,N,80,2,310
11977,49,2.12588775,511,10543,N,81.6666666666667,2,310
11025,50,2.1550095,518,11977,N,83.3333333333333,2,310
11726,51,2.16333,520,11025,N,85,2,310
11050,52,2.10924675,507,11726,N,86.6666666666667,2,310
11655,53,1.11078675,267,11050,Y,88.3333333333333,3,310
11363,54,1.1898315,286,11655,N,90,3,310
10700,55,1.2730365,306,11363,N,91.6666666666667,3,310
12806,56,1.414485,340,10700,N,93.3333333333333,3,310
12594,57,1.44360675,347,12806,N,95,3,310
12625,58,1.42696575,343,12594,N,96.6666666666667,3,310
12419,59,1.42696575,343,12625,N,98.3333333333333,3,310
13202,61,1.50185025,361,12419,N,101.666666666667,3,310
13621,62,1.67658075,403,13202,N,103.333333333333,3,310
13582,63,1.946997,468,13621,N,105,3,310
14769,64,1.980279,476,13582,N,106.666666666667,3,310
14173,65,1.963638,472,14769,N,108.333333333333,3,310
14366,66,2.130048,512,14173,N,110,3,310
14139,67,2.1217275,510,14366,N,111.666666666667,3,310
13879,68,0.9402165,226,14139,Y,113.333333333333,4,310
13981,69,1.22727375,295,13879,N,115,4,310
15267,70,1.1898315,286,13981,N,116.666666666667,4,310
2393,0,1.364562,328,NA,N,0,0,311
2335,1,1.431126,344,2393,N,1.66666666666667,0,311
2457,2,1.564254,376,2335,N,3.33333333333333,0,311
2447,3,1.6058565,386,2457,N,5,0,311
2407,4,1.63497825,393,2447,N,6.66666666666667,0,311
2424,5,1.79306775,431,2407,N,8.33333333333333,0,311
2489,6,1.7556255,422,2424,N,10,0,311
2448,7,1.813869,436,2489,N,11.6666666666667,0,311
3539,8,1.8388305,442,2448,N,13.3333333333333,0,311
4016,9,1.9053945,458,3539,N,15,0,311
3958,10,1.94283675,467,4016,N,16.6666666666667,0,311
3794,11,1.980279,476,3958,N,18.3333333333333,0,311
4382,12,2.1550095,518,3794,N,20,0,311
3615,13,2.18413125,525,4382,N,21.6666666666667,0,311
3866,14,2.24237475,539,3615,N,23.3333333333333,0,311
3808,15,2.28397725,549,3866,N,25,0,311
4892,16,2.28397725,549,3808,N,26.6666666666667,0,311
5173,17,2.21741325,533,4892,N,28.3333333333333,0,311
4927,18,1.16070975,279,5173,Y,30,1,311
4855,19,1.14406875,275,4927,N,31.6666666666667,1,311
5757,20,1.1399085,274,4855,N,33.3333333333333,1,311
5715,21,1.20231225,289,5757,N,35,1,311
4906,22,1.16903025,281,5715,N,36.6666666666667,1,311
5463,23,1.36040175,327,4906,N,38.3333333333333,1,311
6991,24,1.3396005,322,5463,N,40,1,311
6112,25,1.29383775,311,6991,N,41.6666666666667,1,311
7027,26,1.41032475,339,6112,N,43.3333333333333,1,311
6769,27,1.6557795,398,7027,N,45,1,311
6733,28,1.79306775,431,6769,N,46.6666666666667,1,311
6152,29,1.85963175,447,6733,N,48.3333333333333,1,311
6857,30,1.99275975,479,6152,N,50,1,311
6205,31,1.963638,472,6857,N,51.6666666666667,1,311
7462,32,2.15084925,517,6205,N,53.3333333333333,1,311
8333,33,2.229894,536,7462,N,55,1,311
7933,34,2.4878295,598,8333,N,56.6666666666667,1,311
7584,35,2.363022,568,7933,N,58.3333333333333,1,311
8375,36,1.314639,316,7584,Y,60,2,311
8101,37,1.50185025,361,8375,N,61.6666666666667,2,311
7505,38,1.51849125,365,8101,N,63.3333333333333,2,311
8644,39,1.64329875,395,7505,N,65,2,311
9023,40,1.714023,412,8644,N,66.6666666666667,2,311
8839,41,1.75978575,423,9023,N,68.3333333333333,2,311
9421,42,1.81802925,437,8839,N,70,2,311
9217,43,1.89291375,455,9421,N,71.6666666666667,2,311
9615,44,2.2049325,530,9217,N,73.3333333333333,2,311
9824,45,2.32974,560,9615,N,75,2,311
10124,46,2.57519475,619,9824,N,76.6666666666667,2,311
10089,47,2.74992525,661,10124,N,78.3333333333333,2,311
10497,48,2.74992525,661,10089,N,80,2,311
11927,49,2.34222075,563,10497,N,81.6666666666667,2,311
10803,50,1.26887625,305,11927,Y,83.3333333333333,3,311
11609,51,1.33128,320,10803,N,85,3,311
10966,52,1.30215825,313,11609,N,86.6666666666667,3,311
11498,53,1.6224975,390,10966,N,88.3333333333333,3,311
11291,54,1.5392925,370,11498,N,90,3,311
10648,55,1.57673475,379,11291,N,91.6666666666667,3,311
12671,56,1.75978575,423,10648,N,93.3333333333333,3,311
12341,57,1.79306775,431,12671,N,95,3,311
12260,59,1.88459325,453,12341,N,98.3333333333333,3,311
13099,61,2.096766,504,12260,N,101.666666666667,3,311
13491,62,1.946997,468,13099,N,103.333333333333,3,311
13480,63,0.9069345,218,13491,Y,105,4,311
15245,64,0.915255,220,13480,N,106.666666666667,4,311
14716,65,1.16903025,281,15245,N,108.333333333333,4,311
14888,66,1.114947,268,14716,N,110,4,311
14680,67,1.3396005,322,14888,N,111.666666666667,4,311
14510,68,1.3229595,318,14680,N,113.333333333333,4,311
14589,69,1.381203,332,14510,N,115,4,311
15456,70,1.24391475,299,14589,N,116.666666666667,4,311
2142,0,1.80970875,435,NA,N,0,0,312
2124,1,2.07596475,499,2142,N,1.66666666666667,0,312
2193,2,2.16749025,521,2124,N,3.33333333333333,0,312
2206,3,2.096766,504,2193,N,5,0,312
2170,4,2.1716505,522,2206,N,6.66666666666667,0,312
2141,5,2.179971,524,2170,N,8.33333333333333,0,312
2208,6,2.3547015,566,2141,N,10,0,312
2186,7,2.3214195,558,2208,N,11.6666666666667,0,312
3404,8,2.29229775,551,2186,N,13.3333333333333,0,312
3825,9,2.3879835,574,3404,N,15,0,312
3303,10,2.35886175,567,3825,N,16.6666666666667,0,312
3574,11,1.231434,296,3303,Y,18.3333333333333,1,312
3412,12,1.32711975,319,3574,N,20,1,312
3478,13,1.36040175,327,3412,N,21.6666666666667,1,312
3687,14,1.4893695,358,3478,N,23.3333333333333,1,312
5294,16,1.42696575,343,3687,N,26.6666666666667,1,312
5662,17,1.6890615,406,5294,N,28.3333333333333,1,312
5355,18,1.5226515,366,5662,N,30,1,312
5336,19,1.56841425,377,5355,N,31.6666666666667,1,312
5931,20,1.65161925,397,5336,N,33.3333333333333,1,312
5888,21,1.6641,400,5931,N,35,1,312
5343,22,1.67658075,403,5888,N,36.6666666666667,1,312
5613,23,1.630818,392,5343,N,38.3333333333333,1,312
7310,26,1.75146525,421,5613,N,43.3333333333333,1,312
6441,27,1.78474725,429,7310,N,45,1,312
7867,34,1.76810625,425,6441,N,56.6666666666667,1,312
8179,36,1.89291375,455,7867,N,60,1,312
8582,39,1.76810625,425,8179,N,65,1,312
9350,42,1.89291375,455,8582,N,70,1,312
9146,43,1.85131125,445,9350,N,71.6666666666667,1,312
9546,44,1.9719585,474,9146,N,73.3333333333333,1,312
9742,45,2.03436225,489,9546,N,75,1,312
9894,46,1.963638,472,9742,N,76.6666666666667,1,312
9868,47,2.2382145,538,9894,N,78.3333333333333,1,312
10415,48,2.10924675,507,9868,N,80,1,312
11848,49,2.479509,596,10415,N,81.6666666666667,1,312
10723,50,2.31725925,557,11848,N,83.3333333333333,1,312
11436,51,2.35886175,567,10723,N,85,1,312
10350,52,2.2049325,530,11436,N,86.6666666666667,1,312
11278,53,2.8539315,686,10350,N,88.3333333333333,1,312
11193,54,2.59183575,623,11278,N,90,1,312
10568,55,2.45038725,589,11193,N,91.6666666666667,1,312
12078,56,1.2064725,290,10568,Y,93.3333333333333,2,312
12104,57,1.23559425,297,12078,N,95,2,312
12093,58,1.34376075,323,12104,N,96.6666666666667,2,312
12062,59,1.347921,324,12093,N,98.3333333333333,2,312
12930,60,1.3562415,326,12062,N,100,2,312
12953,61,1.464408,352,12930,N,101.666666666667,2,312
13321,62,1.49769,360,12953,N,103.333333333333,2,312
13305,63,1.597536,384,13321,N,105,2,312
15041,64,1.6890615,406,13305,N,106.666666666667,2,312
14398,65,1.71818325,413,15041,N,108.333333333333,2,312
14643,66,1.797228,432,14398,N,110,2,312
14402,67,1.980279,476,14643,N,111.666666666667,2,312
14175,68,2.00940075,483,14402,N,113.333333333333,2,312
14294,69,0.99429975,239,14175,Y,115,3,312
15399,70,1.10246625,265,14294,N,116.666666666667,3,312
2171,0,1.39368375,335,NA,N,0,0,313
2146,1,1.47688875,355,2171,N,1.66666666666667,0,313
2216,2,1.47688875,355,2146,N,3.33333333333333,0,313
2230,3,1.56841425,377,2216,N,5,0,313
2189,4,1.6058565,386,2230,N,6.66666666666667,0,313
2167,5,1.680741,404,2189,N,8.33333333333333,0,313
2232,6,1.7223435,414,2167,N,10,0,313
2258,7,1.930356,464,2232,N,11.6666666666667,0,313
3416,8,1.93451625,465,2258,N,13.3333333333333,0,313
3847,9,1.85963175,447,3416,N,15,0,313
3307,10,1.8554715,446,3847,N,16.6666666666667,0,313
3579,11,1.86795225,449,3307,N,18.3333333333333,0,313
3427,12,1.89291375,455,3579,N,20,0,313
3505,13,1.97611875,475,3427,N,21.6666666666667,0,313
3697,14,2.19245175,527,3505,N,23.3333333333333,0,313
3559,15,2.16749025,521,3697,N,25,0,313
4726,16,2.29229775,551,3559,N,26.6666666666667,0,313
4999,17,2.23405425,537,4726,N,28.3333333333333,0,313
4757,18,2.17581075,523,4999,N,30,0,313
4685,19,2.3547015,566,4757,N,31.6666666666667,0,313
5580,20,2.313099,556,4685,N,33.3333333333333,0,313
5620,21,1.1232675,270,5580,Y,35,1,313
4746,22,1.148229,276,5620,N,36.6666666666667,1,313
4715,23,1.3063185,314,4746,N,38.3333333333333,1,313
6677,24,1.33544025,321,4715,N,40,1,313
6012,25,1.33544025,321,6677,N,41.6666666666667,1,313
6543,26,1.33544025,321,6012,N,43.3333333333333,1,313
6569,27,1.3396005,322,6543,N,45,1,313
6570,28,1.40200425,337,6569,N,46.6666666666667,1,313
6035,29,1.46856825,353,6570,N,48.3333333333333,1,313
6632,30,1.46856825,353,6035,N,50,1,313
6065,31,1.5559335,374,6632,N,51.6666666666667,1,313
7422,32,1.68490125,405,6065,N,53.3333333333333,1,313
8212,33,1.5392925,370,7422,N,55,1,313
7890,34,1.714023,412,8212,N,56.6666666666667,1,313
7406,35,1.9053945,458,7890,N,58.3333333333333,1,313
8275,36,2.20077225,529,7406,N,60,1,313
8722,39,1.02758175,247,8275,Y,65,2,313
9092,40,1.015101,244,8722,N,66.6666666666667,2,313
8913,41,1.3229595,318,9092,N,68.3333333333333,2,313
9495,42,1.26055575,303,8913,N,70,2,313
9299,43,1.29383775,311,9495,N,71.6666666666667,2,313
9688,44,1.4394465,346,9299,N,73.3333333333333,2,313
9993,45,1.31879925,317,9688,N,75,2,313
10280,46,1.26055575,303,9993,N,76.6666666666667,2,313
10252,47,1.51017075,363,10280,N,78.3333333333333,2,313
10848,48,1.77642675,427,10252,N,80,2,313
12011,49,1.747305,420,10848,N,81.6666666666667,2,313
11148,50,1.9719585,474,12011,N,83.3333333333333,2,313
11792,51,2.13420825,513,11148,N,85,2,313
11091,52,2.246535,540,11792,N,86.6666666666667,2,313
11711,53,1.11910725,269,11091,Y,88.3333333333333,3,313
11422,54,1.314639,316,11711,N,90,3,313
10836,55,1.41032475,339,11422,N,91.6666666666667,3,313
12856,56,1.3728825,330,10836,N,93.3333333333333,3,313
12683,57,1.43528625,345,12856,N,95,3,313
12713,58,1.36040175,327,12683,N,96.6666666666667,3,313
12457,59,1.21895325,293,12713,N,98.3333333333333,3,313
13183,60,1.4727285,354,12457,N,100,3,313
13265,61,1.46856825,353,13183,N,101.666666666667,3,313
13657,62,1.6391385,394,13265,N,103.333333333333,3,313
13721,63,1.83467025,441,13657,N,105,3,313
2171,0,1.39368375,335,NA,N,0,0,314
2146,1,1.47688875,355,2171,N,1.66666666666667,0,314
2216,2,1.47688875,355,2146,N,3.33333333333333,0,314
2230,3,1.56841425,377,2216,N,5,0,314
2189,4,1.6058565,386,2230,N,6.66666666666667,0,314
2167,5,1.680741,404,2189,N,8.33333333333333,0,314
2232,6,1.7223435,414,2167,N,10,0,314
2258,7,1.930356,464,2232,N,11.6666666666667,0,314
3416,8,1.93451625,465,2258,N,13.3333333333333,0,314
3847,9,1.85963175,447,3416,N,15,0,314
3307,10,1.8554715,446,3847,N,16.6666666666667,0,314
3579,11,1.86795225,449,3307,N,18.3333333333333,0,314
3427,12,1.89291375,455,3579,N,20,0,314
3505,13,1.97611875,475,3427,N,21.6666666666667,0,314
3697,14,2.19245175,527,3505,N,23.3333333333333,0,314
3559,15,2.16749025,521,3697,N,25,0,314
4726,16,2.29229775,551,3559,N,26.6666666666667,0,314
4999,17,2.23405425,537,4726,N,28.3333333333333,0,314
4757,18,2.17581075,523,4999,N,30,0,314
4685,19,2.3547015,566,4757,N,31.6666666666667,0,314
5580,20,2.313099,556,4685,N,33.3333333333333,0,314
5620,21,1.1232675,270,5580,Y,35,1,314
4746,22,1.148229,276,5620,N,36.6666666666667,1,314
4715,23,1.3063185,314,4746,N,38.3333333333333,1,314
6677,24,1.33544025,321,4715,N,40,1,314
6012,25,1.33544025,321,6677,N,41.6666666666667,1,314
6543,26,1.33544025,321,6012,N,43.3333333333333,1,314
6569,27,1.3396005,322,6543,N,45,1,314
6570,28,1.40200425,337,6569,N,46.6666666666667,1,314
6035,29,1.46856825,353,6570,N,48.3333333333333,1,314
6632,30,1.46856825,353,6035,N,50,1,314
6065,31,1.5559335,374,6632,N,51.6666666666667,1,314
7422,32,1.68490125,405,6065,N,53.3333333333333,1,314
8212,33,1.5392925,370,7422,N,55,1,314
7890,34,1.714023,412,8212,N,56.6666666666667,1,314
7406,35,1.9053945,458,7890,N,58.3333333333333,1,314
8275,36,2.20077225,529,7406,N,60,1,314
8722,39,1.02758175,247,8275,Y,65,2,314
9092,40,1.015101,244,8722,N,66.6666666666667,2,314
8913,41,1.3229595,318,9092,N,68.3333333333333,2,314
9495,42,1.26055575,303,8913,N,70,2,314
9299,43,1.29383775,311,9495,N,71.6666666666667,2,314
9688,44,1.4394465,346,9299,N,73.3333333333333,2,314
9993,45,1.31879925,317,9688,N,75,2,314
10280,46,1.26055575,303,9993,N,76.6666666666667,2,314
10252,47,1.51017075,363,10280,N,78.3333333333333,2,314
10848,48,1.77642675,427,10252,N,80,2,314
12011,49,1.747305,420,10848,N,81.6666666666667,2,314
11148,50,1.9719585,474,12011,N,83.3333333333333,2,314
11792,51,2.13420825,513,11148,N,85,2,314
11091,52,2.246535,540,11792,N,86.6666666666667,2,314
11709,53,1.19399175,287,11091,Y,88.3333333333333,3,314
11419,54,1.098306,264,11709,N,90,3,314
10835,55,1.14406875,275,11419,N,91.6666666666667,3,314
12854,56,1.131588,272,10835,N,93.3333333333333,3,314
12681,57,1.16487,280,12854,N,95,3,314
12711,58,1.07750475,259,12681,N,96.6666666666667,3,314
12456,59,1.27719675,307,12711,N,98.3333333333333,3,314
13263,61,1.46856825,353,12456,N,101.666666666667,3,314
13656,62,1.414485,340,13263,N,103.333333333333,3,314
13720,63,1.50185025,361,13656,N,105,3,314
15339,64,1.91787525,461,13720,N,106.666666666667,3,314
14998,65,2.063484,496,15339,N,108.333333333333,3,314
15158,66,2.3713425,570,14998,N,110,3,314
14958,67,2.36718225,569,15158,N,111.666666666667,3,314
14840,68,2.2215735,534,14958,N,113.333333333333,3,314
14937,69,2.3047785,554,14840,N,115,3,314
15503,70,1.24391475,299,14937,Y,116.666666666667,4,314
2693,0,1.214793,292,NA,N,0,0,315
2846,1,1.347921,324,2693,N,1.66666666666667,0,315
2947,2,1.5060105,362,2846,N,3.33333333333333,0,315
3032,3,1.56009375,375,2947,N,5,0,315
2721,4,1.46856825,353,3032,N,6.66666666666667,0,315
3163,5,1.49352975,359,2721,N,8.33333333333333,0,315
2847,6,1.5559335,374,3163,N,10,0,315
2719,7,1.514331,364,2847,N,11.6666666666667,0,315
4434,8,1.564254,376,2719,N,13.3333333333333,0,315
4282,9,1.5892155,382,4434,N,15,0,315
4215,10,1.56841425,377,4282,N,16.6666666666667,0,315
4035,11,1.5892155,382,4215,N,18.3333333333333,0,315
4489,12,1.597536,384,4035,N,20,0,315
3809,13,1.63497825,393,4489,N,21.6666666666667,0,315
4150,14,1.747305,420,3809,N,23.3333333333333,0,315
4077,15,1.7389845,418,4150,N,25,0,315
5163,16,1.83051,440,4077,N,26.6666666666667,0,315
5448,17,1.84299075,443,5163,N,28.3333333333333,0,315
5223,18,1.91787525,461,5448,N,30,0,315
5184,19,1.96779825,473,5223,N,31.6666666666667,0,315
5881,20,1.92619575,463,5184,N,33.3333333333333,0,315
5831,21,2.1882915,526,5881,N,35,0,315
5199,22,1.1399085,274,5831,Y,36.6666666666667,1,315
5577,23,1.11910725,269,5199,N,38.3333333333333,1,315
7242,24,1.148229,276,5577,N,40,1,315
6274,25,1.231434,296,7242,N,41.6666666666667,1,315
7149,26,1.25223525,301,6274,N,43.3333333333333,1,315
6913,27,1.38536325,333,7149,N,45,1,315
6888,28,1.33544025,321,6913,N,46.6666666666667,1,315
6312,29,1.57673475,379,6888,N,48.3333333333333,1,315
7086,30,1.564254,376,6312,N,50,1,315
6394,31,1.7057025,410,7086,N,51.6666666666667,1,315
7684,32,1.77642675,427,6394,N,53.3333333333333,1,315
8462,33,2.113407,508,7684,N,55,1,315
7997,34,1.99692,480,8462,N,56.6666666666667,1,315
7717,35,2.0551635,494,7997,N,58.3333333333333,1,315
8521,36,2.00108025,481,7717,N,60,1,315
8217,37,2.2881375,550,8521,N,61.6666666666667,1,315
7771,38,1.098306,264,8217,Y,63.3333333333333,2,315
8712,39,1.01094075,243,7771,N,65,2,315
9083,40,1.16487,280,8712,N,66.6666666666667,2,315
8902,41,1.15238925,277,9083,N,68.3333333333333,2,315
9485,42,1.231434,296,8902,N,70,2,315
9287,43,1.431126,344,9485,N,71.6666666666667,2,315
9677,44,1.29383775,311,9287,N,73.3333333333333,2,315
9958,45,1.27719675,307,9677,N,75,2,315
10255,46,1.381203,332,9958,N,76.6666666666667,2,315
10233,47,1.364562,328,10255,N,78.3333333333333,2,315
10824,48,1.38536325,333,10233,N,80,2,315
11999,49,1.5725745,378,10824,N,81.6666666666667,2,315
11131,50,1.70986275,411,11999,N,83.3333333333333,2,315
11778,51,1.5559335,374,11131,N,85,2,315
11078,52,1.45192725,349,11778,N,86.6666666666667,2,315
11744,53,2.179971,524,11078,N,88.3333333333333,2,315
12838,58,2.8872135,694,11744,N,96.6666666666667,2,315
12494,59,2.5543935,614,12838,N,98.3333333333333,2,315
13017,60,2.845611,684,12494,N,100,2,315
13146,61,1.28551725,309,13017,Y,101.666666666667,3,315
13540,62,1.381203,332,13146,N,103.333333333333,3,315
13528,63,1.41864525,341,13540,N,105,3,315
15272,64,1.3562415,326,13528,N,106.666666666667,3,315
2720,0,1.16070975,279,NA,N,0,0,316
2860,1,1.30215825,313,2720,N,1.66666666666667,0,316
2967,2,1.297998,312,2860,N,3.33333333333333,0,316
3050,3,1.33544025,321,2967,N,5,0,316
2733,4,1.40200425,337,3050,N,6.66666666666667,0,316
3173,5,1.4061645,338,2733,N,8.33333333333333,0,316
2861,6,1.4228055,342,3173,N,10,0,316
2729,7,1.36872225,329,2861,N,11.6666666666667,0,316
4440,8,1.38536325,333,2729,N,13.3333333333333,0,316
4295,9,1.46856825,353,4440,N,15,0,316
4229,10,1.49769,360,4295,N,16.6666666666667,0,316
4048,11,1.51017075,363,4229,N,18.3333333333333,0,316
4493,12,1.564254,376,4048,N,20,0,316
3824,13,1.564254,376,4493,N,21.6666666666667,0,316
4164,14,1.64329875,395,3824,N,23.3333333333333,0,316
4091,15,1.77642675,427,4164,N,25,0,316
5179,16,1.8388305,442,4091,N,26.6666666666667,0,316
5452,17,1.680741,404,5179,N,28.3333333333333,0,316
5242,18,1.880433,452,5452,N,30,0,316
5208,19,1.99692,480,5242,N,31.6666666666667,0,316
5889,20,1.980279,476,5208,N,33.3333333333333,0,316
5840,21,2.19245175,527,5889,N,35,0,316
5225,22,2.346381,564,5840,N,36.6666666666667,0,316
5584,23,2.363022,568,5225,N,38.3333333333333,0,316
7247,24,1.16487,280,5584,Y,40,1,316
6288,25,1.18567125,285,7247,N,41.6666666666667,1,316
7167,26,1.36872225,329,6288,N,43.3333333333333,1,316
6920,27,1.3396005,322,7167,N,45,1,316
6896,28,1.45192725,349,6920,N,46.6666666666667,1,316
6323,29,1.42696575,343,6896,N,48.3333333333333,1,316
7095,30,1.47688875,355,6323,N,50,1,316
6399,31,1.397844,336,7095,N,51.6666666666667,1,316
7693,32,1.5892155,382,6399,N,53.3333333333333,1,316
8466,33,1.6557795,398,7693,N,55,1,316
7999,34,1.73482425,417,8466,N,56.6666666666667,1,316
7723,35,1.797228,432,7999,N,58.3333333333333,1,316
8527,36,1.85131125,445,7723,N,60,1,316
8224,37,1.963638,472,8527,N,61.6666666666667,1,316
7786,38,1.91787525,461,8224,N,63.3333333333333,1,316
8716,39,2.15084925,517,7786,N,65,1,316
9087,40,2.24237475,539,8716,N,66.6666666666667,1,316
8908,41,2.2881375,550,9087,N,68.3333333333333,1,316
9491,42,1.930356,464,8908,N,70,1,316
9295,43,1.24391475,299,9491,Y,71.6666666666667,2,316
9684,44,1.181511,284,9295,N,73.3333333333333,2,316
9976,45,1.25223525,301,9684,N,75,2,316
10270,46,1.2730365,306,9976,N,76.6666666666667,2,316
10243,47,1.264716,304,10270,N,78.3333333333333,2,316
10837,48,1.35208125,325,10243,N,80,2,316
12005,49,1.74314475,419,10837,N,81.6666666666667,2,316
11139,50,1.69322175,407,12005,N,83.3333333333333,2,316
11782,51,1.6890615,406,11139,N,85,2,316
11083,52,1.87627275,451,11782,N,86.6666666666667,2,316
11696,53,1.95947775,471,11083,N,88.3333333333333,2,316
11403,54,2.14252875,515,11696,N,90,2,316
10820,55,2.00108025,481,11403,N,91.6666666666667,2,316
12839,56,1.1731905,282,10820,Y,93.3333333333333,3,316
12664,57,1.28551725,309,12839,N,95,3,316
12688,58,1.35208125,325,12664,N,96.6666666666667,3,316
12447,59,1.2896775,310,12688,N,98.3333333333333,3,316
13245,61,1.4228055,342,12447,N,101.666666666667,3,316
13646,62,1.65993975,399,13245,N,103.333333333333,3,316
13710,63,1.6890615,406,13646,N,105,3,316
14834,64,1.763946,424,13710,N,106.666666666667,3,316
14249,65,1.8221895,438,14834,N,108.333333333333,3,316
14455,66,1.95947775,471,14249,N,110,3,316
14211,67,2.063484,496,14455,N,111.666666666667,3,316
13962,68,1.11910725,269,14211,Y,113.333333333333,4,316
14074,69,1.0567035,254,13962,N,115,4,316
2228,0,1.33544025,321,NA,N,0,0,317
2179,1,1.031742,248,2228,N,1.66666666666667,0,317
2271,2,0.99429975,239,2179,N,3.33333333333333,0,317
2269,3,1.281357,308,2271,N,5,0,317
2248,4,1.25223525,301,2269,N,6.66666666666667,0,317
2221,5,1.431126,344,2248,N,8.33333333333333,0,317
2266,6,1.46856825,353,2221,N,10,0,317
2304,7,1.46856825,353,2266,N,11.6666666666667,0,317
3438,8,1.47688875,355,2304,N,13.3333333333333,0,317
3879,9,1.580895,380,3438,N,15,0,317
3314,10,1.61001675,387,3879,N,16.6666666666667,0,317
3614,11,1.6391385,394,3314,N,18.3333333333333,0,317
3453,12,1.56841425,377,3614,N,20,0,317
3534,13,1.647459,396,3453,N,21.6666666666667,0,317
3733,14,1.66826025,401,3534,N,23.3333333333333,0,317
3644,15,1.9053945,458,3733,N,25,0,317
4761,16,1.84299075,443,3644,N,26.6666666666667,0,317
5035,17,1.8388305,442,4761,N,28.3333333333333,0,317
4800,18,2.0052405,482,5035,N,30,0,317
4730,19,2.29229775,551,4800,N,31.6666666666667,0,317
5672,20,2.00940075,483,4730,N,33.3333333333333,0,317
5641,21,0.965178,232,5672,Y,35,1,317
4780,22,1.0400625,250,5641,N,36.6666666666667,1,317
4749,23,1.0733445,258,4780,N,38.3333333333333,1,317
6690,24,1.1232675,270,4749,N,40,1,317
6042,25,1.19399175,287,6690,N,41.6666666666667,1,317
6597,26,1.2563955,302,6042,N,43.3333333333333,1,317
6581,27,1.31879925,317,6597,N,45,1,317
6640,28,1.48520925,357,6581,N,46.6666666666667,1,317
6058,29,1.75146525,421,6640,N,48.3333333333333,1,317
6747,30,1.847151,444,6058,N,50,1,317
6102,31,1.763946,424,6747,N,51.6666666666667,1,317
7430,32,1.9553175,470,6102,N,53.3333333333333,1,317
8235,33,2.0218815,486,7430,N,55,1,317
7900,34,1.99692,480,8235,N,56.6666666666667,1,317
7555,35,0.931896,224,7900,Y,58.3333333333333,2,317
8301,36,0.96933825,233,7555,N,60,2,317
8077,37,1.1399085,274,8301,N,61.6666666666667,2,317
7479,38,1.16070975,279,8077,N,63.3333333333333,2,317
8618,39,1.22727375,295,7479,N,65,2,317
8998,40,1.24391475,299,8618,N,66.6666666666667,2,317
8812,41,1.364562,328,8998,N,68.3333333333333,2,317
9390,42,1.33128,320,8812,N,70,2,317
9183,43,1.45192725,349,9390,N,71.6666666666667,2,317
9585,44,1.50185025,361,9183,N,73.3333333333333,2,317
9786,45,1.67658075,403,9585,N,75,2,317
10014,46,1.61001675,387,9786,N,76.6666666666667,2,317
9998,47,1.747305,420,10014,N,78.3333333333333,2,317
10461,48,1.82634975,439,9998,N,80,2,317
11894,49,2.0052405,482,10461,N,81.6666666666667,2,317
10768,50,1.9885995,478,11894,N,83.3333333333333,2,317
11570,51,2.06764425,497,10768,N,85,2,317
10395,52,2.17581075,523,11570,N,86.6666666666667,2,317
11391,53,2.40878475,579,10395,N,88.3333333333333,2,317
11234,54,1.21895325,293,11391,Y,90,3,317
10608,55,1.248075,300,11234,N,91.6666666666667,3,317
12416,56,1.33128,320,10608,N,93.3333333333333,3,317
12234,57,1.37704275,331,12416,N,95,3,317
12304,58,1.1565495,278,12234,N,96.6666666666667,3,317
12186,59,1.22727375,295,12304,N,98.3333333333333,3,317
12992,60,1.381203,332,12186,N,100,3,317
13040,61,1.447767,348,12992,N,101.666666666667,3,317
13424,62,1.580895,380,13040,N,103.333333333333,3,317
13410,63,1.913715,460,13424,N,105,3,317
15186,64,1.780587,428,13410,N,106.666666666667,3,317
14548,65,1.780587,428,15186,N,108.333333333333,3,317
14779,66,2.10924675,507,14548,N,110,3,317
14559,67,2.15916975,519,14779,N,111.666666666667,3,317
14380,68,0.8237295,198,14559,Y,113.333333333333,4,317
14446,69,1.0733445,258,14380,N,115,4,317
2228,0,1.33544025,321,NA,N,0,0,318
2179,1,1.031742,248,2228,N,1.66666666666667,0,318
2271,2,0.99429975,239,2179,N,3.33333333333333,0,318
2269,3,1.281357,308,2271,N,5,0,318
2248,4,1.25223525,301,2269,N,6.66666666666667,0,318
2221,5,1.431126,344,2248,N,8.33333333333333,0,318
2266,6,1.46856825,353,2221,N,10,0,318
2304,7,1.46856825,353,2266,N,11.6666666666667,0,318
3438,8,1.47688875,355,2304,N,13.3333333333333,0,318
3879,9,1.580895,380,3438,N,15,0,318
3314,10,1.61001675,387,3879,N,16.6666666666667,0,318
3614,11,1.6391385,394,3314,N,18.3333333333333,0,318
3453,12,1.56841425,377,3614,N,20,0,318
3534,13,1.647459,396,3453,N,21.6666666666667,0,318
3733,14,1.66826025,401,3534,N,23.3333333333333,0,318
3644,15,1.9053945,458,3733,N,25,0,318
4761,16,1.84299075,443,3644,N,26.6666666666667,0,318
5035,17,1.8388305,442,4761,N,28.3333333333333,0,318
4800,18,2.0052405,482,5035,N,30,0,318
4730,19,2.29229775,551,4800,N,31.6666666666667,0,318
5672,20,2.00940075,483,4730,N,33.3333333333333,0,318
5641,21,0.965178,232,5672,Y,35,1,318
4780,22,1.0400625,250,5641,N,36.6666666666667,1,318
4749,23,1.0733445,258,4780,N,38.3333333333333,1,318
6690,24,1.1232675,270,4749,N,40,1,318
6042,25,1.19399175,287,6690,N,41.6666666666667,1,318
6597,26,1.2563955,302,6042,N,43.3333333333333,1,318
6581,27,1.31879925,317,6597,N,45,1,318
6640,28,1.48520925,357,6581,N,46.6666666666667,1,318
6058,29,1.75146525,421,6640,N,48.3333333333333,1,318
6747,30,1.847151,444,6058,N,50,1,318
6102,31,1.763946,424,6747,N,51.6666666666667,1,318
7430,32,1.9553175,470,6102,N,53.3333333333333,1,318
8235,33,2.0218815,486,7430,N,55,1,318
7900,34,1.99692,480,8235,N,56.6666666666667,1,318
7555,35,0.931896,224,7900,Y,58.3333333333333,2,318
8301,36,0.96933825,233,7555,N,60,2,318
8077,37,1.1399085,274,8301,N,61.6666666666667,2,318
7479,38,1.16070975,279,8077,N,63.3333333333333,2,318
8618,39,1.22727375,295,7479,N,65,2,318
8998,40,1.24391475,299,8618,N,66.6666666666667,2,318
8812,41,1.364562,328,8998,N,68.3333333333333,2,318
9390,42,1.33128,320,8812,N,70,2,318
9183,43,1.45192725,349,9390,N,71.6666666666667,2,318
9585,44,1.50185025,361,9183,N,73.3333333333333,2,318
9786,45,1.67658075,403,9585,N,75,2,318
10014,46,1.61001675,387,9786,N,76.6666666666667,2,318
9998,47,1.747305,420,10014,N,78.3333333333333,2,318
10461,48,1.82634975,439,9998,N,80,2,318
11894,49,2.0052405,482,10461,N,81.6666666666667,2,318
10768,50,1.9885995,478,11894,N,83.3333333333333,2,318
11570,51,2.06764425,497,10768,N,85,2,318
10395,52,2.17581075,523,11570,N,86.6666666666667,2,318
11391,53,2.40878475,579,10395,N,88.3333333333333,2,318
11235,54,1.1565495,278,11391,Y,90,3,318
10609,55,1.10246625,265,11235,N,91.6666666666667,3,318
12414,56,1.1232675,270,10609,N,93.3333333333333,3,318
12231,57,1.18567125,285,12414,N,95,3,318
12303,58,1.264716,304,12231,N,96.6666666666667,3,318
12185,59,1.27719675,307,12303,N,98.3333333333333,3,318
12990,60,1.46856825,353,12185,N,100,3,318
13038,61,1.714023,412,12990,N,101.666666666667,3,318
13422,62,1.6058565,386,13038,N,103.333333333333,3,318
13408,63,1.697382,408,13422,N,105,3,318
15183,64,1.89291375,455,13408,N,106.666666666667,3,318
14541,65,1.714023,412,15183,N,108.333333333333,3,318
14773,66,1.930356,464,14541,N,110,3,318
14550,67,2.03436225,489,14773,N,111.666666666667,3,318
14374,68,1.82634975,439,14550,N,113.333333333333,3,318
14026,69,0.915255,220,14374,Y,115,4,318
15291,70,0.9734985,234,14026,N,116.666666666667,4,318
2536,0,1.198152,288,NA,N,0,0,319
2631,1,1.297998,312,2536,N,1.66666666666667,0,319
2531,2,1.39368375,335,2631,N,3.33333333333333,0,319
2873,3,1.42696575,343,2531,N,5,0,319
2527,4,1.4560875,350,2873,N,6.66666666666667,0,319
2940,5,1.530972,368,2527,N,8.33333333333333,0,319
2614,6,1.54345275,371,2940,N,10,0,319
2554,7,1.547613,372,2614,N,11.6666666666667,0,319
3607,8,1.59337575,383,2554,N,13.3333333333333,0,319
4104,9,1.57673475,379,3607,N,15,0,319
4036,10,1.64329875,395,4104,N,16.6666666666667,0,319
3873,11,1.6391385,394,4036,N,18.3333333333333,0,319
4418,12,1.65161925,397,3873,N,20,0,319
3660,13,1.64329875,395,4418,N,21.6666666666667,0,319
3962,14,1.647459,396,3660,N,23.3333333333333,0,319
3899,15,1.70986275,411,3962,N,25,0,319
4979,16,1.730664,416,3899,N,26.6666666666667,0,319
5270,17,1.8055485,434,4979,N,28.3333333333333,0,319
5017,18,1.8721125,450,5270,N,30,0,319
4970,19,1.97611875,475,5017,N,31.6666666666667,0,319
5797,20,2.17581075,523,4970,N,33.3333333333333,0,319
5747,21,2.296458,552,5797,N,35,0,319
4998,22,2.38382325,573,5747,N,36.6666666666667,0,319
5490,23,1.29383775,311,4998,Y,38.3333333333333,1,319
7192,24,1.3895235,334,5490,N,40,1,319
6161,25,1.597536,384,7192,N,41.6666666666667,1,319
7083,26,1.61833725,389,6161,N,43.3333333333333,1,319
6818,27,1.614177,388,7083,N,45,1,319
6773,28,1.7389845,418,6818,N,46.6666666666667,1,319
6199,29,1.79306775,431,6773,N,48.3333333333333,1,319
6955,30,1.88459325,453,6199,N,50,1,319
6276,31,2.00108025,481,6955,N,51.6666666666667,1,319
7541,32,2.030202,488,6276,N,53.3333333333333,1,319
8383,33,2.07596475,499,7541,N,55,1,319
7951,34,2.3879835,574,8383,N,56.6666666666667,1,319
7603,35,2.629278,632,7951,N,58.3333333333333,1,319
8424,36,2.6209575,630,7603,N,60,1,319
8121,37,2.6708805,642,8424,N,61.6666666666667,1,319
7526,38,1.26887625,305,8121,Y,63.3333333333333,2,319
8660,39,1.3229595,318,7526,N,65,2,319
9037,40,1.2563955,302,8660,N,66.6666666666667,2,319
8853,41,1.27719675,307,9037,N,68.3333333333333,2,319
9435,42,1.364562,328,8853,N,70,2,319
9232,43,1.31879925,317,9435,N,71.6666666666667,2,319
9631,44,1.39368375,335,9232,N,73.3333333333333,2,319
9840,45,1.46024775,351,9631,N,75,2,319
10153,46,1.48520925,357,9840,N,76.6666666666667,2,319
10121,47,1.7223435,414,10153,N,78.3333333333333,2,319
10509,48,1.63497825,393,10121,N,80,2,319
11939,49,1.80138825,433,10509,N,81.6666666666667,2,319
10885,50,1.897074,456,11939,N,83.3333333333333,2,319
11626,51,2.1882915,526,10885,N,85,2,319
11002,52,2.2714965,546,11626,N,86.6666666666667,2,319
11538,53,1.015101,244,11002,Y,88.3333333333333,3,319
11330,54,1.06086375,255,11538,N,90,3,319
10662,55,1.031742,248,11330,N,91.6666666666667,3,319
12736,56,1.0733445,258,10662,N,93.3333333333333,3,319
12495,57,0.898614,216,12736,N,95,3,319
12521,58,1.03590225,249,12495,N,96.6666666666667,3,319
12355,59,1.04422275,251,12521,N,98.3333333333333,3,319
13078,60,1.05254325,253,12355,N,100,3,319
13131,61,1.114947,268,13078,N,101.666666666667,3,319
13526,62,1.16070975,279,13131,N,103.333333333333,3,319
13518,63,1.14406875,275,13526,N,105,3,319
15268,64,1.07750475,259,13518,N,106.666666666667,3,319
2049,0,0.92773575,223,NA,N,0,0,320
2048,1,0.9402165,226,2049,N,1.66666666666667,0,320
2108,2,0.88613325,213,2048,N,3.33333333333333,0,320
2097,3,0.96933825,233,2108,N,5,0,320
2070,4,0.95269725,229,2097,N,6.66666666666667,0,320
2047,5,1.0899855,262,2070,N,8.33333333333333,0,320
2104,6,1.09414575,263,2047,N,10,0,320
2075,7,1.065024,256,2104,N,11.6666666666667,0,320
3374,8,1.24391475,299,2075,N,13.3333333333333,0,320
3768,9,1.198152,288,3374,N,15,0,320
3289,10,1.23559425,297,3768,N,16.6666666666667,0,320
3348,11,1.21895325,293,3289,N,18.3333333333333,0,320
3365,12,1.23559425,297,3348,N,20,0,320
3429,13,1.26887625,305,3365,N,21.6666666666667,0,320
3536,14,1.281357,308,3429,N,23.3333333333333,0,320
3488,15,1.3895235,334,3536,N,25,0,320
4638,16,1.397844,336,3488,N,26.6666666666667,0,320
4912,17,1.54345275,371,4638,N,28.3333333333333,0,320
4666,18,1.481049,356,4912,N,30,0,320
4604,19,1.49352975,359,4666,N,31.6666666666667,0,320
5489,20,1.6224975,390,4604,N,33.3333333333333,0,320
5506,21,1.6724205,402,5489,N,35,0,320
4652,22,1.72650375,415,5506,N,36.6666666666667,0,320
4625,23,1.763946,424,4652,N,38.3333333333333,0,320
6649,24,1.91787525,461,4625,N,40,0,320
5966,25,1.90123425,457,6649,N,41.6666666666667,0,320
6478,27,1.897074,456,5966,N,45,0,320
6486,28,0.9568575,230,6478,Y,46.6666666666667,1,320
5987,29,1.02758175,247,6486,N,48.3333333333333,1,320
6612,30,1.114947,268,5987,N,50,1,320
6002,31,1.198152,288,6612,N,51.6666666666667,1,320
7398,32,1.1731905,282,6002,N,53.3333333333333,1,320
8164,33,1.18567125,285,7398,N,55,1,320
7875,34,1.24391475,299,8164,N,56.6666666666667,1,320
7357,35,1.50185025,361,7875,N,58.3333333333333,1,320
8213,36,1.5559335,374,7357,N,60,1,320
8052,37,1.53513225,369,8213,N,61.6666666666667,1,320
7372,38,1.65161925,397,8052,N,63.3333333333333,1,320
8592,39,1.7556255,422,7372,N,65,1,320
8973,40,1.8221895,438,8592,N,66.6666666666667,1,320
8784,41,1.7889075,430,8973,N,68.3333333333333,1,320
9360,42,1.9053945,458,8784,N,70,1,320
9158,43,1.95947775,471,9360,N,71.6666666666667,1,320
9559,44,2.11756725,509,9158,N,73.3333333333333,1,320
9756,45,2.3380605,562,9559,N,75,1,320
9927,46,2.35054125,565,9756,N,76.6666666666667,1,320
9907,47,2.479509,596,9927,N,78.3333333333333,1,320
10428,48,2.49198975,599,9907,N,80,1,320
11862,49,1.26887625,305,10428,Y,81.6666666666667,2,320
10739,50,1.33128,320,11862,N,83.3333333333333,2,320
11476,51,1.48520925,357,10739,N,85,2,320
10364,52,1.52681175,367,11476,N,86.6666666666667,2,320
11297,53,1.4228055,342,10364,N,88.3333333333333,2,320
11204,54,1.46024775,351,11297,N,90,2,320
10578,55,1.4893695,358,11204,N,91.6666666666667,2,320
12131,56,1.5060105,362,10578,N,93.3333333333333,2,320
12150,57,1.70986275,411,12131,N,95,2,320
12142,58,1.60169625,385,12150,N,96.6666666666667,2,320
12096,59,1.76810625,425,12142,N,98.3333333333333,2,320
13225,61,2.50863075,603,12096,N,101.666666666667,2,320
13634,62,1.35208125,325,13225,Y,103.333333333333,3,320
13593,63,1.381203,332,13634,N,105,3,320
15319,64,1.45192725,349,13593,N,106.666666666667,3,320
2989,0,0.85285125,205,NA,N,0,0,321
3025,1,0.9235755,222,2989,N,1.66666666666667,0,321
3140,2,0.97765875,235,3025,N,3.33333333333333,0,321
3215,3,0.9402165,226,3140,N,5,0,321
3072,4,1.08582525,261,3215,N,6.66666666666667,0,321
3259,5,1.03590225,249,3072,N,8.33333333333333,0,321
3073,6,1.03590225,249,3259,N,10,0,321
2849,7,1.05254325,253,3073,N,11.6666666666667,0,321
4552,8,1.09414575,263,2849,N,13.3333333333333,0,321
4476,9,1.0899855,262,4552,N,15,0,321
4343,10,1.114947,268,4476,N,16.6666666666667,0,321
4192,11,1.16070975,279,4343,N,18.3333333333333,0,321
4537,12,1.248075,300,4192,N,20,0,321
4300,13,1.181511,284,4537,N,21.6666666666667,0,321
4297,14,1.264716,304,4300,N,23.3333333333333,0,321
4207,15,1.15238925,277,4297,N,25,0,321
5308,16,1.21063275,291,4207,N,26.6666666666667,0,321
5670,17,1.44360675,347,5308,N,28.3333333333333,0,321
5371,18,1.447767,348,5670,N,30,0,321
5354,19,1.61833725,389,5371,N,31.6666666666667,0,321
5934,20,1.4560875,350,5354,N,33.3333333333333,0,321
5895,21,1.580895,380,5934,N,35,0,321
5358,22,1.54345275,371,5895,N,36.6666666666667,0,321
5619,23,2.1050865,506,5358,N,38.3333333333333,0,321
7269,24,1.90955475,459,5619,N,40,0,321
6355,25,1.93451625,465,7269,N,41.6666666666667,0,321
7313,26,0.86949225,209,6355,Y,43.3333333333333,1,321
6987,27,1.031742,248,7313,N,45,1,321
6957,28,1.0733445,258,6987,N,46.6666666666667,1,321
6403,29,1.02758175,247,6957,N,48.3333333333333,1,321
7138,30,0.9402165,226,6403,N,50,1,321
6454,31,1.2064725,290,7138,N,51.6666666666667,1,321
7748,32,1.25223525,301,6454,N,53.3333333333333,1,321
8506,33,1.15238925,277,7748,N,55,1,321
8016,34,1.214793,292,8506,N,56.6666666666667,1,321
7770,35,1.03590225,249,8016,N,58.3333333333333,1,321
8553,36,1.3562415,326,7770,N,60,1,321
8280,37,1.7057025,410,8553,N,61.6666666666667,1,321
7836,38,1.946997,468,8280,N,63.3333333333333,1,321
8742,39,0.881973,212,7836,Y,65,2,321
9112,40,0.86117175,207,8742,N,66.6666666666667,2,321
8937,41,0.9235755,222,9112,N,68.3333333333333,2,321
9517,42,0.91941525,221,8937,N,70,2,321
9320,43,0.99429975,239,9517,N,71.6666666666667,2,321
9707,44,1.081665,260,9320,N,73.3333333333333,2,321
10059,45,1.21895325,293,9707,N,75,2,321
10307,46,1.21895325,293,10059,N,76.6666666666667,2,321
10279,47,1.31047875,315,10307,N,78.3333333333333,2,321
10892,48,1.364562,328,10279,N,80,2,321
12026,49,1.27719675,307,10892,N,81.6666666666667,2,321
11164,50,1.61001675,387,12026,N,83.3333333333333,2,321
11812,51,1.51017075,363,11164,N,85,2,321
11107,52,1.797228,432,11812,N,86.6666666666667,2,321
11745,53,1.91787525,461,11107,N,88.3333333333333,2,321
11223,54,0.82788975,199,11745,Y,90,3,321
10597,55,1.01926125,245,11223,N,91.6666666666667,3,321
12379,56,0.865332,208,10597,N,93.3333333333333,3,321
12206,57,0.99846,240,12379,N,95,3,321
12288,58,0.94437675,227,12206,N,96.6666666666667,3,321
12167,59,0.881973,212,12288,N,98.3333333333333,3,321
12975,60,0.898614,216,12167,N,100,3,321
13016,61,1.22727375,295,12975,N,101.666666666667,3,321
13394,62,1.21895325,293,13016,N,103.333333333333,3,321
13377,63,1.347921,324,13394,N,105,3,321
15133,64,1.31047875,315,13377,N,106.666666666667,3,321
14502,65,1.281357,308,15133,N,108.333333333333,3,321
2989,0,0.85285125,205,NA,N,0,0,322
3025,1,0.9235755,222,2989,N,1.66666666666667,0,322
3140,2,0.97765875,235,3025,N,3.33333333333333,0,322
3215,3,0.9402165,226,3140,N,5,0,322
3072,4,1.08582525,261,3215,N,6.66666666666667,0,322
3259,5,1.03590225,249,3072,N,8.33333333333333,0,322
3073,6,1.03590225,249,3259,N,10,0,322
2849,7,1.05254325,253,3073,N,11.6666666666667,0,322
4552,8,1.09414575,263,2849,N,13.3333333333333,0,322
4476,9,1.0899855,262,4552,N,15,0,322
4343,10,1.114947,268,4476,N,16.6666666666667,0,322
4192,11,1.16070975,279,4343,N,18.3333333333333,0,322
4537,12,1.248075,300,4192,N,20,0,322
4300,13,1.181511,284,4537,N,21.6666666666667,0,322
4297,14,1.264716,304,4300,N,23.3333333333333,0,322
4207,15,1.15238925,277,4297,N,25,0,322
5308,16,1.21063275,291,4207,N,26.6666666666667,0,322
5670,17,1.44360675,347,5308,N,28.3333333333333,0,322
5371,18,1.447767,348,5670,N,30,0,322
5354,19,1.61833725,389,5371,N,31.6666666666667,0,322
5934,20,1.4560875,350,5354,N,33.3333333333333,0,322
5895,21,1.580895,380,5934,N,35,0,322
5358,22,1.54345275,371,5895,N,36.6666666666667,0,322
5619,23,2.1050865,506,5358,N,38.3333333333333,0,322
7269,24,1.90955475,459,5619,N,40,0,322
6355,25,1.93451625,465,7269,N,41.6666666666667,0,322
7313,26,0.86949225,209,6355,Y,43.3333333333333,1,322
6987,27,1.031742,248,7313,N,45,1,322
6957,28,1.0733445,258,6987,N,46.6666666666667,1,322
6403,29,1.02758175,247,6957,N,48.3333333333333,1,322
7138,30,0.9402165,226,6403,N,50,1,322
6454,31,1.2064725,290,7138,N,51.6666666666667,1,322
7748,32,1.25223525,301,6454,N,53.3333333333333,1,322
8506,33,1.15238925,277,7748,N,55,1,322
8016,34,1.214793,292,8506,N,56.6666666666667,1,322
7770,35,1.03590225,249,8016,N,58.3333333333333,1,322
8553,36,1.3562415,326,7770,N,60,1,322
8280,37,1.7057025,410,8553,N,61.6666666666667,1,322
7836,38,1.946997,468,8280,N,63.3333333333333,1,322
8742,39,0.881973,212,7836,Y,65,2,322
9112,40,0.86117175,207,8742,N,66.6666666666667,2,322
8937,41,0.9235755,222,9112,N,68.3333333333333,2,322
9517,42,0.91941525,221,8937,N,70,2,322
9320,43,0.99429975,239,9517,N,71.6666666666667,2,322
9707,44,1.081665,260,9320,N,73.3333333333333,2,322
10059,45,1.21895325,293,9707,N,75,2,322
10307,46,1.21895325,293,10059,N,76.6666666666667,2,322
10279,47,1.31047875,315,10307,N,78.3333333333333,2,322
10892,48,1.364562,328,10279,N,80,2,322
12026,49,1.27719675,307,10892,N,81.6666666666667,2,322
11164,50,1.61001675,387,12026,N,83.3333333333333,2,322
11812,51,1.51017075,363,11164,N,85,2,322
11107,52,1.797228,432,11812,N,86.6666666666667,2,322
11745,53,1.91787525,461,11107,N,88.3333333333333,2,322
11439,54,0.94437675,227,11745,Y,90,3,322
10851,55,1.01094075,243,11439,N,91.6666666666667,3,322
12873,56,1.01094075,243,10851,N,93.3333333333333,3,322
12715,57,1.16903025,281,12873,N,95,3,322
12744,58,0.90277425,217,12715,N,96.6666666666667,3,322
12468,59,1.18567125,285,12744,N,98.3333333333333,3,322
13272,61,1.01094075,243,12468,N,101.666666666667,3,322
13665,62,1.51017075,363,13272,N,103.333333333333,3,322
13730,63,1.6724205,402,13665,N,105,3,322
15360,64,0.87781275,211,13730,Y,106.666666666667,4,322
15042,65,0.91109475,219,15360,N,108.333333333333,4,322
15178,66,1.04422275,251,15042,N,110,4,322
15017,67,1.05254325,253,15178,N,111.666666666667,4,322
14883,68,1.2064725,290,15017,N,113.333333333333,4,322
14994,69,1.28551725,309,14883,N,115,4,322
15514,70,1.24391475,299,14994,N,116.666666666667,4,322
2996,0,0.81124875,195,NA,N,0,0,323
3030,1,0.96101775,231,2996,N,1.66666666666667,0,323
3146,2,0.9069345,218,3030,N,3.33333333333333,0,323
3218,3,1.0234215,246,3146,N,5,0,323
3085,4,0.98597925,237,3218,N,6.66666666666667,0,323
3261,5,1.065024,256,3085,N,8.33333333333333,0,323
3118,6,1.16070975,279,3261,N,10,0,323
2859,7,1.13574825,273,3118,N,11.6666666666667,0,323
4554,8,1.148229,276,2859,N,13.3333333333333,0,323
4480,9,1.148229,276,4554,N,15,0,323
4346,10,1.148229,276,4480,N,16.6666666666667,0,323
4196,11,1.1399085,274,4346,N,18.3333333333333,0,323
4539,12,1.1898315,286,4196,N,20,0,323
4304,13,1.2064725,290,4539,N,21.6666666666667,0,323
4301,14,1.33128,320,4304,N,23.3333333333333,0,323
4212,15,1.3063185,314,4301,N,25,0,323
5314,16,1.414485,340,4212,N,26.6666666666667,0,323
5674,17,1.397844,336,5314,N,28.3333333333333,0,323
5377,18,1.42696575,343,5674,N,30,0,323
5363,19,1.36872225,329,5377,N,31.6666666666667,0,323
5935,20,1.3562415,326,5363,N,33.3333333333333,0,323
5897,21,1.364562,328,5935,N,35,0,323
5362,22,1.51017075,363,5897,N,36.6666666666667,0,323
5621,23,1.7889075,430,5362,N,38.3333333333333,0,323
7270,24,1.81802925,437,5621,N,40,0,323
6358,25,1.946997,468,7270,N,41.6666666666667,0,323
7314,26,2.2049325,530,6358,N,43.3333333333333,0,323
7039,27,2.213253,532,7314,N,45,0,323
6019,29,2.3547015,566,7039,N,48.3333333333333,0,323
7140,30,1.03590225,249,6019,Y,50,1,323
6457,31,1.015101,244,7140,N,51.6666666666667,1,323
7754,32,1.19399175,287,6457,N,53.3333333333333,1,323
8508,33,1.26887625,305,7754,N,55,1,323
8017,34,1.314639,316,8508,N,56.6666666666667,1,323
7772,35,1.397844,336,8017,N,58.3333333333333,1,323
8554,36,1.447767,348,7772,N,60,1,323
8283,37,1.347921,324,8554,N,61.6666666666667,1,323
7837,38,1.55177325,373,8283,N,63.3333333333333,1,323
8743,39,1.85131125,445,7837,N,65,1,323
9113,40,1.73482425,417,8743,N,66.6666666666667,1,323
8938,41,1.98443925,477,9113,N,68.3333333333333,1,323
9518,42,1.930356,464,8938,N,70,1,323
9321,43,0.82788975,199,9518,Y,71.6666666666667,2,323
9708,44,0.88613325,213,9321,N,73.3333333333333,2,323
10060,45,1.02758175,247,9708,N,75,2,323
10309,46,0.91941525,221,10060,N,76.6666666666667,2,323
10281,47,0.9901395,238,10309,N,78.3333333333333,2,323
10896,48,1.11910725,269,10281,N,80,2,323
12027,49,1.46024775,351,10896,N,81.6666666666667,2,323
11165,50,1.47688875,355,12027,N,83.3333333333333,2,323
11813,51,1.281357,308,11165,N,85,2,323
11109,52,1.37704275,331,11813,N,86.6666666666667,2,323
11748,53,1.6224975,390,11109,N,88.3333333333333,2,323
11481,54,1.797228,432,11748,N,90,2,323
10899,55,1.880433,452,11481,N,91.6666666666667,2,323
12898,56,1.90955475,459,10899,N,93.3333333333333,2,323
12752,57,2.07596475,499,12898,N,95,2,323
12844,58,0.9901395,238,12752,Y,96.6666666666667,3,323
12503,59,0.965178,232,12844,N,98.3333333333333,3,323
2996,0,0.81124875,195,NA,N,0,0,324
3030,1,0.96101775,231,2996,N,1.66666666666667,0,324
3146,2,0.9069345,218,3030,N,3.33333333333333,0,324
3218,3,1.0234215,246,3146,N,5,0,324
3085,4,0.98597925,237,3218,N,6.66666666666667,0,324
3261,5,1.065024,256,3085,N,8.33333333333333,0,324
3118,6,1.16070975,279,3261,N,10,0,324
2859,7,1.13574825,273,3118,N,11.6666666666667,0,324
4554,8,1.148229,276,2859,N,13.3333333333333,0,324
4480,9,1.148229,276,4554,N,15,0,324
4346,10,1.148229,276,4480,N,16.6666666666667,0,324
4196,11,1.1399085,274,4346,N,18.3333333333333,0,324
4539,12,1.1898315,286,4196,N,20,0,324
4304,13,1.2064725,290,4539,N,21.6666666666667,0,324
4301,14,1.33128,320,4304,N,23.3333333333333,0,324
4212,15,1.3063185,314,4301,N,25,0,324
5314,16,1.414485,340,4212,N,26.6666666666667,0,324
5674,17,1.397844,336,5314,N,28.3333333333333,0,324
5377,18,1.42696575,343,5674,N,30,0,324
5363,19,1.36872225,329,5377,N,31.6666666666667,0,324
5935,20,1.3562415,326,5363,N,33.3333333333333,0,324
5897,21,1.364562,328,5935,N,35,0,324
5362,22,1.51017075,363,5897,N,36.6666666666667,0,324
5621,23,1.7889075,430,5362,N,38.3333333333333,0,324
7270,24,1.81802925,437,5621,N,40,0,324
6358,25,1.946997,468,7270,N,41.6666666666667,0,324
7314,26,2.2049325,530,6358,N,43.3333333333333,0,324
7039,27,2.213253,532,7314,N,45,0,324
6019,29,2.3547015,566,7039,N,48.3333333333333,0,324
7140,30,1.03590225,249,6019,Y,50,1,324
6457,31,1.015101,244,7140,N,51.6666666666667,1,324
7754,32,1.19399175,287,6457,N,53.3333333333333,1,324
8508,33,1.26887625,305,7754,N,55,1,324
8017,34,1.314639,316,8508,N,56.6666666666667,1,324
7772,35,1.397844,336,8017,N,58.3333333333333,1,324
8554,36,1.447767,348,7772,N,60,1,324
8283,37,1.347921,324,8554,N,61.6666666666667,1,324
7837,38,1.55177325,373,8283,N,63.3333333333333,1,324
8743,39,1.85131125,445,7837,N,65,1,324
9113,40,1.73482425,417,8743,N,66.6666666666667,1,324
8938,41,1.98443925,477,9113,N,68.3333333333333,1,324
9518,42,1.930356,464,8938,N,70,1,324
9321,43,0.82788975,199,9518,Y,71.6666666666667,2,324
9708,44,0.88613325,213,9321,N,73.3333333333333,2,324
10060,45,1.02758175,247,9708,N,75,2,324
10309,46,0.91941525,221,10060,N,76.6666666666667,2,324
10281,47,0.9901395,238,10309,N,78.3333333333333,2,324
10896,48,1.11910725,269,10281,N,80,2,324
12027,49,1.46024775,351,10896,N,81.6666666666667,2,324
11165,50,1.47688875,355,12027,N,83.3333333333333,2,324
11813,51,1.281357,308,11165,N,85,2,324
11109,52,1.37704275,331,11813,N,86.6666666666667,2,324
11748,53,1.6224975,390,11109,N,88.3333333333333,2,324
11481,54,1.797228,432,11748,N,90,2,324
10899,55,1.880433,452,11481,N,91.6666666666667,2,324
12898,56,1.90955475,459,10899,N,93.3333333333333,2,324
12752,57,2.07596475,499,12898,N,95,2,324
12846,58,1.2896775,310,12752,Y,96.6666666666667,3,324
12505,59,1.06918425,257,12846,N,98.3333333333333,3,324
13297,61,1.3229595,318,12505,N,101.666666666667,3,324
13679,62,1.40200425,337,13297,N,103.333333333333,3,324
13743,63,1.41032475,339,13679,N,105,3,324
14930,64,1.66826025,401,13743,N,106.666666666667,3,324
14319,65,1.56841425,377,14930,N,108.333333333333,3,324
14547,66,1.85131125,445,14319,N,110,3,324
14312,67,1.85963175,447,14547,N,111.666666666667,3,324
14083,68,1.98443925,477,14312,N,113.333333333333,3,324
14186,69,2.146689,516,14083,N,115,3,324
15359,70,1.065024,256,14186,Y,116.666666666667,4,324
2543,0,1.15238925,277,NA,N,0,0,325
2647,1,1.2064725,290,2543,N,1.66666666666667,0,325
2539,2,1.16903025,281,2647,N,3.33333333333333,0,325
2880,3,1.314639,316,2539,N,5,0,325
2537,4,1.297998,312,2880,N,6.66666666666667,0,325
2955,5,1.4727285,354,2537,N,8.33333333333333,0,325
2624,6,1.3895235,334,2955,N,10,0,325
2566,7,1.347921,324,2624,N,11.6666666666667,0,325
3613,8,1.48520925,357,2566,N,13.3333333333333,0,325
4112,9,1.4560875,350,3613,N,15,0,325
4045,10,1.61833725,389,4112,N,16.6666666666667,0,325
3884,11,1.75978575,423,4045,N,18.3333333333333,0,325
4422,12,1.60169625,385,3884,N,20,0,325
3663,13,1.5892155,382,4422,N,21.6666666666667,0,325
3974,14,1.54345275,371,3663,N,23.3333333333333,0,325
3916,15,1.75146525,421,3974,N,25,0,325
4993,16,1.6224975,390,3916,N,26.6666666666667,0,325
5287,17,1.447767,348,4993,N,28.3333333333333,0,325
5030,18,1.4893695,358,5287,N,30,0,325
4986,19,1.6224975,390,5030,N,31.6666666666667,0,325
5804,20,1.7889075,430,4986,N,33.3333333333333,0,325
5753,21,1.82634975,439,5804,N,35,0,325
5013,22,2.1882915,526,5753,N,36.6666666666667,0,325
5500,23,2.6043165,626,5013,N,38.3333333333333,0,325
7197,24,2.629278,632,5500,N,40,0,325
6173,25,1.46024775,351,7197,Y,41.6666666666667,1,325
7092,26,1.33544025,321,6173,N,43.3333333333333,1,325
6828,27,1.36872225,329,7092,N,45,1,325
6787,28,1.40200425,337,6828,N,46.6666666666667,1,325
6210,29,1.530972,368,6787,N,48.3333333333333,1,325
6968,30,1.60169625,385,6210,N,50,1,325
6289,31,1.4727285,354,6968,N,51.6666666666667,1,325
7550,32,1.65993975,399,6289,N,53.3333333333333,1,325
8391,33,1.597536,384,7550,N,55,1,325
7954,34,1.84299075,443,8391,N,56.6666666666667,1,325
7607,35,1.80138825,433,7954,N,58.3333333333333,1,325
8432,36,1.99275975,479,7607,N,60,1,325
8127,37,2.030202,488,8432,N,61.6666666666667,1,325
7532,38,2.4046245,578,8127,N,63.3333333333333,1,325
8665,39,2.4711885,594,7532,N,65,1,325
9042,40,1.15238925,277,8665,Y,66.6666666666667,2,325
8857,41,1.32711975,319,9042,N,68.3333333333333,2,325
9438,42,1.2231135,294,8857,N,70,2,325
9235,43,1.70986275,411,9438,N,71.6666666666667,2,325
9634,44,1.397844,336,9235,N,73.3333333333333,2,325
9843,45,1.4228055,342,9634,N,75,2,325
10160,46,1.70154225,409,9843,N,76.6666666666667,2,325
10129,47,1.763946,424,10160,N,78.3333333333333,2,325
10881,48,2.27565675,547,10129,N,80,2,325
11161,50,2.40878475,579,10881,N,83.3333333333333,2,325
11808,51,1.06918425,257,11161,Y,85,3,325
11102,52,1.297998,312,11808,N,86.6666666666667,3,325
11735,53,1.1399085,274,11102,N,88.3333333333333,3,325
11458,54,1.314639,316,11735,N,90,3,325
10871,55,1.397844,336,11458,N,91.6666666666667,3,325
12886,56,1.32711975,319,10871,N,93.3333333333333,3,325
12734,57,1.31879925,317,12886,N,95,3,325
12829,58,1.5559335,374,12734,N,96.6666666666667,3,325
12482,59,1.70154225,409,12829,N,98.3333333333333,3,325
13210,60,1.75978575,423,12482,N,100,3,325
13281,61,1.93451625,465,13210,N,101.666666666667,3,325
13671,62,1.7889075,430,13281,N,103.333333333333,3,325
13736,63,2.12588775,511,13671,N,105,3,325
15366,64,2.35886175,567,13736,N,106.666666666667,3,325
15059,65,2.20077225,529,15366,N,108.333333333333,3,325
15185,66,0.93605625,225,15059,Y,110,4,325
15035,67,1.031742,248,15185,N,111.666666666667,4,325
14904,68,1.02758175,247,15035,N,113.333333333333,4,325
2597,0,1.564254,376,NA,N,0,0,326
2723,1,1.6641,400,2597,N,1.66666666666667,0,326
2752,2,1.70986275,411,2723,N,3.33333333333333,0,326
2916,3,1.80138825,433,2752,N,5,0,326
2603,4,1.90123425,457,2916,N,6.66666666666667,0,326
3046,5,1.90955475,459,2603,N,8.33333333333333,0,326
2679,6,1.9220355,462,3046,N,10,0,326
2615,7,1.9885995,478,2679,N,11.6666666666667,0,326
3636,8,1.98443925,477,2615,N,13.3333333333333,0,326
4169,9,2.179971,524,3636,N,15,0,326
4098,10,2.1050865,506,4169,N,16.6666666666667,0,326
3928,11,2.08428525,501,4098,N,18.3333333333333,0,326
4441,12,2.20077225,529,3928,N,20,0,326
3674,13,2.20909275,531,4441,N,21.6666666666667,0,326
4023,14,2.25069525,541,3674,N,23.3333333333333,0,326
3955,15,2.33390025,561,4023,N,25,0,326
5040,16,2.30893875,555,3955,N,26.6666666666667,0,326
5338,17,1.14406875,275,5040,Y,28.3333333333333,1,326
5086,18,1.21895325,293,5338,N,30,1,326
5038,19,1.2563955,302,5086,N,31.6666666666667,1,326
5824,20,1.30215825,313,5038,N,33.3333333333333,1,326
5774,21,1.35208125,325,5824,N,35,1,326
5073,22,1.3396005,322,5774,N,36.6666666666667,1,326
5528,23,1.447767,348,5073,N,38.3333333333333,1,326
7219,24,1.4727285,354,5528,N,40,1,326
6217,25,1.55177325,373,7219,N,41.6666666666667,1,326
7112,26,1.6224975,390,6217,N,43.3333333333333,1,326
6860,27,1.80970875,435,7112,N,45,1,326
6825,28,1.98443925,477,6860,N,46.6666666666667,1,326
6246,29,2.113407,508,6825,N,48.3333333333333,1,326
7011,30,2.18413125,525,6246,N,50,1,326
6333,31,2.080125,500,7011,N,51.6666666666667,1,326
7624,32,1.12742775,271,6333,Y,53.3333333333333,2,326
8416,33,1.1565495,278,7624,N,55,2,326
7972,34,1.198152,288,8416,N,56.6666666666667,2,326
7644,35,1.464408,352,7972,N,58.3333333333333,2,326
8463,36,1.4893695,358,7644,N,60,2,326
8152,37,1.42696575,343,8463,N,61.6666666666667,2,326
7683,38,1.49352975,359,8152,N,63.3333333333333,2,326
8683,39,1.66826025,401,7683,N,65,2,326
9057,40,1.580895,380,8683,N,66.6666666666667,2,326
8876,41,1.68490125,405,9057,N,68.3333333333333,2,326
9457,42,1.647459,396,8876,N,70,2,326
9257,43,1.82634975,439,9457,N,71.6666666666667,2,326
9653,44,1.85963175,447,9257,N,73.3333333333333,2,326
9879,45,2.10092625,505,9653,N,75,2,326
10202,46,2.33390025,561,9879,N,76.6666666666667,2,326
10175,47,2.4046245,578,10202,N,78.3333333333333,2,326
10537,48,2.23405425,537,10175,N,80,2,326
11966,49,1.13574825,273,10537,Y,81.6666666666667,3,326
10988,50,1.17735075,283,11966,N,83.3333333333333,3,326
11699,51,1.26055575,303,10988,N,85,3,326
11034,52,1.30215825,313,11699,N,86.6666666666667,3,326
11638,53,1.38536325,333,11034,N,88.3333333333333,3,326
11351,54,1.53513225,369,11638,N,90,3,326
10689,55,1.5060105,362,11351,N,91.6666666666667,3,326
12781,56,1.48520925,357,10689,N,93.3333333333333,3,326
12560,57,1.64329875,395,12781,N,95,3,326
12592,58,1.5392925,370,12560,N,96.6666666666667,3,326
12404,59,1.9053945,458,12592,N,98.3333333333333,3,326
13107,60,1.763946,424,12404,N,100,3,326
13179,61,1.9553175,470,13107,N,101.666666666667,3,326
13608,62,2.40878475,579,13179,N,103.333333333333,3,326
13570,63,2.64175875,635,13608,N,105,3,326
15298,64,2.7208035,654,13570,N,106.666666666667,3,326
14843,65,1.4228055,342,15298,Y,108.333333333333,4,326
15043,66,1.4394465,346,14843,N,110,4,326
14815,67,1.4727285,354,15043,N,111.666666666667,4,326
2393,0,1.364562,328,NA,N,0,0,327
2335,1,1.431126,344,2393,N,1.66666666666667,0,327
2457,2,1.564254,376,2335,N,3.33333333333333,0,327
2447,3,1.6058565,386,2457,N,5,0,327
2407,4,1.63497825,393,2447,N,6.66666666666667,0,327
2424,5,1.79306775,431,2407,N,8.33333333333333,0,327
2489,6,1.7556255,422,2424,N,10,0,327
2448,7,1.813869,436,2489,N,11.6666666666667,0,327
3539,8,1.8388305,442,2448,N,13.3333333333333,0,327
4016,9,1.9053945,458,3539,N,15,0,327
3958,10,1.94283675,467,4016,N,16.6666666666667,0,327
3794,11,1.980279,476,3958,N,18.3333333333333,0,327
4382,12,2.1550095,518,3794,N,20,0,327
3615,13,2.18413125,525,4382,N,21.6666666666667,0,327
3866,14,2.24237475,539,3615,N,23.3333333333333,0,327
3808,15,2.28397725,549,3866,N,25,0,327
4892,16,2.28397725,549,3808,N,26.6666666666667,0,327
5173,17,2.21741325,533,4892,N,28.3333333333333,0,327
4927,18,1.16070975,279,5173,Y,30,1,327
4855,19,1.14406875,275,4927,N,31.6666666666667,1,327
5757,20,1.1399085,274,4855,N,33.3333333333333,1,327
5715,21,1.20231225,289,5757,N,35,1,327
4906,22,1.16903025,281,5715,N,36.6666666666667,1,327
5463,23,1.36040175,327,4906,N,38.3333333333333,1,327
6991,24,1.3396005,322,5463,N,40,1,327
6112,25,1.29383775,311,6991,N,41.6666666666667,1,327
7027,26,1.41032475,339,6112,N,43.3333333333333,1,327
6769,27,1.6557795,398,7027,N,45,1,327
6733,28,1.79306775,431,6769,N,46.6666666666667,1,327
6152,29,1.85963175,447,6733,N,48.3333333333333,1,327
6857,30,1.99275975,479,6152,N,50,1,327
6205,31,1.963638,472,6857,N,51.6666666666667,1,327
7462,32,2.15084925,517,6205,N,53.3333333333333,1,327
8333,33,2.229894,536,7462,N,55,1,327
7933,34,2.4878295,598,8333,N,56.6666666666667,1,327
7584,35,2.363022,568,7933,N,58.3333333333333,1,327
8375,36,1.314639,316,7584,Y,60,2,327
8101,37,1.50185025,361,8375,N,61.6666666666667,2,327
7505,38,1.51849125,365,8101,N,63.3333333333333,2,327
8644,39,1.64329875,395,7505,N,65,2,327
9023,40,1.714023,412,8644,N,66.6666666666667,2,327
8839,41,1.75978575,423,9023,N,68.3333333333333,2,327
9421,42,1.81802925,437,8839,N,70,2,327
9217,43,1.89291375,455,9421,N,71.6666666666667,2,327
9615,44,2.2049325,530,9217,N,73.3333333333333,2,327
9824,45,2.32974,560,9615,N,75,2,327
10124,46,2.57519475,619,9824,N,76.6666666666667,2,327
10089,47,2.74992525,661,10124,N,78.3333333333333,2,327
10497,48,2.74992525,661,10089,N,80,2,327
11927,49,2.34222075,563,10497,N,81.6666666666667,2,327
10803,50,1.26887625,305,11927,Y,83.3333333333333,3,327
11609,51,1.33128,320,10803,N,85,3,327
10966,52,1.30215825,313,11609,N,86.6666666666667,3,327
11498,53,1.6224975,390,10966,N,88.3333333333333,3,327
11291,54,1.5392925,370,11498,N,90,3,327
10648,55,1.57673475,379,11291,N,91.6666666666667,3,327
12671,56,1.75978575,423,10648,N,93.3333333333333,3,327
12341,57,1.79306775,431,12671,N,95,3,327
12260,59,1.88459325,453,12341,N,98.3333333333333,3,327
13099,61,2.096766,504,12260,N,101.666666666667,3,327
13491,62,1.946997,468,13099,N,103.333333333333,3,327
13478,63,1.048383,252,13491,Y,105,4,327
15244,64,1.11910725,269,13478,N,106.666666666667,4,327
14711,65,1.2563955,302,15244,N,108.333333333333,4,327
14882,66,1.27719675,307,14711,N,110,4,327
14674,67,1.314639,316,14882,N,111.666666666667,4,327
14505,68,1.381203,332,14674,N,113.333333333333,4,327
14583,69,1.4394465,346,14505,N,115,4,327
15455,70,1.49352975,359,14583,N,116.666666666667,4,327
2228,0,1.33544025,321,NA,N,0,0,328
2179,1,1.031742,248,2228,N,1.66666666666667,0,328
2271,2,0.99429975,239,2179,N,3.33333333333333,0,328
2269,3,1.281357,308,2271,N,5,0,328
2248,4,1.25223525,301,2269,N,6.66666666666667,0,328
2221,5,1.431126,344,2248,N,8.33333333333333,0,328
2266,6,1.46856825,353,2221,N,10,0,328
2304,7,1.46856825,353,2266,N,11.6666666666667,0,328
3438,8,1.47688875,355,2304,N,13.3333333333333,0,328
3879,9,1.580895,380,3438,N,15,0,328
3314,10,1.61001675,387,3879,N,16.6666666666667,0,328
3614,11,1.6391385,394,3314,N,18.3333333333333,0,328
3453,12,1.56841425,377,3614,N,20,0,328
3534,13,1.647459,396,3453,N,21.6666666666667,0,328
3733,14,1.66826025,401,3534,N,23.3333333333333,0,328
3644,15,1.9053945,458,3733,N,25,0,328
4761,16,1.84299075,443,3644,N,26.6666666666667,0,328
5035,17,1.8388305,442,4761,N,28.3333333333333,0,328
4800,18,2.0052405,482,5035,N,30,0,328
4730,19,2.29229775,551,4800,N,31.6666666666667,0,328
5672,20,2.00940075,483,4730,N,33.3333333333333,0,328
5641,21,0.965178,232,5672,Y,35,1,328
4780,22,1.0400625,250,5641,N,36.6666666666667,1,328
4749,23,1.0733445,258,4780,N,38.3333333333333,1,328
6690,24,1.1232675,270,4749,N,40,1,328
6042,25,1.19399175,287,6690,N,41.6666666666667,1,328
6597,26,1.2563955,302,6042,N,43.3333333333333,1,328
6581,27,1.31879925,317,6597,N,45,1,328
6640,28,1.48520925,357,6581,N,46.6666666666667,1,328
6058,29,1.75146525,421,6640,N,48.3333333333333,1,328
6747,30,1.847151,444,6058,N,50,1,328
6102,31,1.763946,424,6747,N,51.6666666666667,1,328
7430,32,1.9553175,470,6102,N,53.3333333333333,1,328
8235,33,2.0218815,486,7430,N,55,1,328
7900,34,1.99692,480,8235,N,56.6666666666667,1,328
7555,35,0.931896,224,7900,Y,58.3333333333333,2,328
8301,36,0.96933825,233,7555,N,60,2,328
8077,37,1.1399085,274,8301,N,61.6666666666667,2,328
7479,38,1.16070975,279,8077,N,63.3333333333333,2,328
8618,39,1.22727375,295,7479,N,65,2,328
8998,40,1.24391475,299,8618,N,66.6666666666667,2,328
8812,41,1.364562,328,8998,N,68.3333333333333,2,328
9390,42,1.33128,320,8812,N,70,2,328
9183,43,1.45192725,349,9390,N,71.6666666666667,2,328
9585,44,1.50185025,361,9183,N,73.3333333333333,2,328
9786,45,1.67658075,403,9585,N,75,2,328
10014,46,1.61001675,387,9786,N,76.6666666666667,2,328
9998,47,1.747305,420,10014,N,78.3333333333333,2,328
10461,48,1.82634975,439,9998,N,80,2,328
11894,49,2.0052405,482,10461,N,81.6666666666667,2,328
10768,50,1.9885995,478,11894,N,83.3333333333333,2,328
11570,51,2.06764425,497,10768,N,85,2,328
10395,52,2.17581075,523,11570,N,86.6666666666667,2,328
11391,53,2.40878475,579,10395,N,88.3333333333333,2,328
11234,54,1.21895325,293,11391,Y,90,3,328
10608,55,1.248075,300,11234,N,91.6666666666667,3,328
12416,56,1.33128,320,10608,N,93.3333333333333,3,328
12234,57,1.37704275,331,12416,N,95,3,328
12304,58,1.1565495,278,12234,N,96.6666666666667,3,328
12186,59,1.22727375,295,12304,N,98.3333333333333,3,328
12992,60,1.381203,332,12186,N,100,3,328
13040,61,1.447767,348,12992,N,101.666666666667,3,328
13424,62,1.580895,380,13040,N,103.333333333333,3,328
13410,63,1.913715,460,13424,N,105,3,328
15186,64,1.780587,428,13410,N,106.666666666667,3,328
14548,65,1.780587,428,15186,N,108.333333333333,3,328
14779,66,2.10924675,507,14548,N,110,3,328
14559,67,2.15916975,519,14779,N,111.666666666667,3,328
14377,68,1.0567035,254,14559,Y,113.333333333333,4,328
14441,69,1.0234215,246,14377,N,115,4,328
15427,70,1.131588,272,14441,N,116.666666666667,4,328
