Spot.ID,Frame,Area,Quality,Source.spot.ID,IF_Divided,Time,generation_count,track
2268,0,1.29383775,311,NA,N,0,0,1
2308,1,1.4228055,342,2268,N,1.66666666666667,0,1
2292,2,1.49769,360,2308,N,3.33333333333333,0,1
2410,3,1.50185025,361,2292,N,5,0,1
2356,4,1.647459,396,2410,N,6.66666666666667,0,1
2415,5,1.6391385,394,2356,N,8.33333333333333,0,1
2028,6,1.75146525,421,2415,N,10,0,1
2277,7,1.81802925,437,2028,N,11.6666666666667,0,1
3391,8,1.83051,440,2277,N,13.3333333333333,0,1
3583,9,1.85131125,445,3391,N,15,0,1
3286,10,1.88459325,453,3583,N,16.6666666666667,0,1
3461,11,2.0551635,494,3286,N,18.3333333333333,0,1
3847,12,2.05100325,493,3461,N,20,0,1
3257,13,2.20077225,529,3847,N,21.6666666666667,0,1
3163,14,2.279817,548,3257,N,23.3333333333333,0,1
3656,15,2.63343825,633,3163,N,25,0,1
4471,16,2.745765,660,3656,N,26.6666666666667,0,1
4465,17,2.50863075,603,4471,N,28.3333333333333,0,1
4549,18,2.3547015,566,4465,N,30,0,1
4385,19,2.50031025,601,4549,N,31.6666666666667,0,1
4720,20,1.248075,300,4385,Y,33.3333333333333,1,1
4519,21,1.15238925,277,4720,N,35,1,1
5348,22,1.31879925,317,4519,N,36.6666666666667,1,1
4521,23,1.36040175,327,5348,N,38.3333333333333,1,1
6364,24,1.56009375,375,4521,N,40,1,1
5712,25,1.62665775,391,6364,N,41.6666666666667,1,1
5599,26,1.78474725,429,5712,N,43.3333333333333,1,1
5801,27,1.85963175,447,5599,N,45,1,1
5843,28,1.930356,464,5801,N,46.6666666666667,1,1
5851,29,1.98443925,477,5843,N,48.3333333333333,1,1
5773,30,2.05932375,495,5851,N,50,1,1
6573,31,2.279817,548,5773,N,51.6666666666667,1,1
7703,32,2.2881375,550,6573,N,53.3333333333333,1,1
7104,33,2.512791,604,7703,N,55,1,1
2271,0,1.04422275,251,NA,N,0,0,2
2314,1,1.01926125,245,2271,N,1.66666666666667,0,2
2295,2,1.0733445,258,2314,N,3.33333333333333,0,2
2412,3,1.16070975,279,2295,N,5,0,2
2366,4,1.16487,280,2412,N,6.66666666666667,0,2
2419,5,1.314639,316,2366,N,8.33333333333333,0,2
2029,6,1.18567125,285,2419,N,10,0,2
2282,7,1.2231135,294,2029,N,11.6666666666667,0,2
3394,8,1.27719675,307,2282,N,13.3333333333333,0,2
3587,9,1.181511,284,3394,N,15,0,2
3288,10,1.4893695,358,3587,N,16.6666666666667,0,2
3469,11,1.28551725,309,3288,N,18.3333333333333,0,2
3855,12,1.30215825,313,3469,N,20,0,2
3259,13,1.4061645,338,3855,N,21.6666666666667,0,2
3164,14,1.52681175,367,3259,N,23.3333333333333,0,2
3669,15,1.5226515,366,3164,N,25,0,2
4482,16,1.28551725,309,3669,N,26.6666666666667,0,2
4469,17,1.61001675,387,4482,N,28.3333333333333,0,2
4553,18,1.5060105,362,4469,N,30,0,2
4386,19,1.68490125,405,4553,N,31.6666666666667,0,2
4726,20,1.7389845,418,4386,N,33.3333333333333,0,2
4530,21,1.80138825,433,4726,N,35,0,2
5350,22,1.91787525,461,4530,N,36.6666666666667,0,2
4526,23,2.2714965,546,5350,N,38.3333333333333,0,2
6366,24,2.64175875,635,4526,N,40,0,2
5715,25,2.5710345,618,6366,N,41.6666666666667,0,2
5601,26,2.45870775,591,5715,N,43.3333333333333,0,2
5810,27,2.37550275,571,5601,N,45,0,2
5854,28,1.431126,344,5810,Y,46.6666666666667,1,2
2899,0,1.05254325,253,NA,N,0,0,3
2828,1,1.048383,252,2899,N,1.66666666666667,0,3
2700,2,0.9568575,230,2828,N,3.33333333333333,0,3
2968,3,1.098306,264,2700,N,5,0,3
3093,4,0.99429975,239,2968,N,6.66666666666667,0,3
2841,5,1.13574825,273,3093,N,8.33333333333333,0,3
2116,6,1.1399085,274,2841,N,10,0,3
2932,7,1.297998,312,2116,N,11.6666666666667,0,3
3903,8,1.46856825,353,2932,N,13.3333333333333,0,3
2904,0,0.51171075,123,NA,N,0,0,4
2832,1,0.5408325,130,2904,N,1.66666666666667,0,4
2702,2,0.5241915,126,2832,N,3.33333333333333,0,4
2970,3,0.58659525,141,2702,N,5,0,4
3095,4,0.52003125,125,2970,N,6.66666666666667,0,4
2845,5,0.5907555,142,3095,N,8.33333333333333,0,4
2117,6,0.54499275,131,2845,N,10,0,4
2934,7,0.49506975,119,2117,N,11.6666666666667,0,4
3906,8,0.532512,128,2934,N,13.3333333333333,0,4
4116,9,0.5408325,130,3906,N,15,0,4
4183,10,0.6073965,146,4116,N,16.6666666666667,0,4
3990,11,0.57827475,139,4183,N,18.3333333333333,0,4
4256,12,0.632358,152,3990,N,20,0,4
3710,13,0.515871,124,4256,N,21.6666666666667,0,4
3460,14,0.50339025,121,3710,N,23.3333333333333,0,4
4247,15,0.56995425,137,3460,N,25,0,4
5007,16,0.549153,132,4247,N,26.6666666666667,0,4
4897,17,0.56163375,135,5007,N,28.3333333333333,0,4
5212,18,0.47842875,115,4897,N,30,0,4
5441,22,0.46178775,111,5212,N,36.6666666666667,0,4
5110,23,0.482589,116,5441,N,38.3333333333333,0,4
8582,43,0.416025,100,5110,N,71.6666666666667,0,4
10076,51,0.5907555,142,8582,N,85,0,4
10728,53,0.54499275,131,10076,N,88.3333333333333,0,4
12139,55,0.4909095,118,10728,N,91.6666666666667,0,4
12429,56,0.549153,132,12139,N,93.3333333333333,0,4
13414,63,0.5408325,130,12429,N,105,0,4
13093,64,0.582435,140,13414,N,106.666666666667,0,4
2279,0,0.72804375,175,NA,N,0,0,5
2326,1,0.6739605,162,2279,N,1.66666666666667,0,5
2299,2,0.64483875,155,2326,N,3.33333333333333,0,5
2414,3,0.6406785,154,2299,N,5,0,5
2368,4,0.66980025,161,2414,N,6.66666666666667,0,5
2421,5,0.6406785,154,2368,N,8.33333333333333,0,5
2030,6,0.70308225,169,2421,N,10,0,5
2285,7,0.70308225,169,2030,N,11.6666666666667,0,5
3402,8,0.648999,156,2285,N,13.3333333333333,0,5
3598,9,0.71972325,173,3402,N,15,0,5
3290,10,0.68644125,165,3598,N,16.6666666666667,0,5
3480,11,0.69476175,167,3290,N,18.3333333333333,0,5
3868,12,0.71140275,171,3480,N,20,0,5
3263,13,0.682281,164,3868,N,21.6666666666667,0,5
3166,14,0.8070885,194,3263,N,23.3333333333333,0,5
3680,15,0.68644125,165,3166,N,25,0,5
4491,16,0.71140275,171,3680,N,26.6666666666667,0,5
4477,17,0.71972325,173,4491,N,28.3333333333333,0,5
4563,18,0.698922,168,4477,N,30,0,5
4388,19,0.69476175,167,4563,N,31.6666666666667,0,5
4745,20,0.6906015,166,4388,N,33.3333333333333,0,5
4538,21,0.6073965,146,4745,N,35,0,5
5352,22,0.6906015,166,4538,N,36.6666666666667,0,5
4536,23,0.68644125,165,5352,N,38.3333333333333,0,5
6370,24,0.6573195,158,4536,N,40,0,5
5824,27,0.68644125,165,6370,N,45,0,5
9160,42,0.6240375,150,5824,N,70,0,5
8309,43,0.62819775,151,9160,N,71.6666666666667,0,5
8867,45,0.6573195,158,8309,N,75,0,5
8624,46,0.648999,156,8867,N,76.6666666666667,0,5
9536,49,0.565794,136,8624,N,81.6666666666667,0,5
10711,50,0.565794,136,9536,N,83.3333333333333,0,5
9656,51,0.56995425,137,10711,N,85,0,5
10143,52,0.66147975,159,9656,N,86.6666666666667,0,5
10353,53,0.66564,160,10143,N,88.3333333333333,0,5
9581,54,0.7238835,174,10353,N,90,0,5
10956,55,0.80292825,193,9581,N,91.6666666666667,0,5
11148,56,0.732204,176,10956,N,93.3333333333333,0,5
11077,57,0.60323625,145,11148,N,95,0,5
13871,64,0.449307,108,11077,N,106.666666666667,0,5
2283,0,1.04422275,251,NA,N,0,0,6
2329,1,1.031742,248,2283,N,1.66666666666667,0,6
2305,2,1.11910725,269,2329,N,3.33333333333333,0,6
2417,3,1.16070975,279,2305,N,5,0,6
2369,4,1.214793,292,2417,N,6.66666666666667,0,6
2425,5,1.3063185,314,2369,N,8.33333333333333,0,6
2031,6,1.347921,324,2425,N,10,0,6
2289,7,1.33128,320,2031,N,11.6666666666667,0,6
3406,8,1.44360675,347,2289,N,13.3333333333333,0,6
3603,9,1.3728825,330,3406,N,15,0,6
3291,10,1.4228055,342,3603,N,16.6666666666667,0,6
3488,11,1.4560875,350,3291,N,18.3333333333333,0,6
3876,12,1.4560875,350,3488,N,20,0,6
3268,13,1.514331,364,3876,N,21.6666666666667,0,6
3167,14,1.56009375,375,3268,N,23.3333333333333,0,6
3687,15,1.614177,388,3167,N,25,0,6
4498,16,1.70154225,409,3687,N,26.6666666666667,0,6
4483,17,1.70154225,409,4498,N,28.3333333333333,0,6
4569,18,1.813869,436,4483,N,30,0,6
4389,19,1.83467025,441,4569,N,31.6666666666667,0,6
4753,20,1.85963175,447,4389,N,33.3333333333333,0,6
4548,21,2.1217275,510,4753,N,35,0,6
5353,22,2.19245175,527,4548,N,36.6666666666667,0,6
4541,23,1.114947,268,5353,Y,38.3333333333333,1,6
6372,24,1.1565495,278,4541,N,40,1,6
5720,25,1.2064725,290,6372,N,41.6666666666667,1,6
5603,26,1.33128,320,5720,N,43.3333333333333,1,6
5829,27,1.37704275,331,5603,N,45,1,6
5869,28,1.580895,380,5829,N,46.6666666666667,1,6
5870,29,1.58505525,381,5869,N,48.3333333333333,1,6
5799,30,1.65161925,397,5870,N,50,1,6
6577,31,1.78474725,429,5799,N,51.6666666666667,1,6
7707,32,1.930356,464,6577,N,53.3333333333333,1,6
7129,33,1.90955475,459,7707,N,55,1,6
6743,34,1.83467025,441,7129,N,56.6666666666667,1,6
7060,35,1.8388305,442,6743,N,58.3333333333333,1,6
7149,36,2.40046425,577,7060,N,60,1,6
6925,37,2.12588775,511,7149,N,61.6666666666667,1,6
7145,38,2.4212655,582,6925,N,63.3333333333333,1,6
7913,39,2.363022,568,7145,N,65,1,6
8088,40,1.29383775,311,7913,Y,66.6666666666667,2,6
8523,41,1.314639,316,8088,N,68.3333333333333,2,6
9207,42,1.3063185,314,8523,N,70,2,6
8407,43,1.47688875,355,9207,N,71.6666666666667,2,6
8266,44,1.56841425,377,8407,N,73.3333333333333,2,6
8961,45,1.51849125,365,8266,N,75,2,6
8755,46,1.70154225,409,8961,N,76.6666666666667,2,6
9385,47,1.6557795,398,8755,N,78.3333333333333,2,6
10450,48,1.747305,420,9385,N,80,2,6
9697,49,1.90123425,457,10450,N,81.6666666666667,2,6
10808,50,1.93451625,465,9697,N,83.3333333333333,2,6
9796,51,2.2714965,546,10808,N,85,2,6
10197,52,2.06764425,497,9796,N,86.6666666666667,2,6
10472,53,2.35886175,567,10197,N,88.3333333333333,2,6
9635,54,2.3713425,570,10472,N,90,2,6
11326,55,2.3547015,566,9635,N,91.6666666666667,2,6
11541,56,1.31047875,315,11326,Y,93.3333333333333,3,6
11395,57,1.2397545,298,11541,N,95,3,6
11996,58,1.281357,308,11395,N,96.6666666666667,3,6
11336,59,1.381203,332,11996,N,98.3333333333333,3,6
11205,60,1.36040175,327,11336,N,100,3,6
11422,61,1.3562415,326,11205,N,101.666666666667,3,6
11391,62,1.6641,400,11422,N,103.333333333333,3,6
13656,63,1.63497825,393,11391,N,105,3,6
13247,64,1.7389845,418,13656,N,106.666666666667,3,6
13285,65,1.76810625,425,13247,N,108.333333333333,3,6
12807,66,1.80970875,435,13285,N,110,3,6
14579,67,2.1882915,526,12807,N,111.666666666667,3,6
14556,68,2.14252875,515,14579,N,113.333333333333,3,6
13675,69,2.46702825,593,14556,N,115,3,6
14471,70,2.56687425,617,13675,N,116.666666666667,3,6
2918,0,1.00262025,241,NA,N,0,0,7
2843,1,1.02758175,247,2918,N,1.66666666666667,0,7
2763,2,1.14406875,275,2843,N,3.33333333333333,0,7
2980,3,1.14406875,275,2763,N,5,0,7
3099,4,1.14406875,275,2980,N,6.66666666666667,0,7
2854,5,1.231434,296,3099,N,8.33333333333333,0,7
2118,6,1.27719675,307,2854,N,10,0,7
2936,7,1.19399175,287,2118,N,11.6666666666667,0,7
3915,8,1.414485,340,2936,N,13.3333333333333,0,7
4122,9,1.37704275,331,3915,N,15,0,7
4185,10,1.314639,316,4122,N,16.6666666666667,0,7
4002,11,1.36872225,329,4185,N,18.3333333333333,0,7
4257,12,1.48520925,357,4002,N,20,0,7
3721,13,1.36872225,329,4257,N,21.6666666666667,0,7
3472,14,1.32711975,319,3721,N,23.3333333333333,0,7
4265,15,1.49352975,359,3472,N,25,0,7
5017,16,1.52681175,367,4265,N,26.6666666666667,0,7
4906,17,1.481049,356,5017,N,28.3333333333333,0,7
5213,18,1.530972,368,4906,N,30,0,7
5025,19,1.5226515,366,5213,N,31.6666666666667,0,7
5280,20,1.56009375,375,5025,N,33.3333333333333,0,7
5063,21,1.5559335,374,5280,N,35,0,7
5443,22,1.54345275,371,5063,N,36.6666666666667,0,7
5118,23,1.547613,372,5443,N,38.3333333333333,0,7
6510,24,1.5392925,370,5118,N,40,0,7
6121,25,1.5559335,374,6510,N,41.6666666666667,0,7
5688,26,1.5725745,378,6121,N,43.3333333333333,0,7
6269,27,1.7057025,410,5688,N,45,0,7
6337,28,1.61833725,389,6269,N,46.6666666666667,0,7
6304,29,1.62665775,391,6337,N,48.3333333333333,0,7
6258,30,1.6058565,386,6304,N,50,0,7
6668,31,1.597536,384,6258,N,51.6666666666667,0,7
7819,32,1.530972,368,6668,N,53.3333333333333,0,7
7571,33,1.57673475,379,7819,N,55,0,7
6845,34,1.647459,396,7571,N,56.6666666666667,0,7
7535,35,1.63497825,393,6845,N,58.3333333333333,0,7
7670,36,1.65993975,399,7535,N,60,0,7
7341,37,1.67658075,403,7670,N,61.6666666666667,0,7
7540,38,1.7057025,410,7341,N,63.3333333333333,0,7
8002,39,1.64329875,395,7540,N,65,0,7
8178,40,1.70986275,411,8002,N,66.6666666666667,0,7
8737,41,1.65993975,399,8178,N,68.3333333333333,0,7
9296,42,1.59337575,383,8737,N,70,0,7
8678,43,1.6224975,390,9296,N,71.6666666666667,0,7
8442,44,1.5226515,366,8678,N,73.3333333333333,0,7
9118,45,1.59337575,383,8442,N,75,0,7
8978,46,1.597536,384,9118,N,76.6666666666667,0,7
9487,47,1.597536,384,8978,N,78.3333333333333,0,7
10633,48,1.51849125,365,9487,N,80,0,7
10008,49,1.67658075,403,10633,N,81.6666666666667,0,7
10912,50,1.5892155,382,10008,N,83.3333333333333,0,7
10042,51,1.6058565,386,10912,N,85,0,7
10308,52,1.61833725,389,10042,N,86.6666666666667,0,7
10679,53,1.680741,404,10308,N,88.3333333333333,0,7
9896,54,1.74314475,419,10679,N,90,0,7
12008,55,1.67658075,403,9896,N,91.6666666666667,0,7
12316,56,1.59337575,383,12008,N,93.3333333333333,0,7
12295,57,1.61833725,389,12316,N,95,0,7
2532,0,1.0067805,242,NA,N,0,0,8
2592,1,1.031742,248,2532,N,1.66666666666667,0,8
2553,2,1.01926125,245,2592,N,3.33333333333333,0,8
2649,3,0.98597925,237,2553,N,5,0,8
2784,4,1.01926125,245,2649,N,6.66666666666667,0,8
2534,5,1.07750475,259,2784,N,8.33333333333333,0,8
2064,6,1.07750475,259,2534,N,10,0,8
2559,7,1.114947,268,2064,N,11.6666666666667,0,8
3605,8,1.12742775,271,2559,N,13.3333333333333,0,8
3830,9,1.181511,284,3605,N,15,0,8
3980,10,1.19399175,287,3830,N,16.6666666666667,0,8
3683,11,1.21063275,291,3980,N,18.3333333333333,0,8
4094,12,1.248075,300,3683,N,20,0,8
3405,13,1.21063275,291,4094,N,21.6666666666667,0,8
3248,14,1.2563955,302,3405,N,23.3333333333333,0,8
3926,15,1.3229595,318,3248,N,25,0,8
4774,16,1.32711975,319,3926,N,26.6666666666667,0,8
4633,17,1.29383775,311,4774,N,28.3333333333333,0,8
5163,18,1.32711975,319,4633,N,30,0,8
4768,19,1.381203,332,5163,N,31.6666666666667,0,8
5111,20,1.4394465,346,4768,N,33.3333333333333,0,8
4776,21,1.46856825,353,5111,N,35,0,8
5389,22,1.50185025,361,4776,N,36.6666666666667,0,8
4838,23,1.547613,372,5389,N,38.3333333333333,0,8
6428,24,1.564254,376,4838,N,40,0,8
5872,25,1.60169625,385,6428,N,41.6666666666667,0,8
5638,26,1.6058565,386,5872,N,43.3333333333333,0,8
6005,27,1.647459,396,5638,N,45,0,8
6046,28,1.714023,412,6005,N,46.6666666666667,0,8
6070,29,1.77642675,427,6046,N,48.3333333333333,0,8
5977,30,1.9553175,470,6070,N,50,0,8
6614,31,1.980279,476,5977,N,51.6666666666667,0,8
7764,32,2.113407,508,6614,N,53.3333333333333,0,8
7297,33,2.279817,548,7764,N,55,0,8
6775,34,2.4212655,582,7297,N,56.6666666666667,0,8
7229,35,0.99846,240,6775,Y,58.3333333333333,1,8
7315,36,1.1399085,274,7229,N,60,1,8
7126,37,1.23559425,297,7315,N,61.6666666666667,1,8
7300,38,1.347921,324,7126,N,63.3333333333333,1,8
7948,39,1.32711975,319,7300,N,65,1,8
8122,40,1.3895235,334,7948,N,66.6666666666667,1,8
8595,41,1.50185025,361,8122,N,68.3333333333333,1,8
9237,42,1.56841425,377,8595,N,70,1,8
8507,43,1.69322175,407,9237,N,71.6666666666667,1,8
8297,44,1.6641,400,8507,N,73.3333333333333,1,8
9036,45,1.84299075,443,8297,N,75,1,8
8844,46,1.763946,424,9036,N,76.6666666666667,1,8
9421,47,1.93451625,465,8844,N,78.3333333333333,1,8
10507,48,1.9553175,470,9421,N,80,1,8
9798,49,2.196612,528,10507,N,81.6666666666667,1,8
10843,50,2.18413125,525,9798,N,83.3333333333333,1,8
9951,51,2.196612,528,10843,N,85,1,8
10239,52,2.1383685,514,9951,N,86.6666666666667,1,8
10551,53,2.1550095,518,10239,N,88.3333333333333,1,8
9742,54,2.196612,528,10551,N,90,1,8
11553,55,2.06764425,497,9742,N,91.6666666666667,1,8
11797,56,2.12588775,511,11553,N,93.3333333333333,1,8
11668,57,2.296458,552,11797,N,95,1,8
12303,58,2.25069525,541,11668,N,96.6666666666667,1,8
11618,59,2.146689,516,12303,N,98.3333333333333,1,8
12541,62,2.42542575,583,11618,N,103.333333333333,1,8
13955,63,2.3380605,562,12541,N,105,1,8
13706,64,2.279817,548,13955,N,106.666666666667,1,8
14324,65,2.313099,556,13706,N,108.333333333333,1,8
12976,66,1.95115725,469,14324,N,110,1,8
14724,67,2.51695125,605,12976,N,111.666666666667,1,8
14738,68,2.5543935,614,14724,N,113.333333333333,1,8
13845,69,1.98443925,477,14738,N,115,1,8
14722,70,2.16333,520,13845,N,116.666666666667,1,8
3070,0,0.8736525,210,NA,N,0,0,9
2848,1,0.96933825,233,3070,N,1.66666666666667,0,9
2769,2,0.95269725,229,2848,N,3.33333333333333,0,9
2984,3,0.98597925,237,2769,N,5,0,9
3100,4,1.031742,248,2984,N,6.66666666666667,0,9
2859,5,1.04422275,251,3100,N,8.33333333333333,0,9
2119,6,1.07750475,259,2859,N,10,0,9
2940,7,1.1232675,270,2119,N,11.6666666666667,0,9
3925,8,1.14406875,275,2940,N,13.3333333333333,0,9
4127,9,1.148229,276,3925,N,15,0,9
4186,10,1.231434,296,4127,N,16.6666666666667,0,9
4007,11,1.18567125,285,4186,N,18.3333333333333,0,9
4258,12,1.23559425,297,4007,N,20,0,9
3727,13,1.2730365,306,4258,N,21.6666666666667,0,9
3478,14,1.2563955,302,3727,N,23.3333333333333,0,9
4267,15,1.3063185,314,3478,N,25,0,9
5022,16,1.41864525,341,4267,N,26.6666666666667,0,9
4911,17,1.3396005,322,5022,N,28.3333333333333,0,9
5214,18,1.40200425,337,4911,N,30,0,9
5028,19,1.4061645,338,5214,N,31.6666666666667,0,9
5281,20,1.43528625,345,5028,N,33.3333333333333,0,9
5068,21,1.46856825,353,5281,N,35,0,9
5444,22,1.48520925,357,5068,N,36.6666666666667,0,9
5121,23,1.46024775,351,5444,N,38.3333333333333,0,9
6511,24,1.464408,352,5121,N,40,0,9
6126,25,1.530972,368,6511,N,41.6666666666667,0,9
5689,26,1.52681175,367,6126,N,43.3333333333333,0,9
6273,27,1.530972,368,5689,N,45,0,9
6339,28,1.57673475,379,6273,N,46.6666666666667,0,9
6306,29,1.5725745,378,6339,N,48.3333333333333,0,9
6263,30,1.61001675,387,6306,N,50,0,9
2291,0,0.91941525,221,NA,N,0,0,10
2338,1,0.83621025,201,2291,N,1.66666666666667,0,10
2317,2,0.8736525,210,2338,N,3.33333333333333,0,10
2427,3,1.031742,248,2317,N,5,0,10
2518,4,1.06086375,255,2427,N,6.66666666666667,0,10
2433,5,1.065024,256,2518,N,8.33333333333333,0,10
2034,6,1.12742775,271,2433,N,10,0,10
2320,7,1.264716,304,2034,N,11.6666666666667,0,10
3420,8,1.248075,300,2320,N,13.3333333333333,0,10
3622,9,1.2397545,298,3420,N,15,0,10
3767,10,1.297998,312,3622,N,16.6666666666667,0,10
3508,11,1.27719675,307,3767,N,18.3333333333333,0,10
3893,12,1.198152,288,3508,N,20,0,10
3281,13,1.21895325,293,3893,N,21.6666666666667,0,10
3171,14,1.24391475,299,3281,N,23.3333333333333,0,10
3705,15,1.47688875,355,3171,N,25,0,10
4515,16,1.364562,328,3705,N,26.6666666666667,0,10
4496,17,1.30215825,313,4515,N,28.3333333333333,0,10
4583,18,1.347921,324,4496,N,30,0,10
4400,19,1.29383775,311,4583,N,31.6666666666667,0,10
4775,20,1.30215825,313,4400,N,33.3333333333333,0,10
4564,21,1.3063185,314,4775,N,35,0,10
5357,22,1.3063185,314,4564,N,36.6666666666667,0,10
4567,23,1.40200425,337,5357,N,38.3333333333333,0,10
6380,24,1.281357,308,4567,N,40,0,10
5729,25,1.36872225,329,6380,N,41.6666666666667,0,10
5606,26,1.5060105,362,5729,N,43.3333333333333,0,10
5844,27,1.6724205,402,5606,N,45,0,10
5887,28,2.030202,488,5844,N,46.6666666666667,0,10
5889,29,2.29229775,551,5887,N,48.3333333333333,0,10
5816,30,2.4878295,598,5889,N,50,0,10
6580,31,2.2548555,542,5816,N,51.6666666666667,0,10
7711,32,2.645919,636,6580,N,53.3333333333333,0,10
7133,33,1.231434,296,7711,Y,55,1,10
6819,34,1.38536325,333,7133,N,56.6666666666667,1,10
3072,0,1.03590225,249,NA,N,0,0,11
2852,1,1.131588,272,3072,N,1.66666666666667,0,11
2772,2,1.15238925,277,2852,N,3.33333333333333,0,11
2987,3,1.1399085,274,2772,N,5,0,11
3101,4,1.16487,280,2987,N,6.66666666666667,0,11
2864,5,1.22727375,295,3101,N,8.33333333333333,0,11
2120,6,1.23559425,297,2864,N,10,0,11
2941,7,1.297998,312,2120,N,11.6666666666667,0,11
3930,8,1.181511,284,2941,N,13.3333333333333,0,11
4130,9,1.28551725,309,3930,N,15,0,11
4187,10,1.21895325,293,4130,N,16.6666666666667,0,11
4011,11,1.21063275,291,4187,N,18.3333333333333,0,11
4259,12,1.24391475,299,4011,N,20,0,11
3735,13,1.4228055,342,4259,N,21.6666666666667,0,11
3484,14,1.248075,300,3735,N,23.3333333333333,0,11
4269,15,1.21895325,293,3484,N,25,0,11
5027,16,1.28551725,309,4269,N,26.6666666666667,0,11
4915,17,1.24391475,299,5027,N,28.3333333333333,0,11
5215,18,1.38536325,333,4915,N,30,0,11
5038,19,1.264716,304,5215,N,31.6666666666667,0,11
5283,20,1.4061645,338,5038,N,33.3333333333333,0,11
5079,21,1.33544025,321,5283,N,35,0,11
5446,22,1.38536325,333,5079,N,36.6666666666667,0,11
5125,23,1.4560875,350,5446,N,38.3333333333333,0,11
6512,24,1.3063185,314,5125,N,40,0,11
6131,25,1.514331,364,6512,N,41.6666666666667,0,11
5690,26,1.58505525,381,6131,N,43.3333333333333,0,11
6277,27,1.580895,380,5690,N,45,0,11
6341,28,1.680741,404,6277,N,46.6666666666667,0,11
6313,29,1.66826025,401,6341,N,48.3333333333333,0,11
6267,30,1.63497825,393,6313,N,50,0,11
6669,31,1.52681175,367,6267,N,51.6666666666667,0,11
7820,32,1.39368375,335,6669,N,53.3333333333333,0,11
7574,33,1.481049,356,7820,N,55,0,11
6849,34,1.5892155,382,7574,N,56.6666666666667,0,11
7543,35,1.4727285,354,6849,N,58.3333333333333,0,11
7673,36,1.56009375,375,7543,N,60,0,11
7350,37,1.447767,348,7673,N,61.6666666666667,0,11
7548,38,1.49352975,359,7350,N,63.3333333333333,0,11
8004,39,1.58505525,381,7548,N,65,0,11
8180,40,1.5559335,374,8004,N,66.6666666666667,0,11
8743,41,1.431126,344,8180,N,68.3333333333333,0,11
9298,42,1.447767,348,8743,N,70,0,11
8684,43,1.41032475,339,9298,N,71.6666666666667,0,11
8448,44,1.3895235,334,8684,N,73.3333333333333,0,11
9120,45,1.43528625,345,8448,N,75,0,11
2535,0,0.60323625,145,NA,N,0,0,12
2597,1,0.565794,136,2535,N,1.66666666666667,0,12
2564,2,0.8736525,210,2597,N,3.33333333333333,0,12
2729,3,0.73636425,177,2564,N,5,0,12
2794,4,0.66564,160,2729,N,6.66666666666667,0,12
2537,5,0.765486,184,2794,N,8.33333333333333,0,12
2065,6,0.582435,140,2537,N,10,0,12
2563,7,0.532512,128,2065,N,11.6666666666667,0,12
3611,8,0.71140275,171,2563,N,13.3333333333333,0,12
3835,9,0.615717,148,3611,N,15,0,12
3984,10,0.96933825,233,3835,N,16.6666666666667,0,12
3688,11,0.71140275,171,3984,N,18.3333333333333,0,12
4099,12,0.66564,160,3688,N,20,0,12
3407,13,0.5741145,138,4099,N,21.6666666666667,0,12
3251,14,0.47842875,115,3407,N,23.3333333333333,0,12
3931,15,0.71140275,171,3251,N,25,0,12
4780,16,0.582435,140,3931,N,26.6666666666667,0,12
4636,17,0.58659525,141,4780,N,28.3333333333333,0,12
5164,18,0.5574735,134,4636,N,30,0,12
4772,19,0.51171075,123,5164,N,31.6666666666667,0,12
5117,20,0.4742685,114,4772,N,33.3333333333333,0,12
4781,21,0.46178775,111,5117,N,35,0,12
5390,22,0.549153,132,4781,N,36.6666666666667,0,12
4842,23,0.56995425,137,5390,N,38.3333333333333,0,12
6429,24,0.47010825,113,4842,N,40,0,12
5874,25,0.465948,112,6429,N,41.6666666666667,0,12
5639,26,0.45346725,109,5874,N,43.3333333333333,0,12
6007,27,0.47010825,113,5639,N,45,0,12
6050,28,0.41186475,99,6007,N,46.6666666666667,0,12
6072,29,0.482589,116,6050,N,48.3333333333333,0,12
5980,30,0.44514675,107,6072,N,50,0,12
6615,31,0.482589,116,5980,N,51.6666666666667,0,12
7765,32,0.46178775,111,6615,N,53.3333333333333,0,12
7299,33,0.47842875,115,7765,N,55,0,12
6776,34,0.37026225,89,7299,N,56.6666666666667,0,12
7302,38,0.34530075,83,6776,N,63.3333333333333,0,12
7949,39,0.31201875,75,7302,N,65,0,12
8123,40,0.4243455,102,7949,N,66.6666666666667,0,12
8596,41,0.432666,104,8123,N,68.3333333333333,0,12
9238,42,0.42018525,101,8596,N,70,0,12
8509,43,0.5241915,126,9238,N,71.6666666666667,0,12
8298,44,0.42018525,101,8509,N,73.3333333333333,0,12
9037,45,0.45346725,109,8298,N,75,0,12
8845,46,0.49506975,119,9037,N,76.6666666666667,0,12
9422,47,0.42850575,103,8845,N,78.3333333333333,0,12
10509,48,0.43682625,105,9422,N,80,0,12
9801,49,0.465948,112,10509,N,81.6666666666667,0,12
10844,50,0.4909095,118,9801,N,83.3333333333333,0,12
9952,51,0.55331325,133,10844,N,85,0,12
10240,52,0.4909095,118,9952,N,86.6666666666667,0,12
10553,53,0.61987725,149,10240,N,88.3333333333333,0,12
9745,54,0.5241915,126,10553,N,90,0,12
11557,55,0.56163375,135,9745,N,91.6666666666667,0,12
11802,56,0.7405245,178,11557,N,93.3333333333333,0,12
12936,65,0.49506975,119,11802,N,108.333333333333,0,12
12752,66,0.37858275,91,12936,N,110,0,12
13558,69,0.3910635,94,12752,N,115,0,12
2293,0,0.82788975,199,NA,N,0,0,13
2343,1,0.90277425,217,2293,N,1.66666666666667,0,13
2318,2,0.86949225,209,2343,N,3.33333333333333,0,13
2430,3,0.8736525,210,2318,N,5,0,13
2521,4,0.86117175,207,2430,N,6.66666666666667,0,13
2438,5,0.848691,204,2521,N,8.33333333333333,0,13
2035,6,0.91941525,221,2438,N,10,0,13
2323,7,0.89445375,215,2035,N,11.6666666666667,0,13
3426,8,0.84453075,203,2323,N,13.3333333333333,0,13
3627,9,0.8736525,210,3426,N,15,0,13
3773,10,0.715563,172,3627,N,16.6666666666667,0,13
3284,13,0.7571655,182,3773,N,21.6666666666667,0,13
3172,14,0.798768,192,3284,N,23.3333333333333,0,13
3711,15,0.77796675,187,3172,N,25,0,13
4518,16,0.79460775,191,3711,N,26.6666666666667,0,13
4501,17,0.88613325,213,4518,N,28.3333333333333,0,13
4588,18,0.898614,216,4501,N,30,0,13
4402,19,0.8237295,198,4588,N,31.6666666666667,0,13
4783,20,0.8403705,202,4402,N,33.3333333333333,0,13
4568,21,0.80292825,193,4783,N,35,0,13
5358,22,0.8570115,206,4568,N,36.6666666666667,0,13
4572,23,0.88613325,213,5358,N,38.3333333333333,0,13
6383,24,0.7904475,190,4572,N,40,0,13
5732,25,0.74468475,179,6383,N,41.6666666666667,0,13
5607,26,0.7238835,174,5732,N,43.3333333333333,0,13
5847,27,0.84453075,203,5607,N,45,0,13
5891,28,0.7405245,178,5847,N,46.6666666666667,0,13
5893,29,0.80292825,193,5891,N,48.3333333333333,0,13
5821,30,0.81956925,197,5893,N,50,0,13
6581,31,0.87781275,211,5821,N,51.6666666666667,0,13
7712,32,0.71972325,173,6581,N,53.3333333333333,0,13
7152,33,0.7738065,186,7712,N,55,0,13
8403,41,0.7571655,182,7152,N,68.3333333333333,0,13
9164,42,0.8070885,194,8403,N,70,0,13
8316,43,0.8902935,214,9164,N,71.6666666666667,0,13
8227,44,0.79460775,191,8316,N,73.3333333333333,0,13
8872,45,0.7238835,174,8227,N,75,0,13
8634,46,0.8237295,198,8872,N,76.6666666666667,0,13
9342,47,0.76964625,185,8634,N,78.3333333333333,0,13
10357,48,0.7738065,186,9342,N,80,0,13
9541,49,0.865332,208,10357,N,81.6666666666667,0,13
10724,50,0.8070885,194,9541,N,83.3333333333333,0,13
9672,51,0.73636425,177,10724,N,85,0,13
10150,52,0.7904475,190,9672,N,86.6666666666667,0,13
10367,53,0.865332,208,10150,N,88.3333333333333,0,13
9587,54,0.75300525,181,10367,N,90,0,13
10967,55,0.70308225,169,9587,N,91.6666666666667,0,13
11186,56,0.70308225,169,10967,N,93.3333333333333,0,13
11100,57,0.85285125,205,11186,N,95,0,13
11688,58,0.83205,200,11100,N,96.6666666666667,0,13
11023,59,0.71972325,173,11688,N,98.3333333333333,0,13
11026,62,0.8570115,206,11023,N,103.333333333333,0,13
13461,63,0.865332,208,11026,N,105,0,13
13117,64,0.85285125,205,13461,N,106.666666666667,0,13
12929,65,0.732204,176,13117,N,108.333333333333,0,13
12747,66,0.66980025,161,12929,N,110,0,13
13944,67,0.68644125,165,12747,N,111.666666666667,0,13
13138,69,0.68644125,165,13944,N,115,0,13
12863,70,0.66980025,161,13138,N,116.666666666667,0,13
2538,0,0.7405245,178,NA,N,0,0,14
2599,1,0.72804375,175,2538,N,1.66666666666667,0,14
2571,2,0.8403705,202,2599,N,3.33333333333333,0,14
2730,3,0.881973,212,2571,N,5,0,14
2799,4,0.88613325,213,2730,N,6.66666666666667,0,14
2540,5,0.79460775,191,2799,N,8.33333333333333,0,14
2066,6,0.91941525,221,2540,N,10,0,14
2568,7,0.87781275,211,2066,N,11.6666666666667,0,14
3616,8,0.915255,220,2568,N,13.3333333333333,0,14
3842,9,0.99846,240,3616,N,15,0,14
3991,10,0.9734985,234,3842,N,16.6666666666667,0,14
3695,11,1.031742,248,3991,N,18.3333333333333,0,14
4104,12,1.06918425,257,3695,N,20,0,14
3411,13,1.16903025,281,4104,N,21.6666666666667,0,14
3254,14,1.19399175,287,3411,N,23.3333333333333,0,14
3937,15,1.29383775,311,3254,N,25,0,14
4785,16,1.314639,316,3937,N,26.6666666666667,0,14
4640,17,1.3562415,326,4785,N,28.3333333333333,0,14
5165,18,1.3728825,330,4640,N,30,0,14
4778,19,1.41032475,339,5165,N,31.6666666666667,0,14
5122,20,1.381203,332,4778,N,33.3333333333333,0,14
4787,21,1.5892155,382,5122,N,35,0,14
5391,22,1.6641,400,4787,N,36.6666666666667,0,14
4848,23,1.77642675,427,5391,N,38.3333333333333,0,14
6430,24,1.880433,452,4848,N,40,0,14
5881,25,2.0052405,482,6430,N,41.6666666666667,0,14
5640,26,1.79306775,431,5881,N,43.3333333333333,0,14
6013,27,2.2548555,542,5640,N,45,0,14
6059,28,1.231434,296,6013,Y,46.6666666666667,1,14
6078,29,1.2397545,298,6059,N,48.3333333333333,1,14
5983,30,1.3728825,330,6078,N,50,1,14
6616,31,1.35208125,325,5983,N,51.6666666666667,1,14
7766,32,1.431126,344,6616,N,53.3333333333333,1,14
7304,33,1.41864525,341,7766,N,55,1,14
6777,34,1.4893695,358,7304,N,56.6666666666667,1,14
7238,35,1.45192725,349,6777,N,58.3333333333333,1,14
7325,36,1.65993975,399,7238,N,60,1,14
7132,37,1.75146525,421,7325,N,61.6666666666667,1,14
7307,38,1.99692,480,7132,N,63.3333333333333,1,14
7950,39,2.00108025,481,7307,N,65,1,14
8124,40,1.99275975,479,7950,N,66.6666666666667,1,14
8597,41,1.94283675,467,8124,N,68.3333333333333,1,14
9239,42,1.963638,472,8597,N,70,1,14
8511,43,1.91787525,461,9239,N,71.6666666666667,1,14
8299,44,2.25069525,541,8511,N,73.3333333333333,1,14
9155,45,1.10246625,265,8299,Y,75,2,14
9062,46,1.431126,344,9155,N,76.6666666666667,2,14
9526,47,1.447767,348,9062,N,78.3333333333333,2,14
10552,48,1.59337575,383,9526,N,80,2,14
9858,49,2.046843,492,10552,N,81.6666666666667,2,14
10866,50,1.963638,472,9858,N,83.3333333333333,2,14
9976,51,2.20909275,531,10866,N,85,2,14
10264,52,2.462868,592,9976,N,86.6666666666667,2,14
9813,54,2.34222075,563,10264,N,90,2,14
11705,55,1.1066265,266,9813,Y,91.6666666666667,3,14
11984,56,1.281357,308,11705,N,93.3333333333333,3,14
11847,57,1.29383775,311,11984,N,95,3,14
12480,58,1.3063185,314,11847,N,96.6666666666667,3,14
11824,59,1.031742,248,12480,N,98.3333333333333,3,14
11687,60,1.15238925,277,11824,N,100,3,14
11876,61,1.41864525,341,11687,N,101.666666666667,3,14
12425,62,1.73482425,417,11876,N,103.333333333333,3,14
13872,63,1.99692,480,12425,N,105,3,14
13652,64,1.99275975,479,13872,N,106.666666666667,3,14
3074,0,1.16070975,279,NA,N,0,0,15
2858,1,1.1399085,274,3074,N,1.66666666666667,0,15
2773,2,1.214793,292,2858,N,3.33333333333333,0,15
2993,3,1.25223525,301,2773,N,5,0,15
3102,4,1.2730365,306,2993,N,6.66666666666667,0,15
2870,5,1.397844,336,3102,N,8.33333333333333,0,15
2121,6,1.464408,352,2870,N,10,0,15
2944,7,1.381203,332,2121,N,11.6666666666667,0,15
3936,8,1.447767,348,2944,N,13.3333333333333,0,15
4135,9,1.44360675,347,3936,N,15,0,15
4188,10,1.5060105,362,4135,N,16.6666666666667,0,15
4016,11,1.46856825,353,4188,N,18.3333333333333,0,15
4260,12,1.46856825,353,4016,N,20,0,15
3741,13,1.48520925,357,4260,N,21.6666666666667,0,15
3490,14,1.57673475,379,3741,N,23.3333333333333,0,15
4271,15,1.564254,376,3490,N,25,0,15
5032,16,1.63497825,393,4271,N,26.6666666666667,0,15
4926,17,1.65161925,397,5032,N,28.3333333333333,0,15
5216,18,1.6641,400,4926,N,30,0,15
5042,19,1.73482425,417,5216,N,31.6666666666667,0,15
5284,20,1.75978575,423,5042,N,33.3333333333333,0,15
5084,21,1.780587,428,5284,N,35,0,15
5447,22,1.76810625,425,5084,N,36.6666666666667,0,15
5131,23,1.780587,428,5447,N,38.3333333333333,0,15
6513,24,1.847151,444,5131,N,40,0,15
6135,25,1.91787525,461,6513,N,41.6666666666667,0,15
5692,26,1.9053945,458,6135,N,43.3333333333333,0,15
6415,27,1.930356,464,5692,N,45,0,15
6346,28,1.980279,476,6415,N,46.6666666666667,0,15
6316,29,2.10092625,505,6346,N,48.3333333333333,0,15
6274,30,2.113407,508,6316,N,50,0,15
6670,31,2.03436225,489,6274,N,51.6666666666667,0,15
7821,32,2.19245175,527,6670,N,53.3333333333333,0,15
7577,33,2.2049325,530,7821,N,55,0,15
6851,34,2.30893875,555,7577,N,56.6666666666667,0,15
7552,35,2.3547015,566,6851,N,58.3333333333333,0,15
7675,36,2.35886175,567,7552,N,60,0,15
7363,37,2.42542575,583,7675,N,61.6666666666667,0,15
7557,38,2.46702825,593,7363,N,63.3333333333333,0,15
8007,39,2.56687425,617,7557,N,65,0,15
8182,40,2.462868,592,8007,N,66.6666666666667,0,15
8750,41,2.4545475,590,8182,N,68.3333333333333,0,15
9300,42,2.46702825,593,8750,N,70,0,15
8692,43,2.412945,580,9300,N,71.6666666666667,0,15
8459,44,2.54191275,611,8692,N,73.3333333333333,0,15
9123,45,2.54191275,611,8459,N,75,0,15
8988,46,2.5710345,618,9123,N,76.6666666666667,0,15
9493,47,2.862252,688,8988,N,78.3333333333333,0,15
10644,48,2.94129675,707,9493,N,80,0,15
10017,49,2.93297625,705,10644,N,81.6666666666667,0,15
10916,50,3.07442475,739,10017,N,83.3333333333333,0,15
10055,51,1.4560875,350,10916,Y,85,1,15
10314,52,1.44360675,347,10055,N,86.6666666666667,1,15
10693,53,1.54345275,371,10314,N,88.3333333333333,1,15
9915,54,1.65993975,399,10693,N,90,1,15
12062,55,1.614177,388,9915,N,91.6666666666667,1,15
2296,0,0.91109475,219,NA,N,0,0,16
2348,1,0.93605625,225,2296,N,1.66666666666667,0,16
2321,2,0.94437675,227,2348,N,3.33333333333333,0,16
2435,3,0.96101775,231,2321,N,5,0,16
2523,4,1.01094075,243,2435,N,6.66666666666667,0,16
2441,5,1.081665,260,2523,N,8.33333333333333,0,16
2036,6,1.1399085,274,2441,N,10,0,16
2327,7,1.15238925,277,2036,N,11.6666666666667,0,16
3431,8,1.18567125,285,2327,N,13.3333333333333,0,16
3630,9,1.1898315,286,3431,N,15,0,16
3780,10,1.1565495,278,3630,N,16.6666666666667,0,16
3513,11,1.148229,276,3780,N,18.3333333333333,0,16
3898,12,1.248075,300,3513,N,20,0,16
3292,13,1.24391475,299,3898,N,21.6666666666667,0,16
3173,14,1.347921,324,3292,N,23.3333333333333,0,16
3716,15,1.40200425,337,3173,N,25,0,16
4523,16,1.46024775,351,3716,N,26.6666666666667,0,16
4507,17,1.464408,352,4523,N,28.3333333333333,0,16
4592,18,1.51849125,365,4507,N,30,0,16
4404,19,1.4560875,350,4592,N,31.6666666666667,0,16
4790,20,1.50185025,361,4404,N,33.3333333333333,0,16
4574,21,1.46856825,353,4790,N,35,0,16
5359,22,1.5559335,374,4574,N,36.6666666666667,0,16
4577,23,1.56009375,375,5359,N,38.3333333333333,0,16
6385,24,1.5892155,382,4577,N,40,0,16
5735,25,1.714023,412,6385,N,41.6666666666667,0,16
5608,26,1.72650375,415,5735,N,43.3333333333333,0,16
5852,27,1.71818325,413,5608,N,45,0,16
5897,28,1.94283675,467,5852,N,46.6666666666667,0,16
5901,29,2.01772125,485,5897,N,48.3333333333333,0,16
5826,30,2.16333,520,5901,N,50,0,16
6582,31,2.25069525,541,5826,N,51.6666666666667,0,16
7713,32,2.47534875,595,6582,N,53.3333333333333,0,16
7159,33,2.296458,552,7713,N,55,0,16
6746,34,2.76656625,665,7159,N,56.6666666666667,0,16
7087,35,2.57519475,619,6746,N,58.3333333333333,0,16
7170,36,1.35208125,325,7087,Y,60,1,16
6948,37,1.3229595,318,7170,N,61.6666666666667,1,16
7168,38,1.3063185,314,6948,N,63.3333333333333,1,16
7919,39,1.21063275,291,7168,N,65,1,16
8093,40,1.214793,292,7919,N,66.6666666666667,1,16
2602,0,1.0899855,262,NA,N,0,0,17
2604,1,1.21063275,291,2602,N,1.66666666666667,0,17
2576,2,1.16070975,279,2604,N,3.33333333333333,0,17
2732,3,1.21063275,291,2576,N,5,0,17
2803,4,1.2730365,306,2732,N,6.66666666666667,0,17
2542,5,1.34376075,323,2803,N,8.33333333333333,0,17
2068,6,1.3895235,334,2542,N,10,0,17
2575,7,1.3229595,318,2068,N,11.6666666666667,0,17
3620,8,1.45192725,349,2575,N,13.3333333333333,0,17
3849,9,1.4228055,342,3620,N,15,0,17
3997,10,1.41864525,341,3849,N,16.6666666666667,0,17
3702,11,1.4560875,350,3997,N,18.3333333333333,0,17
4108,12,1.481049,356,3702,N,20,0,17
3417,13,1.49352975,359,4108,N,21.6666666666667,0,17
3256,14,1.49352975,359,3417,N,23.3333333333333,0,17
3944,15,1.5226515,366,3256,N,25,0,17
4792,16,1.60169625,385,3944,N,26.6666666666667,0,17
4646,17,1.630818,392,4792,N,28.3333333333333,0,17
5166,18,1.614177,388,4646,N,30,0,17
4784,19,1.580895,380,5166,N,31.6666666666667,0,17
5126,20,1.63497825,393,4784,N,33.3333333333333,0,17
4795,21,1.63497825,393,5126,N,35,0,17
5392,22,1.64329875,395,4795,N,36.6666666666667,0,17
4852,23,1.59337575,383,5392,N,38.3333333333333,0,17
6431,24,1.59337575,383,4852,N,40,0,17
5886,25,1.64329875,395,6431,N,41.6666666666667,0,17
5641,26,1.6391385,394,5886,N,43.3333333333333,0,17
6018,27,1.62665775,391,5641,N,45,0,17
6067,28,1.930356,464,6018,N,46.6666666666667,0,17
6082,29,1.647459,396,6067,N,48.3333333333333,0,17
5988,30,1.6890615,406,6082,N,50,0,17
6617,31,1.85963175,447,5988,N,51.6666666666667,0,17
7767,32,1.763946,424,6617,N,53.3333333333333,0,17
7308,33,1.73482425,417,7767,N,55,0,17
6778,34,1.80138825,433,7308,N,56.6666666666667,0,17
7244,35,1.91787525,461,6778,N,58.3333333333333,0,17
7351,36,1.863792,448,7244,N,60,0,17
7138,37,1.813869,436,7351,N,61.6666666666667,0,17
7310,38,1.7389845,418,7138,N,63.3333333333333,0,17
7951,39,1.77642675,427,7310,N,65,0,17
8125,40,1.80970875,435,7951,N,66.6666666666667,0,17
8598,41,1.83051,440,8125,N,68.3333333333333,0,17
9240,42,1.76810625,425,8598,N,70,0,17
8518,43,1.780587,428,9240,N,71.6666666666667,0,17
8301,44,1.8721125,450,8518,N,73.3333333333333,0,17
9042,45,1.863792,448,8301,N,75,0,17
8849,46,1.85131125,445,9042,N,76.6666666666667,0,17
9424,47,1.90955475,459,8849,N,78.3333333333333,0,17
10514,48,1.797228,432,9424,N,80,0,17
9809,49,1.75978575,423,10514,N,81.6666666666667,0,17
10846,50,1.614177,388,9809,N,83.3333333333333,0,17
9955,51,1.60169625,385,10846,N,85,0,17
10243,52,1.51017075,363,9955,N,86.6666666666667,0,17
10559,53,1.580895,380,10243,N,88.3333333333333,0,17
9751,54,1.7389845,418,10559,N,90,0,17
11571,55,1.6058565,386,9751,N,91.6666666666667,0,17
11817,56,1.597536,384,11571,N,93.3333333333333,0,17
11686,57,1.70986275,411,11817,N,95,0,17
12320,58,1.74314475,419,11686,N,96.6666666666667,0,17
11633,59,1.74314475,419,12320,N,98.3333333333333,0,17
11549,60,1.56009375,375,11633,N,100,0,17
11690,61,1.55177325,373,11549,N,101.666666666667,0,17
12257,62,1.77642675,427,11690,N,103.333333333333,0,17
13783,63,1.564254,376,12257,N,105,0,17
13370,64,1.6641,400,13783,N,106.666666666667,0,17
13526,65,1.7223435,414,13370,N,108.333333333333,0,17
12858,66,1.7722665,426,13526,N,110,0,17
14643,67,1.79306775,431,12858,N,111.666666666667,0,17
14652,68,1.7223435,414,14643,N,113.333333333333,0,17
13748,69,1.78474725,429,14652,N,115,0,17
14628,70,1.71818325,413,13748,N,116.666666666667,0,17
3076,0,1.181511,284,NA,N,0,0,18
2863,1,1.264716,304,3076,N,1.66666666666667,0,18
2797,2,1.24391475,299,2863,N,3.33333333333333,0,18
2997,3,1.24391475,299,2797,N,5,0,18
3103,4,1.26887625,305,2997,N,6.66666666666667,0,18
2908,5,1.29383775,311,3103,N,8.33333333333333,0,18
2122,6,1.25223525,301,2908,N,10,0,18
2948,7,1.49769,360,2122,N,11.6666666666667,0,18
3942,8,1.31879925,317,2948,N,13.3333333333333,0,18
2300,0,1.02758175,247,NA,N,0,0,19
2354,1,0.9901395,238,2300,N,1.66666666666667,0,19
2324,2,1.03590225,249,2354,N,3.33333333333333,0,19
2439,3,1.11910725,269,2324,N,5,0,19
2526,4,1.0733445,258,2439,N,6.66666666666667,0,19
2446,5,1.06918425,257,2526,N,8.33333333333333,0,19
2037,6,1.11078675,267,2446,N,10,0,19
2332,7,1.21063275,291,2037,N,11.6666666666667,0,19
3435,8,1.11910725,269,2332,N,13.3333333333333,0,19
3636,9,1.231434,296,3435,N,15,0,19
3787,10,1.11078675,267,3636,N,16.6666666666667,0,19
3518,11,1.2064725,290,3787,N,18.3333333333333,0,19
3911,12,1.198152,288,3518,N,20,0,19
3294,13,1.18567125,285,3911,N,21.6666666666667,0,19
3174,14,1.21063275,291,3294,N,23.3333333333333,0,19
3723,15,1.21063275,291,3174,N,25,0,19
4527,16,1.23559425,297,3723,N,26.6666666666667,0,19
4512,17,1.16487,280,4527,N,28.3333333333333,0,19
4596,18,1.131588,272,4512,N,30,0,19
4405,19,1.17735075,283,4596,N,31.6666666666667,0,19
4793,20,1.24391475,299,4405,N,33.3333333333333,0,19
4580,21,1.214793,292,4793,N,35,0,19
5360,22,1.18567125,285,4580,N,36.6666666666667,0,19
4582,23,1.2563955,302,5360,N,38.3333333333333,0,19
6387,24,1.31879925,317,4582,N,40,0,19
5740,25,1.2563955,302,6387,N,41.6666666666667,0,19
5609,26,1.2563955,302,5740,N,43.3333333333333,0,19
5856,27,1.34376075,323,5609,N,45,0,19
5902,28,1.23559425,297,5856,N,46.6666666666667,0,19
5906,29,1.31047875,315,5902,N,48.3333333333333,0,19
5831,30,1.21895325,293,5906,N,50,0,19
6583,31,1.23559425,297,5831,N,51.6666666666667,0,19
7714,32,1.2563955,302,6583,N,53.3333333333333,0,19
7164,33,1.1898315,286,7714,N,55,0,19
6747,34,1.1731905,282,7164,N,56.6666666666667,0,19
7092,35,1.065024,256,6747,N,58.3333333333333,0,19
7178,36,1.39368375,335,7092,N,60,0,19
6957,37,1.214793,292,7178,N,61.6666666666667,0,19
7177,38,1.19399175,287,6957,N,63.3333333333333,0,19
7920,39,1.06918425,257,7177,N,65,0,19
8094,40,1.281357,308,7920,N,66.6666666666667,0,19
8537,41,1.26055575,303,8094,N,68.3333333333333,0,19
9213,42,1.30215825,313,8537,N,70,0,19
8431,43,1.264716,304,9213,N,71.6666666666667,0,19
8272,44,1.25223525,301,8431,N,73.3333333333333,0,19
8973,45,1.38536325,333,8272,N,75,0,19
8771,46,1.14406875,275,8973,N,76.6666666666667,0,19
9391,47,1.19399175,287,8771,N,78.3333333333333,0,19
10455,48,1.28551725,309,9391,N,80,0,19
9709,49,1.33544025,321,10455,N,81.6666666666667,0,19
10813,50,1.20231225,289,9709,N,83.3333333333333,0,19
9816,51,1.2231135,294,10813,N,85,0,19
10206,52,1.22727375,295,9816,N,86.6666666666667,0,19
10487,53,1.24391475,299,10206,N,88.3333333333333,0,19
9643,54,1.21895325,293,10487,N,90,0,19
11368,55,1.33128,320,9643,N,91.6666666666667,0,19
11586,56,1.2064725,290,11368,N,93.3333333333333,0,19
11455,57,1.35208125,325,11586,N,95,0,19
12052,58,1.48520925,357,11455,N,96.6666666666667,0,19
11407,59,1.530972,368,12052,N,98.3333333333333,0,19
11282,60,1.31047875,315,11407,N,100,0,19
11501,61,1.3396005,322,11282,N,101.666666666667,0,19
11438,62,1.25223525,301,11501,N,103.333333333333,0,19
13688,63,1.3396005,322,11438,N,105,0,19
13294,64,1.32711975,319,13688,N,106.666666666667,0,19
13315,65,1.37704275,331,13294,N,108.333333333333,0,19
12817,66,1.297998,312,13315,N,110,0,19
14078,67,1.23559425,297,12817,N,111.666666666667,0,19
14090,68,1.381203,332,14078,N,113.333333333333,0,19
13214,69,1.38536325,333,14090,N,115,0,19
12984,70,1.30215825,313,13214,N,116.666666666667,0,19
2608,0,1.5392925,370,NA,N,0,0,20
3857,9,1.7223435,414,2608,N,15,0,20
4004,10,1.780587,428,3857,N,16.6666666666667,0,20
3709,11,1.88459325,453,4004,N,18.3333333333333,0,20
4112,12,1.730664,416,3709,N,20,0,20
3424,13,1.963638,472,4112,N,21.6666666666667,0,20
3260,14,1.91787525,461,3424,N,23.3333333333333,0,20
3950,15,2.1550095,518,3260,N,25,0,20
4798,16,2.20909275,531,3950,N,26.6666666666667,0,20
4653,17,2.2215735,534,4798,N,28.3333333333333,0,20
5167,18,2.462868,592,4653,N,30,0,20
4789,19,1.09414575,263,5167,Y,31.6666666666667,1,20
5130,20,1.0733445,258,4789,N,33.3333333333333,1,20
4807,21,1.30215825,313,5130,N,35,1,20
3078,0,1.031742,248,NA,N,0,0,21
2868,1,0.91941525,221,3078,N,1.66666666666667,0,21
2900,2,0.99429975,239,2868,N,3.33333333333333,0,21
3003,3,1.07750475,259,2900,N,5,0,21
3104,4,0.99429975,239,3003,N,6.66666666666667,0,21
2909,5,1.081665,260,3104,N,8.33333333333333,0,21
2123,6,1.07750475,259,2909,N,10,0,21
2951,7,1.0567035,254,2123,N,11.6666666666667,0,21
3947,8,1.06918425,257,2951,N,13.3333333333333,0,21
4137,9,1.09414575,263,3947,N,15,0,21
4189,10,1.15238925,277,4137,N,16.6666666666667,0,21
4022,11,1.16070975,279,4189,N,18.3333333333333,0,21
4261,12,1.1731905,282,4022,N,20,0,21
3749,13,1.21895325,293,4261,N,21.6666666666667,0,21
3497,14,1.16903025,281,3749,N,23.3333333333333,0,21
4273,15,1.11910725,269,3497,N,25,0,21
5035,16,1.13574825,273,4273,N,26.6666666666667,0,21
4931,17,1.35208125,325,5035,N,28.3333333333333,0,21
5217,18,1.31879925,317,4931,N,30,0,21
5051,19,1.29383775,311,5217,N,31.6666666666667,0,21
5285,20,1.297998,312,5051,N,33.3333333333333,0,21
5105,21,1.297998,312,5285,N,35,0,21
5448,22,1.44360675,347,5105,N,36.6666666666667,0,21
5135,23,1.630818,392,5448,N,38.3333333333333,0,21
6514,24,1.43528625,345,5135,N,40,0,21
6140,25,1.4893695,358,6514,N,41.6666666666667,0,21
5693,26,1.64329875,395,6140,N,43.3333333333333,0,21
6417,27,1.7389845,418,5693,N,45,0,21
6348,28,1.82634975,439,6417,N,46.6666666666667,0,21
6317,29,1.91787525,461,6348,N,48.3333333333333,0,21
6279,30,1.9386765,466,6317,N,50,0,21
6671,31,1.8887535,454,6279,N,51.6666666666667,0,21
7822,32,1.99275975,479,6671,N,53.3333333333333,0,21
6853,34,1.897074,456,7822,N,56.6666666666667,0,21
7556,35,1.9220355,462,6853,N,58.3333333333333,0,21
7676,36,2.20909275,531,7556,N,60,0,21
7369,37,2.363022,568,7676,N,61.6666666666667,0,21
7564,38,2.5044705,602,7369,N,63.3333333333333,0,21
8009,39,1.17735075,283,7564,Y,65,1,21
8184,40,1.20231225,289,8009,N,66.6666666666667,1,21
8753,41,1.42696575,343,8184,N,68.3333333333333,1,21
9301,42,1.60169625,385,8753,N,70,1,21
8696,43,1.59337575,383,9301,N,71.6666666666667,1,21
8462,44,1.697382,408,8696,N,73.3333333333333,1,21
9124,45,1.747305,420,8462,N,75,1,21
8991,46,1.70154225,409,9124,N,76.6666666666667,1,21
9494,47,1.8388305,442,8991,N,78.3333333333333,1,21
10646,48,1.99692,480,9494,N,80,1,21
10019,49,2.013561,484,10646,N,81.6666666666667,1,21
10917,50,1.98443925,477,10019,N,83.3333333333333,1,21
10060,51,2.36718225,569,10917,N,85,1,21
10316,52,1.1565495,278,10060,Y,86.6666666666667,2,21
10697,53,1.314639,316,10316,N,88.3333333333333,2,21
9918,54,1.431126,344,10697,N,90,2,21
3080,0,0.8902935,214,NA,N,0,0,22
2871,1,0.881973,212,3080,N,1.66666666666667,0,22
2905,2,0.9069345,218,2871,N,3.33333333333333,0,22
3006,3,0.931896,224,2905,N,5,0,22
3105,4,0.9402165,226,3006,N,6.66666666666667,0,22
2911,5,0.98597925,237,3105,N,8.33333333333333,0,22
2125,6,0.99846,240,2911,N,10,0,22
2956,7,1.01926125,245,2125,N,11.6666666666667,0,22
3953,8,1.098306,264,2956,N,13.3333333333333,0,22
4153,9,1.015101,244,3953,N,15,0,22
4190,10,1.14406875,275,4153,N,16.6666666666667,0,22
4029,11,1.1232675,270,4190,N,18.3333333333333,0,22
4262,12,1.114947,268,4029,N,20,0,22
3755,13,1.1399085,274,4262,N,21.6666666666667,0,22
3509,14,1.181511,284,3755,N,23.3333333333333,0,22
4275,15,1.16903025,281,3509,N,25,0,22
5039,16,1.11910725,269,4275,N,26.6666666666667,0,22
4933,17,1.214793,292,5039,N,28.3333333333333,0,22
5219,18,1.148229,276,4933,N,30,0,22
5062,19,1.231434,296,5219,N,31.6666666666667,0,22
5288,20,1.21063275,291,5062,N,33.3333333333333,0,22
5113,21,1.41032475,339,5288,N,35,0,22
5450,22,1.14406875,275,5113,N,36.6666666666667,0,22
5143,23,1.31047875,315,5450,N,38.3333333333333,0,22
6516,24,1.264716,304,5143,N,40,0,22
6150,25,1.381203,332,6516,N,41.6666666666667,0,22
5695,26,1.77642675,427,6150,N,43.3333333333333,0,22
6422,27,1.72650375,415,5695,N,45,0,22
6354,28,2.013561,484,6422,N,46.6666666666667,0,22
6319,29,1.980279,476,6354,N,48.3333333333333,0,22
6283,30,2.2548555,542,6319,N,50,0,22
6673,31,1.131588,272,6283,Y,51.6666666666667,1,22
7824,32,1.114947,268,6673,N,53.3333333333333,1,22
7582,33,1.281357,308,7824,N,55,1,22
6857,34,1.248075,300,7582,N,56.6666666666667,1,22
7561,35,1.264716,304,6857,N,58.3333333333333,1,22
7678,36,1.297998,312,7561,N,60,1,22
7379,37,1.3562415,326,7678,N,61.6666666666667,1,22
7573,38,1.4228055,342,7379,N,63.3333333333333,1,22
8012,39,1.49769,360,7573,N,65,1,22
8187,40,1.5226515,366,8012,N,66.6666666666667,1,22
8763,41,1.55177325,373,8187,N,68.3333333333333,1,22
9305,42,1.60169625,385,8763,N,70,1,22
8705,43,1.70986275,411,9305,N,71.6666666666667,1,22
8475,44,1.8055485,434,8705,N,73.3333333333333,1,22
9128,45,1.9553175,470,8475,N,75,1,22
8998,46,2.03436225,489,9128,N,76.6666666666667,1,22
9498,47,2.12588775,511,8998,N,78.3333333333333,1,22
10653,48,2.3879835,574,9498,N,80,1,22
10027,49,2.6043165,626,10653,N,81.6666666666667,1,22
10921,50,2.72496375,655,10027,N,83.3333333333333,1,22
10069,51,1.22727375,295,10921,Y,85,2,22
10320,52,1.24391475,299,10069,N,86.6666666666667,2,22
10715,53,1.40200425,337,10320,N,88.3333333333333,2,22
10079,54,1.47688875,355,10715,N,90,2,22
12107,55,1.47688875,355,10079,N,91.6666666666667,2,22
12181,56,1.50185025,361,12107,N,93.3333333333333,2,22
12192,57,1.59337575,383,12181,N,95,2,22
12622,58,1.880433,452,12192,N,96.6666666666667,2,22
12074,59,1.963638,472,12622,N,98.3333333333333,2,22
11914,60,1.9553175,470,12074,N,100,2,22
12078,61,2.22573375,535,11914,N,101.666666666667,2,22
12593,62,2.096766,504,12078,N,103.333333333333,2,22
13991,63,2.4212655,582,12593,N,105,2,22
13735,64,1.17735075,283,13991,Y,106.666666666667,3,22
14363,65,1.29383775,311,13735,N,108.333333333333,3,22
13012,66,1.198152,288,14363,N,110,3,22
2319,0,0.48674925,117,NA,N,0,0,23
2365,1,0.45346725,109,2319,N,1.66666666666667,0,23
2333,2,0.45346725,109,2365,N,3.33333333333333,0,23
2454,3,0.4742685,114,2333,N,5,0,23
2536,4,0.449307,108,2454,N,6.66666666666667,0,23
2460,5,0.48674925,117,2536,N,8.33333333333333,0,23
2040,6,0.45346725,109,2460,N,10,0,23
2345,7,0.43682625,105,2040,N,11.6666666666667,0,23
3453,8,0.46178775,111,2345,N,13.3333333333333,0,23
3655,9,0.465948,112,3453,N,15,0,23
3807,10,0.49506975,119,3655,N,16.6666666666667,0,23
3536,11,0.44514675,107,3807,N,18.3333333333333,0,23
3939,12,0.41186475,99,3536,N,20,0,23
3305,13,0.41186475,99,3939,N,21.6666666666667,0,23
3180,14,0.416025,100,3305,N,23.3333333333333,0,23
3745,15,0.4576275,110,3180,N,25,0,23
4547,16,0.44514675,107,3745,N,26.6666666666667,0,23
4531,17,0.4409865,106,4547,N,28.3333333333333,0,23
4644,18,0.4409865,106,4531,N,30,0,23
4620,19,0.4243455,102,4644,N,31.6666666666667,0,23
4822,20,0.399384,96,4620,N,33.3333333333333,0,23
4599,21,0.43682625,105,4822,N,35,0,23
5363,22,0.4243455,102,4599,N,36.6666666666667,0,23
4598,23,0.45346725,109,5363,N,38.3333333333333,0,23
6392,24,0.4409865,106,4598,N,40,0,23
5926,29,0.37026225,89,6392,N,48.3333333333333,0,23
5850,30,0.39522375,95,5926,N,50,0,23
6586,31,0.39522375,95,5850,N,51.6666666666667,0,23
8617,41,0.349461,84,6586,N,68.3333333333333,0,23
9254,42,0.37858275,91,8617,N,70,0,23
8560,43,0.44514675,107,9254,N,71.6666666666667,0,23
8324,44,0.34530075,83,8560,N,73.3333333333333,0,23
9066,45,0.43682625,105,8324,N,75,0,23
8874,46,0.3910635,94,9066,N,76.6666666666667,0,23
9439,47,0.3411405,82,8874,N,78.3333333333333,0,23
10541,48,0.3577815,86,9439,N,80,0,23
9848,49,0.3577815,86,10541,N,81.6666666666667,0,23
10861,50,0.366102,88,9848,N,83.3333333333333,0,23
9972,51,0.48674925,117,10861,N,85,0,23
10259,52,0.4409865,106,9972,N,86.6666666666667,0,23
10589,53,0.43682625,105,10259,N,88.3333333333333,0,23
9795,54,0.4243455,102,10589,N,90,0,23
11660,55,0.41186475,99,9795,N,91.6666666666667,0,23
11922,56,0.46178775,111,11660,N,93.3333333333333,0,23
11779,57,0.40354425,97,11922,N,95,0,23
12418,58,0.33698025,81,11779,N,96.6666666666667,0,23
12375,62,0.4243455,102,12418,N,103.333333333333,0,23
13844,63,0.4742685,114,12375,N,105,0,23
13634,64,0.47010825,113,13844,N,106.666666666667,0,23
14232,65,0.3411405,82,13634,N,108.333333333333,0,23
14690,68,0.35362125,85,14232,N,113.333333333333,0,23
13794,69,0.3744225,90,14690,N,115,0,23
14668,70,0.36194175,87,13794,N,116.666666666667,0,23
2613,0,0.8403705,202,NA,N,0,0,24
2622,1,0.7238835,174,2613,N,1.66666666666667,0,24
2590,2,0.77796675,187,2622,N,3.33333333333333,0,24
2738,3,0.76964625,185,2590,N,5,0,24
2885,4,0.83621025,201,2738,N,6.66666666666667,0,24
2550,5,0.85285125,205,2885,N,8.33333333333333,0,24
2071,6,0.898614,216,2550,N,10,0,24
2591,7,0.87781275,211,2071,N,11.6666666666667,0,24
3638,8,0.94437675,227,2591,N,13.3333333333333,0,24
3872,9,0.92773575,223,3638,N,15,0,24
4019,10,0.9568575,230,3872,N,16.6666666666667,0,24
3722,11,0.9402165,226,4019,N,18.3333333333333,0,24
4121,12,0.98597925,237,3722,N,20,0,24
3438,13,0.92773575,223,4121,N,21.6666666666667,0,24
3267,14,0.89445375,215,3438,N,23.3333333333333,0,24
3965,15,0.85285125,205,3267,N,25,0,24
4814,16,0.91109475,219,3965,N,26.6666666666667,0,24
4666,17,0.92773575,223,4814,N,28.3333333333333,0,24
5170,18,0.948537,228,4666,N,30,0,24
4811,19,0.965178,232,5170,N,31.6666666666667,0,24
5146,20,0.915255,220,4811,N,33.3333333333333,0,24
4818,21,1.07750475,259,5146,N,35,0,24
5396,22,1.03590225,249,4818,N,36.6666666666667,0,24
4872,23,1.06918425,257,5396,N,38.3333333333333,0,24
6440,24,1.0733445,258,4872,N,40,0,24
5899,25,1.07750475,259,6440,N,41.6666666666667,0,24
5644,26,1.07750475,259,5899,N,43.3333333333333,0,24
6032,27,1.14406875,275,5644,N,45,0,24
6092,28,1.0400625,250,6032,N,46.6666666666667,0,24
6103,29,1.04422275,251,6092,N,48.3333333333333,0,24
6008,30,0.98597925,237,6103,N,50,0,24
6621,31,1.015101,244,6008,N,51.6666666666667,0,24
7770,32,1.0400625,250,6621,N,53.3333333333333,0,24
7320,33,1.098306,264,7770,N,55,0,24
6782,34,1.04422275,251,7320,N,56.6666666666667,0,24
7393,35,1.01094075,243,6782,N,58.3333333333333,0,24
7454,36,0.98597925,237,7393,N,60,0,24
7157,37,0.86949225,209,7454,N,61.6666666666667,0,24
7326,38,0.965178,232,7157,N,63.3333333333333,0,24
7955,39,1.01926125,245,7326,N,65,0,24
8129,40,0.93605625,225,7955,N,66.6666666666667,0,24
8602,41,0.9568575,230,8129,N,68.3333333333333,0,24
9244,42,0.9568575,230,8602,N,70,0,24
8529,43,0.865332,208,9244,N,71.6666666666667,0,24
8308,44,0.9901395,238,8529,N,73.3333333333333,0,24
9050,45,0.9402165,226,8308,N,75,0,24
8855,46,0.9235755,222,9050,N,76.6666666666667,0,24
9428,47,0.898614,216,8855,N,78.3333333333333,0,24
10522,48,0.93605625,225,9428,N,80,0,24
9822,49,0.981819,236,10522,N,81.6666666666667,0,24
10850,50,0.9734985,234,9822,N,83.3333333333333,0,24
9961,51,0.94437675,227,10850,N,85,0,24
10248,52,0.99429975,239,9961,N,86.6666666666667,0,24
10567,53,1.0067805,242,10248,N,88.3333333333333,0,24
9765,54,0.96933825,233,10567,N,90,0,24
11596,55,0.9901395,238,9765,N,91.6666666666667,0,24
11841,56,0.9568575,230,11596,N,93.3333333333333,0,24
11711,57,1.048383,252,11841,N,95,0,24
12345,58,1.0067805,242,11711,N,96.6666666666667,0,24
11661,59,1.0567035,254,12345,N,98.3333333333333,0,24
11569,60,1.07750475,259,11661,N,100,0,24
11707,61,1.11078675,267,11569,N,101.666666666667,0,24
12278,62,0.881973,212,11707,N,103.333333333333,0,24
13795,63,0.965178,232,12278,N,105,0,24
2325,0,1.264716,304,NA,N,0,0,25
2373,1,1.36040175,327,2325,N,1.66666666666667,0,25
2337,2,1.33544025,321,2373,N,3.33333333333333,0,25
2463,3,1.4061645,338,2337,N,5,0,25
2539,4,1.42696575,343,2463,N,6.66666666666667,0,25
2468,5,1.49769,360,2539,N,8.33333333333333,0,25
2042,6,1.51017075,363,2468,N,10,0,25
2360,7,1.5725745,378,2042,N,11.6666666666667,0,25
3465,8,1.53513225,369,2360,N,13.3333333333333,0,25
3663,9,1.60169625,385,3465,N,15,0,25
3816,10,1.597536,384,3663,N,16.6666666666667,0,25
3542,11,1.56009375,375,3816,N,18.3333333333333,0,25
3951,12,1.630818,392,3542,N,20,0,25
3308,13,1.7057025,410,3951,N,21.6666666666667,0,25
3182,14,1.50185025,361,3308,N,23.3333333333333,0,25
3753,15,1.62665775,391,3182,N,25,0,25
4554,16,1.65161925,397,3753,N,26.6666666666667,0,25
4539,17,1.88459325,453,4554,N,28.3333333333333,0,25
4649,18,1.730664,416,4539,N,30,0,25
4626,19,2.05932375,495,4649,N,31.6666666666667,0,25
4833,20,2.15084925,517,4626,N,33.3333333333333,0,25
4606,21,2.35054125,565,4833,N,35,0,25
5364,22,2.546073,612,4606,N,36.6666666666667,0,25
4604,23,2.562714,616,5364,N,38.3333333333333,0,25
6396,24,1.33544025,321,4604,Y,40,1,25
5760,25,1.231434,296,6396,N,41.6666666666667,1,25
5613,26,1.27719675,307,5760,N,43.3333333333333,1,25
5879,27,1.3229595,318,5613,N,45,1,25
2331,0,0.9901395,238,NA,N,0,0,26
2374,1,1.0067805,242,2331,N,1.66666666666667,0,26
2341,2,0.97765875,235,2374,N,3.33333333333333,0,26
2465,3,1.05254325,253,2341,N,5,0,26
2543,4,1.02758175,247,2465,N,6.66666666666667,0,26
2477,5,1.1066265,266,2543,N,8.33333333333333,0,26
2044,6,1.131588,272,2477,N,10,0,26
2386,7,1.12742775,271,2044,N,11.6666666666667,0,26
3486,8,1.1399085,274,2386,N,13.3333333333333,0,26
3682,9,1.1232675,270,3486,N,15,0,26
3839,10,1.29383775,311,3682,N,16.6666666666667,0,26
3566,11,1.28551725,309,3839,N,18.3333333333333,0,26
3974,12,1.30215825,313,3566,N,20,0,26
3318,13,1.36040175,327,3974,N,21.6666666666667,0,26
3188,14,1.3728825,330,3318,N,23.3333333333333,0,26
3782,15,1.3728825,330,3188,N,25,0,26
4575,16,1.431126,344,3782,N,26.6666666666667,0,26
4559,17,1.45192725,349,4575,N,28.3333333333333,0,26
4679,18,1.46856825,353,4559,N,30,0,26
4652,19,1.5725745,378,4679,N,31.6666666666667,0,26
5014,20,1.56841425,377,4652,N,33.3333333333333,0,26
4637,21,1.630818,392,5014,N,35,0,26
5369,22,1.77642675,427,4637,N,36.6666666666667,0,26
4715,23,1.83051,440,5369,N,38.3333333333333,0,26
6403,24,2.1050865,506,4715,N,40,0,26
5781,25,2.313099,556,6403,N,41.6666666666667,0,26
5617,26,2.44206675,587,5781,N,43.3333333333333,0,26
5900,27,2.4878295,598,5617,N,45,0,26
5946,28,2.695842,648,5900,N,46.6666666666667,0,26
5968,29,2.629278,632,5946,N,48.3333333333333,0,26
5882,30,2.745765,660,5968,N,50,0,26
6592,31,2.878893,692,5882,N,51.6666666666667,0,26
7743,32,3.145149,756,6592,N,53.3333333333333,0,26
7208,33,2.8206495,678,7743,N,55,0,26
6756,34,1.54345275,371,7208,Y,56.6666666666667,1,26
7137,35,1.5892155,382,6756,N,58.3333333333333,1,26
7221,36,1.58505525,381,7137,N,60,1,26
7017,37,1.57673475,379,7221,N,61.6666666666667,1,26
7213,38,1.547613,372,7017,N,63.3333333333333,1,26
7927,39,1.6224975,390,7213,N,65,1,26
8100,40,1.7556255,422,7927,N,66.6666666666667,1,26
8552,41,1.85131125,445,8100,N,68.3333333333333,1,26
9218,42,1.97611875,475,8552,N,70,1,26
8452,43,2.013561,484,9218,N,71.6666666666667,1,26
8279,44,2.130048,512,8452,N,73.3333333333333,1,26
8989,45,2.24237475,539,8279,N,75,1,26
8791,46,2.30061825,553,8989,N,76.6666666666667,1,26
9398,47,2.32557975,559,8791,N,78.3333333333333,1,26
10464,48,2.51695125,605,9398,N,80,1,26
9727,49,2.66256,640,10464,N,81.6666666666667,1,26
10817,50,2.66256,640,9727,N,83.3333333333333,1,26
9827,51,2.89137375,695,10817,N,85,1,26
10209,52,2.928816,704,9827,N,86.6666666666667,1,26
10664,53,1.51017075,363,10209,Y,88.3333333333333,2,26
9874,54,1.46024775,351,10664,N,90,2,26
11949,55,1.68490125,405,9874,N,91.6666666666667,2,26
12229,56,1.79306775,431,11949,N,93.3333333333333,2,26
12236,57,1.84299075,443,12229,N,95,2,26
12635,58,1.85963175,447,12236,N,96.6666666666667,2,26
12117,59,2.06764425,497,12635,N,98.3333333333333,2,26
11988,60,2.046843,492,12117,N,100,2,26
12131,61,2.44206675,587,11988,N,101.666666666667,2,26
12610,62,2.57519475,619,12131,N,103.333333333333,2,26
14016,63,2.862252,688,12610,N,105,2,26
13754,64,3.14930925,757,14016,N,106.666666666667,2,26
14390,65,1.78474725,429,13754,Y,108.333333333333,3,26
13032,66,1.60169625,385,14390,N,110,3,26
14292,67,1.51017075,363,13032,N,111.666666666667,3,26
14278,68,1.85963175,447,14292,N,113.333333333333,3,26
13377,69,1.946997,468,14278,N,115,3,26
14104,70,1.95947775,471,13377,N,116.666666666667,3,26
2778,0,0.6906015,166,NA,N,0,0,27
2733,1,0.82788975,199,2778,N,1.66666666666667,0,27
2665,2,0.83621025,201,2733,N,3.33333333333333,0,27
2824,3,0.85285125,205,2665,N,5,0,27
3038,4,0.78628725,189,2824,N,6.66666666666667,0,27
2719,5,0.798768,192,3038,N,8.33333333333333,0,27
2090,6,0.8570115,206,2719,N,10,0,27
2805,7,0.881973,212,2090,N,11.6666666666667,0,27
3751,8,0.88613325,213,2805,N,13.3333333333333,0,27
3993,9,1.00262025,241,3751,N,15,0,27
4141,10,0.95269725,229,3993,N,16.6666666666667,0,27
3853,11,0.98597925,237,4141,N,18.3333333333333,0,27
4222,12,0.99429975,239,3853,N,20,0,27
3567,13,0.965178,232,4222,N,21.6666666666667,0,27
3344,14,1.00262025,241,3567,N,23.3333333333333,0,27
4077,15,1.065024,256,3344,N,25,0,27
4920,16,1.048383,252,4077,N,26.6666666666667,0,27
4791,17,1.10246625,265,4920,N,28.3333333333333,0,27
5192,18,1.08582525,261,4791,N,30,0,27
4922,19,1.15238925,277,5192,N,31.6666666666667,0,27
5258,20,1.10246625,265,4922,N,33.3333333333333,0,27
4918,21,1.11910725,269,5258,N,35,0,27
5416,22,1.1066265,266,4918,N,36.6666666666667,0,27
4978,23,1.27719675,307,5416,N,38.3333333333333,0,27
6484,24,1.23559425,297,4978,N,40,0,27
5981,25,1.2397545,298,6484,N,41.6666666666667,0,27
5659,26,1.6224975,390,5981,N,43.3333333333333,0,27
6123,27,1.5892155,382,5659,N,45,0,27
6185,28,1.78474725,429,6123,N,46.6666666666667,0,27
6188,29,0.8237295,198,6185,Y,48.3333333333333,1,27
6095,30,1.065024,256,6188,N,50,1,27
6639,31,1.181511,284,6095,N,51.6666666666667,1,27
7786,32,1.16487,280,6639,N,53.3333333333333,1,27
7465,33,1.18567125,285,7786,N,55,1,27
6800,34,1.364562,328,7465,N,56.6666666666667,1,27
7429,35,1.1066265,266,6800,N,58.3333333333333,1,27
7533,36,1.37704275,331,7429,N,60,1,27
8144,40,1.88459325,453,7533,N,66.6666666666667,1,27
8636,41,1.8721125,450,8144,N,68.3333333333333,1,27
9261,42,0.9069345,218,8636,Y,70,2,27
8573,43,0.965178,232,9261,N,71.6666666666667,2,27
8338,44,0.948537,228,8573,N,73.3333333333333,2,27
9077,45,0.93605625,225,8338,N,75,2,27
8891,46,0.931896,224,9077,N,76.6666666666667,2,27
9448,47,1.0567035,254,8891,N,78.3333333333333,2,27
10560,48,1.0067805,242,9448,N,80,2,27
9867,49,0.97765875,235,10560,N,81.6666666666667,2,27
10870,50,0.9734985,234,9867,N,83.3333333333333,2,27
9980,51,1.2563955,302,10870,N,85,2,27
10268,52,1.2896775,310,9980,N,86.6666666666667,2,27
10613,53,1.05254325,253,10268,N,88.3333333333333,2,27
9823,54,1.1565495,278,10613,N,90,2,27
11755,55,1.1232675,270,9823,N,91.6666666666667,2,27
12025,56,1.3728825,330,11755,N,93.3333333333333,2,27
11891,57,1.314639,316,12025,N,95,2,27
12514,58,1.4893695,358,11891,N,96.6666666666667,2,27
11864,59,1.63497825,393,12514,N,98.3333333333333,2,27
11730,60,1.847151,444,11864,N,100,2,27
11911,61,1.6724205,402,11730,N,101.666666666667,2,27
14044,63,1.78474725,429,11911,N,105,2,27
13782,64,1.8887535,454,14044,N,106.666666666667,2,27
14419,65,1.913715,460,13782,N,108.333333333333,2,27
12862,66,2.0385225,490,14419,N,110,2,27
14649,67,1.94283675,467,12862,N,111.666666666667,2,27
2388,0,1.214793,292,NA,N,0,0,28
2380,1,1.22727375,295,2388,N,1.66666666666667,0,28
2358,2,1.19399175,287,2380,N,3.33333333333333,0,28
2478,3,1.248075,300,2358,N,5,0,28
2551,4,1.17735075,283,2478,N,6.66666666666667,0,28
2491,5,1.2397545,298,2551,N,8.33333333333333,0,28
2047,6,1.26055575,303,2491,N,10,0,28
2429,7,1.347921,324,2047,N,11.6666666666667,0,28
3504,8,1.24391475,299,2429,N,13.3333333333333,0,28
3700,9,1.364562,328,3504,N,15,0,28
3859,10,1.4061645,338,3700,N,16.6666666666667,0,28
3580,11,1.464408,352,3859,N,18.3333333333333,0,28
3995,12,1.37704275,331,3580,N,20,0,28
3329,13,1.4893695,358,3995,N,21.6666666666667,0,28
3194,14,1.52681175,367,3329,N,23.3333333333333,0,28
3803,15,1.52681175,367,3194,N,25,0,28
4589,16,1.54345275,371,3803,N,26.6666666666667,0,28
4576,17,1.67658075,403,4589,N,28.3333333333333,0,28
4696,18,1.6391385,394,4576,N,30,0,28
4665,19,1.7223435,414,4696,N,31.6666666666667,0,28
5031,20,1.88459325,453,4665,N,33.3333333333333,0,28
4408,21,1.57673475,379,5031,N,35,0,28
5314,22,1.714023,412,4408,N,36.6666666666667,0,28
4327,23,0.76964625,185,5314,Y,38.3333333333333,1,28
6207,25,0.93605625,225,4327,N,41.6666666666667,1,28
2124,0,1.41864525,341,NA,N,0,0,29
2126,1,1.46856825,353,2124,N,1.66666666666667,0,29
2153,2,1.5060105,362,2126,N,3.33333333333333,0,29
2150,3,1.6391385,394,2153,N,5,0,29
2152,4,1.58505525,381,2150,N,6.66666666666667,0,29
2188,5,1.580895,380,2152,N,8.33333333333333,0,29
2003,6,1.61833725,389,2188,N,10,0,29
2180,7,1.66826025,401,2003,N,11.6666666666667,0,29
3303,8,1.714023,412,2180,N,13.3333333333333,0,29
3436,9,1.6641,400,3303,N,15,0,29
3205,10,1.8055485,434,3436,N,16.6666666666667,0,29
3337,11,1.84299075,443,3205,N,18.3333333333333,0,29
3652,12,1.84299075,443,3337,N,20,0,29
3183,13,1.7556255,422,3652,N,21.6666666666667,0,29
3135,14,1.8388305,442,3183,N,23.3333333333333,0,29
3442,15,1.86795225,449,3135,N,25,0,29
4315,16,1.92619575,463,3442,N,26.6666666666667,0,29
4316,17,1.8721125,450,4315,N,28.3333333333333,0,29
4413,18,1.8388305,442,4316,N,30,0,29
4321,19,1.95947775,471,4413,N,31.6666666666667,0,29
4362,20,1.8388305,442,4321,N,33.3333333333333,0,29
4393,21,1.9719585,474,4362,N,35,0,29
5306,22,2.146689,516,4393,N,36.6666666666667,0,29
4305,23,2.37550275,571,5306,N,38.3333333333333,0,29
5480,24,2.39214375,575,4305,N,40,0,29
5479,25,2.30061825,553,5480,N,41.6666666666667,0,29
5487,26,2.43374625,585,5479,N,43.3333333333333,0,29
5478,27,2.48366925,597,5487,N,45,0,29
5526,28,2.66256,640,5478,N,46.6666666666667,0,29
5500,29,2.4878295,598,5526,N,48.3333333333333,0,29
5491,30,2.6043165,626,5500,N,50,0,29
6540,31,2.62511775,631,5491,N,51.6666666666667,0,29
6991,32,3.03282225,729,6540,N,53.3333333333333,0,29
6908,33,1.2896775,310,6991,Y,55,1,29
6704,34,1.43528625,345,6908,N,56.6666666666667,1,29
6882,35,1.26887625,305,6704,N,58.3333333333333,1,29
6932,36,1.4893695,358,6882,N,60,1,29
6831,37,1.74314475,419,6932,N,61.6666666666667,1,29
6927,38,1.85131125,445,6831,N,63.3333333333333,1,29
7872,39,1.946997,468,6927,N,65,1,29
8043,40,1.9885995,478,7872,N,66.6666666666667,1,29
8386,41,1.9885995,478,8043,N,68.3333333333333,1,29
9158,42,2.00108025,481,8386,N,70,1,29
8304,43,2.03436225,489,9158,N,71.6666666666667,1,29
8222,44,2.20909275,531,8304,N,73.3333333333333,1,29
8865,45,2.59183575,623,8222,N,75,1,29
8622,46,2.56687425,617,8865,N,76.6666666666667,1,29
9338,47,2.795688,672,8622,N,78.3333333333333,1,29
10346,48,2.69168175,647,9338,N,80,1,29
9534,49,1.347921,324,10346,Y,81.6666666666667,2,29
10699,50,1.47688875,355,9534,N,83.3333333333333,2,29
9652,51,1.530972,368,10699,N,85,2,29
10140,52,1.49352975,359,9652,N,86.6666666666667,2,29
10347,53,1.64329875,395,10140,N,88.3333333333333,2,29
9577,54,1.80970875,435,10347,N,90,2,29
10950,55,1.980279,476,9577,N,91.6666666666667,2,29
11138,56,2.046843,492,10950,N,93.3333333333333,2,29
11061,57,2.0884455,502,11138,N,95,2,29
11662,58,2.50031025,601,11061,N,96.6666666666667,2,29
11006,59,2.5543935,614,11662,N,98.3333333333333,2,29
10960,60,2.313099,556,11006,N,100,2,29
11060,61,2.5377525,610,10960,N,101.666666666667,2,29
10999,62,1.48520925,357,11060,Y,103.333333333333,3,29
13426,63,1.5226515,366,10999,N,105,3,29
13101,64,1.67658075,403,13426,N,106.666666666667,3,29
12896,65,1.88459325,453,13101,N,108.333333333333,3,29
12738,66,1.7556255,422,12896,N,110,3,29
13909,67,1.8887535,454,12738,N,111.666666666667,3,29
13916,68,1.897074,456,13909,N,113.333333333333,3,29
13122,69,2.0385225,490,13916,N,115,3,29
12848,70,1.963638,472,13122,N,116.666666666667,3,29
2396,0,1.14406875,275,NA,N,0,0,30
2382,1,1.10246625,265,2396,N,1.66666666666667,0,30
2362,2,1.12742775,271,2382,N,3.33333333333333,0,30
2484,3,1.21063275,291,2362,N,5,0,30
2555,4,1.1399085,274,2484,N,6.66666666666667,0,30
2493,5,1.2397545,298,2555,N,8.33333333333333,0,30
2048,6,1.31047875,315,2493,N,10,0,30
2436,7,1.4061645,338,2048,N,11.6666666666667,0,30
3510,8,1.39368375,335,2436,N,13.3333333333333,0,30
3706,9,1.34376075,323,3510,N,15,0,30
3866,10,1.5725745,378,3706,N,16.6666666666667,0,30
3585,11,1.47688875,355,3866,N,18.3333333333333,0,30
4001,12,1.41864525,341,3585,N,20,0,30
3334,13,1.46024775,351,4001,N,21.6666666666667,0,30
3197,14,1.5226515,366,3334,N,23.3333333333333,0,30
3812,15,1.7223435,414,3197,N,25,0,30
4595,16,1.70986275,411,3812,N,26.6666666666667,0,30
4581,17,1.730664,416,4595,N,28.3333333333333,0,30
4702,18,1.90955475,459,4581,N,30,0,30
4672,19,2.196612,528,4702,N,31.6666666666667,0,30
5037,20,2.08428525,501,4672,N,33.3333333333333,0,30
4618,21,1.05254325,253,5037,Y,35,1,30
5365,22,1.13574825,273,4618,N,36.6666666666667,1,30
4698,23,1.31879925,317,5365,N,38.3333333333333,1,30
2620,0,1.33544025,321,NA,N,0,0,31
2640,1,1.20231225,289,2620,N,1.66666666666667,0,31
2607,2,1.22727375,295,2640,N,3.33333333333333,0,31
2745,3,1.3728825,330,2607,N,5,0,31
2907,4,1.34376075,323,2745,N,6.66666666666667,0,31
2570,5,1.36872225,329,2907,N,8.33333333333333,0,31
2076,6,1.3562415,326,2570,N,10,0,31
2614,7,1.41032475,339,2076,N,11.6666666666667,0,31
3665,8,1.49352975,359,2614,N,13.3333333333333,0,31
3900,9,1.44360675,347,3665,N,15,0,31
4049,10,1.4893695,358,3900,N,16.6666666666667,0,31
3744,11,1.4893695,358,4049,N,18.3333333333333,0,31
4139,12,1.564254,376,3744,N,20,0,31
3462,13,1.55177325,373,4139,N,21.6666666666667,0,31
3280,14,1.60169625,385,3462,N,23.3333333333333,0,31
3989,15,1.78474725,429,3280,N,25,0,31
4829,16,1.714023,412,3989,N,26.6666666666667,0,31
4681,17,1.730664,416,4829,N,28.3333333333333,0,31
5173,18,1.8554715,446,4681,N,30,0,31
4830,19,1.81802925,437,5173,N,31.6666666666667,0,31
5154,20,1.730664,416,4830,N,33.3333333333333,0,31
4890,23,1.03590225,249,5154,Y,38.3333333333333,1,31
2431,0,1.098306,264,NA,N,0,0,32
2385,1,1.314639,316,2431,N,1.66666666666667,0,32
2381,2,1.098306,264,2385,N,3.33333333333333,0,32
2488,3,1.31047875,315,2381,N,5,0,32
2560,4,1.148229,276,2488,N,6.66666666666667,0,32
2494,5,1.2730365,306,2560,N,8.33333333333333,0,32
2050,6,1.37704275,331,2494,N,10,0,32
2448,7,1.39368375,335,2050,N,11.6666666666667,0,32
3522,8,1.314639,316,2448,N,13.3333333333333,0,32
3718,9,1.28551725,309,3522,N,15,0,32
3879,10,1.28551725,309,3718,N,16.6666666666667,0,32
3594,11,1.514331,364,3879,N,18.3333333333333,0,32
4013,12,1.6724205,402,3594,N,20,0,32
3342,13,1.5892155,382,4013,N,21.6666666666667,0,32
3203,14,1.714023,412,3342,N,23.3333333333333,0,32
3829,15,1.6224975,390,3203,N,25,0,32
4608,16,1.9220355,462,3829,N,26.6666666666667,0,32
4586,17,2.10924675,507,4608,N,28.3333333333333,0,32
4706,18,2.16749025,521,4586,N,30,0,32
4680,19,2.10092625,505,4706,N,31.6666666666667,0,32
5043,20,1.89291375,455,4680,N,33.3333333333333,0,32
4654,21,2.1050865,506,5043,N,35,0,32
5373,22,2.046843,492,4654,N,36.6666666666667,0,32
4747,23,2.3214195,558,5373,N,38.3333333333333,0,32
6407,24,2.20077225,529,4747,N,40,0,32
5798,25,2.49615,600,6407,N,41.6666666666667,0,32
5622,26,2.62511775,631,5798,N,43.3333333333333,0,32
5924,27,2.37550275,571,5622,N,45,0,32
5969,28,2.65839975,639,5924,N,46.6666666666667,0,32
5985,29,2.71664325,653,5969,N,48.3333333333333,0,32
5907,30,1.3895235,334,5985,Y,50,1,32
6598,31,1.414485,340,5907,N,51.6666666666667,1,32
7749,32,1.31047875,315,6598,N,53.3333333333333,1,32
7231,33,1.36872225,329,7749,N,55,1,32
6763,34,1.45192725,349,7231,N,56.6666666666667,1,32
7165,35,1.547613,372,6763,N,58.3333333333333,1,32
7260,36,1.6641,400,7165,N,60,1,32
7049,37,1.597536,384,7260,N,61.6666666666667,1,32
7237,38,1.6391385,394,7049,N,63.3333333333333,1,32
7933,39,1.697382,408,7237,N,65,1,32
8107,40,1.84299075,443,7933,N,66.6666666666667,1,32
8565,41,1.747305,420,8107,N,68.3333333333333,1,32
9223,42,1.8388305,442,8565,N,70,1,32
8464,43,1.91787525,461,9223,N,71.6666666666667,1,32
8283,44,1.980279,476,8464,N,73.3333333333333,1,32
8999,45,2.22573375,535,8283,N,75,1,32
8807,46,2.01772125,485,8999,N,76.6666666666667,1,32
9404,47,2.113407,508,8807,N,78.3333333333333,1,32
10474,48,2.31725925,557,9404,N,80,1,32
9741,49,2.562714,616,10474,N,81.6666666666667,1,32
10823,50,2.5044705,602,9741,N,83.3333333333333,1,32
9901,51,2.3547015,566,10823,N,85,1,32
10216,52,2.5876755,622,9901,N,86.6666666666667,1,32
10506,53,2.2714965,546,10216,N,88.3333333333333,1,32
9669,54,2.6209575,630,10506,N,90,1,32
11417,55,1.2064725,290,9669,Y,91.6666666666667,2,32
2127,0,0.78628725,189,NA,N,0,0,33
2131,1,0.748845,180,2127,N,1.66666666666667,0,33
2155,2,0.82788975,199,2131,N,3.33333333333333,0,33
2192,3,0.848691,204,2155,N,5,0,33
2154,4,0.732204,176,2192,N,6.66666666666667,0,33
2251,5,0.76132575,183,2154,N,8.33333333333333,0,33
2004,6,0.7571655,182,2251,N,10,0,33
2184,7,0.79460775,191,2004,N,11.6666666666667,0,33
3306,8,0.86117175,207,2184,N,13.3333333333333,0,33
3440,9,0.848691,204,3306,N,15,0,33
3208,10,0.8403705,202,3440,N,16.6666666666667,0,33
3341,11,0.93605625,225,3208,N,18.3333333333333,0,33
3658,12,0.865332,208,3341,N,20,0,33
3185,13,0.86949225,209,3658,N,21.6666666666667,0,33
3136,14,0.7738065,186,3185,N,23.3333333333333,0,33
3448,15,0.74468475,179,3136,N,25,0,33
4317,16,0.8070885,194,3448,N,26.6666666666667,0,33
4318,17,0.7738065,186,4317,N,28.3333333333333,0,33
4429,18,0.715563,172,4318,N,30,0,33
4322,19,0.815409,196,4429,N,31.6666666666667,0,33
4366,20,0.71972325,173,4322,N,33.3333333333333,0,33
4394,21,0.60323625,145,4366,N,35,0,33
5307,22,0.76132575,183,4394,N,36.6666666666667,0,33
4306,23,0.715563,172,5307,N,38.3333333333333,0,33
5482,24,0.7238835,174,4306,N,40,0,33
5488,27,0.66564,160,5482,N,45,0,33
6541,31,0.6406785,154,5488,N,51.6666666666667,0,33
9250,42,0.682281,164,6541,N,70,0,33
8544,43,0.68644125,165,9250,N,71.6666666666667,0,33
9058,45,0.6739605,162,8544,N,75,0,33
8862,46,0.68644125,165,9058,N,76.6666666666667,0,33
9433,47,0.4909095,118,8862,N,78.3333333333333,0,33
10532,48,0.648999,156,9433,N,80,0,33
9835,49,0.68644125,165,10532,N,81.6666666666667,0,33
10856,50,0.6906015,166,9835,N,83.3333333333333,0,33
9967,51,0.798768,192,10856,N,85,0,33
10254,52,0.765486,184,9967,N,86.6666666666667,0,33
10579,53,0.83205,200,10254,N,88.3333333333333,0,33
9779,54,0.798768,192,10579,N,90,0,33
11630,55,0.765486,184,9779,N,91.6666666666667,0,33
11887,56,0.765486,184,11630,N,93.3333333333333,0,33
11746,57,0.698922,168,11887,N,95,0,33
11173,62,0.73636425,177,11746,N,103.333333333333,0,33
13559,63,0.72804375,175,11173,N,105,0,33
13182,64,0.77796675,187,13559,N,106.666666666667,0,33
13727,69,0.66564,160,13182,N,115,0,33
3081,0,0.549153,132,NA,N,0,0,34
2906,1,0.5408325,130,3081,N,1.66666666666667,0,34
2915,2,0.62819775,151,2906,N,3.33333333333333,0,34
3011,3,0.648999,156,2915,N,5,0,34
3106,4,0.57827475,139,3011,N,6.66666666666667,0,34
2913,5,0.61987725,149,3106,N,8.33333333333333,0,34
2128,6,0.60323625,145,2913,N,10,0,34
2959,7,0.55331325,133,2128,N,11.6666666666667,0,34
3956,8,0.59491575,143,2959,N,13.3333333333333,0,34
4154,9,0.599076,144,3956,N,15,0,34
4198,10,0.62819775,151,4154,N,16.6666666666667,0,34
4032,11,0.60323625,145,4198,N,18.3333333333333,0,34
4263,12,0.53667225,129,4032,N,20,0,34
3761,13,0.5741145,138,4263,N,21.6666666666667,0,34
3514,14,0.55331325,133,3761,N,23.3333333333333,0,34
4276,15,0.615717,148,3514,N,25,0,34
5041,16,0.5907555,142,4276,N,26.6666666666667,0,34
4937,17,0.60323625,145,5041,N,28.3333333333333,0,34
5220,18,0.5907555,142,4937,N,30,0,34
5065,19,0.49923,120,5220,N,31.6666666666667,0,34
5451,22,0.615717,148,5065,N,36.6666666666667,0,34
5145,23,0.5408325,130,5451,N,38.3333333333333,0,34
8758,43,0.515871,124,5145,N,71.6666666666667,0,34
9140,45,0.42850575,103,8758,N,75,0,34
9670,51,0.599076,144,9140,N,85,0,34
10149,52,0.58659525,141,9670,N,86.6666666666667,0,34
10365,53,0.6073965,146,10149,N,88.3333333333333,0,34
9586,54,0.565794,136,10365,N,90,0,34
10965,55,0.5907555,142,9586,N,91.6666666666667,0,34
11180,56,0.6406785,154,10965,N,93.3333333333333,0,34
11097,57,0.5075505,122,11180,N,95,0,34
12621,62,0.53667225,129,11097,N,103.333333333333,0,34
14034,63,0.54499275,131,12621,N,105,0,34
13770,64,0.582435,140,14034,N,106.666666666667,0,34
2442,0,0.9901395,238,NA,N,0,0,35
2395,1,0.94437675,227,2442,N,1.66666666666667,0,35
2384,2,0.8902935,214,2395,N,3.33333333333333,0,35
2503,3,0.965178,232,2384,N,5,0,35
2569,4,0.96101775,231,2503,N,6.66666666666667,0,35
2495,5,0.87781275,211,2569,N,8.33333333333333,0,35
2051,6,0.91109475,219,2495,N,10,0,35
2453,7,0.8902935,214,2051,N,11.6666666666667,0,35
3534,8,0.93605625,225,2453,N,13.3333333333333,0,35
3729,9,0.981819,236,3534,N,15,0,35
2141,0,0.68644125,165,NA,N,0,0,36
2140,1,0.80292825,193,2141,N,1.66666666666667,0,36
2163,2,0.8570115,206,2140,N,3.33333333333333,0,36
2221,3,0.9069345,218,2163,N,5,0,36
2173,4,1.00262025,241,2221,N,6.66666666666667,0,36
2346,5,1.065024,256,2173,N,8.33333333333333,0,36
2008,6,1.0234215,246,2346,N,10,0,36
2196,7,1.11910725,269,2008,N,11.6666666666667,0,36
3317,8,1.08582525,261,2196,N,13.3333333333333,0,36
3470,9,1.15238925,277,3317,N,15,0,36
3225,10,1.1399085,274,3470,N,16.6666666666667,0,36
3359,11,1.148229,276,3225,N,18.3333333333333,0,36
3690,12,1.21063275,291,3359,N,20,0,36
3195,13,1.27719675,307,3690,N,21.6666666666667,0,36
3141,14,1.2730365,306,3195,N,23.3333333333333,0,36
3481,15,1.29383775,311,3141,N,25,0,36
4344,16,1.29383775,311,3481,N,26.6666666666667,0,36
4334,17,1.314639,316,4344,N,28.3333333333333,0,36
4450,18,1.33128,320,4334,N,30,0,36
4331,19,1.4061645,338,4450,N,31.6666666666667,0,36
4416,20,1.34376075,323,4331,N,33.3333333333333,0,36
4399,21,1.45192725,349,4416,N,35,0,36
5310,22,1.54345275,371,4399,N,36.6666666666667,0,36
4310,23,1.65161925,397,5310,N,38.3333333333333,0,36
5486,25,2.229894,536,4310,N,41.6666666666667,0,36
2630,0,1.5559335,374,NA,N,0,0,37
2652,1,1.61833725,389,2630,N,1.66666666666667,0,37
2617,2,1.65161925,397,2652,N,3.33333333333333,0,37
2748,3,1.63497825,393,2617,N,5,0,37
2920,4,1.76810625,425,2748,N,6.66666666666667,0,37
2578,5,1.8887535,454,2920,N,8.33333333333333,0,37
2078,6,1.98443925,477,2578,N,10,0,37
2628,7,1.9386765,466,2078,N,11.6666666666667,0,37
3679,8,1.031742,248,2628,Y,13.3333333333333,1,37
3913,9,0.9069345,218,3679,N,15,1,37
4083,10,0.965178,232,3913,N,16.6666666666667,1,37
3765,11,0.99846,240,4083,N,18.3333333333333,1,37
4194,12,1.02758175,247,3765,N,20,1,37
3485,13,1.0067805,242,4194,N,21.6666666666667,1,37
3295,14,1.015101,244,3485,N,23.3333333333333,1,37
4005,15,1.0067805,242,3295,N,25,1,37
4849,16,1.11078675,267,4005,N,26.6666666666667,1,37
4716,17,1.015101,244,4849,N,28.3333333333333,1,37
5177,18,1.05254325,253,4716,N,30,1,37
4851,19,1.09414575,263,5177,N,31.6666666666667,1,37
5158,20,1.0733445,258,4851,N,33.3333333333333,1,37
4846,21,1.114947,268,5158,N,35,1,37
5401,22,1.30215825,313,4846,N,36.6666666666667,1,37
4908,23,1.364562,328,5401,N,38.3333333333333,1,37
6470,24,1.32711975,319,4908,N,40,1,37
5921,25,1.3229595,318,6470,N,41.6666666666667,1,37
5648,26,1.3229595,318,5921,N,43.3333333333333,1,37
6060,27,1.42696575,343,5648,N,45,1,37
6119,28,1.3063185,314,6060,N,46.6666666666667,1,37
6125,29,1.33544025,321,6119,N,48.3333333333333,1,37
6029,30,1.42696575,343,6125,N,50,1,37
6626,31,1.41032475,339,6029,N,51.6666666666667,1,37
7775,32,1.63497825,393,6626,N,53.3333333333333,1,37
7339,33,1.5725745,378,7775,N,55,1,37
6788,34,1.56009375,375,7339,N,56.6666666666667,1,37
7402,35,1.57673475,379,6788,N,58.3333333333333,1,37
7467,36,1.74314475,419,7402,N,60,1,37
7172,37,1.680741,404,7467,N,61.6666666666667,1,37
7335,38,1.78474725,429,7172,N,63.3333333333333,1,37
7958,39,1.8221895,438,7335,N,65,1,37
8132,40,1.9386765,466,7958,N,66.6666666666667,1,37
8607,41,1.98443925,477,8132,N,68.3333333333333,1,37
9247,42,2.00940075,483,8607,N,70,1,37
8539,43,2.2049325,530,9247,N,71.6666666666667,1,37
8315,44,2.279817,548,8539,N,73.3333333333333,1,37
9056,45,2.37550275,571,8315,N,75,1,37
8859,46,0.96101775,231,9056,Y,76.6666666666667,2,37
9432,47,1.048383,252,8859,N,78.3333333333333,2,37
10530,48,1.2064725,290,9432,N,80,2,37
2645,0,1.16903025,281,NA,N,0,0,38
2654,1,1.2397545,298,2645,N,1.66666666666667,0,38
2624,2,1.26887625,305,2654,N,3.33333333333333,0,38
2750,3,1.347921,324,2624,N,5,0,38
2989,4,1.38536325,333,2750,N,6.66666666666667,0,38
2606,5,1.397844,336,2989,N,8.33333333333333,0,38
2079,6,1.40200425,337,2606,N,10,0,38
2633,7,1.4727285,354,2079,N,11.6666666666667,0,38
3685,8,1.564254,376,2633,N,13.3333333333333,0,38
3919,9,1.24391475,299,3685,N,15,0,38
4087,10,1.54345275,371,3919,N,16.6666666666667,0,38
3772,11,1.5226515,366,4087,N,18.3333333333333,0,38
4195,12,1.630818,392,3772,N,20,0,38
3491,13,1.7389845,418,4195,N,21.6666666666667,0,38
3299,14,1.52681175,367,3491,N,23.3333333333333,0,38
4017,15,1.797228,432,3299,N,25,0,38
4854,16,1.8388305,442,4017,N,26.6666666666667,0,38
4725,17,1.6724205,402,4854,N,28.3333333333333,0,38
5178,18,1.68490125,405,4725,N,30,0,38
4857,19,1.73482425,417,5178,N,31.6666666666667,0,38
5159,20,1.8554715,446,4857,N,33.3333333333333,0,38
4853,21,1.930356,464,5159,N,35,0,38
5402,22,1.8221895,438,4853,N,36.6666666666667,0,38
4914,23,1.897074,456,5402,N,38.3333333333333,0,38
6472,24,1.797228,432,4914,N,40,0,38
5934,25,1.763946,424,6472,N,41.6666666666667,0,38
5650,26,1.8221895,438,5934,N,43.3333333333333,0,38
6068,27,1.92619575,463,5650,N,45,0,38
6133,28,1.6391385,394,6068,N,46.6666666666667,0,38
6139,29,1.96779825,473,6133,N,48.3333333333333,0,38
6043,30,1.97611875,475,6139,N,50,0,38
6628,31,2.07596475,499,6043,N,51.6666666666667,0,38
7777,32,2.10092625,505,6628,N,53.3333333333333,0,38
7348,33,1.99275975,479,7777,N,55,0,38
6790,34,1.9220355,462,7348,N,56.6666666666667,0,38
7405,35,1.946997,468,6790,N,58.3333333333333,0,38
7474,36,2.29229775,551,7405,N,60,0,38
7179,37,2.313099,556,7474,N,61.6666666666667,0,38
7340,38,2.246535,540,7179,N,63.3333333333333,0,38
7959,39,2.146689,516,7340,N,65,0,38
8134,40,2.5044705,602,7959,N,66.6666666666667,0,38
8610,41,2.40046425,577,8134,N,68.3333333333333,0,38
9251,42,2.64175875,635,8610,N,70,0,38
8548,43,2.6875215,646,9251,N,71.6666666666667,0,38
8318,44,2.645919,636,8548,N,73.3333333333333,0,38
9059,45,1.26055575,303,8318,Y,75,1,38
8864,46,1.281357,308,9059,N,76.6666666666667,1,38
9434,47,1.43528625,345,8864,N,78.3333333333333,1,38
2688,0,0.84453075,203,NA,N,0,0,39
2656,1,0.87781275,211,2688,N,1.66666666666667,0,39
2626,2,0.85285125,205,2656,N,3.33333333333333,0,39
2752,3,0.90277425,217,2626,N,5,0,39
2994,4,0.88613325,213,2752,N,6.66666666666667,0,39
2611,5,0.881973,212,2994,N,8.33333333333333,0,39
2080,6,0.898614,216,2611,N,10,0,39
2638,7,0.91109475,219,2080,N,11.6666666666667,0,39
3691,8,0.881973,212,2638,N,13.3333333333333,0,39
3924,9,0.83205,200,3691,N,15,0,39
4092,10,0.848691,204,3924,N,16.6666666666667,0,39
3777,11,0.7738065,186,4092,N,18.3333333333333,0,39
4196,12,0.748845,180,3777,N,20,0,39
3496,13,0.732204,176,4196,N,21.6666666666667,0,39
3302,14,0.782127,188,3496,N,23.3333333333333,0,39
4023,15,0.64483875,155,3302,N,25,0,39
4859,16,0.715563,172,4023,N,26.6666666666667,0,39
4728,17,0.698922,168,4859,N,28.3333333333333,0,39
5179,18,0.72804375,175,4728,N,30,0,39
4861,19,0.71140275,171,5179,N,31.6666666666667,0,39
5160,20,0.682281,164,4861,N,33.3333333333333,0,39
4856,21,0.7072425,170,5160,N,35,0,39
5403,22,0.75300525,181,4856,N,36.6666666666667,0,39
4917,23,0.748845,180,5403,N,38.3333333333333,0,39
6473,24,0.71972325,173,4917,N,40,0,39
6143,29,0.698922,168,6473,N,48.3333333333333,0,39
6048,30,0.69476175,167,6143,N,50,0,39
6629,31,0.732204,176,6048,N,51.6666666666667,0,39
8532,41,0.66564,160,6629,N,68.3333333333333,0,39
9210,42,0.765486,184,8532,N,70,0,39
8421,43,0.71972325,173,9210,N,71.6666666666667,0,39
8270,44,0.632358,152,8421,N,73.3333333333333,0,39
8967,45,0.76964625,185,8270,N,75,0,39
8765,46,0.782127,188,8967,N,76.6666666666667,0,39
9389,47,0.73636425,177,8765,N,78.3333333333333,0,39
10453,48,0.7072425,170,9389,N,80,0,39
9699,49,0.7238835,174,10453,N,81.6666666666667,0,39
10810,50,0.715563,172,9699,N,83.3333333333333,0,39
9808,51,0.7072425,170,10810,N,85,0,39
10202,52,0.7738065,186,9808,N,86.6666666666667,0,39
10477,53,0.7238835,174,10202,N,88.3333333333333,0,39
9638,54,0.75300525,181,10477,N,90,0,39
11345,55,0.66980025,161,9638,N,91.6666666666667,0,39
11565,56,0.72804375,175,11345,N,93.3333333333333,0,39
11430,57,0.8070885,194,11565,N,95,0,39
12033,58,0.56163375,135,11430,N,96.6666666666667,0,39
11413,62,0.69476175,167,12033,N,103.333333333333,0,39
13676,63,0.7571655,182,11413,N,105,0,39
13251,64,0.66564,160,13676,N,106.666666666667,0,39
13296,65,0.67812075,163,13251,N,108.333333333333,0,39
14587,67,0.72804375,175,13296,N,111.666666666667,0,39
14568,68,0.74468475,179,14587,N,113.333333333333,0,39
13679,69,0.765486,184,14568,N,115,0,39
14492,70,0.76964625,185,13679,N,116.666666666667,0,39
2186,0,0.7405245,178,NA,N,0,0,40
2146,1,0.7571655,182,2186,N,1.66666666666667,0,40
2171,2,0.8070885,194,2146,N,3.33333333333333,0,40
2225,3,0.8070885,194,2171,N,5,0,40
2177,4,0.865332,208,2225,N,6.66666666666667,0,40
2350,5,0.86949225,209,2177,N,8.33333333333333,0,40
2009,6,1.0067805,242,2350,N,10,0,40
2198,7,0.97765875,235,2009,N,11.6666666666667,0,40
3320,8,1.01926125,245,2198,N,13.3333333333333,0,40
3475,9,0.96933825,233,3320,N,15,0,40
3228,10,0.8902935,214,3475,N,16.6666666666667,0,40
3368,11,0.865332,208,3228,N,18.3333333333333,0,40
3697,12,0.9901395,238,3368,N,20,0,40
3198,13,1.0067805,242,3697,N,21.6666666666667,0,40
3142,14,1.01926125,245,3198,N,23.3333333333333,0,40
3487,15,1.0400625,250,3142,N,25,0,40
4350,16,1.04422275,251,3487,N,26.6666666666667,0,40
4337,17,1.03590225,249,4350,N,28.3333333333333,0,40
4455,18,1.06086375,255,4337,N,30,0,40
4335,19,1.11910725,269,4455,N,31.6666666666667,0,40
4627,20,1.15238925,277,4335,N,33.3333333333333,0,40
4403,21,1.2231135,294,4627,N,35,0,40
5311,22,1.29383775,311,4403,N,36.6666666666667,0,40
4312,23,1.4394465,346,5311,N,38.3333333333333,0,40
5536,24,1.4061645,338,4312,N,40,0,40
5502,25,1.397844,336,5536,N,41.6666666666667,0,40
5496,26,1.5226515,366,5502,N,43.3333333333333,0,40
5583,27,1.8554715,446,5496,N,45,0,40
5734,28,1.56009375,375,5583,N,46.6666666666667,0,40
5573,29,1.9719585,474,5734,N,48.3333333333333,0,40
5524,30,1.82634975,439,5573,N,50,0,40
6545,31,0.931896,224,5524,Y,51.6666666666667,1,40
7007,32,0.881973,212,6545,N,53.3333333333333,1,40
6924,33,0.965178,232,7007,N,55,1,40
6708,34,1.00262025,241,6924,N,56.6666666666667,1,40
6897,35,0.81124875,195,6708,N,58.3333333333333,1,40
6944,36,1.17735075,283,6897,N,60,1,40
6839,37,1.06918425,257,6944,N,61.6666666666667,1,40
6938,38,1.16487,280,6839,N,63.3333333333333,1,40
7876,39,1.1232675,270,6938,N,65,1,40
8049,40,1.33128,320,7876,N,66.6666666666667,1,40
8400,41,1.31047875,315,8049,N,68.3333333333333,1,40
9163,42,1.4394465,346,8400,N,70,1,40
8314,43,1.62665775,391,9163,N,71.6666666666667,1,40
14984,44,NA,-1,8314,Y,73.3333333333333,2,40
2457,0,1.09414575,263,NA,N,0,0,41
2402,1,1.1565495,278,2457,N,1.66666666666667,0,41
2452,2,1.098306,264,2402,N,3.33333333333333,0,41
2509,3,1.231434,296,2452,N,5,0,41
2579,4,1.281357,308,2509,N,6.66666666666667,0,41
2497,5,1.181511,284,2579,N,8.33333333333333,0,41
2053,6,1.281357,308,2497,N,10,0,41
2459,7,1.2730365,306,2053,N,11.6666666666667,0,41
3553,8,1.264716,304,2459,N,13.3333333333333,0,41
3746,9,1.06086375,255,3553,N,15,0,41
3905,10,1.198152,288,3746,N,16.6666666666667,0,41
3614,11,1.3229595,318,3905,N,18.3333333333333,0,41
4035,12,1.29383775,311,3614,N,20,0,41
3361,13,1.31879925,317,4035,N,21.6666666666667,0,41
3215,14,1.36040175,327,3361,N,23.3333333333333,0,41
3851,15,1.40200425,337,3215,N,25,0,41
4623,16,1.514331,364,3851,N,26.6666666666667,0,41
4594,17,1.564254,376,4623,N,28.3333333333333,0,41
4719,18,1.61001675,387,4594,N,30,0,41
4695,19,1.580895,380,4719,N,31.6666666666667,0,41
5060,20,2.04268275,491,4695,N,33.3333333333333,0,41
4669,21,1.913715,460,5060,N,35,0,41
5376,22,1.97611875,475,4669,N,36.6666666666667,0,41
4765,23,2.0052405,482,5376,N,38.3333333333333,0,41
6411,24,2.28397725,549,4765,N,40,0,41
5813,25,2.712483,652,6411,N,41.6666666666667,0,41
5626,26,2.5876755,622,5813,N,43.3333333333333,0,41
5943,27,2.54191275,611,5626,N,45,0,41
5984,28,2.5543935,614,5943,N,46.6666666666667,0,41
6006,29,2.679201,644,5984,N,48.3333333333333,0,41
5938,30,1.33544025,321,6006,Y,50,1,41
6604,31,1.25223525,301,5938,N,51.6666666666667,1,41
7755,32,1.347921,324,6604,N,53.3333333333333,1,41
7256,33,1.2563955,302,7755,N,55,1,41
6767,34,1.431126,344,7256,N,56.6666666666667,1,41
7195,35,1.4893695,358,6767,N,58.3333333333333,1,41
7281,36,1.5725745,378,7195,N,60,1,41
7078,37,1.6641,400,7281,N,61.6666666666667,1,41
7258,38,1.730664,416,7078,N,63.3333333333333,1,41
7939,39,1.7389845,418,7258,N,65,1,41
8114,40,1.8221895,438,7939,N,66.6666666666667,1,41
8580,41,2.1050865,506,8114,N,68.3333333333333,1,41
9228,42,2.0884455,502,8580,N,70,1,41
8477,43,2.18413125,525,9228,N,71.6666666666667,1,41
8288,44,2.279817,548,8477,N,73.3333333333333,1,41
9013,45,0.97765875,235,8288,Y,75,2,41
8823,46,1.17735075,283,9013,N,76.6666666666667,2,41
9410,47,1.22727375,295,8823,N,78.3333333333333,2,41
10486,48,1.25223525,301,9410,N,80,2,41
9758,49,1.42696575,343,10486,N,81.6666666666667,2,41
10831,50,1.3562415,326,9758,N,83.3333333333333,2,41
9924,51,1.46024775,351,10831,N,85,2,41
10227,52,1.5725745,378,9924,N,86.6666666666667,2,41
10527,53,1.55177325,373,10227,N,88.3333333333333,2,41
9706,54,1.5226515,366,10527,N,90,2,41
11488,55,1.70986275,411,9706,N,91.6666666666667,2,41
11692,56,1.85131125,445,11488,N,93.3333333333333,2,41
11576,57,1.95947775,471,11692,N,95,2,41
12202,58,1.91787525,461,11576,N,96.6666666666667,2,41
11528,59,1.70154225,409,12202,N,98.3333333333333,2,41
12144,62,1.048383,252,11528,Y,103.333333333333,3,41
13737,63,1.21063275,291,12144,N,105,3,41
2689,0,0.57827475,139,NA,N,0,0,42
2658,1,0.5907555,142,2689,N,1.66666666666667,0,42
2634,2,0.59491575,143,2658,N,3.33333333333333,0,42
2756,3,0.549153,132,2634,N,5,0,42
3002,4,0.56163375,135,2756,N,6.66666666666667,0,42
2619,5,0.48674925,117,3002,N,8.33333333333333,0,42
2646,7,0.50339025,121,2619,N,11.6666666666667,0,42
3696,8,0.47010825,113,2646,N,13.3333333333333,0,42
3928,9,0.4243455,102,3696,N,15,0,42
4096,10,0.44514675,107,3928,N,16.6666666666667,0,42
3499,13,0.42018525,101,4096,N,21.6666666666667,0,42
3304,14,0.432666,104,3499,N,23.3333333333333,0,42
4027,15,0.39522375,95,3304,N,25,0,42
4863,16,0.432666,104,4027,N,26.6666666666667,0,42
4731,17,0.41186475,99,4863,N,28.3333333333333,0,42
5180,18,0.46178775,111,4731,N,30,0,42
5404,22,0.39522375,95,5180,N,36.6666666666667,0,42
8777,43,0.432666,104,5404,N,71.6666666666667,0,42
9958,51,0.50339025,121,8777,N,85,0,42
10245,52,0.432666,104,9958,N,86.6666666666667,0,42
10563,53,0.48674925,117,10245,N,88.3333333333333,0,42
9757,54,0.4576275,110,10563,N,90,0,42
11582,55,0.5075505,122,9757,N,91.6666666666667,0,42
11830,56,0.53667225,129,11582,N,93.3333333333333,0,42
12615,62,0.532512,128,11830,N,103.333333333333,0,42
14022,63,0.5741145,138,12615,N,105,0,42
13765,64,0.53667225,129,14022,N,106.666666666667,0,42
3083,0,0.92773575,223,NA,N,0,0,43
2914,1,0.87781275,211,3083,N,1.66666666666667,0,43
2943,2,0.98597925,237,2914,N,3.33333333333333,0,43
3015,3,0.9235755,222,2943,N,5,0,43
3107,4,1.04422275,251,3015,N,6.66666666666667,0,43
2972,5,0.96933825,233,3107,N,8.33333333333333,0,43
2129,6,1.0234215,246,2972,N,10,0,43
2961,7,1.06918425,257,2129,N,11.6666666666667,0,43
3962,8,1.081665,260,2961,N,13.3333333333333,0,43
4158,9,1.03590225,249,3962,N,15,0,43
4201,10,1.1066265,266,4158,N,16.6666666666667,0,43
4042,11,1.198152,288,4201,N,18.3333333333333,0,43
4266,12,1.19399175,287,4042,N,20,0,43
3768,13,1.248075,300,4266,N,21.6666666666667,0,43
3520,14,1.1731905,282,3768,N,23.3333333333333,0,43
4277,15,1.21063275,291,3520,N,25,0,43
5045,16,1.41032475,339,4277,N,26.6666666666667,0,43
4940,17,1.4394465,346,5045,N,28.3333333333333,0,43
5221,18,1.4560875,350,4940,N,30,0,43
5069,19,1.46856825,353,5221,N,31.6666666666667,0,43
5289,20,1.35208125,325,5069,N,33.3333333333333,0,43
5120,21,1.3063185,314,5289,N,35,0,43
5454,22,1.37704275,331,5120,N,36.6666666666667,0,43
5244,23,1.3895235,334,5454,N,38.3333333333333,0,43
6520,24,1.39368375,335,5244,N,40,0,43
6164,25,1.514331,364,6520,N,41.6666666666667,0,43
5697,26,1.52681175,367,6164,N,43.3333333333333,0,43
6434,27,1.3895235,334,5697,N,45,0,43
6360,28,1.56009375,375,6434,N,46.6666666666667,0,43
6321,29,1.60169625,385,6360,N,48.3333333333333,0,43
6286,30,1.76810625,425,6321,N,50,0,43
6676,31,1.90955475,459,6286,N,51.6666666666667,0,43
7827,32,2.0551635,494,6676,N,53.3333333333333,0,43
7592,33,2.34222075,563,7827,N,55,0,43
6864,34,2.6375985,634,7592,N,56.6666666666667,0,43
7572,35,2.562714,616,6864,N,58.3333333333333,0,43
7681,36,1.27719675,307,7572,Y,60,1,43
7387,37,1.31047875,315,7681,N,61.6666666666667,1,43
2691,0,0.90277425,217,NA,N,0,0,44
2660,1,0.9069345,218,2691,N,1.66666666666667,0,44
2641,2,0.95269725,229,2660,N,3.33333333333333,0,44
2757,3,1.02758175,247,2641,N,5,0,44
3008,4,1.04422275,251,2757,N,6.66666666666667,0,44
2625,5,1.05254325,253,3008,N,8.33333333333333,0,44
2081,6,1.031742,248,2625,N,10,0,44
2686,7,1.17735075,283,2081,N,11.6666666666667,0,44
3701,8,1.2064725,290,2686,N,13.3333333333333,0,44
3933,9,1.18567125,285,3701,N,15,0,44
4101,10,1.16903025,281,3933,N,16.6666666666667,0,44
3784,11,1.16487,280,4101,N,18.3333333333333,0,44
4197,12,1.24391475,299,3784,N,20,0,44
3505,13,1.21895325,293,4197,N,21.6666666666667,0,44
3307,14,1.22727375,295,3505,N,23.3333333333333,0,44
4033,15,1.314639,316,3307,N,25,0,44
4871,16,1.2730365,306,4033,N,26.6666666666667,0,44
4736,17,1.29383775,311,4871,N,28.3333333333333,0,44
5182,18,1.281357,308,4736,N,30,0,44
4873,19,1.27719675,307,5182,N,31.6666666666667,0,44
5161,20,1.28551725,309,4873,N,33.3333333333333,0,44
4862,21,1.31047875,315,5161,N,35,0,44
5405,22,1.3728825,330,4862,N,36.6666666666667,0,44
4924,23,1.4228055,342,5405,N,38.3333333333333,0,44
6474,24,1.44360675,347,4924,N,40,0,44
5939,25,1.4394465,346,6474,N,41.6666666666667,0,44
5651,26,1.39368375,335,5939,N,43.3333333333333,0,44
6077,27,1.4394465,346,5651,N,45,0,44
6137,28,1.397844,336,6077,N,46.6666666666667,0,44
6148,29,1.464408,352,6137,N,48.3333333333333,0,44
6052,30,1.42696575,343,6148,N,50,0,44
6630,31,1.47688875,355,6052,N,51.6666666666667,0,44
7778,32,1.49769,360,6630,N,53.3333333333333,0,44
7353,33,1.5060105,362,7778,N,55,0,44
6791,34,1.5892155,382,7353,N,56.6666666666667,0,44
7408,35,1.481049,356,6791,N,58.3333333333333,0,44
7484,36,1.54345275,371,7408,N,60,0,44
7187,37,1.48520925,357,7484,N,61.6666666666667,0,44
7347,38,1.6224975,390,7187,N,63.3333333333333,0,44
7961,39,1.564254,376,7347,N,65,0,44
8137,40,1.530972,368,7961,N,66.6666666666667,0,44
8612,41,1.6058565,386,8137,N,68.3333333333333,0,44
9252,42,1.62665775,391,8612,N,70,0,44
8555,43,1.614177,388,9252,N,71.6666666666667,0,44
8320,44,1.647459,396,8555,N,73.3333333333333,0,44
9063,45,1.64329875,395,8320,N,75,0,44
8870,46,1.61001675,387,9063,N,76.6666666666667,0,44
9437,47,1.53513225,369,8870,N,78.3333333333333,0,44
10537,48,1.630818,392,9437,N,80,0,44
9841,49,1.62665775,391,10537,N,81.6666666666667,0,44
10859,50,1.714023,412,9841,N,83.3333333333333,0,44
9970,51,1.647459,396,10859,N,85,0,44
10257,52,1.7223435,414,9970,N,86.6666666666667,0,44
10586,53,1.6724205,402,10257,N,88.3333333333333,0,44
9787,54,1.70986275,411,10586,N,90,0,44
11648,55,1.67658075,403,9787,N,91.6666666666667,0,44
11910,56,1.69322175,407,11648,N,93.3333333333333,0,44
11765,57,1.71818325,413,11910,N,95,0,44
12404,58,1.69322175,407,11765,N,96.6666666666667,0,44
11728,59,1.747305,420,12404,N,98.3333333333333,0,44
11607,60,1.66826025,401,11728,N,100,0,44
11787,61,1.73482425,417,11607,N,101.666666666667,0,44
12350,62,1.763946,424,11787,N,103.333333333333,0,44
13832,63,1.7389845,418,12350,N,105,0,44
13620,64,1.863792,448,13832,N,106.666666666667,0,44
13603,65,1.813869,436,13620,N,108.333333333333,0,44
12897,66,1.7722665,426,13603,N,110,0,44
14672,67,1.74314475,419,12897,N,111.666666666667,0,44
14684,68,1.6724205,402,14672,N,113.333333333333,0,44
3086,0,0.782127,188,NA,N,0,0,45
2917,1,0.8736525,210,3086,N,1.66666666666667,0,45
2946,2,0.8237295,198,2917,N,3.33333333333333,0,45
3022,3,0.82788975,199,2946,N,5,0,45
3109,4,0.9069345,218,3022,N,6.66666666666667,0,45
2976,5,1.01926125,245,3109,N,8.33333333333333,0,45
2132,6,1.05254325,253,2976,N,10,0,45
2965,7,1.04422275,251,2132,N,11.6666666666667,0,45
3970,8,1.098306,264,2965,N,13.3333333333333,0,45
4162,9,1.148229,276,3970,N,15,0,45
4203,10,1.11910725,269,4162,N,16.6666666666667,0,45
4052,11,1.181511,284,4203,N,18.3333333333333,0,45
4270,12,1.2563955,302,4052,N,20,0,45
3796,13,1.231434,296,4270,N,21.6666666666667,0,45
3546,14,1.2397545,298,3796,N,23.3333333333333,0,45
4279,15,1.32711975,319,3546,N,25,0,45
5046,16,1.36040175,327,4279,N,26.6666666666667,0,45
4945,17,1.31879925,317,5046,N,28.3333333333333,0,45
5223,18,1.39368375,335,4945,N,30,0,45
5077,19,1.431126,344,5223,N,31.6666666666667,0,45
5292,20,1.41864525,341,5077,N,33.3333333333333,0,45
5132,21,1.49769,360,5292,N,35,0,45
5455,22,1.530972,368,5132,N,36.6666666666667,0,45
5246,23,1.6557795,398,5455,N,38.3333333333333,0,45
6523,24,1.6058565,386,5246,N,40,0,45
6187,25,1.6557795,398,6523,N,41.6666666666667,0,45
5700,26,1.67658075,403,6187,N,43.3333333333333,0,45
6448,27,1.73482425,417,5700,N,45,0,45
6367,28,1.78474725,429,6448,N,46.6666666666667,0,45
6327,29,1.8221895,438,6367,N,48.3333333333333,0,45
6292,30,1.980279,476,6327,N,50,0,45
6679,31,2.00108025,481,6292,N,51.6666666666667,0,45
7830,32,2.03436225,489,6679,N,53.3333333333333,0,45
7599,33,2.13420825,513,7830,N,55,0,45
6870,34,2.32974,560,7599,N,56.6666666666667,0,45
7066,36,1.2064725,290,6870,Y,60,1,45
6876,37,1.20231225,289,7066,N,61.6666666666667,1,45
7054,38,1.297998,312,6876,N,63.3333333333333,1,45
7893,39,1.248075,300,7054,N,65,1,45
8068,40,1.44360675,347,7893,N,66.6666666666667,1,45
8461,41,1.46856825,353,8068,N,68.3333333333333,1,45
9187,42,1.464408,352,8461,N,70,1,45
8361,43,1.49769,360,9187,N,71.6666666666667,1,45
8246,44,1.630818,392,8361,N,73.3333333333333,1,45
8925,45,1.714023,412,8246,N,75,1,45
8699,46,1.85131125,445,8925,N,76.6666666666667,1,45
9365,47,1.98443925,477,8699,N,78.3333333333333,1,45
10411,48,2.213253,532,9365,N,80,1,45
9567,49,2.15916975,519,10411,N,81.6666666666667,1,45
10777,50,2.2382145,538,9567,N,83.3333333333333,1,45
9733,51,2.32557975,559,10777,N,85,1,45
10172,52,2.40878475,579,9733,N,86.6666666666667,1,45
10643,53,1.081665,260,10172,Y,88.3333333333333,2,45
9853,54,1.12742775,271,10643,N,90,2,45
11866,55,1.19399175,287,9853,N,91.6666666666667,2,45
12011,57,1.36872225,329,11866,N,95,2,45
11523,59,1.264716,304,12011,N,98.3333333333333,2,45
11441,60,1.21063275,291,11523,N,100,2,45
11609,61,1.1399085,274,11441,N,101.666666666667,2,45
2695,0,1.07750475,259,NA,N,0,0,46
2662,1,1.2397545,298,2695,N,1.66666666666667,0,46
2647,2,1.2397545,298,2662,N,3.33333333333333,0,46
2762,3,1.23559425,297,2647,N,5,0,46
3013,4,1.314639,316,2762,N,6.66666666666667,0,46
2629,5,1.33128,320,3013,N,8.33333333333333,0,46
2082,6,1.34376075,323,2629,N,10,0,46
2709,7,1.3728825,330,2082,N,11.6666666666667,0,46
3707,8,1.4560875,350,2709,N,13.3333333333333,0,46
3940,9,1.41864525,341,3707,N,15,0,46
4106,10,1.397844,336,3940,N,16.6666666666667,0,46
3792,11,1.37704275,331,4106,N,18.3333333333333,0,46
4199,12,1.56009375,375,3792,N,20,0,46
3511,13,1.4061645,338,4199,N,21.6666666666667,0,46
3310,14,1.41864525,341,3511,N,23.3333333333333,0,46
4040,15,1.54345275,371,3310,N,25,0,46
4876,16,1.4727285,354,4040,N,26.6666666666667,0,46
4740,17,1.51849125,365,4876,N,28.3333333333333,0,46
5183,18,1.56009375,375,4740,N,30,0,46
4883,19,1.5392925,370,5183,N,31.6666666666667,0,46
5247,20,1.64329875,395,4883,N,33.3333333333333,0,46
4874,21,1.89291375,455,5247,N,35,0,46
5407,22,2.0218815,486,4874,N,36.6666666666667,0,46
4935,23,2.29229775,551,5407,N,38.3333333333333,0,46
6475,24,2.24237475,539,4935,N,40,0,46
5944,25,2.48366925,597,6475,N,41.6666666666667,0,46
5652,26,2.45038725,589,5944,N,43.3333333333333,0,46
6085,27,1.23559425,297,5652,Y,45,1,46
6146,28,1.2064725,290,6085,N,46.6666666666667,1,46
6062,30,1.1565495,278,6146,N,50,1,46
6632,31,1.2563955,302,6062,N,51.6666666666667,1,46
7780,32,1.39368375,335,6632,N,53.3333333333333,1,46
7366,33,1.40200425,337,7780,N,55,1,46
6794,34,1.297998,312,7366,N,56.6666666666667,1,46
3088,0,0.8902935,214,NA,N,0,0,47
2921,1,0.9734985,234,3088,N,1.66666666666667,0,47
2947,2,1.0067805,242,2921,N,3.33333333333333,0,47
3025,3,1.031742,248,2947,N,5,0,47
3110,4,1.06918425,257,3025,N,6.66666666666667,0,47
2979,5,1.131588,272,3110,N,8.33333333333333,0,47
2133,6,1.148229,276,2979,N,10,0,47
2967,7,1.09414575,263,2133,N,11.6666666666667,0,47
3976,8,1.131588,272,2967,N,13.3333333333333,0,47
4164,9,1.16903025,281,3976,N,15,0,47
4204,10,1.14406875,275,4164,N,16.6666666666667,0,47
4056,11,1.19399175,287,4204,N,18.3333333333333,0,47
4272,12,1.26887625,305,4056,N,20,0,47
3804,13,1.26055575,303,4272,N,21.6666666666667,0,47
3551,14,1.32711975,319,3804,N,23.3333333333333,0,47
4280,15,1.381203,332,3551,N,25,0,47
5050,16,1.40200425,337,4280,N,26.6666666666667,0,47
4950,17,1.38536325,333,5050,N,28.3333333333333,0,47
5224,18,1.3895235,334,4950,N,30,0,47
5081,19,1.40200425,337,5224,N,31.6666666666667,0,47
5293,20,1.3895235,334,5081,N,33.3333333333333,0,47
5136,21,1.42696575,343,5293,N,35,0,47
5456,22,1.464408,352,5136,N,36.6666666666667,0,47
5248,23,1.46024775,351,5456,N,38.3333333333333,0,47
6524,24,1.53513225,369,5248,N,40,0,47
6192,25,1.597536,384,6524,N,41.6666666666667,0,47
5701,26,1.65161925,397,6192,N,43.3333333333333,0,47
6450,27,1.597536,384,5701,N,45,0,47
6369,28,1.73482425,417,6450,N,46.6666666666667,0,47
6329,29,1.8221895,438,6369,N,48.3333333333333,0,47
6294,30,1.75146525,421,6329,N,50,0,47
6680,31,1.85963175,447,6294,N,51.6666666666667,0,47
7831,32,1.95947775,471,6680,N,53.3333333333333,0,47
7601,33,1.97611875,475,7831,N,55,0,47
6872,34,2.1882915,526,7601,N,56.6666666666667,0,47
7586,35,2.113407,508,6872,N,58.3333333333333,0,47
7685,36,2.43374625,585,7586,N,60,0,47
7403,37,2.25901575,543,7685,N,61.6666666666667,0,47
7591,38,2.612637,628,7403,N,63.3333333333333,0,47
8018,39,2.7374445,658,7591,N,65,0,47
8195,40,1.28551725,309,8018,Y,66.6666666666667,1,47
8785,41,1.18567125,285,8195,N,68.3333333333333,1,47
9312,42,1.181511,284,8785,N,70,1,47
8742,43,1.33544025,321,9312,N,71.6666666666667,1,47
8494,44,1.36872225,329,8742,N,73.3333333333333,1,47
9134,45,1.29383775,311,8494,N,75,1,47
9014,46,1.35208125,325,9134,N,76.6666666666667,1,47
9504,47,1.34376075,323,9014,N,78.3333333333333,1,47
10680,48,1.38536325,333,9504,N,80,1,47
10039,49,1.75146525,421,10680,N,81.6666666666667,1,47
10926,50,1.77642675,427,10039,N,83.3333333333333,1,47
10115,51,1.79306775,431,10926,N,85,1,47
10326,52,1.84299075,443,10115,N,86.6666666666667,1,47
10736,53,2.030202,488,10326,N,88.3333333333333,1,47
10084,54,1.930356,464,10736,N,90,1,47
12163,55,2.16333,520,10084,N,91.6666666666667,1,47
12452,56,1.0067805,242,12163,Y,93.3333333333333,2,47
3094,0,1.02758175,247,NA,N,0,0,48
2924,1,0.98597925,237,3094,N,1.66666666666667,0,48
2953,2,0.898614,216,2924,N,3.33333333333333,0,48
3029,3,0.99429975,239,2953,N,5,0,48
3119,4,0.931896,224,3029,N,6.66666666666667,0,48
2988,5,0.94437675,227,3119,N,8.33333333333333,0,48
2135,6,0.95269725,229,2988,N,10,0,48
2973,7,0.96933825,233,2135,N,11.6666666666667,0,48
3986,8,0.98597925,237,2973,N,13.3333333333333,0,48
4167,9,0.9734985,234,3986,N,15,0,48
4206,10,0.89445375,215,4167,N,16.6666666666667,0,48
4066,11,0.9402165,226,4206,N,18.3333333333333,0,48
4288,12,0.99846,240,4066,N,20,0,48
3819,13,0.97765875,235,4288,N,21.6666666666667,0,48
3576,14,1.07750475,259,3819,N,23.3333333333333,0,48
4283,15,0.94437675,227,3576,N,25,0,48
5067,16,0.9901395,238,4283,N,26.6666666666667,0,48
4961,17,1.065024,256,5067,N,28.3333333333333,0,48
5227,18,1.05254325,253,4961,N,30,0,48
5094,19,1.048383,252,5227,N,31.6666666666667,0,48
5297,20,1.065024,256,5094,N,33.3333333333333,0,48
5151,21,1.09414575,263,5297,N,35,0,48
5459,22,1.1565495,278,5151,N,36.6666666666667,0,48
5336,23,1.1232675,270,5459,N,38.3333333333333,0,48
6527,24,1.181511,284,5336,N,40,0,48
6213,25,1.07750475,259,6527,N,41.6666666666667,0,48
5705,26,1.281357,308,6213,N,43.3333333333333,0,48
6459,27,1.5060105,362,5705,N,45,0,48
6382,28,1.46856825,353,6459,N,46.6666666666667,0,48
6340,29,1.431126,344,6382,N,48.3333333333333,0,48
6311,30,1.5725745,378,6340,N,50,0,48
6689,31,1.847151,444,6311,N,51.6666666666667,0,48
7839,32,1.747305,420,6689,N,53.3333333333333,0,48
7616,33,1.913715,460,7839,N,55,0,48
7020,34,1.80138825,433,7616,N,56.6666666666667,0,48
7725,35,0.5741145,138,7020,Y,58.3333333333333,1,48
7860,36,1.01094075,243,7725,N,60,1,48
7433,37,1.1898315,286,7860,N,61.6666666666667,1,48
7615,38,1.2231135,294,7433,N,63.3333333333333,1,48
8030,39,1.28551725,309,7615,N,65,1,48
8210,40,1.33544025,321,8030,N,66.6666666666667,1,48
8829,41,1.4394465,346,8210,N,68.3333333333333,1,48
9327,42,1.41864525,341,8829,N,70,1,48
8789,43,1.56009375,375,9327,N,71.6666666666667,1,48
8534,44,1.4560875,350,8789,N,73.3333333333333,1,48
9147,45,1.547613,372,8534,N,75,1,48
9041,46,1.54345275,371,9147,N,76.6666666666667,1,48
9515,47,1.5892155,382,9041,N,78.3333333333333,1,48
10713,48,1.6724205,402,9515,N,80,1,48
10059,49,2.063484,496,10713,N,81.6666666666667,1,48
10935,50,1.0733445,258,10059,Y,83.3333333333333,2,48
10127,51,1.031742,248,10935,N,85,2,48
10352,52,1.098306,264,10127,N,86.6666666666667,2,48
10773,53,1.21895325,293,10352,N,88.3333333333333,2,48
10100,54,1.23559425,297,10773,N,90,2,48
12299,55,1.3229595,318,10100,N,91.6666666666667,2,48
12543,56,1.347921,324,12299,N,93.3333333333333,2,48
12527,57,1.4394465,346,12543,N,95,2,48
12713,58,1.4560875,350,12527,N,96.6666666666667,2,48
12427,59,1.614177,388,12713,N,98.3333333333333,2,48
12537,60,1.8388305,442,12427,N,100,2,48
12351,61,1.730664,416,12537,N,101.666666666667,2,48
12697,62,2.030202,488,12351,N,103.333333333333,2,48
14155,63,2.01772125,485,12697,N,105,2,48
13880,64,1.214793,292,14155,Y,106.666666666667,3,48
14560,65,1.27719675,307,13880,N,108.333333333333,3,48
13077,66,1.29383775,311,14560,N,110,3,48
14372,67,1.4560875,350,13077,N,111.666666666667,3,48
14395,68,1.51017075,363,14372,N,113.333333333333,3,48
13467,69,1.4893695,358,14395,N,115,3,48
14234,70,1.6557795,398,13467,N,116.666666666667,3,48
3098,0,1.2563955,302,NA,N,0,0,49
2926,1,1.17735075,283,3098,N,1.66666666666667,0,49
2957,2,1.248075,300,2926,N,3.33333333333333,0,49
3033,3,1.28551725,309,2957,N,5,0,49
3121,4,1.30215825,313,3033,N,6.66666666666667,0,49
2996,5,1.33544025,321,3121,N,8.33333333333333,0,49
2139,6,1.214793,292,2996,N,10,0,49
2977,7,1.23559425,297,2139,N,11.6666666666667,0,49
3994,8,1.3063185,314,2977,N,13.3333333333333,0,49
4171,9,1.26887625,305,3994,N,15,0,49
4208,10,1.32711975,319,4171,N,16.6666666666667,0,49
4070,11,1.31047875,315,4208,N,18.3333333333333,0,49
4289,12,1.364562,328,4070,N,20,0,49
3827,13,1.29383775,311,4289,N,21.6666666666667,0,49
3581,14,1.50185025,361,3827,N,23.3333333333333,0,49
4285,15,1.281357,308,3581,N,25,0,49
5071,16,1.28551725,309,4285,N,26.6666666666667,0,49
4968,17,1.31879925,317,5071,N,28.3333333333333,0,49
5228,18,1.6391385,394,4968,N,30,0,49
5098,19,1.60169625,385,5228,N,31.6666666666667,0,49
5298,20,1.7889075,430,5098,N,33.3333333333333,0,49
5235,21,1.90123425,457,5298,N,35,0,49
5460,22,1.71818325,413,5235,N,36.6666666666667,0,49
5337,23,1.7722665,426,5460,N,38.3333333333333,0,49
6528,24,2.0718045,498,5337,N,40,0,49
6218,25,1.83051,440,6528,N,41.6666666666667,0,49
2199,0,1.0067805,242,NA,N,0,0,50
2160,1,0.96933825,233,2199,N,1.66666666666667,0,50
2174,2,1.00262025,241,2160,N,3.33333333333333,0,50
2230,3,1.081665,260,2174,N,5,0,50
2183,4,1.11910725,269,2230,N,6.66666666666667,0,50
2364,5,1.17735075,283,2183,N,8.33333333333333,0,50
2010,6,1.20231225,289,2364,N,10,0,50
2200,7,1.22727375,295,2010,N,11.6666666666667,0,50
3322,8,1.26055575,303,2200,N,13.3333333333333,0,50
3482,9,1.2896775,310,3322,N,15,0,50
3235,10,1.21895325,293,3482,N,16.6666666666667,0,50
3372,11,1.29383775,311,3235,N,18.3333333333333,0,50
3708,12,1.347921,324,3372,N,20,0,50
3201,13,1.36872225,329,3708,N,21.6666666666667,0,50
3144,14,1.3562415,326,3201,N,23.3333333333333,0,50
3500,15,1.4061645,338,3144,N,25,0,50
4354,16,1.4061645,338,3500,N,26.6666666666667,0,50
4339,17,1.47688875,355,4354,N,28.3333333333333,0,50
4460,18,1.447767,348,4339,N,30,0,50
4338,19,1.42696575,343,4460,N,31.6666666666667,0,50
4634,20,1.46856825,353,4338,N,33.3333333333333,0,50
4407,21,1.56009375,375,4634,N,35,0,50
5313,22,1.580895,380,4407,N,36.6666666666667,0,50
4326,23,1.68490125,405,5313,N,38.3333333333333,0,50
5539,24,1.77642675,427,4326,N,40,0,50
5504,25,1.80138825,433,5539,N,41.6666666666667,0,50
5498,26,1.85963175,447,5504,N,43.3333333333333,0,50
5591,27,1.813869,436,5498,N,45,0,50
5744,28,1.8388305,442,5591,N,46.6666666666667,0,50
5714,29,1.86795225,449,5744,N,48.3333333333333,0,50
5528,30,1.93451625,465,5714,N,50,0,50
6547,31,1.97611875,475,5528,N,51.6666666666667,0,50
7338,32,2.27565675,547,6547,N,53.3333333333333,0,50
6931,33,2.20077225,529,7338,N,55,0,50
6709,34,2.296458,552,6931,N,56.6666666666667,0,50
6899,35,2.5211115,606,6709,N,58.3333333333333,0,50
6953,36,2.4379065,586,6899,N,60,0,50
6846,37,2.612637,628,6953,N,61.6666666666667,0,50
6954,38,2.66672025,641,6846,N,63.3333333333333,0,50
7878,39,2.65839975,639,6954,N,65,0,50
8052,40,2.79152775,671,7878,N,66.6666666666667,0,50
8413,41,1.23559425,297,8052,Y,68.3333333333333,1,50
9168,42,1.36040175,327,8413,N,70,1,50
8325,43,1.32711975,319,9168,N,71.6666666666667,1,50
8231,44,1.3728825,330,8325,N,73.3333333333333,1,50
8879,45,1.6224975,390,8231,N,75,1,50
8647,46,1.6224975,390,8879,N,76.6666666666667,1,50
9345,47,1.62665775,391,8647,N,78.3333333333333,1,50
10368,48,1.60169625,385,9345,N,80,1,50
9543,49,1.50185025,361,10368,N,81.6666666666667,1,50
10730,50,1.6557795,398,9543,N,83.3333333333333,1,50
9677,51,1.68490125,405,10730,N,85,1,50
10152,52,1.66826025,401,9677,N,86.6666666666667,1,50
10374,53,1.880433,452,10152,N,88.3333333333333,1,50
9590,54,1.86795225,449,10374,N,90,1,50
10975,55,1.76810625,425,9590,N,91.6666666666667,1,50
11208,56,1.930356,464,10975,N,93.3333333333333,1,50
11111,57,1.763946,424,11208,N,95,1,50
11708,58,1.847151,444,11111,N,96.6666666666667,1,50
3112,0,1.1898315,286,NA,N,0,0,51
2928,1,1.314639,316,3112,N,1.66666666666667,0,51
2964,2,1.2896775,310,2928,N,3.33333333333333,0,51
3039,3,1.2896775,310,2964,N,5,0,51
3122,4,1.36040175,327,3039,N,6.66666666666667,0,51
3009,5,1.28551725,309,3122,N,8.33333333333333,0,51
2162,6,1.397844,336,3009,N,10,0,51
2985,7,1.48520925,357,2162,N,11.6666666666667,0,51
4003,8,1.3895235,334,2985,N,13.3333333333333,0,51
4173,9,1.49352975,359,4003,N,15,0,51
4210,10,1.547613,372,4173,N,16.6666666666667,0,51
4080,11,1.547613,372,4210,N,18.3333333333333,0,51
4291,12,1.49769,360,4080,N,20,0,51
3836,13,1.47688875,355,4291,N,21.6666666666667,0,51
3586,14,1.51849125,365,3836,N,23.3333333333333,0,51
4287,15,1.61833725,389,3586,N,25,0,51
5075,16,1.5725745,378,4287,N,26.6666666666667,0,51
4975,17,1.614177,388,5075,N,28.3333333333333,0,51
5229,18,1.6058565,386,4975,N,30,0,51
5100,19,1.6224975,390,5229,N,31.6666666666667,0,51
5299,20,1.763946,424,5100,N,33.3333333333333,0,51
5236,21,1.730664,416,5299,N,35,0,51
5462,22,1.880433,452,5236,N,36.6666666666667,0,51
5340,23,1.82634975,439,5462,N,38.3333333333333,0,51
6530,24,2.12588775,511,5340,N,40,0,51
6226,25,2.16749025,521,6530,N,41.6666666666667,0,51
5707,26,2.3713425,570,6226,N,43.3333333333333,0,51
6462,27,2.38382325,573,5707,N,45,0,51
6389,28,2.579355,620,6462,N,46.6666666666667,0,51
6347,29,1.11078675,267,6389,Y,48.3333333333333,1,51
6441,30,1.07750475,259,6347,N,50,1,51
6694,31,1.148229,276,6441,N,51.6666666666667,1,51
7845,32,1.33128,320,6694,N,53.3333333333333,1,51
7651,33,1.36040175,327,7845,N,55,1,51
7046,34,1.4560875,350,7651,N,56.6666666666667,1,51
3114,0,1.880433,452,NA,N,0,0,52
2929,1,1.9719585,474,3114,N,1.66666666666667,0,52
2971,2,1.92619575,463,2929,N,3.33333333333333,0,52
3044,3,1.99692,480,2971,N,5,0,52
3125,4,0.9568575,230,3044,Y,6.66666666666667,1,52
3020,5,1.00262025,241,3125,N,8.33333333333333,1,52
2178,6,0.99846,240,3020,N,10,1,52
3000,7,0.96101775,231,2178,N,11.6666666666667,1,52
3115,0,1.16487,280,NA,N,0,0,53
2930,1,1.1898315,286,3115,N,1.66666666666667,0,53
2974,2,1.19399175,287,2930,N,3.33333333333333,0,53
3046,3,1.3229595,318,2974,N,5,0,53
3126,4,1.36872225,329,3046,N,6.66666666666667,0,53
3023,5,1.23559425,297,3126,N,8.33333333333333,0,53
2204,0,1.1731905,282,NA,N,0,0,54
2165,1,1.2563955,302,2204,N,1.66666666666667,0,54
2181,2,1.26887625,305,2165,N,3.33333333333333,0,54
2235,3,1.42696575,343,2181,N,5,0,54
2197,4,1.3063185,314,2235,N,6.66666666666667,0,54
2367,5,1.46024775,351,2197,N,8.33333333333333,0,54
2011,6,1.30215825,313,2367,N,10,0,54
2205,7,1.397844,336,2011,N,11.6666666666667,0,54
3326,8,1.481049,356,2205,N,13.3333333333333,0,54
3489,9,1.45192725,349,3326,N,15,0,54
3238,10,1.447767,348,3489,N,16.6666666666667,0,54
3376,11,1.40200425,337,3238,N,18.3333333333333,0,54
3715,12,1.5226515,366,3376,N,20,0,54
3204,13,1.530972,368,3715,N,21.6666666666667,0,54
3145,14,1.50185025,361,3204,N,23.3333333333333,0,54
3507,15,1.63497825,393,3145,N,25,0,54
4357,16,1.547613,372,3507,N,26.6666666666667,0,54
4343,17,1.73482425,417,4357,N,28.3333333333333,0,54
4464,18,1.6641,400,4343,N,30,0,54
4341,19,1.88459325,453,4464,N,31.6666666666667,0,54
4639,20,2.0218815,486,4341,N,33.3333333333333,0,54
4409,21,2.04268275,491,4639,N,35,0,54
5315,22,2.04268275,491,4409,N,36.6666666666667,0,54
4379,23,0.9901395,238,5315,Y,38.3333333333333,1,54
5543,24,1.148229,276,4379,N,40,1,54
3117,0,1.3728825,330,NA,N,0,0,55
2933,1,1.6058565,386,3117,N,1.66666666666667,0,55
2986,2,1.46856825,353,2933,N,3.33333333333333,0,55
3052,3,1.564254,376,2986,N,5,0,55
3127,4,1.73482425,417,3052,N,6.66666666666667,0,55
3026,5,1.7556255,422,3127,N,8.33333333333333,0,55
2185,6,1.82634975,439,3026,N,10,0,55
3005,7,0.8736525,210,2185,Y,11.6666666666667,1,55
4021,8,0.8403705,202,3005,N,13.3333333333333,1,55
4176,9,0.81124875,195,4021,N,15,1,55
4216,10,0.85285125,205,4176,N,16.6666666666667,1,55
4089,11,0.848691,204,4216,N,18.3333333333333,1,55
4295,12,0.865332,208,4089,N,20,1,55
3850,13,0.9235755,222,4295,N,21.6666666666667,1,55
3596,14,0.95269725,229,3850,N,23.3333333333333,1,55
4294,15,0.9734985,234,3596,N,25,1,55
5085,16,1.0234215,246,4294,N,26.6666666666667,1,55
4983,17,1.01094075,243,5085,N,28.3333333333333,1,55
5231,18,1.048383,252,4983,N,30,1,55
5106,19,1.07750475,259,5231,N,31.6666666666667,1,55
5301,20,1.12742775,271,5106,N,33.3333333333333,1,55
5238,21,1.22727375,295,5301,N,35,1,55
5464,22,1.15238925,277,5238,N,36.6666666666667,1,55
5343,23,1.17735075,283,5464,N,38.3333333333333,1,55
6534,24,1.22727375,295,5343,N,40,1,55
6240,25,1.131588,272,6534,N,41.6666666666667,1,55
3118,0,1.01926125,245,NA,N,0,0,56
2935,1,1.03590225,249,3118,N,1.66666666666667,0,56
2991,2,1.098306,264,2935,N,3.33333333333333,0,56
3054,3,1.06918425,257,2991,N,5,0,56
3128,4,1.12742775,271,3054,N,6.66666666666667,0,56
3056,5,1.11078675,267,3128,N,8.33333333333333,0,56
2245,6,1.2064725,290,3056,N,10,0,56
3014,7,1.20231225,289,2245,N,11.6666666666667,0,56
4031,8,1.2231135,294,3014,N,13.3333333333333,0,56
4178,9,1.2064725,290,4031,N,15,0,56
4221,10,1.26887625,305,4178,N,16.6666666666667,0,56
4098,11,1.1898315,286,4221,N,18.3333333333333,0,56
4299,12,1.26055575,303,4098,N,20,0,56
3862,13,1.31047875,315,4299,N,21.6666666666667,0,56
3607,14,1.31879925,317,3862,N,23.3333333333333,0,56
4298,15,1.29383775,311,3607,N,25,0,56
5093,16,1.35208125,325,4298,N,26.6666666666667,0,56
4991,17,1.44360675,347,5093,N,28.3333333333333,0,56
5233,18,1.51017075,363,4991,N,30,0,56
5115,19,1.614177,388,5233,N,31.6666666666667,0,56
5303,20,1.614177,388,5115,N,33.3333333333333,0,56
5240,21,1.53513225,369,5303,N,35,0,56
5466,22,1.6557795,398,5240,N,36.6666666666667,0,56
5345,23,1.63497825,393,5466,N,38.3333333333333,0,56
6536,24,1.6557795,398,5345,N,40,0,56
6250,25,1.75978575,423,6536,N,41.6666666666667,0,56
5710,26,1.80138825,433,6250,N,43.3333333333333,0,56
6465,27,1.76810625,425,5710,N,45,0,56
6395,28,1.863792,448,6465,N,46.6666666666667,0,56
6356,29,1.863792,448,6395,N,48.3333333333333,0,56
6449,30,1.913715,460,6356,N,50,0,56
6699,31,2.0218815,486,6449,N,51.6666666666667,0,56
7850,32,2.20077225,529,6699,N,53.3333333333333,0,56
7661,33,2.24237475,539,7850,N,55,0,56
7124,34,2.2714965,546,7661,N,56.6666666666667,0,56
7738,35,2.31725925,557,7124,N,58.3333333333333,0,56
7867,36,2.5044705,602,7738,N,60,0,56
7466,37,2.7208035,654,7867,N,61.6666666666667,0,56
7628,38,2.546073,612,7466,N,63.3333333333333,0,56
8038,39,1.30215825,313,7628,Y,65,1,56
8218,40,1.32711975,319,8038,N,66.6666666666667,1,56
8843,41,1.347921,324,8218,N,68.3333333333333,1,56
9333,42,1.48520925,357,8843,N,70,1,56
8811,43,1.49352975,359,9333,N,71.6666666666667,1,56
8553,44,1.56841425,377,8811,N,73.3333333333333,1,56
9153,45,1.60169625,385,8553,N,75,1,56
9057,46,1.7722665,426,9153,N,76.6666666666667,1,56
9522,47,1.980279,476,9057,N,78.3333333333333,1,56
10735,48,2.0385225,490,9522,N,80,1,56
10070,49,2.25901575,543,10735,N,81.6666666666667,1,56
10941,50,2.629278,632,10070,N,83.3333333333333,1,56
10133,51,2.4212655,582,10941,N,85,1,56
10382,52,2.5211115,606,10133,N,86.6666666666667,1,56
10792,53,1.15238925,277,10382,Y,88.3333333333333,2,56
10112,54,1.148229,276,10792,N,90,2,56
12363,55,1.27719675,307,10112,N,91.6666666666667,2,56
12580,56,1.2896775,310,12363,N,93.3333333333333,2,56
12568,57,1.630818,392,12580,N,95,2,56
12725,58,1.64329875,395,12568,N,96.6666666666667,2,56
12486,59,1.863792,448,12725,N,98.3333333333333,2,56
12584,60,1.75978575,423,12486,N,100,2,56
12416,61,1.9386765,466,12584,N,101.666666666667,2,56
12710,62,2.313099,556,12416,N,103.333333333333,2,56
14184,63,2.3380605,562,12710,N,105,2,56
13932,64,1.31047875,315,14184,Y,106.666666666667,3,56
14601,65,1.33544025,321,13932,N,108.333333333333,3,56
2208,0,1.01926125,245,NA,N,0,0,57
2168,1,0.96933825,233,2208,N,1.66666666666667,0,57
2187,2,1.098306,264,2168,N,3.33333333333333,0,57
2243,3,1.02758175,247,2187,N,5,0,57
2201,4,1.01926125,245,2243,N,6.66666666666667,0,57
2377,5,1.131588,272,2201,N,8.33333333333333,0,57
2012,6,1.314639,316,2377,N,10,0,57
2209,7,1.32711975,319,2012,N,11.6666666666667,0,57
3330,8,1.031742,248,2209,N,13.3333333333333,0,57
3494,9,1.3229595,318,3330,N,15,0,57
3241,10,1.264716,304,3494,N,16.6666666666667,0,57
3380,11,1.181511,284,3241,N,18.3333333333333,0,57
3720,12,1.11078675,267,3380,N,20,0,57
3207,13,1.35208125,325,3720,N,21.6666666666667,0,57
3146,14,1.3562415,326,3207,N,23.3333333333333,0,57
3515,15,1.51849125,365,3146,N,25,0,57
4360,16,1.1565495,278,3515,N,26.6666666666667,0,57
4346,17,1.44360675,347,4360,N,28.3333333333333,0,57
4468,18,1.70986275,411,4346,N,30,0,57
4345,19,1.347921,324,4468,N,31.6666666666667,0,57
4645,20,1.61001675,387,4345,N,33.3333333333333,0,57
4410,21,1.75978575,423,4645,N,35,0,57
5316,22,2.02604175,487,4410,N,36.6666666666667,0,57
4430,23,2.24237475,539,5316,N,38.3333333333333,0,57
5548,24,2.55023325,613,4430,N,40,0,57
5506,25,2.629278,632,5548,N,41.6666666666667,0,57
5515,26,2.32557975,559,5506,N,43.3333333333333,0,57
5719,27,1.08582525,261,5515,Y,45,1,57
5753,28,1.04422275,251,5719,N,46.6666666666667,1,57
5727,29,1.098306,264,5753,N,48.3333333333333,1,57
5533,30,1.0567035,254,5727,N,50,1,57
6550,31,1.23559425,297,5533,N,51.6666666666667,1,57
7349,32,1.19399175,287,6550,N,53.3333333333333,1,57
6956,33,1.23559425,297,7349,N,55,1,57
6713,34,1.2397545,298,6956,N,56.6666666666667,1,57
6909,35,1.2563955,302,6713,N,58.3333333333333,1,57
6962,36,1.397844,336,6909,N,60,1,57
6848,37,1.48520925,357,6962,N,61.6666666666667,1,57
6967,38,1.364562,328,6848,N,63.3333333333333,1,57
7880,39,1.4061645,338,6967,N,65,1,57
8054,40,1.37704275,331,7880,N,66.6666666666667,1,57
8425,41,1.36872225,329,8054,N,68.3333333333333,1,57
9171,42,1.447767,348,8425,N,70,1,57
2462,0,1.081665,260,NA,N,0,0,58
2432,1,1.1399085,274,2462,N,1.66666666666667,0,58
2458,2,1.21895325,293,2432,N,3.33333333333333,0,58
2511,3,1.29383775,311,2458,N,5,0,58
2585,4,1.26887625,305,2511,N,6.66666666666667,0,58
2498,5,1.2397545,298,2585,N,8.33333333333333,0,58
2054,6,1.25223525,301,2498,N,10,0,58
2466,7,1.414485,340,2054,N,11.6666666666667,0,58
3559,8,1.3562415,326,2466,N,13.3333333333333,0,58
3752,9,1.16487,280,3559,N,15,0,58
3916,10,1.414485,340,3752,N,16.6666666666667,0,58
3621,11,1.26887625,305,3916,N,18.3333333333333,0,58
4041,12,1.397844,336,3621,N,20,0,58
3365,13,1.33544025,321,4041,N,21.6666666666667,0,58
3218,14,1.36872225,329,3365,N,23.3333333333333,0,58
3858,15,1.4394465,346,3218,N,25,0,58
4628,16,1.414485,340,3858,N,26.6666666666667,0,58
4601,17,1.4394465,346,4628,N,28.3333333333333,0,58
4721,18,1.32711975,319,4601,N,30,0,58
4700,19,1.37704275,331,4721,N,31.6666666666667,0,58
5066,20,1.39368375,335,4700,N,33.3333333333333,0,58
4674,21,1.25223525,301,5066,N,35,0,58
5377,22,1.6058565,386,4674,N,36.6666666666667,0,58
4771,23,1.66826025,401,5377,N,38.3333333333333,0,58
6412,24,1.44360675,347,4771,N,40,0,58
5819,25,1.06918425,257,6412,N,41.6666666666667,0,58
5627,26,1.1898315,286,5819,N,43.3333333333333,0,58
5953,27,1.3728825,330,5627,N,45,0,58
5989,28,1.0567035,254,5953,N,46.6666666666667,0,58
6010,29,1.231434,296,5989,N,48.3333333333333,0,58
5942,30,1.4061645,338,6010,N,50,0,58
6605,31,1.347921,324,5942,N,51.6666666666667,0,58
7756,32,1.114947,268,6605,N,53.3333333333333,0,58
7259,33,1.2397545,298,7756,N,55,0,58
6768,34,1.19399175,287,7259,N,56.6666666666667,0,58
7286,36,1.22727375,295,6768,N,60,0,58
7088,37,1.3895235,334,7286,N,61.6666666666667,0,58
7262,38,1.26887625,305,7088,N,63.3333333333333,0,58
7940,39,1.01926125,245,7262,N,65,0,58
8115,40,1.580895,380,7940,N,66.6666666666667,0,58
8583,41,1.50185025,361,8115,N,68.3333333333333,0,58
9229,42,1.80970875,435,8583,N,70,0,58
8482,43,1.81802925,437,9229,N,71.6666666666667,0,58
8289,44,1.714023,412,8482,N,73.3333333333333,0,58
9015,45,1.90955475,459,8289,N,75,0,58
8825,46,1.74314475,419,9015,N,76.6666666666667,0,58
9411,47,1.68490125,405,8825,N,78.3333333333333,0,58
10488,48,1.697382,408,9411,N,80,0,58
9761,49,1.680741,404,10488,N,81.6666666666667,0,58
10832,50,1.69322175,407,9761,N,83.3333333333333,0,58
9926,51,1.67658075,403,10832,N,85,0,58
10228,52,1.6890615,406,9926,N,86.6666666666667,0,58
10531,53,1.8221895,438,10228,N,88.3333333333333,0,58
9711,54,2.04268275,491,10531,N,90,0,58
11498,55,1.67658075,403,9711,N,91.6666666666667,0,58
11712,56,1.86795225,449,11498,N,93.3333333333333,0,58
11593,57,1.80138825,433,11712,N,95,0,58
12225,58,1.92619575,463,11593,N,96.6666666666667,0,58
11548,59,1.75978575,423,12225,N,98.3333333333333,0,58
11445,60,1.5892155,382,11548,N,100,0,58
11615,61,1.54345275,371,11445,N,101.666666666667,0,58
12152,62,2.05100325,493,11615,N,103.333333333333,0,58
13741,63,2.00108025,481,12152,N,105,0,58
13334,64,1.85963175,447,13741,N,106.666666666667,0,58
13452,65,1.75978575,423,13334,N,108.333333333333,0,58
12832,66,1.6890615,406,13452,N,110,0,58
14630,67,1.81802925,437,12832,N,111.666666666667,0,58
14629,68,1.780587,428,14630,N,113.333333333333,0,58
13733,69,2.03436225,489,14629,N,115,0,58
14605,70,2.03436225,489,13733,N,116.666666666667,0,58
2215,0,0.615717,148,NA,N,0,0,59
2179,1,0.715563,172,2215,N,1.66666666666667,0,59
2240,2,0.732204,176,2179,N,3.33333333333333,0,59
2247,3,0.78628725,189,2240,N,5,0,59
2207,4,0.76132575,183,2247,N,6.66666666666667,0,59
2379,5,0.8403705,202,2207,N,8.33333333333333,0,59
2013,6,0.80292825,193,2379,N,10,0,59
2210,7,0.8237295,198,2013,N,11.6666666666667,0,59
3333,8,0.865332,208,2210,N,13.3333333333333,0,59
3501,9,0.82788975,199,3333,N,15,0,59
3243,10,0.81956925,197,3501,N,16.6666666666667,0,59
3383,11,0.8570115,206,3243,N,18.3333333333333,0,59
3726,12,0.9235755,222,3383,N,20,0,59
3210,13,0.94437675,227,3726,N,21.6666666666667,0,59
3147,14,0.948537,228,3210,N,23.3333333333333,0,59
3519,15,0.931896,224,3147,N,25,0,59
4361,16,0.95269725,229,3519,N,26.6666666666667,0,59
4349,17,0.9901395,238,4361,N,28.3333333333333,0,59
4472,18,1.04422275,251,4349,N,30,0,59
4348,19,1.0899855,262,4472,N,31.6666666666667,0,59
4650,20,1.2231135,294,4348,N,33.3333333333333,0,59
4415,21,1.2730365,306,4650,N,35,0,59
5318,22,1.08582525,261,4415,N,36.6666666666667,0,59
4432,23,1.16070975,279,5318,N,38.3333333333333,0,59
5552,24,1.28551725,309,4432,N,40,0,59
5523,26,1.297998,312,5552,N,43.3333333333333,0,59
5728,27,1.45192725,349,5523,N,45,0,59
5774,28,1.43528625,345,5728,N,46.6666666666667,0,59
5742,29,1.50185025,361,5774,N,48.3333333333333,0,59
5540,30,1.37704275,331,5742,N,50,0,59
6553,31,1.47688875,355,5540,N,51.6666666666667,0,59
7367,32,1.59337575,383,6553,N,53.3333333333333,0,59
2464,0,1.0567035,254,NA,N,0,0,60
2440,1,1.081665,260,2464,N,1.66666666666667,0,60
2467,2,1.03590225,249,2440,N,3.33333333333333,0,60
2556,3,1.14406875,275,2467,N,5,0,60
2594,4,1.37704275,331,2556,N,6.66666666666667,0,60
2502,5,1.1565495,278,2594,N,8.33333333333333,0,60
2055,6,1.19399175,287,2502,N,10,0,60
2476,7,1.2064725,290,2055,N,11.6666666666667,0,60
3568,8,1.06918425,257,2476,N,13.3333333333333,0,60
3764,9,1.27719675,307,3568,N,15,0,60
3927,10,1.20231225,289,3764,N,16.6666666666667,0,60
3628,11,1.297998,312,3927,N,18.3333333333333,0,60
4050,12,1.3229595,318,3628,N,20,0,60
3370,13,1.4394465,346,4050,N,21.6666666666667,0,60
3222,14,1.4727285,354,3370,N,23.3333333333333,0,60
3870,15,1.3229595,318,3222,N,25,0,60
4714,16,1.3895235,334,3870,N,26.6666666666667,0,60
4603,17,1.37704275,331,4714,N,28.3333333333333,0,60
4724,18,1.4061645,338,4603,N,30,0,60
4705,19,1.40200425,337,4724,N,31.6666666666667,0,60
5070,20,1.347921,324,4705,N,33.3333333333333,0,60
4678,21,1.431126,344,5070,N,35,0,60
5378,22,1.45192725,349,4678,N,36.6666666666667,0,60
4777,23,1.53513225,369,5378,N,38.3333333333333,0,60
6413,24,1.4560875,350,4777,N,40,0,60
5825,25,1.597536,384,6413,N,41.6666666666667,0,60
5628,26,1.614177,388,5825,N,43.3333333333333,0,60
5958,27,1.51849125,365,5628,N,45,0,60
5995,28,1.57673475,379,5958,N,46.6666666666667,0,60
6015,29,1.60169625,385,5995,N,48.3333333333333,0,60
2218,0,0.71140275,171,NA,N,0,0,61
2189,1,0.8070885,194,2218,N,1.66666666666667,0,61
2249,2,0.7904475,190,2189,N,3.33333333333333,0,61
2306,3,0.80292825,193,2249,N,5,0,61
2211,4,0.87781275,211,2306,N,6.66666666666667,0,61
2383,5,0.881973,212,2211,N,8.33333333333333,0,61
2015,6,0.86117175,207,2383,N,10,0,61
2217,7,0.9568575,230,2015,N,11.6666666666667,0,61
3340,8,0.97765875,235,2217,N,13.3333333333333,0,61
3512,9,1.098306,264,3340,N,15,0,61
3250,10,1.05254325,253,3512,N,16.6666666666667,0,61
3387,11,1.031742,248,3250,N,18.3333333333333,0,61
3732,12,1.098306,264,3387,N,20,0,61
3213,13,1.14406875,275,3732,N,21.6666666666667,0,61
3148,14,1.1731905,282,3213,N,23.3333333333333,0,61
3525,15,1.16487,280,3148,N,25,0,61
4364,16,1.28551725,309,3525,N,26.6666666666667,0,61
4419,17,1.34376075,323,4364,N,28.3333333333333,0,61
4481,18,1.48520925,357,4419,N,30,0,61
4355,19,1.37704275,331,4481,N,31.6666666666667,0,61
4664,20,1.45192725,349,4355,N,33.3333333333333,0,61
4459,21,1.580895,380,4664,N,35,0,61
5320,22,1.45192725,349,4459,N,36.6666666666667,0,61
4436,23,1.5226515,366,5320,N,38.3333333333333,0,61
5554,24,1.6641,400,4436,N,40,0,61
5508,25,1.813869,436,5554,N,41.6666666666667,0,61
5567,26,1.863792,448,5508,N,43.3333333333333,0,61
5737,27,1.8055485,434,5567,N,45,0,61
5779,28,1.980279,476,5737,N,46.6666666666667,0,61
5752,29,0.92773575,223,5779,Y,48.3333333333333,1,61
5546,30,0.9568575,230,5752,N,50,1,61
6557,31,1.0067805,242,5546,N,51.6666666666667,1,61
7382,32,1.0234215,246,6557,N,53.3333333333333,1,61
6987,33,1.031742,248,7382,N,55,1,61
6720,34,1.1066265,266,6987,N,56.6666666666667,1,61
2697,0,0.74468475,179,NA,N,0,0,62
2711,1,0.81956925,197,2697,N,1.66666666666667,0,62
2655,2,0.965178,232,2711,N,3.33333333333333,0,62
2777,3,0.91941525,221,2655,N,5,0,62
3021,4,0.99846,240,2777,N,6.66666666666667,0,62
2802,5,0.9901395,238,3021,N,8.33333333333333,0,62
2109,6,1.0567035,254,2802,N,10,0,62
2883,7,1.0567035,254,2109,N,11.6666666666667,0,62
3867,8,1.06918425,257,2883,N,13.3333333333333,0,62
4086,9,1.131588,272,3867,N,15,0,62
4163,10,1.114947,268,4086,N,16.6666666666667,0,62
3954,11,1.18567125,285,4163,N,18.3333333333333,0,62
4249,12,1.19399175,287,3954,N,20,0,62
3662,13,1.214793,292,4249,N,21.6666666666667,0,62
3421,14,1.21063275,291,3662,N,23.3333333333333,0,62
4235,15,1.198152,288,3421,N,25,0,62
4992,16,1.198152,288,4235,N,26.6666666666667,0,62
4870,17,1.18567125,285,4992,N,28.3333333333333,0,62
5205,18,1.231434,296,4870,N,30,0,62
4989,19,1.2231135,294,5205,N,31.6666666666667,0,62
5272,20,1.17735075,283,4989,N,33.3333333333333,0,62
5030,21,1.3063185,314,5272,N,35,0,62
5434,22,1.297998,312,5030,N,36.6666666666667,0,62
5082,23,1.614177,388,5434,N,38.3333333333333,0,62
6502,24,1.763946,424,5082,N,40,0,62
6079,25,1.7889075,430,6502,N,41.6666666666667,0,62
5678,26,1.930356,464,6079,N,43.3333333333333,0,62
6217,27,2.10092625,505,5678,N,45,0,62
6276,28,2.3547015,566,6217,N,46.6666666666667,0,62
6287,29,2.40046425,577,6276,N,48.3333333333333,0,62
6209,30,1.2730365,306,6287,Y,50,1,62
6660,31,1.297998,312,6209,N,51.6666666666667,1,62
2699,0,0.9069345,218,NA,N,0,0,63
2713,1,1.0067805,242,2699,N,1.66666666666667,0,63
2657,2,1.04422275,251,2713,N,3.33333333333333,0,63
2783,3,1.06086375,255,2657,N,5,0,63
3024,4,1.0400625,250,2783,N,6.66666666666667,0,63
2639,5,1.06086375,255,3024,N,8.33333333333333,0,63
2084,6,1.15238925,277,2639,N,10,0,63
2765,7,1.26055575,303,2084,N,11.6666666666667,0,63
3719,8,1.41032475,339,2765,N,13.3333333333333,0,63
3952,9,1.347921,324,3719,N,15,0,63
4115,10,1.364562,328,3952,N,16.6666666666667,0,63
3808,11,1.364562,328,4115,N,18.3333333333333,0,63
4209,12,1.431126,344,3808,N,20,0,63
3521,13,1.47688875,355,4209,N,21.6666666666667,0,63
3313,14,1.464408,352,3521,N,23.3333333333333,0,63
4046,15,1.56009375,375,3313,N,25,0,63
4885,16,1.5226515,366,4046,N,26.6666666666667,0,63
4749,17,1.42696575,343,4885,N,28.3333333333333,0,63
5185,18,1.5892155,382,4749,N,30,0,63
4891,19,1.53513225,369,5185,N,31.6666666666667,0,63
5251,20,1.63497825,393,4891,N,33.3333333333333,0,63
4879,21,1.69322175,407,5251,N,35,0,63
5409,22,1.75146525,421,4879,N,36.6666666666667,0,63
4942,23,1.9719585,474,5409,N,38.3333333333333,0,63
6476,24,2.130048,512,4942,N,40,0,63
5947,25,2.296458,552,6476,N,41.6666666666667,0,63
5653,26,2.346381,564,5947,N,43.3333333333333,0,63
6460,27,0.931896,224,5653,Y,45,1,63
6384,28,1.1565495,278,6460,N,46.6666666666667,1,63
6343,29,1.2064725,290,6384,N,48.3333333333333,1,63
6435,30,1.4061645,338,6343,N,50,1,63
6692,31,1.23559425,297,6435,N,51.6666666666667,1,63
7842,32,1.148229,276,6692,N,53.3333333333333,1,63
7624,33,1.231434,296,7842,N,55,1,63
7032,34,1.41864525,341,7624,N,56.6666666666667,1,63
7730,35,1.5559335,374,7032,N,58.3333333333333,1,63
7857,36,1.4893695,358,7730,N,60,1,63
7425,37,1.41864525,341,7857,N,61.6666666666667,1,63
7608,38,1.72650375,415,7425,N,63.3333333333333,1,63
8027,39,1.9220355,462,7608,N,65,1,63
8206,40,2.00940075,483,8027,N,66.6666666666667,1,63
8822,41,2.1882915,526,8206,N,68.3333333333333,1,63
9323,42,2.279817,548,8822,N,70,1,63
8773,43,1.16903025,281,9323,Y,71.6666666666667,2,63
8525,44,1.198152,288,8773,N,73.3333333333333,2,63
9144,45,1.18567125,285,8525,N,75,2,63
9038,46,1.214793,292,9144,N,76.6666666666667,2,63
9513,47,1.381203,332,9038,N,78.3333333333333,2,63
10703,48,1.61833725,389,9513,N,80,2,63
10057,49,1.60169625,385,10703,N,81.6666666666667,2,63
10934,50,1.880433,452,10057,N,83.3333333333333,2,63
10126,51,1.88459325,453,10934,N,85,2,63
10349,52,2.13420825,513,10126,N,86.6666666666667,2,63
10771,53,2.32557975,559,10349,N,88.3333333333333,2,63
10099,54,2.16749025,521,10771,N,90,2,63
12287,55,0.99846,240,10099,Y,91.6666666666667,3,63
2706,0,1.0400625,250,NA,N,0,0,64
2718,1,0.99429975,239,2706,N,1.66666666666667,0,64
2661,2,1.248075,300,2718,N,3.33333333333333,0,64
2796,3,1.4061645,338,2661,N,5,0,64
3030,4,1.181511,284,2796,N,6.66666666666667,0,64
2685,5,1.38536325,333,3030,N,8.33333333333333,0,64
2086,6,1.32711975,319,2685,N,10,0,64
2791,7,1.4893695,358,2086,N,11.6666666666667,0,64
3731,8,1.547613,372,2791,N,13.3333333333333,0,64
3963,9,1.58505525,381,3731,N,15,0,64
4123,10,1.630818,392,3963,N,16.6666666666667,0,64
3821,11,1.33544025,321,4123,N,18.3333333333333,0,64
4213,12,1.24391475,299,3821,N,20,0,64
3532,13,1.24391475,299,4213,N,21.6666666666667,0,64
3319,14,1.3229595,318,3532,N,23.3333333333333,0,64
4055,15,1.2730365,306,3319,N,25,0,64
4896,16,1.36040175,327,4055,N,26.6666666666667,0,64
4760,17,1.45192725,349,4896,N,28.3333333333333,0,64
5187,18,1.78474725,429,4760,N,30,0,64
4899,19,1.92619575,463,5187,N,31.6666666666667,0,64
5253,20,2.04268275,491,4899,N,33.3333333333333,0,64
4898,21,2.48366925,597,5253,N,35,0,64
5411,22,2.22573375,535,4898,N,36.6666666666667,0,64
4956,23,2.429586,584,5411,N,38.3333333333333,0,64
6478,24,1.21063275,291,4956,Y,40,1,64
5952,25,1.26055575,303,6478,N,41.6666666666667,1,64
5655,26,1.29383775,311,5952,N,43.3333333333333,1,64
6096,27,1.3728825,330,5655,N,45,1,64
6155,28,1.32711975,319,6096,N,46.6666666666667,1,64
6162,29,1.4061645,338,6155,N,48.3333333333333,1,64
6075,30,1.26887625,305,6162,N,50,1,64
6635,31,1.2563955,302,6075,N,51.6666666666667,1,64
7783,32,1.364562,328,6635,N,53.3333333333333,1,64
7381,33,1.4228055,342,7783,N,55,1,64
6797,34,1.5892155,382,7381,N,56.6666666666667,1,64
7421,35,1.5725745,378,6797,N,58.3333333333333,1,64
7303,36,1.5226515,366,7421,N,60,1,64
2775,0,0.94437675,227,NA,N,0,0,65
2731,1,0.99429975,239,2775,N,1.66666666666667,0,65
2664,2,1.06918425,257,2731,N,3.33333333333333,0,65
2814,3,1.03590225,249,2664,N,5,0,65
3034,4,1.12742775,271,2814,N,6.66666666666667,0,65
2714,5,1.148229,276,3034,N,8.33333333333333,0,65
2088,6,1.16487,280,2714,N,10,0,65
2801,7,1.16487,280,2088,N,11.6666666666667,0,65
3748,8,1.20231225,289,2801,N,13.3333333333333,0,65
3982,9,1.21063275,291,3748,N,15,0,65
4134,10,1.21895325,293,3982,N,16.6666666666667,0,65
3841,11,1.2563955,302,4134,N,18.3333333333333,0,65
4220,12,1.29383775,311,3841,N,20,0,65
3555,13,1.30215825,313,4220,N,21.6666666666667,0,65
3335,14,1.32711975,319,3555,N,23.3333333333333,0,65
4067,15,1.281357,308,3335,N,25,0,65
4910,16,1.47688875,355,4067,N,26.6666666666667,0,65
4779,17,1.46024775,351,4910,N,28.3333333333333,0,65
5190,18,1.464408,352,4779,N,30,0,65
4912,19,1.51849125,365,5190,N,31.6666666666667,0,65
5256,20,1.530972,368,4912,N,33.3333333333333,0,65
4913,21,1.5559335,374,5256,N,35,0,65
5414,22,1.77642675,427,4913,N,36.6666666666667,0,65
4970,23,1.714023,412,5414,N,38.3333333333333,0,65
6482,24,2.07596475,499,4970,N,40,0,65
5965,25,2.4046245,578,6482,N,41.6666666666667,0,65
5657,26,2.063484,496,5965,N,43.3333333333333,0,65
6112,27,1.148229,276,5657,Y,45,1,65
6172,28,1.06918425,257,6112,N,46.6666666666667,1,65
6178,29,1.16903025,281,6172,N,48.3333333333333,1,65
6086,30,1.231434,296,6178,N,50,1,65
6637,31,1.264716,304,6086,N,51.6666666666667,1,65
7784,32,1.297998,312,6637,N,53.3333333333333,1,65
7458,33,1.36040175,327,7784,N,55,1,65
6798,34,1.50185025,361,7458,N,56.6666666666667,1,65
7424,35,1.547613,372,6798,N,58.3333333333333,1,65
7521,36,1.51017075,363,7424,N,60,1,65
7206,37,1.65161925,397,7521,N,61.6666666666667,1,65
7373,38,1.68490125,405,7206,N,63.3333333333333,1,65
7966,39,1.5559335,374,7373,N,65,1,65
8142,40,1.95115725,469,7966,N,66.6666666666667,1,65
8630,41,2.16749025,521,8142,N,68.3333333333333,1,65
9259,42,2.16333,520,8630,N,70,1,65
8568,43,1.07750475,259,9259,Y,71.6666666666667,2,65
8333,44,1.16903025,281,8568,N,73.3333333333333,2,65
9074,45,1.198152,288,8333,N,75,2,65
8885,46,1.34376075,323,9074,N,76.6666666666667,2,65
9445,47,1.48520925,357,8885,N,78.3333333333333,2,65
10554,48,1.31879925,317,9445,N,80,2,65
9860,49,1.56841425,377,10554,N,81.6666666666667,2,65
10867,50,1.5559335,374,9860,N,83.3333333333333,2,65
9977,51,1.4560875,350,10867,N,85,2,65
10265,52,1.7556255,422,9977,N,86.6666666666667,2,65
10607,53,1.96779825,473,10265,N,88.3333333333333,2,65
9815,54,1.913715,460,10607,N,90,2,65
11724,55,2.3713425,570,9815,N,91.6666666666667,2,65
11998,56,2.3879835,574,11724,N,93.3333333333333,2,65
11857,57,0.9734985,234,11998,Y,95,3,65
12488,58,1.05254325,253,11857,N,96.6666666666667,3,65
11838,59,1.18567125,285,12488,N,98.3333333333333,3,65
11701,60,1.3396005,322,11838,N,100,3,65
11888,61,1.4560875,350,11701,N,101.666666666667,3,65
12432,62,1.41032475,339,11888,N,103.333333333333,3,65
13875,63,1.297998,312,12432,N,105,3,65
13655,64,1.464408,352,13875,N,106.666666666667,3,65
14250,65,1.530972,368,13655,N,108.333333333333,3,65
12916,66,1.7722665,426,14250,N,110,3,65
14208,67,1.73482425,417,12916,N,111.666666666667,3,65
14202,68,1.7556255,422,14208,N,113.333333333333,3,65
13332,69,1.763946,424,14202,N,115,3,65
13514,70,2.0218815,486,13332,N,116.666666666667,3,65
2793,0,0.63651825,153,NA,N,0,0,66
2737,1,0.79460775,191,2793,N,1.66666666666667,0,66
2667,2,0.782127,188,2737,N,3.33333333333333,0,66
2834,3,0.782127,188,2667,N,5,0,66
3043,4,0.82788975,199,2834,N,6.66666666666667,0,66
2721,5,0.965178,232,3043,N,8.33333333333333,0,66
2091,6,0.89445375,215,2721,N,10,0,66
2809,7,1.00262025,241,2091,N,11.6666666666667,0,66
3759,8,0.948537,228,2809,N,13.3333333333333,0,66
4000,9,1.048383,252,3759,N,15,0,66
4142,10,0.9901395,238,4000,N,16.6666666666667,0,66
3860,11,1.11910725,269,4142,N,18.3333333333333,0,66
4223,12,1.06086375,255,3860,N,20,0,66
3571,13,1.181511,284,4223,N,21.6666666666667,0,66
3347,14,1.22727375,295,3571,N,23.3333333333333,0,66
4082,15,1.06918425,257,3347,N,25,0,66
4925,16,1.20231225,289,4082,N,26.6666666666667,0,66
4797,17,1.214793,292,4925,N,28.3333333333333,0,66
5193,18,1.49352975,359,4797,N,30,0,66
4929,19,1.264716,304,5193,N,31.6666666666667,0,66
5259,20,1.44360675,347,4929,N,33.3333333333333,0,66
4923,21,1.40200425,337,5259,N,35,0,66
5417,22,1.51849125,365,4923,N,36.6666666666667,0,66
4982,23,1.68490125,405,5417,N,38.3333333333333,0,66
6485,24,1.86795225,449,4982,N,40,0,66
5986,25,2.15084925,517,6485,N,41.6666666666667,0,66
5660,26,2.263176,544,5986,N,43.3333333333333,0,66
6129,27,1.95115725,469,5660,N,45,0,66
6194,28,1.26887625,305,6129,Y,46.6666666666667,1,66
6198,29,1.16487,280,6194,N,48.3333333333333,1,66
6106,30,1.1898315,286,6198,N,50,1,66
6641,31,1.131588,272,6106,N,51.6666666666667,1,66
7788,32,1.2064725,290,6641,N,53.3333333333333,1,66
7472,33,1.297998,312,7788,N,55,1,66
6802,34,1.4394465,346,7472,N,56.6666666666667,1,66
7435,35,1.41864525,341,6802,N,58.3333333333333,1,66
7541,36,1.36872225,329,7435,N,60,1,66
7217,37,1.4893695,358,7541,N,61.6666666666667,1,66
7392,38,1.68490125,405,7217,N,63.3333333333333,1,66
7969,39,1.70154225,409,7392,N,65,1,66
8146,40,1.8887535,454,7969,N,66.6666666666667,1,66
8643,41,2.10092625,505,8146,N,68.3333333333333,1,66
9264,42,1.7223435,414,8643,N,70,1,66
8578,43,1.9553175,470,9264,N,71.6666666666667,1,66
2480,0,0.715563,172,NA,N,0,0,67
2482,1,0.65315925,157,2480,N,1.66666666666667,0,67
2470,2,0.62819775,151,2482,N,3.33333333333333,0,67
2562,3,0.61987725,149,2470,N,5,0,67
2643,4,0.648999,156,2562,N,6.66666666666667,0,67
2510,5,0.60323625,145,2643,N,8.33333333333333,0,67
2056,6,0.64483875,155,2510,N,10,0,67
2481,7,0.632358,152,2056,N,11.6666666666667,0,67
3573,8,0.64483875,155,2481,N,13.3333333333333,0,67
3770,9,0.6406785,154,3573,N,15,0,67
3932,10,0.63651825,153,3770,N,16.6666666666667,0,67
3631,11,0.615717,148,3932,N,18.3333333333333,0,67
4054,12,0.615717,148,3631,N,20,0,67
3373,13,0.63651825,153,4054,N,21.6666666666667,0,67
3224,14,0.65315925,157,3373,N,23.3333333333333,0,67
3874,15,0.615717,148,3224,N,25,0,67
4730,16,0.64483875,155,3874,N,26.6666666666667,0,67
4607,17,0.66980025,161,4730,N,28.3333333333333,0,67
4727,18,0.6406785,154,4607,N,30,0,67
4708,19,0.73636425,177,4727,N,31.6666666666667,0,67
5073,20,0.6406785,154,4708,N,33.3333333333333,0,67
4682,21,0.55331325,133,5073,N,35,0,67
5379,22,0.66980025,161,4682,N,36.6666666666667,0,67
4782,23,0.6573195,158,5379,N,38.3333333333333,0,67
6414,24,0.5241915,126,4782,N,40,0,67
6019,29,0.45346725,109,6414,N,48.3333333333333,0,67
5945,30,0.47842875,115,6019,N,50,0,67
6606,31,0.62819775,151,5945,N,51.6666666666667,0,67
9174,42,0.549153,132,6606,N,70,0,67
8336,43,0.60323625,145,9174,N,71.6666666666667,0,67
8896,45,0.648999,156,8336,N,75,0,67
8664,46,0.632358,152,8896,N,76.6666666666667,0,67
9351,47,0.5907555,142,8664,N,78.3333333333333,0,67
10379,48,0.5907555,142,9351,N,80,0,67
9551,49,0.61155675,147,10379,N,81.6666666666667,0,67
10748,50,0.648999,156,9551,N,83.3333333333333,0,67
9701,51,0.66147975,159,10748,N,85,0,67
10161,52,0.67812075,163,9701,N,86.6666666666667,0,67
10397,53,0.648999,156,10161,N,88.3333333333333,0,67
9599,54,0.715563,172,10397,N,90,0,67
11015,55,0.6906015,166,9599,N,91.6666666666667,0,67
11262,56,0.6906015,166,11015,N,93.3333333333333,0,67
11174,57,0.582435,140,11262,N,95,0,67
11139,62,0.6906015,166,11174,N,103.333333333333,0,67
13530,63,0.6906015,166,11139,N,105,0,67
13171,64,0.632358,152,13530,N,106.666666666667,0,67
13291,69,0.549153,132,13171,N,115,0,67
13460,70,0.47842875,115,13291,N,116.666666666667,0,67
2821,0,1.03590225,249,NA,N,0,0,68
2741,1,1.10246625,265,2821,N,1.66666666666667,0,68
2669,2,1.11078675,267,2741,N,3.33333333333333,0,68
2846,3,1.16487,280,2669,N,5,0,68
3047,4,1.21895325,293,2846,N,6.66666666666667,0,68
2723,5,1.18567125,285,3047,N,8.33333333333333,0,68
2094,6,1.26055575,303,2723,N,10,0,68
2825,7,1.24391475,299,2094,N,11.6666666666667,0,68
3771,8,1.27719675,307,2825,N,13.3333333333333,0,68
4006,9,1.31879925,317,3771,N,15,0,68
4143,10,1.381203,332,4006,N,16.6666666666667,0,68
3869,11,1.36040175,327,4143,N,18.3333333333333,0,68
4225,12,1.40200425,337,3869,N,20,0,68
3577,13,1.464408,352,4225,N,21.6666666666667,0,68
3352,14,1.42696575,343,3577,N,23.3333333333333,0,68
4088,15,1.4228055,342,3352,N,25,0,68
4930,16,1.47688875,355,4088,N,26.6666666666667,0,68
4803,17,1.46024775,351,4930,N,28.3333333333333,0,68
5194,18,1.62665775,391,4803,N,30,0,68
4934,19,1.530972,368,5194,N,31.6666666666667,0,68
5260,20,1.59337575,383,4934,N,33.3333333333333,0,68
4932,21,1.56841425,377,5260,N,35,0,68
5419,22,1.63497825,393,4932,N,36.6666666666667,0,68
4987,23,1.6224975,390,5419,N,38.3333333333333,0,68
6486,24,1.57673475,379,4987,N,40,0,68
5991,25,1.65993975,399,6486,N,41.6666666666667,0,68
5661,26,1.697382,408,5991,N,43.3333333333333,0,68
6132,27,1.7223435,414,5661,N,45,0,68
6206,28,1.7556255,422,6132,N,46.6666666666667,0,68
6203,29,1.7389845,418,6206,N,48.3333333333333,0,68
6111,30,1.797228,432,6203,N,50,0,68
6642,31,1.7889075,430,6111,N,51.6666666666667,0,68
7789,32,1.8055485,434,6642,N,53.3333333333333,0,68
7476,33,1.85131125,445,7789,N,55,0,68
6804,34,1.946997,468,7476,N,56.6666666666667,0,68
7440,35,2.05100325,493,6804,N,58.3333333333333,0,68
7546,36,2.00940075,483,7440,N,60,0,68
7223,37,1.946997,468,7546,N,61.6666666666667,0,68
7395,38,2.10092625,505,7223,N,63.3333333333333,0,68
7970,39,2.10092625,505,7395,N,65,0,68
8147,40,1.930356,464,7970,N,66.6666666666667,0,68
8648,41,2.05100325,493,8147,N,68.3333333333333,0,68
9266,42,2.01772125,485,8648,N,70,0,68
8586,43,1.90123425,457,9266,N,71.6666666666667,0,68
8349,44,2.16749025,521,8586,N,73.3333333333333,0,68
9081,45,2.29229775,551,8349,N,75,0,68
8904,46,2.679201,644,9081,N,76.6666666666667,0,68
9451,47,2.862252,688,8904,N,78.3333333333333,0,68
10566,48,2.7873675,670,9451,N,80,0,68
9873,49,1.30215825,313,10566,Y,81.6666666666667,1,68
10874,50,1.41864525,341,9873,N,83.3333333333333,1,68
9984,51,1.2896775,310,10874,N,85,1,68
10272,52,1.481049,356,9984,N,86.6666666666667,1,68
10621,53,1.514331,364,10272,N,88.3333333333333,1,68
9831,54,1.46856825,353,10621,N,90,1,68
11777,55,1.7556255,422,9831,N,91.6666666666667,1,68
12046,56,1.69322175,407,11777,N,93.3333333333333,1,68
11918,57,1.930356,464,12046,N,95,1,68
12534,58,1.85131125,445,11918,N,96.6666666666667,1,68
11895,59,2.25069525,541,12534,N,98.3333333333333,1,68
11741,60,1.963638,472,11895,N,100,1,68
11928,61,1.20231225,289,11741,Y,101.666666666667,2,68
12473,62,1.1565495,278,11928,N,103.333333333333,2,68
13906,63,1.297998,312,12473,N,105,2,68
13673,64,1.38536325,333,13906,N,106.666666666667,2,68
14273,65,1.4228055,342,13673,N,108.333333333333,2,68
12938,66,1.48520925,357,14273,N,110,2,68
14695,67,1.70986275,411,12938,N,111.666666666667,2,68
14708,68,1.797228,432,14695,N,113.333333333333,2,68
13826,69,1.79306775,431,14708,N,115,2,68
14700,70,2.00108025,481,13826,N,116.666666666667,2,68
2827,0,1.49352975,359,NA,N,0,0,69
2744,1,1.580895,380,2827,N,1.66666666666667,0,69
2670,2,1.51849125,365,2744,N,3.33333333333333,0,69
2853,3,1.61833725,389,2670,N,5,0,69
3049,4,1.5892155,382,2853,N,6.66666666666667,0,69
2724,5,1.61001675,387,3049,N,8.33333333333333,0,69
2095,6,1.56841425,377,2724,N,10,0,69
2830,7,1.5892155,382,2095,N,11.6666666666667,0,69
3779,8,1.863792,448,2830,N,13.3333333333333,0,69
4012,9,1.74314475,419,3779,N,15,0,69
4144,10,1.780587,428,4012,N,16.6666666666667,0,69
3877,11,1.82634975,439,4144,N,18.3333333333333,0,69
4226,12,1.92619575,463,3877,N,20,0,69
3584,13,2.0385225,490,4226,N,21.6666666666667,0,69
3358,14,1.9220355,462,3584,N,23.3333333333333,0,69
4097,15,1.99692,480,3358,N,25,0,69
4936,16,1.8887535,454,4097,N,26.6666666666667,0,69
4810,17,2.1383685,514,4936,N,28.3333333333333,0,69
5195,18,2.030202,488,4810,N,30,0,69
4941,19,1.946997,468,5195,N,31.6666666666667,0,69
5261,20,2.1550095,518,4941,N,33.3333333333333,0,69
4938,21,2.25901575,543,5261,N,35,0,69
5420,22,2.429586,584,4938,N,36.6666666666667,0,69
4994,23,1.27719675,307,5420,Y,38.3333333333333,1,69
5530,24,1.1731905,282,4994,N,40,1,69
2485,0,1.16487,280,NA,N,0,0,70
2489,1,1.2231135,294,2485,N,1.66666666666667,0,70
2475,2,1.248075,300,2489,N,3.33333333333333,0,70
2567,3,1.2563955,302,2475,N,5,0,70
2650,4,1.3895235,334,2567,N,6.66666666666667,0,70
2513,5,1.38536325,333,2650,N,8.33333333333333,0,70
2057,6,1.27719675,307,2513,N,10,0,70
2486,7,1.4228055,342,2057,N,11.6666666666667,0,70
3579,8,1.52681175,367,2486,N,13.3333333333333,0,70
3778,9,1.447767,348,3579,N,15,0,70
3938,10,1.46024775,351,3778,N,16.6666666666667,0,70
3637,11,1.43528625,345,3938,N,18.3333333333333,0,70
4059,12,1.49352975,359,3637,N,20,0,70
3378,13,1.49352975,359,4059,N,21.6666666666667,0,70
3227,14,1.431126,344,3378,N,23.3333333333333,0,70
3881,15,1.50185025,361,3227,N,25,0,70
4732,16,1.5559335,374,3881,N,26.6666666666667,0,70
4609,17,1.6641,400,4732,N,28.3333333333333,0,70
5123,18,1.6224975,390,4609,N,30,0,70
4712,19,1.6890615,406,5123,N,31.6666666666667,0,70
5076,20,1.647459,396,4712,N,33.3333333333333,0,70
4687,21,1.63497825,393,5076,N,35,0,70
5380,22,1.69322175,407,4687,N,36.6666666666667,0,70
4788,23,1.69322175,407,5380,N,38.3333333333333,0,70
6416,24,1.68490125,405,4788,N,40,0,70
5830,25,1.7556255,422,6416,N,41.6666666666667,0,70
5629,26,1.76810625,425,5830,N,43.3333333333333,0,70
5967,27,1.70986275,411,5629,N,45,0,70
5999,28,1.797228,432,5967,N,46.6666666666667,0,70
6024,29,1.7889075,430,5999,N,48.3333333333333,0,70
5948,30,1.813869,436,6024,N,50,0,70
6607,31,1.847151,444,5948,N,51.6666666666667,0,70
7757,32,1.89291375,455,6607,N,53.3333333333333,0,70
7264,33,1.880433,452,7757,N,55,0,70
6769,34,1.90955475,459,7264,N,56.6666666666667,0,70
7199,35,1.95947775,471,6769,N,58.3333333333333,0,70
7290,36,1.913715,460,7199,N,60,0,70
7095,37,1.963638,472,7290,N,61.6666666666667,0,70
7266,38,2.00940075,483,7095,N,63.3333333333333,0,70
7941,39,1.98443925,477,7266,N,65,0,70
8116,40,1.94283675,467,7941,N,66.6666666666667,0,70
8585,41,1.87627275,451,8116,N,68.3333333333333,0,70
9230,42,1.92619575,463,8585,N,70,0,70
8484,43,1.90955475,459,9230,N,71.6666666666667,0,70
8290,44,2.0718045,498,8484,N,73.3333333333333,0,70
9017,45,2.02604175,487,8290,N,75,0,70
8828,46,1.95115725,469,9017,N,76.6666666666667,0,70
9412,47,2.11756725,509,8828,N,78.3333333333333,0,70
10490,48,1.980279,476,9412,N,80,0,70
9764,49,1.93451625,465,10490,N,81.6666666666667,0,70
10833,50,2.07596475,499,9764,N,83.3333333333333,0,70
9929,51,1.9386765,466,10833,N,85,0,70
10229,52,1.89291375,455,9929,N,86.6666666666667,0,70
10533,53,2.13420825,513,10229,N,88.3333333333333,0,70
9714,54,2.25901575,543,10533,N,90,0,70
11506,55,2.1716505,522,9714,N,91.6666666666667,0,70
11720,56,2.06764425,497,11506,N,93.3333333333333,0,70
11604,57,2.313099,556,11720,N,95,0,70
12238,58,2.49198975,599,11604,N,96.6666666666667,0,70
11562,59,2.56687425,617,12238,N,98.3333333333333,0,70
11459,60,2.679201,644,11562,N,100,0,70
11621,61,2.8206495,678,11459,N,101.666666666667,0,70
12161,62,3.01618125,725,11621,N,103.333333333333,0,70
13745,63,2.44206675,587,12161,N,105,0,70
13336,64,2.27565675,547,13745,N,106.666666666667,0,70
13458,65,2.8206495,678,13336,N,108.333333333333,0,70
12833,66,2.878893,692,13458,N,110,0,70
14121,67,2.81648925,677,12833,N,111.666666666667,0,70
14124,68,2.74160475,659,14121,N,113.333333333333,0,70
13246,69,2.82897,680,14124,N,115,0,70
13282,70,2.7707265,666,13246,N,116.666666666667,0,70
2833,0,0.8570115,206,NA,N,0,0,71
2747,1,0.80292825,193,2833,N,1.66666666666667,0,71
2671,2,0.848691,204,2747,N,3.33333333333333,0,71
2857,3,0.89445375,215,2671,N,5,0,71
3051,4,0.91941525,221,2857,N,6.66666666666667,0,71
2725,5,0.9069345,218,3051,N,8.33333333333333,0,71
2096,6,0.94437675,227,2725,N,10,0,71
2835,7,0.965178,232,2096,N,11.6666666666667,0,71
3785,8,0.96933825,233,2835,N,13.3333333333333,0,71
4018,9,0.9734985,234,3785,N,15,0,71
4145,10,0.965178,232,4018,N,16.6666666666667,0,71
3883,11,1.031742,248,4145,N,18.3333333333333,0,71
4227,12,1.06086375,255,3883,N,20,0,71
3595,13,1.02758175,247,4227,N,21.6666666666667,0,71
3369,14,1.0234215,246,3595,N,23.3333333333333,0,71
4107,15,1.048383,252,3369,N,25,0,71
4939,16,1.0400625,250,4107,N,26.6666666666667,0,71
4815,17,1.07750475,259,4939,N,28.3333333333333,0,71
5196,18,1.0400625,250,4815,N,30,0,71
4949,19,1.081665,260,5196,N,31.6666666666667,0,71
5262,20,1.098306,264,4949,N,33.3333333333333,0,71
4947,21,1.12742775,271,5262,N,35,0,71
5421,22,1.0567035,254,4947,N,36.6666666666667,0,71
4997,23,1.081665,260,5421,N,38.3333333333333,0,71
6489,24,1.148229,276,4997,N,40,0,71
6009,25,1.18567125,285,6489,N,41.6666666666667,0,71
5663,26,1.16070975,279,6009,N,43.3333333333333,0,71
6142,27,1.131588,272,5663,N,45,0,71
6214,28,1.20231225,289,6142,N,46.6666666666667,0,71
6216,29,1.1898315,286,6214,N,48.3333333333333,0,71
6122,30,1.2064725,290,6216,N,50,0,71
6644,31,1.1399085,274,6122,N,51.6666666666667,0,71
7791,32,1.148229,276,6644,N,53.3333333333333,0,71
7483,33,1.2231135,294,7791,N,55,0,71
6807,34,1.2231135,294,7483,N,56.6666666666667,0,71
7443,35,1.2064725,290,6807,N,58.3333333333333,0,71
7559,36,1.148229,276,7443,N,60,0,71
7227,37,1.16487,280,7559,N,61.6666666666667,0,71
7404,38,1.2064725,290,7227,N,63.3333333333333,0,71
7971,39,1.131588,272,7404,N,65,0,71
8148,40,1.10246625,265,7971,N,66.6666666666667,0,71
8650,41,1.08582525,261,8148,N,68.3333333333333,0,71
9267,42,1.11078675,267,8650,N,70,0,71
8588,43,1.01094075,243,9267,N,71.6666666666667,0,71
8354,44,1.181511,284,8588,N,73.3333333333333,0,71
9084,45,1.098306,264,8354,N,75,0,71
8911,46,1.11078675,267,9084,N,76.6666666666667,0,71
9456,47,1.114947,268,8911,N,78.3333333333333,0,71
10575,48,1.1232675,270,9456,N,80,0,71
9885,49,1.11910725,269,10575,N,81.6666666666667,0,71
10878,50,1.07750475,259,9885,N,83.3333333333333,0,71
9988,51,1.0400625,250,10878,N,85,0,71
10276,52,1.065024,256,9988,N,86.6666666666667,0,71
10630,53,1.07750475,259,10276,N,88.3333333333333,0,71
9840,54,1.06918425,257,10630,N,90,0,71
11806,55,1.048383,252,9840,N,91.6666666666667,0,71
12080,56,1.065024,256,11806,N,93.3333333333333,0,71
11961,57,1.0733445,258,12080,N,95,0,71
12565,58,1.12742775,271,11961,N,96.6666666666667,0,71
11934,59,1.14406875,275,12565,N,98.3333333333333,0,71
11776,60,1.16487,280,11934,N,100,0,71
11963,61,1.07750475,259,11776,N,101.666666666667,0,71
12501,62,1.05254325,253,11963,N,103.333333333333,0,71
13930,63,1.04422275,251,12501,N,105,0,71
13687,64,1.05254325,253,13930,N,106.666666666667,0,71
14287,65,1.1399085,274,13687,N,108.333333333333,0,71
12956,66,1.14406875,275,14287,N,110,0,71
14243,67,1.16903025,281,12956,N,111.666666666667,0,71
14228,68,1.18567125,285,14243,N,113.333333333333,0,71
13344,69,1.08582525,261,14228,N,115,0,71
13546,70,1.0899855,262,13344,N,116.666666666667,0,71
2838,0,0.848691,204,NA,N,0,0,72
2749,1,0.965178,232,2838,N,1.66666666666667,0,72
2672,2,0.98597925,237,2749,N,3.33333333333333,0,72
2862,3,0.98597925,237,2672,N,5,0,72
3053,4,0.97765875,235,2862,N,6.66666666666667,0,72
2726,5,1.0234215,246,3053,N,8.33333333333333,0,72
2097,6,1.0067805,242,2726,N,10,0,72
2839,7,1.015101,244,2097,N,11.6666666666667,0,72
3791,8,1.1066265,266,2839,N,13.3333333333333,0,72
4024,9,1.20231225,289,3791,N,15,0,72
4146,10,1.214793,292,4024,N,16.6666666666667,0,72
3890,11,1.214793,292,4146,N,18.3333333333333,0,72
4229,12,1.297998,312,3890,N,20,0,72
3601,13,1.30215825,313,4229,N,21.6666666666667,0,72
3374,14,1.2563955,302,3601,N,23.3333333333333,0,72
4110,15,1.34376075,323,3374,N,25,0,72
4944,16,1.46024775,351,4110,N,26.6666666666667,0,72
4821,17,1.51017075,363,4944,N,28.3333333333333,0,72
5197,18,1.514331,364,4821,N,30,0,72
4954,19,1.481049,356,5197,N,31.6666666666667,0,72
5263,20,1.4560875,350,4954,N,33.3333333333333,0,72
4952,21,1.46856825,353,5263,N,35,0,72
5422,22,1.5060105,362,4952,N,36.6666666666667,0,72
5001,23,1.614177,388,5422,N,38.3333333333333,0,72
6490,24,1.75978575,423,5001,N,40,0,72
6014,25,1.697382,408,6490,N,41.6666666666667,0,72
5664,26,1.92619575,463,6014,N,43.3333333333333,0,72
6149,27,2.04268275,491,5664,N,45,0,72
6219,28,2.196612,528,6149,N,46.6666666666667,0,72
6222,29,2.1217275,510,6219,N,48.3333333333333,0,72
6130,30,2.35886175,567,6222,N,50,0,72
6645,31,2.32557975,559,6130,N,51.6666666666667,0,72
7792,32,2.3879835,574,6645,N,53.3333333333333,0,72
7487,33,0.848691,204,7792,Y,55,1,72
6808,34,0.99429975,239,7487,N,56.6666666666667,1,72
7448,35,0.88613325,213,6808,N,58.3333333333333,1,72
7566,36,1.07750475,259,7448,N,60,1,72
7235,37,1.02758175,247,7566,N,61.6666666666667,1,72
7410,38,1.098306,264,7235,N,63.3333333333333,1,72
7973,39,0.9734985,234,7410,N,65,1,72
8150,40,1.03590225,249,7973,N,66.6666666666667,1,72
8655,41,1.12742775,271,8150,N,68.3333333333333,1,72
9269,42,1.1898315,286,8655,N,70,1,72
8591,43,1.16903025,281,9269,N,71.6666666666667,1,72
8356,44,1.0899855,262,8591,N,73.3333333333333,1,72
9085,45,1.12742775,271,8356,N,75,1,72
8914,46,0.981819,236,9085,N,76.6666666666667,1,72
9458,47,1.06086375,255,8914,N,78.3333333333333,1,72
10578,48,1.031742,248,9458,N,80,1,72
9889,49,1.0567035,254,10578,N,81.6666666666667,1,72
10880,50,1.0733445,258,9889,N,83.3333333333333,1,72
9990,51,1.0899855,262,10880,N,85,1,72
10278,52,1.05254325,253,9990,N,86.6666666666667,1,72
10634,53,0.98597925,237,10278,N,88.3333333333333,1,72
9843,54,0.96101775,231,10634,N,90,1,72
11822,55,1.02758175,247,9843,N,91.6666666666667,1,72
12093,56,0.9235755,222,11822,N,93.3333333333333,1,72
11974,57,0.98597925,237,12093,N,95,1,72
12573,58,0.86949225,209,11974,N,96.6666666666667,1,72
11950,59,0.85285125,205,12573,N,98.3333333333333,1,72
11794,60,0.6240375,150,11950,N,100,1,72
12515,62,1.0067805,242,11794,N,103.333333333333,1,72
13941,63,0.98597925,237,12515,N,105,1,72
13694,64,0.9901395,238,13941,N,106.666666666667,1,72
14311,65,1.01926125,245,13694,N,108.333333333333,1,72
12963,66,0.69476175,167,14311,N,110,1,72
14710,67,0.8070885,194,12963,N,111.666666666667,1,72
14725,68,0.94437675,227,14710,N,113.333333333333,1,72
13833,69,0.898614,216,14725,N,115,1,72
14712,70,0.91941525,221,13833,N,116.666666666667,1,72
2842,0,0.93605625,225,NA,N,0,0,73
2751,1,0.898614,216,2842,N,1.66666666666667,0,73
2673,2,0.90277425,217,2751,N,3.33333333333333,0,73
2867,3,1.05254325,253,2673,N,5,0,73
3055,4,0.9734985,234,2867,N,6.66666666666667,0,73
2727,5,0.97765875,235,3055,N,8.33333333333333,0,73
2098,6,0.95269725,229,2727,N,10,0,73
2844,7,1.01926125,245,2098,N,11.6666666666667,0,73
3798,8,0.9568575,230,2844,N,13.3333333333333,0,73
4030,9,1.1066265,266,3798,N,15,0,73
4147,10,1.18567125,285,4030,N,16.6666666666667,0,73
3895,11,1.1565495,278,4147,N,18.3333333333333,0,73
4231,12,1.16903025,281,3895,N,20,0,73
3606,13,1.2064725,290,4231,N,21.6666666666667,0,73
3377,14,1.098306,264,3606,N,23.3333333333333,0,73
4114,15,1.2231135,294,3377,N,25,0,73
4946,16,1.25223525,301,4114,N,26.6666666666667,0,73
4828,17,1.281357,308,4946,N,28.3333333333333,0,73
5198,18,1.21895325,293,4828,N,30,0,73
4959,19,1.2397545,298,5198,N,31.6666666666667,0,73
5264,20,1.297998,312,4959,N,33.3333333333333,0,73
4958,21,1.181511,284,5264,N,35,0,73
5423,22,1.18567125,285,4958,N,36.6666666666667,0,73
5008,23,1.20231225,289,5423,N,38.3333333333333,0,73
6491,24,1.5559335,374,5008,N,40,0,73
6020,25,1.714023,412,6491,N,41.6666666666667,0,73
5665,26,1.8055485,434,6020,N,43.3333333333333,0,73
6156,27,2.00940075,483,5665,N,45,0,73
6224,28,1.9885995,478,6156,N,46.6666666666667,0,73
6230,29,2.1550095,518,6224,N,48.3333333333333,0,73
6136,30,2.030202,488,6230,N,50,0,73
6647,31,1.0733445,258,6136,Y,51.6666666666667,1,73
7794,32,1.18567125,285,6647,N,53.3333333333333,1,73
7491,33,1.16903025,281,7794,N,55,1,73
2847,0,0.9402165,226,NA,N,0,0,74
2753,1,0.9235755,222,2847,N,1.66666666666667,0,74
2674,2,0.95269725,229,2753,N,3.33333333333333,0,74
2872,3,0.92773575,223,2674,N,5,0,74
2541,4,1.11910725,269,2872,N,6.66666666666667,0,74
2472,5,0.95269725,229,2541,N,8.33333333333333,0,74
2043,6,0.9235755,222,2472,N,10,0,74
2363,7,0.93605625,225,2043,N,11.6666666666667,0,74
3471,8,1.0234215,246,2363,N,13.3333333333333,0,74
2850,0,1.4061645,338,NA,N,0,0,75
2755,1,1.4228055,342,2850,N,1.66666666666667,0,75
2675,2,1.414485,340,2755,N,3.33333333333333,0,75
2886,3,1.4893695,358,2675,N,5,0,75
3057,4,1.4893695,358,2886,N,6.66666666666667,0,75
2728,5,1.5392925,370,3057,N,8.33333333333333,0,75
2099,6,1.56841425,377,2728,N,10,0,75
2851,7,1.5725745,378,2099,N,11.6666666666667,0,75
3805,8,1.70154225,409,2851,N,13.3333333333333,0,75
4036,9,1.597536,384,3805,N,15,0,75
4148,10,1.697382,408,4036,N,16.6666666666667,0,75
3902,11,1.747305,420,4148,N,18.3333333333333,0,75
4233,12,1.72650375,415,3902,N,20,0,75
3619,13,1.7556255,422,4233,N,21.6666666666667,0,75
3384,14,1.83051,440,3619,N,23.3333333333333,0,75
4120,15,1.86795225,449,3384,N,25,0,75
4951,16,2.05100325,493,4120,N,26.6666666666667,0,75
4834,17,2.05100325,493,4951,N,28.3333333333333,0,75
5199,18,2.11756725,509,4834,N,30,0,75
4964,19,2.1217275,510,5199,N,31.6666666666667,0,75
5265,20,2.229894,536,4964,N,33.3333333333333,0,75
4963,21,2.27565675,547,5265,N,35,0,75
5424,22,2.0551635,494,4963,N,36.6666666666667,0,75
5015,23,2.512791,604,5424,N,38.3333333333333,0,75
6492,24,2.346381,564,5015,N,40,0,75
6026,25,2.4545475,590,6492,N,41.6666666666667,0,75
5666,26,1.24391475,299,6026,Y,43.3333333333333,1,75
6373,28,1.264716,304,5666,N,46.6666666666667,1,75
6333,29,1.214793,292,6373,N,48.3333333333333,1,75
6684,31,1.314639,316,6333,N,51.6666666666667,1,75
7835,32,1.464408,352,6684,N,53.3333333333333,1,75
7609,33,1.56841425,377,7835,N,55,1,75
2500,0,0.9734985,234,NA,N,0,0,76
2501,1,0.97765875,235,2500,N,1.66666666666667,0,76
2514,2,0.96933825,233,2501,N,3.33333333333333,0,76
2572,3,0.9568575,230,2514,N,5,0,76
2681,4,0.93605625,225,2572,N,6.66666666666667,0,76
2515,5,1.07750475,259,2681,N,8.33333333333333,0,76
2058,6,1.07750475,259,2515,N,10,0,76
2490,7,1.114947,268,2058,N,11.6666666666667,0,76
3582,8,1.11078675,267,2490,N,13.3333333333333,0,76
3786,9,1.36040175,327,3582,N,15,0,76
3943,10,1.22727375,295,3786,N,16.6666666666667,0,76
3642,11,1.19399175,287,3943,N,18.3333333333333,0,76
4064,12,1.30215825,313,3642,N,20,0,76
3381,13,1.364562,328,4064,N,21.6666666666667,0,76
3230,14,1.214793,292,3381,N,23.3333333333333,0,76
3888,15,1.5226515,366,3230,N,25,0,76
4735,16,1.40200425,337,3888,N,26.6666666666667,0,76
4610,17,1.33544025,321,4735,N,28.3333333333333,0,76
5127,18,1.547613,372,4610,N,30,0,76
4729,19,1.7556255,422,5127,N,31.6666666666667,0,76
5083,20,1.55177325,373,4729,N,33.3333333333333,0,76
4692,21,1.51017075,363,5083,N,35,0,76
5381,22,1.614177,388,4692,N,36.6666666666667,0,76
4796,23,1.547613,372,5381,N,38.3333333333333,0,76
6418,24,1.6724205,402,4796,N,40,0,76
5835,25,1.780587,428,6418,N,41.6666666666667,0,76
5630,26,1.75978575,423,5835,N,43.3333333333333,0,76
5972,27,1.78474725,429,5630,N,45,0,76
6002,28,1.7889075,430,5972,N,46.6666666666667,0,76
6030,29,1.75146525,421,6002,N,48.3333333333333,0,76
5951,30,1.6557795,398,6030,N,50,0,76
6608,31,1.630818,392,5951,N,51.6666666666667,0,76
7758,32,1.797228,432,6608,N,53.3333333333333,0,76
7269,33,1.76810625,425,7758,N,55,0,76
6770,34,1.8055485,434,7269,N,56.6666666666667,0,76
7204,35,1.8721125,450,6770,N,58.3333333333333,0,76
7294,36,1.680741,404,7204,N,60,0,76
7101,37,1.70154225,409,7294,N,61.6666666666667,0,76
7270,38,1.847151,444,7101,N,63.3333333333333,0,76
7942,39,1.88459325,453,7270,N,65,0,76
8117,40,1.85963175,447,7942,N,66.6666666666667,0,76
8587,41,1.84299075,443,8117,N,68.3333333333333,0,76
9231,42,1.7223435,414,8587,N,70,0,76
2855,0,1.16487,280,NA,N,0,0,77
2758,1,1.2064725,290,2855,N,1.66666666666667,0,77
2676,2,1.2563955,302,2758,N,3.33333333333333,0,77
2892,3,1.281357,308,2676,N,5,0,77
3064,4,1.30215825,313,2892,N,6.66666666666667,0,77
2764,5,1.36872225,329,3064,N,8.33333333333333,0,77
2101,6,1.36040175,327,2764,N,10,0,77
2860,7,1.36872225,329,2101,N,11.6666666666667,0,77
3818,8,1.4061645,338,2860,N,13.3333333333333,0,77
4048,9,1.38536325,333,3818,N,15,0,77
4150,10,1.39368375,335,4048,N,16.6666666666667,0,77
3912,11,1.41032475,339,4150,N,18.3333333333333,0,77
4234,12,1.44360675,347,3912,N,20,0,77
3624,13,1.397844,336,4234,N,21.6666666666667,0,77
3388,14,1.41864525,341,3624,N,23.3333333333333,0,77
4128,15,1.481049,356,3388,N,25,0,77
4962,16,1.4727285,354,4128,N,26.6666666666667,0,77
4844,17,1.4727285,354,4962,N,28.3333333333333,0,77
5200,18,1.51017075,363,4844,N,30,0,77
4967,19,1.5392925,370,5200,N,31.6666666666667,0,77
5267,20,1.530972,368,4967,N,33.3333333333333,0,77
4973,21,1.51849125,365,5267,N,35,0,77
5427,22,1.53513225,369,4973,N,36.6666666666667,0,77
5029,23,1.580895,380,5427,N,38.3333333333333,0,77
6495,24,1.64329875,395,5029,N,40,0,77
6040,25,1.70986275,411,6495,N,41.6666666666667,0,77
5670,26,1.66826025,401,6040,N,43.3333333333333,0,77
6176,27,1.66826025,401,5670,N,45,0,77
6241,28,1.70986275,411,6176,N,46.6666666666667,0,77
6257,29,1.8221895,438,6241,N,48.3333333333333,0,77
6167,30,1.78474725,429,6257,N,50,0,77
6652,31,1.80970875,435,6167,N,51.6666666666667,0,77
7801,32,1.90123425,457,6652,N,53.3333333333333,0,77
7520,33,1.90955475,459,7801,N,55,0,77
6818,34,1.93451625,465,7520,N,56.6666666666667,0,77
7488,35,1.9885995,478,6818,N,58.3333333333333,0,77
7646,36,2.080125,500,7488,N,60,0,77
7283,37,2.20909275,531,7646,N,61.6666666666667,0,77
7449,38,2.3713425,570,7283,N,63.3333333333333,0,77
7987,39,2.35054125,565,7449,N,65,0,77
8161,40,2.3547015,566,7987,N,66.6666666666667,0,77
8694,41,2.40046425,577,8161,N,68.3333333333333,0,77
9280,42,2.512791,604,8694,N,70,0,77
8635,43,2.60015625,625,9280,N,71.6666666666667,0,77
8392,44,3.03282225,729,8635,N,73.3333333333333,0,77
9100,45,3.178431,764,8392,N,75,0,77
8943,46,2.74992525,661,9100,N,76.6666666666667,0,77
9472,47,1.530972,368,8943,Y,78.3333333333333,1,77
10602,48,1.6641,400,9472,N,80,1,77
9931,49,1.6224975,390,10602,N,81.6666666666667,1,77
10894,50,1.7057025,410,9931,N,83.3333333333333,1,77
10011,51,1.6724205,402,10894,N,85,1,77
10292,52,2.046843,492,10011,N,86.6666666666667,1,77
10659,53,2.246535,540,10292,N,88.3333333333333,1,77
9866,54,2.279817,548,10659,N,90,1,77
11917,55,2.36718225,569,9866,N,91.6666666666667,1,77
12175,56,2.3047785,554,11917,N,93.3333333333333,1,77
12185,57,2.45038725,589,12175,N,95,1,77
12620,58,2.4212655,582,12185,N,96.6666666666667,1,77
12067,59,2.35886175,567,12620,N,98.3333333333333,1,77
11905,60,2.1217275,510,12067,N,100,1,77
12069,61,2.7041625,650,11905,N,101.666666666667,1,77
12582,62,1.4394465,346,12069,Y,103.333333333333,2,77
13981,63,1.37704275,331,12582,N,105,2,77
2222,0,0.71972325,173,NA,N,0,0,78
2248,1,0.76964625,185,2222,N,1.66666666666667,0,78
2250,2,0.71972325,173,2248,N,3.33333333333333,0,78
2312,3,0.7738065,186,2250,N,5,0,78
2214,4,0.682281,164,2312,N,6.66666666666667,0,78
2387,5,0.7072425,170,2214,N,8.33333333333333,0,78
2016,6,0.6906015,166,2387,N,10,0,78
2219,7,0.682281,164,2016,N,11.6666666666667,0,78
3343,8,0.67812075,163,2219,N,13.3333333333333,0,78
3517,9,0.6739605,162,3343,N,15,0,78
3252,10,0.76132575,183,3517,N,16.6666666666667,0,78
3389,11,0.67812075,163,3252,N,18.3333333333333,0,78
3739,12,0.6906015,166,3389,N,20,0,78
3216,13,0.715563,172,3739,N,21.6666666666667,0,78
3149,14,0.74468475,179,3216,N,23.3333333333333,0,78
3530,15,0.748845,180,3149,N,25,0,78
4367,16,0.71972325,173,3530,N,26.6666666666667,0,78
4420,17,0.66980025,161,4367,N,28.3333333333333,0,78
4486,18,0.69476175,167,4420,N,30,0,78
4356,19,0.70308225,169,4486,N,31.6666666666667,0,78
4667,20,0.71972325,173,4356,N,33.3333333333333,0,78
4461,21,0.66980025,161,4667,N,35,0,78
5321,22,0.6739605,162,4461,N,36.6666666666667,0,78
4438,23,0.66564,160,5321,N,38.3333333333333,0,78
5556,24,0.66980025,161,4438,N,40,0,78
5509,25,0.5075505,122,5556,N,41.6666666666667,0,78
5568,26,0.51171075,123,5509,N,43.3333333333333,0,78
5741,27,0.63651825,153,5568,N,45,0,78
5782,28,0.6073965,146,5741,N,46.6666666666667,0,78
5761,29,0.6406785,154,5782,N,48.3333333333333,0,78
5549,30,0.632358,152,5761,N,50,0,78
6559,31,0.648999,156,5549,N,51.6666666666667,0,78
7388,32,0.4909095,118,6559,N,53.3333333333333,0,78
6998,33,0.4742685,114,7388,N,55,0,78
7003,36,0.52835175,127,6998,N,60,0,78
6860,37,0.44514675,107,7003,N,61.6666666666667,0,78
8061,40,0.58659525,141,6860,N,66.6666666666667,0,78
8444,41,0.6073965,146,8061,N,68.3333333333333,0,78
9179,42,0.65315925,157,8444,N,70,0,78
8345,43,0.66980025,161,9179,N,71.6666666666667,0,78
8240,44,0.61155675,147,8345,N,73.3333333333333,0,78
8906,45,0.64483875,155,8240,N,75,0,78
8674,46,0.648999,156,8906,N,76.6666666666667,0,78
9356,47,0.61155675,147,8674,N,78.3333333333333,0,78
10388,48,0.59491575,143,9356,N,80,0,78
9555,49,0.6739605,162,10388,N,81.6666666666667,0,78
10754,50,0.66147975,159,9555,N,83.3333333333333,0,78
9704,51,0.715563,172,10754,N,85,0,78
10164,52,0.715563,172,9704,N,86.6666666666667,0,78
10403,53,0.7405245,178,10164,N,88.3333333333333,0,78
9604,54,0.70308225,169,10403,N,90,0,78
11131,55,0.7405245,178,9604,N,91.6666666666667,0,78
11289,56,0.765486,184,11131,N,93.3333333333333,0,78
11193,57,0.69476175,167,11289,N,95,0,78
11773,58,0.632358,152,11193,N,96.6666666666667,0,78
11076,62,0.698922,168,11773,N,103.333333333333,0,78
13503,63,0.6573195,158,11076,N,105,0,78
13151,64,0.71140275,171,13503,N,106.666666666667,0,78
12974,65,0.549153,132,13151,N,108.333333333333,0,78
12763,66,0.5408325,130,12974,N,110,0,78
13969,67,0.632358,152,12763,N,111.666666666667,0,78
13982,68,0.565794,136,13969,N,113.333333333333,0,78
13158,69,0.68644125,165,13982,N,115,0,78
12882,70,0.6406785,154,13158,N,116.666666666667,0,78
2866,0,0.93605625,225,NA,N,0,0,79
2766,1,0.96101775,231,2866,N,1.66666666666667,0,79
2677,2,1.07750475,259,2766,N,3.33333333333333,0,79
2902,3,1.06918425,257,2677,N,5,0,79
3069,4,1.03590225,249,2902,N,6.66666666666667,0,79
2771,5,1.1232675,270,3069,N,8.33333333333333,0,79
2104,6,1.1565495,278,2771,N,10,0,79
2874,7,1.15238925,277,2104,N,11.6666666666667,0,79
3840,8,1.19399175,287,2874,N,13.3333333333333,0,79
4061,9,1.1731905,282,3840,N,15,0,79
4155,10,1.21063275,291,4061,N,16.6666666666667,0,79
3929,11,1.21895325,293,4155,N,18.3333333333333,0,79
4240,12,1.25223525,301,3929,N,20,0,79
3644,13,1.23559425,297,4240,N,21.6666666666667,0,79
3404,14,1.24391475,299,3644,N,23.3333333333333,0,79
4228,15,1.33544025,321,3404,N,25,0,79
4980,16,1.35208125,325,4228,N,26.6666666666667,0,79
4855,17,1.38536325,333,4980,N,28.3333333333333,0,79
5202,18,1.40200425,337,4855,N,30,0,79
4977,19,1.41864525,341,5202,N,31.6666666666667,0,79
5269,20,1.39368375,335,4977,N,33.3333333333333,0,79
5011,21,1.4394465,346,5269,N,35,0,79
5430,22,1.481049,356,5011,N,36.6666666666667,0,79
5053,23,1.5060105,362,5430,N,38.3333333333333,0,79
6498,24,1.56009375,375,5053,N,40,0,79
6058,25,1.74314475,419,6498,N,41.6666666666667,0,79
5674,26,1.8055485,434,6058,N,43.3333333333333,0,79
6196,27,1.77642675,427,5674,N,45,0,79
6259,28,2.0052405,482,6196,N,46.6666666666667,0,79
6272,29,2.15084925,517,6259,N,48.3333333333333,0,79
6184,30,2.20077225,529,6272,N,50,0,79
6655,31,2.2215735,534,6184,N,51.6666666666667,0,79
7804,32,2.27565675,547,6655,N,53.3333333333333,0,79
7531,33,2.32974,560,7804,N,55,0,79
6822,34,1.04422275,251,7531,Y,56.6666666666667,1,79
7497,35,0.9235755,222,6822,N,58.3333333333333,1,79
7648,36,1.2397545,298,7497,N,60,1,79
7292,37,1.148229,276,7648,N,61.6666666666667,1,79
7492,38,1.4061645,338,7292,N,63.3333333333333,1,79
7990,39,1.297998,312,7492,N,65,1,79
8165,40,1.46024775,351,7990,N,66.6666666666667,1,79
8706,41,1.41864525,341,8165,N,68.3333333333333,1,79
9283,42,1.49352975,359,8706,N,70,1,79
8642,43,1.51849125,365,9283,N,71.6666666666667,1,79
8399,44,1.56841425,377,8642,N,73.3333333333333,1,79
9103,45,1.614177,388,8399,N,75,1,79
8949,46,1.69322175,407,9103,N,76.6666666666667,1,79
9475,47,1.85963175,447,8949,N,78.3333333333333,1,79
10608,48,1.85963175,447,9475,N,80,1,79
9943,49,1.82634975,439,10608,N,81.6666666666667,1,79
10900,50,1.7389845,418,9943,N,83.3333333333333,1,79
10018,51,1.8055485,434,10900,N,85,1,79
10295,52,2.17581075,523,10018,N,86.6666666666667,1,79
10662,53,1.89291375,455,10295,N,88.3333333333333,1,79
9708,54,1.031742,248,10662,Y,90,2,79
11492,55,1.10246625,265,9708,N,91.6666666666667,2,79
11698,56,0.99846,240,11492,N,93.3333333333333,2,79
2527,0,1.08582525,261,NA,N,0,0,80
2517,1,1.17735075,283,2527,N,1.66666666666667,0,80
2546,2,1.231434,296,2517,N,3.33333333333333,0,80
2593,3,1.381203,332,2546,N,5,0,80
2776,4,1.34376075,323,2593,N,6.66666666666667,0,80
2525,5,1.42696575,343,2776,N,8.33333333333333,0,80
2061,6,1.46024775,351,2525,N,10,0,80
2507,7,1.51017075,363,2061,N,11.6666666666667,0,80
3597,8,1.4560875,350,2507,N,13.3333333333333,0,80
3817,9,1.4893695,358,3597,N,15,0,80
3967,10,1.61001675,387,3817,N,16.6666666666667,0,80
3666,11,1.61001675,387,3967,N,18.3333333333333,0,80
4078,12,1.647459,396,3666,N,20,0,80
3393,13,1.52681175,367,4078,N,21.6666666666667,0,80
3239,14,1.614177,388,3393,N,23.3333333333333,0,80
3908,15,1.597536,384,3239,N,25,0,80
4755,16,1.680741,404,3908,N,26.6666666666667,0,80
4622,17,1.680741,404,4755,N,28.3333333333333,0,80
5147,18,1.72650375,415,4622,N,30,0,80
4752,19,1.763946,424,5147,N,31.6666666666667,0,80
5099,20,1.83051,440,4752,N,33.3333333333333,0,80
4757,21,1.95947775,471,5099,N,35,0,80
5386,22,2.080125,500,4757,N,36.6666666666667,0,80
4820,23,2.246535,540,5386,N,38.3333333333333,0,80
6426,24,2.5876755,622,4820,N,40,0,80
5862,25,1.16070975,279,6426,Y,41.6666666666667,1,80
5636,26,1.281357,308,5862,N,43.3333333333333,1,80
5998,27,1.26055575,303,5636,N,45,1,80
6036,28,1.364562,328,5998,N,46.6666666666667,1,80
2228,0,0.80292825,193,NA,N,0,0,81
2266,1,0.7072425,170,2228,N,1.66666666666667,0,81
2253,2,0.75300525,181,2266,N,3.33333333333333,0,81
2316,3,0.7405245,178,2253,N,5,0,81
2224,4,0.8403705,202,2316,N,6.66666666666667,0,81
2398,5,0.7904475,190,2224,N,8.33333333333333,0,81
2019,6,0.88613325,213,2398,N,10,0,81
2233,7,0.931896,224,2019,N,11.6666666666667,0,81
3351,8,0.948537,228,2233,N,13.3333333333333,0,81
3529,9,0.965178,232,3351,N,15,0,81
3258,10,0.981819,236,3529,N,16.6666666666667,0,81
3403,11,1.0067805,242,3258,N,18.3333333333333,0,81
3774,12,1.0400625,250,3403,N,20,0,81
3221,13,1.131588,272,3774,N,21.6666666666667,0,81
3151,14,1.131588,272,3221,N,23.3333333333333,0,81
3545,15,1.20231225,289,3151,N,25,0,81
4378,16,1.27719675,307,3545,N,26.6666666666667,0,81
4422,17,1.281357,308,4378,N,28.3333333333333,0,81
4499,18,1.29383775,311,4422,N,30,0,81
4358,19,1.39368375,335,4499,N,31.6666666666667,0,81
4671,20,1.28551725,309,4358,N,33.3333333333333,0,81
4467,21,1.264716,304,4671,N,35,0,81
5322,22,1.3562415,326,4467,N,36.6666666666667,0,81
4441,23,1.34376075,323,5322,N,38.3333333333333,0,81
5557,24,1.447767,348,4441,N,40,0,81
5510,25,1.481049,356,5557,N,41.6666666666667,0,81
5569,26,1.3895235,334,5510,N,43.3333333333333,0,81
5746,27,1.4560875,350,5569,N,45,0,81
5792,28,1.55177325,373,5746,N,46.6666666666667,0,81
5778,29,1.6058565,386,5792,N,48.3333333333333,0,81
5553,30,1.597536,384,5778,N,50,0,81
6561,31,1.78474725,429,5553,N,51.6666666666667,0,81
7690,32,1.95947775,471,6561,N,53.3333333333333,0,81
7011,33,2.063484,496,7690,N,55,0,81
6723,34,2.2714965,546,7011,N,56.6666666666667,0,81
6945,35,2.19245175,527,6723,N,58.3333333333333,0,81
7015,36,1.22727375,295,6945,Y,60,1,81
2232,0,0.79460775,191,NA,N,0,0,82
2270,1,0.798768,192,2232,N,1.66666666666667,0,82
2263,2,0.86949225,209,2270,N,3.33333333333333,0,82
2357,3,0.9069345,218,2263,N,5,0,82
2227,4,0.9402165,226,2357,N,6.66666666666667,0,82
2399,5,0.99429975,239,2227,N,8.33333333333333,0,82
2020,6,1.0400625,250,2399,N,10,0,82
2241,7,1.0899855,262,2020,N,11.6666666666667,0,82
3360,8,1.08582525,261,2241,N,13.3333333333333,0,82
3541,9,1.09414575,263,3360,N,15,0,82
3265,10,1.114947,268,3541,N,16.6666666666667,0,82
3413,11,1.114947,268,3265,N,18.3333333333333,0,82
3789,12,1.16070975,279,3413,N,20,0,82
3229,13,1.1565495,278,3789,N,21.6666666666667,0,82
3153,14,1.18567125,285,3229,N,23.3333333333333,0,82
3564,15,1.2231135,294,3153,N,25,0,82
4412,16,1.24391475,299,3564,N,26.6666666666667,0,82
4425,17,1.32711975,319,4412,N,28.3333333333333,0,82
4511,18,1.41032475,339,4425,N,30,0,82
4368,19,1.3895235,334,4511,N,31.6666666666667,0,82
4685,20,1.51849125,365,4368,N,33.3333333333333,0,82
4479,21,1.530972,368,4685,N,35,0,82
5325,22,1.4394465,346,4479,N,36.6666666666667,0,82
4456,23,1.39368375,335,5325,N,38.3333333333333,0,82
5563,24,1.5226515,366,4456,N,40,0,82
5513,25,1.58505525,381,5563,N,41.6666666666667,0,82
5585,26,1.580895,380,5513,N,43.3333333333333,0,82
5764,27,1.54345275,371,5585,N,45,0,82
5806,28,1.57673475,379,5764,N,46.6666666666667,0,82
5794,29,1.58505525,381,5806,N,48.3333333333333,0,82
5560,30,1.65993975,399,5794,N,50,0,82
6564,31,1.73482425,417,5560,N,51.6666666666667,0,82
7693,32,1.797228,432,6564,N,53.3333333333333,0,82
7033,33,1.83051,440,7693,N,55,0,82
6726,34,2.0052405,482,7033,N,56.6666666666667,0,82
6960,35,2.213253,532,6726,N,58.3333333333333,0,82
7057,36,2.3047785,554,6960,N,60,0,82
6871,37,2.42542575,583,7057,N,61.6666666666667,0,82
7047,38,2.89969425,697,6871,N,63.3333333333333,0,82
7892,39,2.5876755,622,7047,N,65,0,82
8066,40,1.264716,304,7892,Y,66.6666666666667,1,82
8456,41,1.314639,316,8066,N,68.3333333333333,1,82
9183,42,1.37704275,331,8456,N,70,1,82
8353,43,1.614177,388,9183,N,71.6666666666667,1,82
2876,0,1.3396005,322,NA,N,0,0,83
2785,1,1.2397545,298,2876,N,1.66666666666667,0,83
2679,2,1.07750475,259,2785,N,3.33333333333333,0,83
2937,3,1.37704275,331,2679,N,5,0,83
3073,4,1.23559425,297,2937,N,6.66666666666667,0,83
2781,5,1.49769,360,3073,N,8.33333333333333,0,83
2106,6,1.42696575,343,2781,N,10,0,83
2877,7,1.3063185,314,2106,N,11.6666666666667,0,83
3854,8,1.4560875,350,2877,N,13.3333333333333,0,83
4071,9,1.56009375,375,3854,N,15,0,83
2236,0,0.815409,196,NA,N,0,0,84
2278,1,0.84453075,203,2236,N,1.66666666666667,0,84
2267,2,0.87781275,211,2278,N,3.33333333333333,0,84
2371,3,0.8570115,206,2267,N,5,0,84
2231,4,0.8736525,210,2371,N,6.66666666666667,0,84
2403,5,0.76132575,183,2231,N,8.33333333333333,0,84
2022,6,0.78628725,189,2403,N,10,0,84
2246,7,0.76132575,183,2022,N,11.6666666666667,0,84
3367,8,0.765486,184,2246,N,13.3333333333333,0,84
3548,9,0.75300525,181,3367,N,15,0,84
3269,10,0.83621025,201,3548,N,16.6666666666667,0,84
3423,11,0.82788975,199,3269,N,18.3333333333333,0,84
3800,12,0.7738065,186,3423,N,20,0,84
3234,13,0.782127,188,3800,N,21.6666666666667,0,84
3155,14,0.81956925,197,3234,N,23.3333333333333,0,84
3613,15,0.8070885,194,3155,N,25,0,84
4433,16,0.78628725,189,3613,N,26.6666666666667,0,84
4427,17,0.81956925,197,4433,N,28.3333333333333,0,84
4517,18,0.7072425,170,4427,N,30,0,84
4372,19,0.69476175,167,4517,N,31.6666666666667,0,84
5328,22,0.898614,216,4372,N,36.6666666666667,0,84
4470,23,0.8570115,206,5328,N,38.3333333333333,0,84
2878,0,1.0067805,242,NA,N,0,0,85
2790,1,0.99429975,239,2878,N,1.66666666666667,0,85
2680,2,0.981819,236,2790,N,3.33333333333333,0,85
2939,3,0.99846,240,2680,N,5,0,85
3075,4,1.1066265,266,2939,N,6.66666666666667,0,85
2787,5,1.06086375,255,3075,N,8.33333333333333,0,85
2107,6,1.17735075,283,2787,N,10,0,85
2879,7,1.198152,288,2107,N,11.6666666666667,0,85
3861,8,1.16487,280,2879,N,13.3333333333333,0,85
4076,9,1.3229595,318,3861,N,15,0,85
4159,10,1.347921,324,4076,N,16.6666666666667,0,85
3941,11,1.3895235,334,4159,N,18.3333333333333,0,85
4244,12,1.39368375,335,3941,N,20,0,85
3657,13,1.42696575,343,4244,N,21.6666666666667,0,85
3412,14,1.431126,344,3657,N,23.3333333333333,0,85
4232,15,1.41032475,339,3412,N,25,0,85
4988,16,1.447767,348,4232,N,26.6666666666667,0,85
4865,17,1.46856825,353,4988,N,28.3333333333333,0,85
5204,18,1.41032475,339,4865,N,30,0,85
4985,19,1.51017075,363,5204,N,31.6666666666667,0,85
5271,20,1.49769,360,4985,N,33.3333333333333,0,85
5026,21,1.60169625,385,5271,N,35,0,85
5433,22,1.57673475,379,5026,N,36.6666666666667,0,85
5078,23,1.5060105,362,5433,N,38.3333333333333,0,85
6501,24,1.58505525,381,5078,N,40,0,85
6073,25,1.60169625,385,6501,N,41.6666666666667,0,85
5677,26,1.6724205,402,6073,N,43.3333333333333,0,85
6212,27,1.6557795,398,5677,N,45,0,85
6271,28,1.62665775,391,6212,N,46.6666666666667,0,85
6285,29,1.6724205,402,6271,N,48.3333333333333,0,85
6200,30,1.70986275,411,6285,N,50,0,85
6658,31,1.730664,416,6200,N,51.6666666666667,0,85
7807,32,1.8554715,446,6658,N,53.3333333333333,0,85
6826,34,2.080125,500,7807,N,56.6666666666667,0,85
7508,35,1.80138825,433,6826,N,58.3333333333333,0,85
7655,36,2.113407,508,7508,N,60,0,85
7305,37,2.00940075,483,7655,N,61.6666666666667,0,85
7502,38,1.9220355,462,7305,N,63.3333333333333,0,85
8168,40,1.85963175,447,7502,N,66.6666666666667,0,85
2880,0,0.8902935,214,NA,N,0,0,86
2798,1,0.94437675,227,2880,N,1.66666666666667,0,86
2683,2,1.0067805,242,2798,N,3.33333333333333,0,86
2945,3,1.0400625,250,2683,N,5,0,86
3079,4,1.11078675,267,2945,N,6.66666666666667,0,86
2806,5,0.948537,228,3079,N,8.33333333333333,0,86
2110,6,1.1066265,266,2806,N,10,0,86
2882,0,1.3728825,330,NA,N,0,0,87
2800,1,1.3562415,326,2882,N,1.66666666666667,0,87
2687,2,1.3895235,334,2800,N,3.33333333333333,0,87
2949,3,1.431126,344,2687,N,5,0,87
3082,4,1.431126,344,2949,N,6.66666666666667,0,87
2813,5,1.7057025,410,3082,N,8.33333333333333,0,87
2111,6,1.630818,392,2813,N,10,0,87
2887,7,1.65993975,399,2111,N,11.6666666666667,0,87
3875,8,1.7389845,418,2887,N,13.3333333333333,0,87
4091,9,1.75978575,423,3875,N,15,0,87
4166,10,1.72650375,415,4091,N,16.6666666666667,0,87
3959,11,1.680741,404,4166,N,18.3333333333333,0,87
4250,12,1.564254,376,3959,N,20,0,87
3675,13,1.763946,424,4250,N,21.6666666666667,0,87
3433,14,1.77642675,427,3675,N,23.3333333333333,0,87
4237,15,1.71818325,413,3433,N,25,0,87
4995,16,1.79306775,431,4237,N,26.6666666666667,0,87
4875,17,1.79306775,431,4995,N,28.3333333333333,0,87
5206,18,2.030202,488,4875,N,30,0,87
4993,19,2.1383685,514,5206,N,31.6666666666667,0,87
5273,20,2.046843,492,4993,N,33.3333333333333,0,87
5036,21,2.1217275,510,5273,N,35,0,87
5436,22,0.99429975,239,5036,Y,36.6666666666667,1,87
5086,23,1.081665,260,5436,N,38.3333333333333,1,87
6503,24,1.18567125,285,5086,N,40,1,87
2256,0,1.148229,276,NA,N,0,0,88
2290,1,1.2397545,298,2256,N,1.66666666666667,0,88
2276,2,1.26055575,303,2290,N,3.33333333333333,0,88
2391,3,1.25223525,301,2276,N,5,0,88
2242,4,1.1898315,286,2391,N,6.66666666666667,0,88
2407,5,1.21063275,291,2242,N,8.33333333333333,0,88
2024,6,1.31879925,317,2407,N,10,0,88
2260,7,1.31047875,315,2024,N,11.6666666666667,0,88
3375,8,1.21895325,293,2260,N,13.3333333333333,0,88
3560,9,1.31047875,315,3375,N,15,0,88
3275,10,1.30215825,313,3560,N,16.6666666666667,0,88
3437,11,1.431126,344,3275,N,18.3333333333333,0,88
3814,12,1.630818,392,3437,N,20,0,88
3240,13,1.63497825,393,3814,N,21.6666666666667,0,88
3158,14,1.56841425,377,3240,N,23.3333333333333,0,88
3625,15,1.65993975,399,3158,N,25,0,88
4439,16,2.01772125,485,3625,N,26.6666666666667,0,88
4440,17,1.94283675,467,4439,N,28.3333333333333,0,88
4528,18,2.2382145,538,4440,N,30,0,88
4375,19,2.16749025,521,4528,N,31.6666666666667,0,88
5279,20,1.015101,244,4375,Y,33.3333333333333,1,88
2884,0,0.86949225,209,NA,N,0,0,89
2804,1,0.91109475,219,2884,N,1.66666666666667,0,89
2690,2,0.89445375,215,2804,N,3.33333333333333,0,89
2952,3,0.96101775,231,2690,N,5,0,89
3084,4,1.0067805,242,2952,N,6.66666666666667,0,89
2816,5,1.07750475,259,3084,N,8.33333333333333,0,89
2112,6,1.0899855,262,2816,N,10,0,89
2890,7,1.098306,264,2112,N,11.6666666666667,0,89
3880,8,1.131588,272,2890,N,13.3333333333333,0,89
4095,9,1.048383,252,3880,N,15,0,89
4168,10,1.198152,288,4095,N,16.6666666666667,0,89
3966,11,1.1731905,282,4168,N,18.3333333333333,0,89
4251,12,1.25223525,301,3966,N,20,0,89
3681,13,1.36040175,327,4251,N,21.6666666666667,0,89
3439,14,1.31879925,317,3681,N,23.3333333333333,0,89
4239,15,1.26887625,305,3439,N,25,0,89
4998,16,1.16903025,281,4239,N,26.6666666666667,0,89
4880,17,1.297998,312,4998,N,28.3333333333333,0,89
5207,18,1.33128,320,4880,N,30,0,89
4999,19,1.18567125,285,5207,N,31.6666666666667,0,89
5274,20,1.2896775,310,4999,N,33.3333333333333,0,89
5040,21,1.4228055,342,5274,N,35,0,89
5437,22,1.44360675,347,5040,N,36.6666666666667,0,89
5097,23,2.07596475,499,5437,N,38.3333333333333,0,89
6505,24,2.20909275,531,5097,N,40,0,89
6094,25,2.0052405,482,6505,N,41.6666666666667,0,89
5681,26,2.40046425,577,6094,N,43.3333333333333,0,89
6227,27,1.131588,272,5681,Y,45,1,89
6324,28,1.381203,332,6227,N,46.6666666666667,1,89
2259,0,0.77796675,187,NA,N,0,0,90
2294,1,0.8237295,198,2259,N,1.66666666666667,0,90
2280,2,0.82788975,199,2294,N,3.33333333333333,0,90
2404,3,0.87781275,211,2280,N,5,0,90
2254,4,0.89445375,215,2404,N,6.66666666666667,0,90
2409,5,0.898614,216,2254,N,8.33333333333333,0,90
2025,6,1.0400625,250,2409,N,10,0,90
2265,7,1.048383,252,2025,N,11.6666666666667,0,90
3379,8,1.05254325,253,2265,N,13.3333333333333,0,90
3565,9,1.0567035,254,3379,N,15,0,90
3278,10,1.031742,248,3565,N,16.6666666666667,0,90
3443,11,1.098306,264,3278,N,18.3333333333333,0,90
3820,12,1.181511,284,3443,N,20,0,90
3244,13,1.1399085,274,3820,N,21.6666666666667,0,90
3159,14,1.198152,288,3244,N,23.3333333333333,0,90
3629,15,1.231434,296,3159,N,25,0,90
4443,16,1.2563955,302,3629,N,26.6666666666667,0,90
4445,17,1.297998,312,4443,N,28.3333333333333,0,90
4533,18,1.36872225,329,4445,N,30,0,90
4376,19,1.36872225,329,4533,N,31.6666666666667,0,90
4699,20,1.3895235,334,4376,N,33.3333333333333,0,90
4493,21,1.41864525,341,4699,N,35,0,90
5330,22,1.43528625,345,4493,N,36.6666666666667,0,90
4480,23,1.4893695,358,5330,N,38.3333333333333,0,90
6308,24,1.481049,356,4480,N,40,0,90
5517,25,1.5725745,378,6308,N,41.6666666666667,0,90
5590,26,1.65993975,399,5517,N,43.3333333333333,0,90
5772,27,1.65161925,397,5590,N,45,0,90
5817,28,1.7889075,430,5772,N,46.6666666666667,0,90
5814,29,1.79306775,431,5817,N,48.3333333333333,0,90
5739,30,1.95115725,469,5814,N,50,0,90
6567,31,2.00108025,481,5739,N,51.6666666666667,0,90
7697,32,2.17581075,523,6567,N,53.3333333333333,0,90
7067,33,2.36718225,569,7697,N,55,0,90
6731,34,2.44206675,587,7067,N,56.6666666666667,0,90
6986,35,1.1565495,278,6731,Y,58.3333333333333,1,90
7080,36,0.9901395,238,6986,N,60,1,90
6888,37,1.0567035,254,7080,N,61.6666666666667,1,90
2261,0,0.582435,140,NA,N,0,0,91
2297,1,0.5907555,142,2261,N,1.66666666666667,0,91
2284,2,0.632358,152,2297,N,3.33333333333333,0,91
2406,3,0.56163375,135,2284,N,5,0,91
2307,4,0.59491575,143,2406,N,6.66666666666667,0,91
2411,5,0.6406785,154,2307,N,8.33333333333333,0,91
2026,6,0.6406785,154,2411,N,10,0,91
2269,7,0.66980025,161,2026,N,11.6666666666667,0,91
3382,8,0.6406785,154,2269,N,13.3333333333333,0,91
3569,9,0.599076,144,3382,N,15,0,91
3279,10,0.599076,144,3569,N,16.6666666666667,0,91
3446,11,0.62819775,151,3279,N,18.3333333333333,0,91
3825,12,0.67812075,163,3446,N,20,0,91
3246,13,0.70308225,169,3825,N,21.6666666666667,0,91
3160,14,0.682281,164,3246,N,23.3333333333333,0,91
3634,15,0.71140275,171,3160,N,25,0,91
4447,16,0.76132575,183,3634,N,26.6666666666667,0,91
4449,17,0.7238835,174,4447,N,28.3333333333333,0,91
4537,18,0.7405245,178,4449,N,30,0,91
4382,19,0.73636425,177,4537,N,31.6666666666667,0,91
4703,20,0.682281,164,4382,N,33.3333333333333,0,91
4497,21,0.6906015,166,4703,N,35,0,91
5331,22,0.782127,188,4497,N,36.6666666666667,0,91
4485,23,0.782127,188,5331,N,38.3333333333333,0,91
6309,24,0.682281,164,4485,N,40,0,91
5818,29,0.53667225,129,6309,N,48.3333333333333,0,91
5743,30,0.5907555,142,5818,N,50,0,91
6568,31,0.62819775,151,5743,N,51.6666666666667,0,91
7672,36,0.416025,100,6568,N,60,0,91
8393,41,0.49506975,119,7672,N,68.3333333333333,0,91
9162,42,0.63651825,153,8393,N,70,0,91
8312,43,0.6739605,162,9162,N,71.6666666666667,0,91
8225,44,0.52003125,125,8312,N,73.3333333333333,0,91
8871,45,0.64483875,155,8225,N,75,0,91
8629,46,0.65315925,157,8871,N,76.6666666666667,0,91
9340,47,0.565794,136,8629,N,78.3333333333333,0,91
10355,48,0.5741145,138,9340,N,80,0,91
9538,49,0.5907555,142,10355,N,81.6666666666667,0,91
10718,50,0.64483875,155,9538,N,83.3333333333333,0,91
9666,51,0.66564,160,10718,N,85,0,91
10147,52,0.715563,172,9666,N,86.6666666666667,0,91
10361,53,0.6906015,166,10147,N,88.3333333333333,0,91
9584,54,0.73636425,177,10361,N,90,0,91
10961,55,0.71972325,173,9584,N,91.6666666666667,0,91
11164,56,0.782127,188,10961,N,93.3333333333333,0,91
11088,57,0.67812075,163,11164,N,95,0,91
11681,58,0.4243455,102,11088,N,96.6666666666667,0,91
11374,62,0.77796675,187,11681,N,103.333333333333,0,91
13650,63,0.79460775,191,11374,N,105,0,91
13243,64,0.80292825,193,13650,N,106.666666666667,0,91
13281,65,0.59491575,143,13243,N,108.333333333333,0,91
14569,67,0.5741145,138,13281,N,111.666666666667,0,91
14549,68,0.63651825,153,14569,N,113.333333333333,0,91
13667,69,0.65315925,157,14549,N,115,0,91
14460,70,0.599076,144,13667,N,116.666666666667,0,91
2888,0,1.74314475,419,NA,N,0,0,92
2808,1,0.83621025,201,2888,Y,1.66666666666667,1,92
2692,2,0.7904475,190,2808,N,3.33333333333333,1,92
2955,3,0.8237295,198,2692,N,5,1,92
3085,4,0.8237295,198,2955,N,6.66666666666667,1,92
2822,5,1.04422275,251,3085,N,8.33333333333333,1,92
2113,6,0.9069345,218,2822,N,10,1,92
2894,7,0.9901395,238,2113,N,11.6666666666667,1,92
3885,8,0.99846,240,2894,N,13.3333333333333,1,92
4100,9,0.91941525,221,3885,N,15,1,92
4170,10,1.04422275,251,4100,N,16.6666666666667,1,92
3971,11,1.00262025,241,4170,N,18.3333333333333,1,92
4252,12,1.048383,252,3971,N,20,1,92
3686,13,1.14406875,275,4252,N,21.6666666666667,1,92
3143,14,1.11910725,269,3686,N,23.3333333333333,1,92
3493,15,1.114947,268,3143,N,25,1,92
4352,16,1.3229595,318,3493,N,26.6666666666667,1,92
4884,17,1.2896775,310,4352,N,28.3333333333333,1,92
5208,18,1.2231135,294,4884,N,30,1,92
5005,19,1.248075,300,5208,N,31.6666666666667,1,92
5275,20,1.347921,324,5005,N,33.3333333333333,1,92
5438,22,1.56009375,375,5275,N,36.6666666666667,1,92
5101,23,1.5559335,374,5438,N,38.3333333333333,1,92
6506,24,1.67658075,403,5101,N,40,1,92
6099,25,1.81802925,437,6506,N,41.6666666666667,1,92
5682,26,2.04268275,491,6099,N,43.3333333333333,1,92
6239,27,1.9885995,478,5682,N,45,1,92
6328,28,2.14252875,515,6239,N,46.6666666666667,1,92
6295,29,2.313099,556,6328,N,48.3333333333333,1,92
6236,30,2.695842,648,6295,N,50,1,92
6664,31,2.4046245,578,6236,N,51.6666666666667,1,92
7812,32,1.248075,300,6664,Y,53.3333333333333,2,92
7585,33,1.2064725,290,7812,N,55,2,92
6836,34,1.0899855,262,7585,N,56.6666666666667,2,92
7565,35,1.1565495,278,6836,N,58.3333333333333,2,92
7679,36,1.381203,332,7565,N,60,2,92
7383,37,1.42696575,343,7679,N,61.6666666666667,2,92
7576,38,1.41032475,339,7383,N,63.3333333333333,2,92
8013,39,1.414485,340,7576,N,65,2,92
8188,40,1.54345275,371,8013,N,66.6666666666667,2,92
8766,41,1.54345275,371,8188,N,68.3333333333333,2,92
9306,42,1.630818,392,8766,N,70,2,92
2264,0,0.61155675,147,NA,N,0,0,93
2302,1,0.7072425,170,2264,N,1.66666666666667,0,93
2287,2,0.66147975,159,2302,N,3.33333333333333,0,93
2408,3,0.7405245,178,2287,N,5,0,93
2313,4,0.7571655,182,2408,N,6.66666666666667,0,93
2413,5,0.73636425,177,2313,N,8.33333333333333,0,93
2027,6,0.732204,176,2413,N,10,0,93
2273,7,0.7904475,190,2027,N,11.6666666666667,0,93
3386,8,0.85285125,205,2273,N,13.3333333333333,0,93
3574,9,0.86117175,207,3386,N,15,0,93
3283,10,0.86117175,207,3574,N,16.6666666666667,0,93
3452,11,0.91109475,219,3283,N,18.3333333333333,0,93
3831,12,0.8070885,194,3452,N,20,0,93
3249,13,0.898614,216,3831,N,21.6666666666667,0,93
3161,14,0.9402165,226,3249,N,23.3333333333333,0,93
3640,15,0.85285125,205,3161,N,25,0,93
4457,16,0.8902935,214,3640,N,26.6666666666667,0,93
4453,17,0.881973,212,4457,N,28.3333333333333,0,93
4542,18,0.898614,216,4453,N,30,0,93
4384,19,0.88613325,213,4542,N,31.6666666666667,0,93
4713,20,0.8902935,214,4384,N,33.3333333333333,0,93
4513,21,0.898614,216,4713,N,35,0,93
5347,22,0.915255,220,4513,N,36.6666666666667,0,93
4510,23,1.00262025,241,5347,N,38.3333333333333,0,93
6358,24,1.00262025,241,4510,N,40,0,93
5584,25,1.031742,248,6358,N,41.6666666666667,0,93
5597,26,1.098306,264,5584,N,43.3333333333333,0,93
5793,27,1.048383,252,5597,N,45,0,93
5832,28,1.08582525,261,5793,N,46.6666666666667,0,93
5838,29,1.02758175,247,5832,N,48.3333333333333,0,93
5763,30,1.02758175,247,5838,N,50,0,93
6571,31,0.9734985,234,5763,N,51.6666666666667,0,93
7701,32,1.01926125,245,6571,N,53.3333333333333,0,93
7093,33,1.00262025,241,7701,N,55,0,93
6737,34,1.00262025,241,7093,N,56.6666666666667,0,93
7025,35,1.0733445,258,6737,N,58.3333333333333,0,93
7106,36,1.00262025,241,7025,N,60,0,93
6902,37,1.0899855,262,7106,N,61.6666666666667,0,93
7099,38,1.131588,272,6902,N,63.3333333333333,0,93
7905,39,1.1565495,278,7099,N,65,0,93
8081,40,1.07750475,259,7905,N,66.6666666666667,0,93
8499,41,1.1565495,278,8081,N,68.3333333333333,0,93
9200,42,1.131588,272,8499,N,70,0,93
8388,43,1.07750475,259,9200,N,71.6666666666667,0,93
8260,44,1.181511,284,8388,N,73.3333333333333,0,93
8948,45,1.22727375,295,8260,N,75,0,93
8731,46,1.21895325,293,8948,N,76.6666666666667,0,93
9378,47,1.1399085,274,8731,N,78.3333333333333,0,93
10441,48,1.16487,280,9378,N,80,0,93
9673,49,1.1565495,278,10441,N,81.6666666666667,0,93
10800,50,1.12742775,271,9673,N,83.3333333333333,0,93
9771,51,1.06086375,255,10800,N,85,0,93
10187,52,1.0234215,246,9771,N,86.6666666666667,0,93
10436,53,1.0733445,258,10187,N,88.3333333333333,0,93
9626,54,1.01094075,243,10436,N,90,0,93
11266,55,0.94437675,227,9626,N,91.6666666666667,0,93
11473,56,0.981819,236,11266,N,93.3333333333333,0,93
11323,57,1.065024,256,11473,N,95,0,93
11931,58,1.1066265,266,11323,N,96.6666666666667,0,93
11269,59,1.081665,260,11931,N,98.3333333333333,0,93
11158,60,1.114947,268,11269,N,100,0,93
11359,61,1.114947,268,11158,N,101.666666666667,0,93
11301,62,1.01094075,243,11359,N,103.333333333333,0,93
13615,63,1.01926125,245,11301,N,105,0,93
13226,64,1.21063275,291,13615,N,106.666666666667,0,93
13038,65,1.30215825,313,13226,N,108.333333333333,0,93
12798,66,1.18567125,285,13038,N,110,0,93
14042,67,1.07750475,259,12798,N,111.666666666667,0,93
14056,68,1.1565495,278,14042,N,113.333333333333,0,93
13191,69,1.26055575,303,14056,N,115,0,93
12954,70,1.25223525,301,13191,N,116.666666666667,0,93
2891,0,0.981819,236,NA,N,0,0,94
2815,1,1.02758175,247,2891,N,1.66666666666667,0,94
2696,2,1.0567035,254,2815,N,3.33333333333333,0,94
2960,3,1.06918425,257,2696,N,5,0,94
3089,4,1.10246625,265,2960,N,6.66666666666667,0,94
2831,5,1.12742775,271,3089,N,8.33333333333333,0,94
2115,6,1.2064725,290,2831,N,10,0,94
2903,7,1.24391475,299,2115,N,11.6666666666667,0,94
3897,8,1.2896775,310,2903,N,13.3333333333333,0,94
4113,9,1.34376075,323,3897,N,15,0,94
4182,10,1.2064725,290,4113,N,16.6666666666667,0,94
3988,11,1.2730365,306,4182,N,18.3333333333333,0,94
4255,12,1.36872225,329,3988,N,20,0,94
3704,13,1.39368375,335,4255,N,21.6666666666667,0,94
3457,14,1.3728825,330,3704,N,23.3333333333333,0,94
4245,15,1.41864525,341,3457,N,25,0,94
5003,16,1.4061645,338,4245,N,26.6666666666667,0,94
4894,17,1.46024775,351,5003,N,28.3333333333333,0,94
5211,18,1.46856825,353,4894,N,30,0,94
5020,19,1.4727285,354,5211,N,31.6666666666667,0,94
5278,20,1.46024775,351,5020,N,33.3333333333333,0,94
5048,21,1.51017075,363,5278,N,35,0,94
5440,22,1.50185025,361,5048,N,36.6666666666667,0,94
5108,23,1.53513225,369,5440,N,38.3333333333333,0,94
6508,24,1.547613,372,5108,N,40,0,94
6109,25,1.56841425,377,6508,N,41.6666666666667,0,94
5684,26,1.6058565,386,6109,N,43.3333333333333,0,94
6247,27,1.60169625,385,5684,N,45,0,94
6332,28,1.7057025,410,6247,N,46.6666666666667,0,94
6300,29,1.70154225,409,6332,N,48.3333333333333,0,94
6249,30,1.73482425,417,6300,N,50,0,94
6666,31,1.78474725,429,6249,N,51.6666666666667,0,94
7816,32,1.880433,452,6666,N,53.3333333333333,0,94
7563,33,2.1050865,506,7816,N,55,0,94
6844,34,2.20909275,531,7563,N,56.6666666666667,0,94
7532,35,1.95947775,471,6844,N,58.3333333333333,0,94
7669,36,2.32974,560,7532,N,60,0,94
7333,37,2.50863075,603,7669,N,61.6666666666667,0,94
7525,38,2.69168175,647,7333,N,63.3333333333333,0,94
8000,39,2.7873675,670,7525,N,65,0,94
8176,40,1.2896775,310,8000,Y,66.6666666666667,1,94
8732,41,1.41864525,341,8176,N,68.3333333333333,1,94
9293,42,1.51849125,365,8732,N,70,1,94
8670,43,1.6058565,386,9293,N,71.6666666666667,1,94
8350,44,1.64329875,395,8670,N,73.3333333333333,1,94
9082,45,1.64329875,395,8350,N,75,1,94
8907,46,1.66826025,401,9082,N,76.6666666666667,1,94
9452,47,1.763946,424,8907,N,78.3333333333333,1,94
2861,0,0.81956925,197,NA,N,0,0,95
2760,1,0.80292825,193,2861,N,1.66666666666667,0,95
3068,4,0.82788975,199,2760,N,6.66666666666667,0,95
2770,5,1.21063275,291,3068,N,8.33333333333333,0,95
2103,6,1.314639,316,2770,N,10,0,95
2869,7,1.16070975,279,2103,N,11.6666666666667,0,95
3833,8,1.2563955,302,2869,N,13.3333333333333,0,95
4057,9,1.1898315,286,3833,N,15,0,95
4152,10,1.20231225,289,4057,N,16.6666666666667,0,95
3923,11,1.31047875,315,4152,N,18.3333333333333,0,95
4238,12,1.35208125,325,3923,N,20,0,95
3639,13,1.397844,336,4238,N,21.6666666666667,0,95
3396,14,1.50185025,361,3639,N,23.3333333333333,0,95
4140,15,1.414485,340,3396,N,25,0,95
4976,16,1.381203,332,4140,N,26.6666666666667,0,95
4850,17,1.61833725,389,4976,N,28.3333333333333,0,95
5201,18,1.730664,416,4850,N,30,0,95
4972,19,1.8554715,446,5201,N,31.6666666666667,0,95
5268,20,1.897074,456,4972,N,33.3333333333333,0,95
5006,21,1.930356,464,5268,N,35,0,95
5429,22,2.046843,492,5006,N,36.6666666666667,0,95
5047,23,1.9053945,458,5429,N,38.3333333333333,0,95
6497,24,2.02604175,487,5047,N,40,0,95
6053,25,2.39214375,575,6497,N,41.6666666666667,0,95
5673,26,1.26887625,305,6053,Y,43.3333333333333,1,95
6191,27,1.23559425,297,5673,N,45,1,95
6251,28,1.27719675,307,6191,N,46.6666666666667,1,95
6266,29,1.27719675,307,6251,N,48.3333333333333,1,95
6177,30,1.35208125,325,6266,N,50,1,95
6654,31,1.41032475,339,6177,N,51.6666666666667,1,95
7803,32,1.40200425,337,6654,N,53.3333333333333,1,95
7527,33,1.3895235,334,7803,N,55,1,95
6820,34,1.44360675,347,7527,N,56.6666666666667,1,95
7493,35,1.414485,340,6820,N,58.3333333333333,1,95
7647,36,1.58505525,381,7493,N,60,1,95
7289,37,1.63497825,393,7647,N,61.6666666666667,1,95
7489,38,1.68490125,405,7289,N,63.3333333333333,1,95
7989,39,1.7057025,410,7489,N,65,1,95
8164,40,1.75146525,421,7989,N,66.6666666666667,1,95
8703,41,1.8554715,446,8164,N,68.3333333333333,1,95
9282,42,1.76810625,425,8703,N,70,1,95
8639,43,1.79306775,431,9282,N,71.6666666666667,1,95
8397,44,1.99275975,479,8639,N,73.3333333333333,1,95
9102,45,1.95115725,469,8397,N,75,1,95
8946,46,1.980279,476,9102,N,76.6666666666667,1,95
9474,47,1.8554715,446,8946,N,78.3333333333333,1,95
10606,48,1.90955475,459,9474,N,80,1,95
9938,49,1.880433,452,10606,N,81.6666666666667,1,95
10898,50,1.946997,468,9938,N,83.3333333333333,1,95
10015,51,1.95947775,471,10898,N,85,1,95
10294,52,1.913715,460,10015,N,86.6666666666667,1,95
10660,53,1.8721125,450,10294,N,88.3333333333333,1,95
9868,54,1.797228,432,10660,N,90,1,95
11925,55,1.9220355,462,9868,N,91.6666666666667,1,95
12188,56,1.93451625,465,11925,N,93.3333333333333,1,95
12206,57,1.9053945,458,12188,N,95,1,95
12624,58,2.11756725,509,12206,N,96.6666666666667,1,95
12089,59,1.930356,464,12624,N,98.3333333333333,1,95
11935,60,1.9053945,458,12089,N,100,1,95
12098,61,1.9719585,474,11935,N,101.666666666667,1,95
12599,62,1.94283675,467,12098,N,103.333333333333,1,95
13995,63,1.9386765,466,12599,N,105,1,95
13740,64,1.91787525,461,13995,N,106.666666666667,1,95
14371,65,1.980279,476,13740,N,108.333333333333,1,95
13019,66,1.930356,464,14371,N,110,1,95
14750,67,1.90955475,459,13019,N,111.666666666667,1,95
14768,68,1.98443925,477,14750,N,113.333333333333,1,95
13873,69,2.046843,492,14768,N,115,1,95
14751,70,2.0052405,482,13873,N,116.666666666667,1,95
2701,0,0.931896,224,NA,N,0,0,96
2715,1,0.715563,172,2701,N,1.66666666666667,0,96
2144,4,0.8237295,198,2715,N,6.66666666666667,0,96
2148,5,0.84453075,203,2144,N,8.33333333333333,0,96
2002,6,0.84453075,203,2148,N,10,0,96
2172,7,0.90277425,217,2002,N,11.6666666666667,0,96
3300,8,0.98597925,237,2172,N,13.3333333333333,0,96
3429,9,0.99846,240,3300,N,15,0,96
3202,10,0.98597925,237,3429,N,16.6666666666667,0,96
3331,11,1.11910725,269,3202,N,18.3333333333333,0,96
3646,12,1.131588,272,3331,N,20,0,96
3181,13,1.04422275,251,3646,N,21.6666666666667,0,96
3134,14,1.20231225,289,3181,N,23.3333333333333,0,96
3434,15,1.2730365,306,3134,N,25,0,96
4313,16,1.18567125,285,3434,N,26.6666666666667,0,96
4314,17,1.29383775,311,4313,N,28.3333333333333,0,96
4381,18,1.38536325,333,4314,N,30,0,96
2288,0,1.80138825,433,NA,N,0,0,97
2335,1,1.50185025,361,2288,N,1.66666666666667,0,97
2311,2,1.88459325,453,2335,N,3.33333333333333,0,97
2420,3,0.86117175,207,2311,Y,5,1,97
2416,4,0.91109475,219,2420,N,6.66666666666667,1,97
2304,0,1.04422275,251,NA,N,0,0,98
2355,1,0.9901395,238,2304,N,1.66666666666667,0,98
2328,2,1.1066265,266,2355,N,3.33333333333333,0,98
2444,3,1.22727375,295,2328,N,5,0,98
2530,4,1.27719675,307,2444,N,6.66666666666667,0,98
2450,5,1.21895325,293,2530,N,8.33333333333333,0,98
2038,6,1.45192725,349,2450,N,10,0,98
2336,7,1.39368375,335,2038,N,11.6666666666667,0,98
3441,8,1.0899855,262,2336,N,13.3333333333333,0,98
3645,9,1.481049,356,3441,N,15,0,98
3794,10,1.59337575,383,3645,N,16.6666666666667,0,98
3524,11,1.530972,368,3794,N,18.3333333333333,0,98
3918,12,1.464408,352,3524,N,20,0,98
3298,13,1.597536,384,3918,N,21.6666666666667,0,98
3175,14,1.54345275,371,3298,N,23.3333333333333,0,98
3730,15,1.6890615,406,3175,N,25,0,98
4534,16,1.86795225,449,3730,N,26.6666666666667,0,98
4520,17,1.946997,468,4534,N,28.3333333333333,0,98
4602,18,1.980279,476,4520,N,30,0,98
4802,20,2.1716505,522,4602,N,33.3333333333333,0,98
4585,21,2.0718045,498,4802,N,35,0,98
5323,22,1.20231225,289,4585,Y,36.6666666666667,1,98
4444,23,1.065024,256,5323,N,38.3333333333333,1,98
5559,24,1.098306,264,4444,N,40,1,98
5511,25,1.214793,292,5559,N,41.6666666666667,1,98
5579,26,1.264716,304,5511,N,43.3333333333333,1,98
5754,27,1.4228055,342,5579,N,45,1,98
5797,28,1.41032475,339,5754,N,46.6666666666667,1,98
5783,29,1.49769,360,5797,N,48.3333333333333,1,98
5555,30,1.61001675,387,5783,N,50,1,98
6562,31,1.70154225,409,5555,N,51.6666666666667,1,98
7691,32,1.82634975,439,6562,N,53.3333333333333,1,98
7018,33,1.73482425,417,7691,N,55,1,98
6724,34,2.0218815,486,7018,N,56.6666666666667,1,98
6950,35,1.863792,448,6724,N,58.3333333333333,1,98
7034,36,1.07750475,259,6950,Y,60,2,98
6867,37,1.09414575,263,7034,N,61.6666666666667,2,98
7029,38,1.06918425,257,6867,N,63.3333333333333,2,98
7890,39,1.1066265,266,7029,N,65,2,98
8064,40,1.04422275,251,7890,N,66.6666666666667,2,98
8447,41,1.11910725,269,8064,N,68.3333333333333,2,98
9181,42,1.0733445,258,8447,N,70,2,98
8348,43,1.17735075,283,9181,N,71.6666666666667,2,98
8242,44,1.51849125,365,8348,N,73.3333333333333,2,98
8912,45,1.397844,336,8242,N,75,2,98
8685,46,1.51849125,365,8912,N,76.6666666666667,2,98
9360,47,1.547613,372,8685,N,78.3333333333333,2,98
10396,48,1.86795225,449,9360,N,80,2,98
9559,49,1.94283675,467,10396,N,81.6666666666667,2,98
10762,50,2.00108025,481,9559,N,83.3333333333333,2,98
9716,51,2.0385225,490,10762,N,85,2,98
10191,52,1.098306,264,9716,Y,86.6666666666667,3,98
10459,53,1.098306,264,10191,N,88.3333333333333,3,98
9630,54,1.381203,332,10459,N,90,3,98
11296,55,1.31047875,315,9630,N,91.6666666666667,3,98
11514,56,1.3396005,322,11296,N,93.3333333333333,3,98
2361,0,0.80292825,193,NA,N,0,0,99
2378,1,0.88613325,213,2361,N,1.66666666666667,0,99
2351,2,0.80292825,193,2378,N,3.33333333333333,0,99
2474,3,0.78628725,189,2351,N,5,0,99
2548,4,0.86949225,209,2474,N,6.66666666666667,0,99
2487,5,0.9734985,234,2548,N,8.33333333333333,0,99
2046,6,0.915255,220,2487,N,10,0,99
2424,7,0.99429975,239,2046,N,11.6666666666667,0,99
3498,8,0.96101775,231,2424,N,13.3333333333333,0,99
3694,9,1.0067805,242,3498,N,15,0,99
3852,10,1.01926125,245,3694,N,16.6666666666667,0,99
3575,11,1.01094075,243,3852,N,18.3333333333333,0,99
3985,12,1.07750475,259,3575,N,20,0,99
3325,13,1.13574825,273,3985,N,21.6666666666667,0,99
3192,14,1.1399085,274,3325,N,23.3333333333333,0,99
3797,15,1.17735075,283,3192,N,25,0,99
4584,16,1.181511,284,3797,N,26.6666666666667,0,99
4571,17,1.3562415,326,4584,N,28.3333333333333,0,99
4690,18,1.3728825,330,4571,N,30,0,99
4661,19,1.35208125,325,4690,N,31.6666666666667,0,99
5024,20,1.3396005,322,4661,N,33.3333333333333,0,99
4648,21,1.45192725,349,5024,N,35,0,99
5372,22,1.54345275,371,4648,N,36.6666666666667,0,99
4739,23,1.5725745,378,5372,N,38.3333333333333,0,99
6405,24,1.6557795,398,4739,N,40,0,99
5791,25,1.85963175,447,6405,N,41.6666666666667,0,99
5915,27,1.85963175,447,5791,N,45,0,99
5959,28,1.80138825,433,5915,N,46.6666666666667,0,99
5979,29,2.03436225,489,5959,N,48.3333333333333,0,99
5895,30,1.07750475,259,5979,Y,50,1,99
6596,31,1.181511,284,5895,N,51.6666666666667,1,99
2615,0,0.6739605,162,NA,N,0,0,100
2635,1,0.615717,148,2615,N,1.66666666666667,0,100
2603,2,0.6406785,154,2635,N,3.33333333333333,0,100
2743,3,0.682281,164,2603,N,5,0,100
2901,4,0.715563,172,2743,N,6.66666666666667,0,100
2566,5,0.7238835,174,2901,N,8.33333333333333,0,100
2075,6,0.715563,172,2566,N,10,0,100
2609,7,0.7405245,178,2075,N,11.6666666666667,0,100
3659,8,0.732204,176,2609,N,13.3333333333333,0,100
3894,9,0.7738065,186,3659,N,15,0,100
4044,10,0.80292825,193,3894,N,16.6666666666667,0,100
3738,11,0.7904475,190,4044,N,18.3333333333333,0,100
4133,12,0.865332,208,3738,N,20,0,100
3456,13,0.8736525,210,4133,N,21.6666666666667,0,100
3276,14,0.9235755,222,3456,N,23.3333333333333,0,100
3978,15,0.94437675,227,3276,N,25,0,100
4825,16,0.9901395,238,3978,N,26.6666666666667,0,100
4673,17,1.015101,244,4825,N,28.3333333333333,0,100
5172,18,1.04422275,251,4673,N,30,0,100
4823,19,1.07750475,259,5172,N,31.6666666666667,0,100
5153,20,1.0400625,250,4823,N,33.3333333333333,0,100
4827,21,1.015101,244,5153,N,35,0,100
5398,22,1.03590225,249,4827,N,36.6666666666667,0,100
4882,23,1.13574825,273,5398,N,38.3333333333333,0,100
6444,24,1.16070975,279,4882,N,40,0,100
5909,25,1.131588,272,6444,N,41.6666666666667,0,100
5646,26,1.4061645,338,5909,N,43.3333333333333,0,100
6042,27,1.281357,308,5646,N,45,0,100
6105,28,1.41864525,341,6042,N,46.6666666666667,0,100
6113,29,1.6641,400,6105,N,48.3333333333333,0,100
6016,30,1.7556255,422,6113,N,50,0,100
6623,31,2.0718045,498,6016,N,51.6666666666667,0,100
7772,32,1.9885995,478,6623,N,53.3333333333333,0,100
7328,33,1.1066265,266,7772,Y,55,1,100
6784,34,1.048383,252,7328,N,56.6666666666667,1,100
3111,0,1.67658075,403,NA,N,0,0,101
2927,1,1.62665775,391,3111,N,1.66666666666667,0,101
2962,2,1.813869,436,2927,N,3.33333333333333,0,101
2392,4,1.81802925,437,2962,N,6.66666666666667,0,101
3001,5,0.9901395,238,2392,Y,8.33333333333333,1,101
2157,6,1.0067805,242,3001,N,10,1,101
2981,7,1.00262025,241,2157,N,11.6666666666667,1,101
3998,8,1.0567035,254,2981,N,13.3333333333333,1,101
2873,0,0.99846,240,NA,N,0,0,102
2780,1,0.96933825,233,2873,N,1.66666666666667,0,102
2678,2,1.01926125,245,2780,N,3.33333333333333,0,102
2916,3,1.12742775,271,2678,N,5,0,102
3071,4,1.21063275,291,2916,N,6.66666666666667,0,102
2774,5,1.24391475,299,3071,N,8.33333333333333,0,102
2105,6,1.26887625,305,2774,N,10,0,102
2875,7,1.214793,292,2105,N,11.6666666666667,0,102
3846,8,1.29383775,311,2875,N,13.3333333333333,0,102
4065,9,1.21063275,291,3846,N,15,0,102
4157,10,1.281357,308,4065,N,16.6666666666667,0,102
3934,11,1.28551725,309,4157,N,18.3333333333333,0,102
4242,12,1.27719675,307,3934,N,20,0,102
3650,13,1.297998,312,4242,N,21.6666666666667,0,102
3408,14,1.27719675,307,3650,N,23.3333333333333,0,102
4230,15,1.314639,316,3408,N,25,0,102
4984,16,1.297998,312,4230,N,26.6666666666667,0,102
4860,17,1.3229595,318,4984,N,28.3333333333333,0,102
5203,18,1.38536325,333,4860,N,30,0,102
4981,19,1.33128,320,5203,N,31.6666666666667,0,102
5270,20,1.2896775,310,4981,N,33.3333333333333,0,102
5016,21,1.381203,332,5270,N,35,0,102
5431,22,1.4560875,350,5016,N,36.6666666666667,0,102
5061,23,1.464408,352,5431,N,38.3333333333333,0,102
6500,24,1.41864525,341,5061,N,40,0,102
6066,25,1.4893695,358,6500,N,41.6666666666667,0,102
5676,26,1.447767,348,6066,N,43.3333333333333,0,102
6204,27,1.5226515,366,5676,N,45,0,102
6268,28,1.51849125,365,6204,N,46.6666666666667,0,102
6278,29,1.580895,380,6268,N,48.3333333333333,0,102
6195,30,1.59337575,383,6278,N,50,0,102
6657,31,1.564254,376,6195,N,51.6666666666667,0,102
7806,32,1.65993975,399,6657,N,53.3333333333333,0,102
7538,33,1.65161925,397,7806,N,55,0,102
6824,34,1.68490125,405,7538,N,56.6666666666667,0,102
7503,35,1.6890615,406,6824,N,58.3333333333333,0,102
7653,36,1.71818325,413,7503,N,60,0,102
7301,37,1.680741,404,7653,N,61.6666666666667,0,102
7499,38,1.714023,412,7301,N,63.3333333333333,0,102
7992,39,1.70154225,409,7499,N,65,0,102
8167,40,1.6058565,386,7992,N,66.6666666666667,0,102
8713,41,1.5226515,366,8167,N,68.3333333333333,0,102
9286,42,1.60169625,385,8713,N,70,0,102
8649,43,1.514331,364,9286,N,71.6666666666667,0,102
8406,44,1.8221895,438,8649,N,73.3333333333333,0,102
9105,45,2.13420825,513,8406,N,75,0,102
8953,46,2.2548555,542,9105,N,76.6666666666667,0,102
2268,0,1.29383775,311,NA,N,0,0,103
2308,1,1.4228055,342,2268,N,1.66666666666667,0,103
2292,2,1.49769,360,2308,N,3.33333333333333,0,103
2410,3,1.50185025,361,2292,N,5,0,103
2356,4,1.647459,396,2410,N,6.66666666666667,0,103
2415,5,1.6391385,394,2356,N,8.33333333333333,0,103
2028,6,1.75146525,421,2415,N,10,0,103
2277,7,1.81802925,437,2028,N,11.6666666666667,0,103
3391,8,1.83051,440,2277,N,13.3333333333333,0,103
3583,9,1.85131125,445,3391,N,15,0,103
3286,10,1.88459325,453,3583,N,16.6666666666667,0,103
3461,11,2.0551635,494,3286,N,18.3333333333333,0,103
3847,12,2.05100325,493,3461,N,20,0,103
3257,13,2.20077225,529,3847,N,21.6666666666667,0,103
3163,14,2.279817,548,3257,N,23.3333333333333,0,103
3656,15,2.63343825,633,3163,N,25,0,103
4471,16,2.745765,660,3656,N,26.6666666666667,0,103
4465,17,2.50863075,603,4471,N,28.3333333333333,0,103
4549,18,2.3547015,566,4465,N,30,0,103
4385,19,2.50031025,601,4549,N,31.6666666666667,0,103
4722,20,1.181511,284,4385,Y,33.3333333333333,1,103
4525,21,1.24391475,299,4722,N,35,1,103
2271,0,1.04422275,251,NA,N,0,0,104
2314,1,1.01926125,245,2271,N,1.66666666666667,0,104
2295,2,1.0733445,258,2314,N,3.33333333333333,0,104
2412,3,1.16070975,279,2295,N,5,0,104
2366,4,1.16487,280,2412,N,6.66666666666667,0,104
2419,5,1.314639,316,2366,N,8.33333333333333,0,104
2029,6,1.18567125,285,2419,N,10,0,104
2282,7,1.2231135,294,2029,N,11.6666666666667,0,104
3394,8,1.27719675,307,2282,N,13.3333333333333,0,104
3587,9,1.181511,284,3394,N,15,0,104
3288,10,1.4893695,358,3587,N,16.6666666666667,0,104
3469,11,1.28551725,309,3288,N,18.3333333333333,0,104
3855,12,1.30215825,313,3469,N,20,0,104
3259,13,1.4061645,338,3855,N,21.6666666666667,0,104
3164,14,1.52681175,367,3259,N,23.3333333333333,0,104
3669,15,1.5226515,366,3164,N,25,0,104
4482,16,1.28551725,309,3669,N,26.6666666666667,0,104
4469,17,1.61001675,387,4482,N,28.3333333333333,0,104
4553,18,1.5060105,362,4469,N,30,0,104
4386,19,1.68490125,405,4553,N,31.6666666666667,0,104
4726,20,1.7389845,418,4386,N,33.3333333333333,0,104
4530,21,1.80138825,433,4726,N,35,0,104
5350,22,1.91787525,461,4530,N,36.6666666666667,0,104
4526,23,2.2714965,546,5350,N,38.3333333333333,0,104
6366,24,2.64175875,635,4526,N,40,0,104
5715,25,2.5710345,618,6366,N,41.6666666666667,0,104
5601,26,2.45870775,591,5715,N,43.3333333333333,0,104
5810,27,2.37550275,571,5601,N,45,0,104
5860,28,1.43528625,345,5810,Y,46.6666666666667,1,104
5858,29,1.447767,348,5860,N,48.3333333333333,1,104
5788,30,1.2896775,310,5858,N,50,1,104
6575,31,1.281357,308,5788,N,51.6666666666667,1,104
7705,32,1.3728825,330,6575,N,53.3333333333333,1,104
7109,33,1.4061645,338,7705,N,55,1,104
6740,34,1.464408,352,7109,N,56.6666666666667,1,104
7040,35,1.381203,332,6740,N,58.3333333333333,1,104
7135,36,1.7223435,414,7040,N,60,1,104
6913,37,1.7556255,422,7135,N,61.6666666666667,1,104
7127,38,1.44360675,347,6913,N,63.3333333333333,1,104
7910,39,1.55177325,373,7127,N,65,1,104
8084,40,1.530972,368,7910,N,66.6666666666667,1,104
8508,41,1.57673475,379,8084,N,68.3333333333333,1,104
9204,42,1.6641,400,8508,N,70,1,104
8401,43,1.6557795,398,9204,N,71.6666666666667,1,104
8263,44,1.85963175,447,8401,N,73.3333333333333,1,104
8956,45,1.7556255,422,8263,N,75,1,104
8745,46,1.9220355,462,8956,N,76.6666666666667,1,104
9382,47,2.30893875,555,8745,N,78.3333333333333,1,104
10446,48,2.296458,552,9382,N,80,1,104
9690,49,1.8554715,446,10446,N,81.6666666666667,1,104
10805,50,0.7238835,174,9690,Y,83.3333333333333,2,104
9786,51,1.1399085,274,10805,N,85,2,104
10463,53,1.0067805,242,9786,N,88.3333333333333,2,104
9632,54,1.0400625,250,10463,N,90,2,104
11305,55,0.965178,232,9632,N,91.6666666666667,2,104
11526,56,1.16070975,279,11305,N,93.3333333333333,2,104
11371,57,1.1565495,278,11526,N,95,2,104
11985,58,1.0400625,250,11371,N,96.6666666666667,2,104
11322,59,1.06918425,257,11985,N,98.3333333333333,2,104
2283,0,1.04422275,251,NA,N,0,0,105
2329,1,1.031742,248,2283,N,1.66666666666667,0,105
2305,2,1.11910725,269,2329,N,3.33333333333333,0,105
2417,3,1.16070975,279,2305,N,5,0,105
2369,4,1.214793,292,2417,N,6.66666666666667,0,105
2425,5,1.3063185,314,2369,N,8.33333333333333,0,105
2031,6,1.347921,324,2425,N,10,0,105
2289,7,1.33128,320,2031,N,11.6666666666667,0,105
3406,8,1.44360675,347,2289,N,13.3333333333333,0,105
3603,9,1.3728825,330,3406,N,15,0,105
3291,10,1.4228055,342,3603,N,16.6666666666667,0,105
3488,11,1.4560875,350,3291,N,18.3333333333333,0,105
3876,12,1.4560875,350,3488,N,20,0,105
3268,13,1.514331,364,3876,N,21.6666666666667,0,105
3167,14,1.56009375,375,3268,N,23.3333333333333,0,105
3687,15,1.614177,388,3167,N,25,0,105
4498,16,1.70154225,409,3687,N,26.6666666666667,0,105
4483,17,1.70154225,409,4498,N,28.3333333333333,0,105
4569,18,1.813869,436,4483,N,30,0,105
4389,19,1.83467025,441,4569,N,31.6666666666667,0,105
4753,20,1.85963175,447,4389,N,33.3333333333333,0,105
4548,21,2.1217275,510,4753,N,35,0,105
5353,22,2.19245175,527,4548,N,36.6666666666667,0,105
4545,23,1.01094075,243,5353,Y,38.3333333333333,1,105
6374,24,1.00262025,241,4545,N,40,1,105
5718,25,1.2397545,298,6374,N,41.6666666666667,1,105
2283,0,1.04422275,251,NA,N,0,0,106
2329,1,1.031742,248,2283,N,1.66666666666667,0,106
2305,2,1.11910725,269,2329,N,3.33333333333333,0,106
2417,3,1.16070975,279,2305,N,5,0,106
2369,4,1.214793,292,2417,N,6.66666666666667,0,106
2425,5,1.3063185,314,2369,N,8.33333333333333,0,106
2031,6,1.347921,324,2425,N,10,0,106
2289,7,1.33128,320,2031,N,11.6666666666667,0,106
3406,8,1.44360675,347,2289,N,13.3333333333333,0,106
3603,9,1.3728825,330,3406,N,15,0,106
3291,10,1.4228055,342,3603,N,16.6666666666667,0,106
3488,11,1.4560875,350,3291,N,18.3333333333333,0,106
3876,12,1.4560875,350,3488,N,20,0,106
3268,13,1.514331,364,3876,N,21.6666666666667,0,106
3167,14,1.56009375,375,3268,N,23.3333333333333,0,106
3687,15,1.614177,388,3167,N,25,0,106
4498,16,1.70154225,409,3687,N,26.6666666666667,0,106
4483,17,1.70154225,409,4498,N,28.3333333333333,0,106
4569,18,1.813869,436,4483,N,30,0,106
4389,19,1.83467025,441,4569,N,31.6666666666667,0,106
4753,20,1.85963175,447,4389,N,33.3333333333333,0,106
4548,21,2.1217275,510,4753,N,35,0,106
5353,22,2.19245175,527,4548,N,36.6666666666667,0,106
4541,23,1.114947,268,5353,Y,38.3333333333333,1,106
6372,24,1.1565495,278,4541,N,40,1,106
5720,25,1.2064725,290,6372,N,41.6666666666667,1,106
5603,26,1.33128,320,5720,N,43.3333333333333,1,106
5829,27,1.37704275,331,5603,N,45,1,106
5869,28,1.580895,380,5829,N,46.6666666666667,1,106
5870,29,1.58505525,381,5869,N,48.3333333333333,1,106
5799,30,1.65161925,397,5870,N,50,1,106
6577,31,1.78474725,429,5799,N,51.6666666666667,1,106
7707,32,1.930356,464,6577,N,53.3333333333333,1,106
7129,33,1.90955475,459,7707,N,55,1,106
6743,34,1.83467025,441,7129,N,56.6666666666667,1,106
7060,35,1.8388305,442,6743,N,58.3333333333333,1,106
7149,36,2.40046425,577,7060,N,60,1,106
6925,37,2.12588775,511,7149,N,61.6666666666667,1,106
7145,38,2.4212655,582,6925,N,63.3333333333333,1,106
7913,39,2.363022,568,7145,N,65,1,106
8087,40,1.01926125,245,7913,Y,66.6666666666667,2,106
8520,41,1.2397545,298,8087,N,68.3333333333333,2,106
9208,42,1.22727375,295,8520,N,70,2,106
8410,43,1.48520925,357,9208,N,71.6666666666667,2,106
8267,44,1.580895,380,8410,N,73.3333333333333,2,106
8963,45,1.60169625,385,8267,N,75,2,106
8759,46,1.8554715,446,8963,N,76.6666666666667,2,106
9386,47,1.847151,444,8759,N,78.3333333333333,2,106
2283,0,1.04422275,251,NA,N,0,0,107
2329,1,1.031742,248,2283,N,1.66666666666667,0,107
2305,2,1.11910725,269,2329,N,3.33333333333333,0,107
2417,3,1.16070975,279,2305,N,5,0,107
2369,4,1.214793,292,2417,N,6.66666666666667,0,107
2425,5,1.3063185,314,2369,N,8.33333333333333,0,107
2031,6,1.347921,324,2425,N,10,0,107
2289,7,1.33128,320,2031,N,11.6666666666667,0,107
3406,8,1.44360675,347,2289,N,13.3333333333333,0,107
3603,9,1.3728825,330,3406,N,15,0,107
3291,10,1.4228055,342,3603,N,16.6666666666667,0,107
3488,11,1.4560875,350,3291,N,18.3333333333333,0,107
3876,12,1.4560875,350,3488,N,20,0,107
3268,13,1.514331,364,3876,N,21.6666666666667,0,107
3167,14,1.56009375,375,3268,N,23.3333333333333,0,107
3687,15,1.614177,388,3167,N,25,0,107
4498,16,1.70154225,409,3687,N,26.6666666666667,0,107
4483,17,1.70154225,409,4498,N,28.3333333333333,0,107
4569,18,1.813869,436,4483,N,30,0,107
4389,19,1.83467025,441,4569,N,31.6666666666667,0,107
4753,20,1.85963175,447,4389,N,33.3333333333333,0,107
4548,21,2.1217275,510,4753,N,35,0,107
5353,22,2.19245175,527,4548,N,36.6666666666667,0,107
4541,23,1.114947,268,5353,Y,38.3333333333333,1,107
6372,24,1.1565495,278,4541,N,40,1,107
5720,25,1.2064725,290,6372,N,41.6666666666667,1,107
5603,26,1.33128,320,5720,N,43.3333333333333,1,107
5829,27,1.37704275,331,5603,N,45,1,107
5869,28,1.580895,380,5829,N,46.6666666666667,1,107
5870,29,1.58505525,381,5869,N,48.3333333333333,1,107
5799,30,1.65161925,397,5870,N,50,1,107
6577,31,1.78474725,429,5799,N,51.6666666666667,1,107
7707,32,1.930356,464,6577,N,53.3333333333333,1,107
7129,33,1.90955475,459,7707,N,55,1,107
6743,34,1.83467025,441,7129,N,56.6666666666667,1,107
7060,35,1.8388305,442,6743,N,58.3333333333333,1,107
7149,36,2.40046425,577,7060,N,60,1,107
6925,37,2.12588775,511,7149,N,61.6666666666667,1,107
7145,38,2.4212655,582,6925,N,63.3333333333333,1,107
7913,39,2.363022,568,7145,N,65,1,107
8088,40,1.29383775,311,7913,Y,66.6666666666667,2,107
8523,41,1.314639,316,8088,N,68.3333333333333,2,107
9207,42,1.3063185,314,8523,N,70,2,107
8407,43,1.47688875,355,9207,N,71.6666666666667,2,107
8266,44,1.56841425,377,8407,N,73.3333333333333,2,107
8961,45,1.51849125,365,8266,N,75,2,107
8755,46,1.70154225,409,8961,N,76.6666666666667,2,107
9385,47,1.6557795,398,8755,N,78.3333333333333,2,107
10450,48,1.747305,420,9385,N,80,2,107
9697,49,1.90123425,457,10450,N,81.6666666666667,2,107
10808,50,1.93451625,465,9697,N,83.3333333333333,2,107
9796,51,2.2714965,546,10808,N,85,2,107
10197,52,2.06764425,497,9796,N,86.6666666666667,2,107
10472,53,2.35886175,567,10197,N,88.3333333333333,2,107
9635,54,2.3713425,570,10472,N,90,2,107
11326,55,2.3547015,566,9635,N,91.6666666666667,2,107
11546,56,1.08582525,261,11326,Y,93.3333333333333,3,107
11403,57,1.22727375,295,11546,N,95,3,107
12002,58,1.33128,320,11403,N,96.6666666666667,3,107
11343,59,1.397844,336,12002,N,98.3333333333333,3,107
11212,60,1.214793,292,11343,N,100,3,107
11429,61,1.38536325,333,11212,N,101.666666666667,3,107
11384,62,1.5725745,378,11429,N,103.333333333333,3,107
13653,63,1.580895,380,11384,N,105,3,107
13245,64,1.68490125,405,13653,N,106.666666666667,3,107
13283,65,1.813869,436,13245,N,108.333333333333,3,107
12806,66,1.66826025,401,13283,N,110,3,107
14575,67,1.7556255,422,12806,N,111.666666666667,3,107
14552,68,1.91787525,461,14575,N,113.333333333333,3,107
13671,69,1.93451625,465,14552,N,115,3,107
14476,70,1.08582525,261,13671,Y,116.666666666667,4,107
2532,0,1.0067805,242,NA,N,0,0,108
2592,1,1.031742,248,2532,N,1.66666666666667,0,108
2553,2,1.01926125,245,2592,N,3.33333333333333,0,108
2649,3,0.98597925,237,2553,N,5,0,108
2784,4,1.01926125,245,2649,N,6.66666666666667,0,108
2534,5,1.07750475,259,2784,N,8.33333333333333,0,108
2064,6,1.07750475,259,2534,N,10,0,108
2559,7,1.114947,268,2064,N,11.6666666666667,0,108
3605,8,1.12742775,271,2559,N,13.3333333333333,0,108
3830,9,1.181511,284,3605,N,15,0,108
3980,10,1.19399175,287,3830,N,16.6666666666667,0,108
3683,11,1.21063275,291,3980,N,18.3333333333333,0,108
4094,12,1.248075,300,3683,N,20,0,108
3405,13,1.21063275,291,4094,N,21.6666666666667,0,108
3248,14,1.2563955,302,3405,N,23.3333333333333,0,108
3926,15,1.3229595,318,3248,N,25,0,108
4774,16,1.32711975,319,3926,N,26.6666666666667,0,108
4633,17,1.29383775,311,4774,N,28.3333333333333,0,108
5163,18,1.32711975,319,4633,N,30,0,108
4768,19,1.381203,332,5163,N,31.6666666666667,0,108
5111,20,1.4394465,346,4768,N,33.3333333333333,0,108
4776,21,1.46856825,353,5111,N,35,0,108
5389,22,1.50185025,361,4776,N,36.6666666666667,0,108
4838,23,1.547613,372,5389,N,38.3333333333333,0,108
6428,24,1.564254,376,4838,N,40,0,108
5872,25,1.60169625,385,6428,N,41.6666666666667,0,108
5638,26,1.6058565,386,5872,N,43.3333333333333,0,108
6005,27,1.647459,396,5638,N,45,0,108
6046,28,1.714023,412,6005,N,46.6666666666667,0,108
6070,29,1.77642675,427,6046,N,48.3333333333333,0,108
5977,30,1.9553175,470,6070,N,50,0,108
6614,31,1.980279,476,5977,N,51.6666666666667,0,108
7764,32,2.113407,508,6614,N,53.3333333333333,0,108
7297,33,2.279817,548,7764,N,55,0,108
6775,34,2.4212655,582,7297,N,56.6666666666667,0,108
7234,35,1.2231135,294,6775,Y,58.3333333333333,1,108
7318,36,1.18567125,285,7234,N,60,1,108
2291,0,0.91941525,221,NA,N,0,0,109
2338,1,0.83621025,201,2291,N,1.66666666666667,0,109
2317,2,0.8736525,210,2338,N,3.33333333333333,0,109
2427,3,1.031742,248,2317,N,5,0,109
2518,4,1.06086375,255,2427,N,6.66666666666667,0,109
2433,5,1.065024,256,2518,N,8.33333333333333,0,109
2034,6,1.12742775,271,2433,N,10,0,109
2320,7,1.264716,304,2034,N,11.6666666666667,0,109
3420,8,1.248075,300,2320,N,13.3333333333333,0,109
3622,9,1.2397545,298,3420,N,15,0,109
3767,10,1.297998,312,3622,N,16.6666666666667,0,109
3508,11,1.27719675,307,3767,N,18.3333333333333,0,109
3893,12,1.198152,288,3508,N,20,0,109
3281,13,1.21895325,293,3893,N,21.6666666666667,0,109
3171,14,1.24391475,299,3281,N,23.3333333333333,0,109
3705,15,1.47688875,355,3171,N,25,0,109
4515,16,1.364562,328,3705,N,26.6666666666667,0,109
4496,17,1.30215825,313,4515,N,28.3333333333333,0,109
4583,18,1.347921,324,4496,N,30,0,109
4400,19,1.29383775,311,4583,N,31.6666666666667,0,109
4775,20,1.30215825,313,4400,N,33.3333333333333,0,109
4564,21,1.3063185,314,4775,N,35,0,109
5357,22,1.3063185,314,4564,N,36.6666666666667,0,109
4567,23,1.40200425,337,5357,N,38.3333333333333,0,109
6380,24,1.281357,308,4567,N,40,0,109
5729,25,1.36872225,329,6380,N,41.6666666666667,0,109
5606,26,1.5060105,362,5729,N,43.3333333333333,0,109
5844,27,1.6724205,402,5606,N,45,0,109
5887,28,2.030202,488,5844,N,46.6666666666667,0,109
5889,29,2.29229775,551,5887,N,48.3333333333333,0,109
5816,30,2.4878295,598,5889,N,50,0,109
6580,31,2.2548555,542,5816,N,51.6666666666667,0,109
7711,32,2.645919,636,6580,N,53.3333333333333,0,109
7356,33,1.1565495,278,7711,Y,55,1,109
6792,34,1.32711975,319,7356,N,56.6666666666667,1,109
7411,35,1.42696575,343,6792,N,58.3333333333333,1,109
7504,36,1.547613,372,7411,N,60,1,109
7192,37,1.52681175,367,7504,N,61.6666666666667,1,109
7352,38,1.62665775,391,7192,N,63.3333333333333,1,109
7962,39,1.6724205,402,7352,N,65,1,109
8138,40,1.58505525,381,7962,N,66.6666666666667,1,109
8616,41,1.65993975,399,8138,N,68.3333333333333,1,109
9253,42,1.8554715,446,8616,N,70,1,109
8558,43,1.9719585,474,9253,N,71.6666666666667,1,109
8322,44,2.22573375,535,8558,N,73.3333333333333,1,109
9065,45,2.146689,516,8322,N,75,1,109
8873,46,2.36718225,569,9065,N,76.6666666666667,1,109
9438,47,2.58351525,621,8873,N,78.3333333333333,1,109
10539,48,2.44206675,587,9438,N,80,1,109
9846,49,2.629278,632,10539,N,81.6666666666667,1,109
10827,50,1.41032475,339,9846,Y,83.3333333333333,2,109
9914,51,1.43528625,345,10827,N,85,2,109
10222,52,1.49769,360,9914,N,86.6666666666667,2,109
10518,53,1.6058565,386,10222,N,88.3333333333333,2,109
9684,54,1.6391385,394,10518,N,90,2,109
11472,55,1.72650375,415,9684,N,91.6666666666667,2,109
11670,56,1.714023,412,11472,N,93.3333333333333,2,109
11555,57,2.0052405,482,11670,N,95,2,109
12183,58,2.05932375,495,11555,N,96.6666666666667,2,109
11510,59,2.246535,540,12183,N,98.3333333333333,2,109
11421,60,2.10092625,505,11510,N,100,2,109
11591,61,2.10924675,507,11421,N,101.666666666667,2,109
12116,62,2.01772125,485,11591,N,103.333333333333,2,109
13730,63,2.0884455,502,12116,N,105,2,109
13328,64,2.01772125,485,13730,N,106.666666666667,2,109
13444,65,2.08428525,501,13328,N,108.333333333333,2,109
12831,66,2.25901575,543,13444,N,110,2,109
14117,67,2.06764425,497,12831,N,111.666666666667,2,109
14122,68,2.35886175,567,14117,N,113.333333333333,2,109
13241,69,2.42542575,583,14122,N,115,2,109
13279,70,2.512791,604,13241,N,116.666666666667,2,109
2538,0,0.7405245,178,NA,N,0,0,110
2599,1,0.72804375,175,2538,N,1.66666666666667,0,110
2571,2,0.8403705,202,2599,N,3.33333333333333,0,110
2730,3,0.881973,212,2571,N,5,0,110
2799,4,0.88613325,213,2730,N,6.66666666666667,0,110
2540,5,0.79460775,191,2799,N,8.33333333333333,0,110
2066,6,0.91941525,221,2540,N,10,0,110
2568,7,0.87781275,211,2066,N,11.6666666666667,0,110
3616,8,0.915255,220,2568,N,13.3333333333333,0,110
3842,9,0.99846,240,3616,N,15,0,110
3991,10,0.9734985,234,3842,N,16.6666666666667,0,110
3695,11,1.031742,248,3991,N,18.3333333333333,0,110
4104,12,1.06918425,257,3695,N,20,0,110
3411,13,1.16903025,281,4104,N,21.6666666666667,0,110
3254,14,1.19399175,287,3411,N,23.3333333333333,0,110
3937,15,1.29383775,311,3254,N,25,0,110
4785,16,1.314639,316,3937,N,26.6666666666667,0,110
4640,17,1.3562415,326,4785,N,28.3333333333333,0,110
5165,18,1.3728825,330,4640,N,30,0,110
4778,19,1.41032475,339,5165,N,31.6666666666667,0,110
5122,20,1.381203,332,4778,N,33.3333333333333,0,110
4787,21,1.5892155,382,5122,N,35,0,110
5391,22,1.6641,400,4787,N,36.6666666666667,0,110
4848,23,1.77642675,427,5391,N,38.3333333333333,0,110
6430,24,1.880433,452,4848,N,40,0,110
5881,25,2.0052405,482,6430,N,41.6666666666667,0,110
5640,26,1.79306775,431,5881,N,43.3333333333333,0,110
6013,27,2.2548555,542,5640,N,45,0,110
6056,28,0.95269725,229,6013,Y,46.6666666666667,1,110
6076,29,0.96101775,231,6056,N,48.3333333333333,1,110
2538,0,0.7405245,178,NA,N,0,0,111
2599,1,0.72804375,175,2538,N,1.66666666666667,0,111
2571,2,0.8403705,202,2599,N,3.33333333333333,0,111
2730,3,0.881973,212,2571,N,5,0,111
2799,4,0.88613325,213,2730,N,6.66666666666667,0,111
2540,5,0.79460775,191,2799,N,8.33333333333333,0,111
2066,6,0.91941525,221,2540,N,10,0,111
2568,7,0.87781275,211,2066,N,11.6666666666667,0,111
3616,8,0.915255,220,2568,N,13.3333333333333,0,111
3842,9,0.99846,240,3616,N,15,0,111
3991,10,0.9734985,234,3842,N,16.6666666666667,0,111
3695,11,1.031742,248,3991,N,18.3333333333333,0,111
4104,12,1.06918425,257,3695,N,20,0,111
3411,13,1.16903025,281,4104,N,21.6666666666667,0,111
3254,14,1.19399175,287,3411,N,23.3333333333333,0,111
3937,15,1.29383775,311,3254,N,25,0,111
4785,16,1.314639,316,3937,N,26.6666666666667,0,111
4640,17,1.3562415,326,4785,N,28.3333333333333,0,111
5165,18,1.3728825,330,4640,N,30,0,111
4778,19,1.41032475,339,5165,N,31.6666666666667,0,111
5122,20,1.381203,332,4778,N,33.3333333333333,0,111
4787,21,1.5892155,382,5122,N,35,0,111
5391,22,1.6641,400,4787,N,36.6666666666667,0,111
4848,23,1.77642675,427,5391,N,38.3333333333333,0,111
6430,24,1.880433,452,4848,N,40,0,111
5881,25,2.0052405,482,6430,N,41.6666666666667,0,111
5640,26,1.79306775,431,5881,N,43.3333333333333,0,111
6013,27,2.2548555,542,5640,N,45,0,111
6059,28,1.231434,296,6013,Y,46.6666666666667,1,111
6078,29,1.2397545,298,6059,N,48.3333333333333,1,111
5983,30,1.3728825,330,6078,N,50,1,111
6616,31,1.35208125,325,5983,N,51.6666666666667,1,111
7766,32,1.431126,344,6616,N,53.3333333333333,1,111
7304,33,1.41864525,341,7766,N,55,1,111
6777,34,1.4893695,358,7304,N,56.6666666666667,1,111
7238,35,1.45192725,349,6777,N,58.3333333333333,1,111
7325,36,1.65993975,399,7238,N,60,1,111
7132,37,1.75146525,421,7325,N,61.6666666666667,1,111
7307,38,1.99692,480,7132,N,63.3333333333333,1,111
7950,39,2.00108025,481,7307,N,65,1,111
8124,40,1.99275975,479,7950,N,66.6666666666667,1,111
8597,41,1.94283675,467,8124,N,68.3333333333333,1,111
9239,42,1.963638,472,8597,N,70,1,111
8511,43,1.91787525,461,9239,N,71.6666666666667,1,111
8299,44,2.25069525,541,8511,N,73.3333333333333,1,111
8969,45,0.981819,236,8299,Y,75,2,111
2538,0,0.7405245,178,NA,N,0,0,112
2599,1,0.72804375,175,2538,N,1.66666666666667,0,112
2571,2,0.8403705,202,2599,N,3.33333333333333,0,112
2730,3,0.881973,212,2571,N,5,0,112
2799,4,0.88613325,213,2730,N,6.66666666666667,0,112
2540,5,0.79460775,191,2799,N,8.33333333333333,0,112
2066,6,0.91941525,221,2540,N,10,0,112
2568,7,0.87781275,211,2066,N,11.6666666666667,0,112
3616,8,0.915255,220,2568,N,13.3333333333333,0,112
3842,9,0.99846,240,3616,N,15,0,112
3991,10,0.9734985,234,3842,N,16.6666666666667,0,112
3695,11,1.031742,248,3991,N,18.3333333333333,0,112
4104,12,1.06918425,257,3695,N,20,0,112
3411,13,1.16903025,281,4104,N,21.6666666666667,0,112
3254,14,1.19399175,287,3411,N,23.3333333333333,0,112
3937,15,1.29383775,311,3254,N,25,0,112
4785,16,1.314639,316,3937,N,26.6666666666667,0,112
4640,17,1.3562415,326,4785,N,28.3333333333333,0,112
5165,18,1.3728825,330,4640,N,30,0,112
4778,19,1.41032475,339,5165,N,31.6666666666667,0,112
5122,20,1.381203,332,4778,N,33.3333333333333,0,112
4787,21,1.5892155,382,5122,N,35,0,112
5391,22,1.6641,400,4787,N,36.6666666666667,0,112
4848,23,1.77642675,427,5391,N,38.3333333333333,0,112
6430,24,1.880433,452,4848,N,40,0,112
5881,25,2.0052405,482,6430,N,41.6666666666667,0,112
5640,26,1.79306775,431,5881,N,43.3333333333333,0,112
6013,27,2.2548555,542,5640,N,45,0,112
6059,28,1.231434,296,6013,Y,46.6666666666667,1,112
6078,29,1.2397545,298,6059,N,48.3333333333333,1,112
5983,30,1.3728825,330,6078,N,50,1,112
6616,31,1.35208125,325,5983,N,51.6666666666667,1,112
7766,32,1.431126,344,6616,N,53.3333333333333,1,112
7304,33,1.41864525,341,7766,N,55,1,112
6777,34,1.4893695,358,7304,N,56.6666666666667,1,112
7238,35,1.45192725,349,6777,N,58.3333333333333,1,112
7325,36,1.65993975,399,7238,N,60,1,112
7132,37,1.75146525,421,7325,N,61.6666666666667,1,112
7307,38,1.99692,480,7132,N,63.3333333333333,1,112
7950,39,2.00108025,481,7307,N,65,1,112
8124,40,1.99275975,479,7950,N,66.6666666666667,1,112
8597,41,1.94283675,467,8124,N,68.3333333333333,1,112
9239,42,1.963638,472,8597,N,70,1,112
8511,43,1.91787525,461,9239,N,71.6666666666667,1,112
8299,44,2.25069525,541,8511,N,73.3333333333333,1,112
9155,45,1.10246625,265,8299,Y,75,2,112
9062,46,1.431126,344,9155,N,76.6666666666667,2,112
9526,47,1.447767,348,9062,N,78.3333333333333,2,112
10552,48,1.59337575,383,9526,N,80,2,112
9858,49,2.046843,492,10552,N,81.6666666666667,2,112
10866,50,1.963638,472,9858,N,83.3333333333333,2,112
9976,51,2.20909275,531,10866,N,85,2,112
10264,52,2.462868,592,9976,N,86.6666666666667,2,112
9813,54,2.34222075,563,10264,N,90,2,112
11713,55,1.2896775,310,9813,Y,91.6666666666667,3,112
11990,56,1.46024775,351,11713,N,93.3333333333333,3,112
11854,57,1.214793,292,11990,N,95,3,112
12484,58,1.464408,352,11854,N,96.6666666666667,3,112
11832,59,1.264716,304,12484,N,98.3333333333333,3,112
11694,60,1.3562415,326,11832,N,100,3,112
11880,61,1.49769,360,11694,N,101.666666666667,3,112
12419,62,1.980279,476,11880,N,103.333333333333,3,112
13868,63,2.02604175,487,12419,N,105,3,112
14897,64,NA,-1,13868,Y,106.666666666667,4,112
3074,0,1.16070975,279,NA,N,0,0,113
2858,1,1.1399085,274,3074,N,1.66666666666667,0,113
2773,2,1.214793,292,2858,N,3.33333333333333,0,113
2993,3,1.25223525,301,2773,N,5,0,113
3102,4,1.2730365,306,2993,N,6.66666666666667,0,113
2870,5,1.397844,336,3102,N,8.33333333333333,0,113
2121,6,1.464408,352,2870,N,10,0,113
2944,7,1.381203,332,2121,N,11.6666666666667,0,113
3936,8,1.447767,348,2944,N,13.3333333333333,0,113
4135,9,1.44360675,347,3936,N,15,0,113
4188,10,1.5060105,362,4135,N,16.6666666666667,0,113
4016,11,1.46856825,353,4188,N,18.3333333333333,0,113
4260,12,1.46856825,353,4016,N,20,0,113
3741,13,1.48520925,357,4260,N,21.6666666666667,0,113
3490,14,1.57673475,379,3741,N,23.3333333333333,0,113
4271,15,1.564254,376,3490,N,25,0,113
5032,16,1.63497825,393,4271,N,26.6666666666667,0,113
4926,17,1.65161925,397,5032,N,28.3333333333333,0,113
5216,18,1.6641,400,4926,N,30,0,113
5042,19,1.73482425,417,5216,N,31.6666666666667,0,113
5284,20,1.75978575,423,5042,N,33.3333333333333,0,113
5084,21,1.780587,428,5284,N,35,0,113
5447,22,1.76810625,425,5084,N,36.6666666666667,0,113
5131,23,1.780587,428,5447,N,38.3333333333333,0,113
6513,24,1.847151,444,5131,N,40,0,113
6135,25,1.91787525,461,6513,N,41.6666666666667,0,113
5692,26,1.9053945,458,6135,N,43.3333333333333,0,113
6415,27,1.930356,464,5692,N,45,0,113
6346,28,1.980279,476,6415,N,46.6666666666667,0,113
6316,29,2.10092625,505,6346,N,48.3333333333333,0,113
6274,30,2.113407,508,6316,N,50,0,113
6670,31,2.03436225,489,6274,N,51.6666666666667,0,113
7821,32,2.19245175,527,6670,N,53.3333333333333,0,113
7577,33,2.2049325,530,7821,N,55,0,113
6851,34,2.30893875,555,7577,N,56.6666666666667,0,113
7552,35,2.3547015,566,6851,N,58.3333333333333,0,113
7675,36,2.35886175,567,7552,N,60,0,113
7363,37,2.42542575,583,7675,N,61.6666666666667,0,113
7557,38,2.46702825,593,7363,N,63.3333333333333,0,113
8007,39,2.56687425,617,7557,N,65,0,113
8182,40,2.462868,592,8007,N,66.6666666666667,0,113
8750,41,2.4545475,590,8182,N,68.3333333333333,0,113
9300,42,2.46702825,593,8750,N,70,0,113
8692,43,2.412945,580,9300,N,71.6666666666667,0,113
8459,44,2.54191275,611,8692,N,73.3333333333333,0,113
9123,45,2.54191275,611,8459,N,75,0,113
8988,46,2.5710345,618,9123,N,76.6666666666667,0,113
9493,47,2.862252,688,8988,N,78.3333333333333,0,113
10644,48,2.94129675,707,9493,N,80,0,113
10017,49,2.93297625,705,10644,N,81.6666666666667,0,113
10916,50,3.07442475,739,10017,N,83.3333333333333,0,113
10053,51,1.49769,360,10916,Y,85,1,113
10313,52,1.49352975,359,10053,N,86.6666666666667,1,113
10691,53,1.51017075,363,10313,N,88.3333333333333,1,113
9912,54,1.55177325,373,10691,N,90,1,113
12056,55,1.65993975,399,9912,N,91.6666666666667,1,113
12365,56,1.7389845,418,12056,N,93.3333333333333,1,113
12341,57,1.847151,444,12365,N,95,1,113
12663,58,2.0385225,490,12341,N,96.6666666666667,1,113
12243,59,2.030202,488,12663,N,98.3333333333333,1,113
12057,60,2.12588775,511,12243,N,100,1,113
12209,61,2.179971,524,12057,N,101.666666666667,1,113
12643,62,2.5211115,606,12209,N,103.333333333333,1,113
14072,63,2.7041625,650,12643,N,105,1,113
13811,64,2.81648925,677,14072,N,106.666666666667,1,113
14458,65,3.10770675,747,13811,N,108.333333333333,1,113
13052,66,3.08274525,741,14458,N,110,1,113
14326,67,1.530972,368,13052,Y,111.666666666667,2,113
14338,68,1.6641,400,14326,N,113.333333333333,2,113
2296,0,0.91109475,219,NA,N,0,0,114
2348,1,0.93605625,225,2296,N,1.66666666666667,0,114
2321,2,0.94437675,227,2348,N,3.33333333333333,0,114
2435,3,0.96101775,231,2321,N,5,0,114
2523,4,1.01094075,243,2435,N,6.66666666666667,0,114
2441,5,1.081665,260,2523,N,8.33333333333333,0,114
2036,6,1.1399085,274,2441,N,10,0,114
2327,7,1.15238925,277,2036,N,11.6666666666667,0,114
3431,8,1.18567125,285,2327,N,13.3333333333333,0,114
3630,9,1.1898315,286,3431,N,15,0,114
3780,10,1.1565495,278,3630,N,16.6666666666667,0,114
3513,11,1.148229,276,3780,N,18.3333333333333,0,114
3898,12,1.248075,300,3513,N,20,0,114
3292,13,1.24391475,299,3898,N,21.6666666666667,0,114
3173,14,1.347921,324,3292,N,23.3333333333333,0,114
3716,15,1.40200425,337,3173,N,25,0,114
4523,16,1.46024775,351,3716,N,26.6666666666667,0,114
4507,17,1.464408,352,4523,N,28.3333333333333,0,114
4592,18,1.51849125,365,4507,N,30,0,114
4404,19,1.4560875,350,4592,N,31.6666666666667,0,114
4790,20,1.50185025,361,4404,N,33.3333333333333,0,114
4574,21,1.46856825,353,4790,N,35,0,114
5359,22,1.5559335,374,4574,N,36.6666666666667,0,114
4577,23,1.56009375,375,5359,N,38.3333333333333,0,114
6385,24,1.5892155,382,4577,N,40,0,114
5735,25,1.714023,412,6385,N,41.6666666666667,0,114
5608,26,1.72650375,415,5735,N,43.3333333333333,0,114
5852,27,1.71818325,413,5608,N,45,0,114
5897,28,1.94283675,467,5852,N,46.6666666666667,0,114
5901,29,2.01772125,485,5897,N,48.3333333333333,0,114
5826,30,2.16333,520,5901,N,50,0,114
6582,31,2.25069525,541,5826,N,51.6666666666667,0,114
7713,32,2.47534875,595,6582,N,53.3333333333333,0,114
7159,33,2.296458,552,7713,N,55,0,114
6746,34,2.76656625,665,7159,N,56.6666666666667,0,114
7087,35,2.57519475,619,6746,N,58.3333333333333,0,114
7175,36,1.3728825,330,7087,Y,60,1,114
6952,37,1.40200425,337,7175,N,61.6666666666667,1,114
7173,38,1.4893695,358,6952,N,63.3333333333333,1,114
7918,39,1.52681175,367,7173,N,65,1,114
8092,40,1.6058565,386,7918,N,66.6666666666667,1,114
8536,41,1.79306775,431,8092,N,68.3333333333333,1,114
9212,42,1.81802925,437,8536,N,70,1,114
8427,43,1.81802925,437,9212,N,71.6666666666667,1,114
8271,44,1.95947775,471,8427,N,73.3333333333333,1,114
8971,45,1.94283675,467,8271,N,75,1,114
8768,46,2.09260575,503,8971,N,76.6666666666667,1,114
9390,47,2.3047785,554,8768,N,78.3333333333333,1,114
10454,48,2.3879835,574,9390,N,80,1,114
9702,49,2.65839975,639,10454,N,81.6666666666667,1,114
10812,50,2.712483,652,9702,N,83.3333333333333,1,114
9814,51,1.2397545,298,10812,Y,85,2,114
10205,52,1.27719675,307,9814,N,86.6666666666667,2,114
10485,53,1.33544025,321,10205,N,88.3333333333333,2,114
9642,54,1.4061645,338,10485,N,90,2,114
2608,0,1.5392925,370,NA,N,0,0,115
3857,9,1.7223435,414,2608,N,15,0,115
4004,10,1.780587,428,3857,N,16.6666666666667,0,115
3709,11,1.88459325,453,4004,N,18.3333333333333,0,115
4112,12,1.730664,416,3709,N,20,0,115
3424,13,1.963638,472,4112,N,21.6666666666667,0,115
3260,14,1.91787525,461,3424,N,23.3333333333333,0,115
3950,15,2.1550095,518,3260,N,25,0,115
4798,16,2.20909275,531,3950,N,26.6666666666667,0,115
4653,17,2.2215735,534,4798,N,28.3333333333333,0,115
5167,18,2.462868,592,4653,N,30,0,115
4794,19,1.21895325,293,5167,Y,31.6666666666667,1,115
5133,20,1.3063185,314,4794,N,33.3333333333333,1,115
4801,21,1.4727285,354,5133,N,35,1,115
5394,22,1.36872225,329,4801,N,36.6666666666667,1,115
4864,23,1.547613,372,5394,N,38.3333333333333,1,115
6437,24,1.56841425,377,4864,N,40,1,115
5892,25,1.6724205,402,6437,N,41.6666666666667,1,115
5642,26,1.67658075,403,5892,N,43.3333333333333,1,115
6023,27,1.7889075,430,5642,N,45,1,115
6083,28,1.90123425,457,6023,N,46.6666666666667,1,115
6093,29,1.930356,464,6083,N,48.3333333333333,1,115
6000,30,2.0884455,502,6093,N,50,1,115
6619,31,2.346381,564,6000,N,51.6666666666667,1,115
7768,32,2.27565675,547,6619,N,53.3333333333333,1,115
7313,33,2.396304,576,7768,N,55,1,115
6779,34,0.965178,232,7313,Y,56.6666666666667,2,115
7248,35,0.92773575,223,6779,N,58.3333333333333,2,115
7359,36,1.21895325,293,7248,N,60,2,115
7143,37,1.2730365,306,7359,N,61.6666666666667,2,115
7314,38,1.20231225,289,7143,N,63.3333333333333,2,115
7952,39,1.33544025,321,7314,N,65,2,115
8126,40,1.2896775,310,7952,N,66.6666666666667,2,115
8600,41,1.4727285,354,8126,N,68.3333333333333,2,115
9242,42,1.464408,352,8600,N,70,2,115
8524,43,1.56841425,377,9242,N,71.6666666666667,2,115
8303,44,1.464408,352,8524,N,73.3333333333333,2,115
9044,45,1.5392925,370,8303,N,75,2,115
8851,46,1.63497825,393,9044,N,76.6666666666667,2,115
9425,47,1.9053945,458,8851,N,78.3333333333333,2,115
10516,48,1.88459325,453,9425,N,80,2,115
9812,49,2.08428525,501,10516,N,81.6666666666667,2,115
10847,50,2.030202,488,9812,N,83.3333333333333,2,115
9956,51,1.76810625,425,10847,N,85,2,115
10331,52,2.14252875,515,9956,N,86.6666666666667,2,115
10749,53,2.23405425,537,10331,N,88.3333333333333,2,115
10089,54,1.131588,272,10749,Y,90,3,115
12196,55,1.16070975,279,10089,N,91.6666666666667,3,115
12491,56,1.198152,288,12196,N,93.3333333333333,3,115
12459,57,1.4061645,338,12491,N,95,3,115
12696,58,1.314639,316,12459,N,96.6666666666667,3,115
12354,59,1.09414575,263,12696,N,98.3333333333333,3,115
3078,0,1.031742,248,NA,N,0,0,116
2868,1,0.91941525,221,3078,N,1.66666666666667,0,116
2900,2,0.99429975,239,2868,N,3.33333333333333,0,116
3003,3,1.07750475,259,2900,N,5,0,116
3104,4,0.99429975,239,3003,N,6.66666666666667,0,116
2909,5,1.081665,260,3104,N,8.33333333333333,0,116
2123,6,1.07750475,259,2909,N,10,0,116
2951,7,1.0567035,254,2123,N,11.6666666666667,0,116
3947,8,1.06918425,257,2951,N,13.3333333333333,0,116
4137,9,1.09414575,263,3947,N,15,0,116
4189,10,1.15238925,277,4137,N,16.6666666666667,0,116
4022,11,1.16070975,279,4189,N,18.3333333333333,0,116
4261,12,1.1731905,282,4022,N,20,0,116
3749,13,1.21895325,293,4261,N,21.6666666666667,0,116
3497,14,1.16903025,281,3749,N,23.3333333333333,0,116
4273,15,1.11910725,269,3497,N,25,0,116
5035,16,1.13574825,273,4273,N,26.6666666666667,0,116
4931,17,1.35208125,325,5035,N,28.3333333333333,0,116
5217,18,1.31879925,317,4931,N,30,0,116
5051,19,1.29383775,311,5217,N,31.6666666666667,0,116
5285,20,1.297998,312,5051,N,33.3333333333333,0,116
5105,21,1.297998,312,5285,N,35,0,116
5448,22,1.44360675,347,5105,N,36.6666666666667,0,116
5135,23,1.630818,392,5448,N,38.3333333333333,0,116
6514,24,1.43528625,345,5135,N,40,0,116
6140,25,1.4893695,358,6514,N,41.6666666666667,0,116
5693,26,1.64329875,395,6140,N,43.3333333333333,0,116
6417,27,1.7389845,418,5693,N,45,0,116
6348,28,1.82634975,439,6417,N,46.6666666666667,0,116
6317,29,1.91787525,461,6348,N,48.3333333333333,0,116
6279,30,1.9386765,466,6317,N,50,0,116
6671,31,1.8887535,454,6279,N,51.6666666666667,0,116
7822,32,1.99275975,479,6671,N,53.3333333333333,0,116
6853,34,1.897074,456,7822,N,56.6666666666667,0,116
7556,35,1.9220355,462,6853,N,58.3333333333333,0,116
7676,36,2.20909275,531,7556,N,60,0,116
7369,37,2.363022,568,7676,N,61.6666666666667,0,116
7564,38,2.5044705,602,7369,N,63.3333333333333,0,116
8008,39,1.16070975,279,7564,Y,65,1,116
8183,40,1.1066265,266,8008,N,66.6666666666667,1,116
3078,0,1.031742,248,NA,N,0,0,117
2868,1,0.91941525,221,3078,N,1.66666666666667,0,117
2900,2,0.99429975,239,2868,N,3.33333333333333,0,117
3003,3,1.07750475,259,2900,N,5,0,117
3104,4,0.99429975,239,3003,N,6.66666666666667,0,117
2909,5,1.081665,260,3104,N,8.33333333333333,0,117
2123,6,1.07750475,259,2909,N,10,0,117
2951,7,1.0567035,254,2123,N,11.6666666666667,0,117
3947,8,1.06918425,257,2951,N,13.3333333333333,0,117
4137,9,1.09414575,263,3947,N,15,0,117
4189,10,1.15238925,277,4137,N,16.6666666666667,0,117
4022,11,1.16070975,279,4189,N,18.3333333333333,0,117
4261,12,1.1731905,282,4022,N,20,0,117
3749,13,1.21895325,293,4261,N,21.6666666666667,0,117
3497,14,1.16903025,281,3749,N,23.3333333333333,0,117
4273,15,1.11910725,269,3497,N,25,0,117
5035,16,1.13574825,273,4273,N,26.6666666666667,0,117
4931,17,1.35208125,325,5035,N,28.3333333333333,0,117
5217,18,1.31879925,317,4931,N,30,0,117
5051,19,1.29383775,311,5217,N,31.6666666666667,0,117
5285,20,1.297998,312,5051,N,33.3333333333333,0,117
5105,21,1.297998,312,5285,N,35,0,117
5448,22,1.44360675,347,5105,N,36.6666666666667,0,117
5135,23,1.630818,392,5448,N,38.3333333333333,0,117
6514,24,1.43528625,345,5135,N,40,0,117
6140,25,1.4893695,358,6514,N,41.6666666666667,0,117
5693,26,1.64329875,395,6140,N,43.3333333333333,0,117
6417,27,1.7389845,418,5693,N,45,0,117
6348,28,1.82634975,439,6417,N,46.6666666666667,0,117
6317,29,1.91787525,461,6348,N,48.3333333333333,0,117
6279,30,1.9386765,466,6317,N,50,0,117
6671,31,1.8887535,454,6279,N,51.6666666666667,0,117
7822,32,1.99275975,479,6671,N,53.3333333333333,0,117
6853,34,1.897074,456,7822,N,56.6666666666667,0,117
7556,35,1.9220355,462,6853,N,58.3333333333333,0,117
7676,36,2.20909275,531,7556,N,60,0,117
7369,37,2.363022,568,7676,N,61.6666666666667,0,117
7564,38,2.5044705,602,7369,N,63.3333333333333,0,117
8009,39,1.17735075,283,7564,Y,65,1,117
8184,40,1.20231225,289,8009,N,66.6666666666667,1,117
8753,41,1.42696575,343,8184,N,68.3333333333333,1,117
9301,42,1.60169625,385,8753,N,70,1,117
8696,43,1.59337575,383,9301,N,71.6666666666667,1,117
8462,44,1.697382,408,8696,N,73.3333333333333,1,117
9124,45,1.747305,420,8462,N,75,1,117
8991,46,1.70154225,409,9124,N,76.6666666666667,1,117
9494,47,1.8388305,442,8991,N,78.3333333333333,1,117
10646,48,1.99692,480,9494,N,80,1,117
10019,49,2.013561,484,10646,N,81.6666666666667,1,117
10917,50,1.98443925,477,10019,N,83.3333333333333,1,117
10060,51,2.36718225,569,10917,N,85,1,117
10315,52,1.1066265,266,10060,Y,86.6666666666667,2,117
10700,53,1.248075,300,10315,N,88.3333333333333,2,117
9920,54,1.38536325,333,10700,N,90,2,117
12068,55,1.5060105,362,9920,N,91.6666666666667,2,117
12373,56,1.63497825,393,12068,N,93.3333333333333,2,117
12346,57,1.59337575,383,12373,N,95,2,117
12666,58,1.70986275,411,12346,N,96.6666666666667,2,117
12256,59,1.913715,460,12666,N,98.3333333333333,2,117
12071,60,1.597536,384,12256,N,100,2,117
12223,61,1.62665775,391,12071,N,101.666666666667,2,117
12647,62,2.063484,496,12223,N,103.333333333333,2,117
14079,63,2.06764425,497,12647,N,105,2,117
13818,64,2.179971,524,14079,N,106.666666666667,2,117
14468,65,2.229894,536,13818,N,108.333333333333,2,117
13054,66,2.0218815,486,14468,N,110,2,117
14779,67,0.91109475,219,13054,Y,111.666666666667,3,117
14803,68,1.11078675,267,14779,N,113.333333333333,3,117
3080,0,0.8902935,214,NA,N,0,0,118
2871,1,0.881973,212,3080,N,1.66666666666667,0,118
2905,2,0.9069345,218,2871,N,3.33333333333333,0,118
3006,3,0.931896,224,2905,N,5,0,118
3105,4,0.9402165,226,3006,N,6.66666666666667,0,118
2911,5,0.98597925,237,3105,N,8.33333333333333,0,118
2125,6,0.99846,240,2911,N,10,0,118
2956,7,1.01926125,245,2125,N,11.6666666666667,0,118
3953,8,1.098306,264,2956,N,13.3333333333333,0,118
4153,9,1.015101,244,3953,N,15,0,118
4190,10,1.14406875,275,4153,N,16.6666666666667,0,118
4029,11,1.1232675,270,4190,N,18.3333333333333,0,118
4262,12,1.114947,268,4029,N,20,0,118
3755,13,1.1399085,274,4262,N,21.6666666666667,0,118
3509,14,1.181511,284,3755,N,23.3333333333333,0,118
4275,15,1.16903025,281,3509,N,25,0,118
5039,16,1.11910725,269,4275,N,26.6666666666667,0,118
4933,17,1.214793,292,5039,N,28.3333333333333,0,118
5219,18,1.148229,276,4933,N,30,0,118
5062,19,1.231434,296,5219,N,31.6666666666667,0,118
5288,20,1.21063275,291,5062,N,33.3333333333333,0,118
5113,21,1.41032475,339,5288,N,35,0,118
5450,22,1.14406875,275,5113,N,36.6666666666667,0,118
5143,23,1.31047875,315,5450,N,38.3333333333333,0,118
6516,24,1.264716,304,5143,N,40,0,118
6150,25,1.381203,332,6516,N,41.6666666666667,0,118
5695,26,1.77642675,427,6150,N,43.3333333333333,0,118
6422,27,1.72650375,415,5695,N,45,0,118
6354,28,2.013561,484,6422,N,46.6666666666667,0,118
6319,29,1.980279,476,6354,N,48.3333333333333,0,118
6283,30,2.2548555,542,6319,N,50,0,118
6672,31,1.0899855,262,6283,Y,51.6666666666667,1,118
7823,32,1.181511,284,6672,N,53.3333333333333,1,118
7580,33,1.26055575,303,7823,N,55,1,118
7376,37,1.21895325,293,7580,N,61.6666666666667,1,118
7570,38,1.33128,320,7376,N,63.3333333333333,1,118
8011,39,1.4228055,342,7570,N,65,1,118
8044,40,1.41864525,341,8011,N,66.6666666666667,1,118
8389,41,1.447767,348,8044,N,68.3333333333333,1,118
9159,42,1.49769,360,8389,N,70,1,118
8307,43,1.4727285,354,9159,N,71.6666666666667,1,118
8223,44,1.4394465,346,8307,N,73.3333333333333,1,118
8738,46,1.94283675,467,8223,N,76.6666666666667,1,118
9380,47,2.1716505,522,8738,N,78.3333333333333,1,118
10350,48,2.15084925,517,9380,N,80,1,118
9535,49,1.97611875,475,10350,N,81.6666666666667,1,118
10706,50,1.08582525,261,9535,Y,83.3333333333333,2,118
9655,51,0.99846,240,10706,N,85,2,118
10142,52,1.098306,264,9655,N,86.6666666666667,2,118
10351,53,1.1898315,286,10142,N,88.3333333333333,2,118
9580,54,1.21895325,293,10351,N,90,2,118
10954,55,1.347921,324,9580,N,91.6666666666667,2,118
12204,56,1.31879925,317,10954,N,93.3333333333333,2,118
12224,57,1.39368375,335,12204,N,95,2,118
12628,58,1.5060105,362,12224,N,96.6666666666667,2,118
12104,59,1.464408,352,12628,N,98.3333333333333,2,118
11955,60,1.47688875,355,12104,N,100,2,118
12114,61,1.20231225,289,11955,N,101.666666666667,2,118
12605,62,1.630818,392,12114,N,103.333333333333,2,118
14006,63,1.8554715,446,12605,N,105,2,118
13746,64,1.82634975,439,14006,N,106.666666666667,2,118
14376,65,1.081665,260,13746,Y,108.333333333333,3,118
13023,66,1.0234215,246,14376,N,110,3,118
14282,67,1.131588,272,13023,N,111.666666666667,3,118
14267,68,1.347921,324,14282,N,113.333333333333,3,118
13368,69,1.35208125,325,14267,N,115,3,118
13597,70,1.514331,364,13368,N,116.666666666667,3,118
3080,0,0.8902935,214,NA,N,0,0,119
2871,1,0.881973,212,3080,N,1.66666666666667,0,119
2905,2,0.9069345,218,2871,N,3.33333333333333,0,119
3006,3,0.931896,224,2905,N,5,0,119
3105,4,0.9402165,226,3006,N,6.66666666666667,0,119
2911,5,0.98597925,237,3105,N,8.33333333333333,0,119
2125,6,0.99846,240,2911,N,10,0,119
2956,7,1.01926125,245,2125,N,11.6666666666667,0,119
3953,8,1.098306,264,2956,N,13.3333333333333,0,119
4153,9,1.015101,244,3953,N,15,0,119
4190,10,1.14406875,275,4153,N,16.6666666666667,0,119
4029,11,1.1232675,270,4190,N,18.3333333333333,0,119
4262,12,1.114947,268,4029,N,20,0,119
3755,13,1.1399085,274,4262,N,21.6666666666667,0,119
3509,14,1.181511,284,3755,N,23.3333333333333,0,119
4275,15,1.16903025,281,3509,N,25,0,119
5039,16,1.11910725,269,4275,N,26.6666666666667,0,119
4933,17,1.214793,292,5039,N,28.3333333333333,0,119
5219,18,1.148229,276,4933,N,30,0,119
5062,19,1.231434,296,5219,N,31.6666666666667,0,119
5288,20,1.21063275,291,5062,N,33.3333333333333,0,119
5113,21,1.41032475,339,5288,N,35,0,119
5450,22,1.14406875,275,5113,N,36.6666666666667,0,119
5143,23,1.31047875,315,5450,N,38.3333333333333,0,119
6516,24,1.264716,304,5143,N,40,0,119
6150,25,1.381203,332,6516,N,41.6666666666667,0,119
5695,26,1.77642675,427,6150,N,43.3333333333333,0,119
6422,27,1.72650375,415,5695,N,45,0,119
6354,28,2.013561,484,6422,N,46.6666666666667,0,119
6319,29,1.980279,476,6354,N,48.3333333333333,0,119
6283,30,2.2548555,542,6319,N,50,0,119
6673,31,1.131588,272,6283,Y,51.6666666666667,1,119
7824,32,1.114947,268,6673,N,53.3333333333333,1,119
7582,33,1.281357,308,7824,N,55,1,119
6857,34,1.248075,300,7582,N,56.6666666666667,1,119
7561,35,1.264716,304,6857,N,58.3333333333333,1,119
7678,36,1.297998,312,7561,N,60,1,119
7379,37,1.3562415,326,7678,N,61.6666666666667,1,119
7573,38,1.4228055,342,7379,N,63.3333333333333,1,119
8012,39,1.49769,360,7573,N,65,1,119
8187,40,1.5226515,366,8012,N,66.6666666666667,1,119
8763,41,1.55177325,373,8187,N,68.3333333333333,1,119
9305,42,1.60169625,385,8763,N,70,1,119
8705,43,1.70986275,411,9305,N,71.6666666666667,1,119
8475,44,1.8055485,434,8705,N,73.3333333333333,1,119
9128,45,1.9553175,470,8475,N,75,1,119
8998,46,2.03436225,489,9128,N,76.6666666666667,1,119
9498,47,2.12588775,511,8998,N,78.3333333333333,1,119
10653,48,2.3879835,574,9498,N,80,1,119
10027,49,2.6043165,626,10653,N,81.6666666666667,1,119
10921,50,2.72496375,655,10027,N,83.3333333333333,1,119
10071,51,1.2730365,306,10921,Y,85,2,119
10321,52,1.32711975,319,10071,N,86.6666666666667,2,119
10719,53,1.43528625,345,10321,N,88.3333333333333,2,119
10080,54,1.60169625,385,10719,N,90,2,119
12115,55,1.6724205,402,10080,N,91.6666666666667,2,119
12211,56,1.6058565,386,12115,N,93.3333333333333,2,119
12231,57,1.73482425,417,12211,N,95,2,119
12629,58,1.5725745,378,12231,N,96.6666666666667,2,119
3080,0,0.8902935,214,NA,N,0,0,120
2871,1,0.881973,212,3080,N,1.66666666666667,0,120
2905,2,0.9069345,218,2871,N,3.33333333333333,0,120
3006,3,0.931896,224,2905,N,5,0,120
3105,4,0.9402165,226,3006,N,6.66666666666667,0,120
2911,5,0.98597925,237,3105,N,8.33333333333333,0,120
2125,6,0.99846,240,2911,N,10,0,120
2956,7,1.01926125,245,2125,N,11.6666666666667,0,120
3953,8,1.098306,264,2956,N,13.3333333333333,0,120
4153,9,1.015101,244,3953,N,15,0,120
4190,10,1.14406875,275,4153,N,16.6666666666667,0,120
4029,11,1.1232675,270,4190,N,18.3333333333333,0,120
4262,12,1.114947,268,4029,N,20,0,120
3755,13,1.1399085,274,4262,N,21.6666666666667,0,120
3509,14,1.181511,284,3755,N,23.3333333333333,0,120
4275,15,1.16903025,281,3509,N,25,0,120
5039,16,1.11910725,269,4275,N,26.6666666666667,0,120
4933,17,1.214793,292,5039,N,28.3333333333333,0,120
5219,18,1.148229,276,4933,N,30,0,120
5062,19,1.231434,296,5219,N,31.6666666666667,0,120
5288,20,1.21063275,291,5062,N,33.3333333333333,0,120
5113,21,1.41032475,339,5288,N,35,0,120
5450,22,1.14406875,275,5113,N,36.6666666666667,0,120
5143,23,1.31047875,315,5450,N,38.3333333333333,0,120
6516,24,1.264716,304,5143,N,40,0,120
6150,25,1.381203,332,6516,N,41.6666666666667,0,120
5695,26,1.77642675,427,6150,N,43.3333333333333,0,120
6422,27,1.72650375,415,5695,N,45,0,120
6354,28,2.013561,484,6422,N,46.6666666666667,0,120
6319,29,1.980279,476,6354,N,48.3333333333333,0,120
6283,30,2.2548555,542,6319,N,50,0,120
6673,31,1.131588,272,6283,Y,51.6666666666667,1,120
7824,32,1.114947,268,6673,N,53.3333333333333,1,120
7582,33,1.281357,308,7824,N,55,1,120
6857,34,1.248075,300,7582,N,56.6666666666667,1,120
7561,35,1.264716,304,6857,N,58.3333333333333,1,120
7678,36,1.297998,312,7561,N,60,1,120
7379,37,1.3562415,326,7678,N,61.6666666666667,1,120
7573,38,1.4228055,342,7379,N,63.3333333333333,1,120
8012,39,1.49769,360,7573,N,65,1,120
8187,40,1.5226515,366,8012,N,66.6666666666667,1,120
8763,41,1.55177325,373,8187,N,68.3333333333333,1,120
9305,42,1.60169625,385,8763,N,70,1,120
8705,43,1.70986275,411,9305,N,71.6666666666667,1,120
8475,44,1.8055485,434,8705,N,73.3333333333333,1,120
9128,45,1.9553175,470,8475,N,75,1,120
8998,46,2.03436225,489,9128,N,76.6666666666667,1,120
9498,47,2.12588775,511,8998,N,78.3333333333333,1,120
10653,48,2.3879835,574,9498,N,80,1,120
10027,49,2.6043165,626,10653,N,81.6666666666667,1,120
10921,50,2.72496375,655,10027,N,83.3333333333333,1,120
10069,51,1.22727375,295,10921,Y,85,2,120
10320,52,1.24391475,299,10069,N,86.6666666666667,2,120
10715,53,1.40200425,337,10320,N,88.3333333333333,2,120
10079,54,1.47688875,355,10715,N,90,2,120
12107,55,1.47688875,355,10079,N,91.6666666666667,2,120
12181,56,1.50185025,361,12107,N,93.3333333333333,2,120
12192,57,1.59337575,383,12181,N,95,2,120
12622,58,1.880433,452,12192,N,96.6666666666667,2,120
12074,59,1.963638,472,12622,N,98.3333333333333,2,120
11914,60,1.9553175,470,12074,N,100,2,120
12078,61,2.22573375,535,11914,N,101.666666666667,2,120
12593,62,2.096766,504,12078,N,103.333333333333,2,120
13991,63,2.4212655,582,12593,N,105,2,120
13738,64,1.18567125,285,13991,Y,106.666666666667,3,120
14367,65,1.29383775,311,13738,N,108.333333333333,3,120
13014,66,1.4228055,342,14367,N,110,3,120
14742,67,1.47688875,355,13014,N,111.666666666667,3,120
14761,68,1.60169625,385,14742,N,113.333333333333,3,120
13866,69,1.747305,420,14761,N,115,3,120
14746,70,1.797228,432,13866,N,116.666666666667,3,120
2325,0,1.264716,304,NA,N,0,0,121
2373,1,1.36040175,327,2325,N,1.66666666666667,0,121
2337,2,1.33544025,321,2373,N,3.33333333333333,0,121
2463,3,1.4061645,338,2337,N,5,0,121
2539,4,1.42696575,343,2463,N,6.66666666666667,0,121
2468,5,1.49769,360,2539,N,8.33333333333333,0,121
2042,6,1.51017075,363,2468,N,10,0,121
2360,7,1.5725745,378,2042,N,11.6666666666667,0,121
3465,8,1.53513225,369,2360,N,13.3333333333333,0,121
3663,9,1.60169625,385,3465,N,15,0,121
3816,10,1.597536,384,3663,N,16.6666666666667,0,121
3542,11,1.56009375,375,3816,N,18.3333333333333,0,121
3951,12,1.630818,392,3542,N,20,0,121
3308,13,1.7057025,410,3951,N,21.6666666666667,0,121
3182,14,1.50185025,361,3308,N,23.3333333333333,0,121
3753,15,1.62665775,391,3182,N,25,0,121
4554,16,1.65161925,397,3753,N,26.6666666666667,0,121
4539,17,1.88459325,453,4554,N,28.3333333333333,0,121
4649,18,1.730664,416,4539,N,30,0,121
4626,19,2.05932375,495,4649,N,31.6666666666667,0,121
4833,20,2.15084925,517,4626,N,33.3333333333333,0,121
4606,21,2.35054125,565,4833,N,35,0,121
5364,22,2.546073,612,4606,N,36.6666666666667,0,121
4604,23,2.562714,616,5364,N,38.3333333333333,0,121
6394,24,1.26055575,303,4604,Y,40,1,121
5756,25,1.33544025,321,6394,N,41.6666666666667,1,121
5612,26,1.381203,332,5756,N,43.3333333333333,1,121
5877,27,1.42696575,343,5612,N,45,1,121
5920,28,1.564254,376,5877,N,46.6666666666667,1,121
5931,29,1.614177,388,5920,N,48.3333333333333,1,121
5855,30,1.8055485,434,5931,N,50,1,121
6587,31,1.7889075,430,5855,N,51.6666666666667,1,121
7719,32,1.97611875,475,6587,N,53.3333333333333,1,121
7180,33,2.0218815,486,7719,N,55,1,121
6751,34,1.99275975,479,7180,N,56.6666666666667,1,121
7110,35,1.79306775,431,6751,N,58.3333333333333,1,121
7193,36,2.296458,552,7110,N,60,1,121
6974,37,2.063484,496,7193,N,61.6666666666667,1,121
7186,38,2.3547015,566,6974,N,63.3333333333333,1,121
7922,39,2.396304,576,7186,N,65,1,121
8096,40,2.55023325,613,7922,N,66.6666666666667,1,121
8541,41,2.66672025,641,8096,N,68.3333333333333,1,121
9215,42,1.30215825,313,8541,Y,70,2,121
8439,43,1.30215825,313,9215,N,71.6666666666667,2,121
8275,44,1.2896775,310,8439,N,73.3333333333333,2,121
2331,0,0.9901395,238,NA,N,0,0,122
2374,1,1.0067805,242,2331,N,1.66666666666667,0,122
2341,2,0.97765875,235,2374,N,3.33333333333333,0,122
2465,3,1.05254325,253,2341,N,5,0,122
2543,4,1.02758175,247,2465,N,6.66666666666667,0,122
2477,5,1.1066265,266,2543,N,8.33333333333333,0,122
2044,6,1.131588,272,2477,N,10,0,122
2386,7,1.12742775,271,2044,N,11.6666666666667,0,122
3486,8,1.1399085,274,2386,N,13.3333333333333,0,122
3682,9,1.1232675,270,3486,N,15,0,122
3839,10,1.29383775,311,3682,N,16.6666666666667,0,122
3566,11,1.28551725,309,3839,N,18.3333333333333,0,122
3974,12,1.30215825,313,3566,N,20,0,122
3318,13,1.36040175,327,3974,N,21.6666666666667,0,122
3188,14,1.3728825,330,3318,N,23.3333333333333,0,122
3782,15,1.3728825,330,3188,N,25,0,122
4575,16,1.431126,344,3782,N,26.6666666666667,0,122
4559,17,1.45192725,349,4575,N,28.3333333333333,0,122
4679,18,1.46856825,353,4559,N,30,0,122
4652,19,1.5725745,378,4679,N,31.6666666666667,0,122
5014,20,1.56841425,377,4652,N,33.3333333333333,0,122
4637,21,1.630818,392,5014,N,35,0,122
5369,22,1.77642675,427,4637,N,36.6666666666667,0,122
4715,23,1.83051,440,5369,N,38.3333333333333,0,122
6403,24,2.1050865,506,4715,N,40,0,122
5781,25,2.313099,556,6403,N,41.6666666666667,0,122
5617,26,2.44206675,587,5781,N,43.3333333333333,0,122
5900,27,2.4878295,598,5617,N,45,0,122
5946,28,2.695842,648,5900,N,46.6666666666667,0,122
5968,29,2.629278,632,5946,N,48.3333333333333,0,122
5882,30,2.745765,660,5968,N,50,0,122
6592,31,2.878893,692,5882,N,51.6666666666667,0,122
7743,32,3.145149,756,6592,N,53.3333333333333,0,122
7208,33,2.8206495,678,7743,N,55,0,122
6757,34,1.24391475,299,7208,Y,56.6666666666667,1,122
7141,35,1.14406875,275,6757,N,58.3333333333333,1,122
7226,36,1.3229595,318,7141,N,60,1,122
7023,37,1.347921,324,7226,N,61.6666666666667,1,122
7218,38,1.35208125,325,7023,N,63.3333333333333,1,122
7928,39,1.4560875,350,7218,N,65,1,122
8101,40,1.54345275,371,7928,N,66.6666666666667,1,122
2331,0,0.9901395,238,NA,N,0,0,123
2374,1,1.0067805,242,2331,N,1.66666666666667,0,123
2341,2,0.97765875,235,2374,N,3.33333333333333,0,123
2465,3,1.05254325,253,2341,N,5,0,123
2543,4,1.02758175,247,2465,N,6.66666666666667,0,123
2477,5,1.1066265,266,2543,N,8.33333333333333,0,123
2044,6,1.131588,272,2477,N,10,0,123
2386,7,1.12742775,271,2044,N,11.6666666666667,0,123
3486,8,1.1399085,274,2386,N,13.3333333333333,0,123
3682,9,1.1232675,270,3486,N,15,0,123
3839,10,1.29383775,311,3682,N,16.6666666666667,0,123
3566,11,1.28551725,309,3839,N,18.3333333333333,0,123
3974,12,1.30215825,313,3566,N,20,0,123
3318,13,1.36040175,327,3974,N,21.6666666666667,0,123
3188,14,1.3728825,330,3318,N,23.3333333333333,0,123
3782,15,1.3728825,330,3188,N,25,0,123
4575,16,1.431126,344,3782,N,26.6666666666667,0,123
4559,17,1.45192725,349,4575,N,28.3333333333333,0,123
4679,18,1.46856825,353,4559,N,30,0,123
4652,19,1.5725745,378,4679,N,31.6666666666667,0,123
5014,20,1.56841425,377,4652,N,33.3333333333333,0,123
4637,21,1.630818,392,5014,N,35,0,123
5369,22,1.77642675,427,4637,N,36.6666666666667,0,123
4715,23,1.83051,440,5369,N,38.3333333333333,0,123
6403,24,2.1050865,506,4715,N,40,0,123
5781,25,2.313099,556,6403,N,41.6666666666667,0,123
5617,26,2.44206675,587,5781,N,43.3333333333333,0,123
5900,27,2.4878295,598,5617,N,45,0,123
5946,28,2.695842,648,5900,N,46.6666666666667,0,123
5968,29,2.629278,632,5946,N,48.3333333333333,0,123
5882,30,2.745765,660,5968,N,50,0,123
6592,31,2.878893,692,5882,N,51.6666666666667,0,123
7743,32,3.145149,756,6592,N,53.3333333333333,0,123
7208,33,2.8206495,678,7743,N,55,0,123
6756,34,1.54345275,371,7208,Y,56.6666666666667,1,123
7137,35,1.5892155,382,6756,N,58.3333333333333,1,123
7221,36,1.58505525,381,7137,N,60,1,123
7017,37,1.57673475,379,7221,N,61.6666666666667,1,123
7213,38,1.547613,372,7017,N,63.3333333333333,1,123
7927,39,1.6224975,390,7213,N,65,1,123
8100,40,1.7556255,422,7927,N,66.6666666666667,1,123
8552,41,1.85131125,445,8100,N,68.3333333333333,1,123
9218,42,1.97611875,475,8552,N,70,1,123
8452,43,2.013561,484,9218,N,71.6666666666667,1,123
8279,44,2.130048,512,8452,N,73.3333333333333,1,123
8989,45,2.24237475,539,8279,N,75,1,123
8791,46,2.30061825,553,8989,N,76.6666666666667,1,123
9398,47,2.32557975,559,8791,N,78.3333333333333,1,123
10464,48,2.51695125,605,9398,N,80,1,123
9727,49,2.66256,640,10464,N,81.6666666666667,1,123
10817,50,2.66256,640,9727,N,83.3333333333333,1,123
9827,51,2.89137375,695,10817,N,85,1,123
10209,52,2.928816,704,9827,N,86.6666666666667,1,123
10344,53,1.33544025,321,10209,Y,88.3333333333333,2,123
9575,54,1.381203,332,10344,N,90,2,123
10949,55,1.65993975,399,9575,N,91.6666666666667,2,123
2331,0,0.9901395,238,NA,N,0,0,124
2374,1,1.0067805,242,2331,N,1.66666666666667,0,124
2341,2,0.97765875,235,2374,N,3.33333333333333,0,124
2465,3,1.05254325,253,2341,N,5,0,124
2543,4,1.02758175,247,2465,N,6.66666666666667,0,124
2477,5,1.1066265,266,2543,N,8.33333333333333,0,124
2044,6,1.131588,272,2477,N,10,0,124
2386,7,1.12742775,271,2044,N,11.6666666666667,0,124
3486,8,1.1399085,274,2386,N,13.3333333333333,0,124
3682,9,1.1232675,270,3486,N,15,0,124
3839,10,1.29383775,311,3682,N,16.6666666666667,0,124
3566,11,1.28551725,309,3839,N,18.3333333333333,0,124
3974,12,1.30215825,313,3566,N,20,0,124
3318,13,1.36040175,327,3974,N,21.6666666666667,0,124
3188,14,1.3728825,330,3318,N,23.3333333333333,0,124
3782,15,1.3728825,330,3188,N,25,0,124
4575,16,1.431126,344,3782,N,26.6666666666667,0,124
4559,17,1.45192725,349,4575,N,28.3333333333333,0,124
4679,18,1.46856825,353,4559,N,30,0,124
4652,19,1.5725745,378,4679,N,31.6666666666667,0,124
5014,20,1.56841425,377,4652,N,33.3333333333333,0,124
4637,21,1.630818,392,5014,N,35,0,124
5369,22,1.77642675,427,4637,N,36.6666666666667,0,124
4715,23,1.83051,440,5369,N,38.3333333333333,0,124
6403,24,2.1050865,506,4715,N,40,0,124
5781,25,2.313099,556,6403,N,41.6666666666667,0,124
5617,26,2.44206675,587,5781,N,43.3333333333333,0,124
5900,27,2.4878295,598,5617,N,45,0,124
5946,28,2.695842,648,5900,N,46.6666666666667,0,124
5968,29,2.629278,632,5946,N,48.3333333333333,0,124
5882,30,2.745765,660,5968,N,50,0,124
6592,31,2.878893,692,5882,N,51.6666666666667,0,124
7743,32,3.145149,756,6592,N,53.3333333333333,0,124
7208,33,2.8206495,678,7743,N,55,0,124
6756,34,1.54345275,371,7208,Y,56.6666666666667,1,124
7137,35,1.5892155,382,6756,N,58.3333333333333,1,124
7221,36,1.58505525,381,7137,N,60,1,124
7017,37,1.57673475,379,7221,N,61.6666666666667,1,124
7213,38,1.547613,372,7017,N,63.3333333333333,1,124
7927,39,1.6224975,390,7213,N,65,1,124
8100,40,1.7556255,422,7927,N,66.6666666666667,1,124
8552,41,1.85131125,445,8100,N,68.3333333333333,1,124
9218,42,1.97611875,475,8552,N,70,1,124
8452,43,2.013561,484,9218,N,71.6666666666667,1,124
8279,44,2.130048,512,8452,N,73.3333333333333,1,124
8989,45,2.24237475,539,8279,N,75,1,124
8791,46,2.30061825,553,8989,N,76.6666666666667,1,124
9398,47,2.32557975,559,8791,N,78.3333333333333,1,124
10464,48,2.51695125,605,9398,N,80,1,124
9727,49,2.66256,640,10464,N,81.6666666666667,1,124
10817,50,2.66256,640,9727,N,83.3333333333333,1,124
9827,51,2.89137375,695,10817,N,85,1,124
10209,52,2.928816,704,9827,N,86.6666666666667,1,124
10664,53,1.51017075,363,10209,Y,88.3333333333333,2,124
9874,54,1.46024775,351,10664,N,90,2,124
11949,55,1.68490125,405,9874,N,91.6666666666667,2,124
12229,56,1.79306775,431,11949,N,93.3333333333333,2,124
12236,57,1.84299075,443,12229,N,95,2,124
12635,58,1.85963175,447,12236,N,96.6666666666667,2,124
12117,59,2.06764425,497,12635,N,98.3333333333333,2,124
11988,60,2.046843,492,12117,N,100,2,124
12131,61,2.44206675,587,11988,N,101.666666666667,2,124
12610,62,2.57519475,619,12131,N,103.333333333333,2,124
14016,63,2.862252,688,12610,N,105,2,124
13754,64,3.14930925,757,14016,N,106.666666666667,2,124
14385,65,1.214793,292,13754,Y,108.333333333333,3,124
13030,66,1.1731905,282,14385,N,110,3,124
14290,67,1.381203,332,13030,N,111.666666666667,3,124
2778,0,0.6906015,166,NA,N,0,0,125
2733,1,0.82788975,199,2778,N,1.66666666666667,0,125
2665,2,0.83621025,201,2733,N,3.33333333333333,0,125
2824,3,0.85285125,205,2665,N,5,0,125
3038,4,0.78628725,189,2824,N,6.66666666666667,0,125
2719,5,0.798768,192,3038,N,8.33333333333333,0,125
2090,6,0.8570115,206,2719,N,10,0,125
2805,7,0.881973,212,2090,N,11.6666666666667,0,125
3751,8,0.88613325,213,2805,N,13.3333333333333,0,125
3993,9,1.00262025,241,3751,N,15,0,125
4141,10,0.95269725,229,3993,N,16.6666666666667,0,125
3853,11,0.98597925,237,4141,N,18.3333333333333,0,125
4222,12,0.99429975,239,3853,N,20,0,125
3567,13,0.965178,232,4222,N,21.6666666666667,0,125
3344,14,1.00262025,241,3567,N,23.3333333333333,0,125
4077,15,1.065024,256,3344,N,25,0,125
4920,16,1.048383,252,4077,N,26.6666666666667,0,125
4791,17,1.10246625,265,4920,N,28.3333333333333,0,125
5192,18,1.08582525,261,4791,N,30,0,125
4922,19,1.15238925,277,5192,N,31.6666666666667,0,125
5258,20,1.10246625,265,4922,N,33.3333333333333,0,125
4918,21,1.11910725,269,5258,N,35,0,125
5416,22,1.1066265,266,4918,N,36.6666666666667,0,125
4978,23,1.27719675,307,5416,N,38.3333333333333,0,125
6484,24,1.23559425,297,4978,N,40,0,125
5981,25,1.2397545,298,6484,N,41.6666666666667,0,125
5659,26,1.6224975,390,5981,N,43.3333333333333,0,125
6123,27,1.5892155,382,5659,N,45,0,125
6185,28,1.78474725,429,6123,N,46.6666666666667,0,125
6186,29,0.8570115,206,6185,Y,48.3333333333333,1,125
2778,0,0.6906015,166,NA,N,0,0,126
2733,1,0.82788975,199,2778,N,1.66666666666667,0,126
2665,2,0.83621025,201,2733,N,3.33333333333333,0,126
2824,3,0.85285125,205,2665,N,5,0,126
3038,4,0.78628725,189,2824,N,6.66666666666667,0,126
2719,5,0.798768,192,3038,N,8.33333333333333,0,126
2090,6,0.8570115,206,2719,N,10,0,126
2805,7,0.881973,212,2090,N,11.6666666666667,0,126
3751,8,0.88613325,213,2805,N,13.3333333333333,0,126
3993,9,1.00262025,241,3751,N,15,0,126
4141,10,0.95269725,229,3993,N,16.6666666666667,0,126
3853,11,0.98597925,237,4141,N,18.3333333333333,0,126
4222,12,0.99429975,239,3853,N,20,0,126
3567,13,0.965178,232,4222,N,21.6666666666667,0,126
3344,14,1.00262025,241,3567,N,23.3333333333333,0,126
4077,15,1.065024,256,3344,N,25,0,126
4920,16,1.048383,252,4077,N,26.6666666666667,0,126
4791,17,1.10246625,265,4920,N,28.3333333333333,0,126
5192,18,1.08582525,261,4791,N,30,0,126
4922,19,1.15238925,277,5192,N,31.6666666666667,0,126
5258,20,1.10246625,265,4922,N,33.3333333333333,0,126
4918,21,1.11910725,269,5258,N,35,0,126
5416,22,1.1066265,266,4918,N,36.6666666666667,0,126
4978,23,1.27719675,307,5416,N,38.3333333333333,0,126
6484,24,1.23559425,297,4978,N,40,0,126
5981,25,1.2397545,298,6484,N,41.6666666666667,0,126
5659,26,1.6224975,390,5981,N,43.3333333333333,0,126
6123,27,1.5892155,382,5659,N,45,0,126
6185,28,1.78474725,429,6123,N,46.6666666666667,0,126
6188,29,0.8237295,198,6185,Y,48.3333333333333,1,126
6095,30,1.065024,256,6188,N,50,1,126
6639,31,1.181511,284,6095,N,51.6666666666667,1,126
7786,32,1.16487,280,6639,N,53.3333333333333,1,126
7465,33,1.18567125,285,7786,N,55,1,126
6800,34,1.364562,328,7465,N,56.6666666666667,1,126
7429,35,1.1066265,266,6800,N,58.3333333333333,1,126
7533,36,1.37704275,331,7429,N,60,1,126
8144,40,1.88459325,453,7533,N,66.6666666666667,1,126
8636,41,1.8721125,450,8144,N,68.3333333333333,1,126
9262,42,1.07750475,259,8636,Y,70,2,126
8575,43,1.081665,260,9262,N,71.6666666666667,2,126
8340,44,1.1898315,286,8575,N,73.3333333333333,2,126
9078,45,1.07750475,259,8340,N,75,2,126
8893,46,1.0400625,250,9078,N,76.6666666666667,2,126
9449,47,1.181511,284,8893,N,78.3333333333333,2,126
9869,49,1.297998,312,9449,N,81.6666666666667,2,126
10871,50,1.4727285,354,9869,N,83.3333333333333,2,126
9981,51,1.44360675,347,10871,N,85,2,126
10269,52,1.597536,384,9981,N,86.6666666666667,2,126
10615,53,1.45192725,349,10269,N,88.3333333333333,2,126
9825,54,1.49352975,359,10615,N,90,2,126
11763,55,1.414485,340,9825,N,91.6666666666667,2,126
12035,56,1.74314475,419,11763,N,93.3333333333333,2,126
11899,57,1.71818325,413,12035,N,95,2,126
12518,58,0.732204,176,11899,Y,96.6666666666667,3,126
11867,59,0.70308225,169,12518,N,98.3333333333333,3,126
11734,60,0.71972325,173,11867,N,100,3,126
11915,61,0.66980025,161,11734,N,101.666666666667,3,126
12453,62,0.79460775,191,11915,N,103.333333333333,3,126
13890,63,0.77796675,187,12453,N,105,3,126
13668,64,0.798768,192,13890,N,106.666666666667,3,126
14261,65,0.99846,240,13668,N,108.333333333333,3,126
2388,0,1.214793,292,NA,N,0,0,127
2380,1,1.22727375,295,2388,N,1.66666666666667,0,127
2358,2,1.19399175,287,2380,N,3.33333333333333,0,127
2478,3,1.248075,300,2358,N,5,0,127
2551,4,1.17735075,283,2478,N,6.66666666666667,0,127
2491,5,1.2397545,298,2551,N,8.33333333333333,0,127
2047,6,1.26055575,303,2491,N,10,0,127
2429,7,1.347921,324,2047,N,11.6666666666667,0,127
3504,8,1.24391475,299,2429,N,13.3333333333333,0,127
3700,9,1.364562,328,3504,N,15,0,127
3859,10,1.4061645,338,3700,N,16.6666666666667,0,127
3580,11,1.464408,352,3859,N,18.3333333333333,0,127
3995,12,1.37704275,331,3580,N,20,0,127
3329,13,1.4893695,358,3995,N,21.6666666666667,0,127
3194,14,1.52681175,367,3329,N,23.3333333333333,0,127
3803,15,1.52681175,367,3194,N,25,0,127
4589,16,1.54345275,371,3803,N,26.6666666666667,0,127
4576,17,1.67658075,403,4589,N,28.3333333333333,0,127
4696,18,1.6391385,394,4576,N,30,0,127
4665,19,1.7223435,414,4696,N,31.6666666666667,0,127
5031,20,1.88459325,453,4665,N,33.3333333333333,0,127
4408,21,1.57673475,379,5031,N,35,0,127
5314,22,1.714023,412,4408,N,36.6666666666667,0,127
4329,23,0.91941525,221,5314,Y,38.3333333333333,1,127
5541,24,1.015101,244,4329,N,40,1,127
2124,0,1.41864525,341,NA,N,0,0,128
2126,1,1.46856825,353,2124,N,1.66666666666667,0,128
2153,2,1.5060105,362,2126,N,3.33333333333333,0,128
2150,3,1.6391385,394,2153,N,5,0,128
2152,4,1.58505525,381,2150,N,6.66666666666667,0,128
2188,5,1.580895,380,2152,N,8.33333333333333,0,128
2003,6,1.61833725,389,2188,N,10,0,128
2180,7,1.66826025,401,2003,N,11.6666666666667,0,128
3303,8,1.714023,412,2180,N,13.3333333333333,0,128
3436,9,1.6641,400,3303,N,15,0,128
3205,10,1.8055485,434,3436,N,16.6666666666667,0,128
3337,11,1.84299075,443,3205,N,18.3333333333333,0,128
3652,12,1.84299075,443,3337,N,20,0,128
3183,13,1.7556255,422,3652,N,21.6666666666667,0,128
3135,14,1.8388305,442,3183,N,23.3333333333333,0,128
3442,15,1.86795225,449,3135,N,25,0,128
4315,16,1.92619575,463,3442,N,26.6666666666667,0,128
4316,17,1.8721125,450,4315,N,28.3333333333333,0,128
4413,18,1.8388305,442,4316,N,30,0,128
4321,19,1.95947775,471,4413,N,31.6666666666667,0,128
4362,20,1.8388305,442,4321,N,33.3333333333333,0,128
4393,21,1.9719585,474,4362,N,35,0,128
5306,22,2.146689,516,4393,N,36.6666666666667,0,128
4305,23,2.37550275,571,5306,N,38.3333333333333,0,128
5480,24,2.39214375,575,4305,N,40,0,128
5479,25,2.30061825,553,5480,N,41.6666666666667,0,128
5487,26,2.43374625,585,5479,N,43.3333333333333,0,128
5478,27,2.48366925,597,5487,N,45,0,128
5526,28,2.66256,640,5478,N,46.6666666666667,0,128
5500,29,2.4878295,598,5526,N,48.3333333333333,0,128
5491,30,2.6043165,626,5500,N,50,0,128
6540,31,2.62511775,631,5491,N,51.6666666666667,0,128
6991,32,3.03282225,729,6540,N,53.3333333333333,0,128
6911,33,1.347921,324,6991,Y,55,1,128
6705,34,1.447767,348,6911,N,56.6666666666667,1,128
6886,35,1.52681175,367,6705,N,58.3333333333333,1,128
2124,0,1.41864525,341,NA,N,0,0,129
2126,1,1.46856825,353,2124,N,1.66666666666667,0,129
2153,2,1.5060105,362,2126,N,3.33333333333333,0,129
2150,3,1.6391385,394,2153,N,5,0,129
2152,4,1.58505525,381,2150,N,6.66666666666667,0,129
2188,5,1.580895,380,2152,N,8.33333333333333,0,129
2003,6,1.61833725,389,2188,N,10,0,129
2180,7,1.66826025,401,2003,N,11.6666666666667,0,129
3303,8,1.714023,412,2180,N,13.3333333333333,0,129
3436,9,1.6641,400,3303,N,15,0,129
3205,10,1.8055485,434,3436,N,16.6666666666667,0,129
3337,11,1.84299075,443,3205,N,18.3333333333333,0,129
3652,12,1.84299075,443,3337,N,20,0,129
3183,13,1.7556255,422,3652,N,21.6666666666667,0,129
3135,14,1.8388305,442,3183,N,23.3333333333333,0,129
3442,15,1.86795225,449,3135,N,25,0,129
4315,16,1.92619575,463,3442,N,26.6666666666667,0,129
4316,17,1.8721125,450,4315,N,28.3333333333333,0,129
4413,18,1.8388305,442,4316,N,30,0,129
4321,19,1.95947775,471,4413,N,31.6666666666667,0,129
4362,20,1.8388305,442,4321,N,33.3333333333333,0,129
4393,21,1.9719585,474,4362,N,35,0,129
5306,22,2.146689,516,4393,N,36.6666666666667,0,129
4305,23,2.37550275,571,5306,N,38.3333333333333,0,129
5480,24,2.39214375,575,4305,N,40,0,129
5479,25,2.30061825,553,5480,N,41.6666666666667,0,129
5487,26,2.43374625,585,5479,N,43.3333333333333,0,129
5478,27,2.48366925,597,5487,N,45,0,129
5526,28,2.66256,640,5478,N,46.6666666666667,0,129
5500,29,2.4878295,598,5526,N,48.3333333333333,0,129
5491,30,2.6043165,626,5500,N,50,0,129
6540,31,2.62511775,631,5491,N,51.6666666666667,0,129
6991,32,3.03282225,729,6540,N,53.3333333333333,0,129
6908,33,1.2896775,310,6991,Y,55,1,129
6704,34,1.43528625,345,6908,N,56.6666666666667,1,129
6882,35,1.26887625,305,6704,N,58.3333333333333,1,129
6932,36,1.4893695,358,6882,N,60,1,129
6831,37,1.74314475,419,6932,N,61.6666666666667,1,129
6927,38,1.85131125,445,6831,N,63.3333333333333,1,129
7872,39,1.946997,468,6927,N,65,1,129
8043,40,1.9885995,478,7872,N,66.6666666666667,1,129
8386,41,1.9885995,478,8043,N,68.3333333333333,1,129
9158,42,2.00108025,481,8386,N,70,1,129
8304,43,2.03436225,489,9158,N,71.6666666666667,1,129
8222,44,2.20909275,531,8304,N,73.3333333333333,1,129
8865,45,2.59183575,623,8222,N,75,1,129
8622,46,2.56687425,617,8865,N,76.6666666666667,1,129
9338,47,2.795688,672,8622,N,78.3333333333333,1,129
10346,48,2.69168175,647,9338,N,80,1,129
9533,49,1.364562,328,10346,Y,81.6666666666667,2,129
10702,50,1.397844,336,9533,N,83.3333333333333,2,129
2124,0,1.41864525,341,NA,N,0,0,130
2126,1,1.46856825,353,2124,N,1.66666666666667,0,130
2153,2,1.5060105,362,2126,N,3.33333333333333,0,130
2150,3,1.6391385,394,2153,N,5,0,130
2152,4,1.58505525,381,2150,N,6.66666666666667,0,130
2188,5,1.580895,380,2152,N,8.33333333333333,0,130
2003,6,1.61833725,389,2188,N,10,0,130
2180,7,1.66826025,401,2003,N,11.6666666666667,0,130
3303,8,1.714023,412,2180,N,13.3333333333333,0,130
3436,9,1.6641,400,3303,N,15,0,130
3205,10,1.8055485,434,3436,N,16.6666666666667,0,130
3337,11,1.84299075,443,3205,N,18.3333333333333,0,130
3652,12,1.84299075,443,3337,N,20,0,130
3183,13,1.7556255,422,3652,N,21.6666666666667,0,130
3135,14,1.8388305,442,3183,N,23.3333333333333,0,130
3442,15,1.86795225,449,3135,N,25,0,130
4315,16,1.92619575,463,3442,N,26.6666666666667,0,130
4316,17,1.8721125,450,4315,N,28.3333333333333,0,130
4413,18,1.8388305,442,4316,N,30,0,130
4321,19,1.95947775,471,4413,N,31.6666666666667,0,130
4362,20,1.8388305,442,4321,N,33.3333333333333,0,130
4393,21,1.9719585,474,4362,N,35,0,130
5306,22,2.146689,516,4393,N,36.6666666666667,0,130
4305,23,2.37550275,571,5306,N,38.3333333333333,0,130
5480,24,2.39214375,575,4305,N,40,0,130
5479,25,2.30061825,553,5480,N,41.6666666666667,0,130
5487,26,2.43374625,585,5479,N,43.3333333333333,0,130
5478,27,2.48366925,597,5487,N,45,0,130
5526,28,2.66256,640,5478,N,46.6666666666667,0,130
5500,29,2.4878295,598,5526,N,48.3333333333333,0,130
5491,30,2.6043165,626,5500,N,50,0,130
6540,31,2.62511775,631,5491,N,51.6666666666667,0,130
6991,32,3.03282225,729,6540,N,53.3333333333333,0,130
6908,33,1.2896775,310,6991,Y,55,1,130
6704,34,1.43528625,345,6908,N,56.6666666666667,1,130
6882,35,1.26887625,305,6704,N,58.3333333333333,1,130
6932,36,1.4893695,358,6882,N,60,1,130
6831,37,1.74314475,419,6932,N,61.6666666666667,1,130
6927,38,1.85131125,445,6831,N,63.3333333333333,1,130
7872,39,1.946997,468,6927,N,65,1,130
8043,40,1.9885995,478,7872,N,66.6666666666667,1,130
8386,41,1.9885995,478,8043,N,68.3333333333333,1,130
9158,42,2.00108025,481,8386,N,70,1,130
8304,43,2.03436225,489,9158,N,71.6666666666667,1,130
8222,44,2.20909275,531,8304,N,73.3333333333333,1,130
8865,45,2.59183575,623,8222,N,75,1,130
8622,46,2.56687425,617,8865,N,76.6666666666667,1,130
9338,47,2.795688,672,8622,N,78.3333333333333,1,130
10346,48,2.69168175,647,9338,N,80,1,130
9534,49,1.347921,324,10346,Y,81.6666666666667,2,130
10699,50,1.47688875,355,9534,N,83.3333333333333,2,130
9652,51,1.530972,368,10699,N,85,2,130
10140,52,1.49352975,359,9652,N,86.6666666666667,2,130
10347,53,1.64329875,395,10140,N,88.3333333333333,2,130
9577,54,1.80970875,435,10347,N,90,2,130
10950,55,1.980279,476,9577,N,91.6666666666667,2,130
11138,56,2.046843,492,10950,N,93.3333333333333,2,130
11061,57,2.0884455,502,11138,N,95,2,130
11662,58,2.50031025,601,11061,N,96.6666666666667,2,130
11006,59,2.5543935,614,11662,N,98.3333333333333,2,130
10960,60,2.313099,556,11006,N,100,2,130
11060,61,2.5377525,610,10960,N,101.666666666667,2,130
10993,62,1.1565495,278,11060,Y,103.333333333333,3,130
13427,63,1.2896775,310,10993,N,105,3,130
2396,0,1.14406875,275,NA,N,0,0,131
2382,1,1.10246625,265,2396,N,1.66666666666667,0,131
2362,2,1.12742775,271,2382,N,3.33333333333333,0,131
2484,3,1.21063275,291,2362,N,5,0,131
2555,4,1.1399085,274,2484,N,6.66666666666667,0,131
2493,5,1.2397545,298,2555,N,8.33333333333333,0,131
2048,6,1.31047875,315,2493,N,10,0,131
2436,7,1.4061645,338,2048,N,11.6666666666667,0,131
3510,8,1.39368375,335,2436,N,13.3333333333333,0,131
3706,9,1.34376075,323,3510,N,15,0,131
3866,10,1.5725745,378,3706,N,16.6666666666667,0,131
3585,11,1.47688875,355,3866,N,18.3333333333333,0,131
4001,12,1.41864525,341,3585,N,20,0,131
3334,13,1.46024775,351,4001,N,21.6666666666667,0,131
3197,14,1.5226515,366,3334,N,23.3333333333333,0,131
3812,15,1.7223435,414,3197,N,25,0,131
4595,16,1.70986275,411,3812,N,26.6666666666667,0,131
4581,17,1.730664,416,4595,N,28.3333333333333,0,131
4702,18,1.90955475,459,4581,N,30,0,131
4672,19,2.196612,528,4702,N,31.6666666666667,0,131
5037,20,2.08428525,501,4672,N,33.3333333333333,0,131
14954,21,NA,-1,5037,Y,35,1,131
2620,0,1.33544025,321,NA,N,0,0,132
2640,1,1.20231225,289,2620,N,1.66666666666667,0,132
2607,2,1.22727375,295,2640,N,3.33333333333333,0,132
2745,3,1.3728825,330,2607,N,5,0,132
2907,4,1.34376075,323,2745,N,6.66666666666667,0,132
2570,5,1.36872225,329,2907,N,8.33333333333333,0,132
2076,6,1.3562415,326,2570,N,10,0,132
2614,7,1.41032475,339,2076,N,11.6666666666667,0,132
3665,8,1.49352975,359,2614,N,13.3333333333333,0,132
3900,9,1.44360675,347,3665,N,15,0,132
4049,10,1.4893695,358,3900,N,16.6666666666667,0,132
3744,11,1.4893695,358,4049,N,18.3333333333333,0,132
4139,12,1.564254,376,3744,N,20,0,132
3462,13,1.55177325,373,4139,N,21.6666666666667,0,132
3280,14,1.60169625,385,3462,N,23.3333333333333,0,132
3989,15,1.78474725,429,3280,N,25,0,132
4829,16,1.714023,412,3989,N,26.6666666666667,0,132
4681,17,1.730664,416,4829,N,28.3333333333333,0,132
5173,18,1.8554715,446,4681,N,30,0,132
4830,19,1.81802925,437,5173,N,31.6666666666667,0,132
5154,20,1.730664,416,4830,N,33.3333333333333,0,132
5056,23,0.881973,212,5154,Y,38.3333333333333,1,132
6499,24,0.9568575,230,5056,N,40,1,132
6063,25,1.131588,272,6499,N,41.6666666666667,1,132
5675,26,1.10246625,265,6063,N,43.3333333333333,1,132
6199,27,1.12742775,271,5675,N,45,1,132
6264,28,1.131588,272,6199,N,46.6666666666667,1,132
6275,29,1.198152,288,6264,N,48.3333333333333,1,132
6189,30,1.1565495,278,6275,N,50,1,132
6656,31,1.33544025,321,6189,N,51.6666666666667,1,132
7805,32,1.33128,320,6656,N,53.3333333333333,1,132
7534,33,1.3562415,326,7805,N,55,1,132
6823,34,1.364562,328,7534,N,56.6666666666667,1,132
7500,35,1.747305,420,6823,N,58.3333333333333,1,132
7649,36,1.6391385,394,7500,N,60,1,132
7295,37,1.5392925,370,7649,N,61.6666666666667,1,132
7496,38,1.714023,412,7295,N,63.3333333333333,1,132
7991,39,1.8388305,442,7496,N,65,1,132
8166,40,1.88459325,453,7991,N,66.6666666666667,1,132
8709,41,2.07596475,499,8166,N,68.3333333333333,1,132
9285,42,0.965178,232,8709,Y,70,2,132
8646,43,0.95269725,229,9285,N,71.6666666666667,2,132
2431,0,1.098306,264,NA,N,0,0,133
2385,1,1.314639,316,2431,N,1.66666666666667,0,133
2381,2,1.098306,264,2385,N,3.33333333333333,0,133
2488,3,1.31047875,315,2381,N,5,0,133
2560,4,1.148229,276,2488,N,6.66666666666667,0,133
2494,5,1.2730365,306,2560,N,8.33333333333333,0,133
2050,6,1.37704275,331,2494,N,10,0,133
2448,7,1.39368375,335,2050,N,11.6666666666667,0,133
3522,8,1.314639,316,2448,N,13.3333333333333,0,133
3718,9,1.28551725,309,3522,N,15,0,133
3879,10,1.28551725,309,3718,N,16.6666666666667,0,133
3594,11,1.514331,364,3879,N,18.3333333333333,0,133
4013,12,1.6724205,402,3594,N,20,0,133
3342,13,1.5892155,382,4013,N,21.6666666666667,0,133
3203,14,1.714023,412,3342,N,23.3333333333333,0,133
3829,15,1.6224975,390,3203,N,25,0,133
4608,16,1.9220355,462,3829,N,26.6666666666667,0,133
4586,17,2.10924675,507,4608,N,28.3333333333333,0,133
4706,18,2.16749025,521,4586,N,30,0,133
4680,19,2.10092625,505,4706,N,31.6666666666667,0,133
5043,20,1.89291375,455,4680,N,33.3333333333333,0,133
4654,21,2.1050865,506,5043,N,35,0,133
5373,22,2.046843,492,4654,N,36.6666666666667,0,133
4747,23,2.3214195,558,5373,N,38.3333333333333,0,133
6407,24,2.20077225,529,4747,N,40,0,133
5798,25,2.49615,600,6407,N,41.6666666666667,0,133
5622,26,2.62511775,631,5798,N,43.3333333333333,0,133
5924,27,2.37550275,571,5622,N,45,0,133
5969,28,2.65839975,639,5924,N,46.6666666666667,0,133
5985,29,2.71664325,653,5969,N,48.3333333333333,0,133
5903,30,1.23559425,297,5985,Y,50,1,133
6597,31,1.4228055,342,5903,N,51.6666666666667,1,133
7748,32,1.3396005,322,6597,N,53.3333333333333,1,133
7225,33,1.4394465,346,7748,N,55,1,133
6762,34,1.50185025,361,7225,N,56.6666666666667,1,133
7160,35,1.5725745,378,6762,N,58.3333333333333,1,133
2431,0,1.098306,264,NA,N,0,0,134
2385,1,1.314639,316,2431,N,1.66666666666667,0,134
2381,2,1.098306,264,2385,N,3.33333333333333,0,134
2488,3,1.31047875,315,2381,N,5,0,134
2560,4,1.148229,276,2488,N,6.66666666666667,0,134
2494,5,1.2730365,306,2560,N,8.33333333333333,0,134
2050,6,1.37704275,331,2494,N,10,0,134
2448,7,1.39368375,335,2050,N,11.6666666666667,0,134
3522,8,1.314639,316,2448,N,13.3333333333333,0,134
3718,9,1.28551725,309,3522,N,15,0,134
3879,10,1.28551725,309,3718,N,16.6666666666667,0,134
3594,11,1.514331,364,3879,N,18.3333333333333,0,134
4013,12,1.6724205,402,3594,N,20,0,134
3342,13,1.5892155,382,4013,N,21.6666666666667,0,134
3203,14,1.714023,412,3342,N,23.3333333333333,0,134
3829,15,1.6224975,390,3203,N,25,0,134
4608,16,1.9220355,462,3829,N,26.6666666666667,0,134
4586,17,2.10924675,507,4608,N,28.3333333333333,0,134
4706,18,2.16749025,521,4586,N,30,0,134
4680,19,2.10092625,505,4706,N,31.6666666666667,0,134
5043,20,1.89291375,455,4680,N,33.3333333333333,0,134
4654,21,2.1050865,506,5043,N,35,0,134
5373,22,2.046843,492,4654,N,36.6666666666667,0,134
4747,23,2.3214195,558,5373,N,38.3333333333333,0,134
6407,24,2.20077225,529,4747,N,40,0,134
5798,25,2.49615,600,6407,N,41.6666666666667,0,134
5622,26,2.62511775,631,5798,N,43.3333333333333,0,134
5924,27,2.37550275,571,5622,N,45,0,134
5969,28,2.65839975,639,5924,N,46.6666666666667,0,134
5985,29,2.71664325,653,5969,N,48.3333333333333,0,134
5907,30,1.3895235,334,5985,Y,50,1,134
6598,31,1.414485,340,5907,N,51.6666666666667,1,134
7749,32,1.31047875,315,6598,N,53.3333333333333,1,134
7231,33,1.36872225,329,7749,N,55,1,134
6763,34,1.45192725,349,7231,N,56.6666666666667,1,134
7165,35,1.547613,372,6763,N,58.3333333333333,1,134
7260,36,1.6641,400,7165,N,60,1,134
7049,37,1.597536,384,7260,N,61.6666666666667,1,134
7237,38,1.6391385,394,7049,N,63.3333333333333,1,134
7933,39,1.697382,408,7237,N,65,1,134
8107,40,1.84299075,443,7933,N,66.6666666666667,1,134
8565,41,1.747305,420,8107,N,68.3333333333333,1,134
9223,42,1.8388305,442,8565,N,70,1,134
8464,43,1.91787525,461,9223,N,71.6666666666667,1,134
8283,44,1.980279,476,8464,N,73.3333333333333,1,134
8999,45,2.22573375,535,8283,N,75,1,134
8807,46,2.01772125,485,8999,N,76.6666666666667,1,134
9404,47,2.113407,508,8807,N,78.3333333333333,1,134
10474,48,2.31725925,557,9404,N,80,1,134
9741,49,2.562714,616,10474,N,81.6666666666667,1,134
10823,50,2.5044705,602,9741,N,83.3333333333333,1,134
9901,51,2.3547015,566,10823,N,85,1,134
10216,52,2.5876755,622,9901,N,86.6666666666667,1,134
10506,53,2.2714965,546,10216,N,88.3333333333333,1,134
9669,54,2.6209575,630,10506,N,90,1,134
11424,55,1.447767,348,9669,Y,91.6666666666667,2,134
11636,56,1.381203,332,11424,N,93.3333333333333,2,134
11521,57,1.48520925,357,11636,N,95,2,134
12146,58,1.4727285,354,11521,N,96.6666666666667,2,134
11476,59,1.75146525,421,12146,N,98.3333333333333,2,134
11386,60,1.64329875,395,11476,N,100,2,134
11566,61,1.8055485,434,11386,N,101.666666666667,2,134
12079,62,1.79306775,431,11566,N,103.333333333333,2,134
13717,63,1.85963175,447,12079,N,105,2,134
13322,64,1.87627275,451,13717,N,106.666666666667,2,134
13423,65,2.030202,488,13322,N,108.333333333333,2,134
12827,66,2.15916975,519,13423,N,110,2,134
14619,67,2.40878475,579,12827,N,111.666666666667,2,134
14616,68,2.48366925,597,14619,N,113.333333333333,2,134
13722,69,2.65839975,639,14616,N,115,2,134
14581,70,2.795688,672,13722,N,116.666666666667,2,134
2630,0,1.5559335,374,NA,N,0,0,135
2652,1,1.61833725,389,2630,N,1.66666666666667,0,135
2617,2,1.65161925,397,2652,N,3.33333333333333,0,135
2748,3,1.63497825,393,2617,N,5,0,135
2920,4,1.76810625,425,2748,N,6.66666666666667,0,135
2578,5,1.8887535,454,2920,N,8.33333333333333,0,135
2078,6,1.98443925,477,2578,N,10,0,135
2628,7,1.9386765,466,2078,N,11.6666666666667,0,135
3673,8,0.948537,228,2628,Y,13.3333333333333,1,135
3909,9,0.9235755,222,3673,N,15,1,135
4079,10,0.96101775,231,3909,N,16.6666666666667,1,135
3760,11,1.06086375,255,4079,N,18.3333333333333,1,135
4193,12,1.07750475,259,3760,N,20,1,135
3479,13,1.15238925,277,4193,N,21.6666666666667,1,135
3293,14,1.07750475,259,3479,N,23.3333333333333,1,135
4010,15,1.081665,260,3293,N,25,1,135
4845,16,1.06918425,257,4010,N,26.6666666666667,1,135
4693,17,1.131588,272,4845,N,28.3333333333333,1,135
5176,18,1.1232675,270,4693,N,30,1,135
4847,19,1.23559425,297,5176,N,31.6666666666667,1,135
5157,20,1.16903025,281,4847,N,33.3333333333333,1,135
4841,21,1.23559425,297,5157,N,35,1,135
5400,22,1.314639,316,4841,N,36.6666666666667,1,135
4902,23,1.3063185,314,5400,N,38.3333333333333,1,135
6471,24,1.364562,328,4902,N,40,1,135
5928,25,1.36872225,329,6471,N,41.6666666666667,1,135
5649,26,1.4560875,350,5928,N,43.3333333333333,1,135
6055,27,1.481049,356,5649,N,45,1,135
6124,28,1.564254,376,6055,N,46.6666666666667,1,135
6127,29,1.647459,396,6124,N,48.3333333333333,1,135
6034,30,1.8055485,434,6127,N,50,1,135
6627,31,1.730664,416,6034,N,51.6666666666667,1,135
7776,32,2.296458,552,6627,N,53.3333333333333,1,135
7343,33,1.930356,464,7776,N,55,1,135
6789,34,1.99692,480,7343,N,56.6666666666667,1,135
7688,36,0.91109475,219,6789,Y,60,2,135
7414,37,0.981819,236,7688,N,61.6666666666667,2,135
7597,38,1.031742,248,7414,N,63.3333333333333,2,135
8021,39,0.93605625,225,7597,N,65,2,135
8198,40,1.214793,292,8021,N,66.6666666666667,2,135
8793,41,1.231434,296,8198,N,68.3333333333333,2,135
9315,42,1.148229,276,8793,N,70,2,135
8749,43,1.21895325,293,9315,N,71.6666666666667,2,135
8503,44,1.2896775,310,8749,N,73.3333333333333,2,135
9137,45,1.40200425,337,8503,N,75,2,135
9020,46,1.46856825,353,9137,N,76.6666666666667,2,135
9506,47,1.49769,360,9020,N,78.3333333333333,2,135
10684,48,1.58505525,381,9506,N,80,2,135
10043,49,1.5725745,378,10684,N,81.6666666666667,2,135
10928,50,1.963638,472,10043,N,83.3333333333333,2,135
10119,51,2.146689,516,10928,N,85,2,135
10330,52,2.046843,492,10119,N,86.6666666666667,2,135
10746,53,2.1716505,522,10330,N,88.3333333333333,2,135
10088,54,2.05100325,493,10746,N,90,2,135
12191,55,1.098306,264,10088,Y,91.6666666666667,3,135
12487,56,1.2563955,302,12191,N,93.3333333333333,3,135
12454,57,1.2231135,294,12487,N,95,3,135
12694,58,1.25223525,301,12454,N,96.6666666666667,3,135
12339,59,1.1232675,270,12694,N,98.3333333333333,3,135
2630,0,1.5559335,374,NA,N,0,0,136
2652,1,1.61833725,389,2630,N,1.66666666666667,0,136
2617,2,1.65161925,397,2652,N,3.33333333333333,0,136
2748,3,1.63497825,393,2617,N,5,0,136
2920,4,1.76810625,425,2748,N,6.66666666666667,0,136
2578,5,1.8887535,454,2920,N,8.33333333333333,0,136
2078,6,1.98443925,477,2578,N,10,0,136
2628,7,1.9386765,466,2078,N,11.6666666666667,0,136
3679,8,1.031742,248,2628,Y,13.3333333333333,1,136
3913,9,0.9069345,218,3679,N,15,1,136
4083,10,0.965178,232,3913,N,16.6666666666667,1,136
3765,11,0.99846,240,4083,N,18.3333333333333,1,136
4194,12,1.02758175,247,3765,N,20,1,136
3485,13,1.0067805,242,4194,N,21.6666666666667,1,136
3295,14,1.015101,244,3485,N,23.3333333333333,1,136
4005,15,1.0067805,242,3295,N,25,1,136
4849,16,1.11078675,267,4005,N,26.6666666666667,1,136
4716,17,1.015101,244,4849,N,28.3333333333333,1,136
5177,18,1.05254325,253,4716,N,30,1,136
4851,19,1.09414575,263,5177,N,31.6666666666667,1,136
5158,20,1.0733445,258,4851,N,33.3333333333333,1,136
4846,21,1.114947,268,5158,N,35,1,136
5401,22,1.30215825,313,4846,N,36.6666666666667,1,136
4908,23,1.364562,328,5401,N,38.3333333333333,1,136
6470,24,1.32711975,319,4908,N,40,1,136
5921,25,1.3229595,318,6470,N,41.6666666666667,1,136
5648,26,1.3229595,318,5921,N,43.3333333333333,1,136
6060,27,1.42696575,343,5648,N,45,1,136
6119,28,1.3063185,314,6060,N,46.6666666666667,1,136
6125,29,1.33544025,321,6119,N,48.3333333333333,1,136
6029,30,1.42696575,343,6125,N,50,1,136
6626,31,1.41032475,339,6029,N,51.6666666666667,1,136
7775,32,1.63497825,393,6626,N,53.3333333333333,1,136
7339,33,1.5725745,378,7775,N,55,1,136
6788,34,1.56009375,375,7339,N,56.6666666666667,1,136
7402,35,1.57673475,379,6788,N,58.3333333333333,1,136
7467,36,1.74314475,419,7402,N,60,1,136
7172,37,1.680741,404,7467,N,61.6666666666667,1,136
7335,38,1.78474725,429,7172,N,63.3333333333333,1,136
7958,39,1.8221895,438,7335,N,65,1,136
8132,40,1.9386765,466,7958,N,66.6666666666667,1,136
8607,41,1.98443925,477,8132,N,68.3333333333333,1,136
9247,42,2.00940075,483,8607,N,70,1,136
8539,43,2.2049325,530,9247,N,71.6666666666667,1,136
8315,44,2.279817,548,8539,N,73.3333333333333,1,136
9056,45,2.37550275,571,8315,N,75,1,136
8858,46,1.28551725,309,9056,Y,76.6666666666667,2,136
9431,47,1.4061645,338,8858,N,78.3333333333333,2,136
10529,48,1.4560875,350,9431,N,80,2,136
9832,49,1.514331,364,10529,N,81.6666666666667,2,136
10854,50,1.69322175,407,9832,N,83.3333333333333,2,136
9965,51,1.5559335,374,10854,N,85,2,136
10252,52,1.5559335,374,9965,N,86.6666666666667,2,136
10574,53,1.5559335,374,10252,N,88.3333333333333,2,136
9773,54,1.6890615,406,10574,N,90,2,136
11616,55,1.7556255,422,9773,N,91.6666666666667,2,136
11871,56,1.88459325,453,11616,N,93.3333333333333,2,136
11735,57,1.86795225,449,11871,N,95,2,136
12377,58,2.0884455,502,11735,N,96.6666666666667,2,136
11682,59,2.33390025,561,12377,N,98.3333333333333,2,136
11592,60,2.73328425,657,11682,N,100,2,136
11740,61,2.99538,720,11592,N,101.666666666667,2,136
12672,62,1.2563955,302,11740,Y,103.333333333333,3,136
14112,63,1.4394465,346,12672,N,105,3,136
2645,0,1.16903025,281,NA,N,0,0,137
2654,1,1.2397545,298,2645,N,1.66666666666667,0,137
2624,2,1.26887625,305,2654,N,3.33333333333333,0,137
2750,3,1.347921,324,2624,N,5,0,137
2989,4,1.38536325,333,2750,N,6.66666666666667,0,137
2606,5,1.397844,336,2989,N,8.33333333333333,0,137
2079,6,1.40200425,337,2606,N,10,0,137
2633,7,1.4727285,354,2079,N,11.6666666666667,0,137
3685,8,1.564254,376,2633,N,13.3333333333333,0,137
3919,9,1.24391475,299,3685,N,15,0,137
4087,10,1.54345275,371,3919,N,16.6666666666667,0,137
3772,11,1.5226515,366,4087,N,18.3333333333333,0,137
4195,12,1.630818,392,3772,N,20,0,137
3491,13,1.7389845,418,4195,N,21.6666666666667,0,137
3299,14,1.52681175,367,3491,N,23.3333333333333,0,137
4017,15,1.797228,432,3299,N,25,0,137
4854,16,1.8388305,442,4017,N,26.6666666666667,0,137
4725,17,1.6724205,402,4854,N,28.3333333333333,0,137
5178,18,1.68490125,405,4725,N,30,0,137
4857,19,1.73482425,417,5178,N,31.6666666666667,0,137
5159,20,1.8554715,446,4857,N,33.3333333333333,0,137
4853,21,1.930356,464,5159,N,35,0,137
5402,22,1.8221895,438,4853,N,36.6666666666667,0,137
4914,23,1.897074,456,5402,N,38.3333333333333,0,137
6472,24,1.797228,432,4914,N,40,0,137
5934,25,1.763946,424,6472,N,41.6666666666667,0,137
5650,26,1.8221895,438,5934,N,43.3333333333333,0,137
6068,27,1.92619575,463,5650,N,45,0,137
6133,28,1.6391385,394,6068,N,46.6666666666667,0,137
6139,29,1.96779825,473,6133,N,48.3333333333333,0,137
6043,30,1.97611875,475,6139,N,50,0,137
6628,31,2.07596475,499,6043,N,51.6666666666667,0,137
7777,32,2.10092625,505,6628,N,53.3333333333333,0,137
7348,33,1.99275975,479,7777,N,55,0,137
6790,34,1.9220355,462,7348,N,56.6666666666667,0,137
7405,35,1.946997,468,6790,N,58.3333333333333,0,137
7474,36,2.29229775,551,7405,N,60,0,137
7179,37,2.313099,556,7474,N,61.6666666666667,0,137
7340,38,2.246535,540,7179,N,63.3333333333333,0,137
7959,39,2.146689,516,7340,N,65,0,137
8134,40,2.5044705,602,7959,N,66.6666666666667,0,137
8610,41,2.40046425,577,8134,N,68.3333333333333,0,137
9251,42,2.64175875,635,8610,N,70,0,137
8548,43,2.6875215,646,9251,N,71.6666666666667,0,137
8318,44,2.645919,636,8548,N,73.3333333333333,0,137
9061,45,1.18567125,285,8318,Y,75,1,137
8866,46,1.25223525,301,9061,N,76.6666666666667,1,137
9435,47,1.37704275,331,8866,N,78.3333333333333,1,137
10534,48,1.49769,360,9435,N,80,1,137
9837,49,1.57673475,379,10534,N,81.6666666666667,1,137
10857,50,1.6724205,402,9837,N,83.3333333333333,1,137
9968,51,1.747305,420,10857,N,85,1,137
10255,52,1.79306775,431,9968,N,86.6666666666667,1,137
10581,53,1.99692,480,10255,N,88.3333333333333,1,137
9782,54,1.9220355,462,10581,N,90,1,137
11637,55,2.00940075,483,9782,N,91.6666666666667,1,137
11897,56,2.06764425,497,11637,N,93.3333333333333,1,137
11753,57,2.15916975,519,11897,N,95,1,137
12392,58,2.35054125,565,11753,N,96.6666666666667,1,137
11717,59,1.23559425,297,12392,Y,98.3333333333333,2,137
11597,60,1.3562415,326,11717,N,100,2,137
11778,61,1.431126,344,11597,N,101.666666666667,2,137
12335,62,1.63497825,393,11778,N,103.333333333333,2,137
13822,63,1.7057025,410,12335,N,105,2,137
13616,64,1.930356,464,13822,N,106.666666666667,2,137
13593,65,1.8721125,450,13616,N,108.333333333333,2,137
12891,66,1.87627275,451,13593,N,110,2,137
14669,67,2.03436225,489,12891,N,111.666666666667,2,137
14677,68,1.081665,260,14669,Y,113.333333333333,3,137
13780,69,0.9901395,238,14677,N,115,3,137
14654,70,1.1066265,266,13780,N,116.666666666667,3,137
2186,0,0.7405245,178,NA,N,0,0,138
2146,1,0.7571655,182,2186,N,1.66666666666667,0,138
2171,2,0.8070885,194,2146,N,3.33333333333333,0,138
2225,3,0.8070885,194,2171,N,5,0,138
2177,4,0.865332,208,2225,N,6.66666666666667,0,138
2350,5,0.86949225,209,2177,N,8.33333333333333,0,138
2009,6,1.0067805,242,2350,N,10,0,138
2198,7,0.97765875,235,2009,N,11.6666666666667,0,138
3320,8,1.01926125,245,2198,N,13.3333333333333,0,138
3475,9,0.96933825,233,3320,N,15,0,138
3228,10,0.8902935,214,3475,N,16.6666666666667,0,138
3368,11,0.865332,208,3228,N,18.3333333333333,0,138
3697,12,0.9901395,238,3368,N,20,0,138
3198,13,1.0067805,242,3697,N,21.6666666666667,0,138
3142,14,1.01926125,245,3198,N,23.3333333333333,0,138
3487,15,1.0400625,250,3142,N,25,0,138
4350,16,1.04422275,251,3487,N,26.6666666666667,0,138
4337,17,1.03590225,249,4350,N,28.3333333333333,0,138
4455,18,1.06086375,255,4337,N,30,0,138
4335,19,1.11910725,269,4455,N,31.6666666666667,0,138
4627,20,1.15238925,277,4335,N,33.3333333333333,0,138
4403,21,1.2231135,294,4627,N,35,0,138
5311,22,1.29383775,311,4403,N,36.6666666666667,0,138
4312,23,1.4394465,346,5311,N,38.3333333333333,0,138
5536,24,1.4061645,338,4312,N,40,0,138
5502,25,1.397844,336,5536,N,41.6666666666667,0,138
5496,26,1.5226515,366,5502,N,43.3333333333333,0,138
5583,27,1.8554715,446,5496,N,45,0,138
5734,28,1.56009375,375,5583,N,46.6666666666667,0,138
5573,29,1.9719585,474,5734,N,48.3333333333333,0,138
5524,30,1.82634975,439,5573,N,50,0,138
6544,31,0.981819,236,5524,Y,51.6666666666667,1,138
7001,32,0.7904475,190,6544,N,53.3333333333333,1,138
6920,33,0.89445375,215,7001,N,55,1,138
2186,0,0.7405245,178,NA,N,0,0,139
2146,1,0.7571655,182,2186,N,1.66666666666667,0,139
2171,2,0.8070885,194,2146,N,3.33333333333333,0,139
2225,3,0.8070885,194,2171,N,5,0,139
2177,4,0.865332,208,2225,N,6.66666666666667,0,139
2350,5,0.86949225,209,2177,N,8.33333333333333,0,139
2009,6,1.0067805,242,2350,N,10,0,139
2198,7,0.97765875,235,2009,N,11.6666666666667,0,139
3320,8,1.01926125,245,2198,N,13.3333333333333,0,139
3475,9,0.96933825,233,3320,N,15,0,139
3228,10,0.8902935,214,3475,N,16.6666666666667,0,139
3368,11,0.865332,208,3228,N,18.3333333333333,0,139
3697,12,0.9901395,238,3368,N,20,0,139
3198,13,1.0067805,242,3697,N,21.6666666666667,0,139
3142,14,1.01926125,245,3198,N,23.3333333333333,0,139
3487,15,1.0400625,250,3142,N,25,0,139
4350,16,1.04422275,251,3487,N,26.6666666666667,0,139
4337,17,1.03590225,249,4350,N,28.3333333333333,0,139
4455,18,1.06086375,255,4337,N,30,0,139
4335,19,1.11910725,269,4455,N,31.6666666666667,0,139
4627,20,1.15238925,277,4335,N,33.3333333333333,0,139
4403,21,1.2231135,294,4627,N,35,0,139
5311,22,1.29383775,311,4403,N,36.6666666666667,0,139
4312,23,1.4394465,346,5311,N,38.3333333333333,0,139
5536,24,1.4061645,338,4312,N,40,0,139
5502,25,1.397844,336,5536,N,41.6666666666667,0,139
5496,26,1.5226515,366,5502,N,43.3333333333333,0,139
5583,27,1.8554715,446,5496,N,45,0,139
5734,28,1.56009375,375,5583,N,46.6666666666667,0,139
5573,29,1.9719585,474,5734,N,48.3333333333333,0,139
5524,30,1.82634975,439,5573,N,50,0,139
6545,31,0.931896,224,5524,Y,51.6666666666667,1,139
7007,32,0.881973,212,6545,N,53.3333333333333,1,139
6924,33,0.965178,232,7007,N,55,1,139
6708,34,1.00262025,241,6924,N,56.6666666666667,1,139
6897,35,0.81124875,195,6708,N,58.3333333333333,1,139
6944,36,1.17735075,283,6897,N,60,1,139
6839,37,1.06918425,257,6944,N,61.6666666666667,1,139
6938,38,1.16487,280,6839,N,63.3333333333333,1,139
7876,39,1.1232675,270,6938,N,65,1,139
8049,40,1.33128,320,7876,N,66.6666666666667,1,139
8400,41,1.31047875,315,8049,N,68.3333333333333,1,139
9163,42,1.4394465,346,8400,N,70,1,139
8314,43,1.62665775,391,9163,N,71.6666666666667,1,139
8352,44,1.29383775,311,8314,Y,73.3333333333333,2,139
9083,45,1.31879925,317,8352,N,75,2,139
8909,46,1.38536325,333,9083,N,76.6666666666667,2,139
9455,47,1.43528625,345,8909,N,78.3333333333333,2,139
10573,48,1.3895235,334,9455,N,80,2,139
9883,49,1.40200425,337,10573,N,81.6666666666667,2,139
10877,50,1.314639,316,9883,N,83.3333333333333,2,139
9987,51,1.32711975,319,10877,N,85,2,139
10275,52,1.44360675,347,9987,N,86.6666666666667,2,139
10629,53,1.481049,356,10275,N,88.3333333333333,2,139
9838,54,1.5392925,370,10629,N,90,2,139
11800,55,1.51017075,363,9838,N,91.6666666666667,2,139
12075,56,1.66826025,401,11800,N,93.3333333333333,2,139
11958,57,1.79306775,431,12075,N,95,2,139
12561,58,1.78474725,429,11958,N,96.6666666666667,2,139
11927,59,2.16749025,521,12561,N,98.3333333333333,2,139
11768,60,2.0884455,502,11927,N,100,2,139
11959,61,2.12588775,511,11768,N,101.666666666667,2,139
12485,62,2.1383685,514,11959,N,103.333333333333,2,139
13925,63,2.3713425,570,12485,N,105,2,139
13684,64,2.49615,600,13925,N,106.666666666667,2,139
14284,65,1.63497825,393,13684,Y,108.333333333333,3,139
12953,66,1.59337575,383,14284,N,110,3,139
14351,67,1.514331,364,12953,N,111.666666666667,3,139
14370,68,1.8055485,434,14351,N,113.333333333333,3,139
13450,69,1.87627275,451,14370,N,115,3,139
14213,70,2.15084925,517,13450,N,116.666666666667,3,139
2457,0,1.09414575,263,NA,N,0,0,140
2402,1,1.1565495,278,2457,N,1.66666666666667,0,140
2452,2,1.098306,264,2402,N,3.33333333333333,0,140
2509,3,1.231434,296,2452,N,5,0,140
2579,4,1.281357,308,2509,N,6.66666666666667,0,140
2497,5,1.181511,284,2579,N,8.33333333333333,0,140
2053,6,1.281357,308,2497,N,10,0,140
2459,7,1.2730365,306,2053,N,11.6666666666667,0,140
3553,8,1.264716,304,2459,N,13.3333333333333,0,140
3746,9,1.06086375,255,3553,N,15,0,140
3905,10,1.198152,288,3746,N,16.6666666666667,0,140
3614,11,1.3229595,318,3905,N,18.3333333333333,0,140
4035,12,1.29383775,311,3614,N,20,0,140
3361,13,1.31879925,317,4035,N,21.6666666666667,0,140
3215,14,1.36040175,327,3361,N,23.3333333333333,0,140
3851,15,1.40200425,337,3215,N,25,0,140
4623,16,1.514331,364,3851,N,26.6666666666667,0,140
4594,17,1.564254,376,4623,N,28.3333333333333,0,140
4719,18,1.61001675,387,4594,N,30,0,140
4695,19,1.580895,380,4719,N,31.6666666666667,0,140
5060,20,2.04268275,491,4695,N,33.3333333333333,0,140
4669,21,1.913715,460,5060,N,35,0,140
5376,22,1.97611875,475,4669,N,36.6666666666667,0,140
4765,23,2.0052405,482,5376,N,38.3333333333333,0,140
6411,24,2.28397725,549,4765,N,40,0,140
5813,25,2.712483,652,6411,N,41.6666666666667,0,140
5626,26,2.5876755,622,5813,N,43.3333333333333,0,140
5943,27,2.54191275,611,5626,N,45,0,140
5984,28,2.5543935,614,5943,N,46.6666666666667,0,140
6006,29,2.679201,644,5984,N,48.3333333333333,0,140
5933,30,1.2397545,298,6006,Y,50,1,140
6603,31,1.431126,344,5933,N,51.6666666666667,1,140
7754,32,1.464408,352,6603,N,53.3333333333333,1,140
7252,33,1.431126,344,7754,N,55,1,140
2457,0,1.09414575,263,NA,N,0,0,141
2402,1,1.1565495,278,2457,N,1.66666666666667,0,141
2452,2,1.098306,264,2402,N,3.33333333333333,0,141
2509,3,1.231434,296,2452,N,5,0,141
2579,4,1.281357,308,2509,N,6.66666666666667,0,141
2497,5,1.181511,284,2579,N,8.33333333333333,0,141
2053,6,1.281357,308,2497,N,10,0,141
2459,7,1.2730365,306,2053,N,11.6666666666667,0,141
3553,8,1.264716,304,2459,N,13.3333333333333,0,141
3746,9,1.06086375,255,3553,N,15,0,141
3905,10,1.198152,288,3746,N,16.6666666666667,0,141
3614,11,1.3229595,318,3905,N,18.3333333333333,0,141
4035,12,1.29383775,311,3614,N,20,0,141
3361,13,1.31879925,317,4035,N,21.6666666666667,0,141
3215,14,1.36040175,327,3361,N,23.3333333333333,0,141
3851,15,1.40200425,337,3215,N,25,0,141
4623,16,1.514331,364,3851,N,26.6666666666667,0,141
4594,17,1.564254,376,4623,N,28.3333333333333,0,141
4719,18,1.61001675,387,4594,N,30,0,141
4695,19,1.580895,380,4719,N,31.6666666666667,0,141
5060,20,2.04268275,491,4695,N,33.3333333333333,0,141
4669,21,1.913715,460,5060,N,35,0,141
5376,22,1.97611875,475,4669,N,36.6666666666667,0,141
4765,23,2.0052405,482,5376,N,38.3333333333333,0,141
6411,24,2.28397725,549,4765,N,40,0,141
5813,25,2.712483,652,6411,N,41.6666666666667,0,141
5626,26,2.5876755,622,5813,N,43.3333333333333,0,141
5943,27,2.54191275,611,5626,N,45,0,141
5984,28,2.5543935,614,5943,N,46.6666666666667,0,141
6006,29,2.679201,644,5984,N,48.3333333333333,0,141
5938,30,1.33544025,321,6006,Y,50,1,141
6604,31,1.25223525,301,5938,N,51.6666666666667,1,141
7755,32,1.347921,324,6604,N,53.3333333333333,1,141
7256,33,1.2563955,302,7755,N,55,1,141
6767,34,1.431126,344,7256,N,56.6666666666667,1,141
7195,35,1.4893695,358,6767,N,58.3333333333333,1,141
7281,36,1.5725745,378,7195,N,60,1,141
7078,37,1.6641,400,7281,N,61.6666666666667,1,141
7258,38,1.730664,416,7078,N,63.3333333333333,1,141
7939,39,1.7389845,418,7258,N,65,1,141
8114,40,1.8221895,438,7939,N,66.6666666666667,1,141
8580,41,2.1050865,506,8114,N,68.3333333333333,1,141
9228,42,2.0884455,502,8580,N,70,1,141
8477,43,2.18413125,525,9228,N,71.6666666666667,1,141
8288,44,2.279817,548,8477,N,73.3333333333333,1,141
9012,45,1.21063275,291,8288,Y,75,2,141
8821,46,1.2064725,290,9012,N,76.6666666666667,2,141
9409,47,1.381203,332,8821,N,78.3333333333333,2,141
10484,48,1.31047875,315,9409,N,80,2,141
9755,49,1.3396005,322,10484,N,81.6666666666667,2,141
10830,50,1.30215825,313,9755,N,83.3333333333333,2,141
9922,51,1.31047875,315,10830,N,85,2,141
10226,52,1.414485,340,9922,N,86.6666666666667,2,141
10525,53,1.44360675,347,10226,N,88.3333333333333,2,141
9694,54,1.49769,360,10525,N,90,2,141
11482,55,1.60169625,385,9694,N,91.6666666666667,2,141
11685,56,1.564254,376,11482,N,93.3333333333333,2,141
11567,57,1.55177325,373,11685,N,95,2,141
11909,58,1.714023,412,11567,N,96.6666666666667,2,141
11247,59,1.85131125,445,11909,N,98.3333333333333,2,141
11130,60,1.980279,476,11247,N,100,2,141
11312,61,1.7722665,426,11130,N,101.666666666667,2,141
11260,62,2.2215735,534,11312,N,103.333333333333,2,141
13601,63,2.2215735,534,11260,N,105,2,141
13907,64,1.9386765,466,13601,N,106.666666666667,2,141
14578,65,0.99846,240,13907,Y,108.333333333333,3,141
2457,0,1.09414575,263,NA,N,0,0,142
2402,1,1.1565495,278,2457,N,1.66666666666667,0,142
2452,2,1.098306,264,2402,N,3.33333333333333,0,142
2509,3,1.231434,296,2452,N,5,0,142
2579,4,1.281357,308,2509,N,6.66666666666667,0,142
2497,5,1.181511,284,2579,N,8.33333333333333,0,142
2053,6,1.281357,308,2497,N,10,0,142
2459,7,1.2730365,306,2053,N,11.6666666666667,0,142
3553,8,1.264716,304,2459,N,13.3333333333333,0,142
3746,9,1.06086375,255,3553,N,15,0,142
3905,10,1.198152,288,3746,N,16.6666666666667,0,142
3614,11,1.3229595,318,3905,N,18.3333333333333,0,142
4035,12,1.29383775,311,3614,N,20,0,142
3361,13,1.31879925,317,4035,N,21.6666666666667,0,142
3215,14,1.36040175,327,3361,N,23.3333333333333,0,142
3851,15,1.40200425,337,3215,N,25,0,142
4623,16,1.514331,364,3851,N,26.6666666666667,0,142
4594,17,1.564254,376,4623,N,28.3333333333333,0,142
4719,18,1.61001675,387,4594,N,30,0,142
4695,19,1.580895,380,4719,N,31.6666666666667,0,142
5060,20,2.04268275,491,4695,N,33.3333333333333,0,142
4669,21,1.913715,460,5060,N,35,0,142
5376,22,1.97611875,475,4669,N,36.6666666666667,0,142
4765,23,2.0052405,482,5376,N,38.3333333333333,0,142
6411,24,2.28397725,549,4765,N,40,0,142
5813,25,2.712483,652,6411,N,41.6666666666667,0,142
5626,26,2.5876755,622,5813,N,43.3333333333333,0,142
5943,27,2.54191275,611,5626,N,45,0,142
5984,28,2.5543935,614,5943,N,46.6666666666667,0,142
6006,29,2.679201,644,5984,N,48.3333333333333,0,142
5938,30,1.33544025,321,6006,Y,50,1,142
6604,31,1.25223525,301,5938,N,51.6666666666667,1,142
7755,32,1.347921,324,6604,N,53.3333333333333,1,142
7256,33,1.2563955,302,7755,N,55,1,142
6767,34,1.431126,344,7256,N,56.6666666666667,1,142
7195,35,1.4893695,358,6767,N,58.3333333333333,1,142
7281,36,1.5725745,378,7195,N,60,1,142
7078,37,1.6641,400,7281,N,61.6666666666667,1,142
7258,38,1.730664,416,7078,N,63.3333333333333,1,142
7939,39,1.7389845,418,7258,N,65,1,142
8114,40,1.8221895,438,7939,N,66.6666666666667,1,142
8580,41,2.1050865,506,8114,N,68.3333333333333,1,142
9228,42,2.0884455,502,8580,N,70,1,142
8477,43,2.18413125,525,9228,N,71.6666666666667,1,142
8288,44,2.279817,548,8477,N,73.3333333333333,1,142
9013,45,0.97765875,235,8288,Y,75,2,142
8823,46,1.17735075,283,9013,N,76.6666666666667,2,142
9410,47,1.22727375,295,8823,N,78.3333333333333,2,142
10486,48,1.25223525,301,9410,N,80,2,142
9758,49,1.42696575,343,10486,N,81.6666666666667,2,142
10831,50,1.3562415,326,9758,N,83.3333333333333,2,142
9924,51,1.46024775,351,10831,N,85,2,142
10227,52,1.5725745,378,9924,N,86.6666666666667,2,142
10527,53,1.55177325,373,10227,N,88.3333333333333,2,142
9706,54,1.5226515,366,10527,N,90,2,142
11488,55,1.70986275,411,9706,N,91.6666666666667,2,142
11692,56,1.85131125,445,11488,N,93.3333333333333,2,142
11576,57,1.95947775,471,11692,N,95,2,142
12202,58,1.91787525,461,11576,N,96.6666666666667,2,142
11528,59,1.70154225,409,12202,N,98.3333333333333,2,142
10976,62,1.23559425,297,11528,Y,103.333333333333,3,142
13415,63,1.314639,316,10976,N,105,3,142
13094,64,1.44360675,347,13415,N,106.666666666667,3,142
12874,65,1.60169625,385,13094,N,108.333333333333,3,142
12731,66,1.5392925,370,12874,N,110,3,142
14407,67,1.5060105,362,12731,N,111.666666666667,3,142
14421,68,1.75978575,423,14407,N,113.333333333333,3,142
13519,69,1.73482425,417,14421,N,115,3,142
14275,70,2.10092625,505,13519,N,116.666666666667,3,142
3083,0,0.92773575,223,NA,N,0,0,143
2914,1,0.87781275,211,3083,N,1.66666666666667,0,143
2943,2,0.98597925,237,2914,N,3.33333333333333,0,143
3015,3,0.9235755,222,2943,N,5,0,143
3107,4,1.04422275,251,3015,N,6.66666666666667,0,143
2972,5,0.96933825,233,3107,N,8.33333333333333,0,143
2129,6,1.0234215,246,2972,N,10,0,143
2961,7,1.06918425,257,2129,N,11.6666666666667,0,143
3962,8,1.081665,260,2961,N,13.3333333333333,0,143
4158,9,1.03590225,249,3962,N,15,0,143
4201,10,1.1066265,266,4158,N,16.6666666666667,0,143
4042,11,1.198152,288,4201,N,18.3333333333333,0,143
4266,12,1.19399175,287,4042,N,20,0,143
3768,13,1.248075,300,4266,N,21.6666666666667,0,143
3520,14,1.1731905,282,3768,N,23.3333333333333,0,143
4277,15,1.21063275,291,3520,N,25,0,143
5045,16,1.41032475,339,4277,N,26.6666666666667,0,143
4940,17,1.4394465,346,5045,N,28.3333333333333,0,143
5221,18,1.4560875,350,4940,N,30,0,143
5069,19,1.46856825,353,5221,N,31.6666666666667,0,143
5289,20,1.35208125,325,5069,N,33.3333333333333,0,143
5120,21,1.3063185,314,5289,N,35,0,143
5454,22,1.37704275,331,5120,N,36.6666666666667,0,143
5244,23,1.3895235,334,5454,N,38.3333333333333,0,143
6520,24,1.39368375,335,5244,N,40,0,143
6164,25,1.514331,364,6520,N,41.6666666666667,0,143
5697,26,1.52681175,367,6164,N,43.3333333333333,0,143
6434,27,1.3895235,334,5697,N,45,0,143
6360,28,1.56009375,375,6434,N,46.6666666666667,0,143
6321,29,1.60169625,385,6360,N,48.3333333333333,0,143
6286,30,1.76810625,425,6321,N,50,0,143
6676,31,1.90955475,459,6286,N,51.6666666666667,0,143
7827,32,2.0551635,494,6676,N,53.3333333333333,0,143
7592,33,2.34222075,563,7827,N,55,0,143
6864,34,2.6375985,634,7592,N,56.6666666666667,0,143
7572,35,2.562714,616,6864,N,58.3333333333333,0,143
7682,36,1.381203,332,7572,Y,60,1,143
7389,37,1.2231135,294,7682,N,61.6666666666667,1,143
7578,38,1.39368375,335,7389,N,63.3333333333333,1,143
8014,39,1.41864525,341,7578,N,65,1,143
8190,40,1.381203,332,8014,N,66.6666666666667,1,143
8770,41,1.47688875,355,8190,N,68.3333333333333,1,143
9308,42,1.481049,356,8770,N,70,1,143
8710,43,1.514331,364,9308,N,71.6666666666667,1,143
8478,44,1.61833725,389,8710,N,73.3333333333333,1,143
9129,45,1.64329875,395,8478,N,75,1,143
9001,46,1.8221895,438,9129,N,76.6666666666667,1,143
9499,47,1.86795225,449,9001,N,78.3333333333333,1,143
10655,48,2.013561,484,9499,N,80,1,143
10029,49,2.179971,524,10655,N,81.6666666666667,1,143
10922,50,2.1550095,518,10029,N,83.3333333333333,1,143
10075,51,2.32974,560,10922,N,85,1,143
10323,52,2.40878475,579,10075,N,86.6666666666667,1,143
10726,53,2.19245175,527,10323,N,88.3333333333333,1,143
10082,54,2.2548555,542,10726,N,90,1,143
12135,55,2.0884455,502,10082,N,91.6666666666667,1,143
12420,56,2.179971,524,12135,N,93.3333333333333,1,143
12393,57,2.30061825,553,12420,N,95,1,143
12675,58,2.213253,532,12393,N,96.6666666666667,1,143
12290,59,2.29229775,551,12675,N,98.3333333333333,1,143
12088,60,1.730664,416,12290,N,100,1,143
12656,62,2.56687425,617,12088,N,103.333333333333,1,143
14086,63,2.4711885,594,12656,N,105,1,143
13827,64,2.1882915,526,14086,N,106.666666666667,1,143
14480,65,2.14252875,515,13827,N,108.333333333333,1,143
13056,66,2.246535,540,14480,N,110,1,143
14786,67,2.096766,504,13056,N,111.666666666667,1,143
14810,68,2.2881375,550,14786,N,113.333333333333,1,143
13943,69,2.23405425,537,14810,N,115,1,143
14801,70,2.24237475,539,13943,N,116.666666666667,1,143
3086,0,0.782127,188,NA,N,0,0,144
2917,1,0.8736525,210,3086,N,1.66666666666667,0,144
2946,2,0.8237295,198,2917,N,3.33333333333333,0,144
3022,3,0.82788975,199,2946,N,5,0,144
3109,4,0.9069345,218,3022,N,6.66666666666667,0,144
2976,5,1.01926125,245,3109,N,8.33333333333333,0,144
2132,6,1.05254325,253,2976,N,10,0,144
2965,7,1.04422275,251,2132,N,11.6666666666667,0,144
3970,8,1.098306,264,2965,N,13.3333333333333,0,144
4162,9,1.148229,276,3970,N,15,0,144
4203,10,1.11910725,269,4162,N,16.6666666666667,0,144
4052,11,1.181511,284,4203,N,18.3333333333333,0,144
4270,12,1.2563955,302,4052,N,20,0,144
3796,13,1.231434,296,4270,N,21.6666666666667,0,144
3546,14,1.2397545,298,3796,N,23.3333333333333,0,144
4279,15,1.32711975,319,3546,N,25,0,144
5046,16,1.36040175,327,4279,N,26.6666666666667,0,144
4945,17,1.31879925,317,5046,N,28.3333333333333,0,144
5223,18,1.39368375,335,4945,N,30,0,144
5077,19,1.431126,344,5223,N,31.6666666666667,0,144
5292,20,1.41864525,341,5077,N,33.3333333333333,0,144
5132,21,1.49769,360,5292,N,35,0,144
5455,22,1.530972,368,5132,N,36.6666666666667,0,144
5246,23,1.6557795,398,5455,N,38.3333333333333,0,144
6523,24,1.6058565,386,5246,N,40,0,144
6187,25,1.6557795,398,6523,N,41.6666666666667,0,144
5700,26,1.67658075,403,6187,N,43.3333333333333,0,144
6448,27,1.73482425,417,5700,N,45,0,144
6367,28,1.78474725,429,6448,N,46.6666666666667,0,144
6327,29,1.8221895,438,6367,N,48.3333333333333,0,144
6292,30,1.980279,476,6327,N,50,0,144
6679,31,2.00108025,481,6292,N,51.6666666666667,0,144
7830,32,2.03436225,489,6679,N,53.3333333333333,0,144
7599,33,2.13420825,513,7830,N,55,0,144
6870,34,2.32974,560,7599,N,56.6666666666667,0,144
7634,36,1.04422275,251,6870,Y,60,1,144
7245,37,0.96933825,233,7634,N,61.6666666666667,1,144
7415,38,1.20231225,289,7245,N,63.3333333333333,1,144
7975,39,1.05254325,253,7415,N,65,1,144
8152,40,1.2896775,310,7975,N,66.6666666666667,1,144
8662,41,1.25223525,301,8152,N,68.3333333333333,1,144
9271,42,1.381203,332,8662,N,70,1,144
8606,43,1.530972,368,9271,N,71.6666666666667,1,144
8363,44,1.414485,340,8606,N,73.3333333333333,1,144
9089,45,1.59337575,383,8363,N,75,1,144
8922,46,1.630818,392,9089,N,76.6666666666667,1,144
3086,0,0.782127,188,NA,N,0,0,145
2917,1,0.8736525,210,3086,N,1.66666666666667,0,145
2946,2,0.8237295,198,2917,N,3.33333333333333,0,145
3022,3,0.82788975,199,2946,N,5,0,145
3109,4,0.9069345,218,3022,N,6.66666666666667,0,145
2976,5,1.01926125,245,3109,N,8.33333333333333,0,145
2132,6,1.05254325,253,2976,N,10,0,145
2965,7,1.04422275,251,2132,N,11.6666666666667,0,145
3970,8,1.098306,264,2965,N,13.3333333333333,0,145
4162,9,1.148229,276,3970,N,15,0,145
4203,10,1.11910725,269,4162,N,16.6666666666667,0,145
4052,11,1.181511,284,4203,N,18.3333333333333,0,145
4270,12,1.2563955,302,4052,N,20,0,145
3796,13,1.231434,296,4270,N,21.6666666666667,0,145
3546,14,1.2397545,298,3796,N,23.3333333333333,0,145
4279,15,1.32711975,319,3546,N,25,0,145
5046,16,1.36040175,327,4279,N,26.6666666666667,0,145
4945,17,1.31879925,317,5046,N,28.3333333333333,0,145
5223,18,1.39368375,335,4945,N,30,0,145
5077,19,1.431126,344,5223,N,31.6666666666667,0,145
5292,20,1.41864525,341,5077,N,33.3333333333333,0,145
5132,21,1.49769,360,5292,N,35,0,145
5455,22,1.530972,368,5132,N,36.6666666666667,0,145
5246,23,1.6557795,398,5455,N,38.3333333333333,0,145
6523,24,1.6058565,386,5246,N,40,0,145
6187,25,1.6557795,398,6523,N,41.6666666666667,0,145
5700,26,1.67658075,403,6187,N,43.3333333333333,0,145
6448,27,1.73482425,417,5700,N,45,0,145
6367,28,1.78474725,429,6448,N,46.6666666666667,0,145
6327,29,1.8221895,438,6367,N,48.3333333333333,0,145
6292,30,1.980279,476,6327,N,50,0,145
6679,31,2.00108025,481,6292,N,51.6666666666667,0,145
7830,32,2.03436225,489,6679,N,53.3333333333333,0,145
7599,33,2.13420825,513,7830,N,55,0,145
6870,34,2.32974,560,7599,N,56.6666666666667,0,145
7066,36,1.2064725,290,6870,Y,60,1,145
6876,37,1.20231225,289,7066,N,61.6666666666667,1,145
7054,38,1.297998,312,6876,N,63.3333333333333,1,145
7893,39,1.248075,300,7054,N,65,1,145
8068,40,1.44360675,347,7893,N,66.6666666666667,1,145
8461,41,1.46856825,353,8068,N,68.3333333333333,1,145
9187,42,1.464408,352,8461,N,70,1,145
8361,43,1.49769,360,9187,N,71.6666666666667,1,145
8246,44,1.630818,392,8361,N,73.3333333333333,1,145
8925,45,1.714023,412,8246,N,75,1,145
8699,46,1.85131125,445,8925,N,76.6666666666667,1,145
9365,47,1.98443925,477,8699,N,78.3333333333333,1,145
10411,48,2.213253,532,9365,N,80,1,145
9567,49,2.15916975,519,10411,N,81.6666666666667,1,145
10777,50,2.2382145,538,9567,N,83.3333333333333,1,145
9733,51,2.32557975,559,10777,N,85,1,145
10172,52,2.40878475,579,9733,N,86.6666666666667,1,145
15009,53,NA,-1,10172,Y,88.3333333333333,2,145
2695,0,1.07750475,259,NA,N,0,0,146
2662,1,1.2397545,298,2695,N,1.66666666666667,0,146
2647,2,1.2397545,298,2662,N,3.33333333333333,0,146
2762,3,1.23559425,297,2647,N,5,0,146
3013,4,1.314639,316,2762,N,6.66666666666667,0,146
2629,5,1.33128,320,3013,N,8.33333333333333,0,146
2082,6,1.34376075,323,2629,N,10,0,146
2709,7,1.3728825,330,2082,N,11.6666666666667,0,146
3707,8,1.4560875,350,2709,N,13.3333333333333,0,146
3940,9,1.41864525,341,3707,N,15,0,146
4106,10,1.397844,336,3940,N,16.6666666666667,0,146
3792,11,1.37704275,331,4106,N,18.3333333333333,0,146
4199,12,1.56009375,375,3792,N,20,0,146
3511,13,1.4061645,338,4199,N,21.6666666666667,0,146
3310,14,1.41864525,341,3511,N,23.3333333333333,0,146
4040,15,1.54345275,371,3310,N,25,0,146
4876,16,1.4727285,354,4040,N,26.6666666666667,0,146
4740,17,1.51849125,365,4876,N,28.3333333333333,0,146
5183,18,1.56009375,375,4740,N,30,0,146
4883,19,1.5392925,370,5183,N,31.6666666666667,0,146
5247,20,1.64329875,395,4883,N,33.3333333333333,0,146
4874,21,1.89291375,455,5247,N,35,0,146
5407,22,2.0218815,486,4874,N,36.6666666666667,0,146
4935,23,2.29229775,551,5407,N,38.3333333333333,0,146
6475,24,2.24237475,539,4935,N,40,0,146
5944,25,2.48366925,597,6475,N,41.6666666666667,0,146
5652,26,2.45038725,589,5944,N,43.3333333333333,0,146
6080,27,1.36040175,327,5652,Y,45,1,146
6141,28,1.26055575,303,6080,N,46.6666666666667,1,146
6152,29,1.46024775,351,6141,N,48.3333333333333,1,146
6057,30,1.37704275,331,6152,N,50,1,146
6631,31,1.38536325,333,6057,N,51.6666666666667,1,146
7779,32,1.530972,368,6631,N,53.3333333333333,1,146
7360,33,1.614177,388,7779,N,55,1,146
6793,34,1.58505525,381,7360,N,56.6666666666667,1,146
7416,35,1.6890615,406,6793,N,58.3333333333333,1,146
7509,36,1.99692,480,7416,N,60,1,146
7197,37,1.75978575,423,7509,N,61.6666666666667,1,146
7358,38,1.96779825,473,7197,N,63.3333333333333,1,146
7963,39,2.00108025,481,7358,N,65,1,146
8139,40,2.21741325,533,7963,N,66.6666666666667,1,146
8621,41,2.19245175,527,8139,N,68.3333333333333,1,146
9255,42,2.446227,588,8621,N,70,1,146
8562,43,1.23559425,297,9255,Y,71.6666666666667,2,146
8326,44,1.3562415,326,8562,N,73.3333333333333,2,146
9067,45,1.38536325,333,8326,N,75,2,146
8876,46,1.52681175,367,9067,N,76.6666666666667,2,146
9440,47,1.62665775,391,8876,N,78.3333333333333,2,146
10543,48,1.6641,400,9440,N,80,2,146
9850,49,1.6557795,398,10543,N,81.6666666666667,2,146
10862,50,1.73482425,417,9850,N,83.3333333333333,2,146
9973,51,1.847151,444,10862,N,85,2,146
10260,52,1.980279,476,9973,N,86.6666666666667,2,146
10591,53,2.09260575,503,10260,N,88.3333333333333,2,146
9799,54,2.16333,520,10591,N,90,2,146
11672,55,2.47534875,595,9799,N,91.6666666666667,2,146
11929,56,2.56687425,617,11672,N,93.3333333333333,2,146
11786,57,2.7208035,654,11929,N,95,2,146
12428,58,2.68336125,645,11786,N,96.6666666666667,2,146
11744,59,1.46024775,351,12428,Y,98.3333333333333,3,146
11623,60,1.70154225,409,11744,N,100,3,146
11799,61,1.714023,412,11623,N,101.666666666667,3,146
12383,62,1.85131125,445,11799,N,103.333333333333,3,146
13848,63,1.9220355,462,12383,N,105,3,146
13638,64,2.2382145,538,13848,N,106.666666666667,3,146
14237,65,2.20077225,529,13638,N,108.333333333333,3,146
12904,66,2.246535,540,14237,N,110,3,146
14198,67,2.5044705,602,12904,N,111.666666666667,3,146
14186,68,1.36872225,329,14198,Y,113.333333333333,4,146
13324,69,1.431126,344,14186,N,115,4,146
13495,70,1.45192725,349,13324,N,116.666666666667,4,146
3088,0,0.8902935,214,NA,N,0,0,147
2921,1,0.9734985,234,3088,N,1.66666666666667,0,147
2947,2,1.0067805,242,2921,N,3.33333333333333,0,147
3025,3,1.031742,248,2947,N,5,0,147
3110,4,1.06918425,257,3025,N,6.66666666666667,0,147
2979,5,1.131588,272,3110,N,8.33333333333333,0,147
2133,6,1.148229,276,2979,N,10,0,147
2967,7,1.09414575,263,2133,N,11.6666666666667,0,147
3976,8,1.131588,272,2967,N,13.3333333333333,0,147
4164,9,1.16903025,281,3976,N,15,0,147
4204,10,1.14406875,275,4164,N,16.6666666666667,0,147
4056,11,1.19399175,287,4204,N,18.3333333333333,0,147
4272,12,1.26887625,305,4056,N,20,0,147
3804,13,1.26055575,303,4272,N,21.6666666666667,0,147
3551,14,1.32711975,319,3804,N,23.3333333333333,0,147
4280,15,1.381203,332,3551,N,25,0,147
5050,16,1.40200425,337,4280,N,26.6666666666667,0,147
4950,17,1.38536325,333,5050,N,28.3333333333333,0,147
5224,18,1.3895235,334,4950,N,30,0,147
5081,19,1.40200425,337,5224,N,31.6666666666667,0,147
5293,20,1.3895235,334,5081,N,33.3333333333333,0,147
5136,21,1.42696575,343,5293,N,35,0,147
5456,22,1.464408,352,5136,N,36.6666666666667,0,147
5248,23,1.46024775,351,5456,N,38.3333333333333,0,147
6524,24,1.53513225,369,5248,N,40,0,147
6192,25,1.597536,384,6524,N,41.6666666666667,0,147
5701,26,1.65161925,397,6192,N,43.3333333333333,0,147
6450,27,1.597536,384,5701,N,45,0,147
6369,28,1.73482425,417,6450,N,46.6666666666667,0,147
6329,29,1.8221895,438,6369,N,48.3333333333333,0,147
6294,30,1.75146525,421,6329,N,50,0,147
6680,31,1.85963175,447,6294,N,51.6666666666667,0,147
7831,32,1.95947775,471,6680,N,53.3333333333333,0,147
7601,33,1.97611875,475,7831,N,55,0,147
6872,34,2.1882915,526,7601,N,56.6666666666667,0,147
7586,35,2.113407,508,6872,N,58.3333333333333,0,147
7685,36,2.43374625,585,7586,N,60,0,147
7403,37,2.25901575,543,7685,N,61.6666666666667,0,147
7591,38,2.612637,628,7403,N,63.3333333333333,0,147
8018,39,2.7374445,658,7591,N,65,0,147
8194,40,1.2563955,302,8018,Y,66.6666666666667,1,147
8782,41,1.314639,316,8194,N,68.3333333333333,1,147
9311,42,1.3562415,326,8782,N,70,1,147
8739,43,1.2896775,310,9311,N,71.6666666666667,1,147
8491,44,1.4394465,346,8739,N,73.3333333333333,1,147
9133,45,1.4061645,338,8491,N,75,1,147
9011,46,1.54345275,371,9133,N,76.6666666666667,1,147
9503,47,1.74314475,419,9011,N,78.3333333333333,1,147
10678,48,1.80970875,435,9503,N,80,1,147
10004,49,2.04268275,491,10678,N,81.6666666666667,1,147
10911,50,2.229894,536,10004,N,83.3333333333333,1,147
10040,51,2.21741325,533,10911,N,85,1,147
10307,52,2.36718225,569,10040,N,86.6666666666667,1,147
10677,53,2.35886175,567,10307,N,88.3333333333333,1,147
9893,54,2.57519475,619,10677,N,90,1,147
12128,55,1.0899855,262,9893,Y,91.6666666666667,2,147
12412,56,1.2730365,306,12128,N,93.3333333333333,2,147
3088,0,0.8902935,214,NA,N,0,0,148
2921,1,0.9734985,234,3088,N,1.66666666666667,0,148
2947,2,1.0067805,242,2921,N,3.33333333333333,0,148
3025,3,1.031742,248,2947,N,5,0,148
3110,4,1.06918425,257,3025,N,6.66666666666667,0,148
2979,5,1.131588,272,3110,N,8.33333333333333,0,148
2133,6,1.148229,276,2979,N,10,0,148
2967,7,1.09414575,263,2133,N,11.6666666666667,0,148
3976,8,1.131588,272,2967,N,13.3333333333333,0,148
4164,9,1.16903025,281,3976,N,15,0,148
4204,10,1.14406875,275,4164,N,16.6666666666667,0,148
4056,11,1.19399175,287,4204,N,18.3333333333333,0,148
4272,12,1.26887625,305,4056,N,20,0,148
3804,13,1.26055575,303,4272,N,21.6666666666667,0,148
3551,14,1.32711975,319,3804,N,23.3333333333333,0,148
4280,15,1.381203,332,3551,N,25,0,148
5050,16,1.40200425,337,4280,N,26.6666666666667,0,148
4950,17,1.38536325,333,5050,N,28.3333333333333,0,148
5224,18,1.3895235,334,4950,N,30,0,148
5081,19,1.40200425,337,5224,N,31.6666666666667,0,148
5293,20,1.3895235,334,5081,N,33.3333333333333,0,148
5136,21,1.42696575,343,5293,N,35,0,148
5456,22,1.464408,352,5136,N,36.6666666666667,0,148
5248,23,1.46024775,351,5456,N,38.3333333333333,0,148
6524,24,1.53513225,369,5248,N,40,0,148
6192,25,1.597536,384,6524,N,41.6666666666667,0,148
5701,26,1.65161925,397,6192,N,43.3333333333333,0,148
6450,27,1.597536,384,5701,N,45,0,148
6369,28,1.73482425,417,6450,N,46.6666666666667,0,148
6329,29,1.8221895,438,6369,N,48.3333333333333,0,148
6294,30,1.75146525,421,6329,N,50,0,148
6680,31,1.85963175,447,6294,N,51.6666666666667,0,148
7831,32,1.95947775,471,6680,N,53.3333333333333,0,148
7601,33,1.97611875,475,7831,N,55,0,148
6872,34,2.1882915,526,7601,N,56.6666666666667,0,148
7586,35,2.113407,508,6872,N,58.3333333333333,0,148
7685,36,2.43374625,585,7586,N,60,0,148
7403,37,2.25901575,543,7685,N,61.6666666666667,0,148
7591,38,2.612637,628,7403,N,63.3333333333333,0,148
8018,39,2.7374445,658,7591,N,65,0,148
8195,40,1.28551725,309,8018,Y,66.6666666666667,1,148
8785,41,1.18567125,285,8195,N,68.3333333333333,1,148
9312,42,1.181511,284,8785,N,70,1,148
8742,43,1.33544025,321,9312,N,71.6666666666667,1,148
8494,44,1.36872225,329,8742,N,73.3333333333333,1,148
9134,45,1.29383775,311,8494,N,75,1,148
9014,46,1.35208125,325,9134,N,76.6666666666667,1,148
9504,47,1.34376075,323,9014,N,78.3333333333333,1,148
10680,48,1.38536325,333,9504,N,80,1,148
10039,49,1.75146525,421,10680,N,81.6666666666667,1,148
10926,50,1.77642675,427,10039,N,83.3333333333333,1,148
10115,51,1.79306775,431,10926,N,85,1,148
10326,52,1.84299075,443,10115,N,86.6666666666667,1,148
10736,53,2.030202,488,10326,N,88.3333333333333,1,148
10084,54,1.930356,464,10736,N,90,1,148
12163,55,2.16333,520,10084,N,91.6666666666667,1,148
12457,56,1.14406875,275,12163,Y,93.3333333333333,2,148
3094,0,1.02758175,247,NA,N,0,0,149
2924,1,0.98597925,237,3094,N,1.66666666666667,0,149
2953,2,0.898614,216,2924,N,3.33333333333333,0,149
3029,3,0.99429975,239,2953,N,5,0,149
3119,4,0.931896,224,3029,N,6.66666666666667,0,149
2988,5,0.94437675,227,3119,N,8.33333333333333,0,149
2135,6,0.95269725,229,2988,N,10,0,149
2973,7,0.96933825,233,2135,N,11.6666666666667,0,149
3986,8,0.98597925,237,2973,N,13.3333333333333,0,149
4167,9,0.9734985,234,3986,N,15,0,149
4206,10,0.89445375,215,4167,N,16.6666666666667,0,149
4066,11,0.9402165,226,4206,N,18.3333333333333,0,149
4288,12,0.99846,240,4066,N,20,0,149
3819,13,0.97765875,235,4288,N,21.6666666666667,0,149
3576,14,1.07750475,259,3819,N,23.3333333333333,0,149
4283,15,0.94437675,227,3576,N,25,0,149
5067,16,0.9901395,238,4283,N,26.6666666666667,0,149
4961,17,1.065024,256,5067,N,28.3333333333333,0,149
5227,18,1.05254325,253,4961,N,30,0,149
5094,19,1.048383,252,5227,N,31.6666666666667,0,149
5297,20,1.065024,256,5094,N,33.3333333333333,0,149
5151,21,1.09414575,263,5297,N,35,0,149
5459,22,1.1565495,278,5151,N,36.6666666666667,0,149
5336,23,1.1232675,270,5459,N,38.3333333333333,0,149
6527,24,1.181511,284,5336,N,40,0,149
6213,25,1.07750475,259,6527,N,41.6666666666667,0,149
5705,26,1.281357,308,6213,N,43.3333333333333,0,149
6459,27,1.5060105,362,5705,N,45,0,149
6382,28,1.46856825,353,6459,N,46.6666666666667,0,149
6340,29,1.431126,344,6382,N,48.3333333333333,0,149
6311,30,1.5725745,378,6340,N,50,0,149
6689,31,1.847151,444,6311,N,51.6666666666667,0,149
7839,32,1.747305,420,6689,N,53.3333333333333,0,149
7616,33,1.913715,460,7839,N,55,0,149
7020,34,1.80138825,433,7616,N,56.6666666666667,0,149
7726,35,0.94437675,227,7020,Y,58.3333333333333,1,149
3094,0,1.02758175,247,NA,N,0,0,150
2924,1,0.98597925,237,3094,N,1.66666666666667,0,150
2953,2,0.898614,216,2924,N,3.33333333333333,0,150
3029,3,0.99429975,239,2953,N,5,0,150
3119,4,0.931896,224,3029,N,6.66666666666667,0,150
2988,5,0.94437675,227,3119,N,8.33333333333333,0,150
2135,6,0.95269725,229,2988,N,10,0,150
2973,7,0.96933825,233,2135,N,11.6666666666667,0,150
3986,8,0.98597925,237,2973,N,13.3333333333333,0,150
4167,9,0.9734985,234,3986,N,15,0,150
4206,10,0.89445375,215,4167,N,16.6666666666667,0,150
4066,11,0.9402165,226,4206,N,18.3333333333333,0,150
4288,12,0.99846,240,4066,N,20,0,150
3819,13,0.97765875,235,4288,N,21.6666666666667,0,150
3576,14,1.07750475,259,3819,N,23.3333333333333,0,150
4283,15,0.94437675,227,3576,N,25,0,150
5067,16,0.9901395,238,4283,N,26.6666666666667,0,150
4961,17,1.065024,256,5067,N,28.3333333333333,0,150
5227,18,1.05254325,253,4961,N,30,0,150
5094,19,1.048383,252,5227,N,31.6666666666667,0,150
5297,20,1.065024,256,5094,N,33.3333333333333,0,150
5151,21,1.09414575,263,5297,N,35,0,150
5459,22,1.1565495,278,5151,N,36.6666666666667,0,150
5336,23,1.1232675,270,5459,N,38.3333333333333,0,150
6527,24,1.181511,284,5336,N,40,0,150
6213,25,1.07750475,259,6527,N,41.6666666666667,0,150
5705,26,1.281357,308,6213,N,43.3333333333333,0,150
6459,27,1.5060105,362,5705,N,45,0,150
6382,28,1.46856825,353,6459,N,46.6666666666667,0,150
6340,29,1.431126,344,6382,N,48.3333333333333,0,150
6311,30,1.5725745,378,6340,N,50,0,150
6689,31,1.847151,444,6311,N,51.6666666666667,0,150
7839,32,1.747305,420,6689,N,53.3333333333333,0,150
7616,33,1.913715,460,7839,N,55,0,150
7020,34,1.80138825,433,7616,N,56.6666666666667,0,150
7725,35,0.5741145,138,7020,Y,58.3333333333333,1,150
7860,36,1.01094075,243,7725,N,60,1,150
7433,37,1.1898315,286,7860,N,61.6666666666667,1,150
7615,38,1.2231135,294,7433,N,63.3333333333333,1,150
8030,39,1.28551725,309,7615,N,65,1,150
8210,40,1.33544025,321,8030,N,66.6666666666667,1,150
8829,41,1.4394465,346,8210,N,68.3333333333333,1,150
9327,42,1.41864525,341,8829,N,70,1,150
8789,43,1.56009375,375,9327,N,71.6666666666667,1,150
8534,44,1.4560875,350,8789,N,73.3333333333333,1,150
9147,45,1.547613,372,8534,N,75,1,150
9041,46,1.54345275,371,9147,N,76.6666666666667,1,150
9515,47,1.5892155,382,9041,N,78.3333333333333,1,150
10713,48,1.6724205,402,9515,N,80,1,150
10059,49,2.063484,496,10713,N,81.6666666666667,1,150
10716,50,0.87781275,211,10059,Y,83.3333333333333,2,150
9664,51,0.91941525,221,10716,N,85,2,150
10146,52,1.015101,244,9664,N,86.6666666666667,2,150
3094,0,1.02758175,247,NA,N,0,0,151
2924,1,0.98597925,237,3094,N,1.66666666666667,0,151
2953,2,0.898614,216,2924,N,3.33333333333333,0,151
3029,3,0.99429975,239,2953,N,5,0,151
3119,4,0.931896,224,3029,N,6.66666666666667,0,151
2988,5,0.94437675,227,3119,N,8.33333333333333,0,151
2135,6,0.95269725,229,2988,N,10,0,151
2973,7,0.96933825,233,2135,N,11.6666666666667,0,151
3986,8,0.98597925,237,2973,N,13.3333333333333,0,151
4167,9,0.9734985,234,3986,N,15,0,151
4206,10,0.89445375,215,4167,N,16.6666666666667,0,151
4066,11,0.9402165,226,4206,N,18.3333333333333,0,151
4288,12,0.99846,240,4066,N,20,0,151
3819,13,0.97765875,235,4288,N,21.6666666666667,0,151
3576,14,1.07750475,259,3819,N,23.3333333333333,0,151
4283,15,0.94437675,227,3576,N,25,0,151
5067,16,0.9901395,238,4283,N,26.6666666666667,0,151
4961,17,1.065024,256,5067,N,28.3333333333333,0,151
5227,18,1.05254325,253,4961,N,30,0,151
5094,19,1.048383,252,5227,N,31.6666666666667,0,151
5297,20,1.065024,256,5094,N,33.3333333333333,0,151
5151,21,1.09414575,263,5297,N,35,0,151
5459,22,1.1565495,278,5151,N,36.6666666666667,0,151
5336,23,1.1232675,270,5459,N,38.3333333333333,0,151
6527,24,1.181511,284,5336,N,40,0,151
6213,25,1.07750475,259,6527,N,41.6666666666667,0,151
5705,26,1.281357,308,6213,N,43.3333333333333,0,151
6459,27,1.5060105,362,5705,N,45,0,151
6382,28,1.46856825,353,6459,N,46.6666666666667,0,151
6340,29,1.431126,344,6382,N,48.3333333333333,0,151
6311,30,1.5725745,378,6340,N,50,0,151
6689,31,1.847151,444,6311,N,51.6666666666667,0,151
7839,32,1.747305,420,6689,N,53.3333333333333,0,151
7616,33,1.913715,460,7839,N,55,0,151
7020,34,1.80138825,433,7616,N,56.6666666666667,0,151
7725,35,0.5741145,138,7020,Y,58.3333333333333,1,151
7860,36,1.01094075,243,7725,N,60,1,151
7433,37,1.1898315,286,7860,N,61.6666666666667,1,151
7615,38,1.2231135,294,7433,N,63.3333333333333,1,151
8030,39,1.28551725,309,7615,N,65,1,151
8210,40,1.33544025,321,8030,N,66.6666666666667,1,151
8829,41,1.4394465,346,8210,N,68.3333333333333,1,151
9327,42,1.41864525,341,8829,N,70,1,151
8789,43,1.56009375,375,9327,N,71.6666666666667,1,151
8534,44,1.4560875,350,8789,N,73.3333333333333,1,151
9147,45,1.547613,372,8534,N,75,1,151
9041,46,1.54345275,371,9147,N,76.6666666666667,1,151
9515,47,1.5892155,382,9041,N,78.3333333333333,1,151
10713,48,1.6724205,402,9515,N,80,1,151
10059,49,2.063484,496,10713,N,81.6666666666667,1,151
10935,50,1.0733445,258,10059,Y,83.3333333333333,2,151
10127,51,1.031742,248,10935,N,85,2,151
10352,52,1.098306,264,10127,N,86.6666666666667,2,151
10773,53,1.21895325,293,10352,N,88.3333333333333,2,151
10100,54,1.23559425,297,10773,N,90,2,151
12299,55,1.3229595,318,10100,N,91.6666666666667,2,151
12543,56,1.347921,324,12299,N,93.3333333333333,2,151
12527,57,1.4394465,346,12543,N,95,2,151
12713,58,1.4560875,350,12527,N,96.6666666666667,2,151
12427,59,1.614177,388,12713,N,98.3333333333333,2,151
12537,60,1.8388305,442,12427,N,100,2,151
12351,61,1.730664,416,12537,N,101.666666666667,2,151
12697,62,2.030202,488,12351,N,103.333333333333,2,151
14155,63,2.01772125,485,12697,N,105,2,151
13877,64,0.68644125,165,14155,Y,106.666666666667,3,151
14557,65,0.7738065,186,13877,N,108.333333333333,3,151
13076,66,0.81956925,197,14557,N,110,3,151
2199,0,1.0067805,242,NA,N,0,0,152
2160,1,0.96933825,233,2199,N,1.66666666666667,0,152
2174,2,1.00262025,241,2160,N,3.33333333333333,0,152
2230,3,1.081665,260,2174,N,5,0,152
2183,4,1.11910725,269,2230,N,6.66666666666667,0,152
2364,5,1.17735075,283,2183,N,8.33333333333333,0,152
2010,6,1.20231225,289,2364,N,10,0,152
2200,7,1.22727375,295,2010,N,11.6666666666667,0,152
3322,8,1.26055575,303,2200,N,13.3333333333333,0,152
3482,9,1.2896775,310,3322,N,15,0,152
3235,10,1.21895325,293,3482,N,16.6666666666667,0,152
3372,11,1.29383775,311,3235,N,18.3333333333333,0,152
3708,12,1.347921,324,3372,N,20,0,152
3201,13,1.36872225,329,3708,N,21.6666666666667,0,152
3144,14,1.3562415,326,3201,N,23.3333333333333,0,152
3500,15,1.4061645,338,3144,N,25,0,152
4354,16,1.4061645,338,3500,N,26.6666666666667,0,152
4339,17,1.47688875,355,4354,N,28.3333333333333,0,152
4460,18,1.447767,348,4339,N,30,0,152
4338,19,1.42696575,343,4460,N,31.6666666666667,0,152
4634,20,1.46856825,353,4338,N,33.3333333333333,0,152
4407,21,1.56009375,375,4634,N,35,0,152
5313,22,1.580895,380,4407,N,36.6666666666667,0,152
4326,23,1.68490125,405,5313,N,38.3333333333333,0,152
5539,24,1.77642675,427,4326,N,40,0,152
5504,25,1.80138825,433,5539,N,41.6666666666667,0,152
5498,26,1.85963175,447,5504,N,43.3333333333333,0,152
5591,27,1.813869,436,5498,N,45,0,152
5744,28,1.8388305,442,5591,N,46.6666666666667,0,152
5714,29,1.86795225,449,5744,N,48.3333333333333,0,152
5528,30,1.93451625,465,5714,N,50,0,152
6547,31,1.97611875,475,5528,N,51.6666666666667,0,152
7338,32,2.27565675,547,6547,N,53.3333333333333,0,152
6931,33,2.20077225,529,7338,N,55,0,152
6709,34,2.296458,552,6931,N,56.6666666666667,0,152
6899,35,2.5211115,606,6709,N,58.3333333333333,0,152
6953,36,2.4379065,586,6899,N,60,0,152
6846,37,2.612637,628,6953,N,61.6666666666667,0,152
6954,38,2.66672025,641,6846,N,63.3333333333333,0,152
7878,39,2.65839975,639,6954,N,65,0,152
8052,40,2.79152775,671,7878,N,66.6666666666667,0,152
8415,41,1.33128,320,8052,Y,68.3333333333333,1,152
9169,42,1.43528625,345,8415,N,70,1,152
8327,43,1.447767,348,9169,N,71.6666666666667,1,152
8232,44,1.464408,352,8327,N,73.3333333333333,1,152
3112,0,1.1898315,286,NA,N,0,0,153
2928,1,1.314639,316,3112,N,1.66666666666667,0,153
2964,2,1.2896775,310,2928,N,3.33333333333333,0,153
3039,3,1.2896775,310,2964,N,5,0,153
3122,4,1.36040175,327,3039,N,6.66666666666667,0,153
3009,5,1.28551725,309,3122,N,8.33333333333333,0,153
2162,6,1.397844,336,3009,N,10,0,153
2985,7,1.48520925,357,2162,N,11.6666666666667,0,153
4003,8,1.3895235,334,2985,N,13.3333333333333,0,153
4173,9,1.49352975,359,4003,N,15,0,153
4210,10,1.547613,372,4173,N,16.6666666666667,0,153
4080,11,1.547613,372,4210,N,18.3333333333333,0,153
4291,12,1.49769,360,4080,N,20,0,153
3836,13,1.47688875,355,4291,N,21.6666666666667,0,153
3586,14,1.51849125,365,3836,N,23.3333333333333,0,153
4287,15,1.61833725,389,3586,N,25,0,153
5075,16,1.5725745,378,4287,N,26.6666666666667,0,153
4975,17,1.614177,388,5075,N,28.3333333333333,0,153
5229,18,1.6058565,386,4975,N,30,0,153
5100,19,1.6224975,390,5229,N,31.6666666666667,0,153
5299,20,1.763946,424,5100,N,33.3333333333333,0,153
5236,21,1.730664,416,5299,N,35,0,153
5462,22,1.880433,452,5236,N,36.6666666666667,0,153
5340,23,1.82634975,439,5462,N,38.3333333333333,0,153
6530,24,2.12588775,511,5340,N,40,0,153
6226,25,2.16749025,521,6530,N,41.6666666666667,0,153
5707,26,2.3713425,570,6226,N,43.3333333333333,0,153
6462,27,2.38382325,573,5707,N,45,0,153
6389,28,2.579355,620,6462,N,46.6666666666667,0,153
6349,29,1.36040175,327,6389,Y,48.3333333333333,1,153
6443,30,1.40200425,337,6349,N,50,1,153
6695,31,1.4061645,338,6443,N,51.6666666666667,1,153
7846,32,1.46024775,351,6695,N,53.3333333333333,1,153
7652,33,1.431126,344,7846,N,55,1,153
7052,34,1.5060105,362,7652,N,56.6666666666667,1,153
7733,35,1.65161925,397,7052,N,58.3333333333333,1,153
7861,36,1.73482425,417,7733,N,60,1,153
7436,37,1.8221895,438,7861,N,61.6666666666667,1,153
7617,38,1.99275975,479,7436,N,63.3333333333333,1,153
8031,39,2.05100325,493,7617,N,65,1,153
8211,40,2.1383685,514,8031,N,66.6666666666667,1,153
8832,41,2.18413125,525,8211,N,68.3333333333333,1,153
9328,42,2.37550275,571,8832,N,70,1,153
8794,43,2.4711885,594,9328,N,71.6666666666667,1,153
8538,44,2.7374445,658,8794,N,73.3333333333333,1,153
9148,45,2.87473275,691,8538,N,75,1,153
9045,46,1.381203,332,9148,Y,76.6666666666667,2,153
9517,47,1.5559335,374,9045,N,78.3333333333333,2,153
10720,48,1.597536,384,9517,N,80,2,153
10062,49,1.714023,412,10720,N,81.6666666666667,2,153
10936,50,1.85131125,445,10062,N,83.3333333333333,2,153
10128,51,2.06764425,497,10936,N,85,2,153
10358,52,2.26733625,545,10128,N,86.6666666666667,2,153
10774,53,2.33390025,561,10358,N,88.3333333333333,2,153
10101,54,2.25901575,543,10774,N,90,2,153
12306,55,2.40046425,577,10101,N,91.6666666666667,2,153
12546,56,1.11078675,267,12306,Y,93.3333333333333,3,153
12531,57,1.21895325,293,12546,N,95,3,153
12715,58,1.2231135,294,12531,N,96.6666666666667,3,153
12433,59,1.30215825,313,12715,N,98.3333333333333,3,153
3114,0,1.880433,452,NA,N,0,0,154
2929,1,1.9719585,474,3114,N,1.66666666666667,0,154
2971,2,1.92619575,463,2929,N,3.33333333333333,0,154
3044,3,1.99692,480,2971,N,5,0,154
3124,4,1.09414575,263,3044,Y,6.66666666666667,1,154
3016,5,1.05254325,253,3124,N,8.33333333333333,1,154
2175,6,1.02758175,247,3016,N,10,1,154
2995,7,1.0567035,254,2175,N,11.6666666666667,1,154
4015,8,1.1731905,282,2995,N,13.3333333333333,1,154
4175,9,1.16070975,279,4015,N,15,1,154
4214,10,1.264716,304,4175,N,16.6666666666667,1,154
4085,11,1.26055575,303,4214,N,18.3333333333333,1,154
4293,12,1.231434,296,4085,N,20,1,154
3844,13,1.214793,292,4293,N,21.6666666666667,1,154
3591,14,1.248075,300,3844,N,23.3333333333333,1,154
4292,15,1.37704275,331,3591,N,25,1,154
5080,16,1.431126,344,4292,N,26.6666666666667,1,154
4979,17,1.5060105,362,5080,N,28.3333333333333,1,154
5230,18,1.60169625,385,4979,N,30,1,154
5102,19,1.580895,380,5230,N,31.6666666666667,1,154
5300,20,1.73482425,417,5102,N,33.3333333333333,1,154
5237,21,1.61833725,389,5300,N,35,1,154
5463,22,1.680741,404,5237,N,36.6666666666667,1,154
5342,23,1.81802925,437,5463,N,38.3333333333333,1,154
6532,24,1.8055485,434,5342,N,40,1,154
6235,25,2.263176,544,6532,N,41.6666666666667,1,154
5708,26,2.229894,536,6235,N,43.3333333333333,1,154
6463,27,2.446227,588,5708,N,45,1,154
6391,28,2.35054125,565,6463,N,46.6666666666667,1,154
6351,29,2.4212655,582,6391,N,48.3333333333333,1,154
6446,30,2.6209575,630,6351,N,50,1,154
6696,31,2.7707265,666,6446,N,51.6666666666667,1,154
7847,32,2.862252,688,6696,N,53.3333333333333,1,154
7656,33,1.381203,332,7847,Y,55,2,154
7062,34,1.38536325,333,7656,N,56.6666666666667,2,154
7735,35,1.514331,364,7062,N,58.3333333333333,2,154
7863,36,1.53513225,369,7735,N,60,2,154
7445,37,1.51849125,365,7863,N,61.6666666666667,2,154
7623,38,1.49352975,359,7445,N,63.3333333333333,2,154
8034,39,1.56009375,375,7623,N,65,2,154
8214,40,1.52681175,367,8034,N,66.6666666666667,2,154
8838,41,1.514331,364,8214,N,68.3333333333333,2,154
9331,42,1.8554715,446,8838,N,70,2,154
8803,43,1.92619575,463,9331,N,71.6666666666667,2,154
8547,44,1.95115725,469,8803,N,73.3333333333333,2,154
9151,45,1.9553175,470,8547,N,75,2,154
9054,46,2.0385225,490,9151,N,76.6666666666667,2,154
9520,47,2.14252875,515,9054,N,78.3333333333333,2,154
10729,48,2.17581075,523,9520,N,80,2,154
10066,49,2.4379065,586,10729,N,81.6666666666667,2,154
10938,50,2.76656625,665,10066,N,83.3333333333333,2,154
10130,51,2.729124,656,10938,N,85,2,154
10366,52,2.795688,672,10130,N,86.6666666666667,2,154
10779,53,3.211713,772,10366,N,88.3333333333333,2,154
10103,54,1.35208125,325,10779,Y,90,3,154
12317,55,1.36040175,327,10103,N,91.6666666666667,3,154
12562,56,1.55177325,373,12317,N,93.3333333333333,3,154
12544,57,1.6557795,398,12562,N,95,3,154
2204,0,1.1731905,282,NA,N,0,0,155
2165,1,1.2563955,302,2204,N,1.66666666666667,0,155
2181,2,1.26887625,305,2165,N,3.33333333333333,0,155
2235,3,1.42696575,343,2181,N,5,0,155
2197,4,1.3063185,314,2235,N,6.66666666666667,0,155
2367,5,1.46024775,351,2197,N,8.33333333333333,0,155
2011,6,1.30215825,313,2367,N,10,0,155
2205,7,1.397844,336,2011,N,11.6666666666667,0,155
3326,8,1.481049,356,2205,N,13.3333333333333,0,155
3489,9,1.45192725,349,3326,N,15,0,155
3238,10,1.447767,348,3489,N,16.6666666666667,0,155
3376,11,1.40200425,337,3238,N,18.3333333333333,0,155
3715,12,1.5226515,366,3376,N,20,0,155
3204,13,1.530972,368,3715,N,21.6666666666667,0,155
3145,14,1.50185025,361,3204,N,23.3333333333333,0,155
3507,15,1.63497825,393,3145,N,25,0,155
4357,16,1.547613,372,3507,N,26.6666666666667,0,155
4343,17,1.73482425,417,4357,N,28.3333333333333,0,155
4464,18,1.6641,400,4343,N,30,0,155
4341,19,1.88459325,453,4464,N,31.6666666666667,0,155
4639,20,2.0218815,486,4341,N,33.3333333333333,0,155
4409,21,2.04268275,491,4639,N,35,0,155
5315,22,2.04268275,491,4409,N,36.6666666666667,0,155
4418,23,0.9568575,230,5315,Y,38.3333333333333,1,155
5545,24,0.99429975,239,4418,N,40,1,155
5505,25,1.248075,300,5545,N,41.6666666666667,1,155
5499,26,1.22727375,295,5505,N,43.3333333333333,1,155
5713,27,1.32711975,319,5499,N,45,1,155
5750,28,1.36872225,329,5713,N,46.6666666666667,1,155
5724,29,1.3895235,334,5750,N,48.3333333333333,1,155
5531,30,1.45192725,349,5724,N,50,1,155
6549,31,1.56009375,375,5531,N,51.6666666666667,1,155
7345,32,1.5559335,374,6549,N,53.3333333333333,1,155
6951,33,1.847151,444,7345,N,55,1,155
6712,34,1.70154225,409,6951,N,56.6666666666667,1,155
7864,36,0.79460775,191,6712,Y,60,2,155
7447,37,0.4909095,118,7864,N,61.6666666666667,2,155
7625,38,0.75300525,181,7447,N,63.3333333333333,2,155
3117,0,1.3728825,330,NA,N,0,0,156
2933,1,1.6058565,386,3117,N,1.66666666666667,0,156
2986,2,1.46856825,353,2933,N,3.33333333333333,0,156
3052,3,1.564254,376,2986,N,5,0,156
3127,4,1.73482425,417,3052,N,6.66666666666667,0,156
3026,5,1.7556255,422,3127,N,8.33333333333333,0,156
2185,6,1.82634975,439,3026,N,10,0,156
3010,7,0.97765875,235,2185,Y,11.6666666666667,1,156
4025,8,0.93605625,225,3010,N,13.3333333333333,1,156
4177,9,0.86117175,207,4025,N,15,1,156
4218,10,0.9069345,218,4177,N,16.6666666666667,1,156
4093,11,0.97765875,235,4218,N,18.3333333333333,1,156
4296,12,0.9901395,238,4093,N,20,1,156
3856,13,0.9901395,238,4296,N,21.6666666666667,1,156
3600,14,1.0234215,246,3856,N,23.3333333333333,1,156
4297,15,0.97765875,235,3600,N,25,1,156
5089,16,0.9568575,230,4297,N,26.6666666666667,1,156
4986,17,0.93605625,225,5089,N,28.3333333333333,1,156
5232,18,0.9901395,238,4986,N,30,1,156
5112,19,1.03590225,249,5232,N,31.6666666666667,1,156
5302,20,0.98597925,237,5112,N,33.3333333333333,1,156
5239,21,1.0067805,242,5302,N,35,1,156
5465,22,1.04422275,251,5239,N,36.6666666666667,1,156
5344,23,1.065024,256,5465,N,38.3333333333333,1,156
6535,24,1.015101,244,5344,N,40,1,156
6245,25,1.098306,264,6535,N,41.6666666666667,1,156
5709,26,1.2397545,298,6245,N,43.3333333333333,1,156
6464,27,1.1565495,278,5709,N,45,1,156
6393,28,1.23559425,297,6464,N,46.6666666666667,1,156
6353,29,1.1898315,286,6393,N,48.3333333333333,1,156
6447,30,1.231434,296,6353,N,50,1,156
6698,31,1.2730365,306,6447,N,51.6666666666667,1,156
7849,32,1.3562415,326,6698,N,53.3333333333333,1,156
7659,33,1.16903025,281,7849,N,55,1,156
7069,34,1.27719675,307,7659,N,56.6666666666667,1,156
7737,35,1.30215825,313,7069,N,58.3333333333333,1,156
7866,36,1.35208125,325,7737,N,60,1,156
7460,37,1.3895235,334,7866,N,61.6666666666667,1,156
7627,38,1.4394465,346,7460,N,63.3333333333333,1,156
8036,39,1.44360675,347,7627,N,65,1,156
8216,40,1.45192725,349,8036,N,66.6666666666667,1,156
8840,41,1.530972,368,8216,N,68.3333333333333,1,156
9332,42,1.5226515,366,8840,N,70,1,156
8806,43,1.580895,380,9332,N,71.6666666666667,1,156
8550,44,1.50185025,361,8806,N,73.3333333333333,1,156
9152,45,1.58505525,381,8550,N,75,1,156
9055,46,1.564254,376,9152,N,76.6666666666667,1,156
9521,47,1.6724205,402,9055,N,78.3333333333333,1,156
10732,48,1.65161925,397,9521,N,80,1,156
10068,49,1.74314475,419,10732,N,81.6666666666667,1,156
10939,50,1.75978575,423,10068,N,83.3333333333333,1,156
10132,51,1.93451625,465,10939,N,85,1,156
10375,52,1.813869,436,10132,N,86.6666666666667,1,156
10787,53,1.8887535,454,10375,N,88.3333333333333,1,156
10108,54,2.03436225,489,10787,N,90,1,156
12337,55,2.19245175,527,10108,N,91.6666666666667,1,156
12572,56,2.21741325,533,12337,N,93.3333333333333,1,156
12560,57,2.54191275,611,12572,N,95,1,156
12724,58,2.55023325,613,12560,N,96.6666666666667,1,156
12481,59,1.33128,320,12724,Y,98.3333333333333,2,156
12579,60,1.31047875,315,12481,N,100,2,156
12410,61,1.38536325,333,12579,N,101.666666666667,2,156
12708,62,1.64329875,395,12410,N,103.333333333333,2,156
14179,63,1.68490125,405,12708,N,105,2,156
13928,64,2.0218815,486,14179,N,106.666666666667,2,156
3118,0,1.01926125,245,NA,N,0,0,157
2935,1,1.03590225,249,3118,N,1.66666666666667,0,157
2991,2,1.098306,264,2935,N,3.33333333333333,0,157
3054,3,1.06918425,257,2991,N,5,0,157
3128,4,1.12742775,271,3054,N,6.66666666666667,0,157
3056,5,1.11078675,267,3128,N,8.33333333333333,0,157
2245,6,1.2064725,290,3056,N,10,0,157
3014,7,1.20231225,289,2245,N,11.6666666666667,0,157
4031,8,1.2231135,294,3014,N,13.3333333333333,0,157
4178,9,1.2064725,290,4031,N,15,0,157
4221,10,1.26887625,305,4178,N,16.6666666666667,0,157
4098,11,1.1898315,286,4221,N,18.3333333333333,0,157
4299,12,1.26055575,303,4098,N,20,0,157
3862,13,1.31047875,315,4299,N,21.6666666666667,0,157
3607,14,1.31879925,317,3862,N,23.3333333333333,0,157
4298,15,1.29383775,311,3607,N,25,0,157
5093,16,1.35208125,325,4298,N,26.6666666666667,0,157
4991,17,1.44360675,347,5093,N,28.3333333333333,0,157
5233,18,1.51017075,363,4991,N,30,0,157
5115,19,1.614177,388,5233,N,31.6666666666667,0,157
5303,20,1.614177,388,5115,N,33.3333333333333,0,157
5240,21,1.53513225,369,5303,N,35,0,157
5466,22,1.6557795,398,5240,N,36.6666666666667,0,157
5345,23,1.63497825,393,5466,N,38.3333333333333,0,157
6536,24,1.6557795,398,5345,N,40,0,157
6250,25,1.75978575,423,6536,N,41.6666666666667,0,157
5710,26,1.80138825,433,6250,N,43.3333333333333,0,157
6465,27,1.76810625,425,5710,N,45,0,157
6395,28,1.863792,448,6465,N,46.6666666666667,0,157
6356,29,1.863792,448,6395,N,48.3333333333333,0,157
6449,30,1.913715,460,6356,N,50,0,157
6699,31,2.0218815,486,6449,N,51.6666666666667,0,157
7850,32,2.20077225,529,6699,N,53.3333333333333,0,157
7661,33,2.24237475,539,7850,N,55,0,157
7124,34,2.2714965,546,7661,N,56.6666666666667,0,157
7738,35,2.31725925,557,7124,N,58.3333333333333,0,157
7867,36,2.5044705,602,7738,N,60,0,157
7466,37,2.7208035,654,7867,N,61.6666666666667,0,157
7628,38,2.546073,612,7466,N,63.3333333333333,0,157
8037,39,1.27719675,307,7628,Y,65,1,157
8217,40,1.21063275,291,8037,N,66.6666666666667,1,157
8842,41,1.2064725,290,8217,N,68.3333333333333,1,157
3118,0,1.01926125,245,NA,N,0,0,158
2935,1,1.03590225,249,3118,N,1.66666666666667,0,158
2991,2,1.098306,264,2935,N,3.33333333333333,0,158
3054,3,1.06918425,257,2991,N,5,0,158
3128,4,1.12742775,271,3054,N,6.66666666666667,0,158
3056,5,1.11078675,267,3128,N,8.33333333333333,0,158
2245,6,1.2064725,290,3056,N,10,0,158
3014,7,1.20231225,289,2245,N,11.6666666666667,0,158
4031,8,1.2231135,294,3014,N,13.3333333333333,0,158
4178,9,1.2064725,290,4031,N,15,0,158
4221,10,1.26887625,305,4178,N,16.6666666666667,0,158
4098,11,1.1898315,286,4221,N,18.3333333333333,0,158
4299,12,1.26055575,303,4098,N,20,0,158
3862,13,1.31047875,315,4299,N,21.6666666666667,0,158
3607,14,1.31879925,317,3862,N,23.3333333333333,0,158
4298,15,1.29383775,311,3607,N,25,0,158
5093,16,1.35208125,325,4298,N,26.6666666666667,0,158
4991,17,1.44360675,347,5093,N,28.3333333333333,0,158
5233,18,1.51017075,363,4991,N,30,0,158
5115,19,1.614177,388,5233,N,31.6666666666667,0,158
5303,20,1.614177,388,5115,N,33.3333333333333,0,158
5240,21,1.53513225,369,5303,N,35,0,158
5466,22,1.6557795,398,5240,N,36.6666666666667,0,158
5345,23,1.63497825,393,5466,N,38.3333333333333,0,158
6536,24,1.6557795,398,5345,N,40,0,158
6250,25,1.75978575,423,6536,N,41.6666666666667,0,158
5710,26,1.80138825,433,6250,N,43.3333333333333,0,158
6465,27,1.76810625,425,5710,N,45,0,158
6395,28,1.863792,448,6465,N,46.6666666666667,0,158
6356,29,1.863792,448,6395,N,48.3333333333333,0,158
6449,30,1.913715,460,6356,N,50,0,158
6699,31,2.0218815,486,6449,N,51.6666666666667,0,158
7850,32,2.20077225,529,6699,N,53.3333333333333,0,158
7661,33,2.24237475,539,7850,N,55,0,158
7124,34,2.2714965,546,7661,N,56.6666666666667,0,158
7738,35,2.31725925,557,7124,N,58.3333333333333,0,158
7867,36,2.5044705,602,7738,N,60,0,158
7466,37,2.7208035,654,7867,N,61.6666666666667,0,158
7628,38,2.546073,612,7466,N,63.3333333333333,0,158
8038,39,1.30215825,313,7628,Y,65,1,158
8218,40,1.32711975,319,8038,N,66.6666666666667,1,158
8843,41,1.347921,324,8218,N,68.3333333333333,1,158
9333,42,1.48520925,357,8843,N,70,1,158
8811,43,1.49352975,359,9333,N,71.6666666666667,1,158
8553,44,1.56841425,377,8811,N,73.3333333333333,1,158
9153,45,1.60169625,385,8553,N,75,1,158
9057,46,1.7722665,426,9153,N,76.6666666666667,1,158
9522,47,1.980279,476,9057,N,78.3333333333333,1,158
10735,48,2.0385225,490,9522,N,80,1,158
10070,49,2.25901575,543,10735,N,81.6666666666667,1,158
10941,50,2.629278,632,10070,N,83.3333333333333,1,158
10133,51,2.4212655,582,10941,N,85,1,158
10382,52,2.5211115,606,10133,N,86.6666666666667,1,158
10790,53,1.231434,296,10382,Y,88.3333333333333,2,158
10111,54,1.2397545,298,10790,N,90,2,158
12355,55,1.41032475,339,10111,N,91.6666666666667,2,158
12577,56,1.314639,316,12355,N,93.3333333333333,2,158
12564,57,1.597536,384,12577,N,95,2,158
3118,0,1.01926125,245,NA,N,0,0,159
2935,1,1.03590225,249,3118,N,1.66666666666667,0,159
2991,2,1.098306,264,2935,N,3.33333333333333,0,159
3054,3,1.06918425,257,2991,N,5,0,159
3128,4,1.12742775,271,3054,N,6.66666666666667,0,159
3056,5,1.11078675,267,3128,N,8.33333333333333,0,159
2245,6,1.2064725,290,3056,N,10,0,159
3014,7,1.20231225,289,2245,N,11.6666666666667,0,159
4031,8,1.2231135,294,3014,N,13.3333333333333,0,159
4178,9,1.2064725,290,4031,N,15,0,159
4221,10,1.26887625,305,4178,N,16.6666666666667,0,159
4098,11,1.1898315,286,4221,N,18.3333333333333,0,159
4299,12,1.26055575,303,4098,N,20,0,159
3862,13,1.31047875,315,4299,N,21.6666666666667,0,159
3607,14,1.31879925,317,3862,N,23.3333333333333,0,159
4298,15,1.29383775,311,3607,N,25,0,159
5093,16,1.35208125,325,4298,N,26.6666666666667,0,159
4991,17,1.44360675,347,5093,N,28.3333333333333,0,159
5233,18,1.51017075,363,4991,N,30,0,159
5115,19,1.614177,388,5233,N,31.6666666666667,0,159
5303,20,1.614177,388,5115,N,33.3333333333333,0,159
5240,21,1.53513225,369,5303,N,35,0,159
5466,22,1.6557795,398,5240,N,36.6666666666667,0,159
5345,23,1.63497825,393,5466,N,38.3333333333333,0,159
6536,24,1.6557795,398,5345,N,40,0,159
6250,25,1.75978575,423,6536,N,41.6666666666667,0,159
5710,26,1.80138825,433,6250,N,43.3333333333333,0,159
6465,27,1.76810625,425,5710,N,45,0,159
6395,28,1.863792,448,6465,N,46.6666666666667,0,159
6356,29,1.863792,448,6395,N,48.3333333333333,0,159
6449,30,1.913715,460,6356,N,50,0,159
6699,31,2.0218815,486,6449,N,51.6666666666667,0,159
7850,32,2.20077225,529,6699,N,53.3333333333333,0,159
7661,33,2.24237475,539,7850,N,55,0,159
7124,34,2.2714965,546,7661,N,56.6666666666667,0,159
7738,35,2.31725925,557,7124,N,58.3333333333333,0,159
7867,36,2.5044705,602,7738,N,60,0,159
7466,37,2.7208035,654,7867,N,61.6666666666667,0,159
7628,38,2.546073,612,7466,N,63.3333333333333,0,159
8038,39,1.30215825,313,7628,Y,65,1,159
8218,40,1.32711975,319,8038,N,66.6666666666667,1,159
8843,41,1.347921,324,8218,N,68.3333333333333,1,159
9333,42,1.48520925,357,8843,N,70,1,159
8811,43,1.49352975,359,9333,N,71.6666666666667,1,159
8553,44,1.56841425,377,8811,N,73.3333333333333,1,159
9153,45,1.60169625,385,8553,N,75,1,159
9057,46,1.7722665,426,9153,N,76.6666666666667,1,159
9522,47,1.980279,476,9057,N,78.3333333333333,1,159
10735,48,2.0385225,490,9522,N,80,1,159
10070,49,2.25901575,543,10735,N,81.6666666666667,1,159
10941,50,2.629278,632,10070,N,83.3333333333333,1,159
10133,51,2.4212655,582,10941,N,85,1,159
10382,52,2.5211115,606,10133,N,86.6666666666667,1,159
10792,53,1.15238925,277,10382,Y,88.3333333333333,2,159
10112,54,1.148229,276,10792,N,90,2,159
12363,55,1.27719675,307,10112,N,91.6666666666667,2,159
12580,56,1.2896775,310,12363,N,93.3333333333333,2,159
12568,57,1.630818,392,12580,N,95,2,159
12725,58,1.64329875,395,12568,N,96.6666666666667,2,159
12486,59,1.863792,448,12725,N,98.3333333333333,2,159
12584,60,1.75978575,423,12486,N,100,2,159
12416,61,1.9386765,466,12584,N,101.666666666667,2,159
12710,62,2.313099,556,12416,N,103.333333333333,2,159
14184,63,2.3380605,562,12710,N,105,2,159
13936,64,1.281357,308,14184,Y,106.666666666667,3,159
14604,65,1.36040175,327,13936,N,108.333333333333,3,159
13085,66,1.41864525,341,14604,N,110,3,159
14823,67,1.47688875,355,13085,N,111.666666666667,3,159
14848,68,1.50185025,361,14823,N,113.333333333333,3,159
14010,69,1.614177,388,14848,N,115,3,159
14836,70,1.75146525,421,14010,N,116.666666666667,3,159
2208,0,1.01926125,245,NA,N,0,0,160
2168,1,0.96933825,233,2208,N,1.66666666666667,0,160
2187,2,1.098306,264,2168,N,3.33333333333333,0,160
2243,3,1.02758175,247,2187,N,5,0,160
2201,4,1.01926125,245,2243,N,6.66666666666667,0,160
2377,5,1.131588,272,2201,N,8.33333333333333,0,160
2012,6,1.314639,316,2377,N,10,0,160
2209,7,1.32711975,319,2012,N,11.6666666666667,0,160
3330,8,1.031742,248,2209,N,13.3333333333333,0,160
3494,9,1.3229595,318,3330,N,15,0,160
3241,10,1.264716,304,3494,N,16.6666666666667,0,160
3380,11,1.181511,284,3241,N,18.3333333333333,0,160
3720,12,1.11078675,267,3380,N,20,0,160
3207,13,1.35208125,325,3720,N,21.6666666666667,0,160
3146,14,1.3562415,326,3207,N,23.3333333333333,0,160
3515,15,1.51849125,365,3146,N,25,0,160
4360,16,1.1565495,278,3515,N,26.6666666666667,0,160
4346,17,1.44360675,347,4360,N,28.3333333333333,0,160
4468,18,1.70986275,411,4346,N,30,0,160
4345,19,1.347921,324,4468,N,31.6666666666667,0,160
4645,20,1.61001675,387,4345,N,33.3333333333333,0,160
4410,21,1.75978575,423,4645,N,35,0,160
5316,22,2.02604175,487,4410,N,36.6666666666667,0,160
4430,23,2.24237475,539,5316,N,38.3333333333333,0,160
5548,24,2.55023325,613,4430,N,40,0,160
5506,25,2.629278,632,5548,N,41.6666666666667,0,160
5515,26,2.32557975,559,5506,N,43.3333333333333,0,160
5721,27,1.114947,268,5515,Y,45,1,160
5762,28,1.11078675,267,5721,N,46.6666666666667,1,160
5730,29,1.12742775,271,5762,N,48.3333333333333,1,160
5535,30,1.16070975,279,5730,N,50,1,160
6551,31,1.1731905,282,5535,N,51.6666666666667,1,160
7355,32,1.27719675,307,6551,N,53.3333333333333,1,160
6961,33,1.3229595,318,7355,N,55,1,160
6714,34,1.4061645,338,6961,N,56.6666666666667,1,160
6912,35,1.530972,368,6714,N,58.3333333333333,1,160
6966,36,1.72650375,415,6912,N,60,1,160
6850,37,1.66826025,401,6966,N,61.6666666666667,1,160
6973,38,1.763946,424,6850,N,63.3333333333333,1,160
7881,39,1.58505525,381,6973,N,65,1,160
8055,40,1.56841425,377,7881,N,66.6666666666667,1,160
8428,41,1.9719585,474,8055,N,68.3333333333333,1,160
9172,42,2.0218815,486,8428,N,70,1,160
8332,43,2.2049325,530,9172,N,71.6666666666667,1,160
8235,44,1.16487,280,8332,Y,73.3333333333333,2,160
8890,45,1.114947,268,8235,N,75,2,160
8656,46,1.37704275,331,8890,N,76.6666666666667,2,160
9349,47,1.414485,340,8656,N,78.3333333333333,2,160
2218,0,0.71140275,171,NA,N,0,0,161
2189,1,0.8070885,194,2218,N,1.66666666666667,0,161
2249,2,0.7904475,190,2189,N,3.33333333333333,0,161
2306,3,0.80292825,193,2249,N,5,0,161
2211,4,0.87781275,211,2306,N,6.66666666666667,0,161
2383,5,0.881973,212,2211,N,8.33333333333333,0,161
2015,6,0.86117175,207,2383,N,10,0,161
2217,7,0.9568575,230,2015,N,11.6666666666667,0,161
3340,8,0.97765875,235,2217,N,13.3333333333333,0,161
3512,9,1.098306,264,3340,N,15,0,161
3250,10,1.05254325,253,3512,N,16.6666666666667,0,161
3387,11,1.031742,248,3250,N,18.3333333333333,0,161
3732,12,1.098306,264,3387,N,20,0,161
3213,13,1.14406875,275,3732,N,21.6666666666667,0,161
3148,14,1.1731905,282,3213,N,23.3333333333333,0,161
3525,15,1.16487,280,3148,N,25,0,161
4364,16,1.28551725,309,3525,N,26.6666666666667,0,161
4419,17,1.34376075,323,4364,N,28.3333333333333,0,161
4481,18,1.48520925,357,4419,N,30,0,161
4355,19,1.37704275,331,4481,N,31.6666666666667,0,161
4664,20,1.45192725,349,4355,N,33.3333333333333,0,161
4459,21,1.580895,380,4664,N,35,0,161
5320,22,1.45192725,349,4459,N,36.6666666666667,0,161
4436,23,1.5226515,366,5320,N,38.3333333333333,0,161
5554,24,1.6641,400,4436,N,40,0,161
5508,25,1.813869,436,5554,N,41.6666666666667,0,161
5567,26,1.863792,448,5508,N,43.3333333333333,0,161
5737,27,1.8055485,434,5567,N,45,0,161
5779,28,1.980279,476,5737,N,46.6666666666667,0,161
5757,29,0.95269725,229,5779,Y,48.3333333333333,1,161
5547,30,0.9402165,226,5757,N,50,1,161
6558,31,1.02758175,247,5547,N,51.6666666666667,1,161
7384,32,1.12742775,271,6558,N,53.3333333333333,1,161
6993,33,1.20231225,289,7384,N,55,1,161
6721,34,1.2064725,290,6993,N,56.6666666666667,1,161
6933,35,1.3229595,318,6721,N,58.3333333333333,1,161
6999,36,1.3229595,318,6933,N,60,1,161
6858,37,1.22727375,295,6999,N,61.6666666666667,1,161
7004,38,1.514331,364,6858,N,63.3333333333333,1,161
7886,39,1.514331,364,7004,N,65,1,161
8060,40,1.56841425,377,7886,N,66.6666666666667,1,161
8441,41,1.70154225,409,8060,N,68.3333333333333,1,161
9178,42,1.714023,412,8441,N,70,1,161
8343,43,1.8388305,442,9178,N,71.6666666666667,1,161
8239,44,1.797228,432,8343,N,73.3333333333333,1,161
8905,45,1.99692,480,8239,N,75,1,161
8673,46,2.00108025,481,8905,N,76.6666666666667,1,161
9355,47,2.06764425,497,8673,N,78.3333333333333,1,161
10387,48,2.030202,488,9355,N,80,1,161
9554,49,2.14252875,515,10387,N,81.6666666666667,1,161
10752,50,2.23405425,537,9554,N,83.3333333333333,1,161
9703,51,1.87627275,451,10752,N,85,1,161
10163,52,2.09260575,503,9703,N,86.6666666666667,1,161
10401,53,1.580895,380,10163,N,88.3333333333333,1,161
9603,54,0.99429975,239,10401,Y,90,2,161
11126,55,1.02758175,247,9603,N,91.6666666666667,2,161
11285,56,0.99846,240,11126,N,93.3333333333333,2,161
11187,57,1.11910725,269,11285,N,95,2,161
11770,58,1.12742775,271,11187,N,96.6666666666667,2,161
11086,59,1.16903025,281,11770,N,98.3333333333333,2,161
11016,60,1.264716,304,11086,N,100,2,161
11184,61,1.231434,296,11016,N,101.666666666667,2,161
11071,62,1.198152,288,11184,N,103.333333333333,2,161
13500,63,1.28551725,309,11071,N,105,2,161
13149,64,1.2397545,298,13500,N,106.666666666667,2,161
12973,65,1.27719675,307,13149,N,108.333333333333,2,161
12762,66,1.30215825,313,12973,N,110,2,161
14477,67,1.33128,320,12762,N,111.666666666667,2,161
14467,68,1.3562415,326,14477,N,113.333333333333,2,161
13600,69,1.33544025,321,14467,N,115,2,161
14348,70,1.347921,324,13600,N,116.666666666667,2,161
2697,0,0.74468475,179,NA,N,0,0,162
2711,1,0.81956925,197,2697,N,1.66666666666667,0,162
2655,2,0.965178,232,2711,N,3.33333333333333,0,162
2777,3,0.91941525,221,2655,N,5,0,162
3021,4,0.99846,240,2777,N,6.66666666666667,0,162
2802,5,0.9901395,238,3021,N,8.33333333333333,0,162
2109,6,1.0567035,254,2802,N,10,0,162
2883,7,1.0567035,254,2109,N,11.6666666666667,0,162
3867,8,1.06918425,257,2883,N,13.3333333333333,0,162
4086,9,1.131588,272,3867,N,15,0,162
4163,10,1.114947,268,4086,N,16.6666666666667,0,162
3954,11,1.18567125,285,4163,N,18.3333333333333,0,162
4249,12,1.19399175,287,3954,N,20,0,162
3662,13,1.214793,292,4249,N,21.6666666666667,0,162
3421,14,1.21063275,291,3662,N,23.3333333333333,0,162
4235,15,1.198152,288,3421,N,25,0,162
4992,16,1.198152,288,4235,N,26.6666666666667,0,162
4870,17,1.18567125,285,4992,N,28.3333333333333,0,162
5205,18,1.231434,296,4870,N,30,0,162
4989,19,1.2231135,294,5205,N,31.6666666666667,0,162
5272,20,1.17735075,283,4989,N,33.3333333333333,0,162
5030,21,1.3063185,314,5272,N,35,0,162
5434,22,1.297998,312,5030,N,36.6666666666667,0,162
5082,23,1.614177,388,5434,N,38.3333333333333,0,162
6502,24,1.763946,424,5082,N,40,0,162
6079,25,1.7889075,430,6502,N,41.6666666666667,0,162
5678,26,1.930356,464,6079,N,43.3333333333333,0,162
6217,27,2.10092625,505,5678,N,45,0,162
6276,28,2.3547015,566,6217,N,46.6666666666667,0,162
6287,29,2.40046425,577,6276,N,48.3333333333333,0,162
6205,30,1.25223525,301,6287,Y,50,1,162
6659,31,1.3063185,314,6205,N,51.6666666666667,1,162
7808,32,1.34376075,323,6659,N,53.3333333333333,1,162
7542,33,1.49352975,359,7808,N,55,1,162
6828,34,1.5226515,366,7542,N,56.6666666666667,1,162
7512,35,1.33128,320,6828,N,58.3333333333333,1,162
7658,36,1.58505525,381,7512,N,60,1,162
7309,37,1.60169625,385,7658,N,61.6666666666667,1,162
7505,38,1.7889075,430,7309,N,63.3333333333333,1,162
7994,39,1.7389845,418,7505,N,65,1,162
8169,40,2.00108025,481,7994,N,66.6666666666667,1,162
8718,41,2.08428525,501,8169,N,68.3333333333333,1,162
9287,42,2.296458,552,8718,N,70,1,162
8654,43,2.2714965,546,9287,N,71.6666666666667,1,162
8414,44,2.546073,612,8654,N,73.3333333333333,1,162
9108,45,2.48366925,597,8414,N,75,1,162
9030,46,1.26887625,305,9108,Y,76.6666666666667,2,162
9509,47,1.580895,380,9030,N,78.3333333333333,2,162
10690,48,1.6724205,402,9509,N,80,2,162
10049,49,1.66826025,401,10690,N,81.6666666666667,2,162
10930,50,1.69322175,407,10049,N,83.3333333333333,2,162
10121,51,1.69322175,407,10930,N,85,2,162
10333,52,1.80138825,433,10121,N,86.6666666666667,2,162
10753,53,1.747305,420,10333,N,88.3333333333333,2,162
10092,54,1.85963175,447,10753,N,90,2,162
12221,55,1.94283675,467,10092,N,91.6666666666667,2,162
12508,56,2.10924675,507,12221,N,93.3333333333333,2,162
12483,57,2.562714,616,12508,N,95,2,162
12702,58,2.81648925,677,12483,N,96.6666666666667,2,162
12390,59,1.3895235,334,12702,Y,98.3333333333333,3,162
12474,60,1.347921,324,12390,N,100,3,162
2699,0,0.9069345,218,NA,N,0,0,163
2713,1,1.0067805,242,2699,N,1.66666666666667,0,163
2657,2,1.04422275,251,2713,N,3.33333333333333,0,163
2783,3,1.06086375,255,2657,N,5,0,163
3024,4,1.0400625,250,2783,N,6.66666666666667,0,163
2639,5,1.06086375,255,3024,N,8.33333333333333,0,163
2084,6,1.15238925,277,2639,N,10,0,163
2765,7,1.26055575,303,2084,N,11.6666666666667,0,163
3719,8,1.41032475,339,2765,N,13.3333333333333,0,163
3952,9,1.347921,324,3719,N,15,0,163
4115,10,1.364562,328,3952,N,16.6666666666667,0,163
3808,11,1.364562,328,4115,N,18.3333333333333,0,163
4209,12,1.431126,344,3808,N,20,0,163
3521,13,1.47688875,355,4209,N,21.6666666666667,0,163
3313,14,1.464408,352,3521,N,23.3333333333333,0,163
4046,15,1.56009375,375,3313,N,25,0,163
4885,16,1.5226515,366,4046,N,26.6666666666667,0,163
4749,17,1.42696575,343,4885,N,28.3333333333333,0,163
5185,18,1.5892155,382,4749,N,30,0,163
4891,19,1.53513225,369,5185,N,31.6666666666667,0,163
5251,20,1.63497825,393,4891,N,33.3333333333333,0,163
4879,21,1.69322175,407,5251,N,35,0,163
5409,22,1.75146525,421,4879,N,36.6666666666667,0,163
4942,23,1.9719585,474,5409,N,38.3333333333333,0,163
6476,24,2.130048,512,4942,N,40,0,163
5947,25,2.296458,552,6476,N,41.6666666666667,0,163
5653,26,2.346381,564,5947,N,43.3333333333333,0,163
6047,27,1.26055575,303,5653,Y,45,1,163
6110,28,1.481049,356,6047,N,46.6666666666667,1,163
2699,0,0.9069345,218,NA,N,0,0,164
2713,1,1.0067805,242,2699,N,1.66666666666667,0,164
2657,2,1.04422275,251,2713,N,3.33333333333333,0,164
2783,3,1.06086375,255,2657,N,5,0,164
3024,4,1.0400625,250,2783,N,6.66666666666667,0,164
2639,5,1.06086375,255,3024,N,8.33333333333333,0,164
2084,6,1.15238925,277,2639,N,10,0,164
2765,7,1.26055575,303,2084,N,11.6666666666667,0,164
3719,8,1.41032475,339,2765,N,13.3333333333333,0,164
3952,9,1.347921,324,3719,N,15,0,164
4115,10,1.364562,328,3952,N,16.6666666666667,0,164
3808,11,1.364562,328,4115,N,18.3333333333333,0,164
4209,12,1.431126,344,3808,N,20,0,164
3521,13,1.47688875,355,4209,N,21.6666666666667,0,164
3313,14,1.464408,352,3521,N,23.3333333333333,0,164
4046,15,1.56009375,375,3313,N,25,0,164
4885,16,1.5226515,366,4046,N,26.6666666666667,0,164
4749,17,1.42696575,343,4885,N,28.3333333333333,0,164
5185,18,1.5892155,382,4749,N,30,0,164
4891,19,1.53513225,369,5185,N,31.6666666666667,0,164
5251,20,1.63497825,393,4891,N,33.3333333333333,0,164
4879,21,1.69322175,407,5251,N,35,0,164
5409,22,1.75146525,421,4879,N,36.6666666666667,0,164
4942,23,1.9719585,474,5409,N,38.3333333333333,0,164
6476,24,2.130048,512,4942,N,40,0,164
5947,25,2.296458,552,6476,N,41.6666666666667,0,164
5653,26,2.346381,564,5947,N,43.3333333333333,0,164
6460,27,0.931896,224,5653,Y,45,1,164
6384,28,1.1565495,278,6460,N,46.6666666666667,1,164
6343,29,1.2064725,290,6384,N,48.3333333333333,1,164
6435,30,1.4061645,338,6343,N,50,1,164
6692,31,1.23559425,297,6435,N,51.6666666666667,1,164
7842,32,1.148229,276,6692,N,53.3333333333333,1,164
7624,33,1.231434,296,7842,N,55,1,164
7032,34,1.41864525,341,7624,N,56.6666666666667,1,164
7730,35,1.5559335,374,7032,N,58.3333333333333,1,164
7857,36,1.4893695,358,7730,N,60,1,164
7425,37,1.41864525,341,7857,N,61.6666666666667,1,164
7608,38,1.72650375,415,7425,N,63.3333333333333,1,164
8027,39,1.9220355,462,7608,N,65,1,164
8206,40,2.00940075,483,8027,N,66.6666666666667,1,164
8822,41,2.1882915,526,8206,N,68.3333333333333,1,164
9323,42,2.279817,548,8822,N,70,1,164
8769,43,1.03590225,249,9323,Y,71.6666666666667,2,164
8522,44,1.18567125,285,8769,N,73.3333333333333,2,164
9143,45,1.2064725,290,8522,N,75,2,164
9035,46,1.22727375,295,9143,N,76.6666666666667,2,164
2699,0,0.9069345,218,NA,N,0,0,165
2713,1,1.0067805,242,2699,N,1.66666666666667,0,165
2657,2,1.04422275,251,2713,N,3.33333333333333,0,165
2783,3,1.06086375,255,2657,N,5,0,165
3024,4,1.0400625,250,2783,N,6.66666666666667,0,165
2639,5,1.06086375,255,3024,N,8.33333333333333,0,165
2084,6,1.15238925,277,2639,N,10,0,165
2765,7,1.26055575,303,2084,N,11.6666666666667,0,165
3719,8,1.41032475,339,2765,N,13.3333333333333,0,165
3952,9,1.347921,324,3719,N,15,0,165
4115,10,1.364562,328,3952,N,16.6666666666667,0,165
3808,11,1.364562,328,4115,N,18.3333333333333,0,165
4209,12,1.431126,344,3808,N,20,0,165
3521,13,1.47688875,355,4209,N,21.6666666666667,0,165
3313,14,1.464408,352,3521,N,23.3333333333333,0,165
4046,15,1.56009375,375,3313,N,25,0,165
4885,16,1.5226515,366,4046,N,26.6666666666667,0,165
4749,17,1.42696575,343,4885,N,28.3333333333333,0,165
5185,18,1.5892155,382,4749,N,30,0,165
4891,19,1.53513225,369,5185,N,31.6666666666667,0,165
5251,20,1.63497825,393,4891,N,33.3333333333333,0,165
4879,21,1.69322175,407,5251,N,35,0,165
5409,22,1.75146525,421,4879,N,36.6666666666667,0,165
4942,23,1.9719585,474,5409,N,38.3333333333333,0,165
6476,24,2.130048,512,4942,N,40,0,165
5947,25,2.296458,552,6476,N,41.6666666666667,0,165
5653,26,2.346381,564,5947,N,43.3333333333333,0,165
6460,27,0.931896,224,5653,Y,45,1,165
6384,28,1.1565495,278,6460,N,46.6666666666667,1,165
6343,29,1.2064725,290,6384,N,48.3333333333333,1,165
6435,30,1.4061645,338,6343,N,50,1,165
6692,31,1.23559425,297,6435,N,51.6666666666667,1,165
7842,32,1.148229,276,6692,N,53.3333333333333,1,165
7624,33,1.231434,296,7842,N,55,1,165
7032,34,1.41864525,341,7624,N,56.6666666666667,1,165
7730,35,1.5559335,374,7032,N,58.3333333333333,1,165
7857,36,1.4893695,358,7730,N,60,1,165
7425,37,1.41864525,341,7857,N,61.6666666666667,1,165
7608,38,1.72650375,415,7425,N,63.3333333333333,1,165
8027,39,1.9220355,462,7608,N,65,1,165
8206,40,2.00940075,483,8027,N,66.6666666666667,1,165
8822,41,2.1882915,526,8206,N,68.3333333333333,1,165
9323,42,2.279817,548,8822,N,70,1,165
8773,43,1.16903025,281,9323,Y,71.6666666666667,2,165
8525,44,1.198152,288,8773,N,73.3333333333333,2,165
9144,45,1.18567125,285,8525,N,75,2,165
9038,46,1.214793,292,9144,N,76.6666666666667,2,165
9513,47,1.381203,332,9038,N,78.3333333333333,2,165
10703,48,1.61833725,389,9513,N,80,2,165
10057,49,1.60169625,385,10703,N,81.6666666666667,2,165
10934,50,1.880433,452,10057,N,83.3333333333333,2,165
10126,51,1.88459325,453,10934,N,85,2,165
10349,52,2.13420825,513,10126,N,86.6666666666667,2,165
10771,53,2.32557975,559,10349,N,88.3333333333333,2,165
10099,54,2.16749025,521,10771,N,90,2,165
12293,55,1.181511,284,10099,Y,91.6666666666667,3,165
2706,0,1.0400625,250,NA,N,0,0,166
2718,1,0.99429975,239,2706,N,1.66666666666667,0,166
2661,2,1.248075,300,2718,N,3.33333333333333,0,166
2796,3,1.4061645,338,2661,N,5,0,166
3030,4,1.181511,284,2796,N,6.66666666666667,0,166
2685,5,1.38536325,333,3030,N,8.33333333333333,0,166
2086,6,1.32711975,319,2685,N,10,0,166
2791,7,1.4893695,358,2086,N,11.6666666666667,0,166
3731,8,1.547613,372,2791,N,13.3333333333333,0,166
3963,9,1.58505525,381,3731,N,15,0,166
4123,10,1.630818,392,3963,N,16.6666666666667,0,166
3821,11,1.33544025,321,4123,N,18.3333333333333,0,166
4213,12,1.24391475,299,3821,N,20,0,166
3532,13,1.24391475,299,4213,N,21.6666666666667,0,166
3319,14,1.3229595,318,3532,N,23.3333333333333,0,166
4055,15,1.2730365,306,3319,N,25,0,166
4896,16,1.36040175,327,4055,N,26.6666666666667,0,166
4760,17,1.45192725,349,4896,N,28.3333333333333,0,166
5187,18,1.78474725,429,4760,N,30,0,166
4899,19,1.92619575,463,5187,N,31.6666666666667,0,166
5253,20,2.04268275,491,4899,N,33.3333333333333,0,166
4898,21,2.48366925,597,5253,N,35,0,166
5411,22,2.22573375,535,4898,N,36.6666666666667,0,166
4956,23,2.429586,584,5411,N,38.3333333333333,0,166
6479,24,1.05254325,253,4956,Y,40,1,166
5956,25,1.0733445,258,6479,N,41.6666666666667,1,166
5619,26,1.36040175,327,5956,N,43.3333333333333,1,166
5910,27,1.38536325,333,5619,N,45,1,166
5954,28,1.38536325,333,5910,N,46.6666666666667,1,166
5974,29,1.41864525,341,5954,N,48.3333333333333,1,166
5890,30,1.530972,368,5974,N,50,1,166
6594,31,1.46856825,353,5890,N,51.6666666666667,1,166
7745,32,1.6058565,386,6594,N,53.3333333333333,1,166
7215,33,1.68490125,405,7745,N,55,1,166
6759,34,1.77642675,427,7215,N,56.6666666666667,1,166
7151,35,1.8221895,438,6759,N,58.3333333333333,1,166
7247,36,2.1050865,506,7151,N,60,1,166
2775,0,0.94437675,227,NA,N,0,0,167
2731,1,0.99429975,239,2775,N,1.66666666666667,0,167
2664,2,1.06918425,257,2731,N,3.33333333333333,0,167
2814,3,1.03590225,249,2664,N,5,0,167
3034,4,1.12742775,271,2814,N,6.66666666666667,0,167
2714,5,1.148229,276,3034,N,8.33333333333333,0,167
2088,6,1.16487,280,2714,N,10,0,167
2801,7,1.16487,280,2088,N,11.6666666666667,0,167
3748,8,1.20231225,289,2801,N,13.3333333333333,0,167
3982,9,1.21063275,291,3748,N,15,0,167
4134,10,1.21895325,293,3982,N,16.6666666666667,0,167
3841,11,1.2563955,302,4134,N,18.3333333333333,0,167
4220,12,1.29383775,311,3841,N,20,0,167
3555,13,1.30215825,313,4220,N,21.6666666666667,0,167
3335,14,1.32711975,319,3555,N,23.3333333333333,0,167
4067,15,1.281357,308,3335,N,25,0,167
4910,16,1.47688875,355,4067,N,26.6666666666667,0,167
4779,17,1.46024775,351,4910,N,28.3333333333333,0,167
5190,18,1.464408,352,4779,N,30,0,167
4912,19,1.51849125,365,5190,N,31.6666666666667,0,167
5256,20,1.530972,368,4912,N,33.3333333333333,0,167
4913,21,1.5559335,374,5256,N,35,0,167
5414,22,1.77642675,427,4913,N,36.6666666666667,0,167
4970,23,1.714023,412,5414,N,38.3333333333333,0,167
6482,24,2.07596475,499,4970,N,40,0,167
5965,25,2.4046245,578,6482,N,41.6666666666667,0,167
5657,26,2.063484,496,5965,N,43.3333333333333,0,167
6117,27,1.114947,268,5657,Y,45,1,167
6175,28,1.1731905,282,6117,N,46.6666666666667,1,167
6181,29,1.364562,328,6175,N,48.3333333333333,1,167
6091,30,1.3063185,314,6181,N,50,1,167
6638,31,1.198152,288,6091,N,51.6666666666667,1,167
7785,32,1.1898315,286,6638,N,53.3333333333333,1,167
7462,33,1.28551725,309,7785,N,55,1,167
6799,34,1.3229595,318,7462,N,56.6666666666667,1,167
7427,35,1.3396005,322,6799,N,58.3333333333333,1,167
7530,36,1.464408,352,7427,N,60,1,167
7212,37,1.4228055,342,7530,N,61.6666666666667,1,167
7377,38,1.45192725,349,7212,N,63.3333333333333,1,167
7967,39,1.63497825,393,7377,N,65,1,167
8143,40,1.347921,324,7967,N,66.6666666666667,1,167
8633,41,1.44360675,347,8143,N,68.3333333333333,1,167
9260,42,1.40200425,337,8633,N,70,1,167
8572,43,1.181511,284,9260,N,71.6666666666667,1,167
8337,44,1.39368375,335,8572,N,73.3333333333333,1,167
9076,45,1.381203,332,8337,N,75,1,167
8889,46,1.364562,328,9076,N,76.6666666666667,1,167
9447,47,1.464408,352,8889,N,78.3333333333333,1,167
10558,48,1.5392925,370,9447,N,80,1,167
9865,49,1.7389845,418,10558,N,81.6666666666667,1,167
10869,50,1.714023,412,9865,N,83.3333333333333,1,167
9979,51,1.56841425,377,10869,N,85,1,167
10267,52,1.56841425,377,9979,N,86.6666666666667,1,167
10611,53,1.56841425,377,10267,N,88.3333333333333,1,167
9821,54,1.65993975,399,10611,N,90,1,167
11739,55,1.6641,400,9821,N,91.6666666666667,1,167
12017,56,1.67658075,403,11739,N,93.3333333333333,1,167
11881,57,1.62665775,391,12017,N,95,1,167
12509,58,1.62665775,391,11881,N,96.6666666666667,1,167
11416,59,1.67658075,403,12509,N,98.3333333333333,1,167
11293,60,1.7722665,426,11416,N,100,1,167
11507,61,1.680741,404,11293,N,101.666666666667,1,167
12108,62,1.63497825,393,11507,N,103.333333333333,1,167
13726,63,1.64329875,395,12108,N,105,1,167
13327,64,1.64329875,395,13726,N,106.666666666667,1,167
13440,65,1.70986275,411,13327,N,108.333333333333,1,167
12830,66,1.647459,396,13440,N,110,1,167
14113,67,1.6724205,402,12830,N,111.666666666667,1,167
14119,68,1.65161925,397,14113,N,113.333333333333,1,167
13237,69,1.68490125,405,14119,N,115,1,167
13275,70,1.780587,428,13237,N,116.666666666667,1,167
2775,0,0.94437675,227,NA,N,0,0,168
2731,1,0.99429975,239,2775,N,1.66666666666667,0,168
2664,2,1.06918425,257,2731,N,3.33333333333333,0,168
2814,3,1.03590225,249,2664,N,5,0,168
3034,4,1.12742775,271,2814,N,6.66666666666667,0,168
2714,5,1.148229,276,3034,N,8.33333333333333,0,168
2088,6,1.16487,280,2714,N,10,0,168
2801,7,1.16487,280,2088,N,11.6666666666667,0,168
3748,8,1.20231225,289,2801,N,13.3333333333333,0,168
3982,9,1.21063275,291,3748,N,15,0,168
4134,10,1.21895325,293,3982,N,16.6666666666667,0,168
3841,11,1.2563955,302,4134,N,18.3333333333333,0,168
4220,12,1.29383775,311,3841,N,20,0,168
3555,13,1.30215825,313,4220,N,21.6666666666667,0,168
3335,14,1.32711975,319,3555,N,23.3333333333333,0,168
4067,15,1.281357,308,3335,N,25,0,168
4910,16,1.47688875,355,4067,N,26.6666666666667,0,168
4779,17,1.46024775,351,4910,N,28.3333333333333,0,168
5190,18,1.464408,352,4779,N,30,0,168
4912,19,1.51849125,365,5190,N,31.6666666666667,0,168
5256,20,1.530972,368,4912,N,33.3333333333333,0,168
4913,21,1.5559335,374,5256,N,35,0,168
5414,22,1.77642675,427,4913,N,36.6666666666667,0,168
4970,23,1.714023,412,5414,N,38.3333333333333,0,168
6482,24,2.07596475,499,4970,N,40,0,168
5965,25,2.4046245,578,6482,N,41.6666666666667,0,168
5657,26,2.063484,496,5965,N,43.3333333333333,0,168
6112,27,1.148229,276,5657,Y,45,1,168
6172,28,1.06918425,257,6112,N,46.6666666666667,1,168
6178,29,1.16903025,281,6172,N,48.3333333333333,1,168
6086,30,1.231434,296,6178,N,50,1,168
6637,31,1.264716,304,6086,N,51.6666666666667,1,168
7784,32,1.297998,312,6637,N,53.3333333333333,1,168
7458,33,1.36040175,327,7784,N,55,1,168
6798,34,1.50185025,361,7458,N,56.6666666666667,1,168
7424,35,1.547613,372,6798,N,58.3333333333333,1,168
7521,36,1.51017075,363,7424,N,60,1,168
7206,37,1.65161925,397,7521,N,61.6666666666667,1,168
7373,38,1.68490125,405,7206,N,63.3333333333333,1,168
7966,39,1.5559335,374,7373,N,65,1,168
8142,40,1.95115725,469,7966,N,66.6666666666667,1,168
8630,41,2.16749025,521,8142,N,68.3333333333333,1,168
9259,42,2.16333,520,8630,N,70,1,168
8570,43,0.93605625,225,9259,Y,71.6666666666667,2,168
8335,44,1.01094075,243,8570,N,73.3333333333333,2,168
9075,45,1.231434,296,8335,N,75,2,168
8887,46,1.31879925,317,9075,N,76.6666666666667,2,168
9446,47,1.28551725,309,8887,N,78.3333333333333,2,168
10556,48,1.30215825,313,9446,N,80,2,168
9863,49,1.3728825,330,10556,N,81.6666666666667,2,168
10868,50,1.46856825,353,9863,N,83.3333333333333,2,168
9978,51,1.52681175,367,10868,N,85,2,168
10266,52,1.85131125,445,9978,N,86.6666666666667,2,168
10609,53,1.8055485,434,10266,N,88.3333333333333,2,168
9818,54,1.95947775,471,10609,N,90,2,168
11733,55,2.1050865,506,9818,N,91.6666666666667,2,168
12010,56,1.01094075,243,11733,Y,93.3333333333333,3,168
11875,57,0.99846,240,12010,N,95,3,168
12504,58,1.12742775,271,11875,N,96.6666666666667,3,168
11856,59,1.11078675,267,12504,N,98.3333333333333,3,168
11722,60,1.36040175,327,11856,N,100,3,168
11903,61,1.37704275,331,11722,N,101.666666666667,3,168
12444,62,1.42696575,343,11903,N,103.333333333333,3,168
13882,63,1.30215825,313,12444,N,105,3,168
13661,64,1.49769,360,13882,N,106.666666666667,3,168
14256,65,1.50185025,361,13661,N,108.333333333333,3,168
12922,66,1.75978575,423,14256,N,110,3,168
14215,67,1.9220355,462,12922,N,111.666666666667,3,168
14212,68,1.58505525,381,14215,N,113.333333333333,3,168
14681,70,1.081665,260,14212,Y,116.666666666667,4,168
2775,0,0.94437675,227,NA,N,0,0,169
2731,1,0.99429975,239,2775,N,1.66666666666667,0,169
2664,2,1.06918425,257,2731,N,3.33333333333333,0,169
2814,3,1.03590225,249,2664,N,5,0,169
3034,4,1.12742775,271,2814,N,6.66666666666667,0,169
2714,5,1.148229,276,3034,N,8.33333333333333,0,169
2088,6,1.16487,280,2714,N,10,0,169
2801,7,1.16487,280,2088,N,11.6666666666667,0,169
3748,8,1.20231225,289,2801,N,13.3333333333333,0,169
3982,9,1.21063275,291,3748,N,15,0,169
4134,10,1.21895325,293,3982,N,16.6666666666667,0,169
3841,11,1.2563955,302,4134,N,18.3333333333333,0,169
4220,12,1.29383775,311,3841,N,20,0,169
3555,13,1.30215825,313,4220,N,21.6666666666667,0,169
3335,14,1.32711975,319,3555,N,23.3333333333333,0,169
4067,15,1.281357,308,3335,N,25,0,169
4910,16,1.47688875,355,4067,N,26.6666666666667,0,169
4779,17,1.46024775,351,4910,N,28.3333333333333,0,169
5190,18,1.464408,352,4779,N,30,0,169
4912,19,1.51849125,365,5190,N,31.6666666666667,0,169
5256,20,1.530972,368,4912,N,33.3333333333333,0,169
4913,21,1.5559335,374,5256,N,35,0,169
5414,22,1.77642675,427,4913,N,36.6666666666667,0,169
4970,23,1.714023,412,5414,N,38.3333333333333,0,169
6482,24,2.07596475,499,4970,N,40,0,169
5965,25,2.4046245,578,6482,N,41.6666666666667,0,169
5657,26,2.063484,496,5965,N,43.3333333333333,0,169
6112,27,1.148229,276,5657,Y,45,1,169
6172,28,1.06918425,257,6112,N,46.6666666666667,1,169
6178,29,1.16903025,281,6172,N,48.3333333333333,1,169
6086,30,1.231434,296,6178,N,50,1,169
6637,31,1.264716,304,6086,N,51.6666666666667,1,169
7784,32,1.297998,312,6637,N,53.3333333333333,1,169
7458,33,1.36040175,327,7784,N,55,1,169
6798,34,1.50185025,361,7458,N,56.6666666666667,1,169
7424,35,1.547613,372,6798,N,58.3333333333333,1,169
7521,36,1.51017075,363,7424,N,60,1,169
7206,37,1.65161925,397,7521,N,61.6666666666667,1,169
7373,38,1.68490125,405,7206,N,63.3333333333333,1,169
7966,39,1.5559335,374,7373,N,65,1,169
8142,40,1.95115725,469,7966,N,66.6666666666667,1,169
8630,41,2.16749025,521,8142,N,68.3333333333333,1,169
9259,42,2.16333,520,8630,N,70,1,169
8568,43,1.07750475,259,9259,Y,71.6666666666667,2,169
8333,44,1.16903025,281,8568,N,73.3333333333333,2,169
9074,45,1.198152,288,8333,N,75,2,169
8885,46,1.34376075,323,9074,N,76.6666666666667,2,169
9445,47,1.48520925,357,8885,N,78.3333333333333,2,169
10554,48,1.31879925,317,9445,N,80,2,169
9860,49,1.56841425,377,10554,N,81.6666666666667,2,169
10867,50,1.5559335,374,9860,N,83.3333333333333,2,169
9977,51,1.4560875,350,10867,N,85,2,169
10265,52,1.7556255,422,9977,N,86.6666666666667,2,169
10607,53,1.96779825,473,10265,N,88.3333333333333,2,169
9815,54,1.913715,460,10607,N,90,2,169
11724,55,2.3713425,570,9815,N,91.6666666666667,2,169
11998,56,2.3879835,574,11724,N,93.3333333333333,2,169
11863,57,1.21895325,293,11998,Y,95,3,169
12493,58,1.2231135,294,11863,N,96.6666666666667,3,169
11845,59,1.38536325,333,12493,N,98.3333333333333,3,169
11710,60,1.4061645,338,11845,N,100,3,169
11892,61,1.3728825,330,11710,N,101.666666666667,3,169
12437,62,1.4061645,338,11892,N,103.333333333333,3,169
13879,63,1.4228055,342,12437,N,105,3,169
13659,64,1.6641,400,13879,N,106.666666666667,3,169
14252,65,1.70154225,409,13659,N,108.333333333333,3,169
12919,66,1.597536,384,14252,N,110,3,169
14211,67,1.4727285,354,12919,N,111.666666666667,3,169
14206,68,2.06764425,497,14211,N,113.333333333333,3,169
13239,69,1.0899855,262,14206,Y,115,4,169
13277,70,1.36040175,327,13239,N,116.666666666667,4,169
2793,0,0.63651825,153,NA,N,0,0,170
2737,1,0.79460775,191,2793,N,1.66666666666667,0,170
2667,2,0.782127,188,2737,N,3.33333333333333,0,170
2834,3,0.782127,188,2667,N,5,0,170
3043,4,0.82788975,199,2834,N,6.66666666666667,0,170
2721,5,0.965178,232,3043,N,8.33333333333333,0,170
2091,6,0.89445375,215,2721,N,10,0,170
2809,7,1.00262025,241,2091,N,11.6666666666667,0,170
3759,8,0.948537,228,2809,N,13.3333333333333,0,170
4000,9,1.048383,252,3759,N,15,0,170
4142,10,0.9901395,238,4000,N,16.6666666666667,0,170
3860,11,1.11910725,269,4142,N,18.3333333333333,0,170
4223,12,1.06086375,255,3860,N,20,0,170
3571,13,1.181511,284,4223,N,21.6666666666667,0,170
3347,14,1.22727375,295,3571,N,23.3333333333333,0,170
4082,15,1.06918425,257,3347,N,25,0,170
4925,16,1.20231225,289,4082,N,26.6666666666667,0,170
4797,17,1.214793,292,4925,N,28.3333333333333,0,170
5193,18,1.49352975,359,4797,N,30,0,170
4929,19,1.264716,304,5193,N,31.6666666666667,0,170
5259,20,1.44360675,347,4929,N,33.3333333333333,0,170
4923,21,1.40200425,337,5259,N,35,0,170
5417,22,1.51849125,365,4923,N,36.6666666666667,0,170
4982,23,1.68490125,405,5417,N,38.3333333333333,0,170
6485,24,1.86795225,449,4982,N,40,0,170
5986,25,2.15084925,517,6485,N,41.6666666666667,0,170
5660,26,2.263176,544,5986,N,43.3333333333333,0,170
6129,27,1.95115725,469,5660,N,45,0,170
6190,28,1.1066265,266,6129,Y,46.6666666666667,1,170
6193,29,1.1565495,278,6190,N,48.3333333333333,1,170
6101,30,1.264716,304,6193,N,50,1,170
6640,31,1.297998,312,6101,N,51.6666666666667,1,170
7787,32,1.31879925,317,6640,N,53.3333333333333,1,170
7469,33,1.281357,308,7787,N,55,1,170
6801,34,1.27719675,307,7469,N,56.6666666666667,1,170
7432,35,1.530972,368,6801,N,58.3333333333333,1,170
7537,36,1.4228055,342,7432,N,60,1,170
7385,38,1.70154225,409,7537,N,63.3333333333333,1,170
7968,39,1.680741,404,7385,N,65,1,170
8145,40,1.697382,408,7968,N,66.6666666666667,1,170
8640,41,1.87627275,451,8145,N,68.3333333333333,1,170
9186,42,2.3713425,570,8640,N,70,1,170
8359,43,2.2714965,546,9186,N,71.6666666666667,1,170
2821,0,1.03590225,249,NA,N,0,0,171
2741,1,1.10246625,265,2821,N,1.66666666666667,0,171
2669,2,1.11078675,267,2741,N,3.33333333333333,0,171
2846,3,1.16487,280,2669,N,5,0,171
3047,4,1.21895325,293,2846,N,6.66666666666667,0,171
2723,5,1.18567125,285,3047,N,8.33333333333333,0,171
2094,6,1.26055575,303,2723,N,10,0,171
2825,7,1.24391475,299,2094,N,11.6666666666667,0,171
3771,8,1.27719675,307,2825,N,13.3333333333333,0,171
4006,9,1.31879925,317,3771,N,15,0,171
4143,10,1.381203,332,4006,N,16.6666666666667,0,171
3869,11,1.36040175,327,4143,N,18.3333333333333,0,171
4225,12,1.40200425,337,3869,N,20,0,171
3577,13,1.464408,352,4225,N,21.6666666666667,0,171
3352,14,1.42696575,343,3577,N,23.3333333333333,0,171
4088,15,1.4228055,342,3352,N,25,0,171
4930,16,1.47688875,355,4088,N,26.6666666666667,0,171
4803,17,1.46024775,351,4930,N,28.3333333333333,0,171
5194,18,1.62665775,391,4803,N,30,0,171
4934,19,1.530972,368,5194,N,31.6666666666667,0,171
5260,20,1.59337575,383,4934,N,33.3333333333333,0,171
4932,21,1.56841425,377,5260,N,35,0,171
5419,22,1.63497825,393,4932,N,36.6666666666667,0,171
4987,23,1.6224975,390,5419,N,38.3333333333333,0,171
6486,24,1.57673475,379,4987,N,40,0,171
5991,25,1.65993975,399,6486,N,41.6666666666667,0,171
5661,26,1.697382,408,5991,N,43.3333333333333,0,171
6132,27,1.7223435,414,5661,N,45,0,171
6206,28,1.7556255,422,6132,N,46.6666666666667,0,171
6203,29,1.7389845,418,6206,N,48.3333333333333,0,171
6111,30,1.797228,432,6203,N,50,0,171
6642,31,1.7889075,430,6111,N,51.6666666666667,0,171
7789,32,1.8055485,434,6642,N,53.3333333333333,0,171
7476,33,1.85131125,445,7789,N,55,0,171
6804,34,1.946997,468,7476,N,56.6666666666667,0,171
7440,35,2.05100325,493,6804,N,58.3333333333333,0,171
7546,36,2.00940075,483,7440,N,60,0,171
7223,37,1.946997,468,7546,N,61.6666666666667,0,171
7395,38,2.10092625,505,7223,N,63.3333333333333,0,171
7970,39,2.10092625,505,7395,N,65,0,171
8147,40,1.930356,464,7970,N,66.6666666666667,0,171
8648,41,2.05100325,493,8147,N,68.3333333333333,0,171
9266,42,2.01772125,485,8648,N,70,0,171
8586,43,1.90123425,457,9266,N,71.6666666666667,0,171
8349,44,2.16749025,521,8586,N,73.3333333333333,0,171
9081,45,2.29229775,551,8349,N,75,0,171
8904,46,2.679201,644,9081,N,76.6666666666667,0,171
9451,47,2.862252,688,8904,N,78.3333333333333,0,171
10566,48,2.7873675,670,9451,N,80,0,171
9875,49,1.27719675,307,10566,Y,81.6666666666667,1,171
10873,50,1.2896775,310,9875,N,83.3333333333333,1,171
9983,51,1.32711975,319,10873,N,85,1,171
10271,52,1.447767,348,9983,N,86.6666666666667,1,171
10619,53,1.5226515,366,10271,N,88.3333333333333,1,171
9829,54,1.69322175,407,10619,N,90,1,171
11771,55,1.7889075,430,9829,N,91.6666666666667,1,171
12041,56,1.65161925,397,11771,N,93.3333333333333,1,171
11906,57,1.88459325,453,12041,N,95,1,171
12528,58,2.3047785,554,11906,N,96.6666666666667,1,171
11885,59,2.379663,572,12528,N,98.3333333333333,1,171
12532,60,2.50863075,603,11885,N,100,1,171
12342,61,0.97765875,235,12532,Y,101.666666666667,2,171
12695,62,0.99846,240,12342,N,103.333333333333,2,171
14152,63,0.93605625,225,12695,N,105,2,171
13874,64,1.0899855,262,14152,N,106.666666666667,2,171
2821,0,1.03590225,249,NA,N,0,0,172
2741,1,1.10246625,265,2821,N,1.66666666666667,0,172
2669,2,1.11078675,267,2741,N,3.33333333333333,0,172
2846,3,1.16487,280,2669,N,5,0,172
3047,4,1.21895325,293,2846,N,6.66666666666667,0,172
2723,5,1.18567125,285,3047,N,8.33333333333333,0,172
2094,6,1.26055575,303,2723,N,10,0,172
2825,7,1.24391475,299,2094,N,11.6666666666667,0,172
3771,8,1.27719675,307,2825,N,13.3333333333333,0,172
4006,9,1.31879925,317,3771,N,15,0,172
4143,10,1.381203,332,4006,N,16.6666666666667,0,172
3869,11,1.36040175,327,4143,N,18.3333333333333,0,172
4225,12,1.40200425,337,3869,N,20,0,172
3577,13,1.464408,352,4225,N,21.6666666666667,0,172
3352,14,1.42696575,343,3577,N,23.3333333333333,0,172
4088,15,1.4228055,342,3352,N,25,0,172
4930,16,1.47688875,355,4088,N,26.6666666666667,0,172
4803,17,1.46024775,351,4930,N,28.3333333333333,0,172
5194,18,1.62665775,391,4803,N,30,0,172
4934,19,1.530972,368,5194,N,31.6666666666667,0,172
5260,20,1.59337575,383,4934,N,33.3333333333333,0,172
4932,21,1.56841425,377,5260,N,35,0,172
5419,22,1.63497825,393,4932,N,36.6666666666667,0,172
4987,23,1.6224975,390,5419,N,38.3333333333333,0,172
6486,24,1.57673475,379,4987,N,40,0,172
5991,25,1.65993975,399,6486,N,41.6666666666667,0,172
5661,26,1.697382,408,5991,N,43.3333333333333,0,172
6132,27,1.7223435,414,5661,N,45,0,172
6206,28,1.7556255,422,6132,N,46.6666666666667,0,172
6203,29,1.7389845,418,6206,N,48.3333333333333,0,172
6111,30,1.797228,432,6203,N,50,0,172
6642,31,1.7889075,430,6111,N,51.6666666666667,0,172
7789,32,1.8055485,434,6642,N,53.3333333333333,0,172
7476,33,1.85131125,445,7789,N,55,0,172
6804,34,1.946997,468,7476,N,56.6666666666667,0,172
7440,35,2.05100325,493,6804,N,58.3333333333333,0,172
7546,36,2.00940075,483,7440,N,60,0,172
7223,37,1.946997,468,7546,N,61.6666666666667,0,172
7395,38,2.10092625,505,7223,N,63.3333333333333,0,172
7970,39,2.10092625,505,7395,N,65,0,172
8147,40,1.930356,464,7970,N,66.6666666666667,0,172
8648,41,2.05100325,493,8147,N,68.3333333333333,0,172
9266,42,2.01772125,485,8648,N,70,0,172
8586,43,1.90123425,457,9266,N,71.6666666666667,0,172
8349,44,2.16749025,521,8586,N,73.3333333333333,0,172
9081,45,2.29229775,551,8349,N,75,0,172
8904,46,2.679201,644,9081,N,76.6666666666667,0,172
9451,47,2.862252,688,8904,N,78.3333333333333,0,172
10566,48,2.7873675,670,9451,N,80,0,172
9873,49,1.30215825,313,10566,Y,81.6666666666667,1,172
10874,50,1.41864525,341,9873,N,83.3333333333333,1,172
9984,51,1.2896775,310,10874,N,85,1,172
10272,52,1.481049,356,9984,N,86.6666666666667,1,172
10621,53,1.514331,364,10272,N,88.3333333333333,1,172
9831,54,1.46856825,353,10621,N,90,1,172
11777,55,1.7556255,422,9831,N,91.6666666666667,1,172
12046,56,1.69322175,407,11777,N,93.3333333333333,1,172
11918,57,1.930356,464,12046,N,95,1,172
12534,58,1.85131125,445,11918,N,96.6666666666667,1,172
11895,59,2.25069525,541,12534,N,98.3333333333333,1,172
11741,60,1.963638,472,11895,N,100,1,172
11923,61,0.748845,180,11741,Y,101.666666666667,2,172
12462,62,1.00262025,241,11923,N,103.333333333333,2,172
13902,63,1.29383775,311,12462,N,105,2,172
13672,64,1.51849125,365,13902,N,106.666666666667,2,172
2827,0,1.49352975,359,NA,N,0,0,173
2744,1,1.580895,380,2827,N,1.66666666666667,0,173
2670,2,1.51849125,365,2744,N,3.33333333333333,0,173
2853,3,1.61833725,389,2670,N,5,0,173
3049,4,1.5892155,382,2853,N,6.66666666666667,0,173
2724,5,1.61001675,387,3049,N,8.33333333333333,0,173
2095,6,1.56841425,377,2724,N,10,0,173
2830,7,1.5892155,382,2095,N,11.6666666666667,0,173
3779,8,1.863792,448,2830,N,13.3333333333333,0,173
4012,9,1.74314475,419,3779,N,15,0,173
4144,10,1.780587,428,4012,N,16.6666666666667,0,173
3877,11,1.82634975,439,4144,N,18.3333333333333,0,173
4226,12,1.92619575,463,3877,N,20,0,173
3584,13,2.0385225,490,4226,N,21.6666666666667,0,173
3358,14,1.9220355,462,3584,N,23.3333333333333,0,173
4097,15,1.99692,480,3358,N,25,0,173
4936,16,1.8887535,454,4097,N,26.6666666666667,0,173
4810,17,2.1383685,514,4936,N,28.3333333333333,0,173
5195,18,2.030202,488,4810,N,30,0,173
4941,19,1.946997,468,5195,N,31.6666666666667,0,173
5261,20,2.1550095,518,4941,N,33.3333333333333,0,173
4938,21,2.25901575,543,5261,N,35,0,173
5420,22,2.429586,584,4938,N,36.6666666666667,0,173
4990,23,1.16487,280,5420,Y,38.3333333333333,1,173
6487,24,1.29383775,311,4990,N,40,1,173
5996,25,1.52681175,367,6487,N,41.6666666666667,1,173
5662,26,1.514331,364,5996,N,43.3333333333333,1,173
6138,27,1.52681175,367,5662,N,45,1,173
6211,28,1.647459,396,6138,N,46.6666666666667,1,173
6210,29,1.56009375,375,6211,N,48.3333333333333,1,173
6116,30,1.714023,412,6210,N,50,1,173
6643,31,1.75146525,421,6116,N,51.6666666666667,1,173
7790,32,1.7889075,430,6643,N,53.3333333333333,1,173
7480,33,2.14252875,515,7790,N,55,1,173
6805,34,2.1882915,526,7480,N,56.6666666666667,1,173
2838,0,0.848691,204,NA,N,0,0,174
2749,1,0.965178,232,2838,N,1.66666666666667,0,174
2672,2,0.98597925,237,2749,N,3.33333333333333,0,174
2862,3,0.98597925,237,2672,N,5,0,174
3053,4,0.97765875,235,2862,N,6.66666666666667,0,174
2726,5,1.0234215,246,3053,N,8.33333333333333,0,174
2097,6,1.0067805,242,2726,N,10,0,174
2839,7,1.015101,244,2097,N,11.6666666666667,0,174
3791,8,1.1066265,266,2839,N,13.3333333333333,0,174
4024,9,1.20231225,289,3791,N,15,0,174
4146,10,1.214793,292,4024,N,16.6666666666667,0,174
3890,11,1.214793,292,4146,N,18.3333333333333,0,174
4229,12,1.297998,312,3890,N,20,0,174
3601,13,1.30215825,313,4229,N,21.6666666666667,0,174
3374,14,1.2563955,302,3601,N,23.3333333333333,0,174
4110,15,1.34376075,323,3374,N,25,0,174
4944,16,1.46024775,351,4110,N,26.6666666666667,0,174
4821,17,1.51017075,363,4944,N,28.3333333333333,0,174
5197,18,1.514331,364,4821,N,30,0,174
4954,19,1.481049,356,5197,N,31.6666666666667,0,174
5263,20,1.4560875,350,4954,N,33.3333333333333,0,174
4952,21,1.46856825,353,5263,N,35,0,174
5422,22,1.5060105,362,4952,N,36.6666666666667,0,174
5001,23,1.614177,388,5422,N,38.3333333333333,0,174
6490,24,1.75978575,423,5001,N,40,0,174
6014,25,1.697382,408,6490,N,41.6666666666667,0,174
5664,26,1.92619575,463,6014,N,43.3333333333333,0,174
6149,27,2.04268275,491,5664,N,45,0,174
6219,28,2.196612,528,6149,N,46.6666666666667,0,174
6222,29,2.1217275,510,6219,N,48.3333333333333,0,174
6130,30,2.35886175,567,6222,N,50,0,174
6645,31,2.32557975,559,6130,N,51.6666666666667,0,174
7792,32,2.3879835,574,6645,N,53.3333333333333,0,174
7486,33,1.54345275,371,7792,Y,55,1,174
6809,34,1.50185025,361,7486,N,56.6666666666667,1,174
7446,35,1.530972,368,6809,N,58.3333333333333,1,174
7562,36,1.6058565,386,7446,N,60,1,174
7232,37,1.53513225,369,7562,N,61.6666666666667,1,174
7407,38,1.65161925,397,7232,N,63.3333333333333,1,174
7972,39,1.7722665,426,7407,N,65,1,174
8149,40,1.747305,420,7972,N,66.6666666666667,1,174
8653,41,1.7889075,430,8149,N,68.3333333333333,1,174
9268,42,1.913715,460,8653,N,70,1,174
8589,43,2.07596475,499,9268,N,71.6666666666667,1,174
8358,44,2.45038725,589,8589,N,73.3333333333333,1,174
9086,45,2.1050865,506,8358,N,75,1,174
8916,46,0.93605625,225,9086,Y,76.6666666666667,2,174
9459,47,1.1232675,270,8916,N,78.3333333333333,2,174
10580,48,1.16487,280,9459,N,80,2,174
9892,49,1.22727375,295,10580,N,81.6666666666667,2,174
10881,50,1.3396005,322,9892,N,83.3333333333333,2,174
9991,51,1.26887625,305,10881,N,85,2,174
10279,52,1.28551725,309,9991,N,86.6666666666667,2,174
10636,53,1.51017075,363,10279,N,88.3333333333333,2,174
9845,54,1.69322175,407,10636,N,90,2,174
11829,55,1.7389845,418,9845,N,91.6666666666667,2,174
12103,56,1.7722665,426,11829,N,93.3333333333333,2,174
11986,57,1.847151,444,12103,N,95,2,174
12578,58,0.63651825,153,11986,Y,96.6666666666667,3,174
11953,59,0.63651825,153,12578,N,98.3333333333333,3,174
11801,60,0.9568575,230,11953,N,100,3,174
2842,0,0.93605625,225,NA,N,0,0,175
2751,1,0.898614,216,2842,N,1.66666666666667,0,175
2673,2,0.90277425,217,2751,N,3.33333333333333,0,175
2867,3,1.05254325,253,2673,N,5,0,175
3055,4,0.9734985,234,2867,N,6.66666666666667,0,175
2727,5,0.97765875,235,3055,N,8.33333333333333,0,175
2098,6,0.95269725,229,2727,N,10,0,175
2844,7,1.01926125,245,2098,N,11.6666666666667,0,175
3798,8,0.9568575,230,2844,N,13.3333333333333,0,175
4030,9,1.1066265,266,3798,N,15,0,175
4147,10,1.18567125,285,4030,N,16.6666666666667,0,175
3895,11,1.1565495,278,4147,N,18.3333333333333,0,175
4231,12,1.16903025,281,3895,N,20,0,175
3606,13,1.2064725,290,4231,N,21.6666666666667,0,175
3377,14,1.098306,264,3606,N,23.3333333333333,0,175
4114,15,1.2231135,294,3377,N,25,0,175
4946,16,1.25223525,301,4114,N,26.6666666666667,0,175
4828,17,1.281357,308,4946,N,28.3333333333333,0,175
5198,18,1.21895325,293,4828,N,30,0,175
4959,19,1.2397545,298,5198,N,31.6666666666667,0,175
5264,20,1.297998,312,4959,N,33.3333333333333,0,175
4958,21,1.181511,284,5264,N,35,0,175
5423,22,1.18567125,285,4958,N,36.6666666666667,0,175
5008,23,1.20231225,289,5423,N,38.3333333333333,0,175
6491,24,1.5559335,374,5008,N,40,0,175
6020,25,1.714023,412,6491,N,41.6666666666667,0,175
5665,26,1.8055485,434,6020,N,43.3333333333333,0,175
6156,27,2.00940075,483,5665,N,45,0,175
6224,28,1.9885995,478,6156,N,46.6666666666667,0,175
6230,29,2.1550095,518,6224,N,48.3333333333333,0,175
6136,30,2.030202,488,6230,N,50,0,175
6646,31,0.965178,232,6136,Y,51.6666666666667,1,175
7793,32,1.01094075,243,6646,N,53.3333333333333,1,175
7490,33,1.09414575,263,7793,N,55,1,175
6810,34,1.181511,284,7490,N,56.6666666666667,1,175
7451,35,1.26887625,305,6810,N,58.3333333333333,1,175
7633,36,1.3229595,318,7451,N,60,1,175
7241,37,1.38536325,333,7633,N,61.6666666666667,1,175
7413,38,1.397844,336,7241,N,63.3333333333333,1,175
7974,39,1.597536,384,7413,N,65,1,175
8151,40,1.547613,372,7974,N,66.6666666666667,1,175
8659,41,1.76810625,425,8151,N,68.3333333333333,1,175
9270,42,1.930356,464,8659,N,70,1,175
8605,43,2.0884455,502,9270,N,71.6666666666667,1,175
8360,44,2.45870775,591,8605,N,73.3333333333333,1,175
9087,45,1.24391475,299,8360,Y,75,2,175
8918,46,1.2231135,294,9087,N,76.6666666666667,2,175
9460,47,1.364562,328,8918,N,78.3333333333333,2,175
10582,48,1.46856825,353,9460,N,80,2,175
9895,49,1.61833725,389,10582,N,81.6666666666667,2,175
10882,50,1.763946,424,9895,N,83.3333333333333,2,175
9992,51,1.70154225,409,10882,N,85,2,175
10280,52,1.763946,424,9992,N,86.6666666666667,2,175
10638,53,2.06764425,497,10280,N,88.3333333333333,2,175
9847,54,1.86795225,449,10638,N,90,2,175
11835,55,2.08428525,501,9847,N,91.6666666666667,2,175
12112,56,2.263176,544,11835,N,93.3333333333333,2,175
11995,57,2.51695125,605,12112,N,95,2,175
12589,58,2.446227,588,11995,N,96.6666666666667,2,175
11975,59,1.23559425,297,12589,Y,98.3333333333333,3,175
11820,60,1.37704275,331,11975,N,100,3,175
12001,61,1.9386765,466,11820,N,101.666666666667,3,175
2850,0,1.4061645,338,NA,N,0,0,176
2755,1,1.4228055,342,2850,N,1.66666666666667,0,176
2675,2,1.414485,340,2755,N,3.33333333333333,0,176
2886,3,1.4893695,358,2675,N,5,0,176
3057,4,1.4893695,358,2886,N,6.66666666666667,0,176
2728,5,1.5392925,370,3057,N,8.33333333333333,0,176
2099,6,1.56841425,377,2728,N,10,0,176
2851,7,1.5725745,378,2099,N,11.6666666666667,0,176
3805,8,1.70154225,409,2851,N,13.3333333333333,0,176
4036,9,1.597536,384,3805,N,15,0,176
4148,10,1.697382,408,4036,N,16.6666666666667,0,176
3902,11,1.747305,420,4148,N,18.3333333333333,0,176
4233,12,1.72650375,415,3902,N,20,0,176
3619,13,1.7556255,422,4233,N,21.6666666666667,0,176
3384,14,1.83051,440,3619,N,23.3333333333333,0,176
4120,15,1.86795225,449,3384,N,25,0,176
4951,16,2.05100325,493,4120,N,26.6666666666667,0,176
4834,17,2.05100325,493,4951,N,28.3333333333333,0,176
5199,18,2.11756725,509,4834,N,30,0,176
4964,19,2.1217275,510,5199,N,31.6666666666667,0,176
5265,20,2.229894,536,4964,N,33.3333333333333,0,176
4963,21,2.27565675,547,5265,N,35,0,176
5424,22,2.0551635,494,4963,N,36.6666666666667,0,176
5015,23,2.512791,604,5424,N,38.3333333333333,0,176
6492,24,2.346381,564,5015,N,40,0,176
6026,25,2.4545475,590,6492,N,41.6666666666667,0,176
5667,26,1.3562415,326,6026,Y,43.3333333333333,1,176
6228,28,1.38536325,333,5667,N,46.6666666666667,1,176
6233,29,1.3895235,334,6228,N,48.3333333333333,1,176
6147,30,1.431126,344,6233,N,50,1,176
6648,31,1.42696575,343,6147,N,51.6666666666667,1,176
7796,32,1.6391385,394,6648,N,53.3333333333333,1,176
7498,33,1.54345275,371,7796,N,55,1,176
6812,34,1.797228,432,7498,N,56.6666666666667,1,176
7459,35,1.747305,420,6812,N,58.3333333333333,1,176
7636,36,1.847151,444,7459,N,60,1,176
7255,37,1.84299075,443,7636,N,61.6666666666667,1,176
7423,38,1.87627275,451,7255,N,63.3333333333333,1,176
7977,39,1.93451625,465,7423,N,65,1,176
8154,40,1.83467025,441,7977,N,66.6666666666667,1,176
8671,41,2.12588775,511,8154,N,68.3333333333333,1,176
9273,42,2.063484,496,8671,N,70,1,176
8611,43,2.379663,572,9273,N,71.6666666666667,1,176
8368,44,2.629278,632,8611,N,73.3333333333333,1,176
9092,45,2.562714,616,8368,N,75,1,176
8928,46,2.89969425,697,9092,N,76.6666666666667,1,176
9464,47,2.83313025,681,8928,N,78.3333333333333,1,176
10588,48,2.89969425,697,9464,N,80,1,176
9905,49,1.38536325,333,10588,Y,81.6666666666667,2,176
10885,50,1.5392925,370,9905,N,83.3333333333333,2,176
9930,51,1.547613,372,10885,N,85,2,176
10231,52,1.70986275,411,9930,N,86.6666666666667,2,176
2855,0,1.16487,280,NA,N,0,0,177
2758,1,1.2064725,290,2855,N,1.66666666666667,0,177
2676,2,1.2563955,302,2758,N,3.33333333333333,0,177
2892,3,1.281357,308,2676,N,5,0,177
3064,4,1.30215825,313,2892,N,6.66666666666667,0,177
2764,5,1.36872225,329,3064,N,8.33333333333333,0,177
2101,6,1.36040175,327,2764,N,10,0,177
2860,7,1.36872225,329,2101,N,11.6666666666667,0,177
3818,8,1.4061645,338,2860,N,13.3333333333333,0,177
4048,9,1.38536325,333,3818,N,15,0,177
4150,10,1.39368375,335,4048,N,16.6666666666667,0,177
3912,11,1.41032475,339,4150,N,18.3333333333333,0,177
4234,12,1.44360675,347,3912,N,20,0,177
3624,13,1.397844,336,4234,N,21.6666666666667,0,177
3388,14,1.41864525,341,3624,N,23.3333333333333,0,177
4128,15,1.481049,356,3388,N,25,0,177
4962,16,1.4727285,354,4128,N,26.6666666666667,0,177
4844,17,1.4727285,354,4962,N,28.3333333333333,0,177
5200,18,1.51017075,363,4844,N,30,0,177
4967,19,1.5392925,370,5200,N,31.6666666666667,0,177
5267,20,1.530972,368,4967,N,33.3333333333333,0,177
4973,21,1.51849125,365,5267,N,35,0,177
5427,22,1.53513225,369,4973,N,36.6666666666667,0,177
5029,23,1.580895,380,5427,N,38.3333333333333,0,177
6495,24,1.64329875,395,5029,N,40,0,177
6040,25,1.70986275,411,6495,N,41.6666666666667,0,177
5670,26,1.66826025,401,6040,N,43.3333333333333,0,177
6176,27,1.66826025,401,5670,N,45,0,177
6241,28,1.70986275,411,6176,N,46.6666666666667,0,177
6257,29,1.8221895,438,6241,N,48.3333333333333,0,177
6167,30,1.78474725,429,6257,N,50,0,177
6652,31,1.80970875,435,6167,N,51.6666666666667,0,177
7801,32,1.90123425,457,6652,N,53.3333333333333,0,177
7520,33,1.90955475,459,7801,N,55,0,177
6818,34,1.93451625,465,7520,N,56.6666666666667,0,177
7488,35,1.9885995,478,6818,N,58.3333333333333,0,177
7646,36,2.080125,500,7488,N,60,0,177
7283,37,2.20909275,531,7646,N,61.6666666666667,0,177
7449,38,2.3713425,570,7283,N,63.3333333333333,0,177
7987,39,2.35054125,565,7449,N,65,0,177
8161,40,2.3547015,566,7987,N,66.6666666666667,0,177
8694,41,2.40046425,577,8161,N,68.3333333333333,0,177
9280,42,2.512791,604,8694,N,70,0,177
8635,43,2.60015625,625,9280,N,71.6666666666667,0,177
8392,44,3.03282225,729,8635,N,73.3333333333333,0,177
9100,45,3.178431,764,8392,N,75,0,177
8943,46,2.74992525,661,9100,N,76.6666666666667,0,177
9471,47,1.597536,384,8943,Y,78.3333333333333,1,177
10600,48,1.5725745,378,9471,N,80,1,177
9927,49,1.55177325,373,10600,N,81.6666666666667,1,177
10893,50,1.647459,396,9927,N,83.3333333333333,1,177
10009,51,1.65161925,397,10893,N,85,1,177
2855,0,1.16487,280,NA,N,0,0,178
2758,1,1.2064725,290,2855,N,1.66666666666667,0,178
2676,2,1.2563955,302,2758,N,3.33333333333333,0,178
2892,3,1.281357,308,2676,N,5,0,178
3064,4,1.30215825,313,2892,N,6.66666666666667,0,178
2764,5,1.36872225,329,3064,N,8.33333333333333,0,178
2101,6,1.36040175,327,2764,N,10,0,178
2860,7,1.36872225,329,2101,N,11.6666666666667,0,178
3818,8,1.4061645,338,2860,N,13.3333333333333,0,178
4048,9,1.38536325,333,3818,N,15,0,178
4150,10,1.39368375,335,4048,N,16.6666666666667,0,178
3912,11,1.41032475,339,4150,N,18.3333333333333,0,178
4234,12,1.44360675,347,3912,N,20,0,178
3624,13,1.397844,336,4234,N,21.6666666666667,0,178
3388,14,1.41864525,341,3624,N,23.3333333333333,0,178
4128,15,1.481049,356,3388,N,25,0,178
4962,16,1.4727285,354,4128,N,26.6666666666667,0,178
4844,17,1.4727285,354,4962,N,28.3333333333333,0,178
5200,18,1.51017075,363,4844,N,30,0,178
4967,19,1.5392925,370,5200,N,31.6666666666667,0,178
5267,20,1.530972,368,4967,N,33.3333333333333,0,178
4973,21,1.51849125,365,5267,N,35,0,178
5427,22,1.53513225,369,4973,N,36.6666666666667,0,178
5029,23,1.580895,380,5427,N,38.3333333333333,0,178
6495,24,1.64329875,395,5029,N,40,0,178
6040,25,1.70986275,411,6495,N,41.6666666666667,0,178
5670,26,1.66826025,401,6040,N,43.3333333333333,0,178
6176,27,1.66826025,401,5670,N,45,0,178
6241,28,1.70986275,411,6176,N,46.6666666666667,0,178
6257,29,1.8221895,438,6241,N,48.3333333333333,0,178
6167,30,1.78474725,429,6257,N,50,0,178
6652,31,1.80970875,435,6167,N,51.6666666666667,0,178
7801,32,1.90123425,457,6652,N,53.3333333333333,0,178
7520,33,1.90955475,459,7801,N,55,0,178
6818,34,1.93451625,465,7520,N,56.6666666666667,0,178
7488,35,1.9885995,478,6818,N,58.3333333333333,0,178
7646,36,2.080125,500,7488,N,60,0,178
7283,37,2.20909275,531,7646,N,61.6666666666667,0,178
7449,38,2.3713425,570,7283,N,63.3333333333333,0,178
7987,39,2.35054125,565,7449,N,65,0,178
8161,40,2.3547015,566,7987,N,66.6666666666667,0,178
8694,41,2.40046425,577,8161,N,68.3333333333333,0,178
9280,42,2.512791,604,8694,N,70,0,178
8635,43,2.60015625,625,9280,N,71.6666666666667,0,178
8392,44,3.03282225,729,8635,N,73.3333333333333,0,178
9100,45,3.178431,764,8392,N,75,0,178
8943,46,2.74992525,661,9100,N,76.6666666666667,0,178
9472,47,1.530972,368,8943,Y,78.3333333333333,1,178
10602,48,1.6641,400,9472,N,80,1,178
9931,49,1.6224975,390,10602,N,81.6666666666667,1,178
10894,50,1.7057025,410,9931,N,83.3333333333333,1,178
10011,51,1.6724205,402,10894,N,85,1,178
10292,52,2.046843,492,10011,N,86.6666666666667,1,178
10659,53,2.246535,540,10292,N,88.3333333333333,1,178
9866,54,2.279817,548,10659,N,90,1,178
11917,55,2.36718225,569,9866,N,91.6666666666667,1,178
12175,56,2.3047785,554,11917,N,93.3333333333333,1,178
12185,57,2.45038725,589,12175,N,95,1,178
12620,58,2.4212655,582,12185,N,96.6666666666667,1,178
12067,59,2.35886175,567,12620,N,98.3333333333333,1,178
11905,60,2.1217275,510,12067,N,100,1,178
12069,61,2.7041625,650,11905,N,101.666666666667,1,178
12587,62,1.4061645,338,12069,Y,103.333333333333,2,178
13987,63,1.50185025,361,12587,N,105,2,178
13732,64,1.7389845,418,13987,N,106.666666666667,2,178
14357,65,1.73482425,417,13732,N,108.333333333333,2,178
13011,66,1.77642675,427,14357,N,110,2,178
14272,67,1.963638,472,13011,N,111.666666666667,2,178
14260,68,2.229894,536,14272,N,113.333333333333,2,178
13362,69,2.19245175,527,14260,N,115,2,178
13582,70,0.96101775,231,13362,Y,116.666666666667,3,178
2866,0,0.93605625,225,NA,N,0,0,179
2766,1,0.96101775,231,2866,N,1.66666666666667,0,179
2677,2,1.07750475,259,2766,N,3.33333333333333,0,179
2902,3,1.06918425,257,2677,N,5,0,179
3069,4,1.03590225,249,2902,N,6.66666666666667,0,179
2771,5,1.1232675,270,3069,N,8.33333333333333,0,179
2104,6,1.1565495,278,2771,N,10,0,179
2874,7,1.15238925,277,2104,N,11.6666666666667,0,179
3840,8,1.19399175,287,2874,N,13.3333333333333,0,179
4061,9,1.1731905,282,3840,N,15,0,179
4155,10,1.21063275,291,4061,N,16.6666666666667,0,179
3929,11,1.21895325,293,4155,N,18.3333333333333,0,179
4240,12,1.25223525,301,3929,N,20,0,179
3644,13,1.23559425,297,4240,N,21.6666666666667,0,179
3404,14,1.24391475,299,3644,N,23.3333333333333,0,179
4228,15,1.33544025,321,3404,N,25,0,179
4980,16,1.35208125,325,4228,N,26.6666666666667,0,179
4855,17,1.38536325,333,4980,N,28.3333333333333,0,179
5202,18,1.40200425,337,4855,N,30,0,179
4977,19,1.41864525,341,5202,N,31.6666666666667,0,179
5269,20,1.39368375,335,4977,N,33.3333333333333,0,179
5011,21,1.4394465,346,5269,N,35,0,179
5430,22,1.481049,356,5011,N,36.6666666666667,0,179
5053,23,1.5060105,362,5430,N,38.3333333333333,0,179
6498,24,1.56009375,375,5053,N,40,0,179
6058,25,1.74314475,419,6498,N,41.6666666666667,0,179
5674,26,1.8055485,434,6058,N,43.3333333333333,0,179
6196,27,1.77642675,427,5674,N,45,0,179
6259,28,2.0052405,482,6196,N,46.6666666666667,0,179
6272,29,2.15084925,517,6259,N,48.3333333333333,0,179
6184,30,2.20077225,529,6272,N,50,0,179
6655,31,2.2215735,534,6184,N,51.6666666666667,0,179
7804,32,2.27565675,547,6655,N,53.3333333333333,0,179
7531,33,2.32974,560,7804,N,55,0,179
6821,34,1.065024,256,7531,Y,56.6666666666667,1,179
7495,35,0.9901395,238,6821,N,58.3333333333333,1,179
2866,0,0.93605625,225,NA,N,0,0,180
2766,1,0.96101775,231,2866,N,1.66666666666667,0,180
2677,2,1.07750475,259,2766,N,3.33333333333333,0,180
2902,3,1.06918425,257,2677,N,5,0,180
3069,4,1.03590225,249,2902,N,6.66666666666667,0,180
2771,5,1.1232675,270,3069,N,8.33333333333333,0,180
2104,6,1.1565495,278,2771,N,10,0,180
2874,7,1.15238925,277,2104,N,11.6666666666667,0,180
3840,8,1.19399175,287,2874,N,13.3333333333333,0,180
4061,9,1.1731905,282,3840,N,15,0,180
4155,10,1.21063275,291,4061,N,16.6666666666667,0,180
3929,11,1.21895325,293,4155,N,18.3333333333333,0,180
4240,12,1.25223525,301,3929,N,20,0,180
3644,13,1.23559425,297,4240,N,21.6666666666667,0,180
3404,14,1.24391475,299,3644,N,23.3333333333333,0,180
4228,15,1.33544025,321,3404,N,25,0,180
4980,16,1.35208125,325,4228,N,26.6666666666667,0,180
4855,17,1.38536325,333,4980,N,28.3333333333333,0,180
5202,18,1.40200425,337,4855,N,30,0,180
4977,19,1.41864525,341,5202,N,31.6666666666667,0,180
5269,20,1.39368375,335,4977,N,33.3333333333333,0,180
5011,21,1.4394465,346,5269,N,35,0,180
5430,22,1.481049,356,5011,N,36.6666666666667,0,180
5053,23,1.5060105,362,5430,N,38.3333333333333,0,180
6498,24,1.56009375,375,5053,N,40,0,180
6058,25,1.74314475,419,6498,N,41.6666666666667,0,180
5674,26,1.8055485,434,6058,N,43.3333333333333,0,180
6196,27,1.77642675,427,5674,N,45,0,180
6259,28,2.0052405,482,6196,N,46.6666666666667,0,180
6272,29,2.15084925,517,6259,N,48.3333333333333,0,180
6184,30,2.20077225,529,6272,N,50,0,180
6655,31,2.2215735,534,6184,N,51.6666666666667,0,180
7804,32,2.27565675,547,6655,N,53.3333333333333,0,180
7531,33,2.32974,560,7804,N,55,0,180
6822,34,1.04422275,251,7531,Y,56.6666666666667,1,180
7497,35,0.9235755,222,6822,N,58.3333333333333,1,180
7648,36,1.2397545,298,7497,N,60,1,180
7292,37,1.148229,276,7648,N,61.6666666666667,1,180
7492,38,1.4061645,338,7292,N,63.3333333333333,1,180
7990,39,1.297998,312,7492,N,65,1,180
8165,40,1.46024775,351,7990,N,66.6666666666667,1,180
8706,41,1.41864525,341,8165,N,68.3333333333333,1,180
9283,42,1.49352975,359,8706,N,70,1,180
8642,43,1.51849125,365,9283,N,71.6666666666667,1,180
8399,44,1.56841425,377,8642,N,73.3333333333333,1,180
9103,45,1.614177,388,8399,N,75,1,180
8949,46,1.69322175,407,9103,N,76.6666666666667,1,180
9475,47,1.85963175,447,8949,N,78.3333333333333,1,180
10608,48,1.85963175,447,9475,N,80,1,180
9943,49,1.82634975,439,10608,N,81.6666666666667,1,180
10900,50,1.7389845,418,9943,N,83.3333333333333,1,180
10018,51,1.8055485,434,10900,N,85,1,180
10295,52,2.17581075,523,10018,N,86.6666666666667,1,180
10662,53,1.89291375,455,10295,N,88.3333333333333,1,180
9872,54,0.90277425,217,10662,Y,90,2,180
11941,55,1.00262025,241,9872,N,91.6666666666667,2,180
12217,56,0.82788975,199,11941,N,93.3333333333333,2,180
2527,0,1.08582525,261,NA,N,0,0,181
2517,1,1.17735075,283,2527,N,1.66666666666667,0,181
2546,2,1.231434,296,2517,N,3.33333333333333,0,181
2593,3,1.381203,332,2546,N,5,0,181
2776,4,1.34376075,323,2593,N,6.66666666666667,0,181
2525,5,1.42696575,343,2776,N,8.33333333333333,0,181
2061,6,1.46024775,351,2525,N,10,0,181
2507,7,1.51017075,363,2061,N,11.6666666666667,0,181
3597,8,1.4560875,350,2507,N,13.3333333333333,0,181
3817,9,1.4893695,358,3597,N,15,0,181
3967,10,1.61001675,387,3817,N,16.6666666666667,0,181
3666,11,1.61001675,387,3967,N,18.3333333333333,0,181
4078,12,1.647459,396,3666,N,20,0,181
3393,13,1.52681175,367,4078,N,21.6666666666667,0,181
3239,14,1.614177,388,3393,N,23.3333333333333,0,181
3908,15,1.597536,384,3239,N,25,0,181
4755,16,1.680741,404,3908,N,26.6666666666667,0,181
4622,17,1.680741,404,4755,N,28.3333333333333,0,181
5147,18,1.72650375,415,4622,N,30,0,181
4752,19,1.763946,424,5147,N,31.6666666666667,0,181
5099,20,1.83051,440,4752,N,33.3333333333333,0,181
4757,21,1.95947775,471,5099,N,35,0,181
5386,22,2.080125,500,4757,N,36.6666666666667,0,181
4820,23,2.246535,540,5386,N,38.3333333333333,0,181
6426,24,2.5876755,622,4820,N,40,0,181
5857,25,1.45192725,349,6426,Y,41.6666666666667,1,181
5635,26,1.46024775,351,5857,N,43.3333333333333,1,181
5992,27,1.364562,328,5635,N,45,1,181
6027,28,1.347921,324,5992,N,46.6666666666667,1,181
6049,29,1.514331,364,6027,N,48.3333333333333,1,181
5971,30,1.61833725,389,6049,N,50,1,181
6613,31,1.6391385,394,5971,N,51.6666666666667,1,181
7763,32,1.73482425,417,6613,N,53.3333333333333,1,181
7291,33,1.69322175,407,7763,N,55,1,181
6774,34,1.8388305,442,7291,N,56.6666666666667,1,181
7224,35,1.647459,396,6774,N,58.3333333333333,1,181
7311,36,2.08428525,501,7224,N,60,1,181
7123,37,1.80138825,433,7311,N,61.6666666666667,1,181
7293,38,1.96779825,473,7123,N,63.3333333333333,1,181
7947,39,1.8721125,450,7293,N,65,1,181
8121,40,1.97611875,475,7947,N,66.6666666666667,1,181
8594,41,2.25901575,543,8121,N,68.3333333333333,1,181
9235,42,2.4545475,590,8594,N,70,1,181
8498,43,1.04422275,251,9235,Y,71.6666666666667,2,181
8294,44,1.09414575,263,8498,N,73.3333333333333,2,181
2228,0,0.80292825,193,NA,N,0,0,182
2266,1,0.7072425,170,2228,N,1.66666666666667,0,182
2253,2,0.75300525,181,2266,N,3.33333333333333,0,182
2316,3,0.7405245,178,2253,N,5,0,182
2224,4,0.8403705,202,2316,N,6.66666666666667,0,182
2398,5,0.7904475,190,2224,N,8.33333333333333,0,182
2019,6,0.88613325,213,2398,N,10,0,182
2233,7,0.931896,224,2019,N,11.6666666666667,0,182
3351,8,0.948537,228,2233,N,13.3333333333333,0,182
3529,9,0.965178,232,3351,N,15,0,182
3258,10,0.981819,236,3529,N,16.6666666666667,0,182
3403,11,1.0067805,242,3258,N,18.3333333333333,0,182
3774,12,1.0400625,250,3403,N,20,0,182
3221,13,1.131588,272,3774,N,21.6666666666667,0,182
3151,14,1.131588,272,3221,N,23.3333333333333,0,182
3545,15,1.20231225,289,3151,N,25,0,182
4378,16,1.27719675,307,3545,N,26.6666666666667,0,182
4422,17,1.281357,308,4378,N,28.3333333333333,0,182
4499,18,1.29383775,311,4422,N,30,0,182
4358,19,1.39368375,335,4499,N,31.6666666666667,0,182
4671,20,1.28551725,309,4358,N,33.3333333333333,0,182
4467,21,1.264716,304,4671,N,35,0,182
5322,22,1.3562415,326,4467,N,36.6666666666667,0,182
4441,23,1.34376075,323,5322,N,38.3333333333333,0,182
5557,24,1.447767,348,4441,N,40,0,182
5510,25,1.481049,356,5557,N,41.6666666666667,0,182
5569,26,1.3895235,334,5510,N,43.3333333333333,0,182
5746,27,1.4560875,350,5569,N,45,0,182
5792,28,1.55177325,373,5746,N,46.6666666666667,0,182
5778,29,1.6058565,386,5792,N,48.3333333333333,0,182
5553,30,1.597536,384,5778,N,50,0,182
6561,31,1.78474725,429,5553,N,51.6666666666667,0,182
7690,32,1.95947775,471,6561,N,53.3333333333333,0,182
7011,33,2.063484,496,7690,N,55,0,182
6723,34,2.2714965,546,7011,N,56.6666666666667,0,182
6945,35,2.19245175,527,6723,N,58.3333333333333,0,182
7022,36,1.18567125,285,6945,Y,60,1,182
6863,37,1.364562,328,7022,N,61.6666666666667,1,182
7016,38,1.3895235,334,6863,N,63.3333333333333,1,182
7888,39,1.34376075,323,7016,N,65,1,182
8062,40,1.41032475,339,7888,N,66.6666666666667,1,182
2232,0,0.79460775,191,NA,N,0,0,183
2270,1,0.798768,192,2232,N,1.66666666666667,0,183
2263,2,0.86949225,209,2270,N,3.33333333333333,0,183
2357,3,0.9069345,218,2263,N,5,0,183
2227,4,0.9402165,226,2357,N,6.66666666666667,0,183
2399,5,0.99429975,239,2227,N,8.33333333333333,0,183
2020,6,1.0400625,250,2399,N,10,0,183
2241,7,1.0899855,262,2020,N,11.6666666666667,0,183
3360,8,1.08582525,261,2241,N,13.3333333333333,0,183
3541,9,1.09414575,263,3360,N,15,0,183
3265,10,1.114947,268,3541,N,16.6666666666667,0,183
3413,11,1.114947,268,3265,N,18.3333333333333,0,183
3789,12,1.16070975,279,3413,N,20,0,183
3229,13,1.1565495,278,3789,N,21.6666666666667,0,183
3153,14,1.18567125,285,3229,N,23.3333333333333,0,183
3564,15,1.2231135,294,3153,N,25,0,183
4412,16,1.24391475,299,3564,N,26.6666666666667,0,183
4425,17,1.32711975,319,4412,N,28.3333333333333,0,183
4511,18,1.41032475,339,4425,N,30,0,183
4368,19,1.3895235,334,4511,N,31.6666666666667,0,183
4685,20,1.51849125,365,4368,N,33.3333333333333,0,183
4479,21,1.530972,368,4685,N,35,0,183
5325,22,1.4394465,346,4479,N,36.6666666666667,0,183
4456,23,1.39368375,335,5325,N,38.3333333333333,0,183
5563,24,1.5226515,366,4456,N,40,0,183
5513,25,1.58505525,381,5563,N,41.6666666666667,0,183
5585,26,1.580895,380,5513,N,43.3333333333333,0,183
5764,27,1.54345275,371,5585,N,45,0,183
5806,28,1.57673475,379,5764,N,46.6666666666667,0,183
5794,29,1.58505525,381,5806,N,48.3333333333333,0,183
5560,30,1.65993975,399,5794,N,50,0,183
6564,31,1.73482425,417,5560,N,51.6666666666667,0,183
7693,32,1.797228,432,6564,N,53.3333333333333,0,183
7033,33,1.83051,440,7693,N,55,0,183
6726,34,2.0052405,482,7033,N,56.6666666666667,0,183
6960,35,2.213253,532,6726,N,58.3333333333333,0,183
7057,36,2.3047785,554,6960,N,60,0,183
6871,37,2.42542575,583,7057,N,61.6666666666667,0,183
7047,38,2.89969425,697,6871,N,63.3333333333333,0,183
7892,39,2.5876755,622,7047,N,65,0,183
8067,40,1.297998,312,7892,Y,66.6666666666667,1,183
8458,41,1.41032475,339,8067,N,68.3333333333333,1,183
9184,42,1.397844,336,8458,N,70,1,183
8355,43,1.56009375,375,9184,N,71.6666666666667,1,183
8244,44,1.747305,420,8355,N,73.3333333333333,1,183
8919,45,1.89291375,455,8244,N,75,1,183
8693,46,1.897074,456,8919,N,76.6666666666667,1,183
9363,47,1.897074,456,8693,N,78.3333333333333,1,183
10402,48,0.965178,232,9363,Y,80,2,183
9563,49,0.81124875,195,10402,N,81.6666666666667,2,183
10769,50,0.8902935,214,9563,N,83.3333333333333,2,183
9723,51,0.8237295,198,10769,N,85,2,183
10170,52,1.01926125,245,9723,N,86.6666666666667,2,183
10417,53,1.03590225,249,10170,N,88.3333333333333,2,183
9612,54,1.21895325,293,10417,N,90,2,183
11191,55,1.57673475,379,9612,N,91.6666666666667,2,183
11347,56,1.5725745,378,11191,N,93.3333333333333,2,183
11241,57,1.66826025,401,11347,N,95,2,183
11819,58,0.815409,196,11241,Y,96.6666666666667,3,183
11127,59,1.031742,248,11819,N,98.3333333333333,3,183
11039,60,1.048383,252,11127,N,100,3,183
11132,62,1.264716,304,11039,N,103.333333333333,3,183
13528,63,1.314639,316,11132,N,105,3,183
13170,64,1.36040175,327,13528,N,106.666666666667,3,183
12993,65,1.630818,392,13170,N,108.333333333333,3,183
12772,66,0.96101775,231,12993,Y,110,4,183
13983,67,0.9901395,238,12772,N,111.666666666667,4,183
13993,68,0.865332,208,13983,N,113.333333333333,4,183
13164,69,1.0400625,250,13993,N,115,4,183
12892,70,1.264716,304,13164,N,116.666666666667,4,183
2882,0,1.3728825,330,NA,N,0,0,184
2800,1,1.3562415,326,2882,N,1.66666666666667,0,184
2687,2,1.3895235,334,2800,N,3.33333333333333,0,184
2949,3,1.431126,344,2687,N,5,0,184
3082,4,1.431126,344,2949,N,6.66666666666667,0,184
2813,5,1.7057025,410,3082,N,8.33333333333333,0,184
2111,6,1.630818,392,2813,N,10,0,184
2887,7,1.65993975,399,2111,N,11.6666666666667,0,184
3875,8,1.7389845,418,2887,N,13.3333333333333,0,184
4091,9,1.75978575,423,3875,N,15,0,184
4166,10,1.72650375,415,4091,N,16.6666666666667,0,184
3959,11,1.680741,404,4166,N,18.3333333333333,0,184
4250,12,1.564254,376,3959,N,20,0,184
3675,13,1.763946,424,4250,N,21.6666666666667,0,184
3433,14,1.77642675,427,3675,N,23.3333333333333,0,184
4237,15,1.71818325,413,3433,N,25,0,184
4995,16,1.79306775,431,4237,N,26.6666666666667,0,184
4875,17,1.79306775,431,4995,N,28.3333333333333,0,184
5206,18,2.030202,488,4875,N,30,0,184
4993,19,2.1383685,514,5206,N,31.6666666666667,0,184
5273,20,2.046843,492,4993,N,33.3333333333333,0,184
5036,21,2.1217275,510,5273,N,35,0,184
5435,22,1.06918425,257,5036,Y,36.6666666666667,1,184
5091,23,1.1399085,274,5435,N,38.3333333333333,1,184
6504,24,1.16487,280,5091,N,40,1,184
6089,25,1.31879925,317,6504,N,41.6666666666667,1,184
5680,26,1.33128,320,6089,N,43.3333333333333,1,184
6225,27,1.46024775,351,5680,N,45,1,184
6312,28,1.46024775,351,6225,N,46.6666666666667,1,184
6289,29,1.56841425,377,6312,N,48.3333333333333,1,184
6215,30,1.57673475,379,6289,N,50,1,184
6661,31,1.66826025,401,6215,N,51.6666666666667,1,184
7809,32,1.7223435,414,6661,N,53.3333333333333,1,184
7545,33,1.73482425,417,7809,N,55,1,184
6832,34,1.980279,476,7545,N,56.6666666666667,1,184
7518,35,1.9553175,470,6832,N,58.3333333333333,1,184
7664,36,2.32557975,559,7518,N,60,1,184
7319,37,1.9220355,462,7664,N,61.6666666666667,1,184
7511,38,2.34222075,563,7319,N,63.3333333333333,1,184
7997,39,1.04422275,251,7511,Y,65,2,184
8172,40,1.2231135,294,7997,N,66.6666666666667,2,184
8724,41,1.1731905,282,8172,N,68.3333333333333,2,184
9289,42,1.3728825,330,8724,N,70,2,184
8660,43,1.37704275,331,9289,N,71.6666666666667,2,184
8420,44,1.61833725,389,8660,N,73.3333333333333,2,184
9111,45,1.72650375,415,8420,N,75,2,184
8964,46,1.83467025,441,9111,N,76.6666666666667,2,184
9480,47,1.913715,460,8964,N,78.3333333333333,2,184
10618,48,2.130048,512,9480,N,80,2,184
9949,49,2.0218815,486,10618,N,81.6666666666667,2,184
10906,50,2.35886175,567,9949,N,83.3333333333333,2,184
10030,51,2.0718045,498,10906,N,85,2,184
10301,52,0.915255,220,10030,Y,86.6666666666667,3,184
10669,53,1.00262025,241,10301,N,88.3333333333333,3,184
9879,54,1.114947,268,10669,N,90,3,184
11964,55,1.08582525,261,9879,N,91.6666666666667,3,184
12270,56,1.1565495,278,11964,N,93.3333333333333,3,184
12259,57,1.198152,288,12270,N,95,3,184
12644,58,1.364562,328,12259,N,96.6666666666667,3,184
2256,0,1.148229,276,NA,N,0,0,185
2290,1,1.2397545,298,2256,N,1.66666666666667,0,185
2276,2,1.26055575,303,2290,N,3.33333333333333,0,185
2391,3,1.25223525,301,2276,N,5,0,185
2242,4,1.1898315,286,2391,N,6.66666666666667,0,185
2407,5,1.21063275,291,2242,N,8.33333333333333,0,185
2024,6,1.31879925,317,2407,N,10,0,185
2260,7,1.31047875,315,2024,N,11.6666666666667,0,185
3375,8,1.21895325,293,2260,N,13.3333333333333,0,185
3560,9,1.31047875,315,3375,N,15,0,185
3275,10,1.30215825,313,3560,N,16.6666666666667,0,185
3437,11,1.431126,344,3275,N,18.3333333333333,0,185
3814,12,1.630818,392,3437,N,20,0,185
3240,13,1.63497825,393,3814,N,21.6666666666667,0,185
3158,14,1.56841425,377,3240,N,23.3333333333333,0,185
3625,15,1.65993975,399,3158,N,25,0,185
4439,16,2.01772125,485,3625,N,26.6666666666667,0,185
4440,17,1.94283675,467,4439,N,28.3333333333333,0,185
4528,18,2.2382145,538,4440,N,30,0,185
4375,19,2.16749025,521,4528,N,31.6666666666667,0,185
5266,20,1.13574825,273,4375,Y,33.3333333333333,1,185
4971,21,1.16487,280,5266,N,35,1,185
5426,22,1.10246625,265,4971,N,36.6666666666667,1,185
5023,23,1.12742775,271,5426,N,38.3333333333333,1,185
6494,24,1.181511,284,5023,N,40,1,185
6035,25,1.22727375,295,6494,N,41.6666666666667,1,185
5669,26,1.231434,296,6035,N,43.3333333333333,1,185
6170,27,1.198152,288,5669,N,45,1,185
6237,28,1.364562,328,6170,N,46.6666666666667,1,185
6254,29,1.29383775,311,6237,N,48.3333333333333,1,185
6161,30,1.25223525,301,6254,N,50,1,185
6651,31,1.25223525,301,6161,N,51.6666666666667,1,185
7800,32,1.381203,332,6651,N,53.3333333333333,1,185
7517,33,1.56841425,377,7800,N,55,1,185
6817,34,1.580895,380,7517,N,56.6666666666667,1,185
7485,35,1.60169625,385,6817,N,58.3333333333333,1,185
7645,36,1.61833725,389,7485,N,60,1,185
7276,37,1.8887535,454,7645,N,61.6666666666667,1,185
7444,38,1.863792,448,7276,N,63.3333333333333,1,185
7986,39,1.81802925,437,7444,N,65,1,185
8160,40,1.9885995,478,7986,N,66.6666666666667,1,185
8691,41,2.0551635,494,8160,N,68.3333333333333,1,185
9279,42,2.05100325,493,8691,N,70,1,185
8631,43,2.2714965,546,9279,N,71.6666666666667,1,185
8387,44,2.30893875,555,8631,N,73.3333333333333,1,185
9099,45,1.131588,272,8387,Y,75,2,185
8938,46,1.1731905,282,9099,N,76.6666666666667,2,185
9470,47,1.464408,352,8938,N,78.3333333333333,2,185
10598,48,1.60169625,385,9470,N,80,2,185
9925,49,1.5392925,370,10598,N,81.6666666666667,2,185
10892,50,1.77642675,427,9925,N,83.3333333333333,2,185
10007,51,1.83051,440,10892,N,85,2,185
10291,52,1.9553175,470,10007,N,86.6666666666667,2,185
10658,53,1.99275975,479,10291,N,88.3333333333333,2,185
9864,54,2.0884455,502,10658,N,90,2,185
11907,55,2.196612,528,9864,N,91.6666666666667,2,185
12158,56,0.96933825,233,11907,Y,93.3333333333333,3,185
12167,57,0.948537,228,12158,N,95,3,185
12616,58,1.20231225,289,12167,N,96.6666666666667,3,185
2884,0,0.86949225,209,NA,N,0,0,186
2804,1,0.91109475,219,2884,N,1.66666666666667,0,186
2690,2,0.89445375,215,2804,N,3.33333333333333,0,186
2952,3,0.96101775,231,2690,N,5,0,186
3084,4,1.0067805,242,2952,N,6.66666666666667,0,186
2816,5,1.07750475,259,3084,N,8.33333333333333,0,186
2112,6,1.0899855,262,2816,N,10,0,186
2890,7,1.098306,264,2112,N,11.6666666666667,0,186
3880,8,1.131588,272,2890,N,13.3333333333333,0,186
4095,9,1.048383,252,3880,N,15,0,186
4168,10,1.198152,288,4095,N,16.6666666666667,0,186
3966,11,1.1731905,282,4168,N,18.3333333333333,0,186
4251,12,1.25223525,301,3966,N,20,0,186
3681,13,1.36040175,327,4251,N,21.6666666666667,0,186
3439,14,1.31879925,317,3681,N,23.3333333333333,0,186
4239,15,1.26887625,305,3439,N,25,0,186
4998,16,1.16903025,281,4239,N,26.6666666666667,0,186
4880,17,1.297998,312,4998,N,28.3333333333333,0,186
5207,18,1.33128,320,4880,N,30,0,186
4999,19,1.18567125,285,5207,N,31.6666666666667,0,186
5274,20,1.2896775,310,4999,N,33.3333333333333,0,186
5040,21,1.4228055,342,5274,N,35,0,186
5437,22,1.44360675,347,5040,N,36.6666666666667,0,186
5097,23,2.07596475,499,5437,N,38.3333333333333,0,186
6505,24,2.20909275,531,5097,N,40,0,186
6094,25,2.0052405,482,6505,N,41.6666666666667,0,186
5681,26,2.40046425,577,6094,N,43.3333333333333,0,186
6234,27,1.40200425,337,5681,Y,45,1,186
6326,28,1.28551725,309,6234,N,46.6666666666667,1,186
6293,29,1.33128,320,6326,N,48.3333333333333,1,186
6229,30,1.33544025,321,6293,N,50,1,186
6663,31,1.31879925,317,6229,N,51.6666666666667,1,186
7811,32,1.52681175,367,6663,N,53.3333333333333,1,186
7549,33,1.514331,364,7811,N,55,1,186
6834,34,1.65161925,397,7549,N,56.6666666666667,1,186
7522,35,1.1399085,274,6834,N,58.3333333333333,1,186
7665,36,1.73482425,417,7522,N,60,1,186
7323,37,1.80970875,435,7665,N,61.6666666666667,1,186
7516,38,1.90955475,459,7323,N,63.3333333333333,1,186
7998,39,1.7389845,418,7516,N,65,1,186
8173,40,2.01772125,485,7998,N,66.6666666666667,1,186
8726,41,2.2714965,546,8173,N,68.3333333333333,1,186
9291,42,1.18567125,285,8726,Y,70,2,186
8661,43,1.114947,268,9291,N,71.6666666666667,2,186
8426,44,1.2730365,306,8661,N,73.3333333333333,2,186
9113,45,1.580895,380,8426,N,75,2,186
8968,46,1.464408,352,9113,N,76.6666666666667,2,186
9482,47,1.38536325,333,8968,N,78.3333333333333,2,186
10620,48,1.56009375,375,9482,N,80,2,186
9950,49,1.680741,404,10620,N,81.6666666666667,2,186
10907,50,1.6058565,386,9950,N,83.3333333333333,2,186
10032,51,1.87627275,451,10907,N,85,2,186
10303,52,1.94283675,467,10032,N,86.6666666666667,2,186
10670,53,0.86117175,207,10303,Y,88.3333333333333,3,186
9882,54,0.96933825,233,10670,N,90,3,186
11976,55,1.15238925,277,9882,N,91.6666666666667,3,186
11508,56,1.04422275,251,11976,N,93.3333333333333,3,186
11358,57,1.06918425,257,11508,N,95,3,186
11972,58,1.25223525,301,11358,N,96.6666666666667,3,186
11304,59,1.297998,312,11972,N,98.3333333333333,3,186
2259,0,0.77796675,187,NA,N,0,0,187
2294,1,0.8237295,198,2259,N,1.66666666666667,0,187
2280,2,0.82788975,199,2294,N,3.33333333333333,0,187
2404,3,0.87781275,211,2280,N,5,0,187
2254,4,0.89445375,215,2404,N,6.66666666666667,0,187
2409,5,0.898614,216,2254,N,8.33333333333333,0,187
2025,6,1.0400625,250,2409,N,10,0,187
2265,7,1.048383,252,2025,N,11.6666666666667,0,187
3379,8,1.05254325,253,2265,N,13.3333333333333,0,187
3565,9,1.0567035,254,3379,N,15,0,187
3278,10,1.031742,248,3565,N,16.6666666666667,0,187
3443,11,1.098306,264,3278,N,18.3333333333333,0,187
3820,12,1.181511,284,3443,N,20,0,187
3244,13,1.1399085,274,3820,N,21.6666666666667,0,187
3159,14,1.198152,288,3244,N,23.3333333333333,0,187
3629,15,1.231434,296,3159,N,25,0,187
4443,16,1.2563955,302,3629,N,26.6666666666667,0,187
4445,17,1.297998,312,4443,N,28.3333333333333,0,187
4533,18,1.36872225,329,4445,N,30,0,187
4376,19,1.36872225,329,4533,N,31.6666666666667,0,187
4699,20,1.3895235,334,4376,N,33.3333333333333,0,187
4493,21,1.41864525,341,4699,N,35,0,187
5330,22,1.43528625,345,4493,N,36.6666666666667,0,187
4480,23,1.4893695,358,5330,N,38.3333333333333,0,187
6308,24,1.481049,356,4480,N,40,0,187
5517,25,1.5725745,378,6308,N,41.6666666666667,0,187
5590,26,1.65993975,399,5517,N,43.3333333333333,0,187
5772,27,1.65161925,397,5590,N,45,0,187
5817,28,1.7889075,430,5772,N,46.6666666666667,0,187
5814,29,1.79306775,431,5817,N,48.3333333333333,0,187
5739,30,1.95115725,469,5814,N,50,0,187
6567,31,2.00108025,481,5739,N,51.6666666666667,0,187
7697,32,2.17581075,523,6567,N,53.3333333333333,0,187
7067,33,2.36718225,569,7697,N,55,0,187
6731,34,2.44206675,587,7067,N,56.6666666666667,0,187
6980,35,1.2397545,298,6731,Y,58.3333333333333,1,187
7076,36,1.2896775,310,6980,N,60,1,187
6887,37,1.264716,304,7076,N,61.6666666666667,1,187
7073,38,1.481049,356,6887,N,63.3333333333333,1,187
7897,39,1.51017075,363,7073,N,65,1,187
8072,40,1.4727285,354,7897,N,66.6666666666667,1,187
8473,41,1.464408,352,8072,N,68.3333333333333,1,187
9191,42,1.3895235,334,8473,N,70,1,187
8369,43,1.43528625,345,9191,N,71.6666666666667,1,187
8250,44,1.46024775,351,8369,N,73.3333333333333,1,187
8931,45,1.481049,356,8250,N,75,1,187
8711,46,1.5060105,362,8931,N,76.6666666666667,1,187
9369,47,1.82634975,439,8711,N,78.3333333333333,1,187
10421,48,2.0052405,482,9369,N,80,1,187
9573,49,2.4212655,582,10421,N,81.6666666666667,1,187
10782,50,2.36718225,569,9573,N,83.3333333333333,1,187
9738,51,1.1731905,282,10782,Y,85,2,187
10176,52,1.1731905,282,9738,N,86.6666666666667,2,187
2888,0,1.74314475,419,NA,N,0,0,188
2811,1,0.8902935,214,2888,Y,1.66666666666667,1,188
2694,2,0.82788975,199,2811,N,3.33333333333333,1,188
2958,3,0.92773575,223,2694,N,5,1,188
3087,4,1.05254325,253,2958,N,6.66666666666667,1,188
2826,5,0.96933825,233,3087,N,8.33333333333333,1,188
2114,6,1.0733445,258,2826,N,10,1,188
2898,7,1.04422275,251,2114,N,11.6666666666667,1,188
3891,8,1.08582525,261,2898,N,13.3333333333333,1,188
4105,9,0.97765875,235,3891,N,15,1,188
4180,10,1.0899855,262,4105,N,16.6666666666667,1,188
3977,11,1.065024,256,4180,N,18.3333333333333,1,188
4253,12,1.16487,280,3977,N,20,1,188
3693,13,1.22727375,295,4253,N,21.6666666666667,1,188
3444,14,1.24391475,299,3693,N,23.3333333333333,1,188
4241,15,1.26055575,303,3444,N,25,1,188
5000,16,1.24391475,299,4241,N,26.6666666666667,1,188
4888,17,1.297998,312,5000,N,28.3333333333333,1,188
5209,18,1.3229595,318,4888,N,30,1,188
5009,19,1.30215825,313,5209,N,31.6666666666667,1,188
5276,20,1.381203,332,5009,N,33.3333333333333,1,188
5044,21,1.41032475,339,5276,N,35,1,188
5439,22,1.547613,372,5044,N,36.6666666666667,1,188
5104,23,1.5725745,378,5439,N,38.3333333333333,1,188
6507,24,1.447767,348,5104,N,40,1,188
6104,25,1.580895,380,6507,N,41.6666666666667,1,188
5683,26,1.7389845,418,6104,N,43.3333333333333,1,188
6242,27,1.81802925,437,5683,N,45,1,188
6330,28,2.20077225,529,6242,N,46.6666666666667,1,188
6297,29,2.15916975,519,6330,N,48.3333333333333,1,188
6243,30,2.2049325,530,6297,N,50,1,188
6665,31,2.4212655,582,6243,N,51.6666666666667,1,188
7814,32,2.3214195,558,6665,N,53.3333333333333,1,188
7558,33,2.6542395,638,7814,N,55,1,188
6840,34,0.95269725,229,7558,Y,56.6666666666667,2,188
7526,35,0.82788975,199,6840,N,58.3333333333333,2,188
7667,36,1.0567035,254,7526,N,60,2,188
2888,0,1.74314475,419,NA,N,0,0,189
2808,1,0.83621025,201,2888,Y,1.66666666666667,1,189
2692,2,0.7904475,190,2808,N,3.33333333333333,1,189
2955,3,0.8237295,198,2692,N,5,1,189
3085,4,0.8237295,198,2955,N,6.66666666666667,1,189
2822,5,1.04422275,251,3085,N,8.33333333333333,1,189
2113,6,0.9069345,218,2822,N,10,1,189
2894,7,0.9901395,238,2113,N,11.6666666666667,1,189
3885,8,0.99846,240,2894,N,13.3333333333333,1,189
4100,9,0.91941525,221,3885,N,15,1,189
4170,10,1.04422275,251,4100,N,16.6666666666667,1,189
3971,11,1.00262025,241,4170,N,18.3333333333333,1,189
4252,12,1.048383,252,3971,N,20,1,189
3686,13,1.14406875,275,4252,N,21.6666666666667,1,189
3143,14,1.11910725,269,3686,N,23.3333333333333,1,189
3493,15,1.114947,268,3143,N,25,1,189
4352,16,1.3229595,318,3493,N,26.6666666666667,1,189
4884,17,1.2896775,310,4352,N,28.3333333333333,1,189
5208,18,1.2231135,294,4884,N,30,1,189
5005,19,1.248075,300,5208,N,31.6666666666667,1,189
5275,20,1.347921,324,5005,N,33.3333333333333,1,189
5438,22,1.56009375,375,5275,N,36.6666666666667,1,189
5101,23,1.5559335,374,5438,N,38.3333333333333,1,189
6506,24,1.67658075,403,5101,N,40,1,189
6099,25,1.81802925,437,6506,N,41.6666666666667,1,189
5682,26,2.04268275,491,6099,N,43.3333333333333,1,189
6239,27,1.9885995,478,5682,N,45,1,189
6328,28,2.14252875,515,6239,N,46.6666666666667,1,189
6295,29,2.313099,556,6328,N,48.3333333333333,1,189
6236,30,2.695842,648,6295,N,50,1,189
6664,31,2.4046245,578,6236,N,51.6666666666667,1,189
7813,32,1.314639,316,6664,Y,53.3333333333333,2,189
7553,33,1.0899855,262,7813,N,55,2,189
6838,34,1.264716,304,7553,N,56.6666666666667,2,189
7524,35,1.530972,368,6838,N,58.3333333333333,2,189
7666,36,1.530972,368,7524,N,60,2,189
2891,0,0.981819,236,NA,N,0,0,190
2815,1,1.02758175,247,2891,N,1.66666666666667,0,190
2696,2,1.0567035,254,2815,N,3.33333333333333,0,190
2960,3,1.06918425,257,2696,N,5,0,190
3089,4,1.10246625,265,2960,N,6.66666666666667,0,190
2831,5,1.12742775,271,3089,N,8.33333333333333,0,190
2115,6,1.2064725,290,2831,N,10,0,190
2903,7,1.24391475,299,2115,N,11.6666666666667,0,190
3897,8,1.2896775,310,2903,N,13.3333333333333,0,190
4113,9,1.34376075,323,3897,N,15,0,190
4182,10,1.2064725,290,4113,N,16.6666666666667,0,190
3988,11,1.2730365,306,4182,N,18.3333333333333,0,190
4255,12,1.36872225,329,3988,N,20,0,190
3704,13,1.39368375,335,4255,N,21.6666666666667,0,190
3457,14,1.3728825,330,3704,N,23.3333333333333,0,190
4245,15,1.41864525,341,3457,N,25,0,190
5003,16,1.4061645,338,4245,N,26.6666666666667,0,190
4894,17,1.46024775,351,5003,N,28.3333333333333,0,190
5211,18,1.46856825,353,4894,N,30,0,190
5020,19,1.4727285,354,5211,N,31.6666666666667,0,190
5278,20,1.46024775,351,5020,N,33.3333333333333,0,190
5048,21,1.51017075,363,5278,N,35,0,190
5440,22,1.50185025,361,5048,N,36.6666666666667,0,190
5108,23,1.53513225,369,5440,N,38.3333333333333,0,190
6508,24,1.547613,372,5108,N,40,0,190
6109,25,1.56841425,377,6508,N,41.6666666666667,0,190
5684,26,1.6058565,386,6109,N,43.3333333333333,0,190
6247,27,1.60169625,385,5684,N,45,0,190
6332,28,1.7057025,410,6247,N,46.6666666666667,0,190
6300,29,1.70154225,409,6332,N,48.3333333333333,0,190
6249,30,1.73482425,417,6300,N,50,0,190
6666,31,1.78474725,429,6249,N,51.6666666666667,0,190
7816,32,1.880433,452,6666,N,53.3333333333333,0,190
7563,33,2.1050865,506,7816,N,55,0,190
6844,34,2.20909275,531,7563,N,56.6666666666667,0,190
7532,35,1.95947775,471,6844,N,58.3333333333333,0,190
7669,36,2.32974,560,7532,N,60,0,190
7333,37,2.50863075,603,7669,N,61.6666666666667,0,190
7525,38,2.69168175,647,7333,N,63.3333333333333,0,190
8000,39,2.7873675,670,7525,N,65,0,190
8175,40,1.3229595,318,8000,Y,66.6666666666667,1,190
8729,41,1.3562415,326,8175,N,68.3333333333333,1,190
9294,42,1.4394465,346,8729,N,70,1,190
8668,43,1.46024775,351,9294,N,71.6666666666667,1,190
8436,44,1.46856825,353,8668,N,73.3333333333333,1,190
9117,45,1.58505525,381,8436,N,75,1,190
8976,46,1.61001675,387,9117,N,76.6666666666667,1,190
9486,47,1.7389845,418,8976,N,78.3333333333333,1,190
10628,48,1.91787525,461,9486,N,80,1,190
10000,49,1.847151,444,10628,N,81.6666666666667,1,190
10910,50,1.97611875,475,10000,N,83.3333333333333,1,190
10038,51,2.14252875,515,10910,N,85,1,190
10306,52,2.1882915,526,10038,N,86.6666666666667,1,190
9890,54,2.4046245,578,10306,N,90,1,190
12000,55,2.695842,648,9890,N,91.6666666666667,1,190
12304,56,1.11078675,267,12000,Y,93.3333333333333,2,190
12282,57,1.2231135,294,12304,N,95,2,190
12648,58,1.5892155,382,12282,N,96.6666666666667,2,190
12172,59,1.50185025,361,12648,N,98.3333333333333,2,190
12177,61,1.58505525,381,12172,N,101.666666666667,2,190
12623,62,2.01772125,485,12177,N,103.333333333333,2,190
14038,63,1.87627275,451,12623,N,105,2,190
13775,64,2.2215735,534,14038,N,106.666666666667,2,190
14411,65,2.10092625,505,13775,N,108.333333333333,2,190
13041,66,2.080125,500,14411,N,110,2,190
14302,67,1.06086375,255,13041,Y,111.666666666667,3,190
14291,68,0.898614,216,14302,N,113.333333333333,3,190
13391,69,0.81124875,195,14291,N,115,3,190
14106,70,1.09414575,263,13391,N,116.666666666667,3,190
2861,0,0.81956925,197,NA,N,0,0,191
2760,1,0.80292825,193,2861,N,1.66666666666667,0,191
3068,4,0.82788975,199,2760,N,6.66666666666667,0,191
2770,5,1.21063275,291,3068,N,8.33333333333333,0,191
2103,6,1.314639,316,2770,N,10,0,191
2869,7,1.16070975,279,2103,N,11.6666666666667,0,191
3833,8,1.2563955,302,2869,N,13.3333333333333,0,191
4057,9,1.1898315,286,3833,N,15,0,191
4152,10,1.20231225,289,4057,N,16.6666666666667,0,191
3923,11,1.31047875,315,4152,N,18.3333333333333,0,191
4238,12,1.35208125,325,3923,N,20,0,191
3639,13,1.397844,336,4238,N,21.6666666666667,0,191
3396,14,1.50185025,361,3639,N,23.3333333333333,0,191
4140,15,1.414485,340,3396,N,25,0,191
4976,16,1.381203,332,4140,N,26.6666666666667,0,191
4850,17,1.61833725,389,4976,N,28.3333333333333,0,191
5201,18,1.730664,416,4850,N,30,0,191
4972,19,1.8554715,446,5201,N,31.6666666666667,0,191
5268,20,1.897074,456,4972,N,33.3333333333333,0,191
5006,21,1.930356,464,5268,N,35,0,191
5429,22,2.046843,492,5006,N,36.6666666666667,0,191
5047,23,1.9053945,458,5429,N,38.3333333333333,0,191
6497,24,2.02604175,487,5047,N,40,0,191
6053,25,2.39214375,575,6497,N,41.6666666666667,0,191
5672,26,1.1898315,286,6053,Y,43.3333333333333,1,191
6183,27,1.048383,252,5672,N,45,1,191
6246,28,1.347921,324,6183,N,46.6666666666667,1,191
6262,29,1.28551725,309,6246,N,48.3333333333333,1,191
2288,0,1.80138825,433,NA,N,0,0,192
2335,1,1.50185025,361,2288,N,1.66666666666667,0,192
2311,2,1.88459325,453,2335,N,3.33333333333333,0,192
2423,3,0.83621025,201,2311,Y,5,1,192
2422,4,0.8570115,206,2423,N,6.66666666666667,1,192
2428,5,0.89445375,215,2422,N,8.33333333333333,1,192
2033,6,0.9402165,226,2428,N,10,1,192
2309,7,0.8570115,206,2033,N,11.6666666666667,1,192
3416,8,0.7738065,186,2309,N,13.3333333333333,1,192
3617,9,0.84453075,203,3416,N,15,1,192
3756,10,1.0067805,242,3617,N,16.6666666666667,1,192
3502,11,1.08582525,261,3756,N,18.3333333333333,1,192
3887,12,1.03590225,249,3502,N,20,1,192
3274,13,1.04422275,251,3887,N,21.6666666666667,1,192
3169,14,1.131588,272,3274,N,23.3333333333333,1,192
3698,15,1.22727375,295,3169,N,25,1,192
4509,16,1.16487,280,3698,N,26.6666666666667,1,192
4492,17,1.20231225,289,4509,N,28.3333333333333,1,192
4578,18,1.214793,292,4492,N,30,1,192
4398,19,1.314639,316,4578,N,31.6666666666667,1,192
4770,20,1.33128,320,4398,N,33.3333333333333,1,192
4561,21,1.2730365,306,4770,N,35,1,192
5356,22,1.41032475,339,4561,N,36.6666666666667,1,192
4562,23,1.57673475,379,5356,N,38.3333333333333,1,192
2304,0,1.04422275,251,NA,N,0,0,193
2355,1,0.9901395,238,2304,N,1.66666666666667,0,193
2328,2,1.1066265,266,2355,N,3.33333333333333,0,193
2444,3,1.22727375,295,2328,N,5,0,193
2530,4,1.27719675,307,2444,N,6.66666666666667,0,193
2450,5,1.21895325,293,2530,N,8.33333333333333,0,193
2038,6,1.45192725,349,2450,N,10,0,193
2336,7,1.39368375,335,2038,N,11.6666666666667,0,193
3441,8,1.0899855,262,2336,N,13.3333333333333,0,193
3645,9,1.481049,356,3441,N,15,0,193
3794,10,1.59337575,383,3645,N,16.6666666666667,0,193
3524,11,1.530972,368,3794,N,18.3333333333333,0,193
3918,12,1.464408,352,3524,N,20,0,193
3298,13,1.597536,384,3918,N,21.6666666666667,0,193
3175,14,1.54345275,371,3298,N,23.3333333333333,0,193
3730,15,1.6890615,406,3175,N,25,0,193
4534,16,1.86795225,449,3730,N,26.6666666666667,0,193
4520,17,1.946997,468,4534,N,28.3333333333333,0,193
4602,18,1.980279,476,4520,N,30,0,193
4802,20,2.1716505,522,4602,N,33.3333333333333,0,193
4585,21,2.0718045,498,4802,N,35,0,193
5312,22,1.0567035,254,4585,Y,36.6666666666667,1,193
4324,23,1.1898315,286,5312,N,38.3333333333333,1,193
5537,24,1.281357,308,4324,N,40,1,193
5503,25,1.23559425,297,5537,N,41.6666666666667,1,193
5497,26,1.464408,352,5503,N,43.3333333333333,1,193
5588,27,1.6058565,386,5497,N,45,1,193
5738,28,1.46856825,353,5588,N,46.6666666666667,1,193
5575,29,1.56841425,377,5738,N,48.3333333333333,1,193
5527,30,1.6391385,394,5575,N,50,1,193
6546,31,1.7556255,422,5527,N,51.6666666666667,1,193
7332,32,1.63497825,393,6546,N,53.3333333333333,1,193
7074,33,2.00108025,481,7332,N,55,1,193
6733,34,1.90955475,459,7074,N,56.6666666666667,1,193
7002,35,1.8554715,446,6733,N,58.3333333333333,1,193
7085,36,2.26733625,545,7002,N,60,1,193
6892,37,2.15916975,519,7085,N,61.6666666666667,1,193
7079,38,1.95947775,471,6892,N,63.3333333333333,1,193
7899,39,2.09260575,503,7079,N,65,1,193
8074,40,2.080125,500,7899,N,66.6666666666667,1,193
8481,41,1.0567035,254,8074,Y,68.3333333333333,2,193
9193,42,1.0899855,262,8481,N,70,2,193
8373,43,1.148229,276,9193,N,71.6666666666667,2,193
8253,44,0.99846,240,8373,N,73.3333333333333,2,193
8934,45,1.26055575,303,8253,N,75,2,193
8715,46,1.4061645,338,8934,N,76.6666666666667,2,193
9371,47,1.148229,276,8715,N,78.3333333333333,2,193
10425,48,1.4228055,342,9371,N,80,2,193
9576,49,1.447767,348,10425,N,81.6666666666667,2,193
10786,50,1.4061645,338,9576,N,83.3333333333333,2,193
9747,51,1.414485,340,10786,N,85,2,193
10179,52,1.87627275,451,9747,N,86.6666666666667,2,193
10427,53,0.698922,168,10179,Y,88.3333333333333,3,193
9619,54,0.88613325,213,10427,N,90,3,193
11236,55,0.85285125,205,9619,N,91.6666666666667,3,193
11418,56,0.8237295,198,11236,N,93.3333333333333,3,193
11265,57,0.96101775,231,11418,N,95,3,193
11861,58,0.82788975,199,11265,N,96.6666666666667,3,193
11196,59,0.6906015,166,11861,N,98.3333333333333,3,193
11072,60,0.84453075,203,11196,N,100,3,193
11261,61,1.0899855,262,11072,N,101.666666666667,3,193
13199,64,1.3396005,322,11261,N,106.666666666667,3,193
13020,65,1.51849125,365,13199,N,108.333333333333,3,193
12788,66,1.49352975,359,13020,N,110,3,193
14620,68,0.8070885,194,12788,Y,113.333333333333,4,193
2304,0,1.04422275,251,NA,N,0,0,194
2355,1,0.9901395,238,2304,N,1.66666666666667,0,194
2328,2,1.1066265,266,2355,N,3.33333333333333,0,194
2444,3,1.22727375,295,2328,N,5,0,194
2530,4,1.27719675,307,2444,N,6.66666666666667,0,194
2450,5,1.21895325,293,2530,N,8.33333333333333,0,194
2038,6,1.45192725,349,2450,N,10,0,194
2336,7,1.39368375,335,2038,N,11.6666666666667,0,194
3441,8,1.0899855,262,2336,N,13.3333333333333,0,194
3645,9,1.481049,356,3441,N,15,0,194
3794,10,1.59337575,383,3645,N,16.6666666666667,0,194
3524,11,1.530972,368,3794,N,18.3333333333333,0,194
3918,12,1.464408,352,3524,N,20,0,194
3298,13,1.597536,384,3918,N,21.6666666666667,0,194
3175,14,1.54345275,371,3298,N,23.3333333333333,0,194
3730,15,1.6890615,406,3175,N,25,0,194
4534,16,1.86795225,449,3730,N,26.6666666666667,0,194
4520,17,1.946997,468,4534,N,28.3333333333333,0,194
4602,18,1.980279,476,4520,N,30,0,194
4802,20,2.1716505,522,4602,N,33.3333333333333,0,194
4585,21,2.0718045,498,4802,N,35,0,194
5323,22,1.20231225,289,4585,Y,36.6666666666667,1,194
4444,23,1.065024,256,5323,N,38.3333333333333,1,194
5559,24,1.098306,264,4444,N,40,1,194
5511,25,1.214793,292,5559,N,41.6666666666667,1,194
5579,26,1.264716,304,5511,N,43.3333333333333,1,194
5754,27,1.4228055,342,5579,N,45,1,194
5797,28,1.41032475,339,5754,N,46.6666666666667,1,194
5783,29,1.49769,360,5797,N,48.3333333333333,1,194
5555,30,1.61001675,387,5783,N,50,1,194
6562,31,1.70154225,409,5555,N,51.6666666666667,1,194
7691,32,1.82634975,439,6562,N,53.3333333333333,1,194
7018,33,1.73482425,417,7691,N,55,1,194
6724,34,2.0218815,486,7018,N,56.6666666666667,1,194
6950,35,1.863792,448,6724,N,58.3333333333333,1,194
7027,36,0.77796675,187,6950,Y,60,2,194
6865,37,0.79460775,191,7027,N,61.6666666666667,2,194
7021,38,0.79460775,191,6865,N,63.3333333333333,2,194
7889,39,0.7571655,182,7021,N,65,2,194
8063,40,0.9402165,226,7889,N,66.6666666666667,2,194
8445,41,0.87781275,211,8063,N,68.3333333333333,2,194
9180,42,0.88613325,213,8445,N,70,2,194
8347,43,0.84453075,203,9180,N,71.6666666666667,2,194
8241,44,1.03590225,249,8347,N,73.3333333333333,2,194
8910,45,0.96933825,233,8241,N,75,2,194
8681,46,0.96933825,233,8910,N,76.6666666666667,2,194
9359,47,0.915255,220,8681,N,78.3333333333333,2,194
10394,48,1.048383,252,9359,N,80,2,194
9558,49,1.098306,264,10394,N,81.6666666666667,2,194
10760,50,1.00262025,241,9558,N,83.3333333333333,2,194
9713,51,1.1565495,278,10760,N,85,2,194
10167,52,1.30215825,313,9713,N,86.6666666666667,2,194
10410,53,1.2563955,302,10167,N,88.3333333333333,2,194
9608,54,1.29383775,311,10410,N,90,2,194
11163,55,1.25223525,301,9608,N,91.6666666666667,2,194
11315,56,1.31047875,315,11163,N,93.3333333333333,2,194
11231,57,1.231434,296,11315,N,95,2,194
11804,58,1.264716,304,11231,N,96.6666666666667,2,194
11112,59,1.33128,320,11804,N,98.3333333333333,2,194
11033,60,1.33128,320,11112,N,100,2,194
11214,61,1.3728825,330,11033,N,101.666666666667,2,194
2304,0,1.04422275,251,NA,N,0,0,195
2355,1,0.9901395,238,2304,N,1.66666666666667,0,195
2328,2,1.1066265,266,2355,N,3.33333333333333,0,195
2444,3,1.22727375,295,2328,N,5,0,195
2530,4,1.27719675,307,2444,N,6.66666666666667,0,195
2450,5,1.21895325,293,2530,N,8.33333333333333,0,195
2038,6,1.45192725,349,2450,N,10,0,195
2336,7,1.39368375,335,2038,N,11.6666666666667,0,195
3441,8,1.0899855,262,2336,N,13.3333333333333,0,195
3645,9,1.481049,356,3441,N,15,0,195
3794,10,1.59337575,383,3645,N,16.6666666666667,0,195
3524,11,1.530972,368,3794,N,18.3333333333333,0,195
3918,12,1.464408,352,3524,N,20,0,195
3298,13,1.597536,384,3918,N,21.6666666666667,0,195
3175,14,1.54345275,371,3298,N,23.3333333333333,0,195
3730,15,1.6890615,406,3175,N,25,0,195
4534,16,1.86795225,449,3730,N,26.6666666666667,0,195
4520,17,1.946997,468,4534,N,28.3333333333333,0,195
4602,18,1.980279,476,4520,N,30,0,195
4802,20,2.1716505,522,4602,N,33.3333333333333,0,195
4585,21,2.0718045,498,4802,N,35,0,195
5323,22,1.20231225,289,4585,Y,36.6666666666667,1,195
4444,23,1.065024,256,5323,N,38.3333333333333,1,195
5559,24,1.098306,264,4444,N,40,1,195
5511,25,1.214793,292,5559,N,41.6666666666667,1,195
5579,26,1.264716,304,5511,N,43.3333333333333,1,195
5754,27,1.4228055,342,5579,N,45,1,195
5797,28,1.41032475,339,5754,N,46.6666666666667,1,195
5783,29,1.49769,360,5797,N,48.3333333333333,1,195
5555,30,1.61001675,387,5783,N,50,1,195
6562,31,1.70154225,409,5555,N,51.6666666666667,1,195
7691,32,1.82634975,439,6562,N,53.3333333333333,1,195
7018,33,1.73482425,417,7691,N,55,1,195
6724,34,2.0218815,486,7018,N,56.6666666666667,1,195
6950,35,1.863792,448,6724,N,58.3333333333333,1,195
7034,36,1.07750475,259,6950,Y,60,2,195
6867,37,1.09414575,263,7034,N,61.6666666666667,2,195
7029,38,1.06918425,257,6867,N,63.3333333333333,2,195
7890,39,1.1066265,266,7029,N,65,2,195
8064,40,1.04422275,251,7890,N,66.6666666666667,2,195
8447,41,1.11910725,269,8064,N,68.3333333333333,2,195
9181,42,1.0733445,258,8447,N,70,2,195
8348,43,1.17735075,283,9181,N,71.6666666666667,2,195
8242,44,1.51849125,365,8348,N,73.3333333333333,2,195
8912,45,1.397844,336,8242,N,75,2,195
8685,46,1.51849125,365,8912,N,76.6666666666667,2,195
9360,47,1.547613,372,8685,N,78.3333333333333,2,195
10396,48,1.86795225,449,9360,N,80,2,195
9559,49,1.94283675,467,10396,N,81.6666666666667,2,195
10762,50,2.00108025,481,9559,N,83.3333333333333,2,195
9716,51,2.0385225,490,10762,N,85,2,195
10335,52,0.89445375,215,9716,Y,86.6666666666667,3,195
10755,53,1.13574825,273,10335,N,88.3333333333333,3,195
10093,54,1.10246625,265,10755,N,90,3,195
12228,55,1.19399175,287,10093,N,91.6666666666667,3,195
12511,56,1.01926125,245,12228,N,93.3333333333333,3,195
12489,57,1.23559425,297,12511,N,95,3,195
12704,58,1.26055575,303,12489,N,96.6666666666667,3,195
12396,59,1.41032475,339,12704,N,98.3333333333333,3,195
2361,0,0.80292825,193,NA,N,0,0,196
2378,1,0.88613325,213,2361,N,1.66666666666667,0,196
2351,2,0.80292825,193,2378,N,3.33333333333333,0,196
2474,3,0.78628725,189,2351,N,5,0,196
2548,4,0.86949225,209,2474,N,6.66666666666667,0,196
2487,5,0.9734985,234,2548,N,8.33333333333333,0,196
2046,6,0.915255,220,2487,N,10,0,196
2424,7,0.99429975,239,2046,N,11.6666666666667,0,196
3498,8,0.96101775,231,2424,N,13.3333333333333,0,196
3694,9,1.0067805,242,3498,N,15,0,196
3852,10,1.01926125,245,3694,N,16.6666666666667,0,196
3575,11,1.01094075,243,3852,N,18.3333333333333,0,196
3985,12,1.07750475,259,3575,N,20,0,196
3325,13,1.13574825,273,3985,N,21.6666666666667,0,196
3192,14,1.1399085,274,3325,N,23.3333333333333,0,196
3797,15,1.17735075,283,3192,N,25,0,196
4584,16,1.181511,284,3797,N,26.6666666666667,0,196
4571,17,1.3562415,326,4584,N,28.3333333333333,0,196
4690,18,1.3728825,330,4571,N,30,0,196
4661,19,1.35208125,325,4690,N,31.6666666666667,0,196
5024,20,1.3396005,322,4661,N,33.3333333333333,0,196
4648,21,1.45192725,349,5024,N,35,0,196
5372,22,1.54345275,371,4648,N,36.6666666666667,0,196
4739,23,1.5725745,378,5372,N,38.3333333333333,0,196
6405,24,1.6557795,398,4739,N,40,0,196
5791,25,1.85963175,447,6405,N,41.6666666666667,0,196
5915,27,1.85963175,447,5791,N,45,0,196
5959,28,1.80138825,433,5915,N,46.6666666666667,0,196
5979,29,2.03436225,489,5959,N,48.3333333333333,0,196
5898,30,0.88613325,213,5979,Y,50,1,196
6595,31,0.99429975,239,5898,N,51.6666666666667,1,196
7746,32,1.131588,272,6595,N,53.3333333333333,1,196
7220,33,1.14406875,275,7746,N,55,1,196
6760,34,1.16903025,281,7220,N,56.6666666666667,1,196
7156,35,1.1731905,282,6760,N,58.3333333333333,1,196
7251,36,1.2064725,290,7156,N,60,1,196
7042,37,1.12742775,271,7251,N,61.6666666666667,1,196
7233,38,1.214793,292,7042,N,63.3333333333333,1,196
7931,39,1.214793,292,7233,N,65,1,196
8104,40,1.31047875,315,7931,N,66.6666666666667,1,196
8556,41,1.3728825,330,8104,N,68.3333333333333,1,196
9220,42,1.2064725,290,8556,N,70,1,196
8457,43,1.098306,264,9220,N,71.6666666666667,1,196
8281,44,1.28551725,309,8457,N,73.3333333333333,1,196
8992,45,1.23559425,297,8281,N,75,1,196
8795,46,1.21895325,293,8992,N,76.6666666666667,1,196
9402,47,1.4061645,338,8795,N,78.3333333333333,1,196
10470,48,1.30215825,313,9402,N,80,1,196
9734,49,1.75978575,423,10470,N,81.6666666666667,1,196
10821,50,1.68490125,405,9734,N,83.3333333333333,1,196
9894,51,1.963638,472,10821,N,85,1,196
10213,52,2.479509,596,9894,N,86.6666666666667,1,196
10498,53,2.4046245,578,10213,N,88.3333333333333,1,196
9657,54,2.429586,584,10498,N,90,1,196
11398,55,1.29383775,311,9657,Y,91.6666666666667,2,196
11613,56,1.31047875,315,11398,N,93.3333333333333,2,196
2615,0,0.6739605,162,NA,N,0,0,197
2635,1,0.615717,148,2615,N,1.66666666666667,0,197
2603,2,0.6406785,154,2635,N,3.33333333333333,0,197
2743,3,0.682281,164,2603,N,5,0,197
2901,4,0.715563,172,2743,N,6.66666666666667,0,197
2566,5,0.7238835,174,2901,N,8.33333333333333,0,197
2075,6,0.715563,172,2566,N,10,0,197
2609,7,0.7405245,178,2075,N,11.6666666666667,0,197
3659,8,0.732204,176,2609,N,13.3333333333333,0,197
3894,9,0.7738065,186,3659,N,15,0,197
4044,10,0.80292825,193,3894,N,16.6666666666667,0,197
3738,11,0.7904475,190,4044,N,18.3333333333333,0,197
4133,12,0.865332,208,3738,N,20,0,197
3456,13,0.8736525,210,4133,N,21.6666666666667,0,197
3276,14,0.9235755,222,3456,N,23.3333333333333,0,197
3978,15,0.94437675,227,3276,N,25,0,197
4825,16,0.9901395,238,3978,N,26.6666666666667,0,197
4673,17,1.015101,244,4825,N,28.3333333333333,0,197
5172,18,1.04422275,251,4673,N,30,0,197
4823,19,1.07750475,259,5172,N,31.6666666666667,0,197
5153,20,1.0400625,250,4823,N,33.3333333333333,0,197
4827,21,1.015101,244,5153,N,35,0,197
5398,22,1.03590225,249,4827,N,36.6666666666667,0,197
4882,23,1.13574825,273,5398,N,38.3333333333333,0,197
6444,24,1.16070975,279,4882,N,40,0,197
5909,25,1.131588,272,6444,N,41.6666666666667,0,197
5646,26,1.4061645,338,5909,N,43.3333333333333,0,197
6042,27,1.281357,308,5646,N,45,0,197
6105,28,1.41864525,341,6042,N,46.6666666666667,0,197
6113,29,1.6641,400,6105,N,48.3333333333333,0,197
6016,30,1.7556255,422,6113,N,50,0,197
6623,31,2.0718045,498,6016,N,51.6666666666667,0,197
7772,32,1.9885995,478,6623,N,53.3333333333333,0,197
7330,33,0.9901395,238,7772,Y,55,1,197
6785,34,0.98597925,237,7330,N,56.6666666666667,1,197
7394,35,1.20231225,289,6785,N,58.3333333333333,1,197
7461,36,1.31047875,315,7394,N,60,1,197
7162,37,1.3396005,322,7461,N,61.6666666666667,1,197
7329,38,1.4727285,354,7162,N,63.3333333333333,1,197
7956,39,1.56009375,375,7329,N,65,1,197
8130,40,1.5392925,370,7956,N,66.6666666666667,1,197
8603,41,1.5226515,366,8130,N,68.3333333333333,1,197
9245,42,1.564254,376,8603,N,70,1,197
8533,43,1.52681175,367,9245,N,71.6666666666667,1,197
8311,44,1.6890615,406,8533,N,73.3333333333333,1,197
9052,45,1.67658075,403,8311,N,75,1,197
8856,46,1.7556255,422,9052,N,76.6666666666667,1,197
9429,47,1.85963175,447,8856,N,78.3333333333333,1,197
10524,48,1.71818325,413,9429,N,80,1,197
9826,49,1.797228,432,10524,N,81.6666666666667,1,197
10852,50,0.96933825,233,9826,Y,83.3333333333333,2,197
9963,51,1.17735075,283,10852,N,85,2,197
10250,52,1.16487,280,9963,N,86.6666666666667,2,197
10570,53,1.098306,264,10250,N,88.3333333333333,2,197
9767,54,1.181511,284,10570,N,90,2,197
11599,55,0.98597925,237,9767,N,91.6666666666667,2,197
11848,56,1.3396005,322,11599,N,93.3333333333333,2,197
11718,57,1.35208125,325,11848,N,95,2,197
12353,58,1.53513225,369,11718,N,96.6666666666667,2,197
11671,59,1.42696575,343,12353,N,98.3333333333333,2,197
11584,60,1.40200425,337,11671,N,100,2,197
14046,63,0.95269725,229,11584,Y,105,3,197
13784,64,0.91109475,219,14046,N,106.666666666667,3,197
3111,0,1.67658075,403,NA,N,0,0,198
2927,1,1.62665775,391,3111,N,1.66666666666667,0,198
2962,2,1.813869,436,2927,N,3.33333333333333,0,198
2392,4,1.81802925,437,2962,N,6.66666666666667,0,198
2528,5,0.91941525,221,2392,Y,8.33333333333333,1,198
2062,6,0.8902935,214,2528,N,10,1,198
2271,0,1.04422275,251,NA,N,0,0,199
2314,1,1.01926125,245,2271,N,1.66666666666667,0,199
2295,2,1.0733445,258,2314,N,3.33333333333333,0,199
2412,3,1.16070975,279,2295,N,5,0,199
2366,4,1.16487,280,2412,N,6.66666666666667,0,199
2419,5,1.314639,316,2366,N,8.33333333333333,0,199
2029,6,1.18567125,285,2419,N,10,0,199
2282,7,1.2231135,294,2029,N,11.6666666666667,0,199
3394,8,1.27719675,307,2282,N,13.3333333333333,0,199
3587,9,1.181511,284,3394,N,15,0,199
3288,10,1.4893695,358,3587,N,16.6666666666667,0,199
3469,11,1.28551725,309,3288,N,18.3333333333333,0,199
3855,12,1.30215825,313,3469,N,20,0,199
3259,13,1.4061645,338,3855,N,21.6666666666667,0,199
3164,14,1.52681175,367,3259,N,23.3333333333333,0,199
3669,15,1.5226515,366,3164,N,25,0,199
4482,16,1.28551725,309,3669,N,26.6666666666667,0,199
4469,17,1.61001675,387,4482,N,28.3333333333333,0,199
4553,18,1.5060105,362,4469,N,30,0,199
4386,19,1.68490125,405,4553,N,31.6666666666667,0,199
4726,20,1.7389845,418,4386,N,33.3333333333333,0,199
4530,21,1.80138825,433,4726,N,35,0,199
5350,22,1.91787525,461,4530,N,36.6666666666667,0,199
4526,23,2.2714965,546,5350,N,38.3333333333333,0,199
6366,24,2.64175875,635,4526,N,40,0,199
5715,25,2.5710345,618,6366,N,41.6666666666667,0,199
5601,26,2.45870775,591,5715,N,43.3333333333333,0,199
5810,27,2.37550275,571,5601,N,45,0,199
5860,28,1.43528625,345,5810,Y,46.6666666666667,1,199
5858,29,1.447767,348,5860,N,48.3333333333333,1,199
5788,30,1.2896775,310,5858,N,50,1,199
6575,31,1.281357,308,5788,N,51.6666666666667,1,199
7705,32,1.3728825,330,6575,N,53.3333333333333,1,199
7109,33,1.4061645,338,7705,N,55,1,199
6740,34,1.464408,352,7109,N,56.6666666666667,1,199
7040,35,1.381203,332,6740,N,58.3333333333333,1,199
7135,36,1.7223435,414,7040,N,60,1,199
6913,37,1.7556255,422,7135,N,61.6666666666667,1,199
7127,38,1.44360675,347,6913,N,63.3333333333333,1,199
7910,39,1.55177325,373,7127,N,65,1,199
8084,40,1.530972,368,7910,N,66.6666666666667,1,199
8508,41,1.57673475,379,8084,N,68.3333333333333,1,199
9204,42,1.6641,400,8508,N,70,1,199
8401,43,1.6557795,398,9204,N,71.6666666666667,1,199
8263,44,1.85963175,447,8401,N,73.3333333333333,1,199
8956,45,1.7556255,422,8263,N,75,1,199
8745,46,1.9220355,462,8956,N,76.6666666666667,1,199
9382,47,2.30893875,555,8745,N,78.3333333333333,1,199
10446,48,2.296458,552,9382,N,80,1,199
9690,49,1.8554715,446,10446,N,81.6666666666667,1,199
10806,50,1.0234215,246,9690,Y,83.3333333333333,2,199
9789,51,1.131588,272,10806,N,85,2,199
10194,52,1.09414575,263,9789,N,86.6666666666667,2,199
10465,53,0.981819,236,10194,N,88.3333333333333,2,199
9633,54,1.015101,244,10465,N,90,2,199
11311,55,1.04422275,251,9633,N,91.6666666666667,2,199
11531,56,1.16070975,279,11311,N,93.3333333333333,2,199
11377,57,0.9734985,234,11531,N,95,2,199
11991,58,1.18567125,285,11377,N,96.6666666666667,2,199
11329,59,1.16070975,279,11991,N,98.3333333333333,2,199
11197,60,1.1232675,270,11329,N,100,2,199
11415,61,1.214793,292,11197,N,101.666666666667,2,199
11363,62,1.264716,304,11415,N,103.333333333333,2,199
13643,63,1.36872225,329,11363,N,105,2,199
13240,64,1.198152,288,13643,N,106.666666666667,2,199
13276,65,1.31879925,317,13240,N,108.333333333333,2,199
12805,66,1.54345275,371,13276,N,110,2,199
14567,67,1.27719675,307,12805,N,111.666666666667,2,199
14546,68,1.16487,280,14567,N,113.333333333333,2,199
13664,69,0.8237295,198,14546,N,115,2,199
14456,70,1.1066265,266,13664,N,116.666666666667,2,199
2283,0,1.04422275,251,NA,N,0,0,200
2329,1,1.031742,248,2283,N,1.66666666666667,0,200
2305,2,1.11910725,269,2329,N,3.33333333333333,0,200
2417,3,1.16070975,279,2305,N,5,0,200
2369,4,1.214793,292,2417,N,6.66666666666667,0,200
2425,5,1.3063185,314,2369,N,8.33333333333333,0,200
2031,6,1.347921,324,2425,N,10,0,200
2289,7,1.33128,320,2031,N,11.6666666666667,0,200
3406,8,1.44360675,347,2289,N,13.3333333333333,0,200
3603,9,1.3728825,330,3406,N,15,0,200
3291,10,1.4228055,342,3603,N,16.6666666666667,0,200
3488,11,1.4560875,350,3291,N,18.3333333333333,0,200
3876,12,1.4560875,350,3488,N,20,0,200
3268,13,1.514331,364,3876,N,21.6666666666667,0,200
3167,14,1.56009375,375,3268,N,23.3333333333333,0,200
3687,15,1.614177,388,3167,N,25,0,200
4498,16,1.70154225,409,3687,N,26.6666666666667,0,200
4483,17,1.70154225,409,4498,N,28.3333333333333,0,200
4569,18,1.813869,436,4483,N,30,0,200
4389,19,1.83467025,441,4569,N,31.6666666666667,0,200
4753,20,1.85963175,447,4389,N,33.3333333333333,0,200
4548,21,2.1217275,510,4753,N,35,0,200
5353,22,2.19245175,527,4548,N,36.6666666666667,0,200
4541,23,1.114947,268,5353,Y,38.3333333333333,1,200
6372,24,1.1565495,278,4541,N,40,1,200
5720,25,1.2064725,290,6372,N,41.6666666666667,1,200
5603,26,1.33128,320,5720,N,43.3333333333333,1,200
5829,27,1.37704275,331,5603,N,45,1,200
5869,28,1.580895,380,5829,N,46.6666666666667,1,200
5870,29,1.58505525,381,5869,N,48.3333333333333,1,200
5799,30,1.65161925,397,5870,N,50,1,200
6577,31,1.78474725,429,5799,N,51.6666666666667,1,200
7707,32,1.930356,464,6577,N,53.3333333333333,1,200
7129,33,1.90955475,459,7707,N,55,1,200
6743,34,1.83467025,441,7129,N,56.6666666666667,1,200
7060,35,1.8388305,442,6743,N,58.3333333333333,1,200
7149,36,2.40046425,577,7060,N,60,1,200
6925,37,2.12588775,511,7149,N,61.6666666666667,1,200
7145,38,2.4212655,582,6925,N,63.3333333333333,1,200
7913,39,2.363022,568,7145,N,65,1,200
8088,40,1.29383775,311,7913,Y,66.6666666666667,2,200
8523,41,1.314639,316,8088,N,68.3333333333333,2,200
9207,42,1.3063185,314,8523,N,70,2,200
8407,43,1.47688875,355,9207,N,71.6666666666667,2,200
8266,44,1.56841425,377,8407,N,73.3333333333333,2,200
8961,45,1.51849125,365,8266,N,75,2,200
8755,46,1.70154225,409,8961,N,76.6666666666667,2,200
9385,47,1.6557795,398,8755,N,78.3333333333333,2,200
10450,48,1.747305,420,9385,N,80,2,200
9697,49,1.90123425,457,10450,N,81.6666666666667,2,200
10808,50,1.93451625,465,9697,N,83.3333333333333,2,200
9796,51,2.2714965,546,10808,N,85,2,200
10197,52,2.06764425,497,9796,N,86.6666666666667,2,200
10472,53,2.35886175,567,10197,N,88.3333333333333,2,200
9635,54,2.3713425,570,10472,N,90,2,200
11326,55,2.3547015,566,9635,N,91.6666666666667,2,200
11546,56,1.08582525,261,11326,Y,93.3333333333333,3,200
11403,57,1.22727375,295,11546,N,95,3,200
12002,58,1.33128,320,11403,N,96.6666666666667,3,200
11343,59,1.397844,336,12002,N,98.3333333333333,3,200
11212,60,1.214793,292,11343,N,100,3,200
11429,61,1.38536325,333,11212,N,101.666666666667,3,200
11384,62,1.5725745,378,11429,N,103.333333333333,3,200
13653,63,1.580895,380,11384,N,105,3,200
13245,64,1.68490125,405,13653,N,106.666666666667,3,200
13283,65,1.813869,436,13245,N,108.333333333333,3,200
12806,66,1.66826025,401,13283,N,110,3,200
14575,67,1.7556255,422,12806,N,111.666666666667,3,200
14552,68,1.91787525,461,14575,N,113.333333333333,3,200
13671,69,1.93451625,465,14552,N,115,3,200
14466,70,0.8902935,214,13671,Y,116.666666666667,4,200
2291,0,0.91941525,221,NA,N,0,0,201
2338,1,0.83621025,201,2291,N,1.66666666666667,0,201
2317,2,0.8736525,210,2338,N,3.33333333333333,0,201
2427,3,1.031742,248,2317,N,5,0,201
2518,4,1.06086375,255,2427,N,6.66666666666667,0,201
2433,5,1.065024,256,2518,N,8.33333333333333,0,201
2034,6,1.12742775,271,2433,N,10,0,201
2320,7,1.264716,304,2034,N,11.6666666666667,0,201
3420,8,1.248075,300,2320,N,13.3333333333333,0,201
3622,9,1.2397545,298,3420,N,15,0,201
3767,10,1.297998,312,3622,N,16.6666666666667,0,201
3508,11,1.27719675,307,3767,N,18.3333333333333,0,201
3893,12,1.198152,288,3508,N,20,0,201
3281,13,1.21895325,293,3893,N,21.6666666666667,0,201
3171,14,1.24391475,299,3281,N,23.3333333333333,0,201
3705,15,1.47688875,355,3171,N,25,0,201
4515,16,1.364562,328,3705,N,26.6666666666667,0,201
4496,17,1.30215825,313,4515,N,28.3333333333333,0,201
4583,18,1.347921,324,4496,N,30,0,201
4400,19,1.29383775,311,4583,N,31.6666666666667,0,201
4775,20,1.30215825,313,4400,N,33.3333333333333,0,201
4564,21,1.3063185,314,4775,N,35,0,201
5357,22,1.3063185,314,4564,N,36.6666666666667,0,201
4567,23,1.40200425,337,5357,N,38.3333333333333,0,201
6380,24,1.281357,308,4567,N,40,0,201
5729,25,1.36872225,329,6380,N,41.6666666666667,0,201
5606,26,1.5060105,362,5729,N,43.3333333333333,0,201
5844,27,1.6724205,402,5606,N,45,0,201
5887,28,2.030202,488,5844,N,46.6666666666667,0,201
5889,29,2.29229775,551,5887,N,48.3333333333333,0,201
5816,30,2.4878295,598,5889,N,50,0,201
6580,31,2.2548555,542,5816,N,51.6666666666667,0,201
7711,32,2.645919,636,6580,N,53.3333333333333,0,201
7356,33,1.1565495,278,7711,Y,55,1,201
6792,34,1.32711975,319,7356,N,56.6666666666667,1,201
7411,35,1.42696575,343,6792,N,58.3333333333333,1,201
7504,36,1.547613,372,7411,N,60,1,201
7192,37,1.52681175,367,7504,N,61.6666666666667,1,201
7352,38,1.62665775,391,7192,N,63.3333333333333,1,201
7962,39,1.6724205,402,7352,N,65,1,201
8138,40,1.58505525,381,7962,N,66.6666666666667,1,201
8616,41,1.65993975,399,8138,N,68.3333333333333,1,201
9253,42,1.8554715,446,8616,N,70,1,201
8558,43,1.9719585,474,9253,N,71.6666666666667,1,201
8322,44,2.22573375,535,8558,N,73.3333333333333,1,201
9065,45,2.146689,516,8322,N,75,1,201
8873,46,2.36718225,569,9065,N,76.6666666666667,1,201
9438,47,2.58351525,621,8873,N,78.3333333333333,1,201
10539,48,2.44206675,587,9438,N,80,1,201
9846,49,2.629278,632,10539,N,81.6666666666667,1,201
14882,50,NA,-1,9846,Y,83.3333333333333,2,201
2538,0,0.7405245,178,NA,N,0,0,202
2599,1,0.72804375,175,2538,N,1.66666666666667,0,202
2571,2,0.8403705,202,2599,N,3.33333333333333,0,202
2730,3,0.881973,212,2571,N,5,0,202
2799,4,0.88613325,213,2730,N,6.66666666666667,0,202
2540,5,0.79460775,191,2799,N,8.33333333333333,0,202
2066,6,0.91941525,221,2540,N,10,0,202
2568,7,0.87781275,211,2066,N,11.6666666666667,0,202
3616,8,0.915255,220,2568,N,13.3333333333333,0,202
3842,9,0.99846,240,3616,N,15,0,202
3991,10,0.9734985,234,3842,N,16.6666666666667,0,202
3695,11,1.031742,248,3991,N,18.3333333333333,0,202
4104,12,1.06918425,257,3695,N,20,0,202
3411,13,1.16903025,281,4104,N,21.6666666666667,0,202
3254,14,1.19399175,287,3411,N,23.3333333333333,0,202
3937,15,1.29383775,311,3254,N,25,0,202
4785,16,1.314639,316,3937,N,26.6666666666667,0,202
4640,17,1.3562415,326,4785,N,28.3333333333333,0,202
5165,18,1.3728825,330,4640,N,30,0,202
4778,19,1.41032475,339,5165,N,31.6666666666667,0,202
5122,20,1.381203,332,4778,N,33.3333333333333,0,202
4787,21,1.5892155,382,5122,N,35,0,202
5391,22,1.6641,400,4787,N,36.6666666666667,0,202
4848,23,1.77642675,427,5391,N,38.3333333333333,0,202
6430,24,1.880433,452,4848,N,40,0,202
5881,25,2.0052405,482,6430,N,41.6666666666667,0,202
5640,26,1.79306775,431,5881,N,43.3333333333333,0,202
6013,27,2.2548555,542,5640,N,45,0,202
6059,28,1.231434,296,6013,Y,46.6666666666667,1,202
6078,29,1.2397545,298,6059,N,48.3333333333333,1,202
5983,30,1.3728825,330,6078,N,50,1,202
6616,31,1.35208125,325,5983,N,51.6666666666667,1,202
7766,32,1.431126,344,6616,N,53.3333333333333,1,202
7304,33,1.41864525,341,7766,N,55,1,202
6777,34,1.4893695,358,7304,N,56.6666666666667,1,202
7238,35,1.45192725,349,6777,N,58.3333333333333,1,202
7325,36,1.65993975,399,7238,N,60,1,202
7132,37,1.75146525,421,7325,N,61.6666666666667,1,202
7307,38,1.99692,480,7132,N,63.3333333333333,1,202
7950,39,2.00108025,481,7307,N,65,1,202
8124,40,1.99275975,479,7950,N,66.6666666666667,1,202
8597,41,1.94283675,467,8124,N,68.3333333333333,1,202
9239,42,1.963638,472,8597,N,70,1,202
8511,43,1.91787525,461,9239,N,71.6666666666667,1,202
8299,44,2.25069525,541,8511,N,73.3333333333333,1,202
9155,45,1.10246625,265,8299,Y,75,2,202
9062,46,1.431126,344,9155,N,76.6666666666667,2,202
9526,47,1.447767,348,9062,N,78.3333333333333,2,202
10552,48,1.59337575,383,9526,N,80,2,202
9858,49,2.046843,492,10552,N,81.6666666666667,2,202
10866,50,1.963638,472,9858,N,83.3333333333333,2,202
9976,51,2.20909275,531,10866,N,85,2,202
10264,52,2.462868,592,9976,N,86.6666666666667,2,202
9813,54,2.34222075,563,10264,N,90,2,202
11713,55,1.2896775,310,9813,Y,91.6666666666667,3,202
11990,56,1.46024775,351,11713,N,93.3333333333333,3,202
11854,57,1.214793,292,11990,N,95,3,202
12484,58,1.464408,352,11854,N,96.6666666666667,3,202
11832,59,1.264716,304,12484,N,98.3333333333333,3,202
11694,60,1.3562415,326,11832,N,100,3,202
11880,61,1.49769,360,11694,N,101.666666666667,3,202
12419,62,1.980279,476,11880,N,103.333333333333,3,202
13868,63,2.02604175,487,12419,N,105,3,202
13870,64,0.94437675,227,13868,Y,106.666666666667,4,202
14547,65,0.93605625,225,13870,N,108.333333333333,4,202
13073,66,1.16903025,281,14547,N,110,4,202
14811,67,1.30215825,313,13073,N,111.666666666667,4,202
14842,68,1.2397545,298,14811,N,113.333333333333,4,202
13988,69,1.53513225,369,14842,N,115,4,202
14824,70,1.514331,364,13988,N,116.666666666667,4,202
3074,0,1.16070975,279,NA,N,0,0,203
2858,1,1.1399085,274,3074,N,1.66666666666667,0,203
2773,2,1.214793,292,2858,N,3.33333333333333,0,203
2993,3,1.25223525,301,2773,N,5,0,203
3102,4,1.2730365,306,2993,N,6.66666666666667,0,203
2870,5,1.397844,336,3102,N,8.33333333333333,0,203
2121,6,1.464408,352,2870,N,10,0,203
2944,7,1.381203,332,2121,N,11.6666666666667,0,203
3936,8,1.447767,348,2944,N,13.3333333333333,0,203
4135,9,1.44360675,347,3936,N,15,0,203
4188,10,1.5060105,362,4135,N,16.6666666666667,0,203
4016,11,1.46856825,353,4188,N,18.3333333333333,0,203
4260,12,1.46856825,353,4016,N,20,0,203
3741,13,1.48520925,357,4260,N,21.6666666666667,0,203
3490,14,1.57673475,379,3741,N,23.3333333333333,0,203
4271,15,1.564254,376,3490,N,25,0,203
5032,16,1.63497825,393,4271,N,26.6666666666667,0,203
4926,17,1.65161925,397,5032,N,28.3333333333333,0,203
5216,18,1.6641,400,4926,N,30,0,203
5042,19,1.73482425,417,5216,N,31.6666666666667,0,203
5284,20,1.75978575,423,5042,N,33.3333333333333,0,203
5084,21,1.780587,428,5284,N,35,0,203
5447,22,1.76810625,425,5084,N,36.6666666666667,0,203
5131,23,1.780587,428,5447,N,38.3333333333333,0,203
6513,24,1.847151,444,5131,N,40,0,203
6135,25,1.91787525,461,6513,N,41.6666666666667,0,203
5692,26,1.9053945,458,6135,N,43.3333333333333,0,203
6415,27,1.930356,464,5692,N,45,0,203
6346,28,1.980279,476,6415,N,46.6666666666667,0,203
6316,29,2.10092625,505,6346,N,48.3333333333333,0,203
6274,30,2.113407,508,6316,N,50,0,203
6670,31,2.03436225,489,6274,N,51.6666666666667,0,203
7821,32,2.19245175,527,6670,N,53.3333333333333,0,203
7577,33,2.2049325,530,7821,N,55,0,203
6851,34,2.30893875,555,7577,N,56.6666666666667,0,203
7552,35,2.3547015,566,6851,N,58.3333333333333,0,203
7675,36,2.35886175,567,7552,N,60,0,203
7363,37,2.42542575,583,7675,N,61.6666666666667,0,203
7557,38,2.46702825,593,7363,N,63.3333333333333,0,203
8007,39,2.56687425,617,7557,N,65,0,203
8182,40,2.462868,592,8007,N,66.6666666666667,0,203
8750,41,2.4545475,590,8182,N,68.3333333333333,0,203
9300,42,2.46702825,593,8750,N,70,0,203
8692,43,2.412945,580,9300,N,71.6666666666667,0,203
8459,44,2.54191275,611,8692,N,73.3333333333333,0,203
9123,45,2.54191275,611,8459,N,75,0,203
8988,46,2.5710345,618,9123,N,76.6666666666667,0,203
9493,47,2.862252,688,8988,N,78.3333333333333,0,203
10644,48,2.94129675,707,9493,N,80,0,203
10017,49,2.93297625,705,10644,N,81.6666666666667,0,203
10916,50,3.07442475,739,10017,N,83.3333333333333,0,203
10053,51,1.49769,360,10916,Y,85,1,203
10313,52,1.49352975,359,10053,N,86.6666666666667,1,203
10691,53,1.51017075,363,10313,N,88.3333333333333,1,203
9912,54,1.55177325,373,10691,N,90,1,203
12056,55,1.65993975,399,9912,N,91.6666666666667,1,203
12365,56,1.7389845,418,12056,N,93.3333333333333,1,203
12341,57,1.847151,444,12365,N,95,1,203
12663,58,2.0385225,490,12341,N,96.6666666666667,1,203
12243,59,2.030202,488,12663,N,98.3333333333333,1,203
12057,60,2.12588775,511,12243,N,100,1,203
12209,61,2.179971,524,12057,N,101.666666666667,1,203
12643,62,2.5211115,606,12209,N,103.333333333333,1,203
14072,63,2.7041625,650,12643,N,105,1,203
13811,64,2.81648925,677,14072,N,106.666666666667,1,203
14458,65,3.10770675,747,13811,N,108.333333333333,1,203
13052,66,3.08274525,741,14458,N,110,1,203
14325,67,1.62665775,391,13052,Y,111.666666666667,2,203
14319,68,1.564254,376,14325,N,113.333333333333,2,203
13412,69,1.85131125,445,14319,N,115,2,203
14181,70,2.00108025,481,13412,N,116.666666666667,2,203
2296,0,0.91109475,219,NA,N,0,0,204
2348,1,0.93605625,225,2296,N,1.66666666666667,0,204
2321,2,0.94437675,227,2348,N,3.33333333333333,0,204
2435,3,0.96101775,231,2321,N,5,0,204
2523,4,1.01094075,243,2435,N,6.66666666666667,0,204
2441,5,1.081665,260,2523,N,8.33333333333333,0,204
2036,6,1.1399085,274,2441,N,10,0,204
2327,7,1.15238925,277,2036,N,11.6666666666667,0,204
3431,8,1.18567125,285,2327,N,13.3333333333333,0,204
3630,9,1.1898315,286,3431,N,15,0,204
3780,10,1.1565495,278,3630,N,16.6666666666667,0,204
3513,11,1.148229,276,3780,N,18.3333333333333,0,204
3898,12,1.248075,300,3513,N,20,0,204
3292,13,1.24391475,299,3898,N,21.6666666666667,0,204
3173,14,1.347921,324,3292,N,23.3333333333333,0,204
3716,15,1.40200425,337,3173,N,25,0,204
4523,16,1.46024775,351,3716,N,26.6666666666667,0,204
4507,17,1.464408,352,4523,N,28.3333333333333,0,204
4592,18,1.51849125,365,4507,N,30,0,204
4404,19,1.4560875,350,4592,N,31.6666666666667,0,204
4790,20,1.50185025,361,4404,N,33.3333333333333,0,204
4574,21,1.46856825,353,4790,N,35,0,204
5359,22,1.5559335,374,4574,N,36.6666666666667,0,204
4577,23,1.56009375,375,5359,N,38.3333333333333,0,204
6385,24,1.5892155,382,4577,N,40,0,204
5735,25,1.714023,412,6385,N,41.6666666666667,0,204
5608,26,1.72650375,415,5735,N,43.3333333333333,0,204
5852,27,1.71818325,413,5608,N,45,0,204
5897,28,1.94283675,467,5852,N,46.6666666666667,0,204
5901,29,2.01772125,485,5897,N,48.3333333333333,0,204
5826,30,2.16333,520,5901,N,50,0,204
6582,31,2.25069525,541,5826,N,51.6666666666667,0,204
7713,32,2.47534875,595,6582,N,53.3333333333333,0,204
7159,33,2.296458,552,7713,N,55,0,204
6746,34,2.76656625,665,7159,N,56.6666666666667,0,204
7087,35,2.57519475,619,6746,N,58.3333333333333,0,204
7175,36,1.3728825,330,7087,Y,60,1,204
6952,37,1.40200425,337,7175,N,61.6666666666667,1,204
7173,38,1.4893695,358,6952,N,63.3333333333333,1,204
7918,39,1.52681175,367,7173,N,65,1,204
8092,40,1.6058565,386,7918,N,66.6666666666667,1,204
8536,41,1.79306775,431,8092,N,68.3333333333333,1,204
9212,42,1.81802925,437,8536,N,70,1,204
8427,43,1.81802925,437,9212,N,71.6666666666667,1,204
8271,44,1.95947775,471,8427,N,73.3333333333333,1,204
8971,45,1.94283675,467,8271,N,75,1,204
8768,46,2.09260575,503,8971,N,76.6666666666667,1,204
9390,47,2.3047785,554,8768,N,78.3333333333333,1,204
10454,48,2.3879835,574,9390,N,80,1,204
9702,49,2.65839975,639,10454,N,81.6666666666667,1,204
10812,50,2.712483,652,9702,N,83.3333333333333,1,204
9811,51,1.36872225,329,10812,Y,85,2,204
10204,52,1.48520925,357,9811,N,86.6666666666667,2,204
10483,53,1.51849125,365,10204,N,88.3333333333333,2,204
9641,54,1.65993975,399,10483,N,90,2,204
11362,55,1.6557795,398,9641,N,91.6666666666667,2,204
11581,56,1.813869,436,11362,N,93.3333333333333,2,204
11450,57,1.897074,456,11581,N,95,2,204
12044,58,2.013561,484,11450,N,96.6666666666667,2,204
11399,59,2.31725925,557,12044,N,98.3333333333333,2,204
11274,60,1.99692,480,11399,N,100,2,204
11495,61,1.780587,428,11274,N,101.666666666667,2,204
10980,62,2.679201,644,11495,N,103.333333333333,2,204
13417,63,1.3895235,334,10980,Y,105,3,204
13096,64,1.3895235,334,13417,N,106.666666666667,3,204
12881,65,1.464408,352,13096,N,108.333333333333,3,204
12733,66,1.56009375,375,12881,N,110,3,204
14416,67,1.60169625,385,12733,N,111.666666666667,3,204
14429,68,1.730664,416,14416,N,113.333333333333,3,204
13529,69,2.146689,516,14429,N,115,3,204
14283,70,2.030202,488,13529,N,116.666666666667,3,204
2608,0,1.5392925,370,NA,N,0,0,205
3857,9,1.7223435,414,2608,N,15,0,205
4004,10,1.780587,428,3857,N,16.6666666666667,0,205
3709,11,1.88459325,453,4004,N,18.3333333333333,0,205
4112,12,1.730664,416,3709,N,20,0,205
3424,13,1.963638,472,4112,N,21.6666666666667,0,205
3260,14,1.91787525,461,3424,N,23.3333333333333,0,205
3950,15,2.1550095,518,3260,N,25,0,205
4798,16,2.20909275,531,3950,N,26.6666666666667,0,205
4653,17,2.2215735,534,4798,N,28.3333333333333,0,205
5167,18,2.462868,592,4653,N,30,0,205
4794,19,1.21895325,293,5167,Y,31.6666666666667,1,205
5133,20,1.3063185,314,4794,N,33.3333333333333,1,205
4801,21,1.4727285,354,5133,N,35,1,205
5394,22,1.36872225,329,4801,N,36.6666666666667,1,205
4864,23,1.547613,372,5394,N,38.3333333333333,1,205
6437,24,1.56841425,377,4864,N,40,1,205
5892,25,1.6724205,402,6437,N,41.6666666666667,1,205
5642,26,1.67658075,403,5892,N,43.3333333333333,1,205
6023,27,1.7889075,430,5642,N,45,1,205
6083,28,1.90123425,457,6023,N,46.6666666666667,1,205
6093,29,1.930356,464,6083,N,48.3333333333333,1,205
6000,30,2.0884455,502,6093,N,50,1,205
6619,31,2.346381,564,6000,N,51.6666666666667,1,205
7768,32,2.27565675,547,6619,N,53.3333333333333,1,205
7313,33,2.396304,576,7768,N,55,1,205
6780,34,1.34376075,323,7313,Y,56.6666666666667,2,205
7254,35,1.4394465,346,6780,N,58.3333333333333,2,205
7365,36,1.42696575,343,7254,N,60,2,205
7147,37,1.4560875,350,7365,N,61.6666666666667,2,205
7317,38,1.39368375,335,7147,N,63.3333333333333,2,205
7953,39,1.51017075,363,7317,N,65,2,205
8127,40,1.50185025,361,7953,N,66.6666666666667,2,205
8599,41,1.630818,392,8127,N,68.3333333333333,2,205
9241,42,1.66826025,401,8599,N,70,2,205
8521,43,1.6391385,394,9241,N,71.6666666666667,2,205
8305,44,1.8221895,438,8521,N,73.3333333333333,2,205
9046,45,1.68490125,405,8305,N,75,2,205
8853,46,1.89291375,455,9046,N,76.6666666666667,2,205
9426,47,1.880433,452,8853,N,78.3333333333333,2,205
10519,48,1.99692,480,9426,N,80,2,205
9817,49,1.963638,472,10519,N,81.6666666666667,2,205
10848,50,1.91787525,461,9817,N,83.3333333333333,2,205
9957,51,2.046843,492,10848,N,85,2,205
10244,52,1.9053945,458,9957,N,86.6666666666667,2,205
10561,53,2.05100325,493,10244,N,88.3333333333333,2,205
9756,54,2.14252875,515,10561,N,90,2,205
11579,55,2.1716505,522,9756,N,91.6666666666667,2,205
11826,56,2.363022,568,11579,N,93.3333333333333,2,205
11697,57,2.8206495,678,11826,N,95,2,205
12328,58,3.00786075,723,11697,N,96.6666666666667,2,205
11644,59,2.84145075,683,12328,N,98.3333333333333,2,205
11558,60,3.461328,832,11644,N,100,2,205
11695,61,2.04268275,491,11558,Y,101.666666666667,3,205
12268,62,1.88459325,453,11695,N,103.333333333333,3,205
2608,0,1.5392925,370,NA,N,0,0,206
3857,9,1.7223435,414,2608,N,15,0,206
4004,10,1.780587,428,3857,N,16.6666666666667,0,206
3709,11,1.88459325,453,4004,N,18.3333333333333,0,206
4112,12,1.730664,416,3709,N,20,0,206
3424,13,1.963638,472,4112,N,21.6666666666667,0,206
3260,14,1.91787525,461,3424,N,23.3333333333333,0,206
3950,15,2.1550095,518,3260,N,25,0,206
4798,16,2.20909275,531,3950,N,26.6666666666667,0,206
4653,17,2.2215735,534,4798,N,28.3333333333333,0,206
5167,18,2.462868,592,4653,N,30,0,206
4794,19,1.21895325,293,5167,Y,31.6666666666667,1,206
5133,20,1.3063185,314,4794,N,33.3333333333333,1,206
4801,21,1.4727285,354,5133,N,35,1,206
5394,22,1.36872225,329,4801,N,36.6666666666667,1,206
4864,23,1.547613,372,5394,N,38.3333333333333,1,206
6437,24,1.56841425,377,4864,N,40,1,206
5892,25,1.6724205,402,6437,N,41.6666666666667,1,206
5642,26,1.67658075,403,5892,N,43.3333333333333,1,206
6023,27,1.7889075,430,5642,N,45,1,206
6083,28,1.90123425,457,6023,N,46.6666666666667,1,206
6093,29,1.930356,464,6083,N,48.3333333333333,1,206
6000,30,2.0884455,502,6093,N,50,1,206
6619,31,2.346381,564,6000,N,51.6666666666667,1,206
7768,32,2.27565675,547,6619,N,53.3333333333333,1,206
7313,33,2.396304,576,7768,N,55,1,206
6779,34,0.965178,232,7313,Y,56.6666666666667,2,206
7248,35,0.92773575,223,6779,N,58.3333333333333,2,206
7359,36,1.21895325,293,7248,N,60,2,206
7143,37,1.2730365,306,7359,N,61.6666666666667,2,206
7314,38,1.20231225,289,7143,N,63.3333333333333,2,206
7952,39,1.33544025,321,7314,N,65,2,206
8126,40,1.2896775,310,7952,N,66.6666666666667,2,206
8600,41,1.4727285,354,8126,N,68.3333333333333,2,206
9242,42,1.464408,352,8600,N,70,2,206
8524,43,1.56841425,377,9242,N,71.6666666666667,2,206
8303,44,1.464408,352,8524,N,73.3333333333333,2,206
9044,45,1.5392925,370,8303,N,75,2,206
8851,46,1.63497825,393,9044,N,76.6666666666667,2,206
9425,47,1.9053945,458,8851,N,78.3333333333333,2,206
10516,48,1.88459325,453,9425,N,80,2,206
9812,49,2.08428525,501,10516,N,81.6666666666667,2,206
10847,50,2.030202,488,9812,N,83.3333333333333,2,206
9956,51,1.76810625,425,10847,N,85,2,206
10331,52,2.14252875,515,9956,N,86.6666666666667,2,206
10749,53,2.23405425,537,10331,N,88.3333333333333,2,206
10090,54,1.0733445,258,10749,Y,90,3,206
12203,55,1.16903025,281,10090,N,91.6666666666667,3,206
12494,56,1.248075,300,12203,N,93.3333333333333,3,206
12463,57,1.381203,332,12494,N,95,3,206
12698,58,1.41864525,341,12463,N,96.6666666666667,3,206
12360,59,1.41032475,339,12698,N,98.3333333333333,3,206
12149,60,1.56841425,377,12360,N,100,3,206
12274,61,1.74314475,419,12149,N,101.666666666667,3,206
12674,62,1.59337575,383,12274,N,103.333333333333,3,206
3078,0,1.031742,248,NA,N,0,0,207
2868,1,0.91941525,221,3078,N,1.66666666666667,0,207
2900,2,0.99429975,239,2868,N,3.33333333333333,0,207
3003,3,1.07750475,259,2900,N,5,0,207
3104,4,0.99429975,239,3003,N,6.66666666666667,0,207
2909,5,1.081665,260,3104,N,8.33333333333333,0,207
2123,6,1.07750475,259,2909,N,10,0,207
2951,7,1.0567035,254,2123,N,11.6666666666667,0,207
3947,8,1.06918425,257,2951,N,13.3333333333333,0,207
4137,9,1.09414575,263,3947,N,15,0,207
4189,10,1.15238925,277,4137,N,16.6666666666667,0,207
4022,11,1.16070975,279,4189,N,18.3333333333333,0,207
4261,12,1.1731905,282,4022,N,20,0,207
3749,13,1.21895325,293,4261,N,21.6666666666667,0,207
3497,14,1.16903025,281,3749,N,23.3333333333333,0,207
4273,15,1.11910725,269,3497,N,25,0,207
5035,16,1.13574825,273,4273,N,26.6666666666667,0,207
4931,17,1.35208125,325,5035,N,28.3333333333333,0,207
5217,18,1.31879925,317,4931,N,30,0,207
5051,19,1.29383775,311,5217,N,31.6666666666667,0,207
5285,20,1.297998,312,5051,N,33.3333333333333,0,207
5105,21,1.297998,312,5285,N,35,0,207
5448,22,1.44360675,347,5105,N,36.6666666666667,0,207
5135,23,1.630818,392,5448,N,38.3333333333333,0,207
6514,24,1.43528625,345,5135,N,40,0,207
6140,25,1.4893695,358,6514,N,41.6666666666667,0,207
5693,26,1.64329875,395,6140,N,43.3333333333333,0,207
6417,27,1.7389845,418,5693,N,45,0,207
6348,28,1.82634975,439,6417,N,46.6666666666667,0,207
6317,29,1.91787525,461,6348,N,48.3333333333333,0,207
6279,30,1.9386765,466,6317,N,50,0,207
6671,31,1.8887535,454,6279,N,51.6666666666667,0,207
7822,32,1.99275975,479,6671,N,53.3333333333333,0,207
6853,34,1.897074,456,7822,N,56.6666666666667,0,207
7556,35,1.9220355,462,6853,N,58.3333333333333,0,207
7676,36,2.20909275,531,7556,N,60,0,207
7369,37,2.363022,568,7676,N,61.6666666666667,0,207
7564,38,2.5044705,602,7369,N,63.3333333333333,0,207
8009,39,1.17735075,283,7564,Y,65,1,207
8184,40,1.20231225,289,8009,N,66.6666666666667,1,207
8753,41,1.42696575,343,8184,N,68.3333333333333,1,207
9301,42,1.60169625,385,8753,N,70,1,207
8696,43,1.59337575,383,9301,N,71.6666666666667,1,207
8462,44,1.697382,408,8696,N,73.3333333333333,1,207
9124,45,1.747305,420,8462,N,75,1,207
8991,46,1.70154225,409,9124,N,76.6666666666667,1,207
9494,47,1.8388305,442,8991,N,78.3333333333333,1,207
10646,48,1.99692,480,9494,N,80,1,207
10019,49,2.013561,484,10646,N,81.6666666666667,1,207
10917,50,1.98443925,477,10019,N,83.3333333333333,1,207
10060,51,2.36718225,569,10917,N,85,1,207
10315,52,1.1066265,266,10060,Y,86.6666666666667,2,207
10700,53,1.248075,300,10315,N,88.3333333333333,2,207
9920,54,1.38536325,333,10700,N,90,2,207
12068,55,1.5060105,362,9920,N,91.6666666666667,2,207
12373,56,1.63497825,393,12068,N,93.3333333333333,2,207
12346,57,1.59337575,383,12373,N,95,2,207
12666,58,1.70986275,411,12346,N,96.6666666666667,2,207
12256,59,1.913715,460,12666,N,98.3333333333333,2,207
12071,60,1.597536,384,12256,N,100,2,207
12223,61,1.62665775,391,12071,N,101.666666666667,2,207
12647,62,2.063484,496,12223,N,103.333333333333,2,207
14079,63,2.06764425,497,12647,N,105,2,207
13818,64,2.179971,524,14079,N,106.666666666667,2,207
14468,65,2.229894,536,13818,N,108.333333333333,2,207
13054,66,2.0218815,486,14468,N,110,2,207
14778,67,1.065024,256,13054,Y,111.666666666667,3,207
14799,68,1.3063185,314,14778,N,113.333333333333,3,207
3080,0,0.8902935,214,NA,N,0,0,208
2871,1,0.881973,212,3080,N,1.66666666666667,0,208
2905,2,0.9069345,218,2871,N,3.33333333333333,0,208
3006,3,0.931896,224,2905,N,5,0,208
3105,4,0.9402165,226,3006,N,6.66666666666667,0,208
2911,5,0.98597925,237,3105,N,8.33333333333333,0,208
2125,6,0.99846,240,2911,N,10,0,208
2956,7,1.01926125,245,2125,N,11.6666666666667,0,208
3953,8,1.098306,264,2956,N,13.3333333333333,0,208
4153,9,1.015101,244,3953,N,15,0,208
4190,10,1.14406875,275,4153,N,16.6666666666667,0,208
4029,11,1.1232675,270,4190,N,18.3333333333333,0,208
4262,12,1.114947,268,4029,N,20,0,208
3755,13,1.1399085,274,4262,N,21.6666666666667,0,208
3509,14,1.181511,284,3755,N,23.3333333333333,0,208
4275,15,1.16903025,281,3509,N,25,0,208
5039,16,1.11910725,269,4275,N,26.6666666666667,0,208
4933,17,1.214793,292,5039,N,28.3333333333333,0,208
5219,18,1.148229,276,4933,N,30,0,208
5062,19,1.231434,296,5219,N,31.6666666666667,0,208
5288,20,1.21063275,291,5062,N,33.3333333333333,0,208
5113,21,1.41032475,339,5288,N,35,0,208
5450,22,1.14406875,275,5113,N,36.6666666666667,0,208
5143,23,1.31047875,315,5450,N,38.3333333333333,0,208
6516,24,1.264716,304,5143,N,40,0,208
6150,25,1.381203,332,6516,N,41.6666666666667,0,208
5695,26,1.77642675,427,6150,N,43.3333333333333,0,208
6422,27,1.72650375,415,5695,N,45,0,208
6354,28,2.013561,484,6422,N,46.6666666666667,0,208
6319,29,1.980279,476,6354,N,48.3333333333333,0,208
6283,30,2.2548555,542,6319,N,50,0,208
6672,31,1.0899855,262,6283,Y,51.6666666666667,1,208
7823,32,1.181511,284,6672,N,53.3333333333333,1,208
7580,33,1.26055575,303,7823,N,55,1,208
7376,37,1.21895325,293,7580,N,61.6666666666667,1,208
7570,38,1.33128,320,7376,N,63.3333333333333,1,208
8011,39,1.4228055,342,7570,N,65,1,208
8044,40,1.41864525,341,8011,N,66.6666666666667,1,208
8389,41,1.447767,348,8044,N,68.3333333333333,1,208
9159,42,1.49769,360,8389,N,70,1,208
8307,43,1.4727285,354,9159,N,71.6666666666667,1,208
8223,44,1.4394465,346,8307,N,73.3333333333333,1,208
8738,46,1.94283675,467,8223,N,76.6666666666667,1,208
9380,47,2.1716505,522,8738,N,78.3333333333333,1,208
10350,48,2.15084925,517,9380,N,80,1,208
9535,49,1.97611875,475,10350,N,81.6666666666667,1,208
10705,50,1.1399085,274,9535,Y,83.3333333333333,2,208
9654,51,1.0400625,250,10705,N,85,2,208
10141,52,1.181511,284,9654,N,86.6666666666667,2,208
10348,53,1.22727375,295,10141,N,88.3333333333333,2,208
9579,54,1.32711975,319,10348,N,90,2,208
10952,55,1.5392925,370,9579,N,91.6666666666667,2,208
11142,56,1.4228055,342,10952,N,93.3333333333333,2,208
11065,57,1.464408,352,11142,N,95,2,208
11669,58,1.5226515,366,11065,N,96.6666666666667,2,208
11008,59,1.5060105,362,11669,N,98.3333333333333,2,208
10962,60,1.75978575,423,11008,N,100,2,208
11066,61,1.8055485,434,10962,N,101.666666666667,2,208
11002,62,1.95115725,469,11066,N,103.333333333333,2,208
13430,63,1.980279,476,11002,N,105,2,208
13102,64,1.8887535,454,13430,N,106.666666666667,2,208
12901,65,2.03436225,489,13102,N,108.333333333333,2,208
12740,66,0.93605625,225,12901,Y,110,3,208
3080,0,0.8902935,214,NA,N,0,0,209
2871,1,0.881973,212,3080,N,1.66666666666667,0,209
2905,2,0.9069345,218,2871,N,3.33333333333333,0,209
3006,3,0.931896,224,2905,N,5,0,209
3105,4,0.9402165,226,3006,N,6.66666666666667,0,209
2911,5,0.98597925,237,3105,N,8.33333333333333,0,209
2125,6,0.99846,240,2911,N,10,0,209
2956,7,1.01926125,245,2125,N,11.6666666666667,0,209
3953,8,1.098306,264,2956,N,13.3333333333333,0,209
4153,9,1.015101,244,3953,N,15,0,209
4190,10,1.14406875,275,4153,N,16.6666666666667,0,209
4029,11,1.1232675,270,4190,N,18.3333333333333,0,209
4262,12,1.114947,268,4029,N,20,0,209
3755,13,1.1399085,274,4262,N,21.6666666666667,0,209
3509,14,1.181511,284,3755,N,23.3333333333333,0,209
4275,15,1.16903025,281,3509,N,25,0,209
5039,16,1.11910725,269,4275,N,26.6666666666667,0,209
4933,17,1.214793,292,5039,N,28.3333333333333,0,209
5219,18,1.148229,276,4933,N,30,0,209
5062,19,1.231434,296,5219,N,31.6666666666667,0,209
5288,20,1.21063275,291,5062,N,33.3333333333333,0,209
5113,21,1.41032475,339,5288,N,35,0,209
5450,22,1.14406875,275,5113,N,36.6666666666667,0,209
5143,23,1.31047875,315,5450,N,38.3333333333333,0,209
6516,24,1.264716,304,5143,N,40,0,209
6150,25,1.381203,332,6516,N,41.6666666666667,0,209
5695,26,1.77642675,427,6150,N,43.3333333333333,0,209
6422,27,1.72650375,415,5695,N,45,0,209
6354,28,2.013561,484,6422,N,46.6666666666667,0,209
6319,29,1.980279,476,6354,N,48.3333333333333,0,209
6283,30,2.2548555,542,6319,N,50,0,209
6672,31,1.0899855,262,6283,Y,51.6666666666667,1,209
7823,32,1.181511,284,6672,N,53.3333333333333,1,209
7580,33,1.26055575,303,7823,N,55,1,209
7376,37,1.21895325,293,7580,N,61.6666666666667,1,209
7570,38,1.33128,320,7376,N,63.3333333333333,1,209
8011,39,1.4228055,342,7570,N,65,1,209
8044,40,1.41864525,341,8011,N,66.6666666666667,1,209
8389,41,1.447767,348,8044,N,68.3333333333333,1,209
9159,42,1.49769,360,8389,N,70,1,209
8307,43,1.4727285,354,9159,N,71.6666666666667,1,209
8223,44,1.4394465,346,8307,N,73.3333333333333,1,209
8738,46,1.94283675,467,8223,N,76.6666666666667,1,209
9380,47,2.1716505,522,8738,N,78.3333333333333,1,209
10350,48,2.15084925,517,9380,N,80,1,209
9535,49,1.97611875,475,10350,N,81.6666666666667,1,209
10706,50,1.08582525,261,9535,Y,83.3333333333333,2,209
9655,51,0.99846,240,10706,N,85,2,209
10142,52,1.098306,264,9655,N,86.6666666666667,2,209
10351,53,1.1898315,286,10142,N,88.3333333333333,2,209
9580,54,1.21895325,293,10351,N,90,2,209
10954,55,1.347921,324,9580,N,91.6666666666667,2,209
12204,56,1.31879925,317,10954,N,93.3333333333333,2,209
12224,57,1.39368375,335,12204,N,95,2,209
12628,58,1.5060105,362,12224,N,96.6666666666667,2,209
12104,59,1.464408,352,12628,N,98.3333333333333,2,209
11955,60,1.47688875,355,12104,N,100,2,209
12114,61,1.20231225,289,11955,N,101.666666666667,2,209
12605,62,1.630818,392,12114,N,103.333333333333,2,209
14006,63,1.8554715,446,12605,N,105,2,209
13746,64,1.82634975,439,14006,N,106.666666666667,2,209
14378,65,0.59491575,143,13746,Y,108.333333333333,3,209
13024,66,0.64483875,155,14378,N,110,3,209
2325,0,1.264716,304,NA,N,0,0,210
2373,1,1.36040175,327,2325,N,1.66666666666667,0,210
2337,2,1.33544025,321,2373,N,3.33333333333333,0,210
2463,3,1.4061645,338,2337,N,5,0,210
2539,4,1.42696575,343,2463,N,6.66666666666667,0,210
2468,5,1.49769,360,2539,N,8.33333333333333,0,210
2042,6,1.51017075,363,2468,N,10,0,210
2360,7,1.5725745,378,2042,N,11.6666666666667,0,210
3465,8,1.53513225,369,2360,N,13.3333333333333,0,210
3663,9,1.60169625,385,3465,N,15,0,210
3816,10,1.597536,384,3663,N,16.6666666666667,0,210
3542,11,1.56009375,375,3816,N,18.3333333333333,0,210
3951,12,1.630818,392,3542,N,20,0,210
3308,13,1.7057025,410,3951,N,21.6666666666667,0,210
3182,14,1.50185025,361,3308,N,23.3333333333333,0,210
3753,15,1.62665775,391,3182,N,25,0,210
4554,16,1.65161925,397,3753,N,26.6666666666667,0,210
4539,17,1.88459325,453,4554,N,28.3333333333333,0,210
4649,18,1.730664,416,4539,N,30,0,210
4626,19,2.05932375,495,4649,N,31.6666666666667,0,210
4833,20,2.15084925,517,4626,N,33.3333333333333,0,210
4606,21,2.35054125,565,4833,N,35,0,210
5364,22,2.546073,612,4606,N,36.6666666666667,0,210
4604,23,2.562714,616,5364,N,38.3333333333333,0,210
6394,24,1.26055575,303,4604,Y,40,1,210
5756,25,1.33544025,321,6394,N,41.6666666666667,1,210
5612,26,1.381203,332,5756,N,43.3333333333333,1,210
5877,27,1.42696575,343,5612,N,45,1,210
5920,28,1.564254,376,5877,N,46.6666666666667,1,210
5931,29,1.614177,388,5920,N,48.3333333333333,1,210
5855,30,1.8055485,434,5931,N,50,1,210
6587,31,1.7889075,430,5855,N,51.6666666666667,1,210
7719,32,1.97611875,475,6587,N,53.3333333333333,1,210
7180,33,2.0218815,486,7719,N,55,1,210
6751,34,1.99275975,479,7180,N,56.6666666666667,1,210
7110,35,1.79306775,431,6751,N,58.3333333333333,1,210
7193,36,2.296458,552,7110,N,60,1,210
6974,37,2.063484,496,7193,N,61.6666666666667,1,210
7186,38,2.3547015,566,6974,N,63.3333333333333,1,210
7922,39,2.396304,576,7186,N,65,1,210
8096,40,2.55023325,613,7922,N,66.6666666666667,1,210
8541,41,2.66672025,641,8096,N,68.3333333333333,1,210
9214,42,1.314639,316,8541,Y,70,2,210
8437,43,1.3396005,322,9214,N,71.6666666666667,2,210
8274,44,1.56009375,375,8437,N,73.3333333333333,2,210
8979,45,1.80138825,433,8274,N,75,2,210
8774,46,1.7889075,430,8979,N,76.6666666666667,2,210
9392,47,2.01772125,485,8774,N,78.3333333333333,2,210
10456,48,2.00108025,481,9392,N,80,2,210
9712,49,1.98443925,477,10456,N,81.6666666666667,2,210
10815,50,2.15916975,519,9712,N,83.3333333333333,2,210
9820,51,2.20077225,529,10815,N,85,2,210
10207,52,2.33390025,561,9820,N,86.6666666666667,2,210
10489,53,2.379663,572,10207,N,88.3333333333333,2,210
9644,54,2.58351525,621,10489,N,90,2,210
11379,55,2.66256,640,9644,N,91.6666666666667,2,210
11594,56,2.45038725,589,11379,N,93.3333333333333,2,210
11471,57,1.33128,320,11594,Y,95,3,210
12063,58,1.5892155,382,11471,N,96.6666666666667,3,210
2778,0,0.6906015,166,NA,N,0,0,211
2733,1,0.82788975,199,2778,N,1.66666666666667,0,211
2665,2,0.83621025,201,2733,N,3.33333333333333,0,211
2824,3,0.85285125,205,2665,N,5,0,211
3038,4,0.78628725,189,2824,N,6.66666666666667,0,211
2719,5,0.798768,192,3038,N,8.33333333333333,0,211
2090,6,0.8570115,206,2719,N,10,0,211
2805,7,0.881973,212,2090,N,11.6666666666667,0,211
3751,8,0.88613325,213,2805,N,13.3333333333333,0,211
3993,9,1.00262025,241,3751,N,15,0,211
4141,10,0.95269725,229,3993,N,16.6666666666667,0,211
3853,11,0.98597925,237,4141,N,18.3333333333333,0,211
4222,12,0.99429975,239,3853,N,20,0,211
3567,13,0.965178,232,4222,N,21.6666666666667,0,211
3344,14,1.00262025,241,3567,N,23.3333333333333,0,211
4077,15,1.065024,256,3344,N,25,0,211
4920,16,1.048383,252,4077,N,26.6666666666667,0,211
4791,17,1.10246625,265,4920,N,28.3333333333333,0,211
5192,18,1.08582525,261,4791,N,30,0,211
4922,19,1.15238925,277,5192,N,31.6666666666667,0,211
5258,20,1.10246625,265,4922,N,33.3333333333333,0,211
4918,21,1.11910725,269,5258,N,35,0,211
5416,22,1.1066265,266,4918,N,36.6666666666667,0,211
4978,23,1.27719675,307,5416,N,38.3333333333333,0,211
6484,24,1.23559425,297,4978,N,40,0,211
5981,25,1.2397545,298,6484,N,41.6666666666667,0,211
5659,26,1.6224975,390,5981,N,43.3333333333333,0,211
6123,27,1.5892155,382,5659,N,45,0,211
6185,28,1.78474725,429,6123,N,46.6666666666667,0,211
6188,29,0.8237295,198,6185,Y,48.3333333333333,1,211
6095,30,1.065024,256,6188,N,50,1,211
6639,31,1.181511,284,6095,N,51.6666666666667,1,211
7786,32,1.16487,280,6639,N,53.3333333333333,1,211
7465,33,1.18567125,285,7786,N,55,1,211
6800,34,1.364562,328,7465,N,56.6666666666667,1,211
7429,35,1.1066265,266,6800,N,58.3333333333333,1,211
7533,36,1.37704275,331,7429,N,60,1,211
8144,40,1.88459325,453,7533,N,66.6666666666667,1,211
8636,41,1.8721125,450,8144,N,68.3333333333333,1,211
9262,42,1.07750475,259,8636,Y,70,2,211
8575,43,1.081665,260,9262,N,71.6666666666667,2,211
8340,44,1.1898315,286,8575,N,73.3333333333333,2,211
9078,45,1.07750475,259,8340,N,75,2,211
8893,46,1.0400625,250,9078,N,76.6666666666667,2,211
9449,47,1.181511,284,8893,N,78.3333333333333,2,211
9869,49,1.297998,312,9449,N,81.6666666666667,2,211
10871,50,1.4727285,354,9869,N,83.3333333333333,2,211
9981,51,1.44360675,347,10871,N,85,2,211
10269,52,1.597536,384,9981,N,86.6666666666667,2,211
10615,53,1.45192725,349,10269,N,88.3333333333333,2,211
9825,54,1.49352975,359,10615,N,90,2,211
11763,55,1.414485,340,9825,N,91.6666666666667,2,211
12035,56,1.74314475,419,11763,N,93.3333333333333,2,211
11899,57,1.71818325,413,12035,N,95,2,211
12522,58,0.96101775,231,11899,Y,96.6666666666667,3,211
11873,59,0.8403705,202,12522,N,98.3333333333333,3,211
12291,62,1.15238925,277,11873,N,103.333333333333,3,211
13801,63,1.16903025,281,12291,N,105,3,211
13386,64,1.198152,288,13801,N,106.666666666667,3,211
13564,65,1.27719675,307,13386,N,108.333333333333,3,211
12878,66,1.39368375,335,13564,N,110,3,211
14664,67,1.4727285,354,12878,N,111.666666666667,3,211
14667,68,1.61833725,389,14664,N,113.333333333333,3,211
13771,69,1.647459,396,14667,N,115,3,211
14642,70,1.747305,420,13771,N,116.666666666667,3,211
2620,0,1.33544025,321,NA,N,0,0,212
2640,1,1.20231225,289,2620,N,1.66666666666667,0,212
2607,2,1.22727375,295,2640,N,3.33333333333333,0,212
2745,3,1.3728825,330,2607,N,5,0,212
2907,4,1.34376075,323,2745,N,6.66666666666667,0,212
2570,5,1.36872225,329,2907,N,8.33333333333333,0,212
2076,6,1.3562415,326,2570,N,10,0,212
2614,7,1.41032475,339,2076,N,11.6666666666667,0,212
3665,8,1.49352975,359,2614,N,13.3333333333333,0,212
3900,9,1.44360675,347,3665,N,15,0,212
4049,10,1.4893695,358,3900,N,16.6666666666667,0,212
3744,11,1.4893695,358,4049,N,18.3333333333333,0,212
4139,12,1.564254,376,3744,N,20,0,212
3462,13,1.55177325,373,4139,N,21.6666666666667,0,212
3280,14,1.60169625,385,3462,N,23.3333333333333,0,212
3989,15,1.78474725,429,3280,N,25,0,212
4829,16,1.714023,412,3989,N,26.6666666666667,0,212
4681,17,1.730664,416,4829,N,28.3333333333333,0,212
5173,18,1.8554715,446,4681,N,30,0,212
4830,19,1.81802925,437,5173,N,31.6666666666667,0,212
5154,20,1.730664,416,4830,N,33.3333333333333,0,212
5056,23,0.881973,212,5154,Y,38.3333333333333,1,212
6499,24,0.9568575,230,5056,N,40,1,212
6063,25,1.131588,272,6499,N,41.6666666666667,1,212
5675,26,1.10246625,265,6063,N,43.3333333333333,1,212
6199,27,1.12742775,271,5675,N,45,1,212
6264,28,1.131588,272,6199,N,46.6666666666667,1,212
6275,29,1.198152,288,6264,N,48.3333333333333,1,212
6189,30,1.1565495,278,6275,N,50,1,212
6656,31,1.33544025,321,6189,N,51.6666666666667,1,212
7805,32,1.33128,320,6656,N,53.3333333333333,1,212
7534,33,1.3562415,326,7805,N,55,1,212
6823,34,1.364562,328,7534,N,56.6666666666667,1,212
7500,35,1.747305,420,6823,N,58.3333333333333,1,212
7649,36,1.6391385,394,7500,N,60,1,212
7295,37,1.5392925,370,7649,N,61.6666666666667,1,212
7496,38,1.714023,412,7295,N,63.3333333333333,1,212
7991,39,1.8388305,442,7496,N,65,1,212
8166,40,1.88459325,453,7991,N,66.6666666666667,1,212
8709,41,2.07596475,499,8166,N,68.3333333333333,1,212
9284,42,0.848691,204,8709,Y,70,2,212
8645,43,0.98597925,237,9284,N,71.6666666666667,2,212
8402,44,1.36872225,329,8645,N,73.3333333333333,2,212
9104,45,1.25223525,301,8402,N,75,2,212
8950,46,1.2730365,306,9104,N,76.6666666666667,2,212
2630,0,1.5559335,374,NA,N,0,0,213
2652,1,1.61833725,389,2630,N,1.66666666666667,0,213
2617,2,1.65161925,397,2652,N,3.33333333333333,0,213
2748,3,1.63497825,393,2617,N,5,0,213
2920,4,1.76810625,425,2748,N,6.66666666666667,0,213
2578,5,1.8887535,454,2920,N,8.33333333333333,0,213
2078,6,1.98443925,477,2578,N,10,0,213
2628,7,1.9386765,466,2078,N,11.6666666666667,0,213
3673,8,0.948537,228,2628,Y,13.3333333333333,1,213
3909,9,0.9235755,222,3673,N,15,1,213
4079,10,0.96101775,231,3909,N,16.6666666666667,1,213
3760,11,1.06086375,255,4079,N,18.3333333333333,1,213
4193,12,1.07750475,259,3760,N,20,1,213
3479,13,1.15238925,277,4193,N,21.6666666666667,1,213
3293,14,1.07750475,259,3479,N,23.3333333333333,1,213
4010,15,1.081665,260,3293,N,25,1,213
4845,16,1.06918425,257,4010,N,26.6666666666667,1,213
4693,17,1.131588,272,4845,N,28.3333333333333,1,213
5176,18,1.1232675,270,4693,N,30,1,213
4847,19,1.23559425,297,5176,N,31.6666666666667,1,213
5157,20,1.16903025,281,4847,N,33.3333333333333,1,213
4841,21,1.23559425,297,5157,N,35,1,213
5400,22,1.314639,316,4841,N,36.6666666666667,1,213
4902,23,1.3063185,314,5400,N,38.3333333333333,1,213
6471,24,1.364562,328,4902,N,40,1,213
5928,25,1.36872225,329,6471,N,41.6666666666667,1,213
5649,26,1.4560875,350,5928,N,43.3333333333333,1,213
6055,27,1.481049,356,5649,N,45,1,213
6124,28,1.564254,376,6055,N,46.6666666666667,1,213
6127,29,1.647459,396,6124,N,48.3333333333333,1,213
6034,30,1.8055485,434,6127,N,50,1,213
6627,31,1.730664,416,6034,N,51.6666666666667,1,213
7776,32,2.296458,552,6627,N,53.3333333333333,1,213
7343,33,1.930356,464,7776,N,55,1,213
6789,34,1.99692,480,7343,N,56.6666666666667,1,213
7477,36,1.114947,268,6789,Y,60,2,213
7182,37,1.148229,276,7477,N,61.6666666666667,2,213
7344,38,1.0733445,258,7182,N,63.3333333333333,2,213
7960,39,0.97765875,235,7344,N,65,2,213
8135,40,1.32711975,319,7960,N,66.6666666666667,2,213
2630,0,1.5559335,374,NA,N,0,0,214
2652,1,1.61833725,389,2630,N,1.66666666666667,0,214
2617,2,1.65161925,397,2652,N,3.33333333333333,0,214
2748,3,1.63497825,393,2617,N,5,0,214
2920,4,1.76810625,425,2748,N,6.66666666666667,0,214
2578,5,1.8887535,454,2920,N,8.33333333333333,0,214
2078,6,1.98443925,477,2578,N,10,0,214
2628,7,1.9386765,466,2078,N,11.6666666666667,0,214
3673,8,0.948537,228,2628,Y,13.3333333333333,1,214
3909,9,0.9235755,222,3673,N,15,1,214
4079,10,0.96101775,231,3909,N,16.6666666666667,1,214
3760,11,1.06086375,255,4079,N,18.3333333333333,1,214
4193,12,1.07750475,259,3760,N,20,1,214
3479,13,1.15238925,277,4193,N,21.6666666666667,1,214
3293,14,1.07750475,259,3479,N,23.3333333333333,1,214
4010,15,1.081665,260,3293,N,25,1,214
4845,16,1.06918425,257,4010,N,26.6666666666667,1,214
4693,17,1.131588,272,4845,N,28.3333333333333,1,214
5176,18,1.1232675,270,4693,N,30,1,214
4847,19,1.23559425,297,5176,N,31.6666666666667,1,214
5157,20,1.16903025,281,4847,N,33.3333333333333,1,214
4841,21,1.23559425,297,5157,N,35,1,214
5400,22,1.314639,316,4841,N,36.6666666666667,1,214
4902,23,1.3063185,314,5400,N,38.3333333333333,1,214
6471,24,1.364562,328,4902,N,40,1,214
5928,25,1.36872225,329,6471,N,41.6666666666667,1,214
5649,26,1.4560875,350,5928,N,43.3333333333333,1,214
6055,27,1.481049,356,5649,N,45,1,214
6124,28,1.564254,376,6055,N,46.6666666666667,1,214
6127,29,1.647459,396,6124,N,48.3333333333333,1,214
6034,30,1.8055485,434,6127,N,50,1,214
6627,31,1.730664,416,6034,N,51.6666666666667,1,214
7776,32,2.296458,552,6627,N,53.3333333333333,1,214
7343,33,1.930356,464,7776,N,55,1,214
6789,34,1.99692,480,7343,N,56.6666666666667,1,214
7688,36,0.91109475,219,6789,Y,60,2,214
7414,37,0.981819,236,7688,N,61.6666666666667,2,214
7597,38,1.031742,248,7414,N,63.3333333333333,2,214
8021,39,0.93605625,225,7597,N,65,2,214
8198,40,1.214793,292,8021,N,66.6666666666667,2,214
8793,41,1.231434,296,8198,N,68.3333333333333,2,214
9315,42,1.148229,276,8793,N,70,2,214
8749,43,1.21895325,293,9315,N,71.6666666666667,2,214
8503,44,1.2896775,310,8749,N,73.3333333333333,2,214
9137,45,1.40200425,337,8503,N,75,2,214
9020,46,1.46856825,353,9137,N,76.6666666666667,2,214
9506,47,1.49769,360,9020,N,78.3333333333333,2,214
10684,48,1.58505525,381,9506,N,80,2,214
10043,49,1.5725745,378,10684,N,81.6666666666667,2,214
10928,50,1.963638,472,10043,N,83.3333333333333,2,214
10119,51,2.146689,516,10928,N,85,2,214
10330,52,2.046843,492,10119,N,86.6666666666667,2,214
10746,53,2.1716505,522,10330,N,88.3333333333333,2,214
10088,54,2.05100325,493,10746,N,90,2,214
12186,55,0.948537,228,10088,Y,91.6666666666667,3,214
12482,56,1.15238925,277,12186,N,93.3333333333333,3,214
12450,57,1.1731905,282,12482,N,95,3,214
2630,0,1.5559335,374,NA,N,0,0,215
2652,1,1.61833725,389,2630,N,1.66666666666667,0,215
2617,2,1.65161925,397,2652,N,3.33333333333333,0,215
2748,3,1.63497825,393,2617,N,5,0,215
2920,4,1.76810625,425,2748,N,6.66666666666667,0,215
2578,5,1.8887535,454,2920,N,8.33333333333333,0,215
2078,6,1.98443925,477,2578,N,10,0,215
2628,7,1.9386765,466,2078,N,11.6666666666667,0,215
3679,8,1.031742,248,2628,Y,13.3333333333333,1,215
3913,9,0.9069345,218,3679,N,15,1,215
4083,10,0.965178,232,3913,N,16.6666666666667,1,215
3765,11,0.99846,240,4083,N,18.3333333333333,1,215
4194,12,1.02758175,247,3765,N,20,1,215
3485,13,1.0067805,242,4194,N,21.6666666666667,1,215
3295,14,1.015101,244,3485,N,23.3333333333333,1,215
4005,15,1.0067805,242,3295,N,25,1,215
4849,16,1.11078675,267,4005,N,26.6666666666667,1,215
4716,17,1.015101,244,4849,N,28.3333333333333,1,215
5177,18,1.05254325,253,4716,N,30,1,215
4851,19,1.09414575,263,5177,N,31.6666666666667,1,215
5158,20,1.0733445,258,4851,N,33.3333333333333,1,215
4846,21,1.114947,268,5158,N,35,1,215
5401,22,1.30215825,313,4846,N,36.6666666666667,1,215
4908,23,1.364562,328,5401,N,38.3333333333333,1,215
6470,24,1.32711975,319,4908,N,40,1,215
5921,25,1.3229595,318,6470,N,41.6666666666667,1,215
5648,26,1.3229595,318,5921,N,43.3333333333333,1,215
6060,27,1.42696575,343,5648,N,45,1,215
6119,28,1.3063185,314,6060,N,46.6666666666667,1,215
6125,29,1.33544025,321,6119,N,48.3333333333333,1,215
6029,30,1.42696575,343,6125,N,50,1,215
6626,31,1.41032475,339,6029,N,51.6666666666667,1,215
7775,32,1.63497825,393,6626,N,53.3333333333333,1,215
7339,33,1.5725745,378,7775,N,55,1,215
6788,34,1.56009375,375,7339,N,56.6666666666667,1,215
7402,35,1.57673475,379,6788,N,58.3333333333333,1,215
7467,36,1.74314475,419,7402,N,60,1,215
7172,37,1.680741,404,7467,N,61.6666666666667,1,215
7335,38,1.78474725,429,7172,N,63.3333333333333,1,215
7958,39,1.8221895,438,7335,N,65,1,215
8132,40,1.9386765,466,7958,N,66.6666666666667,1,215
8607,41,1.98443925,477,8132,N,68.3333333333333,1,215
9247,42,2.00940075,483,8607,N,70,1,215
8539,43,2.2049325,530,9247,N,71.6666666666667,1,215
8315,44,2.279817,548,8539,N,73.3333333333333,1,215
9056,45,2.37550275,571,8315,N,75,1,215
8858,46,1.28551725,309,9056,Y,76.6666666666667,2,215
9431,47,1.4061645,338,8858,N,78.3333333333333,2,215
10529,48,1.4560875,350,9431,N,80,2,215
9832,49,1.514331,364,10529,N,81.6666666666667,2,215
10854,50,1.69322175,407,9832,N,83.3333333333333,2,215
9965,51,1.5559335,374,10854,N,85,2,215
10252,52,1.5559335,374,9965,N,86.6666666666667,2,215
10574,53,1.5559335,374,10252,N,88.3333333333333,2,215
9773,54,1.6890615,406,10574,N,90,2,215
11616,55,1.7556255,422,9773,N,91.6666666666667,2,215
11871,56,1.88459325,453,11616,N,93.3333333333333,2,215
11735,57,1.86795225,449,11871,N,95,2,215
12377,58,2.0884455,502,11735,N,96.6666666666667,2,215
11682,59,2.33390025,561,12377,N,98.3333333333333,2,215
11592,60,2.73328425,657,11682,N,100,2,215
11740,61,2.99538,720,11592,N,101.666666666667,2,215
12212,62,1.4893695,358,11740,Y,103.333333333333,3,215
13769,63,1.57673475,379,12212,N,105,3,215
13361,64,1.87627275,451,13769,N,106.666666666667,3,215
13512,65,1.88459325,453,13361,N,108.333333333333,3,215
12853,66,2.0218815,486,13512,N,110,3,215
14637,67,1.963638,472,12853,N,111.666666666667,3,215
14632,68,2.31725925,557,14637,N,113.333333333333,3,215
13923,69,2.10924675,507,14632,N,115,3,215
14787,70,2.20077225,529,13923,N,116.666666666667,3,215
2645,0,1.16903025,281,NA,N,0,0,216
2654,1,1.2397545,298,2645,N,1.66666666666667,0,216
2624,2,1.26887625,305,2654,N,3.33333333333333,0,216
2750,3,1.347921,324,2624,N,5,0,216
2989,4,1.38536325,333,2750,N,6.66666666666667,0,216
2606,5,1.397844,336,2989,N,8.33333333333333,0,216
2079,6,1.40200425,337,2606,N,10,0,216
2633,7,1.4727285,354,2079,N,11.6666666666667,0,216
3685,8,1.564254,376,2633,N,13.3333333333333,0,216
3919,9,1.24391475,299,3685,N,15,0,216
4087,10,1.54345275,371,3919,N,16.6666666666667,0,216
3772,11,1.5226515,366,4087,N,18.3333333333333,0,216
4195,12,1.630818,392,3772,N,20,0,216
3491,13,1.7389845,418,4195,N,21.6666666666667,0,216
3299,14,1.52681175,367,3491,N,23.3333333333333,0,216
4017,15,1.797228,432,3299,N,25,0,216
4854,16,1.8388305,442,4017,N,26.6666666666667,0,216
4725,17,1.6724205,402,4854,N,28.3333333333333,0,216
5178,18,1.68490125,405,4725,N,30,0,216
4857,19,1.73482425,417,5178,N,31.6666666666667,0,216
5159,20,1.8554715,446,4857,N,33.3333333333333,0,216
4853,21,1.930356,464,5159,N,35,0,216
5402,22,1.8221895,438,4853,N,36.6666666666667,0,216
4914,23,1.897074,456,5402,N,38.3333333333333,0,216
6472,24,1.797228,432,4914,N,40,0,216
5934,25,1.763946,424,6472,N,41.6666666666667,0,216
5650,26,1.8221895,438,5934,N,43.3333333333333,0,216
6068,27,1.92619575,463,5650,N,45,0,216
6133,28,1.6391385,394,6068,N,46.6666666666667,0,216
6139,29,1.96779825,473,6133,N,48.3333333333333,0,216
6043,30,1.97611875,475,6139,N,50,0,216
6628,31,2.07596475,499,6043,N,51.6666666666667,0,216
7777,32,2.10092625,505,6628,N,53.3333333333333,0,216
7348,33,1.99275975,479,7777,N,55,0,216
6790,34,1.9220355,462,7348,N,56.6666666666667,0,216
7405,35,1.946997,468,6790,N,58.3333333333333,0,216
7474,36,2.29229775,551,7405,N,60,0,216
7179,37,2.313099,556,7474,N,61.6666666666667,0,216
7340,38,2.246535,540,7179,N,63.3333333333333,0,216
7959,39,2.146689,516,7340,N,65,0,216
8134,40,2.5044705,602,7959,N,66.6666666666667,0,216
8610,41,2.40046425,577,8134,N,68.3333333333333,0,216
9251,42,2.64175875,635,8610,N,70,0,216
8548,43,2.6875215,646,9251,N,71.6666666666667,0,216
8318,44,2.645919,636,8548,N,73.3333333333333,0,216
9061,45,1.18567125,285,8318,Y,75,1,216
8866,46,1.25223525,301,9061,N,76.6666666666667,1,216
9435,47,1.37704275,331,8866,N,78.3333333333333,1,216
10534,48,1.49769,360,9435,N,80,1,216
9837,49,1.57673475,379,10534,N,81.6666666666667,1,216
10857,50,1.6724205,402,9837,N,83.3333333333333,1,216
9968,51,1.747305,420,10857,N,85,1,216
10255,52,1.79306775,431,9968,N,86.6666666666667,1,216
10581,53,1.99692,480,10255,N,88.3333333333333,1,216
9782,54,1.9220355,462,10581,N,90,1,216
11637,55,2.00940075,483,9782,N,91.6666666666667,1,216
11897,56,2.06764425,497,11637,N,93.3333333333333,1,216
11753,57,2.15916975,519,11897,N,95,1,216
12392,58,2.35054125,565,11753,N,96.6666666666667,1,216
11709,59,0.86117175,207,12392,Y,98.3333333333333,2,216
2645,0,1.16903025,281,NA,N,0,0,217
2654,1,1.2397545,298,2645,N,1.66666666666667,0,217
2624,2,1.26887625,305,2654,N,3.33333333333333,0,217
2750,3,1.347921,324,2624,N,5,0,217
2989,4,1.38536325,333,2750,N,6.66666666666667,0,217
2606,5,1.397844,336,2989,N,8.33333333333333,0,217
2079,6,1.40200425,337,2606,N,10,0,217
2633,7,1.4727285,354,2079,N,11.6666666666667,0,217
3685,8,1.564254,376,2633,N,13.3333333333333,0,217
3919,9,1.24391475,299,3685,N,15,0,217
4087,10,1.54345275,371,3919,N,16.6666666666667,0,217
3772,11,1.5226515,366,4087,N,18.3333333333333,0,217
4195,12,1.630818,392,3772,N,20,0,217
3491,13,1.7389845,418,4195,N,21.6666666666667,0,217
3299,14,1.52681175,367,3491,N,23.3333333333333,0,217
4017,15,1.797228,432,3299,N,25,0,217
4854,16,1.8388305,442,4017,N,26.6666666666667,0,217
4725,17,1.6724205,402,4854,N,28.3333333333333,0,217
5178,18,1.68490125,405,4725,N,30,0,217
4857,19,1.73482425,417,5178,N,31.6666666666667,0,217
5159,20,1.8554715,446,4857,N,33.3333333333333,0,217
4853,21,1.930356,464,5159,N,35,0,217
5402,22,1.8221895,438,4853,N,36.6666666666667,0,217
4914,23,1.897074,456,5402,N,38.3333333333333,0,217
6472,24,1.797228,432,4914,N,40,0,217
5934,25,1.763946,424,6472,N,41.6666666666667,0,217
5650,26,1.8221895,438,5934,N,43.3333333333333,0,217
6068,27,1.92619575,463,5650,N,45,0,217
6133,28,1.6391385,394,6068,N,46.6666666666667,0,217
6139,29,1.96779825,473,6133,N,48.3333333333333,0,217
6043,30,1.97611875,475,6139,N,50,0,217
6628,31,2.07596475,499,6043,N,51.6666666666667,0,217
7777,32,2.10092625,505,6628,N,53.3333333333333,0,217
7348,33,1.99275975,479,7777,N,55,0,217
6790,34,1.9220355,462,7348,N,56.6666666666667,0,217
7405,35,1.946997,468,6790,N,58.3333333333333,0,217
7474,36,2.29229775,551,7405,N,60,0,217
7179,37,2.313099,556,7474,N,61.6666666666667,0,217
7340,38,2.246535,540,7179,N,63.3333333333333,0,217
7959,39,2.146689,516,7340,N,65,0,217
8134,40,2.5044705,602,7959,N,66.6666666666667,0,217
8610,41,2.40046425,577,8134,N,68.3333333333333,0,217
9251,42,2.64175875,635,8610,N,70,0,217
8548,43,2.6875215,646,9251,N,71.6666666666667,0,217
8318,44,2.645919,636,8548,N,73.3333333333333,0,217
9061,45,1.18567125,285,8318,Y,75,1,217
8866,46,1.25223525,301,9061,N,76.6666666666667,1,217
9435,47,1.37704275,331,8866,N,78.3333333333333,1,217
10534,48,1.49769,360,9435,N,80,1,217
9837,49,1.57673475,379,10534,N,81.6666666666667,1,217
10857,50,1.6724205,402,9837,N,83.3333333333333,1,217
9968,51,1.747305,420,10857,N,85,1,217
10255,52,1.79306775,431,9968,N,86.6666666666667,1,217
10581,53,1.99692,480,10255,N,88.3333333333333,1,217
9782,54,1.9220355,462,10581,N,90,1,217
11637,55,2.00940075,483,9782,N,91.6666666666667,1,217
11897,56,2.06764425,497,11637,N,93.3333333333333,1,217
11753,57,2.15916975,519,11897,N,95,1,217
12392,58,2.35054125,565,11753,N,96.6666666666667,1,217
11717,59,1.23559425,297,12392,Y,98.3333333333333,2,217
11597,60,1.3562415,326,11717,N,100,2,217
11778,61,1.431126,344,11597,N,101.666666666667,2,217
12335,62,1.63497825,393,11778,N,103.333333333333,2,217
13822,63,1.7057025,410,12335,N,105,2,217
13616,64,1.930356,464,13822,N,106.666666666667,2,217
13593,65,1.8721125,450,13616,N,108.333333333333,2,217
12891,66,1.87627275,451,13593,N,110,2,217
14669,67,2.03436225,489,12891,N,111.666666666667,2,217
14674,68,1.0899855,262,14669,Y,113.333333333333,3,217
13777,69,1.01926125,245,14674,N,115,3,217
14651,70,1.2231135,294,13777,N,116.666666666667,3,217
2186,0,0.7405245,178,NA,N,0,0,218
2146,1,0.7571655,182,2186,N,1.66666666666667,0,218
2171,2,0.8070885,194,2146,N,3.33333333333333,0,218
2225,3,0.8070885,194,2171,N,5,0,218
2177,4,0.865332,208,2225,N,6.66666666666667,0,218
2350,5,0.86949225,209,2177,N,8.33333333333333,0,218
2009,6,1.0067805,242,2350,N,10,0,218
2198,7,0.97765875,235,2009,N,11.6666666666667,0,218
3320,8,1.01926125,245,2198,N,13.3333333333333,0,218
3475,9,0.96933825,233,3320,N,15,0,218
3228,10,0.8902935,214,3475,N,16.6666666666667,0,218
3368,11,0.865332,208,3228,N,18.3333333333333,0,218
3697,12,0.9901395,238,3368,N,20,0,218
3198,13,1.0067805,242,3697,N,21.6666666666667,0,218
3142,14,1.01926125,245,3198,N,23.3333333333333,0,218
3487,15,1.0400625,250,3142,N,25,0,218
4350,16,1.04422275,251,3487,N,26.6666666666667,0,218
4337,17,1.03590225,249,4350,N,28.3333333333333,0,218
4455,18,1.06086375,255,4337,N,30,0,218
4335,19,1.11910725,269,4455,N,31.6666666666667,0,218
4627,20,1.15238925,277,4335,N,33.3333333333333,0,218
4403,21,1.2231135,294,4627,N,35,0,218
5311,22,1.29383775,311,4403,N,36.6666666666667,0,218
4312,23,1.4394465,346,5311,N,38.3333333333333,0,218
5536,24,1.4061645,338,4312,N,40,0,218
5502,25,1.397844,336,5536,N,41.6666666666667,0,218
5496,26,1.5226515,366,5502,N,43.3333333333333,0,218
5583,27,1.8554715,446,5496,N,45,0,218
5734,28,1.56009375,375,5583,N,46.6666666666667,0,218
5573,29,1.9719585,474,5734,N,48.3333333333333,0,218
5524,30,1.82634975,439,5573,N,50,0,218
6545,31,0.931896,224,5524,Y,51.6666666666667,1,218
7007,32,0.881973,212,6545,N,53.3333333333333,1,218
6924,33,0.965178,232,7007,N,55,1,218
6708,34,1.00262025,241,6924,N,56.6666666666667,1,218
6897,35,0.81124875,195,6708,N,58.3333333333333,1,218
6944,36,1.17735075,283,6897,N,60,1,218
6839,37,1.06918425,257,6944,N,61.6666666666667,1,218
6938,38,1.16487,280,6839,N,63.3333333333333,1,218
7876,39,1.1232675,270,6938,N,65,1,218
8049,40,1.33128,320,7876,N,66.6666666666667,1,218
8400,41,1.31047875,315,8049,N,68.3333333333333,1,218
9163,42,1.4394465,346,8400,N,70,1,218
8314,43,1.62665775,391,9163,N,71.6666666666667,1,218
8352,44,1.29383775,311,8314,Y,73.3333333333333,2,218
9083,45,1.31879925,317,8352,N,75,2,218
8909,46,1.38536325,333,9083,N,76.6666666666667,2,218
9455,47,1.43528625,345,8909,N,78.3333333333333,2,218
10573,48,1.3895235,334,9455,N,80,2,218
9883,49,1.40200425,337,10573,N,81.6666666666667,2,218
10877,50,1.314639,316,9883,N,83.3333333333333,2,218
9987,51,1.32711975,319,10877,N,85,2,218
10275,52,1.44360675,347,9987,N,86.6666666666667,2,218
10629,53,1.481049,356,10275,N,88.3333333333333,2,218
9838,54,1.5392925,370,10629,N,90,2,218
11800,55,1.51017075,363,9838,N,91.6666666666667,2,218
12075,56,1.66826025,401,11800,N,93.3333333333333,2,218
11958,57,1.79306775,431,12075,N,95,2,218
12561,58,1.78474725,429,11958,N,96.6666666666667,2,218
11927,59,2.16749025,521,12561,N,98.3333333333333,2,218
11768,60,2.0884455,502,11927,N,100,2,218
11959,61,2.12588775,511,11768,N,101.666666666667,2,218
12485,62,2.1383685,514,11959,N,103.333333333333,2,218
13925,63,2.3713425,570,12485,N,105,2,218
13684,64,2.49615,600,13925,N,106.666666666667,2,218
14280,65,0.86117175,207,13684,Y,108.333333333333,3,218
12949,66,0.81124875,195,14280,N,110,3,218
14239,67,0.915255,220,12949,N,111.666666666667,3,218
2457,0,1.09414575,263,NA,N,0,0,219
2402,1,1.1565495,278,2457,N,1.66666666666667,0,219
2452,2,1.098306,264,2402,N,3.33333333333333,0,219
2509,3,1.231434,296,2452,N,5,0,219
2579,4,1.281357,308,2509,N,6.66666666666667,0,219
2497,5,1.181511,284,2579,N,8.33333333333333,0,219
2053,6,1.281357,308,2497,N,10,0,219
2459,7,1.2730365,306,2053,N,11.6666666666667,0,219
3553,8,1.264716,304,2459,N,13.3333333333333,0,219
3746,9,1.06086375,255,3553,N,15,0,219
3905,10,1.198152,288,3746,N,16.6666666666667,0,219
3614,11,1.3229595,318,3905,N,18.3333333333333,0,219
4035,12,1.29383775,311,3614,N,20,0,219
3361,13,1.31879925,317,4035,N,21.6666666666667,0,219
3215,14,1.36040175,327,3361,N,23.3333333333333,0,219
3851,15,1.40200425,337,3215,N,25,0,219
4623,16,1.514331,364,3851,N,26.6666666666667,0,219
4594,17,1.564254,376,4623,N,28.3333333333333,0,219
4719,18,1.61001675,387,4594,N,30,0,219
4695,19,1.580895,380,4719,N,31.6666666666667,0,219
5060,20,2.04268275,491,4695,N,33.3333333333333,0,219
4669,21,1.913715,460,5060,N,35,0,219
5376,22,1.97611875,475,4669,N,36.6666666666667,0,219
4765,23,2.0052405,482,5376,N,38.3333333333333,0,219
6411,24,2.28397725,549,4765,N,40,0,219
5813,25,2.712483,652,6411,N,41.6666666666667,0,219
5626,26,2.5876755,622,5813,N,43.3333333333333,0,219
5943,27,2.54191275,611,5626,N,45,0,219
5984,28,2.5543935,614,5943,N,46.6666666666667,0,219
6006,29,2.679201,644,5984,N,48.3333333333333,0,219
5938,30,1.33544025,321,6006,Y,50,1,219
6604,31,1.25223525,301,5938,N,51.6666666666667,1,219
7755,32,1.347921,324,6604,N,53.3333333333333,1,219
7256,33,1.2563955,302,7755,N,55,1,219
6767,34,1.431126,344,7256,N,56.6666666666667,1,219
7195,35,1.4893695,358,6767,N,58.3333333333333,1,219
7281,36,1.5725745,378,7195,N,60,1,219
7078,37,1.6641,400,7281,N,61.6666666666667,1,219
7258,38,1.730664,416,7078,N,63.3333333333333,1,219
7939,39,1.7389845,418,7258,N,65,1,219
8114,40,1.8221895,438,7939,N,66.6666666666667,1,219
8580,41,2.1050865,506,8114,N,68.3333333333333,1,219
9228,42,2.0884455,502,8580,N,70,1,219
8477,43,2.18413125,525,9228,N,71.6666666666667,1,219
8288,44,2.279817,548,8477,N,73.3333333333333,1,219
9012,45,1.21063275,291,8288,Y,75,2,219
8821,46,1.2064725,290,9012,N,76.6666666666667,2,219
9409,47,1.381203,332,8821,N,78.3333333333333,2,219
10484,48,1.31047875,315,9409,N,80,2,219
9755,49,1.3396005,322,10484,N,81.6666666666667,2,219
10830,50,1.30215825,313,9755,N,83.3333333333333,2,219
9922,51,1.31047875,315,10830,N,85,2,219
10226,52,1.414485,340,9922,N,86.6666666666667,2,219
10525,53,1.44360675,347,10226,N,88.3333333333333,2,219
9694,54,1.49769,360,10525,N,90,2,219
11482,55,1.60169625,385,9694,N,91.6666666666667,2,219
11685,56,1.564254,376,11482,N,93.3333333333333,2,219
11567,57,1.55177325,373,11685,N,95,2,219
11909,58,1.714023,412,11567,N,96.6666666666667,2,219
11247,59,1.85131125,445,11909,N,98.3333333333333,2,219
11130,60,1.980279,476,11247,N,100,2,219
11312,61,1.7722665,426,11130,N,101.666666666667,2,219
11260,62,2.2215735,534,11312,N,103.333333333333,2,219
13601,63,2.2215735,534,11260,N,105,2,219
13907,64,1.9386765,466,13601,N,106.666666666667,2,219
14576,65,0.90277425,217,13907,Y,108.333333333333,3,219
2695,0,1.07750475,259,NA,N,0,0,220
2662,1,1.2397545,298,2695,N,1.66666666666667,0,220
2647,2,1.2397545,298,2662,N,3.33333333333333,0,220
2762,3,1.23559425,297,2647,N,5,0,220
3013,4,1.314639,316,2762,N,6.66666666666667,0,220
2629,5,1.33128,320,3013,N,8.33333333333333,0,220
2082,6,1.34376075,323,2629,N,10,0,220
2709,7,1.3728825,330,2082,N,11.6666666666667,0,220
3707,8,1.4560875,350,2709,N,13.3333333333333,0,220
3940,9,1.41864525,341,3707,N,15,0,220
4106,10,1.397844,336,3940,N,16.6666666666667,0,220
3792,11,1.37704275,331,4106,N,18.3333333333333,0,220
4199,12,1.56009375,375,3792,N,20,0,220
3511,13,1.4061645,338,4199,N,21.6666666666667,0,220
3310,14,1.41864525,341,3511,N,23.3333333333333,0,220
4040,15,1.54345275,371,3310,N,25,0,220
4876,16,1.4727285,354,4040,N,26.6666666666667,0,220
4740,17,1.51849125,365,4876,N,28.3333333333333,0,220
5183,18,1.56009375,375,4740,N,30,0,220
4883,19,1.5392925,370,5183,N,31.6666666666667,0,220
5247,20,1.64329875,395,4883,N,33.3333333333333,0,220
4874,21,1.89291375,455,5247,N,35,0,220
5407,22,2.0218815,486,4874,N,36.6666666666667,0,220
4935,23,2.29229775,551,5407,N,38.3333333333333,0,220
6475,24,2.24237475,539,4935,N,40,0,220
5944,25,2.48366925,597,6475,N,41.6666666666667,0,220
5652,26,2.45038725,589,5944,N,43.3333333333333,0,220
6080,27,1.36040175,327,5652,Y,45,1,220
6141,28,1.26055575,303,6080,N,46.6666666666667,1,220
6152,29,1.46024775,351,6141,N,48.3333333333333,1,220
6057,30,1.37704275,331,6152,N,50,1,220
6631,31,1.38536325,333,6057,N,51.6666666666667,1,220
7779,32,1.530972,368,6631,N,53.3333333333333,1,220
7360,33,1.614177,388,7779,N,55,1,220
6793,34,1.58505525,381,7360,N,56.6666666666667,1,220
7416,35,1.6890615,406,6793,N,58.3333333333333,1,220
7509,36,1.99692,480,7416,N,60,1,220
7197,37,1.75978575,423,7509,N,61.6666666666667,1,220
7358,38,1.96779825,473,7197,N,63.3333333333333,1,220
7963,39,2.00108025,481,7358,N,65,1,220
8139,40,2.21741325,533,7963,N,66.6666666666667,1,220
8621,41,2.19245175,527,8139,N,68.3333333333333,1,220
9255,42,2.446227,588,8621,N,70,1,220
8564,43,1.0733445,258,9255,Y,71.6666666666667,2,220
8328,44,1.0733445,258,8564,N,73.3333333333333,2,220
9068,45,1.3063185,314,8328,N,75,2,220
2695,0,1.07750475,259,NA,N,0,0,221
2662,1,1.2397545,298,2695,N,1.66666666666667,0,221
2647,2,1.2397545,298,2662,N,3.33333333333333,0,221
2762,3,1.23559425,297,2647,N,5,0,221
3013,4,1.314639,316,2762,N,6.66666666666667,0,221
2629,5,1.33128,320,3013,N,8.33333333333333,0,221
2082,6,1.34376075,323,2629,N,10,0,221
2709,7,1.3728825,330,2082,N,11.6666666666667,0,221
3707,8,1.4560875,350,2709,N,13.3333333333333,0,221
3940,9,1.41864525,341,3707,N,15,0,221
4106,10,1.397844,336,3940,N,16.6666666666667,0,221
3792,11,1.37704275,331,4106,N,18.3333333333333,0,221
4199,12,1.56009375,375,3792,N,20,0,221
3511,13,1.4061645,338,4199,N,21.6666666666667,0,221
3310,14,1.41864525,341,3511,N,23.3333333333333,0,221
4040,15,1.54345275,371,3310,N,25,0,221
4876,16,1.4727285,354,4040,N,26.6666666666667,0,221
4740,17,1.51849125,365,4876,N,28.3333333333333,0,221
5183,18,1.56009375,375,4740,N,30,0,221
4883,19,1.5392925,370,5183,N,31.6666666666667,0,221
5247,20,1.64329875,395,4883,N,33.3333333333333,0,221
4874,21,1.89291375,455,5247,N,35,0,221
5407,22,2.0218815,486,4874,N,36.6666666666667,0,221
4935,23,2.29229775,551,5407,N,38.3333333333333,0,221
6475,24,2.24237475,539,4935,N,40,0,221
5944,25,2.48366925,597,6475,N,41.6666666666667,0,221
5652,26,2.45038725,589,5944,N,43.3333333333333,0,221
6080,27,1.36040175,327,5652,Y,45,1,221
6141,28,1.26055575,303,6080,N,46.6666666666667,1,221
6152,29,1.46024775,351,6141,N,48.3333333333333,1,221
6057,30,1.37704275,331,6152,N,50,1,221
6631,31,1.38536325,333,6057,N,51.6666666666667,1,221
7779,32,1.530972,368,6631,N,53.3333333333333,1,221
7360,33,1.614177,388,7779,N,55,1,221
6793,34,1.58505525,381,7360,N,56.6666666666667,1,221
7416,35,1.6890615,406,6793,N,58.3333333333333,1,221
7509,36,1.99692,480,7416,N,60,1,221
7197,37,1.75978575,423,7509,N,61.6666666666667,1,221
7358,38,1.96779825,473,7197,N,63.3333333333333,1,221
7963,39,2.00108025,481,7358,N,65,1,221
8139,40,2.21741325,533,7963,N,66.6666666666667,1,221
8621,41,2.19245175,527,8139,N,68.3333333333333,1,221
9255,42,2.446227,588,8621,N,70,1,221
8562,43,1.23559425,297,9255,Y,71.6666666666667,2,221
8326,44,1.3562415,326,8562,N,73.3333333333333,2,221
9067,45,1.38536325,333,8326,N,75,2,221
8876,46,1.52681175,367,9067,N,76.6666666666667,2,221
9440,47,1.62665775,391,8876,N,78.3333333333333,2,221
10543,48,1.6641,400,9440,N,80,2,221
9850,49,1.6557795,398,10543,N,81.6666666666667,2,221
10862,50,1.73482425,417,9850,N,83.3333333333333,2,221
9973,51,1.847151,444,10862,N,85,2,221
10260,52,1.980279,476,9973,N,86.6666666666667,2,221
10591,53,2.09260575,503,10260,N,88.3333333333333,2,221
9799,54,2.16333,520,10591,N,90,2,221
11672,55,2.47534875,595,9799,N,91.6666666666667,2,221
11929,56,2.56687425,617,11672,N,93.3333333333333,2,221
11786,57,2.7208035,654,11929,N,95,2,221
12428,58,2.68336125,645,11786,N,96.6666666666667,2,221
11750,59,1.2896775,310,12428,Y,98.3333333333333,3,221
11628,60,1.3562415,326,11750,N,100,3,221
11807,61,1.54345275,371,11628,N,101.666666666667,3,221
2695,0,1.07750475,259,NA,N,0,0,222
2662,1,1.2397545,298,2695,N,1.66666666666667,0,222
2647,2,1.2397545,298,2662,N,3.33333333333333,0,222
2762,3,1.23559425,297,2647,N,5,0,222
3013,4,1.314639,316,2762,N,6.66666666666667,0,222
2629,5,1.33128,320,3013,N,8.33333333333333,0,222
2082,6,1.34376075,323,2629,N,10,0,222
2709,7,1.3728825,330,2082,N,11.6666666666667,0,222
3707,8,1.4560875,350,2709,N,13.3333333333333,0,222
3940,9,1.41864525,341,3707,N,15,0,222
4106,10,1.397844,336,3940,N,16.6666666666667,0,222
3792,11,1.37704275,331,4106,N,18.3333333333333,0,222
4199,12,1.56009375,375,3792,N,20,0,222
3511,13,1.4061645,338,4199,N,21.6666666666667,0,222
3310,14,1.41864525,341,3511,N,23.3333333333333,0,222
4040,15,1.54345275,371,3310,N,25,0,222
4876,16,1.4727285,354,4040,N,26.6666666666667,0,222
4740,17,1.51849125,365,4876,N,28.3333333333333,0,222
5183,18,1.56009375,375,4740,N,30,0,222
4883,19,1.5392925,370,5183,N,31.6666666666667,0,222
5247,20,1.64329875,395,4883,N,33.3333333333333,0,222
4874,21,1.89291375,455,5247,N,35,0,222
5407,22,2.0218815,486,4874,N,36.6666666666667,0,222
4935,23,2.29229775,551,5407,N,38.3333333333333,0,222
6475,24,2.24237475,539,4935,N,40,0,222
5944,25,2.48366925,597,6475,N,41.6666666666667,0,222
5652,26,2.45038725,589,5944,N,43.3333333333333,0,222
6080,27,1.36040175,327,5652,Y,45,1,222
6141,28,1.26055575,303,6080,N,46.6666666666667,1,222
6152,29,1.46024775,351,6141,N,48.3333333333333,1,222
6057,30,1.37704275,331,6152,N,50,1,222
6631,31,1.38536325,333,6057,N,51.6666666666667,1,222
7779,32,1.530972,368,6631,N,53.3333333333333,1,222
7360,33,1.614177,388,7779,N,55,1,222
6793,34,1.58505525,381,7360,N,56.6666666666667,1,222
7416,35,1.6890615,406,6793,N,58.3333333333333,1,222
7509,36,1.99692,480,7416,N,60,1,222
7197,37,1.75978575,423,7509,N,61.6666666666667,1,222
7358,38,1.96779825,473,7197,N,63.3333333333333,1,222
7963,39,2.00108025,481,7358,N,65,1,222
8139,40,2.21741325,533,7963,N,66.6666666666667,1,222
8621,41,2.19245175,527,8139,N,68.3333333333333,1,222
9255,42,2.446227,588,8621,N,70,1,222
8562,43,1.23559425,297,9255,Y,71.6666666666667,2,222
8326,44,1.3562415,326,8562,N,73.3333333333333,2,222
9067,45,1.38536325,333,8326,N,75,2,222
8876,46,1.52681175,367,9067,N,76.6666666666667,2,222
9440,47,1.62665775,391,8876,N,78.3333333333333,2,222
10543,48,1.6641,400,9440,N,80,2,222
9850,49,1.6557795,398,10543,N,81.6666666666667,2,222
10862,50,1.73482425,417,9850,N,83.3333333333333,2,222
9973,51,1.847151,444,10862,N,85,2,222
10260,52,1.980279,476,9973,N,86.6666666666667,2,222
10591,53,2.09260575,503,10260,N,88.3333333333333,2,222
9799,54,2.16333,520,10591,N,90,2,222
11672,55,2.47534875,595,9799,N,91.6666666666667,2,222
11929,56,2.56687425,617,11672,N,93.3333333333333,2,222
11786,57,2.7208035,654,11929,N,95,2,222
12428,58,2.68336125,645,11786,N,96.6666666666667,2,222
11744,59,1.46024775,351,12428,Y,98.3333333333333,3,222
11623,60,1.70154225,409,11744,N,100,3,222
11799,61,1.714023,412,11623,N,101.666666666667,3,222
12383,62,1.85131125,445,11799,N,103.333333333333,3,222
13848,63,1.9220355,462,12383,N,105,3,222
13638,64,2.2382145,538,13848,N,106.666666666667,3,222
14237,65,2.20077225,529,13638,N,108.333333333333,3,222
12904,66,2.246535,540,14237,N,110,3,222
14198,67,2.5044705,602,12904,N,111.666666666667,3,222
14190,68,1.3396005,322,14198,Y,113.333333333333,4,222
13320,69,1.4727285,354,14190,N,115,4,222
3088,0,0.8902935,214,NA,N,0,0,223
2921,1,0.9734985,234,3088,N,1.66666666666667,0,223
2947,2,1.0067805,242,2921,N,3.33333333333333,0,223
3025,3,1.031742,248,2947,N,5,0,223
3110,4,1.06918425,257,3025,N,6.66666666666667,0,223
2979,5,1.131588,272,3110,N,8.33333333333333,0,223
2133,6,1.148229,276,2979,N,10,0,223
2967,7,1.09414575,263,2133,N,11.6666666666667,0,223
3976,8,1.131588,272,2967,N,13.3333333333333,0,223
4164,9,1.16903025,281,3976,N,15,0,223
4204,10,1.14406875,275,4164,N,16.6666666666667,0,223
4056,11,1.19399175,287,4204,N,18.3333333333333,0,223
4272,12,1.26887625,305,4056,N,20,0,223
3804,13,1.26055575,303,4272,N,21.6666666666667,0,223
3551,14,1.32711975,319,3804,N,23.3333333333333,0,223
4280,15,1.381203,332,3551,N,25,0,223
5050,16,1.40200425,337,4280,N,26.6666666666667,0,223
4950,17,1.38536325,333,5050,N,28.3333333333333,0,223
5224,18,1.3895235,334,4950,N,30,0,223
5081,19,1.40200425,337,5224,N,31.6666666666667,0,223
5293,20,1.3895235,334,5081,N,33.3333333333333,0,223
5136,21,1.42696575,343,5293,N,35,0,223
5456,22,1.464408,352,5136,N,36.6666666666667,0,223
5248,23,1.46024775,351,5456,N,38.3333333333333,0,223
6524,24,1.53513225,369,5248,N,40,0,223
6192,25,1.597536,384,6524,N,41.6666666666667,0,223
5701,26,1.65161925,397,6192,N,43.3333333333333,0,223
6450,27,1.597536,384,5701,N,45,0,223
6369,28,1.73482425,417,6450,N,46.6666666666667,0,223
6329,29,1.8221895,438,6369,N,48.3333333333333,0,223
6294,30,1.75146525,421,6329,N,50,0,223
6680,31,1.85963175,447,6294,N,51.6666666666667,0,223
7831,32,1.95947775,471,6680,N,53.3333333333333,0,223
7601,33,1.97611875,475,7831,N,55,0,223
6872,34,2.1882915,526,7601,N,56.6666666666667,0,223
7586,35,2.113407,508,6872,N,58.3333333333333,0,223
7685,36,2.43374625,585,7586,N,60,0,223
7403,37,2.25901575,543,7685,N,61.6666666666667,0,223
7591,38,2.612637,628,7403,N,63.3333333333333,0,223
8018,39,2.7374445,658,7591,N,65,0,223
8194,40,1.2563955,302,8018,Y,66.6666666666667,1,223
8782,41,1.314639,316,8194,N,68.3333333333333,1,223
9311,42,1.3562415,326,8782,N,70,1,223
8739,43,1.2896775,310,9311,N,71.6666666666667,1,223
8491,44,1.4394465,346,8739,N,73.3333333333333,1,223
9133,45,1.4061645,338,8491,N,75,1,223
9011,46,1.54345275,371,9133,N,76.6666666666667,1,223
9503,47,1.74314475,419,9011,N,78.3333333333333,1,223
10678,48,1.80970875,435,9503,N,80,1,223
10004,49,2.04268275,491,10678,N,81.6666666666667,1,223
10911,50,2.229894,536,10004,N,83.3333333333333,1,223
10040,51,2.21741325,533,10911,N,85,1,223
10307,52,2.36718225,569,10040,N,86.6666666666667,1,223
10677,53,2.35886175,567,10307,N,88.3333333333333,1,223
9893,54,2.57519475,619,10677,N,90,1,223
11141,55,1.231434,296,9893,Y,91.6666666666667,2,223
11295,56,1.2896775,310,11141,N,93.3333333333333,2,223
3112,0,1.1898315,286,NA,N,0,0,224
2928,1,1.314639,316,3112,N,1.66666666666667,0,224
2964,2,1.2896775,310,2928,N,3.33333333333333,0,224
3039,3,1.2896775,310,2964,N,5,0,224
3122,4,1.36040175,327,3039,N,6.66666666666667,0,224
3009,5,1.28551725,309,3122,N,8.33333333333333,0,224
2162,6,1.397844,336,3009,N,10,0,224
2985,7,1.48520925,357,2162,N,11.6666666666667,0,224
4003,8,1.3895235,334,2985,N,13.3333333333333,0,224
4173,9,1.49352975,359,4003,N,15,0,224
4210,10,1.547613,372,4173,N,16.6666666666667,0,224
4080,11,1.547613,372,4210,N,18.3333333333333,0,224
4291,12,1.49769,360,4080,N,20,0,224
3836,13,1.47688875,355,4291,N,21.6666666666667,0,224
3586,14,1.51849125,365,3836,N,23.3333333333333,0,224
4287,15,1.61833725,389,3586,N,25,0,224
5075,16,1.5725745,378,4287,N,26.6666666666667,0,224
4975,17,1.614177,388,5075,N,28.3333333333333,0,224
5229,18,1.6058565,386,4975,N,30,0,224
5100,19,1.6224975,390,5229,N,31.6666666666667,0,224
5299,20,1.763946,424,5100,N,33.3333333333333,0,224
5236,21,1.730664,416,5299,N,35,0,224
5462,22,1.880433,452,5236,N,36.6666666666667,0,224
5340,23,1.82634975,439,5462,N,38.3333333333333,0,224
6530,24,2.12588775,511,5340,N,40,0,224
6226,25,2.16749025,521,6530,N,41.6666666666667,0,224
5707,26,2.3713425,570,6226,N,43.3333333333333,0,224
6462,27,2.38382325,573,5707,N,45,0,224
6389,28,2.579355,620,6462,N,46.6666666666667,0,224
6349,29,1.36040175,327,6389,Y,48.3333333333333,1,224
6443,30,1.40200425,337,6349,N,50,1,224
6695,31,1.4061645,338,6443,N,51.6666666666667,1,224
7846,32,1.46024775,351,6695,N,53.3333333333333,1,224
7652,33,1.431126,344,7846,N,55,1,224
7052,34,1.5060105,362,7652,N,56.6666666666667,1,224
7733,35,1.65161925,397,7052,N,58.3333333333333,1,224
7861,36,1.73482425,417,7733,N,60,1,224
7436,37,1.8221895,438,7861,N,61.6666666666667,1,224
7617,38,1.99275975,479,7436,N,63.3333333333333,1,224
8031,39,2.05100325,493,7617,N,65,1,224
8211,40,2.1383685,514,8031,N,66.6666666666667,1,224
8832,41,2.18413125,525,8211,N,68.3333333333333,1,224
9328,42,2.37550275,571,8832,N,70,1,224
8794,43,2.4711885,594,9328,N,71.6666666666667,1,224
8538,44,2.7374445,658,8794,N,73.3333333333333,1,224
9148,45,2.87473275,691,8538,N,75,1,224
9043,46,1.57673475,379,9148,Y,76.6666666666667,2,224
9516,47,1.49352975,359,9043,N,78.3333333333333,2,224
10717,48,1.65993975,399,9516,N,80,2,224
3112,0,1.1898315,286,NA,N,0,0,225
2928,1,1.314639,316,3112,N,1.66666666666667,0,225
2964,2,1.2896775,310,2928,N,3.33333333333333,0,225
3039,3,1.2896775,310,2964,N,5,0,225
3122,4,1.36040175,327,3039,N,6.66666666666667,0,225
3009,5,1.28551725,309,3122,N,8.33333333333333,0,225
2162,6,1.397844,336,3009,N,10,0,225
2985,7,1.48520925,357,2162,N,11.6666666666667,0,225
4003,8,1.3895235,334,2985,N,13.3333333333333,0,225
4173,9,1.49352975,359,4003,N,15,0,225
4210,10,1.547613,372,4173,N,16.6666666666667,0,225
4080,11,1.547613,372,4210,N,18.3333333333333,0,225
4291,12,1.49769,360,4080,N,20,0,225
3836,13,1.47688875,355,4291,N,21.6666666666667,0,225
3586,14,1.51849125,365,3836,N,23.3333333333333,0,225
4287,15,1.61833725,389,3586,N,25,0,225
5075,16,1.5725745,378,4287,N,26.6666666666667,0,225
4975,17,1.614177,388,5075,N,28.3333333333333,0,225
5229,18,1.6058565,386,4975,N,30,0,225
5100,19,1.6224975,390,5229,N,31.6666666666667,0,225
5299,20,1.763946,424,5100,N,33.3333333333333,0,225
5236,21,1.730664,416,5299,N,35,0,225
5462,22,1.880433,452,5236,N,36.6666666666667,0,225
5340,23,1.82634975,439,5462,N,38.3333333333333,0,225
6530,24,2.12588775,511,5340,N,40,0,225
6226,25,2.16749025,521,6530,N,41.6666666666667,0,225
5707,26,2.3713425,570,6226,N,43.3333333333333,0,225
6462,27,2.38382325,573,5707,N,45,0,225
6389,28,2.579355,620,6462,N,46.6666666666667,0,225
6349,29,1.36040175,327,6389,Y,48.3333333333333,1,225
6443,30,1.40200425,337,6349,N,50,1,225
6695,31,1.4061645,338,6443,N,51.6666666666667,1,225
7846,32,1.46024775,351,6695,N,53.3333333333333,1,225
7652,33,1.431126,344,7846,N,55,1,225
7052,34,1.5060105,362,7652,N,56.6666666666667,1,225
7733,35,1.65161925,397,7052,N,58.3333333333333,1,225
7861,36,1.73482425,417,7733,N,60,1,225
7436,37,1.8221895,438,7861,N,61.6666666666667,1,225
7617,38,1.99275975,479,7436,N,63.3333333333333,1,225
8031,39,2.05100325,493,7617,N,65,1,225
8211,40,2.1383685,514,8031,N,66.6666666666667,1,225
8832,41,2.18413125,525,8211,N,68.3333333333333,1,225
9328,42,2.37550275,571,8832,N,70,1,225
8794,43,2.4711885,594,9328,N,71.6666666666667,1,225
8538,44,2.7374445,658,8794,N,73.3333333333333,1,225
9148,45,2.87473275,691,8538,N,75,1,225
9045,46,1.381203,332,9148,Y,76.6666666666667,2,225
9517,47,1.5559335,374,9045,N,78.3333333333333,2,225
10720,48,1.597536,384,9517,N,80,2,225
10062,49,1.714023,412,10720,N,81.6666666666667,2,225
10936,50,1.85131125,445,10062,N,83.3333333333333,2,225
10128,51,2.06764425,497,10936,N,85,2,225
10358,52,2.26733625,545,10128,N,86.6666666666667,2,225
10774,53,2.33390025,561,10358,N,88.3333333333333,2,225
10101,54,2.25901575,543,10774,N,90,2,225
12306,55,2.40046425,577,10101,N,91.6666666666667,2,225
12550,56,1.21063275,291,12306,Y,93.3333333333333,3,225
12535,57,1.27719675,307,12550,N,95,3,225
12717,58,1.30215825,313,12535,N,96.6666666666667,3,225
12438,59,1.49352975,359,12717,N,98.3333333333333,3,225
12540,60,1.4560875,350,12438,N,100,3,225
12358,61,1.49769,360,12540,N,101.666666666667,3,225
12699,62,1.77642675,427,12358,N,103.333333333333,3,225
14158,63,1.913715,460,12699,N,105,3,225
13883,64,2.0052405,482,14158,N,106.666666666667,3,225
14565,65,1.99275975,479,13883,N,108.333333333333,3,225
13078,66,1.9885995,478,14565,N,110,3,225
14380,67,2.063484,496,13078,N,111.666666666667,3,225
14399,68,2.213253,532,14380,N,113.333333333333,3,225
13471,69,1.015101,244,14399,Y,115,4,225
3114,0,1.880433,452,NA,N,0,0,226
2929,1,1.9719585,474,3114,N,1.66666666666667,0,226
2971,2,1.92619575,463,2929,N,3.33333333333333,0,226
3044,3,1.99692,480,2971,N,5,0,226
3124,4,1.09414575,263,3044,Y,6.66666666666667,1,226
3016,5,1.05254325,253,3124,N,8.33333333333333,1,226
2175,6,1.02758175,247,3016,N,10,1,226
2995,7,1.0567035,254,2175,N,11.6666666666667,1,226
4015,8,1.1731905,282,2995,N,13.3333333333333,1,226
4175,9,1.16070975,279,4015,N,15,1,226
4214,10,1.264716,304,4175,N,16.6666666666667,1,226
4085,11,1.26055575,303,4214,N,18.3333333333333,1,226
4293,12,1.231434,296,4085,N,20,1,226
3844,13,1.214793,292,4293,N,21.6666666666667,1,226
3591,14,1.248075,300,3844,N,23.3333333333333,1,226
4292,15,1.37704275,331,3591,N,25,1,226
5080,16,1.431126,344,4292,N,26.6666666666667,1,226
4979,17,1.5060105,362,5080,N,28.3333333333333,1,226
5230,18,1.60169625,385,4979,N,30,1,226
5102,19,1.580895,380,5230,N,31.6666666666667,1,226
5300,20,1.73482425,417,5102,N,33.3333333333333,1,226
5237,21,1.61833725,389,5300,N,35,1,226
5463,22,1.680741,404,5237,N,36.6666666666667,1,226
5342,23,1.81802925,437,5463,N,38.3333333333333,1,226
6532,24,1.8055485,434,5342,N,40,1,226
6235,25,2.263176,544,6532,N,41.6666666666667,1,226
5708,26,2.229894,536,6235,N,43.3333333333333,1,226
6463,27,2.446227,588,5708,N,45,1,226
6391,28,2.35054125,565,6463,N,46.6666666666667,1,226
6351,29,2.4212655,582,6391,N,48.3333333333333,1,226
6446,30,2.6209575,630,6351,N,50,1,226
6696,31,2.7707265,666,6446,N,51.6666666666667,1,226
7847,32,2.862252,688,6696,N,53.3333333333333,1,226
7654,33,1.3396005,322,7847,Y,55,2,226
7055,34,1.30215825,313,7654,N,56.6666666666667,2,226
7734,35,1.29383775,311,7055,N,58.3333333333333,2,226
7862,36,1.3229595,318,7734,N,60,2,226
7442,37,1.36872225,329,7862,N,61.6666666666667,2,226
7621,38,1.44360675,347,7442,N,63.3333333333333,2,226
8033,39,1.56841425,377,7621,N,65,2,226
8213,40,1.56009375,375,8033,N,66.6666666666667,2,226
8836,41,1.464408,352,8213,N,68.3333333333333,2,226
9330,42,1.5725745,378,8836,N,70,2,226
8800,43,1.56841425,377,9330,N,71.6666666666667,2,226
8545,44,1.5892155,382,8800,N,73.3333333333333,2,226
9150,45,1.5892155,382,8545,N,75,2,226
9051,46,1.64329875,395,9150,N,76.6666666666667,2,226
9519,47,1.74314475,419,9051,N,78.3333333333333,2,226
10725,48,1.76810625,425,9519,N,80,2,226
3114,0,1.880433,452,NA,N,0,0,227
2929,1,1.9719585,474,3114,N,1.66666666666667,0,227
2971,2,1.92619575,463,2929,N,3.33333333333333,0,227
3044,3,1.99692,480,2971,N,5,0,227
3124,4,1.09414575,263,3044,Y,6.66666666666667,1,227
3016,5,1.05254325,253,3124,N,8.33333333333333,1,227
2175,6,1.02758175,247,3016,N,10,1,227
2995,7,1.0567035,254,2175,N,11.6666666666667,1,227
4015,8,1.1731905,282,2995,N,13.3333333333333,1,227
4175,9,1.16070975,279,4015,N,15,1,227
4214,10,1.264716,304,4175,N,16.6666666666667,1,227
4085,11,1.26055575,303,4214,N,18.3333333333333,1,227
4293,12,1.231434,296,4085,N,20,1,227
3844,13,1.214793,292,4293,N,21.6666666666667,1,227
3591,14,1.248075,300,3844,N,23.3333333333333,1,227
4292,15,1.37704275,331,3591,N,25,1,227
5080,16,1.431126,344,4292,N,26.6666666666667,1,227
4979,17,1.5060105,362,5080,N,28.3333333333333,1,227
5230,18,1.60169625,385,4979,N,30,1,227
5102,19,1.580895,380,5230,N,31.6666666666667,1,227
5300,20,1.73482425,417,5102,N,33.3333333333333,1,227
5237,21,1.61833725,389,5300,N,35,1,227
5463,22,1.680741,404,5237,N,36.6666666666667,1,227
5342,23,1.81802925,437,5463,N,38.3333333333333,1,227
6532,24,1.8055485,434,5342,N,40,1,227
6235,25,2.263176,544,6532,N,41.6666666666667,1,227
5708,26,2.229894,536,6235,N,43.3333333333333,1,227
6463,27,2.446227,588,5708,N,45,1,227
6391,28,2.35054125,565,6463,N,46.6666666666667,1,227
6351,29,2.4212655,582,6391,N,48.3333333333333,1,227
6446,30,2.6209575,630,6351,N,50,1,227
6696,31,2.7707265,666,6446,N,51.6666666666667,1,227
7847,32,2.862252,688,6696,N,53.3333333333333,1,227
7656,33,1.381203,332,7847,Y,55,2,227
7062,34,1.38536325,333,7656,N,56.6666666666667,2,227
7735,35,1.514331,364,7062,N,58.3333333333333,2,227
7863,36,1.53513225,369,7735,N,60,2,227
7445,37,1.51849125,365,7863,N,61.6666666666667,2,227
7623,38,1.49352975,359,7445,N,63.3333333333333,2,227
8034,39,1.56009375,375,7623,N,65,2,227
8214,40,1.52681175,367,8034,N,66.6666666666667,2,227
8838,41,1.514331,364,8214,N,68.3333333333333,2,227
9331,42,1.8554715,446,8838,N,70,2,227
8803,43,1.92619575,463,9331,N,71.6666666666667,2,227
8547,44,1.95115725,469,8803,N,73.3333333333333,2,227
9151,45,1.9553175,470,8547,N,75,2,227
9054,46,2.0385225,490,9151,N,76.6666666666667,2,227
9520,47,2.14252875,515,9054,N,78.3333333333333,2,227
10729,48,2.17581075,523,9520,N,80,2,227
10066,49,2.4379065,586,10729,N,81.6666666666667,2,227
10938,50,2.76656625,665,10066,N,83.3333333333333,2,227
10130,51,2.729124,656,10938,N,85,2,227
10366,52,2.795688,672,10130,N,86.6666666666667,2,227
10779,53,3.211713,772,10366,N,88.3333333333333,2,227
10104,54,1.7556255,422,10779,Y,90,3,227
12323,55,1.780587,428,10104,N,91.6666666666667,3,227
12567,56,1.82634975,439,12323,N,93.3333333333333,3,227
12549,57,2.0218815,486,12567,N,95,3,227
12721,58,2.196612,528,12549,N,96.6666666666667,3,227
12455,59,2.4212655,582,12721,N,98.3333333333333,3,227
12378,61,1.99275975,479,12455,N,101.666666666667,3,227
12703,62,2.30061825,553,12378,N,103.333333333333,3,227
14169,63,2.36718225,569,12703,N,105,3,227
13894,64,1.35208125,325,14169,Y,106.666666666667,4,227
14550,65,1.248075,300,13894,N,108.333333333333,4,227
13074,66,1.4560875,350,14550,N,110,4,227
14815,67,1.57673475,379,13074,N,111.666666666667,4,227
13994,69,2.130048,512,14815,N,115,4,227
14555,70,0.64483875,155,13994,Y,116.666666666667,5,227
2204,0,1.1731905,282,NA,N,0,0,228
2165,1,1.2563955,302,2204,N,1.66666666666667,0,228
2181,2,1.26887625,305,2165,N,3.33333333333333,0,228
2235,3,1.42696575,343,2181,N,5,0,228
2197,4,1.3063185,314,2235,N,6.66666666666667,0,228
2367,5,1.46024775,351,2197,N,8.33333333333333,0,228
2011,6,1.30215825,313,2367,N,10,0,228
2205,7,1.397844,336,2011,N,11.6666666666667,0,228
3326,8,1.481049,356,2205,N,13.3333333333333,0,228
3489,9,1.45192725,349,3326,N,15,0,228
3238,10,1.447767,348,3489,N,16.6666666666667,0,228
3376,11,1.40200425,337,3238,N,18.3333333333333,0,228
3715,12,1.5226515,366,3376,N,20,0,228
3204,13,1.530972,368,3715,N,21.6666666666667,0,228
3145,14,1.50185025,361,3204,N,23.3333333333333,0,228
3507,15,1.63497825,393,3145,N,25,0,228
4357,16,1.547613,372,3507,N,26.6666666666667,0,228
4343,17,1.73482425,417,4357,N,28.3333333333333,0,228
4464,18,1.6641,400,4343,N,30,0,228
4341,19,1.88459325,453,4464,N,31.6666666666667,0,228
4639,20,2.0218815,486,4341,N,33.3333333333333,0,228
4409,21,2.04268275,491,4639,N,35,0,228
5315,22,2.04268275,491,4409,N,36.6666666666667,0,228
4418,23,0.9568575,230,5315,Y,38.3333333333333,1,228
5545,24,0.99429975,239,4418,N,40,1,228
5505,25,1.248075,300,5545,N,41.6666666666667,1,228
5499,26,1.22727375,295,5505,N,43.3333333333333,1,228
5713,27,1.32711975,319,5499,N,45,1,228
5750,28,1.36872225,329,5713,N,46.6666666666667,1,228
5724,29,1.3895235,334,5750,N,48.3333333333333,1,228
5531,30,1.45192725,349,5724,N,50,1,228
6549,31,1.56009375,375,5531,N,51.6666666666667,1,228
7345,32,1.5559335,374,6549,N,53.3333333333333,1,228
6951,33,1.847151,444,7345,N,55,1,228
6712,34,1.70154225,409,6951,N,56.6666666666667,1,228
6947,36,0.948537,228,6712,Y,60,2,228
6841,37,0.90277425,217,6947,N,61.6666666666667,2,228
6942,38,0.9069345,218,6841,N,63.3333333333333,2,228
8050,40,1.17735075,283,6942,N,66.6666666666667,2,228
8408,41,1.1731905,282,8050,N,68.3333333333333,2,228
9166,42,1.16070975,279,8408,N,70,2,228
8321,43,1.22727375,295,9166,N,71.6666666666667,2,228
8229,44,1.3229595,318,8321,N,73.3333333333333,2,228
8875,45,1.41864525,341,8229,N,75,2,228
8638,46,1.53513225,369,8875,N,76.6666666666667,2,228
9343,47,1.564254,376,8638,N,78.3333333333333,2,228
10360,48,1.5060105,362,9343,N,80,2,228
9542,49,1.69322175,407,10360,N,81.6666666666667,2,228
10727,50,1.84299075,443,9542,N,83.3333333333333,2,228
9675,51,1.83467025,441,10727,N,85,2,228
10151,52,1.880433,452,9675,N,86.6666666666667,2,228
10369,53,1.04422275,251,10151,Y,88.3333333333333,3,228
9588,54,0.99429975,239,10369,N,90,3,228
10969,55,0.981819,236,9588,N,91.6666666666667,3,228
11192,56,0.97765875,235,10969,N,93.3333333333333,3,228
11103,57,0.93605625,225,11192,N,95,3,228
3117,0,1.3728825,330,NA,N,0,0,229
2933,1,1.6058565,386,3117,N,1.66666666666667,0,229
2986,2,1.46856825,353,2933,N,3.33333333333333,0,229
3052,3,1.564254,376,2986,N,5,0,229
3127,4,1.73482425,417,3052,N,6.66666666666667,0,229
3026,5,1.7556255,422,3127,N,8.33333333333333,0,229
2185,6,1.82634975,439,3026,N,10,0,229
3010,7,0.97765875,235,2185,Y,11.6666666666667,1,229
4025,8,0.93605625,225,3010,N,13.3333333333333,1,229
4177,9,0.86117175,207,4025,N,15,1,229
4218,10,0.9069345,218,4177,N,16.6666666666667,1,229
4093,11,0.97765875,235,4218,N,18.3333333333333,1,229
4296,12,0.9901395,238,4093,N,20,1,229
3856,13,0.9901395,238,4296,N,21.6666666666667,1,229
3600,14,1.0234215,246,3856,N,23.3333333333333,1,229
4297,15,0.97765875,235,3600,N,25,1,229
5089,16,0.9568575,230,4297,N,26.6666666666667,1,229
4986,17,0.93605625,225,5089,N,28.3333333333333,1,229
5232,18,0.9901395,238,4986,N,30,1,229
5112,19,1.03590225,249,5232,N,31.6666666666667,1,229
5302,20,0.98597925,237,5112,N,33.3333333333333,1,229
5239,21,1.0067805,242,5302,N,35,1,229
5465,22,1.04422275,251,5239,N,36.6666666666667,1,229
5344,23,1.065024,256,5465,N,38.3333333333333,1,229
6535,24,1.015101,244,5344,N,40,1,229
6245,25,1.098306,264,6535,N,41.6666666666667,1,229
5709,26,1.2397545,298,6245,N,43.3333333333333,1,229
6464,27,1.1565495,278,5709,N,45,1,229
6393,28,1.23559425,297,6464,N,46.6666666666667,1,229
6353,29,1.1898315,286,6393,N,48.3333333333333,1,229
6447,30,1.231434,296,6353,N,50,1,229
6698,31,1.2730365,306,6447,N,51.6666666666667,1,229
7849,32,1.3562415,326,6698,N,53.3333333333333,1,229
7659,33,1.16903025,281,7849,N,55,1,229
7069,34,1.27719675,307,7659,N,56.6666666666667,1,229
7737,35,1.30215825,313,7069,N,58.3333333333333,1,229
7866,36,1.35208125,325,7737,N,60,1,229
7460,37,1.3895235,334,7866,N,61.6666666666667,1,229
7627,38,1.4394465,346,7460,N,63.3333333333333,1,229
8036,39,1.44360675,347,7627,N,65,1,229
8216,40,1.45192725,349,8036,N,66.6666666666667,1,229
8840,41,1.530972,368,8216,N,68.3333333333333,1,229
9332,42,1.5226515,366,8840,N,70,1,229
8806,43,1.580895,380,9332,N,71.6666666666667,1,229
8550,44,1.50185025,361,8806,N,73.3333333333333,1,229
9152,45,1.58505525,381,8550,N,75,1,229
9055,46,1.564254,376,9152,N,76.6666666666667,1,229
9521,47,1.6724205,402,9055,N,78.3333333333333,1,229
10732,48,1.65161925,397,9521,N,80,1,229
10068,49,1.74314475,419,10732,N,81.6666666666667,1,229
10939,50,1.75978575,423,10068,N,83.3333333333333,1,229
10132,51,1.93451625,465,10939,N,85,1,229
10375,52,1.813869,436,10132,N,86.6666666666667,1,229
10787,53,1.8887535,454,10375,N,88.3333333333333,1,229
10108,54,2.03436225,489,10787,N,90,1,229
12337,55,2.19245175,527,10108,N,91.6666666666667,1,229
12572,56,2.21741325,533,12337,N,93.3333333333333,1,229
12560,57,2.54191275,611,12572,N,95,1,229
12724,58,2.55023325,613,12560,N,96.6666666666667,1,229
12477,59,1.28551725,309,12724,Y,98.3333333333333,2,229
12575,60,1.347921,324,12477,N,100,2,229
2208,0,1.01926125,245,NA,N,0,0,230
2168,1,0.96933825,233,2208,N,1.66666666666667,0,230
2187,2,1.098306,264,2168,N,3.33333333333333,0,230
2243,3,1.02758175,247,2187,N,5,0,230
2201,4,1.01926125,245,2243,N,6.66666666666667,0,230
2377,5,1.131588,272,2201,N,8.33333333333333,0,230
2012,6,1.314639,316,2377,N,10,0,230
2209,7,1.32711975,319,2012,N,11.6666666666667,0,230
3330,8,1.031742,248,2209,N,13.3333333333333,0,230
3494,9,1.3229595,318,3330,N,15,0,230
3241,10,1.264716,304,3494,N,16.6666666666667,0,230
3380,11,1.181511,284,3241,N,18.3333333333333,0,230
3720,12,1.11078675,267,3380,N,20,0,230
3207,13,1.35208125,325,3720,N,21.6666666666667,0,230
3146,14,1.3562415,326,3207,N,23.3333333333333,0,230
3515,15,1.51849125,365,3146,N,25,0,230
4360,16,1.1565495,278,3515,N,26.6666666666667,0,230
4346,17,1.44360675,347,4360,N,28.3333333333333,0,230
4468,18,1.70986275,411,4346,N,30,0,230
4345,19,1.347921,324,4468,N,31.6666666666667,0,230
4645,20,1.61001675,387,4345,N,33.3333333333333,0,230
4410,21,1.75978575,423,4645,N,35,0,230
5316,22,2.02604175,487,4410,N,36.6666666666667,0,230
4430,23,2.24237475,539,5316,N,38.3333333333333,0,230
5548,24,2.55023325,613,4430,N,40,0,230
5506,25,2.629278,632,5548,N,41.6666666666667,0,230
5515,26,2.32557975,559,5506,N,43.3333333333333,0,230
5721,27,1.114947,268,5515,Y,45,1,230
5762,28,1.11078675,267,5721,N,46.6666666666667,1,230
5730,29,1.12742775,271,5762,N,48.3333333333333,1,230
5535,30,1.16070975,279,5730,N,50,1,230
6551,31,1.1731905,282,5535,N,51.6666666666667,1,230
7355,32,1.27719675,307,6551,N,53.3333333333333,1,230
6961,33,1.3229595,318,7355,N,55,1,230
6714,34,1.4061645,338,6961,N,56.6666666666667,1,230
6912,35,1.530972,368,6714,N,58.3333333333333,1,230
6966,36,1.72650375,415,6912,N,60,1,230
6850,37,1.66826025,401,6966,N,61.6666666666667,1,230
6973,38,1.763946,424,6850,N,63.3333333333333,1,230
7881,39,1.58505525,381,6973,N,65,1,230
8055,40,1.56841425,377,7881,N,66.6666666666667,1,230
8428,41,1.9719585,474,8055,N,68.3333333333333,1,230
9172,42,2.0218815,486,8428,N,70,1,230
8332,43,2.2049325,530,9172,N,71.6666666666667,1,230
8236,44,0.9568575,230,8332,Y,73.3333333333333,2,230
8892,45,1.12742775,271,8236,N,75,2,230
8658,46,1.15238925,277,8892,N,76.6666666666667,2,230
9469,47,1.28551725,309,8658,N,78.3333333333333,2,230
2218,0,0.71140275,171,NA,N,0,0,231
2189,1,0.8070885,194,2218,N,1.66666666666667,0,231
2249,2,0.7904475,190,2189,N,3.33333333333333,0,231
2306,3,0.80292825,193,2249,N,5,0,231
2211,4,0.87781275,211,2306,N,6.66666666666667,0,231
2383,5,0.881973,212,2211,N,8.33333333333333,0,231
2015,6,0.86117175,207,2383,N,10,0,231
2217,7,0.9568575,230,2015,N,11.6666666666667,0,231
3340,8,0.97765875,235,2217,N,13.3333333333333,0,231
3512,9,1.098306,264,3340,N,15,0,231
3250,10,1.05254325,253,3512,N,16.6666666666667,0,231
3387,11,1.031742,248,3250,N,18.3333333333333,0,231
3732,12,1.098306,264,3387,N,20,0,231
3213,13,1.14406875,275,3732,N,21.6666666666667,0,231
3148,14,1.1731905,282,3213,N,23.3333333333333,0,231
3525,15,1.16487,280,3148,N,25,0,231
4364,16,1.28551725,309,3525,N,26.6666666666667,0,231
4419,17,1.34376075,323,4364,N,28.3333333333333,0,231
4481,18,1.48520925,357,4419,N,30,0,231
4355,19,1.37704275,331,4481,N,31.6666666666667,0,231
4664,20,1.45192725,349,4355,N,33.3333333333333,0,231
4459,21,1.580895,380,4664,N,35,0,231
5320,22,1.45192725,349,4459,N,36.6666666666667,0,231
4436,23,1.5226515,366,5320,N,38.3333333333333,0,231
5554,24,1.6641,400,4436,N,40,0,231
5508,25,1.813869,436,5554,N,41.6666666666667,0,231
5567,26,1.863792,448,5508,N,43.3333333333333,0,231
5737,27,1.8055485,434,5567,N,45,0,231
5779,28,1.980279,476,5737,N,46.6666666666667,0,231
5757,29,0.95269725,229,5779,Y,48.3333333333333,1,231
5547,30,0.9402165,226,5757,N,50,1,231
6558,31,1.02758175,247,5547,N,51.6666666666667,1,231
7384,32,1.12742775,271,6558,N,53.3333333333333,1,231
6993,33,1.20231225,289,7384,N,55,1,231
6721,34,1.2064725,290,6993,N,56.6666666666667,1,231
6933,35,1.3229595,318,6721,N,58.3333333333333,1,231
6999,36,1.3229595,318,6933,N,60,1,231
6858,37,1.22727375,295,6999,N,61.6666666666667,1,231
7004,38,1.514331,364,6858,N,63.3333333333333,1,231
7886,39,1.514331,364,7004,N,65,1,231
8060,40,1.56841425,377,7886,N,66.6666666666667,1,231
8441,41,1.70154225,409,8060,N,68.3333333333333,1,231
9178,42,1.714023,412,8441,N,70,1,231
8343,43,1.8388305,442,9178,N,71.6666666666667,1,231
8239,44,1.797228,432,8343,N,73.3333333333333,1,231
8905,45,1.99692,480,8239,N,75,1,231
8673,46,2.00108025,481,8905,N,76.6666666666667,1,231
9355,47,2.06764425,497,8673,N,78.3333333333333,1,231
10387,48,2.030202,488,9355,N,80,1,231
9554,49,2.14252875,515,10387,N,81.6666666666667,1,231
10752,50,2.23405425,537,9554,N,83.3333333333333,1,231
9703,51,1.87627275,451,10752,N,85,1,231
10163,52,2.09260575,503,9703,N,86.6666666666667,1,231
10401,53,1.580895,380,10163,N,88.3333333333333,1,231
9602,54,1.04422275,251,10401,Y,90,2,231
11119,55,1.01094075,243,9602,N,91.6666666666667,2,231
11278,56,1.03590225,249,11119,N,93.3333333333333,2,231
11181,57,1.0400625,250,11278,N,95,2,231
11764,58,1.048383,252,11181,N,96.6666666666667,2,231
11081,59,1.06086375,255,11764,N,98.3333333333333,2,231
2697,0,0.74468475,179,NA,N,0,0,232
2711,1,0.81956925,197,2697,N,1.66666666666667,0,232
2655,2,0.965178,232,2711,N,3.33333333333333,0,232
2777,3,0.91941525,221,2655,N,5,0,232
3021,4,0.99846,240,2777,N,6.66666666666667,0,232
2802,5,0.9901395,238,3021,N,8.33333333333333,0,232
2109,6,1.0567035,254,2802,N,10,0,232
2883,7,1.0567035,254,2109,N,11.6666666666667,0,232
3867,8,1.06918425,257,2883,N,13.3333333333333,0,232
4086,9,1.131588,272,3867,N,15,0,232
4163,10,1.114947,268,4086,N,16.6666666666667,0,232
3954,11,1.18567125,285,4163,N,18.3333333333333,0,232
4249,12,1.19399175,287,3954,N,20,0,232
3662,13,1.214793,292,4249,N,21.6666666666667,0,232
3421,14,1.21063275,291,3662,N,23.3333333333333,0,232
4235,15,1.198152,288,3421,N,25,0,232
4992,16,1.198152,288,4235,N,26.6666666666667,0,232
4870,17,1.18567125,285,4992,N,28.3333333333333,0,232
5205,18,1.231434,296,4870,N,30,0,232
4989,19,1.2231135,294,5205,N,31.6666666666667,0,232
5272,20,1.17735075,283,4989,N,33.3333333333333,0,232
5030,21,1.3063185,314,5272,N,35,0,232
5434,22,1.297998,312,5030,N,36.6666666666667,0,232
5082,23,1.614177,388,5434,N,38.3333333333333,0,232
6502,24,1.763946,424,5082,N,40,0,232
6079,25,1.7889075,430,6502,N,41.6666666666667,0,232
5678,26,1.930356,464,6079,N,43.3333333333333,0,232
6217,27,2.10092625,505,5678,N,45,0,232
6276,28,2.3547015,566,6217,N,46.6666666666667,0,232
6287,29,2.40046425,577,6276,N,48.3333333333333,0,232
6205,30,1.25223525,301,6287,Y,50,1,232
6659,31,1.3063185,314,6205,N,51.6666666666667,1,232
7808,32,1.34376075,323,6659,N,53.3333333333333,1,232
7542,33,1.49352975,359,7808,N,55,1,232
6828,34,1.5226515,366,7542,N,56.6666666666667,1,232
7512,35,1.33128,320,6828,N,58.3333333333333,1,232
7658,36,1.58505525,381,7512,N,60,1,232
7309,37,1.60169625,385,7658,N,61.6666666666667,1,232
7505,38,1.7889075,430,7309,N,63.3333333333333,1,232
7994,39,1.7389845,418,7505,N,65,1,232
8169,40,2.00108025,481,7994,N,66.6666666666667,1,232
8718,41,2.08428525,501,8169,N,68.3333333333333,1,232
9287,42,2.296458,552,8718,N,70,1,232
8654,43,2.2714965,546,9287,N,71.6666666666667,1,232
8414,44,2.546073,612,8654,N,73.3333333333333,1,232
9108,45,2.48366925,597,8414,N,75,1,232
8899,46,1.098306,264,9108,Y,76.6666666666667,2,232
2697,0,0.74468475,179,NA,N,0,0,233
2711,1,0.81956925,197,2697,N,1.66666666666667,0,233
2655,2,0.965178,232,2711,N,3.33333333333333,0,233
2777,3,0.91941525,221,2655,N,5,0,233
3021,4,0.99846,240,2777,N,6.66666666666667,0,233
2802,5,0.9901395,238,3021,N,8.33333333333333,0,233
2109,6,1.0567035,254,2802,N,10,0,233
2883,7,1.0567035,254,2109,N,11.6666666666667,0,233
3867,8,1.06918425,257,2883,N,13.3333333333333,0,233
4086,9,1.131588,272,3867,N,15,0,233
4163,10,1.114947,268,4086,N,16.6666666666667,0,233
3954,11,1.18567125,285,4163,N,18.3333333333333,0,233
4249,12,1.19399175,287,3954,N,20,0,233
3662,13,1.214793,292,4249,N,21.6666666666667,0,233
3421,14,1.21063275,291,3662,N,23.3333333333333,0,233
4235,15,1.198152,288,3421,N,25,0,233
4992,16,1.198152,288,4235,N,26.6666666666667,0,233
4870,17,1.18567125,285,4992,N,28.3333333333333,0,233
5205,18,1.231434,296,4870,N,30,0,233
4989,19,1.2231135,294,5205,N,31.6666666666667,0,233
5272,20,1.17735075,283,4989,N,33.3333333333333,0,233
5030,21,1.3063185,314,5272,N,35,0,233
5434,22,1.297998,312,5030,N,36.6666666666667,0,233
5082,23,1.614177,388,5434,N,38.3333333333333,0,233
6502,24,1.763946,424,5082,N,40,0,233
6079,25,1.7889075,430,6502,N,41.6666666666667,0,233
5678,26,1.930356,464,6079,N,43.3333333333333,0,233
6217,27,2.10092625,505,5678,N,45,0,233
6276,28,2.3547015,566,6217,N,46.6666666666667,0,233
6287,29,2.40046425,577,6276,N,48.3333333333333,0,233
6205,30,1.25223525,301,6287,Y,50,1,233
6659,31,1.3063185,314,6205,N,51.6666666666667,1,233
7808,32,1.34376075,323,6659,N,53.3333333333333,1,233
7542,33,1.49352975,359,7808,N,55,1,233
6828,34,1.5226515,366,7542,N,56.6666666666667,1,233
7512,35,1.33128,320,6828,N,58.3333333333333,1,233
7658,36,1.58505525,381,7512,N,60,1,233
7309,37,1.60169625,385,7658,N,61.6666666666667,1,233
7505,38,1.7889075,430,7309,N,63.3333333333333,1,233
7994,39,1.7389845,418,7505,N,65,1,233
8169,40,2.00108025,481,7994,N,66.6666666666667,1,233
8718,41,2.08428525,501,8169,N,68.3333333333333,1,233
9287,42,2.296458,552,8718,N,70,1,233
8654,43,2.2714965,546,9287,N,71.6666666666667,1,233
8414,44,2.546073,612,8654,N,73.3333333333333,1,233
9108,45,2.48366925,597,8414,N,75,1,233
9030,46,1.26887625,305,9108,Y,76.6666666666667,2,233
9509,47,1.580895,380,9030,N,78.3333333333333,2,233
10690,48,1.6724205,402,9509,N,80,2,233
10049,49,1.66826025,401,10690,N,81.6666666666667,2,233
10930,50,1.69322175,407,10049,N,83.3333333333333,2,233
10121,51,1.69322175,407,10930,N,85,2,233
10333,52,1.80138825,433,10121,N,86.6666666666667,2,233
10753,53,1.747305,420,10333,N,88.3333333333333,2,233
10092,54,1.85963175,447,10753,N,90,2,233
12221,55,1.94283675,467,10092,N,91.6666666666667,2,233
12508,56,2.10924675,507,12221,N,93.3333333333333,2,233
12483,57,2.562714,616,12508,N,95,2,233
12702,58,2.81648925,677,12483,N,96.6666666666667,2,233
12381,59,1.21063275,291,12702,Y,98.3333333333333,3,233
12468,60,1.18567125,285,12381,N,100,3,233
12288,61,1.41032475,339,12468,N,101.666666666667,3,233
12678,62,1.547613,372,12288,N,103.333333333333,3,233
14130,63,1.65993975,399,12678,N,105,3,233
13850,64,1.813869,436,14130,N,106.666666666667,3,233
14522,65,1.7223435,414,13850,N,108.333333333333,3,233
13069,66,1.7389845,418,14522,N,110,3,233
14364,67,1.863792,448,13069,N,111.666666666667,3,233
14379,68,2.0551635,494,14364,N,113.333333333333,3,233
13455,69,2.31725925,557,14379,N,115,3,233
14217,70,2.6209575,630,13455,N,116.666666666667,3,233
2775,0,0.94437675,227,NA,N,0,0,234
2731,1,0.99429975,239,2775,N,1.66666666666667,0,234
2664,2,1.06918425,257,2731,N,3.33333333333333,0,234
2814,3,1.03590225,249,2664,N,5,0,234
3034,4,1.12742775,271,2814,N,6.66666666666667,0,234
2714,5,1.148229,276,3034,N,8.33333333333333,0,234
2088,6,1.16487,280,2714,N,10,0,234
2801,7,1.16487,280,2088,N,11.6666666666667,0,234
3748,8,1.20231225,289,2801,N,13.3333333333333,0,234
3982,9,1.21063275,291,3748,N,15,0,234
4134,10,1.21895325,293,3982,N,16.6666666666667,0,234
3841,11,1.2563955,302,4134,N,18.3333333333333,0,234
4220,12,1.29383775,311,3841,N,20,0,234
3555,13,1.30215825,313,4220,N,21.6666666666667,0,234
3335,14,1.32711975,319,3555,N,23.3333333333333,0,234
4067,15,1.281357,308,3335,N,25,0,234
4910,16,1.47688875,355,4067,N,26.6666666666667,0,234
4779,17,1.46024775,351,4910,N,28.3333333333333,0,234
5190,18,1.464408,352,4779,N,30,0,234
4912,19,1.51849125,365,5190,N,31.6666666666667,0,234
5256,20,1.530972,368,4912,N,33.3333333333333,0,234
4913,21,1.5559335,374,5256,N,35,0,234
5414,22,1.77642675,427,4913,N,36.6666666666667,0,234
4970,23,1.714023,412,5414,N,38.3333333333333,0,234
6482,24,2.07596475,499,4970,N,40,0,234
5965,25,2.4046245,578,6482,N,41.6666666666667,0,234
5657,26,2.063484,496,5965,N,43.3333333333333,0,234
6112,27,1.148229,276,5657,Y,45,1,234
6172,28,1.06918425,257,6112,N,46.6666666666667,1,234
6178,29,1.16903025,281,6172,N,48.3333333333333,1,234
6086,30,1.231434,296,6178,N,50,1,234
6637,31,1.264716,304,6086,N,51.6666666666667,1,234
7784,32,1.297998,312,6637,N,53.3333333333333,1,234
7458,33,1.36040175,327,7784,N,55,1,234
6798,34,1.50185025,361,7458,N,56.6666666666667,1,234
7424,35,1.547613,372,6798,N,58.3333333333333,1,234
7521,36,1.51017075,363,7424,N,60,1,234
7206,37,1.65161925,397,7521,N,61.6666666666667,1,234
7373,38,1.68490125,405,7206,N,63.3333333333333,1,234
7966,39,1.5559335,374,7373,N,65,1,234
8142,40,1.95115725,469,7966,N,66.6666666666667,1,234
8630,41,2.16749025,521,8142,N,68.3333333333333,1,234
9259,42,2.16333,520,8630,N,70,1,234
8570,43,0.93605625,225,9259,Y,71.6666666666667,2,234
8335,44,1.01094075,243,8570,N,73.3333333333333,2,234
9075,45,1.231434,296,8335,N,75,2,234
8887,46,1.31879925,317,9075,N,76.6666666666667,2,234
9446,47,1.28551725,309,8887,N,78.3333333333333,2,234
10556,48,1.30215825,313,9446,N,80,2,234
9863,49,1.3728825,330,10556,N,81.6666666666667,2,234
10868,50,1.46856825,353,9863,N,83.3333333333333,2,234
9978,51,1.52681175,367,10868,N,85,2,234
10266,52,1.85131125,445,9978,N,86.6666666666667,2,234
10609,53,1.8055485,434,10266,N,88.3333333333333,2,234
9818,54,1.95947775,471,10609,N,90,2,234
11733,55,2.1050865,506,9818,N,91.6666666666667,2,234
12005,56,1.06918425,257,11733,Y,93.3333333333333,3,234
11868,57,1.0067805,242,12005,N,95,3,234
12498,58,0.96933825,233,11868,N,96.6666666666667,3,234
11849,59,1.0567035,254,12498,N,98.3333333333333,3,234
11716,60,0.94437675,227,11849,N,100,3,234
11898,61,0.981819,236,11716,N,101.666666666667,3,234
12448,62,1.30215825,313,11898,N,103.333333333333,3,234
13885,63,1.36040175,327,12448,N,105,3,234
13665,64,1.4560875,350,13885,N,106.666666666667,3,234
14259,65,1.597536,384,13665,N,108.333333333333,3,234
12925,66,1.83467025,441,14259,N,110,3,234
14220,67,1.8721125,450,12925,N,111.666666666667,3,234
14214,68,0.76132575,183,14220,Y,113.333333333333,4,234
13335,69,0.86117175,207,14214,N,115,4,234
13520,70,0.8403705,202,13335,N,116.666666666667,4,234
2775,0,0.94437675,227,NA,N,0,0,235
2731,1,0.99429975,239,2775,N,1.66666666666667,0,235
2664,2,1.06918425,257,2731,N,3.33333333333333,0,235
2814,3,1.03590225,249,2664,N,5,0,235
3034,4,1.12742775,271,2814,N,6.66666666666667,0,235
2714,5,1.148229,276,3034,N,8.33333333333333,0,235
2088,6,1.16487,280,2714,N,10,0,235
2801,7,1.16487,280,2088,N,11.6666666666667,0,235
3748,8,1.20231225,289,2801,N,13.3333333333333,0,235
3982,9,1.21063275,291,3748,N,15,0,235
4134,10,1.21895325,293,3982,N,16.6666666666667,0,235
3841,11,1.2563955,302,4134,N,18.3333333333333,0,235
4220,12,1.29383775,311,3841,N,20,0,235
3555,13,1.30215825,313,4220,N,21.6666666666667,0,235
3335,14,1.32711975,319,3555,N,23.3333333333333,0,235
4067,15,1.281357,308,3335,N,25,0,235
4910,16,1.47688875,355,4067,N,26.6666666666667,0,235
4779,17,1.46024775,351,4910,N,28.3333333333333,0,235
5190,18,1.464408,352,4779,N,30,0,235
4912,19,1.51849125,365,5190,N,31.6666666666667,0,235
5256,20,1.530972,368,4912,N,33.3333333333333,0,235
4913,21,1.5559335,374,5256,N,35,0,235
5414,22,1.77642675,427,4913,N,36.6666666666667,0,235
4970,23,1.714023,412,5414,N,38.3333333333333,0,235
6482,24,2.07596475,499,4970,N,40,0,235
5965,25,2.4046245,578,6482,N,41.6666666666667,0,235
5657,26,2.063484,496,5965,N,43.3333333333333,0,235
6112,27,1.148229,276,5657,Y,45,1,235
6172,28,1.06918425,257,6112,N,46.6666666666667,1,235
6178,29,1.16903025,281,6172,N,48.3333333333333,1,235
6086,30,1.231434,296,6178,N,50,1,235
6637,31,1.264716,304,6086,N,51.6666666666667,1,235
7784,32,1.297998,312,6637,N,53.3333333333333,1,235
7458,33,1.36040175,327,7784,N,55,1,235
6798,34,1.50185025,361,7458,N,56.6666666666667,1,235
7424,35,1.547613,372,6798,N,58.3333333333333,1,235
7521,36,1.51017075,363,7424,N,60,1,235
7206,37,1.65161925,397,7521,N,61.6666666666667,1,235
7373,38,1.68490125,405,7206,N,63.3333333333333,1,235
7966,39,1.5559335,374,7373,N,65,1,235
8142,40,1.95115725,469,7966,N,66.6666666666667,1,235
8630,41,2.16749025,521,8142,N,68.3333333333333,1,235
9259,42,2.16333,520,8630,N,70,1,235
8570,43,0.93605625,225,9259,Y,71.6666666666667,2,235
8335,44,1.01094075,243,8570,N,73.3333333333333,2,235
9075,45,1.231434,296,8335,N,75,2,235
8887,46,1.31879925,317,9075,N,76.6666666666667,2,235
9446,47,1.28551725,309,8887,N,78.3333333333333,2,235
10556,48,1.30215825,313,9446,N,80,2,235
9863,49,1.3728825,330,10556,N,81.6666666666667,2,235
10868,50,1.46856825,353,9863,N,83.3333333333333,2,235
9978,51,1.52681175,367,10868,N,85,2,235
10266,52,1.85131125,445,9978,N,86.6666666666667,2,235
10609,53,1.8055485,434,10266,N,88.3333333333333,2,235
9818,54,1.95947775,471,10609,N,90,2,235
11733,55,2.1050865,506,9818,N,91.6666666666667,2,235
12010,56,1.01094075,243,11733,Y,93.3333333333333,3,235
11875,57,0.99846,240,12010,N,95,3,235
12504,58,1.12742775,271,11875,N,96.6666666666667,3,235
11856,59,1.11078675,267,12504,N,98.3333333333333,3,235
11722,60,1.36040175,327,11856,N,100,3,235
11903,61,1.37704275,331,11722,N,101.666666666667,3,235
12444,62,1.42696575,343,11903,N,103.333333333333,3,235
13882,63,1.30215825,313,12444,N,105,3,235
13661,64,1.49769,360,13882,N,106.666666666667,3,235
14256,65,1.50185025,361,13661,N,108.333333333333,3,235
12922,66,1.75978575,423,14256,N,110,3,235
14215,67,1.9220355,462,12922,N,111.666666666667,3,235
14212,68,1.58505525,381,14215,N,113.333333333333,3,235
15060,70,NA,-1,14212,Y,116.666666666667,4,235
2775,0,0.94437675,227,NA,N,0,0,236
2731,1,0.99429975,239,2775,N,1.66666666666667,0,236
2664,2,1.06918425,257,2731,N,3.33333333333333,0,236
2814,3,1.03590225,249,2664,N,5,0,236
3034,4,1.12742775,271,2814,N,6.66666666666667,0,236
2714,5,1.148229,276,3034,N,8.33333333333333,0,236
2088,6,1.16487,280,2714,N,10,0,236
2801,7,1.16487,280,2088,N,11.6666666666667,0,236
3748,8,1.20231225,289,2801,N,13.3333333333333,0,236
3982,9,1.21063275,291,3748,N,15,0,236
4134,10,1.21895325,293,3982,N,16.6666666666667,0,236
3841,11,1.2563955,302,4134,N,18.3333333333333,0,236
4220,12,1.29383775,311,3841,N,20,0,236
3555,13,1.30215825,313,4220,N,21.6666666666667,0,236
3335,14,1.32711975,319,3555,N,23.3333333333333,0,236
4067,15,1.281357,308,3335,N,25,0,236
4910,16,1.47688875,355,4067,N,26.6666666666667,0,236
4779,17,1.46024775,351,4910,N,28.3333333333333,0,236
5190,18,1.464408,352,4779,N,30,0,236
4912,19,1.51849125,365,5190,N,31.6666666666667,0,236
5256,20,1.530972,368,4912,N,33.3333333333333,0,236
4913,21,1.5559335,374,5256,N,35,0,236
5414,22,1.77642675,427,4913,N,36.6666666666667,0,236
4970,23,1.714023,412,5414,N,38.3333333333333,0,236
6482,24,2.07596475,499,4970,N,40,0,236
5965,25,2.4046245,578,6482,N,41.6666666666667,0,236
5657,26,2.063484,496,5965,N,43.3333333333333,0,236
6112,27,1.148229,276,5657,Y,45,1,236
6172,28,1.06918425,257,6112,N,46.6666666666667,1,236
6178,29,1.16903025,281,6172,N,48.3333333333333,1,236
6086,30,1.231434,296,6178,N,50,1,236
6637,31,1.264716,304,6086,N,51.6666666666667,1,236
7784,32,1.297998,312,6637,N,53.3333333333333,1,236
7458,33,1.36040175,327,7784,N,55,1,236
6798,34,1.50185025,361,7458,N,56.6666666666667,1,236
7424,35,1.547613,372,6798,N,58.3333333333333,1,236
7521,36,1.51017075,363,7424,N,60,1,236
7206,37,1.65161925,397,7521,N,61.6666666666667,1,236
7373,38,1.68490125,405,7206,N,63.3333333333333,1,236
7966,39,1.5559335,374,7373,N,65,1,236
8142,40,1.95115725,469,7966,N,66.6666666666667,1,236
8630,41,2.16749025,521,8142,N,68.3333333333333,1,236
9259,42,2.16333,520,8630,N,70,1,236
8568,43,1.07750475,259,9259,Y,71.6666666666667,2,236
8333,44,1.16903025,281,8568,N,73.3333333333333,2,236
9074,45,1.198152,288,8333,N,75,2,236
8885,46,1.34376075,323,9074,N,76.6666666666667,2,236
9445,47,1.48520925,357,8885,N,78.3333333333333,2,236
10554,48,1.31879925,317,9445,N,80,2,236
9860,49,1.56841425,377,10554,N,81.6666666666667,2,236
10867,50,1.5559335,374,9860,N,83.3333333333333,2,236
9977,51,1.4560875,350,10867,N,85,2,236
10265,52,1.7556255,422,9977,N,86.6666666666667,2,236
10607,53,1.96779825,473,10265,N,88.3333333333333,2,236
9815,54,1.913715,460,10607,N,90,2,236
11724,55,2.3713425,570,9815,N,91.6666666666667,2,236
11998,56,2.3879835,574,11724,N,93.3333333333333,2,236
11863,57,1.21895325,293,11998,Y,95,3,236
12493,58,1.2231135,294,11863,N,96.6666666666667,3,236
11845,59,1.38536325,333,12493,N,98.3333333333333,3,236
11710,60,1.4061645,338,11845,N,100,3,236
11892,61,1.3728825,330,11710,N,101.666666666667,3,236
12437,62,1.4061645,338,11892,N,103.333333333333,3,236
13879,63,1.4228055,342,12437,N,105,3,236
13659,64,1.6641,400,13879,N,106.666666666667,3,236
14252,65,1.70154225,409,13659,N,108.333333333333,3,236
12919,66,1.597536,384,14252,N,110,3,236
14211,67,1.4727285,354,12919,N,111.666666666667,3,236
14206,68,2.06764425,497,14211,N,113.333333333333,3,236
15054,69,NA,-1,14206,Y,115,4,236
2821,0,1.03590225,249,NA,N,0,0,237
2741,1,1.10246625,265,2821,N,1.66666666666667,0,237
2669,2,1.11078675,267,2741,N,3.33333333333333,0,237
2846,3,1.16487,280,2669,N,5,0,237
3047,4,1.21895325,293,2846,N,6.66666666666667,0,237
2723,5,1.18567125,285,3047,N,8.33333333333333,0,237
2094,6,1.26055575,303,2723,N,10,0,237
2825,7,1.24391475,299,2094,N,11.6666666666667,0,237
3771,8,1.27719675,307,2825,N,13.3333333333333,0,237
4006,9,1.31879925,317,3771,N,15,0,237
4143,10,1.381203,332,4006,N,16.6666666666667,0,237
3869,11,1.36040175,327,4143,N,18.3333333333333,0,237
4225,12,1.40200425,337,3869,N,20,0,237
3577,13,1.464408,352,4225,N,21.6666666666667,0,237
3352,14,1.42696575,343,3577,N,23.3333333333333,0,237
4088,15,1.4228055,342,3352,N,25,0,237
4930,16,1.47688875,355,4088,N,26.6666666666667,0,237
4803,17,1.46024775,351,4930,N,28.3333333333333,0,237
5194,18,1.62665775,391,4803,N,30,0,237
4934,19,1.530972,368,5194,N,31.6666666666667,0,237
5260,20,1.59337575,383,4934,N,33.3333333333333,0,237
4932,21,1.56841425,377,5260,N,35,0,237
5419,22,1.63497825,393,4932,N,36.6666666666667,0,237
4987,23,1.6224975,390,5419,N,38.3333333333333,0,237
6486,24,1.57673475,379,4987,N,40,0,237
5991,25,1.65993975,399,6486,N,41.6666666666667,0,237
5661,26,1.697382,408,5991,N,43.3333333333333,0,237
6132,27,1.7223435,414,5661,N,45,0,237
6206,28,1.7556255,422,6132,N,46.6666666666667,0,237
6203,29,1.7389845,418,6206,N,48.3333333333333,0,237
6111,30,1.797228,432,6203,N,50,0,237
6642,31,1.7889075,430,6111,N,51.6666666666667,0,237
7789,32,1.8055485,434,6642,N,53.3333333333333,0,237
7476,33,1.85131125,445,7789,N,55,0,237
6804,34,1.946997,468,7476,N,56.6666666666667,0,237
7440,35,2.05100325,493,6804,N,58.3333333333333,0,237
7546,36,2.00940075,483,7440,N,60,0,237
7223,37,1.946997,468,7546,N,61.6666666666667,0,237
7395,38,2.10092625,505,7223,N,63.3333333333333,0,237
7970,39,2.10092625,505,7395,N,65,0,237
8147,40,1.930356,464,7970,N,66.6666666666667,0,237
8648,41,2.05100325,493,8147,N,68.3333333333333,0,237
9266,42,2.01772125,485,8648,N,70,0,237
8586,43,1.90123425,457,9266,N,71.6666666666667,0,237
8349,44,2.16749025,521,8586,N,73.3333333333333,0,237
9081,45,2.29229775,551,8349,N,75,0,237
8904,46,2.679201,644,9081,N,76.6666666666667,0,237
9451,47,2.862252,688,8904,N,78.3333333333333,0,237
10566,48,2.7873675,670,9451,N,80,0,237
9875,49,1.27719675,307,10566,Y,81.6666666666667,1,237
10873,50,1.2896775,310,9875,N,83.3333333333333,1,237
9983,51,1.32711975,319,10873,N,85,1,237
10271,52,1.447767,348,9983,N,86.6666666666667,1,237
10619,53,1.5226515,366,10271,N,88.3333333333333,1,237
9829,54,1.69322175,407,10619,N,90,1,237
11771,55,1.7889075,430,9829,N,91.6666666666667,1,237
12041,56,1.65161925,397,11771,N,93.3333333333333,1,237
11906,57,1.88459325,453,12041,N,95,1,237
12528,58,2.3047785,554,11906,N,96.6666666666667,1,237
11885,59,2.379663,572,12528,N,98.3333333333333,1,237
12532,60,2.50863075,603,11885,N,100,1,237
12336,61,1.2064725,290,12532,Y,101.666666666667,2,237
12693,62,1.11078675,267,12336,N,103.333333333333,2,237
13209,64,1.21063275,291,12693,N,106.666666666667,2,237
13029,65,1.51849125,365,13209,N,108.333333333333,2,237
2838,0,0.848691,204,NA,N,0,0,238
2749,1,0.965178,232,2838,N,1.66666666666667,0,238
2672,2,0.98597925,237,2749,N,3.33333333333333,0,238
2862,3,0.98597925,237,2672,N,5,0,238
3053,4,0.97765875,235,2862,N,6.66666666666667,0,238
2726,5,1.0234215,246,3053,N,8.33333333333333,0,238
2097,6,1.0067805,242,2726,N,10,0,238
2839,7,1.015101,244,2097,N,11.6666666666667,0,238
3791,8,1.1066265,266,2839,N,13.3333333333333,0,238
4024,9,1.20231225,289,3791,N,15,0,238
4146,10,1.214793,292,4024,N,16.6666666666667,0,238
3890,11,1.214793,292,4146,N,18.3333333333333,0,238
4229,12,1.297998,312,3890,N,20,0,238
3601,13,1.30215825,313,4229,N,21.6666666666667,0,238
3374,14,1.2563955,302,3601,N,23.3333333333333,0,238
4110,15,1.34376075,323,3374,N,25,0,238
4944,16,1.46024775,351,4110,N,26.6666666666667,0,238
4821,17,1.51017075,363,4944,N,28.3333333333333,0,238
5197,18,1.514331,364,4821,N,30,0,238
4954,19,1.481049,356,5197,N,31.6666666666667,0,238
5263,20,1.4560875,350,4954,N,33.3333333333333,0,238
4952,21,1.46856825,353,5263,N,35,0,238
5422,22,1.5060105,362,4952,N,36.6666666666667,0,238
5001,23,1.614177,388,5422,N,38.3333333333333,0,238
6490,24,1.75978575,423,5001,N,40,0,238
6014,25,1.697382,408,6490,N,41.6666666666667,0,238
5664,26,1.92619575,463,6014,N,43.3333333333333,0,238
6149,27,2.04268275,491,5664,N,45,0,238
6219,28,2.196612,528,6149,N,46.6666666666667,0,238
6222,29,2.1217275,510,6219,N,48.3333333333333,0,238
6130,30,2.35886175,567,6222,N,50,0,238
6645,31,2.32557975,559,6130,N,51.6666666666667,0,238
7792,32,2.3879835,574,6645,N,53.3333333333333,0,238
7486,33,1.54345275,371,7792,Y,55,1,238
6809,34,1.50185025,361,7486,N,56.6666666666667,1,238
7446,35,1.530972,368,6809,N,58.3333333333333,1,238
7562,36,1.6058565,386,7446,N,60,1,238
7232,37,1.53513225,369,7562,N,61.6666666666667,1,238
7407,38,1.65161925,397,7232,N,63.3333333333333,1,238
7972,39,1.7722665,426,7407,N,65,1,238
8149,40,1.747305,420,7972,N,66.6666666666667,1,238
8653,41,1.7889075,430,8149,N,68.3333333333333,1,238
9268,42,1.913715,460,8653,N,70,1,238
8589,43,2.07596475,499,9268,N,71.6666666666667,1,238
8358,44,2.45038725,589,8589,N,73.3333333333333,1,238
9086,45,2.1050865,506,8358,N,75,1,238
8913,46,1.4727285,354,9086,Y,76.6666666666667,2,238
9457,47,1.264716,304,8913,N,78.3333333333333,2,238
10576,48,1.3229595,318,9457,N,80,2,238
9886,49,1.39368375,335,10576,N,81.6666666666667,2,238
10879,50,1.231434,296,9886,N,83.3333333333333,2,238
9989,51,1.4893695,358,10879,N,85,2,238
10277,52,1.514331,364,9989,N,86.6666666666667,2,238
10632,53,1.5392925,370,10277,N,88.3333333333333,2,238
9842,54,1.6058565,386,10632,N,90,2,238
11815,55,1.863792,448,9842,N,91.6666666666667,2,238
12086,56,1.90955475,459,11815,N,93.3333333333333,2,238
11969,57,1.78474725,429,12086,N,95,2,238
12571,58,2.10092625,505,11969,N,96.6666666666667,2,238
11945,59,0.81124875,195,12571,Y,98.3333333333333,3,238
11790,60,1.19399175,287,11945,N,100,3,238
2838,0,0.848691,204,NA,N,0,0,239
2749,1,0.965178,232,2838,N,1.66666666666667,0,239
2672,2,0.98597925,237,2749,N,3.33333333333333,0,239
2862,3,0.98597925,237,2672,N,5,0,239
3053,4,0.97765875,235,2862,N,6.66666666666667,0,239
2726,5,1.0234215,246,3053,N,8.33333333333333,0,239
2097,6,1.0067805,242,2726,N,10,0,239
2839,7,1.015101,244,2097,N,11.6666666666667,0,239
3791,8,1.1066265,266,2839,N,13.3333333333333,0,239
4024,9,1.20231225,289,3791,N,15,0,239
4146,10,1.214793,292,4024,N,16.6666666666667,0,239
3890,11,1.214793,292,4146,N,18.3333333333333,0,239
4229,12,1.297998,312,3890,N,20,0,239
3601,13,1.30215825,313,4229,N,21.6666666666667,0,239
3374,14,1.2563955,302,3601,N,23.3333333333333,0,239
4110,15,1.34376075,323,3374,N,25,0,239
4944,16,1.46024775,351,4110,N,26.6666666666667,0,239
4821,17,1.51017075,363,4944,N,28.3333333333333,0,239
5197,18,1.514331,364,4821,N,30,0,239
4954,19,1.481049,356,5197,N,31.6666666666667,0,239
5263,20,1.4560875,350,4954,N,33.3333333333333,0,239
4952,21,1.46856825,353,5263,N,35,0,239
5422,22,1.5060105,362,4952,N,36.6666666666667,0,239
5001,23,1.614177,388,5422,N,38.3333333333333,0,239
6490,24,1.75978575,423,5001,N,40,0,239
6014,25,1.697382,408,6490,N,41.6666666666667,0,239
5664,26,1.92619575,463,6014,N,43.3333333333333,0,239
6149,27,2.04268275,491,5664,N,45,0,239
6219,28,2.196612,528,6149,N,46.6666666666667,0,239
6222,29,2.1217275,510,6219,N,48.3333333333333,0,239
6130,30,2.35886175,567,6222,N,50,0,239
6645,31,2.32557975,559,6130,N,51.6666666666667,0,239
7792,32,2.3879835,574,6645,N,53.3333333333333,0,239
7486,33,1.54345275,371,7792,Y,55,1,239
6809,34,1.50185025,361,7486,N,56.6666666666667,1,239
7446,35,1.530972,368,6809,N,58.3333333333333,1,239
7562,36,1.6058565,386,7446,N,60,1,239
7232,37,1.53513225,369,7562,N,61.6666666666667,1,239
7407,38,1.65161925,397,7232,N,63.3333333333333,1,239
7972,39,1.7722665,426,7407,N,65,1,239
8149,40,1.747305,420,7972,N,66.6666666666667,1,239
8653,41,1.7889075,430,8149,N,68.3333333333333,1,239
9268,42,1.913715,460,8653,N,70,1,239
8589,43,2.07596475,499,9268,N,71.6666666666667,1,239
8358,44,2.45038725,589,8589,N,73.3333333333333,1,239
9086,45,2.1050865,506,8358,N,75,1,239
8916,46,0.93605625,225,9086,Y,76.6666666666667,2,239
9459,47,1.1232675,270,8916,N,78.3333333333333,2,239
10580,48,1.16487,280,9459,N,80,2,239
9892,49,1.22727375,295,10580,N,81.6666666666667,2,239
10881,50,1.3396005,322,9892,N,83.3333333333333,2,239
9991,51,1.26887625,305,10881,N,85,2,239
10279,52,1.28551725,309,9991,N,86.6666666666667,2,239
10636,53,1.51017075,363,10279,N,88.3333333333333,2,239
9845,54,1.69322175,407,10636,N,90,2,239
11829,55,1.7389845,418,9845,N,91.6666666666667,2,239
12103,56,1.7722665,426,11829,N,93.3333333333333,2,239
11986,57,1.847151,444,12103,N,95,2,239
12581,58,1.0067805,242,11986,Y,96.6666666666667,3,239
11960,59,1.0899855,262,12581,N,98.3333333333333,3,239
11808,60,1.20231225,289,11960,N,100,3,239
11987,61,1.3063185,314,11808,N,101.666666666667,3,239
12521,62,1.4893695,358,11987,N,103.333333333333,3,239
13945,63,1.24391475,299,12521,N,105,3,239
13698,64,2.0052405,482,13945,N,106.666666666667,3,239
14315,65,1.78474725,429,13698,N,108.333333333333,3,239
12967,66,2.09260575,503,14315,N,110,3,239
14716,67,1.015101,244,12967,Y,111.666666666667,4,239
14731,68,1.065024,256,14716,N,113.333333333333,4,239
13838,69,0.91109475,219,14731,N,115,4,239
14717,70,0.85285125,205,13838,N,116.666666666667,4,239
2842,0,0.93605625,225,NA,N,0,0,240
2751,1,0.898614,216,2842,N,1.66666666666667,0,240
2673,2,0.90277425,217,2751,N,3.33333333333333,0,240
2867,3,1.05254325,253,2673,N,5,0,240
3055,4,0.9734985,234,2867,N,6.66666666666667,0,240
2727,5,0.97765875,235,3055,N,8.33333333333333,0,240
2098,6,0.95269725,229,2727,N,10,0,240
2844,7,1.01926125,245,2098,N,11.6666666666667,0,240
3798,8,0.9568575,230,2844,N,13.3333333333333,0,240
4030,9,1.1066265,266,3798,N,15,0,240
4147,10,1.18567125,285,4030,N,16.6666666666667,0,240
3895,11,1.1565495,278,4147,N,18.3333333333333,0,240
4231,12,1.16903025,281,3895,N,20,0,240
3606,13,1.2064725,290,4231,N,21.6666666666667,0,240
3377,14,1.098306,264,3606,N,23.3333333333333,0,240
4114,15,1.2231135,294,3377,N,25,0,240
4946,16,1.25223525,301,4114,N,26.6666666666667,0,240
4828,17,1.281357,308,4946,N,28.3333333333333,0,240
5198,18,1.21895325,293,4828,N,30,0,240
4959,19,1.2397545,298,5198,N,31.6666666666667,0,240
5264,20,1.297998,312,4959,N,33.3333333333333,0,240
4958,21,1.181511,284,5264,N,35,0,240
5423,22,1.18567125,285,4958,N,36.6666666666667,0,240
5008,23,1.20231225,289,5423,N,38.3333333333333,0,240
6491,24,1.5559335,374,5008,N,40,0,240
6020,25,1.714023,412,6491,N,41.6666666666667,0,240
5665,26,1.8055485,434,6020,N,43.3333333333333,0,240
6156,27,2.00940075,483,5665,N,45,0,240
6224,28,1.9885995,478,6156,N,46.6666666666667,0,240
6230,29,2.1550095,518,6224,N,48.3333333333333,0,240
6136,30,2.030202,488,6230,N,50,0,240
6646,31,0.965178,232,6136,Y,51.6666666666667,1,240
7793,32,1.01094075,243,6646,N,53.3333333333333,1,240
7490,33,1.09414575,263,7793,N,55,1,240
6810,34,1.181511,284,7490,N,56.6666666666667,1,240
7451,35,1.26887625,305,6810,N,58.3333333333333,1,240
7633,36,1.3229595,318,7451,N,60,1,240
7241,37,1.38536325,333,7633,N,61.6666666666667,1,240
7413,38,1.397844,336,7241,N,63.3333333333333,1,240
7974,39,1.597536,384,7413,N,65,1,240
8151,40,1.547613,372,7974,N,66.6666666666667,1,240
8659,41,1.76810625,425,8151,N,68.3333333333333,1,240
9270,42,1.930356,464,8659,N,70,1,240
8605,43,2.0884455,502,9270,N,71.6666666666667,1,240
8360,44,2.45870775,591,8605,N,73.3333333333333,1,240
9088,45,1.00262025,241,8360,Y,75,2,240
8920,46,1.12742775,271,9088,N,76.6666666666667,2,240
9461,47,1.25223525,301,8920,N,78.3333333333333,2,240
2842,0,0.93605625,225,NA,N,0,0,241
2751,1,0.898614,216,2842,N,1.66666666666667,0,241
2673,2,0.90277425,217,2751,N,3.33333333333333,0,241
2867,3,1.05254325,253,2673,N,5,0,241
3055,4,0.9734985,234,2867,N,6.66666666666667,0,241
2727,5,0.97765875,235,3055,N,8.33333333333333,0,241
2098,6,0.95269725,229,2727,N,10,0,241
2844,7,1.01926125,245,2098,N,11.6666666666667,0,241
3798,8,0.9568575,230,2844,N,13.3333333333333,0,241
4030,9,1.1066265,266,3798,N,15,0,241
4147,10,1.18567125,285,4030,N,16.6666666666667,0,241
3895,11,1.1565495,278,4147,N,18.3333333333333,0,241
4231,12,1.16903025,281,3895,N,20,0,241
3606,13,1.2064725,290,4231,N,21.6666666666667,0,241
3377,14,1.098306,264,3606,N,23.3333333333333,0,241
4114,15,1.2231135,294,3377,N,25,0,241
4946,16,1.25223525,301,4114,N,26.6666666666667,0,241
4828,17,1.281357,308,4946,N,28.3333333333333,0,241
5198,18,1.21895325,293,4828,N,30,0,241
4959,19,1.2397545,298,5198,N,31.6666666666667,0,241
5264,20,1.297998,312,4959,N,33.3333333333333,0,241
4958,21,1.181511,284,5264,N,35,0,241
5423,22,1.18567125,285,4958,N,36.6666666666667,0,241
5008,23,1.20231225,289,5423,N,38.3333333333333,0,241
6491,24,1.5559335,374,5008,N,40,0,241
6020,25,1.714023,412,6491,N,41.6666666666667,0,241
5665,26,1.8055485,434,6020,N,43.3333333333333,0,241
6156,27,2.00940075,483,5665,N,45,0,241
6224,28,1.9885995,478,6156,N,46.6666666666667,0,241
6230,29,2.1550095,518,6224,N,48.3333333333333,0,241
6136,30,2.030202,488,6230,N,50,0,241
6646,31,0.965178,232,6136,Y,51.6666666666667,1,241
7793,32,1.01094075,243,6646,N,53.3333333333333,1,241
7490,33,1.09414575,263,7793,N,55,1,241
6810,34,1.181511,284,7490,N,56.6666666666667,1,241
7451,35,1.26887625,305,6810,N,58.3333333333333,1,241
7633,36,1.3229595,318,7451,N,60,1,241
7241,37,1.38536325,333,7633,N,61.6666666666667,1,241
7413,38,1.397844,336,7241,N,63.3333333333333,1,241
7974,39,1.597536,384,7413,N,65,1,241
8151,40,1.547613,372,7974,N,66.6666666666667,1,241
8659,41,1.76810625,425,8151,N,68.3333333333333,1,241
9270,42,1.930356,464,8659,N,70,1,241
8605,43,2.0884455,502,9270,N,71.6666666666667,1,241
8360,44,2.45870775,591,8605,N,73.3333333333333,1,241
9087,45,1.24391475,299,8360,Y,75,2,241
8918,46,1.2231135,294,9087,N,76.6666666666667,2,241
9460,47,1.364562,328,8918,N,78.3333333333333,2,241
10582,48,1.46856825,353,9460,N,80,2,241
9895,49,1.61833725,389,10582,N,81.6666666666667,2,241
10882,50,1.763946,424,9895,N,83.3333333333333,2,241
9992,51,1.70154225,409,10882,N,85,2,241
10280,52,1.763946,424,9992,N,86.6666666666667,2,241
10638,53,2.06764425,497,10280,N,88.3333333333333,2,241
9847,54,1.86795225,449,10638,N,90,2,241
11835,55,2.08428525,501,9847,N,91.6666666666667,2,241
12112,56,2.263176,544,11835,N,93.3333333333333,2,241
11995,57,2.51695125,605,12112,N,95,2,241
12589,58,2.446227,588,11995,N,96.6666666666667,2,241
11967,59,1.20231225,289,12589,Y,98.3333333333333,3,241
11813,60,1.1898315,286,11967,N,100,3,241
11994,61,1.3728825,330,11813,N,101.666666666667,3,241
12526,62,1.514331,364,11994,N,103.333333333333,3,241
13950,63,1.630818,392,12526,N,105,3,241
13702,64,1.614177,388,13950,N,106.666666666667,3,241
14320,65,1.56009375,375,13702,N,108.333333333333,3,241
12970,66,1.614177,388,14320,N,110,3,241
14248,67,1.6724205,402,12970,N,111.666666666667,3,241
14233,68,1.7389845,418,14248,N,113.333333333333,3,241
13347,69,1.897074,456,14233,N,115,3,241
13553,70,0.898614,216,13347,Y,116.666666666667,4,241
2850,0,1.4061645,338,NA,N,0,0,242
2755,1,1.4228055,342,2850,N,1.66666666666667,0,242
2675,2,1.414485,340,2755,N,3.33333333333333,0,242
2886,3,1.4893695,358,2675,N,5,0,242
3057,4,1.4893695,358,2886,N,6.66666666666667,0,242
2728,5,1.5392925,370,3057,N,8.33333333333333,0,242
2099,6,1.56841425,377,2728,N,10,0,242
2851,7,1.5725745,378,2099,N,11.6666666666667,0,242
3805,8,1.70154225,409,2851,N,13.3333333333333,0,242
4036,9,1.597536,384,3805,N,15,0,242
4148,10,1.697382,408,4036,N,16.6666666666667,0,242
3902,11,1.747305,420,4148,N,18.3333333333333,0,242
4233,12,1.72650375,415,3902,N,20,0,242
3619,13,1.7556255,422,4233,N,21.6666666666667,0,242
3384,14,1.83051,440,3619,N,23.3333333333333,0,242
4120,15,1.86795225,449,3384,N,25,0,242
4951,16,2.05100325,493,4120,N,26.6666666666667,0,242
4834,17,2.05100325,493,4951,N,28.3333333333333,0,242
5199,18,2.11756725,509,4834,N,30,0,242
4964,19,2.1217275,510,5199,N,31.6666666666667,0,242
5265,20,2.229894,536,4964,N,33.3333333333333,0,242
4963,21,2.27565675,547,5265,N,35,0,242
5424,22,2.0551635,494,4963,N,36.6666666666667,0,242
5015,23,2.512791,604,5424,N,38.3333333333333,0,242
6492,24,2.346381,564,5015,N,40,0,242
6026,25,2.4545475,590,6492,N,41.6666666666667,0,242
5667,26,1.3562415,326,6026,Y,43.3333333333333,1,242
6228,28,1.38536325,333,5667,N,46.6666666666667,1,242
6233,29,1.3895235,334,6228,N,48.3333333333333,1,242
6147,30,1.431126,344,6233,N,50,1,242
6648,31,1.42696575,343,6147,N,51.6666666666667,1,242
7796,32,1.6391385,394,6648,N,53.3333333333333,1,242
7498,33,1.54345275,371,7796,N,55,1,242
6812,34,1.797228,432,7498,N,56.6666666666667,1,242
7459,35,1.747305,420,6812,N,58.3333333333333,1,242
7636,36,1.847151,444,7459,N,60,1,242
7255,37,1.84299075,443,7636,N,61.6666666666667,1,242
7423,38,1.87627275,451,7255,N,63.3333333333333,1,242
7977,39,1.93451625,465,7423,N,65,1,242
8154,40,1.83467025,441,7977,N,66.6666666666667,1,242
8671,41,2.12588775,511,8154,N,68.3333333333333,1,242
9273,42,2.063484,496,8671,N,70,1,242
8611,43,2.379663,572,9273,N,71.6666666666667,1,242
8368,44,2.629278,632,8611,N,73.3333333333333,1,242
9092,45,2.562714,616,8368,N,75,1,242
8928,46,2.89969425,697,9092,N,76.6666666666667,1,242
9464,47,2.83313025,681,8928,N,78.3333333333333,1,242
10588,48,2.89969425,697,9464,N,80,1,242
9909,49,1.56841425,377,10588,Y,81.6666666666667,2,242
10886,50,1.71818325,413,9909,N,83.3333333333333,2,242
9995,51,1.57673475,379,10886,N,85,2,242
10283,52,1.614177,388,9995,N,86.6666666666667,2,242
10647,53,1.630818,392,10283,N,88.3333333333333,2,242
9857,54,1.67658075,403,10647,N,90,2,242
11879,55,1.7889075,430,9857,N,91.6666666666667,2,242
12136,56,2.296458,552,11879,N,93.3333333333333,2,242
12027,57,2.27565675,547,12136,N,95,2,242
12604,58,2.60015625,625,12027,N,96.6666666666667,2,242
12007,59,1.2563955,302,12604,Y,98.3333333333333,3,242
11852,60,1.431126,344,12007,N,100,3,242
12020,61,1.55177325,373,11852,N,101.666666666667,3,242
12558,62,1.70986275,411,12020,N,103.333333333333,3,242
13967,63,1.69322175,407,12558,N,105,3,242
13716,64,2.00940075,483,13967,N,106.666666666667,3,242
14336,65,2.3047785,554,13716,N,108.333333333333,3,242
12992,66,2.33390025,561,14336,N,110,3,242
14254,67,2.446227,588,12992,N,111.666666666667,3,242
14240,68,1.231434,296,14254,Y,113.333333333333,4,242
13351,69,1.24391475,299,14240,N,115,4,242
13563,70,1.3063185,314,13351,N,116.666666666667,4,242
2855,0,1.16487,280,NA,N,0,0,243
2758,1,1.2064725,290,2855,N,1.66666666666667,0,243
2676,2,1.2563955,302,2758,N,3.33333333333333,0,243
2892,3,1.281357,308,2676,N,5,0,243
3064,4,1.30215825,313,2892,N,6.66666666666667,0,243
2764,5,1.36872225,329,3064,N,8.33333333333333,0,243
2101,6,1.36040175,327,2764,N,10,0,243
2860,7,1.36872225,329,2101,N,11.6666666666667,0,243
3818,8,1.4061645,338,2860,N,13.3333333333333,0,243
4048,9,1.38536325,333,3818,N,15,0,243
4150,10,1.39368375,335,4048,N,16.6666666666667,0,243
3912,11,1.41032475,339,4150,N,18.3333333333333,0,243
4234,12,1.44360675,347,3912,N,20,0,243
3624,13,1.397844,336,4234,N,21.6666666666667,0,243
3388,14,1.41864525,341,3624,N,23.3333333333333,0,243
4128,15,1.481049,356,3388,N,25,0,243
4962,16,1.4727285,354,4128,N,26.6666666666667,0,243
4844,17,1.4727285,354,4962,N,28.3333333333333,0,243
5200,18,1.51017075,363,4844,N,30,0,243
4967,19,1.5392925,370,5200,N,31.6666666666667,0,243
5267,20,1.530972,368,4967,N,33.3333333333333,0,243
4973,21,1.51849125,365,5267,N,35,0,243
5427,22,1.53513225,369,4973,N,36.6666666666667,0,243
5029,23,1.580895,380,5427,N,38.3333333333333,0,243
6495,24,1.64329875,395,5029,N,40,0,243
6040,25,1.70986275,411,6495,N,41.6666666666667,0,243
5670,26,1.66826025,401,6040,N,43.3333333333333,0,243
6176,27,1.66826025,401,5670,N,45,0,243
6241,28,1.70986275,411,6176,N,46.6666666666667,0,243
6257,29,1.8221895,438,6241,N,48.3333333333333,0,243
6167,30,1.78474725,429,6257,N,50,0,243
6652,31,1.80970875,435,6167,N,51.6666666666667,0,243
7801,32,1.90123425,457,6652,N,53.3333333333333,0,243
7520,33,1.90955475,459,7801,N,55,0,243
6818,34,1.93451625,465,7520,N,56.6666666666667,0,243
7488,35,1.9885995,478,6818,N,58.3333333333333,0,243
7646,36,2.080125,500,7488,N,60,0,243
7283,37,2.20909275,531,7646,N,61.6666666666667,0,243
7449,38,2.3713425,570,7283,N,63.3333333333333,0,243
7987,39,2.35054125,565,7449,N,65,0,243
8161,40,2.3547015,566,7987,N,66.6666666666667,0,243
8694,41,2.40046425,577,8161,N,68.3333333333333,0,243
9280,42,2.512791,604,8694,N,70,0,243
8635,43,2.60015625,625,9280,N,71.6666666666667,0,243
8392,44,3.03282225,729,8635,N,73.3333333333333,0,243
9100,45,3.178431,764,8392,N,75,0,243
8943,46,2.74992525,661,9100,N,76.6666666666667,0,243
9472,47,1.530972,368,8943,Y,78.3333333333333,1,243
10602,48,1.6641,400,9472,N,80,1,243
9931,49,1.6224975,390,10602,N,81.6666666666667,1,243
10894,50,1.7057025,410,9931,N,83.3333333333333,1,243
10011,51,1.6724205,402,10894,N,85,1,243
10292,52,2.046843,492,10011,N,86.6666666666667,1,243
10659,53,2.246535,540,10292,N,88.3333333333333,1,243
9866,54,2.279817,548,10659,N,90,1,243
11917,55,2.36718225,569,9866,N,91.6666666666667,1,243
12175,56,2.3047785,554,11917,N,93.3333333333333,1,243
12185,57,2.45038725,589,12175,N,95,1,243
12620,58,2.4212655,582,12185,N,96.6666666666667,1,243
12067,59,2.35886175,567,12620,N,98.3333333333333,1,243
11905,60,2.1217275,510,12067,N,100,1,243
12069,61,2.7041625,650,11905,N,101.666666666667,1,243
12587,62,1.4061645,338,12069,Y,103.333333333333,2,243
13987,63,1.50185025,361,12587,N,105,2,243
13732,64,1.7389845,418,13987,N,106.666666666667,2,243
14357,65,1.73482425,417,13732,N,108.333333333333,2,243
13011,66,1.77642675,427,14357,N,110,2,243
14272,67,1.963638,472,13011,N,111.666666666667,2,243
14260,68,2.229894,536,14272,N,113.333333333333,2,243
13362,69,2.19245175,527,14260,N,115,2,243
13585,70,1.015101,244,13362,Y,116.666666666667,3,243
2527,0,1.08582525,261,NA,N,0,0,244
2517,1,1.17735075,283,2527,N,1.66666666666667,0,244
2546,2,1.231434,296,2517,N,3.33333333333333,0,244
2593,3,1.381203,332,2546,N,5,0,244
2776,4,1.34376075,323,2593,N,6.66666666666667,0,244
2525,5,1.42696575,343,2776,N,8.33333333333333,0,244
2061,6,1.46024775,351,2525,N,10,0,244
2507,7,1.51017075,363,2061,N,11.6666666666667,0,244
3597,8,1.4560875,350,2507,N,13.3333333333333,0,244
3817,9,1.4893695,358,3597,N,15,0,244
3967,10,1.61001675,387,3817,N,16.6666666666667,0,244
3666,11,1.61001675,387,3967,N,18.3333333333333,0,244
4078,12,1.647459,396,3666,N,20,0,244
3393,13,1.52681175,367,4078,N,21.6666666666667,0,244
3239,14,1.614177,388,3393,N,23.3333333333333,0,244
3908,15,1.597536,384,3239,N,25,0,244
4755,16,1.680741,404,3908,N,26.6666666666667,0,244
4622,17,1.680741,404,4755,N,28.3333333333333,0,244
5147,18,1.72650375,415,4622,N,30,0,244
4752,19,1.763946,424,5147,N,31.6666666666667,0,244
5099,20,1.83051,440,4752,N,33.3333333333333,0,244
4757,21,1.95947775,471,5099,N,35,0,244
5386,22,2.080125,500,4757,N,36.6666666666667,0,244
4820,23,2.246535,540,5386,N,38.3333333333333,0,244
6426,24,2.5876755,622,4820,N,40,0,244
5857,25,1.45192725,349,6426,Y,41.6666666666667,1,244
5635,26,1.46024775,351,5857,N,43.3333333333333,1,244
5992,27,1.364562,328,5635,N,45,1,244
6027,28,1.347921,324,5992,N,46.6666666666667,1,244
6049,29,1.514331,364,6027,N,48.3333333333333,1,244
5971,30,1.61833725,389,6049,N,50,1,244
6613,31,1.6391385,394,5971,N,51.6666666666667,1,244
7763,32,1.73482425,417,6613,N,53.3333333333333,1,244
7291,33,1.69322175,407,7763,N,55,1,244
6774,34,1.8388305,442,7291,N,56.6666666666667,1,244
7224,35,1.647459,396,6774,N,58.3333333333333,1,244
7311,36,2.08428525,501,7224,N,60,1,244
7123,37,1.80138825,433,7311,N,61.6666666666667,1,244
7293,38,1.96779825,473,7123,N,63.3333333333333,1,244
7947,39,1.8721125,450,7293,N,65,1,244
8121,40,1.97611875,475,7947,N,66.6666666666667,1,244
8594,41,2.25901575,543,8121,N,68.3333333333333,1,244
9235,42,2.4545475,590,8594,N,70,1,244
8501,43,1.38536325,333,9235,Y,71.6666666666667,2,244
8295,44,1.46856825,353,8501,N,73.3333333333333,2,244
9031,45,1.6391385,394,8295,N,75,2,244
8839,46,1.58505525,381,9031,N,76.6666666666667,2,244
9419,47,1.5226515,366,8839,N,78.3333333333333,2,244
10504,48,1.8721125,450,9419,N,80,2,244
9791,49,1.68490125,405,10504,N,81.6666666666667,2,244
10840,50,1.79306775,431,9791,N,83.3333333333333,2,244
9944,51,1.797228,432,10840,N,85,2,244
10238,52,1.880433,452,9944,N,86.6666666666667,2,244
10549,53,2.246535,540,10238,N,88.3333333333333,2,244
9737,54,2.363022,568,10549,N,90,2,244
11538,55,2.4545475,590,9737,N,91.6666666666667,2,244
11769,56,1.1731905,282,11538,Y,93.3333333333333,3,244
11651,57,1.10246625,265,11769,N,95,3,244
12292,58,1.198152,288,11651,N,96.6666666666667,3,244
11600,59,1.297998,312,12292,N,98.3333333333333,3,244
11516,60,1.07750475,259,11600,N,100,3,244
12200,62,1.5392925,370,11516,N,103.333333333333,3,244
13761,63,1.597536,384,12200,N,105,3,244
13353,64,1.8055485,434,13761,N,106.666666666667,3,244
13501,65,1.63497825,393,13353,N,108.333333333333,3,244
12847,66,1.813869,436,13501,N,110,3,244
14150,67,2.013561,484,12847,N,111.666666666667,3,244
14149,68,2.05100325,493,14150,N,113.333333333333,3,244
13261,69,2.11756725,509,14149,N,115,3,244
13435,70,0.94437675,227,13261,Y,116.666666666667,4,244
2232,0,0.79460775,191,NA,N,0,0,245
2270,1,0.798768,192,2232,N,1.66666666666667,0,245
2263,2,0.86949225,209,2270,N,3.33333333333333,0,245
2357,3,0.9069345,218,2263,N,5,0,245
2227,4,0.9402165,226,2357,N,6.66666666666667,0,245
2399,5,0.99429975,239,2227,N,8.33333333333333,0,245
2020,6,1.0400625,250,2399,N,10,0,245
2241,7,1.0899855,262,2020,N,11.6666666666667,0,245
3360,8,1.08582525,261,2241,N,13.3333333333333,0,245
3541,9,1.09414575,263,3360,N,15,0,245
3265,10,1.114947,268,3541,N,16.6666666666667,0,245
3413,11,1.114947,268,3265,N,18.3333333333333,0,245
3789,12,1.16070975,279,3413,N,20,0,245
3229,13,1.1565495,278,3789,N,21.6666666666667,0,245
3153,14,1.18567125,285,3229,N,23.3333333333333,0,245
3564,15,1.2231135,294,3153,N,25,0,245
4412,16,1.24391475,299,3564,N,26.6666666666667,0,245
4425,17,1.32711975,319,4412,N,28.3333333333333,0,245
4511,18,1.41032475,339,4425,N,30,0,245
4368,19,1.3895235,334,4511,N,31.6666666666667,0,245
4685,20,1.51849125,365,4368,N,33.3333333333333,0,245
4479,21,1.530972,368,4685,N,35,0,245
5325,22,1.4394465,346,4479,N,36.6666666666667,0,245
4456,23,1.39368375,335,5325,N,38.3333333333333,0,245
5563,24,1.5226515,366,4456,N,40,0,245
5513,25,1.58505525,381,5563,N,41.6666666666667,0,245
5585,26,1.580895,380,5513,N,43.3333333333333,0,245
5764,27,1.54345275,371,5585,N,45,0,245
5806,28,1.57673475,379,5764,N,46.6666666666667,0,245
5794,29,1.58505525,381,5806,N,48.3333333333333,0,245
5560,30,1.65993975,399,5794,N,50,0,245
6564,31,1.73482425,417,5560,N,51.6666666666667,0,245
7693,32,1.797228,432,6564,N,53.3333333333333,0,245
7033,33,1.83051,440,7693,N,55,0,245
6726,34,2.0052405,482,7033,N,56.6666666666667,0,245
6960,35,2.213253,532,6726,N,58.3333333333333,0,245
7057,36,2.3047785,554,6960,N,60,0,245
6871,37,2.42542575,583,7057,N,61.6666666666667,0,245
7047,38,2.89969425,697,6871,N,63.3333333333333,0,245
7892,39,2.5876755,622,7047,N,65,0,245
8067,40,1.297998,312,7892,Y,66.6666666666667,1,245
8458,41,1.41032475,339,8067,N,68.3333333333333,1,245
9184,42,1.397844,336,8458,N,70,1,245
8355,43,1.56009375,375,9184,N,71.6666666666667,1,245
8244,44,1.747305,420,8355,N,73.3333333333333,1,245
8919,45,1.89291375,455,8244,N,75,1,245
8693,46,1.897074,456,8919,N,76.6666666666667,1,245
9363,47,1.897074,456,8693,N,78.3333333333333,1,245
10404,48,1.00262025,241,9363,Y,80,2,245
9564,49,1.198152,288,10404,N,81.6666666666667,2,245
10770,50,1.28551725,309,9564,N,83.3333333333333,2,245
9725,51,1.24391475,299,10770,N,85,2,245
10171,52,1.08582525,261,9725,N,86.6666666666667,2,245
10419,53,1.2064725,290,10171,N,88.3333333333333,2,245
9613,54,1.46024775,351,10419,N,90,2,245
11200,55,1.49769,360,9613,N,91.6666666666667,2,245
11360,56,1.65161925,397,11200,N,93.3333333333333,2,245
15097,57,NA,-1,11360,Y,95,3,245
2232,0,0.79460775,191,NA,N,0,0,246
2270,1,0.798768,192,2232,N,1.66666666666667,0,246
2263,2,0.86949225,209,2270,N,3.33333333333333,0,246
2357,3,0.9069345,218,2263,N,5,0,246
2227,4,0.9402165,226,2357,N,6.66666666666667,0,246
2399,5,0.99429975,239,2227,N,8.33333333333333,0,246
2020,6,1.0400625,250,2399,N,10,0,246
2241,7,1.0899855,262,2020,N,11.6666666666667,0,246
3360,8,1.08582525,261,2241,N,13.3333333333333,0,246
3541,9,1.09414575,263,3360,N,15,0,246
3265,10,1.114947,268,3541,N,16.6666666666667,0,246
3413,11,1.114947,268,3265,N,18.3333333333333,0,246
3789,12,1.16070975,279,3413,N,20,0,246
3229,13,1.1565495,278,3789,N,21.6666666666667,0,246
3153,14,1.18567125,285,3229,N,23.3333333333333,0,246
3564,15,1.2231135,294,3153,N,25,0,246
4412,16,1.24391475,299,3564,N,26.6666666666667,0,246
4425,17,1.32711975,319,4412,N,28.3333333333333,0,246
4511,18,1.41032475,339,4425,N,30,0,246
4368,19,1.3895235,334,4511,N,31.6666666666667,0,246
4685,20,1.51849125,365,4368,N,33.3333333333333,0,246
4479,21,1.530972,368,4685,N,35,0,246
5325,22,1.4394465,346,4479,N,36.6666666666667,0,246
4456,23,1.39368375,335,5325,N,38.3333333333333,0,246
5563,24,1.5226515,366,4456,N,40,0,246
5513,25,1.58505525,381,5563,N,41.6666666666667,0,246
5585,26,1.580895,380,5513,N,43.3333333333333,0,246
5764,27,1.54345275,371,5585,N,45,0,246
5806,28,1.57673475,379,5764,N,46.6666666666667,0,246
5794,29,1.58505525,381,5806,N,48.3333333333333,0,246
5560,30,1.65993975,399,5794,N,50,0,246
6564,31,1.73482425,417,5560,N,51.6666666666667,0,246
7693,32,1.797228,432,6564,N,53.3333333333333,0,246
7033,33,1.83051,440,7693,N,55,0,246
6726,34,2.0052405,482,7033,N,56.6666666666667,0,246
6960,35,2.213253,532,6726,N,58.3333333333333,0,246
7057,36,2.3047785,554,6960,N,60,0,246
6871,37,2.42542575,583,7057,N,61.6666666666667,0,246
7047,38,2.89969425,697,6871,N,63.3333333333333,0,246
7892,39,2.5876755,622,7047,N,65,0,246
8067,40,1.297998,312,7892,Y,66.6666666666667,1,246
8458,41,1.41032475,339,8067,N,68.3333333333333,1,246
9184,42,1.397844,336,8458,N,70,1,246
8355,43,1.56009375,375,9184,N,71.6666666666667,1,246
8244,44,1.747305,420,8355,N,73.3333333333333,1,246
8919,45,1.89291375,455,8244,N,75,1,246
8693,46,1.897074,456,8919,N,76.6666666666667,1,246
9363,47,1.897074,456,8693,N,78.3333333333333,1,246
10402,48,0.965178,232,9363,Y,80,2,246
9563,49,0.81124875,195,10402,N,81.6666666666667,2,246
10769,50,0.8902935,214,9563,N,83.3333333333333,2,246
9723,51,0.8237295,198,10769,N,85,2,246
10170,52,1.01926125,245,9723,N,86.6666666666667,2,246
10417,53,1.03590225,249,10170,N,88.3333333333333,2,246
9612,54,1.21895325,293,10417,N,90,2,246
11191,55,1.57673475,379,9612,N,91.6666666666667,2,246
11347,56,1.5725745,378,11191,N,93.3333333333333,2,246
11241,57,1.66826025,401,11347,N,95,2,246
11814,58,0.88613325,213,11241,Y,96.6666666666667,3,246
2232,0,0.79460775,191,NA,N,0,0,247
2270,1,0.798768,192,2232,N,1.66666666666667,0,247
2263,2,0.86949225,209,2270,N,3.33333333333333,0,247
2357,3,0.9069345,218,2263,N,5,0,247
2227,4,0.9402165,226,2357,N,6.66666666666667,0,247
2399,5,0.99429975,239,2227,N,8.33333333333333,0,247
2020,6,1.0400625,250,2399,N,10,0,247
2241,7,1.0899855,262,2020,N,11.6666666666667,0,247
3360,8,1.08582525,261,2241,N,13.3333333333333,0,247
3541,9,1.09414575,263,3360,N,15,0,247
3265,10,1.114947,268,3541,N,16.6666666666667,0,247
3413,11,1.114947,268,3265,N,18.3333333333333,0,247
3789,12,1.16070975,279,3413,N,20,0,247
3229,13,1.1565495,278,3789,N,21.6666666666667,0,247
3153,14,1.18567125,285,3229,N,23.3333333333333,0,247
3564,15,1.2231135,294,3153,N,25,0,247
4412,16,1.24391475,299,3564,N,26.6666666666667,0,247
4425,17,1.32711975,319,4412,N,28.3333333333333,0,247
4511,18,1.41032475,339,4425,N,30,0,247
4368,19,1.3895235,334,4511,N,31.6666666666667,0,247
4685,20,1.51849125,365,4368,N,33.3333333333333,0,247
4479,21,1.530972,368,4685,N,35,0,247
5325,22,1.4394465,346,4479,N,36.6666666666667,0,247
4456,23,1.39368375,335,5325,N,38.3333333333333,0,247
5563,24,1.5226515,366,4456,N,40,0,247
5513,25,1.58505525,381,5563,N,41.6666666666667,0,247
5585,26,1.580895,380,5513,N,43.3333333333333,0,247
5764,27,1.54345275,371,5585,N,45,0,247
5806,28,1.57673475,379,5764,N,46.6666666666667,0,247
5794,29,1.58505525,381,5806,N,48.3333333333333,0,247
5560,30,1.65993975,399,5794,N,50,0,247
6564,31,1.73482425,417,5560,N,51.6666666666667,0,247
7693,32,1.797228,432,6564,N,53.3333333333333,0,247
7033,33,1.83051,440,7693,N,55,0,247
6726,34,2.0052405,482,7033,N,56.6666666666667,0,247
6960,35,2.213253,532,6726,N,58.3333333333333,0,247
7057,36,2.3047785,554,6960,N,60,0,247
6871,37,2.42542575,583,7057,N,61.6666666666667,0,247
7047,38,2.89969425,697,6871,N,63.3333333333333,0,247
7892,39,2.5876755,622,7047,N,65,0,247
8067,40,1.297998,312,7892,Y,66.6666666666667,1,247
8458,41,1.41032475,339,8067,N,68.3333333333333,1,247
9184,42,1.397844,336,8458,N,70,1,247
8355,43,1.56009375,375,9184,N,71.6666666666667,1,247
8244,44,1.747305,420,8355,N,73.3333333333333,1,247
8919,45,1.89291375,455,8244,N,75,1,247
8693,46,1.897074,456,8919,N,76.6666666666667,1,247
9363,47,1.897074,456,8693,N,78.3333333333333,1,247
10402,48,0.965178,232,9363,Y,80,2,247
9563,49,0.81124875,195,10402,N,81.6666666666667,2,247
10769,50,0.8902935,214,9563,N,83.3333333333333,2,247
9723,51,0.8237295,198,10769,N,85,2,247
10170,52,1.01926125,245,9723,N,86.6666666666667,2,247
10417,53,1.03590225,249,10170,N,88.3333333333333,2,247
9612,54,1.21895325,293,10417,N,90,2,247
11191,55,1.57673475,379,9612,N,91.6666666666667,2,247
11347,56,1.5725745,378,11191,N,93.3333333333333,2,247
11241,57,1.66826025,401,11347,N,95,2,247
11819,58,0.815409,196,11241,Y,96.6666666666667,3,247
11127,59,1.031742,248,11819,N,98.3333333333333,3,247
11039,60,1.048383,252,11127,N,100,3,247
11132,62,1.264716,304,11039,N,103.333333333333,3,247
13528,63,1.314639,316,11132,N,105,3,247
13170,64,1.36040175,327,13528,N,106.666666666667,3,247
12993,65,1.630818,392,13170,N,108.333333333333,3,247
12771,66,0.73636425,177,12993,Y,110,4,247
2882,0,1.3728825,330,NA,N,0,0,248
2800,1,1.3562415,326,2882,N,1.66666666666667,0,248
2687,2,1.3895235,334,2800,N,3.33333333333333,0,248
2949,3,1.431126,344,2687,N,5,0,248
3082,4,1.431126,344,2949,N,6.66666666666667,0,248
2813,5,1.7057025,410,3082,N,8.33333333333333,0,248
2111,6,1.630818,392,2813,N,10,0,248
2887,7,1.65993975,399,2111,N,11.6666666666667,0,248
3875,8,1.7389845,418,2887,N,13.3333333333333,0,248
4091,9,1.75978575,423,3875,N,15,0,248
4166,10,1.72650375,415,4091,N,16.6666666666667,0,248
3959,11,1.680741,404,4166,N,18.3333333333333,0,248
4250,12,1.564254,376,3959,N,20,0,248
3675,13,1.763946,424,4250,N,21.6666666666667,0,248
3433,14,1.77642675,427,3675,N,23.3333333333333,0,248
4237,15,1.71818325,413,3433,N,25,0,248
4995,16,1.79306775,431,4237,N,26.6666666666667,0,248
4875,17,1.79306775,431,4995,N,28.3333333333333,0,248
5206,18,2.030202,488,4875,N,30,0,248
4993,19,2.1383685,514,5206,N,31.6666666666667,0,248
5273,20,2.046843,492,4993,N,33.3333333333333,0,248
5036,21,2.1217275,510,5273,N,35,0,248
5435,22,1.06918425,257,5036,Y,36.6666666666667,1,248
5091,23,1.1399085,274,5435,N,38.3333333333333,1,248
6504,24,1.16487,280,5091,N,40,1,248
6089,25,1.31879925,317,6504,N,41.6666666666667,1,248
5680,26,1.33128,320,6089,N,43.3333333333333,1,248
6225,27,1.46024775,351,5680,N,45,1,248
6312,28,1.46024775,351,6225,N,46.6666666666667,1,248
6289,29,1.56841425,377,6312,N,48.3333333333333,1,248
6215,30,1.57673475,379,6289,N,50,1,248
6661,31,1.66826025,401,6215,N,51.6666666666667,1,248
7809,32,1.7223435,414,6661,N,53.3333333333333,1,248
7545,33,1.73482425,417,7809,N,55,1,248
6832,34,1.980279,476,7545,N,56.6666666666667,1,248
7518,35,1.9553175,470,6832,N,58.3333333333333,1,248
7664,36,2.32557975,559,7518,N,60,1,248
7319,37,1.9220355,462,7664,N,61.6666666666667,1,248
7511,38,2.34222075,563,7319,N,63.3333333333333,1,248
7996,39,0.90277425,217,7511,Y,65,2,248
8171,40,1.06918425,257,7996,N,66.6666666666667,2,248
8722,41,1.16903025,281,8171,N,68.3333333333333,2,248
2882,0,1.3728825,330,NA,N,0,0,249
2800,1,1.3562415,326,2882,N,1.66666666666667,0,249
2687,2,1.3895235,334,2800,N,3.33333333333333,0,249
2949,3,1.431126,344,2687,N,5,0,249
3082,4,1.431126,344,2949,N,6.66666666666667,0,249
2813,5,1.7057025,410,3082,N,8.33333333333333,0,249
2111,6,1.630818,392,2813,N,10,0,249
2887,7,1.65993975,399,2111,N,11.6666666666667,0,249
3875,8,1.7389845,418,2887,N,13.3333333333333,0,249
4091,9,1.75978575,423,3875,N,15,0,249
4166,10,1.72650375,415,4091,N,16.6666666666667,0,249
3959,11,1.680741,404,4166,N,18.3333333333333,0,249
4250,12,1.564254,376,3959,N,20,0,249
3675,13,1.763946,424,4250,N,21.6666666666667,0,249
3433,14,1.77642675,427,3675,N,23.3333333333333,0,249
4237,15,1.71818325,413,3433,N,25,0,249
4995,16,1.79306775,431,4237,N,26.6666666666667,0,249
4875,17,1.79306775,431,4995,N,28.3333333333333,0,249
5206,18,2.030202,488,4875,N,30,0,249
4993,19,2.1383685,514,5206,N,31.6666666666667,0,249
5273,20,2.046843,492,4993,N,33.3333333333333,0,249
5036,21,2.1217275,510,5273,N,35,0,249
5435,22,1.06918425,257,5036,Y,36.6666666666667,1,249
5091,23,1.1399085,274,5435,N,38.3333333333333,1,249
6504,24,1.16487,280,5091,N,40,1,249
6089,25,1.31879925,317,6504,N,41.6666666666667,1,249
5680,26,1.33128,320,6089,N,43.3333333333333,1,249
6225,27,1.46024775,351,5680,N,45,1,249
6312,28,1.46024775,351,6225,N,46.6666666666667,1,249
6289,29,1.56841425,377,6312,N,48.3333333333333,1,249
6215,30,1.57673475,379,6289,N,50,1,249
6661,31,1.66826025,401,6215,N,51.6666666666667,1,249
7809,32,1.7223435,414,6661,N,53.3333333333333,1,249
7545,33,1.73482425,417,7809,N,55,1,249
6832,34,1.980279,476,7545,N,56.6666666666667,1,249
7518,35,1.9553175,470,6832,N,58.3333333333333,1,249
7664,36,2.32557975,559,7518,N,60,1,249
7319,37,1.9220355,462,7664,N,61.6666666666667,1,249
7511,38,2.34222075,563,7319,N,63.3333333333333,1,249
7997,39,1.04422275,251,7511,Y,65,2,249
8172,40,1.2231135,294,7997,N,66.6666666666667,2,249
8724,41,1.1731905,282,8172,N,68.3333333333333,2,249
9289,42,1.3728825,330,8724,N,70,2,249
8660,43,1.37704275,331,9289,N,71.6666666666667,2,249
8420,44,1.61833725,389,8660,N,73.3333333333333,2,249
9111,45,1.72650375,415,8420,N,75,2,249
8964,46,1.83467025,441,9111,N,76.6666666666667,2,249
9480,47,1.913715,460,8964,N,78.3333333333333,2,249
10618,48,2.130048,512,9480,N,80,2,249
9949,49,2.0218815,486,10618,N,81.6666666666667,2,249
10906,50,2.35886175,567,9949,N,83.3333333333333,2,249
10030,51,2.0718045,498,10906,N,85,2,249
10302,52,1.098306,264,10030,Y,86.6666666666667,3,249
10668,53,1.131588,272,10302,N,88.3333333333333,3,249
9881,54,1.16903025,281,10668,N,90,3,249
11971,55,1.25223525,301,9881,N,91.6666666666667,3,249
12279,56,1.314639,316,11971,N,93.3333333333333,3,249
12263,57,1.447767,348,12279,N,95,3,249
12642,58,1.56009375,375,12263,N,96.6666666666667,3,249
12153,59,1.8055485,434,12642,N,98.3333333333333,3,249
12021,60,1.61001675,387,12153,N,100,3,249
12618,62,2.14252875,515,12021,N,103.333333333333,3,249
14027,63,2.263176,544,12618,N,105,3,249
2256,0,1.148229,276,NA,N,0,0,250
2290,1,1.2397545,298,2256,N,1.66666666666667,0,250
2276,2,1.26055575,303,2290,N,3.33333333333333,0,250
2391,3,1.25223525,301,2276,N,5,0,250
2242,4,1.1898315,286,2391,N,6.66666666666667,0,250
2407,5,1.21063275,291,2242,N,8.33333333333333,0,250
2024,6,1.31879925,317,2407,N,10,0,250
2260,7,1.31047875,315,2024,N,11.6666666666667,0,250
3375,8,1.21895325,293,2260,N,13.3333333333333,0,250
3560,9,1.31047875,315,3375,N,15,0,250
3275,10,1.30215825,313,3560,N,16.6666666666667,0,250
3437,11,1.431126,344,3275,N,18.3333333333333,0,250
3814,12,1.630818,392,3437,N,20,0,250
3240,13,1.63497825,393,3814,N,21.6666666666667,0,250
3158,14,1.56841425,377,3240,N,23.3333333333333,0,250
3625,15,1.65993975,399,3158,N,25,0,250
4439,16,2.01772125,485,3625,N,26.6666666666667,0,250
4440,17,1.94283675,467,4439,N,28.3333333333333,0,250
4528,18,2.2382145,538,4440,N,30,0,250
4375,19,2.16749025,521,4528,N,31.6666666666667,0,250
5266,20,1.13574825,273,4375,Y,33.3333333333333,1,250
4971,21,1.16487,280,5266,N,35,1,250
5426,22,1.10246625,265,4971,N,36.6666666666667,1,250
5023,23,1.12742775,271,5426,N,38.3333333333333,1,250
6494,24,1.181511,284,5023,N,40,1,250
6035,25,1.22727375,295,6494,N,41.6666666666667,1,250
5669,26,1.231434,296,6035,N,43.3333333333333,1,250
6170,27,1.198152,288,5669,N,45,1,250
6237,28,1.364562,328,6170,N,46.6666666666667,1,250
6254,29,1.29383775,311,6237,N,48.3333333333333,1,250
6161,30,1.25223525,301,6254,N,50,1,250
6651,31,1.25223525,301,6161,N,51.6666666666667,1,250
7800,32,1.381203,332,6651,N,53.3333333333333,1,250
7517,33,1.56841425,377,7800,N,55,1,250
6817,34,1.580895,380,7517,N,56.6666666666667,1,250
7485,35,1.60169625,385,6817,N,58.3333333333333,1,250
7645,36,1.61833725,389,7485,N,60,1,250
7276,37,1.8887535,454,7645,N,61.6666666666667,1,250
7444,38,1.863792,448,7276,N,63.3333333333333,1,250
7986,39,1.81802925,437,7444,N,65,1,250
8160,40,1.9885995,478,7986,N,66.6666666666667,1,250
8691,41,2.0551635,494,8160,N,68.3333333333333,1,250
9279,42,2.05100325,493,8691,N,70,1,250
8631,43,2.2714965,546,9279,N,71.6666666666667,1,250
8387,44,2.30893875,555,8631,N,73.3333333333333,1,250
9098,45,1.098306,264,8387,Y,75,2,250
8940,46,1.181511,284,9098,N,76.6666666666667,2,250
2256,0,1.148229,276,NA,N,0,0,251
2290,1,1.2397545,298,2256,N,1.66666666666667,0,251
2276,2,1.26055575,303,2290,N,3.33333333333333,0,251
2391,3,1.25223525,301,2276,N,5,0,251
2242,4,1.1898315,286,2391,N,6.66666666666667,0,251
2407,5,1.21063275,291,2242,N,8.33333333333333,0,251
2024,6,1.31879925,317,2407,N,10,0,251
2260,7,1.31047875,315,2024,N,11.6666666666667,0,251
3375,8,1.21895325,293,2260,N,13.3333333333333,0,251
3560,9,1.31047875,315,3375,N,15,0,251
3275,10,1.30215825,313,3560,N,16.6666666666667,0,251
3437,11,1.431126,344,3275,N,18.3333333333333,0,251
3814,12,1.630818,392,3437,N,20,0,251
3240,13,1.63497825,393,3814,N,21.6666666666667,0,251
3158,14,1.56841425,377,3240,N,23.3333333333333,0,251
3625,15,1.65993975,399,3158,N,25,0,251
4439,16,2.01772125,485,3625,N,26.6666666666667,0,251
4440,17,1.94283675,467,4439,N,28.3333333333333,0,251
4528,18,2.2382145,538,4440,N,30,0,251
4375,19,2.16749025,521,4528,N,31.6666666666667,0,251
5266,20,1.13574825,273,4375,Y,33.3333333333333,1,251
4971,21,1.16487,280,5266,N,35,1,251
5426,22,1.10246625,265,4971,N,36.6666666666667,1,251
5023,23,1.12742775,271,5426,N,38.3333333333333,1,251
6494,24,1.181511,284,5023,N,40,1,251
6035,25,1.22727375,295,6494,N,41.6666666666667,1,251
5669,26,1.231434,296,6035,N,43.3333333333333,1,251
6170,27,1.198152,288,5669,N,45,1,251
6237,28,1.364562,328,6170,N,46.6666666666667,1,251
6254,29,1.29383775,311,6237,N,48.3333333333333,1,251
6161,30,1.25223525,301,6254,N,50,1,251
6651,31,1.25223525,301,6161,N,51.6666666666667,1,251
7800,32,1.381203,332,6651,N,53.3333333333333,1,251
7517,33,1.56841425,377,7800,N,55,1,251
6817,34,1.580895,380,7517,N,56.6666666666667,1,251
7485,35,1.60169625,385,6817,N,58.3333333333333,1,251
7645,36,1.61833725,389,7485,N,60,1,251
7276,37,1.8887535,454,7645,N,61.6666666666667,1,251
7444,38,1.863792,448,7276,N,63.3333333333333,1,251
7986,39,1.81802925,437,7444,N,65,1,251
8160,40,1.9885995,478,7986,N,66.6666666666667,1,251
8691,41,2.0551635,494,8160,N,68.3333333333333,1,251
9279,42,2.05100325,493,8691,N,70,1,251
8631,43,2.2714965,546,9279,N,71.6666666666667,1,251
8387,44,2.30893875,555,8631,N,73.3333333333333,1,251
9099,45,1.131588,272,8387,Y,75,2,251
8938,46,1.1731905,282,9099,N,76.6666666666667,2,251
9470,47,1.464408,352,8938,N,78.3333333333333,2,251
10598,48,1.60169625,385,9470,N,80,2,251
9925,49,1.5392925,370,10598,N,81.6666666666667,2,251
10892,50,1.77642675,427,9925,N,83.3333333333333,2,251
10007,51,1.83051,440,10892,N,85,2,251
10291,52,1.9553175,470,10007,N,86.6666666666667,2,251
10658,53,1.99275975,479,10291,N,88.3333333333333,2,251
9864,54,2.0884455,502,10658,N,90,2,251
11907,55,2.196612,528,9864,N,91.6666666666667,2,251
12164,56,0.81124875,195,11907,Y,93.3333333333333,3,251
12170,57,0.981819,236,12164,N,95,3,251
12617,58,0.8570115,206,12170,N,96.6666666666667,3,251
12055,59,0.8403705,202,12617,N,98.3333333333333,3,251
11893,60,0.815409,196,12055,N,100,3,251
2884,0,0.86949225,209,NA,N,0,0,252
2804,1,0.91109475,219,2884,N,1.66666666666667,0,252
2690,2,0.89445375,215,2804,N,3.33333333333333,0,252
2952,3,0.96101775,231,2690,N,5,0,252
3084,4,1.0067805,242,2952,N,6.66666666666667,0,252
2816,5,1.07750475,259,3084,N,8.33333333333333,0,252
2112,6,1.0899855,262,2816,N,10,0,252
2890,7,1.098306,264,2112,N,11.6666666666667,0,252
3880,8,1.131588,272,2890,N,13.3333333333333,0,252
4095,9,1.048383,252,3880,N,15,0,252
4168,10,1.198152,288,4095,N,16.6666666666667,0,252
3966,11,1.1731905,282,4168,N,18.3333333333333,0,252
4251,12,1.25223525,301,3966,N,20,0,252
3681,13,1.36040175,327,4251,N,21.6666666666667,0,252
3439,14,1.31879925,317,3681,N,23.3333333333333,0,252
4239,15,1.26887625,305,3439,N,25,0,252
4998,16,1.16903025,281,4239,N,26.6666666666667,0,252
4880,17,1.297998,312,4998,N,28.3333333333333,0,252
5207,18,1.33128,320,4880,N,30,0,252
4999,19,1.18567125,285,5207,N,31.6666666666667,0,252
5274,20,1.2896775,310,4999,N,33.3333333333333,0,252
5040,21,1.4228055,342,5274,N,35,0,252
5437,22,1.44360675,347,5040,N,36.6666666666667,0,252
5097,23,2.07596475,499,5437,N,38.3333333333333,0,252
6505,24,2.20909275,531,5097,N,40,0,252
6094,25,2.0052405,482,6505,N,41.6666666666667,0,252
5681,26,2.40046425,577,6094,N,43.3333333333333,0,252
6234,27,1.40200425,337,5681,Y,45,1,252
6326,28,1.28551725,309,6234,N,46.6666666666667,1,252
6293,29,1.33128,320,6326,N,48.3333333333333,1,252
6229,30,1.33544025,321,6293,N,50,1,252
6663,31,1.31879925,317,6229,N,51.6666666666667,1,252
7811,32,1.52681175,367,6663,N,53.3333333333333,1,252
7549,33,1.514331,364,7811,N,55,1,252
6834,34,1.65161925,397,7549,N,56.6666666666667,1,252
7522,35,1.1399085,274,6834,N,58.3333333333333,1,252
7665,36,1.73482425,417,7522,N,60,1,252
7323,37,1.80970875,435,7665,N,61.6666666666667,1,252
7516,38,1.90955475,459,7323,N,63.3333333333333,1,252
7998,39,1.7389845,418,7516,N,65,1,252
8173,40,2.01772125,485,7998,N,66.6666666666667,1,252
8726,41,2.2714965,546,8173,N,68.3333333333333,1,252
9290,42,0.8070885,194,8726,Y,70,2,252
8514,43,1.0234215,246,9290,N,71.6666666666667,2,252
8423,44,1.08582525,261,8514,N,73.3333333333333,2,252
9112,45,1.12742775,271,8423,N,75,2,252
8966,46,1.25223525,301,9112,N,76.6666666666667,2,252
9481,47,1.31047875,315,8966,N,78.3333333333333,2,252
10406,48,1.42696575,343,9481,N,80,2,252
10775,50,1.70986275,411,10406,N,83.3333333333333,2,252
9731,51,1.7223435,414,10775,N,85,2,252
10378,52,1.847151,444,9731,N,86.6666666666667,2,252
10788,53,1.9719585,474,10378,N,88.3333333333333,2,252
10110,54,0.83621025,201,10788,Y,90,3,252
12349,55,0.80292825,193,10110,N,91.6666666666667,3,252
2884,0,0.86949225,209,NA,N,0,0,253
2804,1,0.91109475,219,2884,N,1.66666666666667,0,253
2690,2,0.89445375,215,2804,N,3.33333333333333,0,253
2952,3,0.96101775,231,2690,N,5,0,253
3084,4,1.0067805,242,2952,N,6.66666666666667,0,253
2816,5,1.07750475,259,3084,N,8.33333333333333,0,253
2112,6,1.0899855,262,2816,N,10,0,253
2890,7,1.098306,264,2112,N,11.6666666666667,0,253
3880,8,1.131588,272,2890,N,13.3333333333333,0,253
4095,9,1.048383,252,3880,N,15,0,253
4168,10,1.198152,288,4095,N,16.6666666666667,0,253
3966,11,1.1731905,282,4168,N,18.3333333333333,0,253
4251,12,1.25223525,301,3966,N,20,0,253
3681,13,1.36040175,327,4251,N,21.6666666666667,0,253
3439,14,1.31879925,317,3681,N,23.3333333333333,0,253
4239,15,1.26887625,305,3439,N,25,0,253
4998,16,1.16903025,281,4239,N,26.6666666666667,0,253
4880,17,1.297998,312,4998,N,28.3333333333333,0,253
5207,18,1.33128,320,4880,N,30,0,253
4999,19,1.18567125,285,5207,N,31.6666666666667,0,253
5274,20,1.2896775,310,4999,N,33.3333333333333,0,253
5040,21,1.4228055,342,5274,N,35,0,253
5437,22,1.44360675,347,5040,N,36.6666666666667,0,253
5097,23,2.07596475,499,5437,N,38.3333333333333,0,253
6505,24,2.20909275,531,5097,N,40,0,253
6094,25,2.0052405,482,6505,N,41.6666666666667,0,253
5681,26,2.40046425,577,6094,N,43.3333333333333,0,253
6234,27,1.40200425,337,5681,Y,45,1,253
6326,28,1.28551725,309,6234,N,46.6666666666667,1,253
6293,29,1.33128,320,6326,N,48.3333333333333,1,253
6229,30,1.33544025,321,6293,N,50,1,253
6663,31,1.31879925,317,6229,N,51.6666666666667,1,253
7811,32,1.52681175,367,6663,N,53.3333333333333,1,253
7549,33,1.514331,364,7811,N,55,1,253
6834,34,1.65161925,397,7549,N,56.6666666666667,1,253
7522,35,1.1399085,274,6834,N,58.3333333333333,1,253
7665,36,1.73482425,417,7522,N,60,1,253
7323,37,1.80970875,435,7665,N,61.6666666666667,1,253
7516,38,1.90955475,459,7323,N,63.3333333333333,1,253
7998,39,1.7389845,418,7516,N,65,1,253
8173,40,2.01772125,485,7998,N,66.6666666666667,1,253
8726,41,2.2714965,546,8173,N,68.3333333333333,1,253
9291,42,1.18567125,285,8726,Y,70,2,253
8661,43,1.114947,268,9291,N,71.6666666666667,2,253
8426,44,1.2730365,306,8661,N,73.3333333333333,2,253
9113,45,1.580895,380,8426,N,75,2,253
8968,46,1.464408,352,9113,N,76.6666666666667,2,253
9482,47,1.38536325,333,8968,N,78.3333333333333,2,253
10620,48,1.56009375,375,9482,N,80,2,253
9950,49,1.680741,404,10620,N,81.6666666666667,2,253
10907,50,1.6058565,386,9950,N,83.3333333333333,2,253
10032,51,1.87627275,451,10907,N,85,2,253
10303,52,1.94283675,467,10032,N,86.6666666666667,2,253
10672,53,0.96101775,231,10303,Y,88.3333333333333,3,253
9884,54,0.98597925,237,10672,N,90,3,253
11983,55,1.01094075,243,9884,N,91.6666666666667,3,253
12289,56,1.148229,276,11983,N,93.3333333333333,3,253
12269,57,1.2397545,298,12289,N,95,3,253
12646,58,1.248075,300,12269,N,96.6666666666667,3,253
12157,59,1.20231225,289,12646,N,98.3333333333333,3,253
12030,60,1.45192725,349,12157,N,100,3,253
12162,61,1.6890615,406,12030,N,101.666666666667,3,253
12619,62,1.74314475,419,12162,N,103.333333333333,3,253
14031,63,1.82634975,439,12619,N,105,3,253
13768,64,1.847151,444,14031,N,106.666666666667,3,253
14402,65,1.80138825,433,13768,N,108.333333333333,3,253
13040,66,1.84299075,443,14402,N,110,3,253
14760,67,0.78628725,189,13040,Y,111.666666666667,4,253
14509,68,1.1232675,270,14760,N,113.333333333333,4,253
13639,69,1.0733445,258,14509,N,115,4,253
14420,70,1.37704275,331,13639,N,116.666666666667,4,253
2259,0,0.77796675,187,NA,N,0,0,254
2294,1,0.8237295,198,2259,N,1.66666666666667,0,254
2280,2,0.82788975,199,2294,N,3.33333333333333,0,254
2404,3,0.87781275,211,2280,N,5,0,254
2254,4,0.89445375,215,2404,N,6.66666666666667,0,254
2409,5,0.898614,216,2254,N,8.33333333333333,0,254
2025,6,1.0400625,250,2409,N,10,0,254
2265,7,1.048383,252,2025,N,11.6666666666667,0,254
3379,8,1.05254325,253,2265,N,13.3333333333333,0,254
3565,9,1.0567035,254,3379,N,15,0,254
3278,10,1.031742,248,3565,N,16.6666666666667,0,254
3443,11,1.098306,264,3278,N,18.3333333333333,0,254
3820,12,1.181511,284,3443,N,20,0,254
3244,13,1.1399085,274,3820,N,21.6666666666667,0,254
3159,14,1.198152,288,3244,N,23.3333333333333,0,254
3629,15,1.231434,296,3159,N,25,0,254
4443,16,1.2563955,302,3629,N,26.6666666666667,0,254
4445,17,1.297998,312,4443,N,28.3333333333333,0,254
4533,18,1.36872225,329,4445,N,30,0,254
4376,19,1.36872225,329,4533,N,31.6666666666667,0,254
4699,20,1.3895235,334,4376,N,33.3333333333333,0,254
4493,21,1.41864525,341,4699,N,35,0,254
5330,22,1.43528625,345,4493,N,36.6666666666667,0,254
4480,23,1.4893695,358,5330,N,38.3333333333333,0,254
6308,24,1.481049,356,4480,N,40,0,254
5517,25,1.5725745,378,6308,N,41.6666666666667,0,254
5590,26,1.65993975,399,5517,N,43.3333333333333,0,254
5772,27,1.65161925,397,5590,N,45,0,254
5817,28,1.7889075,430,5772,N,46.6666666666667,0,254
5814,29,1.79306775,431,5817,N,48.3333333333333,0,254
5739,30,1.95115725,469,5814,N,50,0,254
6567,31,2.00108025,481,5739,N,51.6666666666667,0,254
7697,32,2.17581075,523,6567,N,53.3333333333333,0,254
7067,33,2.36718225,569,7697,N,55,0,254
6731,34,2.44206675,587,7067,N,56.6666666666667,0,254
6980,35,1.2397545,298,6731,Y,58.3333333333333,1,254
7076,36,1.2896775,310,6980,N,60,1,254
6887,37,1.264716,304,7076,N,61.6666666666667,1,254
7073,38,1.481049,356,6887,N,63.3333333333333,1,254
7897,39,1.51017075,363,7073,N,65,1,254
8072,40,1.4727285,354,7897,N,66.6666666666667,1,254
8473,41,1.464408,352,8072,N,68.3333333333333,1,254
9191,42,1.3895235,334,8473,N,70,1,254
8369,43,1.43528625,345,9191,N,71.6666666666667,1,254
8250,44,1.46024775,351,8369,N,73.3333333333333,1,254
8931,45,1.481049,356,8250,N,75,1,254
8711,46,1.5060105,362,8931,N,76.6666666666667,1,254
9369,47,1.82634975,439,8711,N,78.3333333333333,1,254
10421,48,2.0052405,482,9369,N,80,1,254
9573,49,2.4212655,582,10421,N,81.6666666666667,1,254
10782,50,2.36718225,569,9573,N,83.3333333333333,1,254
9740,51,1.53513225,369,10782,Y,85,2,254
10177,52,1.65993975,399,9740,N,86.6666666666667,2,254
10424,53,1.55177325,373,10177,N,88.3333333333333,2,254
9618,54,1.630818,392,10424,N,90,2,254
11224,55,1.564254,376,9618,N,91.6666666666667,2,254
11412,56,1.68490125,405,11224,N,93.3333333333333,2,254
11258,57,1.86795225,449,11412,N,95,2,254
11853,58,2.0884455,502,11258,N,96.6666666666667,2,254
2888,0,1.74314475,419,NA,N,0,0,255
2811,1,0.8902935,214,2888,Y,1.66666666666667,1,255
2694,2,0.82788975,199,2811,N,3.33333333333333,1,255
2958,3,0.92773575,223,2694,N,5,1,255
3087,4,1.05254325,253,2958,N,6.66666666666667,1,255
2826,5,0.96933825,233,3087,N,8.33333333333333,1,255
2114,6,1.0733445,258,2826,N,10,1,255
2898,7,1.04422275,251,2114,N,11.6666666666667,1,255
3891,8,1.08582525,261,2898,N,13.3333333333333,1,255
4105,9,0.97765875,235,3891,N,15,1,255
4180,10,1.0899855,262,4105,N,16.6666666666667,1,255
3977,11,1.065024,256,4180,N,18.3333333333333,1,255
4253,12,1.16487,280,3977,N,20,1,255
3693,13,1.22727375,295,4253,N,21.6666666666667,1,255
3444,14,1.24391475,299,3693,N,23.3333333333333,1,255
4241,15,1.26055575,303,3444,N,25,1,255
5000,16,1.24391475,299,4241,N,26.6666666666667,1,255
4888,17,1.297998,312,5000,N,28.3333333333333,1,255
5209,18,1.3229595,318,4888,N,30,1,255
5009,19,1.30215825,313,5209,N,31.6666666666667,1,255
5276,20,1.381203,332,5009,N,33.3333333333333,1,255
5044,21,1.41032475,339,5276,N,35,1,255
5439,22,1.547613,372,5044,N,36.6666666666667,1,255
5104,23,1.5725745,378,5439,N,38.3333333333333,1,255
6507,24,1.447767,348,5104,N,40,1,255
6104,25,1.580895,380,6507,N,41.6666666666667,1,255
5683,26,1.7389845,418,6104,N,43.3333333333333,1,255
6242,27,1.81802925,437,5683,N,45,1,255
6330,28,2.20077225,529,6242,N,46.6666666666667,1,255
6297,29,2.15916975,519,6330,N,48.3333333333333,1,255
6243,30,2.2049325,530,6297,N,50,1,255
6665,31,2.4212655,582,6243,N,51.6666666666667,1,255
7814,32,2.3214195,558,6665,N,53.3333333333333,1,255
7558,33,2.6542395,638,7814,N,55,1,255
6842,34,1.4061645,338,7558,Y,56.6666666666667,2,255
7529,35,1.21895325,293,6842,N,58.3333333333333,2,255
7668,36,1.547613,372,7529,N,60,2,255
7327,37,1.64329875,395,7668,N,61.6666666666667,2,255
7519,38,1.74314475,419,7327,N,63.3333333333333,2,255
7999,39,1.76810625,425,7519,N,65,2,255
8174,40,1.80138825,433,7999,N,66.6666666666667,2,255
8728,41,1.84299075,443,8174,N,68.3333333333333,2,255
9292,42,1.73482425,417,8728,N,70,2,255
8666,43,1.87627275,451,9292,N,71.6666666666667,2,255
8429,44,1.80970875,435,8666,N,73.3333333333333,2,255
9114,45,1.77642675,427,8429,N,75,2,255
8970,46,1.88459325,453,9114,N,76.6666666666667,2,255
9483,47,1.963638,472,8970,N,78.3333333333333,2,255
10622,48,1.95115725,469,9483,N,80,2,255
9994,49,2.130048,512,10622,N,81.6666666666667,2,255
10908,50,2.32557975,559,9994,N,83.3333333333333,2,255
10034,51,2.4046245,578,10908,N,85,2,255
10304,52,2.5377525,610,10034,N,86.6666666666667,2,255
2891,0,0.981819,236,NA,N,0,0,256
2815,1,1.02758175,247,2891,N,1.66666666666667,0,256
2696,2,1.0567035,254,2815,N,3.33333333333333,0,256
2960,3,1.06918425,257,2696,N,5,0,256
3089,4,1.10246625,265,2960,N,6.66666666666667,0,256
2831,5,1.12742775,271,3089,N,8.33333333333333,0,256
2115,6,1.2064725,290,2831,N,10,0,256
2903,7,1.24391475,299,2115,N,11.6666666666667,0,256
3897,8,1.2896775,310,2903,N,13.3333333333333,0,256
4113,9,1.34376075,323,3897,N,15,0,256
4182,10,1.2064725,290,4113,N,16.6666666666667,0,256
3988,11,1.2730365,306,4182,N,18.3333333333333,0,256
4255,12,1.36872225,329,3988,N,20,0,256
3704,13,1.39368375,335,4255,N,21.6666666666667,0,256
3457,14,1.3728825,330,3704,N,23.3333333333333,0,256
4245,15,1.41864525,341,3457,N,25,0,256
5003,16,1.4061645,338,4245,N,26.6666666666667,0,256
4894,17,1.46024775,351,5003,N,28.3333333333333,0,256
5211,18,1.46856825,353,4894,N,30,0,256
5020,19,1.4727285,354,5211,N,31.6666666666667,0,256
5278,20,1.46024775,351,5020,N,33.3333333333333,0,256
5048,21,1.51017075,363,5278,N,35,0,256
5440,22,1.50185025,361,5048,N,36.6666666666667,0,256
5108,23,1.53513225,369,5440,N,38.3333333333333,0,256
6508,24,1.547613,372,5108,N,40,0,256
6109,25,1.56841425,377,6508,N,41.6666666666667,0,256
5684,26,1.6058565,386,6109,N,43.3333333333333,0,256
6247,27,1.60169625,385,5684,N,45,0,256
6332,28,1.7057025,410,6247,N,46.6666666666667,0,256
6300,29,1.70154225,409,6332,N,48.3333333333333,0,256
6249,30,1.73482425,417,6300,N,50,0,256
6666,31,1.78474725,429,6249,N,51.6666666666667,0,256
7816,32,1.880433,452,6666,N,53.3333333333333,0,256
7563,33,2.1050865,506,7816,N,55,0,256
6844,34,2.20909275,531,7563,N,56.6666666666667,0,256
7532,35,1.95947775,471,6844,N,58.3333333333333,0,256
7669,36,2.32974,560,7532,N,60,0,256
7333,37,2.50863075,603,7669,N,61.6666666666667,0,256
7525,38,2.69168175,647,7333,N,63.3333333333333,0,256
8000,39,2.7873675,670,7525,N,65,0,256
8175,40,1.3229595,318,8000,Y,66.6666666666667,1,256
8729,41,1.3562415,326,8175,N,68.3333333333333,1,256
9294,42,1.4394465,346,8729,N,70,1,256
8668,43,1.46024775,351,9294,N,71.6666666666667,1,256
8436,44,1.46856825,353,8668,N,73.3333333333333,1,256
9117,45,1.58505525,381,8436,N,75,1,256
8976,46,1.61001675,387,9117,N,76.6666666666667,1,256
9486,47,1.7389845,418,8976,N,78.3333333333333,1,256
10628,48,1.91787525,461,9486,N,80,1,256
10000,49,1.847151,444,10628,N,81.6666666666667,1,256
10910,50,1.97611875,475,10000,N,83.3333333333333,1,256
10038,51,2.14252875,515,10910,N,85,1,256
10306,52,2.1882915,526,10038,N,86.6666666666667,1,256
9890,54,2.4046245,578,10306,N,90,1,256
12000,55,2.695842,648,9890,N,91.6666666666667,1,256
12309,56,1.2397545,298,12000,Y,93.3333333333333,2,256
12286,57,1.29383775,311,12309,N,95,2,256
12650,58,1.46856825,353,12286,N,96.6666666666667,2,256
12178,59,1.42696575,343,12650,N,98.3333333333333,2,256
12038,60,1.6724205,402,12178,N,100,2,256
12184,61,1.763946,424,12038,N,101.666666666667,2,256
12625,62,1.8221895,438,12184,N,103.333333333333,2,256
14040,63,1.88459325,453,12625,N,105,2,256
13779,64,2.2714965,546,14040,N,106.666666666667,2,256
14414,65,2.2714965,546,13779,N,108.333333333333,2,256
13042,66,2.13420825,513,14414,N,110,2,256
14312,67,2.47534875,595,13042,N,111.666666666667,2,256
14299,68,1.3396005,322,14312,Y,113.333333333333,3,256
13399,69,1.231434,296,14299,N,115,3,256
14138,70,1.37704275,331,13399,N,116.666666666667,3,256
2891,0,0.981819,236,NA,N,0,0,257
2815,1,1.02758175,247,2891,N,1.66666666666667,0,257
2696,2,1.0567035,254,2815,N,3.33333333333333,0,257
2960,3,1.06918425,257,2696,N,5,0,257
3089,4,1.10246625,265,2960,N,6.66666666666667,0,257
2831,5,1.12742775,271,3089,N,8.33333333333333,0,257
2115,6,1.2064725,290,2831,N,10,0,257
2903,7,1.24391475,299,2115,N,11.6666666666667,0,257
3897,8,1.2896775,310,2903,N,13.3333333333333,0,257
4113,9,1.34376075,323,3897,N,15,0,257
4182,10,1.2064725,290,4113,N,16.6666666666667,0,257
3988,11,1.2730365,306,4182,N,18.3333333333333,0,257
4255,12,1.36872225,329,3988,N,20,0,257
3704,13,1.39368375,335,4255,N,21.6666666666667,0,257
3457,14,1.3728825,330,3704,N,23.3333333333333,0,257
4245,15,1.41864525,341,3457,N,25,0,257
5003,16,1.4061645,338,4245,N,26.6666666666667,0,257
4894,17,1.46024775,351,5003,N,28.3333333333333,0,257
5211,18,1.46856825,353,4894,N,30,0,257
5020,19,1.4727285,354,5211,N,31.6666666666667,0,257
5278,20,1.46024775,351,5020,N,33.3333333333333,0,257
5048,21,1.51017075,363,5278,N,35,0,257
5440,22,1.50185025,361,5048,N,36.6666666666667,0,257
5108,23,1.53513225,369,5440,N,38.3333333333333,0,257
6508,24,1.547613,372,5108,N,40,0,257
6109,25,1.56841425,377,6508,N,41.6666666666667,0,257
5684,26,1.6058565,386,6109,N,43.3333333333333,0,257
6247,27,1.60169625,385,5684,N,45,0,257
6332,28,1.7057025,410,6247,N,46.6666666666667,0,257
6300,29,1.70154225,409,6332,N,48.3333333333333,0,257
6249,30,1.73482425,417,6300,N,50,0,257
6666,31,1.78474725,429,6249,N,51.6666666666667,0,257
7816,32,1.880433,452,6666,N,53.3333333333333,0,257
7563,33,2.1050865,506,7816,N,55,0,257
6844,34,2.20909275,531,7563,N,56.6666666666667,0,257
7532,35,1.95947775,471,6844,N,58.3333333333333,0,257
7669,36,2.32974,560,7532,N,60,0,257
7333,37,2.50863075,603,7669,N,61.6666666666667,0,257
7525,38,2.69168175,647,7333,N,63.3333333333333,0,257
8000,39,2.7873675,670,7525,N,65,0,257
8175,40,1.3229595,318,8000,Y,66.6666666666667,1,257
8729,41,1.3562415,326,8175,N,68.3333333333333,1,257
9294,42,1.4394465,346,8729,N,70,1,257
8668,43,1.46024775,351,9294,N,71.6666666666667,1,257
8436,44,1.46856825,353,8668,N,73.3333333333333,1,257
9117,45,1.58505525,381,8436,N,75,1,257
8976,46,1.61001675,387,9117,N,76.6666666666667,1,257
9486,47,1.7389845,418,8976,N,78.3333333333333,1,257
10628,48,1.91787525,461,9486,N,80,1,257
10000,49,1.847151,444,10628,N,81.6666666666667,1,257
10910,50,1.97611875,475,10000,N,83.3333333333333,1,257
10038,51,2.14252875,515,10910,N,85,1,257
10306,52,2.1882915,526,10038,N,86.6666666666667,1,257
9890,54,2.4046245,578,10306,N,90,1,257
12000,55,2.695842,648,9890,N,91.6666666666667,1,257
12304,56,1.11078675,267,12000,Y,93.3333333333333,2,257
12282,57,1.2231135,294,12304,N,95,2,257
12648,58,1.5892155,382,12282,N,96.6666666666667,2,257
12172,59,1.50185025,361,12648,N,98.3333333333333,2,257
12177,61,1.58505525,381,12172,N,101.666666666667,2,257
12623,62,2.01772125,485,12177,N,103.333333333333,2,257
14038,63,1.87627275,451,12623,N,105,2,257
13775,64,2.2215735,534,14038,N,106.666666666667,2,257
14411,65,2.10092625,505,13775,N,108.333333333333,2,257
13041,66,2.080125,500,14411,N,110,2,257
14300,67,1.25223525,301,13041,Y,111.666666666667,3,257
14295,68,1.198152,288,14300,N,113.333333333333,3,257
13389,69,1.22727375,295,14295,N,115,3,257
14110,70,1.264716,304,13389,N,116.666666666667,3,257
2304,0,1.04422275,251,NA,N,0,0,258
2355,1,0.9901395,238,2304,N,1.66666666666667,0,258
2328,2,1.1066265,266,2355,N,3.33333333333333,0,258
2444,3,1.22727375,295,2328,N,5,0,258
2530,4,1.27719675,307,2444,N,6.66666666666667,0,258
2450,5,1.21895325,293,2530,N,8.33333333333333,0,258
2038,6,1.45192725,349,2450,N,10,0,258
2336,7,1.39368375,335,2038,N,11.6666666666667,0,258
3441,8,1.0899855,262,2336,N,13.3333333333333,0,258
3645,9,1.481049,356,3441,N,15,0,258
3794,10,1.59337575,383,3645,N,16.6666666666667,0,258
3524,11,1.530972,368,3794,N,18.3333333333333,0,258
3918,12,1.464408,352,3524,N,20,0,258
3298,13,1.597536,384,3918,N,21.6666666666667,0,258
3175,14,1.54345275,371,3298,N,23.3333333333333,0,258
3730,15,1.6890615,406,3175,N,25,0,258
4534,16,1.86795225,449,3730,N,26.6666666666667,0,258
4520,17,1.946997,468,4534,N,28.3333333333333,0,258
4602,18,1.980279,476,4520,N,30,0,258
4802,20,2.1716505,522,4602,N,33.3333333333333,0,258
4585,21,2.0718045,498,4802,N,35,0,258
5312,22,1.0567035,254,4585,Y,36.6666666666667,1,258
4324,23,1.1898315,286,5312,N,38.3333333333333,1,258
5537,24,1.281357,308,4324,N,40,1,258
5503,25,1.23559425,297,5537,N,41.6666666666667,1,258
5497,26,1.464408,352,5503,N,43.3333333333333,1,258
5588,27,1.6058565,386,5497,N,45,1,258
5738,28,1.46856825,353,5588,N,46.6666666666667,1,258
5575,29,1.56841425,377,5738,N,48.3333333333333,1,258
5527,30,1.6391385,394,5575,N,50,1,258
6546,31,1.7556255,422,5527,N,51.6666666666667,1,258
7332,32,1.63497825,393,6546,N,53.3333333333333,1,258
7074,33,2.00108025,481,7332,N,55,1,258
6733,34,1.90955475,459,7074,N,56.6666666666667,1,258
7002,35,1.8554715,446,6733,N,58.3333333333333,1,258
7085,36,2.26733625,545,7002,N,60,1,258
6892,37,2.15916975,519,7085,N,61.6666666666667,1,258
7079,38,1.95947775,471,6892,N,63.3333333333333,1,258
7899,39,2.09260575,503,7079,N,65,1,258
8074,40,2.080125,500,7899,N,66.6666666666667,1,258
8479,41,1.0234215,246,8074,Y,68.3333333333333,2,258
9192,42,1.08582525,261,8479,N,70,2,258
8371,43,0.86949225,209,9192,N,71.6666666666667,2,258
8252,44,1.16903025,281,8371,N,73.3333333333333,2,258
8932,45,1.2563955,302,8252,N,75,2,258
8714,46,1.181511,284,8932,N,76.6666666666667,2,258
9370,47,1.29383775,311,8714,N,78.3333333333333,2,258
10422,48,1.2397545,298,9370,N,80,2,258
9574,49,1.16070975,279,10422,N,81.6666666666667,2,258
10784,50,1.35208125,325,9574,N,83.3333333333333,2,258
9744,51,1.43528625,345,10784,N,85,2,258
10178,52,1.514331,364,9744,N,86.6666666666667,2,258
10426,53,1.4560875,350,10178,N,88.3333333333333,2,258
9620,54,1.95947775,471,10426,N,90,2,258
11232,55,1.88459325,453,9620,N,91.6666666666667,2,258
11428,56,1.97611875,475,11232,N,93.3333333333333,2,258
11279,57,2.32974,560,11428,N,95,2,258
11872,58,2.33390025,561,11279,N,96.6666666666667,2,258
11210,59,1.114947,268,11872,Y,98.3333333333333,3,258
11084,60,1.13574825,273,11210,N,100,3,258
2304,0,1.04422275,251,NA,N,0,0,259
2355,1,0.9901395,238,2304,N,1.66666666666667,0,259
2328,2,1.1066265,266,2355,N,3.33333333333333,0,259
2444,3,1.22727375,295,2328,N,5,0,259
2530,4,1.27719675,307,2444,N,6.66666666666667,0,259
2450,5,1.21895325,293,2530,N,8.33333333333333,0,259
2038,6,1.45192725,349,2450,N,10,0,259
2336,7,1.39368375,335,2038,N,11.6666666666667,0,259
3441,8,1.0899855,262,2336,N,13.3333333333333,0,259
3645,9,1.481049,356,3441,N,15,0,259
3794,10,1.59337575,383,3645,N,16.6666666666667,0,259
3524,11,1.530972,368,3794,N,18.3333333333333,0,259
3918,12,1.464408,352,3524,N,20,0,259
3298,13,1.597536,384,3918,N,21.6666666666667,0,259
3175,14,1.54345275,371,3298,N,23.3333333333333,0,259
3730,15,1.6890615,406,3175,N,25,0,259
4534,16,1.86795225,449,3730,N,26.6666666666667,0,259
4520,17,1.946997,468,4534,N,28.3333333333333,0,259
4602,18,1.980279,476,4520,N,30,0,259
4802,20,2.1716505,522,4602,N,33.3333333333333,0,259
4585,21,2.0718045,498,4802,N,35,0,259
5312,22,1.0567035,254,4585,Y,36.6666666666667,1,259
4324,23,1.1898315,286,5312,N,38.3333333333333,1,259
5537,24,1.281357,308,4324,N,40,1,259
5503,25,1.23559425,297,5537,N,41.6666666666667,1,259
5497,26,1.464408,352,5503,N,43.3333333333333,1,259
5588,27,1.6058565,386,5497,N,45,1,259
5738,28,1.46856825,353,5588,N,46.6666666666667,1,259
5575,29,1.56841425,377,5738,N,48.3333333333333,1,259
5527,30,1.6391385,394,5575,N,50,1,259
6546,31,1.7556255,422,5527,N,51.6666666666667,1,259
7332,32,1.63497825,393,6546,N,53.3333333333333,1,259
7074,33,2.00108025,481,7332,N,55,1,259
6733,34,1.90955475,459,7074,N,56.6666666666667,1,259
7002,35,1.8554715,446,6733,N,58.3333333333333,1,259
7085,36,2.26733625,545,7002,N,60,1,259
6892,37,2.15916975,519,7085,N,61.6666666666667,1,259
7079,38,1.95947775,471,6892,N,63.3333333333333,1,259
7899,39,2.09260575,503,7079,N,65,1,259
8074,40,2.080125,500,7899,N,66.6666666666667,1,259
8481,41,1.0567035,254,8074,Y,68.3333333333333,2,259
9193,42,1.0899855,262,8481,N,70,2,259
8373,43,1.148229,276,9193,N,71.6666666666667,2,259
8253,44,0.99846,240,8373,N,73.3333333333333,2,259
8934,45,1.26055575,303,8253,N,75,2,259
8715,46,1.4061645,338,8934,N,76.6666666666667,2,259
9371,47,1.148229,276,8715,N,78.3333333333333,2,259
10425,48,1.4228055,342,9371,N,80,2,259
9576,49,1.447767,348,10425,N,81.6666666666667,2,259
10786,50,1.4061645,338,9576,N,83.3333333333333,2,259
9747,51,1.414485,340,10786,N,85,2,259
10179,52,1.87627275,451,9747,N,86.6666666666667,2,259
10429,53,0.981819,236,10179,Y,88.3333333333333,3,259
9621,54,1.031742,248,10429,N,90,3,259
11243,55,1.114947,268,9621,N,91.6666666666667,3,259
11435,56,1.09414575,263,11243,N,93.3333333333333,3,259
11271,57,1.13574825,273,11435,N,95,3,259
11878,58,1.1066265,266,11271,N,96.6666666666667,3,259
11215,59,1.198152,288,11878,N,98.3333333333333,3,259
11089,60,1.1898315,286,11215,N,100,3,259
11280,61,1.16903025,281,11089,N,101.666666666667,3,259
11216,62,1.4893695,358,11280,N,103.333333333333,3,259
13581,63,1.530972,368,11216,N,105,3,259
13205,64,1.6391385,394,13581,N,106.666666666667,3,259
13025,65,1.797228,432,13205,N,108.333333333333,3,259
12790,66,0.99846,240,13025,Y,110,4,259
14024,67,1.0567035,254,12790,N,111.666666666667,4,259
2304,0,1.04422275,251,NA,N,0,0,260
2355,1,0.9901395,238,2304,N,1.66666666666667,0,260
2328,2,1.1066265,266,2355,N,3.33333333333333,0,260
2444,3,1.22727375,295,2328,N,5,0,260
2530,4,1.27719675,307,2444,N,6.66666666666667,0,260
2450,5,1.21895325,293,2530,N,8.33333333333333,0,260
2038,6,1.45192725,349,2450,N,10,0,260
2336,7,1.39368375,335,2038,N,11.6666666666667,0,260
3441,8,1.0899855,262,2336,N,13.3333333333333,0,260
3645,9,1.481049,356,3441,N,15,0,260
3794,10,1.59337575,383,3645,N,16.6666666666667,0,260
3524,11,1.530972,368,3794,N,18.3333333333333,0,260
3918,12,1.464408,352,3524,N,20,0,260
3298,13,1.597536,384,3918,N,21.6666666666667,0,260
3175,14,1.54345275,371,3298,N,23.3333333333333,0,260
3730,15,1.6890615,406,3175,N,25,0,260
4534,16,1.86795225,449,3730,N,26.6666666666667,0,260
4520,17,1.946997,468,4534,N,28.3333333333333,0,260
4602,18,1.980279,476,4520,N,30,0,260
4802,20,2.1716505,522,4602,N,33.3333333333333,0,260
4585,21,2.0718045,498,4802,N,35,0,260
5312,22,1.0567035,254,4585,Y,36.6666666666667,1,260
4324,23,1.1898315,286,5312,N,38.3333333333333,1,260
5537,24,1.281357,308,4324,N,40,1,260
5503,25,1.23559425,297,5537,N,41.6666666666667,1,260
5497,26,1.464408,352,5503,N,43.3333333333333,1,260
5588,27,1.6058565,386,5497,N,45,1,260
5738,28,1.46856825,353,5588,N,46.6666666666667,1,260
5575,29,1.56841425,377,5738,N,48.3333333333333,1,260
5527,30,1.6391385,394,5575,N,50,1,260
6546,31,1.7556255,422,5527,N,51.6666666666667,1,260
7332,32,1.63497825,393,6546,N,53.3333333333333,1,260
7074,33,2.00108025,481,7332,N,55,1,260
6733,34,1.90955475,459,7074,N,56.6666666666667,1,260
7002,35,1.8554715,446,6733,N,58.3333333333333,1,260
7085,36,2.26733625,545,7002,N,60,1,260
6892,37,2.15916975,519,7085,N,61.6666666666667,1,260
7079,38,1.95947775,471,6892,N,63.3333333333333,1,260
7899,39,2.09260575,503,7079,N,65,1,260
8074,40,2.080125,500,7899,N,66.6666666666667,1,260
8481,41,1.0567035,254,8074,Y,68.3333333333333,2,260
9193,42,1.0899855,262,8481,N,70,2,260
8373,43,1.148229,276,9193,N,71.6666666666667,2,260
8253,44,0.99846,240,8373,N,73.3333333333333,2,260
8934,45,1.26055575,303,8253,N,75,2,260
8715,46,1.4061645,338,8934,N,76.6666666666667,2,260
9371,47,1.148229,276,8715,N,78.3333333333333,2,260
10425,48,1.4228055,342,9371,N,80,2,260
9576,49,1.447767,348,10425,N,81.6666666666667,2,260
10786,50,1.4061645,338,9576,N,83.3333333333333,2,260
9747,51,1.414485,340,10786,N,85,2,260
10179,52,1.87627275,451,9747,N,86.6666666666667,2,260
10427,53,0.698922,168,10179,Y,88.3333333333333,3,260
9619,54,0.88613325,213,10427,N,90,3,260
11236,55,0.85285125,205,9619,N,91.6666666666667,3,260
11418,56,0.8237295,198,11236,N,93.3333333333333,3,260
11265,57,0.96101775,231,11418,N,95,3,260
11861,58,0.82788975,199,11265,N,96.6666666666667,3,260
11196,59,0.6906015,166,11861,N,98.3333333333333,3,260
11072,60,0.84453075,203,11196,N,100,3,260
11261,61,1.0899855,262,11072,N,101.666666666667,3,260
13199,64,1.3396005,322,11261,N,106.666666666667,3,260
13020,65,1.51849125,365,13199,N,108.333333333333,3,260
12788,66,1.49352975,359,13020,N,110,3,260
14915,68,NA,-1,12788,Y,113.333333333333,4,260
2361,0,0.80292825,193,NA,N,0,0,261
2378,1,0.88613325,213,2361,N,1.66666666666667,0,261
2351,2,0.80292825,193,2378,N,3.33333333333333,0,261
2474,3,0.78628725,189,2351,N,5,0,261
2548,4,0.86949225,209,2474,N,6.66666666666667,0,261
2487,5,0.9734985,234,2548,N,8.33333333333333,0,261
2046,6,0.915255,220,2487,N,10,0,261
2424,7,0.99429975,239,2046,N,11.6666666666667,0,261
3498,8,0.96101775,231,2424,N,13.3333333333333,0,261
3694,9,1.0067805,242,3498,N,15,0,261
3852,10,1.01926125,245,3694,N,16.6666666666667,0,261
3575,11,1.01094075,243,3852,N,18.3333333333333,0,261
3985,12,1.07750475,259,3575,N,20,0,261
3325,13,1.13574825,273,3985,N,21.6666666666667,0,261
3192,14,1.1399085,274,3325,N,23.3333333333333,0,261
3797,15,1.17735075,283,3192,N,25,0,261
4584,16,1.181511,284,3797,N,26.6666666666667,0,261
4571,17,1.3562415,326,4584,N,28.3333333333333,0,261
4690,18,1.3728825,330,4571,N,30,0,261
4661,19,1.35208125,325,4690,N,31.6666666666667,0,261
5024,20,1.3396005,322,4661,N,33.3333333333333,0,261
4648,21,1.45192725,349,5024,N,35,0,261
5372,22,1.54345275,371,4648,N,36.6666666666667,0,261
4739,23,1.5725745,378,5372,N,38.3333333333333,0,261
6405,24,1.6557795,398,4739,N,40,0,261
5791,25,1.85963175,447,6405,N,41.6666666666667,0,261
5915,27,1.85963175,447,5791,N,45,0,261
5959,28,1.80138825,433,5915,N,46.6666666666667,0,261
5979,29,2.03436225,489,5959,N,48.3333333333333,0,261
5898,30,0.88613325,213,5979,Y,50,1,261
6595,31,0.99429975,239,5898,N,51.6666666666667,1,261
7746,32,1.131588,272,6595,N,53.3333333333333,1,261
7220,33,1.14406875,275,7746,N,55,1,261
6760,34,1.16903025,281,7220,N,56.6666666666667,1,261
7156,35,1.1731905,282,6760,N,58.3333333333333,1,261
7251,36,1.2064725,290,7156,N,60,1,261
7042,37,1.12742775,271,7251,N,61.6666666666667,1,261
7233,38,1.214793,292,7042,N,63.3333333333333,1,261
7931,39,1.214793,292,7233,N,65,1,261
8104,40,1.31047875,315,7931,N,66.6666666666667,1,261
8556,41,1.3728825,330,8104,N,68.3333333333333,1,261
9220,42,1.2064725,290,8556,N,70,1,261
8457,43,1.098306,264,9220,N,71.6666666666667,1,261
8281,44,1.28551725,309,8457,N,73.3333333333333,1,261
8992,45,1.23559425,297,8281,N,75,1,261
8795,46,1.21895325,293,8992,N,76.6666666666667,1,261
9402,47,1.4061645,338,8795,N,78.3333333333333,1,261
10470,48,1.30215825,313,9402,N,80,1,261
9734,49,1.75978575,423,10470,N,81.6666666666667,1,261
10821,50,1.68490125,405,9734,N,83.3333333333333,1,261
9894,51,1.963638,472,10821,N,85,1,261
10213,52,2.479509,596,9894,N,86.6666666666667,1,261
10498,53,2.4046245,578,10213,N,88.3333333333333,1,261
9657,54,2.429586,584,10498,N,90,1,261
11404,55,1.1399085,274,9657,Y,91.6666666666667,2,261
11617,56,1.21895325,293,11404,N,93.3333333333333,2,261
2615,0,0.6739605,162,NA,N,0,0,262
2635,1,0.615717,148,2615,N,1.66666666666667,0,262
2603,2,0.6406785,154,2635,N,3.33333333333333,0,262
2743,3,0.682281,164,2603,N,5,0,262
2901,4,0.715563,172,2743,N,6.66666666666667,0,262
2566,5,0.7238835,174,2901,N,8.33333333333333,0,262
2075,6,0.715563,172,2566,N,10,0,262
2609,7,0.7405245,178,2075,N,11.6666666666667,0,262
3659,8,0.732204,176,2609,N,13.3333333333333,0,262
3894,9,0.7738065,186,3659,N,15,0,262
4044,10,0.80292825,193,3894,N,16.6666666666667,0,262
3738,11,0.7904475,190,4044,N,18.3333333333333,0,262
4133,12,0.865332,208,3738,N,20,0,262
3456,13,0.8736525,210,4133,N,21.6666666666667,0,262
3276,14,0.9235755,222,3456,N,23.3333333333333,0,262
3978,15,0.94437675,227,3276,N,25,0,262
4825,16,0.9901395,238,3978,N,26.6666666666667,0,262
4673,17,1.015101,244,4825,N,28.3333333333333,0,262
5172,18,1.04422275,251,4673,N,30,0,262
4823,19,1.07750475,259,5172,N,31.6666666666667,0,262
5153,20,1.0400625,250,4823,N,33.3333333333333,0,262
4827,21,1.015101,244,5153,N,35,0,262
5398,22,1.03590225,249,4827,N,36.6666666666667,0,262
4882,23,1.13574825,273,5398,N,38.3333333333333,0,262
6444,24,1.16070975,279,4882,N,40,0,262
5909,25,1.131588,272,6444,N,41.6666666666667,0,262
5646,26,1.4061645,338,5909,N,43.3333333333333,0,262
6042,27,1.281357,308,5646,N,45,0,262
6105,28,1.41864525,341,6042,N,46.6666666666667,0,262
6113,29,1.6641,400,6105,N,48.3333333333333,0,262
6016,30,1.7556255,422,6113,N,50,0,262
6623,31,2.0718045,498,6016,N,51.6666666666667,0,262
7772,32,1.9885995,478,6623,N,53.3333333333333,0,262
7330,33,0.9901395,238,7772,Y,55,1,262
6785,34,0.98597925,237,7330,N,56.6666666666667,1,262
7394,35,1.20231225,289,6785,N,58.3333333333333,1,262
7461,36,1.31047875,315,7394,N,60,1,262
7162,37,1.3396005,322,7461,N,61.6666666666667,1,262
7329,38,1.4727285,354,7162,N,63.3333333333333,1,262
7956,39,1.56009375,375,7329,N,65,1,262
8130,40,1.5392925,370,7956,N,66.6666666666667,1,262
8603,41,1.5226515,366,8130,N,68.3333333333333,1,262
9245,42,1.564254,376,8603,N,70,1,262
8533,43,1.52681175,367,9245,N,71.6666666666667,1,262
8311,44,1.6890615,406,8533,N,73.3333333333333,1,262
9052,45,1.67658075,403,8311,N,75,1,262
8856,46,1.7556255,422,9052,N,76.6666666666667,1,262
9429,47,1.85963175,447,8856,N,78.3333333333333,1,262
10524,48,1.71818325,413,9429,N,80,1,262
9826,49,1.797228,432,10524,N,81.6666666666667,1,262
10851,50,0.9568575,230,9826,Y,83.3333333333333,2,262
9962,51,0.92773575,223,10851,N,85,2,262
10249,52,0.9901395,238,9962,N,86.6666666666667,2,262
10568,53,1.148229,276,10249,N,88.3333333333333,2,262
2615,0,0.6739605,162,NA,N,0,0,263
2635,1,0.615717,148,2615,N,1.66666666666667,0,263
2603,2,0.6406785,154,2635,N,3.33333333333333,0,263
2743,3,0.682281,164,2603,N,5,0,263
2901,4,0.715563,172,2743,N,6.66666666666667,0,263
2566,5,0.7238835,174,2901,N,8.33333333333333,0,263
2075,6,0.715563,172,2566,N,10,0,263
2609,7,0.7405245,178,2075,N,11.6666666666667,0,263
3659,8,0.732204,176,2609,N,13.3333333333333,0,263
3894,9,0.7738065,186,3659,N,15,0,263
4044,10,0.80292825,193,3894,N,16.6666666666667,0,263
3738,11,0.7904475,190,4044,N,18.3333333333333,0,263
4133,12,0.865332,208,3738,N,20,0,263
3456,13,0.8736525,210,4133,N,21.6666666666667,0,263
3276,14,0.9235755,222,3456,N,23.3333333333333,0,263
3978,15,0.94437675,227,3276,N,25,0,263
4825,16,0.9901395,238,3978,N,26.6666666666667,0,263
4673,17,1.015101,244,4825,N,28.3333333333333,0,263
5172,18,1.04422275,251,4673,N,30,0,263
4823,19,1.07750475,259,5172,N,31.6666666666667,0,263
5153,20,1.0400625,250,4823,N,33.3333333333333,0,263
4827,21,1.015101,244,5153,N,35,0,263
5398,22,1.03590225,249,4827,N,36.6666666666667,0,263
4882,23,1.13574825,273,5398,N,38.3333333333333,0,263
6444,24,1.16070975,279,4882,N,40,0,263
5909,25,1.131588,272,6444,N,41.6666666666667,0,263
5646,26,1.4061645,338,5909,N,43.3333333333333,0,263
6042,27,1.281357,308,5646,N,45,0,263
6105,28,1.41864525,341,6042,N,46.6666666666667,0,263
6113,29,1.6641,400,6105,N,48.3333333333333,0,263
6016,30,1.7556255,422,6113,N,50,0,263
6623,31,2.0718045,498,6016,N,51.6666666666667,0,263
7772,32,1.9885995,478,6623,N,53.3333333333333,0,263
7330,33,0.9901395,238,7772,Y,55,1,263
6785,34,0.98597925,237,7330,N,56.6666666666667,1,263
7394,35,1.20231225,289,6785,N,58.3333333333333,1,263
7461,36,1.31047875,315,7394,N,60,1,263
7162,37,1.3396005,322,7461,N,61.6666666666667,1,263
7329,38,1.4727285,354,7162,N,63.3333333333333,1,263
7956,39,1.56009375,375,7329,N,65,1,263
8130,40,1.5392925,370,7956,N,66.6666666666667,1,263
8603,41,1.5226515,366,8130,N,68.3333333333333,1,263
9245,42,1.564254,376,8603,N,70,1,263
8533,43,1.52681175,367,9245,N,71.6666666666667,1,263
8311,44,1.6890615,406,8533,N,73.3333333333333,1,263
9052,45,1.67658075,403,8311,N,75,1,263
8856,46,1.7556255,422,9052,N,76.6666666666667,1,263
9429,47,1.85963175,447,8856,N,78.3333333333333,1,263
10524,48,1.71818325,413,9429,N,80,1,263
9826,49,1.797228,432,10524,N,81.6666666666667,1,263
10852,50,0.96933825,233,9826,Y,83.3333333333333,2,263
9963,51,1.17735075,283,10852,N,85,2,263
10250,52,1.16487,280,9963,N,86.6666666666667,2,263
10570,53,1.098306,264,10250,N,88.3333333333333,2,263
9767,54,1.181511,284,10570,N,90,2,263
11599,55,0.98597925,237,9767,N,91.6666666666667,2,263
11848,56,1.3396005,322,11599,N,93.3333333333333,2,263
11718,57,1.35208125,325,11848,N,95,2,263
12353,58,1.53513225,369,11718,N,96.6666666666667,2,263
11671,59,1.42696575,343,12353,N,98.3333333333333,2,263
11584,60,1.40200425,337,11671,N,100,2,263
12458,62,0.8902935,214,11584,Y,103.333333333333,3,263
13893,63,0.95269725,229,12458,N,105,3,263
13669,64,1.01926125,245,13893,N,106.666666666667,3,263
14264,65,1.0899855,262,13669,N,108.333333333333,3,263
12928,66,1.048383,252,14264,N,110,3,263
14685,67,1.081665,260,12928,N,111.666666666667,3,263
14699,68,1.24391475,299,14685,N,113.333333333333,3,263
13815,69,1.2397545,298,14699,N,115,3,263
14686,70,1.14406875,275,13815,N,116.666666666667,3,263
2296,0,0.91109475,219,NA,N,0,0,264
2348,1,0.93605625,225,2296,N,1.66666666666667,0,264
2321,2,0.94437675,227,2348,N,3.33333333333333,0,264
2435,3,0.96101775,231,2321,N,5,0,264
2523,4,1.01094075,243,2435,N,6.66666666666667,0,264
2441,5,1.081665,260,2523,N,8.33333333333333,0,264
2036,6,1.1399085,274,2441,N,10,0,264
2327,7,1.15238925,277,2036,N,11.6666666666667,0,264
3431,8,1.18567125,285,2327,N,13.3333333333333,0,264
3630,9,1.1898315,286,3431,N,15,0,264
3780,10,1.1565495,278,3630,N,16.6666666666667,0,264
3513,11,1.148229,276,3780,N,18.3333333333333,0,264
3898,12,1.248075,300,3513,N,20,0,264
3292,13,1.24391475,299,3898,N,21.6666666666667,0,264
3173,14,1.347921,324,3292,N,23.3333333333333,0,264
3716,15,1.40200425,337,3173,N,25,0,264
4523,16,1.46024775,351,3716,N,26.6666666666667,0,264
4507,17,1.464408,352,4523,N,28.3333333333333,0,264
4592,18,1.51849125,365,4507,N,30,0,264
4404,19,1.4560875,350,4592,N,31.6666666666667,0,264
4790,20,1.50185025,361,4404,N,33.3333333333333,0,264
4574,21,1.46856825,353,4790,N,35,0,264
5359,22,1.5559335,374,4574,N,36.6666666666667,0,264
4577,23,1.56009375,375,5359,N,38.3333333333333,0,264
6385,24,1.5892155,382,4577,N,40,0,264
5735,25,1.714023,412,6385,N,41.6666666666667,0,264
5608,26,1.72650375,415,5735,N,43.3333333333333,0,264
5852,27,1.71818325,413,5608,N,45,0,264
5897,28,1.94283675,467,5852,N,46.6666666666667,0,264
5901,29,2.01772125,485,5897,N,48.3333333333333,0,264
5826,30,2.16333,520,5901,N,50,0,264
6582,31,2.25069525,541,5826,N,51.6666666666667,0,264
7713,32,2.47534875,595,6582,N,53.3333333333333,0,264
7159,33,2.296458,552,7713,N,55,0,264
6746,34,2.76656625,665,7159,N,56.6666666666667,0,264
7087,35,2.57519475,619,6746,N,58.3333333333333,0,264
7175,36,1.3728825,330,7087,Y,60,1,264
6952,37,1.40200425,337,7175,N,61.6666666666667,1,264
7173,38,1.4893695,358,6952,N,63.3333333333333,1,264
7918,39,1.52681175,367,7173,N,65,1,264
8092,40,1.6058565,386,7918,N,66.6666666666667,1,264
8536,41,1.79306775,431,8092,N,68.3333333333333,1,264
9212,42,1.81802925,437,8536,N,70,1,264
8427,43,1.81802925,437,9212,N,71.6666666666667,1,264
8271,44,1.95947775,471,8427,N,73.3333333333333,1,264
8971,45,1.94283675,467,8271,N,75,1,264
8768,46,2.09260575,503,8971,N,76.6666666666667,1,264
9390,47,2.3047785,554,8768,N,78.3333333333333,1,264
10454,48,2.3879835,574,9390,N,80,1,264
9702,49,2.65839975,639,10454,N,81.6666666666667,1,264
10812,50,2.712483,652,9702,N,83.3333333333333,1,264
9811,51,1.36872225,329,10812,Y,85,2,264
10204,52,1.48520925,357,9811,N,86.6666666666667,2,264
10483,53,1.51849125,365,10204,N,88.3333333333333,2,264
9641,54,1.65993975,399,10483,N,90,2,264
11362,55,1.6557795,398,9641,N,91.6666666666667,2,264
11581,56,1.813869,436,11362,N,93.3333333333333,2,264
11450,57,1.897074,456,11581,N,95,2,264
12044,58,2.013561,484,11450,N,96.6666666666667,2,264
11399,59,2.31725925,557,12044,N,98.3333333333333,2,264
11274,60,1.99692,480,11399,N,100,2,264
11495,61,1.780587,428,11274,N,101.666666666667,2,264
10980,62,2.679201,644,11495,N,103.333333333333,2,264
13416,63,1.39368375,335,10980,Y,105,3,264
13095,64,1.5060105,362,13416,N,106.666666666667,3,264
12877,65,1.530972,368,13095,N,108.333333333333,3,264
12732,66,1.580895,380,12877,N,110,3,264
14412,67,1.6557795,398,12732,N,111.666666666667,3,264
14425,68,1.863792,448,14412,N,113.333333333333,3,264
13525,69,2.0218815,486,14425,N,115,3,264
14279,70,2.0718045,498,13525,N,116.666666666667,3,264
2608,0,1.5392925,370,NA,N,0,0,265
3857,9,1.7223435,414,2608,N,15,0,265
4004,10,1.780587,428,3857,N,16.6666666666667,0,265
3709,11,1.88459325,453,4004,N,18.3333333333333,0,265
4112,12,1.730664,416,3709,N,20,0,265
3424,13,1.963638,472,4112,N,21.6666666666667,0,265
3260,14,1.91787525,461,3424,N,23.3333333333333,0,265
3950,15,2.1550095,518,3260,N,25,0,265
4798,16,2.20909275,531,3950,N,26.6666666666667,0,265
4653,17,2.2215735,534,4798,N,28.3333333333333,0,265
5167,18,2.462868,592,4653,N,30,0,265
4794,19,1.21895325,293,5167,Y,31.6666666666667,1,265
5133,20,1.3063185,314,4794,N,33.3333333333333,1,265
4801,21,1.4727285,354,5133,N,35,1,265
5394,22,1.36872225,329,4801,N,36.6666666666667,1,265
4864,23,1.547613,372,5394,N,38.3333333333333,1,265
6437,24,1.56841425,377,4864,N,40,1,265
5892,25,1.6724205,402,6437,N,41.6666666666667,1,265
5642,26,1.67658075,403,5892,N,43.3333333333333,1,265
6023,27,1.7889075,430,5642,N,45,1,265
6083,28,1.90123425,457,6023,N,46.6666666666667,1,265
6093,29,1.930356,464,6083,N,48.3333333333333,1,265
6000,30,2.0884455,502,6093,N,50,1,265
6619,31,2.346381,564,6000,N,51.6666666666667,1,265
7768,32,2.27565675,547,6619,N,53.3333333333333,1,265
7313,33,2.396304,576,7768,N,55,1,265
6780,34,1.34376075,323,7313,Y,56.6666666666667,2,265
7254,35,1.4394465,346,6780,N,58.3333333333333,2,265
7365,36,1.42696575,343,7254,N,60,2,265
7147,37,1.4560875,350,7365,N,61.6666666666667,2,265
7317,38,1.39368375,335,7147,N,63.3333333333333,2,265
7953,39,1.51017075,363,7317,N,65,2,265
8127,40,1.50185025,361,7953,N,66.6666666666667,2,265
8599,41,1.630818,392,8127,N,68.3333333333333,2,265
9241,42,1.66826025,401,8599,N,70,2,265
8521,43,1.6391385,394,9241,N,71.6666666666667,2,265
8305,44,1.8221895,438,8521,N,73.3333333333333,2,265
9046,45,1.68490125,405,8305,N,75,2,265
8853,46,1.89291375,455,9046,N,76.6666666666667,2,265
9426,47,1.880433,452,8853,N,78.3333333333333,2,265
10519,48,1.99692,480,9426,N,80,2,265
9817,49,1.963638,472,10519,N,81.6666666666667,2,265
10848,50,1.91787525,461,9817,N,83.3333333333333,2,265
9957,51,2.046843,492,10848,N,85,2,265
10244,52,1.9053945,458,9957,N,86.6666666666667,2,265
10561,53,2.05100325,493,10244,N,88.3333333333333,2,265
9756,54,2.14252875,515,10561,N,90,2,265
11579,55,2.1716505,522,9756,N,91.6666666666667,2,265
11826,56,2.363022,568,11579,N,93.3333333333333,2,265
11697,57,2.8206495,678,11826,N,95,2,265
12328,58,3.00786075,723,11697,N,96.6666666666667,2,265
11644,59,2.84145075,683,12328,N,98.3333333333333,2,265
11558,60,3.461328,832,11644,N,100,2,265
11702,61,1.6890615,406,11558,Y,101.666666666667,3,265
12261,62,1.7057025,410,11702,N,103.333333333333,3,265
3080,0,0.8902935,214,NA,N,0,0,266
2871,1,0.881973,212,3080,N,1.66666666666667,0,266
2905,2,0.9069345,218,2871,N,3.33333333333333,0,266
3006,3,0.931896,224,2905,N,5,0,266
3105,4,0.9402165,226,3006,N,6.66666666666667,0,266
2911,5,0.98597925,237,3105,N,8.33333333333333,0,266
2125,6,0.99846,240,2911,N,10,0,266
2956,7,1.01926125,245,2125,N,11.6666666666667,0,266
3953,8,1.098306,264,2956,N,13.3333333333333,0,266
4153,9,1.015101,244,3953,N,15,0,266
4190,10,1.14406875,275,4153,N,16.6666666666667,0,266
4029,11,1.1232675,270,4190,N,18.3333333333333,0,266
4262,12,1.114947,268,4029,N,20,0,266
3755,13,1.1399085,274,4262,N,21.6666666666667,0,266
3509,14,1.181511,284,3755,N,23.3333333333333,0,266
4275,15,1.16903025,281,3509,N,25,0,266
5039,16,1.11910725,269,4275,N,26.6666666666667,0,266
4933,17,1.214793,292,5039,N,28.3333333333333,0,266
5219,18,1.148229,276,4933,N,30,0,266
5062,19,1.231434,296,5219,N,31.6666666666667,0,266
5288,20,1.21063275,291,5062,N,33.3333333333333,0,266
5113,21,1.41032475,339,5288,N,35,0,266
5450,22,1.14406875,275,5113,N,36.6666666666667,0,266
5143,23,1.31047875,315,5450,N,38.3333333333333,0,266
6516,24,1.264716,304,5143,N,40,0,266
6150,25,1.381203,332,6516,N,41.6666666666667,0,266
5695,26,1.77642675,427,6150,N,43.3333333333333,0,266
6422,27,1.72650375,415,5695,N,45,0,266
6354,28,2.013561,484,6422,N,46.6666666666667,0,266
6319,29,1.980279,476,6354,N,48.3333333333333,0,266
6283,30,2.2548555,542,6319,N,50,0,266
6672,31,1.0899855,262,6283,Y,51.6666666666667,1,266
7823,32,1.181511,284,6672,N,53.3333333333333,1,266
7580,33,1.26055575,303,7823,N,55,1,266
7376,37,1.21895325,293,7580,N,61.6666666666667,1,266
7570,38,1.33128,320,7376,N,63.3333333333333,1,266
8011,39,1.4228055,342,7570,N,65,1,266
8044,40,1.41864525,341,8011,N,66.6666666666667,1,266
8389,41,1.447767,348,8044,N,68.3333333333333,1,266
9159,42,1.49769,360,8389,N,70,1,266
8307,43,1.4727285,354,9159,N,71.6666666666667,1,266
8223,44,1.4394465,346,8307,N,73.3333333333333,1,266
8738,46,1.94283675,467,8223,N,76.6666666666667,1,266
9380,47,2.1716505,522,8738,N,78.3333333333333,1,266
10350,48,2.15084925,517,9380,N,80,1,266
9535,49,1.97611875,475,10350,N,81.6666666666667,1,266
10705,50,1.1399085,274,9535,Y,83.3333333333333,2,266
9654,51,1.0400625,250,10705,N,85,2,266
10141,52,1.181511,284,9654,N,86.6666666666667,2,266
10348,53,1.22727375,295,10141,N,88.3333333333333,2,266
9579,54,1.32711975,319,10348,N,90,2,266
10952,55,1.5392925,370,9579,N,91.6666666666667,2,266
11142,56,1.4228055,342,10952,N,93.3333333333333,2,266
11065,57,1.464408,352,11142,N,95,2,266
11669,58,1.5226515,366,11065,N,96.6666666666667,2,266
11008,59,1.5060105,362,11669,N,98.3333333333333,2,266
10962,60,1.75978575,423,11008,N,100,2,266
11066,61,1.8055485,434,10962,N,101.666666666667,2,266
11002,62,1.95115725,469,11066,N,103.333333333333,2,266
13430,63,1.980279,476,11002,N,105,2,266
13102,64,1.8887535,454,13430,N,106.666666666667,2,266
12901,65,2.03436225,489,13102,N,108.333333333333,2,266
12739,66,1.16070975,279,12901,Y,110,3,266
2325,0,1.264716,304,NA,N,0,0,267
2373,1,1.36040175,327,2325,N,1.66666666666667,0,267
2337,2,1.33544025,321,2373,N,3.33333333333333,0,267
2463,3,1.4061645,338,2337,N,5,0,267
2539,4,1.42696575,343,2463,N,6.66666666666667,0,267
2468,5,1.49769,360,2539,N,8.33333333333333,0,267
2042,6,1.51017075,363,2468,N,10,0,267
2360,7,1.5725745,378,2042,N,11.6666666666667,0,267
3465,8,1.53513225,369,2360,N,13.3333333333333,0,267
3663,9,1.60169625,385,3465,N,15,0,267
3816,10,1.597536,384,3663,N,16.6666666666667,0,267
3542,11,1.56009375,375,3816,N,18.3333333333333,0,267
3951,12,1.630818,392,3542,N,20,0,267
3308,13,1.7057025,410,3951,N,21.6666666666667,0,267
3182,14,1.50185025,361,3308,N,23.3333333333333,0,267
3753,15,1.62665775,391,3182,N,25,0,267
4554,16,1.65161925,397,3753,N,26.6666666666667,0,267
4539,17,1.88459325,453,4554,N,28.3333333333333,0,267
4649,18,1.730664,416,4539,N,30,0,267
4626,19,2.05932375,495,4649,N,31.6666666666667,0,267
4833,20,2.15084925,517,4626,N,33.3333333333333,0,267
4606,21,2.35054125,565,4833,N,35,0,267
5364,22,2.546073,612,4606,N,36.6666666666667,0,267
4604,23,2.562714,616,5364,N,38.3333333333333,0,267
6394,24,1.26055575,303,4604,Y,40,1,267
5756,25,1.33544025,321,6394,N,41.6666666666667,1,267
5612,26,1.381203,332,5756,N,43.3333333333333,1,267
5877,27,1.42696575,343,5612,N,45,1,267
5920,28,1.564254,376,5877,N,46.6666666666667,1,267
5931,29,1.614177,388,5920,N,48.3333333333333,1,267
5855,30,1.8055485,434,5931,N,50,1,267
6587,31,1.7889075,430,5855,N,51.6666666666667,1,267
7719,32,1.97611875,475,6587,N,53.3333333333333,1,267
7180,33,2.0218815,486,7719,N,55,1,267
6751,34,1.99275975,479,7180,N,56.6666666666667,1,267
7110,35,1.79306775,431,6751,N,58.3333333333333,1,267
7193,36,2.296458,552,7110,N,60,1,267
6974,37,2.063484,496,7193,N,61.6666666666667,1,267
7186,38,2.3547015,566,6974,N,63.3333333333333,1,267
7922,39,2.396304,576,7186,N,65,1,267
8096,40,2.55023325,613,7922,N,66.6666666666667,1,267
8541,41,2.66672025,641,8096,N,68.3333333333333,1,267
9214,42,1.314639,316,8541,Y,70,2,267
8437,43,1.3396005,322,9214,N,71.6666666666667,2,267
8274,44,1.56009375,375,8437,N,73.3333333333333,2,267
8979,45,1.80138825,433,8274,N,75,2,267
8774,46,1.7889075,430,8979,N,76.6666666666667,2,267
9392,47,2.01772125,485,8774,N,78.3333333333333,2,267
10456,48,2.00108025,481,9392,N,80,2,267
9712,49,1.98443925,477,10456,N,81.6666666666667,2,267
10815,50,2.15916975,519,9712,N,83.3333333333333,2,267
9820,51,2.20077225,529,10815,N,85,2,267
10207,52,2.33390025,561,9820,N,86.6666666666667,2,267
10489,53,2.379663,572,10207,N,88.3333333333333,2,267
9644,54,2.58351525,621,10489,N,90,2,267
11379,55,2.66256,640,9644,N,91.6666666666667,2,267
11594,56,2.45038725,589,11379,N,93.3333333333333,2,267
11462,57,1.3396005,322,11594,Y,95,3,267
12058,58,1.39368375,335,11462,N,96.6666666666667,3,267
11423,59,1.564254,376,12058,N,98.3333333333333,3,267
11310,60,1.71818325,413,11423,N,100,3,267
11519,61,1.7057025,410,11310,N,101.666666666667,3,267
11442,62,1.9719585,474,11519,N,103.333333333333,3,267
13692,63,2.06764425,497,11442,N,105,3,267
13298,64,2.246535,540,13692,N,106.666666666667,3,267
13319,65,2.16749025,521,13298,N,108.333333333333,3,267
12818,66,2.146689,516,13319,N,110,3,267
14600,67,2.33390025,561,12818,N,111.666666666667,3,267
14592,68,1.21063275,291,14600,Y,113.333333333333,4,267
13704,69,1.16903025,281,14592,N,115,4,267
14540,70,1.26887625,305,13704,N,116.666666666667,4,267
3112,0,1.1898315,286,NA,N,0,0,268
2928,1,1.314639,316,3112,N,1.66666666666667,0,268
2964,2,1.2896775,310,2928,N,3.33333333333333,0,268
3039,3,1.2896775,310,2964,N,5,0,268
3122,4,1.36040175,327,3039,N,6.66666666666667,0,268
3009,5,1.28551725,309,3122,N,8.33333333333333,0,268
2162,6,1.397844,336,3009,N,10,0,268
2985,7,1.48520925,357,2162,N,11.6666666666667,0,268
4003,8,1.3895235,334,2985,N,13.3333333333333,0,268
4173,9,1.49352975,359,4003,N,15,0,268
4210,10,1.547613,372,4173,N,16.6666666666667,0,268
4080,11,1.547613,372,4210,N,18.3333333333333,0,268
4291,12,1.49769,360,4080,N,20,0,268
3836,13,1.47688875,355,4291,N,21.6666666666667,0,268
3586,14,1.51849125,365,3836,N,23.3333333333333,0,268
4287,15,1.61833725,389,3586,N,25,0,268
5075,16,1.5725745,378,4287,N,26.6666666666667,0,268
4975,17,1.614177,388,5075,N,28.3333333333333,0,268
5229,18,1.6058565,386,4975,N,30,0,268
5100,19,1.6224975,390,5229,N,31.6666666666667,0,268
5299,20,1.763946,424,5100,N,33.3333333333333,0,268
5236,21,1.730664,416,5299,N,35,0,268
5462,22,1.880433,452,5236,N,36.6666666666667,0,268
5340,23,1.82634975,439,5462,N,38.3333333333333,0,268
6530,24,2.12588775,511,5340,N,40,0,268
6226,25,2.16749025,521,6530,N,41.6666666666667,0,268
5707,26,2.3713425,570,6226,N,43.3333333333333,0,268
6462,27,2.38382325,573,5707,N,45,0,268
6389,28,2.579355,620,6462,N,46.6666666666667,0,268
6349,29,1.36040175,327,6389,Y,48.3333333333333,1,268
6443,30,1.40200425,337,6349,N,50,1,268
6695,31,1.4061645,338,6443,N,51.6666666666667,1,268
7846,32,1.46024775,351,6695,N,53.3333333333333,1,268
7652,33,1.431126,344,7846,N,55,1,268
7052,34,1.5060105,362,7652,N,56.6666666666667,1,268
7733,35,1.65161925,397,7052,N,58.3333333333333,1,268
7861,36,1.73482425,417,7733,N,60,1,268
7436,37,1.8221895,438,7861,N,61.6666666666667,1,268
7617,38,1.99275975,479,7436,N,63.3333333333333,1,268
8031,39,2.05100325,493,7617,N,65,1,268
8211,40,2.1383685,514,8031,N,66.6666666666667,1,268
8832,41,2.18413125,525,8211,N,68.3333333333333,1,268
9328,42,2.37550275,571,8832,N,70,1,268
8794,43,2.4711885,594,9328,N,71.6666666666667,1,268
8538,44,2.7374445,658,8794,N,73.3333333333333,1,268
9148,45,2.87473275,691,8538,N,75,1,268
9045,46,1.381203,332,9148,Y,76.6666666666667,2,268
9517,47,1.5559335,374,9045,N,78.3333333333333,2,268
10720,48,1.597536,384,9517,N,80,2,268
10062,49,1.714023,412,10720,N,81.6666666666667,2,268
10936,50,1.85131125,445,10062,N,83.3333333333333,2,268
10128,51,2.06764425,497,10936,N,85,2,268
10358,52,2.26733625,545,10128,N,86.6666666666667,2,268
10774,53,2.33390025,561,10358,N,88.3333333333333,2,268
10101,54,2.25901575,543,10774,N,90,2,268
12306,55,2.40046425,577,10101,N,91.6666666666667,2,268
12550,56,1.21063275,291,12306,Y,93.3333333333333,3,268
12535,57,1.27719675,307,12550,N,95,3,268
12717,58,1.30215825,313,12535,N,96.6666666666667,3,268
12438,59,1.49352975,359,12717,N,98.3333333333333,3,268
12540,60,1.4560875,350,12438,N,100,3,268
12358,61,1.49769,360,12540,N,101.666666666667,3,268
12699,62,1.77642675,427,12358,N,103.333333333333,3,268
14158,63,1.913715,460,12699,N,105,3,268
13883,64,2.0052405,482,14158,N,106.666666666667,3,268
14565,65,1.99275975,479,13883,N,108.333333333333,3,268
13078,66,1.9885995,478,14565,N,110,3,268
14380,67,2.063484,496,13078,N,111.666666666667,3,268
14399,68,2.213253,532,14380,N,113.333333333333,3,268
13474,69,1.25223525,301,14399,Y,115,4,268
14238,70,1.33544025,321,13474,N,116.666666666667,4,268
3114,0,1.880433,452,NA,N,0,0,269
2929,1,1.9719585,474,3114,N,1.66666666666667,0,269
2971,2,1.92619575,463,2929,N,3.33333333333333,0,269
3044,3,1.99692,480,2971,N,5,0,269
3124,4,1.09414575,263,3044,Y,6.66666666666667,1,269
3016,5,1.05254325,253,3124,N,8.33333333333333,1,269
2175,6,1.02758175,247,3016,N,10,1,269
2995,7,1.0567035,254,2175,N,11.6666666666667,1,269
4015,8,1.1731905,282,2995,N,13.3333333333333,1,269
4175,9,1.16070975,279,4015,N,15,1,269
4214,10,1.264716,304,4175,N,16.6666666666667,1,269
4085,11,1.26055575,303,4214,N,18.3333333333333,1,269
4293,12,1.231434,296,4085,N,20,1,269
3844,13,1.214793,292,4293,N,21.6666666666667,1,269
3591,14,1.248075,300,3844,N,23.3333333333333,1,269
4292,15,1.37704275,331,3591,N,25,1,269
5080,16,1.431126,344,4292,N,26.6666666666667,1,269
4979,17,1.5060105,362,5080,N,28.3333333333333,1,269
5230,18,1.60169625,385,4979,N,30,1,269
5102,19,1.580895,380,5230,N,31.6666666666667,1,269
5300,20,1.73482425,417,5102,N,33.3333333333333,1,269
5237,21,1.61833725,389,5300,N,35,1,269
5463,22,1.680741,404,5237,N,36.6666666666667,1,269
5342,23,1.81802925,437,5463,N,38.3333333333333,1,269
6532,24,1.8055485,434,5342,N,40,1,269
6235,25,2.263176,544,6532,N,41.6666666666667,1,269
5708,26,2.229894,536,6235,N,43.3333333333333,1,269
6463,27,2.446227,588,5708,N,45,1,269
6391,28,2.35054125,565,6463,N,46.6666666666667,1,269
6351,29,2.4212655,582,6391,N,48.3333333333333,1,269
6446,30,2.6209575,630,6351,N,50,1,269
6696,31,2.7707265,666,6446,N,51.6666666666667,1,269
7847,32,2.862252,688,6696,N,53.3333333333333,1,269
7656,33,1.381203,332,7847,Y,55,2,269
7062,34,1.38536325,333,7656,N,56.6666666666667,2,269
7735,35,1.514331,364,7062,N,58.3333333333333,2,269
7863,36,1.53513225,369,7735,N,60,2,269
7445,37,1.51849125,365,7863,N,61.6666666666667,2,269
7623,38,1.49352975,359,7445,N,63.3333333333333,2,269
8034,39,1.56009375,375,7623,N,65,2,269
8214,40,1.52681175,367,8034,N,66.6666666666667,2,269
8838,41,1.514331,364,8214,N,68.3333333333333,2,269
9331,42,1.8554715,446,8838,N,70,2,269
8803,43,1.92619575,463,9331,N,71.6666666666667,2,269
8547,44,1.95115725,469,8803,N,73.3333333333333,2,269
9151,45,1.9553175,470,8547,N,75,2,269
9054,46,2.0385225,490,9151,N,76.6666666666667,2,269
9520,47,2.14252875,515,9054,N,78.3333333333333,2,269
10729,48,2.17581075,523,9520,N,80,2,269
10066,49,2.4379065,586,10729,N,81.6666666666667,2,269
10938,50,2.76656625,665,10066,N,83.3333333333333,2,269
10130,51,2.729124,656,10938,N,85,2,269
10366,52,2.795688,672,10130,N,86.6666666666667,2,269
10779,53,3.211713,772,10366,N,88.3333333333333,2,269
10104,54,1.7556255,422,10779,Y,90,3,269
12323,55,1.780587,428,10104,N,91.6666666666667,3,269
12567,56,1.82634975,439,12323,N,93.3333333333333,3,269
12549,57,2.0218815,486,12567,N,95,3,269
12721,58,2.196612,528,12549,N,96.6666666666667,3,269
12455,59,2.4212655,582,12721,N,98.3333333333333,3,269
12378,61,1.99275975,479,12455,N,101.666666666667,3,269
12703,62,2.30061825,553,12378,N,103.333333333333,3,269
14169,63,2.36718225,569,12703,N,105,3,269
13898,64,1.2064725,290,14169,Y,106.666666666667,4,269
14574,65,1.5892155,382,13898,N,108.333333333333,4,269
13080,66,1.55177325,373,14574,N,110,4,269
14392,67,1.397844,336,13080,N,111.666666666667,4,269
14410,68,1.57673475,379,14392,N,113.333333333333,4,269
13487,69,1.514331,364,14410,N,115,4,269
14253,70,1.67658075,403,13487,N,116.666666666667,4,269
3114,0,1.880433,452,NA,N,0,0,270
2929,1,1.9719585,474,3114,N,1.66666666666667,0,270
2971,2,1.92619575,463,2929,N,3.33333333333333,0,270
3044,3,1.99692,480,2971,N,5,0,270
3124,4,1.09414575,263,3044,Y,6.66666666666667,1,270
3016,5,1.05254325,253,3124,N,8.33333333333333,1,270
2175,6,1.02758175,247,3016,N,10,1,270
2995,7,1.0567035,254,2175,N,11.6666666666667,1,270
4015,8,1.1731905,282,2995,N,13.3333333333333,1,270
4175,9,1.16070975,279,4015,N,15,1,270
4214,10,1.264716,304,4175,N,16.6666666666667,1,270
4085,11,1.26055575,303,4214,N,18.3333333333333,1,270
4293,12,1.231434,296,4085,N,20,1,270
3844,13,1.214793,292,4293,N,21.6666666666667,1,270
3591,14,1.248075,300,3844,N,23.3333333333333,1,270
4292,15,1.37704275,331,3591,N,25,1,270
5080,16,1.431126,344,4292,N,26.6666666666667,1,270
4979,17,1.5060105,362,5080,N,28.3333333333333,1,270
5230,18,1.60169625,385,4979,N,30,1,270
5102,19,1.580895,380,5230,N,31.6666666666667,1,270
5300,20,1.73482425,417,5102,N,33.3333333333333,1,270
5237,21,1.61833725,389,5300,N,35,1,270
5463,22,1.680741,404,5237,N,36.6666666666667,1,270
5342,23,1.81802925,437,5463,N,38.3333333333333,1,270
6532,24,1.8055485,434,5342,N,40,1,270
6235,25,2.263176,544,6532,N,41.6666666666667,1,270
5708,26,2.229894,536,6235,N,43.3333333333333,1,270
6463,27,2.446227,588,5708,N,45,1,270
6391,28,2.35054125,565,6463,N,46.6666666666667,1,270
6351,29,2.4212655,582,6391,N,48.3333333333333,1,270
6446,30,2.6209575,630,6351,N,50,1,270
6696,31,2.7707265,666,6446,N,51.6666666666667,1,270
7847,32,2.862252,688,6696,N,53.3333333333333,1,270
7656,33,1.381203,332,7847,Y,55,2,270
7062,34,1.38536325,333,7656,N,56.6666666666667,2,270
7735,35,1.514331,364,7062,N,58.3333333333333,2,270
7863,36,1.53513225,369,7735,N,60,2,270
7445,37,1.51849125,365,7863,N,61.6666666666667,2,270
7623,38,1.49352975,359,7445,N,63.3333333333333,2,270
8034,39,1.56009375,375,7623,N,65,2,270
8214,40,1.52681175,367,8034,N,66.6666666666667,2,270
8838,41,1.514331,364,8214,N,68.3333333333333,2,270
9331,42,1.8554715,446,8838,N,70,2,270
8803,43,1.92619575,463,9331,N,71.6666666666667,2,270
8547,44,1.95115725,469,8803,N,73.3333333333333,2,270
9151,45,1.9553175,470,8547,N,75,2,270
9054,46,2.0385225,490,9151,N,76.6666666666667,2,270
9520,47,2.14252875,515,9054,N,78.3333333333333,2,270
10729,48,2.17581075,523,9520,N,80,2,270
10066,49,2.4379065,586,10729,N,81.6666666666667,2,270
10938,50,2.76656625,665,10066,N,83.3333333333333,2,270
10130,51,2.729124,656,10938,N,85,2,270
10366,52,2.795688,672,10130,N,86.6666666666667,2,270
10779,53,3.211713,772,10366,N,88.3333333333333,2,270
10104,54,1.7556255,422,10779,Y,90,3,270
12323,55,1.780587,428,10104,N,91.6666666666667,3,270
12567,56,1.82634975,439,12323,N,93.3333333333333,3,270
12549,57,2.0218815,486,12567,N,95,3,270
12721,58,2.196612,528,12549,N,96.6666666666667,3,270
12455,59,2.4212655,582,12721,N,98.3333333333333,3,270
12378,61,1.99275975,479,12455,N,101.666666666667,3,270
12703,62,2.30061825,553,12378,N,103.333333333333,3,270
14169,63,2.36718225,569,12703,N,105,3,270
13894,64,1.35208125,325,14169,Y,106.666666666667,4,270
14550,65,1.248075,300,13894,N,108.333333333333,4,270
13074,66,1.4560875,350,14550,N,110,4,270
14815,67,1.57673475,379,13074,N,111.666666666667,4,270
13994,69,2.130048,512,14815,N,115,4,270
14400,70,1.49769,360,13994,Y,116.666666666667,5,270
2204,0,1.1731905,282,NA,N,0,0,271
2165,1,1.2563955,302,2204,N,1.66666666666667,0,271
2181,2,1.26887625,305,2165,N,3.33333333333333,0,271
2235,3,1.42696575,343,2181,N,5,0,271
2197,4,1.3063185,314,2235,N,6.66666666666667,0,271
2367,5,1.46024775,351,2197,N,8.33333333333333,0,271
2011,6,1.30215825,313,2367,N,10,0,271
2205,7,1.397844,336,2011,N,11.6666666666667,0,271
3326,8,1.481049,356,2205,N,13.3333333333333,0,271
3489,9,1.45192725,349,3326,N,15,0,271
3238,10,1.447767,348,3489,N,16.6666666666667,0,271
3376,11,1.40200425,337,3238,N,18.3333333333333,0,271
3715,12,1.5226515,366,3376,N,20,0,271
3204,13,1.530972,368,3715,N,21.6666666666667,0,271
3145,14,1.50185025,361,3204,N,23.3333333333333,0,271
3507,15,1.63497825,393,3145,N,25,0,271
4357,16,1.547613,372,3507,N,26.6666666666667,0,271
4343,17,1.73482425,417,4357,N,28.3333333333333,0,271
4464,18,1.6641,400,4343,N,30,0,271
4341,19,1.88459325,453,4464,N,31.6666666666667,0,271
4639,20,2.0218815,486,4341,N,33.3333333333333,0,271
4409,21,2.04268275,491,4639,N,35,0,271
5315,22,2.04268275,491,4409,N,36.6666666666667,0,271
4418,23,0.9568575,230,5315,Y,38.3333333333333,1,271
5545,24,0.99429975,239,4418,N,40,1,271
5505,25,1.248075,300,5545,N,41.6666666666667,1,271
5499,26,1.22727375,295,5505,N,43.3333333333333,1,271
5713,27,1.32711975,319,5499,N,45,1,271
5750,28,1.36872225,329,5713,N,46.6666666666667,1,271
5724,29,1.3895235,334,5750,N,48.3333333333333,1,271
5531,30,1.45192725,349,5724,N,50,1,271
6549,31,1.56009375,375,5531,N,51.6666666666667,1,271
7345,32,1.5559335,374,6549,N,53.3333333333333,1,271
6951,33,1.847151,444,7345,N,55,1,271
6712,34,1.70154225,409,6951,N,56.6666666666667,1,271
6947,36,0.948537,228,6712,Y,60,2,271
6841,37,0.90277425,217,6947,N,61.6666666666667,2,271
6942,38,0.9069345,218,6841,N,63.3333333333333,2,271
8050,40,1.17735075,283,6942,N,66.6666666666667,2,271
8408,41,1.1731905,282,8050,N,68.3333333333333,2,271
9166,42,1.16070975,279,8408,N,70,2,271
8321,43,1.22727375,295,9166,N,71.6666666666667,2,271
8229,44,1.3229595,318,8321,N,73.3333333333333,2,271
8875,45,1.41864525,341,8229,N,75,2,271
8638,46,1.53513225,369,8875,N,76.6666666666667,2,271
9343,47,1.564254,376,8638,N,78.3333333333333,2,271
10360,48,1.5060105,362,9343,N,80,2,271
9542,49,1.69322175,407,10360,N,81.6666666666667,2,271
10727,50,1.84299075,443,9542,N,83.3333333333333,2,271
9675,51,1.83467025,441,10727,N,85,2,271
10151,52,1.880433,452,9675,N,86.6666666666667,2,271
10371,53,0.88613325,213,10151,Y,88.3333333333333,3,271
9589,54,0.93605625,225,10371,N,90,3,271
10972,55,0.965178,232,9589,N,91.6666666666667,3,271
11199,56,0.99429975,239,10972,N,93.3333333333333,3,271
11107,57,1.098306,264,11199,N,95,3,271
11693,58,1.297998,312,11107,N,96.6666666666667,3,271
11029,59,1.17735075,283,11693,N,98.3333333333333,3,271
11031,62,1.64329875,395,11029,N,103.333333333333,3,271
13464,63,1.58505525,381,11031,N,105,3,271
13120,64,1.680741,404,13464,N,106.666666666667,3,271
12933,65,1.5725745,378,13120,N,108.333333333333,3,271
12748,66,1.614177,388,12933,N,110,3,271
13951,67,1.946997,468,12748,N,111.666666666667,3,271
13948,68,1.863792,448,13951,N,113.333333333333,3,271
13141,69,1.0400625,250,13948,Y,115,4,271
12866,70,1.09414575,263,13141,N,116.666666666667,4,271
2775,0,0.94437675,227,NA,N,0,0,272
2731,1,0.99429975,239,2775,N,1.66666666666667,0,272
2664,2,1.06918425,257,2731,N,3.33333333333333,0,272
2814,3,1.03590225,249,2664,N,5,0,272
3034,4,1.12742775,271,2814,N,6.66666666666667,0,272
2714,5,1.148229,276,3034,N,8.33333333333333,0,272
2088,6,1.16487,280,2714,N,10,0,272
2801,7,1.16487,280,2088,N,11.6666666666667,0,272
3748,8,1.20231225,289,2801,N,13.3333333333333,0,272
3982,9,1.21063275,291,3748,N,15,0,272
4134,10,1.21895325,293,3982,N,16.6666666666667,0,272
3841,11,1.2563955,302,4134,N,18.3333333333333,0,272
4220,12,1.29383775,311,3841,N,20,0,272
3555,13,1.30215825,313,4220,N,21.6666666666667,0,272
3335,14,1.32711975,319,3555,N,23.3333333333333,0,272
4067,15,1.281357,308,3335,N,25,0,272
4910,16,1.47688875,355,4067,N,26.6666666666667,0,272
4779,17,1.46024775,351,4910,N,28.3333333333333,0,272
5190,18,1.464408,352,4779,N,30,0,272
4912,19,1.51849125,365,5190,N,31.6666666666667,0,272
5256,20,1.530972,368,4912,N,33.3333333333333,0,272
4913,21,1.5559335,374,5256,N,35,0,272
5414,22,1.77642675,427,4913,N,36.6666666666667,0,272
4970,23,1.714023,412,5414,N,38.3333333333333,0,272
6482,24,2.07596475,499,4970,N,40,0,272
5965,25,2.4046245,578,6482,N,41.6666666666667,0,272
5657,26,2.063484,496,5965,N,43.3333333333333,0,272
6112,27,1.148229,276,5657,Y,45,1,272
6172,28,1.06918425,257,6112,N,46.6666666666667,1,272
6178,29,1.16903025,281,6172,N,48.3333333333333,1,272
6086,30,1.231434,296,6178,N,50,1,272
6637,31,1.264716,304,6086,N,51.6666666666667,1,272
7784,32,1.297998,312,6637,N,53.3333333333333,1,272
7458,33,1.36040175,327,7784,N,55,1,272
6798,34,1.50185025,361,7458,N,56.6666666666667,1,272
7424,35,1.547613,372,6798,N,58.3333333333333,1,272
7521,36,1.51017075,363,7424,N,60,1,272
7206,37,1.65161925,397,7521,N,61.6666666666667,1,272
7373,38,1.68490125,405,7206,N,63.3333333333333,1,272
7966,39,1.5559335,374,7373,N,65,1,272
8142,40,1.95115725,469,7966,N,66.6666666666667,1,272
8630,41,2.16749025,521,8142,N,68.3333333333333,1,272
9259,42,2.16333,520,8630,N,70,1,272
8570,43,0.93605625,225,9259,Y,71.6666666666667,2,272
8335,44,1.01094075,243,8570,N,73.3333333333333,2,272
9075,45,1.231434,296,8335,N,75,2,272
8887,46,1.31879925,317,9075,N,76.6666666666667,2,272
9446,47,1.28551725,309,8887,N,78.3333333333333,2,272
10556,48,1.30215825,313,9446,N,80,2,272
9863,49,1.3728825,330,10556,N,81.6666666666667,2,272
10868,50,1.46856825,353,9863,N,83.3333333333333,2,272
9978,51,1.52681175,367,10868,N,85,2,272
10266,52,1.85131125,445,9978,N,86.6666666666667,2,272
10609,53,1.8055485,434,10266,N,88.3333333333333,2,272
9818,54,1.95947775,471,10609,N,90,2,272
11733,55,2.1050865,506,9818,N,91.6666666666667,2,272
12005,56,1.06918425,257,11733,Y,93.3333333333333,3,272
11868,57,1.0067805,242,12005,N,95,3,272
12498,58,0.96933825,233,11868,N,96.6666666666667,3,272
11849,59,1.0567035,254,12498,N,98.3333333333333,3,272
11716,60,0.94437675,227,11849,N,100,3,272
11898,61,0.981819,236,11716,N,101.666666666667,3,272
12448,62,1.30215825,313,11898,N,103.333333333333,3,272
13885,63,1.36040175,327,12448,N,105,3,272
13665,64,1.4560875,350,13885,N,106.666666666667,3,272
14259,65,1.597536,384,13665,N,108.333333333333,3,272
12925,66,1.83467025,441,14259,N,110,3,272
14220,67,1.8721125,450,12925,N,111.666666666667,3,272
14209,68,0.78628725,189,14220,Y,113.333333333333,4,272
13333,69,0.9069345,218,14209,N,115,4,272
13517,70,1.15238925,277,13333,N,116.666666666667,4,272
2838,0,0.848691,204,NA,N,0,0,273
2749,1,0.965178,232,2838,N,1.66666666666667,0,273
2672,2,0.98597925,237,2749,N,3.33333333333333,0,273
2862,3,0.98597925,237,2672,N,5,0,273
3053,4,0.97765875,235,2862,N,6.66666666666667,0,273
2726,5,1.0234215,246,3053,N,8.33333333333333,0,273
2097,6,1.0067805,242,2726,N,10,0,273
2839,7,1.015101,244,2097,N,11.6666666666667,0,273
3791,8,1.1066265,266,2839,N,13.3333333333333,0,273
4024,9,1.20231225,289,3791,N,15,0,273
4146,10,1.214793,292,4024,N,16.6666666666667,0,273
3890,11,1.214793,292,4146,N,18.3333333333333,0,273
4229,12,1.297998,312,3890,N,20,0,273
3601,13,1.30215825,313,4229,N,21.6666666666667,0,273
3374,14,1.2563955,302,3601,N,23.3333333333333,0,273
4110,15,1.34376075,323,3374,N,25,0,273
4944,16,1.46024775,351,4110,N,26.6666666666667,0,273
4821,17,1.51017075,363,4944,N,28.3333333333333,0,273
5197,18,1.514331,364,4821,N,30,0,273
4954,19,1.481049,356,5197,N,31.6666666666667,0,273
5263,20,1.4560875,350,4954,N,33.3333333333333,0,273
4952,21,1.46856825,353,5263,N,35,0,273
5422,22,1.5060105,362,4952,N,36.6666666666667,0,273
5001,23,1.614177,388,5422,N,38.3333333333333,0,273
6490,24,1.75978575,423,5001,N,40,0,273
6014,25,1.697382,408,6490,N,41.6666666666667,0,273
5664,26,1.92619575,463,6014,N,43.3333333333333,0,273
6149,27,2.04268275,491,5664,N,45,0,273
6219,28,2.196612,528,6149,N,46.6666666666667,0,273
6222,29,2.1217275,510,6219,N,48.3333333333333,0,273
6130,30,2.35886175,567,6222,N,50,0,273
6645,31,2.32557975,559,6130,N,51.6666666666667,0,273
7792,32,2.3879835,574,6645,N,53.3333333333333,0,273
7486,33,1.54345275,371,7792,Y,55,1,273
6809,34,1.50185025,361,7486,N,56.6666666666667,1,273
7446,35,1.530972,368,6809,N,58.3333333333333,1,273
7562,36,1.6058565,386,7446,N,60,1,273
7232,37,1.53513225,369,7562,N,61.6666666666667,1,273
7407,38,1.65161925,397,7232,N,63.3333333333333,1,273
7972,39,1.7722665,426,7407,N,65,1,273
8149,40,1.747305,420,7972,N,66.6666666666667,1,273
8653,41,1.7889075,430,8149,N,68.3333333333333,1,273
9268,42,1.913715,460,8653,N,70,1,273
8589,43,2.07596475,499,9268,N,71.6666666666667,1,273
8358,44,2.45038725,589,8589,N,73.3333333333333,1,273
9086,45,2.1050865,506,8358,N,75,1,273
8913,46,1.4727285,354,9086,Y,76.6666666666667,2,273
9457,47,1.264716,304,8913,N,78.3333333333333,2,273
10576,48,1.3229595,318,9457,N,80,2,273
9886,49,1.39368375,335,10576,N,81.6666666666667,2,273
10879,50,1.231434,296,9886,N,83.3333333333333,2,273
9989,51,1.4893695,358,10879,N,85,2,273
10277,52,1.514331,364,9989,N,86.6666666666667,2,273
10632,53,1.5392925,370,10277,N,88.3333333333333,2,273
9842,54,1.6058565,386,10632,N,90,2,273
11815,55,1.863792,448,9842,N,91.6666666666667,2,273
12086,56,1.90955475,459,11815,N,93.3333333333333,2,273
11969,57,1.78474725,429,12086,N,95,2,273
12571,58,2.10092625,505,11969,N,96.6666666666667,2,273
11939,59,1.21063275,291,12571,Y,98.3333333333333,3,273
11784,60,1.11078675,267,11939,N,100,3,273
2838,0,0.848691,204,NA,N,0,0,274
2749,1,0.965178,232,2838,N,1.66666666666667,0,274
2672,2,0.98597925,237,2749,N,3.33333333333333,0,274
2862,3,0.98597925,237,2672,N,5,0,274
3053,4,0.97765875,235,2862,N,6.66666666666667,0,274
2726,5,1.0234215,246,3053,N,8.33333333333333,0,274
2097,6,1.0067805,242,2726,N,10,0,274
2839,7,1.015101,244,2097,N,11.6666666666667,0,274
3791,8,1.1066265,266,2839,N,13.3333333333333,0,274
4024,9,1.20231225,289,3791,N,15,0,274
4146,10,1.214793,292,4024,N,16.6666666666667,0,274
3890,11,1.214793,292,4146,N,18.3333333333333,0,274
4229,12,1.297998,312,3890,N,20,0,274
3601,13,1.30215825,313,4229,N,21.6666666666667,0,274
3374,14,1.2563955,302,3601,N,23.3333333333333,0,274
4110,15,1.34376075,323,3374,N,25,0,274
4944,16,1.46024775,351,4110,N,26.6666666666667,0,274
4821,17,1.51017075,363,4944,N,28.3333333333333,0,274
5197,18,1.514331,364,4821,N,30,0,274
4954,19,1.481049,356,5197,N,31.6666666666667,0,274
5263,20,1.4560875,350,4954,N,33.3333333333333,0,274
4952,21,1.46856825,353,5263,N,35,0,274
5422,22,1.5060105,362,4952,N,36.6666666666667,0,274
5001,23,1.614177,388,5422,N,38.3333333333333,0,274
6490,24,1.75978575,423,5001,N,40,0,274
6014,25,1.697382,408,6490,N,41.6666666666667,0,274
5664,26,1.92619575,463,6014,N,43.3333333333333,0,274
6149,27,2.04268275,491,5664,N,45,0,274
6219,28,2.196612,528,6149,N,46.6666666666667,0,274
6222,29,2.1217275,510,6219,N,48.3333333333333,0,274
6130,30,2.35886175,567,6222,N,50,0,274
6645,31,2.32557975,559,6130,N,51.6666666666667,0,274
7792,32,2.3879835,574,6645,N,53.3333333333333,0,274
7486,33,1.54345275,371,7792,Y,55,1,274
6809,34,1.50185025,361,7486,N,56.6666666666667,1,274
7446,35,1.530972,368,6809,N,58.3333333333333,1,274
7562,36,1.6058565,386,7446,N,60,1,274
7232,37,1.53513225,369,7562,N,61.6666666666667,1,274
7407,38,1.65161925,397,7232,N,63.3333333333333,1,274
7972,39,1.7722665,426,7407,N,65,1,274
8149,40,1.747305,420,7972,N,66.6666666666667,1,274
8653,41,1.7889075,430,8149,N,68.3333333333333,1,274
9268,42,1.913715,460,8653,N,70,1,274
8589,43,2.07596475,499,9268,N,71.6666666666667,1,274
8358,44,2.45038725,589,8589,N,73.3333333333333,1,274
9086,45,2.1050865,506,8358,N,75,1,274
8916,46,0.93605625,225,9086,Y,76.6666666666667,2,274
9459,47,1.1232675,270,8916,N,78.3333333333333,2,274
10580,48,1.16487,280,9459,N,80,2,274
9892,49,1.22727375,295,10580,N,81.6666666666667,2,274
10881,50,1.3396005,322,9892,N,83.3333333333333,2,274
9991,51,1.26887625,305,10881,N,85,2,274
10279,52,1.28551725,309,9991,N,86.6666666666667,2,274
10636,53,1.51017075,363,10279,N,88.3333333333333,2,274
9845,54,1.69322175,407,10636,N,90,2,274
11829,55,1.7389845,418,9845,N,91.6666666666667,2,274
12103,56,1.7722665,426,11829,N,93.3333333333333,2,274
11986,57,1.847151,444,12103,N,95,2,274
12581,58,1.0067805,242,11986,Y,96.6666666666667,3,274
11960,59,1.0899855,262,12581,N,98.3333333333333,3,274
11808,60,1.20231225,289,11960,N,100,3,274
11987,61,1.3063185,314,11808,N,101.666666666667,3,274
12521,62,1.4893695,358,11987,N,103.333333333333,3,274
13945,63,1.24391475,299,12521,N,105,3,274
13698,64,2.0052405,482,13945,N,106.666666666667,3,274
14315,65,1.78474725,429,13698,N,108.333333333333,3,274
12967,66,2.09260575,503,14315,N,110,3,274
14713,67,1.06918425,257,12967,Y,111.666666666667,4,274
14729,68,1.198152,288,14713,N,113.333333333333,4,274
13836,69,1.1565495,278,14729,N,115,4,274
14714,70,0.93605625,225,13836,N,116.666666666667,4,274
2842,0,0.93605625,225,NA,N,0,0,275
2751,1,0.898614,216,2842,N,1.66666666666667,0,275
2673,2,0.90277425,217,2751,N,3.33333333333333,0,275
2867,3,1.05254325,253,2673,N,5,0,275
3055,4,0.9734985,234,2867,N,6.66666666666667,0,275
2727,5,0.97765875,235,3055,N,8.33333333333333,0,275
2098,6,0.95269725,229,2727,N,10,0,275
2844,7,1.01926125,245,2098,N,11.6666666666667,0,275
3798,8,0.9568575,230,2844,N,13.3333333333333,0,275
4030,9,1.1066265,266,3798,N,15,0,275
4147,10,1.18567125,285,4030,N,16.6666666666667,0,275
3895,11,1.1565495,278,4147,N,18.3333333333333,0,275
4231,12,1.16903025,281,3895,N,20,0,275
3606,13,1.2064725,290,4231,N,21.6666666666667,0,275
3377,14,1.098306,264,3606,N,23.3333333333333,0,275
4114,15,1.2231135,294,3377,N,25,0,275
4946,16,1.25223525,301,4114,N,26.6666666666667,0,275
4828,17,1.281357,308,4946,N,28.3333333333333,0,275
5198,18,1.21895325,293,4828,N,30,0,275
4959,19,1.2397545,298,5198,N,31.6666666666667,0,275
5264,20,1.297998,312,4959,N,33.3333333333333,0,275
4958,21,1.181511,284,5264,N,35,0,275
5423,22,1.18567125,285,4958,N,36.6666666666667,0,275
5008,23,1.20231225,289,5423,N,38.3333333333333,0,275
6491,24,1.5559335,374,5008,N,40,0,275
6020,25,1.714023,412,6491,N,41.6666666666667,0,275
5665,26,1.8055485,434,6020,N,43.3333333333333,0,275
6156,27,2.00940075,483,5665,N,45,0,275
6224,28,1.9885995,478,6156,N,46.6666666666667,0,275
6230,29,2.1550095,518,6224,N,48.3333333333333,0,275
6136,30,2.030202,488,6230,N,50,0,275
6646,31,0.965178,232,6136,Y,51.6666666666667,1,275
7793,32,1.01094075,243,6646,N,53.3333333333333,1,275
7490,33,1.09414575,263,7793,N,55,1,275
6810,34,1.181511,284,7490,N,56.6666666666667,1,275
7451,35,1.26887625,305,6810,N,58.3333333333333,1,275
7633,36,1.3229595,318,7451,N,60,1,275
7241,37,1.38536325,333,7633,N,61.6666666666667,1,275
7413,38,1.397844,336,7241,N,63.3333333333333,1,275
7974,39,1.597536,384,7413,N,65,1,275
8151,40,1.547613,372,7974,N,66.6666666666667,1,275
8659,41,1.76810625,425,8151,N,68.3333333333333,1,275
9270,42,1.930356,464,8659,N,70,1,275
8605,43,2.0884455,502,9270,N,71.6666666666667,1,275
8360,44,2.45870775,591,8605,N,73.3333333333333,1,275
9087,45,1.24391475,299,8360,Y,75,2,275
8918,46,1.2231135,294,9087,N,76.6666666666667,2,275
9460,47,1.364562,328,8918,N,78.3333333333333,2,275
10582,48,1.46856825,353,9460,N,80,2,275
9895,49,1.61833725,389,10582,N,81.6666666666667,2,275
10882,50,1.763946,424,9895,N,83.3333333333333,2,275
9992,51,1.70154225,409,10882,N,85,2,275
10280,52,1.763946,424,9992,N,86.6666666666667,2,275
10638,53,2.06764425,497,10280,N,88.3333333333333,2,275
9847,54,1.86795225,449,10638,N,90,2,275
11835,55,2.08428525,501,9847,N,91.6666666666667,2,275
12112,56,2.263176,544,11835,N,93.3333333333333,2,275
11995,57,2.51695125,605,12112,N,95,2,275
12589,58,2.446227,588,11995,N,96.6666666666667,2,275
11967,59,1.20231225,289,12589,Y,98.3333333333333,3,275
11813,60,1.1898315,286,11967,N,100,3,275
11994,61,1.3728825,330,11813,N,101.666666666667,3,275
12526,62,1.514331,364,11994,N,103.333333333333,3,275
13950,63,1.630818,392,12526,N,105,3,275
13702,64,1.614177,388,13950,N,106.666666666667,3,275
14320,65,1.56009375,375,13702,N,108.333333333333,3,275
12970,66,1.614177,388,14320,N,110,3,275
14248,67,1.6724205,402,12970,N,111.666666666667,3,275
14233,68,1.7389845,418,14248,N,113.333333333333,3,275
13347,69,1.897074,456,14233,N,115,3,275
13549,70,0.95269725,229,13347,Y,116.666666666667,4,275
2850,0,1.4061645,338,NA,N,0,0,276
2755,1,1.4228055,342,2850,N,1.66666666666667,0,276
2675,2,1.414485,340,2755,N,3.33333333333333,0,276
2886,3,1.4893695,358,2675,N,5,0,276
3057,4,1.4893695,358,2886,N,6.66666666666667,0,276
2728,5,1.5392925,370,3057,N,8.33333333333333,0,276
2099,6,1.56841425,377,2728,N,10,0,276
2851,7,1.5725745,378,2099,N,11.6666666666667,0,276
3805,8,1.70154225,409,2851,N,13.3333333333333,0,276
4036,9,1.597536,384,3805,N,15,0,276
4148,10,1.697382,408,4036,N,16.6666666666667,0,276
3902,11,1.747305,420,4148,N,18.3333333333333,0,276
4233,12,1.72650375,415,3902,N,20,0,276
3619,13,1.7556255,422,4233,N,21.6666666666667,0,276
3384,14,1.83051,440,3619,N,23.3333333333333,0,276
4120,15,1.86795225,449,3384,N,25,0,276
4951,16,2.05100325,493,4120,N,26.6666666666667,0,276
4834,17,2.05100325,493,4951,N,28.3333333333333,0,276
5199,18,2.11756725,509,4834,N,30,0,276
4964,19,2.1217275,510,5199,N,31.6666666666667,0,276
5265,20,2.229894,536,4964,N,33.3333333333333,0,276
4963,21,2.27565675,547,5265,N,35,0,276
5424,22,2.0551635,494,4963,N,36.6666666666667,0,276
5015,23,2.512791,604,5424,N,38.3333333333333,0,276
6492,24,2.346381,564,5015,N,40,0,276
6026,25,2.4545475,590,6492,N,41.6666666666667,0,276
5667,26,1.3562415,326,6026,Y,43.3333333333333,1,276
6228,28,1.38536325,333,5667,N,46.6666666666667,1,276
6233,29,1.3895235,334,6228,N,48.3333333333333,1,276
6147,30,1.431126,344,6233,N,50,1,276
6648,31,1.42696575,343,6147,N,51.6666666666667,1,276
7796,32,1.6391385,394,6648,N,53.3333333333333,1,276
7498,33,1.54345275,371,7796,N,55,1,276
6812,34,1.797228,432,7498,N,56.6666666666667,1,276
7459,35,1.747305,420,6812,N,58.3333333333333,1,276
7636,36,1.847151,444,7459,N,60,1,276
7255,37,1.84299075,443,7636,N,61.6666666666667,1,276
7423,38,1.87627275,451,7255,N,63.3333333333333,1,276
7977,39,1.93451625,465,7423,N,65,1,276
8154,40,1.83467025,441,7977,N,66.6666666666667,1,276
8671,41,2.12588775,511,8154,N,68.3333333333333,1,276
9273,42,2.063484,496,8671,N,70,1,276
8611,43,2.379663,572,9273,N,71.6666666666667,1,276
8368,44,2.629278,632,8611,N,73.3333333333333,1,276
9092,45,2.562714,616,8368,N,75,1,276
8928,46,2.89969425,697,9092,N,76.6666666666667,1,276
9464,47,2.83313025,681,8928,N,78.3333333333333,1,276
10588,48,2.89969425,697,9464,N,80,1,276
9909,49,1.56841425,377,10588,Y,81.6666666666667,2,276
10886,50,1.71818325,413,9909,N,83.3333333333333,2,276
9995,51,1.57673475,379,10886,N,85,2,276
10283,52,1.614177,388,9995,N,86.6666666666667,2,276
10647,53,1.630818,392,10283,N,88.3333333333333,2,276
9857,54,1.67658075,403,10647,N,90,2,276
11879,55,1.7889075,430,9857,N,91.6666666666667,2,276
12136,56,2.296458,552,11879,N,93.3333333333333,2,276
12027,57,2.27565675,547,12136,N,95,2,276
12604,58,2.60015625,625,12027,N,96.6666666666667,2,276
12014,59,1.04422275,251,12604,Y,98.3333333333333,3,276
11846,60,1.114947,268,12014,N,100,3,276
12012,61,1.464408,352,11846,N,101.666666666667,3,276
2850,0,1.4061645,338,NA,N,0,0,277
2755,1,1.4228055,342,2850,N,1.66666666666667,0,277
2675,2,1.414485,340,2755,N,3.33333333333333,0,277
2886,3,1.4893695,358,2675,N,5,0,277
3057,4,1.4893695,358,2886,N,6.66666666666667,0,277
2728,5,1.5392925,370,3057,N,8.33333333333333,0,277
2099,6,1.56841425,377,2728,N,10,0,277
2851,7,1.5725745,378,2099,N,11.6666666666667,0,277
3805,8,1.70154225,409,2851,N,13.3333333333333,0,277
4036,9,1.597536,384,3805,N,15,0,277
4148,10,1.697382,408,4036,N,16.6666666666667,0,277
3902,11,1.747305,420,4148,N,18.3333333333333,0,277
4233,12,1.72650375,415,3902,N,20,0,277
3619,13,1.7556255,422,4233,N,21.6666666666667,0,277
3384,14,1.83051,440,3619,N,23.3333333333333,0,277
4120,15,1.86795225,449,3384,N,25,0,277
4951,16,2.05100325,493,4120,N,26.6666666666667,0,277
4834,17,2.05100325,493,4951,N,28.3333333333333,0,277
5199,18,2.11756725,509,4834,N,30,0,277
4964,19,2.1217275,510,5199,N,31.6666666666667,0,277
5265,20,2.229894,536,4964,N,33.3333333333333,0,277
4963,21,2.27565675,547,5265,N,35,0,277
5424,22,2.0551635,494,4963,N,36.6666666666667,0,277
5015,23,2.512791,604,5424,N,38.3333333333333,0,277
6492,24,2.346381,564,5015,N,40,0,277
6026,25,2.4545475,590,6492,N,41.6666666666667,0,277
5667,26,1.3562415,326,6026,Y,43.3333333333333,1,277
6228,28,1.38536325,333,5667,N,46.6666666666667,1,277
6233,29,1.3895235,334,6228,N,48.3333333333333,1,277
6147,30,1.431126,344,6233,N,50,1,277
6648,31,1.42696575,343,6147,N,51.6666666666667,1,277
7796,32,1.6391385,394,6648,N,53.3333333333333,1,277
7498,33,1.54345275,371,7796,N,55,1,277
6812,34,1.797228,432,7498,N,56.6666666666667,1,277
7459,35,1.747305,420,6812,N,58.3333333333333,1,277
7636,36,1.847151,444,7459,N,60,1,277
7255,37,1.84299075,443,7636,N,61.6666666666667,1,277
7423,38,1.87627275,451,7255,N,63.3333333333333,1,277
7977,39,1.93451625,465,7423,N,65,1,277
8154,40,1.83467025,441,7977,N,66.6666666666667,1,277
8671,41,2.12588775,511,8154,N,68.3333333333333,1,277
9273,42,2.063484,496,8671,N,70,1,277
8611,43,2.379663,572,9273,N,71.6666666666667,1,277
8368,44,2.629278,632,8611,N,73.3333333333333,1,277
9092,45,2.562714,616,8368,N,75,1,277
8928,46,2.89969425,697,9092,N,76.6666666666667,1,277
9464,47,2.83313025,681,8928,N,78.3333333333333,1,277
10588,48,2.89969425,697,9464,N,80,1,277
9909,49,1.56841425,377,10588,Y,81.6666666666667,2,277
10886,50,1.71818325,413,9909,N,83.3333333333333,2,277
9995,51,1.57673475,379,10886,N,85,2,277
10283,52,1.614177,388,9995,N,86.6666666666667,2,277
10647,53,1.630818,392,10283,N,88.3333333333333,2,277
9857,54,1.67658075,403,10647,N,90,2,277
11879,55,1.7889075,430,9857,N,91.6666666666667,2,277
12136,56,2.296458,552,11879,N,93.3333333333333,2,277
12027,57,2.27565675,547,12136,N,95,2,277
12604,58,2.60015625,625,12027,N,96.6666666666667,2,277
12007,59,1.2563955,302,12604,Y,98.3333333333333,3,277
11852,60,1.431126,344,12007,N,100,3,277
12020,61,1.55177325,373,11852,N,101.666666666667,3,277
12558,62,1.70986275,411,12020,N,103.333333333333,3,277
13967,63,1.69322175,407,12558,N,105,3,277
13716,64,2.00940075,483,13967,N,106.666666666667,3,277
14336,65,2.3047785,554,13716,N,108.333333333333,3,277
12992,66,2.33390025,561,14336,N,110,3,277
14254,67,2.446227,588,12992,N,111.666666666667,3,277
14236,68,1.214793,292,14254,Y,113.333333333333,4,277
13349,69,1.364562,328,14236,N,115,4,277
13561,70,1.447767,348,13349,N,116.666666666667,4,277
2527,0,1.08582525,261,NA,N,0,0,278
2517,1,1.17735075,283,2527,N,1.66666666666667,0,278
2546,2,1.231434,296,2517,N,3.33333333333333,0,278
2593,3,1.381203,332,2546,N,5,0,278
2776,4,1.34376075,323,2593,N,6.66666666666667,0,278
2525,5,1.42696575,343,2776,N,8.33333333333333,0,278
2061,6,1.46024775,351,2525,N,10,0,278
2507,7,1.51017075,363,2061,N,11.6666666666667,0,278
3597,8,1.4560875,350,2507,N,13.3333333333333,0,278
3817,9,1.4893695,358,3597,N,15,0,278
3967,10,1.61001675,387,3817,N,16.6666666666667,0,278
3666,11,1.61001675,387,3967,N,18.3333333333333,0,278
4078,12,1.647459,396,3666,N,20,0,278
3393,13,1.52681175,367,4078,N,21.6666666666667,0,278
3239,14,1.614177,388,3393,N,23.3333333333333,0,278
3908,15,1.597536,384,3239,N,25,0,278
4755,16,1.680741,404,3908,N,26.6666666666667,0,278
4622,17,1.680741,404,4755,N,28.3333333333333,0,278
5147,18,1.72650375,415,4622,N,30,0,278
4752,19,1.763946,424,5147,N,31.6666666666667,0,278
5099,20,1.83051,440,4752,N,33.3333333333333,0,278
4757,21,1.95947775,471,5099,N,35,0,278
5386,22,2.080125,500,4757,N,36.6666666666667,0,278
4820,23,2.246535,540,5386,N,38.3333333333333,0,278
6426,24,2.5876755,622,4820,N,40,0,278
5857,25,1.45192725,349,6426,Y,41.6666666666667,1,278
5635,26,1.46024775,351,5857,N,43.3333333333333,1,278
5992,27,1.364562,328,5635,N,45,1,278
6027,28,1.347921,324,5992,N,46.6666666666667,1,278
6049,29,1.514331,364,6027,N,48.3333333333333,1,278
5971,30,1.61833725,389,6049,N,50,1,278
6613,31,1.6391385,394,5971,N,51.6666666666667,1,278
7763,32,1.73482425,417,6613,N,53.3333333333333,1,278
7291,33,1.69322175,407,7763,N,55,1,278
6774,34,1.8388305,442,7291,N,56.6666666666667,1,278
7224,35,1.647459,396,6774,N,58.3333333333333,1,278
7311,36,2.08428525,501,7224,N,60,1,278
7123,37,1.80138825,433,7311,N,61.6666666666667,1,278
7293,38,1.96779825,473,7123,N,63.3333333333333,1,278
7947,39,1.8721125,450,7293,N,65,1,278
8121,40,1.97611875,475,7947,N,66.6666666666667,1,278
8594,41,2.25901575,543,8121,N,68.3333333333333,1,278
9235,42,2.4545475,590,8594,N,70,1,278
8501,43,1.38536325,333,9235,Y,71.6666666666667,2,278
8295,44,1.46856825,353,8501,N,73.3333333333333,2,278
9031,45,1.6391385,394,8295,N,75,2,278
8839,46,1.58505525,381,9031,N,76.6666666666667,2,278
9419,47,1.5226515,366,8839,N,78.3333333333333,2,278
10504,48,1.8721125,450,9419,N,80,2,278
9791,49,1.68490125,405,10504,N,81.6666666666667,2,278
10840,50,1.79306775,431,9791,N,83.3333333333333,2,278
9944,51,1.797228,432,10840,N,85,2,278
10238,52,1.880433,452,9944,N,86.6666666666667,2,278
10549,53,2.246535,540,10238,N,88.3333333333333,2,278
9737,54,2.363022,568,10549,N,90,2,278
11538,55,2.4545475,590,9737,N,91.6666666666667,2,278
11781,56,1.281357,308,11538,Y,93.3333333333333,3,278
11659,57,1.1399085,274,11781,N,95,3,278
2527,0,1.08582525,261,NA,N,0,0,279
2517,1,1.17735075,283,2527,N,1.66666666666667,0,279
2546,2,1.231434,296,2517,N,3.33333333333333,0,279
2593,3,1.381203,332,2546,N,5,0,279
2776,4,1.34376075,323,2593,N,6.66666666666667,0,279
2525,5,1.42696575,343,2776,N,8.33333333333333,0,279
2061,6,1.46024775,351,2525,N,10,0,279
2507,7,1.51017075,363,2061,N,11.6666666666667,0,279
3597,8,1.4560875,350,2507,N,13.3333333333333,0,279
3817,9,1.4893695,358,3597,N,15,0,279
3967,10,1.61001675,387,3817,N,16.6666666666667,0,279
3666,11,1.61001675,387,3967,N,18.3333333333333,0,279
4078,12,1.647459,396,3666,N,20,0,279
3393,13,1.52681175,367,4078,N,21.6666666666667,0,279
3239,14,1.614177,388,3393,N,23.3333333333333,0,279
3908,15,1.597536,384,3239,N,25,0,279
4755,16,1.680741,404,3908,N,26.6666666666667,0,279
4622,17,1.680741,404,4755,N,28.3333333333333,0,279
5147,18,1.72650375,415,4622,N,30,0,279
4752,19,1.763946,424,5147,N,31.6666666666667,0,279
5099,20,1.83051,440,4752,N,33.3333333333333,0,279
4757,21,1.95947775,471,5099,N,35,0,279
5386,22,2.080125,500,4757,N,36.6666666666667,0,279
4820,23,2.246535,540,5386,N,38.3333333333333,0,279
6426,24,2.5876755,622,4820,N,40,0,279
5857,25,1.45192725,349,6426,Y,41.6666666666667,1,279
5635,26,1.46024775,351,5857,N,43.3333333333333,1,279
5992,27,1.364562,328,5635,N,45,1,279
6027,28,1.347921,324,5992,N,46.6666666666667,1,279
6049,29,1.514331,364,6027,N,48.3333333333333,1,279
5971,30,1.61833725,389,6049,N,50,1,279
6613,31,1.6391385,394,5971,N,51.6666666666667,1,279
7763,32,1.73482425,417,6613,N,53.3333333333333,1,279
7291,33,1.69322175,407,7763,N,55,1,279
6774,34,1.8388305,442,7291,N,56.6666666666667,1,279
7224,35,1.647459,396,6774,N,58.3333333333333,1,279
7311,36,2.08428525,501,7224,N,60,1,279
7123,37,1.80138825,433,7311,N,61.6666666666667,1,279
7293,38,1.96779825,473,7123,N,63.3333333333333,1,279
7947,39,1.8721125,450,7293,N,65,1,279
8121,40,1.97611875,475,7947,N,66.6666666666667,1,279
8594,41,2.25901575,543,8121,N,68.3333333333333,1,279
9235,42,2.4545475,590,8594,N,70,1,279
8501,43,1.38536325,333,9235,Y,71.6666666666667,2,279
8295,44,1.46856825,353,8501,N,73.3333333333333,2,279
9031,45,1.6391385,394,8295,N,75,2,279
8839,46,1.58505525,381,9031,N,76.6666666666667,2,279
9419,47,1.5226515,366,8839,N,78.3333333333333,2,279
10504,48,1.8721125,450,9419,N,80,2,279
9791,49,1.68490125,405,10504,N,81.6666666666667,2,279
10840,50,1.79306775,431,9791,N,83.3333333333333,2,279
9944,51,1.797228,432,10840,N,85,2,279
10238,52,1.880433,452,9944,N,86.6666666666667,2,279
10549,53,2.246535,540,10238,N,88.3333333333333,2,279
9737,54,2.363022,568,10549,N,90,2,279
11538,55,2.4545475,590,9737,N,91.6666666666667,2,279
11769,56,1.1731905,282,11538,Y,93.3333333333333,3,279
11651,57,1.10246625,265,11769,N,95,3,279
12292,58,1.198152,288,11651,N,96.6666666666667,3,279
11600,59,1.297998,312,12292,N,98.3333333333333,3,279
11516,60,1.07750475,259,11600,N,100,3,279
12200,62,1.5392925,370,11516,N,103.333333333333,3,279
13761,63,1.597536,384,12200,N,105,3,279
13353,64,1.8055485,434,13761,N,106.666666666667,3,279
13501,65,1.63497825,393,13353,N,108.333333333333,3,279
12847,66,1.813869,436,13501,N,110,3,279
14150,67,2.013561,484,12847,N,111.666666666667,3,279
14149,68,2.05100325,493,14150,N,113.333333333333,3,279
13261,69,2.11756725,509,14149,N,115,3,279
13438,70,1.11910725,269,13261,Y,116.666666666667,4,279
2232,0,0.79460775,191,NA,N,0,0,280
2270,1,0.798768,192,2232,N,1.66666666666667,0,280
2263,2,0.86949225,209,2270,N,3.33333333333333,0,280
2357,3,0.9069345,218,2263,N,5,0,280
2227,4,0.9402165,226,2357,N,6.66666666666667,0,280
2399,5,0.99429975,239,2227,N,8.33333333333333,0,280
2020,6,1.0400625,250,2399,N,10,0,280
2241,7,1.0899855,262,2020,N,11.6666666666667,0,280
3360,8,1.08582525,261,2241,N,13.3333333333333,0,280
3541,9,1.09414575,263,3360,N,15,0,280
3265,10,1.114947,268,3541,N,16.6666666666667,0,280
3413,11,1.114947,268,3265,N,18.3333333333333,0,280
3789,12,1.16070975,279,3413,N,20,0,280
3229,13,1.1565495,278,3789,N,21.6666666666667,0,280
3153,14,1.18567125,285,3229,N,23.3333333333333,0,280
3564,15,1.2231135,294,3153,N,25,0,280
4412,16,1.24391475,299,3564,N,26.6666666666667,0,280
4425,17,1.32711975,319,4412,N,28.3333333333333,0,280
4511,18,1.41032475,339,4425,N,30,0,280
4368,19,1.3895235,334,4511,N,31.6666666666667,0,280
4685,20,1.51849125,365,4368,N,33.3333333333333,0,280
4479,21,1.530972,368,4685,N,35,0,280
5325,22,1.4394465,346,4479,N,36.6666666666667,0,280
4456,23,1.39368375,335,5325,N,38.3333333333333,0,280
5563,24,1.5226515,366,4456,N,40,0,280
5513,25,1.58505525,381,5563,N,41.6666666666667,0,280
5585,26,1.580895,380,5513,N,43.3333333333333,0,280
5764,27,1.54345275,371,5585,N,45,0,280
5806,28,1.57673475,379,5764,N,46.6666666666667,0,280
5794,29,1.58505525,381,5806,N,48.3333333333333,0,280
5560,30,1.65993975,399,5794,N,50,0,280
6564,31,1.73482425,417,5560,N,51.6666666666667,0,280
7693,32,1.797228,432,6564,N,53.3333333333333,0,280
7033,33,1.83051,440,7693,N,55,0,280
6726,34,2.0052405,482,7033,N,56.6666666666667,0,280
6960,35,2.213253,532,6726,N,58.3333333333333,0,280
7057,36,2.3047785,554,6960,N,60,0,280
6871,37,2.42542575,583,7057,N,61.6666666666667,0,280
7047,38,2.89969425,697,6871,N,63.3333333333333,0,280
7892,39,2.5876755,622,7047,N,65,0,280
8067,40,1.297998,312,7892,Y,66.6666666666667,1,280
8458,41,1.41032475,339,8067,N,68.3333333333333,1,280
9184,42,1.397844,336,8458,N,70,1,280
8355,43,1.56009375,375,9184,N,71.6666666666667,1,280
8244,44,1.747305,420,8355,N,73.3333333333333,1,280
8919,45,1.89291375,455,8244,N,75,1,280
8693,46,1.897074,456,8919,N,76.6666666666667,1,280
9363,47,1.897074,456,8693,N,78.3333333333333,1,280
10404,48,1.00262025,241,9363,Y,80,2,280
9564,49,1.198152,288,10404,N,81.6666666666667,2,280
10770,50,1.28551725,309,9564,N,83.3333333333333,2,280
9725,51,1.24391475,299,10770,N,85,2,280
10171,52,1.08582525,261,9725,N,86.6666666666667,2,280
10419,53,1.2064725,290,10171,N,88.3333333333333,2,280
9613,54,1.46024775,351,10419,N,90,2,280
11200,55,1.49769,360,9613,N,91.6666666666667,2,280
11360,56,1.65161925,397,11200,N,93.3333333333333,2,280
11475,57,0.765486,184,11360,Y,95,3,280
12083,58,0.848691,204,11475,N,96.6666666666667,3,280
11427,59,0.7904475,190,12083,N,98.3333333333333,3,280
11314,60,0.7904475,190,11427,N,100,3,280
11524,61,1.0567035,254,11314,N,101.666666666667,3,280
11446,62,1.0400625,250,11524,N,103.333333333333,3,280
13695,63,0.9568575,230,11446,N,105,3,280
13300,64,0.948537,228,13695,N,106.666666666667,3,280
13382,65,1.07750475,259,13300,N,108.333333333333,3,280
12819,66,1.248075,300,13382,N,110,3,280
14081,67,1.3562415,326,12819,N,111.666666666667,3,280
14093,68,1.4727285,354,14081,N,113.333333333333,3,280
2884,0,0.86949225,209,NA,N,0,0,281
2804,1,0.91109475,219,2884,N,1.66666666666667,0,281
2690,2,0.89445375,215,2804,N,3.33333333333333,0,281
2952,3,0.96101775,231,2690,N,5,0,281
3084,4,1.0067805,242,2952,N,6.66666666666667,0,281
2816,5,1.07750475,259,3084,N,8.33333333333333,0,281
2112,6,1.0899855,262,2816,N,10,0,281
2890,7,1.098306,264,2112,N,11.6666666666667,0,281
3880,8,1.131588,272,2890,N,13.3333333333333,0,281
4095,9,1.048383,252,3880,N,15,0,281
4168,10,1.198152,288,4095,N,16.6666666666667,0,281
3966,11,1.1731905,282,4168,N,18.3333333333333,0,281
4251,12,1.25223525,301,3966,N,20,0,281
3681,13,1.36040175,327,4251,N,21.6666666666667,0,281
3439,14,1.31879925,317,3681,N,23.3333333333333,0,281
4239,15,1.26887625,305,3439,N,25,0,281
4998,16,1.16903025,281,4239,N,26.6666666666667,0,281
4880,17,1.297998,312,4998,N,28.3333333333333,0,281
5207,18,1.33128,320,4880,N,30,0,281
4999,19,1.18567125,285,5207,N,31.6666666666667,0,281
5274,20,1.2896775,310,4999,N,33.3333333333333,0,281
5040,21,1.4228055,342,5274,N,35,0,281
5437,22,1.44360675,347,5040,N,36.6666666666667,0,281
5097,23,2.07596475,499,5437,N,38.3333333333333,0,281
6505,24,2.20909275,531,5097,N,40,0,281
6094,25,2.0052405,482,6505,N,41.6666666666667,0,281
5681,26,2.40046425,577,6094,N,43.3333333333333,0,281
6234,27,1.40200425,337,5681,Y,45,1,281
6326,28,1.28551725,309,6234,N,46.6666666666667,1,281
6293,29,1.33128,320,6326,N,48.3333333333333,1,281
6229,30,1.33544025,321,6293,N,50,1,281
6663,31,1.31879925,317,6229,N,51.6666666666667,1,281
7811,32,1.52681175,367,6663,N,53.3333333333333,1,281
7549,33,1.514331,364,7811,N,55,1,281
6834,34,1.65161925,397,7549,N,56.6666666666667,1,281
7522,35,1.1399085,274,6834,N,58.3333333333333,1,281
7665,36,1.73482425,417,7522,N,60,1,281
7323,37,1.80970875,435,7665,N,61.6666666666667,1,281
7516,38,1.90955475,459,7323,N,63.3333333333333,1,281
7998,39,1.7389845,418,7516,N,65,1,281
8173,40,2.01772125,485,7998,N,66.6666666666667,1,281
8726,41,2.2714965,546,8173,N,68.3333333333333,1,281
9290,42,0.8070885,194,8726,Y,70,2,281
8514,43,1.0234215,246,9290,N,71.6666666666667,2,281
8423,44,1.08582525,261,8514,N,73.3333333333333,2,281
9112,45,1.12742775,271,8423,N,75,2,281
8966,46,1.25223525,301,9112,N,76.6666666666667,2,281
9481,47,1.31047875,315,8966,N,78.3333333333333,2,281
10406,48,1.42696575,343,9481,N,80,2,281
10775,50,1.70986275,411,10406,N,83.3333333333333,2,281
9731,51,1.7223435,414,10775,N,85,2,281
10378,52,1.847151,444,9731,N,86.6666666666667,2,281
10788,53,1.9719585,474,10378,N,88.3333333333333,2,281
10109,54,1.14406875,275,10788,Y,90,3,281
12344,55,1.05254325,253,10109,N,91.6666666666667,3,281
2884,0,0.86949225,209,NA,N,0,0,282
2804,1,0.91109475,219,2884,N,1.66666666666667,0,282
2690,2,0.89445375,215,2804,N,3.33333333333333,0,282
2952,3,0.96101775,231,2690,N,5,0,282
3084,4,1.0067805,242,2952,N,6.66666666666667,0,282
2816,5,1.07750475,259,3084,N,8.33333333333333,0,282
2112,6,1.0899855,262,2816,N,10,0,282
2890,7,1.098306,264,2112,N,11.6666666666667,0,282
3880,8,1.131588,272,2890,N,13.3333333333333,0,282
4095,9,1.048383,252,3880,N,15,0,282
4168,10,1.198152,288,4095,N,16.6666666666667,0,282
3966,11,1.1731905,282,4168,N,18.3333333333333,0,282
4251,12,1.25223525,301,3966,N,20,0,282
3681,13,1.36040175,327,4251,N,21.6666666666667,0,282
3439,14,1.31879925,317,3681,N,23.3333333333333,0,282
4239,15,1.26887625,305,3439,N,25,0,282
4998,16,1.16903025,281,4239,N,26.6666666666667,0,282
4880,17,1.297998,312,4998,N,28.3333333333333,0,282
5207,18,1.33128,320,4880,N,30,0,282
4999,19,1.18567125,285,5207,N,31.6666666666667,0,282
5274,20,1.2896775,310,4999,N,33.3333333333333,0,282
5040,21,1.4228055,342,5274,N,35,0,282
5437,22,1.44360675,347,5040,N,36.6666666666667,0,282
5097,23,2.07596475,499,5437,N,38.3333333333333,0,282
6505,24,2.20909275,531,5097,N,40,0,282
6094,25,2.0052405,482,6505,N,41.6666666666667,0,282
5681,26,2.40046425,577,6094,N,43.3333333333333,0,282
6234,27,1.40200425,337,5681,Y,45,1,282
6326,28,1.28551725,309,6234,N,46.6666666666667,1,282
6293,29,1.33128,320,6326,N,48.3333333333333,1,282
6229,30,1.33544025,321,6293,N,50,1,282
6663,31,1.31879925,317,6229,N,51.6666666666667,1,282
7811,32,1.52681175,367,6663,N,53.3333333333333,1,282
7549,33,1.514331,364,7811,N,55,1,282
6834,34,1.65161925,397,7549,N,56.6666666666667,1,282
7522,35,1.1399085,274,6834,N,58.3333333333333,1,282
7665,36,1.73482425,417,7522,N,60,1,282
7323,37,1.80970875,435,7665,N,61.6666666666667,1,282
7516,38,1.90955475,459,7323,N,63.3333333333333,1,282
7998,39,1.7389845,418,7516,N,65,1,282
8173,40,2.01772125,485,7998,N,66.6666666666667,1,282
8726,41,2.2714965,546,8173,N,68.3333333333333,1,282
9291,42,1.18567125,285,8726,Y,70,2,282
8661,43,1.114947,268,9291,N,71.6666666666667,2,282
8426,44,1.2730365,306,8661,N,73.3333333333333,2,282
9113,45,1.580895,380,8426,N,75,2,282
8968,46,1.464408,352,9113,N,76.6666666666667,2,282
9482,47,1.38536325,333,8968,N,78.3333333333333,2,282
10620,48,1.56009375,375,9482,N,80,2,282
9950,49,1.680741,404,10620,N,81.6666666666667,2,282
10907,50,1.6058565,386,9950,N,83.3333333333333,2,282
10032,51,1.87627275,451,10907,N,85,2,282
10303,52,1.94283675,467,10032,N,86.6666666666667,2,282
10672,53,0.96101775,231,10303,Y,88.3333333333333,3,282
9884,54,0.98597925,237,10672,N,90,3,282
11983,55,1.01094075,243,9884,N,91.6666666666667,3,282
12289,56,1.148229,276,11983,N,93.3333333333333,3,282
12269,57,1.2397545,298,12289,N,95,3,282
12646,58,1.248075,300,12269,N,96.6666666666667,3,282
12157,59,1.20231225,289,12646,N,98.3333333333333,3,282
12030,60,1.45192725,349,12157,N,100,3,282
12162,61,1.6890615,406,12030,N,101.666666666667,3,282
12619,62,1.74314475,419,12162,N,103.333333333333,3,282
14031,63,1.82634975,439,12619,N,105,3,282
13768,64,1.847151,444,14031,N,106.666666666667,3,282
14402,65,1.80138825,433,13768,N,108.333333333333,3,282
13040,66,1.84299075,443,14402,N,110,3,282
14758,67,0.99429975,239,13040,Y,111.666666666667,4,282
14780,68,1.18567125,285,14758,N,113.333333333333,4,282
13884,69,1.22727375,295,14780,N,115,4,282
14759,70,1.31047875,315,13884,N,116.666666666667,4,282
2891,0,0.981819,236,NA,N,0,0,283
2815,1,1.02758175,247,2891,N,1.66666666666667,0,283
2696,2,1.0567035,254,2815,N,3.33333333333333,0,283
2960,3,1.06918425,257,2696,N,5,0,283
3089,4,1.10246625,265,2960,N,6.66666666666667,0,283
2831,5,1.12742775,271,3089,N,8.33333333333333,0,283
2115,6,1.2064725,290,2831,N,10,0,283
2903,7,1.24391475,299,2115,N,11.6666666666667,0,283
3897,8,1.2896775,310,2903,N,13.3333333333333,0,283
4113,9,1.34376075,323,3897,N,15,0,283
4182,10,1.2064725,290,4113,N,16.6666666666667,0,283
3988,11,1.2730365,306,4182,N,18.3333333333333,0,283
4255,12,1.36872225,329,3988,N,20,0,283
3704,13,1.39368375,335,4255,N,21.6666666666667,0,283
3457,14,1.3728825,330,3704,N,23.3333333333333,0,283
4245,15,1.41864525,341,3457,N,25,0,283
5003,16,1.4061645,338,4245,N,26.6666666666667,0,283
4894,17,1.46024775,351,5003,N,28.3333333333333,0,283
5211,18,1.46856825,353,4894,N,30,0,283
5020,19,1.4727285,354,5211,N,31.6666666666667,0,283
5278,20,1.46024775,351,5020,N,33.3333333333333,0,283
5048,21,1.51017075,363,5278,N,35,0,283
5440,22,1.50185025,361,5048,N,36.6666666666667,0,283
5108,23,1.53513225,369,5440,N,38.3333333333333,0,283
6508,24,1.547613,372,5108,N,40,0,283
6109,25,1.56841425,377,6508,N,41.6666666666667,0,283
5684,26,1.6058565,386,6109,N,43.3333333333333,0,283
6247,27,1.60169625,385,5684,N,45,0,283
6332,28,1.7057025,410,6247,N,46.6666666666667,0,283
6300,29,1.70154225,409,6332,N,48.3333333333333,0,283
6249,30,1.73482425,417,6300,N,50,0,283
6666,31,1.78474725,429,6249,N,51.6666666666667,0,283
7816,32,1.880433,452,6666,N,53.3333333333333,0,283
7563,33,2.1050865,506,7816,N,55,0,283
6844,34,2.20909275,531,7563,N,56.6666666666667,0,283
7532,35,1.95947775,471,6844,N,58.3333333333333,0,283
7669,36,2.32974,560,7532,N,60,0,283
7333,37,2.50863075,603,7669,N,61.6666666666667,0,283
7525,38,2.69168175,647,7333,N,63.3333333333333,0,283
8000,39,2.7873675,670,7525,N,65,0,283
8175,40,1.3229595,318,8000,Y,66.6666666666667,1,283
8729,41,1.3562415,326,8175,N,68.3333333333333,1,283
9294,42,1.4394465,346,8729,N,70,1,283
8668,43,1.46024775,351,9294,N,71.6666666666667,1,283
8436,44,1.46856825,353,8668,N,73.3333333333333,1,283
9117,45,1.58505525,381,8436,N,75,1,283
8976,46,1.61001675,387,9117,N,76.6666666666667,1,283
9486,47,1.7389845,418,8976,N,78.3333333333333,1,283
10628,48,1.91787525,461,9486,N,80,1,283
10000,49,1.847151,444,10628,N,81.6666666666667,1,283
10910,50,1.97611875,475,10000,N,83.3333333333333,1,283
10038,51,2.14252875,515,10910,N,85,1,283
10306,52,2.1882915,526,10038,N,86.6666666666667,1,283
9890,54,2.4046245,578,10306,N,90,1,283
12000,55,2.695842,648,9890,N,91.6666666666667,1,283
12309,56,1.2397545,298,12000,Y,93.3333333333333,2,283
12286,57,1.29383775,311,12309,N,95,2,283
12650,58,1.46856825,353,12286,N,96.6666666666667,2,283
12178,59,1.42696575,343,12650,N,98.3333333333333,2,283
12038,60,1.6724205,402,12178,N,100,2,283
12184,61,1.763946,424,12038,N,101.666666666667,2,283
12625,62,1.8221895,438,12184,N,103.333333333333,2,283
14040,63,1.88459325,453,12625,N,105,2,283
13779,64,2.2714965,546,14040,N,106.666666666667,2,283
14414,65,2.2714965,546,13779,N,108.333333333333,2,283
13042,66,2.13420825,513,14414,N,110,2,283
14312,67,2.47534875,595,13042,N,111.666666666667,2,283
14298,68,1.3063185,314,14312,Y,113.333333333333,3,283
13395,69,1.31047875,315,14298,N,115,3,283
14134,70,1.381203,332,13395,N,116.666666666667,3,283
2304,0,1.04422275,251,NA,N,0,0,284
2355,1,0.9901395,238,2304,N,1.66666666666667,0,284
2328,2,1.1066265,266,2355,N,3.33333333333333,0,284
2444,3,1.22727375,295,2328,N,5,0,284
2530,4,1.27719675,307,2444,N,6.66666666666667,0,284
2450,5,1.21895325,293,2530,N,8.33333333333333,0,284
2038,6,1.45192725,349,2450,N,10,0,284
2336,7,1.39368375,335,2038,N,11.6666666666667,0,284
3441,8,1.0899855,262,2336,N,13.3333333333333,0,284
3645,9,1.481049,356,3441,N,15,0,284
3794,10,1.59337575,383,3645,N,16.6666666666667,0,284
3524,11,1.530972,368,3794,N,18.3333333333333,0,284
3918,12,1.464408,352,3524,N,20,0,284
3298,13,1.597536,384,3918,N,21.6666666666667,0,284
3175,14,1.54345275,371,3298,N,23.3333333333333,0,284
3730,15,1.6890615,406,3175,N,25,0,284
4534,16,1.86795225,449,3730,N,26.6666666666667,0,284
4520,17,1.946997,468,4534,N,28.3333333333333,0,284
4602,18,1.980279,476,4520,N,30,0,284
4802,20,2.1716505,522,4602,N,33.3333333333333,0,284
4585,21,2.0718045,498,4802,N,35,0,284
5312,22,1.0567035,254,4585,Y,36.6666666666667,1,284
4324,23,1.1898315,286,5312,N,38.3333333333333,1,284
5537,24,1.281357,308,4324,N,40,1,284
5503,25,1.23559425,297,5537,N,41.6666666666667,1,284
5497,26,1.464408,352,5503,N,43.3333333333333,1,284
5588,27,1.6058565,386,5497,N,45,1,284
5738,28,1.46856825,353,5588,N,46.6666666666667,1,284
5575,29,1.56841425,377,5738,N,48.3333333333333,1,284
5527,30,1.6391385,394,5575,N,50,1,284
6546,31,1.7556255,422,5527,N,51.6666666666667,1,284
7332,32,1.63497825,393,6546,N,53.3333333333333,1,284
7074,33,2.00108025,481,7332,N,55,1,284
6733,34,1.90955475,459,7074,N,56.6666666666667,1,284
7002,35,1.8554715,446,6733,N,58.3333333333333,1,284
7085,36,2.26733625,545,7002,N,60,1,284
6892,37,2.15916975,519,7085,N,61.6666666666667,1,284
7079,38,1.95947775,471,6892,N,63.3333333333333,1,284
7899,39,2.09260575,503,7079,N,65,1,284
8074,40,2.080125,500,7899,N,66.6666666666667,1,284
8479,41,1.0234215,246,8074,Y,68.3333333333333,2,284
9192,42,1.08582525,261,8479,N,70,2,284
8371,43,0.86949225,209,9192,N,71.6666666666667,2,284
8252,44,1.16903025,281,8371,N,73.3333333333333,2,284
8932,45,1.2563955,302,8252,N,75,2,284
8714,46,1.181511,284,8932,N,76.6666666666667,2,284
9370,47,1.29383775,311,8714,N,78.3333333333333,2,284
10422,48,1.2397545,298,9370,N,80,2,284
9574,49,1.16070975,279,10422,N,81.6666666666667,2,284
10784,50,1.35208125,325,9574,N,83.3333333333333,2,284
9744,51,1.43528625,345,10784,N,85,2,284
10178,52,1.514331,364,9744,N,86.6666666666667,2,284
10426,53,1.4560875,350,10178,N,88.3333333333333,2,284
9620,54,1.95947775,471,10426,N,90,2,284
11232,55,1.88459325,453,9620,N,91.6666666666667,2,284
11428,56,1.97611875,475,11232,N,93.3333333333333,2,284
11279,57,2.32974,560,11428,N,95,2,284
11872,58,2.33390025,561,11279,N,96.6666666666667,2,284
11203,59,0.9069345,218,11872,Y,98.3333333333333,3,284
11079,60,0.898614,216,11203,N,100,3,284
2304,0,1.04422275,251,NA,N,0,0,285
2355,1,0.9901395,238,2304,N,1.66666666666667,0,285
2328,2,1.1066265,266,2355,N,3.33333333333333,0,285
2444,3,1.22727375,295,2328,N,5,0,285
2530,4,1.27719675,307,2444,N,6.66666666666667,0,285
2450,5,1.21895325,293,2530,N,8.33333333333333,0,285
2038,6,1.45192725,349,2450,N,10,0,285
2336,7,1.39368375,335,2038,N,11.6666666666667,0,285
3441,8,1.0899855,262,2336,N,13.3333333333333,0,285
3645,9,1.481049,356,3441,N,15,0,285
3794,10,1.59337575,383,3645,N,16.6666666666667,0,285
3524,11,1.530972,368,3794,N,18.3333333333333,0,285
3918,12,1.464408,352,3524,N,20,0,285
3298,13,1.597536,384,3918,N,21.6666666666667,0,285
3175,14,1.54345275,371,3298,N,23.3333333333333,0,285
3730,15,1.6890615,406,3175,N,25,0,285
4534,16,1.86795225,449,3730,N,26.6666666666667,0,285
4520,17,1.946997,468,4534,N,28.3333333333333,0,285
4602,18,1.980279,476,4520,N,30,0,285
4802,20,2.1716505,522,4602,N,33.3333333333333,0,285
4585,21,2.0718045,498,4802,N,35,0,285
5312,22,1.0567035,254,4585,Y,36.6666666666667,1,285
4324,23,1.1898315,286,5312,N,38.3333333333333,1,285
5537,24,1.281357,308,4324,N,40,1,285
5503,25,1.23559425,297,5537,N,41.6666666666667,1,285
5497,26,1.464408,352,5503,N,43.3333333333333,1,285
5588,27,1.6058565,386,5497,N,45,1,285
5738,28,1.46856825,353,5588,N,46.6666666666667,1,285
5575,29,1.56841425,377,5738,N,48.3333333333333,1,285
5527,30,1.6391385,394,5575,N,50,1,285
6546,31,1.7556255,422,5527,N,51.6666666666667,1,285
7332,32,1.63497825,393,6546,N,53.3333333333333,1,285
7074,33,2.00108025,481,7332,N,55,1,285
6733,34,1.90955475,459,7074,N,56.6666666666667,1,285
7002,35,1.8554715,446,6733,N,58.3333333333333,1,285
7085,36,2.26733625,545,7002,N,60,1,285
6892,37,2.15916975,519,7085,N,61.6666666666667,1,285
7079,38,1.95947775,471,6892,N,63.3333333333333,1,285
7899,39,2.09260575,503,7079,N,65,1,285
8074,40,2.080125,500,7899,N,66.6666666666667,1,285
8481,41,1.0567035,254,8074,Y,68.3333333333333,2,285
9193,42,1.0899855,262,8481,N,70,2,285
8373,43,1.148229,276,9193,N,71.6666666666667,2,285
8253,44,0.99846,240,8373,N,73.3333333333333,2,285
8934,45,1.26055575,303,8253,N,75,2,285
8715,46,1.4061645,338,8934,N,76.6666666666667,2,285
9371,47,1.148229,276,8715,N,78.3333333333333,2,285
10425,48,1.4228055,342,9371,N,80,2,285
9576,49,1.447767,348,10425,N,81.6666666666667,2,285
10786,50,1.4061645,338,9576,N,83.3333333333333,2,285
9747,51,1.414485,340,10786,N,85,2,285
10179,52,1.87627275,451,9747,N,86.6666666666667,2,285
10429,53,0.981819,236,10179,Y,88.3333333333333,3,285
9621,54,1.031742,248,10429,N,90,3,285
11243,55,1.114947,268,9621,N,91.6666666666667,3,285
11435,56,1.09414575,263,11243,N,93.3333333333333,3,285
11271,57,1.13574825,273,11435,N,95,3,285
11878,58,1.1066265,266,11271,N,96.6666666666667,3,285
11215,59,1.198152,288,11878,N,98.3333333333333,3,285
11089,60,1.1898315,286,11215,N,100,3,285
11280,61,1.16903025,281,11089,N,101.666666666667,3,285
11216,62,1.4893695,358,11280,N,103.333333333333,3,285
13581,63,1.530972,368,11216,N,105,3,285
13205,64,1.6391385,394,13581,N,106.666666666667,3,285
13025,65,1.797228,432,13205,N,108.333333333333,3,285
12791,66,0.86949225,209,13025,Y,110,4,285
14028,67,0.981819,236,12791,N,111.666666666667,4,285
2325,0,1.264716,304,NA,N,0,0,286
2373,1,1.36040175,327,2325,N,1.66666666666667,0,286
2337,2,1.33544025,321,2373,N,3.33333333333333,0,286
2463,3,1.4061645,338,2337,N,5,0,286
2539,4,1.42696575,343,2463,N,6.66666666666667,0,286
2468,5,1.49769,360,2539,N,8.33333333333333,0,286
2042,6,1.51017075,363,2468,N,10,0,286
2360,7,1.5725745,378,2042,N,11.6666666666667,0,286
3465,8,1.53513225,369,2360,N,13.3333333333333,0,286
3663,9,1.60169625,385,3465,N,15,0,286
3816,10,1.597536,384,3663,N,16.6666666666667,0,286
3542,11,1.56009375,375,3816,N,18.3333333333333,0,286
3951,12,1.630818,392,3542,N,20,0,286
3308,13,1.7057025,410,3951,N,21.6666666666667,0,286
3182,14,1.50185025,361,3308,N,23.3333333333333,0,286
3753,15,1.62665775,391,3182,N,25,0,286
4554,16,1.65161925,397,3753,N,26.6666666666667,0,286
4539,17,1.88459325,453,4554,N,28.3333333333333,0,286
4649,18,1.730664,416,4539,N,30,0,286
4626,19,2.05932375,495,4649,N,31.6666666666667,0,286
4833,20,2.15084925,517,4626,N,33.3333333333333,0,286
4606,21,2.35054125,565,4833,N,35,0,286
5364,22,2.546073,612,4606,N,36.6666666666667,0,286
4604,23,2.562714,616,5364,N,38.3333333333333,0,286
6394,24,1.26055575,303,4604,Y,40,1,286
5756,25,1.33544025,321,6394,N,41.6666666666667,1,286
5612,26,1.381203,332,5756,N,43.3333333333333,1,286
5877,27,1.42696575,343,5612,N,45,1,286
5920,28,1.564254,376,5877,N,46.6666666666667,1,286
5931,29,1.614177,388,5920,N,48.3333333333333,1,286
5855,30,1.8055485,434,5931,N,50,1,286
6587,31,1.7889075,430,5855,N,51.6666666666667,1,286
7719,32,1.97611875,475,6587,N,53.3333333333333,1,286
7180,33,2.0218815,486,7719,N,55,1,286
6751,34,1.99275975,479,7180,N,56.6666666666667,1,286
7110,35,1.79306775,431,6751,N,58.3333333333333,1,286
7193,36,2.296458,552,7110,N,60,1,286
6974,37,2.063484,496,7193,N,61.6666666666667,1,286
7186,38,2.3547015,566,6974,N,63.3333333333333,1,286
7922,39,2.396304,576,7186,N,65,1,286
8096,40,2.55023325,613,7922,N,66.6666666666667,1,286
8541,41,2.66672025,641,8096,N,68.3333333333333,1,286
9214,42,1.314639,316,8541,Y,70,2,286
8437,43,1.3396005,322,9214,N,71.6666666666667,2,286
8274,44,1.56009375,375,8437,N,73.3333333333333,2,286
8979,45,1.80138825,433,8274,N,75,2,286
8774,46,1.7889075,430,8979,N,76.6666666666667,2,286
9392,47,2.01772125,485,8774,N,78.3333333333333,2,286
10456,48,2.00108025,481,9392,N,80,2,286
9712,49,1.98443925,477,10456,N,81.6666666666667,2,286
10815,50,2.15916975,519,9712,N,83.3333333333333,2,286
9820,51,2.20077225,529,10815,N,85,2,286
10207,52,2.33390025,561,9820,N,86.6666666666667,2,286
10489,53,2.379663,572,10207,N,88.3333333333333,2,286
9644,54,2.58351525,621,10489,N,90,2,286
11379,55,2.66256,640,9644,N,91.6666666666667,2,286
11594,56,2.45038725,589,11379,N,93.3333333333333,2,286
11462,57,1.3396005,322,11594,Y,95,3,286
12058,58,1.39368375,335,11462,N,96.6666666666667,3,286
11423,59,1.564254,376,12058,N,98.3333333333333,3,286
11310,60,1.71818325,413,11423,N,100,3,286
11519,61,1.7057025,410,11310,N,101.666666666667,3,286
11442,62,1.9719585,474,11519,N,103.333333333333,3,286
13692,63,2.06764425,497,11442,N,105,3,286
13298,64,2.246535,540,13692,N,106.666666666667,3,286
13319,65,2.16749025,521,13298,N,108.333333333333,3,286
12818,66,2.146689,516,13319,N,110,3,286
14600,67,2.33390025,561,12818,N,111.666666666667,3,286
14589,68,1.264716,304,14600,Y,113.333333333333,4,286
13700,69,1.1399085,274,14589,N,115,4,286
14534,70,1.29383775,311,13700,N,116.666666666667,4,286
2204,0,1.1731905,282,NA,N,0,0,287
2165,1,1.2563955,302,2204,N,1.66666666666667,0,287
2181,2,1.26887625,305,2165,N,3.33333333333333,0,287
2235,3,1.42696575,343,2181,N,5,0,287
2197,4,1.3063185,314,2235,N,6.66666666666667,0,287
2367,5,1.46024775,351,2197,N,8.33333333333333,0,287
2011,6,1.30215825,313,2367,N,10,0,287
2205,7,1.397844,336,2011,N,11.6666666666667,0,287
3326,8,1.481049,356,2205,N,13.3333333333333,0,287
3489,9,1.45192725,349,3326,N,15,0,287
3238,10,1.447767,348,3489,N,16.6666666666667,0,287
3376,11,1.40200425,337,3238,N,18.3333333333333,0,287
3715,12,1.5226515,366,3376,N,20,0,287
3204,13,1.530972,368,3715,N,21.6666666666667,0,287
3145,14,1.50185025,361,3204,N,23.3333333333333,0,287
3507,15,1.63497825,393,3145,N,25,0,287
4357,16,1.547613,372,3507,N,26.6666666666667,0,287
4343,17,1.73482425,417,4357,N,28.3333333333333,0,287
4464,18,1.6641,400,4343,N,30,0,287
4341,19,1.88459325,453,4464,N,31.6666666666667,0,287
4639,20,2.0218815,486,4341,N,33.3333333333333,0,287
4409,21,2.04268275,491,4639,N,35,0,287
5315,22,2.04268275,491,4409,N,36.6666666666667,0,287
4418,23,0.9568575,230,5315,Y,38.3333333333333,1,287
5545,24,0.99429975,239,4418,N,40,1,287
5505,25,1.248075,300,5545,N,41.6666666666667,1,287
5499,26,1.22727375,295,5505,N,43.3333333333333,1,287
5713,27,1.32711975,319,5499,N,45,1,287
5750,28,1.36872225,329,5713,N,46.6666666666667,1,287
5724,29,1.3895235,334,5750,N,48.3333333333333,1,287
5531,30,1.45192725,349,5724,N,50,1,287
6549,31,1.56009375,375,5531,N,51.6666666666667,1,287
7345,32,1.5559335,374,6549,N,53.3333333333333,1,287
6951,33,1.847151,444,7345,N,55,1,287
6712,34,1.70154225,409,6951,N,56.6666666666667,1,287
6947,36,0.948537,228,6712,Y,60,2,287
6841,37,0.90277425,217,6947,N,61.6666666666667,2,287
6942,38,0.9069345,218,6841,N,63.3333333333333,2,287
8050,40,1.17735075,283,6942,N,66.6666666666667,2,287
8408,41,1.1731905,282,8050,N,68.3333333333333,2,287
9166,42,1.16070975,279,8408,N,70,2,287
8321,43,1.22727375,295,9166,N,71.6666666666667,2,287
8229,44,1.3229595,318,8321,N,73.3333333333333,2,287
8875,45,1.41864525,341,8229,N,75,2,287
8638,46,1.53513225,369,8875,N,76.6666666666667,2,287
9343,47,1.564254,376,8638,N,78.3333333333333,2,287
10360,48,1.5060105,362,9343,N,80,2,287
9542,49,1.69322175,407,10360,N,81.6666666666667,2,287
10727,50,1.84299075,443,9542,N,83.3333333333333,2,287
9675,51,1.83467025,441,10727,N,85,2,287
10151,52,1.880433,452,9675,N,86.6666666666667,2,287
10371,53,0.88613325,213,10151,Y,88.3333333333333,3,287
9589,54,0.93605625,225,10371,N,90,3,287
10972,55,0.965178,232,9589,N,91.6666666666667,3,287
11199,56,0.99429975,239,10972,N,93.3333333333333,3,287
11107,57,1.098306,264,11199,N,95,3,287
11693,58,1.297998,312,11107,N,96.6666666666667,3,287
11029,59,1.17735075,283,11693,N,98.3333333333333,3,287
11031,62,1.64329875,395,11029,N,103.333333333333,3,287
13464,63,1.58505525,381,11031,N,105,3,287
13120,64,1.680741,404,13464,N,106.666666666667,3,287
12933,65,1.5725745,378,13120,N,108.333333333333,3,287
12748,66,1.614177,388,12933,N,110,3,287
13951,67,1.946997,468,12748,N,111.666666666667,3,287
13948,68,1.863792,448,13951,N,113.333333333333,3,287
13139,69,0.965178,232,13948,Y,115,4,287
12864,70,0.9901395,238,13139,N,116.666666666667,4,287
