Spot.ID,Frame,Area,Quality,Source.spot.ID,IF_Divided,Time,generation_count,track
2305,0,1.181511,284,NA,N,0,0,1
2807,1,1.26887625,305,2305,N,0.833333333333333,0,1
2944,2,1.01094075,243,2807,N,1.66666666666667,0,1
2657,3,1.17735075,283,2944,N,2.5,0,1
2771,4,1.13574825,273,2657,N,3.33333333333333,0,1
3040,5,1.12742775,271,2771,N,4.16666666666667,0,1
2682,6,0.96101775,231,3040,N,5,0,1
2897,7,1.15238925,277,2682,N,5.83333333333333,0,1
4040,8,1.02758175,247,2897,N,6.66666666666667,0,1
4258,9,0.86949225,209,4040,N,7.5,0,1
4149,10,1.048383,252,4258,N,8.33333333333333,0,1
4270,11,1.01094075,243,4149,N,9.16666666666667,0,1
3808,12,1.09414575,263,4270,N,10,0,1
3559,13,1.01926125,245,3808,N,10.8333333333333,0,1
4059,14,1.0567035,254,3559,N,11.6666666666667,0,1
4301,15,1.06086375,255,4059,N,12.5,0,1
4946,16,1.11910725,269,4301,N,13.3333333333333,0,1
5272,17,0.9734985,234,4946,N,14.1666666666667,0,1
5086,18,1.06918425,257,5272,N,15,0,1
5582,19,1.0067805,242,5086,N,15.8333333333333,0,1
5851,20,1.16487,280,5582,N,16.6666666666667,0,1
5907,21,0.9901395,238,5851,N,17.5,0,1
5527,22,0.9734985,234,5907,N,18.3333333333333,0,1
6160,23,0.8403705,202,5527,N,19.1666666666667,0,1
7327,24,0.89445375,215,6160,N,20,0,1
6504,25,1.0067805,242,7327,N,20.8333333333333,0,1
6586,26,0.9235755,222,6504,N,21.6666666666667,0,1
6914,27,0.92773575,223,6586,N,22.5,0,1
7458,28,0.9734985,234,6914,N,23.3333333333333,0,1
7246,29,0.93605625,225,7458,N,24.1666666666667,0,1
2178,0,1.21063275,291,NA,N,0,0,2
2244,1,1.39368375,335,2178,N,0.833333333333333,0,2
2411,2,0.615717,148,2244,Y,1.66666666666667,1,2
2129,3,0.582435,140,2411,N,2.5,1,2
2229,4,0.63651825,153,2129,N,3.33333333333333,1,2
2456,5,0.66147975,159,2229,N,4.16666666666667,1,2
2141,6,0.6073965,146,2456,N,5,1,2
2335,7,0.6739605,162,2141,N,5.83333333333333,1,2
3238,8,0.62819775,151,2335,N,6.66666666666667,1,2
3608,9,0.69476175,167,3238,N,7.5,1,2
3216,10,0.77796675,187,3608,N,8.33333333333333,1,2
3363,11,0.87781275,211,3216,N,9.16666666666667,1,2
3190,12,0.8736525,210,3363,N,10,1,2
3188,13,0.865332,208,3190,N,10.8333333333333,1,2
3155,14,0.99846,240,3188,N,11.6666666666667,1,2
3171,15,0.881973,212,3155,N,12.5,1,2
4540,16,1.0067805,242,3171,N,13.3333333333333,1,2
4498,17,1.08582525,261,4540,N,14.1666666666667,1,2
4520,18,0.6573195,158,4498,Y,15,2,2
4558,19,0.66147975,159,4520,N,15.8333333333333,2,2
5467,20,0.76964625,185,4558,N,16.6666666666667,2,2
5152,21,0.81124875,195,5467,N,17.5,2,2
4643,22,0.8070885,194,5152,N,18.3333333333333,2,2
5947,23,0.732204,176,4643,N,19.1666666666667,2,2
6720,24,0.74468475,179,5947,N,20,2,2
6249,25,0.765486,184,6720,N,20.8333333333333,2,2
6275,26,0.732204,176,6249,N,21.6666666666667,2,2
6408,27,0.9734985,234,6275,N,22.5,2,2
6689,28,0.9402165,226,6408,N,23.3333333333333,2,2
6595,29,0.981819,236,6689,N,24.1666666666667,2,2
2309,0,0.81956925,197,NA,N,0,0,3
2808,1,0.881973,212,2309,N,0.833333333333333,0,3
2945,2,0.732204,176,2808,N,1.66666666666667,0,3
2664,3,0.86949225,209,2945,N,2.5,0,3
2777,4,0.76964625,185,2664,N,3.33333333333333,0,3
3041,5,0.78628725,189,2777,N,4.16666666666667,0,3
2687,6,1.015101,244,3041,N,5,0,3
2900,7,1.03590225,249,2687,N,5.83333333333333,0,3
4042,8,1.2563955,302,2900,N,6.66666666666667,0,3
4306,9,0.5241915,126,4042,Y,7.5,1,3
4209,10,0.582435,140,4306,N,8.33333333333333,1,3
4320,11,0.47842875,115,4209,N,9.16666666666667,1,3
3831,12,0.5408325,130,4320,N,10,1,3
3572,13,0.6073965,146,3831,N,10.8333333333333,1,3
4097,14,0.7238835,174,3572,N,11.6666666666667,1,3
4322,15,0.682281,164,4097,N,12.5,1,3
4965,16,0.748845,180,4322,N,13.3333333333333,1,3
5313,17,0.8403705,202,4965,N,14.1666666666667,1,3
5139,18,0.83205,200,5313,N,15,1,3
5628,19,0.765486,184,5139,N,15.8333333333333,1,3
5864,20,0.94437675,227,5628,N,16.6666666666667,1,3
5941,21,0.92773575,223,5864,N,17.5,1,3
5596,22,0.98597925,237,5941,N,18.3333333333333,1,3
6177,23,1.06918425,257,5596,N,19.1666666666667,1,3
7934,24,1.0733445,258,6177,N,20,1,3
7165,25,1.0733445,258,7934,N,20.8333333333333,1,3
6681,26,1.1898315,286,7165,N,21.6666666666667,1,3
7012,27,0.465948,112,6681,Y,22.5,2,3
7525,28,0.52835175,127,7012,N,23.3333333333333,2,3
7342,29,0.549153,132,7525,N,24.1666666666667,2,3
2438,0,0.648999,156,NA,N,0,0,4
2825,1,0.7072425,170,2438,N,0.833333333333333,0,4
2994,2,0.6739605,162,2825,N,1.66666666666667,0,4
2706,3,0.7405245,178,2994,N,2.5,0,4
2918,4,0.881973,212,2706,N,3.33333333333333,0,4
3057,5,0.95269725,229,2918,N,4.16666666666667,0,4
2792,6,0.97765875,235,3057,N,5,0,4
2961,7,0.9402165,226,2792,N,5.83333333333333,0,4
4094,8,0.95269725,229,2961,N,6.66666666666667,0,4
4327,9,1.0234215,246,4094,N,7.5,0,4
4233,10,1.214793,292,4327,N,8.33333333333333,0,4
4340,11,1.3728825,330,4233,N,9.16666666666667,0,4
3858,12,1.23559425,297,4340,N,10,0,4
3585,13,1.31879925,317,3858,N,10.8333333333333,0,4
4113,14,1.26887625,305,3585,N,11.6666666666667,0,4
3162,15,0.60323625,145,4113,Y,12.5,1,4
4439,16,0.7571655,182,3162,N,13.3333333333333,1,4
4495,17,0.66564,160,4439,N,14.1666666666667,1,4
4512,18,0.66980025,161,4495,N,15,1,4
4543,19,0.71972325,173,4512,N,15.8333333333333,1,4
5451,20,0.72804375,175,4543,N,16.6666666666667,1,4
5128,21,0.732204,176,5451,N,17.5,1,4
4619,22,0.7571655,182,5128,N,18.3333333333333,1,4
5942,23,0.87781275,211,4619,N,19.1666666666667,1,4
6245,24,0.8570115,206,5942,N,20,1,4
6244,25,0.898614,216,6245,N,20.8333333333333,1,4
6271,26,0.90277425,217,6244,N,21.6666666666667,1,4
6402,27,1.13574825,273,6271,N,22.5,1,4
6680,28,1.381203,332,6402,N,23.3333333333333,1,4
6569,29,1.00262025,241,6680,N,24.1666666666667,1,4
2187,0,1.3562415,326,NA,N,0,0,5
2428,1,0.86117175,207,2187,Y,0.833333333333333,1,5
2481,2,0.77796675,187,2428,N,1.66666666666667,1,5
2142,3,0.86949225,209,2481,N,2.5,1,5
2245,4,0.8237295,198,2142,N,3.33333333333333,1,5
2466,5,0.782127,188,2245,N,4.16666666666667,1,5
2152,6,0.75300525,181,2466,N,5,1,5
2350,7,0.87781275,211,2152,N,5.83333333333333,1,5
3255,8,0.815409,196,2350,N,6.66666666666667,1,5
3616,9,0.86117175,207,3255,N,7.5,1,5
3222,10,0.881973,212,3616,N,8.33333333333333,1,5
3373,11,1.0400625,250,3222,N,9.16666666666667,1,5
3205,12,0.97765875,235,3373,N,10,1,5
3203,13,1.10246625,265,3205,N,10.8333333333333,1,5
3266,14,1.19399175,287,3203,N,11.6666666666667,1,5
3187,15,1.20231225,289,3266,N,12.5,1,5
4575,16,1.181511,284,3187,N,13.3333333333333,1,5
4502,17,1.26887625,305,4575,N,14.1666666666667,1,5
4529,18,0.6406785,154,4502,Y,15,2,5
4580,19,0.71972325,173,4529,N,15.8333333333333,2,5
5483,20,0.78628725,189,4580,N,16.6666666666667,2,5
5177,21,0.73636425,177,5483,N,17.5,2,5
4667,22,0.7072425,170,5177,N,18.3333333333333,2,5
5959,23,0.78628725,189,4667,N,19.1666666666667,2,5
6748,24,0.7238835,174,5959,N,20,2,5
6264,25,0.898614,216,6748,N,20.8333333333333,2,5
6289,26,0.881973,212,6264,N,21.6666666666667,2,5
6434,27,0.8070885,194,6289,N,22.5,2,5
6725,28,0.94437675,227,6434,N,23.3333333333333,2,5
6629,29,1.17735075,283,6725,N,24.1666666666667,2,5
2315,0,1.03590225,249,NA,N,0,0,6
2812,1,0.95269725,229,2315,N,0.833333333333333,0,6
2946,2,1.05254325,253,2812,N,1.66666666666667,0,6
2667,3,0.9734985,234,2946,N,2.5,0,6
2783,4,0.948537,228,2667,N,3.33333333333333,0,6
3043,5,0.965178,232,2783,N,4.16666666666667,0,6
2698,6,0.97765875,235,3043,N,5,0,6
2905,7,1.031742,248,2698,N,5.83333333333333,0,6
4053,8,0.91941525,221,2905,N,6.66666666666667,0,6
4276,9,0.881973,212,4053,N,7.5,0,6
4159,10,0.84453075,203,4276,N,8.33333333333333,0,6
4282,11,0.79460775,191,4159,N,9.16666666666667,0,6
3814,12,0.70308225,169,4282,N,10,0,6
3562,13,0.77796675,187,3814,N,10.8333333333333,0,6
4071,14,0.798768,192,3562,N,11.6666666666667,0,6
4307,15,0.86117175,207,4071,N,12.5,0,6
4954,16,0.881973,212,4307,N,13.3333333333333,0,6
5291,17,0.798768,192,4954,N,14.1666666666667,0,6
5107,18,0.881973,212,5291,N,15,0,6
5603,19,0.8570115,206,5107,N,15.8333333333333,0,6
5857,20,0.848691,204,5603,N,16.6666666666667,0,6
5922,21,0.91109475,219,5857,N,17.5,0,6
5546,22,0.98597925,237,5922,N,18.3333333333333,0,6
6165,23,0.95269725,229,5546,N,19.1666666666667,0,6
7340,24,1.1066265,266,6165,N,20,0,6
6518,25,0.93605625,225,7340,N,20.8333333333333,0,6
6597,26,1.04422275,251,6518,N,21.6666666666667,0,6
6947,27,1.01926125,245,6597,N,22.5,0,6
7481,28,0.95269725,229,6947,N,23.3333333333333,0,6
7281,29,0.96101775,231,7481,N,24.1666666666667,0,6
2445,0,1.36872225,329,NA,N,0,0,7
2830,1,1.198152,288,2445,N,0.833333333333333,0,7
2998,2,1.1565495,278,2830,N,1.66666666666667,0,7
2716,3,1.314639,316,2998,N,2.5,0,7
2924,4,0.532512,128,2716,Y,3.33333333333333,1,7
3059,5,0.6406785,154,2924,N,4.16666666666667,1,7
2863,6,0.6406785,154,3059,N,5,1,7
2963,7,0.782127,188,2863,N,5.83333333333333,1,7
4096,8,0.71140275,171,2963,N,6.66666666666667,1,7
4332,9,0.65315925,157,4096,N,7.5,1,7
4241,10,0.698922,168,4332,N,8.33333333333333,1,7
4352,11,0.72804375,175,4241,N,9.16666666666667,1,7
3872,12,0.732204,176,4352,N,10,1,7
3592,13,0.7904475,190,3872,N,10.8333333333333,1,7
4125,14,0.86949225,209,3592,N,11.6666666666667,1,7
4350,15,0.76964625,185,4125,N,12.5,1,7
4991,16,0.848691,204,4350,N,13.3333333333333,1,7
5352,17,0.6906015,166,4991,N,14.1666666666667,1,7
5195,18,0.33282,80,5352,Y,15,2,7
6643,26,0.43682625,105,5195,N,21.6666666666667,2,7
2191,0,1.2397545,298,NA,N,0,0,8
2728,1,1.08582525,261,2191,N,0.833333333333333,0,8
2867,2,0.99846,240,2728,N,1.66666666666667,0,8
2568,3,0.881973,212,2867,N,2.5,0,8
2612,4,0.86117175,207,2568,N,3.33333333333333,0,8
3019,5,1.09414575,263,2612,N,4.16666666666667,0,8
2509,6,1.114947,268,3019,N,5,0,8
2787,7,0.95269725,229,2509,N,5.83333333333333,0,8
3967,8,0.99429975,239,2787,N,6.66666666666667,0,8
4182,9,0.96101775,231,3967,N,7.5,0,8
4077,10,1.1066265,266,4182,N,8.33333333333333,0,8
4192,11,1.01926125,245,4077,N,9.16666666666667,0,8
3771,12,0.99429975,239,4192,N,10,0,8
3531,13,0.95269725,229,3771,N,10.8333333333333,0,8
4183,15,1.16070975,279,3531,N,12.5,0,8
4905,16,1.1565495,278,4183,N,13.3333333333333,0,8
5155,17,1.248075,300,4905,N,14.1666666666667,0,8
4979,18,1.19399175,287,5155,N,15,0,8
5338,19,1.0733445,258,4979,N,15.8333333333333,0,8
5821,20,1.05254325,253,5338,N,16.6666666666667,0,8
5718,21,0.9402165,226,5821,N,17.5,0,8
5435,22,0.9235755,222,5718,N,18.3333333333333,0,8
6129,23,0.84453075,203,5435,N,19.1666666666667,0,8
7207,24,0.9235755,222,6129,N,20,0,8
6499,26,0.698922,168,7207,N,21.6666666666667,0,8
6783,27,0.83205,200,6499,N,22.5,0,8
7295,28,0.80292825,193,6783,N,23.3333333333333,0,8
7069,29,0.91109475,219,7295,N,24.1666666666667,0,8
2320,0,0.865332,208,NA,N,0,0,9
2814,1,0.8736525,210,2320,N,0.833333333333333,0,9
2947,2,0.981819,236,2814,N,1.66666666666667,0,9
2670,3,0.948537,228,2947,N,2.5,0,9
2788,4,0.86949225,209,2670,N,3.33333333333333,0,9
3044,5,1.02758175,247,2788,N,4.16666666666667,0,9
2701,6,0.83205,200,3044,N,5,0,9
2907,7,0.95269725,229,2701,N,5.83333333333333,0,9
4057,8,1.131588,272,2907,N,6.66666666666667,0,9
4280,9,1.098306,264,4057,N,7.5,0,9
4162,10,1.2064725,290,4280,N,8.33333333333333,0,9
4287,11,1.131588,272,4162,N,9.16666666666667,0,9
3926,12,1.11078675,267,4287,N,10,0,9
3661,13,1.1898315,286,3926,N,10.8333333333333,0,9
4166,14,0.67812075,163,3661,Y,11.6666666666667,1,9
4384,15,0.8403705,202,4166,N,12.5,1,9
5058,16,0.7904475,190,4384,N,13.3333333333333,1,9
5404,17,0.78628725,189,5058,N,14.1666666666667,1,9
5271,18,0.81956925,197,5404,N,15,1,9
5728,19,0.8070885,194,5271,N,15.8333333333333,1,9
5908,20,0.79460775,191,5728,N,16.6666666666667,1,9
5710,22,0.7571655,182,5908,N,18.3333333333333,1,9
6207,23,0.698922,168,5710,N,19.1666666666667,1,9
2196,0,1.29383775,311,NA,N,0,0,10
2730,1,0.52835175,127,2196,Y,0.833333333333333,1,10
2881,2,0.59491575,143,2730,N,1.66666666666667,1,10
2577,3,0.60323625,145,2881,N,2.5,1,10
2616,4,0.5241915,126,2577,N,3.33333333333333,1,10
3020,5,0.54499275,131,2616,N,4.16666666666667,1,10
2789,7,0.54499275,131,3020,N,5.83333333333333,1,10
3971,8,0.5741145,138,2789,N,6.66666666666667,1,10
4185,9,0.67812075,163,3971,N,7.5,1,10
4080,10,0.60323625,145,4185,N,8.33333333333333,1,10
4195,11,0.748845,180,4080,N,9.16666666666667,1,10
3773,12,0.881973,212,4195,N,10,1,10
3533,13,0.83621025,201,3773,N,10.8333333333333,1,10
3986,14,1.0067805,242,3533,N,11.6666666666667,1,10
4190,15,0.96933825,233,3986,N,12.5,1,10
4907,16,0.95269725,229,4190,N,13.3333333333333,1,10
5162,17,0.981819,236,4907,N,14.1666666666667,1,10
4983,18,1.21895325,293,5162,N,15,1,10
5348,19,1.23559425,297,4983,N,15.8333333333333,1,10
5824,20,0.49506975,119,5348,Y,16.6666666666667,2,10
5730,21,0.5241915,126,5824,N,17.5,2,10
5444,22,0.52003125,125,5730,N,18.3333333333333,2,10
6133,23,0.565794,136,5444,N,19.1666666666667,2,10
7228,24,0.58659525,141,6133,N,20,2,10
6452,25,0.61987725,149,7228,N,20.8333333333333,2,10
6515,26,0.6739605,162,6452,N,21.6666666666667,2,10
6812,27,0.63651825,153,6515,N,22.5,2,10
7315,28,0.60323625,145,6812,N,23.3333333333333,2,10
7096,29,0.6073965,146,7315,N,24.1666666666667,2,10
2201,0,1.098306,264,NA,N,0,0,11
2436,1,1.1066265,266,2201,N,0.833333333333333,0,11
2508,2,0.44514675,107,2436,Y,1.66666666666667,1,11
2150,3,0.51171075,123,2508,N,2.5,1,11
2255,4,0.52835175,127,2150,N,3.33333333333333,1,11
2473,5,0.56995425,137,2255,N,4.16666666666667,1,11
2159,6,0.66147975,159,2473,N,5,1,11
2361,7,0.59491575,143,2159,N,5.83333333333333,1,11
3259,8,0.62819775,151,2361,N,6.66666666666667,1,11
3622,9,0.5574735,134,3259,N,7.5,1,11
3227,10,0.76964625,185,3622,N,8.33333333333333,1,11
3375,11,0.99429975,239,3227,N,9.16666666666667,1,11
8006,12,NA,-1,3375,Y,10,2,11
2332,0,0.8403705,202,NA,N,0,0,12
2816,1,1.0400625,250,2332,N,0.833333333333333,0,12
2950,2,0.915255,220,2816,N,1.66666666666667,0,12
2675,3,0.898614,216,2950,N,2.5,0,12
2796,4,0.965178,232,2675,N,3.33333333333333,0,12
3045,5,0.9568575,230,2796,N,4.16666666666667,0,12
2707,6,1.0567035,254,3045,N,5,0,12
2909,7,1.20231225,289,2707,N,5.83333333333333,0,12
4060,8,1.181511,284,2909,N,6.66666666666667,0,12
4285,9,1.3063185,314,4060,N,7.5,0,12
4167,10,1.33128,320,4285,N,8.33333333333333,0,12
4296,11,1.40200425,337,4167,N,9.16666666666667,0,12
8016,12,NA,-1,4296,Y,10,1,12
2207,0,1.16070975,279,NA,N,0,0,13
2758,1,1.114947,268,2207,N,0.833333333333333,0,13
2890,2,1.148229,276,2758,N,1.66666666666667,0,13
2586,3,1.15238925,277,2890,N,2.5,0,13
2627,4,1.148229,276,2586,N,3.33333333333333,0,13
3024,5,1.2231135,294,2627,N,4.16666666666667,0,13
2515,6,1.19399175,287,3024,N,5,0,13
2823,7,1.248075,300,2515,N,5.83333333333333,0,13
3978,8,1.33128,320,2823,N,6.66666666666667,0,13
4191,9,1.31879925,317,3978,N,7.5,0,13
4085,10,1.34376075,323,4191,N,8.33333333333333,0,13
4200,11,1.5392925,370,4085,N,9.16666666666667,0,13
3777,12,1.6557795,398,4200,N,10,0,13
3538,13,1.56841425,377,3777,N,10.8333333333333,0,13
3995,14,0.64483875,155,3538,Y,11.6666666666667,1,13
2336,0,0.715563,172,NA,N,0,0,14
2817,1,0.95269725,229,2336,N,0.833333333333333,0,14
2953,2,0.94437675,227,2817,N,1.66666666666667,0,14
2677,3,0.90277425,217,2953,N,2.5,0,14
2879,4,0.8403705,202,2677,N,3.33333333333333,0,14
3046,5,0.865332,208,2879,N,4.16666666666667,0,14
2714,6,0.95269725,229,3046,N,5,0,14
2912,7,0.915255,220,2714,N,5.83333333333333,0,14
4064,8,0.9402165,226,2912,N,6.66666666666667,0,14
4290,9,0.83205,200,4064,N,7.5,0,14
4171,10,1.1565495,278,4290,N,8.33333333333333,0,14
4300,11,0.632358,152,4171,Y,9.16666666666667,1,14
3817,12,0.71972325,173,4300,N,10,1,14
3563,13,0.7072425,170,3817,N,10.8333333333333,1,14
4074,14,0.73636425,177,3563,N,11.6666666666667,1,14
4310,15,0.74468475,179,4074,N,12.5,1,14
4957,16,0.76964625,185,4310,N,13.3333333333333,1,14
5296,17,0.7571655,182,4957,N,14.1666666666667,1,14
5111,18,0.8403705,202,5296,N,15,1,14
5612,19,0.782127,188,5111,N,15.8333333333333,1,14
5859,20,0.9235755,222,5612,N,16.6666666666667,1,14
5929,21,0.81124875,195,5859,N,17.5,1,14
5557,22,0.85285125,205,5929,N,18.3333333333333,1,14
6167,23,0.85285125,205,5557,N,19.1666666666667,1,14
7911,24,0.915255,220,6167,N,20,1,14
7093,25,1.231434,296,7911,N,20.8333333333333,1,14
7557,27,1.41032475,339,7093,N,22.5,1,14
7853,28,1.44360675,347,7557,N,23.3333333333333,1,14
7776,29,1.70986275,411,7853,N,24.1666666666667,1,14
2216,0,0.52835175,127,NA,N,0,0,15
2762,1,0.65315925,157,2216,N,0.833333333333333,0,15
2893,2,0.61155675,147,2762,N,1.66666666666667,0,15
2588,3,0.76964625,185,2893,N,2.5,0,15
2633,4,0.715563,172,2588,N,3.33333333333333,0,15
3025,5,0.72804375,175,2633,N,4.16666666666667,0,15
2519,6,0.6573195,158,3025,N,5,0,15
2826,7,0.7072425,170,2519,N,5.83333333333333,0,15
3980,8,0.632358,152,2826,N,6.66666666666667,0,15
4194,9,0.599076,144,3980,N,7.5,0,15
4088,10,0.632358,152,4194,N,8.33333333333333,0,15
4203,11,0.698922,168,4088,N,9.16666666666667,0,15
3779,12,0.5741145,138,4203,N,10,0,15
3540,13,0.6073965,146,3779,N,10.8333333333333,0,15
3999,14,0.682281,164,3540,N,11.6666666666667,0,15
4199,15,0.6573195,158,3999,N,12.5,0,15
4910,16,0.59491575,143,4199,N,13.3333333333333,0,15
5180,17,0.51171075,123,4910,N,14.1666666666667,0,15
4992,18,0.6073965,146,5180,N,15,0,15
5496,19,0.60323625,145,4992,N,15.8333333333333,0,15
5827,20,0.6240375,150,5496,N,16.6666666666667,0,15
5738,21,0.765486,184,5827,N,17.5,0,15
6136,23,0.63651825,153,5738,N,19.1666666666667,0,15
2089,0,1.43528625,345,NA,N,0,0,16
2665,1,0.73636425,177,2089,Y,0.833333333333333,1,16
2753,2,0.8237295,198,2665,N,1.66666666666667,1,16
2343,3,0.848691,204,2753,N,2.5,1,16
2482,4,0.87781275,211,2343,N,3.33333333333333,1,16
2981,5,0.96933825,233,2482,N,4.16666666666667,1,16
2414,6,0.915255,220,2981,N,5,1,16
2697,7,0.9901395,238,2414,N,5.83333333333333,1,16
3493,8,0.88613325,213,2697,N,6.66666666666667,1,16
3942,9,0.81956925,197,3493,N,7.5,1,16
3991,10,1.06918425,257,3942,N,8.33333333333333,1,16
4107,11,0.9069345,218,3991,N,9.16666666666667,1,16
3741,12,0.96933825,233,4107,N,10,1,16
3425,13,0.92773575,223,3741,N,10.8333333333333,1,16
3874,14,0.93605625,225,3425,N,11.6666666666667,1,16
3625,15,0.91941525,221,3874,N,12.5,1,16
4878,16,0.915255,220,3625,N,13.3333333333333,1,16
5012,17,0.7738065,186,4878,N,14.1666666666667,1,16
4913,18,0.95269725,229,5012,N,15,1,16
5172,19,1.02758175,247,4913,N,15.8333333333333,1,16
5783,20,0.865332,208,5172,N,16.6666666666667,1,16
5583,21,1.02758175,247,5783,N,17.5,1,16
5273,22,0.97765875,235,5583,N,18.3333333333333,1,16
6089,23,1.015101,244,5273,N,19.1666666666667,1,16
7124,24,1.04422275,251,6089,N,20,1,16
6382,25,0.96101775,231,7124,N,20.8333333333333,1,16
6436,26,0.88613325,213,6382,N,21.6666666666667,1,16
6634,27,0.96933825,233,6436,N,22.5,1,16
7136,28,0.915255,220,6634,N,23.3333333333333,1,16
6940,29,0.78628725,189,7136,N,24.1666666666667,1,16
2091,0,1.22727375,295,NA,N,0,0,17
2669,1,1.25223525,301,2091,N,0.833333333333333,0,17
2773,2,1.1565495,278,2669,N,1.66666666666667,0,17
2353,3,0.698922,168,2773,Y,2.5,1,17
2489,4,0.66147975,159,2353,N,3.33333333333333,1,17
2986,5,0.65315925,157,2489,N,4.16666666666667,1,17
2425,6,0.69476175,167,2986,N,5,1,17
2708,7,0.71972325,173,2425,N,5.83333333333333,1,17
3501,8,0.765486,184,2708,N,6.66666666666667,1,17
3955,9,0.7571655,182,3501,N,7.5,1,17
4000,10,0.782127,188,3955,N,8.33333333333333,1,17
4111,11,0.8570115,206,4000,N,9.16666666666667,1,17
3744,12,0.82788975,199,4111,N,10,1,17
3439,13,0.798768,192,3744,N,10.8333333333333,1,17
3885,14,0.9402165,226,3439,N,11.6666666666667,1,17
3641,15,1.09414575,263,3885,N,12.5,1,17
4881,16,1.19399175,287,3641,N,13.3333333333333,1,17
5028,17,1.2730365,306,4881,N,14.1666666666667,1,17
4921,18,0.59491575,143,5028,Y,15,2,17
5192,19,0.57827475,139,4921,N,15.8333333333333,2,17
5787,20,0.57827475,139,5192,N,16.6666666666667,2,17
5602,21,0.5574735,134,5787,N,17.5,2,17
5295,22,0.66147975,159,5602,N,18.3333333333333,2,17
6094,23,0.6073965,146,5295,N,19.1666666666667,2,17
7134,24,0.66564,160,6094,N,20,2,17
6393,25,0.62819775,151,7134,N,20.8333333333333,2,17
6449,26,0.61987725,149,6393,N,21.6666666666667,2,17
6657,27,0.782127,188,6449,N,22.5,2,17
7160,28,0.6906015,166,6657,N,23.3333333333333,2,17
6960,29,0.84453075,203,7160,N,24.1666666666667,2,17
8033,0,NA,-1,NA,N,0,0,18
2520,1,1.08582525,261,8033,N,0.833333333333333,0,18
2608,2,1.11078675,267,2520,N,1.66666666666667,0,18
2241,3,1.28551725,309,2608,N,2.5,0,18
2360,4,1.09414575,263,2241,N,3.33333333333333,0,18
2607,5,1.02758175,247,2360,N,4.16666666666667,0,18
2566,7,1.26055575,303,2607,N,5.83333333333333,0,18
3387,8,1.5725745,378,2566,N,6.66666666666667,0,18
3830,9,1.61833725,389,3387,N,7.5,0,18
3673,10,1.55177325,373,3830,N,8.33333333333333,0,18
3482,11,0.7571655,182,3673,Y,9.16666666666667,1,18
3301,12,0.798768,192,3482,N,10,1,18
3305,13,0.81956925,197,3301,N,10.8333333333333,1,18
3662,14,0.8070885,194,3305,N,11.6666666666667,1,18
3424,15,0.8736525,210,3662,N,12.5,1,18
4760,16,0.881973,212,3424,N,13.3333333333333,1,18
4644,17,0.94437675,227,4760,N,14.1666666666667,1,18
4698,18,0.948537,228,4644,N,15,1,18
4826,19,0.96101775,231,4698,N,15.8333333333333,1,18
5663,20,1.0567035,254,4826,N,16.6666666666667,1,18
5392,21,1.364562,328,5663,N,17.5,1,18
4843,22,1.281357,308,5392,N,18.3333333333333,1,18
6032,23,1.5392925,370,4843,N,19.1666666666667,1,18
7520,24,1.19399175,287,6032,N,20,1,18
6726,25,1.12742775,271,7520,N,20.8333333333333,1,18
6892,26,1.31879925,317,6726,N,21.6666666666667,1,18
7247,27,1.281357,308,6892,N,22.5,1,18
7659,28,1.36872225,329,7247,N,23.3333333333333,1,18
7531,29,1.431126,344,7659,N,24.1666666666667,1,18
2094,0,1.21895325,293,NA,N,0,0,19
2672,1,1.33544025,321,2094,N,0.833333333333333,0,19
2780,2,1.21895325,293,2672,N,1.66666666666667,0,19
2363,3,1.281357,308,2780,N,2.5,0,19
2497,4,1.231434,296,2363,N,3.33333333333333,0,19
2990,5,1.214793,292,2497,N,4.16666666666667,0,19
2444,6,1.21063275,291,2990,N,5,0,19
2717,7,1.20231225,289,2444,N,5.83333333333333,0,19
3510,8,1.148229,276,2717,N,6.66666666666667,0,19
3963,9,1.17735075,283,3510,N,7.5,0,19
4008,10,1.198152,288,3963,N,8.33333333333333,0,19
4115,11,1.16487,280,4008,N,9.16666666666667,0,19
3747,12,1.18567125,285,4115,N,10,0,19
3454,13,1.214793,292,3747,N,10.8333333333333,0,19
3897,14,1.11078675,267,3454,N,11.6666666666667,0,19
3693,15,1.131588,272,3897,N,12.5,0,19
4885,16,1.21063275,291,3693,N,13.3333333333333,0,19
5049,17,1.11910725,269,4885,N,14.1666666666667,0,19
4930,18,1.16070975,279,5049,N,15,0,19
5222,19,1.0733445,258,4930,N,15.8333333333333,0,19
5794,20,1.15238925,277,5222,N,16.6666666666667,0,19
5624,21,1.13574825,273,5794,N,17.5,0,19
5314,22,1.1731905,282,5624,N,18.3333333333333,0,19
6098,23,1.15238925,277,5314,N,19.1666666666667,0,19
7151,24,1.16903025,281,6098,N,20,0,19
6407,25,1.19399175,287,7151,N,20.8333333333333,0,19
6462,26,1.264716,304,6407,N,21.6666666666667,0,19
6674,27,1.1898315,286,6462,N,22.5,0,19
7193,28,1.181511,284,6674,N,23.3333333333333,0,19
6993,29,1.16903025,281,7193,N,24.1666666666667,0,19
2222,0,0.81124875,195,NA,N,0,0,20
2766,1,0.99429975,239,2222,N,0.833333333333333,0,20
2898,2,0.97765875,235,2766,N,1.66666666666667,0,20
2597,3,0.8736525,210,2898,N,2.5,0,20
2641,4,0.99429975,239,2597,N,3.33333333333333,0,20
3026,5,1.065024,256,2641,N,4.16666666666667,0,20
2117,6,1.11910725,269,3026,N,5,0,20
2285,7,0.99846,240,2117,N,5.83333333333333,0,20
3111,8,1.16903025,281,2285,N,6.66666666666667,0,20
3281,9,1.14406875,275,3111,N,7.5,0,20
3176,10,1.28551725,309,3281,N,8.33333333333333,0,20
3269,11,1.3562415,326,3176,N,9.16666666666667,0,20
3147,12,1.297998,312,3269,N,10,0,20
3120,13,1.4061645,338,3147,N,10.8333333333333,0,20
3112,14,1.813869,436,3120,N,11.6666666666667,0,20
4375,15,0.80292825,193,3112,Y,12.5,1,20
5024,16,0.865332,208,4375,N,13.3333333333333,1,20
5379,17,0.87781275,211,5024,N,14.1666666666667,1,20
5240,18,0.8403705,202,5379,N,15,1,20
5702,19,1.07750475,259,5240,N,15.8333333333333,1,20
5885,20,1.0899855,262,5702,N,16.6666666666667,1,20
5986,21,1.114947,268,5885,N,17.5,1,20
2096,0,0.94437675,227,NA,N,0,0,21
2147,1,0.72804375,175,2096,N,0.833333333333333,0,21
2327,2,0.8070885,194,2147,N,1.66666666666667,0,21
2092,3,0.83621025,201,2327,N,2.5,0,21
2087,4,0.87781275,211,2092,N,3.33333333333333,0,21
2219,5,0.86949225,209,2087,N,4.16666666666667,0,21
2099,6,0.83621025,201,2219,N,5,0,21
2200,7,0.8736525,210,2099,N,5.83333333333333,0,21
3073,8,0.915255,220,2200,N,6.66666666666667,0,21
3069,9,0.91941525,221,3073,N,7.5,0,21
3070,10,0.965178,232,3069,N,8.33333333333333,0,21
3072,11,0.8237295,198,3070,N,9.16666666666667,0,21
3075,12,0.90277425,217,3072,N,10,0,21
3093,13,0.9069345,218,3075,N,10.8333333333333,0,21
3092,14,0.96101775,231,3093,N,11.6666666666667,0,21
3077,15,0.96933825,233,3092,N,12.5,0,21
4404,16,0.94437675,227,3077,N,13.3333333333333,0,21
4443,17,0.90277425,217,4404,N,14.1666666666667,0,21
4410,18,0.86949225,209,4443,N,15,0,21
4451,19,0.898614,216,4410,N,15.8333333333333,0,21
5376,20,0.92773575,223,4451,N,16.6666666666667,0,21
4556,21,0.83621025,201,5376,N,17.5,0,21
4455,22,0.965178,232,4556,N,18.3333333333333,0,21
5796,23,0.881973,212,4455,N,19.1666666666667,0,21
7393,24,0.88613325,213,5796,N,20,0,21
6572,25,0.92773575,223,7393,N,20.8333333333333,0,21
6717,26,0.92773575,223,6572,N,21.6666666666667,0,21
7050,27,0.9734985,234,6717,N,22.5,0,21
7559,28,0.898614,216,7050,N,23.3333333333333,0,21
7392,29,0.87781275,211,7559,N,24.1666666666667,0,21
8047,0,NA,-1,NA,N,0,0,22
2151,1,0.98597925,237,8047,N,0.833333333333333,0,22
2342,2,0.931896,224,2151,N,1.66666666666667,0,22
2095,3,1.05254325,253,2342,N,2.5,0,22
2088,4,1.11078675,267,2095,N,3.33333333333333,0,22
2253,5,1.19399175,287,2088,N,4.16666666666667,0,22
2102,6,1.214793,292,2253,N,5,0,22
2205,7,1.214793,292,2102,N,5.83333333333333,0,22
3090,8,1.248075,300,2205,N,6.66666666666667,0,22
3232,9,1.33128,320,3090,N,7.5,0,22
3136,10,1.22727375,295,3232,N,8.33333333333333,0,22
3237,11,1.2231135,294,3136,N,9.16666666666667,0,22
3081,12,1.36040175,327,3237,N,10,0,22
3102,13,1.02758175,247,3081,N,10.8333333333333,0,22
3095,14,0.69476175,167,3102,Y,11.6666666666667,1,22
3079,15,0.798768,192,3095,N,12.5,1,22
4405,16,0.698922,168,3079,N,13.3333333333333,1,22
4459,17,0.69476175,167,4405,N,14.1666666666667,1,22
4412,18,0.798768,192,4459,N,15,1,22
4452,19,0.7238835,174,4412,N,15.8333333333333,1,22
5380,20,0.7571655,182,4452,N,16.6666666666667,1,22
4560,21,0.7738065,186,5380,N,17.5,1,22
4456,22,0.71972325,173,4560,N,18.3333333333333,1,22
5889,23,0.78628725,189,4456,N,19.1666666666667,1,22
7401,24,0.732204,176,5889,N,20,1,22
6578,25,0.7405245,178,7401,N,20.8333333333333,1,22
6723,26,0.698922,168,6578,N,21.6666666666667,1,22
7061,27,0.748845,180,6723,N,22.5,1,22
7567,28,0.7904475,190,7061,N,23.3333333333333,1,22
7400,29,0.8570115,206,7567,N,24.1666666666667,1,22
2227,0,1.21063275,291,NA,N,0,0,23
2776,1,1.36872225,329,2227,N,0.833333333333333,0,23
2915,2,1.231434,296,2776,N,1.66666666666667,0,23
2719,4,1.0567035,254,2915,N,3.33333333333333,0,23
3028,5,1.33544025,321,2719,N,4.16666666666667,0,23
2533,6,1.198152,288,3028,N,5,0,23
2833,7,1.5060105,362,2533,N,5.83333333333333,0,23
3394,8,0.84453075,203,2833,Y,6.66666666666667,1,23
3833,9,0.77796675,187,3394,N,7.5,1,23
3674,10,0.76132575,183,3833,N,8.33333333333333,1,23
3496,11,0.65315925,157,3674,N,9.16666666666667,1,23
3666,12,0.70308225,169,3496,N,10,1,23
3312,13,0.782127,188,3666,N,10.8333333333333,1,23
3769,14,0.82788975,199,3312,N,11.6666666666667,1,23
3438,15,0.87781275,211,3769,N,12.5,1,23
4773,16,0.91109475,219,3438,N,13.3333333333333,1,23
4660,17,0.87781275,211,4773,N,14.1666666666667,1,23
4710,18,0.965178,232,4660,N,15,1,23
4840,19,0.98597925,237,4710,N,15.8333333333333,1,23
5679,20,0.42018525,101,4840,Y,16.6666666666667,2,23
5410,21,0.532512,128,5679,N,17.5,2,23
5016,22,0.582435,140,5410,N,18.3333333333333,2,23
6035,23,0.42850575,103,5016,N,19.1666666666667,2,23
6973,24,0.56163375,135,6035,N,20,2,23
6307,25,0.56163375,135,6973,N,20.8333333333333,2,23
6364,26,0.54499275,131,6307,N,21.6666666666667,2,23
6532,27,0.5907555,142,6364,N,22.5,2,23
6978,28,0.61987725,149,6532,N,23.3333333333333,2,23
6761,29,0.632358,152,6978,N,24.1666666666667,2,23
2101,0,0.99429975,239,NA,N,0,0,24
2160,1,1.19399175,287,2101,N,0.833333333333333,0,24
2346,2,1.19399175,287,2160,N,1.66666666666667,0,24
2097,3,1.1399085,274,2346,N,2.5,0,24
2177,4,1.1731905,282,2097,N,3.33333333333333,0,24
2385,5,1.47688875,355,2177,N,4.16666666666667,0,24
2107,6,0.5741145,138,2385,Y,5,1,24
2485,0,1.0234215,246,NA,N,0,0,25
2835,1,0.95269725,229,2485,N,0.833333333333333,0,25
3002,2,0.98597925,237,2835,N,1.66666666666667,0,25
2799,3,1.03590225,249,3002,N,2.5,0,25
2868,6,1.198152,288,2799,N,5,0,25
2965,7,1.2231135,294,2868,N,5.83333333333333,0,25
4224,8,0.599076,144,2965,Y,6.66666666666667,1,25
4338,9,0.64483875,155,4224,N,7.5,1,25
4247,10,0.765486,184,4338,N,8.33333333333333,1,25
4359,11,0.82788975,199,4247,N,9.16666666666667,1,25
3880,12,0.77796675,187,4359,N,10,1,25
3596,13,0.85285125,205,3880,N,10.8333333333333,1,25
4131,14,0.865332,208,3596,N,11.6666666666667,1,25
4357,15,0.81124875,195,4131,N,12.5,1,25
4999,16,0.7904475,190,4357,N,13.3333333333333,1,25
5358,17,0.80292825,193,4999,N,14.1666666666667,1,25
5211,18,0.73636425,177,5358,N,15,1,25
5814,20,1.06918425,257,5211,N,16.6666666666667,1,25
5703,21,1.01094075,243,5814,N,17.5,1,25
5403,22,0.565794,136,5703,Y,18.3333333333333,2,25
7274,29,0.7904475,190,5403,N,24.1666666666667,2,25
2234,0,1.0733445,258,NA,N,0,0,26
2446,1,1.2397545,298,2234,N,0.833333333333333,0,26
2523,2,0.965178,232,2446,N,1.66666666666667,0,26
2169,3,0.66980025,161,2523,Y,2.5,1,26
2276,4,0.732204,176,2169,N,3.33333333333333,1,26
2505,5,0.748845,180,2276,N,4.16666666666667,1,26
2170,6,0.72804375,175,2505,N,5,1,26
2381,7,0.79460775,191,2170,N,5.83333333333333,1,26
3313,8,0.74468475,179,2381,N,6.66666666666667,1,26
3640,9,0.765486,184,3313,N,7.5,1,26
3630,10,0.7738065,186,3640,N,8.33333333333333,1,26
3388,11,0.782127,188,3630,N,9.16666666666667,1,26
3223,12,0.898614,216,3388,N,10,1,26
3220,13,0.77796675,187,3223,N,10.8333333333333,1,26
3283,14,0.82788975,199,3220,N,11.6666666666667,1,26
3207,15,0.931896,224,3283,N,12.5,1,26
4635,16,0.81124875,195,3207,N,13.3333333333333,1,26
4508,17,0.95269725,229,4635,N,14.1666666666667,1,26
4564,18,0.91941525,221,4508,N,15,1,26
4620,19,0.948537,228,4564,N,15.8333333333333,1,26
5522,20,0.981819,236,4620,N,16.6666666666667,1,26
5233,21,1.015101,244,5522,N,17.5,1,26
5981,23,1.21063275,291,5233,N,19.1666666666667,1,26
6796,24,0.66564,160,5981,Y,20,2,26
6284,25,0.69476175,167,6796,N,20.8333333333333,2,26
6322,26,0.732204,176,6284,N,21.6666666666667,2,26
6460,27,0.68644125,165,6322,N,22.5,2,26
6763,28,0.765486,184,6460,N,23.3333333333333,2,26
6673,29,0.73636425,177,6763,N,24.1666666666667,2,26
8095,0,NA,-1,NA,N,0,0,27
2840,1,1.114947,268,8095,N,0.833333333333333,0,27
3007,2,1.00262025,241,2840,N,1.66666666666667,0,27
2803,3,1.01094075,243,3007,N,2.5,0,27
2940,4,1.35208125,325,2803,N,3.33333333333333,0,27
3063,5,1.1399085,274,2940,N,4.16666666666667,0,27
2871,6,1.198152,288,3063,N,5,0,27
2969,7,1.3562415,326,2871,N,5.83333333333333,0,27
4240,8,1.364562,328,2969,N,6.66666666666667,0,27
4351,9,1.3063185,314,4240,N,7.5,0,27
4256,10,1.7889075,430,4351,N,8.33333333333333,0,27
4369,11,1.7556255,422,4256,N,9.16666666666667,0,27
3892,12,0.82788975,199,4369,Y,10,1,27
3606,13,0.848691,204,3892,N,10.8333333333333,1,27
4139,14,0.798768,192,3606,N,11.6666666666667,1,27
4366,15,0.8070885,194,4139,N,12.5,1,27
5011,16,0.86949225,209,4366,N,13.3333333333333,1,27
5368,17,1.098306,264,5011,N,14.1666666666667,1,27
5225,18,1.214793,292,5368,N,15,1,27
5689,19,1.14406875,275,5225,N,15.8333333333333,1,27
5881,20,1.01926125,245,5689,N,16.6666666666667,1,27
5980,21,1.1066265,266,5881,N,17.5,1,27
5666,22,1.19399175,287,5980,N,18.3333333333333,1,27
6196,23,1.1731905,282,5666,N,19.1666666666667,1,27
7378,24,1.314639,316,6196,N,20,1,27
6553,25,1.214793,292,7378,N,20.8333333333333,1,27
6676,26,1.2231135,294,6553,N,21.6666666666667,1,27
7008,27,1.364562,328,6676,N,22.5,1,27
7522,28,1.431126,344,7008,N,23.3333333333333,1,27
7339,29,1.614177,388,7522,N,24.1666666666667,1,27
2110,0,1.08582525,261,NA,N,0,0,28
2165,1,1.02758175,247,2110,N,0.833333333333333,0,28
2352,2,0.9901395,238,2165,N,1.66666666666667,0,28
2100,3,1.01094075,243,2352,N,2.5,0,28
2186,4,1.048383,252,2100,N,3.33333333333333,0,28
2404,5,1.0899855,262,2186,N,4.16666666666667,0,28
2114,6,1.02758175,247,2404,N,5,0,28
2281,7,1.06086375,255,2114,N,5.83333333333333,0,28
3107,8,1.0234215,246,2281,N,6.66666666666667,0,28
3251,9,0.981819,236,3107,N,7.5,0,28
3172,10,1.10246625,265,3251,N,8.33333333333333,0,28
3267,11,1.11078675,267,3172,N,9.16666666666667,0,28
3141,12,1.0400625,250,3267,N,10,0,28
3113,13,0.8736525,210,3141,N,10.8333333333333,0,28
3108,14,1.0400625,250,3113,N,11.6666666666667,0,28
3087,15,1.14406875,275,3108,N,12.5,0,28
4416,16,0.98597925,237,3087,N,13.3333333333333,0,28
4478,17,1.07750475,259,4416,N,14.1666666666667,0,28
4423,18,0.99429975,239,4478,N,15,0,28
4469,19,1.0400625,250,4423,N,15.8333333333333,0,28
5405,20,1.03590225,249,4469,N,16.6666666666667,0,28
4592,21,1.02758175,247,5405,N,17.5,0,28
4471,22,1.06918425,257,4592,N,18.3333333333333,0,28
5913,23,1.06086375,255,4471,N,19.1666666666667,0,28
7413,24,1.13574825,273,5913,N,20,0,28
6590,25,1.048383,252,7413,N,20.8333333333333,0,28
6740,26,1.0899855,262,6590,N,21.6666666666667,0,28
7075,27,1.08582525,261,6740,N,22.5,0,28
7581,28,0.948537,228,7075,N,23.3333333333333,0,28
7415,29,0.87781275,211,7581,N,24.1666666666667,0,28
2240,0,1.39368375,335,NA,N,0,0,29
2452,1,1.297998,312,2240,N,0.833333333333333,0,29
2528,2,0.732204,176,2452,Y,1.66666666666667,1,29
2173,3,0.715563,172,2528,N,2.5,1,29
2280,4,0.81956925,197,2173,N,3.33333333333333,1,29
2589,5,0.8070885,194,2280,N,4.16666666666667,1,29
2174,6,0.82788975,199,2589,N,5,1,29
2388,7,0.83621025,201,2174,N,5.83333333333333,1,29
3317,8,0.89445375,215,2388,N,6.66666666666667,1,29
3645,9,1.00262025,241,3317,N,7.5,1,29
3632,10,0.9402165,226,3645,N,8.33333333333333,1,29
3392,11,0.97765875,235,3632,N,9.16666666666667,1,29
3226,12,0.97765875,235,3392,N,10,1,29
3225,13,0.965178,232,3226,N,10.8333333333333,1,29
3307,14,0.96101775,231,3225,N,11.6666666666667,1,29
3213,15,0.98597925,237,3307,N,12.5,1,29
4640,16,1.2397545,298,3213,N,13.3333333333333,1,29
4509,17,1.39368375,335,4640,N,14.1666666666667,1,29
4568,18,1.57673475,379,4509,N,15,1,29
4626,19,1.431126,344,4568,N,15.8333333333333,1,29
5526,20,1.5226515,366,4626,N,16.6666666666667,1,29
5243,21,0.64483875,155,5526,Y,17.5,2,29
4729,22,0.77796675,187,5243,N,18.3333333333333,2,29
5985,23,0.66564,160,4729,N,19.1666666666667,2,29
6807,24,0.715563,172,5985,N,20,2,29
6288,25,0.7072425,170,6807,N,20.8333333333333,2,29
6326,26,0.7571655,182,6288,N,21.6666666666667,2,29
6466,27,0.75300525,181,6326,N,22.5,2,29
6773,28,0.86949225,209,6466,N,23.3333333333333,2,29
2113,0,1.114947,268,NA,N,0,0,30
2685,1,1.1399085,274,2113,N,0.833333333333333,0,30
2831,2,1.2896775,310,2685,N,1.66666666666667,0,30
2383,3,1.1731905,282,2831,N,2.5,0,30
2551,4,1.2896775,310,2383,N,3.33333333333333,0,30
2999,5,1.48520925,357,2551,N,4.16666666666667,0,30
2460,6,1.580895,380,2999,N,5,0,30
2740,7,1.647459,396,2460,N,5.83333333333333,0,30
3720,8,0.83205,200,2740,Y,6.66666666666667,1,30
3985,9,0.798768,192,3720,N,7.5,1,30
4024,10,0.865332,208,3985,N,8.33333333333333,1,30
4126,11,0.8902935,214,4024,N,9.16666666666667,1,30
3750,12,0.98597925,237,4126,N,10,1,30
3463,13,0.9402165,226,3750,N,10.8333333333333,1,30
3917,14,0.9069345,218,3463,N,11.6666666666667,1,30
3702,15,0.96933825,233,3917,N,12.5,1,30
4889,16,1.081665,260,3702,N,13.3333333333333,1,30
5068,17,1.03590225,249,4889,N,14.1666666666667,1,30
4940,18,1.2231135,294,5068,N,15,1,30
5248,19,0.6406785,154,4940,Y,15.8333333333333,2,30
5801,20,0.73636425,177,5248,N,16.6666666666667,2,30
5649,21,0.715563,172,5801,N,17.5,2,30
5347,22,0.77796675,187,5649,N,18.3333333333333,2,30
6104,23,0.91109475,219,5347,N,19.1666666666667,2,30
7628,24,0.89445375,215,6104,N,20,2,30
6879,25,0.715563,172,7628,N,20.8333333333333,2,30
7032,26,0.7738065,186,6879,N,21.6666666666667,2,30
7399,27,0.81124875,195,7032,N,22.5,2,30
7751,28,0.848691,204,7399,N,23.3333333333333,2,30
7679,29,0.87781275,211,7751,N,24.1666666666667,2,30
2115,0,1.10246625,265,NA,N,0,0,31
2206,1,1.081665,260,2115,N,0.833333333333333,0,31
2358,2,1.0567035,254,2206,N,1.66666666666667,0,31
2103,3,1.11910725,269,2358,N,2.5,0,31
2190,4,1.131588,272,2103,N,3.33333333333333,0,31
2412,5,1.11078675,267,2190,N,4.16666666666667,0,31
2119,6,1.13574825,273,2412,N,5,0,31
2291,7,1.07750475,259,2119,N,5.83333333333333,0,31
4065,8,0.7904475,190,2291,Y,6.66666666666667,1,31
4292,9,0.8570115,206,4065,N,7.5,1,31
4176,10,0.8570115,206,4292,N,8.33333333333333,1,31
4308,11,0.79460775,191,4176,N,9.16666666666667,1,31
3822,12,0.81956925,197,4308,N,10,1,31
3565,13,0.7904475,190,3822,N,10.8333333333333,1,31
4079,14,0.8403705,202,3565,N,11.6666666666667,1,31
4316,15,0.83205,200,4079,N,12.5,1,31
4961,16,0.8237295,198,4316,N,13.3333333333333,1,31
5306,17,0.93605625,225,4961,N,14.1666666666667,1,31
5120,18,0.965178,232,5306,N,15,1,31
5620,19,0.80292825,193,5120,N,15.8333333333333,1,31
5861,20,0.7405245,178,5620,N,16.6666666666667,1,31
5935,21,0.78628725,189,5861,N,17.5,1,31
5575,22,0.77796675,187,5935,N,18.3333333333333,1,31
6173,23,0.748845,180,5575,N,19.1666666666667,1,31
7922,24,0.698922,168,6173,N,20,1,31
7139,25,0.682281,164,7922,N,20.8333333333333,1,31
7252,26,0.83205,200,7139,N,21.6666666666667,1,31
7576,27,0.8403705,202,7252,N,22.5,1,31
7870,28,0.72804375,175,7576,N,23.3333333333333,1,31
7787,29,0.7571655,182,7870,N,24.1666666666667,1,31
2372,0,1.2064725,290,NA,N,0,0,32
2536,1,0.55331325,133,2372,Y,0.833333333333333,1,32
2631,2,0.64483875,155,2536,N,1.66666666666667,1,32
2252,3,0.62819775,151,2631,N,2.5,1,32
2374,4,0.615717,148,2252,N,3.33333333333333,1,32
2877,5,0.632358,152,2374,N,4.16666666666667,1,32
2266,6,0.682281,164,2877,N,5,1,32
2590,7,0.698922,168,2266,N,5.83333333333333,1,32
3403,8,0.73636425,177,2590,N,6.66666666666667,1,32
3841,9,0.715563,172,3403,N,7.5,1,32
3732,10,0.74468475,179,3841,N,8.33333333333333,1,32
3505,11,0.798768,192,3732,N,9.16666666666667,1,32
3680,12,0.75300525,181,3505,N,10,1,32
3323,13,0.815409,196,3680,N,10.8333333333333,1,32
3778,14,0.848691,204,3323,N,11.6666666666667,1,32
3457,15,1.031742,248,3778,N,12.5,1,32
4794,16,1.281357,308,3457,N,13.3333333333333,1,32
4681,17,0.67812075,163,4794,Y,14.1666666666667,2,32
4779,18,0.648999,156,4681,N,15,2,32
5048,19,0.66980025,161,4779,N,15.8333333333333,2,32
5751,20,0.70308225,169,5048,N,16.6666666666667,2,32
5471,21,0.6573195,158,5751,N,17.5,2,32
5126,22,0.61155675,147,5471,N,18.3333333333333,2,32
6060,23,0.582435,140,5126,N,19.1666666666667,2,32
7545,24,0.532512,128,6060,N,20,2,32
6765,25,0.5241915,126,7545,N,20.8333333333333,2,32
6928,26,0.63651825,153,6765,N,21.6666666666667,2,32
7291,27,0.599076,144,6928,N,22.5,2,32
7678,28,0.865332,208,7291,N,23.3333333333333,2,32
7565,29,0.9734985,234,7678,N,24.1666666666667,2,32
2118,0,0.52835175,127,NA,N,0,0,33
2210,1,0.5574735,134,2118,N,0.833333333333333,0,33
2362,2,0.582435,140,2210,N,1.66666666666667,0,33
2105,3,0.6073965,146,2362,N,2.5,0,33
2197,4,0.71140275,171,2105,N,3.33333333333333,0,33
2421,5,0.70308225,169,2197,N,4.16666666666667,0,33
2122,6,0.67812075,163,2421,N,5,0,33
2296,7,0.72804375,175,2122,N,5.83333333333333,0,33
3118,8,0.7238835,174,2296,N,6.66666666666667,0,33
3284,9,0.7072425,170,3118,N,7.5,0,33
3180,10,0.782127,188,3284,N,8.33333333333333,0,33
3280,11,0.931896,224,3180,N,9.16666666666667,0,33
3153,12,0.90277425,217,3280,N,10,0,33
3128,13,0.95269725,229,3153,N,10.8333333333333,0,33
3119,14,1.19399175,287,3128,N,11.6666666666667,0,33
3100,15,1.23559425,297,3119,N,12.5,0,33
4421,16,1.15238925,277,3100,N,13.3333333333333,0,33
4483,17,1.2730365,306,4421,N,14.1666666666667,0,33
4427,18,1.364562,328,4483,N,15,0,33
8119,19,NA,-1,4427,Y,15.8333333333333,1,33
2246,0,1.0733445,258,NA,N,0,0,34
2458,1,1.1399085,274,2246,N,0.833333333333333,0,34
2539,2,1.14406875,275,2458,N,1.66666666666667,0,34
2184,3,1.148229,276,2539,N,2.5,0,34
2297,4,1.30215825,313,2184,N,3.33333333333333,0,34
2598,5,0.648999,156,2297,Y,4.16666666666667,1,34
2185,6,0.615717,148,2598,N,5,1,34
2413,7,0.65315925,157,2185,N,5.83333333333333,1,34
3334,8,0.6906015,166,2413,N,6.66666666666667,1,34
3660,9,0.71972325,173,3334,N,7.5,1,34
3646,10,0.765486,184,3660,N,8.33333333333333,1,34
3408,11,0.81956925,197,3646,N,9.16666666666667,1,34
3249,12,0.8237295,198,3408,N,10,1,34
3254,13,0.84453075,203,3249,N,10.8333333333333,1,34
3321,14,0.9069345,218,3254,N,11.6666666666667,1,34
3243,15,0.965178,232,3321,N,12.5,1,34
4659,16,0.9734985,234,3243,N,13.3333333333333,1,34
4517,17,1.015101,244,4659,N,14.1666666666667,1,34
4596,18,1.01094075,243,4517,N,15,1,34
2503,0,1.015101,244,NA,N,0,0,35
2625,1,0.948537,228,2503,N,0.833333333333333,0,35
2743,2,1.065024,256,2625,N,1.66666666666667,0,35
2302,3,0.9734985,234,2743,N,2.5,0,35
2454,4,0.96933825,233,2302,N,3.33333333333333,0,35
2929,5,1.015101,244,2454,N,4.16666666666667,0,35
2359,6,0.981819,236,2929,N,5,0,35
2663,7,1.015101,244,2359,N,5.83333333333333,0,35
3459,8,0.931896,224,2663,N,6.66666666666667,0,35
3906,9,1.02758175,247,3459,N,7.5,0,35
3946,10,0.95269725,229,3906,N,8.33333333333333,0,35
3923,11,1.065024,256,3946,N,9.16666666666667,0,35
3725,12,0.931896,224,3923,N,10,0,35
3382,13,0.95269725,229,3725,N,10.8333333333333,0,35
3829,14,1.0400625,250,3382,N,11.6666666666667,0,35
3529,15,0.94437675,227,3829,N,12.5,0,35
4868,16,0.97765875,235,3529,N,13.3333333333333,0,35
4815,17,1.04422275,251,4868,N,14.1666666666667,0,35
4831,18,1.06918425,257,4815,N,15,0,35
5113,19,1.05254325,253,4831,N,15.8333333333333,0,35
5772,20,0.9901395,238,5113,N,16.6666666666667,0,35
5532,21,1.03590225,249,5772,N,17.5,0,35
5202,22,0.99429975,239,5532,N,18.3333333333333,0,35
6076,23,1.048383,252,5202,N,19.1666666666667,0,35
7083,24,1.0400625,250,6076,N,20,0,35
6355,25,1.0567035,254,7083,N,20.8333333333333,0,35
6424,26,1.00262025,241,6355,N,21.6666666666667,0,35
6603,27,0.91109475,219,6424,N,22.5,0,35
7108,28,0.85285125,205,6603,N,23.3333333333333,0,35
6893,29,0.88613325,213,7108,N,24.1666666666667,0,35
2120,0,0.815409,196,NA,N,0,0,36
2215,1,0.93605625,225,2120,N,0.833333333333333,0,36
2369,2,0.97765875,235,2215,N,1.66666666666667,0,36
2108,3,1.00262025,241,2369,N,2.5,0,36
2202,4,1.031742,248,2108,N,3.33333333333333,0,36
2429,5,1.12742775,271,2202,N,4.16666666666667,0,36
2124,6,1.0899855,262,2429,N,5,0,36
2301,7,1.19399175,287,2124,N,5.83333333333333,0,36
3122,8,1.01094075,243,2301,N,6.66666666666667,0,36
3591,9,1.20231225,289,3122,N,7.5,0,36
3185,10,1.31879925,317,3591,N,8.33333333333333,0,36
3282,11,1.47688875,355,3185,N,9.16666666666667,0,36
3157,12,1.49352975,359,3282,N,10,0,36
3132,13,1.71818325,413,3157,N,10.8333333333333,0,36
3121,14,0.83621025,201,3132,Y,11.6666666666667,1,36
3104,15,0.8237295,198,3121,N,12.5,1,36
4424,16,0.7405245,178,3104,N,13.3333333333333,1,36
4487,17,0.8736525,210,4424,N,14.1666666666667,1,36
4433,18,0.91941525,221,4487,N,15,1,36
4477,19,0.898614,216,4433,N,15.8333333333333,1,36
5417,20,0.898614,216,4477,N,16.6666666666667,1,36
5089,21,0.96101775,231,5417,N,17.5,1,36
4584,22,1.01094075,243,5089,N,18.3333333333333,1,36
6602,25,1.08582525,261,4584,N,20.8333333333333,1,36
6759,26,1.04422275,251,6602,N,21.6666666666667,1,36
7594,28,1.065024,256,6759,N,23.3333333333333,1,36
7422,29,0.965178,232,7594,N,24.1666666666667,1,36
2123,0,1.05254325,253,NA,N,0,0,37
2695,1,0.84453075,203,2123,N,0.833333333333333,0,37
2838,2,0.898614,216,2695,N,1.66666666666667,0,37
2396,3,0.87781275,211,2838,N,2.5,0,37
2557,4,0.8902935,214,2396,N,3.33333333333333,0,37
3003,5,1.00262025,241,2557,N,4.16666666666667,0,37
2380,0,1.42696575,343,NA,N,0,0,38
2544,1,0.56163375,135,2380,Y,0.833333333333333,1,38
2639,2,0.5241915,126,2544,N,1.66666666666667,1,38
2267,3,0.52835175,127,2639,N,2.5,1,38
2384,4,0.55331325,133,2267,N,3.33333333333333,1,38
2886,5,0.6739605,162,2384,N,4.16666666666667,1,38
2275,6,0.70308225,169,2886,N,5,1,38
2599,7,0.7405245,178,2275,N,5.83333333333333,1,38
3410,8,0.78628725,189,2599,N,6.66666666666667,1,38
3849,9,0.78628725,189,3410,N,7.5,1,38
3836,10,0.931896,224,3849,N,8.33333333333333,1,38
3512,11,0.87781275,211,3836,N,9.16666666666667,1,38
3682,12,0.898614,216,3512,N,10,1,38
3331,13,0.8403705,202,3682,N,10.8333333333333,1,38
3782,14,0.99429975,239,3331,N,11.6666666666667,1,38
4386,15,0.7405245,178,3782,N,12.5,1,38
4398,16,0.515871,124,4386,Y,13.3333333333333,2,38
4399,17,0.47010825,113,4398,N,14.1666666666667,2,38
4396,18,0.49923,120,4399,N,15,2,38
4397,19,0.47842875,115,4396,N,15.8333333333333,2,38
5365,20,0.49506975,119,4397,N,16.6666666666667,2,38
4395,21,0.5741145,138,5365,N,17.5,2,38
4400,22,0.582435,140,4395,N,18.3333333333333,2,38
5793,23,0.58659525,141,4400,N,19.1666666666667,2,38
6213,24,0.615717,148,5793,N,20,2,38
6224,25,0.632358,152,6213,N,20.8333333333333,2,38
6221,26,0.698922,168,6224,N,21.6666666666667,2,38
6357,27,0.782127,188,6221,N,22.5,2,38
6607,28,0.84453075,203,6357,N,23.3333333333333,2,38
6485,29,0.95269725,229,6607,N,24.1666666666667,2,38
2127,0,0.91941525,221,NA,N,0,0,39
2702,1,1.06086375,255,2127,N,0.833333333333333,0,39
2842,2,0.881973,212,2702,N,1.66666666666667,0,39
2402,3,0.59491575,143,2842,Y,2.5,1,39
2559,4,0.56995425,137,2402,N,3.33333333333333,1,39
3004,5,0.565794,136,2559,N,4.16666666666667,1,39
2467,6,0.582435,140,3004,N,5,1,39
2756,7,0.5408325,130,2467,N,5.83333333333333,1,39
3910,8,0.6573195,158,2756,N,6.66666666666667,1,39
3997,9,0.67812075,163,3910,N,7.5,1,39
4032,10,0.63651825,153,3997,N,8.33333333333333,1,39
4132,11,0.58659525,141,4032,N,9.16666666666667,1,39
3752,12,0.64483875,155,4132,N,10,1,39
3473,13,0.765486,184,3752,N,10.8333333333333,1,39
5085,17,0.90277425,217,3473,N,14.1666666666667,1,39
4554,18,0.95269725,229,5085,N,15,1,39
8132,21,NA,-1,4554,Y,17.5,2,39
2257,0,1.07750475,259,NA,N,0,0,40
2791,1,0.7571655,182,2257,N,0.833333333333333,0,40
2927,2,0.648999,156,2791,N,1.66666666666667,0,40
2619,3,0.6073965,146,2927,N,2.5,0,40
2747,4,0.6406785,154,2619,N,3.33333333333333,0,40
3031,5,0.83205,200,2747,N,4.16666666666667,0,40
2547,6,0.81956925,197,3031,N,5,0,40
2854,7,0.8736525,210,2547,N,5.83333333333333,0,40
4006,8,0.9734985,234,2854,N,6.66666666666667,0,40
4211,9,1.0899855,262,4006,N,7.5,0,40
4119,10,1.22727375,295,4211,N,8.33333333333333,0,40
4230,11,1.28551725,309,4119,N,9.16666666666667,0,40
3789,12,1.19399175,287,4230,N,10,0,40
3548,13,1.34376075,323,3789,N,10.8333333333333,0,40
4022,14,1.2064725,290,3548,N,11.6666666666667,0,40
4217,15,1.18567125,285,4022,N,12.5,0,40
4920,16,1.30215825,313,4217,N,13.3333333333333,0,40
5206,17,0.66147975,159,4920,Y,14.1666666666667,1,40
5017,18,0.66564,160,5206,N,15,1,40
5521,19,0.70308225,169,5017,N,15.8333333333333,1,40
5834,20,0.67812075,163,5521,N,16.6666666666667,1,40
5755,21,0.76132575,183,5834,N,17.5,1,40
5476,22,0.75300525,181,5755,N,18.3333333333333,1,40
6145,23,0.682281,164,5476,N,19.1666666666667,1,40
7267,24,0.7738065,186,6145,N,20,1,40
6464,25,0.81956925,197,7267,N,20.8333333333333,1,40
6540,26,0.9901395,238,6464,N,21.6666666666667,1,40
6848,27,0.8736525,210,6540,N,22.5,1,40
7344,28,1.01926125,245,6848,N,23.3333333333333,1,40
7185,29,0.9568575,230,7344,N,24.1666666666667,1,40
2130,0,0.615717,148,NA,N,0,0,41
2705,1,0.599076,144,2130,N,0.833333333333333,0,41
2845,2,0.6906015,166,2705,N,1.66666666666667,0,41
2409,3,0.66147975,159,2845,N,2.5,0,41
2564,4,0.71972325,173,2409,N,3.33333333333333,0,41
3006,5,0.72804375,175,2564,N,4.16666666666667,0,41
2471,6,0.75300525,181,3006,N,5,0,41
2759,7,0.848691,204,2471,N,5.83333333333333,0,41
3915,8,0.81124875,195,2759,N,6.66666666666667,0,41
4001,9,0.9402165,226,3915,N,7.5,0,41
4035,10,0.94437675,227,4001,N,8.33333333333333,0,41
4135,11,1.01094075,243,4035,N,9.16666666666667,0,41
3753,12,1.06086375,255,4135,N,10,0,41
3476,13,1.0733445,258,3753,N,10.8333333333333,0,41
3935,14,1.04422275,251,3476,N,11.6666666666667,0,41
3710,15,1.114947,268,3935,N,12.5,0,41
4892,16,1.065024,256,3710,N,13.3333333333333,0,41
5090,17,1.1731905,282,4892,N,14.1666666666667,0,41
4947,18,0.5075505,122,5090,Y,15,1,41
5264,19,0.615717,148,4947,N,15.8333333333333,1,41
5804,20,0.632358,152,5264,N,16.6666666666667,1,41
5665,21,0.565794,136,5804,N,17.5,1,41
5366,22,0.62819775,151,5665,N,18.3333333333333,1,41
6110,23,0.648999,156,5366,N,19.1666666666667,1,41
7171,24,0.732204,176,6110,N,20,1,41
6416,25,0.62819775,151,7171,N,20.8333333333333,1,41
6472,26,0.7238835,174,6416,N,21.6666666666667,1,41
6692,27,0.798768,192,6472,N,22.5,1,41
7211,28,0.7904475,190,6692,N,23.3333333333333,1,41
7024,29,0.815409,196,7211,N,24.1666666666667,1,41
2517,0,0.881973,212,NA,N,0,0,42
2853,1,0.43682625,105,2517,Y,0.833333333333333,1,42
3018,2,0.42850575,103,2853,N,1.66666666666667,1,42
2809,3,0.54499275,131,3018,N,2.5,1,42
2952,4,0.5574735,134,2809,N,3.33333333333333,1,42
3066,5,0.682281,164,2952,N,4.16666666666667,1,42
2880,6,0.63651825,153,3066,N,5,1,42
2975,7,0.798768,192,2880,N,5.83333333333333,1,42
4251,8,0.7571655,182,2975,N,6.66666666666667,1,42
4358,9,0.7405245,178,4251,N,7.5,1,42
4269,10,0.6739605,162,4358,N,8.33333333333333,1,42
4381,11,0.65315925,157,4269,N,9.16666666666667,1,42
3911,12,0.782127,188,4381,N,10,1,42
3621,13,0.79460775,191,3911,N,10.8333333333333,1,42
4154,14,0.798768,192,3621,N,11.6666666666667,1,42
4379,15,0.91941525,221,4154,N,12.5,1,42
5036,16,1.12742775,271,4379,N,13.3333333333333,1,42
5389,17,1.14406875,275,5036,N,14.1666666666667,1,42
5256,18,0.91941525,221,5389,N,15,1,42
5716,19,1.0733445,258,5256,N,15.8333333333333,1,42
5899,20,0.41186475,99,5716,Y,16.6666666666667,2,42
5996,21,0.4576275,110,5899,N,17.5,2,42
5691,22,0.43682625,105,5996,N,18.3333333333333,2,42
6203,23,0.4243455,102,5691,N,19.1666666666667,2,42
7955,24,0.4243455,102,6203,N,20,2,42
7258,25,0.45346725,109,7955,N,20.8333333333333,2,42
7441,26,0.54499275,131,7258,N,21.6666666666667,2,42
7728,27,0.515871,124,7441,N,22.5,2,42
7915,28,0.55331325,133,7728,N,23.3333333333333,2,42
7845,29,0.56163375,135,7915,N,24.1666666666667,2,42
2134,0,1.31879925,317,NA,N,0,0,43
2710,1,1.25223525,301,2134,N,0.833333333333333,0,43
2849,2,1.26887625,305,2710,N,1.66666666666667,0,43
2416,3,1.3063185,314,2849,N,2.5,0,43
2570,4,1.5226515,366,2416,N,3.33333333333333,0,43
3008,5,1.5725745,378,2570,N,4.16666666666667,0,43
2475,6,1.564254,376,3008,N,5,0,43
2761,7,0.765486,184,2475,Y,5.83333333333333,1,43
3925,8,0.6739605,162,2761,N,6.66666666666667,1,43
4009,9,0.73636425,177,3925,N,7.5,1,43
4043,10,0.74468475,179,4009,N,8.33333333333333,1,43
4140,11,0.75300525,181,4043,N,9.16666666666667,1,43
3755,12,0.782127,188,4140,N,10,1,43
3484,13,0.83621025,201,3755,N,10.8333333333333,1,43
3945,14,0.865332,208,3484,N,11.6666666666667,1,43
3717,15,1.065024,256,3945,N,12.5,1,43
4894,16,1.0400625,250,3717,N,13.3333333333333,1,43
5102,17,1.08582525,261,4894,N,14.1666666666667,1,43
4951,18,1.048383,252,5102,N,15,1,43
5280,19,1.01094075,243,4951,N,15.8333333333333,1,43
5806,20,1.06086375,255,5280,N,16.6666666666667,1,43
5374,22,1.41032475,339,5806,N,18.3333333333333,1,43
6114,23,0.7571655,182,5374,Y,19.1666666666667,2,43
7827,24,0.75300525,181,6114,N,20,2,43
6918,25,0.748845,180,7827,N,20.8333333333333,2,43
7080,26,0.83205,200,6918,N,21.6666666666667,2,43
7435,27,0.88613325,213,7080,N,22.5,2,43
7778,28,0.8902935,214,7435,N,23.3333333333333,2,43
7704,29,0.9901395,238,7778,N,24.1666666666667,2,43
2265,0,1.15238925,277,NA,N,0,0,44
2484,1,1.0400625,250,2265,N,0.833333333333333,0,44
2556,2,1.02758175,247,2484,N,1.66666666666667,0,44
2193,3,1.015101,244,2556,N,2.5,0,44
2308,4,1.098306,264,2193,N,3.33333333333333,0,44
2623,5,1.0899855,262,2308,N,4.16666666666667,0,44
2198,6,1.114947,268,2623,N,5,0,44
2510,7,1.14406875,275,2198,N,5.83333333333333,0,44
3353,8,1.10246625,265,2510,N,6.66666666666667,0,44
3700,9,1.03590225,249,3353,N,7.5,0,44
3653,10,1.00262025,241,3700,N,8.33333333333333,0,44
3420,11,1.0067805,242,3653,N,9.16666666666667,0,44
3272,12,1.065024,256,3420,N,10,0,44
3262,13,1.10246625,265,3272,N,10.8333333333333,0,44
3535,14,1.0733445,258,3262,N,11.6666666666667,0,44
3345,15,1.05254325,253,3535,N,12.5,0,44
4692,16,1.031742,248,3345,N,13.3333333333333,0,44
4536,17,1.048383,252,4692,N,14.1666666666667,0,44
4622,18,0.9734985,234,4536,N,15,0,44
4680,19,1.13574825,273,4622,N,15.8333333333333,0,44
5569,20,1.16903025,281,4680,N,16.6666666666667,0,44
5303,21,1.1731905,282,5569,N,17.5,0,44
4775,22,1.2231135,294,5303,N,18.3333333333333,0,44
6008,23,1.12742775,271,4775,N,19.1666666666667,0,44
6847,24,1.29383775,311,6008,N,20,0,44
6298,25,1.05254325,253,6847,N,20.8333333333333,0,44
6341,26,1.1565495,278,6298,N,21.6666666666667,0,44
6498,27,1.34376075,323,6341,N,22.5,0,44
6915,28,1.33544025,321,6498,N,23.3333333333333,0,44
6707,29,1.27719675,307,6915,N,24.1666666666667,0,44
2522,0,0.79460775,191,NA,N,0,0,45
2636,1,0.67812075,163,2522,N,0.833333333333333,0,45
2745,2,0.66980025,161,2636,N,1.66666666666667,0,45
2310,3,0.6406785,154,2745,N,2.5,0,45
2461,4,0.62819775,151,2310,N,3.33333333333333,0,45
2937,5,0.6573195,158,2461,N,4.16666666666667,0,45
2373,6,0.71972325,173,2937,N,5,0,45
2671,7,0.70308225,169,2373,N,5.83333333333333,0,45
3468,8,0.67812075,163,2671,N,6.66666666666667,0,45
3909,9,0.68644125,165,3468,N,7.5,0,45
3956,10,0.765486,184,3909,N,8.33333333333333,0,45
3936,11,0.69476175,167,3956,N,9.16666666666667,0,45
3734,12,0.66564,160,3936,N,10,0,45
3393,13,0.682281,164,3734,N,10.8333333333333,0,45
3840,14,0.6906015,166,3393,N,11.6666666666667,0,45
3599,15,0.715563,172,3840,N,12.5,0,45
4869,16,0.6406785,154,3599,N,13.3333333333333,0,45
4825,17,0.682281,164,4869,N,14.1666666666667,0,45
4841,18,0.71972325,173,4825,N,15,0,45
5132,19,0.70308225,169,4841,N,15.8333333333333,0,45
5776,20,0.64483875,155,5132,N,16.6666666666667,0,45
5554,21,0.6073965,146,5776,N,17.5,0,45
5235,22,0.66564,160,5554,N,18.3333333333333,0,45
6082,23,0.648999,156,5235,N,19.1666666666667,0,45
7109,24,0.68644125,165,6082,N,20,0,45
6372,25,0.59491575,143,7109,N,20.8333333333333,0,45
6427,26,0.64483875,155,6372,N,21.6666666666667,0,45
6620,27,0.6073965,146,6427,N,22.5,0,45
7116,28,0.64483875,155,6620,N,23.3333333333333,0,45
6916,29,0.549153,132,7116,N,24.1666666666667,0,45
2140,0,0.782127,188,NA,N,0,0,46
2724,1,1.11078675,267,2140,N,0.833333333333333,0,46
2859,2,1.1399085,274,2724,N,1.66666666666667,0,46
2439,3,1.048383,252,2859,N,2.5,0,46
2585,4,0.565794,136,2439,Y,3.33333333333333,1,46
3013,5,0.6406785,154,2585,N,4.16666666666667,1,46
2732,7,0.67812075,163,3013,N,5.83333333333333,1,46
3522,8,0.715563,172,2732,N,6.66666666666667,1,46
3969,9,0.75300525,181,3522,N,7.5,1,46
3748,12,0.6906015,166,3969,N,10,1,46
3458,13,0.81124875,195,3748,N,10.8333333333333,1,46
3903,14,0.77796675,187,3458,N,11.6666666666667,1,46
3696,15,0.7571655,182,3903,N,12.5,1,46
4887,16,0.77796675,187,3696,N,13.3333333333333,1,46
5060,17,0.898614,216,4887,N,14.1666666666667,1,46
5638,21,0.898614,216,5060,N,17.5,1,46
5415,22,0.88613325,213,5638,N,18.3333333333333,1,46
7951,24,0.881973,212,5415,N,20,1,46
7047,25,0.532512,128,7951,Y,20.8333333333333,2,46
7196,26,0.6240375,150,7047,N,21.6666666666667,2,46
7530,27,0.6240375,150,7196,N,22.5,2,46
7829,28,0.56995425,137,7530,N,23.3333333333333,2,46
7761,29,0.52835175,127,7829,N,24.1666666666667,2,46
2271,0,1.06918425,257,NA,N,0,0,47
2795,1,1.11078675,267,2271,N,0.833333333333333,0,47
2935,2,1.04422275,251,2795,N,1.66666666666667,0,47
2634,3,0.698922,168,2935,Y,2.5,1,47
2752,4,0.8403705,202,2634,N,3.33333333333333,1,47
3033,5,0.86117175,207,2752,N,4.16666666666667,1,47
2569,6,0.7904475,190,3033,N,5,1,47
2836,7,0.81956925,197,2569,N,5.83333333333333,1,47
3994,8,0.87781275,211,2836,N,6.66666666666667,1,47
4201,9,0.9235755,222,3994,N,7.5,1,47
4093,10,0.948537,228,4201,N,8.33333333333333,1,47
4219,11,0.96933825,233,4093,N,9.16666666666667,1,47
3784,12,0.9568575,230,4219,N,10,1,47
3544,13,1.13574825,273,3784,N,10.8333333333333,1,47
4007,14,1.13574825,273,3544,N,11.6666666666667,1,47
4210,15,1.065024,256,4007,N,12.5,1,47
4914,16,1.23559425,297,4210,N,13.3333333333333,1,47
5196,17,1.297998,312,4914,N,14.1666666666667,1,47
5005,18,1.3396005,322,5196,N,15,1,47
5509,19,1.564254,376,5005,N,15.8333333333333,1,47
5831,20,1.34376075,323,5509,N,16.6666666666667,1,47
5752,21,1.5060105,362,5831,N,17.5,1,47
5470,22,1.59337575,383,5752,N,18.3333333333333,1,47
6143,23,0.715563,172,5470,Y,19.1666666666667,2,47
7874,24,0.71140275,171,6143,N,20,2,47
6994,25,0.86117175,207,7874,N,20.8333333333333,2,47
7162,26,0.88613325,213,6994,N,21.6666666666667,2,47
7513,27,0.9402165,226,7162,N,22.5,2,47
7800,28,0.898614,216,7513,N,23.3333333333333,2,47
7739,29,1.114947,268,7800,N,24.1666666666667,2,47
2527,0,0.67812075,163,NA,N,0,0,48
2656,1,0.5241915,126,2527,N,0.833333333333333,0,48
2746,2,0.45346725,109,2656,N,1.66666666666667,0,48
2314,3,0.47842875,115,2746,N,2.5,0,48
2464,4,0.44514675,107,2314,N,3.33333333333333,0,48
2967,5,0.565794,136,2464,N,4.16666666666667,0,48
2377,6,0.46178775,111,2967,N,5,0,48
2674,7,0.4077045,98,2377,N,5.83333333333333,0,48
3470,8,0.47842875,115,2674,N,6.66666666666667,0,48
3914,9,0.41186475,99,3470,N,7.5,0,48
3959,10,0.47842875,115,3914,N,8.33333333333333,0,48
3941,11,0.42018525,101,3959,N,9.16666666666667,0,48
3735,12,0.47842875,115,3941,N,10,0,48
3397,13,0.4909095,118,3735,N,10.8333333333333,0,48
3845,14,0.46178775,111,3397,N,11.6666666666667,0,48
3602,15,0.47010825,113,3845,N,12.5,0,48
4871,16,0.449307,108,3602,N,13.3333333333333,0,48
4828,17,0.4409865,106,4871,N,14.1666666666667,0,48
4845,18,0.432666,104,4828,N,15,0,48
5137,19,0.45346725,109,4845,N,15.8333333333333,0,48
5777,20,0.465948,112,5137,N,16.6666666666667,0,48
5558,21,0.46178775,111,5777,N,17.5,0,48
5239,22,0.482589,116,5558,N,18.3333333333333,0,48
6083,23,0.4243455,102,5239,N,19.1666666666667,0,48
7598,24,0.5075505,122,6083,N,20,0,48
6825,25,0.4576275,110,7598,N,20.8333333333333,0,48
6980,26,0.4243455,102,6825,N,21.6666666666667,0,48
7346,27,0.465948,112,6980,N,22.5,0,48
7721,28,0.4576275,110,7346,N,23.3333333333333,0,48
7640,29,0.47010825,113,7721,N,24.1666666666667,0,48
2400,0,1.23559425,297,NA,N,0,0,49
2819,1,1.07750475,259,2400,N,0.833333333333333,0,49
2971,2,1.065024,256,2819,N,1.66666666666667,0,49
2684,3,1.21895325,293,2971,N,2.5,0,49
2892,4,1.2231135,294,2684,N,3.33333333333333,0,49
3050,5,1.264716,304,2892,N,4.16666666666667,0,49
2731,6,1.264716,304,3050,N,5,0,49
2931,7,1.28551725,309,2731,N,5.83333333333333,0,49
4075,8,1.447767,348,2931,N,6.66666666666667,0,49
4299,9,1.347921,324,4075,N,7.5,0,49
4372,11,0.815409,196,4299,Y,9.16666666666667,1,49
3900,12,0.86117175,207,4372,N,10,1,49
3612,13,0.931896,224,3900,N,10.8333333333333,1,49
4145,14,0.9235755,222,3612,N,11.6666666666667,1,49
4371,15,0.97765875,235,4145,N,12.5,1,49
5627,21,1.1232675,270,4371,N,17.5,1,49
5332,22,1.2896775,310,5627,N,18.3333333333333,1,49
6101,23,1.21895325,293,5332,N,19.1666666666667,1,49
7621,24,0.55331325,133,6101,Y,20,2,49
6870,25,0.64483875,155,7621,N,20.8333333333333,2,49
7021,26,0.65315925,157,6870,N,21.6666666666667,2,49
7391,27,0.648999,156,7021,N,22.5,2,49
7747,28,0.74468475,179,7391,N,23.3333333333333,2,49
7670,29,0.698922,168,7747,N,24.1666666666667,2,49
2531,0,0.8237295,198,NA,N,0,0,50
2659,1,0.798768,192,2531,N,0.833333333333333,0,50
2748,2,1.00262025,241,2659,N,1.66666666666667,0,50
2319,3,0.99429975,239,2748,N,2.5,0,50
2468,4,1.14406875,275,2319,N,3.33333333333333,0,50
2974,5,1.06086375,255,2468,N,4.16666666666667,0,50
2387,6,1.01926125,245,2974,N,5,0,50
2676,7,1.11910725,269,2387,N,5.83333333333333,0,50
3474,8,0.96101775,231,2676,N,6.66666666666667,0,50
3919,9,1.19399175,287,3474,N,7.5,0,50
4013,10,0.81956925,197,3919,Y,8.33333333333333,1,50
4683,16,0.78628725,189,4013,N,13.3333333333333,1,50
4528,17,0.865332,208,4683,N,14.1666666666667,1,50
4617,18,0.84453075,203,4528,N,15,1,50
5567,20,1.06918425,257,4617,N,16.6666666666667,1,50
5289,21,1.01094075,243,5567,N,17.5,1,50
4765,22,1.21895325,293,5289,N,18.3333333333333,1,50
6002,23,1.1399085,274,4765,N,19.1666666666667,1,50
7466,24,1.3063185,314,6002,N,20,1,50
6651,25,1.20231225,289,7466,N,20.8333333333333,1,50
6819,26,1.00262025,241,6651,N,21.6666666666667,1,50
7159,27,0.9568575,230,6819,N,22.5,1,50
7625,28,1.1565495,278,7159,N,23.3333333333333,1,50
7485,29,1.20231225,289,7625,N,24.1666666666667,1,50
2149,0,1.07750475,259,NA,N,0,0,51
2726,1,0.86949225,209,2149,N,0.833333333333333,0,51
2862,2,0.94437675,227,2726,N,1.66666666666667,0,51
2443,3,0.99846,240,2862,N,2.5,0,51
2592,4,1.0733445,258,2443,N,3.33333333333333,0,51
3015,5,1.04422275,251,2592,N,4.16666666666667,0,51
2488,6,1.06918425,257,3015,N,5,0,51
2772,7,0.9568575,230,2488,N,5.83333333333333,0,51
3954,8,0.931896,224,2772,N,6.66666666666667,0,51
4019,9,1.03590225,249,3954,N,7.5,0,51
4054,10,0.95269725,229,4019,N,8.33333333333333,0,51
4153,11,0.965178,232,4054,N,9.16666666666667,0,51
3759,12,1.048383,252,4153,N,10,0,51
3502,13,1.0067805,242,3759,N,10.8333333333333,0,51
3961,14,0.9402165,226,3502,N,11.6666666666667,0,51
3729,15,0.881973,212,3961,N,12.5,0,51
4898,16,0.8736525,210,3729,N,13.3333333333333,0,51
5121,17,0.98597925,237,4898,N,14.1666666666667,0,51
4962,18,1.04422275,251,5121,N,15,0,51
5302,19,0.95269725,229,4962,N,15.8333333333333,0,51
5811,20,0.88613325,213,5302,N,16.6666666666667,0,51
5692,21,1.06086375,255,5811,N,17.5,0,51
5395,22,1.031742,248,5692,N,18.3333333333333,0,51
6119,23,0.93605625,225,5395,N,19.1666666666667,0,51
7183,24,0.92773575,223,6119,N,20,0,51
6425,25,0.88613325,213,7183,N,20.8333333333333,0,51
6480,26,0.8902935,214,6425,N,21.6666666666667,0,51
6704,27,0.898614,216,6480,N,22.5,0,51
7271,28,0.96933825,233,6704,N,23.3333333333333,0,51
7041,29,0.9402165,226,7271,N,24.1666666666667,0,51
2407,0,0.91109475,219,NA,N,0,0,52
2820,1,0.815409,196,2407,N,0.833333333333333,0,52
2984,2,0.8736525,210,2820,N,1.66666666666667,0,52
2688,3,0.848691,204,2984,N,2.5,0,52
2896,4,0.87781275,211,2688,N,3.33333333333333,0,52
3051,5,0.981819,236,2896,N,4.16666666666667,0,52
2739,6,0.898614,216,3051,N,5,0,52
2938,7,1.01926125,245,2739,N,5.83333333333333,0,52
4078,8,0.95269725,229,2938,N,6.66666666666667,0,52
4309,9,0.97765875,235,4078,N,7.5,0,52
4212,10,1.065024,256,4309,N,8.33333333333333,0,52
4324,11,1.148229,276,4212,N,9.16666666666667,0,52
3835,12,1.13574825,273,4324,N,10,0,52
3574,13,1.21895325,293,3835,N,10.8333333333333,0,52
4099,14,1.53513225,369,3574,N,11.6666666666667,0,52
4325,15,1.447767,348,4099,N,12.5,0,52
4967,16,0.6573195,158,4325,Y,13.3333333333333,1,52
5317,17,0.732204,176,4967,N,14.1666666666667,1,52
5153,18,0.76132575,183,5317,N,15,1,52
5632,19,0.732204,176,5153,N,15.8333333333333,1,52
5866,20,0.79460775,191,5632,N,16.6666666666667,1,52
5943,21,0.76132575,183,5866,N,17.5,1,52
5600,22,0.815409,196,5943,N,18.3333333333333,1,52
6178,23,0.9568575,230,5600,N,19.1666666666667,1,52
7935,24,1.048383,252,6178,N,20,1,52
7169,25,0.98597925,237,7935,N,20.8333333333333,1,52
7298,26,1.09414575,263,7169,N,21.6666666666667,1,52
7636,27,1.2563955,302,7298,N,22.5,1,52
7884,28,1.1399085,274,7636,N,23.3333333333333,1,52
7806,29,1.26887625,305,7884,N,24.1666666666667,1,52
2535,0,0.9069345,218,NA,N,0,0,53
2856,1,0.91941525,221,2535,N,0.833333333333333,0,53
3021,2,1.0067805,242,2856,N,1.66666666666667,0,53
2811,3,1.031742,248,3021,N,2.5,0,53
2955,4,1.1399085,274,2811,N,3.33333333333333,0,53
3067,5,1.02758175,247,2955,N,4.16666666666667,0,53
2883,6,1.16070975,279,3067,N,5,0,53
2979,7,0.54499275,131,2883,Y,5.83333333333333,1,53
4259,8,0.52835175,127,2979,N,6.66666666666667,1,53
4364,9,0.599076,144,4259,N,7.5,1,53
4275,10,0.5907555,142,4364,N,8.33333333333333,1,53
4391,11,0.6240375,150,4275,N,9.16666666666667,1,53
3921,12,0.65315925,157,4391,N,10,1,53
3628,13,0.6573195,158,3921,N,10.8333333333333,1,53
4160,14,0.6573195,158,3628,N,11.6666666666667,1,53
4382,15,0.71140275,171,4160,N,12.5,1,53
5047,16,0.682281,164,4382,N,13.3333333333333,1,53
5396,17,0.6739605,162,5047,N,14.1666666666667,1,53
5263,18,0.6573195,158,5396,N,15,1,53
5724,19,0.682281,164,5263,N,15.8333333333333,1,53
5905,20,0.74468475,179,5724,N,16.6666666666667,1,53
6000,21,0.81124875,195,5905,N,17.5,1,53
5701,22,0.6573195,158,6000,N,18.3333333333333,1,53
6205,23,0.83205,200,5701,N,19.1666666666667,1,53
7957,24,0.88613325,213,6205,N,20,1,53
7270,25,0.90277425,217,7957,N,20.8333333333333,1,53
7452,26,1.048383,252,7270,N,21.6666666666667,1,53
7741,27,1.15238925,277,7452,N,22.5,1,53
7921,28,1.15238925,277,7741,N,23.3333333333333,1,53
2540,0,1.198152,288,NA,N,0,0,54
2860,1,0.7405245,178,2540,N,0.833333333333333,0,54
3023,2,0.91941525,221,2860,N,1.66666666666667,0,54
2815,3,0.981819,236,3023,N,2.5,0,54
2970,4,1.031742,248,2815,N,3.33333333333333,0,54
3068,5,1.0899855,262,2970,N,4.16666666666667,0,54
2887,6,1.07750475,259,3068,N,5,0,54
2982,7,1.24391475,299,2887,N,5.83333333333333,0,54
4263,8,1.08582525,261,2982,N,6.66666666666667,0,54
4367,9,1.2064725,290,4263,N,7.5,0,54
4283,10,1.2896775,310,4367,N,8.33333333333333,0,54
4393,11,1.25223525,301,4283,N,9.16666666666667,0,54
3939,12,1.39368375,335,4393,N,10,0,54
3692,13,1.01926125,245,3939,N,10.8333333333333,0,54
4068,14,0.61155675,147,3692,Y,11.6666666666667,1,54
4304,15,0.6739605,162,4068,N,12.5,1,54
4952,16,0.6406785,154,4304,N,13.3333333333333,1,54
5286,17,0.55331325,133,4952,N,14.1666666666667,1,54
5100,18,0.66980025,161,5286,N,15,1,54
5594,19,0.648999,156,5100,N,15.8333333333333,1,54
5854,20,0.66564,160,5594,N,16.6666666666667,1,54
5916,21,0.698922,168,5854,N,17.5,1,54
5542,22,0.715563,172,5916,N,18.3333333333333,1,54
6163,23,0.66564,160,5542,N,19.1666666666667,1,54
7909,24,0.64483875,155,6163,N,20,1,54
7082,25,0.715563,172,7909,N,20.8333333333333,1,54
7225,26,0.66980025,161,7082,N,21.6666666666667,1,54
7553,27,0.66564,160,7225,N,22.5,1,54
7848,28,0.79460775,191,7553,N,23.3333333333333,1,54
7774,29,0.83621025,201,7848,N,24.1666666666667,1,54
2157,0,1.11910725,269,NA,N,0,0,55
2232,1,1.1731905,282,2157,N,0.833333333333333,0,55
2389,2,1.114947,268,2232,N,1.66666666666667,0,55
2121,3,1.181511,284,2389,N,2.5,0,55
2213,4,1.21895325,293,2121,N,3.33333333333333,0,55
2441,5,1.39368375,335,2213,N,4.16666666666667,0,55
2131,6,1.0899855,262,2441,N,5,0,55
2311,7,0.71972325,173,2131,Y,5.83333333333333,1,55
3140,8,0.865332,208,2311,N,6.66666666666667,1,55
3595,9,0.71972325,173,3140,N,7.5,1,55
3199,10,0.80292825,193,3595,N,8.33333333333333,1,55
3320,11,0.77796675,187,3199,N,9.16666666666667,1,55
3170,12,0.732204,176,3320,N,10,1,55
3169,13,0.8070885,194,3170,N,10.8333333333333,1,55
3145,14,0.82788975,199,3169,N,11.6666666666667,1,55
3138,15,0.915255,220,3145,N,12.5,1,55
4434,16,1.03590225,249,3138,N,13.3333333333333,1,55
4492,17,1.031742,248,4434,N,14.1666666666667,1,55
4447,18,1.0899855,262,4492,N,15,1,55
4530,19,1.11910725,269,4447,N,15.8333333333333,1,55
5441,20,1.181511,284,4530,N,16.6666666666667,1,55
5114,21,1.11910725,269,5441,N,17.5,1,55
4605,22,1.35208125,325,5114,N,18.3333333333333,1,55
8194,23,NA,-1,4605,Y,19.1666666666667,2,55
2286,0,0.50339025,121,NA,N,0,0,56
2493,1,0.52835175,127,2286,N,0.833333333333333,0,56
2565,2,0.48674925,117,2493,N,1.66666666666667,0,56
2204,3,0.4576275,110,2565,N,2.5,0,56
2322,4,0.532512,128,2204,N,3.33333333333333,0,56
2638,5,0.4909095,118,2322,N,4.16666666666667,0,56
2208,6,0.5408325,130,2638,N,5,0,56
2521,7,0.55331325,133,2208,N,5.83333333333333,0,56
3355,8,0.5408325,130,2521,N,6.66666666666667,0,56
3714,9,0.565794,136,3355,N,7.5,0,56
3659,10,0.58659525,141,3714,N,8.33333333333333,0,56
3429,11,0.55331325,133,3659,N,9.16666666666667,0,56
3274,12,0.58659525,141,3429,N,10,0,56
3264,13,0.62819775,151,3274,N,10.8333333333333,0,56
3545,14,0.8237295,198,3264,N,11.6666666666667,0,56
3358,15,0.82788975,199,3545,N,12.5,0,56
4709,16,0.90277425,217,3358,N,13.3333333333333,0,56
4553,17,1.05254325,253,4709,N,14.1666666666667,0,56
4630,18,0.99429975,239,4553,N,15,0,56
4700,19,0.50339025,121,4630,Y,15.8333333333333,1,56
5588,20,0.549153,132,4700,N,16.6666666666667,1,56
5321,21,0.50339025,121,5588,N,17.5,1,56
5924,23,0.532512,128,5321,N,19.1666666666667,1,56
7417,24,0.52003125,125,5924,N,20,1,56
6598,25,0.51171075,123,7417,N,20.8333333333333,1,56
6749,26,0.5075505,122,6598,N,21.6666666666667,1,56
7092,27,0.6073965,146,6749,N,22.5,1,56
7585,28,0.615717,148,7092,N,23.3333333333333,1,56
2289,0,0.715563,172,NA,N,0,0,57
2798,1,0.9734985,234,2289,N,0.833333333333333,0,57
2939,2,1.2064725,290,2798,N,1.66666666666667,0,57
2640,3,1.198152,288,2939,N,2.5,0,57
2755,4,1.0400625,250,2640,N,3.33333333333333,0,57
3035,5,0.69476175,167,2755,Y,4.16666666666667,1,57
2578,6,0.64483875,155,3035,N,5,1,57
4021,8,0.8070885,194,2578,N,6.66666666666667,1,57
4238,9,0.74468475,179,4021,N,7.5,1,57
4127,10,0.81956925,197,4238,N,8.33333333333333,1,57
4150,11,0.715563,172,4127,N,9.16666666666667,1,57
4038,14,0.898614,216,4150,N,11.6666666666667,1,57
4281,15,0.881973,212,4038,N,12.5,1,57
5056,18,1.07750475,259,4281,N,15,1,57
2295,0,0.95269725,229,NA,N,0,0,58
2802,1,0.56995425,137,2295,Y,0.833333333333333,1,58
2942,2,0.632358,152,2802,N,1.66666666666667,1,58
2649,3,0.62819775,151,2942,N,2.5,1,58
2760,4,0.732204,176,2649,N,3.33333333333333,1,58
3037,5,0.71140275,171,2760,N,4.16666666666667,1,58
2587,6,0.732204,176,3037,N,5,1,58
2875,7,0.82788975,199,2587,N,5.83333333333333,1,58
4030,8,0.83621025,201,2875,N,6.66666666666667,1,58
4246,9,0.83621025,201,4030,N,7.5,1,58
4138,10,0.95269725,229,4246,N,8.33333333333333,1,58
4257,11,0.9235755,222,4138,N,9.16666666666667,1,58
3803,12,1.00262025,241,4257,N,10,1,58
3556,13,0.99846,240,3803,N,10.8333333333333,1,58
4044,14,1.15238925,277,3556,N,11.6666666666667,1,58
4288,15,0.532512,128,4044,Y,12.5,2,58
4938,16,0.565794,136,4288,N,13.3333333333333,2,58
5255,17,0.6240375,150,4938,N,14.1666666666667,2,58
5067,18,0.6406785,154,5255,N,15,2,58
5559,19,0.6739605,162,5067,N,15.8333333333333,2,58
5846,20,0.7238835,174,5559,N,16.6666666666667,2,58
5890,21,0.732204,176,5846,N,17.5,2,58
5511,22,0.69476175,167,5890,N,18.3333333333333,2,58
6155,23,0.7238835,174,5511,N,19.1666666666667,2,58
7305,24,0.815409,196,6155,N,20,2,58
6488,25,0.74468475,179,7305,N,20.8333333333333,2,58
6576,26,0.7571655,182,6488,N,21.6666666666667,2,58
6898,27,0.84453075,203,6576,N,22.5,2,58
7411,28,0.85285125,205,6898,N,23.3333333333333,2,58
7222,29,0.90277425,217,7411,N,24.1666666666667,2,58
2171,0,0.98597925,237,NA,N,0,0,59
2238,1,1.2064725,290,2171,N,0.833333333333333,0,59
2398,2,1.24391475,299,2238,N,1.66666666666667,0,59
2125,3,1.31047875,315,2398,N,2.5,0,59
2220,4,1.33128,320,2125,N,3.33333333333333,0,59
2449,5,1.447767,348,2220,N,4.16666666666667,0,59
2136,6,0.7238835,174,2449,Y,5,1,59
2324,7,0.782127,188,2136,N,5.83333333333333,1,59
3152,8,0.76132575,183,2324,N,6.66666666666667,1,59
3603,9,0.75300525,181,3152,N,7.5,1,59
3210,10,0.6906015,166,3603,N,8.33333333333333,1,59
3340,11,0.69476175,167,3210,N,9.16666666666667,1,59
3182,12,0.68644125,165,3340,N,10,1,59
3181,13,0.765486,184,3182,N,10.8333333333333,1,59
3151,14,0.965178,232,3181,N,11.6666666666667,1,59
3164,15,1.0067805,242,3151,N,12.5,1,59
4442,16,1.0400625,250,3164,N,13.3333333333333,1,59
4496,17,1.0234215,246,4442,N,14.1666666666667,1,59
4514,18,1.1565495,278,4496,N,15,1,59
4546,19,1.21063275,291,4514,N,15.8333333333333,1,59
5455,20,1.21895325,293,4546,N,16.6666666666667,1,59
5133,21,1.20231225,289,5455,N,17.5,1,59
4623,22,1.11910725,269,5133,N,18.3333333333333,1,59
6023,23,1.2896775,310,4623,N,19.1666666666667,1,59
6872,24,0.58659525,141,6023,Y,20,2,59
6303,25,0.5907555,142,6872,N,20.8333333333333,2,59
6352,26,0.55331325,133,6303,N,21.6666666666667,2,59
6517,27,0.632358,152,6352,N,22.5,2,59
6958,28,0.59491575,143,6517,N,23.3333333333333,2,59
6741,29,0.58659525,141,6958,N,24.1666666666667,2,59
2300,0,1.06918425,257,NA,N,0,0,60
2804,1,1.13574825,273,2300,N,0.833333333333333,0,60
2943,2,1.131588,272,2804,N,1.66666666666667,0,60
2654,3,1.34376075,323,2943,N,2.5,0,60
2765,4,1.3229595,318,2654,N,3.33333333333333,0,60
3038,5,0.63651825,153,2765,Y,4.16666666666667,1,60
2647,6,0.648999,156,3038,N,5,1,60
2891,7,0.748845,180,2647,N,5.83333333333333,1,60
4033,8,0.7238835,174,2891,N,6.66666666666667,1,60
4250,9,0.76964625,185,4033,N,7.5,1,60
4141,10,0.86949225,209,4250,N,8.33333333333333,1,60
4261,11,0.7738065,186,4141,N,9.16666666666667,1,60
3804,12,0.8403705,202,4261,N,10,1,60
3557,13,0.948537,228,3804,N,10.8333333333333,1,60
4045,14,0.8237295,198,3557,N,11.6666666666667,1,60
4294,15,0.8570115,206,4045,N,12.5,1,60
4941,16,0.9402165,226,4294,N,13.3333333333333,1,60
5262,17,0.93605625,225,4941,N,14.1666666666667,1,60
5076,18,0.93605625,225,5262,N,15,1,60
5574,19,0.55331325,133,5076,Y,15.8333333333333,2,60
5849,20,0.67812075,163,5574,N,16.6666666666667,2,60
5898,21,0.7571655,182,5849,N,17.5,2,60
5523,22,0.75300525,181,5898,N,18.3333333333333,2,60
6158,23,0.7571655,182,5523,N,19.1666666666667,2,60
7902,24,0.8237295,198,6158,N,20,2,60
7058,25,0.79460775,191,7902,N,20.8333333333333,2,60
7205,26,0.7738065,186,7058,N,21.6666666666667,2,60
7536,27,0.748845,180,7205,N,22.5,2,60
7836,28,0.76132575,183,7536,N,23.3333333333333,2,60
7764,29,0.9235755,222,7836,N,24.1666666666667,2,60
2282,0,0.92773575,223,NA,N,0,0,61
2490,1,0.73636425,177,2282,N,0.833333333333333,0,61
2560,2,0.7904475,190,2490,N,1.66666666666667,0,61
2199,3,0.83205,200,2560,N,2.5,0,61
2318,4,1.02758175,247,2199,N,3.33333333333333,0,61
2632,5,1.098306,264,2318,N,4.16666666666667,0,61
2735,6,1.098306,264,2632,N,5,0,61
2538,7,1.2563955,302,2735,N,5.83333333333333,0,61
3485,8,0.648999,156,2538,Y,6.66666666666667,1,61
3932,9,0.582435,140,3485,N,7.5,1,61
3976,10,0.74468475,179,3932,N,8.33333333333333,1,61
4101,11,0.78628725,189,3976,N,9.16666666666667,1,61
3738,12,0.8403705,202,4101,N,10,1,61
3411,13,0.848691,204,3738,N,10.8333333333333,1,61
3859,14,1.0400625,250,3411,N,11.6666666666667,1,61
3610,15,0.9568575,230,3859,N,12.5,1,61
4874,16,0.99429975,239,3610,N,13.3333333333333,1,61
4997,17,1.0567035,254,4874,N,14.1666666666667,1,61
4855,18,1.0899855,262,4997,N,15,1,61
5151,19,0.99846,240,4855,N,15.8333333333333,1,61
5780,20,1.048383,252,5151,N,16.6666666666667,1,61
5572,21,0.9901395,238,5780,N,17.5,1,61
5260,22,1.0733445,258,5572,N,18.3333333333333,1,61
6086,23,1.09414575,263,5260,N,19.1666666666667,1,61
7600,24,1.0733445,258,6086,N,20,1,61
6830,25,1.1232675,270,7600,N,20.8333333333333,1,61
7606,28,1.2896775,310,6830,N,23.3333333333333,1,61
7449,29,0.599076,144,7606,Y,24.1666666666667,2,61
2183,0,0.77796675,187,NA,N,0,0,62
2420,1,0.9402165,226,2183,N,0.833333333333333,0,62
2470,2,0.99429975,239,2420,N,1.66666666666667,0,62
2135,3,0.99429975,239,2470,N,2.5,0,62
2236,4,1.01094075,243,2135,N,3.33333333333333,0,62
2214,0,0.6406785,154,NA,N,0,0,63
2442,1,0.5574735,134,2214,N,0.833333333333333,0,63
2518,2,0.61987725,149,2442,N,1.66666666666667,0,63
2158,3,0.56163375,135,2518,N,2.5,0,63
2264,4,0.648999,156,2158,N,3.33333333333333,0,63
2479,5,0.77796675,187,2264,N,4.16666666666667,0,63
2166,6,0.6573195,158,2479,N,5,0,63
2371,7,0.782127,188,2166,N,5.83333333333333,0,63
3265,8,0.898614,216,2371,N,6.66666666666667,0,63
3626,9,0.79460775,191,3265,N,7.5,0,63
3239,10,0.83205,200,3626,N,8.33333333333333,0,63
3381,11,0.81956925,197,3239,N,9.16666666666667,0,63
3212,12,0.9069345,218,3381,N,10,0,63
3211,13,0.84453075,203,3212,N,10.8333333333333,0,63
3278,14,0.84453075,203,3211,N,11.6666666666667,0,63
3201,15,0.8403705,202,3278,N,12.5,0,63
4621,16,0.76132575,183,3201,N,13.3333333333333,0,63
4506,17,0.86117175,207,4621,N,14.1666666666667,0,63
4547,18,0.93605625,225,4506,N,15,0,63
4603,19,1.1731905,282,4547,N,15.8333333333333,0,63
5502,20,0.53667225,129,4603,Y,16.6666666666667,1,63
5209,21,0.61155675,147,5502,N,17.5,1,63
4706,22,0.615717,148,5209,N,18.3333333333333,1,63
5974,23,0.60323625,145,4706,N,19.1666666666667,1,63
6784,24,0.648999,156,5974,N,20,1,63
6278,25,0.7072425,170,6784,N,20.8333333333333,1,63
6319,26,0.66564,160,6278,N,21.6666666666667,1,63
6454,27,0.66980025,161,6319,N,22.5,1,63
2450,0,1.2397545,298,NA,N,0,0,64
2610,1,1.10246625,265,2450,N,0.833333333333333,0,64
2709,2,1.16903025,281,2610,N,1.66666666666667,0,64
2290,3,1.21895325,293,2709,N,2.5,0,64
2415,4,1.17735075,283,2290,N,3.33333333333333,0,64
2913,5,1.1399085,274,2415,N,4.16666666666667,0,64
2325,6,1.36040175,327,2913,N,5,0,64
3448,8,1.4893695,358,2325,N,6.66666666666667,0,64
3899,9,1.5892155,382,3448,N,7.5,0,64
3895,10,0.748845,180,3899,Y,8.33333333333333,1,64
3723,12,0.7571655,182,3895,N,10,1,64
3379,13,0.91941525,221,3723,N,10.8333333333333,1,64
3826,14,0.83205,200,3379,N,11.6666666666667,1,64
3526,15,0.85285125,205,3826,N,12.5,1,64
2326,0,0.66564,160,NA,N,0,0,65
2511,1,0.7072425,170,2326,N,0.833333333333333,0,65
2582,2,0.8237295,198,2511,N,1.66666666666667,0,65
2228,3,0.92773575,223,2582,N,2.5,0,65
2347,4,0.81956925,197,2228,N,3.33333333333333,0,65
2847,5,0.981819,236,2347,N,4.16666666666667,0,65
2237,6,1.114947,268,2847,N,5,0,65
2555,7,1.0733445,258,2237,N,5.83333333333333,0,65
3380,8,1.0733445,258,2555,N,6.66666666666667,0,65
3823,9,1.2397545,298,3380,N,7.5,0,65
3670,10,1.2563955,302,3823,N,8.33333333333333,0,65
4312,11,1.34376075,323,3670,N,9.16666666666667,0,65
7997,13,NA,-1,4312,Y,10.8333333333333,1,65
8055,0,NA,-1,NA,N,0,0,66
2155,1,0.8237295,198,8055,N,0.833333333333333,0,66
2333,2,0.85285125,205,2155,N,1.66666666666667,0,66
2093,3,0.865332,208,2333,N,2.5,0,66
2172,4,1.114947,268,2093,N,3.33333333333333,0,66
2258,5,1.181511,284,2172,N,4.16666666666667,0,66
2104,6,1.0400625,250,2258,N,5,0,66
2262,7,1.10246625,265,2104,N,5.83333333333333,0,66
3094,8,1.015101,244,2262,N,6.66666666666667,0,66
3139,9,1.098306,264,3094,N,7.5,0,66
3159,10,1.05254325,253,3139,N,8.33333333333333,0,66
3142,11,1.20231225,289,3159,N,9.16666666666667,0,66
3078,12,1.20231225,289,3142,N,10,0,66
3098,13,1.21895325,293,3078,N,10.8333333333333,0,66
3096,14,1.2231135,294,3098,N,11.6666666666667,0,66
3080,15,1.214793,292,3096,N,12.5,0,66
4409,16,1.34376075,323,3080,N,13.3333333333333,0,66
4461,17,0.632358,152,4409,Y,14.1666666666667,1,66
4415,18,0.76964625,185,4461,N,15,1,66
4453,19,0.8070885,194,4415,N,15.8333333333333,1,66
5386,20,0.9402165,226,4453,N,16.6666666666667,1,66
4567,21,0.8237295,198,5386,N,17.5,1,66
4460,22,0.83205,200,4567,N,18.3333333333333,1,66
5897,23,0.85285125,205,4460,N,19.1666666666667,1,66
7405,24,0.91109475,219,5897,N,20,1,66
6584,25,0.92773575,223,7405,N,20.8333333333333,1,66
6613,26,0.96101775,231,6584,N,21.6666666666667,1,66
6971,27,1.08582525,261,6613,N,22.5,1,66
7501,28,1.03590225,249,6971,N,23.3333333333333,1,66
7312,29,1.1232675,270,7501,N,24.1666666666667,1,66
2167,0,0.5907555,142,NA,N,0,0,67
2832,1,1.13574825,273,2167,N,0.833333333333333,0,67
3000,2,1.1565495,278,2832,N,1.66666666666667,0,67
2742,3,1.131588,272,3000,N,2.5,0,67
8241,4,NA,-1,2742,Y,3.33333333333333,1,67
2260,0,1.05254325,253,NA,N,0,0,68
2483,1,0.92773575,223,2260,N,0.833333333333333,0,68
2553,2,1.114947,268,2483,N,1.66666666666667,0,68
2189,3,1.09414575,263,2553,N,2.5,0,68
2304,4,1.16070975,279,2189,N,3.33333333333333,0,68
2618,5,0.77796675,187,2304,Y,4.16666666666667,1,68
2192,6,0.87781275,211,2618,N,5,1,68
2432,7,0.8902935,214,2192,N,5.83333333333333,1,68
3349,8,1.01926125,245,2432,N,6.66666666666667,1,68
3698,9,0.9402165,226,3349,N,7.5,1,68
3123,15,0.87781275,211,3698,N,12.5,1,68
5433,20,0.93605625,225,3123,N,16.6666666666667,1,68
5104,21,1.0067805,242,5433,N,17.5,1,68
5432,22,1.1399085,274,5104,N,18.3333333333333,1,68
6127,23,0.5075505,122,5432,Y,19.1666666666667,2,68
7195,24,0.47010825,113,6127,N,20,2,68
6438,25,0.58659525,141,7195,N,20.8333333333333,2,68
6494,26,0.56995425,137,6438,N,21.6666666666667,2,68
2137,0,1.12742775,271,NA,N,0,0,69
2718,1,1.015101,244,2137,N,0.833333333333333,0,69
2855,2,0.91941525,221,2718,N,1.66666666666667,0,69
2430,3,0.948537,228,2855,N,2.5,0,69
2576,4,1.114947,268,2430,N,3.33333333333333,0,69
3010,5,1.04422275,251,2576,N,4.16666666666667,0,69
2769,7,1.11910725,269,3010,N,5.83333333333333,0,69
3933,8,0.60323625,145,2769,Y,6.66666666666667,1,69
4014,9,0.61987725,149,3933,N,7.5,1,69
4049,10,0.67812075,163,4014,N,8.33333333333333,1,69
4146,11,0.66147975,159,4049,N,9.16666666666667,1,69
3758,12,0.72804375,175,4146,N,10,1,69
3494,13,0.8237295,198,3758,N,10.8333333333333,1,69
3957,14,0.8403705,202,3494,N,11.6666666666667,1,69
3724,15,0.815409,196,3957,N,12.5,1,69
4897,16,0.8902935,214,3724,N,13.3333333333333,1,69
5116,17,0.97765875,235,4897,N,14.1666666666667,1,69
4958,18,0.83621025,201,5116,N,15,1,69
5294,19,1.03590225,249,4958,N,15.8333333333333,1,69
5809,20,1.0899855,262,5294,N,16.6666666666667,1,69
5682,21,0.981819,236,5809,N,17.5,1,69
5388,22,1.01094075,243,5682,N,18.3333333333333,1,69
6117,23,1.081665,260,5388,N,19.1666666666667,1,69
7176,24,1.3229595,318,6117,N,20,1,69
6419,25,0.68644125,165,7176,Y,20.8333333333333,2,69
6474,26,0.615717,148,6419,N,21.6666666666667,2,69
6697,27,0.7072425,170,6474,N,22.5,2,69
7261,28,0.70308225,169,6697,N,23.3333333333333,2,69
7031,29,0.682281,164,7261,N,24.1666666666667,2,69
2277,0,0.9235755,222,NA,N,0,0,70
2487,1,0.91109475,219,2277,N,0.833333333333333,0,70
2786,2,1.23559425,297,2487,N,1.66666666666667,0,70
2195,3,0.615717,148,2786,Y,2.5,1,70
2313,4,0.74468475,179,2195,N,3.33333333333333,1,70
2203,6,0.79460775,191,2313,N,5,1,70
2514,7,0.865332,208,2203,N,5.83333333333333,1,70
3704,9,0.86949225,209,2514,N,7.5,1,70
3656,10,0.96101775,231,3704,N,8.33333333333333,1,70
3427,11,0.83621025,201,3656,N,9.16666666666667,1,70
3273,12,0.8902935,214,3427,N,10,1,70
3263,13,0.8237295,198,3273,N,10.8333333333333,1,70
3539,14,1.02758175,247,3263,N,11.6666666666667,1,70
3351,15,0.9568575,230,3539,N,12.5,1,70
4697,16,1.01926125,245,3351,N,13.3333333333333,1,70
4545,17,1.08582525,261,4697,N,14.1666666666667,1,70
4731,18,1.16903025,281,4545,N,15,1,70
4987,19,1.12742775,271,4731,N,15.8333333333333,1,70
5573,20,0.5741145,138,4987,Y,16.6666666666667,2,70
5307,21,0.565794,136,5573,N,17.5,2,70
4784,22,0.66980025,161,5307,N,18.3333333333333,2,70
6010,23,0.682281,164,4784,N,19.1666666666667,2,70
7471,24,0.67812075,163,6010,N,20,2,70
6659,25,0.6240375,150,7471,N,20.8333333333333,2,70
6829,26,0.648999,156,6659,N,21.6666666666667,2,70
7166,27,0.6906015,166,6829,N,22.5,2,70
7641,28,0.75300525,181,7166,N,23.3333333333333,2,70
7480,29,0.732204,176,7641,N,24.1666666666667,2,70
2392,0,0.84453075,203,NA,N,0,0,71
2552,1,1.04422275,251,2392,N,0.833333333333333,0,71
2651,2,1.02758175,247,2552,N,1.66666666666667,0,71
2278,3,1.10246625,265,2651,N,2.5,0,71
2401,4,1.031742,248,2278,N,3.33333333333333,0,71
2895,5,1.16070975,279,2401,N,4.16666666666667,0,71
2287,6,1.1232675,270,2895,N,5,0,71
2609,7,1.198152,288,2287,N,5.83333333333333,0,71
3419,8,1.0400625,250,2609,N,6.66666666666667,0,71
3857,9,1.1565495,278,3419,N,7.5,0,71
3846,10,1.11910725,269,3857,N,8.33333333333333,0,71
3520,11,1.3396005,322,3846,N,9.16666666666667,0,71
3150,12,0.715563,172,3520,Y,10,1,71
3124,13,0.67812075,163,3150,N,10.8333333333333,1,71
3116,14,0.77796675,187,3124,N,11.6666666666667,1,71
3091,15,0.55331325,133,3116,N,12.5,1,71
4418,16,0.76132575,183,3091,N,13.3333333333333,1,71
4480,17,0.77796675,187,4418,N,14.1666666666667,1,71
4425,18,0.6906015,166,4480,N,15,1,71
4472,19,0.67812075,163,4425,N,15.8333333333333,1,71
5409,20,0.865332,208,4472,N,16.6666666666667,1,71
4597,21,0.865332,208,5409,N,17.5,1,71
4479,22,0.70308225,169,4597,N,18.3333333333333,1,71
5918,23,0.80292825,193,4479,N,19.1666666666667,1,71
6222,24,0.83621025,201,5918,N,20,1,71
6231,25,0.91109475,219,6222,N,20.8333333333333,1,71
6257,26,0.8570115,206,6231,N,21.6666666666667,1,71
6377,27,0.948537,228,6257,N,22.5,1,71
6641,28,1.0234215,246,6377,N,23.3333333333333,1,71
6524,29,1.1731905,282,6641,N,24.1666666666667,1,71
2178,0,1.21063275,291,NA,N,0,0,72
2244,1,1.39368375,335,2178,N,0.833333333333333,0,72
2405,2,0.67812075,163,2244,Y,1.66666666666667,1,72
2128,3,0.6573195,158,2405,N,2.5,1,72
2225,4,0.65315925,157,2128,N,3.33333333333333,1,72
2453,5,0.63651825,153,2225,N,4.16666666666667,1,72
2139,6,0.66980025,161,2453,N,5,1,72
2330,7,0.71972325,173,2139,N,5.83333333333333,1,72
3158,8,0.69476175,167,2330,N,6.66666666666667,1,72
3605,9,0.698922,168,3158,N,7.5,1,72
3214,10,0.73636425,177,3605,N,8.33333333333333,1,72
3357,11,0.865332,208,3214,N,9.16666666666667,1,72
3186,12,0.80292825,193,3357,N,10,1,72
3184,13,0.88613325,213,3186,N,10.8333333333333,1,72
3154,14,1.0400625,250,3184,N,11.6666666666667,1,72
3168,15,0.99846,240,3154,N,12.5,1,72
4445,16,0.97765875,235,3168,N,13.3333333333333,1,72
4497,17,1.2231135,294,4445,N,14.1666666666667,1,72
4518,18,0.732204,176,4497,Y,15,2,72
4555,19,0.7738065,186,4518,N,15.8333333333333,2,72
5464,20,0.94437675,227,4555,N,16.6666666666667,2,72
5148,21,0.85285125,205,5464,N,17.5,2,72
4639,22,0.848691,204,5148,N,18.3333333333333,2,72
5949,23,0.815409,196,4639,N,19.1666666666667,2,72
6724,24,0.88613325,213,5949,N,20,2,72
6251,25,0.83621025,201,6724,N,20.8333333333333,2,72
6277,26,0.9069345,218,6251,N,21.6666666666667,2,72
6414,27,1.02758175,247,6277,N,22.5,2,72
6698,28,1.0400625,250,6414,N,23.3333333333333,2,72
6604,29,1.1731905,282,6698,N,24.1666666666667,2,72
2178,0,1.21063275,291,NA,N,0,0,73
2244,1,1.39368375,335,2178,N,0.833333333333333,0,73
2411,2,0.615717,148,2244,Y,1.66666666666667,1,73
2129,3,0.582435,140,2411,N,2.5,1,73
2229,4,0.63651825,153,2129,N,3.33333333333333,1,73
2456,5,0.66147975,159,2229,N,4.16666666666667,1,73
2141,6,0.6073965,146,2456,N,5,1,73
2335,7,0.6739605,162,2141,N,5.83333333333333,1,73
3238,8,0.62819775,151,2335,N,6.66666666666667,1,73
3608,9,0.69476175,167,3238,N,7.5,1,73
3216,10,0.77796675,187,3608,N,8.33333333333333,1,73
3363,11,0.87781275,211,3216,N,9.16666666666667,1,73
3190,12,0.8736525,210,3363,N,10,1,73
3188,13,0.865332,208,3190,N,10.8333333333333,1,73
3155,14,0.99846,240,3188,N,11.6666666666667,1,73
3171,15,0.881973,212,3155,N,12.5,1,73
4540,16,1.0067805,242,3171,N,13.3333333333333,1,73
4498,17,1.08582525,261,4540,N,14.1666666666667,1,73
4522,18,0.582435,140,4498,Y,15,2,73
4562,19,0.682281,164,4522,N,15.8333333333333,2,73
5469,20,0.62819775,151,4562,N,16.6666666666667,2,73
5156,21,0.76964625,185,5469,N,17.5,2,73
4648,22,0.81124875,195,5156,N,18.3333333333333,2,73
5951,23,0.76964625,185,4648,N,19.1666666666667,2,73
6729,24,0.8736525,210,5951,N,20,2,73
6253,25,0.8570115,206,6729,N,20.8333333333333,2,73
6279,26,0.848691,204,6253,N,21.6666666666667,2,73
6412,27,0.915255,220,6279,N,22.5,2,73
6694,28,0.86949225,209,6412,N,23.3333333333333,2,73
6600,29,0.96933825,233,6694,N,24.1666666666667,2,73
2309,0,0.81956925,197,NA,N,0,0,74
2808,1,0.881973,212,2309,N,0.833333333333333,0,74
2945,2,0.732204,176,2808,N,1.66666666666667,0,74
2664,3,0.86949225,209,2945,N,2.5,0,74
2777,4,0.76964625,185,2664,N,3.33333333333333,0,74
3041,5,0.78628725,189,2777,N,4.16666666666667,0,74
2687,6,1.015101,244,3041,N,5,0,74
2900,7,1.03590225,249,2687,N,5.83333333333333,0,74
4042,8,1.2563955,302,2900,N,6.66666666666667,0,74
3810,9,0.615717,148,4042,Y,7.5,1,74
3665,10,0.6573195,158,3810,N,8.33333333333333,1,74
3437,11,0.648999,156,3665,N,9.16666666666667,1,74
3286,12,0.6739605,162,3437,N,10,1,74
3290,13,0.72804375,175,3286,N,10.8333333333333,1,74
3569,14,0.76132575,183,3290,N,11.6666666666667,1,74
3385,15,0.7405245,178,3569,N,12.5,1,74
4720,16,0.71140275,171,3385,N,13.3333333333333,1,74
4582,17,0.76132575,183,4720,N,14.1666666666667,1,74
4642,18,0.81956925,197,4582,N,15,1,74
4711,19,0.88613325,213,4642,N,15.8333333333333,1,74
5597,20,0.86949225,209,4711,N,16.6666666666667,1,74
5328,21,0.91109475,219,5597,N,17.5,1,74
4795,22,1.03590225,249,5328,N,18.3333333333333,1,74
6017,23,0.98597925,237,4795,N,19.1666666666667,1,74
6852,24,1.065024,256,6017,N,20,1,74
6299,25,1.3396005,322,6852,N,20.8333333333333,1,74
6343,26,0.4742685,114,6299,Y,21.6666666666667,2,74
6661,28,0.75300525,181,6343,N,23.3333333333333,2,74
6552,29,0.60323625,145,6661,N,24.1666666666667,2,74
2309,0,0.81956925,197,NA,N,0,0,75
2808,1,0.881973,212,2309,N,0.833333333333333,0,75
2945,2,0.732204,176,2808,N,1.66666666666667,0,75
2664,3,0.86949225,209,2945,N,2.5,0,75
2777,4,0.76964625,185,2664,N,3.33333333333333,0,75
3041,5,0.78628725,189,2777,N,4.16666666666667,0,75
2687,6,1.015101,244,3041,N,5,0,75
2900,7,1.03590225,249,2687,N,5.83333333333333,0,75
4042,8,1.2563955,302,2900,N,6.66666666666667,0,75
4306,9,0.5241915,126,4042,Y,7.5,1,75
4209,10,0.582435,140,4306,N,8.33333333333333,1,75
4320,11,0.47842875,115,4209,N,9.16666666666667,1,75
3831,12,0.5408325,130,4320,N,10,1,75
3572,13,0.6073965,146,3831,N,10.8333333333333,1,75
4097,14,0.7238835,174,3572,N,11.6666666666667,1,75
4322,15,0.682281,164,4097,N,12.5,1,75
4965,16,0.748845,180,4322,N,13.3333333333333,1,75
5313,17,0.8403705,202,4965,N,14.1666666666667,1,75
5139,18,0.83205,200,5313,N,15,1,75
5628,19,0.765486,184,5139,N,15.8333333333333,1,75
5864,20,0.94437675,227,5628,N,16.6666666666667,1,75
5941,21,0.92773575,223,5864,N,17.5,1,75
5596,22,0.98597925,237,5941,N,18.3333333333333,1,75
6177,23,1.06918425,257,5596,N,19.1666666666667,1,75
7934,24,1.0733445,258,6177,N,20,1,75
7165,25,1.0733445,258,7934,N,20.8333333333333,1,75
6681,26,1.1898315,286,7165,N,21.6666666666667,1,75
7019,27,0.75300525,181,6681,Y,22.5,2,75
7529,28,0.732204,176,7019,N,23.3333333333333,2,75
7347,29,0.748845,180,7529,N,24.1666666666667,2,75
2438,0,0.648999,156,NA,N,0,0,76
2825,1,0.7072425,170,2438,N,0.833333333333333,0,76
2994,2,0.6739605,162,2825,N,1.66666666666667,0,76
2706,3,0.7405245,178,2994,N,2.5,0,76
2918,4,0.881973,212,2706,N,3.33333333333333,0,76
3057,5,0.95269725,229,2918,N,4.16666666666667,0,76
2792,6,0.97765875,235,3057,N,5,0,76
2961,7,0.9402165,226,2792,N,5.83333333333333,0,76
4094,8,0.95269725,229,2961,N,6.66666666666667,0,76
4327,9,1.0234215,246,4094,N,7.5,0,76
4233,10,1.214793,292,4327,N,8.33333333333333,0,76
4340,11,1.3728825,330,4233,N,9.16666666666667,0,76
3858,12,1.23559425,297,4340,N,10,0,76
3585,13,1.31879925,317,3858,N,10.8333333333333,0,76
4113,14,1.26887625,305,3585,N,11.6666666666667,0,76
4342,15,0.682281,164,4113,Y,12.5,1,76
4982,16,0.82788975,199,4342,N,13.3333333333333,1,76
4494,17,0.698922,168,4982,N,14.1666666666667,1,76
4510,18,0.66980025,161,4494,N,15,1,76
4537,19,0.7571655,182,4510,N,15.8333333333333,1,76
5448,20,0.715563,172,4537,N,16.6666666666667,1,76
5123,21,0.798768,192,5448,N,17.5,1,76
4616,22,0.83621025,201,5123,N,18.3333333333333,1,76
5940,23,0.76132575,183,4616,N,19.1666666666667,1,76
6243,24,0.85285125,205,5940,N,20,1,76
6242,25,0.99429975,239,6243,N,20.8333333333333,1,76
6269,26,0.98597925,237,6242,N,21.6666666666667,1,76
6399,27,0.99846,240,6269,N,22.5,1,76
6675,28,1.22727375,295,6399,N,23.3333333333333,1,76
6566,29,1.2064725,290,6675,N,24.1666666666667,1,76
2187,0,1.3562415,326,NA,N,0,0,77
2423,1,0.58659525,141,2187,Y,0.833333333333333,1,77
2477,2,0.5741145,138,2423,N,1.66666666666667,1,77
2138,3,0.5907555,142,2477,N,2.5,1,77
2239,4,0.6073965,146,2138,N,3.33333333333333,1,77
2463,5,0.7738065,186,2239,N,4.16666666666667,1,77
2148,6,0.698922,168,2463,N,5,1,77
2345,7,0.71972325,173,2148,N,5.83333333333333,1,77
3252,8,0.7738065,186,2345,N,6.66666666666667,1,77
3613,9,0.798768,192,3252,N,7.5,1,77
3219,10,0.798768,192,3613,N,8.33333333333333,1,77
3368,11,0.79460775,191,3219,N,9.16666666666667,1,77
3200,12,0.8070885,194,3368,N,10,1,77
3198,13,0.765486,184,3200,N,10.8333333333333,1,77
3245,14,0.80292825,193,3198,N,11.6666666666667,1,77
3183,15,0.86117175,207,3245,N,12.5,1,77
4570,16,0.91109475,219,3183,N,13.3333333333333,1,77
4501,17,1.0234215,246,4570,N,14.1666666666667,1,77
4527,18,1.098306,264,4501,N,15,1,77
4574,19,1.02758175,247,4527,N,15.8333333333333,1,77
5480,20,1.21063275,291,4574,N,16.6666666666667,1,77
5173,21,1.2231135,294,5480,N,17.5,1,77
4664,22,1.0567035,254,5173,N,18.3333333333333,1,77
5957,23,1.297998,312,4664,N,19.1666666666667,1,77
6744,24,1.01094075,243,5957,N,20,1,77
6260,25,0.52835175,127,6744,Y,20.8333333333333,2,77
6285,26,0.61155675,147,6260,N,21.6666666666667,2,77
6428,27,0.57827475,139,6285,N,22.5,2,77
6714,28,0.74468475,179,6428,N,23.3333333333333,2,77
6619,29,0.765486,184,6714,N,24.1666666666667,2,77
2187,0,1.3562415,326,NA,N,0,0,78
2428,1,0.86117175,207,2187,Y,0.833333333333333,1,78
2481,2,0.77796675,187,2428,N,1.66666666666667,1,78
2142,3,0.86949225,209,2481,N,2.5,1,78
2245,4,0.8237295,198,2142,N,3.33333333333333,1,78
2466,5,0.782127,188,2245,N,4.16666666666667,1,78
2152,6,0.75300525,181,2466,N,5,1,78
2350,7,0.87781275,211,2152,N,5.83333333333333,1,78
3255,8,0.815409,196,2350,N,6.66666666666667,1,78
3616,9,0.86117175,207,3255,N,7.5,1,78
3222,10,0.881973,212,3616,N,8.33333333333333,1,78
3373,11,1.0400625,250,3222,N,9.16666666666667,1,78
3205,12,0.97765875,235,3373,N,10,1,78
3203,13,1.10246625,265,3205,N,10.8333333333333,1,78
3266,14,1.19399175,287,3203,N,11.6666666666667,1,78
3187,15,1.20231225,289,3266,N,12.5,1,78
4575,16,1.181511,284,3187,N,13.3333333333333,1,78
4502,17,1.26887625,305,4575,N,14.1666666666667,1,78
4531,18,0.55331325,133,4502,Y,15,2,78
4583,19,0.73636425,177,4531,N,15.8333333333333,2,78
5486,20,0.7738065,186,4583,N,16.6666666666667,2,78
5182,21,0.75300525,181,5486,N,17.5,2,78
4671,22,0.7571655,182,5182,N,18.3333333333333,2,78
5961,23,0.7738065,186,4671,N,19.1666666666667,2,78
6752,24,0.948537,228,5961,N,20,2,78
6266,25,0.94437675,227,6752,N,20.8333333333333,2,78
6306,26,1.0400625,250,6266,N,21.6666666666667,2,78
6437,27,1.11910725,269,6306,N,22.5,2,78
6730,28,1.16903025,281,6437,N,23.3333333333333,2,78
6636,29,1.10246625,265,6730,N,24.1666666666667,2,78
2445,0,1.36872225,329,NA,N,0,0,79
2830,1,1.198152,288,2445,N,0.833333333333333,0,79
2998,2,1.1565495,278,2830,N,1.66666666666667,0,79
2716,3,1.314639,316,2998,N,2.5,0,79
2928,4,0.66147975,159,2716,Y,3.33333333333333,1,79
3060,5,0.7238835,174,2928,N,4.16666666666667,1,79
2866,6,0.64483875,155,3060,N,5,1,79
2964,7,0.782127,188,2866,N,5.83333333333333,1,79
4221,8,0.85285125,205,2964,N,6.66666666666667,1,79
4335,9,0.7738065,186,4221,N,7.5,1,79
4244,10,0.78628725,189,4335,N,8.33333333333333,1,79
4356,11,0.9402165,226,4244,N,9.16666666666667,1,79
3876,12,0.898614,216,4356,N,10,1,79
3594,13,0.92773575,223,3876,N,10.8333333333333,1,79
4128,14,1.0400625,250,3594,N,11.6666666666667,1,79
4354,15,1.13574825,273,4128,N,12.5,1,79
4995,16,1.12742775,271,4354,N,13.3333333333333,1,79
5355,17,1.20231225,289,4995,N,14.1666666666667,1,79
5205,18,1.264716,304,5355,N,15,1,79
5671,19,0.5574735,134,5205,Y,15.8333333333333,2,79
5877,20,0.515871,124,5671,N,16.6666666666667,2,79
5970,21,0.5907555,142,5877,N,17.5,2,79
5645,22,0.582435,140,5970,N,18.3333333333333,2,79
6192,23,0.54499275,131,5645,N,19.1666666666667,2,79
7372,24,0.5574735,134,6192,N,20,2,79
6545,25,0.5574735,134,7372,N,20.8333333333333,2,79
6635,26,0.62819775,151,6545,N,21.6666666666667,2,79
7003,27,0.765486,184,6635,N,22.5,2,79
7518,28,0.64483875,155,7003,N,23.3333333333333,2,79
7335,29,0.765486,184,7518,N,24.1666666666667,2,79
2445,0,1.36872225,329,NA,N,0,0,80
2830,1,1.198152,288,2445,N,0.833333333333333,0,80
2998,2,1.1565495,278,2830,N,1.66666666666667,0,80
2716,3,1.314639,316,2998,N,2.5,0,80
2924,4,0.532512,128,2716,Y,3.33333333333333,1,80
3059,5,0.6406785,154,2924,N,4.16666666666667,1,80
2863,6,0.6406785,154,3059,N,5,1,80
2963,7,0.782127,188,2863,N,5.83333333333333,1,80
4096,8,0.71140275,171,2963,N,6.66666666666667,1,80
4332,9,0.65315925,157,4096,N,7.5,1,80
4241,10,0.698922,168,4332,N,8.33333333333333,1,80
4352,11,0.72804375,175,4241,N,9.16666666666667,1,80
3872,12,0.732204,176,4352,N,10,1,80
3592,13,0.7904475,190,3872,N,10.8333333333333,1,80
4125,14,0.86949225,209,3592,N,11.6666666666667,1,80
4350,15,0.76964625,185,4125,N,12.5,1,80
4991,16,0.848691,204,4350,N,13.3333333333333,1,80
5352,17,0.6906015,166,4991,N,14.1666666666667,1,80
5199,18,0.4909095,118,5352,Y,15,2,80
6671,26,0.5741145,138,5199,N,21.6666666666667,2,80
6664,29,0.7072425,170,6671,N,24.1666666666667,2,80
2320,0,0.865332,208,NA,N,0,0,81
2814,1,0.8736525,210,2320,N,0.833333333333333,0,81
2947,2,0.981819,236,2814,N,1.66666666666667,0,81
2670,3,0.948537,228,2947,N,2.5,0,81
2788,4,0.86949225,209,2670,N,3.33333333333333,0,81
3044,5,1.02758175,247,2788,N,4.16666666666667,0,81
2701,6,0.83205,200,3044,N,5,0,81
2907,7,0.95269725,229,2701,N,5.83333333333333,0,81
4057,8,1.131588,272,2907,N,6.66666666666667,0,81
4280,9,1.098306,264,4057,N,7.5,0,81
4162,10,1.2064725,290,4280,N,8.33333333333333,0,81
4287,11,1.131588,272,4162,N,9.16666666666667,0,81
3926,12,1.11078675,267,4287,N,10,0,81
3661,13,1.1898315,286,3926,N,10.8333333333333,0,81
4163,14,0.7238835,174,3661,Y,11.6666666666667,1,81
4383,15,0.76964625,185,4163,N,12.5,1,81
5052,16,0.8070885,194,4383,N,13.3333333333333,1,81
5400,17,0.95269725,229,5052,N,14.1666666666667,1,81
5267,18,0.86117175,207,5400,N,15,1,81
5598,19,0.8902935,214,5267,N,15.8333333333333,1,81
5855,20,0.8736525,210,5598,N,16.6666666666667,1,81
5919,21,0.84453075,203,5855,N,17.5,1,81
2196,0,1.29383775,311,NA,N,0,0,82
2741,1,0.60323625,145,2196,Y,0.833333333333333,1,82
2885,2,0.5574735,134,2741,N,1.66666666666667,1,82
2581,3,0.59491575,143,2885,N,2.5,1,82
2621,4,0.5408325,130,2581,N,3.33333333333333,1,82
3022,5,0.61987725,149,2621,N,4.16666666666667,1,82
2793,7,0.632358,152,3022,N,5.83333333333333,1,82
3975,8,0.71972325,173,2793,N,6.66666666666667,1,82
4188,9,0.70308225,169,3975,N,7.5,1,82
4082,10,0.7072425,170,4188,N,8.33333333333333,1,82
4197,11,0.68644125,165,4082,N,9.16666666666667,1,82
3775,12,0.70308225,169,4197,N,10,1,82
3536,13,0.76132575,183,3775,N,10.8333333333333,1,82
3990,14,0.74468475,179,3536,N,11.6666666666667,1,82
4193,15,0.73636425,177,3990,N,12.5,1,82
4908,16,0.7738065,186,4193,N,13.3333333333333,1,82
5167,17,0.948537,228,4908,N,14.1666666666667,1,82
4985,18,0.91941525,221,5167,N,15,1,82
5490,19,0.931896,224,4985,N,15.8333333333333,1,82
5825,20,0.99429975,239,5490,N,16.6666666666667,1,82
5733,21,0.9402165,226,5825,N,17.5,1,82
5447,22,1.264716,304,5733,N,18.3333333333333,1,82
6134,23,1.20231225,289,5447,N,19.1666666666667,1,82
7233,24,0.5075505,122,6134,Y,20,2,82
6817,27,0.57827475,139,7233,N,22.5,2,82
7319,28,0.63651825,153,6817,N,23.3333333333333,2,82
7100,29,0.73636425,177,7319,N,24.1666666666667,2,82
2196,0,1.29383775,311,NA,N,0,0,83
2730,1,0.52835175,127,2196,Y,0.833333333333333,1,83
2881,2,0.59491575,143,2730,N,1.66666666666667,1,83
2577,3,0.60323625,145,2881,N,2.5,1,83
2616,4,0.5241915,126,2577,N,3.33333333333333,1,83
3020,5,0.54499275,131,2616,N,4.16666666666667,1,83
2789,7,0.54499275,131,3020,N,5.83333333333333,1,83
3971,8,0.5741145,138,2789,N,6.66666666666667,1,83
4185,9,0.67812075,163,3971,N,7.5,1,83
4080,10,0.60323625,145,4185,N,8.33333333333333,1,83
4195,11,0.748845,180,4080,N,9.16666666666667,1,83
3773,12,0.881973,212,4195,N,10,1,83
3533,13,0.83621025,201,3773,N,10.8333333333333,1,83
3986,14,1.0067805,242,3533,N,11.6666666666667,1,83
4190,15,0.96933825,233,3986,N,12.5,1,83
4907,16,0.95269725,229,4190,N,13.3333333333333,1,83
5162,17,0.981819,236,4907,N,14.1666666666667,1,83
4983,18,1.21895325,293,5162,N,15,1,83
5348,19,1.23559425,297,4983,N,15.8333333333333,1,83
5823,20,0.62819775,151,5348,Y,16.6666666666667,2,83
5725,21,0.6240375,150,5823,N,17.5,2,83
5442,22,0.66564,160,5725,N,18.3333333333333,2,83
6132,23,0.765486,184,5442,N,19.1666666666667,2,83
7223,24,0.7405245,178,6132,N,20,2,83
6450,25,0.6406785,154,7223,N,20.8333333333333,2,83
6513,26,0.732204,176,6450,N,21.6666666666667,2,83
6808,27,0.77796675,187,6513,N,22.5,2,83
7314,28,0.78628725,189,6808,N,23.3333333333333,2,83
7090,29,0.765486,184,7314,N,24.1666666666667,2,83
2201,0,1.098306,264,NA,N,0,0,84
2436,1,1.1066265,266,2201,N,0.833333333333333,0,84
2513,2,0.73636425,177,2436,Y,1.66666666666667,1,84
2154,3,0.648999,156,2513,N,2.5,1,84
2259,4,0.6406785,154,2154,N,3.33333333333333,1,84
2476,5,0.73636425,177,2259,N,4.16666666666667,1,84
2163,6,0.732204,176,2476,N,5,1,84
2366,7,0.715563,172,2163,N,5.83333333333333,1,84
3261,8,0.848691,204,2366,N,6.66666666666667,1,84
3624,9,0.84453075,203,3261,N,7.5,1,84
3231,10,0.83205,200,3624,N,8.33333333333333,1,84
3378,11,0.73636425,177,3231,N,9.16666666666667,1,84
3209,12,0.83205,200,3378,N,10,1,84
3208,13,0.94437675,227,3209,N,10.8333333333333,1,84
3277,14,0.91109475,219,3208,N,11.6666666666667,1,84
3196,15,0.8902935,214,3277,N,12.5,1,84
4615,16,0.9235755,222,3196,N,13.3333333333333,1,84
4505,17,0.881973,212,4615,N,14.1666666666667,1,84
4542,18,0.9734985,234,4505,N,15,1,84
4599,19,1.015101,244,4542,N,15.8333333333333,1,84
5495,20,0.94437675,227,4599,N,16.6666666666667,1,84
5201,21,1.098306,264,5495,N,17.5,1,84
4699,22,0.898614,216,5201,N,18.3333333333333,1,84
8011,23,NA,-1,4699,Y,19.1666666666667,2,84
2201,0,1.098306,264,NA,N,0,0,85
2436,1,1.1066265,266,2201,N,0.833333333333333,0,85
2508,2,0.44514675,107,2436,Y,1.66666666666667,1,85
2150,3,0.51171075,123,2508,N,2.5,1,85
2255,4,0.52835175,127,2150,N,3.33333333333333,1,85
2473,5,0.56995425,137,2255,N,4.16666666666667,1,85
2159,6,0.66147975,159,2473,N,5,1,85
2361,7,0.59491575,143,2159,N,5.83333333333333,1,85
3259,8,0.62819775,151,2361,N,6.66666666666667,1,85
3622,9,0.5574735,134,3259,N,7.5,1,85
3227,10,0.76964625,185,3622,N,8.33333333333333,1,85
3375,11,0.99429975,239,3227,N,9.16666666666667,1,85
3746,12,0.4909095,118,3375,Y,10,2,85
3446,13,0.36194175,87,3746,N,10.8333333333333,2,85
3893,14,0.51171075,123,3446,N,11.6666666666667,2,85
3648,15,0.5241915,126,3893,N,12.5,2,85
4883,16,0.56163375,135,3648,N,13.3333333333333,2,85
5039,17,0.60323625,145,4883,N,14.1666666666667,2,85
4926,18,0.48674925,117,5039,N,15,2,85
5212,19,0.44514675,107,4926,N,15.8333333333333,2,85
5791,20,0.47010825,113,5212,N,16.6666666666667,2,85
5617,21,0.5241915,126,5791,N,17.5,2,85
2332,0,0.8403705,202,NA,N,0,0,86
2816,1,1.0400625,250,2332,N,0.833333333333333,0,86
2950,2,0.915255,220,2816,N,1.66666666666667,0,86
2675,3,0.898614,216,2950,N,2.5,0,86
2796,4,0.965178,232,2675,N,3.33333333333333,0,86
3045,5,0.9568575,230,2796,N,4.16666666666667,0,86
2707,6,1.0567035,254,3045,N,5,0,86
2909,7,1.20231225,289,2707,N,5.83333333333333,0,86
4060,8,1.181511,284,2909,N,6.66666666666667,0,86
4285,9,1.3063185,314,4060,N,7.5,0,86
4167,10,1.33128,320,4285,N,8.33333333333333,0,86
4296,11,1.40200425,337,4167,N,9.16666666666667,0,86
3743,12,0.798768,192,4296,Y,10,1,86
3435,13,0.76964625,185,3743,N,10.8333333333333,1,86
3881,14,0.86949225,209,3435,N,11.6666666666667,1,86
3633,15,0.81956925,197,3881,N,12.5,1,86
4880,16,0.8570115,206,3633,N,13.3333333333333,1,86
5022,17,0.8902935,214,4880,N,14.1666666666667,1,86
4917,18,0.81956925,197,5022,N,15,1,86
5183,19,0.865332,208,4917,N,15.8333333333333,1,86
5785,20,0.91941525,221,5183,N,16.6666666666667,1,86
5595,21,0.8902935,214,5785,N,17.5,1,86
5287,22,0.931896,224,5595,N,18.3333333333333,1,86
6092,23,0.898614,216,5287,N,19.1666666666667,1,86
7130,24,0.9901395,238,6092,N,20,1,86
6391,25,1.048383,252,7130,N,20.8333333333333,1,86
6445,26,1.098306,264,6391,N,21.6666666666667,1,86
6648,27,0.49923,120,6445,Y,22.5,2,86
7147,28,0.55331325,133,6648,N,23.3333333333333,2,86
2207,0,1.16070975,279,NA,N,0,0,87
2758,1,1.114947,268,2207,N,0.833333333333333,0,87
2890,2,1.148229,276,2758,N,1.66666666666667,0,87
2586,3,1.15238925,277,2890,N,2.5,0,87
2627,4,1.148229,276,2586,N,3.33333333333333,0,87
3024,5,1.2231135,294,2627,N,4.16666666666667,0,87
2515,6,1.19399175,287,3024,N,5,0,87
2823,7,1.248075,300,2515,N,5.83333333333333,0,87
3978,8,1.33128,320,2823,N,6.66666666666667,0,87
4191,9,1.31879925,317,3978,N,7.5,0,87
4085,10,1.34376075,323,4191,N,8.33333333333333,0,87
4200,11,1.5392925,370,4085,N,9.16666666666667,0,87
3777,12,1.6557795,398,4200,N,10,0,87
3538,13,1.56841425,377,3777,N,10.8333333333333,0,87
3992,14,0.72804375,175,3538,Y,11.6666666666667,1,87
4196,15,0.84453075,203,3992,N,12.5,1,87
4909,16,0.86949225,209,4196,N,13.3333333333333,1,87
5176,17,1.0400625,250,4909,N,14.1666666666667,1,87
4988,18,1.0733445,258,5176,N,15,1,87
5492,19,0.99846,240,4988,N,15.8333333333333,1,87
5826,20,1.031742,248,5492,N,16.6666666666667,1,87
5736,21,1.1731905,282,5826,N,17.5,1,87
5450,22,1.015101,244,5736,N,18.3333333333333,1,87
6135,23,1.0234215,246,5450,N,19.1666666666667,1,87
7863,24,1.181511,284,6135,N,20,1,87
6976,25,1.065024,256,7863,N,20.8333333333333,1,87
7150,26,0.981819,236,6976,N,21.6666666666667,1,87
7499,27,1.10246625,265,7150,N,22.5,1,87
7795,28,1.2896775,310,7499,N,23.3333333333333,1,87
7731,29,1.2730365,306,7795,N,24.1666666666667,1,87
2336,0,0.715563,172,NA,N,0,0,88
2817,1,0.95269725,229,2336,N,0.833333333333333,0,88
2953,2,0.94437675,227,2817,N,1.66666666666667,0,88
2677,3,0.90277425,217,2953,N,2.5,0,88
2879,4,0.8403705,202,2677,N,3.33333333333333,0,88
3046,5,0.865332,208,2879,N,4.16666666666667,0,88
2714,6,0.95269725,229,3046,N,5,0,88
2912,7,0.915255,220,2714,N,5.83333333333333,0,88
4064,8,0.9402165,226,2912,N,6.66666666666667,0,88
4290,9,0.83205,200,4064,N,7.5,0,88
4171,10,1.1565495,278,4290,N,8.33333333333333,0,88
4305,11,0.49923,120,4171,Y,9.16666666666667,1,88
3820,12,0.66147975,159,4305,N,10,1,88
3564,13,0.6406785,154,3820,N,10.8333333333333,1,88
4076,14,0.6240375,150,3564,N,11.6666666666667,1,88
4313,15,0.66980025,161,4076,N,12.5,1,88
4959,16,0.83621025,201,4313,N,13.3333333333333,1,88
5300,17,0.898614,216,4959,N,14.1666666666667,1,88
5115,18,0.8070885,194,5300,N,15,1,88
5616,19,0.76132575,183,5115,N,15.8333333333333,1,88
5860,20,0.84453075,203,5616,N,16.6666666666667,1,88
5931,21,0.9402165,226,5860,N,17.5,1,88
5560,22,0.8237295,198,5931,N,18.3333333333333,1,88
6168,23,0.9402165,226,5560,N,19.1666666666667,1,88
7913,24,0.97765875,235,6168,N,20,1,88
7098,25,1.04422275,251,7913,N,20.8333333333333,1,88
7230,26,1.09414575,263,7098,N,21.6666666666667,1,88
7563,27,1.2563955,302,7230,N,22.5,1,88
7855,28,1.2231135,294,7563,N,23.3333333333333,1,88
7779,29,1.27719675,307,7855,N,24.1666666666667,1,88
2089,0,1.43528625,345,NA,N,0,0,89
2666,1,0.65315925,157,2089,Y,0.833333333333333,1,89
2767,2,0.615717,148,2666,N,1.66666666666667,1,89
2348,3,0.6906015,166,2767,N,2.5,1,89
2486,4,0.6240375,150,2348,N,3.33333333333333,1,89
2983,5,0.63651825,153,2486,N,4.16666666666667,1,89
2422,6,0.6240375,150,2983,N,5,1,89
2703,7,0.65315925,157,2422,N,5.83333333333333,1,89
3497,8,0.6739605,162,2703,N,6.66666666666667,1,89
3951,9,0.7405245,178,3497,N,7.5,1,89
3996,10,0.748845,180,3951,N,8.33333333333333,1,89
4109,11,0.682281,164,3996,N,9.16666666666667,1,89
3742,12,0.76132575,183,4109,N,10,1,89
3431,13,0.848691,204,3742,N,10.8333333333333,1,89
3878,14,0.87781275,211,3431,N,11.6666666666667,1,89
3627,15,0.97765875,235,3878,N,12.5,1,89
4879,16,0.95269725,229,3627,N,13.3333333333333,1,89
5015,17,1.1399085,274,4879,N,14.1666666666667,1,89
4915,18,1.22727375,295,5015,N,15,1,89
5178,19,1.031742,248,4915,N,15.8333333333333,1,89
5784,20,1.431126,344,5178,N,16.6666666666667,1,89
5587,21,0.682281,164,5784,Y,17.5,2,89
5278,22,0.74468475,179,5587,N,18.3333333333333,2,89
6090,23,0.76964625,185,5278,N,19.1666666666667,2,89
7125,24,0.88613325,213,6090,N,20,2,89
6385,25,0.84453075,203,7125,N,20.8333333333333,2,89
6439,26,0.92773575,223,6385,N,21.6666666666667,2,89
6639,27,0.92773575,223,6439,N,22.5,2,89
7140,28,0.86949225,209,6639,N,23.3333333333333,2,89
6946,29,1.06086375,255,7140,N,24.1666666666667,2,89
2091,0,1.22727375,295,NA,N,0,0,90
2669,1,1.25223525,301,2091,N,0.833333333333333,0,90
2773,2,1.1565495,278,2669,N,1.66666666666667,0,90
2357,3,0.5408325,130,2773,Y,2.5,1,90
2492,4,0.6406785,154,2357,N,3.33333333333333,1,90
2988,5,0.69476175,167,2492,N,4.16666666666667,1,90
2440,6,0.648999,156,2988,N,5,1,90
2712,7,0.7072425,170,2440,N,5.83333333333333,1,90
3504,8,0.70308225,169,2712,N,6.66666666666667,1,90
3960,9,0.73636425,177,3504,N,7.5,1,90
4004,10,0.71972325,173,3960,N,8.33333333333333,1,90
4112,11,0.79460775,191,4004,N,9.16666666666667,1,90
3745,12,0.8403705,202,4112,N,10,1,90
3443,13,0.86117175,207,3745,N,10.8333333333333,1,90
3890,14,0.881973,212,3443,N,11.6666666666667,1,90
3644,15,1.00262025,241,3890,N,12.5,1,90
4882,16,1.11078675,267,3644,N,13.3333333333333,1,90
5033,17,1.16903025,281,4882,N,14.1666666666667,1,90
4925,18,1.18567125,285,5033,N,15,1,90
5208,19,1.23559425,297,4925,N,15.8333333333333,1,90
5789,20,0.65315925,157,5208,Y,16.6666666666667,2,90
5610,21,0.72804375,175,5789,N,17.5,2,90
5305,22,0.765486,184,5610,N,18.3333333333333,2,90
6096,23,0.75300525,181,5305,N,19.1666666666667,2,90
7143,24,0.931896,224,6096,N,20,2,90
6400,25,0.97765875,235,7143,N,20.8333333333333,2,90
6456,26,0.88613325,213,6400,N,21.6666666666667,2,90
6666,27,0.948537,228,6456,N,22.5,2,90
7170,28,0.94437675,227,6666,N,23.3333333333333,2,90
6970,29,0.96933825,233,7170,N,24.1666666666667,2,90
2091,0,1.22727375,295,NA,N,0,0,91
2669,1,1.25223525,301,2091,N,0.833333333333333,0,91
2773,2,1.1565495,278,2669,N,1.66666666666667,0,91
2353,3,0.698922,168,2773,Y,2.5,1,91
2489,4,0.66147975,159,2353,N,3.33333333333333,1,91
2986,5,0.65315925,157,2489,N,4.16666666666667,1,91
2425,6,0.69476175,167,2986,N,5,1,91
2708,7,0.71972325,173,2425,N,5.83333333333333,1,91
3501,8,0.765486,184,2708,N,6.66666666666667,1,91
3955,9,0.7571655,182,3501,N,7.5,1,91
4000,10,0.782127,188,3955,N,8.33333333333333,1,91
4111,11,0.8570115,206,4000,N,9.16666666666667,1,91
3744,12,0.82788975,199,4111,N,10,1,91
3439,13,0.798768,192,3744,N,10.8333333333333,1,91
3885,14,0.9402165,226,3439,N,11.6666666666667,1,91
3641,15,1.09414575,263,3885,N,12.5,1,91
4881,16,1.19399175,287,3641,N,13.3333333333333,1,91
5028,17,1.2730365,306,4881,N,14.1666666666667,1,91
4923,18,0.6739605,162,5028,Y,15,2,91
5198,19,0.632358,152,4923,N,15.8333333333333,2,91
5788,20,0.59491575,143,5198,N,16.6666666666667,2,91
5606,21,0.67812075,163,5788,N,17.5,2,91
5301,22,0.66980025,161,5606,N,18.3333333333333,2,91
6095,23,0.68644125,165,5301,N,19.1666666666667,2,91
7138,24,0.732204,176,6095,N,20,2,91
6395,25,0.8070885,194,7138,N,20.8333333333333,2,91
6453,26,0.86117175,207,6395,N,21.6666666666667,2,91
6662,27,0.96933825,233,6453,N,22.5,2,91
7164,28,1.0234215,246,6662,N,23.3333333333333,2,91
6965,29,1.11910725,269,7164,N,24.1666666666667,2,91
8033,0,NA,-1,NA,N,0,0,92
2520,1,1.08582525,261,8033,N,0.833333333333333,0,92
2608,2,1.11078675,267,2520,N,1.66666666666667,0,92
2241,3,1.28551725,309,2608,N,2.5,0,92
2360,4,1.09414575,263,2241,N,3.33333333333333,0,92
2607,5,1.02758175,247,2360,N,4.16666666666667,0,92
2566,7,1.26055575,303,2607,N,5.83333333333333,0,92
3387,8,1.5725745,378,2566,N,6.66666666666667,0,92
3830,9,1.61833725,389,3387,N,7.5,0,92
3673,10,1.55177325,373,3830,N,8.33333333333333,0,92
3416,11,1.0733445,258,3673,Y,9.16666666666667,1,92
3271,12,0.84453075,203,3416,N,10,1,92
3260,13,0.848691,204,3271,N,10.8333333333333,1,92
3335,14,0.87781275,211,3260,N,11.6666666666667,1,92
3341,15,0.92773575,223,3335,N,12.5,1,92
4678,16,0.91941525,221,3341,N,13.3333333333333,1,92
4526,17,0.92773575,223,4678,N,14.1666666666667,1,92
4613,18,1.10246625,265,4526,N,15,1,92
4675,19,1.07750475,259,4613,N,15.8333333333333,1,92
5561,20,1.2730365,306,4675,N,16.6666666666667,1,92
5284,21,1.37704275,331,5561,N,17.5,1,92
4759,22,1.56841425,377,5284,N,18.3333333333333,1,92
6053,23,1.32711975,319,4759,N,19.1666666666667,1,92
7034,24,1.7722665,426,6053,N,20,1,92
6334,25,1.68490125,405,7034,N,20.8333333333333,1,92
6396,26,1.75978575,423,6334,N,21.6666666666667,1,92
7334,27,0.96101775,231,6396,Y,22.5,2,92
7709,28,0.86949225,209,7334,N,23.3333333333333,2,92
7631,29,0.815409,196,7709,N,24.1666666666667,2,92
2222,0,0.81124875,195,NA,N,0,0,93
2766,1,0.99429975,239,2222,N,0.833333333333333,0,93
2898,2,0.97765875,235,2766,N,1.66666666666667,0,93
2597,3,0.8736525,210,2898,N,2.5,0,93
2641,4,0.99429975,239,2597,N,3.33333333333333,0,93
3026,5,1.065024,256,2641,N,4.16666666666667,0,93
2117,6,1.11910725,269,3026,N,5,0,93
2285,7,0.99846,240,2117,N,5.83333333333333,0,93
3111,8,1.16903025,281,2285,N,6.66666666666667,0,93
3281,9,1.14406875,275,3111,N,7.5,0,93
3176,10,1.28551725,309,3281,N,8.33333333333333,0,93
3269,11,1.3562415,326,3176,N,9.16666666666667,0,93
3147,12,1.297998,312,3269,N,10,0,93
3120,13,1.4061645,338,3147,N,10.8333333333333,0,93
3112,14,1.813869,436,3120,N,11.6666666666667,0,93
4388,15,0.83205,200,3112,Y,12.5,1,93
5079,16,0.848691,204,4388,N,13.3333333333333,1,93
5421,17,0.915255,220,5079,N,14.1666666666667,1,93
5298,18,1.02758175,247,5421,N,15,1,93
5743,19,0.9402165,226,5298,N,15.8333333333333,1,93
5920,20,0.95269725,229,5743,N,16.6666666666667,1,93
6011,21,1.00262025,241,5920,N,17.5,1,93
5726,22,1.0067805,242,6011,N,18.3333333333333,1,93
6211,23,1.0400625,250,5726,N,19.1666666666667,1,93
7963,24,1.04422275,251,6211,N,20,1,93
7368,25,1.15238925,277,7963,N,20.8333333333333,1,93
7586,26,1.02758175,247,7368,N,21.6666666666667,1,93
7758,27,0.648999,156,7586,Y,22.5,2,93
7933,28,0.66147975,159,7758,N,23.3333333333333,2,93
7871,29,0.65315925,157,7933,N,24.1666666666667,2,93
8047,0,NA,-1,NA,N,0,0,94
2151,1,0.98597925,237,8047,N,0.833333333333333,0,94
2342,2,0.931896,224,2151,N,1.66666666666667,0,94
2095,3,1.05254325,253,2342,N,2.5,0,94
2088,4,1.11078675,267,2095,N,3.33333333333333,0,94
2253,5,1.19399175,287,2088,N,4.16666666666667,0,94
2102,6,1.214793,292,2253,N,5,0,94
2205,7,1.214793,292,2102,N,5.83333333333333,0,94
3090,8,1.248075,300,2205,N,6.66666666666667,0,94
3232,9,1.33128,320,3090,N,7.5,0,94
3136,10,1.22727375,295,3232,N,8.33333333333333,0,94
3237,11,1.2231135,294,3136,N,9.16666666666667,0,94
3081,12,1.36040175,327,3237,N,10,0,94
3102,13,1.02758175,247,3081,N,10.8333333333333,0,94
3099,14,0.648999,156,3102,Y,11.6666666666667,1,94
3082,15,0.66147975,159,3099,N,12.5,1,94
4407,16,0.72804375,175,3082,N,13.3333333333333,1,94
4464,17,0.66564,160,4407,N,14.1666666666667,1,94
4413,18,0.63651825,153,4464,N,15,1,94
4454,19,0.6573195,158,4413,N,15.8333333333333,1,94
5382,20,0.69476175,167,4454,N,16.6666666666667,1,94
4563,21,0.6240375,150,5382,N,17.5,1,94
4458,22,0.582435,140,4563,N,18.3333333333333,1,94
5892,23,0.748845,180,4458,N,19.1666666666667,1,94
6581,25,0.6906015,166,5892,N,20.8333333333333,1,94
6727,26,0.74468475,179,6581,N,21.6666666666667,1,94
7065,27,0.8070885,194,6727,N,22.5,1,94
7573,28,0.732204,176,7065,N,23.3333333333333,1,94
7403,29,0.698922,168,7573,N,24.1666666666667,1,94
2227,0,1.21063275,291,NA,N,0,0,95
2776,1,1.36872225,329,2227,N,0.833333333333333,0,95
2915,2,1.231434,296,2776,N,1.66666666666667,0,95
2719,4,1.0567035,254,2915,N,3.33333333333333,0,95
3028,5,1.33544025,321,2719,N,4.16666666666667,0,95
2533,6,1.198152,288,3028,N,5,0,95
2833,7,1.5060105,362,2533,N,5.83333333333333,0,95
3456,8,0.7904475,190,2833,Y,6.66666666666667,1,95
3902,9,0.7072425,170,3456,N,7.5,1,95
3943,10,0.748845,180,3902,N,8.33333333333333,1,95
3918,11,0.76964625,185,3943,N,9.16666666666667,1,95
3722,12,0.80292825,193,3918,N,10,1,95
3376,13,0.91109475,219,3722,N,10.8333333333333,1,95
3824,14,0.83205,200,3376,N,11.6666666666667,1,95
3523,15,0.8736525,210,3824,N,12.5,1,95
4867,16,0.88613325,213,3523,N,13.3333333333333,1,95
4811,17,0.91941525,221,4867,N,14.1666666666667,1,95
4824,18,0.865332,208,4811,N,15,1,95
5109,19,0.9734985,234,4824,N,15.8333333333333,1,95
5771,20,1.0234215,246,5109,N,16.6666666666667,1,95
5528,21,1.181511,284,5771,N,17.5,1,95
4688,22,1.248075,300,5528,N,18.3333333333333,1,95
5967,23,0.57827475,139,4688,Y,19.1666666666667,2,95
6762,24,0.57827475,139,5967,N,20,2,95
6270,25,0.60323625,145,6762,N,20.8333333333333,2,95
6310,26,0.66147975,159,6270,N,21.6666666666667,2,95
6443,27,0.65315925,157,6310,N,22.5,2,95
6739,28,0.72804375,175,6443,N,23.3333333333333,2,95
6646,29,0.65315925,157,6739,N,24.1666666666667,2,95
2227,0,1.21063275,291,NA,N,0,0,96
2776,1,1.36872225,329,2227,N,0.833333333333333,0,96
2915,2,1.231434,296,2776,N,1.66666666666667,0,96
2719,4,1.0567035,254,2915,N,3.33333333333333,0,96
3028,5,1.33544025,321,2719,N,4.16666666666667,0,96
2533,6,1.198152,288,3028,N,5,0,96
2833,7,1.5060105,362,2533,N,5.83333333333333,0,96
3394,8,0.84453075,203,2833,Y,6.66666666666667,1,96
3833,9,0.77796675,187,3394,N,7.5,1,96
3674,10,0.76132575,183,3833,N,8.33333333333333,1,96
3496,11,0.65315925,157,3674,N,9.16666666666667,1,96
3666,12,0.70308225,169,3496,N,10,1,96
3312,13,0.782127,188,3666,N,10.8333333333333,1,96
3769,14,0.82788975,199,3312,N,11.6666666666667,1,96
3438,15,0.87781275,211,3769,N,12.5,1,96
4773,16,0.91109475,219,3438,N,13.3333333333333,1,96
4660,17,0.87781275,211,4773,N,14.1666666666667,1,96
4710,18,0.965178,232,4660,N,15,1,96
4840,19,0.98597925,237,4710,N,15.8333333333333,1,96
5683,20,0.682281,164,4840,Y,16.6666666666667,2,96
5414,21,0.582435,140,5683,N,17.5,2,96
5021,22,0.715563,172,5414,N,18.3333333333333,2,96
6036,23,0.61155675,147,5021,N,19.1666666666667,2,96
6979,24,0.55331325,133,6036,N,20,2,96
6309,25,0.5907555,142,6979,N,20.8333333333333,2,96
6366,26,0.582435,140,6309,N,21.6666666666667,2,96
6535,27,0.64483875,155,6366,N,22.5,2,96
6983,28,0.66564,160,6535,N,23.3333333333333,2,96
6767,29,0.71972325,173,6983,N,24.1666666666667,2,96
2101,0,0.99429975,239,NA,N,0,0,97
2160,1,1.19399175,287,2101,N,0.833333333333333,0,97
2346,2,1.19399175,287,2160,N,1.66666666666667,0,97
2097,3,1.1399085,274,2346,N,2.5,0,97
2177,4,1.1731905,282,2097,N,3.33333333333333,0,97
2385,5,1.47688875,355,2177,N,4.16666666666667,0,97
2109,6,0.64483875,155,2385,Y,5,1,97
2268,7,0.798768,192,2109,N,5.83333333333333,1,97
3097,8,0.75300525,181,2268,N,6.66666666666667,1,97
3236,9,0.815409,196,3097,N,7.5,1,97
3161,10,0.82788975,199,3236,N,8.33333333333333,1,97
3244,11,0.91941525,221,3161,N,9.16666666666667,1,97
3084,12,0.8902935,214,3244,N,10,1,97
3105,13,0.898614,216,3084,N,10.8333333333333,1,97
3103,14,0.95269725,229,3105,N,11.6666666666667,1,97
3083,15,0.9901395,238,3103,N,12.5,1,97
4411,16,1.0400625,250,3083,N,13.3333333333333,1,97
4470,17,1.031742,248,4411,N,14.1666666666667,1,97
4419,18,1.03590225,249,4470,N,15,1,97
4462,19,1.098306,264,4419,N,15.8333333333333,1,97
5394,20,1.1898315,286,4462,N,16.6666666666667,1,97
4578,21,1.431126,344,5394,N,17.5,1,97
4465,22,1.181511,284,4578,N,18.3333333333333,1,97
5904,23,0.60323625,145,4465,Y,19.1666666666667,2,97
6217,24,0.76964625,185,5904,N,20,2,97
6228,25,0.95269725,229,6217,N,20.8333333333333,2,97
6252,26,0.9568575,230,6228,N,21.6666666666667,2,97
6369,27,0.89445375,215,6252,N,22.5,2,97
6625,28,0.81956925,197,6369,N,23.3333333333333,2,97
6505,29,0.79460775,191,6625,N,24.1666666666667,2,97
2485,0,1.0234215,246,NA,N,0,0,98
2835,1,0.95269725,229,2485,N,0.833333333333333,0,98
3002,2,0.98597925,237,2835,N,1.66666666666667,0,98
2799,3,1.03590225,249,3002,N,2.5,0,98
2868,6,1.198152,288,2799,N,5,0,98
2965,7,1.2231135,294,2868,N,5.83333333333333,0,98
4228,8,0.599076,144,2965,Y,6.66666666666667,1,98
4341,9,0.65315925,157,4228,N,7.5,1,98
4252,10,0.865332,208,4341,N,8.33333333333333,1,98
4362,11,0.7738065,186,4252,N,9.16666666666667,1,98
3884,12,0.78628725,189,4362,N,10,1,98
3600,13,0.86949225,209,3884,N,10.8333333333333,1,98
4134,14,0.8736525,210,3600,N,11.6666666666667,1,98
4360,15,0.88613325,213,4134,N,12.5,1,98
5003,16,0.8570115,206,4360,N,13.3333333333333,1,98
5361,17,0.8570115,206,5003,N,14.1666666666667,1,98
5676,19,0.98597925,237,5361,N,15.8333333333333,1,98
5878,20,0.9734985,234,5676,N,16.6666666666667,1,98
5973,21,1.19399175,287,5878,N,17.5,1,98
5650,22,1.08582525,261,5973,N,18.3333333333333,1,98
6193,23,1.54345275,371,5650,N,19.1666666666667,1,98
7949,24,1.314639,316,6193,N,20,1,98
7241,25,1.447767,348,7949,N,20.8333333333333,1,98
7370,26,0.66980025,161,7241,Y,21.6666666666667,2,98
7700,27,0.65315925,157,7370,N,22.5,2,98
7896,28,0.715563,172,7700,N,23.3333333333333,2,98
7819,29,0.67812075,163,7896,N,24.1666666666667,2,98
2485,0,1.0234215,246,NA,N,0,0,99
2835,1,0.95269725,229,2485,N,0.833333333333333,0,99
3002,2,0.98597925,237,2835,N,1.66666666666667,0,99
2799,3,1.03590225,249,3002,N,2.5,0,99
2868,6,1.198152,288,2799,N,5,0,99
2965,7,1.2231135,294,2868,N,5.83333333333333,0,99
4224,8,0.599076,144,2965,Y,6.66666666666667,1,99
4338,9,0.64483875,155,4224,N,7.5,1,99
4247,10,0.765486,184,4338,N,8.33333333333333,1,99
4359,11,0.82788975,199,4247,N,9.16666666666667,1,99
3880,12,0.77796675,187,4359,N,10,1,99
3596,13,0.85285125,205,3880,N,10.8333333333333,1,99
4131,14,0.865332,208,3596,N,11.6666666666667,1,99
4357,15,0.81124875,195,4131,N,12.5,1,99
4999,16,0.7904475,190,4357,N,13.3333333333333,1,99
5358,17,0.80292825,193,4999,N,14.1666666666667,1,99
5211,18,0.73636425,177,5358,N,15,1,99
5814,20,1.06918425,257,5211,N,16.6666666666667,1,99
5703,21,1.01094075,243,5814,N,17.5,1,99
5407,22,0.64483875,155,5703,Y,18.3333333333333,2,99
6122,23,0.76964625,185,5407,N,19.1666666666667,2,99
7852,24,0.7571655,182,6122,N,20,2,99
6949,25,0.76132575,183,7852,N,20.8333333333333,2,99
7131,26,0.7405245,178,6949,N,21.6666666666667,2,99
7479,27,0.80292825,193,7131,N,22.5,2,99
7789,28,0.815409,196,7479,N,23.3333333333333,2,99
7719,29,0.86949225,209,7789,N,24.1666666666667,2,99
2234,0,1.0733445,258,NA,N,0,0,100
2446,1,1.2397545,298,2234,N,0.833333333333333,0,100
2523,2,0.965178,232,2446,N,1.66666666666667,0,100
2164,3,0.53667225,129,2523,Y,2.5,1,100
2273,4,0.72804375,175,2164,N,3.33333333333333,1,100
2500,5,0.80292825,193,2273,N,4.16666666666667,1,100
2168,6,0.82788975,199,2500,N,5,1,100
2376,7,0.74468475,179,2168,N,5.83333333333333,1,100
3308,8,0.95269725,229,2376,N,6.66666666666667,1,100
3635,9,0.72804375,175,3308,N,7.5,1,100
3246,10,0.8570115,206,3635,N,8.33333333333333,1,100
3384,11,0.91109475,219,3246,N,9.16666666666667,1,100
3221,12,0.97765875,235,3384,N,10,1,100
3218,13,0.8570115,206,3221,N,10.8333333333333,1,100
3279,14,0.88613325,213,3218,N,11.6666666666667,1,100
3204,15,0.848691,204,3279,N,12.5,1,100
4629,16,0.9235755,222,3204,N,13.3333333333333,1,100
4507,17,0.94437675,227,4629,N,14.1666666666667,1,100
4559,18,1.23559425,297,4507,N,15,1,100
4614,19,1.12742775,271,4559,N,15.8333333333333,1,100
5516,20,0.632358,152,4614,Y,16.6666666666667,2,100
5224,21,0.86117175,207,5516,N,17.5,2,100
4718,22,0.7072425,170,5224,N,18.3333333333333,2,100
5979,23,0.8070885,194,4718,N,19.1666666666667,2,100
6789,24,0.765486,184,5979,N,20,2,100
6282,25,0.8237295,198,6789,N,20.8333333333333,2,100
6321,26,0.85285125,205,6282,N,21.6666666666667,2,100
6457,27,0.85285125,205,6321,N,22.5,2,100
6757,28,0.848691,204,6457,N,23.3333333333333,2,100
6670,29,0.865332,208,6757,N,24.1666666666667,2,100
2234,0,1.0733445,258,NA,N,0,0,101
2446,1,1.2397545,298,2234,N,0.833333333333333,0,101
2523,2,0.965178,232,2446,N,1.66666666666667,0,101
2169,3,0.66980025,161,2523,Y,2.5,1,101
2276,4,0.732204,176,2169,N,3.33333333333333,1,101
2505,5,0.748845,180,2276,N,4.16666666666667,1,101
2170,6,0.72804375,175,2505,N,5,1,101
2381,7,0.79460775,191,2170,N,5.83333333333333,1,101
3313,8,0.74468475,179,2381,N,6.66666666666667,1,101
3640,9,0.765486,184,3313,N,7.5,1,101
3630,10,0.7738065,186,3640,N,8.33333333333333,1,101
3388,11,0.782127,188,3630,N,9.16666666666667,1,101
3223,12,0.898614,216,3388,N,10,1,101
3220,13,0.77796675,187,3223,N,10.8333333333333,1,101
3283,14,0.82788975,199,3220,N,11.6666666666667,1,101
3207,15,0.931896,224,3283,N,12.5,1,101
4635,16,0.81124875,195,3207,N,13.3333333333333,1,101
4508,17,0.95269725,229,4635,N,14.1666666666667,1,101
4564,18,0.91941525,221,4508,N,15,1,101
4620,19,0.948537,228,4564,N,15.8333333333333,1,101
5522,20,0.981819,236,4620,N,16.6666666666667,1,101
5233,21,1.015101,244,5522,N,17.5,1,101
5981,23,1.21063275,291,5233,N,19.1666666666667,1,101
6791,24,0.532512,128,5981,Y,20,2,101
8095,0,NA,-1,NA,N,0,0,102
2840,1,1.114947,268,8095,N,0.833333333333333,0,102
3007,2,1.00262025,241,2840,N,1.66666666666667,0,102
2803,3,1.01094075,243,3007,N,2.5,0,102
2940,4,1.35208125,325,2803,N,3.33333333333333,0,102
3063,5,1.1399085,274,2940,N,4.16666666666667,0,102
2871,6,1.198152,288,3063,N,5,0,102
2969,7,1.3562415,326,2871,N,5.83333333333333,0,102
4240,8,1.364562,328,2969,N,6.66666666666667,0,102
4351,9,1.3063185,314,4240,N,7.5,0,102
4256,10,1.7889075,430,4351,N,8.33333333333333,0,102
4369,11,1.7556255,422,4256,N,9.16666666666667,0,102
3896,12,0.83205,200,4369,Y,10,1,102
3609,13,0.78628725,189,3896,N,10.8333333333333,1,102
4142,14,0.698922,168,3609,N,11.6666666666667,1,102
4368,15,0.67812075,163,4142,N,12.5,1,102
2240,0,1.39368375,335,NA,N,0,0,103
2452,1,1.297998,312,2240,N,0.833333333333333,0,103
2532,2,0.6739605,162,2452,Y,1.66666666666667,1,103
2176,3,0.76132575,183,2532,N,2.5,1,103
2284,4,0.76132575,183,2176,N,3.33333333333333,1,103
2593,5,0.76964625,185,2284,N,4.16666666666667,1,103
2175,6,0.732204,176,2593,N,5,1,103
2394,7,0.8070885,194,2175,N,5.83333333333333,1,103
3322,8,0.848691,204,2394,N,6.66666666666667,1,103
3649,9,0.865332,208,3322,N,7.5,1,103
3634,10,0.9901395,238,3649,N,8.33333333333333,1,103
3396,11,0.96933825,233,3634,N,9.16666666666667,1,103
3229,12,1.01094075,243,3396,N,10,1,103
3228,13,1.01094075,243,3229,N,10.8333333333333,1,103
3310,14,1.114947,268,3228,N,11.6666666666667,1,103
3217,15,0.99429975,239,3310,N,12.5,1,103
4645,16,1.06918425,257,3217,N,13.3333333333333,1,103
4511,17,1.447767,348,4645,N,14.1666666666667,1,103
4576,18,0.6240375,150,4511,Y,15,2,103
4636,19,0.782127,188,4576,N,15.8333333333333,2,103
5533,20,0.765486,184,4636,N,16.6666666666667,2,103
5247,21,0.76132575,183,5533,N,17.5,2,103
4733,22,0.75300525,181,5247,N,18.3333333333333,2,103
5987,23,0.798768,192,4733,N,19.1666666666667,2,103
6813,24,0.8570115,206,5987,N,20,2,103
6290,25,0.848691,204,6813,N,20.8333333333333,2,103
6327,26,0.9235755,222,6290,N,21.6666666666667,2,103
6469,27,1.04422275,251,6327,N,22.5,2,103
6778,28,0.95269725,229,6469,N,23.3333333333333,2,103
6679,29,0.99846,240,6778,N,24.1666666666667,2,103
2240,0,1.39368375,335,NA,N,0,0,104
2452,1,1.297998,312,2240,N,0.833333333333333,0,104
2528,2,0.732204,176,2452,Y,1.66666666666667,1,104
2173,3,0.715563,172,2528,N,2.5,1,104
2280,4,0.81956925,197,2173,N,3.33333333333333,1,104
2589,5,0.8070885,194,2280,N,4.16666666666667,1,104
2174,6,0.82788975,199,2589,N,5,1,104
2388,7,0.83621025,201,2174,N,5.83333333333333,1,104
3317,8,0.89445375,215,2388,N,6.66666666666667,1,104
3645,9,1.00262025,241,3317,N,7.5,1,104
3632,10,0.9402165,226,3645,N,8.33333333333333,1,104
3392,11,0.97765875,235,3632,N,9.16666666666667,1,104
3226,12,0.97765875,235,3392,N,10,1,104
3225,13,0.965178,232,3226,N,10.8333333333333,1,104
3307,14,0.96101775,231,3225,N,11.6666666666667,1,104
3213,15,0.98597925,237,3307,N,12.5,1,104
4640,16,1.2397545,298,3213,N,13.3333333333333,1,104
4509,17,1.39368375,335,4640,N,14.1666666666667,1,104
4568,18,1.57673475,379,4509,N,15,1,104
4626,19,1.431126,344,4568,N,15.8333333333333,1,104
5526,20,1.5226515,366,4626,N,16.6666666666667,1,104
5238,21,0.66564,160,5526,Y,17.5,2,104
4726,22,0.67812075,163,5238,N,18.3333333333333,2,104
5983,23,0.715563,172,4726,N,19.1666666666667,2,104
6801,24,0.68644125,165,5983,N,20,2,104
6287,25,0.76964625,185,6801,N,20.8333333333333,2,104
6324,26,0.7904475,190,6287,N,21.6666666666667,2,104
6463,27,0.815409,196,6324,N,22.5,2,104
6769,28,0.86117175,207,6463,N,23.3333333333333,2,104
2113,0,1.114947,268,NA,N,0,0,105
2685,1,1.1399085,274,2113,N,0.833333333333333,0,105
2831,2,1.2896775,310,2685,N,1.66666666666667,0,105
2383,3,1.1731905,282,2831,N,2.5,0,105
2551,4,1.2896775,310,2383,N,3.33333333333333,0,105
2999,5,1.48520925,357,2551,N,4.16666666666667,0,105
2460,6,1.580895,380,2999,N,5,0,105
2740,7,1.647459,396,2460,N,5.83333333333333,0,105
3901,8,0.75300525,181,2740,Y,6.66666666666667,1,105
3989,9,0.7571655,182,3901,N,7.5,1,105
4029,10,0.798768,192,3989,N,8.33333333333333,1,105
4129,11,0.91941525,221,4029,N,9.16666666666667,1,105
3751,12,0.898614,216,4129,N,10,1,105
3466,13,0.86949225,209,3751,N,10.8333333333333,1,105
3924,14,0.981819,236,3466,N,11.6666666666667,1,105
3705,15,0.97765875,235,3924,N,12.5,1,105
4890,16,1.08582525,261,3705,N,13.3333333333333,1,105
5075,17,0.61155675,147,4890,Y,14.1666666666667,2,105
2113,0,1.114947,268,NA,N,0,0,106
2685,1,1.1399085,274,2113,N,0.833333333333333,0,106
2831,2,1.2896775,310,2685,N,1.66666666666667,0,106
2383,3,1.1731905,282,2831,N,2.5,0,106
2551,4,1.2896775,310,2383,N,3.33333333333333,0,106
2999,5,1.48520925,357,2551,N,4.16666666666667,0,106
2460,6,1.580895,380,2999,N,5,0,106
2740,7,1.647459,396,2460,N,5.83333333333333,0,106
3720,8,0.83205,200,2740,Y,6.66666666666667,1,106
3985,9,0.798768,192,3720,N,7.5,1,106
4024,10,0.865332,208,3985,N,8.33333333333333,1,106
4126,11,0.8902935,214,4024,N,9.16666666666667,1,106
3750,12,0.98597925,237,4126,N,10,1,106
3463,13,0.9402165,226,3750,N,10.8333333333333,1,106
3917,14,0.9069345,218,3463,N,11.6666666666667,1,106
3702,15,0.96933825,233,3917,N,12.5,1,106
4889,16,1.081665,260,3702,N,13.3333333333333,1,106
5068,17,1.03590225,249,4889,N,14.1666666666667,1,106
4940,18,1.2231135,294,5068,N,15,1,106
5242,19,0.63651825,153,4940,Y,15.8333333333333,2,106
5800,20,0.6240375,150,5242,N,16.6666666666667,2,106
5646,21,0.61987725,149,5800,N,17.5,2,106
5344,22,0.71140275,171,5646,N,18.3333333333333,2,106
6103,23,0.7238835,174,5344,N,19.1666666666667,2,106
7624,24,0.71140275,171,6103,N,20,2,106
6874,25,0.66980025,161,7624,N,20.8333333333333,2,106
7027,26,0.7072425,170,6874,N,21.6666666666667,2,106
7395,27,0.69476175,167,7027,N,22.5,2,106
7749,28,0.7405245,178,7395,N,23.3333333333333,2,106
7677,29,0.71972325,173,7749,N,24.1666666666667,2,106
2115,0,1.10246625,265,NA,N,0,0,107
2206,1,1.081665,260,2115,N,0.833333333333333,0,107
2358,2,1.0567035,254,2206,N,1.66666666666667,0,107
2103,3,1.11910725,269,2358,N,2.5,0,107
2190,4,1.131588,272,2103,N,3.33333333333333,0,107
2412,5,1.11078675,267,2190,N,4.16666666666667,0,107
2119,6,1.13574825,273,2412,N,5,0,107
2291,7,1.07750475,259,2119,N,5.83333333333333,0,107
3920,8,0.6739605,162,2291,Y,6.66666666666667,1,107
4005,9,0.6906015,166,3920,N,7.5,1,107
4039,10,0.715563,172,4005,N,8.33333333333333,1,107
4137,11,0.682281,164,4039,N,9.16666666666667,1,107
3754,12,0.77796675,187,4137,N,10,1,107
3480,13,0.7738065,186,3754,N,10.8333333333333,1,107
3940,14,0.748845,180,3480,N,11.6666666666667,1,107
3712,15,0.76964625,185,3940,N,12.5,1,107
4893,16,0.8237295,198,3712,N,13.3333333333333,1,107
5095,17,0.7571655,182,4893,N,14.1666666666667,1,107
4949,18,0.87781275,211,5095,N,15,1,107
5276,19,0.82788975,199,4949,N,15.8333333333333,1,107
5805,20,0.965178,232,5276,N,16.6666666666667,1,107
5670,21,0.9734985,234,5805,N,17.5,1,107
5370,22,1.00262025,241,5670,N,18.3333333333333,1,107
6111,23,1.11910725,269,5370,N,19.1666666666667,1,107
7820,24,1.07750475,259,6111,N,20,1,107
6901,25,1.1565495,278,7820,N,20.8333333333333,1,107
7060,26,1.198152,288,6901,N,21.6666666666667,1,107
7421,27,1.16487,280,7060,N,22.5,1,107
7772,28,1.29383775,311,7421,N,23.3333333333333,1,107
7698,29,0.599076,144,7772,Y,24.1666666666667,2,107
2372,0,1.2064725,290,NA,N,0,0,108
2541,1,0.57827475,139,2372,Y,0.833333333333333,1,108
2637,2,0.6739605,162,2541,N,1.66666666666667,1,108
2263,3,0.69476175,167,2637,N,2.5,1,108
2379,4,0.74468475,179,2263,N,3.33333333333333,1,108
2882,5,0.73636425,177,2379,N,4.16666666666667,1,108
2270,6,0.72804375,175,2882,N,5,1,108
2595,7,0.76964625,185,2270,N,5.83333333333333,1,108
3406,8,0.80292825,193,2595,N,6.66666666666667,1,108
3844,9,0.80292825,193,3406,N,7.5,1,108
3832,10,0.815409,196,3844,N,8.33333333333333,1,108
3508,11,0.815409,196,3832,N,9.16666666666667,1,108
3681,12,0.7904475,190,3508,N,10,1,108
3327,13,0.765486,184,3681,N,10.8333333333333,1,108
3780,14,1.0400625,250,3327,N,11.6666666666667,1,108
3511,15,1.065024,256,3780,N,12.5,1,108
4932,16,0.4742685,114,3511,Y,13.3333333333333,2,108
2372,0,1.2064725,290,NA,N,0,0,109
2536,1,0.55331325,133,2372,Y,0.833333333333333,1,109
2631,2,0.64483875,155,2536,N,1.66666666666667,1,109
2252,3,0.62819775,151,2631,N,2.5,1,109
2374,4,0.615717,148,2252,N,3.33333333333333,1,109
2877,5,0.632358,152,2374,N,4.16666666666667,1,109
2266,6,0.682281,164,2877,N,5,1,109
2590,7,0.698922,168,2266,N,5.83333333333333,1,109
3403,8,0.73636425,177,2590,N,6.66666666666667,1,109
3841,9,0.715563,172,3403,N,7.5,1,109
3732,10,0.74468475,179,3841,N,8.33333333333333,1,109
3505,11,0.798768,192,3732,N,9.16666666666667,1,109
3680,12,0.75300525,181,3505,N,10,1,109
3323,13,0.815409,196,3680,N,10.8333333333333,1,109
3778,14,0.848691,204,3323,N,11.6666666666667,1,109
3457,15,1.031742,248,3778,N,12.5,1,109
4794,16,1.281357,308,3457,N,13.3333333333333,1,109
4677,17,0.7238835,174,4794,Y,14.1666666666667,2,109
4721,18,0.632358,152,4677,N,15,2,109
4849,19,0.615717,148,4721,N,15.8333333333333,2,109
5700,20,0.599076,144,4849,N,16.6666666666667,2,109
5428,21,0.63651825,153,5700,N,17.5,2,109
5050,22,0.5574735,134,5428,N,18.3333333333333,2,109
6042,23,0.5907555,142,5050,N,19.1666666666667,2,109
7001,24,0.648999,156,6042,N,20,2,109
6318,25,0.53667225,129,7001,N,20.8333333333333,2,109
6378,26,0.54499275,131,6318,N,21.6666666666667,2,109
6555,27,0.6406785,154,6378,N,22.5,2,109
7009,28,0.66147975,159,6555,N,23.3333333333333,2,109
6798,29,0.732204,176,7009,N,24.1666666666667,2,109
2118,0,0.52835175,127,NA,N,0,0,110
2210,1,0.5574735,134,2118,N,0.833333333333333,0,110
2362,2,0.582435,140,2210,N,1.66666666666667,0,110
2105,3,0.6073965,146,2362,N,2.5,0,110
2197,4,0.71140275,171,2105,N,3.33333333333333,0,110
2421,5,0.70308225,169,2197,N,4.16666666666667,0,110
2122,6,0.67812075,163,2421,N,5,0,110
2296,7,0.72804375,175,2122,N,5.83333333333333,0,110
3118,8,0.7238835,174,2296,N,6.66666666666667,0,110
3284,9,0.7072425,170,3118,N,7.5,0,110
3180,10,0.782127,188,3284,N,8.33333333333333,0,110
3280,11,0.931896,224,3180,N,9.16666666666667,0,110
3153,12,0.90277425,217,3280,N,10,0,110
3128,13,0.95269725,229,3153,N,10.8333333333333,0,110
3119,14,1.19399175,287,3128,N,11.6666666666667,0,110
3100,15,1.23559425,297,3119,N,12.5,0,110
4421,16,1.15238925,277,3100,N,13.3333333333333,0,110
4483,17,1.2730365,306,4421,N,14.1666666666667,0,110
4427,18,1.364562,328,4483,N,15,0,110
4549,19,0.76964625,185,4427,Y,15.8333333333333,1,110
5458,20,0.80292825,193,4549,N,16.6666666666667,1,110
5138,21,0.88613325,213,5458,N,17.5,1,110
4628,22,0.99429975,239,5138,N,18.3333333333333,1,110
5944,23,0.66980025,161,4628,N,19.1666666666667,1,110
7428,24,0.67812075,163,5944,N,20,1,110
6615,25,0.748845,180,7428,N,20.8333333333333,1,110
6779,26,0.76964625,185,6615,N,21.6666666666667,1,110
7120,27,0.86117175,207,6779,N,22.5,1,110
7599,28,0.94437675,227,7120,N,23.3333333333333,1,110
7439,29,0.965178,232,7599,N,24.1666666666667,1,110
2246,0,1.0733445,258,NA,N,0,0,111
2458,1,1.1399085,274,2246,N,0.833333333333333,0,111
2539,2,1.14406875,275,2458,N,1.66666666666667,0,111
2184,3,1.148229,276,2539,N,2.5,0,111
2297,4,1.30215825,313,2184,N,3.33333333333333,0,111
2603,5,0.682281,164,2297,Y,4.16666666666667,1,111
2188,6,0.75300525,181,2603,N,5,1,111
2418,7,0.698922,168,2188,N,5.83333333333333,1,111
3337,8,0.7571655,182,2418,N,6.66666666666667,1,111
3690,9,0.67812075,163,3337,N,7.5,1,111
3651,10,0.732204,176,3690,N,8.33333333333333,1,111
3412,11,0.865332,208,3651,N,9.16666666666667,1,111
3268,12,0.87781275,211,3412,N,10,1,111
3256,13,0.865332,208,3268,N,10.8333333333333,1,111
3326,14,0.9402165,226,3256,N,11.6666666666667,1,111
3250,15,0.931896,224,3326,N,12.5,1,111
4665,16,0.9235755,222,3250,N,13.3333333333333,1,111
4519,17,1.1399085,274,4665,N,14.1666666666667,1,111
4601,18,1.16070975,279,4519,N,15,1,111
4656,19,1.1898315,286,4601,N,15.8333333333333,1,111
5548,20,1.248075,300,4656,N,16.6666666666667,1,111
5270,21,0.69476175,167,5548,Y,17.5,2,111
4749,22,0.7738065,186,5270,N,18.3333333333333,2,111
5997,23,0.848691,204,4749,N,19.1666666666667,2,111
6838,24,1.00262025,241,5997,N,20,2,111
6295,25,0.881973,212,6838,N,20.8333333333333,2,111
6337,26,0.91109475,219,6295,N,21.6666666666667,2,111
6487,27,0.9568575,230,6337,N,22.5,2,111
6905,28,0.97765875,235,6487,N,23.3333333333333,2,111
6700,29,0.98597925,237,6905,N,24.1666666666667,2,111
2120,0,0.815409,196,NA,N,0,0,112
2215,1,0.93605625,225,2120,N,0.833333333333333,0,112
2369,2,0.97765875,235,2215,N,1.66666666666667,0,112
2108,3,1.00262025,241,2369,N,2.5,0,112
2202,4,1.031742,248,2108,N,3.33333333333333,0,112
2429,5,1.12742775,271,2202,N,4.16666666666667,0,112
2124,6,1.0899855,262,2429,N,5,0,112
2301,7,1.19399175,287,2124,N,5.83333333333333,0,112
3122,8,1.01094075,243,2301,N,6.66666666666667,0,112
3591,9,1.20231225,289,3122,N,7.5,0,112
3185,10,1.31879925,317,3591,N,8.33333333333333,0,112
3282,11,1.47688875,355,3185,N,9.16666666666667,0,112
3157,12,1.49352975,359,3282,N,10,0,112
3132,13,1.71818325,413,3157,N,10.8333333333333,0,112
3125,14,0.765486,184,3132,Y,11.6666666666667,1,112
3110,15,0.881973,212,3125,N,12.5,1,112
4422,16,0.7571655,182,3110,N,13.3333333333333,1,112
4485,17,0.77796675,187,4422,N,14.1666666666667,1,112
4429,18,0.86949225,209,4485,N,15,1,112
4475,19,0.7738065,186,4429,N,15.8333333333333,1,112
5413,20,0.8736525,210,4475,N,16.6666666666667,1,112
4970,21,0.91941525,221,5413,N,17.5,1,112
4577,22,0.86949225,209,4970,N,18.3333333333333,1,112
5928,23,0.98597925,237,4577,N,19.1666666666667,1,112
7423,24,1.08582525,261,5928,N,20,1,112
6609,25,1.2231135,294,7423,N,20.8333333333333,1,112
6764,26,1.214793,292,6609,N,21.6666666666667,1,112
7101,27,1.297998,312,6764,N,22.5,1,112
7596,28,1.05254325,253,7101,N,23.3333333333333,1,112
7425,29,1.26887625,305,7596,N,24.1666666666667,1,112
2380,0,1.42696575,343,NA,N,0,0,113
2548,1,0.8070885,194,2380,Y,0.833333333333333,1,113
2645,2,0.698922,168,2548,N,1.66666666666667,1,113
2272,3,0.765486,184,2645,N,2.5,1,113
2390,4,0.7571655,182,2272,N,3.33333333333333,1,113
2889,5,0.81956925,197,2390,N,4.16666666666667,1,113
2279,6,0.74468475,179,2889,N,5,1,113
2604,7,0.7738065,186,2279,N,5.83333333333333,1,113
3414,8,0.83205,200,2604,N,6.66666666666667,1,113
3853,9,0.7238835,174,3414,N,7.5,1,113
3842,10,0.881973,212,3853,N,8.33333333333333,1,113
3515,11,0.948537,228,3842,N,9.16666666666667,1,113
3683,12,0.91941525,221,3515,N,10,1,113
3333,13,0.91109475,219,3683,N,10.8333333333333,1,113
3785,14,1.10246625,265,3333,N,11.6666666666667,1,113
3461,15,1.2563955,302,3785,N,12.5,1,113
4803,16,1.3229595,318,3461,N,13.3333333333333,1,113
4693,17,1.20231225,289,4803,N,14.1666666666667,1,113
4919,18,0.60323625,145,4693,Y,15,2,113
5187,19,0.55331325,133,4919,N,15.8333333333333,2,113
5786,20,0.515871,124,5187,N,16.6666666666667,2,113
5599,21,0.65315925,157,5786,N,17.5,2,113
5290,22,0.5907555,142,5599,N,18.3333333333333,2,113
6093,23,0.64483875,155,5290,N,19.1666666666667,2,113
7607,24,0.74468475,179,6093,N,20,2,113
6845,25,0.71140275,171,7607,N,20.8333333333333,2,113
6998,26,0.73636425,177,6845,N,21.6666666666667,2,113
7362,27,0.86949225,209,6998,N,22.5,2,113
7732,28,0.91109475,219,7362,N,23.3333333333333,2,113
7658,29,0.91109475,219,7732,N,24.1666666666667,2,113
2380,0,1.42696575,343,NA,N,0,0,114
2544,1,0.56163375,135,2380,Y,0.833333333333333,1,114
2639,2,0.5241915,126,2544,N,1.66666666666667,1,114
2267,3,0.52835175,127,2639,N,2.5,1,114
2384,4,0.55331325,133,2267,N,3.33333333333333,1,114
2886,5,0.6739605,162,2384,N,4.16666666666667,1,114
2275,6,0.70308225,169,2886,N,5,1,114
2599,7,0.7405245,178,2275,N,5.83333333333333,1,114
3410,8,0.78628725,189,2599,N,6.66666666666667,1,114
3849,9,0.78628725,189,3410,N,7.5,1,114
3836,10,0.931896,224,3849,N,8.33333333333333,1,114
3512,11,0.87781275,211,3836,N,9.16666666666667,1,114
3682,12,0.898614,216,3512,N,10,1,114
3331,13,0.8403705,202,3682,N,10.8333333333333,1,114
3782,14,0.99429975,239,3331,N,11.6666666666667,1,114
4386,15,0.7405245,178,3782,N,12.5,1,114
5026,16,0.515871,124,4386,Y,13.3333333333333,2,114
5381,17,0.58659525,141,5026,N,14.1666666666667,2,114
5244,18,0.71972325,173,5381,N,15,2,114
5706,19,0.715563,172,5244,N,15.8333333333333,2,114
5888,20,0.81956925,197,5706,N,16.6666666666667,2,114
5988,21,0.71972325,173,5888,N,17.5,2,114
5677,22,0.7072425,170,5988,N,18.3333333333333,2,114
6199,23,0.76964625,185,5677,N,19.1666666666667,2,114
7389,24,0.87781275,211,6199,N,20,2,114
6564,25,0.86949225,209,7389,N,20.8333333333333,2,114
6699,26,0.94437675,227,6564,N,21.6666666666667,2,114
7038,27,1.081665,260,6699,N,22.5,2,114
7542,28,1.14406875,275,7038,N,23.3333333333333,2,114
7381,29,1.098306,264,7542,N,24.1666666666667,2,114
2127,0,0.91941525,221,NA,N,0,0,115
2702,1,1.06086375,255,2127,N,0.833333333333333,0,115
2842,2,0.881973,212,2702,N,1.66666666666667,0,115
2679,3,0.65315925,157,2842,Y,2.5,1,115
2884,4,0.63651825,153,2679,N,3.33333333333333,1,115
3047,5,0.732204,176,2884,N,4.16666666666667,1,115
2722,6,0.7571655,182,3047,N,5,1,115
2916,7,0.748845,180,2722,N,5.83333333333333,1,115
4067,8,0.84453075,203,2916,N,6.66666666666667,1,115
4293,9,0.948537,228,4067,N,7.5,1,115
4181,10,0.9069345,218,4293,N,8.33333333333333,1,115
4314,11,0.83621025,201,4181,N,9.16666666666667,1,115
3825,12,0.931896,224,4314,N,10,1,115
3567,13,0.915255,220,3825,N,10.8333333333333,1,115
5080,17,0.92773575,223,3567,N,14.1666666666667,1,115
4944,18,0.93605625,225,5080,N,15,1,115
5633,20,0.65315925,157,4944,Y,16.6666666666667,2,115
5360,21,0.69476175,167,5633,N,17.5,2,115
4823,22,0.73636425,177,5360,N,18.3333333333333,2,115
6026,23,0.74468475,179,4823,N,19.1666666666667,2,115
7502,24,0.782127,188,6026,N,20,2,115
6703,25,0.69476175,167,7502,N,20.8333333333333,2,115
6871,26,0.77796675,187,6703,N,21.6666666666667,2,115
7224,27,0.79460775,191,6871,N,22.5,2,115
7653,28,0.765486,184,7224,N,23.3333333333333,2,115
7516,29,0.72804375,175,7653,N,24.1666666666667,2,115
2127,0,0.91941525,221,NA,N,0,0,116
2702,1,1.06086375,255,2127,N,0.833333333333333,0,116
2842,2,0.881973,212,2702,N,1.66666666666667,0,116
2402,3,0.59491575,143,2842,Y,2.5,1,116
2559,4,0.56995425,137,2402,N,3.33333333333333,1,116
3004,5,0.565794,136,2559,N,4.16666666666667,1,116
2467,6,0.582435,140,3004,N,5,1,116
2756,7,0.5408325,130,2467,N,5.83333333333333,1,116
3910,8,0.6573195,158,2756,N,6.66666666666667,1,116
3997,9,0.67812075,163,3910,N,7.5,1,116
4032,10,0.63651825,153,3997,N,8.33333333333333,1,116
4132,11,0.58659525,141,4032,N,9.16666666666667,1,116
3752,12,0.64483875,155,4132,N,10,1,116
3473,13,0.765486,184,3752,N,10.8333333333333,1,116
5085,17,0.90277425,217,3473,N,14.1666666666667,1,116
4554,18,0.95269725,229,5085,N,15,1,116
5293,21,0.59491575,143,4554,Y,17.5,2,116
4767,22,0.55331325,133,5293,N,18.3333333333333,2,116
6004,23,0.62819775,151,4767,N,19.1666666666667,2,116
6842,24,0.66564,160,6004,N,20,2,116
6297,25,0.66980025,161,6842,N,20.8333333333333,2,116
6339,26,0.70308225,169,6297,N,21.6666666666667,2,116
6489,27,0.70308225,169,6339,N,22.5,2,116
6910,28,0.8403705,202,6489,N,23.3333333333333,2,116
6702,29,0.67812075,163,6910,N,24.1666666666667,2,116
2257,0,1.07750475,259,NA,N,0,0,117
2791,1,0.7571655,182,2257,N,0.833333333333333,0,117
2927,2,0.648999,156,2791,N,1.66666666666667,0,117
2619,3,0.6073965,146,2927,N,2.5,0,117
2747,4,0.6406785,154,2619,N,3.33333333333333,0,117
3031,5,0.83205,200,2747,N,4.16666666666667,0,117
2547,6,0.81956925,197,3031,N,5,0,117
2854,7,0.8736525,210,2547,N,5.83333333333333,0,117
4006,8,0.9734985,234,2854,N,6.66666666666667,0,117
4211,9,1.0899855,262,4006,N,7.5,0,117
4119,10,1.22727375,295,4211,N,8.33333333333333,0,117
4230,11,1.28551725,309,4119,N,9.16666666666667,0,117
3789,12,1.19399175,287,4230,N,10,0,117
3548,13,1.34376075,323,3789,N,10.8333333333333,0,117
4022,14,1.2064725,290,3548,N,11.6666666666667,0,117
4217,15,1.18567125,285,4022,N,12.5,0,117
4920,16,1.30215825,313,4217,N,13.3333333333333,0,117
5210,17,0.682281,164,4920,Y,14.1666666666667,1,117
5020,18,0.61155675,147,5210,N,15,1,117
5525,19,0.732204,176,5020,N,15.8333333333333,1,117
5835,20,0.75300525,181,5525,N,16.6666666666667,1,117
5757,21,0.76964625,185,5835,N,17.5,1,117
5478,22,0.81956925,197,5757,N,18.3333333333333,1,117
6146,23,0.9402165,226,5478,N,19.1666666666667,1,117
7272,24,0.965178,232,6146,N,20,1,117
6467,25,0.90277425,217,7272,N,20.8333333333333,1,117
7349,28,0.60323625,145,6467,N,23.3333333333333,1,117
7189,29,0.648999,156,7349,N,24.1666666666667,1,117
2130,0,0.615717,148,NA,N,0,0,118
2705,1,0.599076,144,2130,N,0.833333333333333,0,118
2845,2,0.6906015,166,2705,N,1.66666666666667,0,118
2409,3,0.66147975,159,2845,N,2.5,0,118
2564,4,0.71972325,173,2409,N,3.33333333333333,0,118
3006,5,0.72804375,175,2564,N,4.16666666666667,0,118
2471,6,0.75300525,181,3006,N,5,0,118
2759,7,0.848691,204,2471,N,5.83333333333333,0,118
3915,8,0.81124875,195,2759,N,6.66666666666667,0,118
4001,9,0.9402165,226,3915,N,7.5,0,118
4035,10,0.94437675,227,4001,N,8.33333333333333,0,118
4135,11,1.01094075,243,4035,N,9.16666666666667,0,118
3753,12,1.06086375,255,4135,N,10,0,118
3476,13,1.0733445,258,3753,N,10.8333333333333,0,118
3935,14,1.04422275,251,3476,N,11.6666666666667,0,118
3710,15,1.114947,268,3935,N,12.5,0,118
4892,16,1.065024,256,3710,N,13.3333333333333,0,118
5090,17,1.1731905,282,4892,N,14.1666666666667,0,118
4945,18,0.54499275,131,5090,Y,15,1,118
5259,19,0.50339025,121,4945,N,15.8333333333333,1,118
5803,20,0.6240375,150,5259,N,16.6666666666667,1,118
5662,21,0.5741145,138,5803,N,17.5,1,118
5362,22,0.56995425,137,5662,N,18.3333333333333,1,118
6109,23,0.61155675,147,5362,N,19.1666666666667,1,118
7167,24,0.648999,156,6109,N,20,1,118
6413,25,0.59491575,143,7167,N,20.8333333333333,1,118
6468,26,0.67812075,163,6413,N,21.6666666666667,1,118
6687,27,0.66147975,159,6468,N,22.5,1,118
7203,28,0.698922,168,6687,N,23.3333333333333,1,118
7018,29,0.85285125,205,7203,N,24.1666666666667,1,118
2517,0,0.881973,212,NA,N,0,0,119
2851,1,0.632358,152,2517,Y,0.833333333333333,1,119
3016,2,0.61155675,147,2851,N,1.66666666666667,1,119
2806,3,0.698922,168,3016,N,2.5,1,119
2949,4,0.765486,184,2806,N,3.33333333333333,1,119
3065,5,0.83621025,201,2949,N,4.16666666666667,1,119
2878,6,0.8070885,194,3065,N,5,1,119
2973,7,0.80292825,193,2878,N,5.83333333333333,1,119
4248,8,0.85285125,205,2973,N,6.66666666666667,1,119
4355,9,0.8570115,206,4248,N,7.5,1,119
4264,10,0.765486,184,4355,N,8.33333333333333,1,119
4378,11,0.848691,204,4264,N,9.16666666666667,1,119
3908,12,0.8736525,210,4378,N,10,1,119
3618,13,0.81956925,197,3908,N,10.8333333333333,1,119
4151,14,0.93605625,225,3618,N,11.6666666666667,1,119
4377,15,0.91941525,221,4151,N,12.5,1,119
5031,16,0.9734985,234,4377,N,13.3333333333333,1,119
5385,17,0.85285125,205,5031,N,14.1666666666667,1,119
5251,18,1.26887625,305,5385,N,15,1,119
5712,19,0.5741145,138,5251,Y,15.8333333333333,2,119
5894,20,0.6240375,150,5712,N,16.6666666666667,2,119
5992,21,0.6739605,162,5894,N,17.5,2,119
5684,22,0.7738065,186,5992,N,18.3333333333333,2,119
6201,23,0.732204,176,5684,N,19.1666666666667,2,119
7953,24,0.599076,144,6201,N,20,2,119
7253,25,0.72804375,175,7953,N,20.8333333333333,2,119
7433,26,0.88613325,213,7253,N,21.6666666666667,2,119
7723,27,0.83621025,201,7433,N,22.5,2,119
7912,28,0.94437675,227,7723,N,23.3333333333333,2,119
7841,29,1.0899855,262,7912,N,24.1666666666667,2,119
2517,0,0.881973,212,NA,N,0,0,120
2853,1,0.43682625,105,2517,Y,0.833333333333333,1,120
3018,2,0.42850575,103,2853,N,1.66666666666667,1,120
2809,3,0.54499275,131,3018,N,2.5,1,120
2952,4,0.5574735,134,2809,N,3.33333333333333,1,120
3066,5,0.682281,164,2952,N,4.16666666666667,1,120
2880,6,0.63651825,153,3066,N,5,1,120
2975,7,0.798768,192,2880,N,5.83333333333333,1,120
4251,8,0.7571655,182,2975,N,6.66666666666667,1,120
4358,9,0.7405245,178,4251,N,7.5,1,120
4269,10,0.6739605,162,4358,N,8.33333333333333,1,120
4381,11,0.65315925,157,4269,N,9.16666666666667,1,120
3911,12,0.782127,188,4381,N,10,1,120
3621,13,0.79460775,191,3911,N,10.8333333333333,1,120
4154,14,0.798768,192,3621,N,11.6666666666667,1,120
4379,15,0.91941525,221,4154,N,12.5,1,120
5036,16,1.12742775,271,4379,N,13.3333333333333,1,120
5389,17,1.14406875,275,5036,N,14.1666666666667,1,120
5256,18,0.91941525,221,5389,N,15,1,120
5716,19,1.0733445,258,5256,N,15.8333333333333,1,120
5896,20,0.5075505,122,5716,Y,16.6666666666667,2,120
5994,21,0.465948,112,5896,N,17.5,2,120
5687,22,0.5241915,126,5994,N,18.3333333333333,2,120
6202,23,0.482589,116,5687,N,19.1666666666667,2,120
7954,24,0.4742685,114,6202,N,20,2,120
7254,25,0.50339025,121,7954,N,20.8333333333333,2,120
7437,26,0.57827475,139,7254,N,21.6666666666667,2,120
7726,27,0.66980025,161,7437,N,22.5,2,120
7914,28,0.765486,184,7726,N,23.3333333333333,2,120
7843,29,0.74468475,179,7914,N,24.1666666666667,2,120
2134,0,1.31879925,317,NA,N,0,0,121
2710,1,1.25223525,301,2134,N,0.833333333333333,0,121
2849,2,1.26887625,305,2710,N,1.66666666666667,0,121
2416,3,1.3063185,314,2849,N,2.5,0,121
2570,4,1.5226515,366,2416,N,3.33333333333333,0,121
3008,5,1.5725745,378,2570,N,4.16666666666667,0,121
2475,6,1.564254,376,3008,N,5,0,121
2764,7,0.8237295,198,2475,Y,5.83333333333333,1,121
3927,8,0.86949225,209,2764,N,6.66666666666667,1,121
4012,9,0.881973,212,3927,N,7.5,1,121
4047,10,0.9734985,234,4012,N,8.33333333333333,1,121
4143,11,0.9568575,230,4047,N,9.16666666666667,1,121
3756,12,1.06086375,255,4143,N,10,1,121
3488,13,0.9901395,238,3756,N,10.8333333333333,1,121
3950,14,1.21063275,291,3488,N,11.6666666666667,1,121
3715,15,1.24391475,299,3950,N,12.5,1,121
4895,16,1.18567125,285,3715,N,13.3333333333333,1,121
5105,17,1.231434,296,4895,N,14.1666666666667,1,121
4953,18,1.20231225,289,5105,N,15,1,121
5288,19,1.41864525,341,4953,N,15.8333333333333,1,121
5807,20,0.65315925,157,5288,Y,16.6666666666667,2,121
5378,22,0.66147975,159,5807,N,18.3333333333333,2,121
6115,23,0.71972325,173,5378,N,19.1666666666667,2,121
7830,24,0.71140275,171,6115,N,20,2,121
6924,25,0.71972325,173,7830,N,20.8333333333333,2,121
7085,26,0.7571655,182,6924,N,21.6666666666667,2,121
7438,27,0.77796675,187,7085,N,22.5,2,121
7781,28,0.86117175,207,7438,N,23.3333333333333,2,121
7708,29,0.848691,204,7781,N,24.1666666666667,2,121
2134,0,1.31879925,317,NA,N,0,0,122
2710,1,1.25223525,301,2134,N,0.833333333333333,0,122
2849,2,1.26887625,305,2710,N,1.66666666666667,0,122
2416,3,1.3063185,314,2849,N,2.5,0,122
2570,4,1.5226515,366,2416,N,3.33333333333333,0,122
3008,5,1.5725745,378,2570,N,4.16666666666667,0,122
2475,6,1.564254,376,3008,N,5,0,122
2761,7,0.765486,184,2475,Y,5.83333333333333,1,122
3925,8,0.6739605,162,2761,N,6.66666666666667,1,122
4009,9,0.73636425,177,3925,N,7.5,1,122
4043,10,0.74468475,179,4009,N,8.33333333333333,1,122
4140,11,0.75300525,181,4043,N,9.16666666666667,1,122
3755,12,0.782127,188,4140,N,10,1,122
3484,13,0.83621025,201,3755,N,10.8333333333333,1,122
3945,14,0.865332,208,3484,N,11.6666666666667,1,122
3717,15,1.065024,256,3945,N,12.5,1,122
4894,16,1.0400625,250,3717,N,13.3333333333333,1,122
5102,17,1.08582525,261,4894,N,14.1666666666667,1,122
4951,18,1.048383,252,5102,N,15,1,122
5280,19,1.01094075,243,4951,N,15.8333333333333,1,122
5806,20,1.06086375,255,5280,N,16.6666666666667,1,122
5374,22,1.41032475,339,5806,N,18.3333333333333,1,122
6113,23,0.83205,200,5374,Y,19.1666666666667,2,122
7824,24,0.9069345,218,6113,N,20,2,122
6912,25,0.95269725,229,7824,N,20.8333333333333,2,122
7074,26,0.95269725,229,6912,N,21.6666666666667,2,122
7431,27,0.9901395,238,7074,N,22.5,2,122
7777,28,1.01926125,245,7431,N,23.3333333333333,2,122
7702,29,1.031742,248,7777,N,24.1666666666667,2,122
2140,0,0.782127,188,NA,N,0,0,123
2724,1,1.11078675,267,2140,N,0.833333333333333,0,123
2859,2,1.1399085,274,2724,N,1.66666666666667,0,123
2439,3,1.048383,252,2859,N,2.5,0,123
2580,4,0.52835175,127,2439,Y,3.33333333333333,1,123
3012,5,0.52003125,125,2580,N,4.16666666666667,1,123
2729,7,0.549153,132,3012,N,5.83333333333333,1,123
3518,8,0.66564,160,2729,N,6.66666666666667,1,123
3197,12,0.47842875,115,3518,N,10,1,123
3194,13,0.515871,124,3197,N,10.8333333333333,1,123
3234,14,0.51171075,123,3194,N,11.6666666666667,1,123
3178,15,0.49506975,119,3234,N,12.5,1,123
4566,16,0.582435,140,3178,N,13.3333333333333,1,123
4500,17,0.49506975,119,4566,N,14.1666666666667,1,123
4525,18,0.56163375,135,4500,N,15,1,123
4569,19,0.565794,136,4525,N,15.8333333333333,1,123
5475,20,0.515871,124,4569,N,16.6666666666667,1,123
5165,21,0.54499275,131,5475,N,17.5,1,123
5661,22,0.50339025,121,5165,N,18.3333333333333,1,123
6793,26,0.61987725,149,5661,N,21.6666666666667,1,123
7132,27,0.6073965,146,6793,N,22.5,1,123
7609,28,0.68644125,165,7132,N,23.3333333333333,1,123
7453,29,0.57827475,139,7609,N,24.1666666666667,1,123
2140,0,0.782127,188,NA,N,0,0,124
2724,1,1.11078675,267,2140,N,0.833333333333333,0,124
2859,2,1.1399085,274,2724,N,1.66666666666667,0,124
2439,3,1.048383,252,2859,N,2.5,0,124
2585,4,0.565794,136,2439,Y,3.33333333333333,1,124
3013,5,0.6406785,154,2585,N,4.16666666666667,1,124
2732,7,0.67812075,163,3013,N,5.83333333333333,1,124
3522,8,0.715563,172,2732,N,6.66666666666667,1,124
3969,9,0.75300525,181,3522,N,7.5,1,124
3748,12,0.6906015,166,3969,N,10,1,124
3458,13,0.81124875,195,3748,N,10.8333333333333,1,124
3903,14,0.77796675,187,3458,N,11.6666666666667,1,124
3696,15,0.7571655,182,3903,N,12.5,1,124
4887,16,0.77796675,187,3696,N,13.3333333333333,1,124
5060,17,0.898614,216,4887,N,14.1666666666667,1,124
5638,21,0.898614,216,5060,N,17.5,1,124
5415,22,0.88613325,213,5638,N,18.3333333333333,1,124
7951,24,0.881973,212,5415,N,20,1,124
6432,25,0.60323625,145,7951,Y,20.8333333333333,2,124
6482,26,0.615717,148,6432,N,21.6666666666667,2,124
6715,27,0.66980025,161,6482,N,22.5,2,124
7283,28,0.63651825,153,6715,N,23.3333333333333,2,124
7057,29,0.74468475,179,7283,N,24.1666666666667,2,124
2271,0,1.06918425,257,NA,N,0,0,125
2795,1,1.11078675,267,2271,N,0.833333333333333,0,125
2935,2,1.04422275,251,2795,N,1.66666666666667,0,125
2628,3,0.67812075,163,2935,Y,2.5,1,125
2271,0,1.06918425,257,NA,N,0,0,126
2795,1,1.11078675,267,2271,N,0.833333333333333,0,126
2935,2,1.04422275,251,2795,N,1.66666666666667,0,126
2634,3,0.698922,168,2935,Y,2.5,1,126
2752,4,0.8403705,202,2634,N,3.33333333333333,1,126
3033,5,0.86117175,207,2752,N,4.16666666666667,1,126
2569,6,0.7904475,190,3033,N,5,1,126
2836,7,0.81956925,197,2569,N,5.83333333333333,1,126
3994,8,0.87781275,211,2836,N,6.66666666666667,1,126
4201,9,0.9235755,222,3994,N,7.5,1,126
4093,10,0.948537,228,4201,N,8.33333333333333,1,126
4219,11,0.96933825,233,4093,N,9.16666666666667,1,126
3784,12,0.9568575,230,4219,N,10,1,126
3544,13,1.13574825,273,3784,N,10.8333333333333,1,126
4007,14,1.13574825,273,3544,N,11.6666666666667,1,126
4210,15,1.065024,256,4007,N,12.5,1,126
4914,16,1.23559425,297,4210,N,13.3333333333333,1,126
5196,17,1.297998,312,4914,N,14.1666666666667,1,126
5005,18,1.3396005,322,5196,N,15,1,126
5509,19,1.564254,376,5005,N,15.8333333333333,1,126
5831,20,1.34376075,323,5509,N,16.6666666666667,1,126
5752,21,1.5060105,362,5831,N,17.5,1,126
5470,22,1.59337575,383,5752,N,18.3333333333333,1,126
6142,23,0.798768,192,5470,Y,19.1666666666667,2,126
7872,24,0.8570115,206,6142,N,20,2,126
6988,25,0.748845,180,7872,N,20.8333333333333,2,126
7157,26,0.8902935,214,6988,N,21.6666666666667,2,126
7509,27,0.83621025,201,7157,N,22.5,2,126
7798,28,0.782127,188,7509,N,23.3333333333333,2,126
7737,29,0.86949225,209,7798,N,24.1666666666667,2,126
2400,0,1.23559425,297,NA,N,0,0,127
2819,1,1.07750475,259,2400,N,0.833333333333333,0,127
2971,2,1.065024,256,2819,N,1.66666666666667,0,127
2684,3,1.21895325,293,2971,N,2.5,0,127
2892,4,1.2231135,294,2684,N,3.33333333333333,0,127
3050,5,1.264716,304,2892,N,4.16666666666667,0,127
2731,6,1.264716,304,3050,N,5,0,127
2931,7,1.28551725,309,2731,N,5.83333333333333,0,127
4075,8,1.447767,348,2931,N,6.66666666666667,0,127
4299,9,1.347921,324,4075,N,7.5,0,127
4121,10,0.80292825,193,4299,Y,8.33333333333333,1,127
4234,11,0.8736525,210,4121,N,9.16666666666667,1,127
3791,12,0.698922,168,4234,N,10,1,127
3550,13,0.68644125,165,3791,N,10.8333333333333,1,127
4025,14,0.68644125,165,3550,N,11.6666666666667,1,127
4223,15,0.682281,164,4025,N,12.5,1,127
5631,21,0.9235755,222,4223,N,17.5,1,127
5337,22,0.9069345,218,5631,N,18.3333333333333,1,127
6033,23,1.11910725,269,5337,N,19.1666666666667,1,127
7426,26,0.59491575,143,6033,Y,21.6666666666667,2,127
7716,27,0.66147975,159,7426,N,22.5,2,127
7906,28,0.532512,128,7716,N,23.3333333333333,2,127
2400,0,1.23559425,297,NA,N,0,0,128
2819,1,1.07750475,259,2400,N,0.833333333333333,0,128
2971,2,1.065024,256,2819,N,1.66666666666667,0,128
2684,3,1.21895325,293,2971,N,2.5,0,128
2892,4,1.2231135,294,2684,N,3.33333333333333,0,128
3050,5,1.264716,304,2892,N,4.16666666666667,0,128
2731,6,1.264716,304,3050,N,5,0,128
2931,7,1.28551725,309,2731,N,5.83333333333333,0,128
4075,8,1.447767,348,2931,N,6.66666666666667,0,128
4299,9,1.347921,324,4075,N,7.5,0,128
4372,11,0.815409,196,4299,Y,9.16666666666667,1,128
3900,12,0.86117175,207,4372,N,10,1,128
3612,13,0.931896,224,3900,N,10.8333333333333,1,128
4145,14,0.9235755,222,3612,N,11.6666666666667,1,128
4371,15,0.97765875,235,4145,N,12.5,1,128
5627,21,1.1232675,270,4371,N,17.5,1,128
5332,22,1.2896775,310,5627,N,18.3333333333333,1,128
6101,23,1.21895325,293,5332,N,19.1666666666667,1,128
7016,26,0.71972325,173,6101,Y,21.6666666666667,2,128
7387,27,0.80292825,193,7016,N,22.5,2,128
7744,28,0.82788975,199,7387,N,23.3333333333333,2,128
7668,29,0.72804375,175,7744,N,24.1666666666667,2,128
2531,0,0.8237295,198,NA,N,0,0,129
2659,1,0.798768,192,2531,N,0.833333333333333,0,129
2748,2,1.00262025,241,2659,N,1.66666666666667,0,129
2319,3,0.99429975,239,2748,N,2.5,0,129
2468,4,1.14406875,275,2319,N,3.33333333333333,0,129
2974,5,1.06086375,255,2468,N,4.16666666666667,0,129
2387,6,1.01926125,245,2974,N,5,0,129
2676,7,1.11910725,269,2387,N,5.83333333333333,0,129
3474,8,0.96101775,231,2676,N,6.66666666666667,0,129
3919,9,1.19399175,287,3474,N,7.5,0,129
4279,10,0.682281,164,3919,Y,8.33333333333333,1,129
4392,11,0.75300525,181,4279,N,9.16666666666667,1,129
3930,12,0.815409,196,4392,N,10,1,129
3686,13,0.815409,196,3930,N,10.8333333333333,1,129
4170,14,0.86117175,207,3686,N,11.6666666666667,1,129
4385,15,0.86949225,209,4170,N,12.5,1,129
5065,16,0.9235755,222,4385,N,13.3333333333333,1,129
5408,17,0.91941525,221,5065,N,14.1666666666667,1,129
5275,18,0.9235755,222,5408,N,15,1,129
5731,19,0.94437675,227,5275,N,15.8333333333333,1,129
5911,20,0.931896,224,5731,N,16.6666666666667,1,129
6005,21,0.948537,228,5911,N,17.5,1,129
5713,22,1.06918425,257,6005,N,18.3333333333333,1,129
6208,23,1.0400625,250,5713,N,19.1666666666667,1,129
7959,24,1.11910725,269,6208,N,20,1,129
7282,25,1.131588,272,7959,N,20.8333333333333,1,129
7461,26,1.148229,276,7282,N,21.6666666666667,1,129
7752,27,1.1232675,270,7461,N,22.5,1,129
7924,28,1.1232675,270,7752,N,23.3333333333333,1,129
7859,29,1.364562,328,7924,N,24.1666666666667,1,129
2407,0,0.91109475,219,NA,N,0,0,130
2820,1,0.815409,196,2407,N,0.833333333333333,0,130
2984,2,0.8736525,210,2820,N,1.66666666666667,0,130
2688,3,0.848691,204,2984,N,2.5,0,130
2896,4,0.87781275,211,2688,N,3.33333333333333,0,130
3051,5,0.981819,236,2896,N,4.16666666666667,0,130
2739,6,0.898614,216,3051,N,5,0,130
2938,7,1.01926125,245,2739,N,5.83333333333333,0,130
4078,8,0.95269725,229,2938,N,6.66666666666667,0,130
4309,9,0.97765875,235,4078,N,7.5,0,130
4212,10,1.065024,256,4309,N,8.33333333333333,0,130
4324,11,1.148229,276,4212,N,9.16666666666667,0,130
3835,12,1.13574825,273,4324,N,10,0,130
3574,13,1.21895325,293,3835,N,10.8333333333333,0,130
4099,14,1.53513225,369,3574,N,11.6666666666667,0,130
4325,15,1.447767,348,4099,N,12.5,0,130
4969,16,0.5907555,142,4325,Y,13.3333333333333,1,130
5320,17,0.6739605,162,4969,N,14.1666666666667,1,130
5157,18,0.599076,144,5320,N,15,1,130
5635,19,0.6240375,150,5157,N,15.8333333333333,1,130
5867,20,0.71140275,171,5635,N,16.6666666666667,1,130
5945,21,0.67812075,163,5867,N,17.5,1,130
5604,22,0.7405245,178,5945,N,18.3333333333333,1,130
6179,23,0.7405245,178,5604,N,19.1666666666667,1,130
7936,24,0.698922,168,6179,N,20,1,130
7172,25,0.732204,176,7936,N,20.8333333333333,1,130
7302,26,0.70308225,169,7172,N,21.6666666666667,1,130
7637,27,0.81956925,197,7302,N,22.5,1,130
7885,28,0.68644125,165,7637,N,23.3333333333333,1,130
7807,29,0.76964625,185,7885,N,24.1666666666667,1,130
2535,0,0.9069345,218,NA,N,0,0,131
2856,1,0.91941525,221,2535,N,0.833333333333333,0,131
3021,2,1.0067805,242,2856,N,1.66666666666667,0,131
2811,3,1.031742,248,3021,N,2.5,0,131
2955,4,1.1399085,274,2811,N,3.33333333333333,0,131
3067,5,1.02758175,247,2955,N,4.16666666666667,0,131
2883,6,1.16070975,279,3067,N,5,0,131
2977,7,0.52835175,127,2883,Y,5.83333333333333,1,131
4255,8,0.60323625,145,2977,N,6.66666666666667,1,131
4361,9,0.5907555,142,4255,N,7.5,1,131
4271,10,0.7405245,178,4361,N,8.33333333333333,1,131
4390,11,0.68644125,165,4271,N,9.16666666666667,1,131
3916,12,0.632358,152,4390,N,10,1,131
3623,13,0.648999,156,3916,N,10.8333333333333,1,131
4157,14,0.632358,152,3623,N,11.6666666666667,1,131
4380,15,0.64483875,155,4157,N,12.5,1,131
5041,16,0.63651825,153,4380,N,13.3333333333333,1,131
5393,17,0.6073965,146,5041,N,14.1666666666667,1,131
5258,18,0.6573195,158,5393,N,15,1,131
5719,19,0.71140275,171,5258,N,15.8333333333333,1,131
5902,20,0.75300525,181,5719,N,16.6666666666667,1,131
5998,21,0.79460775,191,5902,N,17.5,1,131
5697,22,0.815409,196,5998,N,18.3333333333333,1,131
6204,23,0.9235755,222,5697,N,19.1666666666667,1,131
7956,24,0.91109475,219,6204,N,20,1,131
7264,25,0.96101775,231,7956,N,20.8333333333333,1,131
7446,26,0.881973,212,7264,N,21.6666666666667,1,131
7738,27,1.0234215,246,7446,N,22.5,1,131
7919,28,0.98597925,237,7738,N,23.3333333333333,1,131
7851,29,1.06918425,257,7919,N,24.1666666666667,1,131
2540,0,1.198152,288,NA,N,0,0,132
2860,1,0.7405245,178,2540,N,0.833333333333333,0,132
3023,2,0.91941525,221,2860,N,1.66666666666667,0,132
2815,3,0.981819,236,3023,N,2.5,0,132
2970,4,1.031742,248,2815,N,3.33333333333333,0,132
3068,5,1.0899855,262,2970,N,4.16666666666667,0,132
2887,6,1.07750475,259,3068,N,5,0,132
2982,7,1.24391475,299,2887,N,5.83333333333333,0,132
4263,8,1.08582525,261,2982,N,6.66666666666667,0,132
4367,9,1.2064725,290,4263,N,7.5,0,132
4283,10,1.2896775,310,4367,N,8.33333333333333,0,132
4393,11,1.25223525,301,4283,N,9.16666666666667,0,132
3939,12,1.39368375,335,4393,N,10,0,132
3692,13,1.01926125,245,3939,N,10.8333333333333,0,132
3332,14,0.77796675,187,3692,Y,11.6666666666667,1,132
3338,15,0.7904475,190,3332,N,12.5,1,132
4673,16,0.83205,200,3338,N,13.3333333333333,1,132
4524,17,0.76132575,183,4673,N,14.1666666666667,1,132
4608,18,0.88613325,213,4524,N,15,1,132
4666,19,0.8736525,210,4608,N,15.8333333333333,1,132
5555,20,0.81124875,195,4666,N,16.6666666666667,1,132
5279,21,0.948537,228,5555,N,17.5,1,132
4755,22,0.9568575,230,5279,N,18.3333333333333,1,132
6001,23,1.00262025,241,4755,N,19.1666666666667,1,132
7459,24,0.93605625,225,6001,N,20,1,132
6647,25,0.90277425,217,7459,N,20.8333333333333,1,132
6814,26,0.9568575,230,6647,N,21.6666666666667,1,132
7154,27,0.97765875,235,6814,N,22.5,1,132
7620,28,1.1565495,278,7154,N,23.3333333333333,1,132
7473,29,1.131588,272,7620,N,24.1666666666667,1,132
2157,0,1.11910725,269,NA,N,0,0,133
2232,1,1.1731905,282,2157,N,0.833333333333333,0,133
2389,2,1.114947,268,2232,N,1.66666666666667,0,133
2121,3,1.181511,284,2389,N,2.5,0,133
2213,4,1.21895325,293,2121,N,3.33333333333333,0,133
2441,5,1.39368375,335,2213,N,4.16666666666667,0,133
2131,6,1.0899855,262,2441,N,5,0,133
2316,7,0.71972325,173,2131,Y,5.83333333333333,1,133
3146,8,0.72804375,175,2316,N,6.66666666666667,1,133
3598,9,0.7571655,182,3146,N,7.5,1,133
3202,10,0.7904475,190,3598,N,8.33333333333333,1,133
3324,11,0.78628725,189,3202,N,9.16666666666667,1,133
3175,12,0.9069345,218,3324,N,10,1,133
3173,13,0.82788975,199,3175,N,10.8333333333333,1,133
3148,14,0.84453075,203,3173,N,11.6666666666667,1,133
3143,15,0.9069345,218,3148,N,12.5,1,133
4436,16,0.83621025,201,3143,N,13.3333333333333,1,133
4493,17,0.981819,236,4436,N,14.1666666666667,1,133
4450,18,0.92773575,223,4493,N,15,1,133
4534,19,1.06918425,257,4450,N,15.8333333333333,1,133
5445,20,1.198152,288,4534,N,16.6666666666667,1,133
5118,21,1.297998,312,5445,N,17.5,1,133
4609,22,0.5907555,142,5118,Y,18.3333333333333,2,133
5936,23,0.68644125,165,4609,N,19.1666666666667,2,133
6240,24,0.7238835,174,5936,N,20,2,133
6237,25,0.732204,176,6240,N,20.8333333333333,2,133
6265,26,0.88613325,213,6237,N,21.6666666666667,2,133
6394,27,0.865332,208,6265,N,22.5,2,133
6665,28,0.95269725,229,6394,N,23.3333333333333,2,133
6556,29,1.0067805,242,6665,N,24.1666666666667,2,133
2157,0,1.11910725,269,NA,N,0,0,134
2232,1,1.1731905,282,2157,N,0.833333333333333,0,134
2389,2,1.114947,268,2232,N,1.66666666666667,0,134
2121,3,1.181511,284,2389,N,2.5,0,134
2213,4,1.21895325,293,2121,N,3.33333333333333,0,134
2441,5,1.39368375,335,2213,N,4.16666666666667,0,134
2131,6,1.0899855,262,2441,N,5,0,134
2311,7,0.71972325,173,2131,Y,5.83333333333333,1,134
3140,8,0.865332,208,2311,N,6.66666666666667,1,134
3595,9,0.71972325,173,3140,N,7.5,1,134
3199,10,0.80292825,193,3595,N,8.33333333333333,1,134
3320,11,0.77796675,187,3199,N,9.16666666666667,1,134
3170,12,0.732204,176,3320,N,10,1,134
3169,13,0.8070885,194,3170,N,10.8333333333333,1,134
3145,14,0.82788975,199,3169,N,11.6666666666667,1,134
3138,15,0.915255,220,3145,N,12.5,1,134
4434,16,1.03590225,249,3138,N,13.3333333333333,1,134
4492,17,1.031742,248,4434,N,14.1666666666667,1,134
4447,18,1.0899855,262,4492,N,15,1,134
4530,19,1.11910725,269,4447,N,15.8333333333333,1,134
5441,20,1.181511,284,4530,N,16.6666666666667,1,134
5114,21,1.11910725,269,5441,N,17.5,1,134
4605,22,1.35208125,325,5114,N,18.3333333333333,1,134
5886,23,0.74468475,179,4605,Y,19.1666666666667,2,134
6215,24,0.7904475,190,5886,N,20,2,134
6226,25,0.8070885,194,6215,N,20.8333333333333,2,134
6248,26,0.7571655,182,6226,N,21.6666666666667,2,134
6363,27,0.9235755,222,6248,N,22.5,2,134
6616,28,0.90277425,217,6363,N,23.3333333333333,2,134
6497,29,0.99429975,239,6616,N,24.1666666666667,2,134
2286,0,0.50339025,121,NA,N,0,0,135
2493,1,0.52835175,127,2286,N,0.833333333333333,0,135
2565,2,0.48674925,117,2493,N,1.66666666666667,0,135
2204,3,0.4576275,110,2565,N,2.5,0,135
2322,4,0.532512,128,2204,N,3.33333333333333,0,135
2638,5,0.4909095,118,2322,N,4.16666666666667,0,135
2208,6,0.5408325,130,2638,N,5,0,135
2521,7,0.55331325,133,2208,N,5.83333333333333,0,135
3355,8,0.5408325,130,2521,N,6.66666666666667,0,135
3714,9,0.565794,136,3355,N,7.5,0,135
3659,10,0.58659525,141,3714,N,8.33333333333333,0,135
3429,11,0.55331325,133,3659,N,9.16666666666667,0,135
3274,12,0.58659525,141,3429,N,10,0,135
3264,13,0.62819775,151,3274,N,10.8333333333333,0,135
3545,14,0.8237295,198,3264,N,11.6666666666667,0,135
3358,15,0.82788975,199,3545,N,12.5,0,135
4709,16,0.90277425,217,3358,N,13.3333333333333,0,135
4553,17,1.05254325,253,4709,N,14.1666666666667,0,135
4630,18,0.99429975,239,4553,N,15,0,135
4695,19,0.4909095,118,4630,Y,15.8333333333333,1,135
5585,20,0.52835175,127,4695,N,16.6666666666667,1,135
5318,21,0.52003125,125,5585,N,17.5,1,135
5921,23,0.47010825,113,5318,N,19.1666666666667,1,135
7419,24,0.6073965,146,5921,N,20,1,135
6594,25,0.4909095,118,7419,N,20.8333333333333,1,135
6754,26,0.63651825,153,6594,N,21.6666666666667,1,135
7088,27,0.67812075,163,6754,N,22.5,1,135
7588,28,0.69476175,167,7088,N,23.3333333333333,1,135
7418,29,0.64483875,155,7588,N,24.1666666666667,1,135
2289,0,0.715563,172,NA,N,0,0,136
2798,1,0.9734985,234,2289,N,0.833333333333333,0,136
2939,2,1.2064725,290,2798,N,1.66666666666667,0,136
2640,3,1.198152,288,2939,N,2.5,0,136
2755,4,1.0400625,250,2640,N,3.33333333333333,0,136
3034,5,0.51171075,123,2755,Y,4.16666666666667,1,136
2574,6,0.5241915,126,3034,N,5,1,136
4026,8,0.6073965,146,2574,N,6.66666666666667,1,136
4235,9,0.58659525,141,4026,N,7.5,1,136
4130,10,0.56163375,135,4235,N,8.33333333333333,1,136
4249,11,0.5907555,142,4130,N,9.16666666666667,1,136
3798,12,0.62819775,151,4249,N,10,1,136
3498,13,0.66147975,159,3798,N,10.8333333333333,1,136
4278,15,0.84453075,203,3498,N,12.5,1,136
4934,16,0.83621025,201,4278,N,13.3333333333333,1,136
5241,17,0.84453075,203,4934,N,14.1666666666667,1,136
5051,18,0.86949225,209,5241,N,15,1,136
5550,19,1.098306,264,5051,N,15.8333333333333,1,136
5843,20,0.67812075,163,5550,Y,16.6666666666667,2,136
5768,21,0.66564,160,5843,N,17.5,2,136
5501,22,0.71972325,173,5768,N,18.3333333333333,2,136
6152,23,0.6906015,166,5501,N,19.1666666666667,2,136
7289,24,0.6739605,162,6152,N,20,2,136
6478,25,0.70308225,169,7289,N,20.8333333333333,2,136
6565,26,0.6739605,162,6478,N,21.6666666666667,2,136
6876,27,0.70308225,169,6565,N,22.5,2,136
7398,28,0.71140275,171,6876,N,23.3333333333333,2,136
7209,29,0.6739605,162,7398,N,24.1666666666667,2,136
2295,0,0.95269725,229,NA,N,0,0,137
2801,1,0.6739605,162,2295,Y,0.833333333333333,1,137
2941,2,0.69476175,167,2801,N,1.66666666666667,1,137
2644,3,0.715563,172,2941,N,2.5,1,137
2757,4,0.782127,188,2644,N,3.33333333333333,1,137
3036,5,0.79460775,191,2757,N,4.16666666666667,1,137
2583,6,0.78628725,189,3036,N,5,1,137
2873,7,0.84453075,203,2583,N,5.83333333333333,1,137
4028,8,0.82788975,199,2873,N,6.66666666666667,1,137
4242,9,0.81956925,197,4028,N,7.5,1,137
4133,10,0.8403705,202,4242,N,8.33333333333333,1,137
4253,11,0.865332,208,4133,N,9.16666666666667,1,137
3800,12,0.94437675,227,4253,N,10,1,137
3555,13,0.91109475,219,3800,N,10.8333333333333,1,137
4041,14,0.98597925,237,3555,N,11.6666666666667,1,137
4284,15,1.13574825,273,4041,N,12.5,1,137
4936,16,1.09414575,263,4284,N,13.3333333333333,1,137
5245,17,0.5574735,134,4936,Y,14.1666666666667,2,137
5061,18,0.63651825,153,5245,N,15,2,137
5553,19,0.6073965,146,5061,N,15.8333333333333,2,137
5844,20,0.698922,168,5553,N,16.6666666666667,2,137
5884,21,0.66564,160,5844,N,17.5,2,137
5505,22,0.53667225,129,5884,N,18.3333333333333,2,137
6153,23,0.60323625,145,5505,N,19.1666666666667,2,137
7294,24,0.715563,172,6153,N,20,2,137
6481,25,0.715563,172,7294,N,20.8333333333333,2,137
6570,26,0.782127,188,6481,N,21.6666666666667,2,137
6889,27,0.79460775,191,6570,N,22.5,2,137
7402,28,0.73636425,177,6889,N,23.3333333333333,2,137
7212,29,0.798768,192,7402,N,24.1666666666667,2,137
2295,0,0.95269725,229,NA,N,0,0,138
2802,1,0.56995425,137,2295,Y,0.833333333333333,1,138
2942,2,0.632358,152,2802,N,1.66666666666667,1,138
2649,3,0.62819775,151,2942,N,2.5,1,138
2760,4,0.732204,176,2649,N,3.33333333333333,1,138
3037,5,0.71140275,171,2760,N,4.16666666666667,1,138
2587,6,0.732204,176,3037,N,5,1,138
2875,7,0.82788975,199,2587,N,5.83333333333333,1,138
4030,8,0.83621025,201,2875,N,6.66666666666667,1,138
4246,9,0.83621025,201,4030,N,7.5,1,138
4138,10,0.95269725,229,4246,N,8.33333333333333,1,138
4257,11,0.9235755,222,4138,N,9.16666666666667,1,138
3803,12,1.00262025,241,4257,N,10,1,138
3556,13,0.99846,240,3803,N,10.8333333333333,1,138
4044,14,1.15238925,277,3556,N,11.6666666666667,1,138
4291,15,0.582435,140,4044,Y,12.5,2,138
4939,16,0.515871,124,4291,N,13.3333333333333,2,138
5257,17,0.64483875,155,4939,N,14.1666666666667,2,138
5071,18,0.6573195,158,5257,N,15,2,138
5563,19,0.6073965,146,5071,N,15.8333333333333,2,138
5847,20,0.66980025,161,5563,N,16.6666666666667,2,138
5893,21,0.65315925,157,5847,N,17.5,2,138
5515,22,0.7238835,174,5893,N,18.3333333333333,2,138
6156,23,0.815409,196,5515,N,19.1666666666667,2,138
7310,24,0.815409,196,6156,N,20,2,138
6491,25,0.81124875,195,7310,N,20.8333333333333,2,138
6580,26,0.898614,216,6491,N,21.6666666666667,2,138
6903,27,0.83205,200,6580,N,22.5,2,138
7416,28,0.89445375,215,6903,N,23.3333333333333,2,138
7227,29,0.582435,140,7416,Y,24.1666666666667,3,138
2171,0,0.98597925,237,NA,N,0,0,139
2238,1,1.2064725,290,2171,N,0.833333333333333,0,139
2398,2,1.24391475,299,2238,N,1.66666666666667,0,139
2125,3,1.31047875,315,2398,N,2.5,0,139
2220,4,1.33128,320,2125,N,3.33333333333333,0,139
2449,5,1.447767,348,2220,N,4.16666666666667,0,139
2133,6,0.6906015,166,2449,Y,5,1,139
2321,7,0.66564,160,2133,N,5.83333333333333,1,139
3149,8,0.62819775,151,2321,N,6.66666666666667,1,139
3601,9,0.69476175,167,3149,N,7.5,1,139
3206,10,0.8570115,206,3601,N,8.33333333333333,1,139
3336,11,0.8570115,206,3206,N,9.16666666666667,1,139
3179,12,0.83205,200,3336,N,10,1,139
3177,13,0.8403705,202,3179,N,10.8333333333333,1,139
3575,14,1.11910725,269,3177,N,11.6666666666667,1,139
3399,15,1.1066265,266,3575,N,12.5,1,139
4730,16,1.05254325,253,3399,N,13.3333333333333,1,139
4600,17,1.1731905,282,4730,N,14.1666666666667,1,139
4662,18,1.31879925,317,4600,N,15,1,139
4739,19,1.33128,320,4662,N,15.8333333333333,1,139
5623,20,1.314639,316,4739,N,16.6666666666667,1,139
5353,21,1.2563955,302,5623,N,17.5,1,139
8212,22,NA,-1,5353,Y,18.3333333333333,2,139
2171,0,0.98597925,237,NA,N,0,0,140
2238,1,1.2064725,290,2171,N,0.833333333333333,0,140
2398,2,1.24391475,299,2238,N,1.66666666666667,0,140
2125,3,1.31047875,315,2398,N,2.5,0,140
2220,4,1.33128,320,2125,N,3.33333333333333,0,140
2449,5,1.447767,348,2220,N,4.16666666666667,0,140
2136,6,0.7238835,174,2449,Y,5,1,140
2324,7,0.782127,188,2136,N,5.83333333333333,1,140
3152,8,0.76132575,183,2324,N,6.66666666666667,1,140
3603,9,0.75300525,181,3152,N,7.5,1,140
3210,10,0.6906015,166,3603,N,8.33333333333333,1,140
3340,11,0.69476175,167,3210,N,9.16666666666667,1,140
3182,12,0.68644125,165,3340,N,10,1,140
3181,13,0.765486,184,3182,N,10.8333333333333,1,140
3151,14,0.965178,232,3181,N,11.6666666666667,1,140
3164,15,1.0067805,242,3151,N,12.5,1,140
4442,16,1.0400625,250,3164,N,13.3333333333333,1,140
4496,17,1.0234215,246,4442,N,14.1666666666667,1,140
4514,18,1.1565495,278,4496,N,15,1,140
4546,19,1.21063275,291,4514,N,15.8333333333333,1,140
5455,20,1.21895325,293,4546,N,16.6666666666667,1,140
5133,21,1.20231225,289,5455,N,17.5,1,140
4623,22,1.11910725,269,5133,N,18.3333333333333,1,140
6023,23,1.2896775,310,4623,N,19.1666666666667,1,140
6867,24,0.65315925,157,6023,Y,20,2,140
6302,25,0.65315925,157,6867,N,20.8333333333333,2,140
6350,26,0.60323625,145,6302,N,21.6666666666667,2,140
6512,27,0.632358,152,6350,N,22.5,2,140
6953,28,0.632358,152,6512,N,23.3333333333333,2,140
6738,29,0.54499275,131,6953,N,24.1666666666667,2,140
2300,0,1.06918425,257,NA,N,0,0,141
2804,1,1.13574825,273,2300,N,0.833333333333333,0,141
2943,2,1.131588,272,2804,N,1.66666666666667,0,141
2654,3,1.34376075,323,2943,N,2.5,0,141
2765,4,1.3229595,318,2654,N,3.33333333333333,0,141
3039,5,0.71972325,173,2765,Y,4.16666666666667,1,141
2653,6,0.715563,172,3039,N,5,1,141
2894,7,0.6573195,158,2653,N,5.83333333333333,1,141
4036,8,0.66564,160,2894,N,6.66666666666667,1,141
4254,9,0.7238835,174,4036,N,7.5,1,141
4144,10,0.75300525,181,4254,N,8.33333333333333,1,141
4267,11,0.75300525,181,4144,N,9.16666666666667,1,141
3806,12,0.8570115,206,4267,N,10,1,141
3558,13,0.948537,228,3806,N,10.8333333333333,1,141
4048,14,1.015101,244,3558,N,11.6666666666667,1,141
4298,15,1.00262025,241,4048,N,12.5,1,141
4943,16,0.93605625,225,4298,N,13.3333333333333,1,141
5268,17,1.1898315,286,4943,N,14.1666666666667,1,141
4685,19,0.55331325,133,5268,Y,15.8333333333333,2,141
5577,20,0.58659525,141,4685,N,16.6666666666667,2,141
5312,21,0.70308225,169,5577,N,17.5,2,141
4787,22,0.682281,164,5312,N,18.3333333333333,2,141
6012,23,0.75300525,181,4787,N,19.1666666666667,2,141
7474,24,0.74468475,179,6012,N,20,2,141
6663,25,0.73636425,177,7474,N,20.8333333333333,2,141
6833,26,0.7738065,186,6663,N,21.6666666666667,2,141
2300,0,1.06918425,257,NA,N,0,0,142
2804,1,1.13574825,273,2300,N,0.833333333333333,0,142
2943,2,1.131588,272,2804,N,1.66666666666667,0,142
2654,3,1.34376075,323,2943,N,2.5,0,142
2765,4,1.3229595,318,2654,N,3.33333333333333,0,142
3038,5,0.63651825,153,2765,Y,4.16666666666667,1,142
2647,6,0.648999,156,3038,N,5,1,142
2891,7,0.748845,180,2647,N,5.83333333333333,1,142
4033,8,0.7238835,174,2891,N,6.66666666666667,1,142
4250,9,0.76964625,185,4033,N,7.5,1,142
4141,10,0.86949225,209,4250,N,8.33333333333333,1,142
4261,11,0.7738065,186,4141,N,9.16666666666667,1,142
3804,12,0.8403705,202,4261,N,10,1,142
3557,13,0.948537,228,3804,N,10.8333333333333,1,142
4045,14,0.8237295,198,3557,N,11.6666666666667,1,142
4294,15,0.8570115,206,4045,N,12.5,1,142
4941,16,0.9402165,226,4294,N,13.3333333333333,1,142
5262,17,0.93605625,225,4941,N,14.1666666666667,1,142
5076,18,0.93605625,225,5262,N,15,1,142
5570,19,0.5241915,126,5076,Y,15.8333333333333,2,142
5848,20,0.55331325,133,5570,N,16.6666666666667,2,142
5895,21,0.66564,160,5848,N,17.5,2,142
5519,22,0.6406785,154,5895,N,18.3333333333333,2,142
6157,23,0.615717,148,5519,N,19.1666666666667,2,142
7900,24,0.6240375,150,6157,N,20,2,142
7052,25,0.61987725,149,7900,N,20.8333333333333,2,142
7201,26,0.64483875,155,7052,N,21.6666666666667,2,142
7532,27,0.71972325,173,7201,N,22.5,2,142
7832,28,0.76132575,183,7532,N,23.3333333333333,2,142
7763,29,0.8403705,202,7832,N,24.1666666666667,2,142
2282,0,0.92773575,223,NA,N,0,0,143
2490,1,0.73636425,177,2282,N,0.833333333333333,0,143
2560,2,0.7904475,190,2490,N,1.66666666666667,0,143
2199,3,0.83205,200,2560,N,2.5,0,143
2318,4,1.02758175,247,2199,N,3.33333333333333,0,143
2632,5,1.098306,264,2318,N,4.16666666666667,0,143
2735,6,1.098306,264,2632,N,5,0,143
2538,7,1.2563955,302,2735,N,5.83333333333333,0,143
8225,8,NA,-1,2538,Y,6.66666666666667,1,143
2282,0,0.92773575,223,NA,N,0,0,144
2490,1,0.73636425,177,2282,N,0.833333333333333,0,144
2560,2,0.7904475,190,2490,N,1.66666666666667,0,144
2199,3,0.83205,200,2560,N,2.5,0,144
2318,4,1.02758175,247,2199,N,3.33333333333333,0,144
2632,5,1.098306,264,2318,N,4.16666666666667,0,144
2735,6,1.098306,264,2632,N,5,0,144
2538,7,1.2563955,302,2735,N,5.83333333333333,0,144
3485,8,0.648999,156,2538,Y,6.66666666666667,1,144
3932,9,0.582435,140,3485,N,7.5,1,144
3976,10,0.74468475,179,3932,N,8.33333333333333,1,144
4101,11,0.78628725,189,3976,N,9.16666666666667,1,144
3738,12,0.8403705,202,4101,N,10,1,144
3411,13,0.848691,204,3738,N,10.8333333333333,1,144
3859,14,1.0400625,250,3411,N,11.6666666666667,1,144
3610,15,0.9568575,230,3859,N,12.5,1,144
4874,16,0.99429975,239,3610,N,13.3333333333333,1,144
4997,17,1.0567035,254,4874,N,14.1666666666667,1,144
4855,18,1.0899855,262,4997,N,15,1,144
5151,19,0.99846,240,4855,N,15.8333333333333,1,144
5780,20,1.048383,252,5151,N,16.6666666666667,1,144
5572,21,0.9901395,238,5780,N,17.5,1,144
5260,22,1.0733445,258,5572,N,18.3333333333333,1,144
6086,23,1.09414575,263,5260,N,19.1666666666667,1,144
7600,24,1.0733445,258,6086,N,20,1,144
6830,25,1.1232675,270,7600,N,20.8333333333333,1,144
7606,28,1.2896775,310,6830,N,23.3333333333333,1,144
7445,29,0.732204,176,7606,Y,24.1666666666667,2,144
2214,0,0.6406785,154,NA,N,0,0,145
2442,1,0.5574735,134,2214,N,0.833333333333333,0,145
2518,2,0.61987725,149,2442,N,1.66666666666667,0,145
2158,3,0.56163375,135,2518,N,2.5,0,145
2264,4,0.648999,156,2158,N,3.33333333333333,0,145
2479,5,0.77796675,187,2264,N,4.16666666666667,0,145
2166,6,0.6573195,158,2479,N,5,0,145
2371,7,0.782127,188,2166,N,5.83333333333333,0,145
3265,8,0.898614,216,2371,N,6.66666666666667,0,145
3626,9,0.79460775,191,3265,N,7.5,0,145
3239,10,0.83205,200,3626,N,8.33333333333333,0,145
3381,11,0.81956925,197,3239,N,9.16666666666667,0,145
3212,12,0.9069345,218,3381,N,10,0,145
3211,13,0.84453075,203,3212,N,10.8333333333333,0,145
3278,14,0.84453075,203,3211,N,11.6666666666667,0,145
3201,15,0.8403705,202,3278,N,12.5,0,145
4621,16,0.76132575,183,3201,N,13.3333333333333,0,145
4506,17,0.86117175,207,4621,N,14.1666666666667,0,145
4547,18,0.93605625,225,4506,N,15,0,145
4603,19,1.1731905,282,4547,N,15.8333333333333,0,145
5498,20,0.5741145,138,4603,Y,16.6666666666667,1,145
5204,21,0.65315925,157,5498,N,17.5,1,145
4703,22,0.56995425,137,5204,N,18.3333333333333,1,145
5972,23,0.6240375,150,4703,N,19.1666666666667,1,145
6776,24,0.58659525,141,5972,N,20,1,145
6276,25,0.57827475,139,6776,N,20.8333333333333,1,145
6316,26,0.6240375,150,6276,N,21.6666666666667,1,145
6451,27,0.63651825,153,6316,N,22.5,1,145
6751,28,0.6573195,158,6451,N,23.3333333333333,1,145
6660,29,0.71972325,173,6751,N,24.1666666666667,1,145
2450,0,1.2397545,298,NA,N,0,0,146
2610,1,1.10246625,265,2450,N,0.833333333333333,0,146
2709,2,1.16903025,281,2610,N,1.66666666666667,0,146
2290,3,1.21895325,293,2709,N,2.5,0,146
2415,4,1.17735075,283,2290,N,3.33333333333333,0,146
2913,5,1.1399085,274,2415,N,4.16666666666667,0,146
2325,6,1.36040175,327,2913,N,5,0,146
3448,8,1.4893695,358,2325,N,6.66666666666667,0,146
3899,9,1.5892155,382,3448,N,7.5,0,146
3891,10,0.66564,160,3899,Y,8.33333333333333,1,146
3716,12,0.66980025,161,3891,N,10,1,146
3367,13,0.62819775,151,3716,N,10.8333333333333,1,146
3815,14,0.7571655,182,3367,N,11.6666666666667,1,146
3503,15,0.75300525,181,3815,N,12.5,1,146
4862,16,0.8237295,198,3503,N,13.3333333333333,1,146
4789,17,0.82788975,199,4862,N,14.1666666666667,1,146
4800,18,0.8902935,214,4789,N,15,1,146
5073,19,0.88613325,213,4800,N,15.8333333333333,1,146
5760,20,0.78628725,189,5073,N,16.6666666666667,1,146
5485,21,0.94437675,227,5760,N,17.5,1,146
5147,22,1.01926125,245,5485,N,18.3333333333333,1,146
6064,23,0.9235755,222,5147,N,19.1666666666667,1,146
7560,24,1.081665,260,6064,N,20,1,146
6780,25,0.99429975,239,7560,N,20.8333333333333,1,146
6941,26,1.081665,260,6780,N,21.6666666666667,1,146
7313,27,1.18567125,285,6941,N,22.5,1,146
7693,28,1.26055575,303,7313,N,23.3333333333333,1,146
7591,29,0.68644125,165,7693,Y,24.1666666666667,2,146
2326,0,0.66564,160,NA,N,0,0,147
2511,1,0.7072425,170,2326,N,0.833333333333333,0,147
2582,2,0.8237295,198,2511,N,1.66666666666667,0,147
2228,3,0.92773575,223,2582,N,2.5,0,147
2347,4,0.81956925,197,2228,N,3.33333333333333,0,147
2847,5,0.981819,236,2347,N,4.16666666666667,0,147
2237,6,1.114947,268,2847,N,5,0,147
2555,7,1.0733445,258,2237,N,5.83333333333333,0,147
3380,8,1.0733445,258,2555,N,6.66666666666667,0,147
3823,9,1.2397545,298,3380,N,7.5,0,147
3670,10,1.2563955,302,3823,N,8.33333333333333,0,147
4312,11,1.34376075,323,3670,N,9.16666666666667,0,147
3566,13,0.66564,160,4312,Y,10.8333333333333,1,147
3192,15,0.71972325,173,3566,N,12.5,1,147
4610,16,0.71972325,173,3192,N,13.3333333333333,1,147
4504,17,0.8237295,198,4610,N,14.1666666666667,1,147
4539,18,0.76132575,183,4504,N,15,1,147
4594,19,0.732204,176,4539,N,15.8333333333333,1,147
5491,20,0.73636425,177,4594,N,16.6666666666667,1,147
5193,21,0.81124875,195,5491,N,17.5,1,147
4682,22,0.865332,208,5193,N,18.3333333333333,1,147
5965,23,0.84453075,203,4682,N,19.1666666666667,1,147
7440,24,0.8237295,198,5965,N,20,1,147
6323,25,0.93605625,225,7440,N,20.8333333333333,1,147
7610,28,0.6073965,146,6323,Y,23.3333333333333,2,147
7456,29,0.63651825,153,7610,N,24.1666666666667,2,147
8055,0,NA,-1,NA,N,0,0,148
2155,1,0.8237295,198,8055,N,0.833333333333333,0,148
2333,2,0.85285125,205,2155,N,1.66666666666667,0,148
2093,3,0.865332,208,2333,N,2.5,0,148
2172,4,1.114947,268,2093,N,3.33333333333333,0,148
2258,5,1.181511,284,2172,N,4.16666666666667,0,148
2104,6,1.0400625,250,2258,N,5,0,148
2262,7,1.10246625,265,2104,N,5.83333333333333,0,148
3094,8,1.015101,244,2262,N,6.66666666666667,0,148
3139,9,1.098306,264,3094,N,7.5,0,148
3159,10,1.05254325,253,3139,N,8.33333333333333,0,148
3142,11,1.20231225,289,3159,N,9.16666666666667,0,148
3078,12,1.20231225,289,3142,N,10,0,148
3098,13,1.21895325,293,3078,N,10.8333333333333,0,148
3096,14,1.2231135,294,3098,N,11.6666666666667,0,148
3080,15,1.214793,292,3096,N,12.5,0,148
4409,16,1.34376075,323,3080,N,13.3333333333333,0,148
4467,17,0.848691,204,4409,Y,14.1666666666667,1,148
4417,18,0.71972325,173,4467,N,15,1,148
4457,19,0.91941525,221,4417,N,15.8333333333333,1,148
5390,20,0.90277425,217,4457,N,16.6666666666667,1,148
4571,21,0.9568575,230,5390,N,17.5,1,148
4463,22,0.798768,192,4571,N,18.3333333333333,1,148
5901,23,0.74468475,179,4463,N,19.1666666666667,1,148
7409,24,0.948537,228,5901,N,20,1,148
6587,25,0.848691,204,7409,N,20.8333333333333,1,148
6735,26,0.94437675,227,6587,N,21.6666666666667,1,148
7071,27,0.89445375,215,6735,N,22.5,1,148
7577,28,0.848691,204,7071,N,23.3333333333333,1,148
7407,29,0.95269725,229,7577,N,24.1666666666667,1,148
2167,0,0.5907555,142,NA,N,0,0,149
2832,1,1.13574825,273,2167,N,0.833333333333333,0,149
3000,2,1.1565495,278,2832,N,1.66666666666667,0,149
2742,3,1.131588,272,3000,N,2.5,0,149
2605,4,0.5741145,138,2742,Y,3.33333333333333,1,149
3017,5,0.6406785,154,2605,N,4.16666666666667,1,149
2504,6,0.76964625,185,3017,N,5,1,149
2779,7,0.74468475,179,2504,N,5.83333333333333,1,149
3962,8,0.81124875,195,2779,N,6.66666666666667,1,149
4164,9,0.7738065,186,3962,N,7.5,1,149
4058,10,0.86117175,207,4164,N,8.33333333333333,1,149
4168,11,1.0567035,254,4058,N,9.16666666666667,1,149
3764,12,0.89445375,215,4168,N,10,1,149
3513,13,1.031742,248,3764,N,10.8333333333333,1,149
3973,14,0.92773575,223,3513,N,11.6666666666667,1,149
4155,15,0.99429975,239,3973,N,12.5,1,149
2260,0,1.05254325,253,NA,N,0,0,150
2483,1,0.92773575,223,2260,N,0.833333333333333,0,150
2553,2,1.114947,268,2483,N,1.66666666666667,0,150
2189,3,1.09414575,263,2553,N,2.5,0,150
2304,4,1.16070975,279,2189,N,3.33333333333333,0,150
2611,5,0.599076,144,2304,Y,4.16666666666667,1,150
2260,0,1.05254325,253,NA,N,0,0,151
2483,1,0.92773575,223,2260,N,0.833333333333333,0,151
2553,2,1.114947,268,2483,N,1.66666666666667,0,151
2189,3,1.09414575,263,2553,N,2.5,0,151
2304,4,1.16070975,279,2189,N,3.33333333333333,0,151
2618,5,0.77796675,187,2304,Y,4.16666666666667,1,151
2192,6,0.87781275,211,2618,N,5,1,151
2432,7,0.8902935,214,2192,N,5.83333333333333,1,151
3349,8,1.01926125,245,2432,N,6.66666666666667,1,151
3698,9,0.9402165,226,3349,N,7.5,1,151
3123,15,0.87781275,211,3698,N,12.5,1,151
5433,20,0.93605625,225,3123,N,16.6666666666667,1,151
5104,21,1.0067805,242,5433,N,17.5,1,151
5432,22,1.1399085,274,5104,N,18.3333333333333,1,151
6128,23,0.6073965,146,5432,Y,19.1666666666667,2,151
7200,24,0.6073965,146,6128,N,20,2,151
6441,25,0.6573195,158,7200,N,20.8333333333333,2,151
6495,26,0.53667225,129,6441,N,21.6666666666667,2,151
2137,0,1.12742775,271,NA,N,0,0,152
2718,1,1.015101,244,2137,N,0.833333333333333,0,152
2855,2,0.91941525,221,2718,N,1.66666666666667,0,152
2430,3,0.948537,228,2855,N,2.5,0,152
2576,4,1.114947,268,2430,N,3.33333333333333,0,152
3010,5,1.04422275,251,2576,N,4.16666666666667,0,152
2769,7,1.11910725,269,3010,N,5.83333333333333,0,152
3947,8,0.55331325,133,2769,Y,6.66666666666667,1,152
4015,9,0.632358,152,3947,N,7.5,1,152
4050,10,0.71972325,173,4015,N,8.33333333333333,1,152
4147,11,0.7405245,178,4050,N,9.16666666666667,1,152
3757,12,0.52835175,127,4147,N,10,1,152
3491,13,0.66147975,159,3757,N,10.8333333333333,1,152
3953,14,0.7072425,170,3491,N,11.6666666666667,1,152
3718,15,0.76132575,183,3953,N,12.5,1,152
4896,16,0.765486,184,3718,N,13.3333333333333,1,152
5112,17,0.848691,204,4896,N,14.1666666666667,1,152
4956,18,0.83205,200,5112,N,15,1,152
5037,19,0.9568575,230,4956,N,15.8333333333333,1,152
5678,21,1.01094075,243,5037,N,17.5,1,152
5197,22,0.42018525,101,5678,Y,18.3333333333333,2,152
2137,0,1.12742775,271,NA,N,0,0,153
2718,1,1.015101,244,2137,N,0.833333333333333,0,153
2855,2,0.91941525,221,2718,N,1.66666666666667,0,153
2430,3,0.948537,228,2855,N,2.5,0,153
2576,4,1.114947,268,2430,N,3.33333333333333,0,153
3010,5,1.04422275,251,2576,N,4.16666666666667,0,153
2769,7,1.11910725,269,3010,N,5.83333333333333,0,153
3933,8,0.60323625,145,2769,Y,6.66666666666667,1,153
4014,9,0.61987725,149,3933,N,7.5,1,153
4049,10,0.67812075,163,4014,N,8.33333333333333,1,153
4146,11,0.66147975,159,4049,N,9.16666666666667,1,153
3758,12,0.72804375,175,4146,N,10,1,153
3494,13,0.8237295,198,3758,N,10.8333333333333,1,153
3957,14,0.8403705,202,3494,N,11.6666666666667,1,153
3724,15,0.815409,196,3957,N,12.5,1,153
4897,16,0.8902935,214,3724,N,13.3333333333333,1,153
5116,17,0.97765875,235,4897,N,14.1666666666667,1,153
4958,18,0.83621025,201,5116,N,15,1,153
5294,19,1.03590225,249,4958,N,15.8333333333333,1,153
5809,20,1.0899855,262,5294,N,16.6666666666667,1,153
5682,21,0.981819,236,5809,N,17.5,1,153
5388,22,1.01094075,243,5682,N,18.3333333333333,1,153
6117,23,1.081665,260,5388,N,19.1666666666667,1,153
7176,24,1.3229595,318,6117,N,20,1,153
6422,25,0.565794,136,7176,Y,20.8333333333333,2,153
6477,26,0.61987725,149,6422,N,21.6666666666667,2,153
6701,27,0.61155675,147,6477,N,22.5,2,153
7266,28,0.61987725,149,6701,N,23.3333333333333,2,153
7035,29,0.6073965,146,7266,N,24.1666666666667,2,153
2277,0,0.9235755,222,NA,N,0,0,154
2487,1,0.91109475,219,2277,N,0.833333333333333,0,154
2786,2,1.23559425,297,2487,N,1.66666666666667,0,154
2813,3,0.50339025,121,2786,Y,2.5,1,154
2957,4,0.5907555,142,2813,N,3.33333333333333,1,154
2869,6,0.715563,172,2957,N,5,1,154
2966,7,0.63651825,153,2869,N,5.83333333333333,1,154
4177,9,0.80292825,193,2966,N,7.5,1,154
4189,11,0.9402165,226,4177,N,9.16666666666667,1,154
3770,12,0.6240375,150,4189,N,10,1,154
3528,13,0.6073965,146,3770,N,10.8333333333333,1,154
2277,0,0.9235755,222,NA,N,0,0,155
2487,1,0.91109475,219,2277,N,0.833333333333333,0,155
2786,2,1.23559425,297,2487,N,1.66666666666667,0,155
2195,3,0.615717,148,2786,Y,2.5,1,155
2313,4,0.74468475,179,2195,N,3.33333333333333,1,155
2203,6,0.79460775,191,2313,N,5,1,155
2514,7,0.865332,208,2203,N,5.83333333333333,1,155
3704,9,0.86949225,209,2514,N,7.5,1,155
3656,10,0.96101775,231,3704,N,8.33333333333333,1,155
3427,11,0.83621025,201,3656,N,9.16666666666667,1,155
3273,12,0.8902935,214,3427,N,10,1,155
3263,13,0.8237295,198,3273,N,10.8333333333333,1,155
3539,14,1.02758175,247,3263,N,11.6666666666667,1,155
3351,15,0.9568575,230,3539,N,12.5,1,155
4697,16,1.01926125,245,3351,N,13.3333333333333,1,155
4545,17,1.08582525,261,4697,N,14.1666666666667,1,155
4731,18,1.16903025,281,4545,N,15,1,155
4987,19,1.12742775,271,4731,N,15.8333333333333,1,155
5841,20,0.632358,152,4987,Y,16.6666666666667,2,155
5765,21,0.7405245,178,5841,N,17.5,2,155
2392,0,0.84453075,203,NA,N,0,0,156
2552,1,1.04422275,251,2392,N,0.833333333333333,0,156
2651,2,1.02758175,247,2552,N,1.66666666666667,0,156
2278,3,1.10246625,265,2651,N,2.5,0,156
2401,4,1.031742,248,2278,N,3.33333333333333,0,156
2895,5,1.16070975,279,2401,N,4.16666666666667,0,156
2287,6,1.1232675,270,2895,N,5,0,156
2609,7,1.198152,288,2287,N,5.83333333333333,0,156
3419,8,1.0400625,250,2609,N,6.66666666666667,0,156
3857,9,1.1565495,278,3419,N,7.5,0,156
3846,10,1.11910725,269,3857,N,8.33333333333333,0,156
3520,11,1.3396005,322,3846,N,9.16666666666667,0,156
8236,12,NA,-1,3520,Y,10,1,156
2178,0,1.21063275,291,NA,N,0,0,157
2244,1,1.39368375,335,2178,N,0.833333333333333,0,157
2405,2,0.67812075,163,2244,Y,1.66666666666667,1,157
2128,3,0.6573195,158,2405,N,2.5,1,157
2225,4,0.65315925,157,2128,N,3.33333333333333,1,157
2453,5,0.63651825,153,2225,N,4.16666666666667,1,157
2139,6,0.66980025,161,2453,N,5,1,157
2330,7,0.71972325,173,2139,N,5.83333333333333,1,157
3158,8,0.69476175,167,2330,N,6.66666666666667,1,157
3605,9,0.698922,168,3158,N,7.5,1,157
3214,10,0.73636425,177,3605,N,8.33333333333333,1,157
3357,11,0.865332,208,3214,N,9.16666666666667,1,157
3186,12,0.80292825,193,3357,N,10,1,157
3184,13,0.88613325,213,3186,N,10.8333333333333,1,157
3154,14,1.0400625,250,3184,N,11.6666666666667,1,157
3168,15,0.99846,240,3154,N,12.5,1,157
4445,16,0.97765875,235,3168,N,13.3333333333333,1,157
4497,17,1.2231135,294,4445,N,14.1666666666667,1,157
4516,18,0.5741145,138,4497,Y,15,2,157
4552,19,0.6906015,166,4516,N,15.8333333333333,2,157
5461,20,0.76132575,183,4552,N,16.6666666666667,2,157
5143,21,0.7571655,182,5461,N,17.5,2,157
4633,22,0.8070885,194,5143,N,18.3333333333333,2,157
5946,23,0.8070885,194,4633,N,19.1666666666667,2,157
6246,24,0.83621025,201,5946,N,20,2,157
6247,25,0.9901395,238,6246,N,20.8333333333333,2,157
6273,26,0.9901395,238,6247,N,21.6666666666667,2,157
6405,27,1.031742,248,6273,N,22.5,2,157
6683,28,0.91941525,221,6405,N,23.3333333333333,2,157
6591,29,1.081665,260,6683,N,24.1666666666667,2,157
2309,0,0.81956925,197,NA,N,0,0,158
2808,1,0.881973,212,2309,N,0.833333333333333,0,158
2945,2,0.732204,176,2808,N,1.66666666666667,0,158
2664,3,0.86949225,209,2945,N,2.5,0,158
2777,4,0.76964625,185,2664,N,3.33333333333333,0,158
3041,5,0.78628725,189,2777,N,4.16666666666667,0,158
2687,6,1.015101,244,3041,N,5,0,158
2900,7,1.03590225,249,2687,N,5.83333333333333,0,158
4042,8,1.2563955,302,2900,N,6.66666666666667,0,158
3810,9,0.615717,148,4042,Y,7.5,1,158
3665,10,0.6573195,158,3810,N,8.33333333333333,1,158
3437,11,0.648999,156,3665,N,9.16666666666667,1,158
3286,12,0.6739605,162,3437,N,10,1,158
3290,13,0.72804375,175,3286,N,10.8333333333333,1,158
3569,14,0.76132575,183,3290,N,11.6666666666667,1,158
3385,15,0.7405245,178,3569,N,12.5,1,158
4720,16,0.71140275,171,3385,N,13.3333333333333,1,158
4582,17,0.76132575,183,4720,N,14.1666666666667,1,158
4642,18,0.81956925,197,4582,N,15,1,158
4711,19,0.88613325,213,4642,N,15.8333333333333,1,158
5597,20,0.86949225,209,4711,N,16.6666666666667,1,158
5328,21,0.91109475,219,5597,N,17.5,1,158
4795,22,1.03590225,249,5328,N,18.3333333333333,1,158
6017,23,0.98597925,237,4795,N,19.1666666666667,1,158
6852,24,1.065024,256,6017,N,20,1,158
6299,25,1.3396005,322,6852,N,20.8333333333333,1,158
6345,26,0.5408325,130,6299,Y,21.6666666666667,2,158
6934,28,0.582435,140,6345,N,23.3333333333333,2,158
6718,29,0.5574735,134,6934,N,24.1666666666667,2,158
2187,0,1.3562415,326,NA,N,0,0,159
2423,1,0.58659525,141,2187,Y,0.833333333333333,1,159
2477,2,0.5741145,138,2423,N,1.66666666666667,1,159
2138,3,0.5907555,142,2477,N,2.5,1,159
2239,4,0.6073965,146,2138,N,3.33333333333333,1,159
2463,5,0.7738065,186,2239,N,4.16666666666667,1,159
2148,6,0.698922,168,2463,N,5,1,159
2345,7,0.71972325,173,2148,N,5.83333333333333,1,159
3252,8,0.7738065,186,2345,N,6.66666666666667,1,159
3613,9,0.798768,192,3252,N,7.5,1,159
3219,10,0.798768,192,3613,N,8.33333333333333,1,159
3368,11,0.79460775,191,3219,N,9.16666666666667,1,159
3200,12,0.8070885,194,3368,N,10,1,159
3198,13,0.765486,184,3200,N,10.8333333333333,1,159
3245,14,0.80292825,193,3198,N,11.6666666666667,1,159
3183,15,0.86117175,207,3245,N,12.5,1,159
4570,16,0.91109475,219,3183,N,13.3333333333333,1,159
4501,17,1.0234215,246,4570,N,14.1666666666667,1,159
4527,18,1.098306,264,4501,N,15,1,159
4574,19,1.02758175,247,4527,N,15.8333333333333,1,159
5480,20,1.21063275,291,4574,N,16.6666666666667,1,159
5173,21,1.2231135,294,5480,N,17.5,1,159
4664,22,1.0567035,254,5173,N,18.3333333333333,1,159
5957,23,1.297998,312,4664,N,19.1666666666667,1,159
6744,24,1.01094075,243,5957,N,20,1,159
6262,25,0.7405245,178,6744,Y,20.8333333333333,2,159
6286,26,0.83621025,201,6262,N,21.6666666666667,2,159
6431,27,0.7904475,190,6286,N,22.5,2,159
6722,28,0.798768,192,6431,N,23.3333333333333,2,159
6624,29,0.732204,176,6722,N,24.1666666666667,2,159
2445,0,1.36872225,329,NA,N,0,0,160
2830,1,1.198152,288,2445,N,0.833333333333333,0,160
2998,2,1.1565495,278,2830,N,1.66666666666667,0,160
2716,3,1.314639,316,2998,N,2.5,0,160
2928,4,0.66147975,159,2716,Y,3.33333333333333,1,160
3060,5,0.7238835,174,2928,N,4.16666666666667,1,160
2866,6,0.64483875,155,3060,N,5,1,160
2964,7,0.782127,188,2866,N,5.83333333333333,1,160
4221,8,0.85285125,205,2964,N,6.66666666666667,1,160
4335,9,0.7738065,186,4221,N,7.5,1,160
4244,10,0.78628725,189,4335,N,8.33333333333333,1,160
4356,11,0.9402165,226,4244,N,9.16666666666667,1,160
3876,12,0.898614,216,4356,N,10,1,160
3594,13,0.92773575,223,3876,N,10.8333333333333,1,160
4128,14,1.0400625,250,3594,N,11.6666666666667,1,160
4354,15,1.13574825,273,4128,N,12.5,1,160
4995,16,1.12742775,271,4354,N,13.3333333333333,1,160
5355,17,1.20231225,289,4995,N,14.1666666666667,1,160
5205,18,1.264716,304,5355,N,15,1,160
5668,19,0.52003125,125,5205,Y,15.8333333333333,2,160
5876,20,0.632358,152,5668,N,16.6666666666667,2,160
5968,21,0.63651825,153,5876,N,17.5,2,160
5641,22,0.7238835,174,5968,N,18.3333333333333,2,160
6191,23,0.748845,180,5641,N,19.1666666666667,2,160
7367,24,0.72804375,175,6191,N,20,2,160
6542,25,0.6739605,162,7367,N,20.8333333333333,2,160
6632,26,0.71140275,171,6542,N,21.6666666666667,2,160
6996,27,0.7738065,186,6632,N,22.5,2,160
7515,28,0.648999,156,6996,N,23.3333333333333,2,160
7331,29,0.7072425,170,7515,N,24.1666666666667,2,160
2196,0,1.29383775,311,NA,N,0,0,161
2741,1,0.60323625,145,2196,Y,0.833333333333333,1,161
2885,2,0.5574735,134,2741,N,1.66666666666667,1,161
2581,3,0.59491575,143,2885,N,2.5,1,161
2621,4,0.5408325,130,2581,N,3.33333333333333,1,161
3022,5,0.61987725,149,2621,N,4.16666666666667,1,161
2793,7,0.632358,152,3022,N,5.83333333333333,1,161
3975,8,0.71972325,173,2793,N,6.66666666666667,1,161
4188,9,0.70308225,169,3975,N,7.5,1,161
4082,10,0.7072425,170,4188,N,8.33333333333333,1,161
4197,11,0.68644125,165,4082,N,9.16666666666667,1,161
3775,12,0.70308225,169,4197,N,10,1,161
3536,13,0.76132575,183,3775,N,10.8333333333333,1,161
3990,14,0.74468475,179,3536,N,11.6666666666667,1,161
4193,15,0.73636425,177,3990,N,12.5,1,161
4908,16,0.7738065,186,4193,N,13.3333333333333,1,161
5167,17,0.948537,228,4908,N,14.1666666666667,1,161
4985,18,0.91941525,221,5167,N,15,1,161
5490,19,0.931896,224,4985,N,15.8333333333333,1,161
5825,20,0.99429975,239,5490,N,16.6666666666667,1,161
5733,21,0.9402165,226,5825,N,17.5,1,161
5447,22,1.264716,304,5733,N,18.3333333333333,1,161
6134,23,1.20231225,289,5447,N,19.1666666666667,1,161
7237,24,0.63651825,153,6134,Y,20,2,161
6823,27,0.81124875,195,7237,N,22.5,2,161
7324,28,0.698922,168,6823,N,23.3333333333333,2,161
7112,29,0.682281,164,7324,N,24.1666666666667,2,161
2201,0,1.098306,264,NA,N,0,0,162
2436,1,1.1066265,266,2201,N,0.833333333333333,0,162
2513,2,0.73636425,177,2436,Y,1.66666666666667,1,162
2154,3,0.648999,156,2513,N,2.5,1,162
2259,4,0.6406785,154,2154,N,3.33333333333333,1,162
2476,5,0.73636425,177,2259,N,4.16666666666667,1,162
2163,6,0.732204,176,2476,N,5,1,162
2366,7,0.715563,172,2163,N,5.83333333333333,1,162
3261,8,0.848691,204,2366,N,6.66666666666667,1,162
3624,9,0.84453075,203,3261,N,7.5,1,162
3231,10,0.83205,200,3624,N,8.33333333333333,1,162
3378,11,0.73636425,177,3231,N,9.16666666666667,1,162
3209,12,0.83205,200,3378,N,10,1,162
3208,13,0.94437675,227,3209,N,10.8333333333333,1,162
3277,14,0.91109475,219,3208,N,11.6666666666667,1,162
3196,15,0.8902935,214,3277,N,12.5,1,162
4615,16,0.9235755,222,3196,N,13.3333333333333,1,162
4505,17,0.881973,212,4615,N,14.1666666666667,1,162
4542,18,0.9734985,234,4505,N,15,1,162
4599,19,1.015101,244,4542,N,15.8333333333333,1,162
5495,20,0.94437675,227,4599,N,16.6666666666667,1,162
5201,21,1.098306,264,5495,N,17.5,1,162
4699,22,0.898614,216,5201,N,18.3333333333333,1,162
5971,23,0.61987725,149,4699,Y,19.1666666666667,2,162
6771,24,0.61155675,147,5971,N,20,2,162
6274,25,0.62819775,151,6771,N,20.8333333333333,2,162
6314,26,0.648999,156,6274,N,21.6666666666667,2,162
6448,27,0.56163375,135,6314,N,22.5,2,162
6747,28,0.5574735,134,6448,N,23.3333333333333,2,162
6656,29,0.5408325,130,6747,N,24.1666666666667,2,162
2332,0,0.8403705,202,NA,N,0,0,163
2816,1,1.0400625,250,2332,N,0.833333333333333,0,163
2950,2,0.915255,220,2816,N,1.66666666666667,0,163
2675,3,0.898614,216,2950,N,2.5,0,163
2796,4,0.965178,232,2675,N,3.33333333333333,0,163
3045,5,0.9568575,230,2796,N,4.16666666666667,0,163
2707,6,1.0567035,254,3045,N,5,0,163
2909,7,1.20231225,289,2707,N,5.83333333333333,0,163
4060,8,1.181511,284,2909,N,6.66666666666667,0,163
4285,9,1.3063185,314,4060,N,7.5,0,163
4167,10,1.33128,320,4285,N,8.33333333333333,0,163
4296,11,1.40200425,337,4167,N,9.16666666666667,0,163
3743,12,0.798768,192,4296,Y,10,1,163
3435,13,0.76964625,185,3743,N,10.8333333333333,1,163
3881,14,0.86949225,209,3435,N,11.6666666666667,1,163
3633,15,0.81956925,197,3881,N,12.5,1,163
4880,16,0.8570115,206,3633,N,13.3333333333333,1,163
5022,17,0.8902935,214,4880,N,14.1666666666667,1,163
4917,18,0.81956925,197,5022,N,15,1,163
5183,19,0.865332,208,4917,N,15.8333333333333,1,163
5785,20,0.91941525,221,5183,N,16.6666666666667,1,163
5595,21,0.8902935,214,5785,N,17.5,1,163
5287,22,0.931896,224,5595,N,18.3333333333333,1,163
6092,23,0.898614,216,5287,N,19.1666666666667,1,163
7130,24,0.9901395,238,6092,N,20,1,163
6391,25,1.048383,252,7130,N,20.8333333333333,1,163
6445,26,1.098306,264,6391,N,21.6666666666667,1,163
6652,27,0.58659525,141,6445,Y,22.5,2,163
7152,28,0.66980025,161,6652,N,23.3333333333333,2,163
6955,29,0.782127,188,7152,N,24.1666666666667,2,163
2089,0,1.43528625,345,NA,N,0,0,164
2666,1,0.65315925,157,2089,Y,0.833333333333333,1,164
2767,2,0.615717,148,2666,N,1.66666666666667,1,164
2348,3,0.6906015,166,2767,N,2.5,1,164
2486,4,0.6240375,150,2348,N,3.33333333333333,1,164
2983,5,0.63651825,153,2486,N,4.16666666666667,1,164
2422,6,0.6240375,150,2983,N,5,1,164
2703,7,0.65315925,157,2422,N,5.83333333333333,1,164
3497,8,0.6739605,162,2703,N,6.66666666666667,1,164
3951,9,0.7405245,178,3497,N,7.5,1,164
3996,10,0.748845,180,3951,N,8.33333333333333,1,164
4109,11,0.682281,164,3996,N,9.16666666666667,1,164
3742,12,0.76132575,183,4109,N,10,1,164
3431,13,0.848691,204,3742,N,10.8333333333333,1,164
3878,14,0.87781275,211,3431,N,11.6666666666667,1,164
3627,15,0.97765875,235,3878,N,12.5,1,164
4879,16,0.95269725,229,3627,N,13.3333333333333,1,164
5015,17,1.1399085,274,4879,N,14.1666666666667,1,164
4915,18,1.22727375,295,5015,N,15,1,164
5178,19,1.031742,248,4915,N,15.8333333333333,1,164
5784,20,1.431126,344,5178,N,16.6666666666667,1,164
5591,21,0.698922,168,5784,Y,17.5,2,164
5281,22,0.77796675,187,5591,N,18.3333333333333,2,164
6091,23,0.65315925,157,5281,N,19.1666666666667,2,164
7127,24,0.77796675,187,6091,N,20,2,164
6388,25,0.80292825,193,7127,N,20.8333333333333,2,164
6442,26,0.76132575,183,6388,N,21.6666666666667,2,164
6644,27,0.848691,204,6442,N,22.5,2,164
7144,28,0.89445375,215,6644,N,23.3333333333333,2,164
6951,29,1.01094075,243,7144,N,24.1666666666667,2,164
2091,0,1.22727375,295,NA,N,0,0,165
2669,1,1.25223525,301,2091,N,0.833333333333333,0,165
2773,2,1.1565495,278,2669,N,1.66666666666667,0,165
2357,3,0.5408325,130,2773,Y,2.5,1,165
2492,4,0.6406785,154,2357,N,3.33333333333333,1,165
2988,5,0.69476175,167,2492,N,4.16666666666667,1,165
2440,6,0.648999,156,2988,N,5,1,165
2712,7,0.7072425,170,2440,N,5.83333333333333,1,165
3504,8,0.70308225,169,2712,N,6.66666666666667,1,165
3960,9,0.73636425,177,3504,N,7.5,1,165
4004,10,0.71972325,173,3960,N,8.33333333333333,1,165
4112,11,0.79460775,191,4004,N,9.16666666666667,1,165
3745,12,0.8403705,202,4112,N,10,1,165
3443,13,0.86117175,207,3745,N,10.8333333333333,1,165
3890,14,0.881973,212,3443,N,11.6666666666667,1,165
3644,15,1.00262025,241,3890,N,12.5,1,165
4882,16,1.11078675,267,3644,N,13.3333333333333,1,165
5033,17,1.16903025,281,4882,N,14.1666666666667,1,165
4925,18,1.18567125,285,5033,N,15,1,165
5208,19,1.23559425,297,4925,N,15.8333333333333,1,165
5790,20,0.56995425,137,5208,Y,16.6666666666667,2,165
5614,21,0.67812075,163,5790,N,17.5,2,165
5309,22,0.71140275,171,5614,N,18.3333333333333,2,165
6097,23,0.66564,160,5309,N,19.1666666666667,2,165
7146,24,0.7904475,190,6097,N,20,2,165
6404,25,0.90277425,217,7146,N,20.8333333333333,2,165
6459,26,0.76964625,185,6404,N,21.6666666666667,2,165
6668,27,0.81956925,197,6459,N,22.5,2,165
7174,28,0.8403705,202,6668,N,23.3333333333333,2,165
6975,29,0.865332,208,7174,N,24.1666666666667,2,165
8033,0,NA,-1,NA,N,0,0,166
2520,1,1.08582525,261,8033,N,0.833333333333333,0,166
2608,2,1.11078675,267,2520,N,1.66666666666667,0,166
2241,3,1.28551725,309,2608,N,2.5,0,166
2360,4,1.09414575,263,2241,N,3.33333333333333,0,166
2607,5,1.02758175,247,2360,N,4.16666666666667,0,166
2566,7,1.26055575,303,2607,N,5.83333333333333,0,166
3387,8,1.5725745,378,2566,N,6.66666666666667,0,166
3830,9,1.61833725,389,3387,N,7.5,0,166
3673,10,1.55177325,373,3830,N,8.33333333333333,0,166
3416,11,1.0733445,258,3673,Y,9.16666666666667,1,166
3271,12,0.84453075,203,3416,N,10,1,166
3260,13,0.848691,204,3271,N,10.8333333333333,1,166
3335,14,0.87781275,211,3260,N,11.6666666666667,1,166
3341,15,0.92773575,223,3335,N,12.5,1,166
4678,16,0.91941525,221,3341,N,13.3333333333333,1,166
4526,17,0.92773575,223,4678,N,14.1666666666667,1,166
4613,18,1.10246625,265,4526,N,15,1,166
4675,19,1.07750475,259,4613,N,15.8333333333333,1,166
5561,20,1.2730365,306,4675,N,16.6666666666667,1,166
5284,21,1.37704275,331,5561,N,17.5,1,166
4759,22,1.56841425,377,5284,N,18.3333333333333,1,166
6053,23,1.32711975,319,4759,N,19.1666666666667,1,166
7034,24,1.7722665,426,6053,N,20,1,166
6334,25,1.68490125,405,7034,N,20.8333333333333,1,166
6396,26,1.75978575,423,6334,N,21.6666666666667,1,166
6710,27,0.782127,188,6396,Y,22.5,2,166
7278,28,0.88613325,213,6710,N,23.3333333333333,2,166
7049,29,0.99846,240,7278,N,24.1666666666667,2,166
2222,0,0.81124875,195,NA,N,0,0,167
2766,1,0.99429975,239,2222,N,0.833333333333333,0,167
2898,2,0.97765875,235,2766,N,1.66666666666667,0,167
2597,3,0.8736525,210,2898,N,2.5,0,167
2641,4,0.99429975,239,2597,N,3.33333333333333,0,167
3026,5,1.065024,256,2641,N,4.16666666666667,0,167
2117,6,1.11910725,269,3026,N,5,0,167
2285,7,0.99846,240,2117,N,5.83333333333333,0,167
3111,8,1.16903025,281,2285,N,6.66666666666667,0,167
3281,9,1.14406875,275,3111,N,7.5,0,167
3176,10,1.28551725,309,3281,N,8.33333333333333,0,167
3269,11,1.3562415,326,3176,N,9.16666666666667,0,167
3147,12,1.297998,312,3269,N,10,0,167
3120,13,1.4061645,338,3147,N,10.8333333333333,0,167
3112,14,1.813869,436,3120,N,11.6666666666667,0,167
4388,15,0.83205,200,3112,Y,12.5,1,167
5079,16,0.848691,204,4388,N,13.3333333333333,1,167
5421,17,0.915255,220,5079,N,14.1666666666667,1,167
5298,18,1.02758175,247,5421,N,15,1,167
5743,19,0.9402165,226,5298,N,15.8333333333333,1,167
5920,20,0.95269725,229,5743,N,16.6666666666667,1,167
6011,21,1.00262025,241,5920,N,17.5,1,167
5726,22,1.0067805,242,6011,N,18.3333333333333,1,167
6211,23,1.0400625,250,5726,N,19.1666666666667,1,167
7963,24,1.04422275,251,6211,N,20,1,167
7368,25,1.15238925,277,7963,N,20.8333333333333,1,167
7586,26,1.02758175,247,7368,N,21.6666666666667,1,167
7757,27,0.4909095,118,7586,Y,22.5,2,167
7931,28,0.698922,168,7757,N,23.3333333333333,2,167
7868,29,0.59491575,143,7931,N,24.1666666666667,2,167
2227,0,1.21063275,291,NA,N,0,0,168
2776,1,1.36872225,329,2227,N,0.833333333333333,0,168
2915,2,1.231434,296,2776,N,1.66666666666667,0,168
2719,4,1.0567035,254,2915,N,3.33333333333333,0,168
3028,5,1.33544025,321,2719,N,4.16666666666667,0,168
2533,6,1.198152,288,3028,N,5,0,168
2833,7,1.5060105,362,2533,N,5.83333333333333,0,168
3456,8,0.7904475,190,2833,Y,6.66666666666667,1,168
3902,9,0.7072425,170,3456,N,7.5,1,168
3943,10,0.748845,180,3902,N,8.33333333333333,1,168
3918,11,0.76964625,185,3943,N,9.16666666666667,1,168
3722,12,0.80292825,193,3918,N,10,1,168
3376,13,0.91109475,219,3722,N,10.8333333333333,1,168
3824,14,0.83205,200,3376,N,11.6666666666667,1,168
3523,15,0.8736525,210,3824,N,12.5,1,168
4867,16,0.88613325,213,3523,N,13.3333333333333,1,168
4811,17,0.91941525,221,4867,N,14.1666666666667,1,168
4824,18,0.865332,208,4811,N,15,1,168
5109,19,0.9734985,234,4824,N,15.8333333333333,1,168
5771,20,1.0234215,246,5109,N,16.6666666666667,1,168
5528,21,1.181511,284,5771,N,17.5,1,168
4688,22,1.248075,300,5528,N,18.3333333333333,1,168
5969,23,0.54499275,131,4688,Y,19.1666666666667,2,168
6766,24,0.51171075,123,5969,N,20,2,168
6272,25,0.599076,144,6766,N,20.8333333333333,2,168
6312,26,0.632358,152,6272,N,21.6666666666667,2,168
6446,27,0.90277425,217,6312,N,22.5,2,168
6743,28,0.8403705,202,6446,N,23.3333333333333,2,168
6649,29,0.8403705,202,6743,N,24.1666666666667,2,168
2101,0,0.99429975,239,NA,N,0,0,169
2160,1,1.19399175,287,2101,N,0.833333333333333,0,169
2346,2,1.19399175,287,2160,N,1.66666666666667,0,169
2097,3,1.1399085,274,2346,N,2.5,0,169
2177,4,1.1731905,282,2097,N,3.33333333333333,0,169
2385,5,1.47688875,355,2177,N,4.16666666666667,0,169
2109,6,0.64483875,155,2385,Y,5,1,169
2268,7,0.798768,192,2109,N,5.83333333333333,1,169
3097,8,0.75300525,181,2268,N,6.66666666666667,1,169
3236,9,0.815409,196,3097,N,7.5,1,169
3161,10,0.82788975,199,3236,N,8.33333333333333,1,169
3244,11,0.91941525,221,3161,N,9.16666666666667,1,169
3084,12,0.8902935,214,3244,N,10,1,169
3105,13,0.898614,216,3084,N,10.8333333333333,1,169
3103,14,0.95269725,229,3105,N,11.6666666666667,1,169
3083,15,0.9901395,238,3103,N,12.5,1,169
4411,16,1.0400625,250,3083,N,13.3333333333333,1,169
4470,17,1.031742,248,4411,N,14.1666666666667,1,169
4419,18,1.03590225,249,4470,N,15,1,169
4462,19,1.098306,264,4419,N,15.8333333333333,1,169
5394,20,1.1898315,286,4462,N,16.6666666666667,1,169
4578,21,1.431126,344,5394,N,17.5,1,169
4465,22,1.181511,284,4578,N,18.3333333333333,1,169
5906,23,0.582435,140,4465,Y,19.1666666666667,2,169
6216,24,0.71140275,171,5906,N,20,2,169
6227,25,0.71140275,171,6216,N,20.8333333333333,2,169
6250,26,0.7904475,190,6227,N,21.6666666666667,2,169
6365,27,0.732204,176,6250,N,22.5,2,169
6621,28,0.72804375,175,6365,N,23.3333333333333,2,169
6502,29,0.815409,196,6621,N,24.1666666666667,2,169
2485,0,1.0234215,246,NA,N,0,0,170
2835,1,0.95269725,229,2485,N,0.833333333333333,0,170
3002,2,0.98597925,237,2835,N,1.66666666666667,0,170
2799,3,1.03590225,249,3002,N,2.5,0,170
2868,6,1.198152,288,2799,N,5,0,170
2965,7,1.2231135,294,2868,N,5.83333333333333,0,170
4228,8,0.599076,144,2965,Y,6.66666666666667,1,170
4341,9,0.65315925,157,4228,N,7.5,1,170
4252,10,0.865332,208,4341,N,8.33333333333333,1,170
4362,11,0.7738065,186,4252,N,9.16666666666667,1,170
3884,12,0.78628725,189,4362,N,10,1,170
3600,13,0.86949225,209,3884,N,10.8333333333333,1,170
4134,14,0.8736525,210,3600,N,11.6666666666667,1,170
4360,15,0.88613325,213,4134,N,12.5,1,170
5003,16,0.8570115,206,4360,N,13.3333333333333,1,170
5361,17,0.8570115,206,5003,N,14.1666666666667,1,170
5676,19,0.98597925,237,5361,N,15.8333333333333,1,170
5878,20,0.9734985,234,5676,N,16.6666666666667,1,170
5973,21,1.19399175,287,5878,N,17.5,1,170
5650,22,1.08582525,261,5973,N,18.3333333333333,1,170
6193,23,1.54345275,371,5650,N,19.1666666666667,1,170
7949,24,1.314639,316,6193,N,20,1,170
7241,25,1.447767,348,7949,N,20.8333333333333,1,170
7366,26,0.698922,168,7241,Y,21.6666666666667,2,170
7705,27,0.698922,168,7366,N,22.5,2,170
7897,28,0.76964625,185,7705,N,23.3333333333333,2,170
7821,29,0.80292825,193,7897,N,24.1666666666667,2,170
2234,0,1.0733445,258,NA,N,0,0,171
2446,1,1.2397545,298,2234,N,0.833333333333333,0,171
2523,2,0.965178,232,2446,N,1.66666666666667,0,171
2164,3,0.53667225,129,2523,Y,2.5,1,171
2273,4,0.72804375,175,2164,N,3.33333333333333,1,171
2500,5,0.80292825,193,2273,N,4.16666666666667,1,171
2168,6,0.82788975,199,2500,N,5,1,171
2376,7,0.74468475,179,2168,N,5.83333333333333,1,171
3308,8,0.95269725,229,2376,N,6.66666666666667,1,171
3635,9,0.72804375,175,3308,N,7.5,1,171
3246,10,0.8570115,206,3635,N,8.33333333333333,1,171
3384,11,0.91109475,219,3246,N,9.16666666666667,1,171
3221,12,0.97765875,235,3384,N,10,1,171
3218,13,0.8570115,206,3221,N,10.8333333333333,1,171
3279,14,0.88613325,213,3218,N,11.6666666666667,1,171
3204,15,0.848691,204,3279,N,12.5,1,171
4629,16,0.9235755,222,3204,N,13.3333333333333,1,171
4507,17,0.94437675,227,4629,N,14.1666666666667,1,171
4559,18,1.23559425,297,4507,N,15,1,171
4614,19,1.12742775,271,4559,N,15.8333333333333,1,171
5518,20,0.60323625,145,4614,Y,16.6666666666667,2,171
5228,21,0.715563,172,5518,N,17.5,2,171
4712,22,0.57827475,139,5228,N,18.3333333333333,2,171
5978,23,0.66980025,161,4712,N,19.1666666666667,2,171
2240,0,1.39368375,335,NA,N,0,0,172
2452,1,1.297998,312,2240,N,0.833333333333333,0,172
2532,2,0.6739605,162,2452,Y,1.66666666666667,1,172
2176,3,0.76132575,183,2532,N,2.5,1,172
2284,4,0.76132575,183,2176,N,3.33333333333333,1,172
2593,5,0.76964625,185,2284,N,4.16666666666667,1,172
2175,6,0.732204,176,2593,N,5,1,172
2394,7,0.8070885,194,2175,N,5.83333333333333,1,172
3322,8,0.848691,204,2394,N,6.66666666666667,1,172
3649,9,0.865332,208,3322,N,7.5,1,172
3634,10,0.9901395,238,3649,N,8.33333333333333,1,172
3396,11,0.96933825,233,3634,N,9.16666666666667,1,172
3229,12,1.01094075,243,3396,N,10,1,172
3228,13,1.01094075,243,3229,N,10.8333333333333,1,172
3310,14,1.114947,268,3228,N,11.6666666666667,1,172
3217,15,0.99429975,239,3310,N,12.5,1,172
4645,16,1.06918425,257,3217,N,13.3333333333333,1,172
4511,17,1.447767,348,4645,N,14.1666666666667,1,172
4573,18,0.71972325,173,4511,Y,15,2,172
4631,19,0.632358,152,4573,N,15.8333333333333,2,172
5530,20,0.86949225,209,4631,N,16.6666666666667,2,172
2113,0,1.114947,268,NA,N,0,0,173
2685,1,1.1399085,274,2113,N,0.833333333333333,0,173
2831,2,1.2896775,310,2685,N,1.66666666666667,0,173
2383,3,1.1731905,282,2831,N,2.5,0,173
2551,4,1.2896775,310,2383,N,3.33333333333333,0,173
2999,5,1.48520925,357,2551,N,4.16666666666667,0,173
2460,6,1.580895,380,2999,N,5,0,173
2740,7,1.647459,396,2460,N,5.83333333333333,0,173
3901,8,0.75300525,181,2740,Y,6.66666666666667,1,173
3989,9,0.7571655,182,3901,N,7.5,1,173
4029,10,0.798768,192,3989,N,8.33333333333333,1,173
4129,11,0.91941525,221,4029,N,9.16666666666667,1,173
3751,12,0.898614,216,4129,N,10,1,173
3466,13,0.86949225,209,3751,N,10.8333333333333,1,173
3924,14,0.981819,236,3466,N,11.6666666666667,1,173
3705,15,0.97765875,235,3924,N,12.5,1,173
4890,16,1.08582525,261,3705,N,13.3333333333333,1,173
5070,17,0.54499275,131,4890,Y,14.1666666666667,2,173
4942,18,0.682281,164,5070,N,15,2,173
5252,19,0.682281,164,4942,N,15.8333333333333,2,173
5802,20,0.76964625,185,5252,N,16.6666666666667,2,173
5653,21,0.7571655,182,5802,N,17.5,2,173
5351,22,0.79460775,191,5653,N,18.3333333333333,2,173
6105,23,0.7238835,174,5351,N,19.1666666666667,2,173
7635,24,0.80292825,193,6105,N,20,2,173
6884,25,0.782127,188,7635,N,20.8333333333333,2,173
7037,26,0.80292825,193,6884,N,21.6666666666667,2,173
7404,27,0.8237295,198,7037,N,22.5,2,173
7762,28,0.965178,232,7404,N,23.3333333333333,2,173
7682,29,0.91941525,221,7762,N,24.1666666666667,2,173
2115,0,1.10246625,265,NA,N,0,0,174
2206,1,1.081665,260,2115,N,0.833333333333333,0,174
2358,2,1.0567035,254,2206,N,1.66666666666667,0,174
2103,3,1.11910725,269,2358,N,2.5,0,174
2190,4,1.131588,272,2103,N,3.33333333333333,0,174
2412,5,1.11078675,267,2190,N,4.16666666666667,0,174
2119,6,1.13574825,273,2412,N,5,0,174
2291,7,1.07750475,259,2119,N,5.83333333333333,0,174
3920,8,0.6739605,162,2291,Y,6.66666666666667,1,174
4005,9,0.6906015,166,3920,N,7.5,1,174
4039,10,0.715563,172,4005,N,8.33333333333333,1,174
4137,11,0.682281,164,4039,N,9.16666666666667,1,174
3754,12,0.77796675,187,4137,N,10,1,174
3480,13,0.7738065,186,3754,N,10.8333333333333,1,174
3940,14,0.748845,180,3480,N,11.6666666666667,1,174
3712,15,0.76964625,185,3940,N,12.5,1,174
4893,16,0.8237295,198,3712,N,13.3333333333333,1,174
5095,17,0.7571655,182,4893,N,14.1666666666667,1,174
4949,18,0.87781275,211,5095,N,15,1,174
5276,19,0.82788975,199,4949,N,15.8333333333333,1,174
5805,20,0.965178,232,5276,N,16.6666666666667,1,174
5670,21,0.9734985,234,5805,N,17.5,1,174
5370,22,1.00262025,241,5670,N,18.3333333333333,1,174
6111,23,1.11910725,269,5370,N,19.1666666666667,1,174
7820,24,1.07750475,259,6111,N,20,1,174
6901,25,1.1565495,278,7820,N,20.8333333333333,1,174
7060,26,1.198152,288,6901,N,21.6666666666667,1,174
7421,27,1.16487,280,7060,N,22.5,1,174
7772,28,1.29383775,311,7421,N,23.3333333333333,1,174
7695,29,0.55331325,133,7772,Y,24.1666666666667,2,174
2372,0,1.2064725,290,NA,N,0,0,175
2541,1,0.57827475,139,2372,Y,0.833333333333333,1,175
2637,2,0.6739605,162,2541,N,1.66666666666667,1,175
2263,3,0.69476175,167,2637,N,2.5,1,175
2379,4,0.74468475,179,2263,N,3.33333333333333,1,175
2882,5,0.73636425,177,2379,N,4.16666666666667,1,175
2270,6,0.72804375,175,2882,N,5,1,175
2595,7,0.76964625,185,2270,N,5.83333333333333,1,175
3406,8,0.80292825,193,2595,N,6.66666666666667,1,175
3844,9,0.80292825,193,3406,N,7.5,1,175
3832,10,0.815409,196,3844,N,8.33333333333333,1,175
3508,11,0.815409,196,3832,N,9.16666666666667,1,175
3681,12,0.7904475,190,3508,N,10,1,175
3327,13,0.765486,184,3681,N,10.8333333333333,1,175
3780,14,1.0400625,250,3327,N,11.6666666666667,1,175
3511,15,1.065024,256,3780,N,12.5,1,175
4797,16,0.68644125,165,3511,Y,13.3333333333333,2,175
4686,17,0.6906015,166,4797,N,14.1666666666667,2,175
4725,18,0.65315925,157,4686,N,15,2,175
4853,19,0.6906015,166,4725,N,15.8333333333333,2,175
5704,20,0.782127,188,4853,N,16.6666666666667,2,175
5431,21,0.8403705,202,5704,N,17.5,2,175
5055,22,0.765486,184,5431,N,18.3333333333333,2,175
6043,23,0.65315925,157,5055,N,19.1666666666667,2,175
7005,24,0.8070885,194,6043,N,20,2,175
6320,25,0.732204,176,7005,N,20.8333333333333,2,175
6381,26,0.815409,196,6320,N,21.6666666666667,2,175
6559,27,0.8403705,202,6381,N,22.5,2,175
7014,28,0.87781275,211,6559,N,23.3333333333333,2,175
2246,0,1.0733445,258,NA,N,0,0,176
2458,1,1.1399085,274,2246,N,0.833333333333333,0,176
2539,2,1.14406875,275,2458,N,1.66666666666667,0,176
2184,3,1.148229,276,2539,N,2.5,0,176
2297,4,1.30215825,313,2184,N,3.33333333333333,0,176
2603,5,0.682281,164,2297,Y,4.16666666666667,1,176
2188,6,0.75300525,181,2603,N,5,1,176
2418,7,0.698922,168,2188,N,5.83333333333333,1,176
3337,8,0.7571655,182,2418,N,6.66666666666667,1,176
3690,9,0.67812075,163,3337,N,7.5,1,176
3651,10,0.732204,176,3690,N,8.33333333333333,1,176
3412,11,0.865332,208,3651,N,9.16666666666667,1,176
3268,12,0.87781275,211,3412,N,10,1,176
3256,13,0.865332,208,3268,N,10.8333333333333,1,176
3326,14,0.9402165,226,3256,N,11.6666666666667,1,176
3250,15,0.931896,224,3326,N,12.5,1,176
4665,16,0.9235755,222,3250,N,13.3333333333333,1,176
4519,17,1.1399085,274,4665,N,14.1666666666667,1,176
4601,18,1.16070975,279,4519,N,15,1,176
4656,19,1.1898315,286,4601,N,15.8333333333333,1,176
5548,20,1.248075,300,4656,N,16.6666666666667,1,176
5274,21,0.748845,180,5548,Y,17.5,2,176
4745,22,0.7238835,174,5274,N,18.3333333333333,2,176
5995,23,0.7405245,178,4745,N,19.1666666666667,2,176
6834,24,0.7738065,186,5995,N,20,2,176
6294,25,0.8070885,194,6834,N,20.8333333333333,2,176
6335,26,0.83621025,201,6294,N,21.6666666666667,2,176
6483,27,0.95269725,229,6335,N,22.5,2,176
6900,28,0.9734985,234,6483,N,23.3333333333333,2,176
6695,29,0.98597925,237,6900,N,24.1666666666667,2,176
2380,0,1.42696575,343,NA,N,0,0,177
2548,1,0.8070885,194,2380,Y,0.833333333333333,1,177
2645,2,0.698922,168,2548,N,1.66666666666667,1,177
2272,3,0.765486,184,2645,N,2.5,1,177
2390,4,0.7571655,182,2272,N,3.33333333333333,1,177
2889,5,0.81956925,197,2390,N,4.16666666666667,1,177
2279,6,0.74468475,179,2889,N,5,1,177
2604,7,0.7738065,186,2279,N,5.83333333333333,1,177
3414,8,0.83205,200,2604,N,6.66666666666667,1,177
3853,9,0.7238835,174,3414,N,7.5,1,177
3842,10,0.881973,212,3853,N,8.33333333333333,1,177
3515,11,0.948537,228,3842,N,9.16666666666667,1,177
3683,12,0.91941525,221,3515,N,10,1,177
3333,13,0.91109475,219,3683,N,10.8333333333333,1,177
3785,14,1.10246625,265,3333,N,11.6666666666667,1,177
3461,15,1.2563955,302,3785,N,12.5,1,177
4803,16,1.3229595,318,3461,N,13.3333333333333,1,177
4693,17,1.20231225,289,4803,N,14.1666666666667,1,177
5285,18,0.66564,160,4693,Y,15,2,177
5735,19,0.70308225,169,5285,N,15.8333333333333,2,177
5914,20,0.73636425,177,5735,N,16.6666666666667,2,177
6007,21,0.65315925,157,5914,N,17.5,2,177
5717,22,0.71140275,171,6007,N,18.3333333333333,2,177
6209,23,0.6906015,166,5717,N,19.1666666666667,2,177
7960,24,0.73636425,177,6209,N,20,2,177
7356,25,0.73636425,177,7960,N,20.8333333333333,2,177
7578,26,0.80292825,193,7356,N,21.6666666666667,2,177
7755,27,0.92773575,223,7578,N,22.5,2,177
7927,28,0.72804375,175,7755,N,23.3333333333333,2,177
7865,29,0.7738065,186,7927,N,24.1666666666667,2,177
2127,0,0.91941525,221,NA,N,0,0,178
2702,1,1.06086375,255,2127,N,0.833333333333333,0,178
2842,2,0.881973,212,2702,N,1.66666666666667,0,178
2679,3,0.65315925,157,2842,Y,2.5,1,178
2884,4,0.63651825,153,2679,N,3.33333333333333,1,178
3047,5,0.732204,176,2884,N,4.16666666666667,1,178
2722,6,0.7571655,182,3047,N,5,1,178
2916,7,0.748845,180,2722,N,5.83333333333333,1,178
4067,8,0.84453075,203,2916,N,6.66666666666667,1,178
4293,9,0.948537,228,4067,N,7.5,1,178
4181,10,0.9069345,218,4293,N,8.33333333333333,1,178
4314,11,0.83621025,201,4181,N,9.16666666666667,1,178
3825,12,0.931896,224,4314,N,10,1,178
3567,13,0.915255,220,3825,N,10.8333333333333,1,178
5080,17,0.92773575,223,3567,N,14.1666666666667,1,178
4944,18,0.93605625,225,5080,N,15,1,178
8139,20,NA,-1,4944,Y,16.6666666666667,2,178
2517,0,0.881973,212,NA,N,0,0,179
2851,1,0.632358,152,2517,Y,0.833333333333333,1,179
3016,2,0.61155675,147,2851,N,1.66666666666667,1,179
2806,3,0.698922,168,3016,N,2.5,1,179
2949,4,0.765486,184,2806,N,3.33333333333333,1,179
3065,5,0.83621025,201,2949,N,4.16666666666667,1,179
2878,6,0.8070885,194,3065,N,5,1,179
2973,7,0.80292825,193,2878,N,5.83333333333333,1,179
4248,8,0.85285125,205,2973,N,6.66666666666667,1,179
4355,9,0.8570115,206,4248,N,7.5,1,179
4264,10,0.765486,184,4355,N,8.33333333333333,1,179
4378,11,0.848691,204,4264,N,9.16666666666667,1,179
3908,12,0.8736525,210,4378,N,10,1,179
3618,13,0.81956925,197,3908,N,10.8333333333333,1,179
4151,14,0.93605625,225,3618,N,11.6666666666667,1,179
4377,15,0.91941525,221,4151,N,12.5,1,179
5031,16,0.9734985,234,4377,N,13.3333333333333,1,179
5385,17,0.85285125,205,5031,N,14.1666666666667,1,179
5251,18,1.26887625,305,5385,N,15,1,179
5709,19,0.66147975,159,5251,Y,15.8333333333333,2,179
5891,20,0.64483875,155,5709,N,16.6666666666667,2,179
5990,21,0.6739605,162,5891,N,17.5,2,179
5681,22,0.8403705,202,5990,N,18.3333333333333,2,179
6200,23,0.76132575,183,5681,N,19.1666666666667,2,179
7952,24,0.7904475,190,6200,N,20,2,179
2134,0,1.31879925,317,NA,N,0,0,180
2710,1,1.25223525,301,2134,N,0.833333333333333,0,180
2849,2,1.26887625,305,2710,N,1.66666666666667,0,180
2416,3,1.3063185,314,2849,N,2.5,0,180
2570,4,1.5226515,366,2416,N,3.33333333333333,0,180
3008,5,1.5725745,378,2570,N,4.16666666666667,0,180
2475,6,1.564254,376,3008,N,5,0,180
2764,7,0.8237295,198,2475,Y,5.83333333333333,1,180
3927,8,0.86949225,209,2764,N,6.66666666666667,1,180
4012,9,0.881973,212,3927,N,7.5,1,180
4047,10,0.9734985,234,4012,N,8.33333333333333,1,180
4143,11,0.9568575,230,4047,N,9.16666666666667,1,180
3756,12,1.06086375,255,4143,N,10,1,180
3488,13,0.9901395,238,3756,N,10.8333333333333,1,180
3950,14,1.21063275,291,3488,N,11.6666666666667,1,180
3715,15,1.24391475,299,3950,N,12.5,1,180
4895,16,1.18567125,285,3715,N,13.3333333333333,1,180
5105,17,1.231434,296,4895,N,14.1666666666667,1,180
4953,18,1.20231225,289,5105,N,15,1,180
5288,19,1.41864525,341,4953,N,15.8333333333333,1,180
5808,20,0.7738065,186,5288,Y,16.6666666666667,2,180
5674,21,0.79460775,191,5808,N,17.5,2,180
5383,22,0.815409,196,5674,N,18.3333333333333,2,180
6116,23,0.81124875,195,5383,N,19.1666666666667,2,180
7833,24,0.82788975,199,6116,N,20,2,180
6929,25,0.83621025,201,7833,N,20.8333333333333,2,180
7091,26,0.87781275,211,6929,N,21.6666666666667,2,180
7443,27,1.1232675,270,7091,N,22.5,2,180
7782,28,1.1399085,274,7443,N,23.3333333333333,2,180
7711,29,1.23559425,297,7782,N,24.1666666666667,2,180
2400,0,1.23559425,297,NA,N,0,0,181
2819,1,1.07750475,259,2400,N,0.833333333333333,0,181
2971,2,1.065024,256,2819,N,1.66666666666667,0,181
2684,3,1.21895325,293,2971,N,2.5,0,181
2892,4,1.2231135,294,2684,N,3.33333333333333,0,181
3050,5,1.264716,304,2892,N,4.16666666666667,0,181
2731,6,1.264716,304,3050,N,5,0,181
2931,7,1.28551725,309,2731,N,5.83333333333333,0,181
4075,8,1.447767,348,2931,N,6.66666666666667,0,181
4299,9,1.347921,324,4075,N,7.5,0,181
4121,10,0.80292825,193,4299,Y,8.33333333333333,1,181
4234,11,0.8736525,210,4121,N,9.16666666666667,1,181
3791,12,0.698922,168,4234,N,10,1,181
3550,13,0.68644125,165,3791,N,10.8333333333333,1,181
4025,14,0.68644125,165,3550,N,11.6666666666667,1,181
4223,15,0.682281,164,4025,N,12.5,1,181
5631,21,0.9235755,222,4223,N,17.5,1,181
5337,22,0.9069345,218,5631,N,18.3333333333333,1,181
6033,23,1.11910725,269,5337,N,19.1666666666667,1,181
6774,26,0.60323625,145,6033,Y,21.6666666666667,2,181
7106,27,0.61155675,147,6774,N,22.5,2,181
7597,28,0.58659525,141,7106,N,23.3333333333333,2,181
2157,0,1.11910725,269,NA,N,0,0,182
2232,1,1.1731905,282,2157,N,0.833333333333333,0,182
2389,2,1.114947,268,2232,N,1.66666666666667,0,182
2121,3,1.181511,284,2389,N,2.5,0,182
2213,4,1.21895325,293,2121,N,3.33333333333333,0,182
2441,5,1.39368375,335,2213,N,4.16666666666667,0,182
2131,6,1.0899855,262,2441,N,5,0,182
2316,7,0.71972325,173,2131,Y,5.83333333333333,1,182
3146,8,0.72804375,175,2316,N,6.66666666666667,1,182
3598,9,0.7571655,182,3146,N,7.5,1,182
3202,10,0.7904475,190,3598,N,8.33333333333333,1,182
3324,11,0.78628725,189,3202,N,9.16666666666667,1,182
3175,12,0.9069345,218,3324,N,10,1,182
3173,13,0.82788975,199,3175,N,10.8333333333333,1,182
3148,14,0.84453075,203,3173,N,11.6666666666667,1,182
3143,15,0.9069345,218,3148,N,12.5,1,182
4436,16,0.83621025,201,3143,N,13.3333333333333,1,182
4493,17,0.981819,236,4436,N,14.1666666666667,1,182
4450,18,0.92773575,223,4493,N,15,1,182
4534,19,1.06918425,257,4450,N,15.8333333333333,1,182
5445,20,1.198152,288,4534,N,16.6666666666667,1,182
5118,21,1.297998,312,5445,N,17.5,1,182
4612,22,0.57827475,139,5118,Y,18.3333333333333,2,182
5938,23,0.59491575,143,4612,N,19.1666666666667,2,182
6241,24,0.62819775,151,5938,N,20,2,182
6239,25,0.76964625,185,6241,N,20.8333333333333,2,182
6267,26,0.78628725,189,6239,N,21.6666666666667,2,182
6397,27,0.8070885,194,6267,N,22.5,2,182
6669,28,0.765486,184,6397,N,23.3333333333333,2,182
6560,29,0.81956925,197,6669,N,24.1666666666667,2,182
2289,0,0.715563,172,NA,N,0,0,183
2798,1,0.9734985,234,2289,N,0.833333333333333,0,183
2939,2,1.2064725,290,2798,N,1.66666666666667,0,183
2640,3,1.198152,288,2939,N,2.5,0,183
2755,4,1.0400625,250,2640,N,3.33333333333333,0,183
3034,5,0.51171075,123,2755,Y,4.16666666666667,1,183
2574,6,0.5241915,126,3034,N,5,1,183
4026,8,0.6073965,146,2574,N,6.66666666666667,1,183
4235,9,0.58659525,141,4026,N,7.5,1,183
4130,10,0.56163375,135,4235,N,8.33333333333333,1,183
4249,11,0.5907555,142,4130,N,9.16666666666667,1,183
3798,12,0.62819775,151,4249,N,10,1,183
3498,13,0.66147975,159,3798,N,10.8333333333333,1,183
4278,15,0.84453075,203,3498,N,12.5,1,183
4934,16,0.83621025,201,4278,N,13.3333333333333,1,183
5241,17,0.84453075,203,4934,N,14.1666666666667,1,183
5051,18,0.86949225,209,5241,N,15,1,183
5550,19,1.098306,264,5051,N,15.8333333333333,1,183
5842,20,0.5408325,130,5550,Y,16.6666666666667,2,183
5766,21,0.54499275,131,5842,N,17.5,2,183
5497,22,0.6073965,146,5766,N,18.3333333333333,2,183
6151,23,0.58659525,141,5497,N,19.1666666666667,2,183
7284,24,0.565794,136,6151,N,20,2,183
6475,25,0.582435,140,7284,N,20.8333333333333,2,183
6562,26,0.632358,152,6475,N,21.6666666666667,2,183
6873,27,0.615717,148,6562,N,22.5,2,183
7396,28,0.565794,136,6873,N,23.3333333333333,2,183
7206,29,0.73636425,177,7396,N,24.1666666666667,2,183
2295,0,0.95269725,229,NA,N,0,0,184
2801,1,0.6739605,162,2295,Y,0.833333333333333,1,184
2941,2,0.69476175,167,2801,N,1.66666666666667,1,184
2644,3,0.715563,172,2941,N,2.5,1,184
2757,4,0.782127,188,2644,N,3.33333333333333,1,184
3036,5,0.79460775,191,2757,N,4.16666666666667,1,184
2583,6,0.78628725,189,3036,N,5,1,184
2873,7,0.84453075,203,2583,N,5.83333333333333,1,184
4028,8,0.82788975,199,2873,N,6.66666666666667,1,184
4242,9,0.81956925,197,4028,N,7.5,1,184
4133,10,0.8403705,202,4242,N,8.33333333333333,1,184
4253,11,0.865332,208,4133,N,9.16666666666667,1,184
3800,12,0.94437675,227,4253,N,10,1,184
3555,13,0.91109475,219,3800,N,10.8333333333333,1,184
4041,14,0.98597925,237,3555,N,11.6666666666667,1,184
4284,15,1.13574825,273,4041,N,12.5,1,184
4936,16,1.09414575,263,4284,N,13.3333333333333,1,184
5250,17,0.532512,128,4936,Y,14.1666666666667,2,184
5063,18,0.5741145,138,5250,N,15,2,184
5556,19,0.5741145,138,5063,N,15.8333333333333,2,184
5845,20,0.65315925,157,5556,N,16.6666666666667,2,184
5887,21,0.615717,148,5845,N,17.5,2,184
5508,22,0.5907555,142,5887,N,18.3333333333333,2,184
6154,23,0.78628725,189,5508,N,19.1666666666667,2,184
7300,24,0.6906015,166,6154,N,20,2,184
6484,25,0.84453075,203,7300,N,20.8333333333333,2,184
6573,26,0.8570115,206,6484,N,21.6666666666667,2,184
6894,27,0.965178,232,6573,N,22.5,2,184
7406,28,0.82788975,199,6894,N,23.3333333333333,2,184
7217,29,0.8736525,210,7406,N,24.1666666666667,2,184
2295,0,0.95269725,229,NA,N,0,0,185
2802,1,0.56995425,137,2295,Y,0.833333333333333,1,185
2942,2,0.632358,152,2802,N,1.66666666666667,1,185
2649,3,0.62819775,151,2942,N,2.5,1,185
2760,4,0.732204,176,2649,N,3.33333333333333,1,185
3037,5,0.71140275,171,2760,N,4.16666666666667,1,185
2587,6,0.732204,176,3037,N,5,1,185
2875,7,0.82788975,199,2587,N,5.83333333333333,1,185
4030,8,0.83621025,201,2875,N,6.66666666666667,1,185
4246,9,0.83621025,201,4030,N,7.5,1,185
4138,10,0.95269725,229,4246,N,8.33333333333333,1,185
4257,11,0.9235755,222,4138,N,9.16666666666667,1,185
3803,12,1.00262025,241,4257,N,10,1,185
3556,13,0.99846,240,3803,N,10.8333333333333,1,185
4044,14,1.15238925,277,3556,N,11.6666666666667,1,185
4291,15,0.582435,140,4044,Y,12.5,2,185
4939,16,0.515871,124,4291,N,13.3333333333333,2,185
5257,17,0.64483875,155,4939,N,14.1666666666667,2,185
5071,18,0.6573195,158,5257,N,15,2,185
5563,19,0.6073965,146,5071,N,15.8333333333333,2,185
5847,20,0.66980025,161,5563,N,16.6666666666667,2,185
5893,21,0.65315925,157,5847,N,17.5,2,185
5515,22,0.7238835,174,5893,N,18.3333333333333,2,185
6156,23,0.815409,196,5515,N,19.1666666666667,2,185
7310,24,0.815409,196,6156,N,20,2,185
6491,25,0.81124875,195,7310,N,20.8333333333333,2,185
6580,26,0.898614,216,6491,N,21.6666666666667,2,185
6903,27,0.83205,200,6580,N,22.5,2,185
7416,28,0.89445375,215,6903,N,23.3333333333333,2,185
7231,29,0.465948,112,7416,Y,24.1666666666667,3,185
2171,0,0.98597925,237,NA,N,0,0,186
2238,1,1.2064725,290,2171,N,0.833333333333333,0,186
2398,2,1.24391475,299,2238,N,1.66666666666667,0,186
2125,3,1.31047875,315,2398,N,2.5,0,186
2220,4,1.33128,320,2125,N,3.33333333333333,0,186
2449,5,1.447767,348,2220,N,4.16666666666667,0,186
2133,6,0.6906015,166,2449,Y,5,1,186
2321,7,0.66564,160,2133,N,5.83333333333333,1,186
3149,8,0.62819775,151,2321,N,6.66666666666667,1,186
3601,9,0.69476175,167,3149,N,7.5,1,186
3206,10,0.8570115,206,3601,N,8.33333333333333,1,186
3336,11,0.8570115,206,3206,N,9.16666666666667,1,186
3179,12,0.83205,200,3336,N,10,1,186
3177,13,0.8403705,202,3179,N,10.8333333333333,1,186
3575,14,1.11910725,269,3177,N,11.6666666666667,1,186
3399,15,1.1066265,266,3575,N,12.5,1,186
4730,16,1.05254325,253,3399,N,13.3333333333333,1,186
4600,17,1.1731905,282,4730,N,14.1666666666667,1,186
4662,18,1.31879925,317,4600,N,15,1,186
4739,19,1.33128,320,4662,N,15.8333333333333,1,186
5623,20,1.314639,316,4739,N,16.6666666666667,1,186
5353,21,1.2563955,302,5623,N,17.5,1,186
4473,22,0.68644125,165,5353,Y,18.3333333333333,2,186
5915,23,0.71140275,171,4473,N,19.1666666666667,2,186
6220,24,0.78628725,189,5915,N,20,2,186
6230,25,0.73636425,177,6220,N,20.8333333333333,2,186
6255,26,0.76132575,183,6230,N,21.6666666666667,2,186
6373,27,0.7571655,182,6255,N,22.5,2,186
6637,28,0.86949225,209,6373,N,23.3333333333333,2,186
6520,29,0.815409,196,6637,N,24.1666666666667,2,186
2300,0,1.06918425,257,NA,N,0,0,187
2804,1,1.13574825,273,2300,N,0.833333333333333,0,187
2943,2,1.131588,272,2804,N,1.66666666666667,0,187
2654,3,1.34376075,323,2943,N,2.5,0,187
2765,4,1.3229595,318,2654,N,3.33333333333333,0,187
3039,5,0.71972325,173,2765,Y,4.16666666666667,1,187
2653,6,0.715563,172,3039,N,5,1,187
2894,7,0.6573195,158,2653,N,5.83333333333333,1,187
4036,8,0.66564,160,2894,N,6.66666666666667,1,187
4254,9,0.7238835,174,4036,N,7.5,1,187
4144,10,0.75300525,181,4254,N,8.33333333333333,1,187
4267,11,0.75300525,181,4144,N,9.16666666666667,1,187
3806,12,0.8570115,206,4267,N,10,1,187
3558,13,0.948537,228,3806,N,10.8333333333333,1,187
4048,14,1.015101,244,3558,N,11.6666666666667,1,187
4298,15,1.00262025,241,4048,N,12.5,1,187
4943,16,0.93605625,225,4298,N,13.3333333333333,1,187
5268,17,1.1898315,286,4943,N,14.1666666666667,1,187
8219,19,NA,-1,5268,Y,15.8333333333333,2,187
2450,0,1.2397545,298,NA,N,0,0,188
2610,1,1.10246625,265,2450,N,0.833333333333333,0,188
2709,2,1.16903025,281,2610,N,1.66666666666667,0,188
2290,3,1.21895325,293,2709,N,2.5,0,188
2415,4,1.17735075,283,2290,N,3.33333333333333,0,188
2913,5,1.1399085,274,2415,N,4.16666666666667,0,188
2325,6,1.36040175,327,2913,N,5,0,188
3448,8,1.4893695,358,2325,N,6.66666666666667,0,188
3899,9,1.5892155,382,3448,N,7.5,0,188
3891,10,0.66564,160,3899,Y,8.33333333333333,1,188
3716,12,0.66980025,161,3891,N,10,1,188
3367,13,0.62819775,151,3716,N,10.8333333333333,1,188
3815,14,0.7571655,182,3367,N,11.6666666666667,1,188
3503,15,0.75300525,181,3815,N,12.5,1,188
4862,16,0.8237295,198,3503,N,13.3333333333333,1,188
4789,17,0.82788975,199,4862,N,14.1666666666667,1,188
4800,18,0.8902935,214,4789,N,15,1,188
5073,19,0.88613325,213,4800,N,15.8333333333333,1,188
5760,20,0.78628725,189,5073,N,16.6666666666667,1,188
5485,21,0.94437675,227,5760,N,17.5,1,188
5147,22,1.01926125,245,5485,N,18.3333333333333,1,188
6064,23,0.9235755,222,5147,N,19.1666666666667,1,188
7560,24,1.081665,260,6064,N,20,1,188
6780,25,0.99429975,239,7560,N,20.8333333333333,1,188
6941,26,1.081665,260,6780,N,21.6666666666667,1,188
7313,27,1.18567125,285,6941,N,22.5,1,188
7693,28,1.26055575,303,7313,N,23.3333333333333,1,188
7590,29,0.64483875,155,7693,Y,24.1666666666667,2,188
2326,0,0.66564,160,NA,N,0,0,189
2511,1,0.7072425,170,2326,N,0.833333333333333,0,189
2582,2,0.8237295,198,2511,N,1.66666666666667,0,189
2228,3,0.92773575,223,2582,N,2.5,0,189
2347,4,0.81956925,197,2228,N,3.33333333333333,0,189
2847,5,0.981819,236,2347,N,4.16666666666667,0,189
2237,6,1.114947,268,2847,N,5,0,189
2555,7,1.0733445,258,2237,N,5.83333333333333,0,189
3380,8,1.0733445,258,2555,N,6.66666666666667,0,189
3823,9,1.2397545,298,3380,N,7.5,0,189
3670,10,1.2563955,302,3823,N,8.33333333333333,0,189
4312,11,1.34376075,323,3670,N,9.16666666666667,0,189
3566,13,0.66564,160,4312,Y,10.8333333333333,1,189
3192,15,0.71972325,173,3566,N,12.5,1,189
4610,16,0.71972325,173,3192,N,13.3333333333333,1,189
4504,17,0.8237295,198,4610,N,14.1666666666667,1,189
4539,18,0.76132575,183,4504,N,15,1,189
4594,19,0.732204,176,4539,N,15.8333333333333,1,189
5491,20,0.73636425,177,4594,N,16.6666666666667,1,189
5193,21,0.81124875,195,5491,N,17.5,1,189
4682,22,0.865332,208,5193,N,18.3333333333333,1,189
5965,23,0.84453075,203,4682,N,19.1666666666667,1,189
7440,24,0.8237295,198,5965,N,20,1,189
6323,25,0.93605625,225,7440,N,20.8333333333333,1,189
7020,28,0.549153,132,6323,Y,23.3333333333333,2,189
6803,29,0.565794,136,7020,N,24.1666666666667,2,189
2137,0,1.12742775,271,NA,N,0,0,190
2718,1,1.015101,244,2137,N,0.833333333333333,0,190
2855,2,0.91941525,221,2718,N,1.66666666666667,0,190
2430,3,0.948537,228,2855,N,2.5,0,190
2576,4,1.114947,268,2430,N,3.33333333333333,0,190
3010,5,1.04422275,251,2576,N,4.16666666666667,0,190
2769,7,1.11910725,269,3010,N,5.83333333333333,0,190
3947,8,0.55331325,133,2769,Y,6.66666666666667,1,190
4015,9,0.632358,152,3947,N,7.5,1,190
4050,10,0.71972325,173,4015,N,8.33333333333333,1,190
4147,11,0.7405245,178,4050,N,9.16666666666667,1,190
3757,12,0.52835175,127,4147,N,10,1,190
3491,13,0.66147975,159,3757,N,10.8333333333333,1,190
3953,14,0.7072425,170,3491,N,11.6666666666667,1,190
3718,15,0.76132575,183,3953,N,12.5,1,190
4896,16,0.765486,184,3718,N,13.3333333333333,1,190
5112,17,0.848691,204,4896,N,14.1666666666667,1,190
4956,18,0.83205,200,5112,N,15,1,190
5037,19,0.9568575,230,4956,N,15.8333333333333,1,190
5678,21,1.01094075,243,5037,N,17.5,1,190
5110,22,0.4409865,106,5678,Y,18.3333333333333,2,190
7078,24,0.61155675,147,5110,N,20,2,190
6353,25,0.515871,124,7078,N,20.8333333333333,2,190
6423,26,0.47842875,115,6353,N,21.6666666666667,2,190
6599,27,0.61155675,147,6423,N,22.5,2,190
7105,28,0.5741145,138,6599,N,23.3333333333333,2,190
6888,29,0.62819775,151,7105,N,24.1666666666667,2,190
